date,transaction_no,symbol,buyer,seller,quantity,rate,amount
2017-01-23,201701234278637,ADBL,17,52,200,520.0,104000.0
2017-01-23,201701234278612,ADBL,51,52,100,523.0,52300.0
2017-01-23,201701234278336,ADBL,49,29,36,524.0,18864.0
2017-01-23,201701234278528,AHPC,4,17,100,247.0,24700.0
2017-01-23,201701234278527,AHPC,4,17,100,247.0,24700.0
2017-01-23,201701234278372,AHPC,56,32,550,248.0,136400.0
2017-01-23,201701234278638,ALICL,52,17,50,1360.0,68000.0
2017-01-23,201701234278289,ALICL,57,17,260,1360.0,353600.0
2017-01-23,201701234278226,ALICL,19,57,100,1355.0,135500.0
2017-01-23,201701234278201,ALICL,41,6,100,1352.0,135200.0
2017-01-23,201701234278192,ALICL,41,22,27,1350.0,36450.0
2017-01-23,201701234278635,BOKL,50,13,500,603.0,301500.0
2017-01-23,201701234278626,BOKL,50,17,500,603.0,301500.0
2017-01-23,201701234278609,BOKL,50,59,53,603.0,31959.0
2017-01-23,201701234278351,BOKL,47,29,134,604.0,80936.0
2017-01-23,201701234278328,BOKL,47,38,50,604.0,30200.0
2017-01-23,201701234278286,BOKL,47,17,50,603.0,30150.0
2017-01-23,201701234278181,BOKL,49,5,37,601.0,22237.0
2017-01-23,201701234278364,CBBL,7,7,11,1040.0,11440.0
2017-01-23,201701234278355,CBBL,7,7,40,1040.0,41600.0
2017-01-23,201701234278350,CBBL,42,7,50,1040.0,52000.0
2017-01-23,201701234278566,CBL,42,37,100,248.0,24800.0
2017-01-23,201701234278565,CBL,40,37,100,248.0,24800.0
2017-01-23,201701234278358,CBL,41,42,500,246.0,123000.0
2017-01-23,201701234278438,CCBL,56,21,33,323.0,10659.0
2017-01-23,201701234278427,CCBL,56,21,33,323.0,10659.0
2017-01-23,201701234278424,CCBL,56,21,33,323.0,10659.0
2017-01-23,201701234278237,CCBL,41,21,27,323.0,8721.0
2017-01-23,201701234278230,CCBL,41,21,27,323.0,8721.0
2017-01-23,201701234278621,CZBIL,58,19,58,467.0,27086.0
2017-01-23,201701234278577,CZBIL,13,17,590,467.0,275530.0
2017-01-23,201701234278551,CZBIL,37,17,100,467.0,46700.0
2017-01-23,201701234278523,CZBIL,55,13,291,467.0,135897.0
2017-01-23,201701234278505,CZBIL,54,51,280,466.0,130480.0
2017-01-23,201701234278504,CZBIL,25,51,50,466.0,23300.0
2017-01-23,201701234278257,CZBIL,29,58,100,467.0,46700.0
2017-01-23,201701234278256,CZBIL,55,58,150,467.0,70050.0
2017-01-23,201701234278255,CZBIL,32,58,70,467.0,32690.0
2017-01-23,201701234278222,CZBIL,55,7,200,468.0,93600.0
2017-01-23,201701234278185,CZBIL,17,17,100,469.0,46900.0
2017-01-23,201701234278265,CZBIL,48,58,434,466.0,202244.0
2017-01-23,201701234278262,CZBIL,34,58,30,466.0,13980.0
2017-01-23,201701234278261,CZBIL,55,58,200,466.0,93200.0
2017-01-23,201701234278260,CZBIL,37,58,150,466.0,69900.0
2017-01-23,201701234278259,CZBIL,13,58,100,466.0,46600.0
2017-01-23,201701234278258,CZBIL,54,58,200,466.0,93200.0
2017-01-23,201701234278503,CZBIL,39,51,50,466.0,23300.0
2017-01-23,201701234278420,CZBIL,39,7,50,466.0,23300.0
2017-01-23,201701234278419,CZBIL,51,7,500,466.0,233000.0
2017-01-23,201701234278418,CZBIL,38,7,100,466.0,46600.0
2017-01-23,201701234278417,CZBIL,34,7,170,466.0,79220.0
2017-01-23,201701234278275,CZBIL,45,45,63,467.0,29421.0
2017-01-23,201701234278423,DBBL,45,32,85,214.0,18190.0
2017-01-23,201701234278422,DBBL,45,32,400,214.0,85600.0
2017-01-23,201701234278415,DBBL,45,32,15,214.0,3210.0
2017-01-23,201701234278414,DBBL,45,32,490,214.0,104860.0
2017-01-23,201701234278468,DDBL,45,44,10,2240.0,22400.0
2017-01-23,201701234278397,DDBL,5,6,200,2242.0,448400.0
2017-01-23,201701234278396,DDBL,34,6,30,2242.0,67260.0
2017-01-23,201701234278382,DDBL,33,6,300,2245.0,673500.0
2017-01-23,201701234278375,DDBL,45,45,300,2246.0,673800.0
2017-01-23,201701234278180,DDBL,37,44,200,2249.0,449800.0
2017-01-23,201701234278664,EBL,41,58,40,1885.0,75400.0
2017-01-23,201701234278663,EBL,17,58,50,1885.0,94250.0
2017-01-23,201701234278656,EBL,17,20,50,1885.0,94250.0
2017-01-23,201701234278655,EBL,39,20,100,1885.0,188500.0
2017-01-23,201701234278426,EBL,21,20,250,1890.0,472500.0
2017-01-23,201701234278384,EBL,41,20,50,1890.0,94500.0
2017-01-23,201701234278508,EIC,33,43,10,1545.0,15450.0
2017-01-23,201701234278630,GBBL,42,37,80,388.0,31040.0
2017-01-23,201701234278629,GBBL,11,37,400,388.0,155200.0
2017-01-23,201701234278568,GBBL,37,37,20,391.0,7820.0
2017-01-23,201701234278194,GBBL,48,17,260,395.0,102700.0
2017-01-23,201701234278190,GBBL,48,11,68,390.0,26520.0
2017-01-23,201701234278189,GBBL,48,11,1700,390.0,663000.0
2017-01-23,201701234278186,GBBL,48,32,38,390.0,14820.0
2017-01-23,201701234278182,GBBL,48,32,38,390.0,14820.0
2017-01-23,201701234278615,GLICL,45,6,150,675.0,101250.0
2017-01-23,201701234278614,GLICL,45,6,100,675.0,67500.0
2017-01-23,201701234278613,GLICL,45,44,150,674.0,101100.0
2017-01-23,201701234278456,GLICL,59,5,50,670.0,33500.0
2017-01-23,201701234278455,GLICL,45,5,250,670.0,167500.0
2017-01-23,201701234278373,GLICL,43,28,32,670.0,21440.0
2017-01-23,201701234278368,GLICL,29,28,100,670.0,67000.0
2017-01-23,201701234278367,GLICL,19,28,100,671.0,67100.0
2017-01-23,201701234278184,GMFIL,48,21,38,224.0,8512.0
2017-01-23,201701234278634,GRDBL,56,19,21,506.0,10626.0
2017-01-23,201701234278625,GRDBL,48,19,21,508.0,10668.0
2017-01-23,201701234278622,GRDBL,17,19,52,508.0,26416.0
2017-01-23,201701234278488,GRDBL,42,19,21,510.0,10710.0
2017-01-23,201701234278298,GRDBL,42,6,50,510.0,25500.0
2017-01-23,201701234278294,GRDBL,42,6,20,511.0,10220.0
2017-01-23,201701234278191,GRDBL,6,16,10,511.0,5110.0
2017-01-23,201701234278187,GRDBL,6,16,10,511.0,5110.0
2017-01-23,201701234278228,GRDBL,42,6,10,510.0,5100.0
2017-01-23,201701234278227,GRDBL,21,58,10,510.0,5100.0
2017-01-23,201701234278221,GRDBL,21,6,10,510.0,5100.0
2017-01-23,201701234278218,GRDBL,21,6,10,510.0,5100.0
2017-01-23,201701234278214,GRDBL,21,6,10,510.0,5100.0
2017-01-23,201701234278202,GRDBL,6,6,30,511.0,15330.0
2017-01-23,201701234278282,GRDBL,42,17,10,510.0,5100.0
2017-01-23,201701234278276,GRDBL,42,17,10,510.0,5100.0
2017-01-23,201701234278268,GRDBL,42,17,10,510.0,5100.0
2017-01-23,201701234278267,GRDBL,42,17,10,510.0,5100.0
2017-01-23,201701234278266,GRDBL,42,17,10,510.0,5100.0
2017-01-23,201701234278264,GRDBL,42,17,10,510.0,5100.0
2017-01-23,201701234278667,HBL,26,33,140,887.0,124180.0
2017-01-23,201701234278452,HBL,40,6,50,892.0,44600.0
2017-01-23,201701234278365,HDL,13,26,50,635.0,31750.0
2017-01-23,201701234278295,HDL,13,26,30,647.0,19410.0
2017-01-23,201701234278215,HDL,6,26,10,660.0,6600.0
2017-01-23,201701234278476,HGI,46,40,19,1295.0,24605.0
2017-01-23,201701234278475,HGI,46,40,10,1295.0,12950.0
2017-01-23,201701234278408,HGI,13,40,100,1295.0,129500.0
2017-01-23,201701234278407,HGI,45,40,30,1295.0,38850.0
2017-01-23,201701234278406,HGI,36,40,30,1300.0,39000.0
2017-01-23,201701234278405,HGI,22,40,10,1315.0,13150.0
2017-01-23,201701234278600,HIDCL,29,59,56,219.0,12264.0
2017-01-23,201701234278578,HIDCL,32,59,56,219.0,12264.0
2017-01-23,201701234278554,HIDCL,8,59,56,220.0,12320.0
2017-01-23,201701234278553,HIDCL,29,29,56,221.0,12376.0
2017-01-23,201701234278545,HIDCL,29,59,56,221.0,12376.0
2017-01-23,201701234278536,HIDCL,13,59,56,220.0,12320.0
2017-01-23,201701234278529,HIDCL,34,59,56,220.0,12320.0
2017-01-23,201701234278465,ICFC,11,28,400,260.0,104000.0
2017-01-23,201701234278665,JBBL,56,56,10,280.0,2800.0
2017-01-23,201701234278631,JSLBB,29,29,10,1836.0,18360.0
2017-01-23,201701234278639,KBBL,48,34,1000,334.0,334000.0
2017-01-23,201701234278402,KBBL,11,34,500,330.0,165000.0
2017-01-23,201701234278555,KBL,58,14,200,540.0,108000.0
2017-01-23,201701234278552,KBL,58,14,33,540.0,17820.0
2017-01-23,201701234278512,KBL,58,45,1239,539.0,667821.0
2017-01-23,201701234278453,KBL,7,14,100,539.0,53900.0
2017-01-23,201701234278601,KKHC,38,50,16,252.0,4032.0
2017-01-23,201701234278520,KKHC,19,50,16,251.0,4016.0
2017-01-23,201701234278410,KKHC,26,47,10,252.0,2520.0
2017-01-23,201701234278353,KKHC,19,50,16,251.0,4016.0
2017-01-23,201701234278381,KRBL,59,16,25,290.0,7250.0
2017-01-23,201701234278513,LBL,17,48,40,757.0,30280.0
2017-01-23,201701234278432,LBL,6,43,103,755.0,77765.0
2017-01-23,201701234278431,LBL,6,29,270,755.0,203850.0
2017-01-23,201701234278429,LBL,6,29,51,754.0,38454.0
2017-01-23,201701234278428,LBL,6,22,390,754.0,294060.0
2017-01-23,201701234278646,LFC,56,14,100,186.0,18600.0
2017-01-23,201701234278666,LGIL,41,28,47,1300.0,61100.0
2017-01-23,201701234278451,LGIL,41,28,50,1304.0,65200.0
2017-01-23,201701234278439,LGIL,41,10,100,1303.0,130300.0
2017-01-23,201701234278430,LGIL,41,10,200,1303.0,260600.0
2017-01-23,201701234278404,LGIL,41,36,50,1300.0,65000.0
2017-01-23,201701234278403,LGIL,6,36,50,1300.0,65000.0
2017-01-23,201701234278650,LICN,57,16,200,2465.0,493000.0
2017-01-23,201701234278472,LICN,5,54,300,2460.0,738000.0
2017-01-23,201701234278521,MBL,8,51,107,386.0,41302.0
2017-01-23,201701234278519,MBL,21,51,160,386.0,61760.0
2017-01-23,201701234278518,MBL,34,51,100,386.0,38600.0
2017-01-23,201701234278517,MBL,17,51,100,386.0,38600.0
2017-01-23,201701234278516,MBL,39,51,100,386.0,38600.0
2017-01-23,201701234278515,MBL,32,51,100,386.0,38600.0
2017-01-23,201701234278291,MBL,14,51,150,389.0,58350.0
2017-01-23,201701234278514,MBL,11,51,50,386.0,19300.0
2017-01-23,201701234278437,MBL,10,51,107,387.0,41409.0
2017-01-23,201701234278435,MBL,34,51,250,387.0,96750.0
2017-01-23,201701234278434,MBL,29,51,50,387.0,19350.0
2017-01-23,201701234278377,MBL,45,51,500,388.0,194000.0
2017-01-23,201701234278292,MBL,6,51,40,389.0,15560.0
2017-01-23,201701234278342,MFIL,32,16,200,171.0,34200.0
2017-01-23,201701234278203,MFIL,32,17,90,172.0,15480.0
2017-01-23,201701234278183,MFIL,57,26,500,171.0,85500.0
2017-01-23,201701234278648,MLBBL,58,56,84,705.0,59220.0
2017-01-23,201701234278366,MLBBL,32,56,50,710.0,35500.0
2017-01-23,201701234278653,MLBL,56,37,10,255.0,2550.0
2017-01-23,201701234278632,MLBL,36,25,14,252.0,3528.0
2017-01-23,201701234278619,MLBL,36,25,100,252.0,25200.0
2017-01-23,201701234278618,MLBL,13,25,100,253.0,25300.0
2017-01-23,201701234278617,MLBL,1,25,10,253.0,2530.0
2017-01-23,201701234278624,MNBBL,55,54,10,780.0,7800.0
2017-01-23,201701234278599,MNBBL,19,51,40,767.0,30680.0
2017-01-23,201701234278585,MNBBL,51,51,100,768.0,76800.0
2017-01-23,201701234278584,MNBBL,14,51,100,768.0,76800.0
2017-01-23,201701234278583,MNBBL,51,51,60,769.0,46140.0
2017-01-23,201701234278466,NABIL,25,13,30,1500.0,45000.0
2017-01-23,201701234278359,NABIL,25,19,75,1500.0,112500.0
2017-01-23,201701234278356,NABIL,41,13,50,1502.0,75100.0
2017-01-23,201701234278200,NABIL,25,11,70,1500.0,105000.0
2017-01-23,201701234278199,NABIL,52,11,50,1500.0,75000.0
2017-01-23,201701234278198,NABIL,45,11,40,1500.0,60000.0
2017-01-23,201701234278197,NABIL,29,11,100,1500.0,150000.0
2017-01-23,201701234278196,NABIL,47,11,140,1500.0,210000.0
2017-01-23,201701234278659,NABILP,13,55,200,1118.0,223600.0
2017-01-23,201701234278658,NABILP,53,55,40,1120.0,44800.0
2017-01-23,201701234278657,NABILP,11,55,50,1122.0,56100.0
2017-01-23,201701234278598,NBB,57,55,20,718.0,14360.0
2017-01-23,201701234278522,NBB,48,55,100,718.0,71800.0
2017-01-23,201701234278395,NBB,1,55,50,715.0,35750.0
2017-01-23,201701234278394,NBB,18,55,50,715.0,35750.0
2017-01-23,201701234278171,NBB,48,10,200,715.0,143000.0
2017-01-23,201701234278170,NBB,25,10,140,715.0,100100.0
2017-01-23,201701234278169,NBB,48,10,450,715.0,321750.0
2017-01-23,201701234278168,NBB,54,10,200,715.0,143000.0
2017-01-23,201701234278177,NBB,7,10,20,715.0,14300.0
2017-01-23,201701234278176,NBB,41,10,200,715.0,143000.0
2017-01-23,201701234278175,NBB,32,10,50,715.0,35750.0
2017-01-23,201701234278174,NBB,43,10,30,715.0,21450.0
2017-01-23,201701234278173,NBB,43,10,200,715.0,143000.0
2017-01-23,201701234278172,NBB,1,10,500,715.0,357500.0
2017-01-23,201701234278393,NBB,18,55,50,715.0,35750.0
2017-01-23,201701234278392,NBB,52,55,100,715.0,71500.0
2017-01-23,201701234278300,NBB,49,55,300,715.0,214500.0
2017-01-23,201701234278299,NBB,8,55,200,716.0,143200.0
2017-01-23,201701234278662,NBBL,45,6,170,2025.0,344250.0
2017-01-23,201701234278661,NBBL,40,6,10,2030.0,20300.0
2017-01-23,201701234278660,NBBL,1,6,20,2031.0,40620.0
2017-01-23,201701234278623,NBF1,10,54,7550,18.52,139826.0
2017-01-23,201701234278607,NBL,25,13,500,400.0,200000.0
2017-01-23,201701234278606,NBL,46,13,200,400.0,80000.0
2017-01-23,201701234278605,NBL,8,13,2450,400.0,980000.0
2017-01-23,201701234278604,NBL,22,13,200,400.0,80000.0
2017-01-23,201701234278603,NBL,22,13,100,400.0,40000.0
2017-01-23,201701234278602,NBL,56,13,2000,401.0,802000.0
2017-01-23,201701234278543,NBL,42,44,100,403.0,40300.0
2017-01-23,201701234278526,NBL,48,44,840,403.0,338520.0
2017-01-23,201701234278341,NBL,48,40,160,403.0,64480.0
2017-01-23,201701234278340,NBL,56,40,340,403.0,137020.0
2017-01-23,201701234278225,NBL,56,25,500,405.0,202500.0
2017-01-23,201701234278224,NBL,56,10,100,404.0,40400.0
2017-01-23,201701234278652,NGPL,50,52,10,276.0,2760.0
2017-01-23,201701234278595,NGPL,50,52,10,276.0,2760.0
2017-01-23,201701234278592,NGPL,1,50,10,277.0,2770.0
2017-01-23,201701234278586,NGPL,1,50,10,277.0,2770.0
2017-01-23,201701234278582,NGPL,1,52,10,277.0,2770.0
2017-01-23,201701234278580,NGPL,1,50,10,277.0,2770.0
2017-01-23,201701234278564,NGPL,1,52,10,277.0,2770.0
2017-01-23,201701234278544,NGPL,50,52,10,276.0,2760.0
2017-01-23,201701234278537,NGPL,50,52,10,276.0,2760.0
2017-01-23,201701234278530,NGPL,50,52,10,276.0,2760.0
2017-01-23,201701234278642,NHPC,28,49,5000,142.0,710000.0
2017-01-23,201701234278409,NHPC,45,46,840,141.0,118440.0
2017-01-23,201701234278647,NIB,16,59,32,702.0,22464.0
2017-01-23,201701234278628,NIB,45,45,23,703.0,16169.0
2017-01-23,201701234278458,NIB,56,28,646,701.0,452846.0
2017-01-23,201701234278433,NIB,35,59,122,701.0,85522.0
2017-01-23,201701234278383,NIB,56,56,32,702.0,22464.0
2017-01-23,201701234278254,NIB,46,14,120,702.0,84240.0
2017-01-23,201701234278241,NIB,47,11,112,702.0,78624.0
2017-01-23,201701234278240,NIB,19,45,32,702.0,22464.0
2017-01-23,201701234278239,NIB,45,14,32,703.0,22496.0
2017-01-23,201701234278238,NIB,47,14,32,703.0,22496.0
2017-01-23,201701234278231,NIB,46,50,251,702.0,176202.0
2017-01-23,201701234278509,NIBPO,42,59,176,632.0,111232.0
2017-01-23,201701234278457,NIBPO,48,59,163,632.0,103016.0
2017-01-23,201701234278442,NIBPO,42,59,50,633.0,31650.0
2017-01-23,201701234278310,NIBPO,42,28,150,633.0,94950.0
2017-01-23,201701234278309,NIBPO,1,28,50,636.0,31800.0
2017-01-23,201701234278651,NIBSF1,34,56,5000,11.42,57100.0
2017-01-23,201701234278491,NICA,19,59,41,488.0,20008.0
2017-01-23,201701234278462,NICA,1,17,58,489.0,28362.0
2017-01-23,201701234278460,NICA,11,17,100,489.0,48900.0
2017-01-23,201701234278459,NICA,1,17,200,489.0,97800.0
2017-01-23,201701234278441,NICA,29,52,47,489.0,22983.0
2017-01-23,201701234278391,NICA,7,17,200,491.0,98200.0
2017-01-23,201701234278219,NICA,45,43,120,490.0,58800.0
2017-01-23,201701234278305,NICL,34,7,50,830.0,41500.0
2017-01-23,201701234278245,NIL,11,29,10,826.0,8260.0
2017-01-23,201701234278620,NLG,10,34,10,1275.0,12750.0
2017-01-23,201701234278576,NLG,43,33,150,1250.0,187500.0
2017-01-23,201701234278490,NLG,41,33,50,1250.0,62500.0
2017-01-23,201701234278540,NLIC,45,11,500,2660.0,1330000.0
2017-01-23,201701234278539,NLIC,34,11,100,2662.0,266200.0
2017-01-23,201701234278538,NLIC,28,11,60,2665.0,159900.0
2017-01-23,201701234278511,NLICL,5,11,300,2030.0,609000.0
2017-01-23,201701234278510,NLICL,29,11,100,2030.0,203000.0
2017-01-23,201701234278443,NLICL,16,54,50,2040.0,102000.0
2017-01-23,201701234278474,NMB,49,53,26,500.0,13000.0
2017-01-23,201701234278413,NMB,7,53,49,500.0,24500.0
2017-01-23,201701234278412,NMB,7,51,190,500.0,95000.0
2017-01-23,201701234278188,NMB,3,51,10,500.0,5000.0
2017-01-23,201701234278636,NMBSF1,34,39,25000,12.2,305000.0
2017-01-23,201701234278533,NTC,8,26,500,690.0,345000.0
2017-01-23,201701234278532,NTC,7,26,300,691.0,207300.0
2017-01-23,201701234278387,NTC,14,10,100,692.0,69200.0
2017-01-23,201701234278386,NTC,53,10,200,693.0,138600.0
2017-01-23,201701234278308,NUBL,35,21,338,1260.0,425880.0
2017-01-23,201701234278487,PCBL,32,7,21,407.0,8547.0
2017-01-23,201701234278478,PCBL,32,7,60,407.0,24420.0
2017-01-23,201701234278477,PCBL,6,7,50,407.0,20350.0
2017-01-23,201701234278473,PCBL,47,7,190,408.0,77520.0
2017-01-23,201701234278354,PCBL,52,13,376,408.0,153408.0
2017-01-23,201701234278244,PCBL,55,7,500,409.0,204500.0
2017-01-23,201701234278243,PCBL,7,7,20,409.0,8180.0
2017-01-23,201701234278242,PCBL,48,7,180,409.0,73620.0
2017-01-23,201701234278210,PCBL,48,22,20,409.0,8180.0
2017-01-23,201701234278610,PIC,10,11,70,1370.0,95900.0
2017-01-23,201701234278567,PIC,41,33,200,1355.0,271000.0
2017-01-23,201701234278535,PIC,25,51,140,1355.0,189700.0
2017-01-23,201701234278467,PIC,25,33,21,1355.0,28455.0
2017-01-23,201701234278389,PIC,25,17,50,1360.0,68000.0
2017-01-23,201701234278311,PIC,41,33,200,1360.0,272000.0
2017-01-23,201701234278390,PICL,10,36,10,1156.0,11560.0
2017-01-23,201701234278445,PRIN,28,13,50,1100.0,55000.0
2017-01-23,201701234278444,PRIN,28,22,30,1100.0,33000.0
2017-01-23,201701234278440,PRIN,28,6,27,1085.0,29295.0
2017-01-23,201701234278347,PRIN,33,40,253,1080.0,273240.0
2017-01-23,201701234278281,PRIN,40,14,50,1070.0,53500.0
2017-01-23,201701234278280,PRIN,41,14,100,1070.0,107000.0
2017-01-23,201701234278279,PRIN,21,14,100,1071.0,107100.0
2017-01-23,201701234278278,PRIN,43,14,50,1072.0,53600.0
2017-01-23,201701234278277,PRIN,34,14,200,1075.0,215000.0
2017-01-23,201701234278643,PRVU,46,20,200,330.0,66000.0
2017-01-23,201701234278641,PRVU,8,20,1000,330.0,330000.0
2017-01-23,201701234278608,PRVU,32,7,13,329.0,4277.0
2017-01-23,201701234278594,PRVU,34,20,100,330.0,33000.0
2017-01-23,201701234278587,PRVU,29,45,405,328.0,132840.0
2017-01-23,201701234278563,PRVU,41,7,13,329.0,4277.0
2017-01-23,201701234278209,PRVU,17,20,300,331.0,99300.0
2017-01-23,201701234278208,PRVU,1,20,90,331.0,29790.0
2017-01-23,201701234278207,PRVU,51,20,400,331.0,132400.0
2017-01-23,201701234278206,PRVU,52,20,400,331.0,132400.0
2017-01-23,201701234278205,PRVU,47,20,50,331.0,16550.0
2017-01-23,201701234278204,PRVU,7,20,350,331.0,115850.0
2017-01-23,201701234278271,PRVU,1,40,40,331.0,13240.0
2017-01-23,201701234278270,PRVU,49,40,500,331.0,165500.0
2017-01-23,201701234278269,PRVU,40,40,500,331.0,165500.0
2017-01-23,201701234278220,PRVU,40,20,500,331.0,165500.0
2017-01-23,201701234278216,PRVU,16,37,490,331.0,162190.0
2017-01-23,201701234278212,PRVU,16,20,10,331.0,3310.0
2017-01-23,201701234278313,PRVU,13,58,100,330.0,33000.0
2017-01-23,201701234278312,PRVU,52,58,100,330.0,33000.0
2017-01-23,201701234278293,PRVU,14,40,50,331.0,16550.0
2017-01-23,201701234278284,PRVU,42,40,100,331.0,33100.0
2017-01-23,201701234278273,PRVU,13,40,500,331.0,165500.0
2017-01-23,201701234278272,PRVU,49,40,200,331.0,66200.0
2017-01-23,201701234278319,PRVU,35,58,200,330.0,66000.0
2017-01-23,201701234278318,PRVU,25,58,300,330.0,99000.0
2017-01-23,201701234278317,PRVU,11,58,200,330.0,66000.0
2017-01-23,201701234278316,PRVU,48,58,200,330.0,66000.0
2017-01-23,201701234278315,PRVU,39,58,200,330.0,66000.0
2017-01-23,201701234278314,PRVU,55,58,300,330.0,99000.0
2017-01-23,201701234278325,PRVU,43,58,200,330.0,66000.0
2017-01-23,201701234278324,PRVU,32,58,100,330.0,33000.0
2017-01-23,201701234278323,PRVU,40,58,500,330.0,165000.0
2017-01-23,201701234278322,PRVU,11,58,100,330.0,33000.0
2017-01-23,201701234278321,PRVU,13,58,100,330.0,33000.0
2017-01-23,201701234278320,PRVU,59,58,100,330.0,33000.0
2017-01-23,201701234278333,PRVU,55,17,500,330.0,165000.0
2017-01-23,201701234278332,PRVU,13,17,200,330.0,66000.0
2017-01-23,201701234278331,PRVU,26,17,500,330.0,165000.0
2017-01-23,201701234278330,PRVU,28,17,500,330.0,165000.0
2017-01-23,201701234278329,PRVU,13,17,440,330.0,145200.0
2017-01-23,201701234278326,PRVU,13,58,160,330.0,52800.0
2017-01-23,201701234278380,PRVU,42,20,300,329.0,98700.0
2017-01-23,201701234278379,PRVU,51,20,200,329.0,65800.0
2017-01-23,201701234278376,PRVU,14,17,100,330.0,33000.0
2017-01-23,201701234278361,PRVU,54,40,73,329.0,24017.0
2017-01-23,201701234278357,PRVU,54,40,910,329.0,299390.0
2017-01-23,201701234278334,PRVU,41,17,20,330.0,6600.0
2017-01-23,201701234278446,PRVU,37,19,357,329.0,117453.0
2017-01-23,201701234278436,PRVU,6,20,300,329.0,98700.0
2017-01-23,201701234278425,PRVU,49,20,200,329.0,65800.0
2017-01-23,201701234278421,PRVU,26,17,50,330.0,16500.0
2017-01-23,201701234278388,PRVU,14,17,20,330.0,6600.0
2017-01-23,201701234278385,PRVU,32,20,200,329.0,65800.0
2017-01-23,201701234278482,PRVU,45,17,1000,328.0,328000.0
2017-01-23,201701234278469,PRVU,34,52,272,328.0,89216.0
2017-01-23,201701234278463,PRVU,34,48,300,328.0,98400.0
2017-01-23,201701234278450,PRVU,34,33,1000,328.0,328000.0
2017-01-23,201701234278449,PRVU,48,33,100,328.0,32800.0
2017-01-23,201701234278448,PRVU,55,33,200,328.0,65600.0
2017-01-23,201701234278550,PRVU,5,20,100,330.0,33000.0
2017-01-23,201701234278502,PRVU,32,33,32,328.0,10496.0
2017-01-23,201701234278486,PRVU,42,17,70,328.0,22960.0
2017-01-23,201701234278485,PRVU,39,17,200,328.0,65600.0
2017-01-23,201701234278484,PRVU,39,17,100,328.0,32800.0
2017-01-23,201701234278483,PRVU,43,17,300,328.0,98400.0
2017-01-23,201701234278470,RBBBL,5,11,99,370.0,36630.0
2017-01-23,201701234278464,RBBBL,5,56,178,368.0,65504.0
2017-01-23,201701234278581,SADBL,26,16,100,344.0,34400.0
2017-01-23,201701234278627,SAJHA,18,48,35,238.0,8330.0
2017-01-23,201701234278349,SAJHA,18,51,14,242.0,3388.0
2017-01-23,201701234278346,SAJHA,18,51,35,242.0,8470.0
2017-01-23,201701234278338,SAJHA,18,51,35,242.0,8470.0
2017-01-23,201701234278213,SAJHA,51,52,10,242.0,2420.0
2017-01-23,201701234278339,SANIMA,49,44,50,520.0,26000.0
2017-01-23,201701234278335,SANIMA,38,40,42,515.0,21630.0
2017-01-23,201701234278307,SANIMA,38,40,100,515.0,51500.0
2017-01-23,201701234278306,SANIMA,29,40,100,518.0,51800.0
2017-01-23,201701234278253,SANIMA,38,40,330,515.0,169950.0
2017-01-23,201701234278252,SANIMA,52,40,50,515.0,25750.0
2017-01-23,201701234278229,SANIMA,35,56,160,518.0,82880.0
2017-01-23,201701234278251,SANIMA,42,40,50,515.0,25750.0
2017-01-23,201701234278250,SANIMA,35,40,200,515.0,103000.0
2017-01-23,201701234278249,SANIMA,41,40,70,516.0,36120.0
2017-01-23,201701234278248,SANIMA,54,40,200,516.0,103200.0
2017-01-23,201701234278247,SANIMA,1,40,100,516.0,51600.0
2017-01-23,201701234278246,SANIMA,52,40,500,516.0,258000.0
2017-01-23,201701234278569,SBBLJ,20,16,2520,316.0,796320.0
2017-01-23,201701234278492,SBBLJ,32,16,100,310.0,31000.0
2017-01-23,201701234278489,SBBLJ,45,16,20,316.0,6320.0
2017-01-23,201701234278302,SBBLJ,38,16,300,310.0,93000.0
2017-01-23,201701234278301,SBBLJ,14,16,60,310.0,18600.0
2017-01-23,201701234278236,SBBLJ,14,16,1940,310.0,601400.0
2017-01-23,201701234278235,SBBLJ,37,16,500,311.0,155500.0
2017-01-23,201701234278234,SBBLJ,25,16,200,312.0,62400.0
2017-01-23,201701234278233,SBBLJ,6,16,260,313.0,81380.0
2017-01-23,201701234278232,SBBLJ,43,16,100,315.0,31500.0
2017-01-23,201701234278616,SBI,52,57,30,1520.0,45600.0
2017-01-23,201701234278542,SBI,41,57,110,1520.0,167200.0
2017-01-23,201701234278541,SBI,41,17,90,1520.0,136800.0
2017-01-23,201701234278531,SBI,53,17,450,1520.0,684000.0
2017-01-23,201701234278378,SBI,52,17,50,1524.0,76200.0
2017-01-23,201701234278352,SBI,42,17,110,1524.0,167640.0
2017-01-23,201701234278297,SBI,53,58,20,1520.0,30400.0
2017-01-23,201701234278296,SBI,53,58,30,1520.0,45600.0
2017-01-23,201701234278285,SBI,33,58,100,1520.0,152000.0
2017-01-23,201701234278649,SBL,39,48,750,981.0,735750.0
2017-01-23,201701234278640,SBL,33,48,200,981.0,196200.0
2017-01-23,201701234278593,SBL,11,26,100,980.0,98000.0
2017-01-23,201701234278447,SBL,25,53,50,980.0,49000.0
2017-01-23,201701234278343,SBL,58,53,50,980.0,49000.0
2017-01-23,201701234278223,SBL,14,48,50,981.0,49050.0
2017-01-23,201701234278573,SCB,13,55,300,2200.0,660000.0
2017-01-23,201701234278572,SCB,13,55,10,2200.0,22000.0
2017-01-23,201701234278571,SCB,6,55,50,2200.0,110000.0
2017-01-23,201701234278570,SCB,37,55,20,2203.0,44060.0
2017-01-23,201701234278195,SCB,52,55,20,2205.0,44100.0
2017-01-23,201701234278178,SCB,21,55,80,2205.0,176400.0
2017-01-23,201701234278525,SCB,43,55,20,2205.0,44100.0
2017-01-23,201701234278524,SCB,43,34,30,2205.0,66150.0
2017-01-23,201701234278506,SCB,55,34,210,2205.0,463050.0
2017-01-23,201701234278493,SCB,11,35,30,2209.0,66270.0
2017-01-23,201701234278411,SDBL,6,6,100,330.0,33000.0
2017-01-23,201701234278345,SDBL,46,51,500,330.0,165000.0
2017-01-23,201701234278344,SDBL,46,1,100,329.0,32900.0
2017-01-23,201701234278645,SFFIL,59,53,10,498.0,4980.0
2017-01-23,201701234278374,SHL,48,48,125,308.0,38500.0
2017-01-23,201701234278360,SHL,48,25,1000,307.0,307000.0
2017-01-23,201701234278371,SHPC,36,53,50,785.0,39250.0
2017-01-23,201701234278370,SHPC,29,53,50,785.0,39250.0
2017-01-23,201701234278369,SHPC,28,53,100,786.0,78600.0
2017-01-23,201701234278363,SHPC,25,53,500,787.0,393500.0
2017-01-23,201701234278362,SHPC,13,53,300,790.0,237000.0
2017-01-23,201701234278562,SIC,29,11,100,1100.0,110000.0
2017-01-23,201701234278561,SIC,26,11,150,1100.0,165000.0
2017-01-23,201701234278560,SIC,41,11,100,1100.0,110000.0
2017-01-23,201701234278559,SIC,40,11,100,1100.0,110000.0
2017-01-23,201701234278558,SIC,53,11,250,1100.0,275000.0
2017-01-23,201701234278557,SIC,50,11,500,1100.0,550000.0
2017-01-23,201701234278497,SIC,19,14,20,1110.0,22200.0
2017-01-23,201701234278496,SIC,22,14,20,1115.0,22300.0
2017-01-23,201701234278495,SIC,50,14,100,1120.0,112000.0
2017-01-23,201701234278494,SIC,21,14,10,1120.0,11200.0
2017-01-23,201701234278304,SIC,21,44,50,1120.0,56000.0
2017-01-23,201701234278303,SIC,43,44,50,1125.0,56250.0
2017-01-23,201701234278556,SIC,49,11,100,1100.0,110000.0
2017-01-23,201701234278507,SIC,13,14,13,1100.0,14300.0
2017-01-23,201701234278501,SIC,49,14,100,1100.0,110000.0
2017-01-23,201701234278500,SIC,10,14,200,1101.0,220200.0
2017-01-23,201701234278499,SIC,1,14,200,1110.0,222000.0
2017-01-23,201701234278498,SIC,57,14,70,1110.0,77700.0
2017-01-23,201701234278481,SICL,35,11,500,2087.0,1043500.0
2017-01-23,201701234278480,SICL,41,11,500,2091.0,1045500.0
2017-01-23,201701234278479,SICL,52,11,10,2092.0,20920.0
2017-01-23,201701234278193,SICL,26,26,28,2090.0,58520.0
2017-01-23,201701234278179,SICL,26,26,28,2090.0,58520.0
2017-01-23,201701234278654,SIGS1,49,36,100,22.61,2261.0
2017-01-23,201701234278633,SIGS1,49,49,100,22.5,2250.0
2017-01-23,201701234278644,SIL,10,33,200,1270.0,254000.0
2017-01-23,201701234278611,SIL,43,44,200,1266.0,253200.0
2017-01-23,201701234278597,SIL,43,28,300,1266.0,379800.0
2017-01-23,201701234278596,SIL,41,28,300,1266.0,379800.0
2017-01-23,201701234278461,SIL,41,44,30,1275.0,38250.0
2017-01-23,201701234278337,SIL,50,44,100,1275.0,127500.0
2017-01-23,201701234278263,SIL,41,29,14,1274.0,17836.0
2017-01-23,201701234278416,SKBBL,4,7,98,1015.0,99470.0
2017-01-23,201701234278549,SMFDB,56,38,100,1700.0,170000.0
2017-01-23,201701234278548,SMFDB,17,38,60,1700.0,102000.0
2017-01-23,201701234278547,SMFDB,45,38,200,1705.0,341000.0
2017-01-23,201701234278546,SMFDB,56,38,100,1706.0,170600.0
2017-01-23,201701234278579,SRBL,34,13,27,483.0,13041.0
2017-01-23,201701234278574,SRBL,34,13,600,483.0,289800.0
2017-01-23,201701234278454,SRBL,6,29,19,484.0,9196.0
2017-01-23,201701234278534,SWBBL,37,51,10,1264.0,12640.0
2017-01-23,201701234278348,UIC,38,51,450,1095.0,492750.0
2017-01-23,201701234278287,UIC,47,51,50,1095.0,54750.0
2017-01-23,201701234278591,VSDBL,37,47,180,179.0,32220.0
2017-01-23,201701234278590,VSDBL,49,47,1500,179.0,268500.0
2017-01-23,201701234278589,VSDBL,14,47,100,179.0,17900.0
2017-01-23,201701234278588,VSDBL,29,47,100,179.0,17900.0
2017-01-23,201701234278217,VSDBL,4,50,100,181.0,18100.0
2017-01-23,201701234278211,VSDBL,41,50,61,181.0,11041.0
2017-01-23,201701234278400,VSDBL,43,47,500,180.0,90000.0
2017-01-23,201701234278399,VSDBL,42,47,100,180.0,18000.0
2017-01-23,201701234278398,VSDBL,22,47,20,180.0,3600.0
2017-01-23,201701234278327,VSDBL,22,20,300,180.0,54000.0
2017-01-23,201701234278290,VSDBL,45,50,50,181.0,9050.0
2017-01-23,201701234278288,VSDBL,22,45,50,180.0,9000.0
2017-01-23,201701234278401,VSDBL,50,47,500,180.0,90000.0
2017-01-23,201701234278575,YETI,22,7,30,264.0,7920.0
2017-01-23,201701234277699,AHPC,56,57,780,248.0,193440.0
2017-01-23,201701234277700,ALDBL,51,11,110,292.0,32120.0
2017-01-23,201701234277693,ALDBL,46,11,10,295.0,2950.0
2017-01-23,201701234277692,ALDBL,32,11,50,296.0,14800.0
2017-01-23,201701234277691,ALDBL,16,11,30,296.0,8880.0
2017-01-23,201701234277783,ALICL,16,17,300,1355.0,406500.0
2017-01-23,201701234277782,ALICL,6,17,300,1355.0,406500.0
2017-01-23,201701234277781,ALICL,53,17,100,1356.0,135600.0
2017-01-23,201701234277780,ALICL,19,17,100,1356.0,135600.0
2017-01-23,201701234277779,ALICL,28,17,200,1357.0,271400.0
2017-01-23,201701234277778,ALICL,1,17,50,1357.0,67850.0
2017-01-23,201701234277777,ALICL,10,17,200,1358.0,271600.0
2017-01-23,201701234277776,ALICL,16,17,100,1360.0,136000.0
2017-01-23,201701234278157,BHBL,57,55,20,389.0,7780.0
2017-01-23,201701234277958,BOKL,42,1,82,602.0,49364.0
2017-01-23,201701234277955,BOKL,42,26,100,602.0,60200.0
2017-01-23,201701234277921,BOKL,42,21,500,602.0,301000.0
2017-01-23,201701234277920,BOKL,42,6,10,602.0,6020.0
2017-01-23,201701234277906,BOKL,57,6,290,602.0,174580.0
2017-01-23,201701234277905,BOKL,57,46,210,602.0,126420.0
2017-01-23,201701234277730,BOKL,56,42,20,601.0,12020.0
2017-01-23,201701234277729,BOKL,40,42,70,601.0,42070.0
2017-01-23,201701234277822,BOKL,25,19,50,600.0,30000.0
2017-01-23,201701234277821,BOKL,49,19,200,600.0,120000.0
2017-01-23,201701234277820,BOKL,37,19,330,600.0,198000.0
2017-01-23,201701234277809,BOKL,37,1,70,600.0,42000.0
2017-01-23,201701234277806,BOKL,37,22,100,600.0,60000.0
2017-01-23,201701234277734,BOKL,43,19,100,601.0,60100.0
2017-01-23,201701234277877,BOKL,5,46,100,602.0,60200.0
2017-01-23,201701234277865,BOKL,6,46,50,602.0,30100.0
2017-01-23,201701234277853,BOKL,10,46,140,602.0,84280.0
2017-01-23,201701234277852,BOKL,10,42,60,601.0,36060.0
2017-01-23,201701234277838,BOKL,38,42,50,601.0,30050.0
2017-01-23,201701234277823,BOKL,35,19,420,600.0,252000.0
2017-01-23,201701234277813,BPCL,55,59,20,550.0,11000.0
2017-01-23,201701234278079,CBL,54,8,100,248.0,24800.0
2017-01-23,201701234277916,CBL,41,58,232,246.0,57072.0
2017-01-23,201701234277914,CBL,29,58,232,246.0,57072.0
2017-01-23,201701234277887,CBL,29,40,257,246.0,63222.0
2017-01-23,201701234277818,CBL,29,17,153,246.0,37638.0
2017-01-23,201701234277817,CBL,54,17,850,246.0,209100.0
2017-01-23,201701234277816,CBL,47,17,100,247.0,24700.0
2017-01-23,201701234277815,CBL,47,17,50,247.0,12350.0
2017-01-23,201701234277726,CBL,52,21,244,247.0,60268.0
2017-01-23,201701234278113,CCBL,48,21,42,322.0,13524.0
2017-01-23,201701234278056,CCBL,48,21,22,323.0,7106.0
2017-01-23,201701234278055,CCBL,48,52,30,322.0,9660.0
2017-01-23,201701234278049,CCBL,51,52,10,322.0,3220.0
2017-01-23,201701234278048,CCBL,38,52,10,322.0,3220.0
2017-01-23,201701234278047,CCBL,48,21,22,323.0,7106.0
2017-01-23,201701234277670,CCBL,17,34,17,323.0,5491.0
2017-01-23,201701234277688,CCBL,47,42,25,323.0,8075.0
2017-01-23,201701234277686,CCBL,32,55,70,322.0,22540.0
2017-01-23,201701234277685,CCBL,17,17,56,323.0,18088.0
2017-01-23,201701234277684,CCBL,32,55,73,322.0,23506.0
2017-01-23,201701234277683,CCBL,56,55,73,322.0,23506.0
2017-01-23,201701234277673,CCBL,17,17,100,323.0,32300.0
2017-01-23,201701234277856,CCBL,48,21,42,322.0,13524.0
2017-01-23,201701234277759,CCBL,48,41,54,323.0,17442.0
2017-01-23,201701234277758,CCBL,48,41,410,323.0,132430.0
2017-01-23,201701234277747,CCBL,48,26,472,323.0,152456.0
2017-01-23,201701234278042,CCBL,48,21,31,323.0,10013.0
2017-01-23,201701234278040,CCBL,48,21,42,323.0,13566.0
2017-01-23,201701234278035,CCBL,48,21,33,323.0,10659.0
2017-01-23,201701234278012,CCBL,19,21,27,322.0,8694.0
2017-01-23,201701234278010,CCBL,48,47,500,322.0,161000.0
2017-01-23,201701234277915,CCBL,42,21,42,323.0,13566.0
2017-01-23,201701234277845,CHCL,51,45,70,806.0,56420.0
2017-01-23,201701234277844,CHCL,11,45,20,808.0,16160.0
2017-01-23,201701234277843,CHCL,58,45,10,810.0,8100.0
2017-01-23,201701234278093,CZBIL,39,17,20,469.0,9380.0
2017-01-23,201701234277868,CZBIL,17,17,190,469.0,89110.0
2017-01-23,201701234277867,CZBIL,17,6,20,469.0,9380.0
2017-01-23,201701234277866,CZBIL,17,17,290,469.0,136010.0
2017-01-23,201701234277854,CZBIL,45,17,410,469.0,192290.0
2017-01-23,201701234277799,CZBIL,29,6,150,468.0,70200.0
2017-01-23,201701234277794,CZBIL,29,17,103,468.0,48204.0
2017-01-23,201701234277738,CZBIL,21,17,100,469.0,46900.0
2017-01-23,201701234277731,CZBIL,34,34,227,468.0,106236.0
2017-01-23,201701234277722,CZBIL,38,17,100,469.0,46900.0
2017-01-23,201701234277715,CZBIL,38,13,400,468.0,187200.0
2017-01-23,201701234277810,CZBIL,54,6,24,467.0,11208.0
2017-01-23,201701234277805,CZBIL,54,6,130,467.0,60710.0
2017-01-23,201701234277804,CZBIL,39,6,100,467.0,46700.0
2017-01-23,201701234277803,CZBIL,17,6,100,467.0,46700.0
2017-01-23,201701234277802,CZBIL,55,6,70,467.0,32690.0
2017-01-23,201701234277801,CZBIL,17,6,63,467.0,29421.0
2017-01-23,201701234278045,DBBL,29,1,150,212.0,31800.0
2017-01-23,201701234278009,DBBL,10,1,100,212.0,21200.0
2017-01-23,201701234277987,DBBL,43,1,162,212.0,34344.0
2017-01-23,201701234277870,DBBL,5,21,100,213.0,21300.0
2017-01-23,201701234277849,DBBL,41,32,10,214.0,2140.0
2017-01-23,201701234277888,DDBL,57,44,200,2240.0,448000.0
2017-01-23,201701234277883,DDBL,22,32,90,2236.0,201240.0
2017-01-23,201701234277882,DDBL,6,32,10,2240.0,22400.0
2017-01-23,201701234277796,DDBL,34,32,170,2235.0,379950.0
2017-01-23,201701234277795,DDBL,34,32,30,2236.0,67080.0
2017-01-23,201701234277785,DDBL,34,32,100,2245.0,224500.0
2017-01-23,201701234277784,DDBL,34,44,70,2240.0,156800.0
2017-01-23,201701234277770,DDBL,42,44,10,2240.0,22400.0
2017-01-23,201701234277769,DDBL,42,44,10,2240.0,22400.0
2017-01-23,201701234277950,EBL,14,25,40,1894.0,75760.0
2017-01-23,201701234277947,EBL,14,16,60,1885.0,113100.0
2017-01-23,201701234277936,EBL,20,16,200,1885.0,377000.0
2017-01-23,201701234277923,EBL,20,16,110,1885.0,207350.0
2017-01-23,201701234277825,EBL,45,16,100,1885.0,188500.0
2017-01-23,201701234277808,EBL,21,38,90,1883.0,169470.0
2017-01-23,201701234277807,EBL,41,56,20,1883.0,37660.0
2017-01-23,201701234277790,EDBL,44,49,145,580.0,84100.0
2017-01-23,201701234278096,EIC,41,53,100,1525.0,152500.0
2017-01-23,201701234278011,EIC,33,32,90,1501.0,135090.0
2017-01-23,201701234278160,GBBL,48,57,336,388.0,130368.0
2017-01-23,201701234278149,GBBL,48,17,357,386.0,137802.0
2017-01-23,201701234278140,GBBL,48,19,12,385.0,4620.0
2017-01-23,201701234278131,GBBL,48,19,102,385.0,39270.0
2017-01-23,201701234277901,GBBL,19,19,100,385.0,38500.0
2017-01-23,201701234277891,GBBL,19,19,100,385.0,38500.0
2017-01-23,201701234277890,GBBL,4,19,90,385.0,34650.0
2017-01-23,201701234278081,GBIME,40,36,400,418.0,167200.0
2017-01-23,201701234277992,GBIME,34,1,101,417.0,42117.0
2017-01-23,201701234277988,GBIME,42,58,54,418.0,22572.0
2017-01-23,201701234277904,GBIME,52,58,54,418.0,22572.0
2017-01-23,201701234277728,GIMES1,32,26,800,10.4,8320.0
2017-01-23,201701234277681,GIMES1,10,26,2500,10.4,26000.0
2017-01-23,201701234278128,GLICL,34,6,50,675.0,33750.0
2017-01-23,201701234278063,GLICL,59,44,50,672.0,33600.0
2017-01-23,201701234277941,GLICL,59,36,100,670.0,67000.0
2017-01-23,201701234277940,GLICL,25,36,200,670.0,134000.0
2017-01-23,201701234277939,GLICL,38,36,200,671.0,134200.0
2017-01-23,201701234277938,GLICL,19,36,50,672.0,33600.0
2017-01-23,201701234277937,GLICL,35,36,50,672.0,33600.0
2017-01-23,201701234277902,GLICL,35,40,50,672.0,33600.0
2017-01-23,201701234278154,GMFIL,48,21,100,224.0,22400.0
2017-01-23,201701234278153,GMFIL,28,21,500,224.0,112000.0
2017-01-23,201701234277990,GMFIL,32,56,800,227.0,181600.0
2017-01-23,201701234277989,GMFIL,28,56,750,228.0,171000.0
2017-01-23,201701234278070,GRDBL,21,57,10,510.0,5100.0
2017-01-23,201701234278069,GRDBL,58,57,50,510.0,25500.0
2017-01-23,201701234278068,GRDBL,38,57,60,510.0,30600.0
2017-01-23,201701234278067,GRDBL,40,57,40,511.0,20440.0
2017-01-23,201701234278066,GRDBL,14,57,300,511.0,153300.0
2017-01-23,201701234277997,GRDBL,5,17,10,515.0,5150.0
2017-01-23,201701234277996,GRDBL,5,17,10,515.0,5150.0
2017-01-23,201701234277871,GRDBL,14,42,105,507.0,53235.0
2017-01-23,201701234277869,GRDBL,55,54,10,510.0,5100.0
2017-01-23,201701234277855,GRDBL,48,54,10,510.0,5100.0
2017-01-23,201701234277850,GRDBL,58,54,50,510.0,25500.0
2017-01-23,201701234277847,GRDBL,58,54,50,510.0,25500.0
2017-01-23,201701234277862,HBL,58,6,20,892.0,17840.0
2017-01-23,201701234277859,HBL,58,6,20,892.0,17840.0
2017-01-23,201701234277768,HBL,49,6,60,892.0,53520.0
2017-01-23,201701234278139,HIDCL,47,22,28,220.0,6160.0
2017-01-23,201701234278137,HIDCL,50,45,1500,222.0,333000.0
2017-01-23,201701234278134,HIDCL,50,25,53,221.0,11713.0
2017-01-23,201701234278054,HIDCL,13,39,61,220.0,13420.0
2017-01-23,201701234278133,ICFC,11,4,108,264.0,28512.0
2017-01-23,201701234278118,ICFC,25,39,33,260.0,8580.0
2017-01-23,201701234278058,ICFC,26,51,85,260.0,22100.0
2017-01-23,201701234278057,ICFC,26,29,200,259.0,51800.0
2017-01-23,201701234278135,JBBL,56,51,12,275.0,3300.0
2017-01-23,201701234278117,JBBL,56,19,12,273.0,3276.0
2017-01-23,201701234278124,KBBL,48,50,100,334.0,33400.0
2017-01-23,201701234278108,KBBL,48,43,100,337.0,33700.0
2017-01-23,201701234278102,KBBL,48,8,500,334.0,167000.0
2017-01-23,201701234278101,KBBL,48,32,50,334.0,16700.0
2017-01-23,201701234278100,KBBL,48,34,1000,332.0,332000.0
2017-01-23,201701234278099,KBBL,48,29,500,331.0,165500.0
2017-01-23,201701234278098,KBBL,48,1,50,331.0,16550.0
2017-01-23,201701234278097,KBBL,48,38,500,330.0,165000.0
2017-01-23,201701234278094,KBBL,5,50,300,328.0,98400.0
2017-01-23,201701234277960,KBL,14,48,496,538.0,266848.0
2017-01-23,201701234277932,KBL,5,14,50,538.0,26900.0
2017-01-23,201701234277931,KBL,6,14,50,538.0,26900.0
2017-01-23,201701234277824,KBL,55,1,221,536.0,118456.0
2017-01-23,201701234277763,KBL,58,1,150,537.0,80550.0
2017-01-23,201701234277762,KBL,26,1,100,538.0,53800.0
2017-01-23,201701234277761,KBL,7,1,120,538.0,64560.0
2017-01-23,201701234277760,KBL,6,1,20,538.0,10760.0
2017-01-23,201701234277679,KBL,7,46,43,538.0,23134.0
2017-01-23,201701234278052,KKHC,6,19,16,255.0,4080.0
2017-01-23,201701234277998,KKHC,47,50,16,251.0,4016.0
2017-01-23,201701234277995,KKHC,19,50,16,251.0,4016.0
2017-01-23,201701234277994,KKHC,48,50,16,251.0,4016.0
2017-01-23,201701234277668,KKHC,55,53,100,255.0,25500.0
2017-01-23,201701234277701,KMFL,41,44,10,1755.0,17550.0
2017-01-23,201701234277689,KMFL,41,44,10,1755.0,17550.0
2017-01-23,201701234277687,KMFL,41,44,10,1755.0,17550.0
2017-01-23,201701234277672,KMFL,45,44,10,1754.0,17540.0
2017-01-23,201701234277669,KMFL,45,44,10,1754.0,17540.0
2017-01-23,201701234278142,LBL,5,29,100,755.0,75500.0
2017-01-23,201701234278071,LBL,6,29,50,755.0,37750.0
2017-01-23,201701234278062,LBL,32,5,200,753.0,150600.0
2017-01-23,201701234277993,LGIL,10,21,39,1301.0,50739.0
2017-01-23,201701234277742,LGIL,11,21,100,1301.0,130100.0
2017-01-23,201701234277697,LGIL,49,28,90,1304.0,117360.0
2017-01-23,201701234277881,LICN,16,37,90,2450.0,220500.0
2017-01-23,201701234277880,LICN,44,37,100,2452.0,245200.0
2017-01-23,201701234277918,MBL,6,40,63,389.0,24507.0
2017-01-23,201701234277757,MBL,32,59,150,389.0,58350.0
2017-01-23,201701234277745,MBL,7,59,150,389.0,58350.0
2017-01-23,201701234277708,MBL,11,59,200,389.0,77800.0
2017-01-23,201701234277986,MDB,19,19,70,485.0,33950.0
2017-01-23,201701234277985,MDB,54,19,100,485.0,48500.0
2017-01-23,201701234277984,MDB,1,19,200,486.0,97200.0
2017-01-23,201701234277983,MDB,19,19,120,488.0,58560.0
2017-01-23,201701234277982,MDB,22,19,10,489.0,4890.0
2017-01-23,201701234278091,MFIL,1,21,50,170.0,8500.0
2017-01-23,201701234277814,MLBBL,28,59,190,701.0,133190.0
2017-01-23,201701234277743,MLBBL,37,56,100,700.0,70000.0
2017-01-23,201701234278007,MLBL,46,14,284,253.0,71852.0
2017-01-23,201701234278005,MLBL,1,14,90,254.0,22860.0
2017-01-23,201701234277750,MLBL,25,14,100,256.0,25600.0
2017-01-23,201701234277749,MLBL,25,14,50,257.0,12850.0
2017-01-23,201701234277748,MLBL,49,14,500,257.0,128500.0
2017-01-23,201701234277754,MLBL,36,14,200,255.0,51000.0
2017-01-23,201701234277753,MLBL,39,14,300,255.0,76500.0
2017-01-23,201701234277752,MLBL,55,14,250,255.0,63750.0
2017-01-23,201701234277751,MLBL,32,14,10,256.0,2560.0
2017-01-23,201701234278123,MNBBL,51,48,240,769.0,184560.0
2017-01-23,201701234278122,MNBBL,14,48,20,769.0,15380.0
2017-01-23,201701234278121,MNBBL,51,48,50,770.0,38500.0
2017-01-23,201701234277991,NABIL,47,42,50,1500.0,75000.0
2017-01-23,201701234277909,NABIL,11,11,100,1504.0,150400.0
2017-01-23,201701234277677,NABIL,47,57,10,1500.0,15000.0
2017-01-23,201701234277676,NABIL,46,57,100,1500.0,150000.0
2017-01-23,201701234277675,NABIL,41,57,20,1500.0,30000.0
2017-01-23,201701234277674,NABIL,39,57,70,1501.0,105070.0
2017-01-23,201701234278143,NABILP,25,48,50,1118.0,55900.0
2017-01-23,201701234278043,NABILP,25,4,52,1118.0,58136.0
2017-01-23,201701234278167,NBB,17,10,50,715.0,35750.0
2017-01-23,201701234278166,NBB,17,10,100,715.0,71500.0
2017-01-23,201701234278165,NBB,10,10,500,715.0,357500.0
2017-01-23,201701234278164,NBB,38,10,300,715.0,214500.0
2017-01-23,201701234278163,NBB,6,10,500,716.0,358000.0
2017-01-23,201701234278162,NBB,35,10,80,716.0,57280.0
2017-01-23,201701234278078,NBB,5,5,100,717.0,71700.0
2017-01-23,201701234278077,NBB,14,5,50,717.0,35850.0
2017-01-23,201701234278076,NBB,1,5,100,717.0,71700.0
2017-01-23,201701234277979,NBB,29,10,100,719.0,71900.0
2017-01-23,201701234277723,NBB,49,10,130,718.0,93340.0
2017-01-23,201701234277911,NBF1,26,55,3000,18.5,55500.0
2017-01-23,201701234277910,NBF1,45,55,2000,18.51,37020.0
2017-01-23,201701234277714,NBF1,58,56,14500,18.6,269700.0
2017-01-23,201701234277720,NBIL,53,6,100,1004.0,100400.0
2017-01-23,201701234277719,NBIL,38,6,50,1005.0,50250.0
2017-01-23,201701234277718,NBIL,48,6,50,1005.0,50250.0
2017-01-23,201701234277717,NBIL,33,6,100,1010.0,101000.0
2017-01-23,201701234277716,NBIL,6,6,10,1011.0,10110.0
2017-01-23,201701234277944,NBL,14,25,100,405.0,40500.0
2017-01-23,201701234277900,NBL,56,22,260,403.0,104780.0
2017-01-23,201701234278036,NHPC,45,8,100,140.0,14000.0
2017-01-23,201701234278006,NHPC,45,8,500,140.0,70000.0
2017-01-23,201701234277952,NHPC,28,42,200,141.0,28200.0
2017-01-23,201701234278148,NIB,19,14,61,702.0,42822.0
2017-01-23,201701234278146,NIB,46,19,150,702.0,105300.0
2017-01-23,201701234278144,NIB,25,50,19,703.0,13357.0
2017-01-23,201701234278119,NIB,26,14,32,703.0,22496.0
2017-01-23,201701234278090,NIB,19,39,100,702.0,70200.0
2017-01-23,201701234278008,NIB,16,43,143,702.0,100386.0
2017-01-23,201701234277766,NIB,5,34,26,702.0,18252.0
2017-01-23,201701234277732,NIB,56,56,32,702.0,22464.0
2017-01-23,201701234277725,NIB,22,34,100,702.0,70200.0
2017-01-23,201701234277705,NIB,58,42,120,702.0,84240.0
2017-01-23,201701234277797,NIB,56,52,32,701.0,22432.0
2017-01-23,201701234277792,NIB,5,25,11,703.0,7733.0
2017-01-23,201701234277791,NIB,46,52,32,702.0,22464.0
2017-01-23,201701234277788,NIB,5,25,11,703.0,7733.0
2017-01-23,201701234277772,NIB,5,25,11,703.0,7733.0
2017-01-23,201701234277767,NIB,5,48,32,703.0,22496.0
2017-01-23,201701234277864,NIB,5,25,28,703.0,19684.0
2017-01-23,201701234277861,NIB,5,25,28,703.0,19684.0
2017-01-23,201701234277858,NIB,42,25,11,703.0,7733.0
2017-01-23,201701234277851,NIB,5,25,27,703.0,18981.0
2017-01-23,201701234277846,NIB,5,25,11,703.0,7733.0
2017-01-23,201701234277798,NIB,41,25,11,703.0,7733.0
2017-01-23,201701234277981,NIB,46,10,58,702.0,40716.0
2017-01-23,201701234277980,NIB,11,50,30,703.0,21090.0
2017-01-23,201701234277959,NIB,11,14,32,703.0,22496.0
2017-01-23,201701234277954,NIB,58,38,44,702.0,30888.0
2017-01-23,201701234277948,NIB,42,14,32,703.0,22496.0
2017-01-23,201701234277930,NIB,26,14,32,703.0,22496.0
2017-01-23,201701234277721,NIBPO,34,34,1000,636.0,636000.0
2017-01-23,201701234277704,NIBPO,35,59,200,635.0,127000.0
2017-01-23,201701234277703,NIBPO,42,59,1000,636.0,636000.0
2017-01-23,201701234278114,NICA,25,17,42,492.0,20664.0
2017-01-23,201701234277966,NICA,1,43,500,490.0,245000.0
2017-01-23,201701234277965,NICA,29,43,50,490.0,24500.0
2017-01-23,201701234277964,NICA,29,43,50,490.0,24500.0
2017-01-23,201701234277963,NICA,29,43,50,490.0,24500.0
2017-01-23,201701234277962,NICA,4,43,150,490.0,73500.0
2017-01-23,201701234277961,NICA,51,43,30,490.0,14700.0
2017-01-23,201701234277935,NICA,55,17,300,492.0,147600.0
2017-01-23,201701234277894,NICA,41,32,100,492.0,49200.0
2017-01-23,201701234277873,NICA,6,17,50,493.0,24650.0
2017-01-23,201701234277690,NICA,47,28,46,492.0,22632.0
2017-01-23,201701234278087,NICL,49,6,80,846.0,67680.0
2017-01-23,201701234278082,NICL,29,6,100,847.0,84700.0
2017-01-23,201701234277713,NICL,49,50,18,845.0,15210.0
2017-01-23,201701234278156,NIL,44,34,50,810.0,40500.0
2017-01-23,201701234277812,NIL,33,47,190,802.0,152380.0
2017-01-23,201701234277811,NIL,14,47,50,803.0,40150.0
2017-01-23,201701234278072,NLG,10,33,100,1250.0,125000.0
2017-01-23,201701234277999,NLG,41,25,100,1260.0,126000.0
2017-01-23,201701234277837,NLG,10,33,200,1250.0,250000.0
2017-01-23,201701234278046,NLIC,5,17,100,2685.0,268500.0
2017-01-23,201701234278044,NLIC,5,11,45,2680.0,120600.0
2017-01-23,201701234278041,NLIC,5,40,55,2679.0,147345.0
2017-01-23,201701234277929,NLIC,56,56,122,2665.0,325130.0
2017-01-23,201701234277787,NLIC,28,28,32,2665.0,85280.0
2017-01-23,201701234277771,NLIC,39,28,310,2668.0,827080.0
2017-01-23,201701234278161,NLICL,32,10,17,2049.0,34833.0
2017-01-23,201701234278103,NMB,7,53,65,500.0,32500.0
2017-01-23,201701234278092,NMB,42,53,216,500.0,108000.0
2017-01-23,201701234278034,NMB,42,47,40,500.0,20000.0
2017-01-23,201701234278033,NMB,56,47,150,500.0,75000.0
2017-01-23,201701234278032,NMB,56,47,10,500.0,5000.0
2017-01-23,201701234277800,NMB,3,17,64,500.0,32000.0
2017-01-23,201701234278053,NMBSF1,13,6,2100,12.0,25200.0
2017-01-23,201701234277678,NTC,14,49,3300,692.0,2283600.0
2017-01-23,201701234277671,NTC,14,49,5000,692.0,3460000.0
2017-01-23,201701234278038,NTC,14,4,100,692.0,69200.0
2017-01-23,201701234278051,PCBL,55,17,20,410.0,8200.0
2017-01-23,201701234277874,PCBL,50,17,50,410.0,20500.0
2017-01-23,201701234277740,PCBL,48,43,500,409.0,204500.0
2017-01-23,201701234277957,PIC,10,33,250,1360.0,340000.0
2017-01-23,201701234277933,PIC,10,28,100,1350.0,135000.0
2017-01-23,201701234277928,PIC,41,33,200,1360.0,272000.0
2017-01-23,201701234277889,PIC,41,33,50,1360.0,68000.0
2017-01-23,201701234278039,PICL,6,10,50,1135.0,56750.0
2017-01-23,201701234278132,PLIC,37,58,150,1630.0,244500.0
2017-01-23,201701234278126,PLIC,59,58,50,1630.0,81500.0
2017-01-23,201701234278061,PLIC,52,58,200,1630.0,326000.0
2017-01-23,201701234278060,PLIC,59,58,100,1631.0,163100.0
2017-01-23,201701234278059,PLIC,5,58,20,1632.0,32640.0
2017-01-23,201701234277707,PLIC,59,56,100,1649.0,164900.0
2017-01-23,201701234277706,PLIC,59,55,50,1649.0,82450.0
2017-01-23,201701234278037,PRIN,38,14,20,1085.0,21700.0
2017-01-23,201701234277949,PRIN,21,28,51,1070.0,54570.0
2017-01-23,201701234277834,PRIN,36,14,50,1071.0,53550.0
2017-01-23,201701234277833,PRIN,38,14,100,1071.0,107100.0
2017-01-23,201701234277832,PRIN,1,14,200,1072.0,214400.0
2017-01-23,201701234277831,PRIN,52,14,300,1072.0,321600.0
2017-01-23,201701234277830,PRIN,53,14,300,1072.0,321600.0
2017-01-23,201701234277829,PRIN,41,14,200,1075.0,215000.0
2017-01-23,201701234277828,PRIN,26,14,50,1075.0,53750.0
2017-01-23,201701234277827,PRIN,55,14,50,1076.0,53800.0
2017-01-23,201701234277826,PRIN,47,14,10,1078.0,10780.0
2017-01-23,201701234278145,PRVU,1,20,107,332.0,35524.0
2017-01-23,201701234278112,PRVU,50,16,212,332.0,70384.0
2017-01-23,201701234278109,PRVU,42,58,500,333.0,166500.0
2017-01-23,201701234278089,PRVU,26,58,50,333.0,16650.0
2017-01-23,201701234278088,PRVU,49,58,100,333.0,33300.0
2017-01-23,201701234278086,PRVU,45,58,100,333.0,33300.0
2017-01-23,201701234277702,PRVU,38,28,229,334.0,76486.0
2017-01-23,201701234277698,PRVU,39,17,100,335.0,33500.0
2017-01-23,201701234277696,PRVU,38,32,370,334.0,123580.0
2017-01-23,201701234277695,PRVU,37,32,30,334.0,10020.0
2017-01-23,201701234277694,PRVU,39,32,100,334.0,33400.0
2017-01-23,201701234277835,PRVU,58,17,500,335.0,167500.0
2017-01-23,201701234277733,PRVU,38,25,600,334.0,200400.0
2017-01-23,201701234277712,PRVU,38,21,130,334.0,43420.0
2017-01-23,201701234277711,PRVU,6,21,220,334.0,73480.0
2017-01-23,201701234277710,PRVU,37,21,550,334.0,183700.0
2017-01-23,201701234277709,PRVU,6,21,100,334.0,33400.0
2017-01-23,201701234277907,PRVU,46,17,10,335.0,3350.0
2017-01-23,201701234277878,PRVU,52,59,214,334.0,71476.0
2017-01-23,201701234277876,PRVU,52,21,50,334.0,16700.0
2017-01-23,201701234277875,PRVU,5,17,200,335.0,67000.0
2017-01-23,201701234277863,PRVU,25,6,42,334.0,14028.0
2017-01-23,201701234277860,PRVU,29,17,100,335.0,33500.0
2017-01-23,201701234277969,PRVU,48,44,200,334.0,66800.0
2017-01-23,201701234277968,PRVU,59,44,50,334.0,16700.0
2017-01-23,201701234277967,PRVU,25,44,60,334.0,20040.0
2017-01-23,201701234277943,PRVU,25,29,200,334.0,66800.0
2017-01-23,201701234277942,PRVU,14,29,200,334.0,66800.0
2017-01-23,201701234277908,PRVU,14,34,100,334.0,33400.0
2017-01-23,201701234277975,PRVU,17,44,100,333.0,33300.0
2017-01-23,201701234277974,PRVU,54,44,1000,333.0,333000.0
2017-01-23,201701234277973,PRVU,33,44,500,333.0,166500.0
2017-01-23,201701234277972,PRVU,48,44,200,333.0,66600.0
2017-01-23,201701234277971,PRVU,7,44,150,333.0,49950.0
2017-01-23,201701234277970,PRVU,7,44,300,333.0,99900.0
2017-01-23,201701234278016,PRVU,37,58,500,332.0,166000.0
2017-01-23,201701234278015,PRVU,43,58,150,332.0,49800.0
2017-01-23,201701234278014,PRVU,36,58,100,332.0,33200.0
2017-01-23,201701234278013,PRVU,34,58,60,333.0,19980.0
2017-01-23,201701234277977,PRVU,34,44,1940,333.0,646020.0
2017-01-23,201701234277976,PRVU,34,44,300,333.0,99900.0
2017-01-23,201701234278022,PRVU,13,58,50,331.0,16550.0
2017-01-23,201701234278021,PRVU,38,58,2000,332.0,664000.0
2017-01-23,201701234278020,PRVU,13,58,600,332.0,199200.0
2017-01-23,201701234278019,PRVU,13,58,500,332.0,166000.0
2017-01-23,201701234278018,PRVU,14,58,200,332.0,66400.0
2017-01-23,201701234278017,PRVU,1,58,230,332.0,76360.0
2017-01-23,201701234278028,PRVU,29,58,700,331.0,231700.0
2017-01-23,201701234278027,PRVU,25,58,60,331.0,19860.0
2017-01-23,201701234278026,PRVU,14,58,50,331.0,16550.0
2017-01-23,201701234278025,PRVU,14,58,200,331.0,66200.0
2017-01-23,201701234278024,PRVU,48,58,200,331.0,66200.0
2017-01-23,201701234278023,PRVU,34,58,100,331.0,33100.0
2017-01-23,201701234278085,PRVU,49,58,50,333.0,16650.0
2017-01-23,201701234278080,PRVU,5,58,100,333.0,33300.0
2017-01-23,201701234278065,PRVU,5,58,100,333.0,33300.0
2017-01-23,201701234278031,PRVU,7,58,650,331.0,215150.0
2017-01-23,201701234278030,PRVU,25,58,500,331.0,165500.0
2017-01-23,201701234278029,PRVU,22,58,150,331.0,49650.0
2017-01-23,201701234278004,RBCL,59,56,15,14122.0,211830.0
2017-01-23,201701234277896,RBCL,59,56,10,14410.0,144100.0
2017-01-23,201701234277872,RBCL,59,44,10,14700.0,147000.0
2017-01-23,201701234278147,RHPC,57,32,68,217.0,14756.0
2017-01-23,201701234278138,RHPC,57,1,180,214.0,38520.0
2017-01-23,201701234278127,RHPC,57,6,179,215.0,38485.0
2017-01-23,201701234278095,RHPC,28,32,92,212.0,19504.0
2017-01-23,201701234277922,RHPC,17,28,15,210.0,3150.0
2017-01-23,201701234277919,RHPC,13,28,15,210.0,3150.0
2017-01-23,201701234277913,RHPC,16,28,15,211.0,3165.0
2017-01-23,201701234277848,RHPC,16,21,16,212.0,3392.0
2017-01-23,201701234277978,RMDC,39,42,10,597.0,5970.0
2017-01-23,201701234277956,RMDC,55,21,36,597.0,21492.0
2017-01-23,201701234277893,SAFL,57,38,2000,258.0,516000.0
2017-01-23,201701234277892,SAFL,57,58,500,255.0,127500.0
2017-01-23,201701234277886,SAFL,57,29,169,253.0,42757.0
2017-01-23,201701234278136,SANIMA,45,56,130,518.0,67340.0
2017-01-23,201701234278125,SANIMA,25,44,84,518.0,43512.0
2017-01-23,201701234278083,SANIMA,14,56,100,517.0,51700.0
2017-01-23,201701234277934,SANIMA,52,17,175,518.0,90650.0
2017-01-23,201701234277682,SANIMA,46,56,100,518.0,51800.0
2017-01-23,201701234277680,SANIMA,1,47,100,519.0,51900.0
2017-01-23,201701234278116,SBBLJ,6,50,240,313.0,75120.0
2017-01-23,201701234278115,SBBLJ,20,50,10,313.0,3130.0
2017-01-23,201701234278107,SBI,33,32,100,1520.0,152000.0
2017-01-23,201701234278106,SBI,17,32,100,1520.0,152000.0
2017-01-23,201701234277773,SBI,58,17,200,1515.0,303000.0
2017-01-23,201701234277755,SBI,25,57,32,1514.0,48448.0
2017-01-23,201701234277739,SBI,29,17,20,1514.0,30280.0
2017-01-23,201701234277727,SBI,29,57,70,1514.0,105980.0
2017-01-23,201701234277724,SBI,21,57,40,1514.0,60560.0
2017-01-23,201701234278155,SBL,14,48,12,981.0,11772.0
2017-01-23,201701234278050,SBL,41,48,100,980.0,98000.0
2017-01-23,201701234278003,SBL,57,48,50,980.0,49000.0
2017-01-23,201701234278002,SBL,14,48,200,980.0,196000.0
2017-01-23,201701234278001,SBL,47,48,50,980.0,49000.0
2017-01-23,201701234278000,SBL,5,48,100,980.0,98000.0
2017-01-23,201701234277774,SBL,22,48,20,983.0,19660.0
2017-01-23,201701234277946,SBL,48,43,50,980.0,49000.0
2017-01-23,201701234277945,SBL,54,43,50,981.0,49050.0
2017-01-23,201701234277926,SBL,58,48,780,982.0,765960.0
2017-01-23,201701234277903,SBL,48,11,100,980.0,98000.0
2017-01-23,201701234277857,SBL,38,45,100,980.0,98000.0
2017-01-23,201701234277775,SBL,45,48,200,980.0,196000.0
2017-01-23,201701234278151,SCB,43,26,100,2209.0,220900.0
2017-01-23,201701234278141,SCB,52,19,20,2208.0,44160.0
2017-01-23,201701234278111,SCB,21,40,20,2205.0,44100.0
2017-01-23,201701234277885,SCB,41,11,200,2205.0,441000.0
2017-01-23,201701234277786,SCB,55,1,50,2200.0,110000.0
2017-01-23,201701234277765,SCB,55,11,80,2200.0,176000.0
2017-01-23,201701234277764,SCB,55,11,20,2201.0,44020.0
2017-01-23,201701234277819,SDBL,48,13,300,325.0,97500.0
2017-01-23,201701234277737,SDBL,48,1,600,325.0,195000.0
2017-01-23,201701234278105,SETI,17,49,160,184.0,29440.0
2017-01-23,201701234278104,SETI,14,49,100,184.0,18400.0
2017-01-23,201701234277793,SHL,16,17,300,308.0,92400.0
2017-01-23,201701234277897,SIC,21,34,38,1120.0,42560.0
2017-01-23,201701234277884,SIC,26,35,136,1120.0,152320.0
2017-01-23,201701234278150,SICL,26,26,28,2090.0,58520.0
2017-01-23,201701234278129,SICL,26,26,28,2086.0,58408.0
2017-01-23,201701234278110,SICL,26,26,28,2086.0,58408.0
2017-01-23,201701234277912,SICL,56,19,100,2090.0,209000.0
2017-01-23,201701234277879,SICL,54,14,71,2085.0,148035.0
2017-01-23,201701234277789,SICL,8,14,100,2076.0,207600.0
2017-01-23,201701234277951,SIGS1,17,17,12200,22.15,270230.0
2017-01-23,201701234277927,SIGS1,17,55,3000,22.15,66450.0
2017-01-23,201701234278130,SIL,36,33,150,1275.0,191250.0
2017-01-23,201701234278075,SIL,41,44,20,1270.0,25400.0
2017-01-23,201701234278074,SIL,36,44,80,1270.0,101600.0
2017-01-23,201701234278073,SIL,41,44,100,1271.0,127100.0
2017-01-23,201701234277925,SIL,41,56,400,1271.0,508400.0
2017-01-23,201701234277924,SIL,54,56,100,1272.0,127200.0
2017-01-23,201701234277895,SIL,10,44,200,1279.0,255800.0
2017-01-23,201701234277736,SIL,10,33,500,1280.0,640000.0
2017-01-23,201701234277735,SIL,10,44,300,1279.0,383700.0
2017-01-23,201701234277899,SLICL,35,6,100,678.0,67800.0
2017-01-23,201701234277898,SLICL,22,6,20,679.0,13580.0
2017-01-23,201701234277842,SRBL,6,6,50,484.0,24200.0
2017-01-23,201701234277841,SRBL,56,6,300,484.0,145200.0
2017-01-23,201701234277840,SRBL,25,6,100,484.0,48400.0
2017-01-23,201701234277839,SRBL,47,6,50,484.0,24200.0
2017-01-23,201701234277917,UIC,38,57,100,1090.0,109000.0
2017-01-23,201701234278084,UNL,11,11,10,28090.0,280900.0
2017-01-23,201701234277756,VLBS,26,55,10,755.0,7550.0
2017-01-23,201701234277744,VLBS,26,55,10,755.0,7550.0
2017-01-23,201701234278159,VSDBL,41,5,230,181.0,41630.0
2017-01-23,201701234278158,VSDBL,41,5,60,181.0,10860.0
2017-01-23,201701234278064,VSDBL,41,39,80,181.0,14480.0
2017-01-23,201701234277953,VSDBL,41,40,50,181.0,9050.0
2017-01-23,201701234278152,WDBL,32,17,50,295.0,14750.0
2017-01-23,201701234277836,YETI,37,50,630,265.0,166950.0
2017-01-23,201701234277667,ADBL,14,36,200,520.0,104000.0
2017-01-23,201701234277666,ADBL,29,36,20,520.0,10400.0
2017-01-23,201701234277643,ADBL,49,29,36,524.0,18864.0
2017-01-23,201701234277319,ADBL,49,34,10,521.0,5210.0
2017-01-23,201701234277318,ADBL,8,34,30,521.0,15630.0
2017-01-23,201701234277303,ADBL,14,52,160,522.0,83520.0
2017-01-23,201701234277302,ADBL,25,52,60,522.0,31320.0
2017-01-23,201701234277485,ADBL,29,49,580,520.0,301600.0
2017-01-23,201701234277484,ADBL,19,49,40,520.0,20800.0
2017-01-23,201701234277483,ADBL,48,49,200,520.0,104000.0
2017-01-23,201701234277482,ADBL,17,49,170,521.0,88570.0
2017-01-23,201701234277481,ADBL,49,49,10,521.0,5210.0
2017-01-23,201701234277321,ADBL,49,34,30,521.0,15630.0
2017-01-23,201701234277662,AHPC,28,57,300,248.0,74400.0
2017-01-23,201701234277400,AHPC,28,22,110,249.0,27390.0
2017-01-23,201701234277399,AHPC,28,38,1300,248.0,322400.0
2017-01-23,201701234277390,AHPC,56,38,500,248.0,124000.0
2017-01-23,201701234277389,AHPC,48,38,400,248.0,99200.0
2017-01-23,201701234277179,AHPC,56,49,99,248.0,24552.0
2017-01-23,201701234277401,ALDBL,32,1,185,298.0,55130.0
2017-01-23,201701234277527,ALICL,34,17,200,1360.0,272000.0
2017-01-23,201701234277526,ALICL,19,17,20,1362.0,27240.0
2017-01-23,201701234277510,ALICL,16,17,100,1361.0,136100.0
2017-01-23,201701234277406,ALICL,28,17,200,1360.0,272000.0
2017-01-23,201701234277405,ALICL,19,17,500,1361.0,680500.0
2017-01-23,201701234277404,ALICL,21,17,100,1365.0,136500.0
2017-01-23,201701234277665,API,41,14,26,390.0,10140.0
2017-01-23,201701234277345,API,5,35,26,390.0,10140.0
2017-01-23,201701234277614,BOKL,26,26,100,601.0,60100.0
2017-01-23,201701234277414,BOKL,42,52,82,601.0,49282.0
2017-01-23,201701234277397,BOKL,13,17,50,602.0,30100.0
2017-01-23,201701234277367,BOKL,47,1,100,601.0,60100.0
2017-01-23,201701234277366,BOKL,55,1,100,601.0,60100.0
2017-01-23,201701234277314,BOKL,13,19,100,602.0,60200.0
2017-01-23,201701234277284,BOKL,52,19,500,602.0,301000.0
2017-01-23,201701234277265,BOKL,42,19,400,602.0,240800.0
2017-01-23,201701234277241,BOKL,57,19,500,602.0,301000.0
2017-01-23,201701234277207,BOKL,25,19,100,602.0,60200.0
2017-01-23,201701234277456,BPCL,13,10,100,542.0,54200.0
2017-01-23,201701234277453,BPCL,52,10,400,541.0,216400.0
2017-01-23,201701234277327,BPCL,13,17,400,545.0,218000.0
2017-01-23,201701234277478,CBLPO,56,10,9760,135.0,1317600.0
2017-01-23,201701234277663,CCBL,17,17,56,323.0,18088.0
2017-01-23,201701234277648,CCBL,17,17,64,323.0,20672.0
2017-01-23,201701234277645,CCBL,17,7,16,323.0,5168.0
2017-01-23,201701234277632,CCBL,56,45,30,322.0,9660.0
2017-01-23,201701234277630,CCBL,17,17,64,322.0,20608.0
2017-01-23,201701234277626,CCBL,17,22,16,322.0,5152.0
2017-01-23,201701234277475,CCBL,50,50,200,322.0,64400.0
2017-01-23,201701234277446,CCBL,20,26,143,323.0,46189.0
2017-01-23,201701234277441,CCBL,20,29,17,322.0,5474.0
2017-01-23,201701234277439,CCBL,20,29,71,322.0,22862.0
2017-01-23,201701234277342,CCBL,36,5,42,321.0,13482.0
2017-01-23,201701234277197,CCBL,47,52,59,321.0,18939.0
2017-01-23,201701234277619,CHCL,59,16,200,809.0,161800.0
2017-01-23,201701234277251,CHCL,11,19,20,808.0,16160.0
2017-01-23,201701234277225,CHCL,26,26,101,806.0,81406.0
2017-01-23,201701234277613,CZBIL,34,10,200,467.0,93400.0
2017-01-23,201701234277610,CZBIL,46,17,100,469.0,46900.0
2017-01-23,201701234277599,CZBIL,19,6,300,468.0,140400.0
2017-01-23,201701234277563,CZBIL,32,34,30,468.0,14040.0
2017-01-23,201701234277538,CZBIL,35,44,1000,467.0,467000.0
2017-01-23,201701234277537,CZBIL,25,44,100,467.0,46700.0
2017-01-23,201701234277215,CZBIL,13,44,500,469.0,234500.0
2017-01-23,201701234277214,CZBIL,13,17,340,469.0,159460.0
2017-01-23,201701234277183,CZBIL,41,49,17,467.0,7939.0
2017-01-23,201701234277536,CZBIL,48,44,100,467.0,46700.0
2017-01-23,201701234277495,CZBIL,13,44,600,468.0,280800.0
2017-01-23,201701234277408,CZBIL,1,44,100,468.0,46800.0
2017-01-23,201701234277388,CZBIL,36,44,100,468.0,46800.0
2017-01-23,201701234277329,CZBIL,48,44,200,468.0,93600.0
2017-01-23,201701234277244,CZBIL,35,17,190,467.0,88730.0
2017-01-23,201701234277601,DBBL,41,17,50,214.0,10700.0
2017-01-23,201701234277600,DBBL,41,6,50,214.0,10700.0
2017-01-23,201701234277386,DBBL,32,6,150,214.0,32100.0
2017-01-23,201701234277385,DBBL,32,17,50,213.0,10650.0
2017-01-23,201701234277332,DBBL,10,32,150,212.0,31800.0
2017-01-23,201701234277331,DBBL,45,32,250,212.0,53000.0
2017-01-23,201701234277330,DBBL,36,32,100,212.0,21200.0
2017-01-23,201701234277425,DDBL,37,44,50,2249.0,112450.0
2017-01-23,201701234277272,DDBL,48,32,150,2235.0,335250.0
2017-01-23,201701234277271,DDBL,35,32,100,2240.0,224000.0
2017-01-23,201701234277270,DDBL,45,32,200,2241.0,448200.0
2017-01-23,201701234277269,DDBL,19,32,100,2242.0,224200.0
2017-01-23,201701234277216,DDBL,1,44,20,2249.0,44980.0
2017-01-23,201701234277199,DDBL,1,44,40,2249.0,89960.0
2017-01-23,201701234277646,EBL,41,10,50,1883.0,94150.0
2017-01-23,201701234277589,EBL,46,16,50,1885.0,94250.0
2017-01-23,201701234277509,EBL,16,16,240,1881.0,451440.0
2017-01-23,201701234277357,EBL,43,1,50,1877.0,93850.0
2017-01-23,201701234277213,EDBL,44,26,160,577.0,92320.0
2017-01-23,201701234277212,EDBL,37,26,50,578.0,28900.0
2017-01-23,201701234277471,EIC,19,11,200,1529.0,305800.0
2017-01-23,201701234277470,EIC,46,11,20,1530.0,30600.0
2017-01-23,201701234277469,EIC,46,11,200,1535.0,307000.0
2017-01-23,201701234277468,EIC,11,11,100,1536.0,153600.0
2017-01-23,201701234277313,GBBL,4,51,10,385.0,3850.0
2017-01-23,201701234277312,GBBL,14,51,50,385.0,19250.0
2017-01-23,201701234277311,GBBL,14,51,50,385.0,19250.0
2017-01-23,201701234277310,GBBL,14,51,50,385.0,19250.0
2017-01-23,201701234277309,GBBL,21,51,40,385.0,15400.0
2017-01-23,201701234277308,GBBL,1,51,100,386.0,38600.0
2017-01-23,201701234277276,GBBL,13,29,92,387.0,35604.0
2017-01-23,201701234277410,GBIME,40,1,100,418.0,41800.0
2017-01-23,201701234277409,GBIME,40,17,1440,418.0,601920.0
2017-01-23,201701234277334,GBIME,21,17,60,418.0,25080.0
2017-01-23,201701234277209,GBIME,40,36,800,418.0,334400.0
2017-01-23,201701234277433,GIMES1,10,29,2500,10.4,26000.0
2017-01-23,201701234277413,GLICL,11,5,100,670.0,67000.0
2017-01-23,201701234277412,GLICL,59,5,100,670.0,67000.0
2017-01-23,201701234277411,GLICL,5,5,100,675.0,67500.0
2017-01-23,201701234277407,GRDBL,34,25,21,500.0,10500.0
2017-01-23,201701234277343,GRDBL,14,26,10,500.0,5000.0
2017-01-23,201701234277340,GRDBL,14,26,10,500.0,5000.0
2017-01-23,201701234277335,GRDBL,14,26,10,500.0,5000.0
2017-01-23,201701234277275,GRDBL,18,26,10,505.0,5050.0
2017-01-23,201701234277266,GRDBL,14,26,10,500.0,5000.0
2017-01-23,201701234277211,GRDBL,29,26,10,508.0,5080.0
2017-01-23,201701234277249,GRDBL,42,26,10,505.0,5050.0
2017-01-23,201701234277246,GRDBL,42,26,10,505.0,5050.0
2017-01-23,201701234277240,GRDBL,59,26,10,505.0,5050.0
2017-01-23,201701234277227,GRDBL,59,26,10,505.0,5050.0
2017-01-23,201701234277220,GRDBL,59,26,10,505.0,5050.0
2017-01-23,201701234277217,GRDBL,29,26,10,508.0,5080.0
2017-01-23,201701234277556,HBL,21,26,100,891.0,89100.0
2017-01-23,201701234277363,HGI,36,34,220,1300.0,286000.0
2017-01-23,201701234277362,HGI,11,34,180,1300.0,234000.0
2017-01-23,201701234277361,HGI,56,34,100,1300.0,130000.0
2017-01-23,201701234277654,HIDCL,58,48,56,221.0,12376.0
2017-01-23,201701234277653,HIDCL,58,48,56,221.0,12376.0
2017-01-23,201701234277651,HIDCL,13,34,200,220.0,44000.0
2017-01-23,201701234277196,HIDCL,14,53,56,220.0,12320.0
2017-01-23,201701234277187,HIDCL,8,49,32,220.0,7040.0
2017-01-23,201701234277298,HIDCL,22,45,44,222.0,9768.0
2017-01-23,201701234277289,HIDCL,57,45,1000,222.0,222000.0
2017-01-23,201701234277283,HIDCL,22,45,420,222.0,93240.0
2017-01-23,201701234277395,HIDCL,13,11,200,220.0,44000.0
2017-01-23,201701234277394,HIDCL,13,11,1000,220.0,220000.0
2017-01-23,201701234277393,HIDCL,14,11,800,220.0,176000.0
2017-01-23,201701234277392,HIDCL,14,11,1000,221.0,221000.0
2017-01-23,201701234277656,KBL,7,41,100,538.0,53800.0
2017-01-23,201701234277557,KBL,7,52,33,537.0,17721.0
2017-01-23,201701234277533,KBL,16,46,200,537.0,107400.0
2017-01-23,201701234277531,KBL,58,46,100,537.0,53700.0
2017-01-23,201701234277462,KBL,36,46,100,537.0,53700.0
2017-01-23,201701234277455,KBL,4,46,100,537.0,53700.0
2017-01-23,201701234277355,KBL,32,10,100,538.0,53800.0
2017-01-23,201701234277325,KBL,17,52,20,536.0,10720.0
2017-01-23,201701234277324,KBL,22,52,100,537.0,53700.0
2017-01-23,201701234277323,KBL,22,52,30,537.0,16110.0
2017-01-23,201701234277322,KBL,32,52,50,537.0,26850.0
2017-01-23,201701234277218,KBL,11,52,214,537.0,114918.0
2017-01-23,201701234277591,KKHC,19,50,16,252.0,4032.0
2017-01-23,201701234277566,KKHC,18,50,16,252.0,4032.0
2017-01-23,201701234277501,KKHC,14,50,16,251.0,4016.0
2017-01-23,201701234277479,KKHC,18,46,16,252.0,4032.0
2017-01-23,201701234277402,KKHC,18,52,16,251.0,4016.0
2017-01-23,201701234277542,KMCDB,32,43,50,1630.0,81500.0
2017-01-23,201701234277511,KMCDB,26,58,50,1601.0,80050.0
2017-01-23,201701234277500,KMCDB,32,58,50,1601.0,80050.0
2017-01-23,201701234277661,KMFL,45,44,10,1754.0,17540.0
2017-01-23,201701234277642,KMFL,45,44,10,1754.0,17540.0
2017-01-23,201701234277641,KMFL,45,44,10,1754.0,17540.0
2017-01-23,201701234277640,KMFL,55,44,10,1755.0,17550.0
2017-01-23,201701234277627,LBL,28,29,50,755.0,37750.0
2017-01-23,201701234277612,LBL,29,29,100,755.0,75500.0
2017-01-23,201701234277458,LBL,11,19,150,751.0,112650.0
2017-01-23,201701234277457,LBL,20,19,50,753.0,37650.0
2017-01-23,201701234277379,LBL,32,29,170,755.0,128350.0
2017-01-23,201701234277378,LBL,32,43,30,754.0,22620.0
2017-01-23,201701234277287,LBL,11,43,20,754.0,15080.0
2017-01-23,201701234277282,LBL,11,50,100,753.0,75300.0
2017-01-23,201701234277280,LBL,11,39,82,753.0,61746.0
2017-01-23,201701234277208,LBL,11,43,100,754.0,75400.0
2017-01-23,201701234277204,LBL,11,29,100,755.0,75500.0
2017-01-23,201701234277192,LBL,1,39,100,753.0,75300.0
2017-01-23,201701234277223,LFC,56,14,100,183.0,18300.0
2017-01-23,201701234277562,LGIL,49,28,100,1304.0,130400.0
2017-01-23,201701234277561,LGIL,49,28,100,1304.0,130400.0
2017-01-23,201701234277560,LGIL,1,28,50,1306.0,65300.0
2017-01-23,201701234277448,LLBS,28,56,100,1100.0,110000.0
2017-01-23,201701234277259,LLBS,57,13,11,1115.0,12265.0
2017-01-23,201701234277576,MBL,6,32,500,389.0,194500.0
2017-01-23,201701234277575,MBL,45,32,200,389.0,77800.0
2017-01-23,201701234277574,MBL,32,32,100,390.0,39000.0
2017-01-23,201701234277573,MBL,57,32,260,391.0,101660.0
2017-01-23,201701234277454,MBL,1,41,30,391.0,11730.0
2017-01-23,201701234277426,MBL,52,52,66,390.0,25740.0
2017-01-23,201701234277372,MBL,41,56,150,392.0,58800.0
2017-01-23,201701234277370,MBL,41,56,68,392.0,26656.0
2017-01-23,201701234277368,MBL,41,7,105,391.0,41055.0
2017-01-23,201701234277226,MBL,1,52,25,391.0,9775.0
2017-01-23,201701234277219,MBL,57,52,200,391.0,78200.0
2017-01-23,201701234277250,MDB,32,17,200,488.0,97600.0
2017-01-23,201701234277435,MLBBL,14,56,30,712.0,21360.0
2017-01-23,201701234277543,MLBL,25,14,500,258.0,129000.0
2017-01-23,201701234277277,MLBL,25,25,5149,256.0,1318144.0
2017-01-23,201701234277595,NABIL,3,41,69,1505.0,103845.0
2017-01-23,201701234277551,NABIL,46,13,30,1505.0,45150.0
2017-01-23,201701234277550,NABIL,46,41,70,1505.0,105350.0
2017-01-23,201701234277377,NABIL,45,41,30,1505.0,45150.0
2017-01-23,201701234277624,NABILP,25,22,10,1124.0,11240.0
2017-01-23,201701234277621,NABILP,16,22,100,1124.0,112400.0
2017-01-23,201701234277569,NABILP,33,22,200,1120.0,224000.0
2017-01-23,201701234277445,NABILP,18,18,879,1115.0,980085.0
2017-01-23,201701234277664,NBB,29,10,100,720.0,72000.0
2017-01-23,201701234277631,NBB,28,10,50,720.0,36000.0
2017-01-23,201701234277611,NBB,34,10,10,720.0,7200.0
2017-01-23,201701234277443,NBB,19,17,61,718.0,43798.0
2017-01-23,201701234277384,NBB,58,17,500,716.0,358000.0
2017-01-23,201701234277285,NBB,52,36,138,718.0,99084.0
2017-01-23,201701234277347,NBB,11,34,160,720.0,115200.0
2017-01-23,201701234277317,NBB,57,51,32,719.0,23008.0
2017-01-23,201701234277295,NBB,45,47,68,717.0,48756.0
2017-01-23,201701234277292,NBB,39,47,100,718.0,71800.0
2017-01-23,201701234277291,NBB,39,47,100,718.0,71800.0
2017-01-23,201701234277290,NBB,36,47,30,718.0,21540.0
2017-01-23,201701234277382,NBB,38,17,100,716.0,71600.0
2017-01-23,201701234277381,NBB,35,17,200,716.0,143200.0
2017-01-23,201701234277360,NBB,29,8,50,717.0,35850.0
2017-01-23,201701234277359,NBB,42,8,50,717.0,35850.0
2017-01-23,201701234277358,NBB,47,8,20,717.0,14340.0
2017-01-23,201701234277356,NBB,11,10,90,720.0,64800.0
2017-01-23,201701234277424,NBF1,56,11,17000,18.3,311100.0
2017-01-23,201701234277423,NBF1,14,11,3000,18.31,54930.0
2017-01-23,201701234277422,NBF1,17,11,10000,18.35,183500.0
2017-01-23,201701234277222,NBF1,34,47,2287,18.26,41760.62
2017-01-23,201701234277598,NBL,6,22,60,406.0,24360.0
2017-01-23,201701234277243,NBL,56,22,380,403.0,153140.0
2017-01-23,201701234277242,NBL,56,22,200,403.0,80600.0
2017-01-23,201701234277657,NGPL,25,25,10,275.0,2750.0
2017-01-23,201701234277655,NGPL,25,25,10,275.0,2750.0
2017-01-23,201701234277652,NGPL,25,25,10,275.0,2750.0
2017-01-23,201701234277549,NHPC,34,19,1000,142.0,142000.0
2017-01-23,201701234277320,NHPC,45,1,100,140.0,14000.0
2017-01-23,201701234277315,NHPC,45,39,500,142.0,71000.0
2017-01-23,201701234277268,NHPC,45,42,100,144.0,14400.0
2017-01-23,201701234277267,NHPC,45,6,4000,144.0,576000.0
2017-01-23,201701234277264,NHPC,45,41,200,143.0,28600.0
2017-01-23,201701234277256,NHPC,45,19,1000,142.0,142000.0
2017-01-23,201701234277255,NHPC,45,37,1000,141.0,141000.0
2017-01-23,201701234277254,NHPC,45,58,500,141.0,70500.0
2017-01-23,201701234277253,NHPC,45,37,500,141.0,70500.0
2017-01-23,201701234277252,NHPC,45,16,750,141.0,105750.0
2017-01-23,201701234277191,NHPC,35,14,500,140.0,70000.0
2017-01-23,201701234277263,NHPC,45,58,250,143.0,35750.0
2017-01-23,201701234277262,NHPC,45,58,2300,143.0,328900.0
2017-01-23,201701234277261,NHPC,45,7,1000,143.0,143000.0
2017-01-23,201701234277260,NHPC,45,43,100,143.0,14300.0
2017-01-23,201701234277258,NHPC,45,26,500,142.0,71000.0
2017-01-23,201701234277257,NHPC,45,59,550,142.0,78100.0
2017-01-23,201701234277644,NIB,46,28,32,702.0,22464.0
2017-01-23,201701234277622,NIB,46,45,40,702.0,28080.0
2017-01-23,201701234277615,NIB,46,29,32,702.0,22464.0
2017-01-23,201701234277568,NIB,46,29,32,702.0,22464.0
2017-01-23,201701234277567,NIB,56,10,32,701.0,22432.0
2017-01-23,201701234277547,NIB,46,14,32,702.0,22464.0
2017-01-23,201701234277193,NIB,56,35,360,701.0,252360.0
2017-01-23,201701234277190,NIB,56,11,328,701.0,229928.0
2017-01-23,201701234277184,NIB,34,53,26,700.0,18200.0
2017-01-23,201701234277294,NIB,56,42,32,701.0,22432.0
2017-01-23,201701234277293,NIB,56,7,43,701.0,30143.0
2017-01-23,201701234277237,NIB,56,42,32,701.0,22432.0
2017-01-23,201701234277224,NIB,56,42,32,701.0,22432.0
2017-01-23,201701234277221,NIB,56,7,500,701.0,350500.0
2017-01-23,201701234277194,NIB,56,53,82,701.0,57482.0
2017-01-23,201701234277353,NIB,56,5,32,701.0,22432.0
2017-01-23,201701234277333,NIB,56,39,32,701.0,22432.0
2017-01-23,201701234277328,NIB,56,39,32,701.0,22432.0
2017-01-23,201701234277326,NIB,56,5,32,701.0,22432.0
2017-01-23,201701234277300,NIB,56,7,130,701.0,91130.0
2017-01-23,201701234277296,NIB,56,42,32,701.0,22432.0
2017-01-23,201701234277539,NIB,46,14,32,702.0,22464.0
2017-01-23,201701234277473,NIB,47,48,114,701.0,79914.0
2017-01-23,201701234277427,NIB,56,29,19,701.0,13319.0
2017-01-23,201701234277391,NIB,56,52,50,701.0,35050.0
2017-01-23,201701234277376,NIB,56,45,194,701.0,135994.0
2017-01-23,201701234277365,NIB,56,28,32,701.0,22432.0
2017-01-23,201701234277375,NIBPO,34,34,300,636.0,190800.0
2017-01-23,201701234277374,NIBPO,6,34,100,636.0,63600.0
2017-01-23,201701234277449,NIBSF1,14,55,3000,11.2,33600.0
2017-01-23,201701234277564,NICA,34,17,100,493.0,49300.0
2017-01-23,201701234277480,NICA,56,17,10,493.0,4930.0
2017-01-23,201701234277434,NICA,17,17,20,493.0,9860.0
2017-01-23,201701234277396,NICA,49,17,16,493.0,7888.0
2017-01-23,201701234277336,NICA,29,22,50,489.0,24450.0
2017-01-23,201701234277299,NICA,41,10,20,492.0,9840.0
2017-01-23,201701234277288,NICA,41,5,46,492.0,22632.0
2017-01-23,201701234277201,NICA,49,26,63,492.0,30996.0
2017-01-23,201701234277195,NICA,48,47,34,489.0,16626.0
2017-01-23,201701234277186,NICA,47,47,207,489.0,101223.0
2017-01-23,201701234277274,NICL,49,49,35,855.0,29925.0
2017-01-23,201701234277490,NIL,53,11,150,799.0,119850.0
2017-01-23,201701234277489,NIL,17,11,50,800.0,40000.0
2017-01-23,201701234277488,NIL,59,11,100,815.0,81500.0
2017-01-23,201701234277487,NIL,54,11,50,815.0,40750.0
2017-01-23,201701234277486,NIL,52,11,50,816.0,40800.0
2017-01-23,201701234277529,NLG,8,33,200,1240.0,248000.0
2017-01-23,201701234277523,NLG,58,33,46,1240.0,57040.0
2017-01-23,201701234277514,NLG,58,33,20,1240.0,24800.0
2017-01-23,201701234277513,NLG,46,33,100,1240.0,124000.0
2017-01-23,201701234277512,NLG,29,33,80,1240.0,99200.0
2017-01-23,201701234277477,NLG,52,45,500,1245.0,622500.0
2017-01-23,201701234277474,NLG,45,45,500,1246.0,623000.0
2017-01-23,201701234277189,NLG,18,33,50,1250.0,62500.0
2017-01-23,201701234277188,NLG,18,33,100,1250.0,125000.0
2017-01-23,201701234277508,NLIC,39,11,190,2663.0,505970.0
2017-01-23,201701234277507,NLIC,37,11,100,2664.0,266400.0
2017-01-23,201701234277506,NLIC,32,11,100,2665.0,266500.0
2017-01-23,201701234277505,NLIC,26,11,10,2665.0,26650.0
2017-01-23,201701234277504,NLIC,5,11,20,2675.0,53500.0
2017-01-23,201701234277503,NLIC,32,11,30,2676.0,80280.0
2017-01-23,201701234277502,NLIC,38,11,50,2677.0,133850.0
2017-01-23,201701234277416,NLIC,26,16,30,2680.0,80400.0
2017-01-23,201701234277316,NLIC,46,17,100,2680.0,268000.0
2017-01-23,201701234277297,NLIC,42,28,50,2680.0,134000.0
2017-01-23,201701234277528,NLICL,26,26,50,2049.0,102450.0
2017-01-23,201701234277647,NMB,46,53,122,501.0,61122.0
2017-01-23,201701234277620,NMB,42,58,316,500.0,158000.0
2017-01-23,201701234277617,NMB,42,1,324,500.0,162000.0
2017-01-23,201701234277552,NMB,56,51,100,500.0,50000.0
2017-01-23,201701234277541,NMB,3,34,25,500.0,12500.0
2017-01-23,201701234277349,NMB,16,19,100,500.0,50000.0
2017-01-23,201701234277344,NMB,11,58,200,500.0,100000.0
2017-01-23,201701234277339,NMB,11,58,200,500.0,100000.0
2017-01-23,201701234277205,NMB,34,47,204,498.0,101592.0
2017-01-23,201701234277521,NMBMF,26,13,11,1470.0,16170.0
2017-01-23,201701234277247,NMBMF,11,6,11,1465.0,16115.0
2017-01-23,201701234277444,NMBSF1,17,11,12000,11.76,141120.0
2017-01-23,201701234277438,NMBSF1,47,11,5000,11.86,59300.0
2017-01-23,201701234277437,NMBSF1,47,11,5000,11.9,59500.0
2017-01-23,201701234277436,NMBSF1,53,11,3000,12.0,36000.0
2017-01-23,201701234277248,NMBSF1,53,54,2000,12.1,24200.0
2017-01-23,201701234277182,NMBSF1,45,54,15000,12.0,180000.0
2017-01-23,201701234277181,NMBSF1,45,54,10000,12.0,120000.0
2017-01-23,201701234277180,NMBSF1,47,54,20000,12.05,241000.0
2017-01-23,201701234277403,NTC,8,11,1000,692.0,692000.0
2017-01-23,201701234277273,NTC,52,28,1000,693.0,693000.0
2017-01-23,201701234277203,NTC,8,28,500,693.0,346500.0
2017-01-23,201701234277202,NTC,25,28,50,693.0,34650.0
2017-01-23,201701234277535,PCBL,47,6,100,408.0,40800.0
2017-01-23,201701234277534,PCBL,28,6,50,408.0,20400.0
2017-01-23,201701234277447,PCBL,47,43,50,409.0,20450.0
2017-01-23,201701234277572,PIC,39,6,120,1355.0,162600.0
2017-01-23,201701234277565,PIC,47,6,75,1359.0,101925.0
2017-01-23,201701234277555,PIC,39,6,80,1355.0,108400.0
2017-01-23,201701234277554,PIC,4,6,100,1356.0,135600.0
2017-01-23,201701234277553,PIC,19,6,20,1358.0,27160.0
2017-01-23,201701234277548,PIC,53,33,30,1359.0,40770.0
2017-01-23,201701234277239,PIC,28,33,20,1380.0,27600.0
2017-01-23,201701234277238,PIC,28,58,50,1380.0,69000.0
2017-01-23,201701234277546,PIC,53,33,50,1359.0,67950.0
2017-01-23,201701234277545,PIC,53,33,100,1359.0,135900.0
2017-01-23,201701234277544,PIC,53,33,100,1359.0,135900.0
2017-01-23,201701234277450,PIC,53,33,100,1360.0,136000.0
2017-01-23,201701234277442,PIC,38,33,100,1361.0,136100.0
2017-01-23,201701234277346,PIC,5,47,124,1360.0,168640.0
2017-01-23,201701234277590,PICL,6,11,990,1113.0,1101870.0
2017-01-23,201701234277530,PICL,10,11,10,1135.0,11350.0
2017-01-23,201701234277592,PRIN,22,38,75,1075.0,80625.0
2017-01-23,201701234277532,PRIN,52,40,200,1085.0,217000.0
2017-01-23,201701234277369,PRIN,52,49,85,1080.0,91800.0
2017-01-23,201701234277650,PRVU,13,17,300,335.0,100500.0
2017-01-23,201701234277625,PRVU,7,17,400,335.0,134000.0
2017-01-23,201701234277623,PRVU,11,17,100,335.0,33500.0
2017-01-23,201701234277616,PRVU,36,17,50,335.0,16750.0
2017-01-23,201701234277524,PRVU,11,17,200,335.0,67000.0
2017-01-23,201701234277494,PRVU,56,17,10,335.0,3350.0
2017-01-23,201701234277210,PRVU,1,47,100,334.0,33400.0
2017-01-23,201701234277185,PRVU,13,17,207,334.0,69138.0
2017-01-23,201701234277337,PRVU,55,29,100,335.0,33500.0
2017-01-23,201701234277304,PRVU,40,17,100,335.0,33500.0
2017-01-23,201701234277301,PRVU,11,17,300,335.0,100500.0
2017-01-23,201701234277279,PRVU,10,17,550,335.0,184250.0
2017-01-23,201701234277278,PRVU,10,22,300,335.0,100500.0
2017-01-23,201701234277245,PRVU,52,26,356,335.0,119260.0
2017-01-23,201701234277371,PRVU,37,56,100,334.0,33400.0
2017-01-23,201701234277364,PRVU,52,56,172,334.0,57448.0
2017-01-23,201701234277354,PRVU,50,28,100,335.0,33500.0
2017-01-23,201701234277352,PRVU,41,28,100,335.0,33500.0
2017-01-23,201701234277351,PRVU,41,17,400,335.0,134000.0
2017-01-23,201701234277338,PRVU,55,17,200,335.0,67000.0
2017-01-23,201701234277472,PRVU,38,6,265,334.0,88510.0
2017-01-23,201701234277467,PRVU,10,17,900,335.0,301500.0
2017-01-23,201701234277463,PRVU,17,17,200,335.0,67000.0
2017-01-23,201701234277461,PRVU,10,17,67,335.0,22445.0
2017-01-23,201701234277460,PRVU,10,28,2800,335.0,938000.0
2017-01-23,201701234277373,PRVU,37,56,82,334.0,27388.0
2017-01-23,201701234277522,RBCL,7,44,10,15000.0,150000.0
2017-01-23,201701234277440,RBCL,7,56,20,15000.0,300000.0
2017-01-23,201701234277200,SADBL,1,17,100,338.0,33800.0
2017-01-23,201701234277559,SAFL,22,6,195,254.0,49530.0
2017-01-23,201701234277558,SAFL,22,33,100,253.0,25300.0
2017-01-23,201701234277597,SANIMA,49,47,30,519.0,15570.0
2017-01-23,201701234277596,SANIMA,49,10,20,519.0,10380.0
2017-01-23,201701234277234,SANIMA,16,17,180,516.0,92880.0
2017-01-23,201701234277233,SANIMA,55,17,20,516.0,10320.0
2017-01-23,201701234277232,SANIMA,32,17,100,516.0,51600.0
2017-01-23,201701234277231,SANIMA,11,17,200,516.0,103200.0
2017-01-23,201701234277230,SANIMA,53,17,100,516.0,51600.0
2017-01-23,201701234277229,SANIMA,44,17,50,516.0,25800.0
2017-01-23,201701234277228,SANIMA,11,17,200,517.0,103400.0
2017-01-23,201701234277206,SANIMA,17,44,10,520.0,5200.0
2017-01-23,201701234277198,SANIMA,40,44,100,520.0,52000.0
2017-01-23,201701234277525,SBBLJ,17,16,50,318.0,15900.0
2017-01-23,201701234277499,SBBLJ,40,16,500,318.0,159000.0
2017-01-23,201701234277498,SBBLJ,29,16,50,318.0,15900.0
2017-01-23,201701234277497,SBBLJ,25,16,300,319.0,95700.0
2017-01-23,201701234277496,SBBLJ,14,16,100,320.0,32000.0
2017-01-23,201701234277341,SBBLJ,40,16,200,324.0,64800.0
2017-01-23,201701234277493,SBI,10,17,80,1515.0,121200.0
2017-01-23,201701234277492,SBI,10,56,100,1514.0,151400.0
2017-01-23,201701234277491,SBI,10,7,20,1513.0,30260.0
2017-01-23,201701234277421,SBI,32,32,200,1510.0,302000.0
2017-01-23,201701234277286,SBI,33,47,200,1513.0,302600.0
2017-01-23,201701234277649,SBL,13,48,60,980.0,58800.0
2017-01-23,201701234277571,SBL,4,48,100,980.0,98000.0
2017-01-23,201701234277570,SBL,3,48,50,983.0,49150.0
2017-01-23,201701234277520,SBL,16,48,100,980.0,98000.0
2017-01-23,201701234277519,SBL,19,48,150,980.0,147000.0
2017-01-23,201701234277518,SBL,11,48,100,980.0,98000.0
2017-01-23,201701234277170,SBL,3,48,50,982.0,49100.0
2017-01-23,201701234277169,SBL,47,48,100,982.0,98200.0
2017-01-23,201701234277168,SBL,1,48,500,982.0,491000.0
2017-01-23,201701234277176,SBL,32,48,200,980.0,196000.0
2017-01-23,201701234277175,SBL,41,48,100,980.0,98000.0
2017-01-23,201701234277174,SBL,21,48,50,980.0,49000.0
2017-01-23,201701234277173,SBL,11,48,200,980.0,196000.0
2017-01-23,201701234277172,SBL,36,48,100,981.0,98100.0
2017-01-23,201701234277171,SBL,39,48,100,981.0,98100.0
2017-01-23,201701234277517,SBL,11,48,100,980.0,98000.0
2017-01-23,201701234277516,SBL,6,48,50,981.0,49050.0
2017-01-23,201701234277515,SBL,20,48,500,981.0,490500.0
2017-01-23,201701234277281,SBL,51,48,250,985.0,246250.0
2017-01-23,201701234277178,SBL,35,48,1000,980.0,980000.0
2017-01-23,201701234277177,SBL,37,48,100,980.0,98000.0
2017-01-23,201701234277660,SCB,55,42,160,2200.0,352000.0
2017-01-23,201701234277659,SCB,42,42,30,2200.0,66000.0
2017-01-23,201701234277658,SCB,14,42,10,2200.0,22000.0
2017-01-23,201701234277594,SCB,47,11,45,2210.0,99450.0
2017-01-23,201701234277593,SCB,47,48,200,2210.0,442000.0
2017-01-23,201701234277578,SCB,47,13,100,2205.0,220500.0
2017-01-23,201701234277417,SCB,54,11,70,2205.0,154350.0
2017-01-23,201701234277398,SCB,55,11,80,2205.0,176400.0
2017-01-23,201701234277380,SCB,55,52,125,2204.0,275500.0
2017-01-23,201701234277577,SCB,47,46,170,2205.0,374850.0
2017-01-23,201701234277431,SCB,14,17,50,2200.0,110000.0
2017-01-23,201701234277430,SCB,38,17,80,2200.0,176000.0
2017-01-23,201701234277429,SCB,5,17,50,2200.0,110000.0
2017-01-23,201701234277428,SCB,8,17,20,2200.0,44000.0
2017-01-23,201701234277459,SDBL,48,38,128,325.0,41600.0
2017-01-23,201701234277609,SHL,32,11,500,303.0,151500.0
2017-01-23,201701234277608,SHL,35,11,200,305.0,61000.0
2017-01-23,201701234277607,SHL,8,11,500,305.0,152500.0
2017-01-23,201701234277606,SHL,34,11,1000,306.0,306000.0
2017-01-23,201701234277605,SHL,48,11,1000,307.0,307000.0
2017-01-23,201701234277604,SHL,35,11,500,309.0,154500.0
2017-01-23,201701234277603,SHL,5,11,100,309.0,30900.0
2017-01-23,201701234277602,SHL,48,11,100,309.0,30900.0
2017-01-23,201701234277350,SHPC,13,22,18,790.0,14220.0
2017-01-23,201701234277348,SHPC,42,22,18,799.0,14382.0
2017-01-23,201701234277588,SICL,8,11,210,2071.0,434910.0
2017-01-23,201701234277587,SICL,58,11,100,2071.0,207100.0
2017-01-23,201701234277586,SICL,56,11,30,2072.0,62160.0
2017-01-23,201701234277585,SICL,53,11,100,2072.0,207200.0
2017-01-23,201701234277584,SICL,52,11,200,2073.0,414600.0
2017-01-23,201701234277583,SICL,41,11,200,2074.0,414800.0
2017-01-23,201701234277582,SICL,1,11,30,2074.0,62220.0
2017-01-23,201701234277581,SICL,37,11,50,2075.0,103750.0
2017-01-23,201701234277580,SICL,56,11,30,2075.0,62250.0
2017-01-23,201701234277579,SICL,14,11,50,2075.0,103750.0
2017-01-23,201701234277466,SIL,1,44,100,1262.0,126200.0
2017-01-23,201701234277465,SIL,8,44,300,1262.0,378600.0
2017-01-23,201701234277464,SIL,48,44,50,1262.0,63100.0
2017-01-23,201701234277387,SIL,50,50,69,1279.0,88251.0
2017-01-23,201701234277432,SKBBL,19,49,65,1000.0,65000.0
2017-01-23,201701234277420,SKBBL,54,49,200,1000.0,200000.0
2017-01-23,201701234277418,SMFDB,45,57,100,1701.0,170100.0
2017-01-23,201701234277383,SMFDB,56,38,100,1729.0,172900.0
2017-01-23,201701234277419,SMFDB,17,57,50,1700.0,85000.0
2017-01-23,201701234277618,TRH,16,51,10,202.0,2020.0
2017-01-23,201701234277540,UFL,10,56,43,260.0,11180.0
2017-01-23,201701234277639,VSDBL,58,41,80,182.0,14560.0
2017-01-23,201701234277638,VSDBL,58,39,1000,182.0,182000.0
2017-01-23,201701234277637,VSDBL,58,32,100,181.0,18100.0
2017-01-23,201701234277235,VSDBL,39,6,100,181.0,18100.0
2017-01-23,201701234277306,VSDBL,45,4,400,180.0,72000.0
2017-01-23,201701234277305,VSDBL,14,4,70,180.0,12600.0
2017-01-23,201701234277236,VSDBL,39,49,100,181.0,18100.0
2017-01-23,201701234277476,VSDBL,42,49,100,181.0,18100.0
2017-01-23,201701234277307,VSDBL,33,4,30,180.0,5400.0
2017-01-23,201701234277636,VSDBL,22,28,130,180.0,23400.0
2017-01-23,201701234277635,VSDBL,41,28,50,180.0,9000.0
2017-01-23,201701234277634,VSDBL,59,28,50,180.0,9000.0
2017-01-23,201701234277633,VSDBL,33,28,270,180.0,48600.0
2017-01-23,201701234277629,VSDBL,58,49,65,181.0,11765.0
2017-01-23,201701234277628,VSDBL,58,49,50,181.0,9050.0
2017-01-23,201701234277452,WOMI,37,57,20,1165.0,23300.0
2017-01-23,201701234277451,YETI,19,50,50,265.0,13250.0
2017-01-23,201701234277415,YETI,35,50,20,265.0,5300.0
2017-01-23,201701234277160,ADBL,25,14,38,522.0,19836.0
2017-01-23,201701234277156,ADBL,14,14,38,522.0,19836.0
2017-01-23,201701234277043,ADBL,41,25,15,522.0,7830.0
2017-01-23,201701234276776,ADBL,14,22,233,521.0,121393.0
2017-01-23,201701234276708,ADBL,19,26,49,520.0,25480.0
2017-01-23,201701234276679,ADBL,19,22,10,520.0,5200.0
2017-01-23,201701234277011,AHPC,48,17,1000,249.0,249000.0
2017-01-23,201701234276828,AHPC,48,25,765,249.0,190485.0
2017-01-23,201701234276816,AHPC,48,26,24,248.0,5952.0
2017-01-23,201701234276797,AHPC,28,25,580,247.0,143260.0
2017-01-23,201701234276754,AHPC,8,25,1000,247.0,247000.0
2017-01-23,201701234276753,AHPC,28,25,920,247.0,227240.0
2017-01-23,201701234276734,AHPC,28,17,80,247.0,19760.0
2017-01-23,201701234276732,AHPC,25,25,112,249.0,27888.0
2017-01-23,201701234276730,AHPC,32,17,496,248.0,123008.0
2017-01-23,201701234276672,ALICL,37,57,100,1374.0,137400.0
2017-01-23,201701234276716,BARUN,48,26,10,265.0,2650.0
2017-01-23,201701234277146,BOKL,25,19,900,602.0,541800.0
2017-01-23,201701234277145,BOKL,32,19,100,602.0,60200.0
2017-01-23,201701234277108,BOKL,34,58,157,601.0,94357.0
2017-01-23,201701234276905,BOKL,8,44,13,601.0,7813.0
2017-01-23,201701234276803,BOKL,32,32,100,601.0,60100.0
2017-01-23,201701234276801,BOKL,43,32,200,601.0,120200.0
2017-01-23,201701234276760,BOKL,49,52,111,600.0,66600.0
2017-01-23,201701234276749,BOKL,37,49,200,600.0,120000.0
2017-01-23,201701234276745,BOKL,25,49,50,600.0,30000.0
2017-01-23,201701234276743,BOKL,41,49,50,600.0,30000.0
2017-01-23,201701234276731,BOKL,38,32,200,601.0,120200.0
2017-01-23,201701234276684,BOKL,35,57,138,600.0,82800.0
2017-01-23,201701234277059,CBL,59,34,500,247.0,123500.0
2017-01-23,201701234277053,CBL,59,25,252,247.0,62244.0
2017-01-23,201701234276874,CBL,10,50,142,246.0,34932.0
2017-01-23,201701234276851,CBL,29,26,100,246.0,24600.0
2017-01-23,201701234276850,CBL,29,50,1000,246.0,246000.0
2017-01-23,201701234276705,CBL,10,28,235,245.0,57575.0
2017-01-23,201701234277066,CCBL,8,45,100,323.0,32300.0
2017-01-23,201701234277052,CCBL,41,45,20,324.0,6480.0
2017-01-23,201701234277024,CCBL,47,52,73,322.0,23506.0
2017-01-23,201701234277005,CCBL,44,52,84,323.0,27132.0
2017-01-23,201701234276901,CCBL,41,55,73,324.0,23652.0
2017-01-23,201701234277136,CHCL,26,43,75,807.0,60525.0
2017-01-23,201701234277133,CHCL,39,19,200,808.0,161600.0
2017-01-23,201701234277105,CHCL,11,35,64,809.0,51776.0
2017-01-23,201701234276872,CHCL,41,5,100,810.0,81000.0
2017-01-23,201701234276871,CHCL,45,5,100,810.0,81000.0
2017-01-23,201701234276722,CHCL,45,17,200,810.0,162000.0
2017-01-23,201701234277082,CZBIL,41,17,90,469.0,42210.0
2017-01-23,201701234277081,CZBIL,41,44,10,469.0,4690.0
2017-01-23,201701234277061,CZBIL,14,44,430,469.0,201670.0
2017-01-23,201701234277055,CZBIL,14,56,63,468.0,29484.0
2017-01-23,201701234277046,CZBIL,48,56,76,468.0,35568.0
2017-01-23,201701234277003,CZBIL,35,39,115,467.0,53705.0
2017-01-23,201701234276823,CZBIL,52,44,500,468.0,234000.0
2017-01-23,201701234276822,CZBIL,26,44,30,468.0,14040.0
2017-01-23,201701234276752,CZBIL,41,44,120,470.0,56400.0
2017-01-23,201701234276697,CZBIL,26,6,490,469.0,229810.0
2017-01-23,201701234276689,CZBIL,56,56,1000,470.0,470000.0
2017-01-23,201701234276678,CZBIL,26,22,10,469.0,4690.0
2017-01-23,201701234276944,CZBIL,26,6,40,467.0,18680.0
2017-01-23,201701234276943,CZBIL,1,6,100,468.0,46800.0
2017-01-23,201701234276858,CZBIL,26,44,260,467.0,121420.0
2017-01-23,201701234276826,CZBIL,28,44,500,467.0,233500.0
2017-01-23,201701234276825,CZBIL,10,44,110,468.0,51480.0
2017-01-23,201701234276824,CZBIL,48,44,100,468.0,46800.0
2017-01-23,201701234277002,CZBIL,56,44,10,469.0,4690.0
2017-01-23,201701234276995,CZBIL,14,44,30,469.0,14070.0
2017-01-23,201701234276983,CZBIL,14,56,176,468.0,82368.0
2017-01-23,201701234276969,CZBIL,41,44,20,469.0,9380.0
2017-01-23,201701234276946,CZBIL,42,6,100,467.0,46700.0
2017-01-23,201701234276945,CZBIL,26,6,150,467.0,70050.0
2017-01-23,201701234277093,DBBL,1,56,30,211.0,6330.0
2017-01-23,201701234277092,DBBL,26,56,100,211.0,21100.0
2017-01-23,201701234277091,DBBL,34,56,170,211.0,35870.0
2017-01-23,201701234277039,DBBL,45,44,400,212.0,84800.0
2017-01-23,201701234276975,DBBL,34,21,130,211.0,27430.0
2017-01-23,201701234276967,DBBL,43,44,100,212.0,21200.0
2017-01-23,201701234276952,DBBL,45,44,500,212.0,106000.0
2017-01-23,201701234277057,DDBL,58,13,50,2249.0,112450.0
2017-01-23,201701234277056,DDBL,58,44,200,2248.0,449600.0
2017-01-23,201701234277019,DDBL,6,13,50,2249.0,112450.0
2017-01-23,201701234277013,DDBL,33,44,200,2248.0,449600.0
2017-01-23,201701234276758,DDBL,6,44,10,2250.0,22500.0
2017-01-23,201701234276757,DDBL,17,44,10,2250.0,22500.0
2017-01-23,201701234276836,EBL,45,26,20,1875.0,37500.0
2017-01-23,201701234277090,GBBL,59,45,500,387.0,193500.0
2017-01-23,201701234277159,GBIME,40,57,92,418.0,38456.0
2017-01-23,201701234277135,GBIME,3,38,1000,419.0,419000.0
2017-01-23,201701234276997,GBIME,40,1,280,418.0,117040.0
2017-01-23,201701234276971,GBIME,39,1,200,418.0,83600.0
2017-01-23,201701234276853,GBIME,8,1,20,418.0,8360.0
2017-01-23,201701234276711,GBIME,35,57,86,418.0,35948.0
2017-01-23,201701234276681,GLICL,11,36,200,682.0,136400.0
2017-01-23,201701234276680,GLICL,5,36,200,685.0,137000.0
2017-01-23,201701234277131,GRDBL,50,58,20,518.0,10360.0
2017-01-23,201701234277126,GRDBL,48,57,50,510.0,25500.0
2017-01-23,201701234277125,GRDBL,1,57,150,510.0,76500.0
2017-01-23,201701234277124,GRDBL,48,57,20,510.0,10200.0
2017-01-23,201701234277123,GRDBL,48,57,100,510.0,51000.0
2017-01-23,201701234277122,GRDBL,19,57,20,510.0,10200.0
2017-01-23,201701234276671,GRDBL,52,40,10,510.0,5100.0
2017-01-23,201701234277080,GRDBL,54,58,10,515.0,5150.0
2017-01-23,201701234276887,GRDBL,48,58,30,518.0,15540.0
2017-01-23,201701234276838,GRDBL,48,58,30,518.0,15540.0
2017-01-23,201701234276837,GRDBL,10,35,10,513.0,5130.0
2017-01-23,201701234276739,GRDBL,6,13,42,510.0,21420.0
2017-01-23,201701234276677,GRDBL,52,48,10,510.0,5100.0
2017-01-23,201701234277121,GRDBL,52,57,10,510.0,5100.0
2017-01-23,201701234277120,GRDBL,10,57,20,513.0,10260.0
2017-01-23,201701234277119,GRDBL,34,57,50,514.0,25700.0
2017-01-23,201701234277118,GRDBL,54,57,130,515.0,66950.0
2017-01-23,201701234277117,GRDBL,25,57,100,516.0,51600.0
2017-01-23,201701234277104,GRDBL,54,25,10,515.0,5150.0
2017-01-23,201701234276981,HAMRO,38,20,200,398.0,79600.0
2017-01-23,201701234276980,HAMRO,38,20,200,398.0,79600.0
2017-01-23,201701234277149,HBL,49,32,30,891.0,26730.0
2017-01-23,201701234276809,HBL,49,14,200,890.0,178000.0
2017-01-23,201701234276726,HBL,49,21,60,890.0,53400.0
2017-01-23,201701234276690,HBL,11,6,100,892.0,89200.0
2017-01-23,201701234276688,HBL,39,6,100,892.0,89200.0
2017-01-23,201701234276682,HBL,39,6,100,892.0,89200.0
2017-01-23,201701234277049,HDL,13,26,50,660.0,33000.0
2017-01-23,201701234276768,HGI,11,34,100,1309.0,130900.0
2017-01-23,201701234276767,HGI,41,34,100,1309.0,130900.0
2017-01-23,201701234276766,HGI,49,34,100,1311.0,131100.0
2017-01-23,201701234277060,HIDCL,14,57,1025,222.0,227550.0
2017-01-23,201701234276827,HIDCL,22,10,56,221.0,12376.0
2017-01-23,201701234276819,HIDCL,22,10,56,221.0,12376.0
2017-01-23,201701234276685,HIDCL,11,10,56,220.0,12320.0
2017-01-23,201701234276676,HIDCL,14,10,56,220.0,12320.0
2017-01-23,201701234276814,HIDCL,22,10,56,221.0,12376.0
2017-01-23,201701234276808,HIDCL,22,10,56,221.0,12376.0
2017-01-23,201701234276805,HIDCL,22,11,56,220.0,12320.0
2017-01-23,201701234276704,HIDCL,11,10,56,220.0,12320.0
2017-01-23,201701234276691,HIDCL,10,47,56,220.0,12320.0
2017-01-23,201701234276687,ICFC,29,59,85,255.0,21675.0
2017-01-23,201701234276896,KBL,32,57,50,537.0,26850.0
2017-01-23,201701234276895,KBL,1,57,50,537.0,26850.0
2017-01-23,201701234276852,KBL,34,49,222,536.0,118992.0
2017-01-23,201701234276793,KBL,16,14,50,540.0,27000.0
2017-01-23,201701234276765,KBL,55,52,105,538.0,56490.0
2017-01-23,201701234276738,KBL,34,48,500,539.0,269500.0
2017-01-23,201701234276737,KBL,16,48,250,539.0,134750.0
2017-01-23,201701234276736,KBL,46,48,100,540.0,54000.0
2017-01-23,201701234276735,KBL,26,48,30,542.0,16260.0
2017-01-23,201701234277062,KKHC,55,46,16,250.0,4000.0
2017-01-23,201701234277058,KKHC,14,46,16,250.0,4000.0
2017-01-23,201701234277038,KKHC,17,46,16,251.0,4016.0
2017-01-23,201701234276857,KKHC,14,26,10,250.0,2500.0
2017-01-23,201701234276856,KKHC,32,26,10,250.0,2500.0
2017-01-23,201701234276854,KKHC,32,26,10,250.0,2500.0
2017-01-23,201701234276747,KKHC,14,44,16,251.0,4016.0
2017-01-23,201701234276744,KKHC,55,44,16,251.0,4016.0
2017-01-23,201701234276712,KKHC,43,53,100,256.0,25600.0
2017-01-23,201701234276976,KRBL,48,26,85,290.0,24650.0
2017-01-23,201701234277161,LBL,46,17,250,753.0,188250.0
2017-01-23,201701234277115,LBL,46,43,50,753.0,37650.0
2017-01-23,201701234277114,LBL,6,43,500,753.0,376500.0
2017-01-23,201701234277113,LBL,11,43,100,753.0,75300.0
2017-01-23,201701234277112,LBL,39,43,50,754.0,37700.0
2017-01-23,201701234277034,LBL,29,29,20,755.0,15100.0
2017-01-23,201701234277033,LBL,41,29,40,755.0,30200.0
2017-01-23,201701234276919,LBL,56,43,50,757.0,37850.0
2017-01-23,201701234276774,LBL,8,43,20,759.0,15180.0
2017-01-23,201701234276991,LICN,17,37,100,2480.0,248000.0
2017-01-23,201701234276788,LICN,49,49,500,2450.0,1225000.0
2017-01-23,201701234276775,LICN,49,49,500,2450.0,1225000.0
2017-01-23,201701234277020,MBL,16,56,50,392.0,19600.0
2017-01-23,201701234276963,MBL,41,56,100,391.0,39100.0
2017-01-23,201701234276750,MBL,16,20,600,390.0,234000.0
2017-01-23,201701234276707,MBL,44,56,200,392.0,78400.0
2017-01-23,201701234276985,MDB,19,42,80,488.0,39040.0
2017-01-23,201701234276847,MERO,42,42,31,566.0,17546.0
2017-01-23,201701234276839,MERO,50,42,10,555.0,5550.0
2017-01-23,201701234277116,MLBBL,37,42,80,712.0,56960.0
2017-01-23,201701234276904,MLBBL,32,21,53,726.0,38478.0
2017-01-23,201701234276699,MLBBL,32,59,100,740.0,74000.0
2017-01-23,201701234276698,MLBBL,44,59,10,755.0,7550.0
2017-01-23,201701234277040,MLBL,57,57,223,255.0,56865.0
2017-01-23,201701234276748,MLBL,46,25,500,255.0,127500.0
2017-01-23,201701234276696,MLBL,21,28,89,250.0,22250.0
2017-01-23,201701234276693,MLBL,21,28,300,250.0,75000.0
2017-01-23,201701234276692,MLBL,29,28,200,250.0,50000.0
2017-01-23,201701234276908,MSMBS,41,26,10,685.0,6850.0
2017-01-23,201701234277004,NABIL,52,47,245,1500.0,367500.0
2017-01-23,201701234276769,NABIL,45,26,20,1505.0,30100.0
2017-01-23,201701234276729,NABIL,39,28,27,1501.0,40527.0
2017-01-23,201701234276723,NABIL,39,28,100,1501.0,150100.0
2017-01-23,201701234277041,NABILP,43,58,130,1125.0,146250.0
2017-01-23,201701234277163,NBB,1,6,80,720.0,57600.0
2017-01-23,201701234277162,NBB,1,45,180,720.0,129600.0
2017-01-23,201701234277158,NBB,1,44,200,719.0,143800.0
2017-01-23,201701234277155,NBB,1,40,270,718.0,193860.0
2017-01-23,201701234277154,NBB,6,40,1200,718.0,861600.0
2017-01-23,201701234277153,NBB,11,40,200,718.0,143600.0
2017-01-23,201701234276771,NBB,41,52,115,719.0,82685.0
2017-01-23,201701234276761,NBB,41,26,26,719.0,18694.0
2017-01-23,201701234276866,NBB,32,6,32,719.0,23008.0
2017-01-23,201701234276841,NBB,47,40,80,717.0,57360.0
2017-01-23,201701234276785,NBB,44,40,1000,717.0,717000.0
2017-01-23,201701234276784,NBB,6,40,500,718.0,359000.0
2017-01-23,201701234276783,NBB,56,40,1000,718.0,718000.0
2017-01-23,201701234276782,NBB,6,40,20,719.0,14380.0
2017-01-23,201701234276994,NBB,11,44,250,719.0,179750.0
2017-01-23,201701234276907,NBB,47,40,900,717.0,645300.0
2017-01-23,201701234276906,NBB,48,40,500,718.0,359000.0
2017-01-23,201701234277077,NBB,21,56,50,720.0,36000.0
2017-01-23,201701234277065,NBB,21,1,128,720.0,92160.0
2017-01-23,201701234277152,NBB,36,40,50,718.0,35900.0
2017-01-23,201701234277151,NBB,40,40,20,718.0,14360.0
2017-01-23,201701234277150,NBB,41,40,60,718.0,43080.0
2017-01-23,201701234277148,NBB,41,44,300,719.0,215700.0
2017-01-23,201701234277101,NBB,41,41,200,719.0,143800.0
2017-01-23,201701234277078,NBB,21,45,20,720.0,14400.0
2017-01-23,201701234276902,NBF1,34,54,50000,18.5,925000.0
2017-01-23,201701234276898,NBF1,14,54,5000,18.57,92850.0
2017-01-23,201701234276897,NBF1,26,54,5000,18.65,93250.0
2017-01-23,201701234277070,NBL,8,22,100,406.0,40600.0
2017-01-23,201701234276751,NBL,56,25,1000,404.0,404000.0
2017-01-23,201701234277147,NGPL,1,48,10,275.0,2750.0
2017-01-23,201701234276973,NGPL,21,48,10,274.0,2740.0
2017-01-23,201701234276873,NGPL,21,49,10,274.0,2740.0
2017-01-23,201701234276870,NGPL,21,49,10,274.0,2740.0
2017-01-23,201701234276868,NGPL,21,49,10,274.0,2740.0
2017-01-23,201701234276867,NGPL,21,49,10,274.0,2740.0
2017-01-23,201701234276865,NGPL,21,49,10,274.0,2740.0
2017-01-23,201701234276864,NGPL,21,49,10,274.0,2740.0
2017-01-23,201701234276863,NGPL,21,49,10,274.0,2740.0
2017-01-23,201701234276834,NGPL,21,49,10,274.0,2740.0
2017-01-23,201701234276833,NGPL,21,49,10,274.0,2740.0
2017-01-23,201701234277130,NHPC,10,16,100,141.0,14100.0
2017-01-23,201701234276821,NHPC,1,52,3000,140.0,420000.0
2017-01-23,201701234276817,NHPC,1,26,500,139.0,69500.0
2017-01-23,201701234277140,NIB,56,37,36,700.0,25200.0
2017-01-23,201701234277139,NIB,56,37,16,700.0,11200.0
2017-01-23,201701234277132,NIB,53,38,56,700.0,39200.0
2017-01-23,201701234277102,NIB,42,37,18,700.0,12600.0
2017-01-23,201701234277088,NIB,52,33,32,700.0,22400.0
2017-01-23,201701234277079,NIB,41,33,32,700.0,22400.0
2017-01-23,201701234276759,NIB,56,56,32,702.0,22464.0
2017-01-23,201701234276727,NIB,56,51,32,701.0,22432.0
2017-01-23,201701234276710,NIB,56,26,10,701.0,7010.0
2017-01-23,201701234276709,NIB,56,28,160,701.0,112160.0
2017-01-23,201701234276694,NIB,56,37,300,701.0,210300.0
2017-01-23,201701234276789,NIB,56,14,32,702.0,22464.0
2017-01-23,201701234276787,NIB,56,14,32,702.0,22464.0
2017-01-23,201701234276778,NIB,56,56,32,702.0,22464.0
2017-01-23,201701234276772,NIB,56,56,32,702.0,22464.0
2017-01-23,201701234276770,NIB,56,56,32,702.0,22464.0
2017-01-23,201701234276763,NIB,56,56,32,702.0,22464.0
2017-01-23,201701234276889,NIB,58,7,32,701.0,22432.0
2017-01-23,201701234276877,NIB,58,50,40,701.0,28040.0
2017-01-23,201701234276862,NIB,49,37,40,702.0,28080.0
2017-01-23,201701234276799,NIB,56,26,124,702.0,87048.0
2017-01-23,201701234276796,NIB,56,14,32,702.0,22464.0
2017-01-23,201701234276792,NIB,56,14,32,702.0,22464.0
2017-01-23,201701234276912,NIB,59,28,350,700.0,245000.0
2017-01-23,201701234276911,NIB,59,28,200,700.0,140000.0
2017-01-23,201701234276910,NIB,17,28,50,700.0,35000.0
2017-01-23,201701234276903,NIB,56,28,1000,701.0,701000.0
2017-01-23,201701234276900,NIB,56,7,32,701.0,22432.0
2017-01-23,201701234276892,NIB,56,37,560,701.0,392560.0
2017-01-23,201701234276933,NIB,56,48,123,701.0,86223.0
2017-01-23,201701234276927,NIB,26,7,32,701.0,22432.0
2017-01-23,201701234276921,NIB,56,7,32,701.0,22432.0
2017-01-23,201701234276920,NIB,45,48,128,700.0,89600.0
2017-01-23,201701234276918,NIB,59,7,32,700.0,22400.0
2017-01-23,201701234276915,NIB,56,28,78,701.0,54678.0
2017-01-23,201701234276953,NIB,19,7,32,700.0,22400.0
2017-01-23,201701234276948,NIB,26,7,32,701.0,22432.0
2017-01-23,201701234276947,NIB,1,48,114,700.0,79800.0
2017-01-23,201701234276940,NIB,42,7,32,700.0,22400.0
2017-01-23,201701234276939,NIB,56,7,32,701.0,22432.0
2017-01-23,201701234276934,NIB,40,7,32,700.0,22400.0
2017-01-23,201701234276990,NIB,56,7,32,701.0,22432.0
2017-01-23,201701234276982,NIB,46,14,32,702.0,22464.0
2017-01-23,201701234276962,NIB,25,7,32,700.0,22400.0
2017-01-23,201701234276961,NIB,35,41,95,702.0,66690.0
2017-01-23,201701234276957,NIB,56,7,32,701.0,22432.0
2017-01-23,201701234276954,NIB,56,7,32,701.0,22432.0
2017-01-23,201701234277071,NIB,56,6,32,701.0,22432.0
2017-01-23,201701234277069,NIB,56,33,32,701.0,22432.0
2017-01-23,201701234277067,NIB,56,6,24,701.0,16824.0
2017-01-23,201701234277015,NIB,56,33,32,701.0,22432.0
2017-01-23,201701234277006,NIB,46,14,32,702.0,22464.0
2017-01-23,201701234276992,NIB,46,14,32,702.0,22464.0
2017-01-23,201701234276998,NIBPO,53,6,27,640.0,17280.0
2017-01-23,201701234277086,NIBSF1,14,50,1000,11.3,11300.0
2017-01-23,201701234277085,NIBSF1,14,50,1000,11.3,11300.0
2017-01-23,201701234277144,NICA,1,17,14,491.0,6874.0
2017-01-23,201701234277100,NICA,58,29,97,490.0,47530.0
2017-01-23,201701234277099,NICA,58,45,73,490.0,35770.0
2017-01-23,201701234276989,NICA,25,17,500,490.0,245000.0
2017-01-23,201701234276988,NICA,17,17,50,490.0,24500.0
2017-01-23,201701234276987,NICA,19,17,180,490.0,88200.0
2017-01-23,201701234276882,NICA,45,17,70,490.0,34300.0
2017-01-23,201701234276881,NICA,38,17,100,491.0,49100.0
2017-01-23,201701234276880,NICA,34,17,10,491.0,4910.0
2017-01-23,201701234276859,NICA,19,21,18,490.0,8820.0
2017-01-23,201701234276720,NICA,49,26,26,491.0,12766.0
2017-01-23,201701234276703,NICA,49,52,50,491.0,24550.0
2017-01-23,201701234276986,NICA,26,17,80,490.0,39200.0
2017-01-23,201701234276958,NICA,26,55,20,490.0,9800.0
2017-01-23,201701234276931,NICA,1,44,13,491.0,6383.0
2017-01-23,201701234276922,NICA,1,45,14,493.0,6902.0
2017-01-23,201701234276884,NICA,45,17,200,490.0,98000.0
2017-01-23,201701234276883,NICA,10,17,350,490.0,171500.0
2017-01-23,201701234277111,NLG,41,6,50,1250.0,62500.0
2017-01-23,201701234277110,NLIC,37,44,100,2680.0,268000.0
2017-01-23,201701234277073,NLIC,53,44,66,2680.0,176880.0
2017-01-23,201701234277134,NLICL,57,45,20,2050.0,41000.0
2017-01-23,201701234277128,NLICL,57,45,80,2050.0,164000.0
2017-01-23,201701234277127,NLICL,57,6,20,2049.0,40980.0
2017-01-23,201701234276970,NMB,8,35,100,500.0,50000.0
2017-01-23,201701234276777,NMB,3,26,50,500.0,25000.0
2017-01-23,201701234276746,NMB,17,58,100,502.0,50200.0
2017-01-23,201701234276974,NMBSF1,47,55,5000,12.05,60250.0
2017-01-23,201701234276984,NNLB,28,48,10,884.0,8840.0
2017-01-23,201701234276972,NNLB,32,48,49,886.0,43414.0
2017-01-23,201701234276929,NTC,47,28,100,693.0,69300.0
2017-01-23,201701234276928,NTC,25,28,380,693.0,263340.0
2017-01-23,201701234276924,NTC,25,6,120,693.0,83160.0
2017-01-23,201701234277068,NTC,8,28,500,693.0,346500.0
2017-01-23,201701234277023,NTC,43,17,300,695.0,208500.0
2017-01-23,201701234277022,NTC,43,49,500,695.0,347500.0
2017-01-23,201701234277021,NTC,43,6,150,694.0,104100.0
2017-01-23,201701234276719,OHL,40,17,296,480.0,142080.0
2017-01-23,201701234276916,PCBL,40,28,130,408.0,53040.0
2017-01-23,201701234276860,PCBL,22,28,50,408.0,20400.0
2017-01-23,201701234276844,PCBL,45,28,470,408.0,191760.0
2017-01-23,201701234276843,PCBL,34,28,50,409.0,20450.0
2017-01-23,201701234276842,PCBL,48,28,300,409.0,122700.0
2017-01-23,201701234276762,PCBL,54,21,62,409.0,25358.0
2017-01-23,201701234276756,PCBL,54,21,200,410.0,82000.0
2017-01-23,201701234276979,PIC,53,58,50,1380.0,69000.0
2017-01-23,201701234277157,PRIN,53,29,234,1080.0,252720.0
2017-01-23,201701234277029,PRIN,57,40,100,1070.0,107000.0
2017-01-23,201701234277028,PRIN,48,40,200,1071.0,214200.0
2017-01-23,201701234277027,PRIN,35,40,100,1071.0,107100.0
2017-01-23,201701234277026,PRIN,18,40,100,1071.0,107100.0
2017-01-23,201701234277025,PRIN,41,40,10,1075.0,10750.0
2017-01-23,201701234277054,PROFL,38,38,10,167.0,1670.0
2017-01-23,201701234277048,PROFL,38,38,10,164.0,1640.0
2017-01-23,201701234277036,PROFL,50,38,10,161.0,1610.0
2017-01-23,201701234277098,PRVU,33,17,315,333.0,104895.0
2017-01-23,201701234277097,PRVU,54,17,214,333.0,71262.0
2017-01-23,201701234277095,PRVU,54,17,100,333.0,33300.0
2017-01-23,201701234277094,PRVU,55,17,200,333.0,66600.0
2017-01-23,201701234277087,PRVU,34,17,724,333.0,241092.0
2017-01-23,201701234277084,PRVU,33,17,567,333.0,188811.0
2017-01-23,201701234276714,PRVU,13,56,300,333.0,99900.0
2017-01-23,201701234276713,PRVU,55,56,200,333.0,66600.0
2017-01-23,201701234276742,PRVU,48,56,150,332.0,49800.0
2017-01-23,201701234276741,PRVU,54,56,1000,332.0,332000.0
2017-01-23,201701234276740,PRVU,43,56,100,332.0,33200.0
2017-01-23,201701234276717,PRVU,13,56,55,333.0,18315.0
2017-01-23,201701234276715,PRVU,13,56,100,333.0,33300.0
2017-01-23,201701234276810,PRVU,57,21,400,332.0,132800.0
2017-01-23,201701234276807,PRVU,56,56,500,333.0,166500.0
2017-01-23,201701234276790,PRVU,14,48,44,332.0,14608.0
2017-01-23,201701234276781,PRVU,45,48,500,332.0,166000.0
2017-01-23,201701234276780,PRVU,48,48,400,332.0,132800.0
2017-01-23,201701234276755,PRVU,48,5,100,332.0,33200.0
2017-01-23,201701234276835,PRVU,25,26,42,332.0,13944.0
2017-01-23,201701234276830,PRVU,25,17,191,332.0,63412.0
2017-01-23,201701234276818,PRVU,14,21,45,332.0,14940.0
2017-01-23,201701234276813,PRVU,14,21,100,332.0,33200.0
2017-01-23,201701234276812,PRVU,14,21,200,332.0,66400.0
2017-01-23,201701234276811,PRVU,56,21,200,332.0,66400.0
2017-01-23,201701234276888,PRVU,52,19,300,332.0,99600.0
2017-01-23,201701234276886,PRVU,44,19,100,332.0,33200.0
2017-01-23,201701234276885,PRVU,34,19,250,332.0,83000.0
2017-01-23,201701234276876,PRVU,34,40,250,332.0,83000.0
2017-01-23,201701234276875,PRVU,34,40,50,332.0,16600.0
2017-01-23,201701234276848,PRVU,10,19,1000,332.0,332000.0
2017-01-23,201701234276941,PRVU,10,28,356,331.0,117836.0
2017-01-23,201701234276917,PRVU,43,44,15,331.0,4965.0
2017-01-23,201701234276913,PRVU,38,44,45,331.0,14895.0
2017-01-23,201701234276909,PRVU,55,1,214,332.0,71048.0
2017-01-23,201701234276899,PRVU,10,39,214,332.0,71048.0
2017-01-23,201701234276893,PRVU,10,19,450,332.0,149400.0
2017-01-23,201701234277012,PRVU,7,58,193,335.0,64655.0
2017-01-23,201701234276968,PRVU,11,32,500,334.0,167000.0
2017-01-23,201701234276966,PRVU,49,32,50,334.0,16700.0
2017-01-23,201701234276960,PRVU,43,42,150,332.0,49800.0
2017-01-23,201701234276956,PRVU,51,1,50,333.0,16650.0
2017-01-23,201701234276942,PRVU,1,44,15,332.0,4980.0
2017-01-23,201701234277063,PRVU,48,6,23,335.0,7705.0
2017-01-23,201701234277045,PRVU,7,17,350,334.0,116900.0
2017-01-23,201701234277044,PRVU,7,17,500,334.0,167000.0
2017-01-23,201701234277035,PRVU,34,59,2918,334.0,974612.0
2017-01-23,201701234277017,PRVU,33,17,380,333.0,126540.0
2017-01-23,201701234277016,PRVU,42,17,20,335.0,6700.0
2017-01-23,201701234276894,PRVUPO,59,45,312791,201.0,62870991.0
2017-01-23,201701234276879,PRVUPO,59,45,206034,201.0,41412834.0
2017-01-23,201701234277042,RBBBL,5,56,100,368.0,36800.0
2017-01-23,201701234277103,RBCL,7,7,60,15060.0,903600.0
2017-01-23,201701234277051,RBCL,59,17,100,15060.0,1506000.0
2017-01-23,201701234277031,RBCL,6,17,30,15060.0,451800.0
2017-01-23,201701234277030,RBCL,6,37,10,15060.0,150600.0
2017-01-23,201701234277014,RBCL,59,7,50,14817.0,740850.0
2017-01-23,201701234277008,RBCL,59,37,10,14817.0,148170.0
2017-01-23,201701234276926,RBCL,59,17,10,14527.0,145270.0
2017-01-23,201701234276849,RBCL,59,17,10,14243.0,142430.0
2017-01-23,201701234276878,SADBL,26,52,100,338.0,33800.0
2017-01-23,201701234276869,SADBL,13,52,84,339.0,28476.0
2017-01-23,201701234276890,SAFL,45,33,100,253.0,25300.0
2017-01-23,201701234276829,SAJHA,18,55,14,238.0,3332.0
2017-01-23,201701234276820,SAJHA,18,55,14,238.0,3332.0
2017-01-23,201701234276815,SAJHA,18,55,14,238.0,3332.0
2017-01-23,201701234276802,SAJHA,18,55,14,238.0,3332.0
2017-01-23,201701234276798,SAJHA,18,55,14,238.0,3332.0
2017-01-23,201701234276791,SAJHA,18,55,14,238.0,3332.0
2017-01-23,201701234276764,SAJHA,18,55,14,238.0,3332.0
2017-01-23,201701234277143,SANIMA,11,56,202,520.0,105040.0
2017-01-23,201701234277142,SANIMA,11,48,100,520.0,52000.0
2017-01-23,201701234277137,SANIMA,44,48,50,516.0,25800.0
2017-01-23,201701234277083,SANIMA,13,26,100,518.0,51800.0
2017-01-23,201701234276959,SANIMA,34,34,2500,516.0,1290000.0
2017-01-23,201701234276846,SANIMA,40,52,44,516.0,22704.0
2017-01-23,201701234276673,SANIMA,19,47,100,517.0,51700.0
2017-01-23,201701234276845,SANIMA,38,52,200,516.0,103200.0
2017-01-23,201701234276795,SANIMA,35,1,300,515.0,154500.0
2017-01-23,201701234276718,SANIMA,32,48,100,516.0,51600.0
2017-01-23,201701234276683,SANIMA,16,47,42,516.0,21672.0
2017-01-23,201701234276675,SANIMA,16,47,80,516.0,41280.0
2017-01-23,201701234276674,SANIMA,54,47,120,516.0,61920.0
2017-01-23,201701234277032,SBBLJ,29,16,50,330.0,16500.0
2017-01-23,201701234276923,SBBLJ,56,17,100,335.0,33500.0
2017-01-23,201701234276914,SBBLJ,56,57,100,330.0,33000.0
2017-01-23,201701234277141,SBI,47,17,100,1515.0,151500.0
2017-01-23,201701234277138,SBI,47,56,100,1515.0,151500.0
2017-01-23,201701234276996,SBI,11,17,100,1515.0,151500.0
2017-01-23,201701234276978,SBI,43,57,100,1520.0,152000.0
2017-01-23,201701234276977,SBI,28,57,90,1520.0,136800.0
2017-01-23,201701234276964,SBI,28,57,110,1520.0,167200.0
2017-01-23,201701234276951,SBI,13,48,50,1520.0,76000.0
2017-01-23,201701234276950,SBI,25,48,40,1520.0,60800.0
2017-01-23,201701234276949,SBI,22,48,20,1520.0,30400.0
2017-01-23,201701234276861,SBI,19,17,100,1522.0,152200.0
2017-01-23,201701234276800,SBI,11,40,100,1521.0,152100.0
2017-01-23,201701234276670,SBI,19,1,40,1527.0,61080.0
2017-01-23,201701234277167,SBL,40,48,100,983.0,98300.0
2017-01-23,201701234277166,SBL,22,48,100,983.0,98300.0
2017-01-23,201701234277165,SBL,41,48,20,984.0,19680.0
2017-01-23,201701234277164,SBL,6,48,40,984.0,39360.0
2017-01-23,201701234277107,SBL,6,48,960,984.0,944640.0
2017-01-23,201701234277106,SBL,25,48,40,984.0,39360.0
2017-01-23,201701234276695,SBL,46,48,200,986.0,197200.0
2017-01-23,201701234276669,SBL,58,48,100,986.0,98600.0
2017-01-23,201701234276955,SBL,29,48,230,986.0,226780.0
2017-01-23,201701234276932,SBL,45,48,150,986.0,147900.0
2017-01-23,201701234276804,SBL,41,26,100,985.0,98500.0
2017-01-23,201701234276794,SBL,8,48,20,986.0,19720.0
2017-01-23,201701234276773,SBL,33,48,100,986.0,98600.0
2017-01-23,201701234276721,SBL,37,11,100,989.0,98900.0
2017-01-23,201701234277089,SBL,10,48,10,986.0,9860.0
2017-01-23,201701234277076,SBL,19,48,10,985.0,9850.0
2017-01-23,201701234277075,SBL,1,48,200,985.0,197000.0
2017-01-23,201701234277010,SBL,25,25,110,984.0,108240.0
2017-01-23,201701234277009,SBL,41,25,40,985.0,39400.0
2017-01-23,201701234276999,SBL,41,48,10,986.0,9860.0
2017-01-23,201701234277096,SCB,8,40,50,2200.0,110000.0
2017-01-23,201701234276965,SCB,8,26,30,2200.0,66000.0
2017-01-23,201701234276891,SCB,42,26,20,2200.0,44000.0
2017-01-23,201701234276779,SCB,45,11,50,2200.0,110000.0
2017-01-23,201701234276706,SCB,55,36,192,2196.0,421632.0
2017-01-23,201701234277109,SFFIL,17,53,40,491.0,19640.0
2017-01-23,201701234277064,SHL,48,57,100,309.0,30900.0
2017-01-23,201701234277050,SHPC,39,39,100,800.0,80000.0
2017-01-23,201701234277001,SHPC,13,11,100,800.0,80000.0
2017-01-23,201701234277000,SHPC,13,47,100,799.0,79900.0
2017-01-23,201701234276993,SIC,25,14,90,1110.0,99900.0
2017-01-23,201701234276938,SIC,6,48,90,1099.0,98910.0
2017-01-23,201701234276937,SIC,6,48,20,1100.0,22000.0
2017-01-23,201701234276936,SIC,41,48,30,1100.0,33000.0
2017-01-23,201701234276935,SIC,4,48,20,1101.0,22020.0
2017-01-23,201701234276702,SIC,52,56,17,1110.0,18870.0
2017-01-23,201701234276701,SIC,52,56,40,1110.0,44400.0
2017-01-23,201701234276700,SIC,13,56,100,1110.0,111000.0
2017-01-23,201701234276668,SIC,57,8,18,1110.0,19980.0
2017-01-23,201701234277074,SICL,56,1,100,2080.0,208000.0
2017-01-23,201701234276840,SICL,37,44,22,2083.0,45826.0
2017-01-23,201701234276686,SICL,56,58,45,2085.0,93825.0
2017-01-23,201701234277007,SKBBL,16,14,200,1015.0,203000.0
2017-01-23,201701234277047,SLICL,20,17,83,670.0,55610.0
2017-01-23,201701234276855,SMFDB,40,38,90,1764.0,158760.0
2017-01-23,201701234276725,SMFDB,45,38,100,1730.0,173000.0
2017-01-23,201701234276724,SMFDB,45,47,10,1730.0,17300.0
2017-01-23,201701234276930,SRBL,49,49,1600,482.0,771200.0
2017-01-23,201701234276925,SRBL,49,57,15000,482.0,7230000.0
2017-01-23,201701234276832,SRBL,54,49,200,486.0,97200.0
2017-01-23,201701234276831,SRBL,58,49,100,486.0,48600.0
2017-01-23,201701234276806,SRBL,58,50,100,486.0,48600.0
2017-01-23,201701234276728,VLBS,26,26,10,755.0,7550.0
2017-01-23,201701234277072,VSDBL,26,49,50,181.0,9050.0
2017-01-23,201701234277037,VSDBL,14,25,30,180.0,5400.0
2017-01-23,201701234277018,VSDBL,10,48,500,180.0,90000.0
2017-01-23,201701234276733,VSDBL,42,11,500,182.0,91000.0
2017-01-23,201701234276786,WOMI,17,21,10,1175.0,11750.0
2017-01-23,201701234276080,ADBL,52,51,12,521.0,6252.0
2017-01-23,201701234275964,ADBL,49,29,36,524.0,18864.0
2017-01-23,201701234276035,AHPC,5,4,20,250.0,5000.0
2017-01-23,201701234276033,AHPC,5,21,10,250.0,2500.0
2017-01-23,201701234276024,AHPC,5,44,123,249.0,30627.0
2017-01-23,201701234276009,AHPC,52,52,50,250.0,12500.0
2017-01-23,201701234275815,AHPC,32,49,15,246.0,3690.0
2017-01-23,201701234276019,ALDBL,16,21,30,300.0,9000.0
2017-01-23,201701234276018,ALDBL,35,21,30,300.0,9000.0
2017-01-23,201701234275913,ALDBL,35,16,100,300.0,30000.0
2017-01-23,201701234276120,API,38,38,26,397.0,10322.0
2017-01-23,201701234276114,API,38,50,16,397.0,6352.0
2017-01-23,201701234276068,API,5,14,10,390.0,3900.0
2017-01-23,201701234276044,API,5,14,10,390.0,3900.0
2017-01-23,201701234276005,API,5,6,104,391.0,40664.0
2017-01-23,201701234276004,API,6,56,10,388.0,3880.0
2017-01-23,201701234275693,API,43,49,26,384.0,9984.0
2017-01-23,201701234275692,API,43,49,26,384.0,9984.0
2017-01-23,201701234275869,API,38,38,26,381.0,9906.0
2017-01-23,201701234275859,API,43,29,16,380.0,6080.0
2017-01-23,201701234275858,API,41,29,16,380.0,6080.0
2017-01-23,201701234275856,API,41,29,16,380.0,6080.0
2017-01-23,201701234275851,API,43,29,16,380.0,6080.0
2017-01-23,201701234275694,API,43,49,26,384.0,9984.0
2017-01-23,201701234275712,BARUN,42,49,10,263.0,2630.0
2017-01-23,201701234275711,BARUN,42,49,10,263.0,2630.0
2017-01-23,201701234275709,BARUN,42,49,10,263.0,2630.0
2017-01-23,201701234276098,BOKL,57,19,100,604.0,60400.0
2017-01-23,201701234276072,BOKL,58,58,1868,603.0,1126404.0
2017-01-23,201701234276031,BOKL,56,44,250,602.0,150500.0
2017-01-23,201701234276030,BOKL,22,44,100,602.0,60200.0
2017-01-23,201701234276029,BOKL,13,44,50,603.0,30150.0
2017-01-23,201701234276028,BOKL,43,44,100,604.0,60400.0
2017-01-23,201701234275969,BOKL,22,14,250,605.0,151250.0
2017-01-23,201701234275867,BOKL,54,58,20,605.0,12100.0
2017-01-23,201701234275866,BOKL,19,58,500,605.0,302500.0
2017-01-23,201701234275865,BOKL,57,58,500,605.0,302500.0
2017-01-23,201701234275864,BOKL,49,58,110,606.0,66660.0
2017-01-23,201701234275863,BOKL,41,58,100,607.0,60700.0
2017-01-23,201701234276079,BPCL,34,44,90,536.0,48240.0
2017-01-23,201701234275926,CBBL,29,50,50,1040.0,52000.0
2017-01-23,201701234276133,CBL,10,51,154,246.0,37884.0
2017-01-23,201701234276132,CBL,10,57,500,246.0,123000.0
2017-01-23,201701234276071,CBL,10,7,327,245.0,80115.0
2017-01-23,201701234276008,CBL,10,49,54,246.0,13284.0
2017-01-23,201701234276007,CBL,10,49,370,246.0,91020.0
2017-01-23,201701234276006,CBL,6,49,200,246.0,49200.0
2017-01-23,201701234275718,CBL,39,35,15,246.0,3690.0
2017-01-23,201701234275994,CBL,48,49,30,247.0,7410.0
2017-01-23,201701234275953,CBL,48,55,153,249.0,38097.0
2017-01-23,201701234275923,CBL,48,35,17,250.0,4250.0
2017-01-23,201701234275878,CBL,33,21,29,248.0,7192.0
2017-01-23,201701234275833,CBL,29,55,50,247.0,12350.0
2017-01-23,201701234275744,CBL,39,48,19,245.0,4655.0
2017-01-23,201701234276077,CCBL,58,58,1370,323.0,442510.0
2017-01-23,201701234275992,CCBL,50,50,35,323.0,11305.0
2017-01-23,201701234275990,CCBL,48,22,100,324.0,32400.0
2017-01-23,201701234275988,CCBL,48,57,18,323.0,5814.0
2017-01-23,201701234275974,CCBL,50,21,109,323.0,35207.0
2017-01-23,201701234275780,CCBL,32,28,13,318.0,4134.0
2017-01-23,201701234275730,CCBL,38,21,17,318.0,5406.0
2017-01-23,201701234275728,CCBL,59,59,411,319.0,131109.0
2017-01-23,201701234275723,CCBL,59,59,28,319.0,8932.0
2017-01-23,201701234275672,CCBL,52,52,158,318.0,50244.0
2017-01-23,201701234275848,CCBL,41,29,100,320.0,32000.0
2017-01-23,201701234275804,CCBL,47,28,21,318.0,6678.0
2017-01-23,201701234275792,CCBL,39,28,16,318.0,5088.0
2017-01-23,201701234276052,CHCL,5,1,48,820.0,39360.0
2017-01-23,201701234275962,CIT,34,19,10,3876.0,38760.0
2017-01-23,201701234276148,CZBIL,32,6,100,472.0,47200.0
2017-01-23,201701234276096,CZBIL,16,17,500,470.0,235000.0
2017-01-23,201701234276095,CZBIL,33,17,20,470.0,9400.0
2017-01-23,201701234276094,CZBIL,39,17,100,470.0,47000.0
2017-01-23,201701234276093,CZBIL,6,17,100,470.0,47000.0
2017-01-23,201701234276092,CZBIL,17,17,100,470.0,47000.0
2017-01-23,201701234275734,CZBIL,45,58,79,473.0,37367.0
2017-01-23,201701234275680,CZBIL,21,16,27,470.0,12690.0
2017-01-23,201701234275673,CZBIL,52,52,137,468.0,64116.0
2017-01-23,201701234275896,CZBIL,21,58,200,473.0,94600.0
2017-01-23,201701234275810,CZBIL,50,17,100,474.0,47400.0
2017-01-23,201701234275763,CZBIL,49,17,60,474.0,28440.0
2017-01-23,201701234275753,CZBIL,41,17,500,472.0,236000.0
2017-01-23,201701234275752,CZBIL,48,17,100,472.0,47200.0
2017-01-23,201701234275742,CZBIL,48,44,10,475.0,4750.0
2017-01-23,201701234276085,CZBIL,33,17,40,472.0,18880.0
2017-01-23,201701234276084,CZBIL,45,17,20,472.0,9440.0
2017-01-23,201701234275967,CZBIL,42,17,100,473.0,47300.0
2017-01-23,201701234275941,CZBIL,33,47,31,472.0,14632.0
2017-01-23,201701234275919,CZBIL,34,58,100,473.0,47300.0
2017-01-23,201701234275909,CZBIL,36,58,200,473.0,94600.0
2017-01-23,201701234276091,CZBIL,21,17,80,470.0,37600.0
2017-01-23,201701234276090,CZBIL,41,17,100,470.0,47000.0
2017-01-23,201701234276089,CZBIL,5,17,100,470.0,47000.0
2017-01-23,201701234276088,CZBIL,49,17,500,471.0,235500.0
2017-01-23,201701234276087,CZBIL,48,17,100,471.0,47100.0
2017-01-23,201701234276086,CZBIL,49,17,50,471.0,23550.0
2017-01-23,201701234276122,DBBL,34,11,200,211.0,42200.0
2017-01-23,201701234276121,DBBL,36,11,200,212.0,42400.0
2017-01-23,201701234275800,DBBL,41,45,58,214.0,12412.0
2017-01-23,201701234275958,DDBL,41,32,200,2260.0,452000.0
2017-01-23,201701234275957,DDBL,35,32,10,2265.0,22650.0
2017-01-23,201701234275956,DDBL,43,32,100,2270.0,227000.0
2017-01-23,201701234275955,DDBL,6,32,50,2270.0,113500.0
2017-01-23,201701234275908,DDBL,32,16,50,2275.0,113750.0
2017-01-23,201701234275907,DDBL,32,16,50,2276.0,113800.0
2017-01-23,201701234275772,DDBL,34,32,50,2330.0,116500.0
2017-01-23,201701234275702,DDBL,16,56,12,2293.0,27516.0
2017-01-23,201701234275906,DDBL,6,16,100,2276.0,227600.0
2017-01-23,201701234275880,DDBL,7,48,200,2280.0,456000.0
2017-01-23,201701234275832,DDBL,21,56,100,2293.0,229300.0
2017-01-23,201701234275831,DDBL,6,56,100,2294.0,229400.0
2017-01-23,201701234275830,DDBL,37,53,40,2300.0,92000.0
2017-01-23,201701234275823,DDBL,36,14,200,2301.0,460200.0
2017-01-23,201701234276108,EBL,44,8,33,1887.0,62271.0
2017-01-23,201701234276066,EBL,44,55,20,1887.0,37740.0
2017-01-23,201701234275987,EBL,42,16,200,1900.0,380000.0
2017-01-23,201701234275873,EBL,21,16,50,1900.0,95000.0
2017-01-23,201701234275872,EBL,26,45,93,1900.0,176700.0
2017-01-23,201701234275719,EBL,41,13,20,1900.0,38000.0
2017-01-23,201701234276162,FMDBL,56,56,130,885.0,115050.0
2017-01-23,201701234276125,GBBL,55,58,70,386.0,27020.0
2017-01-23,201701234275707,GBBL,41,58,170,390.0,66300.0
2017-01-23,201701234275706,GBBL,41,32,30,390.0,11700.0
2017-01-23,201701234276161,GBIME,41,21,65,418.0,27170.0
2017-01-23,201701234276141,GBIME,38,38,20,419.0,8380.0
2017-01-23,201701234275883,GIMES1,38,38,5000,10.54,52700.0
2017-01-23,201701234276105,GMFIL,26,51,59,231.0,13629.0
2017-01-23,201701234275993,GRDBL,48,26,105,520.0,54600.0
2017-01-23,201701234275910,GRDBL,54,49,10,515.0,5150.0
2017-01-23,201701234275900,GRDBL,48,49,31,519.0,16089.0
2017-01-23,201701234275899,GRDBL,39,49,42,518.0,21756.0
2017-01-23,201701234275884,GRDBL,16,57,10,525.0,5250.0
2017-01-23,201701234275876,GRDBL,48,21,140,520.0,72800.0
2017-01-23,201701234275687,GRDBL,6,22,10,530.0,5300.0
2017-01-23,201701234275686,GRDBL,6,22,10,530.0,5300.0
2017-01-23,201701234275685,GRDBL,6,11,10,528.0,5280.0
2017-01-23,201701234275684,GRDBL,6,11,10,528.0,5280.0
2017-01-23,201701234275732,GRDBL,45,35,52,522.0,27144.0
2017-01-23,201701234275698,GRDBL,6,21,30,530.0,15900.0
2017-01-23,201701234275696,GRDBL,41,22,52,530.0,27560.0
2017-01-23,201701234275690,GRDBL,6,49,10,530.0,5300.0
2017-01-23,201701234275689,GRDBL,6,49,10,530.0,5300.0
2017-01-23,201701234275688,GRDBL,6,49,10,530.0,5300.0
2017-01-23,201701234275849,GRDBL,48,22,10,522.0,5220.0
2017-01-23,201701234275759,GRDBL,58,57,50,520.0,26000.0
2017-01-23,201701234275758,GRDBL,58,57,50,520.0,26000.0
2017-01-23,201701234275757,GRDBL,58,57,50,520.0,26000.0
2017-01-23,201701234275756,GRDBL,45,57,50,522.0,26100.0
2017-01-23,201701234275755,GRDBL,13,57,20,525.0,10500.0
2017-01-23,201701234275862,GRDBL,43,21,100,520.0,52000.0
2017-01-23,201701234275861,GRDBL,14,21,100,520.0,52000.0
2017-01-23,201701234275860,GRDBL,26,21,150,521.0,78150.0
2017-01-23,201701234275854,GRDBL,48,18,50,524.0,26200.0
2017-01-23,201701234275853,GRDBL,48,34,10,523.0,5230.0
2017-01-23,201701234275850,GRDBL,48,22,52,522.0,27144.0
2017-01-23,201701234276143,HBL,42,6,200,895.0,179000.0
2017-01-23,201701234275751,HBL,41,25,10,890.0,8900.0
2017-01-23,201701234275747,HBL,34,25,500,880.0,440000.0
2017-01-23,201701234276151,HGI,38,38,100,1335.0,133500.0
2017-01-23,201701234276138,HIDCL,45,14,148,220.0,32560.0
2017-01-23,201701234276130,HIDCL,36,49,56,220.0,12320.0
2017-01-23,201701234276107,HIDCL,59,13,24,221.0,5304.0
2017-01-23,201701234275713,HIDCL,8,8,1500,220.0,330000.0
2017-01-23,201701234275705,HIDCL,25,49,56,220.0,12320.0
2017-01-23,201701234275700,HIDCL,25,49,56,220.0,12320.0
2017-01-23,201701234275761,HIDCL,25,49,35,218.0,7630.0
2017-01-23,201701234275749,HIDCL,10,49,24,218.0,5232.0
2017-01-23,201701234275745,HIDCL,25,49,56,218.0,12208.0
2017-01-23,201701234275738,HIDCL,32,49,56,218.0,12208.0
2017-01-23,201701234275737,HIDCL,45,49,56,218.0,12208.0
2017-01-23,201701234275736,HIDCL,10,21,12,219.0,2628.0
2017-01-23,201701234275775,HIDCL,21,49,24,218.0,5232.0
2017-01-23,201701234275774,HIDCL,25,49,24,218.0,5232.0
2017-01-23,201701234275773,HIDCL,46,49,35,218.0,7630.0
2017-01-23,201701234275771,HIDCL,25,49,56,218.0,12208.0
2017-01-23,201701234275766,HIDCL,25,29,28,219.0,6132.0
2017-01-23,201701234275764,HIDCL,25,29,34,219.0,7446.0
2017-01-23,201701234275796,HIDCL,42,49,56,219.0,12264.0
2017-01-23,201701234275793,HIDCL,25,49,56,218.0,12208.0
2017-01-23,201701234275791,HIDCL,25,49,35,218.0,7630.0
2017-01-23,201701234275790,HIDCL,25,49,35,218.0,7630.0
2017-01-23,201701234275789,HIDCL,8,29,28,219.0,6132.0
2017-01-23,201701234275787,HIDCL,25,49,24,218.0,5232.0
2017-01-23,201701234275828,HIDCL,10,51,56,219.0,12264.0
2017-01-23,201701234275814,HIDCL,46,49,24,218.0,5232.0
2017-01-23,201701234275808,HIDCL,42,8,1300,219.0,284700.0
2017-01-23,201701234275799,HIDCL,42,29,34,219.0,7446.0
2017-01-23,201701234275798,HIDCL,42,49,56,219.0,12264.0
2017-01-23,201701234275797,HIDCL,42,49,56,219.0,12264.0
2017-01-23,201701234275975,HIDCL,59,10,56,221.0,12376.0
2017-01-23,201701234275970,HIDCL,59,10,56,221.0,12376.0
2017-01-23,201701234275877,HIDCL,10,28,56,220.0,12320.0
2017-01-23,201701234275874,HIDCL,21,28,56,220.0,12320.0
2017-01-23,201701234275836,HIDCL,10,51,56,219.0,12264.0
2017-01-23,201701234275998,HIDCL,46,10,56,221.0,12376.0
2017-01-23,201701234275991,HIDCL,17,10,56,221.0,12376.0
2017-01-23,201701234276064,ICFC,58,58,117,260.0,30420.0
2017-01-23,201701234275920,ICFC,13,59,18,255.0,4590.0
2017-01-23,201701234276104,JBBL,26,48,100,278.0,27800.0
2017-01-23,201701234276103,JBBL,32,48,150,279.0,41850.0
2017-01-23,201701234276101,JBBL,56,48,100,276.0,27600.0
2017-01-23,201701234276100,JBBL,14,48,100,277.0,27700.0
2017-01-23,201701234276099,JBBL,56,48,100,278.0,27800.0
2017-01-23,201701234276063,JBBL,56,48,50,281.0,14050.0
2017-01-23,201701234275882,JBBL,1,48,100,286.0,28600.0
2017-01-23,201701234275977,JEFL,28,33,64,196.0,12544.0
2017-01-23,201701234276109,KBBL,42,34,200,333.0,66600.0
2017-01-23,201701234275868,KBL,52,10,100,545.0,54500.0
2017-01-23,201701234275703,KBL,22,35,16,535.0,8560.0
2017-01-23,201701234275951,KKHC,52,26,10,276.0,2760.0
2017-01-23,201701234275824,KMCDB,32,36,50,1600.0,80000.0
2017-01-23,201701234275704,KMCDB,18,58,100,1622.0,162200.0
2017-01-23,201701234275795,KRBL,3,28,15,288.0,4320.0
2017-01-23,201701234276078,LBL,57,43,190,755.0,143450.0
2017-01-23,201701234276073,LBL,57,57,10,755.0,7550.0
2017-01-23,201701234276051,LBL,19,57,50,755.0,37750.0
2017-01-23,201701234276045,LBL,11,57,40,755.0,30200.0
2017-01-23,201701234276016,LBL,57,57,500,755.0,377500.0
2017-01-23,201701234276116,LGIL,26,57,19,1300.0,24700.0
2017-01-23,201701234276014,MBL,32,32,185,386.0,71410.0
2017-01-23,201701234275807,MBL,13,25,200,390.0,78000.0
2017-01-23,201701234275806,MBL,11,25,200,390.0,78000.0
2017-01-23,201701234275805,MBL,13,25,50,390.0,19500.0
2017-01-23,201701234276017,MDB,42,19,200,490.0,98000.0
2017-01-23,201701234276082,MFIL,32,55,10,171.0,1710.0
2017-01-23,201701234275997,MFIL,32,39,110,171.0,18810.0
2017-01-23,201701234275973,MFIL,32,55,360,169.0,60840.0
2017-01-23,201701234275947,MFIL,32,16,500,172.0,86000.0
2017-01-23,201701234275731,MIDBL,51,51,130,524.0,68120.0
2017-01-23,201701234276118,MLBL,19,40,100,263.0,26300.0
2017-01-23,201701234276000,MLBL,19,25,1000,263.0,263000.0
2017-01-23,201701234275999,MLBL,29,25,400,265.0,106000.0
2017-01-23,201701234275961,MLBL,29,56,100,265.0,26500.0
2017-01-23,201701234276057,NABIL,58,58,398,1515.0,602970.0
2017-01-23,201701234276015,NABILP,43,55,65,1115.0,72475.0
2017-01-23,201701234275682,NABILP,43,36,95,1110.0,105450.0
2017-01-23,201701234276160,NBB,6,34,200,718.0,143600.0
2017-01-23,201701234276056,NBB,45,49,48,720.0,34560.0
2017-01-23,201701234276050,NBB,45,38,50,724.0,36200.0
2017-01-23,201701234275943,NBB,35,5,128,722.0,92416.0
2017-01-23,201701234275925,NBB,32,17,72,721.0,51912.0
2017-01-23,201701234275893,NBB,17,17,90,720.0,64800.0
2017-01-23,201701234275741,NBB,38,17,200,720.0,144000.0
2017-01-23,201701234275740,NBB,19,17,50,720.0,36000.0
2017-01-23,201701234275739,NBB,19,17,300,720.0,216000.0
2017-01-23,201701234275729,NBB,22,22,14,723.0,10122.0
2017-01-23,201701234275679,NBB,52,52,128,722.0,92416.0
2017-01-23,201701234275891,NBB,8,17,50,720.0,36000.0
2017-01-23,201701234275875,NBB,49,17,250,720.0,180000.0
2017-01-23,201701234275825,NBB,41,6,50,722.0,36100.0
2017-01-23,201701234275822,NBB,49,58,156,720.0,112320.0
2017-01-23,201701234275794,NBB,5,55,66,716.0,47256.0
2017-01-23,201701234275750,NBB,26,17,20,722.0,14440.0
2017-01-23,201701234276112,NBF1,49,49,673997,18.95,12772243.15
2017-01-23,201701234276053,NBIL,42,20,200,1020.0,204000.0
2017-01-23,201701234276011,NBIL,5,17,50,1025.0,51250.0
2017-01-23,201701234275898,NBIL,16,16,100,1024.0,102400.0
2017-01-23,201701234276067,NBL,56,37,400,400.0,160000.0
2017-01-23,201701234276027,NBL,45,43,200,400.0,80000.0
2017-01-23,201701234276026,NBL,22,43,200,400.0,80000.0
2017-01-23,201701234276025,NBL,6,43,50,401.0,20050.0
2017-01-23,201701234275971,NBL,22,14,200,403.0,80600.0
2017-01-23,201701234275733,NBL,14,44,1000,402.0,402000.0
2017-01-23,201701234275989,NGPL,32,32,10,284.0,2840.0
2017-01-23,201701234275894,NGPL,38,38,29,285.0,8265.0
2017-01-23,201701234276146,NHPC,10,47,10,142.0,1420.0
2017-01-23,201701234276145,NHPC,10,39,200,141.0,28200.0
2017-01-23,201701234276137,NHPC,42,48,2000,140.0,280000.0
2017-01-23,201701234276020,NHPC,35,47,100,142.0,14200.0
2017-01-23,201701234276158,NIB,38,38,85,703.0,59755.0
2017-01-23,201701234276150,NIB,7,1,30,703.0,21090.0
2017-01-23,201701234276102,NIB,7,11,32,703.0,22496.0
2017-01-23,201701234276076,NIB,7,14,40,703.0,28120.0
2017-01-23,201701234276060,NIB,11,14,60,703.0,42180.0
2017-01-23,201701234276046,NIB,13,14,563,702.0,395226.0
2017-01-23,201701234275746,NIB,58,58,110,701.0,77110.0
2017-01-23,201701234275724,NIB,3,28,32,701.0,22432.0
2017-01-23,201701234275683,NIB,49,49,32,701.0,22432.0
2017-01-23,201701234275852,NIB,17,16,32,703.0,22496.0
2017-01-23,201701234275840,NIB,45,17,300,701.0,210300.0
2017-01-23,201701234275839,NIB,45,17,300,701.0,210300.0
2017-01-23,201701234275838,NIB,45,17,1000,701.0,701000.0
2017-01-23,201701234275837,NIB,17,17,50,702.0,35100.0
2017-01-23,201701234275816,NIB,58,28,32,701.0,22432.0
2017-01-23,201701234275939,NIB,58,39,32,703.0,22496.0
2017-01-23,201701234275938,NIB,58,39,32,703.0,22496.0
2017-01-23,201701234275927,NIB,58,35,30,703.0,21090.0
2017-01-23,201701234275914,NIB,58,19,26,701.0,18226.0
2017-01-23,201701234275897,NIB,38,38,154,702.0,108108.0
2017-01-23,201701234275881,NIB,35,35,12,703.0,8436.0
2017-01-23,201701234275965,NIB,58,26,26,701.0,18226.0
2017-01-23,201701234275960,NIB,58,19,32,702.0,22464.0
2017-01-23,201701234275959,NIB,58,19,32,702.0,22464.0
2017-01-23,201701234275944,NIB,58,19,32,702.0,22464.0
2017-01-23,201701234275942,NIB,58,17,650,702.0,456300.0
2017-01-23,201701234275940,NIB,49,17,300,702.0,210600.0
2017-01-23,201701234276040,NIB,11,11,20,703.0,14060.0
2017-01-23,201701234276039,NIB,11,11,20,703.0,14060.0
2017-01-23,201701234276002,NIB,58,39,32,703.0,22496.0
2017-01-23,201701234276001,NIB,58,39,32,703.0,22496.0
2017-01-23,201701234275978,NIB,11,26,32,703.0,22496.0
2017-01-23,201701234275976,NIB,11,35,32,703.0,22496.0
2017-01-23,201701234276156,NIBSF1,36,17,8695,11.3,98253.5
2017-01-23,201701234275950,NIBSF1,49,49,945,11.3,10678.5
2017-01-23,201701234275922,NIBSF1,49,49,43000,11.3,485900.0
2017-01-23,201701234275918,NIBSF1,49,49,43000,11.3,485900.0
2017-01-23,201701234276126,NICA,8,28,300,492.0,147600.0
2017-01-23,201701234276069,NICA,1,26,11,491.0,5401.0
2017-01-23,201701234276058,NICA,11,49,26,491.0,12766.0
2017-01-23,201701234275986,NICA,11,46,59,490.0,28910.0
2017-01-23,201701234275982,NICA,18,46,490,490.0,240100.0
2017-01-23,201701234275981,NICA,48,46,100,490.0,49000.0
2017-01-23,201701234275783,NICA,49,17,120,493.0,59160.0
2017-01-23,201701234275782,NICA,11,17,100,493.0,49300.0
2017-01-23,201701234275767,NICA,11,55,26,490.0,12740.0
2017-01-23,201701234275980,NICA,11,46,80,490.0,39200.0
2017-01-23,201701234275979,NICA,11,46,30,492.0,14760.0
2017-01-23,201701234275834,NICA,55,25,192,490.0,94080.0
2017-01-23,201701234275786,NICA,25,17,1000,490.0,490000.0
2017-01-23,201701234275785,NICA,13,17,130,490.0,63700.0
2017-01-23,201701234275784,NICA,11,17,100,491.0,49100.0
2017-01-23,201701234276135,NLIC,53,44,50,2700.0,135000.0
2017-01-23,201701234276113,NLIC,34,44,50,2700.0,135000.0
2017-01-23,201701234276061,NLIC,53,57,46,2700.0,124200.0
2017-01-23,201701234276049,NLIC,17,17,100,2700.0,270000.0
2017-01-23,201701234276048,NLIC,17,17,300,2700.0,810000.0
2017-01-23,201701234275924,NLIC,34,34,100,2700.0,270000.0
2017-01-23,201701234275754,NLIC,53,59,16,2700.0,43200.0
2017-01-23,201701234275697,NLIC,44,44,150,2715.0,407250.0
2017-01-23,201701234276037,NLICL,42,56,100,2040.0,204000.0
2017-01-23,201701234275921,NMB,1,26,79,500.0,39500.0
2017-01-23,201701234275708,OHL,22,45,200,490.0,98000.0
2017-01-23,201701234275710,OHL,49,45,30,489.0,14670.0
2017-01-23,201701234276038,PCBL,49,49,400,413.0,165200.0
2017-01-23,201701234276023,PCBL,37,11,48,415.0,19920.0
2017-01-23,201701234276013,PCBL,52,17,11,413.0,4543.0
2017-01-23,201701234276081,PFL,22,14,10,244.0,2440.0
2017-01-23,201701234276153,PLIC,47,36,200,1650.0,330000.0
2017-01-23,201701234276139,PLIC,47,36,98,1650.0,161700.0
2017-01-23,201701234275835,PLIC,58,56,50,1665.0,83250.0
2017-01-23,201701234275691,PLIC,58,56,59,1675.0,98825.0
2017-01-23,201701234275677,PLIC,58,53,40,1677.0,67080.0
2017-01-23,201701234275675,PLIC,58,53,10,1677.0,16770.0
2017-01-23,201701234275695,PROFL,6,38,11,158.0,1738.0
2017-01-23,201701234275676,PROFL,17,38,10,160.0,1600.0
2017-01-23,201701234275674,PROFL,17,38,10,163.0,1630.0
2017-01-23,201701234276167,PRVU,8,28,460,337.0,155020.0
2017-01-23,201701234276166,PRVU,54,28,40,337.0,13480.0
2017-01-23,201701234276165,PRVU,55,28,200,337.0,67400.0
2017-01-23,201701234276164,PRVU,49,28,150,338.0,50700.0
2017-01-23,201701234276163,PRVU,37,28,50,338.0,16900.0
2017-01-23,201701234276159,PRVU,55,29,20,339.0,6780.0
2017-01-23,201701234275701,PRVU,35,36,116,340.0,39440.0
2017-01-23,201701234275699,PRVU,25,22,77,344.0,26488.0
2017-01-23,201701234275678,PRVU,44,36,100,340.0,34000.0
2017-01-23,201701234275721,PRVU,1,58,100,340.0,34000.0
2017-01-23,201701234275720,PRVU,1,58,50,340.0,17000.0
2017-01-23,201701234275717,PRVU,11,17,200,340.0,68000.0
2017-01-23,201701234275716,PRVU,22,17,60,340.0,20400.0
2017-01-23,201701234275714,PRVU,13,10,66,340.0,22440.0
2017-01-23,201701234275762,PRVU,13,26,150,338.0,50700.0
2017-01-23,201701234275760,PRVU,16,29,24,340.0,8160.0
2017-01-23,201701234275748,PRVU,35,17,380,340.0,129200.0
2017-01-23,201701234275735,PRVU,13,17,240,340.0,81600.0
2017-01-23,201701234275727,PRVU,13,58,14,340.0,4760.0
2017-01-23,201701234275726,PRVU,13,58,100,340.0,34000.0
2017-01-23,201701234275781,PRVU,14,22,23,338.0,7774.0
2017-01-23,201701234275779,PRVU,14,22,10,338.0,3380.0
2017-01-23,201701234275778,PRVU,47,22,50,338.0,16900.0
2017-01-23,201701234275777,PRVU,13,22,40,338.0,13520.0
2017-01-23,201701234275768,PRVU,16,16,656,339.0,222384.0
2017-01-23,201701234275765,PRVU,13,26,107,338.0,36166.0
2017-01-23,201701234275890,PRVU,16,29,10,339.0,3390.0
2017-01-23,201701234275829,PRVU,1,55,61,336.0,20496.0
2017-01-23,201701234275821,PRVU,35,29,100,338.0,33800.0
2017-01-23,201701234275820,PRVU,13,29,200,338.0,67600.0
2017-01-23,201701234275819,PRVU,14,29,70,339.0,23730.0
2017-01-23,201701234275818,PRVU,49,29,200,339.0,67800.0
2017-01-23,201701234275985,PRVU,6,44,70,337.0,23590.0
2017-01-23,201701234275984,PRVU,58,44,30,337.0,10110.0
2017-01-23,201701234275983,PRVU,43,44,100,337.0,33700.0
2017-01-23,201701234275968,PRVU,33,44,37,337.0,12469.0
2017-01-23,201701234275966,PRVU,13,29,200,339.0,67800.0
2017-01-23,201701234275905,PRVU,54,33,353,336.0,118608.0
2017-01-23,201701234276055,PRVU,55,44,13,337.0,4381.0
2017-01-23,201701234276054,PRVU,55,44,60,337.0,20220.0
2017-01-23,201701234276047,PRVU,1,44,100,337.0,33700.0
2017-01-23,201701234276041,PRVU,33,44,110,337.0,37070.0
2017-01-23,201701234276036,PRVU,13,44,150,337.0,50550.0
2017-01-23,201701234276012,PRVU,6,44,180,337.0,60660.0
2017-01-23,201701234276144,PRVU,6,39,156,337.0,52572.0
2017-01-23,201701234276142,PRVU,8,39,327,337.0,110199.0
2017-01-23,201701234276123,PRVU,54,46,11,337.0,3707.0
2017-01-23,201701234276119,PRVU,55,51,22,338.0,7436.0
2017-01-23,201701234276117,PRVU,37,57,252,338.0,85176.0
2017-01-23,201701234276062,PRVU,38,38,1146,338.0,387348.0
2017-01-23,201701234275904,PURBL,13,28,15,318.0,4770.0
2017-01-23,201701234275776,PURBL,34,28,30,319.0,9570.0
2017-01-23,201701234275903,PURBL,13,28,10,318.0,3180.0
2017-01-23,201701234275802,PURBL,34,28,15,319.0,4785.0
2017-01-23,201701234275788,PURBL,34,28,30,319.0,9570.0
2017-01-23,201701234276152,RBCL,26,53,10,13964.0,139640.0
2017-01-23,201701234276010,RHPC,3,49,15,206.0,3090.0
2017-01-23,201701234276003,RHPC,3,49,94,210.0,19740.0
2017-01-23,201701234275972,RHPC,32,32,16,214.0,3424.0
2017-01-23,201701234275879,SAFL,29,51,280,252.0,70560.0
2017-01-23,201701234275855,SAFL,29,51,280,252.0,70560.0
2017-01-23,201701234276111,SANIMA,55,56,50,520.0,26000.0
2017-01-23,201701234276110,SANIMA,19,56,50,520.0,26000.0
2017-01-23,201701234275996,SANIMA,32,4,200,520.0,104000.0
2017-01-23,201701234275995,SANIMA,25,4,100,521.0,52100.0
2017-01-23,201701234275963,SANIMA,42,56,100,524.0,52400.0
2017-01-23,201701234275912,SANIMA,36,14,200,520.0,104000.0
2017-01-23,201701234275827,SANIMA,45,56,300,518.0,155400.0
2017-01-23,201701234275826,SANIMA,45,56,300,518.0,155400.0
2017-01-23,201701234275809,SANIMA,13,25,300,519.0,155700.0
2017-01-23,201701234275743,SANIMA,56,56,10,527.0,5270.0
2017-01-23,201701234275722,SANIMA,56,44,10,523.0,5230.0
2017-01-23,201701234275681,SANIMA,52,52,100,514.0,51400.0
2017-01-23,201701234276021,SBI,7,57,50,1540.0,77000.0
2017-01-23,201701234275946,SBI,19,57,640,1527.0,977280.0
2017-01-23,201701234275937,SBI,25,57,90,1530.0,137700.0
2017-01-23,201701234275936,SBI,6,57,100,1530.0,153000.0
2017-01-23,201701234275935,SBI,44,57,200,1531.0,306200.0
2017-01-23,201701234275934,SBI,17,57,10,1532.0,15320.0
2017-01-23,201701234275725,SBI,22,22,73,1535.0,112055.0
2017-01-23,201701234275895,SBI,25,25,200,1535.0,307000.0
2017-01-23,201701234275888,SBI,29,25,100,1535.0,153500.0
2017-01-23,201701234275887,SBI,49,25,100,1540.0,154000.0
2017-01-23,201701234275886,SBI,29,25,70,1540.0,107800.0
2017-01-23,201701234275885,SBI,19,25,130,1541.0,200330.0
2017-01-23,201701234275870,SBI,42,44,100,1550.0,155000.0
2017-01-23,201701234275933,SBI,52,57,100,1532.0,153200.0
2017-01-23,201701234275932,SBI,37,57,50,1533.0,76650.0
2017-01-23,201701234275931,SBI,37,57,50,1533.0,76650.0
2017-01-23,201701234275930,SBI,11,57,80,1533.0,122640.0
2017-01-23,201701234275929,SBI,52,57,60,1535.0,92100.0
2017-01-23,201701234275928,SBI,11,57,100,1535.0,153500.0
2017-01-23,201701234275847,SBL,22,48,20,985.0,19700.0
2017-01-23,201701234275846,SBL,57,48,200,985.0,197000.0
2017-01-23,201701234275845,SBL,22,48,100,985.0,98500.0
2017-01-23,201701234275844,SBL,29,48,70,985.0,68950.0
2017-01-23,201701234275843,SBL,29,48,100,985.0,98500.0
2017-01-23,201701234275842,SBL,19,48,20,985.0,19700.0
2017-01-23,201701234275841,SBL,19,48,30,985.0,29550.0
2017-01-23,201701234275801,SBL,49,48,10,990.0,9900.0
2017-01-23,201701234276124,SCB,44,7,59,2200.0,129800.0
2017-01-23,201701234275949,SCB,47,21,100,2210.0,221000.0
2017-01-23,201701234275948,SCB,47,34,200,2209.0,441800.0
2017-01-23,201701234275917,SCB,44,25,100,2200.0,220000.0
2017-01-23,201701234275803,SCB,13,13,185,2200.0,407000.0
2017-01-23,201701234275770,SCB,47,22,89,2190.0,194910.0
2017-01-23,201701234275902,SFFIL,59,53,10,491.0,4910.0
2017-01-23,201701234275817,SFFIL,5,53,200,482.0,96400.0
2017-01-23,201701234275811,SHINE,11,21,110,345.0,37950.0
2017-01-23,201701234276134,SHL,48,11,300,309.0,92700.0
2017-01-23,201701234275911,SHL,48,32,500,315.0,157500.0
2017-01-23,201701234275954,SHPC,32,32,18,800.0,14400.0
2017-01-23,201701234276075,SIC,6,49,20,1120.0,22400.0
2017-01-23,201701234276074,SIC,29,49,50,1120.0,56000.0
2017-01-23,201701234276070,SIC,41,49,75,1125.0,84375.0
2017-01-23,201701234276155,SICL,56,44,22,2101.0,46222.0
2017-01-23,201701234276154,SICL,14,44,22,2102.0,46244.0
2017-01-23,201701234276149,SICL,14,58,88,2102.0,184976.0
2017-01-23,201701234276147,SICL,34,58,500,2103.0,1051500.0
2017-01-23,201701234276131,SICL,38,51,13,2105.0,27365.0
2017-01-23,201701234275952,SICL,34,44,22,2100.0,46200.0
2017-01-23,201701234276129,SIGS1,49,49,90000,22.6,2034000.0
2017-01-23,201701234276128,SIGS1,49,49,10100,22.6,228260.0
2017-01-23,201701234276127,SIGS1,49,49,149900,22.6,3387740.0
2017-01-23,201701234276157,SKBBL,19,29,170,1015.0,172550.0
2017-01-23,201701234275945,SKBBL,25,55,150,1000.0,150000.0
2017-01-23,201701234276083,SRBL,32,6,10,495.0,4950.0
2017-01-23,201701234275857,SRBL,11,56,50,505.0,25250.0
2017-01-23,201701234275813,SRBL,32,32,85,498.0,42330.0
2017-01-23,201701234275812,SRBL,32,22,10,490.0,4900.0
2017-01-23,201701234276065,SYFL,42,33,500,154.0,77000.0
2017-01-23,201701234276043,SYFL,38,58,300,152.0,45600.0
2017-01-23,201701234276042,SYFL,38,58,30,152.0,4560.0
2017-01-23,201701234275769,SYFL,38,51,200,154.0,30800.0
2017-01-23,201701234275715,SYFL,45,39,20,155.0,3100.0
2017-01-23,201701234276140,VSDBL,43,11,160,179.0,28640.0
2017-01-23,201701234276136,VSDBL,10,47,1000,180.0,180000.0
2017-01-23,201701234276115,VSDBL,10,47,1000,180.0,180000.0
2017-01-23,201701234275871,VSDBL,43,52,20,182.0,3640.0
2017-01-23,201701234276106,VSDBL,37,49,200,183.0,36600.0
2017-01-23,201701234276059,VSDBL,10,28,295,182.0,53690.0
2017-01-23,201701234276032,VSDBL,53,28,15,182.0,2730.0
2017-01-23,201701234276022,VSDBL,58,28,500,182.0,91000.0
2017-01-23,201701234275892,WDBL,35,22,100,292.0,29200.0
2017-01-23,201701234276097,YETI,37,58,35,265.0,9275.0
2017-01-23,201701234276034,YETI,57,58,95,265.0,25175.0
2017-01-23,201701234275916,YETI,35,58,60,265.0,15900.0
2017-01-23,201701234275915,YETI,35,35,60,265.0,15900.0
2017-01-23,201701234275901,YETI,35,58,60,265.0,15900.0
2017-01-23,201701234275889,YETI,35,50,100,268.0,26800.0
2017-01-23,201701234276656,ADBL,42,42,36,520.0,18720.0
2017-01-23,201701234276584,ADBL,29,52,50,521.0,26050.0
2017-01-23,201701234276583,ADBL,52,52,180,521.0,93780.0
2017-01-23,201701234276555,ADBL,58,52,100,522.0,52200.0
2017-01-23,201701234276637,AHPC,56,58,25,248.0,6200.0
2017-01-23,201701234276294,AHPC,48,21,226,250.0,56500.0
2017-01-23,201701234276576,ALICL,37,17,100,1375.0,137500.0
2017-01-23,201701234276536,ALICL,37,37,100,1377.0,137700.0
2017-01-23,201701234276342,API,38,38,26,394.0,10244.0
2017-01-23,201701234276648,BOKL,35,21,126,600.0,75600.0
2017-01-23,201701234276600,BOKL,35,19,400,602.0,240800.0
2017-01-23,201701234276572,BOKL,35,11,100,602.0,60200.0
2017-01-23,201701234276550,BOKL,41,58,150,600.0,90000.0
2017-01-23,201701234276549,BOKL,37,58,100,600.0,60000.0
2017-01-23,201701234276548,BOKL,50,58,400,600.0,240000.0
2017-01-23,201701234276237,BOKL,56,19,100,604.0,60400.0
2017-01-23,201701234276416,BOKL,38,57,18,603.0,10854.0
2017-01-23,201701234276399,BOKL,56,40,50,602.0,30100.0
2017-01-23,201701234276391,BOKL,34,32,149,603.0,89847.0
2017-01-23,201701234276381,BOKL,36,11,400,604.0,241600.0
2017-01-23,201701234276380,BOKL,36,19,100,604.0,60400.0
2017-01-23,201701234276307,BOKL,5,19,200,604.0,120800.0
2017-01-23,201701234276475,BOKL,54,44,100,601.0,60100.0
2017-01-23,201701234276450,BOKL,14,22,100,602.0,60200.0
2017-01-23,201701234276449,BOKL,39,22,100,602.0,60200.0
2017-01-23,201701234276448,BOKL,57,22,100,602.0,60200.0
2017-01-23,201701234276447,BOKL,16,22,200,602.0,120400.0
2017-01-23,201701234276446,BOKL,38,22,200,603.0,120600.0
2017-01-23,201701234276540,BOKL,11,19,500,602.0,301000.0
2017-01-23,201701234276507,BOKL,37,22,71,601.0,42671.0
2017-01-23,201701234276489,BOKL,37,22,500,601.0,300500.0
2017-01-23,201701234276488,BOKL,56,22,100,601.0,60100.0
2017-01-23,201701234276477,BOKL,56,44,200,601.0,120200.0
2017-01-23,201701234276476,BOKL,49,44,200,601.0,120200.0
2017-01-23,201701234276547,BOKL,37,58,200,600.0,120000.0
2017-01-23,201701234276546,BOKL,43,58,100,600.0,60000.0
2017-01-23,201701234276545,BOKL,11,58,200,600.0,120000.0
2017-01-23,201701234276544,BOKL,45,58,100,600.0,60000.0
2017-01-23,201701234276543,BOKL,5,58,100,600.0,60000.0
2017-01-23,201701234276542,BOKL,21,58,50,600.0,30000.0
2017-01-23,201701234276302,BPCL,13,51,200,542.0,108400.0
2017-01-23,201701234276238,BPCL,43,51,100,542.0,54200.0
2017-01-23,201701234276231,BPCL,43,51,300,542.0,162600.0
2017-01-23,201701234276200,BPCL,7,51,400,542.0,216800.0
2017-01-23,201701234276436,CBBL,58,50,148,1031.0,152588.0
2017-01-23,201701234276556,CBL,25,25,910,245.0,222950.0
2017-01-23,201701234276512,CBL,25,49,90,245.0,22050.0
2017-01-23,201701234276511,CBL,56,49,200,245.0,49000.0
2017-01-23,201701234276510,CBL,19,49,50,245.0,12250.0
2017-01-23,201701234276509,CBL,39,49,60,245.0,14700.0
2017-01-23,201701234276508,CBL,54,49,100,246.0,24600.0
2017-01-23,201701234276424,CBL,10,42,153,246.0,37638.0
2017-01-23,201701234276286,CBL,10,8,600,248.0,148800.0
2017-01-23,201701234276215,CBL,10,42,232,246.0,57072.0
2017-01-23,201701234276197,CBL,5,5,329,247.0,81263.0
2017-01-23,201701234276660,CCBL,13,58,28,323.0,9044.0
2017-01-23,201701234276359,CCBL,26,32,78,322.0,25116.0
2017-01-23,201701234276354,CCBL,38,38,542,323.0,175066.0
2017-01-23,201701234276320,CCBL,48,17,21,323.0,6783.0
2017-01-23,201701234276268,CCBL,56,41,90,325.0,29250.0
2017-01-23,201701234276249,CCBL,48,51,57,325.0,18525.0
2017-01-23,201701234276240,CCBL,48,48,16,324.0,5184.0
2017-01-23,201701234276234,CCBL,48,48,53,324.0,17172.0
2017-01-23,201701234276227,CCBL,48,48,53,324.0,17172.0
2017-01-23,201701234276664,CZBIL,26,59,79,470.0,37130.0
2017-01-23,201701234276661,CZBIL,26,51,55,470.0,25850.0
2017-01-23,201701234276657,CZBIL,26,58,200,470.0,94000.0
2017-01-23,201701234276570,CZBIL,14,58,300,470.0,141000.0
2017-01-23,201701234276528,CZBIL,35,42,17,468.0,7956.0
2017-01-23,201701234276526,CZBIL,35,42,380,468.0,177840.0
2017-01-23,201701234276195,CZBIL,25,17,500,470.0,235000.0
2017-01-23,201701234276194,CZBIL,19,17,1000,470.0,470000.0
2017-01-23,201701234276193,CZBIL,13,17,20,471.0,9420.0
2017-01-23,201701234276171,CZBIL,32,57,463,472.0,218536.0
2017-01-23,201701234276393,CZBIL,10,35,289,469.0,135541.0
2017-01-23,201701234276362,CZBIL,10,48,60,469.0,28140.0
2017-01-23,201701234276361,CZBIL,16,48,40,470.0,18800.0
2017-01-23,201701234276276,CZBIL,16,59,62,470.0,29140.0
2017-01-23,201701234276221,CZBIL,10,40,50,469.0,23450.0
2017-01-23,201701234276214,CZBIL,34,54,115,469.0,53935.0
2017-01-23,201701234276525,CZBIL,34,42,1000,468.0,468000.0
2017-01-23,201701234276524,CZBIL,55,42,200,469.0,93800.0
2017-01-23,201701234276523,CZBIL,34,42,200,469.0,93800.0
2017-01-23,201701234276505,CZBIL,25,17,300,470.0,141000.0
2017-01-23,201701234276504,CZBIL,59,17,80,471.0,37680.0
2017-01-23,201701234276425,CZBIL,17,43,100,470.0,47000.0
2017-01-23,201701234276651,DBBL,29,57,300,212.0,63600.0
2017-01-23,201701234276439,DDBL,57,32,140,2255.0,315700.0
2017-01-23,201701234276430,DDBL,57,57,60,2255.0,135300.0
2017-01-23,201701234276423,DDBL,57,57,40,2255.0,90200.0
2017-01-23,201701234276405,DDBL,57,52,185,2255.0,417175.0
2017-01-23,201701234276349,DDBL,45,58,30,2255.0,67650.0
2017-01-23,201701234276263,DDBL,1,52,50,2260.0,113000.0
2017-01-23,201701234276262,DDBL,25,52,20,2260.0,45200.0
2017-01-23,201701234276261,DDBL,54,52,50,2260.0,113000.0
2017-01-23,201701234276594,EBL,29,16,1000,1870.0,1870000.0
2017-01-23,201701234276593,EBL,59,16,500,1870.0,935000.0
2017-01-23,201701234276592,EBL,19,16,500,1870.0,935000.0
2017-01-23,201701234276591,EBL,37,16,100,1871.0,187100.0
2017-01-23,201701234276590,EBL,54,16,50,1875.0,93750.0
2017-01-23,201701234276589,EBL,42,16,100,1880.0,188000.0
2017-01-23,201701234276364,EBL,28,16,200,1888.0,377600.0
2017-01-23,201701234276588,EBL,10,16,90,1880.0,169200.0
2017-01-23,201701234276472,EBL,10,40,20,1880.0,37600.0
2017-01-23,201701234276368,EBL,19,16,200,1885.0,377000.0
2017-01-23,201701234276367,EBL,11,16,50,1885.0,94250.0
2017-01-23,201701234276366,EBL,26,16,100,1886.0,188600.0
2017-01-23,201701234276365,EBL,44,16,100,1887.0,188700.0
2017-01-23,201701234276293,EDBL,44,36,26,588.0,15288.0
2017-01-23,201701234276385,GBBL,39,17,72,386.0,27792.0
2017-01-23,201701234276383,GBBL,39,17,191,386.0,73726.0
2017-01-23,201701234276330,GBBL,21,17,57,385.0,21945.0
2017-01-23,201701234276168,GBBL,32,58,450,386.0,173700.0
2017-01-23,201701234276406,GBIME,41,17,42,418.0,17556.0
2017-01-23,201701234276345,GBIME,56,26,98,420.0,41160.0
2017-01-23,201701234276251,GBIME,49,45,1000,419.0,419000.0
2017-01-23,201701234276627,GMFIL,26,51,59,231.0,13629.0
2017-01-23,201701234276663,GRDBL,52,48,10,510.0,5100.0
2017-01-23,201701234276636,GRDBL,52,48,10,510.0,5100.0
2017-01-23,201701234276635,GRDBL,21,48,10,510.0,5100.0
2017-01-23,201701234276622,GRDBL,21,36,10,510.0,5100.0
2017-01-23,201701234276565,GRDBL,21,57,130,510.0,66300.0
2017-01-23,201701234276564,GRDBL,20,57,50,510.0,25500.0
2017-01-23,201701234276174,GRDBL,43,1,52,518.0,26936.0
2017-01-23,201701234276552,GRDBL,43,42,10,516.0,5160.0
2017-01-23,201701234276551,GRDBL,19,42,30,516.0,15480.0
2017-01-23,201701234276495,GRDBL,19,36,10,516.0,5160.0
2017-01-23,201701234276339,GRDBL,19,45,10,516.0,5160.0
2017-01-23,201701234276301,GRDBL,1,13,10,523.0,5230.0
2017-01-23,201701234276260,GRDBL,43,1,52,518.0,26936.0
2017-01-23,201701234276563,GRDBL,20,57,100,510.0,51000.0
2017-01-23,201701234276562,GRDBL,17,57,20,515.0,10300.0
2017-01-23,201701234276561,GRDBL,43,57,50,515.0,25750.0
2017-01-23,201701234276560,GRDBL,1,57,100,515.0,51500.0
2017-01-23,201701234276559,GRDBL,38,57,40,516.0,20640.0
2017-01-23,201701234276553,GRDBL,38,42,10,516.0,5160.0
2017-01-23,201701234276598,HBL,49,49,49,890.0,43610.0
2017-01-23,201701234276304,HBL,26,40,60,887.0,53220.0
2017-01-23,201701234276189,HBL,25,48,10,886.0,8860.0
2017-01-23,201701234276451,HIDCL,11,39,56,220.0,12320.0
2017-01-23,201701234276427,HIDCL,11,10,56,220.0,12320.0
2017-01-23,201701234276419,HIDCL,22,39,56,220.0,12320.0
2017-01-23,201701234276415,HIDCL,10,39,56,220.0,12320.0
2017-01-23,201701234276411,HIDCL,10,39,56,220.0,12320.0
2017-01-23,201701234276180,HIDCL,19,32,29,222.0,6438.0
2017-01-23,201701234276172,HIDCL,10,22,34,220.0,7480.0
2017-01-23,201701234276404,HIDCL,10,32,46,220.0,10120.0
2017-01-23,201701234276403,HIDCL,46,17,145,220.0,31900.0
2017-01-23,201701234276321,HIDCL,10,32,56,220.0,12320.0
2017-01-23,201701234276235,HIDCL,10,40,56,220.0,12320.0
2017-01-23,201701234276196,HIDCL,11,40,112,220.0,24640.0
2017-01-23,201701234276441,ICFC,1,57,52,255.0,13260.0
2017-01-23,201701234276322,ICFC,47,45,11,255.0,2805.0
2017-01-23,201701234276454,JBBL,48,48,100,270.0,27000.0
2017-01-23,201701234276422,JBBL,14,48,100,273.0,27300.0
2017-01-23,201701234276421,JBBL,22,48,100,278.0,27800.0
2017-01-23,201701234276420,JBBL,41,48,100,278.0,27800.0
2017-01-23,201701234276291,KBBL,42,42,248,328.0,81344.0
2017-01-23,201701234276638,KBL,46,21,100,540.0,54000.0
2017-01-23,201701234276527,KBL,6,22,84,540.0,45360.0
2017-01-23,201701234276484,KBL,6,22,100,541.0,54100.0
2017-01-23,201701234276483,KBL,49,22,100,541.0,54100.0
2017-01-23,201701234276407,KBL,42,1,100,543.0,54300.0
2017-01-23,201701234276186,KBL,16,48,100,544.0,54400.0
2017-01-23,201701234276655,KKHC,55,35,10,256.0,2560.0
2017-01-23,201701234276653,KKHC,55,35,10,256.0,2560.0
2017-01-23,201701234276541,KKHC,14,14,10,261.0,2610.0
2017-01-23,201701234276537,KKHC,55,35,10,260.0,2600.0
2017-01-23,201701234276531,KKHC,55,35,10,260.0,2600.0
2017-01-23,201701234276437,KKHC,55,44,16,265.0,4240.0
2017-01-23,201701234276363,KKHC,14,53,100,266.0,26600.0
2017-01-23,201701234276353,KKHC,48,44,16,271.0,4336.0
2017-01-23,201701234276344,KKHC,26,44,16,272.0,4352.0
2017-01-23,201701234276426,KMCDB,38,38,33,1632.0,53856.0
2017-01-23,201701234276554,KMFL,55,21,10,1755.0,17550.0
2017-01-23,201701234276388,KMFL,34,44,10,1790.0,17900.0
2017-01-23,201701234276586,LBL,41,47,60,755.0,45300.0
2017-01-23,201701234276585,LBL,55,47,80,755.0,60400.0
2017-01-23,201701234276557,LBL,25,47,150,756.0,113400.0
2017-01-23,201701234276336,LBL,41,43,100,759.0,75900.0
2017-01-23,201701234276252,LBL,49,43,60,759.0,45540.0
2017-01-23,201701234276203,LBL,55,57,20,755.0,15100.0
2017-01-23,201701234276169,LBL,49,57,100,755.0,75500.0
2017-01-23,201701234276647,LGIL,49,36,13,1300.0,16900.0
2017-01-23,201701234276629,LICN,10,49,250,2451.0,612750.0
2017-01-23,201701234276628,LICN,16,49,500,2460.0,1230000.0
2017-01-23,201701234276574,MBL,16,43,149,390.0,58110.0
2017-01-23,201701234276573,MBL,16,48,100,390.0,39000.0
2017-01-23,201701234276357,MBL,57,48,100,388.0,38800.0
2017-01-23,201701234276617,MFIL,22,6,125,170.0,21250.0
2017-01-23,201701234276522,MFIL,22,45,20,170.0,3400.0
2017-01-23,201701234276521,MFIL,32,45,380,171.0,64980.0
2017-01-23,201701234276277,MLBBL,44,5,50,755.0,37750.0
2017-01-23,201701234276611,MLBL,17,28,1000,250.0,250000.0
2017-01-23,201701234276610,MLBL,56,28,200,251.0,50200.0
2017-01-23,201701234276311,MLBL,21,14,100,259.0,25900.0
2017-01-23,201701234276310,MLBL,21,14,500,259.0,129500.0
2017-01-23,201701234276309,MLBL,56,14,200,259.0,51800.0
2017-01-23,201701234276317,MLBL,19,14,1000,258.0,258000.0
2017-01-23,201701234276316,MLBL,19,14,1000,258.0,258000.0
2017-01-23,201701234276315,MLBL,52,14,200,258.0,51600.0
2017-01-23,201701234276314,MLBL,22,14,100,258.0,25800.0
2017-01-23,201701234276313,MLBL,46,14,200,258.0,51600.0
2017-01-23,201701234276312,MLBL,3,14,50,258.0,12900.0
2017-01-23,201701234276458,MLBL,36,28,1000,254.0,254000.0
2017-01-23,201701234276457,MLBL,21,28,200,255.0,51000.0
2017-01-23,201701234276456,MLBL,21,28,400,255.0,102000.0
2017-01-23,201701234276455,MLBL,29,28,500,255.0,127500.0
2017-01-23,201701234276319,MLBL,18,14,100,258.0,25800.0
2017-01-23,201701234276318,MLBL,19,14,200,258.0,51600.0
2017-01-23,201701234276464,MLBL,16,28,700,253.0,177100.0
2017-01-23,201701234276463,MLBL,18,28,100,253.0,25300.0
2017-01-23,201701234276462,MLBL,56,28,300,253.0,75900.0
2017-01-23,201701234276461,MLBL,22,28,200,253.0,50600.0
2017-01-23,201701234276460,MLBL,39,28,100,253.0,25300.0
2017-01-23,201701234276459,MLBL,19,28,500,253.0,126500.0
2017-01-23,201701234276558,MLBL,47,28,500,250.0,125000.0
2017-01-23,201701234276501,MLBL,21,28,500,250.0,125000.0
2017-01-23,201701234276491,MLBL,21,25,200,253.0,50600.0
2017-01-23,201701234276474,MLBL,16,25,1300,253.0,328900.0
2017-01-23,201701234276341,MNBBL,57,40,46,765.0,35190.0
2017-01-23,201701234276335,MNBBL,57,40,50,765.0,38250.0
2017-01-23,201701234276580,MSMBS,40,44,20,680.0,13600.0
2017-01-23,201701234276579,MSMBS,40,44,20,680.0,13600.0
2017-01-23,201701234276578,MSMBS,40,44,20,680.0,13600.0
2017-01-23,201701234276332,MSMBS,5,44,20,680.0,13600.0
2017-01-23,201701234276494,NABIL,41,22,180,1500.0,270000.0
2017-01-23,201701234276465,NABIL,34,14,70,1500.0,105000.0
2017-01-23,201701234276397,NABIL,22,14,80,1500.0,120000.0
2017-01-23,201701234276290,NABIL,22,40,20,1500.0,30000.0
2017-01-23,201701234276289,NABIL,14,40,20,1501.0,30020.0
2017-01-23,201701234276288,NABIL,17,40,10,1506.0,15060.0
2017-01-23,201701234276259,NABIL,29,22,80,1515.0,121200.0
2017-01-23,201701234276241,NABIL,29,20,200,1515.0,303000.0
2017-01-23,201701234276201,NABIL,29,40,20,1515.0,30300.0
2017-01-23,201701234276179,NABIL,5,5,300,1516.0,454800.0
2017-01-23,201701234276654,NBB,48,57,132,718.0,94776.0
2017-01-23,201701234276652,NBB,11,56,50,720.0,36000.0
2017-01-23,201701234276429,NBB,38,38,31,719.0,22289.0
2017-01-23,201701234276400,NBB,39,6,51,718.0,36618.0
2017-01-23,201701234276398,NBB,6,6,1000,718.0,718000.0
2017-01-23,201701234276386,NBB,41,6,30,719.0,21570.0
2017-01-23,201701234276228,NBB,6,53,32,718.0,22976.0
2017-01-23,201701234276216,NBB,6,54,250,718.0,179500.0
2017-01-23,201701234276207,NBB,57,19,18,719.0,12942.0
2017-01-23,201701234276382,NBB,41,57,70,719.0,50330.0
2017-01-23,201701234276281,NBB,37,6,200,718.0,143600.0
2017-01-23,201701234276280,NBB,6,6,500,718.0,359000.0
2017-01-23,201701234276279,NBB,6,6,20,718.0,14360.0
2017-01-23,201701234276230,NBB,37,6,200,718.0,143600.0
2017-01-23,201701234276229,NBB,17,6,10,720.0,7200.0
2017-01-23,201701234276219,NBBL,45,59,30,2025.0,60750.0
2017-01-23,201701234276218,NBBL,55,59,20,2025.0,40500.0
2017-01-23,201701234276616,NBL,56,22,120,401.0,48120.0
2017-01-23,201701234276615,NBL,56,22,300,401.0,120300.0
2017-01-23,201701234276614,NBL,58,22,240,401.0,96240.0
2017-01-23,201701234276613,NBL,41,22,90,402.0,36180.0
2017-01-23,201701234276595,NBL,41,22,10,402.0,4020.0
2017-01-23,201701234276582,NBL,38,22,200,403.0,80600.0
2017-01-23,201701234276581,NBL,38,22,50,403.0,20150.0
2017-01-23,201701234276431,NBL,38,43,150,403.0,60450.0
2017-01-23,201701234276191,NBL,56,43,400,403.0,161200.0
2017-01-23,201701234276356,NGPL,40,40,100,279.0,27900.0
2017-01-23,201701234276625,NHPC,37,21,10,137.0,1370.0
2017-01-23,201701234276534,NHPC,34,49,2000,139.0,278000.0
2017-01-23,201701234276533,NHPC,10,49,1000,139.0,139000.0
2017-01-23,201701234276532,NHPC,45,49,1000,139.0,139000.0
2017-01-23,201701234276469,NHPC,34,47,390,139.0,54210.0
2017-01-23,201701234276468,NHPC,34,47,430,139.0,59770.0
2017-01-23,201701234276467,NHPC,47,47,70,139.0,9730.0
2017-01-23,201701234276440,NHPC,34,57,1000,139.0,139000.0
2017-01-23,201701234276329,NHPC,10,16,40,141.0,5640.0
2017-01-23,201701234276649,NIB,43,14,32,701.0,22432.0
2017-01-23,201701234276646,NIB,35,14,32,701.0,22432.0
2017-01-23,201701234276633,NIB,58,45,1500,701.0,1051500.0
2017-01-23,201701234276599,NIB,45,18,1000,701.0,701000.0
2017-01-23,201701234276503,NIB,26,26,32,702.0,22464.0
2017-01-23,201701234276502,NIB,48,48,32,703.0,22496.0
2017-01-23,201701234276217,NIB,36,40,26,702.0,18252.0
2017-01-23,201701234276212,NIB,36,40,30,702.0,21060.0
2017-01-23,201701234276187,NIB,13,40,26,702.0,18252.0
2017-01-23,201701234276170,NIB,7,1,10,703.0,7030.0
2017-01-23,201701234276347,NIB,13,51,26,703.0,18278.0
2017-01-23,201701234276346,NIB,13,51,26,703.0,18278.0
2017-01-23,201701234276333,NIB,36,17,87,702.0,61074.0
2017-01-23,201701234276264,NIB,36,40,26,702.0,18252.0
2017-01-23,201701234276255,NIB,43,40,26,702.0,18252.0
2017-01-23,201701234276222,NIB,43,54,30,702.0,21060.0
2017-01-23,201701234276410,NIB,13,56,30,702.0,21060.0
2017-01-23,201701234276408,NIB,22,56,50,703.0,35150.0
2017-01-23,201701234276394,NIB,22,22,50,703.0,35150.0
2017-01-23,201701234276392,NIB,36,45,57,702.0,40014.0
2017-01-23,201701234276387,NIB,7,22,10,703.0,7030.0
2017-01-23,201701234276350,NIB,13,51,26,703.0,18278.0
2017-01-23,201701234276499,NIB,56,57,190,702.0,133380.0
2017-01-23,201701234276444,NIB,36,57,100,702.0,70200.0
2017-01-23,201701234276443,NIB,36,57,100,702.0,70200.0
2017-01-23,201701234276442,NIB,36,57,50,702.0,35100.0
2017-01-23,201701234276438,NIB,48,56,46,703.0,32338.0
2017-01-23,201701234276428,NIB,48,48,32,703.0,22496.0
2017-01-23,201701234276452,NIBPO,53,47,20,640.0,12800.0
2017-01-23,201701234276337,NIBPO,53,38,150,640.0,96000.0
2017-01-23,201701234276287,NIBSF1,41,55,5000,11.3,56500.0
2017-01-23,201701234276667,NICA,49,16,15,491.0,7365.0
2017-01-23,201701234276634,NICA,10,16,30,490.0,14700.0
2017-01-23,201701234276630,NICA,56,16,100,490.0,49000.0
2017-01-23,201701234276608,NICA,41,16,200,490.0,98000.0
2017-01-23,201701234276607,NICA,42,16,70,490.0,34300.0
2017-01-23,201701234276606,NICA,54,16,300,491.0,147300.0
2017-01-23,201701234276478,NICA,33,22,20,491.0,9820.0
2017-01-23,201701234276395,NICA,17,14,126,490.0,61740.0
2017-01-23,201701234276390,NICA,33,14,480,491.0,235680.0
2017-01-23,201701234276389,NICA,11,14,20,491.0,9820.0
2017-01-23,201701234276223,NICA,17,11,53,492.0,26076.0
2017-01-23,201701234276577,NICA,10,58,123,490.0,60270.0
2017-01-23,201701234276566,NICA,58,21,108,493.0,53244.0
2017-01-23,201701234276482,NICA,25,40,46,490.0,22540.0
2017-01-23,201701234276481,NICA,25,22,410,490.0,200900.0
2017-01-23,201701234276480,NICA,11,22,90,490.0,44100.0
2017-01-23,201701234276479,NICA,18,22,10,490.0,4900.0
2017-01-23,201701234276326,NIL,22,47,200,815.0,163000.0
2017-01-23,201701234276325,NIL,19,47,20,820.0,16400.0
2017-01-23,201701234276324,NIL,32,47,10,820.0,8200.0
2017-01-23,201701234276323,NIL,48,47,30,825.0,24750.0
2017-01-23,201701234276253,NLBBL,37,47,10,1407.0,14070.0
2017-01-23,201701234276644,NLIC,22,49,100,2680.0,268000.0
2017-01-23,201701234276643,NLIC,22,49,100,2680.0,268000.0
2017-01-23,201701234276642,NLIC,56,49,200,2680.0,536000.0
2017-01-23,201701234276641,NLIC,6,49,50,2680.0,134000.0
2017-01-23,201701234276640,NLIC,34,49,300,2681.0,804300.0
2017-01-23,201701234276639,NLIC,45,49,200,2682.0,536400.0
2017-01-23,201701234276632,NLIC,45,44,100,2682.0,268200.0
2017-01-23,201701234276631,NLIC,34,44,100,2682.0,268200.0
2017-01-23,201701234276256,NLIC,53,28,50,2700.0,135000.0
2017-01-23,201701234276178,NLIC,45,44,50,2700.0,135000.0
2017-01-23,201701234276177,NLIC,45,28,100,2700.0,270000.0
2017-01-23,201701234276569,NMB,3,58,150,500.0,75000.0
2017-01-23,201701234276496,NMB,33,5,38,500.0,19000.0
2017-01-23,201701234276486,NMB,33,5,250,500.0,125000.0
2017-01-23,201701234276485,NMB,11,5,100,500.0,50000.0
2017-01-23,201701234276624,PCBL,47,49,100,411.0,41100.0
2017-01-23,201701234276471,PCBL,57,49,300,410.0,123000.0
2017-01-23,201701234276470,PCBL,21,49,200,410.0,82000.0
2017-01-23,201701234276233,PCBL,5,57,18,413.0,7434.0
2017-01-23,201701234276303,PICL,1,58,100,1115.0,111500.0
2017-01-23,201701234276213,PICL,34,33,50,1116.0,55800.0
2017-01-23,201701234276209,PICL,34,33,200,1116.0,223200.0
2017-01-23,201701234276208,PICL,7,33,300,1117.0,335100.0
2017-01-23,201701234276575,PLIC,47,59,25,1617.0,40425.0
2017-01-23,201701234276513,PLIC,58,59,15,1642.0,24630.0
2017-01-23,201701234276453,PLIC,47,58,50,1650.0,82500.0
2017-01-23,201701234276434,PRIN,17,14,200,1090.0,218000.0
2017-01-23,201701234276433,PRIN,53,14,100,1091.0,109100.0
2017-01-23,201701234276432,PRIN,46,14,50,1095.0,54750.0
2017-01-23,201701234276308,PRIN,44,48,102,1095.0,111690.0
2017-01-23,201701234276665,PRVU,39,44,24,333.0,7992.0
2017-01-23,201701234276650,PRVU,56,32,200,334.0,66800.0
2017-01-23,201701234276645,PRVU,14,33,107,333.0,35631.0
2017-01-23,201701234276623,PRVU,25,32,250,334.0,83500.0
2017-01-23,201701234276587,PRVU,26,58,100,336.0,33600.0
2017-01-23,201701234276539,PRVU,49,58,50,337.0,16850.0
2017-01-23,201701234276242,PRVU,42,29,200,339.0,67800.0
2017-01-23,201701234276236,PRVU,42,38,26,338.0,8788.0
2017-01-23,201701234276210,PRVU,13,29,233,338.0,78754.0
2017-01-23,201701234276181,PRVU,8,1,13,337.0,4381.0
2017-01-23,201701234276351,PRVU,8,59,700,337.0,235900.0
2017-01-23,201701234276343,PRVU,58,57,31,337.0,10447.0
2017-01-23,201701234276338,PRVU,48,17,13,338.0,4394.0
2017-01-23,201701234276295,PRVU,26,17,145,339.0,49155.0
2017-01-23,201701234276244,PRVU,42,57,350,339.0,118650.0
2017-01-23,201701234276243,PRVU,42,17,500,339.0,169500.0
2017-01-23,201701234276372,PRVU,41,28,1000,336.0,336000.0
2017-01-23,201701234276371,PRVU,40,28,500,336.0,168000.0
2017-01-23,201701234276370,PRVU,13,28,200,336.0,67200.0
2017-01-23,201701234276369,PRVU,11,28,200,336.0,67200.0
2017-01-23,201701234276358,PRVU,26,26,11,337.0,3707.0
2017-01-23,201701234276352,PRVU,43,59,100,337.0,33700.0
2017-01-23,201701234276378,PRVU,25,28,500,335.0,167500.0
2017-01-23,201701234276377,PRVU,55,28,200,335.0,67000.0
2017-01-23,201701234276376,PRVU,50,28,200,335.0,67000.0
2017-01-23,201701234276375,PRVU,49,28,200,335.0,67000.0
2017-01-23,201701234276374,PRVU,13,28,500,336.0,168000.0
2017-01-23,201701234276373,PRVU,41,28,1000,336.0,336000.0
2017-01-23,201701234276435,PRVU,26,26,11,336.0,3696.0
2017-01-23,201701234276418,PRVU,26,26,11,336.0,3696.0
2017-01-23,201701234276402,PRVU,58,17,470,337.0,158390.0
2017-01-23,201701234276401,PRVU,29,17,100,337.0,33700.0
2017-01-23,201701234276396,PRVU,26,26,11,338.0,3718.0
2017-01-23,201701234276379,PRVU,1,28,500,335.0,167500.0
2017-01-23,201701234276514,PRVU,25,28,100,335.0,33500.0
2017-01-23,201701234276506,PRVU,13,52,107,335.0,35845.0
2017-01-23,201701234276493,PRVU,45,5,107,336.0,35952.0
2017-01-23,201701234276492,PRVU,25,56,150,335.0,50250.0
2017-01-23,201701234276487,PRVU,26,26,11,336.0,3696.0
2017-01-23,201701234276445,PRVU,26,26,11,336.0,3696.0
2017-01-23,201701234276520,PRVU,55,28,200,334.0,66800.0
2017-01-23,201701234276519,PRVU,34,28,1000,334.0,334000.0
2017-01-23,201701234276518,PRVU,1,28,100,334.0,33400.0
2017-01-23,201701234276517,PRVU,11,28,300,335.0,100500.0
2017-01-23,201701234276516,PRVU,45,28,200,335.0,67000.0
2017-01-23,201701234276515,PRVU,32,28,100,335.0,33500.0
2017-01-23,201701234276466,RHPC,38,38,63,214.0,13482.0
2017-01-23,201701234276355,RHPC,17,17,41,210.0,8610.0
2017-01-23,201701234276202,RHPC,17,14,10,210.0,2100.0
2017-01-23,201701234276500,RMDC,38,38,69,609.0,42021.0
2017-01-23,201701234276190,RMDC,38,38,69,609.0,42021.0
2017-01-23,201701234276248,SAFL,29,32,50,258.0,12900.0
2017-01-23,201701234276232,SAFL,29,32,207,253.0,52371.0
2017-01-23,201701234276604,SANIMA,54,58,80,516.0,41280.0
2017-01-23,201701234276603,SANIMA,56,58,100,517.0,51700.0
2017-01-23,201701234276602,SANIMA,38,58,140,518.0,72520.0
2017-01-23,201701234276601,SANIMA,26,58,30,520.0,15600.0
2017-01-23,201701234276568,SANIMA,45,1,69,519.0,35811.0
2017-01-23,201701234276498,SANIMA,38,22,60,518.0,31080.0
2017-01-23,201701234276497,SANIMA,38,22,200,518.0,103600.0
2017-01-23,201701234276206,SANIMA,36,56,100,518.0,51800.0
2017-01-23,201701234276205,SANIMA,35,56,50,518.0,25900.0
2017-01-23,201701234276204,SANIMA,11,56,50,519.0,25950.0
2017-01-23,201701234276571,SBI,22,33,10,1520.0,15200.0
2017-01-23,201701234276538,SBI,47,21,72,1520.0,109440.0
2017-01-23,201701234276530,SBI,22,33,40,1522.0,60880.0
2017-01-23,201701234276529,SBI,58,33,50,1522.0,76100.0
2017-01-23,201701234276490,SBI,58,40,20,1522.0,30440.0
2017-01-23,201701234276340,SBI,58,51,30,1523.0,45690.0
2017-01-23,201701234276183,SBI,44,55,190,1530.0,290700.0
2017-01-23,201701234276182,SBI,18,55,50,1530.0,76500.0
2017-01-23,201701234276246,SBI,10,1,10,1528.0,15280.0
2017-01-23,201701234276245,SBI,56,1,40,1528.0,61120.0
2017-01-23,201701234276224,SBI,56,53,100,1529.0,152900.0
2017-01-23,201701234276192,SBI,17,53,100,1529.0,152900.0
2017-01-23,201701234276185,SBI,22,55,200,1530.0,306000.0
2017-01-23,201701234276184,SBI,22,55,30,1530.0,45900.0
2017-01-23,201701234276331,SBI,58,56,79,1523.0,120317.0
2017-01-23,201701234276266,SBI,6,21,100,1526.0,152600.0
2017-01-23,201701234276265,SBI,19,54,25,1527.0,38175.0
2017-01-23,201701234276258,SBI,19,54,130,1527.0,198510.0
2017-01-23,201701234276257,SBI,17,54,120,1528.0,183360.0
2017-01-23,201701234276247,SBI,17,1,80,1528.0,122240.0
2017-01-23,201701234276662,SBL,42,48,50,986.0,49300.0
2017-01-23,201701234276473,SBL,52,11,50,984.0,49200.0
2017-01-23,201701234276334,SBL,41,50,60,985.0,59100.0
2017-01-23,201701234276285,SBL,58,50,50,985.0,49250.0
2017-01-23,201701234276284,SBL,41,50,100,985.0,98500.0
2017-01-23,201701234276283,SBL,7,50,20,985.0,19700.0
2017-01-23,201701234276282,SBL,26,50,20,985.0,19700.0
2017-01-23,201701234276267,SBL,7,40,30,985.0,29550.0
2017-01-23,201701234276220,SBL,53,48,100,986.0,98600.0
2017-01-23,201701234276173,SBL,29,48,50,986.0,49300.0
2017-01-23,201701234276414,SCB,47,54,100,2195.0,219500.0
2017-01-23,201701234276413,SCB,47,54,100,2195.0,219500.0
2017-01-23,201701234276412,SCB,47,54,100,2196.0,219600.0
2017-01-23,201701234276299,SCB,13,40,10,2190.0,21900.0
2017-01-23,201701234276298,SCB,58,40,10,2190.0,21900.0
2017-01-23,201701234276297,SCB,17,40,10,2200.0,22000.0
2017-01-23,201701234276278,SCB,26,56,55,2201.0,121055.0
2017-01-23,201701234276250,SCB,26,40,20,2201.0,44020.0
2017-01-23,201701234276360,SHINE,58,42,650,341.0,221650.0
2017-01-23,201701234276348,SHINE,58,42,500,341.0,170500.0
2017-01-23,201701234276296,SHINE,55,17,55,342.0,18810.0
2017-01-23,201701234276535,SHPC,38,38,89,799.0,71111.0
2017-01-23,201701234276659,SIC,25,8,100,1111.0,111100.0
2017-01-23,201701234276658,SIC,48,8,100,1112.0,111200.0
2017-01-23,201701234276306,SIC,57,49,10,1110.0,11100.0
2017-01-23,201701234276305,SIC,13,49,100,1112.0,111200.0
2017-01-23,201701234276620,SICL,37,58,20,2083.0,41660.0
2017-01-23,201701234276619,SICL,34,58,40,2084.0,83360.0
2017-01-23,201701234276618,SICL,46,58,50,2085.0,104250.0
2017-01-23,201701234276612,SICL,54,56,50,2088.0,104400.0
2017-01-23,201701234276199,SICL,14,51,13,2105.0,27365.0
2017-01-23,201701234276175,SICL,56,49,18,2113.0,38034.0
2017-01-23,201701234276272,SICL,14,14,30,2101.0,63030.0
2017-01-23,201701234276271,SICL,52,14,80,2101.0,168080.0
2017-01-23,201701234276254,SICL,58,44,22,2101.0,46222.0
2017-01-23,201701234276239,SICL,58,44,22,2101.0,46222.0
2017-01-23,201701234276225,SICL,52,44,22,2101.0,46222.0
2017-01-23,201701234276211,SICL,38,38,12,2114.0,25368.0
2017-01-23,201701234276275,SICL,34,14,460,2084.0,958640.0
2017-01-23,201701234276274,SICL,14,14,60,2085.0,125100.0
2017-01-23,201701234276273,SICL,36,14,200,2095.0,419000.0
2017-01-23,201701234276597,SICL,19,56,20,2091.0,41820.0
2017-01-23,201701234276596,SICL,38,56,20,2099.0,41980.0
2017-01-23,201701234276621,SIGS1,17,57,500,22.15,11075.0
2017-01-23,201701234276626,SKBBL,38,38,33,1029.0,33957.0
2017-01-23,201701234276226,SKBBL,38,38,51,1035.0,52785.0
2017-01-23,201701234276198,SKBBL,53,29,80,1015.0,81200.0
2017-01-23,201701234276176,SKBBL,53,29,50,1015.0,50750.0
2017-01-23,201701234276666,SLICL,33,57,50,666.0,33300.0
2017-01-23,201701234276328,SMFDB,40,47,10,1697.0,16970.0
2017-01-23,201701234276609,SRBL,26,6,30,490.0,14700.0
2017-01-23,201701234276409,UIC,53,11,50,1101.0,55050.0
2017-01-23,201701234276605,VLBS,26,21,10,755.0,7550.0
2017-01-23,201701234276417,VSDBL,50,57,1000,180.0,180000.0
2017-01-23,201701234276300,VSDBL,38,38,1000,180.0,180000.0
2017-01-23,201701234276292,WDBL,45,38,150,295.0,44250.0
2017-01-23,201701234276270,WDBL,45,1,100,297.0,29700.0
2017-01-23,201701234276269,WDBL,45,38,100,296.0,29600.0
2017-01-23,201701234276188,WDBL,32,22,50,297.0,14850.0
2017-01-23,201701234276567,WOMI,17,21,12,1180.0,14160.0
2017-01-23,201701234276327,WOMI,57,57,500,1200.0,600000.0
