date,transaction_no,symbol,buyer,seller,quantity,rate,amount
2017-01-03,201701034238781,ADBL,43,6,50,530.0,26500.0
2017-01-03,201701034238773,ADBL,29,6,300,530.0,159000.0
2017-01-03,201701034238772,ADBL,17,6,100,530.0,53000.0
2017-01-03,201701034238771,ADBL,47,6,100,530.0,53000.0
2017-01-03,201701034238770,ADBL,43,6,100,530.0,53000.0
2017-01-03,201701034238769,ADBL,58,6,60,531.0,31860.0
2017-01-03,201701034238677,ADBL,6,21,50,539.0,26950.0
2017-01-03,201701034238456,ADBL,20,21,50,540.0,27000.0
2017-01-03,201701034238410,ADBL,20,56,50,540.0,27000.0
2017-01-03,201701034238402,ADBL,37,56,10,540.0,5400.0
2017-01-03,201701034238765,ALICL,5,34,120,1375.0,165000.0
2017-01-03,201701034238640,ALICL,48,34,100,1375.0,137500.0
2017-01-03,201701034238618,ALICL,35,58,500,1360.0,680000.0
2017-01-03,201701034238617,ALICL,53,58,80,1365.0,109200.0
2017-01-03,201701034238877,API,39,14,50,407.0,20350.0
2017-01-03,201701034238876,API,39,16,90,407.0,36630.0
2017-01-03,201701034238845,API,7,17,12,401.0,4812.0
2017-01-03,201701034238823,API,7,17,40,401.0,16040.0
2017-01-03,201701034238885,BARUN,6,19,10,286.0,2860.0
2017-01-03,201701034238861,BARUN,6,19,10,286.0,2860.0
2017-01-03,201701034238760,BARUN,6,19,10,286.0,2860.0
2017-01-03,201701034238715,BARUN,6,19,10,286.0,2860.0
2017-01-03,201701034238762,BOKL,38,5,1500,612.0,918000.0
2017-01-03,201701034238761,BOKL,22,5,30,612.0,18360.0
2017-01-03,201701034238759,BOKL,38,5,200,615.0,123000.0
2017-01-03,201701034238616,BOKL,6,5,100,615.0,61500.0
2017-01-03,201701034238591,BOKL,39,5,100,610.0,61000.0
2017-01-03,201701034238590,BOKL,41,5,100,610.0,61000.0
2017-01-03,201701034238420,BOKL,59,40,70,620.0,43400.0
2017-01-03,201701034238419,BOKL,59,29,80,620.0,49600.0
2017-01-03,201701034238482,BOKL,6,5,120,616.0,73920.0
2017-01-03,201701034238481,BOKL,38,5,50,616.0,30800.0
2017-01-03,201701034238480,BOKL,38,5,100,617.0,61700.0
2017-01-03,201701034238473,BOKL,25,5,100,618.0,61800.0
2017-01-03,201701034238472,BOKL,38,5,500,618.0,309000.0
2017-01-03,201701034238471,BOKL,38,5,200,618.0,123600.0
2017-01-03,201701034238548,BOKL,22,6,171,616.0,105336.0
2017-01-03,201701034238521,BOKL,47,5,50,618.0,30900.0
2017-01-03,201701034238494,BOKL,41,21,20,615.0,12300.0
2017-01-03,201701034238489,BOKL,25,5,1000,616.0,616000.0
2017-01-03,201701034238484,BOKL,8,5,500,616.0,308000.0
2017-01-03,201701034238483,BOKL,41,5,300,616.0,184800.0
2017-01-03,201701034238555,BOKL,38,35,500,615.0,307500.0
2017-01-03,201701034238554,BOKL,38,35,100,615.0,61500.0
2017-01-03,201701034238553,BOKL,25,35,200,615.0,123000.0
2017-01-03,201701034238552,BOKL,42,35,100,615.0,61500.0
2017-01-03,201701034238551,BOKL,21,35,300,615.0,184500.0
2017-01-03,201701034238550,BOKL,41,35,60,615.0,36900.0
2017-01-03,201701034238583,BOKL,32,5,100,613.0,61300.0
2017-01-03,201701034238582,BOKL,40,5,200,614.0,122800.0
2017-01-03,201701034238559,BOKL,35,35,500,615.0,307500.0
2017-01-03,201701034238558,BOKL,42,35,100,615.0,61500.0
2017-01-03,201701034238557,BOKL,34,35,200,615.0,123000.0
2017-01-03,201701034238556,BOKL,38,35,500,615.0,307500.0
2017-01-03,201701034238589,BOKL,57,5,500,610.0,305000.0
2017-01-03,201701034238588,BOKL,7,5,100,612.0,61200.0
2017-01-03,201701034238587,BOKL,11,5,100,612.0,61200.0
2017-01-03,201701034238586,BOKL,43,5,50,612.0,30600.0
2017-01-03,201701034238585,BOKL,38,5,100,612.0,61200.0
2017-01-03,201701034238584,BOKL,38,5,100,612.0,61200.0
2017-01-03,201701034238479,BPCL,34,34,1000,550.0,550000.0
2017-01-03,201701034238869,CBL,38,20,375,254.0,95250.0
2017-01-03,201701034238868,CBL,38,29,122,253.0,30866.0
2017-01-03,201701034238867,CBL,38,29,122,253.0,30866.0
2017-01-03,201701034238810,CBL,48,29,217,251.0,54467.0
2017-01-03,201701034238768,CBL,45,56,45,252.0,11340.0
2017-01-03,201701034238741,CBL,6,56,60,253.0,15180.0
2017-01-03,201701034238631,CBL,6,29,20,253.0,5060.0
2017-01-03,201701034238470,CBL,45,56,331,252.0,83412.0
2017-01-03,201701034238435,CBL,21,29,10,253.0,2530.0
2017-01-03,201701034238403,CBL,25,29,74,252.0,18648.0
2017-01-03,201701034238393,CBL,7,29,100,252.0,25200.0
2017-01-03,201701034238807,CCBL,7,38,70,338.0,23660.0
2017-01-03,201701034238806,CCBL,6,38,30,339.0,10170.0
2017-01-03,201701034238780,CCBL,17,38,35,339.0,11865.0
2017-01-03,201701034238730,CCBL,44,29,13,339.0,4407.0
2017-01-03,201701034238645,CCBL,6,29,303,339.0,102717.0
2017-01-03,201701034238719,CHCL,25,34,27,810.0,21870.0
2017-01-03,201701034238675,CHCL,25,34,660,810.0,534600.0
2017-01-03,201701034238424,CHCL,42,34,50,810.0,40500.0
2017-01-03,201701034238423,CHCL,19,34,100,810.0,81000.0
2017-01-03,201701034238422,CHCL,25,34,200,810.0,162000.0
2017-01-03,201701034238421,CHCL,42,34,100,810.0,81000.0
2017-01-03,201701034238416,CHCL,44,6,200,810.0,162000.0
2017-01-03,201701034238850,CZBIL,45,55,15,490.0,7350.0
2017-01-03,201701034238849,CZBIL,45,17,160,490.0,78400.0
2017-01-03,201701034238848,CZBIL,17,17,440,490.0,215600.0
2017-01-03,201701034238834,CZBIL,17,55,60,490.0,29400.0
2017-01-03,201701034238833,CZBIL,38,55,40,490.0,19600.0
2017-01-03,201701034238832,CZBIL,38,55,160,491.0,78560.0
2017-01-03,201701034238451,CZBIL,14,49,200,492.0,98400.0
2017-01-03,201701034238415,CZBIL,21,55,10,494.0,4940.0
2017-01-03,201701034238612,CZBIL,57,38,255,492.0,125460.0
2017-01-03,201701034238594,CZBIL,38,38,83,491.0,40753.0
2017-01-03,201701034238546,CZBIL,22,14,266,492.0,130872.0
2017-01-03,201701034238462,CZBIL,22,49,180,492.0,88560.0
2017-01-03,201701034238461,CZBIL,39,49,100,492.0,49200.0
2017-01-03,201701034238452,CZBIL,19,49,20,492.0,9840.0
2017-01-03,201701034238798,CZBIL,46,55,40,494.0,19760.0
2017-01-03,201701034238785,CZBIL,34,49,100,493.0,49300.0
2017-01-03,201701034238679,CZBIL,38,42,340,491.0,166940.0
2017-01-03,201701034238678,CZBIL,22,42,60,492.0,29520.0
2017-01-03,201701034238657,CZBIL,46,49,100,493.0,49300.0
2017-01-03,201701034238621,CZBIL,6,49,100,493.0,49300.0
2017-01-03,201701034238701,DBBL,58,41,200,217.0,43400.0
2017-01-03,201701034238513,DDBL,11,47,200,2200.0,440000.0
2017-01-03,201701034238878,EBL,25,57,60,1825.0,109500.0
2017-01-03,201701034238782,EBL,1,57,40,1825.0,73000.0
2017-01-03,201701034238720,EBL,5,13,100,1825.0,182500.0
2017-01-03,201701034238713,EBL,37,37,100,1821.0,182100.0
2017-01-03,201701034238625,EBL,29,49,100,1824.0,182400.0
2017-01-03,201701034238605,EBL,21,35,100,1829.0,182900.0
2017-01-03,201701034238574,EBL,37,35,100,1829.0,182900.0
2017-01-03,201701034238549,EBL,55,35,50,1829.0,91450.0
2017-01-03,201701034238498,EBL,35,35,200,1829.0,365800.0
2017-01-03,201701034238475,EIC,53,20,17,1523.0,25891.0
2017-01-03,201701034238463,EIC,53,20,40,1523.0,60920.0
2017-01-03,201701034238866,FMDBL,42,40,11,904.0,9944.0
2017-01-03,201701034238858,FMDBL,42,40,40,904.0,36160.0
2017-01-03,201701034238857,FMDBL,40,40,60,904.0,54240.0
2017-01-03,201701034238856,FMDBL,37,40,20,905.0,18100.0
2017-01-03,201701034238855,FMDBL,41,40,20,905.0,18100.0
2017-01-03,201701034238683,GBBL,22,35,100,388.0,38800.0
2017-01-03,201701034238870,GBIME,14,52,50,425.0,21250.0
2017-01-03,201701034238486,GBIME,17,19,100,425.0,42500.0
2017-01-03,201701034238485,GBIME,6,19,20,425.0,8500.0
2017-01-03,201701034238412,GFCL,22,47,200,285.0,57000.0
2017-01-03,201701034238614,GRDBL,18,1,10,475.0,4750.0
2017-01-03,201701034238613,GRDBL,18,1,10,475.0,4750.0
2017-01-03,201701034238608,GRDBL,18,34,10,474.0,4740.0
2017-01-03,201701034238491,HAMRO,42,58,50,415.0,20750.0
2017-01-03,201701034238813,HBL,41,37,200,876.0,175200.0
2017-01-03,201701034238706,HBL,22,53,290,875.0,253750.0
2017-01-03,201701034238705,HBL,29,53,10,876.0,8760.0
2017-01-03,201701034238682,HBL,10,53,100,880.0,88000.0
2017-01-03,201701034238663,HBL,10,47,100,880.0,88000.0
2017-01-03,201701034238662,HBL,40,47,100,880.0,88000.0
2017-01-03,201701034238547,HBL,40,29,100,880.0,88000.0
2017-01-03,201701034238401,HBL,29,7,50,876.0,43800.0
2017-01-03,201701034238603,HGI,36,50,100,1260.0,126000.0
2017-01-03,201701034238578,HGI,36,50,100,1260.0,126000.0
2017-01-03,201701034238577,HGI,32,50,50,1261.0,63050.0
2017-01-03,201701034238576,HGI,21,50,50,1262.0,63100.0
2017-01-03,201701034238418,HGI,25,50,50,1270.0,63500.0
2017-01-03,201701034238469,HIDCL,4,19,86,228.0,19608.0
2017-01-03,201701034238400,HIDCL,45,19,200,227.0,45400.0
2017-01-03,201701034238751,ICFC,59,37,100,253.0,25300.0
2017-01-03,201701034238750,ICFC,6,37,100,253.0,25300.0
2017-01-03,201701034238749,ICFC,58,37,300,253.0,75900.0
2017-01-03,201701034238748,ICFC,49,37,400,254.0,101600.0
2017-01-03,201701034238595,ICFC,6,40,100,256.0,25600.0
2017-01-03,201701034238538,JBBL,39,6,20,287.0,5740.0
2017-01-03,201701034238727,KBBL,55,17,100,358.0,35800.0
2017-01-03,201701034238726,KBBL,25,17,100,358.0,35800.0
2017-01-03,201701034238725,KBBL,25,17,100,360.0,36000.0
2017-01-03,201701034238724,KBBL,7,17,50,360.0,18000.0
2017-01-03,201701034238723,KBBL,1,17,50,360.0,18000.0
2017-01-03,201701034238722,KBBL,8,17,50,360.0,18000.0
2017-01-03,201701034238721,KBBL,29,17,100,361.0,36100.0
2017-01-03,201701034238859,KBL,13,34,260,524.0,136240.0
2017-01-03,201701034238840,KBL,1,34,100,524.0,52400.0
2017-01-03,201701034238791,KBL,52,34,10,524.0,5240.0
2017-01-03,201701034238690,KBL,32,34,50,521.0,26050.0
2017-01-03,201701034238689,KBL,37,34,50,522.0,26100.0
2017-01-03,201701034238688,KBL,5,18,521,523.0,272483.0
2017-01-03,201701034238623,KBL,37,46,50,523.0,26150.0
2017-01-03,201701034238487,KBL,19,34,50,524.0,26200.0
2017-01-03,201701034238478,KBL,43,46,50,523.0,26150.0
2017-01-03,201701034238457,KBL,29,34,30,524.0,15720.0
2017-01-03,201701034238668,KBL,1,36,100,522.0,52200.0
2017-01-03,201701034238667,KBL,17,36,50,522.0,26100.0
2017-01-03,201701034238666,KBL,37,36,50,523.0,26150.0
2017-01-03,201701034238633,KBL,47,46,13,523.0,6799.0
2017-01-03,201701034238629,KBL,42,34,50,524.0,26200.0
2017-01-03,201701034238624,KBL,47,46,70,523.0,36610.0
2017-01-03,201701034238729,LBL,57,56,500,687.0,343500.0
2017-01-03,201701034238728,LBL,34,56,40,687.0,27480.0
2017-01-03,201701034238718,LBL,25,56,200,691.0,138200.0
2017-01-03,201701034238714,LBL,47,56,89,688.0,61232.0
2017-01-03,201701034238694,LBL,21,56,100,688.0,68800.0
2017-01-03,201701034238693,LBL,53,56,200,688.0,137600.0
2017-01-03,201701034238692,LBL,25,56,200,689.0,137800.0
2017-01-03,201701034238474,LBL,39,56,100,691.0,69100.0
2017-01-03,201701034238439,LBL,45,56,140,690.0,96600.0
2017-01-03,201701034238438,LBL,52,56,50,690.0,34500.0
2017-01-03,201701034238396,LBL,45,22,59,690.0,40710.0
2017-01-03,201701034238568,LGIL,47,50,60,1270.0,76200.0
2017-01-03,201701034238567,LGIL,41,50,80,1270.0,101600.0
2017-01-03,201701034238566,LGIL,1,50,50,1271.0,63550.0
2017-01-03,201701034238565,LGIL,55,50,50,1272.0,63600.0
2017-01-03,201701034238564,LGIL,1,50,10,1275.0,12750.0
2017-01-03,201701034238563,LGIL,11,50,50,1276.0,63800.0
2017-01-03,201701034238530,LGIL,49,39,20,1280.0,25600.0
2017-01-03,201701034238887,LICN,54,16,50,2400.0,120000.0
2017-01-03,201701034238854,LICN,10,16,150,2400.0,360000.0
2017-01-03,201701034238853,LICN,56,16,50,2401.0,120050.0
2017-01-03,201701034238852,LICN,57,16,100,2401.0,240100.0
2017-01-03,201701034238789,LICN,25,28,10,2440.0,24400.0
2017-01-03,201701034238712,LICN,10,47,50,2400.0,120000.0
2017-01-03,201701034238520,LICN,49,10,200,2410.0,482000.0
2017-01-03,201701034238711,LICN,35,47,50,2400.0,120000.0
2017-01-03,201701034238710,LICN,48,47,70,2402.0,168140.0
2017-01-03,201701034238709,LICN,22,47,50,2405.0,120250.0
2017-01-03,201701034238708,LICN,16,47,100,2406.0,240600.0
2017-01-03,201701034238707,LICN,53,47,80,2408.0,192640.0
2017-01-03,201701034238569,LICN,22,57,50,2407.0,120350.0
2017-01-03,201701034238747,LLBS,34,38,70,1182.0,82740.0
2017-01-03,201701034238746,LLBS,52,38,10,1183.0,11830.0
2017-01-03,201701034238745,LLBS,22,38,90,1183.0,106470.0
2017-01-03,201701034238744,LLBS,55,38,200,1184.0,236800.0
2017-01-03,201701034238743,LLBS,43,38,100,1185.0,118500.0
2017-01-03,201701034238742,LLBS,14,38,20,1190.0,23800.0
2017-01-03,201701034238673,MBL,32,34,70,406.0,28420.0
2017-01-03,201701034238672,MBL,32,34,100,406.0,40600.0
2017-01-03,201701034238671,MBL,45,34,30,407.0,12210.0
2017-01-03,201701034238455,MBL,14,34,250,406.0,101500.0
2017-01-03,201701034238426,MBL,1,34,100,406.0,40600.0
2017-01-03,201701034238425,MBL,6,34,50,407.0,20350.0
2017-01-03,201701034238825,MEGA,47,38,26,487.0,12662.0
2017-01-03,201701034238818,MEGA,49,41,100,490.0,49000.0
2017-01-03,201701034238766,MEGA,19,41,30,490.0,14700.0
2017-01-03,201701034238650,MEGA,43,29,137,487.0,66719.0
2017-01-03,201701034238593,MEGA,17,6,90,487.0,43830.0
2017-01-03,201701034238542,MEGA,45,41,100,490.0,49000.0
2017-01-03,201701034238505,MEGA,32,7,100,489.0,48900.0
2017-01-03,201701034238504,MEGA,43,7,50,490.0,24500.0
2017-01-03,201701034238477,MEGA,10,41,44,490.0,21560.0
2017-01-03,201701034238526,MEGA,52,7,50,490.0,24500.0
2017-01-03,201701034238510,MEGA,38,7,200,488.0,97600.0
2017-01-03,201701034238509,MEGA,45,7,50,488.0,24400.0
2017-01-03,201701034238508,MEGA,29,7,20,488.0,9760.0
2017-01-03,201701034238507,MEGA,13,7,80,489.0,39120.0
2017-01-03,201701034238506,MEGA,32,7,100,489.0,48900.0
2017-01-03,201701034238883,MFIL,37,21,50,192.0,9600.0
2017-01-03,201701034238676,MFIL,48,38,200,194.0,38800.0
2017-01-03,201701034238775,MIDBL,34,41,60,574.0,34440.0
2017-01-03,201701034238615,MMFDB,43,19,10,1642.0,16420.0
2017-01-03,201701034238570,MMFDB,17,47,50,1650.0,82500.0
2017-01-03,201701034238794,MNBBL,35,28,80,795.0,63600.0
2017-01-03,201701034238793,MNBBL,19,28,40,795.0,31800.0
2017-01-03,201701034238788,MNBBL,19,28,40,795.0,31800.0
2017-01-03,201701034238787,MNBBL,29,28,50,796.0,39800.0
2017-01-03,201701034238786,MNBBL,38,28,10,796.0,7960.0
2017-01-03,201701034238604,MNBBL,38,56,50,796.0,39800.0
2017-01-03,201701034238875,MSMBS,39,56,10,660.0,6600.0
2017-01-03,201701034238874,MSMBS,39,56,20,660.0,13200.0
2017-01-03,201701034238873,MSMBS,41,56,50,660.0,33000.0
2017-01-03,201701034238872,MSMBS,17,56,20,670.0,13400.0
2017-01-03,201701034238638,MSMBS,17,19,10,672.0,6720.0
2017-01-03,201701034238632,MSMBS,17,19,10,672.0,6720.0
2017-01-03,201701034238703,NABIL,25,57,50,1525.0,76250.0
2017-01-03,201701034238702,NABIL,5,57,150,1525.0,228750.0
2017-01-03,201701034238656,NABIL,3,43,54,1530.0,82620.0
2017-01-03,201701034238596,NABIL,3,6,40,1532.0,61280.0
2017-01-03,201701034238529,NABIL,25,6,160,1532.0,245120.0
2017-01-03,201701034238528,NABIL,25,34,340,1530.0,520200.0
2017-01-03,201701034238527,NABIL,41,34,150,1530.0,229500.0
2017-01-03,201701034238449,NABIL,41,17,50,1530.0,76500.0
2017-01-03,201701034238448,NABIL,45,17,50,1530.0,76500.0
2017-01-03,201701034238434,NABIL,17,17,50,1531.0,76550.0
2017-01-03,201701034238433,NABIL,21,17,50,1531.0,76550.0
2017-01-03,201701034238395,NABIL,55,34,10,1535.0,15350.0
2017-01-03,201701034238797,NBB,32,53,40,730.0,29200.0
2017-01-03,201701034238796,NBB,34,53,100,730.0,73000.0
2017-01-03,201701034238795,NBB,44,53,20,731.0,14620.0
2017-01-03,201701034238764,NBB,44,37,30,731.0,21930.0
2017-01-03,201701034238758,NBB,44,37,50,731.0,36550.0
2017-01-03,201701034238660,NBB,53,53,100,735.0,73500.0
2017-01-03,201701034238413,NBB,50,37,300,735.0,220500.0
2017-01-03,201701034238648,NBB,36,53,500,735.0,367500.0
2017-01-03,201701034238619,NBB,20,53,200,735.0,147000.0
2017-01-03,201701034238458,NBB,45,53,40,735.0,29400.0
2017-01-03,201701034238414,NBB,42,37,50,735.0,36750.0
2017-01-03,201701034238644,NBBL,45,51,10,2200.0,22000.0
2017-01-03,201701034238685,NBF1,6,58,4000,19.8,79200.0
2017-01-03,201701034238888,NBIL,22,13,10,726.0,7260.0
2017-01-03,201701034238879,NBL,34,29,285,395.0,112575.0
2017-01-03,201701034238665,NBL,43,29,400,395.0,158000.0
2017-01-03,201701034238664,NBL,16,29,100,396.0,39600.0
2017-01-03,201701034238562,NBL,19,11,1000,397.0,397000.0
2017-01-03,201701034238561,NBL,10,11,600,397.0,238200.0
2017-01-03,201701034238468,NBL,22,17,300,399.0,119700.0
2017-01-03,201701034238467,NBL,22,41,200,399.0,79800.0
2017-01-03,201701034238411,NGPL,32,19,10,280.0,2800.0
2017-01-03,201701034238882,NHPC,59,59,1480,134.0,198320.0
2017-01-03,201701034238792,NHPC,41,48,1000,134.0,134000.0
2017-01-03,201701034238417,NHPC,56,49,520,135.0,70200.0
2017-01-03,201701034238405,NHPC,56,16,1000,135.0,135000.0
2017-01-03,201701034238394,NHPC,56,16,1980,134.0,265320.0
2017-01-03,201701034238811,NIB,19,38,26,711.0,18486.0
2017-01-03,201701034238628,NIB,25,56,1000,712.0,712000.0
2017-01-03,201701034238627,NIB,20,56,40,712.0,28480.0
2017-01-03,201701034238626,NIB,45,56,10,713.0,7130.0
2017-01-03,201701034238543,NIB,45,11,70,713.0,49910.0
2017-01-03,201701034238525,NIB,45,59,20,713.0,14260.0
2017-01-03,201701034238514,NIB,20,59,20,712.0,14240.0
2017-01-03,201701034238496,NIB,20,59,20,712.0,14240.0
2017-01-03,201701034238493,NIB,20,59,20,712.0,14240.0
2017-01-03,201701034238799,NICA,50,59,200,508.0,101600.0
2017-01-03,201701034238674,NICA,22,56,28,507.0,14196.0
2017-01-03,201701034238636,NICA,38,37,80,509.0,40720.0
2017-01-03,201701034238635,NICA,22,29,150,507.0,76050.0
2017-01-03,201701034238634,NICA,39,29,50,508.0,25400.0
2017-01-03,201701034238611,NICA,38,35,18,509.0,9162.0
2017-01-03,201701034238428,NICA,36,56,100,509.0,50900.0
2017-01-03,201701034238406,NICA,7,35,87,510.0,44370.0
2017-01-03,201701034238390,NICA,22,35,100,510.0,51000.0
2017-01-03,201701034238573,NICA,38,25,100,510.0,51000.0
2017-01-03,201701034238490,NICA,7,47,66,510.0,33660.0
2017-01-03,201701034238464,NICA,36,55,60,513.0,30780.0
2017-01-03,201701034238441,NICA,22,56,81,507.0,41067.0
2017-01-03,201701034238430,NICA,22,56,100,507.0,50700.0
2017-01-03,201701034238429,NICA,43,56,200,507.0,101400.0
2017-01-03,201701034238717,NICL,52,14,20,835.0,16700.0
2017-01-03,201701034238862,NIL,29,11,200,823.0,164600.0
2017-01-03,201701034238512,NIL,28,32,50,825.0,41250.0
2017-01-03,201701034238511,NIL,28,22,50,825.0,41250.0
2017-01-03,201701034238453,NIL,25,22,50,825.0,41250.0
2017-01-03,201701034238655,NLBBL,16,14,100,1407.0,140700.0
2017-01-03,201701034238654,NLBBL,47,14,100,1408.0,140800.0
2017-01-03,201701034238653,NLBBL,17,14,100,1410.0,141000.0
2017-01-03,201701034238652,NLBBL,6,14,100,1411.0,141100.0
2017-01-03,201701034238592,NLBBL,6,46,22,1415.0,31130.0
2017-01-03,201701034238560,NLBBL,52,46,50,1420.0,71000.0
2017-01-03,201701034238851,NLG,17,50,150,1227.0,184050.0
2017-01-03,201701034238829,NLG,42,56,20,1220.0,24400.0
2017-01-03,201701034238828,NLG,5,56,100,1220.0,122000.0
2017-01-03,201701034238827,NLG,10,56,50,1221.0,61050.0
2017-01-03,201701034238826,NLG,52,56,30,1222.0,36660.0
2017-01-03,201701034238784,NLG,52,56,30,1222.0,36660.0
2017-01-03,201701034238501,NLG,7,10,10,1232.0,12320.0
2017-01-03,201701034238777,NLG,43,50,200,1227.0,245400.0
2017-01-03,201701034238776,NLG,13,50,150,1227.0,184050.0
2017-01-03,201701034238753,NLG,10,6,50,1235.0,61750.0
2017-01-03,201701034238686,NLG,52,10,140,1235.0,172900.0
2017-01-03,201701034238503,NLG,33,10,10,1230.0,12300.0
2017-01-03,201701034238502,NLG,47,10,100,1231.0,123100.0
2017-01-03,201701034238881,NLIC,33,34,200,2615.0,523000.0
2017-01-03,201701034238830,NLIC,33,20,99,2615.0,258885.0
2017-01-03,201701034238819,NLIC,33,41,100,2615.0,261500.0
2017-01-03,201701034238778,NLIC,16,16,233,2616.0,609528.0
2017-01-03,201701034238609,NLIC,45,41,100,2615.0,261500.0
2017-01-03,201701034238579,NLIC,32,42,86,2615.0,224890.0
2017-01-03,201701034238407,NLIC,54,44,50,2617.0,130850.0
2017-01-03,201701034238404,NLIC,59,44,101,2615.0,264115.0
2017-01-03,201701034238447,NLIC,53,28,40,2613.0,104520.0
2017-01-03,201701034238446,NLIC,51,28,50,2614.0,130700.0
2017-01-03,201701034238445,NLIC,45,28,50,2615.0,130750.0
2017-01-03,201701034238444,NLIC,53,28,50,2616.0,130800.0
2017-01-03,201701034238409,NLIC,54,44,100,2616.0,261600.0
2017-01-03,201701034238408,NLIC,13,44,50,2617.0,130850.0
2017-01-03,201701034238886,NLICL,32,41,40,2015.0,80600.0
2017-01-03,201701034238843,NLICL,56,41,50,2015.0,100750.0
2017-01-03,201701034238842,NLICL,53,41,10,2017.0,20170.0
2017-01-03,201701034238763,NLICL,53,52,50,2017.0,100850.0
2017-01-03,201701034238659,NLICL,53,38,40,2017.0,80680.0
2017-01-03,201701034238658,NLICL,5,38,10,2020.0,20200.0
2017-01-03,201701034238524,NLICL,19,17,100,2018.0,201800.0
2017-01-03,201701034238389,NLICL,5,6,90,2020.0,181800.0
2017-01-03,201701034238388,NLICL,38,6,50,2020.0,101000.0
2017-01-03,201701034238466,NMB,49,56,200,503.0,100600.0
2017-01-03,201701034238465,NMB,20,56,100,505.0,50500.0
2017-01-03,201701034238651,NTC,56,52,250,700.0,175000.0
2017-01-03,201701034238630,NTC,1,22,100,698.0,69800.0
2017-01-03,201701034238641,OHL,57,34,10,489.0,4890.0
2017-01-03,201701034238871,PCBL,46,17,900,500.0,450000.0
2017-01-03,201701034238824,PCBL,42,17,100,500.0,50000.0
2017-01-03,201701034238691,PCBL,46,17,400,500.0,200000.0
2017-01-03,201701034238687,PCBL,35,17,100,500.0,50000.0
2017-01-03,201701034238637,PCBL,35,17,100,500.0,50000.0
2017-01-03,201701034238442,PCBL,20,17,100,500.0,50000.0
2017-01-03,201701034238860,PIC,10,29,200,1349.0,269800.0
2017-01-03,201701034238670,PIC,21,5,20,1348.0,26960.0
2017-01-03,201701034238669,PIC,47,5,10,1349.0,13490.0
2017-01-03,201701034238545,PIC,10,50,27,1350.0,36450.0
2017-01-03,201701034238541,PIC,10,50,80,1349.0,107920.0
2017-01-03,201701034238522,PIC,10,53,87,1349.0,117363.0
2017-01-03,201701034238500,PIC,10,53,100,1350.0,135000.0
2017-01-03,201701034238499,PIC,4,53,50,1350.0,67500.0
2017-01-03,201701034238476,PIC,10,6,500,1350.0,675000.0
2017-01-03,201701034238459,PIC,10,33,200,1350.0,270000.0
2017-01-03,201701034238865,PICL,33,49,200,1140.0,228000.0
2017-01-03,201701034238864,PICL,34,49,100,1141.0,114100.0
2017-01-03,201701034238863,PICL,28,49,70,1142.0,79940.0
2017-01-03,201701034238838,PICL,35,49,200,1142.0,228400.0
2017-01-03,201701034238837,PICL,16,49,300,1143.0,342900.0
2017-01-03,201701034238836,PICL,41,49,400,1144.0,457600.0
2017-01-03,201701034238835,PICL,10,49,100,1145.0,114500.0
2017-01-03,201701034238539,PICL,48,6,20,1163.0,23260.0
2017-01-03,201701034238839,PLIC,58,58,1302,1587.0,2066274.0
2017-01-03,201701034238812,PROFL,49,39,50,175.0,8750.0
2017-01-03,201701034238752,RHPC,1,59,11,224.0,2464.0
2017-01-03,201701034238704,RHPC,41,56,71,225.0,15975.0
2017-01-03,201701034238680,RHPC,45,56,100,227.0,22700.0
2017-01-03,201701034238647,SAFL,52,11,100,267.0,26700.0
2017-01-03,201701034238580,SAFL,28,38,223,266.0,59318.0
2017-01-03,201701034238831,SAJHA,25,40,100,241.0,24100.0
2017-01-03,201701034238734,SAJHA,25,40,100,245.0,24500.0
2017-01-03,201701034238733,SAJHA,51,40,30,246.0,7380.0
2017-01-03,201701034238732,SAJHA,17,40,50,247.0,12350.0
2017-01-03,201701034238731,SAJHA,25,40,50,248.0,12400.0
2017-01-03,201701034238847,SANIMA,8,34,990,536.0,530640.0
2017-01-03,201701034238846,SANIMA,33,34,10,537.0,5370.0
2017-01-03,201701034238774,SANIMA,33,34,90,537.0,48330.0
2017-01-03,201701034238757,SANIMA,42,34,20,537.0,10740.0
2017-01-03,201701034238756,SANIMA,22,34,390,537.0,209430.0
2017-01-03,201701034238755,SANIMA,38,34,500,537.0,268500.0
2017-01-03,201701034238754,SANIMA,38,34,500,537.0,268500.0
2017-01-03,201701034238822,SBI,49,16,50,1420.0,71000.0
2017-01-03,201701034238821,SBI,11,16,10,1425.0,14250.0
2017-01-03,201701034238820,SBI,32,16,50,1426.0,71300.0
2017-01-03,201701034238622,SBI,25,37,50,1420.0,71000.0
2017-01-03,201701034238572,SBI,28,5,16,1416.0,22656.0
2017-01-03,201701034238544,SBI,28,5,140,1415.0,198100.0
2017-01-03,201701034238540,SBI,56,5,140,1415.0,198100.0
2017-01-03,201701034238492,SBI,56,11,60,1415.0,84900.0
2017-01-03,201701034238809,SBL,1,40,30,980.0,29400.0
2017-01-03,201701034238700,SBL,7,47,80,976.0,78080.0
2017-01-03,201701034238699,SBL,42,47,50,976.0,48800.0
2017-01-03,201701034238698,SBL,43,47,40,978.0,39120.0
2017-01-03,201701034238697,SBL,13,47,80,978.0,78240.0
2017-01-03,201701034238696,SBL,21,47,100,980.0,98000.0
2017-01-03,201701034238519,SBL,29,40,250,980.0,245000.0
2017-01-03,201701034238518,SBL,29,42,200,978.0,195600.0
2017-01-03,201701034238495,SBL,42,40,90,980.0,88200.0
2017-01-03,201701034238695,SBL,34,47,50,980.0,49000.0
2017-01-03,201701034238684,SBL,55,40,10,980.0,9800.0
2017-01-03,201701034238681,SBL,21,21,100,980.0,98000.0
2017-01-03,201701034238639,SBL,53,40,108,978.0,105624.0
2017-01-03,201701034238607,SBL,17,40,10,980.0,9800.0
2017-01-03,201701034238575,SBL,13,7,20,978.0,19560.0
2017-01-03,201701034238805,SCB,25,17,100,1925.0,192500.0
2017-01-03,201701034238804,SCB,25,17,100,1925.0,192500.0
2017-01-03,201701034238803,SCB,17,17,20,1925.0,38500.0
2017-01-03,201701034238802,SCB,52,17,20,1925.0,38500.0
2017-01-03,201701034238801,SCB,10,17,500,1926.0,963000.0
2017-01-03,201701034238800,SCB,1,17,50,1926.0,96300.0
2017-01-03,201701034238427,SCB,11,17,20,1940.0,38800.0
2017-01-03,201701034238740,SCB,10,45,114,1926.0,219564.0
2017-01-03,201701034238571,SCB,10,11,51,1930.0,98430.0
2017-01-03,201701034238523,SCB,25,56,13,1930.0,25090.0
2017-01-03,201701034238517,SCB,17,56,20,1930.0,38600.0
2017-01-03,201701034238516,SCB,3,56,20,1932.0,38640.0
2017-01-03,201701034238488,SCB,39,45,100,1933.0,193300.0
2017-01-03,201701034238841,SDBL,33,44,30,322.0,9660.0
2017-01-03,201701034238884,SHL,5,46,330,313.0,103290.0
2017-01-03,201701034238844,SHL,5,48,500,313.0,156500.0
2017-01-03,201701034238643,SHL,22,14,300,314.0,94200.0
2017-01-03,201701034238642,SHL,14,14,100,314.0,31400.0
2017-01-03,201701034238783,SHPC,10,19,13,785.0,10205.0
2017-01-03,201701034238817,SICL,25,14,40,2020.0,80800.0
2017-01-03,201701034238816,SICL,41,14,50,2021.0,101050.0
2017-01-03,201701034238815,SICL,19,14,500,2021.0,1010500.0
2017-01-03,201701034238814,SICL,8,14,300,2022.0,606600.0
2017-01-03,201701034238880,SIL,5,48,100,1287.0,128700.0
2017-01-03,201701034238661,SIL,37,57,50,1294.0,64700.0
2017-01-03,201701034238610,SIL,43,57,50,1294.0,64700.0
2017-01-03,201701034238497,SIL,43,40,50,1294.0,64700.0
2017-01-03,201701034238432,SIL,43,36,100,1294.0,129400.0
2017-01-03,201701034238431,SIL,21,36,50,1294.0,64700.0
2017-01-03,201701034238460,SKBBL,14,41,50,1000.0,50000.0
2017-01-03,201701034238454,SKBBL,4,41,50,1002.0,50100.0
2017-01-03,201701034238790,SLICL,52,34,200,691.0,138200.0
2017-01-03,201701034238620,UIC,55,6,150,1090.0,163500.0
2017-01-03,201701034238602,UIC,6,6,500,1092.0,546000.0
2017-01-03,201701034238601,UIC,35,6,20,1093.0,21860.0
2017-01-03,201701034238600,UIC,1,6,50,1093.0,54650.0
2017-01-03,201701034238599,UIC,1,6,200,1093.0,218600.0
2017-01-03,201701034238598,UIC,55,6,80,1094.0,87520.0
2017-01-03,201701034238597,UIC,16,6,100,1095.0,109500.0
2017-01-03,201701034238716,VLBS,20,19,50,800.0,40000.0
2017-01-03,201701034238392,VLBS,40,39,200,795.0,159000.0
2017-01-03,201701034238391,VLBS,41,39,250,796.0,199000.0
2017-01-03,201701034238606,VSDBL,21,46,100,173.0,17300.0
2017-01-03,201701034238581,VSDBL,21,46,60,173.0,10380.0
2017-01-03,201701034238537,VSDBL,51,46,1000,174.0,174000.0
2017-01-03,201701034238536,VSDBL,25,46,500,175.0,87500.0
2017-01-03,201701034238535,VSDBL,48,46,500,175.0,87500.0
2017-01-03,201701034238534,VSDBL,10,46,500,175.0,87500.0
2017-01-03,201701034238533,VSDBL,41,46,100,175.0,17500.0
2017-01-03,201701034238532,VSDBL,48,46,100,176.0,17600.0
2017-01-03,201701034238531,VSDBL,48,46,2000,176.0,352000.0
2017-01-03,201701034238515,VSDBL,49,17,1000,176.0,176000.0
2017-01-03,201701034238808,WDBL,25,32,20,291.0,5820.0
2017-01-03,201701034238649,WDBL,25,32,80,291.0,23280.0
2017-01-03,201701034238646,WDBL,25,19,20,291.0,5820.0
2017-01-03,201701034238767,YETI,51,7,100,281.0,28100.0
2017-01-03,201701034238443,YETI,51,51,20,281.0,5620.0
2017-01-03,201701034238440,YETI,51,51,20,281.0,5620.0
2017-01-03,201701034238437,YETI,51,51,20,281.0,5620.0
2017-01-03,201701034238436,YETI,51,51,20,281.0,5620.0
2017-01-03,201701034237958,ADBL,42,56,200,531.0,106200.0
2017-01-03,201701034237957,ADBL,19,56,100,532.0,53200.0
2017-01-03,201701034237939,ADBL,16,39,12,534.0,6408.0
2017-01-03,201701034237921,ADBL,18,39,14,533.0,7462.0
2017-01-03,201701034238363,AHPC,56,25,10,255.0,2550.0
2017-01-03,201701034238339,AHPC,56,47,276,250.0,69000.0
2017-01-03,201701034238338,AHPC,56,47,150,249.0,37350.0
2017-01-03,201701034238083,AHPC,57,56,900,248.0,223200.0
2017-01-03,201701034238082,AHPC,57,40,100,247.0,24700.0
2017-01-03,201701034238247,ALICL,34,58,468,1365.0,638820.0
2017-01-03,201701034238203,ALICL,37,34,100,1375.0,137500.0
2017-01-03,201701034238202,ALICL,16,34,50,1376.0,68800.0
2017-01-03,201701034238174,ALICL,14,58,50,1380.0,69000.0
2017-01-03,201701034238173,ALICL,59,58,100,1380.0,138000.0
2017-01-03,201701034238172,ALICL,56,58,50,1381.0,69050.0
2017-01-03,201701034238164,ALICL,52,39,15,1382.0,20730.0
2017-01-03,201701034238117,ALICL,57,16,100,1383.0,138300.0
2017-01-03,201701034238325,API,25,42,16,401.0,6416.0
2017-01-03,201701034238257,API,49,56,67,401.0,26867.0
2017-01-03,201701034238176,API,55,19,72,402.0,28944.0
2017-01-03,201701034238057,API,42,16,100,407.0,40700.0
2017-01-03,201701034238056,API,42,29,100,407.0,40700.0
2017-01-03,201701034238225,BHBL,16,39,10,336.0,3360.0
2017-01-03,201701034238214,BHBL,16,39,10,336.0,3360.0
2017-01-03,201701034238287,BOKL,49,42,69,619.0,42711.0
2017-01-03,201701034238286,BOKL,13,29,100,620.0,62000.0
2017-01-03,201701034238271,BOKL,19,29,20,620.0,12400.0
2017-01-03,201701034238256,BOKL,38,29,20,620.0,12400.0
2017-01-03,201701034238073,BOKL,46,14,500,620.0,310000.0
2017-01-03,201701034238044,BOKL,49,19,30,619.0,18570.0
2017-01-03,201701034238034,BOKL,25,19,50,619.0,30950.0
2017-01-03,201701034237998,BOKL,4,57,200,618.0,123600.0
2017-01-03,201701034237917,BOKL,1,19,50,619.0,30950.0
2017-01-03,201701034237954,BPCL,33,28,250,550.0,137500.0
2017-01-03,201701034238242,CBBL,43,1,100,1125.0,112500.0
2017-01-03,201701034238168,CBBL,6,22,100,1135.0,113500.0
2017-01-03,201701034238166,CBBL,42,56,50,1135.0,56750.0
2017-01-03,201701034238336,CBL,45,29,192,252.0,48384.0
2017-01-03,201701034238303,CBL,7,29,270,253.0,68310.0
2017-01-03,201701034238248,CBL,7,56,222,253.0,56166.0
2017-01-03,201701034238241,CBL,7,56,300,253.0,75900.0
2017-01-03,201701034238240,CBL,22,56,100,253.0,25300.0
2017-01-03,201701034238231,CBL,28,17,88,254.0,22352.0
2017-01-03,201701034238188,CBL,49,17,200,254.0,50800.0
2017-01-03,201701034238030,CBL,13,16,350,256.0,89600.0
2017-01-03,201701034238314,CCBL,44,11,180,339.0,61020.0
2017-01-03,201701034238313,CCBL,41,11,400,340.0,136000.0
2017-01-03,201701034238312,CCBL,19,11,100,341.0,34100.0
2017-01-03,201701034238311,CCBL,58,11,20,342.0,6840.0
2017-01-03,201701034237894,CCBL,54,28,30,345.0,10350.0
2017-01-03,201701034238309,CHCL,5,34,200,812.0,162400.0
2017-01-03,201701034238308,CHCL,21,34,50,812.0,40600.0
2017-01-03,201701034238347,CZBIL,8,40,50,493.0,24650.0
2017-01-03,201701034238180,CZBIL,53,43,100,492.0,49200.0
2017-01-03,201701034238179,CZBIL,16,43,50,492.0,24600.0
2017-01-03,201701034238088,CZBIL,38,56,170,491.0,83470.0
2017-01-03,201701034238003,CZBIL,1,42,100,491.0,49100.0
2017-01-03,201701034238002,CZBIL,35,42,90,491.0,44190.0
2017-01-03,201701034237923,CZBIL,11,1,200,494.0,98800.0
2017-01-03,201701034238081,CZBIL,28,55,50,494.0,24700.0
2017-01-03,201701034238047,CZBIL,48,42,55,493.0,27115.0
2017-01-03,201701034238023,CZBIL,57,25,301,494.0,148694.0
2017-01-03,201701034238006,CZBIL,38,42,160,490.0,78400.0
2017-01-03,201701034238005,CZBIL,1,42,100,491.0,49100.0
2017-01-03,201701034238004,CZBIL,1,42,50,491.0,24550.0
2017-01-03,201701034238130,DBBL,16,48,100,218.0,21800.0
2017-01-03,201701034238370,DDBL,47,47,78,2200.0,171600.0
2017-01-03,201701034238344,DDBL,19,47,50,2201.0,110050.0
2017-01-03,201701034238029,DDBL,32,47,300,2202.0,660600.0
2017-01-03,201701034238371,EBL,29,21,100,1824.0,182400.0
2017-01-03,201701034238332,EBL,29,6,50,1824.0,91200.0
2017-01-03,201701034238301,EBL,29,8,240,1824.0,437760.0
2017-01-03,201701034238300,EBL,19,8,100,1825.0,182500.0
2017-01-03,201701034238299,EBL,4,8,40,1825.0,73000.0
2017-01-03,201701034237913,EBL,51,6,50,1830.0,91500.0
2017-01-03,201701034237912,EBL,49,6,50,1830.0,91500.0
2017-01-03,201701034238070,EBL,42,56,30,1830.0,54900.0
2017-01-03,201701034238069,EBL,51,56,50,1830.0,91500.0
2017-01-03,201701034238066,EBL,51,56,100,1830.0,183000.0
2017-01-03,201701034238137,EBL,19,28,40,1825.0,73000.0
2017-01-03,201701034238136,EBL,3,28,50,1826.0,91300.0
2017-01-03,201701034238135,EBL,38,28,50,1830.0,91500.0
2017-01-03,201701034238134,EBL,42,28,20,1830.0,36600.0
2017-01-03,201701034238107,EBL,1,41,159,1826.0,290334.0
2017-01-03,201701034238298,EBL,19,8,120,1825.0,219000.0
2017-01-03,201701034238346,EDBL,6,57,107,592.0,63344.0
2017-01-03,201701034238224,EDBL,6,11,100,592.0,59200.0
2017-01-03,201701034238204,EDBL,19,58,400,595.0,238000.0
2017-01-03,201701034238131,EDBL,19,40,100,598.0,59800.0
2017-01-03,201701034238297,EIC,38,17,10,1554.0,15540.0
2017-01-03,201701034238296,EIC,53,17,60,1555.0,93300.0
2017-01-03,201701034238260,FMDBL,40,5,40,904.0,36160.0
2017-01-03,201701034238259,FMDBL,16,5,50,905.0,45250.0
2017-01-03,201701034238177,FMDBL,51,56,50,921.0,46050.0
2017-01-03,201701034238129,FMDBL,17,45,15,920.0,13800.0
2017-01-03,201701034238279,GBBL,22,22,30,388.0,11640.0
2017-01-03,201701034238093,GBBL,22,39,40,388.0,15520.0
2017-01-03,201701034238270,GBIME,28,1,20,424.0,8480.0
2017-01-03,201701034238269,GBIME,25,1,30,424.0,12720.0
2017-01-03,201701034238268,GBIME,59,1,100,425.0,42500.0
2017-01-03,201701034238208,GBIME,14,19,581,425.0,246925.0
2017-01-03,201701034238167,GBIME,49,43,100,426.0,42600.0
2017-01-03,201701034237955,GBIME,59,35,100,427.0,42700.0
2017-01-03,201701034238362,GFCL,39,47,300,285.0,85500.0
2017-01-03,201701034238280,GFCL,44,47,500,285.0,142500.0
2017-01-03,201701034238112,GLICL,39,41,100,685.0,68500.0
2017-01-03,201701034238111,GLICL,33,41,200,685.0,137000.0
2017-01-03,201701034238110,GLICL,45,41,50,685.0,34250.0
2017-01-03,201701034238109,GLICL,16,41,50,690.0,34500.0
2017-01-03,201701034238213,GRDBL,18,17,22,473.0,10406.0
2017-01-03,201701034238209,GRDBL,18,17,22,473.0,10406.0
2017-01-03,201701034238199,GRDBL,18,17,22,473.0,10406.0
2017-01-03,201701034238198,GRDBL,18,13,40,472.0,18880.0
2017-01-03,201701034238128,GRDBL,18,13,10,472.0,4720.0
2017-01-03,201701034238127,GRDBL,18,42,10,470.0,4700.0
2017-01-03,201701034238092,GRDBL,32,32,10,465.0,4650.0
2017-01-03,201701034238087,GRDBL,32,32,10,465.0,4650.0
2017-01-03,201701034238189,HAMRO,42,20,150,415.0,62250.0
2017-01-03,201701034238356,HBL,22,17,100,877.0,87700.0
2017-01-03,201701034238302,HBL,37,17,100,878.0,87800.0
2017-01-03,201701034238195,HBL,7,37,40,880.0,35200.0
2017-01-03,201701034238353,HGI,56,46,62,1266.0,78492.0
2017-01-03,201701034238322,HGI,7,50,10,1270.0,12700.0
2017-01-03,201701034238150,HGI,16,50,100,1275.0,127500.0
2017-01-03,201701034237993,HGI,8,49,200,1274.0,254800.0
2017-01-03,201701034237992,HGI,16,49,300,1275.0,382500.0
2017-01-03,201701034237991,HGI,41,49,100,1275.0,127500.0
2017-01-03,201701034237915,HGI,49,49,500,1280.0,640000.0
2017-01-03,201701034237962,HIDCL,45,40,481,227.0,109187.0
2017-01-03,201701034237981,ILFCM,38,41,10,683.0,6830.0
2017-01-03,201701034237956,JBBL,51,39,12,282.0,3384.0
2017-01-03,201701034237945,JBBL,11,43,17,283.0,4811.0
2017-01-03,201701034237942,JBBL,14,43,100,283.0,28300.0
2017-01-03,201701034237937,JBBL,38,43,90,285.0,25650.0
2017-01-03,201701034238133,KBBL,10,32,100,362.0,36200.0
2017-01-03,201701034238361,KBL,58,34,200,523.0,104600.0
2017-01-03,201701034238360,KBL,7,34,100,523.0,52300.0
2017-01-03,201701034238359,KBL,51,34,50,523.0,26150.0
2017-01-03,201701034238358,KBL,32,34,20,523.0,10460.0
2017-01-03,201701034238352,KBL,13,1,100,525.0,52500.0
2017-01-03,201701034238290,KBL,10,33,591,523.0,309093.0
2017-01-03,201701034238230,KBL,32,36,80,523.0,41840.0
2017-01-03,201701034238229,KBL,43,36,100,523.0,52300.0
2017-01-03,201701034238228,KBL,29,36,50,523.0,26150.0
2017-01-03,201701034238227,KBL,18,36,70,523.0,36610.0
2017-01-03,201701034238113,KBL,38,1,10,525.0,5250.0
2017-01-03,201701034237976,KBL,54,36,100,525.0,52500.0
2017-01-03,201701034238295,KMCDB,38,45,10,1441.0,14410.0
2017-01-03,201701034238294,KMCDB,16,45,50,1441.0,72050.0
2017-01-03,201701034238266,KMCDB,8,45,200,1442.0,288400.0
2017-01-03,201701034238185,KMCDB,21,49,10,1470.0,14700.0
2017-01-03,201701034238243,KRBL,57,29,100,205.0,20500.0
2017-01-03,201701034238233,KRBL,45,58,10,202.0,2020.0
2017-01-03,201701034238232,KRBL,45,58,10,202.0,2020.0
2017-01-03,201701034238226,KRBL,45,58,10,202.0,2020.0
2017-01-03,201701034238155,KRBL,32,29,200,205.0,41000.0
2017-01-03,201701034238106,LBL,34,40,60,687.0,41220.0
2017-01-03,201701034238105,LBL,43,40,200,688.0,137600.0
2017-01-03,201701034238104,LBL,7,40,40,688.0,27520.0
2017-01-03,201701034238103,LBL,29,40,100,688.0,68800.0
2017-01-03,201701034238102,LBL,59,40,100,688.0,68800.0
2017-01-03,201701034238051,LBL,29,13,100,690.0,69000.0
2017-01-03,201701034237941,LFLC,40,58,200,276.0,55200.0
2017-01-03,201701034238368,LGIL,45,50,100,1278.0,127800.0
2017-01-03,201701034238351,LGIL,29,6,60,1280.0,76800.0
2017-01-03,201701034238080,LGIL,29,54,150,1280.0,192000.0
2017-01-03,201701034238079,LGIL,50,54,20,1280.0,25600.0
2017-01-03,201701034238078,LGIL,8,54,60,1281.0,76860.0
2017-01-03,201701034238077,LGIL,8,54,100,1281.0,128100.0
2017-01-03,201701034238076,LGIL,39,54,10,1285.0,12850.0
2017-01-03,201701034238040,LGIL,8,42,100,1281.0,128100.0
2017-01-03,201701034237979,LGIL,50,10,80,1280.0,102400.0
2017-01-03,201701034237978,LGIL,41,10,30,1280.0,38400.0
2017-01-03,201701034237977,LGIL,18,10,10,1281.0,12810.0
2017-01-03,201701034238210,LICN,5,5,69,2403.0,165807.0
2017-01-03,201701034238001,LICN,48,56,100,2406.0,240600.0
2017-01-03,201701034238000,LICN,19,56,100,2406.0,240600.0
2017-01-03,201701034237999,LICN,19,56,100,2406.0,240600.0
2017-01-03,201701034237935,LICN,25,28,100,2416.0,241600.0
2017-01-03,201701034237934,LICN,37,28,100,2416.0,241600.0
2017-01-03,201701034237933,LICN,54,28,50,2417.0,120850.0
2017-01-03,201701034237932,LICN,7,28,100,2418.0,241800.0
2017-01-03,201701034237931,LICN,14,28,50,2420.0,121000.0
2017-01-03,201701034237930,LICN,10,28,10,2425.0,24250.0
2017-01-03,201701034238160,LLBS,21,38,10,1195.0,11950.0
2017-01-03,201701034238072,LLBS,14,45,30,1190.0,35700.0
2017-01-03,201701034238265,MBL,1,22,150,406.0,60900.0
2017-01-03,201701034238200,MBL,33,28,34,406.0,13804.0
2017-01-03,201701034238192,MBL,33,56,410,406.0,166460.0
2017-01-03,201701034238191,MBL,29,56,100,406.0,40600.0
2017-01-03,201701034238190,MBL,33,56,490,406.0,198940.0
2017-01-03,201701034238175,MBL,33,10,300,406.0,121800.0
2017-01-03,201701034237916,MBL,19,13,50,409.0,20450.0
2017-01-03,201701034237914,MBL,1,13,30,409.0,12270.0
2017-01-03,201701034237972,MBL,43,56,200,407.0,81400.0
2017-01-03,201701034237971,MBL,14,56,50,407.0,20350.0
2017-01-03,201701034237970,MBL,48,56,10,407.0,4070.0
2017-01-03,201701034237969,MBL,39,56,100,407.0,40700.0
2017-01-03,201701034237968,MBL,1,56,20,408.0,8160.0
2017-01-03,201701034237919,MBL,44,52,200,407.0,81400.0
2017-01-03,201701034238144,MBL,33,10,210,406.0,85260.0
2017-01-03,201701034238143,MBL,55,10,290,406.0,117740.0
2017-01-03,201701034238075,MBL,14,56,80,408.0,32640.0
2017-01-03,201701034237975,MBL,45,56,200,407.0,81400.0
2017-01-03,201701034237974,MBL,42,56,50,407.0,20350.0
2017-01-03,201701034237973,MBL,55,56,300,407.0,122100.0
2017-01-03,201701034238334,MEGA,10,6,200,490.0,98000.0
2017-01-03,201701034238251,MEGA,13,50,168,490.0,82320.0
2017-01-03,201701034238197,MEGA,29,48,40,488.0,19520.0
2017-01-03,201701034238196,MEGA,19,48,30,488.0,14640.0
2017-01-03,201701034238187,MEGA,45,48,30,489.0,14670.0
2017-01-03,201701034238186,MEGA,45,48,50,489.0,24450.0
2017-01-03,201701034238184,MEGA,13,41,51,489.0,24939.0
2017-01-03,201701034238042,MEGA,57,50,147,490.0,72030.0
2017-01-03,201701034237983,MEGA,38,7,250,490.0,122500.0
2017-01-03,201701034238194,MFIL,32,7,300,191.0,57300.0
2017-01-03,201701034238170,MFIL,32,7,70,191.0,13370.0
2017-01-03,201701034238169,MFIL,16,7,100,191.0,19100.0
2017-01-03,201701034238163,MFIL,32,32,330,191.0,63030.0
2017-01-03,201701034237943,MFIL,32,21,100,191.0,19100.0
2017-01-03,201701034238310,MNBBL,38,39,20,796.0,15920.0
2017-01-03,201701034238293,MNBBL,38,39,20,796.0,15920.0
2017-01-03,201701034238282,MNBBL,45,28,20,800.0,16000.0
2017-01-03,201701034238345,NABIL,25,11,100,1530.0,153000.0
2017-01-03,201701034238125,NABIL,25,25,100,1538.0,153800.0
2017-01-03,201701034237996,NABIL,22,25,50,1535.0,76750.0
2017-01-03,201701034238367,NABILP,56,49,20,1146.0,22920.0
2017-01-03,201701034238035,NABILP,29,25,50,1146.0,57300.0
2017-01-03,201701034238011,NABILP,29,19,390,1146.0,446940.0
2017-01-03,201701034238094,NABILP,29,49,60,1146.0,68760.0
2017-01-03,201701034238091,NABILP,4,49,100,1147.0,114700.0
2017-01-03,201701034238250,NABILP,56,59,200,1143.0,228600.0
2017-01-03,201701034238384,NBB,50,34,100,735.0,73500.0
2017-01-03,201701034238383,NBB,17,34,100,735.0,73500.0
2017-01-03,201701034238382,NBB,44,34,250,735.0,183750.0
2017-01-03,201701034238381,NBB,1,34,50,735.0,36750.0
2017-01-03,201701034238380,NBB,1,34,100,735.0,73500.0
2017-01-03,201701034238379,NBB,43,34,200,736.0,147200.0
2017-01-03,201701034237910,NBB,18,5,20,743.0,14860.0
2017-01-03,201701034238017,NBB,32,5,100,740.0,74000.0
2017-01-03,201701034238016,NBB,7,5,30,740.0,22200.0
2017-01-03,201701034238015,NBB,45,5,100,740.0,74000.0
2017-01-03,201701034238014,NBB,41,5,100,740.0,74000.0
2017-01-03,201701034238013,NBB,37,5,100,740.0,74000.0
2017-01-03,201701034238022,NBB,51,5,70,740.0,51800.0
2017-01-03,201701034238021,NBB,29,5,100,740.0,74000.0
2017-01-03,201701034238020,NBB,43,5,50,740.0,37000.0
2017-01-03,201701034238019,NBB,41,5,300,740.0,222000.0
2017-01-03,201701034238018,NBB,19,5,30,740.0,22200.0
2017-01-03,201701034238145,NBB,50,5,350,738.0,258300.0
2017-01-03,201701034238142,NBB,50,41,150,738.0,110700.0
2017-01-03,201701034238141,NBB,32,41,200,738.0,147600.0
2017-01-03,201701034238140,NBB,17,41,100,739.0,73900.0
2017-01-03,201701034238139,NBB,1,41,20,740.0,14800.0
2017-01-03,201701034238138,NBB,51,41,30,740.0,22200.0
2017-01-03,201701034238357,NBB,53,37,100,740.0,74000.0
2017-01-03,201701034238235,NBB,50,5,100,737.0,73700.0
2017-01-03,201701034238154,NBB,1,5,150,737.0,110550.0
2017-01-03,201701034238148,NBB,47,5,100,737.0,73700.0
2017-01-03,201701034238147,NBB,56,5,50,737.0,36850.0
2017-01-03,201701034238146,NBB,51,5,50,737.0,36850.0
2017-01-03,201701034238182,NBBL,43,47,50,2200.0,110000.0
2017-01-03,201701034238181,NBBL,32,47,10,2205.0,22050.0
2017-01-03,201701034237994,NBF1,6,17,197,19.6,3861.2
2017-01-03,201701034237960,NBF1,6,17,197,19.6,3861.2
2017-01-03,201701034237959,NBF1,6,17,2800,19.6,54880.0
2017-01-03,201701034237950,NBF1,6,17,2800,19.6,54880.0
2017-01-03,201701034238039,NGPL,32,32,10,281.0,2810.0
2017-01-03,201701034238263,NHPC,56,33,500,134.0,67000.0
2017-01-03,201701034238065,NHPC,56,43,500,134.0,67000.0
2017-01-03,201701034238385,NIB,36,19,200,712.0,142400.0
2017-01-03,201701034238050,NIB,58,56,168,713.0,119784.0
2017-01-03,201701034238045,NIB,54,56,400,714.0,285600.0
2017-01-03,201701034238037,NIB,14,56,100,716.0,71600.0
2017-01-03,201701034237946,NIB,40,56,141,715.0,100815.0
2017-01-03,201701034237908,NIB,54,50,26,714.0,18564.0
2017-01-03,201701034238366,NIBPO,5,34,500,655.0,327500.0
2017-01-03,201701034237961,NIBPO,59,22,21,658.0,13818.0
2017-01-03,201701034238036,NICA,36,5,68,510.0,34680.0
2017-01-03,201701034238012,NICA,36,50,22,509.0,11198.0
2017-01-03,201701034238108,NICL,35,14,80,835.0,66800.0
2017-01-03,201701034237963,NICL,40,37,100,835.0,83500.0
2017-01-03,201701034238372,NIL,41,22,50,825.0,41250.0
2017-01-03,201701034238335,NIL,45,22,50,825.0,41250.0
2017-01-03,201701034238288,NIL,45,22,200,825.0,165000.0
2017-01-03,201701034238032,NIL,45,56,200,825.0,165000.0
2017-01-03,201701034238031,NIL,7,56,100,826.0,82600.0
2017-01-03,201701034238171,NLG,10,41,14,1230.0,17220.0
2017-01-03,201701034238055,NLG,35,56,50,1240.0,62000.0
2017-01-03,201701034237987,NLG,14,56,150,1231.0,184650.0
2017-01-03,201701034237986,NLG,21,56,50,1231.0,61550.0
2017-01-03,201701034237985,NLG,47,56,100,1232.0,123200.0
2017-01-03,201701034237984,NLG,50,56,70,1233.0,86310.0
2017-01-03,201701034238343,NLIC,56,28,100,2620.0,262000.0
2017-01-03,201701034238342,NLIC,32,28,100,2620.0,262000.0
2017-01-03,201701034238341,NLIC,56,28,50,2621.0,131050.0
2017-01-03,201701034238340,NLIC,22,28,30,2622.0,78660.0
2017-01-03,201701034238331,NLIC,22,28,20,2622.0,52440.0
2017-01-03,201701034238320,NLIC,29,28,30,2625.0,78750.0
2017-01-03,201701034238053,NLIC,33,44,490,2631.0,1289190.0
2017-01-03,201701034238052,NLIC,53,44,10,2635.0,26350.0
2017-01-03,201701034238041,NLIC,16,16,600,2631.0,1578600.0
2017-01-03,201701034238033,NLIC,55,28,18,2632.0,47376.0
2017-01-03,201701034238025,NLIC,53,28,40,2635.0,105400.0
2017-01-03,201701034238008,NLIC,56,28,40,2640.0,105600.0
2017-01-03,201701034238158,NLIC,33,33,38,2626.0,99788.0
2017-01-03,201701034238156,NLIC,29,41,20,2625.0,52500.0
2017-01-03,201701034238086,NLIC,59,28,500,2625.0,1312500.0
2017-01-03,201701034238085,NLIC,20,28,10,2625.0,26250.0
2017-01-03,201701034238084,NLIC,17,28,10,2630.0,26300.0
2017-01-03,201701034238054,NLIC,33,28,10,2631.0,26310.0
2017-01-03,201701034238387,NLICL,38,6,40,2020.0,80800.0
2017-01-03,201701034238386,NLICL,53,6,20,2020.0,40400.0
2017-01-03,201701034238285,NLICL,38,17,100,2021.0,202100.0
2017-01-03,201701034238284,NLICL,38,17,100,2021.0,202100.0
2017-01-03,201701034238223,NMB,54,56,300,505.0,151500.0
2017-01-03,201701034238222,NMB,17,56,100,505.0,50500.0
2017-01-03,201701034238221,NMB,21,56,150,505.0,75750.0
2017-01-03,201701034238220,NMB,45,56,20,505.0,10100.0
2017-01-03,201701034238219,NMB,45,56,20,505.0,10100.0
2017-01-03,201701034238162,NMB,25,56,200,508.0,101600.0
2017-01-03,201701034238043,NMB,16,39,16,512.0,8192.0
2017-01-03,201701034238038,NMB,39,39,10,514.0,5140.0
2017-01-03,201701034238161,NMB,6,56,100,508.0,50800.0
2017-01-03,201701034238153,NMB,28,56,1000,510.0,510000.0
2017-01-03,201701034238152,NMB,8,56,100,510.0,51000.0
2017-01-03,201701034238151,NMB,48,56,10,510.0,5100.0
2017-01-03,201701034238097,NMB,47,39,21,510.0,10710.0
2017-01-03,201701034238058,NMB,35,37,100,511.0,51100.0
2017-01-03,201701034237949,NTC,45,45,50,700.0,35000.0
2017-01-03,201701034238123,NTC,56,52,250,700.0,175000.0
2017-01-03,201701034238377,PCBL,45,56,500,497.0,248500.0
2017-01-03,201701034238376,PCBL,13,56,100,497.0,49700.0
2017-01-03,201701034238375,PCBL,52,56,100,497.0,49700.0
2017-01-03,201701034238374,PCBL,22,56,400,498.0,199200.0
2017-01-03,201701034238373,PCBL,59,56,100,499.0,49900.0
2017-01-03,201701034238365,PCBL,40,56,240,499.0,119760.0
2017-01-03,201701034238315,PCBL,32,56,100,499.0,49900.0
2017-01-03,201701034238254,PCBL,29,56,100,499.0,49900.0
2017-01-03,201701034238201,PCBL,10,56,100,498.0,49800.0
2017-01-03,201701034238114,PCBL,38,56,10,500.0,5000.0
2017-01-03,201701034238049,PCBL,28,56,50,500.0,25000.0
2017-01-03,201701034238007,PCBL,36,33,291,497.0,144627.0
2017-01-03,201701034238349,PIC,10,50,300,1350.0,405000.0
2017-01-03,201701034238206,PIC,10,33,100,1348.0,134800.0
2017-01-03,201701034238205,PIC,21,33,200,1348.0,269600.0
2017-01-03,201701034238178,PIC,52,36,100,1348.0,134800.0
2017-01-03,201701034238089,PIC,10,50,500,1349.0,674500.0
2017-01-03,201701034237997,PIC,22,7,200,1350.0,270000.0
2017-01-03,201701034237980,PIC,57,6,50,1360.0,68000.0
2017-01-03,201701034237948,PIC,10,10,200,1349.0,269800.0
2017-01-03,201701034238010,PICL,28,21,500,1141.0,570500.0
2017-01-03,201701034237952,PICL,6,49,50,1160.0,58000.0
2017-01-03,201701034237951,PICL,50,49,200,1162.0,232400.0
2017-01-03,201701034238292,PRIN,48,40,50,1067.0,53350.0
2017-01-03,201701034238291,PRIN,6,40,50,1070.0,53500.0
2017-01-03,201701034238096,PRIN,6,6,100,1079.0,107900.0
2017-01-03,201701034238095,PRIN,38,6,100,1079.0,107900.0
2017-01-03,201701034238090,PRIN,35,6,20,1080.0,21600.0
2017-01-03,201701034238272,PROFL,32,19,50,178.0,8900.0
2017-01-03,201701034237909,PROFL,32,19,1300,179.0,232700.0
2017-01-03,201701034237905,RBBBL,29,21,80,357.0,28560.0
2017-01-03,201701034237904,RBBBL,11,21,100,358.0,35800.0
2017-01-03,201701034238369,RHPC,45,52,100,230.0,23000.0
2017-01-03,201701034238355,RHPC,7,56,99,228.0,22572.0
2017-01-03,201701034238333,RLFL,29,11,12,214.0,2568.0
2017-01-03,201701034238276,RLFL,42,21,450,213.0,95850.0
2017-01-03,201701034238275,RLFL,52,21,80,214.0,17120.0
2017-01-03,201701034238245,RLFL,52,39,20,214.0,4280.0
2017-01-03,201701034238212,RMDC,42,52,100,600.0,60000.0
2017-01-03,201701034238211,RMDC,7,52,200,601.0,120200.0
2017-01-03,201701034238249,SADBL,28,39,20,347.0,6940.0
2017-01-03,201701034238207,SADBL,5,39,29,348.0,10092.0
2017-01-03,201701034238157,SADBL,13,39,19,349.0,6631.0
2017-01-03,201701034237940,SADBL,13,22,30,350.0,10500.0
2017-01-03,201701034238046,SANIMA,38,21,32,537.0,17184.0
2017-01-03,201701034238024,SANIMA,22,50,610,540.0,329400.0
2017-01-03,201701034237967,SANIMA,38,13,280,537.0,150360.0
2017-01-03,201701034237966,SANIMA,19,13,50,537.0,26850.0
2017-01-03,201701034237965,SANIMA,43,13,30,538.0,16140.0
2017-01-03,201701034237964,SANIMA,14,13,140,538.0,75320.0
2017-01-03,201701034237936,SANIMA,14,21,60,538.0,32280.0
2017-01-03,201701034238337,SBI,38,5,100,1422.0,142200.0
2017-01-03,201701034238281,SBI,53,45,50,1421.0,71050.0
2017-01-03,201701034238246,SBI,55,17,180,1422.0,255960.0
2017-01-03,201701034238244,SBI,36,5,20,1424.0,28480.0
2017-01-03,201701034238234,SBI,56,5,200,1424.0,284800.0
2017-01-03,201701034238068,SBI,17,5,50,1430.0,71500.0
2017-01-03,201701034238067,SBI,25,5,50,1431.0,71550.0
2017-01-03,201701034237989,SBI,3,33,10,1435.0,14350.0
2017-01-03,201701034237988,SBI,20,33,20,1435.0,28700.0
2017-01-03,201701034237938,SBI,3,17,40,1435.0,57400.0
2017-01-03,201701034237925,SBI,56,17,200,1430.0,286000.0
2017-01-03,201701034237922,SBI,38,17,500,1428.0,714000.0
2017-01-03,201701034238364,SBL,11,40,50,980.0,49000.0
2017-01-03,201701034238354,SBL,11,25,51,979.0,49929.0
2017-01-03,201701034238289,SBL,29,34,50,978.0,48900.0
2017-01-03,201701034238027,SBL,42,40,50,976.0,48800.0
2017-01-03,201701034238026,SBL,1,40,10,977.0,9770.0
2017-01-03,201701034238274,SCB,22,22,30,1942.0,58260.0
2017-01-03,201701034238253,SCB,53,56,20,1943.0,38860.0
2017-01-03,201701034238126,SCB,22,17,150,1942.0,291300.0
2017-01-03,201701034237947,SCB,45,56,50,1942.0,97100.0
2017-01-03,201701034238101,SDBL,25,44,200,322.0,64400.0
2017-01-03,201701034238100,SDBL,47,44,100,322.0,32200.0
2017-01-03,201701034238099,SDBL,8,44,70,322.0,22540.0
2017-01-03,201701034238098,SDBL,57,44,100,325.0,32500.0
2017-01-03,201701034238048,SDBL,57,17,100,325.0,32500.0
2017-01-03,201701034238071,SHINE,49,32,20,362.0,7240.0
2017-01-03,201701034238124,SHINE,38,34,100,357.0,35700.0
2017-01-03,201701034238283,SHINE,38,22,30,354.0,10620.0
2017-01-03,201701034238255,SHINE,57,39,26,354.0,9204.0
2017-01-03,201701034238193,SHINE,38,39,26,355.0,9230.0
2017-01-03,201701034238149,SHINE,45,39,26,356.0,9256.0
2017-01-03,201701034238330,SICL,34,14,300,2025.0,607500.0
2017-01-03,201701034238329,SICL,43,14,100,2025.0,202500.0
2017-01-03,201701034238328,SICL,59,14,200,2026.0,405200.0
2017-01-03,201701034238327,SICL,14,14,100,2030.0,203000.0
2017-01-03,201701034238326,SICL,53,14,10,2031.0,20310.0
2017-01-03,201701034238323,SICL,41,42,50,2035.0,101750.0
2017-01-03,201701034238262,SICL,53,22,20,2031.0,40620.0
2017-01-03,201701034238261,SICL,58,22,100,2032.0,203200.0
2017-01-03,201701034237990,SICL,19,57,10,2050.0,20500.0
2017-01-03,201701034237995,SIGS1,6,13,1800,23.64,42552.0
2017-01-03,201701034238122,SIL,13,59,200,1300.0,260000.0
2017-01-03,201701034238121,SIL,42,59,200,1300.0,260000.0
2017-01-03,201701034238120,SIL,37,59,100,1300.0,130000.0
2017-01-03,201701034238119,SIL,41,59,50,1300.0,65000.0
2017-01-03,201701034238118,SIL,29,59,40,1300.0,52000.0
2017-01-03,201701034238064,SIL,29,6,160,1300.0,208000.0
2017-01-03,201701034237893,SIL,17,37,30,1306.0,39180.0
2017-01-03,201701034237892,SIL,29,37,100,1306.0,130600.0
2017-01-03,201701034237891,SIL,43,37,100,1307.0,130700.0
2017-01-03,201701034237890,SIL,29,37,50,1307.0,65350.0
2017-01-03,201701034237889,SIL,49,37,20,1307.0,26140.0
2017-01-03,201701034237888,SIL,49,37,100,1307.0,130700.0
2017-01-03,201701034238063,SIL,6,6,100,1300.0,130000.0
2017-01-03,201701034238062,SIL,25,6,30,1301.0,39030.0
2017-01-03,201701034238061,SIL,55,6,50,1302.0,65100.0
2017-01-03,201701034238060,SIL,45,6,100,1305.0,130500.0
2017-01-03,201701034238059,SIL,17,6,10,1306.0,13060.0
2017-01-03,201701034237953,SIL,10,36,200,1307.0,261400.0
2017-01-03,201701034238165,SKBBL,35,35,250,1001.0,250250.0
2017-01-03,201701034238264,SLICL,39,39,14,691.0,9674.0
2017-01-03,201701034238116,SLICL,58,36,50,691.0,34550.0
2017-01-03,201701034238115,SLICL,34,36,100,692.0,69200.0
2017-01-03,201701034238236,SMFDB,17,20,50,1690.0,84500.0
2017-01-03,201701034238183,SRBL,20,39,25,485.0,12125.0
2017-01-03,201701034238132,SRBL,58,39,32,486.0,15552.0
2017-01-03,201701034238321,UIC,25,18,75,1095.0,82125.0
2017-01-03,201701034238306,UIC,55,18,100,1096.0,109600.0
2017-01-03,201701034238305,UIC,47,18,50,1104.0,55200.0
2017-01-03,201701034238304,UIC,43,18,50,1106.0,55300.0
2017-01-03,201701034238216,UIC,29,19,50,1110.0,55500.0
2017-01-03,201701034238215,UIC,29,19,100,1110.0,111000.0
2017-01-03,201701034238277,VLBS,41,39,200,800.0,160000.0
2017-01-03,201701034238074,VLBS,41,39,50,791.0,39550.0
2017-01-03,201701034238307,VSDBL,38,48,600,177.0,106200.0
2017-01-03,201701034237944,VSDBL,38,1,10,176.0,1760.0
2017-01-03,201701034237929,VSDBL,48,1,500,177.0,88500.0
2017-01-03,201701034237928,VSDBL,48,1,100,177.0,17700.0
2017-01-03,201701034237927,VSDBL,38,1,940,177.0,166380.0
2017-01-03,201701034237926,VSDBL,1,1,50,177.0,8850.0
2017-01-03,201701034238273,YETI,42,39,11,285.0,3135.0
2017-01-03,201701034238267,YETI,19,25,100,288.0,28800.0
2017-01-03,201701034238028,YETI,17,41,10,290.0,2900.0
2017-01-03,201701034238009,YETI,17,51,20,290.0,5800.0
2017-01-03,201701034237924,YETI,17,51,40,290.0,11600.0
2017-01-03,201701034237918,YETI,17,51,40,290.0,11600.0
2017-01-03,201701034237911,YETI,17,41,40,290.0,11600.0
2017-01-03,201701034237907,YETI,17,51,40,290.0,11600.0
2017-01-03,201701034237906,YETI,17,37,10,290.0,2900.0
2017-01-03,201701034236851,ADBL,42,8,32,543.0,17376.0
2017-01-03,201701034236766,ADBL,25,28,170,535.0,90950.0
2017-01-03,201701034236765,ADBL,19,28,30,535.0,16050.0
2017-01-03,201701034236707,ADBL,25,39,46,535.0,24610.0
2017-01-03,201701034236544,AHPC,43,43,90,245.0,22050.0
2017-01-03,201701034236482,AHPC,13,13,1000,243.0,243000.0
2017-01-03,201701034236412,AHPC,57,52,80,245.0,19600.0
2017-01-03,201701034236411,AHPC,48,52,20,246.0,4920.0
2017-01-03,201701034236477,ALDBL,47,28,100,314.0,31400.0
2017-01-03,201701034236476,ALDBL,25,28,10,314.0,3140.0
2017-01-03,201701034236388,ALDBL,25,56,10,314.0,3140.0
2017-01-03,201701034236724,ALICL,32,17,100,1381.0,138100.0
2017-01-03,201701034236495,ALICL,21,16,20,1400.0,28000.0
2017-01-03,201701034236669,API,44,50,26,400.0,10400.0
2017-01-03,201701034236646,API,52,17,16,400.0,6400.0
2017-01-03,201701034236605,API,52,56,26,400.0,10400.0
2017-01-03,201701034236864,BOKL,17,29,28,623.0,17444.0
2017-01-03,201701034236816,BOKL,19,20,12,623.0,7476.0
2017-01-03,201701034236802,BOKL,41,52,100,624.0,62400.0
2017-01-03,201701034236796,BOKL,19,16,100,623.0,62300.0
2017-01-03,201701034236777,BOKL,8,5,184,623.0,114632.0
2017-01-03,201701034236628,BOKL,38,52,100,624.0,62400.0
2017-01-03,201701034236422,BOKL,6,7,100,627.0,62700.0
2017-01-03,201701034236566,BOKL,38,52,100,624.0,62400.0
2017-01-03,201701034236500,BOKL,29,52,100,624.0,62400.0
2017-01-03,201701034236499,BOKL,1,52,70,625.0,43750.0
2017-01-03,201701034236489,BOKL,19,53,100,625.0,62500.0
2017-01-03,201701034236432,BOKL,19,42,85,626.0,53210.0
2017-01-03,201701034236423,BOKL,42,7,100,627.0,62700.0
2017-01-03,201701034236647,BPCL,49,49,3000,560.0,1680000.0
2017-01-03,201701034236749,CBBL,41,41,30,1125.0,33750.0
2017-01-03,201701034236748,CBBL,6,41,100,1125.0,112500.0
2017-01-03,201701034236804,CBL,38,51,170,252.0,42840.0
2017-01-03,201701034236617,CBL,38,21,30,252.0,7560.0
2017-01-03,201701034236494,CBL,47,21,50,252.0,12600.0
2017-01-03,201701034236822,CCBL,42,41,30,343.0,10290.0
2017-01-03,201701034236815,CCBL,49,38,31,344.0,10664.0
2017-01-03,201701034236806,CCBL,42,25,100,340.0,34000.0
2017-01-03,201701034236805,CCBL,32,25,100,340.0,34000.0
2017-01-03,201701034236800,CCBL,47,25,43,340.0,14620.0
2017-01-03,201701034236799,CCBL,6,25,54,340.0,18360.0
2017-01-03,201701034236753,CCBL,6,40,900,340.0,306000.0
2017-01-03,201701034236752,CCBL,55,40,100,341.0,34100.0
2017-01-03,201701034236697,CCBL,1,25,57,343.0,19551.0
2017-01-03,201701034236687,CCBL,1,21,310,343.0,106330.0
2017-01-03,201701034236443,CCBL,47,41,25,344.0,8600.0
2017-01-03,201701034236875,CHCL,36,38,100,820.0,82000.0
2017-01-03,201701034236874,CHCL,36,22,80,820.0,65600.0
2017-01-03,201701034236770,CHCL,56,54,30,818.0,24540.0
2017-01-03,201701034236712,CHCL,22,22,120,820.0,98400.0
2017-01-03,201701034236420,CHCL,37,49,50,816.0,40800.0
2017-01-03,201701034236419,CHCL,37,1,60,816.0,48960.0
2017-01-03,201701034236684,CIT,45,1,50,3715.0,185750.0
2017-01-03,201701034236880,CZBIL,25,55,50,496.0,24800.0
2017-01-03,201701034236879,CZBIL,25,22,400,496.0,198400.0
2017-01-03,201701034236865,CZBIL,22,22,100,496.0,49600.0
2017-01-03,201701034236861,CZBIL,14,4,200,496.0,99200.0
2017-01-03,201701034236828,CZBIL,14,22,300,496.0,148800.0
2017-01-03,201701034236808,CZBIL,32,22,200,496.0,99200.0
2017-01-03,201701034236457,CZBIL,16,54,20,498.0,9960.0
2017-01-03,201701034236416,CZBIL,43,38,100,497.0,49700.0
2017-01-03,201701034236415,CZBIL,43,38,10,497.0,4970.0
2017-01-03,201701034236557,CZBIL,17,48,500,496.0,248000.0
2017-01-03,201701034236527,CZBIL,14,54,200,498.0,99600.0
2017-01-03,201701034236519,CZBIL,47,55,50,497.0,24850.0
2017-01-03,201701034236513,CZBIL,10,52,288,497.0,143136.0
2017-01-03,201701034236506,CZBIL,14,54,100,498.0,49800.0
2017-01-03,201701034236490,CZBIL,56,54,100,498.0,49800.0
2017-01-03,201701034236635,CZBIL,48,54,600,496.0,297600.0
2017-01-03,201701034236634,CZBIL,48,40,200,496.0,99200.0
2017-01-03,201701034236632,CZBIL,48,40,200,496.0,99200.0
2017-01-03,201701034236609,CZBIL,59,40,102,495.0,50490.0
2017-01-03,201701034236600,CZBIL,47,40,200,496.0,99200.0
2017-01-03,201701034236574,CZBIL,42,54,50,498.0,24900.0
2017-01-03,201701034236680,CZBIL,38,54,200,497.0,99400.0
2017-01-03,201701034236676,CZBIL,36,54,300,497.0,149100.0
2017-01-03,201701034236675,CZBIL,36,25,200,497.0,99400.0
2017-01-03,201701034236674,CZBIL,48,38,55,496.0,27280.0
2017-01-03,201701034236652,CZBIL,48,57,600,496.0,297600.0
2017-01-03,201701034236636,CZBIL,48,40,100,496.0,49600.0
2017-01-03,201701034236795,CZBIL,47,13,220,495.0,108900.0
2017-01-03,201701034236780,CZBIL,47,49,100,497.0,49700.0
2017-01-03,201701034236703,CZBIL,47,55,100,495.0,49500.0
2017-01-03,201701034236702,CZBIL,19,55,100,495.0,49500.0
2017-01-03,201701034236701,CZBIL,17,55,500,496.0,248000.0
2017-01-03,201701034236700,CZBIL,38,55,300,497.0,149100.0
2017-01-03,201701034236614,DBBL,7,41,20,224.0,4480.0
2017-01-03,201701034236870,EBL,42,39,10,1830.0,18300.0
2017-01-03,201701034236869,EBL,5,39,40,1837.0,73480.0
2017-01-03,201701034236847,EBL,42,35,20,1830.0,36600.0
2017-01-03,201701034236846,EBL,22,35,220,1830.0,402600.0
2017-01-03,201701034236845,EBL,6,35,50,1830.0,91500.0
2017-01-03,201701034236844,EBL,57,35,500,1833.0,916500.0
2017-01-03,201701034236502,EBL,45,35,50,1845.0,92250.0
2017-01-03,201701034236501,EBL,51,53,21,1846.0,38766.0
2017-01-03,201701034236444,EBL,6,17,29,1848.0,53592.0
2017-01-03,201701034236437,EBL,3,48,20,1850.0,37000.0
2017-01-03,201701034236521,EBL,59,35,100,1843.0,184300.0
2017-01-03,201701034236520,EBL,38,35,140,1849.0,258860.0
2017-01-03,201701034236512,EBL,38,17,30,1848.0,55440.0
2017-01-03,201701034236511,EBL,38,35,30,1844.0,55320.0
2017-01-03,201701034236504,EBL,19,35,100,1844.0,184400.0
2017-01-03,201701034236503,EBL,34,35,70,1845.0,129150.0
2017-01-03,201701034236576,EBL,11,6,100,1840.0,184000.0
2017-01-03,201701034236526,EBL,11,35,100,1840.0,184000.0
2017-01-03,201701034236525,EBL,42,35,60,1840.0,110400.0
2017-01-03,201701034236524,EBL,50,35,250,1842.0,460500.0
2017-01-03,201701034236523,EBL,19,35,200,1843.0,368600.0
2017-01-03,201701034236522,EBL,59,35,50,1843.0,92150.0
2017-01-03,201701034236767,EBL,38,41,50,1837.0,91850.0
2017-01-03,201701034236756,EBL,51,39,14,1838.0,25732.0
2017-01-03,201701034236744,EBL,51,22,50,1838.0,91900.0
2017-01-03,201701034236688,EBL,6,17,10,1845.0,18450.0
2017-01-03,201701034236578,EBL,48,6,30,1840.0,55200.0
2017-01-03,201701034236577,EBL,42,6,20,1840.0,36800.0
2017-01-03,201701034236843,EBL,42,35,10,1835.0,18350.0
2017-01-03,201701034236841,EBL,14,35,200,1843.0,368600.0
2017-01-03,201701034236840,EBL,14,17,50,1840.0,92000.0
2017-01-03,201701034236837,EBL,42,17,190,1835.0,348650.0
2017-01-03,201701034236836,EBL,58,17,10,1835.0,18350.0
2017-01-03,201701034236831,EBL,38,49,28,1837.0,51436.0
2017-01-03,201701034236839,EDBL,8,54,52,587.0,30524.0
2017-01-03,201701034236705,EDBL,6,58,500,590.0,295000.0
2017-01-03,201701034236699,EDBL,19,58,100,594.0,59400.0
2017-01-03,201701034236421,EIC,17,32,65,1600.0,104000.0
2017-01-03,201701034236708,FMDBL,10,43,22,945.0,20790.0
2017-01-03,201701034236670,FMDBL,32,17,100,946.0,94600.0
2017-01-03,201701034236785,GBBL,43,16,250,390.0,97500.0
2017-01-03,201701034236769,GBBL,13,16,200,390.0,78000.0
2017-01-03,201701034236768,GBBL,10,16,100,390.0,39000.0
2017-01-03,201701034236571,GBBL,17,37,260,390.0,101400.0
2017-01-03,201701034236550,GBBL,1,16,250,392.0,98000.0
2017-01-03,201701034236508,GBBL,32,32,89,394.0,35066.0
2017-01-03,201701034236454,GBBL,51,32,100,395.0,39500.0
2017-01-03,201701034236453,GBBL,33,32,130,395.0,51350.0
2017-01-03,201701034236835,GBIME,47,10,271,425.0,115175.0
2017-01-03,201701034236639,GBIME,59,21,130,428.0,55640.0
2017-01-03,201701034236616,GBIME,13,25,11,430.0,4730.0
2017-01-03,201701034236596,GLICL,59,34,100,698.0,69800.0
2017-01-03,201701034236595,GLICL,42,34,200,698.0,139600.0
2017-01-03,201701034236594,GLICL,45,34,300,698.0,209400.0
2017-01-03,201701034236593,GLICL,55,34,290,698.0,202420.0
2017-01-03,201701034236592,GLICL,10,34,50,700.0,35000.0
2017-01-03,201701034236830,GRDBL,5,13,20,473.0,9460.0
2017-01-03,201701034236829,GRDBL,5,32,10,472.0,4720.0
2017-01-03,201701034236821,GRDBL,5,25,31,470.0,14570.0
2017-01-03,201701034236820,GRDBL,5,33,50,470.0,23500.0
2017-01-03,201701034236542,GRDBL,5,19,52,464.0,24128.0
2017-01-03,201701034236860,HAMRO,1,58,50,415.0,20750.0
2017-01-03,201701034236854,HBL,42,17,90,875.0,78750.0
2017-01-03,201701034236754,HBL,32,37,100,878.0,87800.0
2017-01-03,201701034236746,HBL,49,17,10,878.0,8780.0
2017-01-03,201701034236685,HBL,49,38,90,877.0,78930.0
2017-01-03,201701034236588,HBL,42,16,110,875.0,96250.0
2017-01-03,201701034236863,HGI,39,13,300,1290.0,387000.0
2017-01-03,201701034236727,HGI,52,41,100,1291.0,129100.0
2017-01-03,201701034236726,HGI,25,41,50,1292.0,64600.0
2017-01-03,201701034236618,HGI,25,34,150,1292.0,193800.0
2017-01-03,201701034236607,HGI,45,34,250,1295.0,323750.0
2017-01-03,201701034236579,HGI,53,34,100,1300.0,130000.0
2017-01-03,201701034236575,HGI,48,34,100,1301.0,130100.0
2017-01-03,201701034236536,HGI,48,19,100,1301.0,130100.0
2017-01-03,201701034236885,HIDCL,45,56,200,226.0,45200.0
2017-01-03,201701034236728,HIDCL,49,49,56,228.0,12768.0
2017-01-03,201701034236713,HIDCL,32,40,34,225.0,7650.0
2017-01-03,201701034236633,HIDCL,45,56,10,226.0,2260.0
2017-01-03,201701034236564,HIDCL,19,13,33,225.0,7425.0
2017-01-03,201701034236677,HIDCL,45,13,33,227.0,7491.0
2017-01-03,201701034236663,HIDCL,19,11,1000,226.0,226000.0
2017-01-03,201701034236661,HIDCL,43,43,87,226.0,19662.0
2017-01-03,201701034236653,HIDCL,43,43,193,226.0,43618.0
2017-01-03,201701034236649,HIDCL,45,19,10,226.0,2260.0
2017-01-03,201701034236648,HIDCL,43,43,155,226.0,35030.0
2017-01-03,201701034236711,HIDCL,32,40,70,225.0,15750.0
2017-01-03,201701034236710,HIDCL,45,40,100,226.0,22600.0
2017-01-03,201701034236709,HIDCL,45,40,80,226.0,18080.0
2017-01-03,201701034236704,HIDCL,49,49,56,228.0,12768.0
2017-01-03,201701034236693,HIDCL,48,32,56,228.0,12768.0
2017-01-03,201701034236681,HIDCL,45,50,58,227.0,13166.0
2017-01-03,201701034236878,KBL,32,51,50,527.0,26350.0
2017-01-03,201701034236833,KBL,13,51,20,527.0,10540.0
2017-01-03,201701034236832,KBL,1,51,30,527.0,15810.0
2017-01-03,201701034236743,KBL,1,48,20,527.0,10540.0
2017-01-03,201701034236742,KBL,52,48,500,527.0,263500.0
2017-01-03,201701034236741,KBL,19,48,100,527.0,52700.0
2017-01-03,201701034236583,KBL,19,48,100,527.0,52700.0
2017-01-03,201701034236492,KBL,58,34,50,530.0,26500.0
2017-01-03,201701034236455,KBL,52,34,500,529.0,264500.0
2017-01-03,201701034236445,KBL,58,34,500,529.0,264500.0
2017-01-03,201701034236430,KBL,33,33,22,528.0,11616.0
2017-01-03,201701034236425,KBL,6,33,100,528.0,52800.0
2017-01-03,201701034236740,KBL,7,48,280,527.0,147560.0
2017-01-03,201701034236739,KBL,1,48,100,528.0,52800.0
2017-01-03,201701034236678,KBL,1,34,100,529.0,52900.0
2017-01-03,201701034236627,KBL,50,33,78,529.0,41262.0
2017-01-03,201701034236585,KBL,7,48,360,527.0,189720.0
2017-01-03,201701034236584,KBL,45,48,40,527.0,21080.0
2017-01-03,201701034236761,LBL,1,40,400,690.0,276000.0
2017-01-03,201701034236760,LBL,46,40,100,691.0,69100.0
2017-01-03,201701034236620,LBL,1,11,50,692.0,34600.0
2017-01-03,201701034236619,LBL,17,11,100,692.0,69200.0
2017-01-03,201701034236434,LBL,38,8,60,700.0,42000.0
2017-01-03,201701034236433,LBL,38,43,90,700.0,63000.0
2017-01-03,201701034236797,LGIL,8,10,138,1276.0,176088.0
2017-01-03,201701034236671,LGIL,8,49,185,1276.0,236060.0
2017-01-03,201701034236532,LGIL,5,48,21,1280.0,26880.0
2017-01-03,201701034236651,LICN,16,14,200,2460.0,492000.0
2017-01-03,201701034236665,LLBS,22,59,11,1183.0,13013.0
2017-01-03,201701034236626,MBL,49,17,170,414.0,70380.0
2017-01-03,201701034236625,MBL,16,17,100,414.0,41400.0
2017-01-03,201701034236624,MBL,41,17,70,415.0,29050.0
2017-01-03,201701034236569,MBL,41,48,30,415.0,12450.0
2017-01-03,201701034236568,MBL,19,48,50,415.0,20750.0
2017-01-03,201701034236567,MBL,25,48,120,415.0,49800.0
2017-01-03,201701034236541,MBL,29,7,20,416.0,8320.0
2017-01-03,201701034236507,MBL,29,48,80,416.0,33280.0
2017-01-03,201701034236496,MBL,49,57,500,417.0,208500.0
2017-01-03,201701034236855,MEGA,6,34,53,487.0,25811.0
2017-01-03,201701034236850,MEGA,13,34,20,487.0,9740.0
2017-01-03,201701034236849,MEGA,51,34,10,488.0,4880.0
2017-01-03,201701034236848,MEGA,42,34,100,490.0,49000.0
2017-01-03,201701034236662,MEGA,45,38,103,490.0,50470.0
2017-01-03,201701034236637,MEGA,45,57,100,490.0,49000.0
2017-01-03,201701034236602,MEGA,37,11,100,491.0,49100.0
2017-01-03,201701034236570,MEGA,47,41,177,492.0,87084.0
2017-01-03,201701034236561,MEGA,42,16,150,492.0,73800.0
2017-01-03,201701034236431,MEGA,32,41,50,493.0,24650.0
2017-01-03,201701034236613,MEGA,45,16,100,490.0,49000.0
2017-01-03,201701034236612,MEGA,43,16,500,490.0,245000.0
2017-01-03,201701034236611,MEGA,8,16,200,490.0,98000.0
2017-01-03,201701034236610,MEGA,41,16,50,490.0,24500.0
2017-01-03,201701034236604,MEGA,41,11,50,490.0,24500.0
2017-01-03,201701034236603,MEGA,49,11,50,490.0,24500.0
2017-01-03,201701034236883,MFIL,35,6,280,190.0,53200.0
2017-01-03,201701034236807,MFIL,1,17,180,188.0,33840.0
2017-01-03,201701034236751,MFIL,42,6,300,190.0,57000.0
2017-01-03,201701034236750,MFIL,51,6,370,190.0,70300.0
2017-01-03,201701034236560,MFIL,51,17,100,190.0,19000.0
2017-01-03,201701034236547,MNBBL,45,25,100,820.0,82000.0
2017-01-03,201701034236546,MNBBL,45,25,50,820.0,41000.0
2017-01-03,201701034236776,NABIL,22,22,50,1530.0,76500.0
2017-01-03,201701034236737,NABIL,22,40,240,1530.0,367200.0
2017-01-03,201701034236736,NABIL,38,40,100,1530.0,153000.0
2017-01-03,201701034236735,NABIL,6,40,50,1530.0,76500.0
2017-01-03,201701034236734,NABIL,16,40,50,1530.0,76500.0
2017-01-03,201701034236733,NABIL,21,40,20,1530.0,30600.0
2017-01-03,201701034236435,NABIL,52,35,200,1537.0,307400.0
2017-01-03,201701034236640,NABIL,43,19,100,1535.0,153500.0
2017-01-03,201701034236497,NABIL,55,18,48,1536.0,73728.0
2017-01-03,201701034236484,NABIL,55,18,100,1536.0,153600.0
2017-01-03,201701034236483,NABIL,5,18,100,1540.0,154000.0
2017-01-03,201701034236481,NABIL,5,11,100,1540.0,154000.0
2017-01-03,201701034236480,NABIL,5,34,300,1539.0,461700.0
2017-01-03,201701034236732,NABIL,52,40,100,1532.0,153200.0
2017-01-03,201701034236731,NABIL,39,40,100,1532.0,153200.0
2017-01-03,201701034236730,NABIL,5,40,200,1534.0,306800.0
2017-01-03,201701034236729,NABIL,25,40,140,1535.0,214900.0
2017-01-03,201701034236642,NABIL,25,19,60,1535.0,92100.0
2017-01-03,201701034236641,NABIL,6,19,50,1535.0,76750.0
2017-01-03,201701034236441,NBB,38,38,200,740.0,148000.0
2017-01-03,201701034236440,NBB,35,38,500,740.0,370000.0
2017-01-03,201701034236439,NBB,45,38,170,744.0,126480.0
2017-01-03,201701034236424,NBB,45,17,300,744.0,223200.0
2017-01-03,201701034236573,NBB,52,28,150,739.0,110850.0
2017-01-03,201701034236572,NBB,22,28,50,740.0,37000.0
2017-01-03,201701034236514,NBB,52,16,500,739.0,369500.0
2017-01-03,201701034236720,NBBL,13,47,50,2258.0,112900.0
2017-01-03,201701034236658,NBBL,13,28,30,2304.0,69120.0
2017-01-03,201701034236657,NBBL,14,28,20,2304.0,46080.0
2017-01-03,201701034236534,NBBL,13,56,40,2351.0,94040.0
2017-01-03,201701034236530,NBBL,55,56,20,2352.0,47040.0
2017-01-03,201701034236876,NBL,5,34,50,398.0,19900.0
2017-01-03,201701034236782,NBL,56,34,150,398.0,59700.0
2017-01-03,201701034236660,NBL,49,49,720,400.0,288000.0
2017-01-03,201701034236631,NBL,49,7,1000,400.0,400000.0
2017-01-03,201701034236630,NBL,17,7,200,400.0,80000.0
2017-01-03,201701034236552,NBL,49,7,700,400.0,280000.0
2017-01-03,201701034236866,NGPL,32,39,10,280.0,2800.0
2017-01-03,201701034236556,NGPL,41,13,10,285.0,2850.0
2017-01-03,201701034236555,NGPL,41,13,10,285.0,2850.0
2017-01-03,201701034236554,NGPL,41,13,10,285.0,2850.0
2017-01-03,201701034236873,NIB,8,17,200,722.0,144400.0
2017-01-03,201701034236872,NIB,25,17,250,723.0,180750.0
2017-01-03,201701034236859,NIB,51,39,26,722.0,18772.0
2017-01-03,201701034236838,NIB,6,58,250,723.0,180750.0
2017-01-03,201701034236823,NIB,52,29,580,723.0,419340.0
2017-01-03,201701034236814,NIB,43,29,120,723.0,86760.0
2017-01-03,201701034236462,NIB,6,25,26,725.0,18850.0
2017-01-03,201701034236436,NIB,6,42,20,725.0,14500.0
2017-01-03,201701034236429,NIB,6,17,30,725.0,21750.0
2017-01-03,201701034236650,NIB,49,49,26,725.0,18850.0
2017-01-03,201701034236638,NIB,46,17,26,725.0,18850.0
2017-01-03,201701034236629,NIB,37,6,500,725.0,362500.0
2017-01-03,201701034236623,NIB,46,17,26,725.0,18850.0
2017-01-03,201701034236591,NIB,43,48,100,724.0,72400.0
2017-01-03,201701034236488,NIB,6,25,26,725.0,18850.0
2017-01-03,201701034236762,NIB,36,39,26,723.0,18798.0
2017-01-03,201701034236755,NIB,58,39,26,723.0,18798.0
2017-01-03,201701034236716,NIB,17,48,50,724.0,36200.0
2017-01-03,201701034236715,NIB,46,48,200,724.0,144800.0
2017-01-03,201701034236683,NIB,49,49,26,725.0,18850.0
2017-01-03,201701034236668,NIB,49,49,26,725.0,18850.0
2017-01-03,201701034236813,NIB,42,29,100,724.0,72400.0
2017-01-03,201701034236794,NIB,49,16,26,726.0,18876.0
2017-01-03,201701034236789,NIB,49,16,26,726.0,18876.0
2017-01-03,201701034236786,NIB,49,49,18,724.0,13032.0
2017-01-03,201701034236781,NIB,49,34,26,725.0,18850.0
2017-01-03,201701034236774,NIB,49,17,26,724.0,18824.0
2017-01-03,201701034236788,NIBPO,59,39,50,660.0,33000.0
2017-01-03,201701034236698,NIBPO,59,49,200,660.0,132000.0
2017-01-03,201701034236877,NICA,43,43,143,515.0,73645.0
2017-01-03,201701034236827,NICA,8,16,30,513.0,15390.0
2017-01-03,201701034236826,NICA,47,16,50,513.0,25650.0
2017-01-03,201701034236825,NICA,7,16,50,513.0,25650.0
2017-01-03,201701034236824,NICA,22,16,30,513.0,15390.0
2017-01-03,201701034236801,NICA,7,39,50,513.0,25650.0
2017-01-03,201701034236548,NICA,6,16,40,517.0,20680.0
2017-01-03,201701034236475,NICA,52,54,1000,517.0,517000.0
2017-01-03,201701034236474,NICA,40,54,100,519.0,51900.0
2017-01-03,201701034236473,NICA,48,54,10,519.0,5190.0
2017-01-03,201701034236472,NICA,48,54,10,519.0,5190.0
2017-01-03,201701034236471,NICA,10,54,250,520.0,130000.0
2017-01-03,201701034236775,NICA,59,32,359,515.0,184885.0
2017-01-03,201701034236719,NICA,59,29,80,515.0,41200.0
2017-01-03,201701034236718,NICA,45,29,230,515.0,118450.0
2017-01-03,201701034236717,NICA,16,29,190,515.0,97850.0
2017-01-03,201701034236559,NICA,16,42,110,515.0,56650.0
2017-01-03,201701034236549,NICA,45,16,500,516.0,258000.0
2017-01-03,201701034236764,NICL,47,17,500,846.0,423000.0
2017-01-03,201701034236763,NICL,40,17,390,847.0,330330.0
2017-01-03,201701034236545,NICL,40,32,110,847.0,93170.0
2017-01-03,201701034236537,NICL,29,37,49,850.0,41650.0
2017-01-03,201701034236510,NICL,29,17,100,850.0,85000.0
2017-01-03,201701034236456,NICL,22,37,50,852.0,42600.0
2017-01-03,201701034236853,NLG,6,17,20,1260.0,25200.0
2017-01-03,201701034236553,NLG,10,48,10,1263.0,12630.0
2017-01-03,201701034236621,NLIC,32,1,22,2655.0,58410.0
2017-01-03,201701034236518,NLIC,38,34,50,2665.0,133250.0
2017-01-03,201701034236517,NLIC,32,34,100,2665.0,266500.0
2017-01-03,201701034236516,NLIC,32,34,100,2665.0,266500.0
2017-01-03,201701034236515,NLIC,4,34,50,2670.0,133500.0
2017-01-03,201701034236479,NLIC,4,58,50,2670.0,133500.0
2017-01-03,201701034236478,NLIC,40,58,50,2670.0,133500.0
2017-01-03,201701034236448,NLIC,19,53,25,2671.0,66775.0
2017-01-03,201701034236438,NLIC,19,57,33,2675.0,88275.0
2017-01-03,201701034236643,NLICL,38,17,500,2031.0,1015500.0
2017-01-03,201701034236451,NLICL,48,43,20,2040.0,40800.0
2017-01-03,201701034236450,NLICL,1,43,30,2040.0,61200.0
2017-01-03,201701034236442,NLICL,11,6,100,2041.0,204100.0
2017-01-03,201701034236884,NMB,7,39,50,513.0,25650.0
2017-01-03,201701034236759,NMB,7,57,200,513.0,102600.0
2017-01-03,201701034236706,NMB,7,49,254,513.0,130302.0
2017-01-03,201701034236656,NMB,22,21,90,512.0,46080.0
2017-01-03,201701034236655,NMB,17,21,100,512.0,51200.0
2017-01-03,201701034236654,NMB,59,21,10,515.0,5150.0
2017-01-03,201701034236598,NMB,59,58,150,515.0,77250.0
2017-01-03,201701034236692,NMBMF,44,41,30,1600.0,48000.0
2017-01-03,201701034236758,NTC,8,45,500,700.0,350000.0
2017-01-03,201701034236757,NTC,28,45,700,700.0,490000.0
2017-01-03,201701034236691,NTC,8,45,800,700.0,560000.0
2017-01-03,201701034236679,NTC,56,34,300,700.0,210000.0
2017-01-03,201701034236608,NTC,42,45,1700,700.0,1190000.0
2017-01-03,201701034236582,NTC,56,45,500,700.0,350000.0
2017-01-03,201701034236460,NTC,25,45,100,700.0,70000.0
2017-01-03,201701034236459,NTC,32,45,100,700.0,70000.0
2017-01-03,201701034236581,NTC,42,45,150,700.0,105000.0
2017-01-03,201701034236580,NTC,42,45,150,700.0,105000.0
2017-01-03,201701034236461,NTC,28,45,1000,700.0,700000.0
2017-01-03,201701034236811,PCBL,52,17,1000,500.0,500000.0
2017-01-03,201701034236810,PCBL,52,17,100,501.0,50100.0
2017-01-03,201701034236809,PCBL,1,17,100,501.0,50100.0
2017-01-03,201701034236565,PCBL,45,45,810,501.0,405810.0
2017-01-03,201701034236410,PCBL,45,45,4190,498.0,2086620.0
2017-01-03,201701034236409,PCBL,56,45,200,498.0,99600.0
2017-01-03,201701034236396,PCBL,11,45,100,505.0,50500.0
2017-01-03,201701034236395,PCBL,59,45,100,506.0,50600.0
2017-01-03,201701034236394,PCBL,59,45,200,506.0,101200.0
2017-01-03,201701034236393,PCBL,43,45,250,507.0,126750.0
2017-01-03,201701034236402,PCBL,56,45,100,500.0,50000.0
2017-01-03,201701034236401,PCBL,34,45,220,500.0,110000.0
2017-01-03,201701034236400,PCBL,45,45,200,501.0,100200.0
2017-01-03,201701034236399,PCBL,6,45,50,501.0,25050.0
2017-01-03,201701034236398,PCBL,36,45,100,501.0,50100.0
2017-01-03,201701034236397,PCBL,21,45,300,502.0,150600.0
2017-01-03,201701034236408,PCBL,52,45,140,498.0,69720.0
2017-01-03,201701034236407,PCBL,42,45,200,499.0,99800.0
2017-01-03,201701034236406,PCBL,45,45,50,500.0,25000.0
2017-01-03,201701034236405,PCBL,32,45,1000,500.0,500000.0
2017-01-03,201701034236404,PCBL,13,45,500,500.0,250000.0
2017-01-03,201701034236403,PCBL,43,45,100,500.0,50000.0
2017-01-03,201701034236887,PIC,57,28,10,1372.0,13720.0
2017-01-03,201701034236886,PIC,57,17,50,1370.0,68500.0
2017-01-03,201701034236882,PIC,13,58,40,1352.0,54080.0
2017-01-03,201701034236881,PIC,25,58,10,1355.0,13550.0
2017-01-03,201701034236686,PIC,13,57,60,1352.0,81120.0
2017-01-03,201701034236601,PIC,13,35,100,1370.0,137000.0
2017-01-03,201701034236543,PIC,10,35,100,1365.0,136500.0
2017-01-03,201701034236644,PICL,45,6,200,1200.0,240000.0
2017-01-03,201701034236606,PICL,32,17,10,1210.0,12100.0
2017-01-03,201701034236509,PICL,6,58,10,1214.0,12140.0
2017-01-03,201701034236452,PICL,11,13,172,1200.0,206400.0
2017-01-03,201701034236447,PICL,11,36,200,1200.0,240000.0
2017-01-03,201701034236446,PICL,11,41,50,1195.0,59750.0
2017-01-03,201701034236590,PLIC,16,6,100,1600.0,160000.0
2017-01-03,201701034236589,PLIC,46,6,100,1601.0,160100.0
2017-01-03,201701034236498,PLIC,1,40,50,1620.0,81000.0
2017-01-03,201701034236418,PLIC,17,6,90,1627.0,146430.0
2017-01-03,201701034236417,PLIC,17,20,10,1627.0,16270.0
2017-01-03,201701034236659,PRIN,38,8,50,1100.0,55000.0
2017-01-03,201701034236458,RBBBL,11,50,20,377.0,7540.0
2017-01-03,201701034236673,RHPC,45,13,11,226.0,2486.0
2017-01-03,201701034236664,RHPC,45,13,11,226.0,2486.0
2017-01-03,201701034236551,RHPC,32,13,11,225.0,2475.0
2017-01-03,201701034236533,RHPC,32,13,11,225.0,2475.0
2017-01-03,201701034236493,RHPC,14,40,32,225.0,7200.0
2017-01-03,201701034236842,SAJHA,37,19,35,255.0,8925.0
2017-01-03,201701034236779,SANIMA,52,43,100,542.0,54200.0
2017-01-03,201701034236778,SANIMA,38,43,100,542.0,54200.0
2017-01-03,201701034236723,SANIMA,56,57,100,543.0,54300.0
2017-01-03,201701034236722,SANIMA,36,57,300,543.0,162900.0
2017-01-03,201701034236721,SANIMA,41,57,100,543.0,54300.0
2017-01-03,201701034236696,SANIMA,8,53,200,544.0,108800.0
2017-01-03,201701034236468,SANIMA,10,45,70,548.0,38360.0
2017-01-03,201701034236467,SANIMA,10,51,100,547.0,54700.0
2017-01-03,201701034236695,SANIMA,47,53,200,544.0,108800.0
2017-01-03,201701034236694,SANIMA,48,53,10,545.0,5450.0
2017-01-03,201701034236672,SANIMA,45,34,100,545.0,54500.0
2017-01-03,201701034236587,SANIMA,42,59,50,548.0,27400.0
2017-01-03,201701034236529,SANIMA,10,8,100,548.0,54800.0
2017-01-03,201701034236469,SANIMA,10,21,30,548.0,16440.0
2017-01-03,201701034236725,SBI,17,58,23,1451.0,33373.0
2017-01-03,201701034236615,SBI,14,17,50,1458.0,72900.0
2017-01-03,201701034236392,SBI,38,17,300,1451.0,435300.0
2017-01-03,201701034236391,SBI,55,17,200,1452.0,290400.0
2017-01-03,201701034236390,SBI,42,17,100,1455.0,145500.0
2017-01-03,201701034236858,SBL,7,55,110,989.0,108790.0
2017-01-03,201701034236834,SBL,7,19,50,989.0,49450.0
2017-01-03,201701034236819,SBL,13,53,100,990.0,99000.0
2017-01-03,201701034236818,SBL,17,53,100,990.0,99000.0
2017-01-03,201701034236817,SBL,5,53,150,990.0,148500.0
2017-01-03,201701034236798,SBL,46,37,68,990.0,67320.0
2017-01-03,201701034236428,SBL,19,49,64,989.0,63296.0
2017-01-03,201701034236414,SBL,29,37,80,990.0,79200.0
2017-01-03,201701034236389,SBL,29,37,200,990.0,198000.0
2017-01-03,201701034236682,SBL,11,13,50,993.0,49650.0
2017-01-03,201701034236599,SBL,5,48,134,990.0,132660.0
2017-01-03,201701034236563,SBL,46,34,122,990.0,120780.0
2017-01-03,201701034236539,SBL,13,48,50,990.0,49500.0
2017-01-03,201701034236538,SBL,6,48,50,990.0,49500.0
2017-01-03,201701034236535,SBL,21,1,100,990.0,99000.0
2017-01-03,201701034236793,SBL,46,41,80,990.0,79200.0
2017-01-03,201701034236792,SBL,29,41,100,990.0,99000.0
2017-01-03,201701034236791,SBL,1,41,20,991.0,19820.0
2017-01-03,201701034236773,SBL,13,52,20,990.0,19800.0
2017-01-03,201701034236772,SBL,17,52,50,991.0,49550.0
2017-01-03,201701034236771,SBL,52,52,30,991.0,29730.0
2017-01-03,201701034236856,SCB,8,56,100,1943.0,194300.0
2017-01-03,201701034236690,SCB,17,17,100,1940.0,194000.0
2017-01-03,201701034236689,SCB,43,17,50,1941.0,97050.0
2017-01-03,201701034236485,SHPC,58,1,29,794.0,23026.0
2017-01-03,201701034236427,SHPC,58,25,362,795.0,287790.0
2017-01-03,201701034236413,SHPC,10,13,18,793.0,14274.0
2017-01-03,201701034236871,SIC,13,34,100,1146.0,114600.0
2017-01-03,201701034236531,SICL,40,53,28,2070.0,57960.0
2017-01-03,201701034236505,SICL,40,37,200,2070.0,414000.0
2017-01-03,201701034236487,SICL,19,17,100,2060.0,206000.0
2017-01-03,201701034236486,SICL,56,17,100,2061.0,206100.0
2017-01-03,201701034236667,SIGS1,5,29,5000,24.1,120500.0
2017-01-03,201701034236666,SIGS1,5,7,15000,24.0,360000.0
2017-01-03,201701034236540,SIL,51,59,100,1320.0,132000.0
2017-01-03,201701034236466,SIL,6,32,50,1321.0,66050.0
2017-01-03,201701034236465,SIL,6,32,50,1321.0,66050.0
2017-01-03,201701034236464,SIL,29,32,200,1325.0,265000.0
2017-01-03,201701034236463,SIL,19,32,100,1327.0,132700.0
2017-01-03,201701034236738,SLICL,45,53,175,716.0,125300.0
2017-01-03,201701034236747,SRBL,47,39,50,495.0,24750.0
2017-01-03,201701034236558,SRBL,47,17,50,495.0,24750.0
2017-01-03,201701034236528,SRBL,40,17,151,495.0,74745.0
2017-01-03,201701034236491,SRBL,10,46,200,499.0,99800.0
2017-01-03,201701034236470,SWBBL,45,21,50,1300.0,65000.0
2017-01-03,201701034236852,UFCL,37,11,30,174.0,5220.0
2017-01-03,201701034236803,UFCL,37,14,200,174.0,34800.0
2017-01-03,201701034236812,UFL,22,57,200,279.0,55800.0
2017-01-03,201701034236745,UIC,6,17,25,1126.0,28150.0
2017-01-03,201701034236562,UIC,6,14,92,1148.0,105616.0
2017-01-03,201701034236868,VSDBL,19,11,20,178.0,3560.0
2017-01-03,201701034236862,VSDBL,38,11,120,178.0,21360.0
2017-01-03,201701034236714,VSDBL,19,17,100,178.0,17800.0
2017-01-03,201701034236449,WDBL,25,32,50,296.0,14800.0
2017-01-03,201701034236597,YETI,42,29,20,285.0,5700.0
2017-01-03,201701034235751,ADBL,22,8,100,535.0,53500.0
2017-01-03,201701034235750,ADBL,18,8,100,536.0,53600.0
2017-01-03,201701034235749,ADBL,22,8,50,540.0,27000.0
2017-01-03,201701034235748,ADBL,19,8,40,541.0,21640.0
2017-01-03,201701034235527,ADBL,19,37,120,541.0,64920.0
2017-01-03,201701034235526,ADBL,32,37,100,542.0,54200.0
2017-01-03,201701034235523,ADBL,53,8,100,542.0,54200.0
2017-01-03,201701034235472,ADBL,38,29,20,545.0,10900.0
2017-01-03,201701034235471,ADBL,29,29,20,546.0,10920.0
2017-01-03,201701034235883,AHPC,17,43,100,245.0,24500.0
2017-01-03,201701034235875,AHPC,48,56,100,249.0,24900.0
2017-01-03,201701034235706,AHPC,6,25,13,250.0,3250.0
2017-01-03,201701034235702,AHPC,6,17,500,246.0,123000.0
2017-01-03,201701034235701,AHPC,6,17,100,245.0,24500.0
2017-01-03,201701034235458,AHPC,32,8,18,242.0,4356.0
2017-01-03,201701034235453,AHPC,32,8,130,242.0,31460.0
2017-01-03,201701034235452,AHPC,47,8,300,242.0,72600.0
2017-01-03,201701034235451,AHPC,43,8,20,242.0,4840.0
2017-01-03,201701034235551,ALICL,52,8,12,1375.0,16500.0
2017-01-03,201701034235840,API,29,17,13,400.0,5200.0
2017-01-03,201701034235806,API,16,41,225,396.0,89100.0
2017-01-03,201701034235657,API,6,29,26,401.0,10426.0
2017-01-03,201701034235481,API,43,16,20,400.0,8000.0
2017-01-03,201701034235399,API,11,29,26,401.0,10426.0
2017-01-03,201701034235779,BARUN,7,8,10,281.0,2810.0
2017-01-03,201701034235758,BARUN,7,8,10,281.0,2810.0
2017-01-03,201701034235712,BARUN,7,8,10,281.0,2810.0
2017-01-03,201701034235460,BARUN,41,20,10,286.0,2860.0
2017-01-03,201701034235454,BARUN,41,20,10,286.0,2860.0
2017-01-03,201701034235447,BARUN,41,20,10,286.0,2860.0
2017-01-03,201701034235443,BARUN,41,20,10,286.0,2860.0
2017-01-03,201701034235407,BARUN,41,45,10,286.0,2860.0
2017-01-03,201701034235393,BARUN,41,20,10,286.0,2860.0
2017-01-03,201701034235414,BHBL,1,45,12,330.0,3960.0
2017-01-03,201701034235886,BOKL,48,20,620,620.0,384400.0
2017-01-03,201701034235857,BOKL,38,17,150,619.0,92850.0
2017-01-03,201701034235856,BOKL,38,47,150,619.0,92850.0
2017-01-03,201701034235761,BOKL,11,20,300,620.0,186000.0
2017-01-03,201701034235736,BOKL,20,20,80,620.0,49600.0
2017-01-03,201701034235714,BOKL,42,19,49,620.0,30380.0
2017-01-03,201701034235501,BOKL,6,7,50,615.0,30750.0
2017-01-03,201701034235435,BOKL,13,7,150,615.0,92250.0
2017-01-03,201701034235428,BOKL,55,7,100,615.0,61500.0
2017-01-03,201701034235400,BOKL,48,49,400,615.0,246000.0
2017-01-03,201701034235683,BOKL,42,57,150,620.0,93000.0
2017-01-03,201701034235682,BOKL,42,13,200,619.0,123800.0
2017-01-03,201701034235630,BOKL,16,8,100,615.0,61500.0
2017-01-03,201701034235602,BOKL,29,20,597,624.0,372528.0
2017-01-03,201701034235564,BOKL,29,8,13,616.0,8008.0
2017-01-03,201701034235546,BOKL,20,20,100,624.0,62400.0
2017-01-03,201701034235509,BPCL,33,19,1770,548.0,969960.0
2017-01-03,201701034235508,BPCL,34,19,100,550.0,55000.0
2017-01-03,201701034235881,CBBL,29,17,50,1136.0,56800.0
2017-01-03,201701034235605,CBBL,29,17,100,1136.0,113600.0
2017-01-03,201701034235604,CBBL,16,17,350,1136.0,397600.0
2017-01-03,201701034235600,CBBL,16,49,150,1136.0,170400.0
2017-01-03,201701034235599,CBBL,18,49,20,1136.0,22720.0
2017-01-03,201701034235598,CBBL,16,49,200,1137.0,227400.0
2017-01-03,201701034235597,CBBL,13,49,30,1138.0,34140.0
2017-01-03,201701034235558,CBBL,13,42,30,1138.0,34140.0
2017-01-03,201701034235557,CBBL,56,42,30,1138.0,34140.0
2017-01-03,201701034235780,CBL,45,19,200,252.0,50400.0
2017-01-03,201701034235739,CBL,22,17,89,252.0,22428.0
2017-01-03,201701034235677,CBL,17,17,154,252.0,38808.0
2017-01-03,201701034235650,CBL,16,39,258,251.0,64758.0
2017-01-03,201701034235596,CBL,14,46,100,249.0,24900.0
2017-01-03,201701034235595,CBL,14,46,100,249.0,24900.0
2017-01-03,201701034235576,CBL,48,14,337,249.0,83913.0
2017-01-03,201701034235464,CBL,17,8,142,245.0,34790.0
2017-01-03,201701034235884,CCBL,13,41,44,340.0,14960.0
2017-01-03,201701034235874,CCBL,13,35,18,343.0,6174.0
2017-01-03,201701034235708,CCBL,7,19,49,338.0,16562.0
2017-01-03,201701034235692,CCBL,1,19,50,338.0,16900.0
2017-01-03,201701034235681,CCBL,50,19,120,335.0,40200.0
2017-01-03,201701034235680,CCBL,36,19,150,335.0,50250.0
2017-01-03,201701034235391,CCBL,42,6,60,340.0,20400.0
2017-01-03,201701034235679,CCBL,14,19,130,337.0,43810.0
2017-01-03,201701034235547,CCBL,50,43,326,336.0,109536.0
2017-01-03,201701034235463,CCBL,56,47,95,337.0,32015.0
2017-01-03,201701034235457,CCBL,41,49,65,337.0,21905.0
2017-01-03,201701034235437,CCBL,56,21,100,337.0,33700.0
2017-01-03,201701034235392,CCBL,49,6,300,340.0,102000.0
2017-01-03,201701034235862,CHCL,48,33,50,818.0,40900.0
2017-01-03,201701034235861,CHCL,48,17,500,818.0,409000.0
2017-01-03,201701034235804,CHCL,16,33,50,818.0,40900.0
2017-01-03,201701034235747,CHCL,37,52,180,817.0,147060.0
2017-01-03,201701034235733,CHCL,6,17,53,816.0,43248.0
2017-01-03,201701034235709,CHCL,28,22,50,814.0,40700.0
2017-01-03,201701034235467,CHCL,49,8,64,812.0,51968.0
2017-01-03,201701034235872,CZBIL,36,45,400,485.0,194000.0
2017-01-03,201701034235871,CZBIL,49,45,330,485.0,160050.0
2017-01-03,201701034235870,CZBIL,45,45,100,486.0,48600.0
2017-01-03,201701034235869,CZBIL,45,45,100,486.0,48600.0
2017-01-03,201701034235833,CZBIL,47,51,100,490.0,49000.0
2017-01-03,201701034235816,CZBIL,49,45,170,485.0,82450.0
2017-01-03,201701034235390,CZBIL,19,38,200,487.0,97400.0
2017-01-03,201701034235418,CZBIL,7,21,40,486.0,19440.0
2017-01-03,201701034235417,CZBIL,17,21,30,486.0,14580.0
2017-01-03,201701034235416,CZBIL,57,21,30,487.0,14610.0
2017-01-03,201701034235397,CZBIL,48,51,100,490.0,49000.0
2017-01-03,201701034235394,CZBIL,48,6,458,490.0,224420.0
2017-01-03,201701034235498,CZBIL,37,45,40,485.0,19400.0
2017-01-03,201701034235497,CZBIL,29,45,100,485.0,48500.0
2017-01-03,201701034235496,CZBIL,7,45,160,486.0,77760.0
2017-01-03,201701034235492,CZBIL,7,14,90,486.0,43740.0
2017-01-03,201701034235491,CZBIL,35,14,50,487.0,24350.0
2017-01-03,201701034235439,CZBIL,7,45,60,486.0,29160.0
2017-01-03,201701034235615,CZBIL,6,8,50,484.0,24200.0
2017-01-03,201701034235514,CZBIL,54,45,140,480.0,67200.0
2017-01-03,201701034235513,CZBIL,56,45,100,481.0,48100.0
2017-01-03,201701034235512,CZBIL,8,45,500,481.0,240500.0
2017-01-03,201701034235511,CZBIL,37,45,160,482.0,77120.0
2017-01-03,201701034235510,CZBIL,22,45,100,482.0,48200.0
2017-01-03,201701034235685,CZBIL,41,35,50,481.0,24050.0
2017-01-03,201701034235636,CZBIL,48,51,10,488.0,4880.0
2017-01-03,201701034235624,CZBIL,47,8,15,481.0,7215.0
2017-01-03,201701034235618,CZBIL,47,8,10,481.0,4810.0
2017-01-03,201701034235617,CZBIL,32,8,100,483.0,48300.0
2017-01-03,201701034235616,CZBIL,48,8,200,483.0,96600.0
2017-01-03,201701034235815,CZBIL,37,45,200,486.0,97200.0
2017-01-03,201701034235814,CZBIL,45,45,30,488.0,14640.0
2017-01-03,201701034235813,CZBIL,47,45,200,489.0,97800.0
2017-01-03,201701034235808,CZBIL,16,17,200,489.0,97800.0
2017-01-03,201701034235776,CZBIL,45,51,70,488.0,34160.0
2017-01-03,201701034235760,CZBIL,5,51,30,488.0,14640.0
2017-01-03,201701034235628,DBBL,48,22,10,228.0,2280.0
2017-01-03,201701034235752,DDBL,14,56,300,2274.0,682200.0
2017-01-03,201701034235873,EBL,57,58,200,1840.0,368000.0
2017-01-03,201701034235852,EBL,11,35,48,1840.0,88320.0
2017-01-03,201701034235827,EBL,20,17,200,1832.0,366400.0
2017-01-03,201701034235826,EBL,19,17,20,1833.0,36660.0
2017-01-03,201701034235805,EBL,29,17,30,1840.0,55200.0
2017-01-03,201701034235791,EBL,20,58,100,1840.0,184000.0
2017-01-03,201701034235649,EBL,57,29,137,1820.0,249340.0
2017-01-03,201701034235518,EBL,40,5,50,1825.0,91250.0
2017-01-03,201701034235503,EBL,22,22,340,1824.0,620160.0
2017-01-03,201701034235475,EBL,11,50,40,1820.0,72800.0
2017-01-03,201701034235783,EBL,7,58,100,1840.0,184000.0
2017-01-03,201701034235762,EBL,43,58,200,1835.0,367000.0
2017-01-03,201701034235745,EBL,20,29,100,1830.0,183000.0
2017-01-03,201701034235731,EBL,20,58,200,1830.0,366000.0
2017-01-03,201701034235705,EDBL,8,43,250,595.0,148750.0
2017-01-03,201701034235629,FMDBL,47,17,100,940.0,94000.0
2017-01-03,201701034235777,GBBL,32,11,53,394.0,20882.0
2017-01-03,201701034235627,GBBL,48,14,100,392.0,39200.0
2017-01-03,201701034235626,GBBL,48,45,50,392.0,19600.0
2017-01-03,201701034235625,GBBL,48,17,300,390.0,117000.0
2017-01-03,201701034235585,GBBL,45,14,100,388.0,38800.0
2017-01-03,201701034235565,GBBL,14,14,100,388.0,38800.0
2017-01-03,201701034235543,GBBL,14,43,100,388.0,38800.0
2017-01-03,201701034235859,GBIME,21,48,50,419.0,20950.0
2017-01-03,201701034235824,GBIME,38,48,200,418.0,83600.0
2017-01-03,201701034235771,GBIME,52,48,100,417.0,41700.0
2017-01-03,201701034235754,GBIME,14,51,115,420.0,48300.0
2017-01-03,201701034235521,GBIME,32,43,100,419.0,41900.0
2017-01-03,201701034235520,GBIME,42,43,500,419.0,209500.0
2017-01-03,201701034235519,GBIME,22,43,50,425.0,21250.0
2017-01-03,201701034235446,GBIME,11,45,20,427.0,8540.0
2017-01-03,201701034235825,GLICL,47,8,18,685.0,12330.0
2017-01-03,201701034235822,GLICL,47,8,20,685.0,13700.0
2017-01-03,201701034235821,GLICL,52,8,100,686.0,68600.0
2017-01-03,201701034235720,GLICL,52,34,100,698.0,69800.0
2017-01-03,201701034235696,GRDBL,18,10,105,455.0,47775.0
2017-01-03,201701034235695,GRDBL,18,10,105,455.0,47775.0
2017-01-03,201701034235676,GRDBL,52,10,105,455.0,47775.0
2017-01-03,201701034235671,GRDBL,18,10,105,455.0,47775.0
2017-01-03,201701034235670,GRDBL,52,10,105,455.0,47775.0
2017-01-03,201701034235669,GRDBL,18,10,105,455.0,47775.0
2017-01-03,201701034235445,GRDBL,18,39,10,453.0,4530.0
2017-01-03,201701034235438,GRDBL,18,39,10,453.0,4530.0
2017-01-03,201701034235433,GRDBL,18,39,10,453.0,4530.0
2017-01-03,201701034235415,GRDBL,18,39,10,453.0,4530.0
2017-01-03,201701034235667,GRDBL,52,10,105,455.0,47775.0
2017-01-03,201701034235659,GRDBL,52,10,105,455.0,47775.0
2017-01-03,201701034235656,GRDBL,52,10,105,455.0,47775.0
2017-01-03,201701034235646,GRDBL,52,10,105,455.0,47775.0
2017-01-03,201701034235620,GRDBL,18,36,10,453.0,4530.0
2017-01-03,201701034235608,GRDBL,18,36,10,453.0,4530.0
2017-01-03,201701034235839,HBL,19,45,100,870.0,87000.0
2017-01-03,201701034235838,HBL,6,45,100,871.0,87100.0
2017-01-03,201701034235832,HBL,17,17,40,871.0,34840.0
2017-01-03,201701034235823,HBL,25,36,102,873.0,89046.0
2017-01-03,201701034235699,HBL,25,25,95,874.0,83030.0
2017-01-03,201701034235652,HBL,11,16,110,875.0,96250.0
2017-01-03,201701034235651,HBL,57,16,20,875.0,17500.0
2017-01-03,201701034235607,HBL,48,17,10,879.0,8790.0
2017-01-03,201701034235573,HBL,42,8,20,880.0,17600.0
2017-01-03,201701034235530,HBL,20,37,100,880.0,88000.0
2017-01-03,201701034235817,HGI,56,38,40,1257.0,50280.0
2017-01-03,201701034235478,HGI,18,55,150,1256.0,188400.0
2017-01-03,201701034235477,HGI,18,55,50,1257.0,62850.0
2017-01-03,201701034235842,HIDCL,42,39,56,224.0,12544.0
2017-01-03,201701034235812,HIDCL,45,39,56,224.0,12544.0
2017-01-03,201701034235809,HIDCL,42,21,145,228.0,33060.0
2017-01-03,201701034235790,HIDCL,42,21,145,228.0,33060.0
2017-01-03,201701034235589,HIDCL,8,45,100,226.0,22600.0
2017-01-03,201701034235588,HIDCL,42,45,100,226.0,22600.0
2017-01-03,201701034235774,HIDCL,42,17,29,227.0,6583.0
2017-01-03,201701034235756,HIDCL,42,41,12,226.0,2712.0
2017-01-03,201701034235638,HIDCL,32,11,960,226.0,216960.0
2017-01-03,201701034235637,HIDCL,13,11,400,226.0,90400.0
2017-01-03,201701034235591,HIDCL,13,45,100,226.0,22600.0
2017-01-03,201701034235590,HIDCL,22,45,200,226.0,45200.0
2017-01-03,201701034235577,ICFC,16,8,380,251.0,95380.0
2017-01-03,201701034235563,ICFC,13,8,120,251.0,30120.0
2017-01-03,201701034235764,ILFCM,40,8,15,670.0,10050.0
2017-01-03,201701034235715,ILFCM,47,8,15,676.0,10140.0
2017-01-03,201701034235568,ILFCM,47,8,15,689.0,10335.0
2017-01-03,201701034235473,JBBLPO,34,38,2289,170.0,389130.0
2017-01-03,201701034235466,JBBLPO,34,38,1000,170.0,170000.0
2017-01-03,201701034235462,JBBLPO,34,38,10000,170.0,1700000.0
2017-01-03,201701034235450,JBBLPO,34,38,8700,170.0,1479000.0
2017-01-03,201701034235442,JBBLPO,34,38,19356,170.0,3290520.0
2017-01-03,201701034235532,KADBL,45,32,30,319.0,9570.0
2017-01-03,201701034235837,KBL,48,47,70,529.0,37030.0
2017-01-03,201701034235767,KBL,20,43,90,526.0,47340.0
2017-01-03,201701034235759,KBL,5,47,30,529.0,15870.0
2017-01-03,201701034235654,KBL,49,47,100,529.0,52900.0
2017-01-03,201701034235664,KMCDB,8,45,50,1500.0,75000.0
2017-01-03,201701034235559,KRBL,18,50,40,205.0,8200.0
2017-01-03,201701034235802,LGIL,38,8,15,1265.0,18975.0
2017-01-03,201701034235794,LGIL,38,8,90,1265.0,113850.0
2017-01-03,201701034235793,LGIL,47,8,10,1265.0,12650.0
2017-01-03,201701034235792,LGIL,51,8,10,1265.0,12650.0
2017-01-03,201701034235880,LICN,49,43,230,2450.0,563500.0
2017-01-03,201701034235841,LICN,22,22,58,2445.0,141810.0
2017-01-03,201701034235778,LICN,51,22,100,2415.0,241500.0
2017-01-03,201701034235536,LICN,16,43,70,2425.0,169750.0
2017-01-03,201701034235535,LICN,7,43,50,2425.0,121250.0
2017-01-03,201701034235534,LICN,1,43,50,2426.0,121300.0
2017-01-03,201701034235721,LLBS,20,8,11,1186.0,13046.0
2017-01-03,201701034235851,MBL,48,41,55,412.0,22660.0
2017-01-03,201701034235648,MBL,55,44,210,406.0,85260.0
2017-01-03,201701034235647,MBL,6,44,40,406.0,16240.0
2017-01-03,201701034235583,MBL,6,8,10,406.0,4060.0
2017-01-03,201701034235405,MBL,48,14,870,410.0,356700.0
2017-01-03,201701034235389,MBL,49,14,20,410.0,8200.0
2017-01-03,201701034235388,MBL,49,14,110,410.0,45100.0
2017-01-03,201701034235528,MDB,6,21,40,530.0,21200.0
2017-01-03,201701034235879,MEGA,40,33,100,494.0,49400.0
2017-01-03,201701034235865,MEGA,52,38,50,495.0,24750.0
2017-01-03,201701034235864,MEGA,52,6,50,495.0,24750.0
2017-01-03,201701034235820,MEGA,19,6,50,495.0,24750.0
2017-01-03,201701034235807,MEGA,40,48,200,494.0,98800.0
2017-01-03,201701034235801,MEGA,47,6,200,495.0,99000.0
2017-01-03,201701034235640,MEGA,14,8,130,489.0,63570.0
2017-01-03,201701034235403,MEGA,43,52,250,489.0,122250.0
2017-01-03,201701034235773,MEGA,28,6,100,495.0,49500.0
2017-01-03,201701034235768,MEGA,35,6,100,495.0,49500.0
2017-01-03,201701034235704,MEGA,43,44,125,488.0,61000.0
2017-01-03,201701034235643,MEGA,49,8,40,485.0,19400.0
2017-01-03,201701034235642,MEGA,50,8,60,485.0,29100.0
2017-01-03,201701034235641,MEGA,22,8,20,486.0,9720.0
2017-01-03,201701034235729,MFIL,35,39,20,190.0,3800.0
2017-01-03,201701034235658,MFIL,45,52,90,193.0,17370.0
2017-01-03,201701034235633,MFIL,45,29,10,196.0,1960.0
2017-01-03,201701034235719,MIDBL,21,48,50,585.0,29250.0
2017-01-03,201701034235569,MNBBL,47,17,49,803.0,39347.0
2017-01-03,201701034235436,MNBBL,49,17,20,803.0,16060.0
2017-01-03,201701034235830,NABIL,48,45,40,1540.0,61600.0
2017-01-03,201701034235784,NABIL,19,45,10,1540.0,15400.0
2017-01-03,201701034235725,NABIL,49,57,30,1540.0,46200.0
2017-01-03,201701034235724,NABIL,11,57,10,1540.0,15400.0
2017-01-03,201701034235722,NABIL,11,57,60,1540.0,92400.0
2017-01-03,201701034235619,NABIL,7,48,100,1525.0,152500.0
2017-01-03,201701034235582,NABIL,7,18,40,1525.0,61000.0
2017-01-03,201701034235581,NABIL,56,18,30,1525.0,45750.0
2017-01-03,201701034235580,NABIL,32,18,50,1525.0,76250.0
2017-01-03,201701034235579,NABIL,22,18,30,1525.0,45750.0
2017-01-03,201701034235578,NABIL,55,18,50,1525.0,76250.0
2017-01-03,201701034235517,NABIL,7,19,60,1525.0,91500.0
2017-01-03,201701034235887,NBB,6,17,200,744.0,148800.0
2017-01-03,201701034235868,NBB,37,17,100,744.0,74400.0
2017-01-03,201701034235867,NBB,37,43,300,743.0,222900.0
2017-01-03,201701034235753,NBB,38,44,135,740.0,99900.0
2017-01-03,201701034235743,NBB,5,17,30,744.0,22320.0
2017-01-03,201701034235632,NBB,49,43,100,740.0,74000.0
2017-01-03,201701034235476,NBB,49,49,200,740.0,148000.0
2017-01-03,201701034235449,NBB,11,17,40,740.0,29600.0
2017-01-03,201701034235413,NBB,55,17,60,740.0,44400.0
2017-01-03,201701034235555,NBB,11,55,110,740.0,81400.0
2017-01-03,201701034235554,NBB,7,55,20,741.0,14820.0
2017-01-03,201701034235540,NBB,48,33,560,745.0,417200.0
2017-01-03,201701034235539,NBB,48,51,800,744.0,595200.0
2017-01-03,201701034235538,NBB,48,7,500,743.0,371500.0
2017-01-03,201701034235537,NBB,48,52,200,742.0,148400.0
2017-01-03,201701034235614,NBB,17,43,20,740.0,14800.0
2017-01-03,201701034235613,NBB,45,43,170,740.0,125800.0
2017-01-03,201701034235612,NBB,32,43,60,740.0,44400.0
2017-01-03,201701034235611,NBB,17,43,300,740.0,222000.0
2017-01-03,201701034235610,NBB,17,43,30,740.0,22200.0
2017-01-03,201701034235556,NBB,17,55,70,740.0,51800.0
2017-01-03,201701034235693,NBIL,13,13,40,726.0,29040.0
2017-01-03,201701034235684,NBIL,6,13,10,712.0,7120.0
2017-01-03,201701034235848,NBL,1,8,290,395.0,114550.0
2017-01-03,201701034235847,NBL,18,8,200,395.0,79000.0
2017-01-03,201701034235846,NBL,7,8,100,396.0,39600.0
2017-01-03,201701034235845,NBL,17,8,300,396.0,118800.0
2017-01-03,201701034235844,NBL,22,8,100,396.0,39600.0
2017-01-03,201701034235703,NBL,41,8,10,400.0,4000.0
2017-01-03,201701034235575,NGPL,32,45,10,280.0,2800.0
2017-01-03,201701034235795,NHPC,59,16,20,137.0,2740.0
2017-01-03,201701034235787,NHPC,37,48,420,135.0,56700.0
2017-01-03,201701034235786,NHPC,6,48,580,135.0,78300.0
2017-01-03,201701034235572,NHPC,6,25,1000,135.0,135000.0
2017-01-03,201701034235529,NHPC,6,33,420,135.0,56700.0
2017-01-03,201701034235829,NIB,52,58,30,722.0,21660.0
2017-01-03,201701034235666,NIB,48,42,16,720.0,11520.0
2017-01-03,201701034235665,NIB,48,45,130,720.0,93600.0
2017-01-03,201701034235623,NIB,48,45,10,720.0,7200.0
2017-01-03,201701034235606,NIB,45,48,140,718.0,100520.0
2017-01-03,201701034235541,NIB,49,45,10,720.0,7200.0
2017-01-03,201701034235465,NIB,49,45,100,720.0,72000.0
2017-01-03,201701034235422,NIB,49,45,41,720.0,29520.0
2017-01-03,201701034235500,NIB,47,47,26,723.0,18798.0
2017-01-03,201701034235495,NIB,45,41,10,718.0,7180.0
2017-01-03,201701034235494,NIB,32,41,26,719.0,18694.0
2017-01-03,201701034235490,NIB,14,8,26,719.0,18694.0
2017-01-03,201701034235482,NIB,14,8,350,719.0,251650.0
2017-01-03,201701034235468,NIB,47,47,26,723.0,18798.0
2017-01-03,201701034235574,NICA,7,8,95,503.0,47785.0
2017-01-03,201701034235441,NICA,7,41,50,503.0,25150.0
2017-01-03,201701034235427,NICA,7,41,50,503.0,25150.0
2017-01-03,201701034235423,NICA,48,20,300,510.0,153000.0
2017-01-03,201701034235876,NIL,29,52,50,835.0,41750.0
2017-01-03,201701034235775,NIL,33,53,250,825.0,206250.0
2017-01-03,201701034235587,NIL,42,55,30,815.0,24450.0
2017-01-03,201701034235444,NIL,32,55,170,815.0,138550.0
2017-01-03,201701034235831,NLBBL,11,17,10,1433.0,14330.0
2017-01-03,201701034235499,NLG,44,8,145,1215.0,176175.0
2017-01-03,201701034235882,NLIC,44,44,13,2656.0,34528.0
2017-01-03,201701034235860,NLIC,44,44,13,2656.0,34528.0
2017-01-03,201701034235858,NLIC,22,17,35,2670.0,93450.0
2017-01-03,201701034235811,NLIC,14,29,78,2660.0,207480.0
2017-01-03,201701034235785,NLIC,33,29,200,2655.0,531000.0
2017-01-03,201701034235782,NLIC,33,55,100,2654.0,265400.0
2017-01-03,201701034235781,NLIC,33,55,100,2654.0,265400.0
2017-01-03,201701034235737,NLIC,33,17,125,2650.0,331250.0
2017-01-03,201701034235711,NLIC,53,55,30,2655.0,79650.0
2017-01-03,201701034235662,NLICL,16,8,50,2010.0,100500.0
2017-01-03,201701034235661,NLICL,11,8,100,2010.0,201000.0
2017-01-03,201701034235660,NLICL,11,8,100,2011.0,201100.0
2017-01-03,201701034235412,NLICL,20,8,100,2000.0,200000.0
2017-01-03,201701034235411,NLICL,33,8,20,2005.0,40100.0
2017-01-03,201701034235410,NLICL,41,8,30,2010.0,60300.0
2017-01-03,201701034235409,NLICL,49,8,100,2015.0,201500.0
2017-01-03,201701034235828,NMB,21,59,100,510.0,51000.0
2017-01-03,201701034235395,NMB,7,21,100,505.0,50500.0
2017-01-03,201701034235566,NMBSF1,47,50,1500,12.4,18600.0
2017-01-03,201701034235493,NMBSF1,34,50,1500,12.4,18600.0
2017-01-03,201701034235469,NMBSF1,34,41,5000,12.4,62000.0
2017-01-03,201701034235506,NTC,48,35,50,698.0,34900.0
2017-01-03,201701034235755,NUBL,47,14,10,1250.0,12500.0
2017-01-03,201701034235603,NUBL,47,7,100,1270.0,127000.0
2017-01-03,201701034235878,PCBL,16,17,200,510.0,102000.0
2017-01-03,201701034235800,PCBL,29,45,200,500.0,100000.0
2017-01-03,201701034235799,PCBL,29,45,1000,500.0,500000.0
2017-01-03,201701034235798,PCBL,39,45,100,500.0,50000.0
2017-01-03,201701034235797,PCBL,59,45,500,504.0,252000.0
2017-01-03,201701034235796,PCBL,21,45,200,504.0,100800.0
2017-01-03,201701034235483,PCBL,54,45,40,501.0,20040.0
2017-01-03,201701034235502,PCBL,20,45,100,500.0,50000.0
2017-01-03,201701034235488,PCBL,17,45,100,500.0,50000.0
2017-01-03,201701034235487,PCBL,29,45,100,500.0,50000.0
2017-01-03,201701034235486,PCBL,52,45,50,500.0,25000.0
2017-01-03,201701034235485,PCBL,39,45,100,500.0,50000.0
2017-01-03,201701034235484,PCBL,52,45,100,501.0,50100.0
2017-01-03,201701034235562,PCBL,29,45,2000,500.0,1000000.0
2017-01-03,201701034235561,PCBL,32,29,100,497.0,49700.0
2017-01-03,201701034235550,PCBL,54,29,100,497.0,49700.0
2017-01-03,201701034235549,PCBL,32,29,100,498.0,49800.0
2017-01-03,201701034235542,PCBL,17,45,100,500.0,50000.0
2017-01-03,201701034235531,PCBL,13,45,50,500.0,25000.0
2017-01-03,201701034235726,PCBL,36,45,200,500.0,100000.0
2017-01-03,201701034235713,PCBL,47,45,100,500.0,50000.0
2017-01-03,201701034235675,PCBL,49,45,100,500.0,50000.0
2017-01-03,201701034235674,PCBL,29,8,50,491.0,24550.0
2017-01-03,201701034235673,PCBL,25,8,100,492.0,49200.0
2017-01-03,201701034235672,PCBL,39,8,100,496.0,49600.0
2017-01-03,201701034235742,PCBL,37,59,200,504.0,100800.0
2017-01-03,201701034235741,PCBL,37,59,400,504.0,201600.0
2017-01-03,201701034235735,PCBL,21,59,100,504.0,50400.0
2017-01-03,201701034235734,PCBL,21,17,400,504.0,201600.0
2017-01-03,201701034235730,PCBL,52,45,560,500.0,280000.0
2017-01-03,201701034235728,PCBL,32,45,300,500.0,150000.0
2017-01-03,201701034235738,PIC,50,58,150,1335.0,200250.0
2017-01-03,201701034235678,PIC,38,8,100,1326.0,132600.0
2017-01-03,201701034235586,PIC,47,58,200,1335.0,267000.0
2017-01-03,201701034235570,PIC,10,49,50,1330.0,66500.0
2017-01-03,201701034235545,PIC,6,29,100,1350.0,135000.0
2017-01-03,201701034235533,PIC,5,58,100,1345.0,134500.0
2017-01-03,201701034235461,PIC,6,21,11,1320.0,14520.0
2017-01-03,201701034235459,PIC,6,21,11,1320.0,14520.0
2017-01-03,201701034235455,PIC,33,21,11,1320.0,14520.0
2017-01-03,201701034235850,PICL,48,41,50,1163.0,58150.0
2017-01-03,201701034235849,PICL,32,41,100,1164.0,116400.0
2017-01-03,201701034235470,PICL,6,19,50,1185.0,59250.0
2017-01-03,201701034235836,PLIC,21,6,20,1628.0,32560.0
2017-01-03,201701034235770,PRIN,6,54,100,1090.0,109000.0
2017-01-03,201701034235757,PRIN,6,29,100,1090.0,109000.0
2017-01-03,201701034235687,PRIN,25,17,20,1088.0,21760.0
2017-01-03,201701034235396,PROFL,28,28,820,170.0,139400.0
2017-01-03,201701034235694,RBCL,17,32,20,11600.0,232000.0
2017-01-03,201701034235440,RHPC,16,43,61,226.0,13786.0
2017-01-03,201701034235434,RHPC,19,43,100,227.0,22700.0
2017-01-03,201701034235772,RLFL,28,21,150,215.0,32250.0
2017-01-03,201701034235698,RLFL,6,21,60,216.0,12960.0
2017-01-03,201701034235689,RLFL,6,41,40,216.0,8640.0
2017-01-03,201701034235723,RMDC,6,41,40,616.0,24640.0
2017-01-03,201701034235635,RMDC,25,41,300,604.0,181200.0
2017-01-03,201701034235634,RMDC,33,41,10,607.0,6070.0
2017-01-03,201701034235631,RMDC,33,17,20,607.0,12140.0
2017-01-03,201701034235432,RMDC,42,19,100,613.0,61300.0
2017-01-03,201701034235431,RMDC,41,19,150,613.0,91950.0
2017-01-03,201701034235429,RMDC,17,45,20,620.0,12400.0
2017-01-03,201701034235855,SAFL,50,59,385,270.0,103950.0
2017-01-03,201701034235843,SAFL,50,22,15,268.0,4020.0
2017-01-03,201701034235690,SAFL,29,39,50,265.0,13250.0
2017-01-03,201701034235688,SAFL,29,39,50,265.0,13250.0
2017-01-03,201701034235663,SAFL,28,13,660,266.0,175560.0
2017-01-03,201701034235653,SAFL,28,32,200,266.0,53200.0
2017-01-03,201701034235592,SAFL,28,51,340,266.0,90440.0
2017-01-03,201701034235885,SANIMA,55,25,80,541.0,43280.0
2017-01-03,201701034235819,SANIMA,38,34,100,540.0,54000.0
2017-01-03,201701034235686,SANIMA,49,8,100,531.0,53100.0
2017-01-03,201701034235645,SANIMA,25,25,100,533.0,53300.0
2017-01-03,201701034235594,SANIMA,48,45,400,538.0,215200.0
2017-01-03,201701034235507,SANIMA,32,8,17,528.0,8976.0
2017-01-03,201701034235408,SANIMA,32,6,20,537.0,10740.0
2017-01-03,201701034235505,SANIMA,38,8,90,529.0,47610.0
2017-01-03,201701034235504,SANIMA,20,8,100,530.0,53000.0
2017-01-03,201701034235474,SANIMA,35,41,50,535.0,26750.0
2017-01-03,201701034235424,SANIMA,32,21,100,537.0,53700.0
2017-01-03,201701034235421,SANIMA,32,41,50,537.0,26850.0
2017-01-03,201701034235420,SANIMA,32,17,130,537.0,69810.0
2017-01-03,201701034235818,SBI,56,17,220,1460.0,321200.0
2017-01-03,201701034235789,SBI,19,17,10,1460.0,14600.0
2017-01-03,201701034235763,SBI,52,17,20,1460.0,29200.0
2017-01-03,201701034235718,SBI,38,17,300,1460.0,438000.0
2017-01-03,201701034235691,SBI,34,8,100,1441.0,144100.0
2017-01-03,201701034235525,SBI,55,8,120,1422.0,170640.0
2017-01-03,201701034235524,SBI,22,8,20,1425.0,28500.0
2017-01-03,201701034235516,SBI,16,8,19,1426.0,27094.0
2017-01-03,201701034235426,SBI,42,53,30,1450.0,43500.0
2017-01-03,201701034235425,SBI,45,53,50,1450.0,72500.0
2017-01-03,201701034235746,SBL,1,41,65,985.0,64025.0
2017-01-03,201701034235740,SBL,6,14,200,988.0,197600.0
2017-01-03,201701034235700,SBL,49,14,200,985.0,197000.0
2017-01-03,201701034235668,SBL,34,44,200,977.0,195400.0
2017-01-03,201701034235655,SBL,34,17,100,977.0,97700.0
2017-01-03,201701034235448,SBL,11,45,40,975.0,39000.0
2017-01-03,201701034235866,SCB,45,28,100,1940.0,194000.0
2017-01-03,201701034235593,SCB,20,8,13,1928.0,25064.0
2017-01-03,201701034235644,SDBL,40,40,400,321.0,128400.0
2017-01-03,201701034235622,SDBL,44,58,300,324.0,97200.0
2017-01-03,201701034235621,SDBL,13,58,40,324.0,12960.0
2017-01-03,201701034235419,SDBL,13,43,50,324.0,16200.0
2017-01-03,201701034235404,SDBL,44,21,100,324.0,32400.0
2017-01-03,201701034235639,SHINE,49,38,45,360.0,16200.0
2017-01-03,201701034235571,SHINE,49,38,30,360.0,10800.0
2017-01-03,201701034235744,SHINE,57,41,16,355.0,5680.0
2017-01-03,201701034235697,SHINE,17,34,140,358.0,50120.0
2017-01-03,201701034235398,SHL,52,43,100,308.0,30800.0
2017-01-03,201701034235810,SIC,36,43,50,1145.0,57250.0
2017-01-03,201701034235803,SICL,21,6,12,2060.0,24720.0
2017-01-03,201701034235788,SICL,14,17,350,2055.0,719250.0
2017-01-03,201701034235717,SICL,57,45,340,2045.0,695300.0
2017-01-03,201701034235716,SICL,57,37,50,2044.0,102200.0
2017-01-03,201701034235710,SICL,5,37,100,2040.0,204000.0
2017-01-03,201701034235609,SICL,43,35,50,2010.0,100500.0
2017-01-03,201701034235560,SICL,20,20,28,2005.0,56140.0
2017-01-03,201701034235522,SIGS1,6,29,3000,23.7,71100.0
2017-01-03,201701034235489,SIGS1,6,41,5000,23.7,118500.0
2017-01-03,201701034235835,SIL,33,41,500,1325.0,662500.0
2017-01-03,201701034235834,SIL,33,37,100,1320.0,132000.0
2017-01-03,201701034235732,SIL,25,10,20,1301.0,26020.0
2017-01-03,201701034235553,SIL,6,25,100,1325.0,132500.0
2017-01-03,201701034235552,SIL,6,25,200,1325.0,265000.0
2017-01-03,201701034235548,SIL,6,58,100,1320.0,132000.0
2017-01-03,201701034235480,SIL,6,36,50,1310.0,65500.0
2017-01-03,201701034235479,SIL,6,36,100,1310.0,131000.0
2017-01-03,201701034235877,SRBL,59,17,272,490.0,133280.0
2017-01-03,201701034235430,SRBL,7,17,208,482.0,100256.0
2017-01-03,201701034235769,VLBS,20,8,12,761.0,9132.0
2017-01-03,201701034235707,VLBS,41,8,12,762.0,9144.0
2017-01-03,201701034235601,VLBS,20,8,12,775.0,9300.0
2017-01-03,201701034235854,VSDBL,29,49,1000,180.0,180000.0
2017-01-03,201701034235853,VSDBL,52,49,200,181.0,36200.0
2017-01-03,201701034235584,VSDBL,52,7,760,180.0,136800.0
2017-01-03,201701034235567,YETI,3,25,1000,285.0,285000.0
2017-01-03,201701034237872,ADBL,51,39,13,535.0,6955.0
2017-01-03,201701034237744,ADBL,54,43,100,536.0,53600.0
2017-01-03,201701034237621,ADBL,20,39,100,533.0,53300.0
2017-01-03,201701034237586,ADBL,45,56,50,540.0,27000.0
2017-01-03,201701034237578,ADBL,48,56,1000,535.0,535000.0
2017-01-03,201701034237577,ADBL,41,56,40,535.0,21400.0
2017-01-03,201701034237576,ADBL,14,56,20,535.0,10700.0
2017-01-03,201701034237575,ADBL,56,56,100,536.0,53600.0
2017-01-03,201701034237498,ADBL,14,14,100,535.0,53500.0
2017-01-03,201701034237491,ADBL,14,14,80,535.0,42800.0
2017-01-03,201701034237484,ADBL,14,14,100,535.0,53500.0
2017-01-03,201701034237478,ADBL,41,56,90,540.0,48600.0
2017-01-03,201701034237409,AHPC,11,58,500,247.0,123500.0
2017-01-03,201701034237408,AHPC,11,13,500,246.0,123000.0
2017-01-03,201701034237861,ALDBL,22,35,100,302.0,30200.0
2017-01-03,201701034237860,ALDBL,22,35,200,302.0,60400.0
2017-01-03,201701034237859,ALDBL,45,35,50,305.0,15250.0
2017-01-03,201701034237858,ALDBL,29,35,100,306.0,30600.0
2017-01-03,201701034237857,ALDBL,50,35,100,307.0,30700.0
2017-01-03,201701034237856,ALDBL,22,35,100,308.0,30800.0
2017-01-03,201701034237838,API,22,16,10,407.0,4070.0
2017-01-03,201701034237445,API,44,16,450,405.0,182250.0
2017-01-03,201701034237738,BHBL,16,34,260,336.0,87360.0
2017-01-03,201701034237886,BOKL,40,19,30,619.0,18570.0
2017-01-03,201701034237884,BOKL,40,19,40,619.0,24760.0
2017-01-03,201701034237881,BOKL,40,1,24,620.0,14880.0
2017-01-03,201701034237873,BOKL,7,29,100,619.0,61900.0
2017-01-03,201701034237684,BOKL,40,49,52,618.0,32136.0
2017-01-03,201701034237676,BOKL,38,49,150,616.0,92400.0
2017-01-03,201701034237447,BOKL,38,33,150,616.0,92400.0
2017-01-03,201701034237446,BOKL,25,33,100,616.0,61600.0
2017-01-03,201701034237675,BOKL,38,49,40,616.0,24640.0
2017-01-03,201701034237674,BOKL,38,49,110,616.0,67760.0
2017-01-03,201701034237673,BOKL,50,49,100,619.0,61900.0
2017-01-03,201701034237592,BOKL,40,49,78,620.0,48360.0
2017-01-03,201701034237449,BOKL,38,33,90,616.0,55440.0
2017-01-03,201701034237448,BOKL,29,33,160,616.0,98560.0
2017-01-03,201701034237855,BPCL,43,28,200,550.0,110000.0
2017-01-03,201701034237854,BPCL,46,28,150,550.0,82500.0
2017-01-03,201701034237853,BPCL,36,28,200,550.0,110000.0
2017-01-03,201701034237852,BPCL,48,28,200,550.0,110000.0
2017-01-03,201701034237851,BPCL,22,28,300,551.0,165300.0
2017-01-03,201701034237850,BPCL,37,28,200,552.0,110400.0
2017-01-03,201701034237545,CBBL,42,40,50,1135.0,56750.0
2017-01-03,201701034237544,CBBL,43,40,50,1136.0,56800.0
2017-01-03,201701034237543,CBBL,47,40,100,1138.0,113800.0
2017-01-03,201701034237879,CBL,49,57,500,257.0,128500.0
2017-01-03,201701034237878,CBL,49,49,500,257.0,128500.0
2017-01-03,201701034237877,CBL,49,21,20,257.0,5140.0
2017-01-03,201701034237870,CBL,49,6,76,254.0,19304.0
2017-01-03,201701034237867,CBL,49,7,500,253.0,126500.0
2017-01-03,201701034237849,CBL,49,5,122,252.0,30744.0
2017-01-03,201701034237842,CBL,49,17,141,252.0,35532.0
2017-01-03,201701034237800,CBL,28,17,12,252.0,3024.0
2017-01-03,201701034237790,CBL,28,17,400,252.0,100800.0
2017-01-03,201701034237681,CBL,6,17,100,252.0,25200.0
2017-01-03,201701034237529,CBL,34,4,100,249.0,24900.0
2017-01-03,201701034237528,CBL,13,4,100,250.0,25000.0
2017-01-03,201701034237866,CCBL,48,50,26,344.0,8944.0
2017-01-03,201701034237863,CCBL,48,50,200,344.0,68800.0
2017-01-03,201701034237862,CCBL,42,50,50,344.0,17200.0
2017-01-03,201701034237792,CCBL,48,57,190,344.0,65360.0
2017-01-03,201701034237537,CCBL,33,4,100,343.0,34300.0
2017-01-03,201701034237536,CCBL,44,4,50,344.0,17200.0
2017-01-03,201701034237535,CCBL,49,4,100,344.0,34400.0
2017-01-03,201701034237553,CCBL,1,11,100,342.0,34200.0
2017-01-03,201701034237542,CCBL,1,4,50,342.0,17100.0
2017-01-03,201701034237786,CHCL,38,25,95,813.0,77235.0
2017-01-03,201701034237748,CHCL,1,34,50,814.0,40700.0
2017-01-03,201701034237747,CHCL,19,34,300,814.0,244200.0
2017-01-03,201701034237746,CHCL,38,34,70,815.0,57050.0
2017-01-03,201701034237745,CHCL,35,34,20,816.0,16320.0
2017-01-03,201701034237633,CHCL,38,40,100,818.0,81800.0
2017-01-03,201701034237630,CHCL,38,10,27,817.0,22059.0
2017-01-03,201701034237405,CHCL,34,10,60,815.0,48900.0
2017-01-03,201701034237404,CHCL,45,10,150,815.0,122250.0
2017-01-03,201701034237403,CHCL,14,10,30,815.0,24450.0
2017-01-03,201701034237402,CHCL,52,10,30,816.0,24480.0
2017-01-03,201701034237865,CZBIL,17,50,57,492.0,28044.0
2017-01-03,201701034237830,CZBIL,35,40,10,491.0,4910.0
2017-01-03,201701034237829,CZBIL,32,40,150,491.0,73650.0
2017-01-03,201701034237828,CZBIL,17,40,500,491.0,245500.0
2017-01-03,201701034237827,CZBIL,42,40,100,491.0,49100.0
2017-01-03,201701034237826,CZBIL,38,40,300,492.0,147600.0
2017-01-03,201701034237525,CZBIL,37,17,100,493.0,49300.0
2017-01-03,201701034237524,CZBIL,41,17,50,493.0,24650.0
2017-01-03,201701034237474,CZBIL,41,6,50,493.0,24650.0
2017-01-03,201701034237460,CZBIL,32,49,55,493.0,27115.0
2017-01-03,201701034237392,CZBIL,22,4,100,494.0,49400.0
2017-01-03,201701034237609,CZBIL,58,4,50,494.0,24700.0
2017-01-03,201701034237595,CZBIL,47,4,20,494.0,9880.0
2017-01-03,201701034237579,CZBIL,47,4,10,494.0,4940.0
2017-01-03,201701034237532,CZBIL,41,17,105,492.0,51660.0
2017-01-03,201701034237527,CZBIL,41,17,300,492.0,147600.0
2017-01-03,201701034237526,CZBIL,10,17,50,493.0,24650.0
2017-01-03,201701034237649,CZBIL,14,56,180,496.0,89280.0
2017-01-03,201701034237642,CZBIL,38,49,200,492.0,98400.0
2017-01-03,201701034237632,CZBIL,57,37,250,495.0,123750.0
2017-01-03,201701034237631,CZBIL,57,4,120,494.0,59280.0
2017-01-03,201701034237624,CZBIL,38,17,16,492.0,7872.0
2017-01-03,201701034237788,DBBL,45,42,1000,214.0,214000.0
2017-01-03,201701034237493,DBBL,49,54,500,218.0,109000.0
2017-01-03,201701034237492,DBBL,33,54,50,220.0,11000.0
2017-01-03,201701034237461,DBBL,49,57,500,220.0,110000.0
2017-01-03,201701034237818,EBL,49,11,40,1830.0,73200.0
2017-01-03,201701034237817,EBL,57,11,10,1830.0,18300.0
2017-01-03,201701034237816,EBL,18,11,50,1831.0,91550.0
2017-01-03,201701034237770,EBL,41,35,50,1830.0,91500.0
2017-01-03,201701034237769,EBL,5,35,100,1830.0,183000.0
2017-01-03,201701034237768,EBL,11,35,150,1830.0,274500.0
2017-01-03,201701034237767,EBL,6,35,130,1831.0,238030.0
2017-01-03,201701034237740,EBL,53,14,20,1838.0,36760.0
2017-01-03,201701034237710,EBL,49,20,33,1835.0,60555.0
2017-01-03,201701034237558,EBL,41,6,100,1839.0,183900.0
2017-01-03,201701034237393,EBL,36,33,254,1835.0,466090.0
2017-01-03,201701034237625,EIC,53,5,37,1585.0,58645.0
2017-01-03,201701034237411,EIC,38,38,540,1585.0,855900.0
2017-01-03,201701034237505,FMDBL,21,21,115,930.0,106950.0
2017-01-03,201701034237819,GBBL,32,16,55,390.0,21450.0
2017-01-03,201701034237721,GBBL,45,56,400,387.0,154800.0
2017-01-03,201701034237720,GBBL,51,56,100,388.0,38800.0
2017-01-03,201701034237719,GBBL,43,56,500,388.0,194000.0
2017-01-03,201701034237718,GBBL,1,56,250,388.0,97000.0
2017-01-03,201701034237717,GBBL,39,56,100,389.0,38900.0
2017-01-03,201701034237716,GBBL,43,56,50,390.0,19500.0
2017-01-03,201701034237639,GBBL,39,5,134,390.0,52260.0
2017-01-03,201701034237637,GBBL,39,43,53,390.0,20670.0
2017-01-03,201701034237551,GBBL,44,57,593,389.0,230677.0
2017-01-03,201701034237485,GBBL,32,43,53,390.0,20670.0
2017-01-03,201701034237683,GBIME,14,42,100,426.0,42600.0
2017-01-03,201701034237407,GBIME,14,14,142,424.0,60208.0
2017-01-03,201701034237388,GBIME,14,14,56,424.0,23744.0
2017-01-03,201701034237876,GFCL,44,40,1000,285.0,285000.0
2017-01-03,201701034237784,GRDBL,18,13,10,472.0,4720.0
2017-01-03,201701034237622,GRDBL,5,19,105,464.0,48720.0
2017-01-03,201701034237620,GRDBL,5,19,10,464.0,4640.0
2017-01-03,201701034237619,GRDBL,5,19,10,464.0,4640.0
2017-01-03,201701034237615,GRDBL,17,19,10,472.0,4720.0
2017-01-03,201701034237799,HBL,7,41,30,880.0,26400.0
2017-01-03,201701034237798,HBL,7,8,30,880.0,26400.0
2017-01-03,201701034237772,HBL,17,17,50,877.0,43850.0
2017-01-03,201701034237771,HBL,35,17,20,878.0,17560.0
2017-01-03,201701034237555,HBL,7,8,50,880.0,44000.0
2017-01-03,201701034237785,HGI,53,49,59,1280.0,75520.0
2017-01-03,201701034237775,HGI,53,49,50,1280.0,64000.0
2017-01-03,201701034237774,HGI,13,49,30,1280.0,38400.0
2017-01-03,201701034237773,HGI,13,49,20,1280.0,25600.0
2017-01-03,201701034237618,HGI,13,20,10,1280.0,12800.0
2017-01-03,201701034237810,HIDCL,22,49,500,229.0,114500.0
2017-01-03,201701034237809,HIDCL,22,55,168,229.0,38472.0
2017-01-03,201701034237801,HIDCL,22,38,323,229.0,73967.0
2017-01-03,201701034237441,HIDCL,8,8,56,228.0,12768.0
2017-01-03,201701034237435,HIDCL,45,43,200,227.0,45400.0
2017-01-03,201701034237415,HIDCL,8,8,56,228.0,12768.0
2017-01-03,201701034237663,HIDCL,58,58,56,227.0,12712.0
2017-01-03,201701034237634,HIDCL,58,58,56,227.0,12712.0
2017-01-03,201701034237599,HIDCL,45,11,288,227.0,65376.0
2017-01-03,201701034237766,ICFC,28,21,10,261.0,2610.0
2017-01-03,201701034237703,ICFC,35,35,194,256.0,49664.0
2017-01-03,201701034237700,ICFC,29,21,10,259.0,2590.0
2017-01-03,201701034237885,JBBL,38,39,10,285.0,2850.0
2017-01-03,201701034237462,JBBL,28,28,23,286.0,6578.0
2017-01-03,201701034237459,JBBL,28,28,23,286.0,6578.0
2017-01-03,201701034237440,JBBL,28,28,23,286.0,6578.0
2017-01-03,201701034237418,JBBL,28,28,23,286.0,6578.0
2017-01-03,201701034237416,JBBL,28,28,23,286.0,6578.0
2017-01-03,201701034237410,JBBL,28,28,23,286.0,6578.0
2017-01-03,201701034237694,JSLBB,16,19,10,1795.0,17950.0
2017-01-03,201701034237693,JSLBB,29,19,10,1795.0,17950.0
2017-01-03,201701034237692,JSLBB,48,42,10,1796.0,17960.0
2017-01-03,201701034237691,JSLBB,48,42,10,1796.0,17960.0
2017-01-03,201701034237689,JSLBB,5,42,10,1797.0,17970.0
2017-01-03,201701034237688,JSLBB,5,42,10,1797.0,17970.0
2017-01-03,201701034237808,KBL,7,8,900,521.0,468900.0
2017-01-03,201701034237807,KBL,59,8,100,522.0,52200.0
2017-01-03,201701034237804,KBL,18,4,31,525.0,16275.0
2017-01-03,201701034237783,KBL,58,4,1000,522.0,522000.0
2017-01-03,201701034237782,KBL,44,4,300,523.0,156900.0
2017-01-03,201701034237781,KBL,47,4,20,523.0,10460.0
2017-01-03,201701034237758,KBL,34,36,50,524.0,26200.0
2017-01-03,201701034237757,KBL,55,36,10,525.0,5250.0
2017-01-03,201701034237709,KBL,59,25,100,524.0,52400.0
2017-01-03,201701034237656,KBL,34,4,150,524.0,78600.0
2017-01-03,201701034237655,KBL,43,4,50,525.0,26250.0
2017-01-03,201701034237476,KBL,32,16,113,525.0,59325.0
2017-01-03,201701034237780,KBL,37,4,50,524.0,26200.0
2017-01-03,201701034237779,KBL,14,4,50,524.0,26200.0
2017-01-03,201701034237778,KBL,38,4,10,524.0,5240.0
2017-01-03,201701034237777,KBL,47,4,100,525.0,52500.0
2017-01-03,201701034237760,KBL,38,36,190,524.0,99560.0
2017-01-03,201701034237759,KBL,59,36,400,524.0,209600.0
2017-01-03,201701034237743,LBL,53,56,200,690.0,138000.0
2017-01-03,201701034237742,LBL,55,56,100,690.0,69000.0
2017-01-03,201701034237741,LBL,53,56,100,690.0,69000.0
2017-01-03,201701034237669,LBL,32,56,500,690.0,345000.0
2017-01-03,201701034237825,LGIL,18,35,40,1287.0,51480.0
2017-01-03,201701034237687,LGIL,57,16,64,1280.0,81920.0
2017-01-03,201701034237533,LGIL,21,21,100,1285.0,128500.0
2017-01-03,201701034237582,LICN,10,56,90,2425.0,218250.0
2017-01-03,201701034237749,LLBS,47,45,100,1190.0,119000.0
2017-01-03,201701034237644,LLBS,39,34,20,1199.0,23980.0
2017-01-03,201701034237839,LVF1,34,19,10000,11.64,116400.0
2017-01-03,201701034237731,MBL,6,7,100,409.0,40900.0
2017-01-03,201701034237581,MBL,1,11,30,408.0,12240.0
2017-01-03,201701034237580,MBL,45,11,50,408.0,20400.0
2017-01-03,201701034237495,MBL,54,11,70,408.0,28560.0
2017-01-03,201701034237494,MBL,29,11,50,408.0,20400.0
2017-01-03,201701034237629,MDB,51,41,20,520.0,10400.0
2017-01-03,201701034237628,MDB,14,41,200,520.0,104000.0
2017-01-03,201701034237627,MDB,13,41,20,521.0,10420.0
2017-01-03,201701034237756,MEGA,10,6,25,492.0,12300.0
2017-01-03,201701034237755,MEGA,10,17,40,492.0,19680.0
2017-01-03,201701034237754,MEGA,10,16,146,491.0,71686.0
2017-01-03,201701034237739,MEGA,37,16,37,490.0,18130.0
2017-01-03,201701034237662,MEGA,58,45,100,490.0,49000.0
2017-01-03,201701034237549,MEGA,19,48,20,488.0,9760.0
2017-01-03,201701034237548,MEGA,36,48,20,492.0,9840.0
2017-01-03,201701034237547,MEGA,13,16,342,490.0,167580.0
2017-01-03,201701034237519,MEGA,7,40,58,489.0,28362.0
2017-01-03,201701034237506,MEGA,7,40,58,489.0,28362.0
2017-01-03,201701034237500,MEGA,7,40,58,489.0,28362.0
2017-01-03,201701034237686,MFIL,57,37,50,190.0,9500.0
2017-01-03,201701034237534,MFIL,16,44,100,189.0,18900.0
2017-01-03,201701034237487,MFIL,16,34,200,192.0,38400.0
2017-01-03,201701034237473,MFIL,51,34,60,195.0,11700.0
2017-01-03,201701034237795,MNBBL,35,20,210,795.0,166950.0
2017-01-03,201701034237794,MNBBL,41,20,40,795.0,31800.0
2017-01-03,201701034237793,MNBBL,40,20,150,796.0,119400.0
2017-01-03,201701034237539,MNBBL,47,20,130,795.0,103350.0
2017-01-03,201701034237538,MNBBL,8,20,50,800.0,40000.0
2017-01-03,201701034237626,MSMBS,36,56,20,685.0,13700.0
2017-01-03,201701034237523,MSMBS,36,56,100,673.0,67300.0
2017-01-03,201701034237522,MSMBS,39,56,20,673.0,13460.0
2017-01-03,201701034237521,MSMBS,17,56,50,673.0,33650.0
2017-01-03,201701034237520,MSMBS,36,56,10,686.0,6860.0
2017-01-03,201701034237789,NABIL,22,25,200,1535.0,307000.0
2017-01-03,201701034237697,NABIL,6,6,10,1535.0,15350.0
2017-01-03,201701034237648,NABIL,22,49,50,1530.0,76500.0
2017-01-03,201701034237647,NABIL,49,49,100,1530.0,153000.0
2017-01-03,201701034237646,NABIL,3,49,50,1532.0,76600.0
2017-01-03,201701034237614,NABIL,29,10,400,1540.0,616000.0
2017-01-03,201701034237840,NBB,18,38,30,743.0,22290.0
2017-01-03,201701034237803,NBB,45,38,20,743.0,14860.0
2017-01-03,201701034237737,NBB,16,13,50,740.0,37000.0
2017-01-03,201701034237736,NBB,19,13,50,740.0,37000.0
2017-01-03,201701034237593,NBB,45,6,62,741.0,45942.0
2017-01-03,201701034237588,NBB,19,6,100,741.0,74100.0
2017-01-03,201701034237587,NBB,57,6,100,742.0,74200.0
2017-01-03,201701034237552,NBB,21,38,100,743.0,74300.0
2017-01-03,201701034237417,NBB,37,45,100,740.0,74000.0
2017-01-03,201701034237698,NBBL,45,47,100,2220.0,222000.0
2017-01-03,201701034237420,NBBL,8,1,10,2228.0,22280.0
2017-01-03,201701034237708,NBL,43,7,500,395.0,197500.0
2017-01-03,201701034237707,NBL,56,7,200,396.0,79200.0
2017-01-03,201701034237706,NBL,38,7,50,396.0,19800.0
2017-01-03,201701034237705,NBL,38,7,50,396.0,19800.0
2017-01-03,201701034237704,NBL,38,7,50,396.0,19800.0
2017-01-03,201701034237444,NBL,41,29,190,394.0,74860.0
2017-01-03,201701034237443,NBL,1,29,100,395.0,39500.0
2017-01-03,201701034237442,NBL,1,29,210,395.0,82950.0
2017-01-03,201701034237391,NBL,32,7,50,397.0,19850.0
2017-01-03,201701034237390,NBL,32,7,450,397.0,178650.0
2017-01-03,201701034237389,NBL,5,7,50,398.0,19900.0
2017-01-03,201701034237805,NBSL,19,21,20,410.0,8200.0
2017-01-03,201701034237797,NCDB,22,25,100,280.0,28000.0
2017-01-03,201701034237728,NCDB,29,43,100,281.0,28100.0
2017-01-03,201701034237727,NCDB,56,43,100,283.0,28300.0
2017-01-03,201701034237645,NGPL,32,5,10,280.0,2800.0
2017-01-03,201701034237812,NHPC,6,25,2000,134.0,268000.0
2017-01-03,201701034237811,NHPC,50,25,1000,134.0,134000.0
2017-01-03,201701034237650,NHPC,22,56,620,135.0,83700.0
2017-01-03,201701034237412,NHPC,6,56,380,135.0,51300.0
2017-01-03,201701034237802,NIB,54,50,26,714.0,18564.0
2017-01-03,201701034237591,NIB,7,14,50,718.0,35900.0
2017-01-03,201701034237590,NIB,42,14,100,718.0,71800.0
2017-01-03,201701034237589,NIB,17,14,50,718.0,35900.0
2017-01-03,201701034237679,NIBPO,59,57,66,658.0,43428.0
2017-01-03,201701034237481,NIBSF1,19,4,5000,11.5,57500.0
2017-01-03,201701034237479,NIBSF1,19,4,5000,11.5,57500.0
2017-01-03,201701034237726,NICA,11,49,30,507.0,15210.0
2017-01-03,201701034237661,NICA,59,49,160,507.0,81120.0
2017-01-03,201701034237660,NICA,13,49,50,507.0,25350.0
2017-01-03,201701034237594,NICA,22,5,100,510.0,51000.0
2017-01-03,201701034237636,NICL,40,35,40,830.0,33200.0
2017-01-03,201701034237635,NICL,56,35,10,832.0,8320.0
2017-01-03,201701034237822,NIL,45,29,50,825.0,41250.0
2017-01-03,201701034237821,NIL,16,29,100,826.0,82600.0
2017-01-03,201701034237820,NIL,29,29,50,828.0,41400.0
2017-01-03,201701034237787,NIL,47,33,90,830.0,74700.0
2017-01-03,201701034237685,NIL,47,29,10,830.0,8300.0
2017-01-03,201701034237668,NIL,29,29,100,830.0,83000.0
2017-01-03,201701034237617,NIL,18,29,40,830.0,33200.0
2017-01-03,201701034237585,NIL,45,29,50,830.0,41500.0
2017-01-03,201701034237556,NIL,45,16,150,830.0,124500.0
2017-01-03,201701034237530,NIL,18,20,14,831.0,11634.0
2017-01-03,201701034237517,NIL,18,20,50,831.0,41550.0
2017-01-03,201701034237516,NIL,48,20,50,832.0,41600.0
2017-01-03,201701034237764,NLG,13,56,250,1235.0,308750.0
2017-01-03,201701034237763,NLG,17,56,250,1235.0,308750.0
2017-01-03,201701034237762,NLG,11,56,50,1235.0,61750.0
2017-01-03,201701034237761,NLG,1,56,100,1236.0,123600.0
2017-01-03,201701034237643,NLG,33,56,70,1251.0,87570.0
2017-01-03,201701034237815,NLIC,33,28,200,2640.0,528000.0
2017-01-03,201701034237813,NLIC,33,44,100,2650.0,265000.0
2017-01-03,201701034237753,NLIC,33,44,100,2650.0,265000.0
2017-01-03,201701034237677,NLIC,33,44,100,2650.0,265000.0
2017-01-03,201701034237610,NLIC,33,44,100,2650.0,265000.0
2017-01-03,201701034237531,NLIC,10,58,50,2650.0,132500.0
2017-01-03,201701034237502,NLIC,10,33,50,2650.0,132500.0
2017-01-03,201701034237486,NLIC,53,58,10,2650.0,26500.0
2017-01-03,201701034237880,NLICL,38,17,500,2018.0,1009000.0
2017-01-03,201701034237638,NTC,7,39,285,700.0,199500.0
2017-01-03,201701034237729,NUBL,47,20,68,1236.0,84048.0
2017-01-03,201701034237598,NUBL,22,40,11,1250.0,13750.0
2017-01-03,201701034237566,NUBL,22,40,190,1250.0,237500.0
2017-01-03,201701034237565,NUBL,47,40,150,1250.0,187500.0
2017-01-03,201701034237564,NUBL,47,40,20,1250.0,25000.0
2017-01-03,201701034237563,NUBL,43,40,530,1251.0,663030.0
2017-01-03,201701034237562,NUBL,43,40,50,1251.0,62550.0
2017-01-03,201701034237561,NUBL,47,40,50,1255.0,62750.0
2017-01-03,201701034237824,PCBL,47,56,500,498.0,249000.0
2017-01-03,201701034237823,PCBL,47,33,220,497.0,109340.0
2017-01-03,201701034237791,PCBL,35,33,50,497.0,24850.0
2017-01-03,201701034237776,PCBL,45,33,30,497.0,14910.0
2017-01-03,201701034237725,PCBL,32,28,250,495.0,123750.0
2017-01-03,201701034237724,PCBL,11,28,200,495.0,99000.0
2017-01-03,201701034237570,PCBL,57,45,200,495.0,99000.0
2017-01-03,201701034237569,PCBL,28,45,50,495.0,24750.0
2017-01-03,201701034237568,PCBL,32,45,200,496.0,99200.0
2017-01-03,201701034237567,PCBL,19,45,100,496.0,49600.0
2017-01-03,201701034237723,PCBL,54,28,500,495.0,247500.0
2017-01-03,201701034237722,PCBL,11,28,50,495.0,24750.0
2017-01-03,201701034237574,PCBL,54,45,100,494.0,49400.0
2017-01-03,201701034237573,PCBL,38,45,100,495.0,49500.0
2017-01-03,201701034237572,PCBL,43,45,50,495.0,24750.0
2017-01-03,201701034237571,PCBL,52,45,200,495.0,99000.0
2017-01-03,201701034237702,PFL,45,17,500,245.0,122500.0
2017-01-03,201701034237701,PFL,29,17,200,245.0,49000.0
2017-01-03,201701034237871,PIC,10,25,136,1349.0,183464.0
2017-01-03,201701034237752,PIC,56,6,200,1349.0,269800.0
2017-01-03,201701034237751,PIC,19,6,170,1350.0,229500.0
2017-01-03,201701034237714,PIC,19,6,30,1350.0,40500.0
2017-01-03,201701034237713,PIC,47,6,70,1350.0,94500.0
2017-01-03,201701034237712,PIC,16,6,50,1352.0,67600.0
2017-01-03,201701034237711,PIC,45,6,100,1355.0,135500.0
2017-01-03,201701034237875,PICL,33,10,300,1163.0,348900.0
2017-01-03,201701034237874,PICL,38,10,100,1164.0,116400.0
2017-01-03,201701034237846,PICL,17,34,30,1165.0,34950.0
2017-01-03,201701034237845,PICL,41,34,50,1165.0,58250.0
2017-01-03,201701034237844,PICL,17,34,50,1165.0,58250.0
2017-01-03,201701034237843,PICL,38,34,50,1165.0,58250.0
2017-01-03,201701034237667,PICL,37,49,100,1170.0,117000.0
2017-01-03,201701034237666,PICL,4,49,50,1170.0,58500.0
2017-01-03,201701034237665,PICL,4,49,50,1170.0,58500.0
2017-01-03,201701034237664,PICL,32,49,300,1171.0,351300.0
2017-01-03,201701034237584,PLIC,13,20,170,1570.0,266900.0
2017-01-03,201701034237583,PLIC,16,20,80,1575.0,126000.0
2017-01-03,201701034237488,PLIC,16,16,120,1575.0,189000.0
2017-01-03,201701034237833,PRIN,39,8,20,1085.0,21700.0
2017-01-03,201701034237832,PRIN,56,8,50,1086.0,54300.0
2017-01-03,201701034237483,PROFL,13,19,500,176.0,88000.0
2017-01-03,201701034237482,PROFL,51,19,100,176.0,17600.0
2017-01-03,201701034237471,RBBBL,52,48,190,357.0,67830.0
2017-01-03,201701034237470,RBBBL,51,48,20,360.0,7200.0
2017-01-03,201701034237659,RBCLPO,32,44,10,10584.0,105840.0
2017-01-03,201701034237869,RHPC,1,1,50,232.0,11600.0
2017-01-03,201701034237868,RHPC,1,1,50,232.0,11600.0
2017-01-03,201701034237678,RHPC,39,41,15,228.0,3420.0
2017-01-03,201701034237671,RHPC,39,17,27,227.0,6129.0
2017-01-03,201701034237670,RHPC,40,40,10,225.0,2250.0
2017-01-03,201701034237735,RMDC,13,56,89,600.0,53400.0
2017-01-03,201701034237503,RMDC,13,47,100,600.0,60000.0
2017-01-03,201701034237439,RMDC,42,56,50,600.0,30000.0
2017-01-03,201701034237438,RMDC,13,56,150,601.0,90150.0
2017-01-03,201701034237437,RMDC,47,56,180,603.0,108540.0
2017-01-03,201701034237436,RMDC,17,56,20,604.0,12080.0
2017-01-03,201701034237623,SADBL,28,32,50,347.0,17350.0
2017-01-03,201701034237515,SADBL,28,56,1150,347.0,399050.0
2017-01-03,201701034237514,SADBL,43,56,200,350.0,70000.0
2017-01-03,201701034237513,SADBL,11,56,200,350.0,70000.0
2017-01-03,201701034237512,SADBL,13,56,200,351.0,70200.0
2017-01-03,201701034237511,SADBL,1,56,100,351.0,35100.0
2017-01-03,201701034237510,SADBL,58,56,150,352.0,52800.0
2017-01-03,201701034237509,SADBL,58,56,850,352.0,299200.0
2017-01-03,201701034237508,SADBL,37,56,50,352.0,17600.0
2017-01-03,201701034237507,SADBL,36,56,100,355.0,35500.0
2017-01-03,201701034237837,SANIMA,16,50,300,540.0,162000.0
2017-01-03,201701034237836,SANIMA,45,50,100,540.0,54000.0
2017-01-03,201701034237835,SANIMA,45,50,100,540.0,54000.0
2017-01-03,201701034237834,SANIMA,38,50,50,540.0,27000.0
2017-01-03,201701034237715,SANIMA,6,21,100,542.0,54200.0
2017-01-03,201701034237672,SANIMA,58,34,100,541.0,54100.0
2017-01-03,201701034237477,SANIMA,19,21,100,545.0,54500.0
2017-01-03,201701034237463,SANIMA,22,49,100,545.0,54500.0
2017-01-03,201701034237613,SANIMA,14,21,200,541.0,108200.0
2017-01-03,201701034237612,SANIMA,55,21,20,541.0,10820.0
2017-01-03,201701034237611,SANIMA,37,21,30,542.0,16260.0
2017-01-03,201701034237504,SANIMA,37,38,30,542.0,16260.0
2017-01-03,201701034237490,SANIMA,47,47,50,543.0,27150.0
2017-01-03,201701034237489,SANIMA,47,47,250,543.0,135750.0
2017-01-03,201701034237806,SBI,17,56,200,1440.0,288000.0
2017-01-03,201701034237640,SBL,32,40,20,970.0,19400.0
2017-01-03,201701034237607,SBL,51,40,150,970.0,145500.0
2017-01-03,201701034237606,SBL,21,40,20,970.0,19400.0
2017-01-03,201701034237605,SBL,17,40,200,971.0,194200.0
2017-01-03,201701034237604,SBL,17,40,100,974.0,97400.0
2017-01-03,201701034237603,SBL,42,40,200,975.0,195000.0
2017-01-03,201701034237399,SBL,46,14,30,988.0,29640.0
2017-01-03,201701034237398,SBL,19,14,30,988.0,29640.0
2017-01-03,201701034237397,SBL,29,14,50,988.0,49400.0
2017-01-03,201701034237396,SBL,29,14,200,988.0,197600.0
2017-01-03,201701034237395,SBL,42,14,100,989.0,98900.0
2017-01-03,201701034237394,SBL,7,14,130,989.0,128570.0
2017-01-03,201701034237423,SBL,11,56,60,985.0,59100.0
2017-01-03,201701034237422,SBL,25,56,300,986.0,295800.0
2017-01-03,201701034237421,SBL,19,56,100,987.0,98700.0
2017-01-03,201701034237406,SBL,17,14,36,987.0,35532.0
2017-01-03,201701034237401,SBL,17,14,10,987.0,9870.0
2017-01-03,201701034237400,SBL,34,14,50,988.0,49400.0
2017-01-03,201701034237429,SBL,46,56,100,981.0,98100.0
2017-01-03,201701034237428,SBL,11,56,100,982.0,98200.0
2017-01-03,201701034237427,SBL,21,56,50,985.0,49250.0
2017-01-03,201701034237426,SBL,25,56,500,985.0,492500.0
2017-01-03,201701034237425,SBL,17,56,50,985.0,49250.0
2017-01-03,201701034237424,SBL,19,56,20,985.0,19700.0
2017-01-03,201701034237450,SBL,38,56,10,980.0,9800.0
2017-01-03,201701034237434,SBL,38,56,90,980.0,88200.0
2017-01-03,201701034237433,SBL,45,56,30,980.0,29400.0
2017-01-03,201701034237432,SBL,20,56,200,980.0,196000.0
2017-01-03,201701034237431,SBL,20,56,200,980.0,196000.0
2017-01-03,201701034237430,SBL,55,56,200,980.0,196000.0
2017-01-03,201701034237456,SBL,42,56,50,975.0,48750.0
2017-01-03,201701034237455,SBL,19,56,100,975.0,97500.0
2017-01-03,201701034237454,SBL,59,56,100,975.0,97500.0
2017-01-03,201701034237453,SBL,38,56,100,975.0,97500.0
2017-01-03,201701034237452,SBL,44,56,200,975.0,195000.0
2017-01-03,201701034237451,SBL,34,56,200,977.0,195400.0
2017-01-03,201701034237602,SBL,17,40,500,975.0,487500.0
2017-01-03,201701034237601,SBL,32,40,10,975.0,9750.0
2017-01-03,201701034237560,SBL,55,47,100,985.0,98500.0
2017-01-03,201701034237554,SBL,43,47,50,986.0,49300.0
2017-01-03,201701034237458,SBL,32,56,40,975.0,39000.0
2017-01-03,201701034237457,SBL,36,56,200,975.0,195000.0
2017-01-03,201701034237765,SCB,20,56,50,1942.0,97100.0
2017-01-03,201701034237732,SCB,48,20,24,1940.0,46560.0
2017-01-03,201701034237616,SCB,57,6,129,1940.0,250260.0
2017-01-03,201701034237557,SCB,22,17,320,1940.0,620800.0
2017-01-03,201701034237480,SCB,3,34,30,1939.0,58170.0
2017-01-03,201701034237864,SEOS,57,19,1000,12.0,12000.0
2017-01-03,201701034237730,SEOS,58,19,4000,12.0,48000.0
2017-01-03,201701034237641,SHINE,38,38,600,359.0,215400.0
2017-01-03,201701034237696,SHL,45,44,500,320.0,160000.0
2017-01-03,201701034237695,SHL,45,33,500,315.0,157500.0
2017-01-03,201701034237600,SHL,49,33,100,315.0,31500.0
2017-01-03,201701034237464,SHPC,42,22,30,800.0,24000.0
2017-01-03,201701034237597,SIC,51,20,120,1126.0,135120.0
2017-01-03,201701034237596,SIC,36,20,30,1145.0,34350.0
2017-01-03,201701034237499,SIC,36,17,10,1145.0,11450.0
2017-01-03,201701034237841,SICL,8,17,300,2040.0,612000.0
2017-01-03,201701034237887,SIL,50,37,100,1308.0,130800.0
2017-01-03,201701034237680,SIL,43,14,80,1308.0,104640.0
2017-01-03,201701034237608,SIL,43,20,137,1308.0,179196.0
2017-01-03,201701034237540,SIL,6,56,120,1315.0,157800.0
2017-01-03,201701034237682,SKBBL,22,57,250,1000.0,250000.0
2017-01-03,201701034237497,SRBL,45,47,100,490.0,49000.0
2017-01-03,201701034237475,SWBBL,36,57,100,1270.0,127000.0
2017-01-03,201701034237472,SWBBL,5,57,100,1275.0,127500.0
2017-01-03,201701034237883,UFL,22,1,50,274.0,13700.0
2017-01-03,201701034237882,UFL,6,1,100,275.0,27500.0
2017-01-03,201701034237658,UIC,25,19,500,1108.0,554000.0
2017-01-03,201701034237657,UIC,45,19,100,1110.0,111000.0
2017-01-03,201701034237559,UIC,45,43,100,1115.0,111500.0
2017-01-03,201701034237550,UIC,21,21,100,1120.0,112000.0
2017-01-03,201701034237796,VLBS,20,39,50,776.0,38800.0
2017-01-03,201701034237814,VSDBL,38,5,60,177.0,10620.0
2017-01-03,201701034237750,VSDBL,48,45,500,178.0,89000.0
2017-01-03,201701034237699,VSDBL,29,45,20,179.0,3580.0
2017-01-03,201701034237468,VSDBL,17,56,200,178.0,35600.0
2017-01-03,201701034237467,VSDBL,38,56,80,178.0,14240.0
2017-01-03,201701034237466,VSDBL,19,56,80,178.0,14240.0
2017-01-03,201701034237690,VSDBL,28,45,50,178.0,8900.0
2017-01-03,201701034237541,VSDBL,28,57,20,178.0,3560.0
2017-01-03,201701034237469,VSDBL,28,56,130,178.0,23140.0
2017-01-03,201701034237848,YETI,19,37,30,290.0,8700.0
2017-01-03,201701034237847,YETI,45,37,10,290.0,2900.0
2017-01-03,201701034237831,YETI,35,14,100,290.0,29000.0
2017-01-03,201701034237734,YETI,45,25,90,290.0,26100.0
2017-01-03,201701034237733,YETI,39,25,410,290.0,118900.0
2017-01-03,201701034237414,YETI,39,25,90,290.0,26100.0
2017-01-03,201701034237413,YETI,47,25,410,290.0,118900.0
2017-01-03,201701034235128,ADBL,28,50,87,545.0,47415.0
2017-01-03,201701034235082,ADBL,45,45,36,545.0,19620.0
2017-01-03,201701034235074,ADBL,19,50,35,545.0,19075.0
2017-01-03,201701034235053,ADBL,44,44,86,550.0,47300.0
2017-01-03,201701034235343,ALICL,52,21,39,1400.0,54600.0
2017-01-03,201701034235109,ALICL,34,58,200,1411.0,282200.0
2017-01-03,201701034235152,API,42,58,26,405.0,10530.0
2017-01-03,201701034235121,API,42,41,26,405.0,10530.0
2017-01-03,201701034235379,BARUN,41,20,10,286.0,2860.0
2017-01-03,201701034235365,BARUN,41,20,10,286.0,2860.0
2017-01-03,201701034235360,BARUN,41,20,10,286.0,2860.0
2017-01-03,201701034235386,BOKL,57,49,20,615.0,12300.0
2017-01-03,201701034235376,BOKL,41,49,100,615.0,61500.0
2017-01-03,201701034235375,BOKL,25,49,50,615.0,30750.0
2017-01-03,201701034235374,BOKL,40,49,300,615.0,184500.0
2017-01-03,201701034235373,BOKL,22,49,50,615.0,30750.0
2017-01-03,201701034235372,BOKL,41,49,80,616.0,49280.0
2017-01-03,201701034235224,BOKL,49,49,50,623.0,31150.0
2017-01-03,201701034235204,BOKL,49,8,50,623.0,31150.0
2017-01-03,201701034235189,BOKL,49,6,100,623.0,62300.0
2017-01-03,201701034235116,BOKL,14,36,100,625.0,62500.0
2017-01-03,201701034235071,BOKL,7,6,50,625.0,31250.0
2017-01-03,201701034235068,BOKL,48,36,100,625.0,62500.0
2017-01-03,201701034235307,BOKL,45,35,200,620.0,124000.0
2017-01-03,201701034235306,BOKL,45,35,100,620.0,62000.0
2017-01-03,201701034235305,BOKL,37,35,50,622.0,31100.0
2017-01-03,201701034235227,BOKL,37,49,150,622.0,93300.0
2017-01-03,201701034235226,BOKL,13,49,100,622.0,62200.0
2017-01-03,201701034235225,BOKL,28,49,100,622.0,62200.0
2017-01-03,201701034235366,BOKL,41,19,261,616.0,160776.0
2017-01-03,201701034235358,BOKL,41,59,450,616.0,277200.0
2017-01-03,201701034235341,BOKL,41,41,15,620.0,9300.0
2017-01-03,201701034235321,BOKL,41,41,80,620.0,49600.0
2017-01-03,201701034235309,BOKL,41,35,50,620.0,31000.0
2017-01-03,201701034235308,BOKL,29,35,100,620.0,62000.0
2017-01-03,201701034235359,CBL,6,17,300,249.0,74700.0
2017-01-03,201701034235286,CBL,59,29,100,253.0,25300.0
2017-01-03,201701034235285,CBL,22,29,100,253.0,25300.0
2017-01-03,201701034235284,CBL,42,29,40,254.0,10160.0
2017-01-03,201701034235196,CBL,42,6,160,254.0,40640.0
2017-01-03,201701034235195,CBL,45,6,20,254.0,5080.0
2017-01-03,201701034235194,CBL,45,6,20,254.0,5080.0
2017-01-03,201701034235145,CBL,11,17,400,255.0,102000.0
2017-01-03,201701034235117,CBL,53,46,81,255.0,20655.0
2017-01-03,201701034235090,CBL,45,45,59,258.0,15222.0
2017-01-03,201701034235061,CBL,42,16,500,258.0,129000.0
2017-01-03,201701034235264,CCBL,49,21,74,340.0,25160.0
2017-01-03,201701034235240,CCBL,42,21,100,340.0,34000.0
2017-01-03,201701034235219,CCBL,52,35,185,340.0,62900.0
2017-01-03,201701034235201,CCBL,42,47,140,340.0,47600.0
2017-01-03,201701034235200,CCBL,22,47,100,340.0,34000.0
2017-01-03,201701034235199,CCBL,38,47,10,342.0,3420.0
2017-01-03,201701034235144,CCBL,38,41,40,342.0,13680.0
2017-01-03,201701034235066,CCBL,58,58,35,342.0,11970.0
2017-01-03,201701034235059,CCBL,41,41,50,347.0,17350.0
2017-01-03,201701034235378,CHCL,22,41,37,810.0,29970.0
2017-01-03,201701034235356,CHCL,38,58,41,811.0,33251.0
2017-01-03,201701034235350,CHCL,38,49,20,811.0,16220.0
2017-01-03,201701034235349,CHCL,38,49,200,811.0,162200.0
2017-01-03,201701034235348,CHCL,13,49,80,812.0,64960.0
2017-01-03,201701034235340,CHCL,13,58,20,812.0,16240.0
2017-01-03,201701034235339,CHCL,43,58,30,813.0,24390.0
2017-01-03,201701034235320,CHCL,43,37,195,812.0,158340.0
2017-01-03,201701034235346,CZBIL,53,29,155,486.0,75330.0
2017-01-03,201701034235315,CZBIL,17,1,10,486.0,4860.0
2017-01-03,201701034235304,CZBIL,49,1,100,486.0,48600.0
2017-01-03,201701034235288,CZBIL,17,32,57,488.0,27816.0
2017-01-03,201701034235206,CZBIL,29,37,100,490.0,49000.0
2017-01-03,201701034235205,CZBIL,40,37,430,491.0,211130.0
2017-01-03,201701034235122,CZBIL,53,45,90,498.0,44820.0
2017-01-03,201701034235110,CZBIL,53,6,10,498.0,4980.0
2017-01-03,201701034235104,CZBIL,34,6,20,504.0,10080.0
2017-01-03,201701034235077,CZBIL,42,19,100,495.0,49500.0
2017-01-03,201701034235069,CZBIL,42,50,110,495.0,54450.0
2017-01-03,201701034235138,CZBIL,58,54,150,495.0,74250.0
2017-01-03,201701034235127,CZBIL,58,45,350,495.0,173250.0
2017-01-03,201701034235126,CZBIL,42,45,290,495.0,143550.0
2017-01-03,201701034235125,CZBIL,28,45,100,496.0,49600.0
2017-01-03,201701034235124,CZBIL,28,45,220,498.0,109560.0
2017-01-03,201701034235123,CZBIL,17,45,50,498.0,24900.0
2017-01-03,201701034235058,DDBL,56,56,13,2320.0,30160.0
2017-01-03,201701034235381,EBL,47,52,50,1800.0,90000.0
2017-01-03,201701034235380,EBL,41,52,30,1805.0,54150.0
2017-01-03,201701034235283,EBL,22,8,183,1815.0,332145.0
2017-01-03,201701034235271,EBL,42,50,20,1820.0,36400.0
2017-01-03,201701034235162,EBL,28,8,10,1841.0,18410.0
2017-01-03,201701034235099,EBL,52,54,30,1840.0,55200.0
2017-01-03,201701034235098,EBL,17,54,20,1840.0,36800.0
2017-01-03,201701034235081,EBL,25,52,20,1835.0,36700.0
2017-01-03,201701034235168,EBL,25,8,280,1825.0,511000.0
2017-01-03,201701034235167,EBL,6,8,100,1828.0,182800.0
2017-01-03,201701034235166,EBL,32,8,50,1830.0,91500.0
2017-01-03,201701034235165,EBL,19,8,10,1836.0,18360.0
2017-01-03,201701034235164,EBL,8,8,20,1840.0,36800.0
2017-01-03,201701034235163,EBL,48,8,30,1840.0,55200.0
2017-01-03,201701034235263,EBL,22,50,80,1820.0,145600.0
2017-01-03,201701034235248,EBL,22,59,220,1820.0,400400.0
2017-01-03,201701034235247,EBL,32,59,100,1820.0,182000.0
2017-01-03,201701034235246,EBL,22,59,80,1820.0,145600.0
2017-01-03,201701034235245,EBL,19,59,50,1821.0,91050.0
2017-01-03,201701034235244,EBL,11,59,50,1825.0,91250.0
2017-01-03,201701034235347,GBBL,22,45,50,392.0,19600.0
2017-01-03,201701034235089,GBIME,42,43,140,435.0,60900.0
2017-01-03,201701034235064,GBIME,42,22,100,435.0,43500.0
2017-01-03,201701034235062,GBIME,42,17,56,430.0,24080.0
2017-01-03,201701034235054,GBIME,44,44,10,435.0,4350.0
2017-01-03,201701034235118,GLICL,20,49,100,712.0,71200.0
2017-01-03,201701034235149,GRDBL,18,28,10,456.0,4560.0
2017-01-03,201701034235148,GRDBL,18,28,10,456.0,4560.0
2017-01-03,201701034235100,GRDBL,18,41,10,451.0,4510.0
2017-01-03,201701034235361,HBL,41,10,100,875.0,87500.0
2017-01-03,201701034235331,HBL,22,7,200,880.0,176000.0
2017-01-03,201701034235330,HBL,52,7,100,885.0,88500.0
2017-01-03,201701034235329,HBL,34,7,20,886.0,17720.0
2017-01-03,201701034235197,HIDCL,11,17,300,230.0,69000.0
2017-01-03,201701034235185,HIDCL,45,45,56,232.0,12992.0
2017-01-03,201701034235184,HIDCL,45,45,56,232.0,12992.0
2017-01-03,201701034235183,HIDCL,45,45,56,232.0,12992.0
2017-01-03,201701034235182,HIDCL,45,45,56,232.0,12992.0
2017-01-03,201701034235181,HIDCL,45,45,56,232.0,12992.0
2017-01-03,201701034235180,HIDCL,45,45,56,232.0,12992.0
2017-01-03,201701034235176,HIDCL,45,45,56,232.0,12992.0
2017-01-03,201701034235175,HIDCL,45,45,56,232.0,12992.0
2017-01-03,201701034235174,HIDCL,45,45,56,232.0,12992.0
2017-01-03,201701034235078,HIDCL,11,56,189,230.0,43470.0
2017-01-03,201701034235314,ICFC,13,51,80,256.0,20480.0
2017-01-03,201701034235313,ICFC,22,51,20,260.0,5200.0
2017-01-03,201701034235207,ILFCM,47,56,35,703.0,24605.0
2017-01-03,201701034235383,JSLBB,29,16,10,1831.0,18310.0
2017-01-03,201701034235355,KADBL,45,44,44,319.0,14036.0
2017-01-03,201701034235072,KADBL,18,44,20,324.0,6480.0
2017-01-03,201701034235065,KADBL,49,44,30,318.0,9540.0
2017-01-03,201701034235186,KBBL,45,43,100,367.0,36700.0
2017-01-03,201701034235231,KBL,20,8,55,523.0,28765.0
2017-01-03,201701034235217,KBL,20,8,290,523.0,151670.0
2017-01-03,201701034235216,KBL,36,8,30,525.0,15750.0
2017-01-03,201701034235215,KBL,36,8,50,525.0,26250.0
2017-01-03,201701034235214,KBL,28,8,100,525.0,52500.0
2017-01-03,201701034235213,KBL,22,8,30,525.0,15750.0
2017-01-03,201701034235108,KBL,22,6,50,530.0,26500.0
2017-01-03,201701034235057,KBL,41,41,20,532.0,10640.0
2017-01-03,201701034235385,LBL,11,7,200,686.0,137200.0
2017-01-03,201701034235384,LBL,49,7,100,686.0,68600.0
2017-01-03,201701034235369,LBL,16,29,100,690.0,69000.0
2017-01-03,201701034235297,LBL,22,17,30,700.0,21000.0
2017-01-03,201701034235303,LLBS,29,7,100,1210.0,121000.0
2017-01-03,201701034235317,MBL,49,29,360,410.0,147600.0
2017-01-03,201701034235316,MBL,11,29,40,413.0,16520.0
2017-01-03,201701034235270,MBL,47,17,300,412.0,123600.0
2017-01-03,201701034235193,MBL,29,17,200,415.0,83000.0
2017-01-03,201701034235154,MBL,29,33,100,415.0,41500.0
2017-01-03,201701034235153,MBL,6,33,100,415.0,41500.0
2017-01-03,201701034235132,MBL,11,32,112,416.0,46592.0
2017-01-03,201701034235113,MBL,28,7,100,418.0,41800.0
2017-01-03,201701034235079,MBL,22,57,50,418.0,20900.0
2017-01-03,201701034235249,MDB,17,47,100,530.0,53000.0
2017-01-03,201701034235151,MDB,29,52,200,535.0,107000.0
2017-01-03,201701034235387,MEGA,43,21,14,486.0,6804.0
2017-01-03,201701034235338,MEGA,13,8,200,481.0,96200.0
2017-01-03,201701034235318,MEGA,11,21,14,486.0,6804.0
2017-01-03,201701034235280,MEGA,11,38,20,490.0,9800.0
2017-01-03,201701034235262,MEGA,13,54,11,490.0,5390.0
2017-01-03,201701034235260,MEGA,13,59,820,490.0,401800.0
2017-01-03,201701034235080,MEGA,55,41,56,500.0,28000.0
2017-01-03,201701034235070,MEGA,55,17,44,500.0,22000.0
2017-01-03,201701034235055,MEGA,41,41,200,501.0,100200.0
2017-01-03,201701034235259,MEGA,25,59,140,490.0,68600.0
2017-01-03,201701034235258,MEGA,11,59,200,491.0,98200.0
2017-01-03,201701034235234,MEGA,59,54,11,493.0,5423.0
2017-01-03,201701034235198,MEGA,41,50,27,495.0,13365.0
2017-01-03,201701034235192,MEGA,41,50,250,495.0,123750.0
2017-01-03,201701034235083,MEGA,42,21,10,500.0,5000.0
2017-01-03,201701034235377,MFIL,42,22,100,200.0,20000.0
2017-01-03,201701034235190,MFIL,41,17,16,204.0,3264.0
2017-01-03,201701034235105,MFIL,41,52,500,200.0,100000.0
2017-01-03,201701034235120,MIDBL,32,48,10,580.0,5800.0
2017-01-03,201701034235370,NABIL,17,21,50,1525.0,76250.0
2017-01-03,201701034235351,NBB,45,53,47,735.0,34545.0
2017-01-03,201701034235337,NBB,45,7,330,735.0,242550.0
2017-01-03,201701034235336,NBB,11,7,50,736.0,36800.0
2017-01-03,201701034235335,NBB,42,7,100,740.0,74000.0
2017-01-03,201701034235334,NBB,42,7,120,740.0,88800.0
2017-01-03,201701034235296,NBB,45,45,350,740.0,259000.0
2017-01-03,201701034235146,NBB,29,54,100,750.0,75000.0
2017-01-03,201701034235091,NBB,49,17,300,760.0,228000.0
2017-01-03,201701034235086,NBB,43,17,100,760.0,76000.0
2017-01-03,201701034235085,NBB,55,17,100,760.0,76000.0
2017-01-03,201701034235067,NBB,47,17,490,760.0,372400.0
2017-01-03,201701034235241,NBB,20,6,140,745.0,104300.0
2017-01-03,201701034235233,NBB,20,55,250,745.0,186250.0
2017-01-03,201701034235232,NBB,41,55,250,745.0,186250.0
2017-01-03,201701034235172,NBB,41,20,50,745.0,37250.0
2017-01-03,201701034235171,NBB,56,20,100,746.0,74600.0
2017-01-03,201701034235170,NBB,21,20,50,749.0,37450.0
2017-01-03,201701034235291,NBB,49,45,200,740.0,148000.0
2017-01-03,201701034235290,NBB,41,45,50,741.0,37050.0
2017-01-03,201701034235273,NBB,45,10,500,740.0,370000.0
2017-01-03,201701034235265,NBB,45,6,100,740.0,74000.0
2017-01-03,201701034235251,NBB,20,5,497,745.0,370265.0
2017-01-03,201701034235242,NBB,20,8,50,745.0,37250.0
2017-01-03,201701034235333,NBL,41,17,150,400.0,60000.0
2017-01-03,201701034235332,NBL,22,17,50,400.0,20000.0
2017-01-03,201701034235312,NBL,41,34,200,400.0,80000.0
2017-01-03,201701034235143,NBL,43,58,1000,401.0,401000.0
2017-01-03,201701034235142,NBL,43,58,1000,401.0,401000.0
2017-01-03,201701034235274,NIB,32,29,26,719.0,18694.0
2017-01-03,201701034235230,NIB,7,29,26,720.0,18720.0
2017-01-03,201701034235228,NIB,59,29,26,720.0,18720.0
2017-01-03,201701034235179,NIB,59,7,80,720.0,57600.0
2017-01-03,201701034235178,NIB,40,7,70,721.0,50470.0
2017-01-03,201701034235177,NIB,28,7,150,721.0,108150.0
2017-01-03,201701034235119,NIB,36,36,169,721.0,121849.0
2017-01-03,201701034235096,NIB,16,16,26,726.0,18876.0
2017-01-03,201701034235328,NICA,8,20,100,506.0,50600.0
2017-01-03,201701034235218,NICA,41,50,10,516.0,5160.0
2017-01-03,201701034235173,NICA,45,45,126,515.0,64890.0
2017-01-03,201701034235161,NICA,45,36,200,515.0,103000.0
2017-01-03,201701034235115,NICA,45,21,100,515.0,51500.0
2017-01-03,201701034235319,NICL,7,33,100,848.0,84800.0
2017-01-03,201701034235269,NIL,53,34,90,824.0,74160.0
2017-01-03,201701034235155,NIL,40,53,50,840.0,42000.0
2017-01-03,201701034235282,NLG,53,36,90,1235.0,111150.0
2017-01-03,201701034235261,NLG,53,25,100,1235.0,123500.0
2017-01-03,201701034235158,NLG,53,33,10,1235.0,12350.0
2017-01-03,201701034235112,NLG,10,33,20,1260.0,25200.0
2017-01-03,201701034235111,NLG,49,33,300,1260.0,378000.0
2017-01-03,201701034235368,NLIC,49,34,50,2666.0,133300.0
2017-01-03,201701034235250,NLIC,56,42,112,2670.0,299040.0
2017-01-03,201701034235223,NLIC,56,45,70,2670.0,186900.0
2017-01-03,201701034235222,NLIC,20,45,200,2680.0,536000.0
2017-01-03,201701034235221,NLIC,13,45,30,2681.0,80430.0
2017-01-03,201701034235220,NLIC,28,45,200,2685.0,537000.0
2017-01-03,201701034235354,NLICL,41,8,20,2010.0,40200.0
2017-01-03,201701034235353,NLICL,52,8,150,2020.0,303000.0
2017-01-03,201701034235130,NLICL,57,58,500,2034.0,1017000.0
2017-01-03,201701034235129,NLICL,38,58,400,2038.0,815200.0
2017-01-03,201701034235357,NMB,7,21,40,505.0,20200.0
2017-01-03,201701034235208,NMB,19,1,70,515.0,36050.0
2017-01-03,201701034235188,NMB,19,6,30,515.0,15450.0
2017-01-03,201701034235106,NMBMF,47,41,100,1630.0,163000.0
2017-01-03,201701034235076,NTC,49,49,1120,700.0,784000.0
2017-01-03,201701034235382,PCBL,54,34,200,504.0,100800.0
2017-01-03,201701034235371,PCBL,19,34,300,504.0,151200.0
2017-01-03,201701034235367,PCBL,54,6,75,504.0,37800.0
2017-01-03,201701034235276,PCBL,29,45,200,498.0,99600.0
2017-01-03,201701034235275,PCBL,29,45,100,500.0,50000.0
2017-01-03,201701034235229,PCBL,49,17,200,508.0,101600.0
2017-01-03,201701034235137,PCBL,29,45,100,507.0,50700.0
2017-01-03,201701034235136,PCBL,47,45,200,507.0,101400.0
2017-01-03,201701034235135,PCBL,13,45,300,508.0,152400.0
2017-01-03,201701034235075,PCBL,19,39,100,517.0,51700.0
2017-01-03,201701034235267,PIC,6,33,200,1346.0,269200.0
2017-01-03,201701034235266,PIC,25,33,50,1350.0,67500.0
2017-01-03,201701034235191,PIC,8,25,200,1350.0,270000.0
2017-01-03,201701034235139,PIC,33,49,400,1351.0,540400.0
2017-01-03,201701034235131,PIC,33,49,150,1351.0,202650.0
2017-01-03,201701034235103,PIC,6,49,500,1355.0,677500.0
2017-01-03,201701034235097,PIC,33,53,50,1370.0,68500.0
2017-01-03,201701034235095,PIC,47,53,100,1372.0,137200.0
2017-01-03,201701034235093,PIC,47,21,80,1372.0,109760.0
2017-01-03,201701034235084,PIC,47,52,20,1372.0,27440.0
2017-01-03,201701034235060,PIC,21,49,50,1390.0,69500.0
2017-01-03,201701034235257,PLIC,49,49,49,1629.0,79821.0
2017-01-03,201701034235281,PRIN,25,21,100,1088.0,108800.0
2017-01-03,201701034235278,PRIN,25,54,330,1088.0,359040.0
2017-01-03,201701034235272,PRIN,25,45,50,1088.0,54400.0
2017-01-03,201701034235156,PRIN,22,54,50,1095.0,54750.0
2017-01-03,201701034235056,RMDC,41,41,20,625.0,12500.0
2017-01-03,201701034235073,SAFL,40,40,52,270.0,14040.0
2017-01-03,201701034235300,SANIMA,32,1,23,537.0,12351.0
2017-01-03,201701034235293,SANIMA,32,6,280,537.0,150360.0
2017-01-03,201701034235292,SANIMA,49,6,20,537.0,10740.0
2017-01-03,201701034235287,SANIMA,32,39,100,537.0,53700.0
2017-01-03,201701034235268,SANIMA,22,1,30,540.0,16200.0
2017-01-03,201701034235256,SANIMA,55,25,100,541.0,54100.0
2017-01-03,201701034235202,SANIMA,8,21,200,545.0,109000.0
2017-01-03,201701034235169,SANIMA,28,21,100,546.0,54600.0
2017-01-03,201701034235147,SANIMA,28,39,100,546.0,54600.0
2017-01-03,201701034235255,SANIMA,7,25,50,542.0,27100.0
2017-01-03,201701034235254,SANIMA,38,25,500,542.0,271000.0
2017-01-03,201701034235253,SANIMA,38,25,100,542.0,54200.0
2017-01-03,201701034235252,SANIMA,38,25,70,542.0,37940.0
2017-01-03,201701034235236,SANIMA,17,1,60,543.0,32580.0
2017-01-03,201701034235235,SANIMA,49,1,100,543.0,54300.0
2017-01-03,201701034235310,SBI,22,46,11,1450.0,15950.0
2017-01-03,201701034235302,SBI,22,46,70,1450.0,101500.0
2017-01-03,201701034235301,SBI,19,46,10,1458.0,14580.0
2017-01-03,201701034235294,SBI,22,35,25,1455.0,36375.0
2017-01-03,201701034235279,SBI,41,17,200,1456.0,291200.0
2017-01-03,201701034235277,SBI,38,17,500,1457.0,728500.0
2017-01-03,201701034235327,SBL,57,40,30,980.0,29400.0
2017-01-03,201701034235239,SBL,6,52,50,980.0,49000.0
2017-01-03,201701034235238,SBL,22,52,100,980.0,98000.0
2017-01-03,201701034235237,SBL,22,52,20,980.0,19600.0
2017-01-03,201701034235160,SBL,55,35,100,985.0,98500.0
2017-01-03,201701034235159,SBL,54,35,100,985.0,98500.0
2017-01-03,201701034235107,SBL,34,21,10,1004.0,10040.0
2017-01-03,201701034235102,SBL,22,52,100,985.0,98500.0
2017-01-03,201701034235101,SBL,41,52,200,990.0,198000.0
2017-01-03,201701034235094,SBL,17,41,39,990.0,38610.0
2017-01-03,201701034235088,SBL,48,14,100,990.0,99000.0
2017-01-03,201701034235087,SBL,51,14,500,991.0,495500.0
2017-01-03,201701034235364,SCB,32,57,230,1925.0,442750.0
2017-01-03,201701034235363,SCB,16,57,50,1926.0,96300.0
2017-01-03,201701034235362,SCB,42,57,20,1945.0,38900.0
2017-01-03,201701034235203,SCB,45,21,20,1940.0,38800.0
2017-01-03,201701034235141,SCB,44,56,100,1950.0,195000.0
2017-01-03,201701034235140,SCB,45,56,150,1950.0,292500.0
2017-01-03,201701034235134,SCB,45,21,50,1950.0,97500.0
2017-01-03,201701034235133,SCB,55,21,100,1960.0,196000.0
2017-01-03,201701034235114,SCB,11,45,50,1970.0,98500.0
2017-01-03,201701034235311,SHINE,38,38,70,360.0,25200.0
2017-01-03,201701034235298,SHINE,38,41,30,360.0,10800.0
2017-01-03,201701034235092,SHINE,38,43,400,360.0,144000.0
2017-01-03,201701034235344,SHL,34,43,300,314.0,94200.0
2017-01-03,201701034235295,SHPC,22,10,500,785.0,392500.0
2017-01-03,201701034235299,SICL,20,20,28,2020.0,56560.0
2017-01-03,201701034235212,SICL,48,17,100,2060.0,206000.0
2017-01-03,201701034235211,SICL,34,17,300,2061.0,618300.0
2017-01-03,201701034235210,SICL,51,17,50,2065.0,103250.0
2017-01-03,201701034235209,SICL,14,17,100,2070.0,207000.0
2017-01-03,201701034235063,SICL,20,17,100,2100.0,210000.0
2017-01-03,201701034235352,SIL,10,33,20,1309.0,26180.0
2017-01-03,201701034235289,SKBBL,11,29,100,1000.0,100000.0
2017-01-03,201701034235342,SRBL,49,43,50,490.0,24500.0
2017-01-03,201701034235326,SRBL,49,34,50,490.0,24500.0
2017-01-03,201701034235325,SRBL,22,34,30,490.0,14700.0
2017-01-03,201701034235324,SRBL,22,34,100,490.0,49000.0
2017-01-03,201701034235323,SRBL,28,34,200,491.0,98200.0
2017-01-03,201701034235322,SRBL,32,34,40,491.0,19640.0
2017-01-03,201701034236370,ADBL,38,8,100,535.0,53500.0
2017-01-03,201701034236368,ADBL,42,8,100,535.0,53500.0
2017-01-03,201701034236341,ADBL,25,8,50,535.0,26750.0
2017-01-03,201701034236340,ADBL,58,8,50,537.0,26850.0
2017-01-03,201701034236339,ADBL,13,8,100,541.0,54100.0
2017-01-03,201701034236338,ADBL,38,8,100,541.0,54100.0
2017-01-03,201701034236002,ADBL,50,29,160,545.0,87200.0
2017-01-03,201701034236001,ADBL,50,17,40,543.0,21720.0
2017-01-03,201701034235916,ADBL,48,45,200,540.0,108000.0
2017-01-03,201701034236121,ADBL,45,17,60,548.0,32880.0
2017-01-03,201701034236069,ADBL,45,45,38,546.0,20748.0
2017-01-03,201701034236068,ADBL,25,45,200,546.0,109200.0
2017-01-03,201701034236061,ADBL,45,45,38,546.0,20748.0
2017-01-03,201701034236052,ADBL,14,45,200,545.0,109000.0
2017-01-03,201701034236337,ADBL,13,8,50,542.0,27100.0
2017-01-03,201701034236336,ADBL,45,8,50,545.0,27250.0
2017-01-03,201701034236204,ADBL,45,6,200,545.0,109000.0
2017-01-03,201701034236189,ADBL,47,17,500,545.0,272500.0
2017-01-03,201701034236131,ADBL,14,6,100,545.0,54500.0
2017-01-03,201701034236124,ADBL,1,6,100,547.0,54700.0
2017-01-03,201701034236143,AHPC,57,45,900,245.0,220500.0
2017-01-03,201701034236142,AHPC,42,45,100,245.0,24500.0
2017-01-03,201701034235999,AHPC,42,41,900,245.0,220500.0
2017-01-03,201701034235998,AHPC,39,41,100,245.0,24500.0
2017-01-03,201701034235997,AHPC,17,41,100,245.0,24500.0
2017-01-03,201701034236263,API,16,13,16,400.0,6400.0
2017-01-03,201701034236260,API,16,13,16,400.0,6400.0
2017-01-03,201701034236077,API,11,13,16,400.0,6400.0
2017-01-03,201701034235956,API,37,13,16,400.0,6400.0
2017-01-03,201701034235952,API,44,20,10,397.0,3970.0
2017-01-03,201701034235950,API,37,17,26,400.0,10400.0
2017-01-03,201701034236384,BOKL,5,29,128,625.0,80000.0
2017-01-03,201701034236376,BOKL,56,21,200,627.0,125400.0
2017-01-03,201701034236359,BOKL,29,10,720,626.0,450720.0
2017-01-03,201701034236277,BOKL,5,6,20,625.0,12500.0
2017-01-03,201701034236264,BOKL,38,6,10,625.0,6250.0
2017-01-03,201701034236237,BOKL,34,10,200,625.0,125000.0
2017-01-03,201701034235951,BOKL,34,22,100,624.0,62400.0
2017-01-03,201701034235943,BOKL,14,22,100,624.0,62400.0
2017-01-03,201701034235937,BOKL,34,13,200,623.0,124600.0
2017-01-03,201701034235928,BOKL,48,49,209,622.0,129998.0
2017-01-03,201701034236136,BOKL,19,10,60,625.0,37500.0
2017-01-03,201701034236135,BOKL,1,10,50,625.0,31250.0
2017-01-03,201701034236134,BOKL,41,10,100,625.0,62500.0
2017-01-03,201701034236133,BOKL,51,10,50,626.0,31300.0
2017-01-03,201701034236042,BOKL,56,48,200,627.0,125400.0
2017-01-03,201701034235957,BOKL,25,40,500,625.0,312500.0
2017-01-03,201701034236235,BOKL,41,10,50,627.0,31350.0
2017-01-03,201701034236231,BOKL,25,10,10,627.0,6270.0
2017-01-03,201701034236140,BOKL,45,10,50,625.0,31250.0
2017-01-03,201701034236139,BOKL,25,10,10,625.0,6250.0
2017-01-03,201701034236138,BOKL,1,10,100,625.0,62500.0
2017-01-03,201701034236137,BOKL,41,10,100,625.0,62500.0
2017-01-03,201701034236049,BPCL,33,17,300,560.0,168000.0
2017-01-03,201701034236047,BPCL,33,36,300,558.0,167400.0
2017-01-03,201701034236055,CBBL,40,14,50,1138.0,56900.0
2017-01-03,201701034236050,CBBL,40,48,190,1130.0,214700.0
2017-01-03,201701034236367,CBL,35,35,4055,251.0,1017805.0
2017-01-03,201701034236262,CBL,48,42,1390,250.0,347500.0
2017-01-03,201701034236261,CBL,41,42,200,250.0,50000.0
2017-01-03,201701034236229,CBL,32,42,300,250.0,75000.0
2017-01-03,201701034236223,CBL,33,42,1000,250.0,250000.0
2017-01-03,201701034236220,CBL,58,42,100,250.0,25000.0
2017-01-03,201701034235994,CBL,16,22,50,250.0,12500.0
2017-01-03,201701034235991,CBL,25,13,144,252.0,36288.0
2017-01-03,201701034235990,CBL,50,13,100,252.0,25200.0
2017-01-03,201701034235989,CBL,22,13,100,252.0,25200.0
2017-01-03,201701034235969,CBL,28,17,500,253.0,126500.0
2017-01-03,201701034235923,CBL,48,17,446,252.0,112392.0
2017-01-03,201701034236034,CBL,25,42,50,250.0,12500.0
2017-01-03,201701034236033,CBL,16,42,650,250.0,162500.0
2017-01-03,201701034236032,CBL,38,42,500,252.0,126000.0
2017-01-03,201701034236031,CBL,42,42,1500,252.0,378000.0
2017-01-03,201701034236010,CBL,42,57,500,252.0,126000.0
2017-01-03,201701034236005,CBL,7,13,287,252.0,72324.0
2017-01-03,201701034236074,CBL,58,10,1900,249.0,473100.0
2017-01-03,201701034236045,CBL,43,10,200,249.0,49800.0
2017-01-03,201701034236044,CBL,17,10,400,249.0,99600.0
2017-01-03,201701034236043,CBL,14,10,500,249.0,124500.0
2017-01-03,201701034236036,CBL,41,42,100,250.0,25000.0
2017-01-03,201701034236035,CBL,22,42,100,250.0,25000.0
2017-01-03,201701034236217,CBL,19,42,300,250.0,75000.0
2017-01-03,201701034236201,CBL,58,42,100,250.0,25000.0
2017-01-03,201701034236144,CBL,38,56,34,249.0,8466.0
2017-01-03,201701034236117,CBL,6,42,500,250.0,125000.0
2017-01-03,201701034236115,CBL,53,42,10,250.0,2500.0
2017-01-03,201701034236113,CBL,8,42,200,250.0,50000.0
2017-01-03,201701034236297,CCBL,25,8,40,343.0,13720.0
2017-01-03,201701034236288,CCBL,25,41,156,340.0,53040.0
2017-01-03,201701034236281,CCBL,56,21,300,341.0,102300.0
2017-01-03,201701034236280,CCBL,8,21,50,341.0,17050.0
2017-01-03,201701034236259,CCBL,41,48,85,345.0,29325.0
2017-01-03,201701034235918,CCBL,52,6,74,344.0,25456.0
2017-01-03,201701034236295,CHCL,14,33,38,815.0,30970.0
2017-01-03,201701034236097,CHCL,37,38,50,815.0,40750.0
2017-01-03,201701034236096,CHCL,20,38,100,815.0,81500.0
2017-01-03,201701034236095,CHCL,19,38,50,816.0,40800.0
2017-01-03,201701034236234,CIT,19,41,26,3715.0,96590.0
2017-01-03,201701034236371,CZBIL,43,46,240,497.0,119280.0
2017-01-03,201701034236330,CZBIL,49,46,201,497.0,99897.0
2017-01-03,201701034236324,CZBIL,14,50,50,500.0,25000.0
2017-01-03,201701034236317,CZBIL,14,50,200,500.0,100000.0
2017-01-03,201701034236315,CZBIL,29,46,100,495.0,49500.0
2017-01-03,201701034236314,CZBIL,13,46,100,495.0,49500.0
2017-01-03,201701034235922,CZBIL,45,45,5000,481.0,2405000.0
2017-01-03,201701034235912,CZBIL,57,14,454,490.0,222460.0
2017-01-03,201701034235909,CZBIL,57,14,965,490.0,472850.0
2017-01-03,201701034235976,CZBIL,57,54,210,495.0,103950.0
2017-01-03,201701034235975,CZBIL,57,1,90,494.0,44460.0
2017-01-03,201701034235974,CZBIL,57,37,440,493.0,216920.0
2017-01-03,201701034235947,CZBIL,14,37,30,493.0,14790.0
2017-01-03,201701034235946,CZBIL,14,45,70,491.0,34370.0
2017-01-03,201701034235945,CZBIL,38,45,200,485.0,97000.0
2017-01-03,201701034236056,CZBIL,14,50,500,498.0,249000.0
2017-01-03,201701034235988,CZBIL,14,32,200,497.0,99400.0
2017-01-03,201701034235980,CZBIL,57,50,500,495.0,247500.0
2017-01-03,201701034235979,CZBIL,57,11,100,495.0,49500.0
2017-01-03,201701034235978,CZBIL,57,28,100,495.0,49500.0
2017-01-03,201701034235977,CZBIL,57,17,500,495.0,247500.0
2017-01-03,201701034236170,CZBIL,14,17,155,499.0,77345.0
2017-01-03,201701034236163,CZBIL,36,49,200,499.0,99800.0
2017-01-03,201701034236122,CZBIL,55,49,100,499.0,49900.0
2017-01-03,201701034236087,CZBIL,14,45,1000,491.0,491000.0
2017-01-03,201701034236084,CZBIL,41,45,100,494.0,49400.0
2017-01-03,201701034236058,CZBIL,32,49,200,495.0,99000.0
2017-01-03,201701034236313,CZBIL,13,46,100,496.0,49600.0
2017-01-03,201701034236312,CZBIL,46,46,100,496.0,49600.0
2017-01-03,201701034236279,CZBIL,13,50,200,500.0,100000.0
2017-01-03,201701034236268,CZBIL,56,35,300,499.0,149700.0
2017-01-03,201701034236254,CZBIL,14,36,110,499.0,54890.0
2017-01-03,201701034236253,CZBIL,14,17,50,499.0,24950.0
2017-01-03,201701034236145,DDBL,25,8,287,2229.0,639723.0
2017-01-03,201701034236094,DDBL,7,8,100,2229.0,222900.0
2017-01-03,201701034236093,DDBL,13,8,100,2230.0,223000.0
2017-01-03,201701034236343,EBL,36,35,500,1844.0,922000.0
2017-01-03,201701034236333,EBL,10,35,100,1849.0,184900.0
2017-01-03,201701034236284,EBL,6,7,30,1850.0,55500.0
2017-01-03,201701034235894,EBL,20,35,100,1840.0,184000.0
2017-01-03,201701034236013,EBL,57,35,200,1843.0,368600.0
2017-01-03,201701034235993,EBL,20,35,200,1842.0,368400.0
2017-01-03,201701034235955,EBL,6,38,100,1836.0,183600.0
2017-01-03,201701034235921,EBL,57,58,200,1845.0,369000.0
2017-01-03,201701034235920,EBL,57,35,100,1842.0,184200.0
2017-01-03,201701034236176,EBL,20,34,70,1848.0,129360.0
2017-01-03,201701034236175,EBL,20,35,90,1847.0,166230.0
2017-01-03,201701034236161,EBL,56,43,50,1846.0,92300.0
2017-01-03,201701034236159,EBL,38,35,110,1847.0,203170.0
2017-01-03,201701034236132,EBL,11,34,30,1848.0,55440.0
2017-01-03,201701034236014,EBL,57,58,200,1845.0,369000.0
2017-01-03,201701034236192,EBL,20,35,300,1849.0,554700.0
2017-01-03,201701034236188,EBL,4,35,160,1849.0,295840.0
2017-01-03,201701034236187,EBL,5,35,40,1849.0,73960.0
2017-01-03,201701034236186,EBL,20,58,75,1849.0,138675.0
2017-01-03,201701034236185,EBL,5,58,60,1849.0,110940.0
2017-01-03,201701034236177,EBL,20,58,140,1849.0,258860.0
2017-01-03,201701034236200,EBL,39,34,100,1845.0,184500.0
2017-01-03,201701034236199,EBL,11,34,50,1845.0,92250.0
2017-01-03,201701034236197,EBL,20,39,17,1849.0,31433.0
2017-01-03,201701034236193,EBL,56,39,50,1846.0,92300.0
2017-01-03,201701034236251,EBL,6,6,20,1850.0,37000.0
2017-01-03,201701034236250,EBL,6,19,50,1850.0,92500.0
2017-01-03,201701034236213,EBL,50,34,50,1845.0,92250.0
2017-01-03,201701034236212,EBL,42,39,40,1840.0,73600.0
2017-01-03,201701034236089,EDBL,58,42,50,606.0,30300.0
2017-01-03,201701034236088,EDBL,58,11,10,600.0,6000.0
2017-01-03,201701034235983,EDBL,19,39,462,596.0,275352.0
2017-01-03,201701034235968,EDBL,19,17,36,598.0,21528.0
2017-01-03,201701034236377,FMDBL,32,17,100,950.0,95000.0
2017-01-03,201701034236292,GBBL,33,33,70,395.0,27650.0
2017-01-03,201701034236273,GBBL,29,49,20,397.0,7940.0
2017-01-03,201701034236239,GBBL,29,25,366,397.0,145302.0
2017-01-03,201701034236208,GBBL,29,17,16,398.0,6368.0
2017-01-03,201701034236207,GBBL,29,17,300,398.0,119400.0
2017-01-03,201701034236203,GBBL,29,50,300,397.0,119100.0
2017-01-03,201701034236364,GBIME,36,36,39,431.0,16809.0
2017-01-03,201701034236289,GBIME,29,41,96,426.0,40896.0
2017-01-03,201701034236191,GBIME,59,45,62,427.0,26474.0
2017-01-03,201701034236057,GBIME,48,37,1000,426.0,426000.0
2017-01-03,201701034236037,GBIME,14,43,126,425.0,53550.0
2017-01-03,201701034236023,GBIME,14,57,69,420.0,28980.0
2017-01-03,201701034236222,GFCL,13,43,500,284.0,142000.0
2017-01-03,201701034236287,GLICL,33,51,300,700.0,210000.0
2017-01-03,201701034236278,GLICL,55,29,10,698.0,6980.0
2017-01-03,201701034235962,GRDBL,48,13,20,464.0,9280.0
2017-01-03,201701034236219,HBL,19,36,100,870.0,87000.0
2017-01-03,201701034236085,HBL,16,16,100,875.0,87500.0
2017-01-03,201701034236076,HBL,49,16,90,875.0,78750.0
2017-01-03,201701034236025,HBL,49,21,100,872.0,87200.0
2017-01-03,201701034236024,HBL,39,38,100,875.0,87500.0
2017-01-03,201701034235981,HBL,35,36,100,873.0,87300.0
2017-01-03,201701034235940,HBL,48,25,200,879.0,175800.0
2017-01-03,201701034235939,HBL,48,17,190,879.0,167010.0
2017-01-03,201701034235896,HBL,48,17,200,875.0,175000.0
2017-01-03,201701034236299,HGI,11,32,100,1310.0,131000.0
2017-01-03,201701034236039,HGI,7,19,100,1300.0,130000.0
2017-01-03,201701034235938,HGI,45,45,50,1280.0,64000.0
2017-01-03,201701034236386,HIDCL,50,1,60,225.0,13500.0
2017-01-03,201701034236385,HIDCL,50,1,60,225.0,13500.0
2017-01-03,201701034235907,HIDCL,42,11,300,228.0,68400.0
2017-01-03,201701034236123,HIDCL,17,56,56,225.0,12600.0
2017-01-03,201701034236009,HIDCL,42,13,33,228.0,7524.0
2017-01-03,201701034236000,HIDCL,29,32,200,228.0,45600.0
2017-01-03,201701034235931,HIDCL,42,39,200,229.0,45800.0
2017-01-03,201701034236378,ICFC,35,35,180,253.0,45540.0
2017-01-03,201701034236374,ICFC,35,35,1848,253.0,467544.0
2017-01-03,201701034236252,JBBL,42,43,116,285.0,33060.0
2017-01-03,201701034236109,JBBL,51,32,261,282.0,73602.0
2017-01-03,201701034236053,JBBL,51,45,500,282.0,141000.0
2017-01-03,201701034236040,JBBL,51,35,27,282.0,7614.0
2017-01-03,201701034236300,KBBL,1,41,197,362.0,71314.0
2017-01-03,201701034236294,KBBL,45,41,100,365.0,36500.0
2017-01-03,201701034236071,KBBL,25,39,300,365.0,109500.0
2017-01-03,201701034236048,KBBL,25,38,100,360.0,36000.0
2017-01-03,201701034236332,KBL,48,7,100,528.0,52800.0
2017-01-03,201701034236331,KBL,56,7,50,529.0,26450.0
2017-01-03,201701034236266,KBL,48,34,10,530.0,5300.0
2017-01-03,201701034236205,KBL,34,34,300,530.0,159000.0
2017-01-03,201701034236178,KBL,56,6,100,529.0,52900.0
2017-01-03,201701034236171,KBL,7,34,360,530.0,190800.0
2017-01-03,201701034235898,KBL,13,34,50,531.0,26550.0
2017-01-03,201701034236092,KBL,52,54,210,530.0,111300.0
2017-01-03,201701034236090,KBL,1,54,200,530.0,106000.0
2017-01-03,201701034236078,KBL,56,6,350,529.0,185150.0
2017-01-03,201701034236070,KBL,41,6,100,529.0,52900.0
2017-01-03,201701034236064,KBL,54,6,50,529.0,26450.0
2017-01-03,201701034235900,KBL,56,54,500,527.0,263500.0
2017-01-03,201701034236155,KBL,17,34,90,530.0,47700.0
2017-01-03,201701034236154,KBL,17,28,880,530.0,466400.0
2017-01-03,201701034236153,KBL,17,59,30,530.0,15900.0
2017-01-03,201701034236130,KBL,43,59,100,530.0,53000.0
2017-01-03,201701034236127,KBL,45,59,170,530.0,90100.0
2017-01-03,201701034236126,KBL,45,54,90,530.0,47700.0
2017-01-03,201701034236030,KMCDB,20,45,50,1470.0,73500.0
2017-01-03,201701034236327,LBL,42,43,10,700.0,7000.0
2017-01-03,201701034236293,LBL,6,43,100,700.0,70000.0
2017-01-03,201701034236236,LBL,33,43,100,700.0,70000.0
2017-01-03,201701034236107,LBL,47,37,400,700.0,280000.0
2017-01-03,201701034236075,LBL,41,37,100,700.0,70000.0
2017-01-03,201701034235897,LBL,55,14,100,699.0,69900.0
2017-01-03,201701034236086,LGIL,48,6,100,1300.0,130000.0
2017-01-03,201701034236082,LGIL,48,51,50,1290.0,64500.0
2017-01-03,201701034236062,LICN,59,34,200,2480.0,496000.0
2017-01-03,201701034236166,LLBS,47,34,150,1185.0,177750.0
2017-01-03,201701034236165,LLBS,47,34,150,1186.0,177900.0
2017-01-03,201701034236164,LLBS,4,34,50,1203.0,60150.0
2017-01-03,201701034235941,LLBS,17,38,20,1180.0,23600.0
2017-01-03,201701034236326,MBL,34,7,150,418.0,62700.0
2017-01-03,201701034236209,MBL,32,7,50,418.0,20900.0
2017-01-03,201701034236015,MBL,25,20,30,415.0,12450.0
2017-01-03,201701034236004,MBL,22,20,100,415.0,41500.0
2017-01-03,201701034235992,MBL,32,20,50,415.0,20750.0
2017-01-03,201701034235949,MBL,25,7,200,415.0,83000.0
2017-01-03,201701034235948,MBL,25,17,150,415.0,62250.0
2017-01-03,201701034235908,MBL,58,17,50,415.0,20750.0
2017-01-03,201701034235889,MBL,16,6,100,414.0,41400.0
2017-01-03,201701034236357,MEGA,1,32,12,491.0,5892.0
2017-01-03,201701034236356,MEGA,35,17,26,494.0,12844.0
2017-01-03,201701034236355,MEGA,35,50,920,494.0,454480.0
2017-01-03,201701034236350,MEGA,48,50,10,494.0,4940.0
2017-01-03,201701034236265,MEGA,50,50,170,494.0,83980.0
2017-01-03,201701034236255,MEGA,50,48,31,494.0,15314.0
2017-01-03,201701034236225,MEGA,41,38,150,495.0,74250.0
2017-01-03,201701034236083,MEGA,41,22,100,494.0,49400.0
2017-01-03,201701034235953,MEGA,14,33,100,494.0,49400.0
2017-01-03,201701034235891,MEGA,49,48,350,490.0,171500.0
2017-01-03,201701034235890,MEGA,25,48,100,490.0,49000.0
2017-01-03,201701034236224,MFIL,51,17,30,190.0,5700.0
2017-01-03,201701034236029,MIDBL,21,41,20,585.0,11700.0
2017-01-03,201701034236008,MNBBL,48,32,500,825.0,412500.0
2017-01-03,201701034235973,MNBBL,48,32,100,820.0,82000.0
2017-01-03,201701034235967,MNBBL,48,32,100,819.0,81900.0
2017-01-03,201701034235966,MNBBL,48,41,50,819.0,40950.0
2017-01-03,201701034235965,MNBBL,48,41,50,819.0,40950.0
2017-01-03,201701034235964,MNBBL,48,51,100,815.0,81500.0
2017-01-03,201701034235963,MNBBL,48,36,100,815.0,81500.0
2017-01-03,201701034236206,NABIL,49,6,19,1540.0,29260.0
2017-01-03,201701034236190,NABIL,21,1,50,1545.0,77250.0
2017-01-03,201701034236147,NABIL,28,1,50,1545.0,77250.0
2017-01-03,201701034236146,NABIL,28,6,150,1542.0,231300.0
2017-01-03,201701034236026,NABIL,3,18,50,1550.0,77500.0
2017-01-03,201701034236019,NABIL,3,14,53,1544.0,81832.0
2017-01-03,201701034236354,NABILP,59,19,110,1169.0,128590.0
2017-01-03,201701034235925,NABILP,59,55,50,1166.0,58300.0
2017-01-03,201701034236211,NABILP,59,53,23,1170.0,26910.0
2017-01-03,201701034236210,NABILP,59,53,30,1170.0,35100.0
2017-01-03,201701034236215,NABILP,59,17,50,1189.0,59450.0
2017-01-03,201701034236214,NABILP,59,14,50,1189.0,59450.0
2017-01-03,201701034236381,NBB,8,38,260,740.0,192400.0
2017-01-03,201701034236380,NBB,43,38,50,740.0,37000.0
2017-01-03,201701034236379,NBB,49,38,150,740.0,111000.0
2017-01-03,201701034236328,NBB,28,17,150,746.0,111900.0
2017-01-03,201701034235915,NBB,22,42,100,745.0,74500.0
2017-01-03,201701034235914,NBB,22,7,500,745.0,372500.0
2017-01-03,201701034235913,NBB,22,17,70,744.0,52080.0
2017-01-03,201701034235910,NBB,28,17,100,744.0,74400.0
2017-01-03,201701034236108,NBB,1,19,100,747.0,74700.0
2017-01-03,201701034235972,NBB,56,56,300,746.0,223800.0
2017-01-03,201701034235970,NBB,51,56,200,746.0,149200.0
2017-01-03,201701034236232,NBB,41,17,50,746.0,37300.0
2017-01-03,201701034236120,NBB,34,19,1000,745.0,745000.0
2017-01-03,201701034236119,NBB,29,19,100,745.0,74500.0
2017-01-03,201701034236112,NBB,32,19,50,746.0,37300.0
2017-01-03,201701034236111,NBB,56,19,200,746.0,149200.0
2017-01-03,201701034236276,NBB,52,19,100,741.0,74100.0
2017-01-03,201701034236275,NBB,45,19,50,742.0,37100.0
2017-01-03,201701034236270,NBB,47,19,200,742.0,148400.0
2017-01-03,201701034236269,NBB,42,19,120,742.0,89040.0
2017-01-03,201701034236323,NBB,49,19,950,740.0,703000.0
2017-01-03,201701034236322,NBB,41,19,500,740.0,370000.0
2017-01-03,201701034236321,NBB,22,19,330,740.0,244200.0
2017-01-03,201701034236320,NBB,6,19,100,740.0,74000.0
2017-01-03,201701034236319,NBB,45,19,100,740.0,74000.0
2017-01-03,201701034236318,NBB,41,19,100,745.0,74500.0
2017-01-03,201701034236362,NBBL,11,41,40,2400.0,96000.0
2017-01-03,201701034236353,NBBL,21,47,10,2390.0,23900.0
2017-01-03,201701034236348,NBBL,21,41,10,2400.0,24000.0
2017-01-03,201701034236335,NBBL,13,47,50,2400.0,120000.0
2017-01-03,201701034236304,NBBL,13,16,20,2402.0,48040.0
2017-01-03,201701034236298,NBBL,13,47,40,2451.0,98040.0
2017-01-03,201701034236290,NBBL,21,47,10,2451.0,24510.0
2017-01-03,201701034236283,NBBL,21,48,10,2411.0,24110.0
2017-01-03,201701034236274,NBBL,11,47,10,2411.0,24110.0
2017-01-03,201701034236249,NBBL,4,6,10,2364.0,23640.0
2017-01-03,201701034236233,NBBL,17,48,10,2318.0,23180.0
2017-01-03,201701034236196,NBBL,21,48,10,2273.0,22730.0
2017-01-03,201701034235987,NBL,42,17,329,401.0,131929.0
2017-01-03,201701034235971,NBL,43,14,640,400.0,256000.0
2017-01-03,201701034235959,NBL,42,11,50,400.0,20000.0
2017-01-03,201701034235954,NBL,42,17,71,400.0,28400.0
2017-01-03,201701034235901,NGPL,32,36,10,280.0,2800.0
2017-01-03,201701034236247,NHPC,6,48,120,135.0,16200.0
2017-01-03,201701034236246,NHPC,29,48,500,135.0,67500.0
2017-01-03,201701034236245,NHPC,52,48,200,135.0,27000.0
2017-01-03,201701034236244,NHPC,8,48,100,135.0,13500.0
2017-01-03,201701034236243,NHPC,37,48,80,135.0,10800.0
2017-01-03,201701034236091,NHPC,36,43,100,136.0,13600.0
2017-01-03,201701034235933,NHPC,7,48,1000,136.0,136000.0
2017-01-03,201701034236342,NIB,58,56,26,723.0,18798.0
2017-01-03,201701034236258,NIB,49,58,200,725.0,145000.0
2017-01-03,201701034236230,NIB,11,16,26,726.0,18876.0
2017-01-03,201701034236221,NIB,11,59,20,725.0,14500.0
2017-01-03,201701034236150,NIB,11,33,26,725.0,18850.0
2017-01-03,201701034236066,NIB,41,14,100,725.0,72500.0
2017-01-03,201701034236020,NIB,6,29,100,725.0,72500.0
2017-01-03,201701034235936,NIB,17,14,100,720.0,72000.0
2017-01-03,201701034235935,NIB,38,14,150,720.0,108000.0
2017-01-03,201701034236375,NIBPO,49,49,300,660.0,198000.0
2017-01-03,201701034236316,NICA,10,29,50,520.0,26000.0
2017-01-03,201701034236303,NICA,6,29,40,520.0,20800.0
2017-01-03,201701034236291,NICA,42,48,138,519.0,71622.0
2017-01-03,201701034236248,NICA,6,29,27,516.0,13932.0
2017-01-03,201701034236167,NICA,6,48,130,516.0,67080.0
2017-01-03,201701034236157,NICA,6,14,52,515.0,26780.0
2017-01-03,201701034235996,NICA,22,5,100,513.0,51300.0
2017-01-03,201701034235985,NICA,47,47,150,513.0,76950.0
2017-01-03,201701034235960,NICA,22,50,220,510.0,112200.0
2017-01-03,201701034235911,NICA,36,32,50,513.0,25650.0
2017-01-03,201701034236067,NICL,22,14,50,845.0,42250.0
2017-01-03,201701034236129,NIL,41,48,50,822.0,41100.0
2017-01-03,201701034236128,NIL,41,48,100,822.0,82200.0
2017-01-03,201701034235934,NIL,1,38,40,821.0,32840.0
2017-01-03,201701034235899,NIL,10,52,90,835.0,75150.0
2017-01-03,201701034236216,NLBBL,32,56,100,1421.0,142100.0
2017-01-03,201701034236173,NLBBL,47,17,10,1415.0,14150.0
2017-01-03,201701034236242,NLG,17,41,88,1251.0,110088.0
2017-01-03,201701034236184,NLG,34,41,400,1250.0,500000.0
2017-01-03,201701034236160,NLG,19,41,100,1240.0,124000.0
2017-01-03,201701034236054,NLG,55,48,10,1239.0,12390.0
2017-01-03,201701034236309,NLIC,28,1,100,2695.0,269500.0
2017-01-03,201701034236308,NLIC,28,16,100,2690.0,269000.0
2017-01-03,201701034236286,NLIC,32,32,16,2675.0,42800.0
2017-01-03,201701034236282,NLIC,32,32,26,2675.0,69550.0
2017-01-03,201701034236240,NLIC,40,40,50,2670.0,133500.0
2017-01-03,201701034236038,NLIC,32,32,16,2675.0,42800.0
2017-01-03,201701034236027,NLIC,33,16,100,2674.0,267400.0
2017-01-03,201701034236012,NLIC,33,16,100,2670.0,267000.0
2017-01-03,201701034235905,NLIC,41,14,50,2655.0,132750.0
2017-01-03,201701034235904,NLIC,22,14,50,2655.0,132750.0
2017-01-03,201701034235903,NLIC,32,14,30,2656.0,79680.0
2017-01-03,201701034236007,NLICL,45,58,100,2050.0,205000.0
2017-01-03,201701034236006,NLICL,54,17,400,2045.0,818000.0
2017-01-03,201701034235944,NLICL,21,17,26,2040.0,53040.0
2017-01-03,201701034235930,NLICL,35,17,123,2040.0,250920.0
2017-01-03,201701034235924,NLICL,35,17,77,2040.0,157080.0
2017-01-03,201701034236059,NMB,41,17,100,515.0,51500.0
2017-01-03,201701034235902,NMB,1,42,100,510.0,51000.0
2017-01-03,201701034236152,NMBSF1,47,50,1500,12.4,18600.0
2017-01-03,201701034236369,NTC,56,33,500,700.0,350000.0
2017-01-03,201701034236351,NTC,49,49,4000,700.0,2800000.0
2017-01-03,201701034236081,NTC,56,46,330,700.0,231000.0
2017-01-03,201701034236080,NTC,56,33,500,700.0,350000.0
2017-01-03,201701034236065,NTC,52,52,1320,698.0,921360.0
2017-01-03,201701034236148,NTC,7,33,500,700.0,350000.0
2017-01-03,201701034236301,NTC,5,33,500,700.0,350000.0
2017-01-03,201701034236238,NTC,49,49,1000,700.0,700000.0
2017-01-03,201701034235906,NUBL,47,47,50,1270.0,63500.0
2017-01-03,201701034236366,PCBL,47,43,80,508.0,40640.0
2017-01-03,201701034236360,PCBL,47,48,14,508.0,7112.0
2017-01-03,201701034236296,PCBL,54,17,200,502.0,100400.0
2017-01-03,201701034236285,PCBL,6,57,250,501.0,125250.0
2017-01-03,201701034236106,PCBL,19,45,200,500.0,100000.0
2017-01-03,201701034236105,PCBL,54,45,40,500.0,20000.0
2017-01-03,201701034236104,PCBL,45,45,100,500.0,50000.0
2017-01-03,201701034236103,PCBL,22,45,100,501.0,50100.0
2017-01-03,201701034236102,PCBL,51,45,100,501.0,50100.0
2017-01-03,201701034236101,PCBL,41,45,100,502.0,50200.0
2017-01-03,201701034236100,PCBL,34,45,300,503.0,150900.0
2017-01-03,201701034236011,PCBL,51,45,100,501.0,50100.0
2017-01-03,201701034236017,PIC,33,40,10,1346.0,13460.0
2017-01-03,201701034236329,PICL,37,14,230,1190.0,273700.0
2017-01-03,201701034236306,PICL,37,6,20,1186.0,23720.0
2017-01-03,201701034236345,PLIC,48,20,90,1627.0,146430.0
2017-01-03,201701034236344,PLIC,48,46,10,1626.0,16260.0
2017-01-03,201701034236158,PLIC,11,5,20,1625.0,32500.0
2017-01-03,201701034236311,PRIN,53,8,150,1100.0,165000.0
2017-01-03,201701034236149,PRIN,6,32,78,1099.0,85722.0
2017-01-03,201701034235929,PRIN,47,8,50,1100.0,55000.0
2017-01-03,201701034236383,PROFL,51,39,50,176.0,8800.0
2017-01-03,201701034236382,PROFL,51,45,20,176.0,3520.0
2017-01-03,201701034235895,PROFL,39,52,100,173.0,17300.0
2017-01-03,201701034235888,PROFL,39,45,20,171.0,3420.0
2017-01-03,201701034236218,RMDC,25,40,220,610.0,134200.0
2017-01-03,201701034235961,RMDC,29,32,270,615.0,166050.0
2017-01-03,201701034235986,SADBL,13,58,90,352.0,31680.0
2017-01-03,201701034235958,SADBL,47,58,84,352.0,29568.0
2017-01-03,201701034235932,SADBL,13,17,200,350.0,70000.0
2017-01-03,201701034236347,SANIMA,10,45,30,548.0,16440.0
2017-01-03,201701034236257,SANIMA,17,21,100,547.0,54700.0
2017-01-03,201701034236228,SANIMA,46,54,50,549.0,27450.0
2017-01-03,201701034236227,SANIMA,46,21,20,548.0,10960.0
2017-01-03,201701034236226,SANIMA,46,17,30,548.0,16440.0
2017-01-03,201701034236174,SANIMA,34,54,300,549.0,164700.0
2017-01-03,201701034236063,SANIMA,14,50,450,545.0,245250.0
2017-01-03,201701034236041,SANIMA,39,50,50,545.0,27250.0
2017-01-03,201701034236169,SANIMA,11,54,10,549.0,5490.0
2017-01-03,201701034236162,SANIMA,34,50,140,550.0,77000.0
2017-01-03,201701034236114,SANIMA,34,25,40,550.0,22000.0
2017-01-03,201701034236099,SANIMA,11,25,500,550.0,275000.0
2017-01-03,201701034236098,SANIMA,11,32,200,550.0,110000.0
2017-01-03,201701034236079,SANIMA,11,54,290,549.0,159210.0
2017-01-03,201701034236267,SBI,16,58,80,1460.0,116800.0
2017-01-03,201701034236003,SBI,16,17,20,1460.0,29200.0
2017-01-03,201701034235984,SBI,38,17,30,1460.0,43800.0
2017-01-03,201701034235982,SBI,38,17,100,1460.0,146000.0
2017-01-03,201701034235942,SBI,41,17,100,1460.0,146000.0
2017-01-03,201701034235917,SBI,35,17,150,1460.0,219000.0
2017-01-03,201701034235893,SBI,35,19,50,1460.0,73000.0
2017-01-03,201701034235892,SBI,38,17,250,1463.0,365750.0
2017-01-03,201701034236305,SBL,29,14,180,990.0,178200.0
2017-01-03,201701034236302,SBL,17,14,20,990.0,19800.0
2017-01-03,201701034236256,SBL,47,37,50,993.0,49650.0
2017-01-03,201701034236310,SCB,42,56,100,1945.0,194500.0
2017-01-03,201701034236202,SCB,4,17,100,1947.0,194700.0
2017-01-03,201701034236172,SCB,40,17,100,1946.0,194600.0
2017-01-03,201701034236118,SCB,11,17,100,1946.0,194600.0
2017-01-03,201701034236307,SDBL,32,49,70,327.0,22890.0
2017-01-03,201701034236361,SHINE,57,41,100,354.0,35400.0
2017-01-03,201701034236358,SHINE,38,41,100,355.0,35500.0
2017-01-03,201701034236168,SHPC,10,50,532,780.0,414960.0
2017-01-03,201701034236060,SHPC,13,17,115,779.0,89585.0
2017-01-03,201701034236051,SHPC,13,13,18,780.0,14040.0
2017-01-03,201701034236021,SHPC,19,13,18,780.0,14040.0
2017-01-03,201701034236016,SHPC,19,13,18,780.0,14040.0
2017-01-03,201701034236046,SIC,36,17,10,1145.0,11450.0
2017-01-03,201701034236198,SICL,42,17,30,2090.0,62700.0
2017-01-03,201701034236018,SICL,14,32,90,2085.0,187650.0
2017-01-03,201701034236363,SIL,29,14,50,1339.0,66950.0
2017-01-03,201701034236241,SIL,6,34,200,1339.0,267800.0
2017-01-03,201701034236116,SIL,52,6,20,1342.0,26840.0
2017-01-03,201701034235927,SIL,33,34,50,1330.0,66500.0
2017-01-03,201701034235926,SIL,33,58,100,1330.0,133000.0
2017-01-03,201701034236352,SKBBL,29,41,28,1015.0,28420.0
2017-01-03,201701034236349,SKBBL,29,41,10,1015.0,10150.0
2017-01-03,201701034236334,SKBBL,32,25,100,1025.0,102500.0
2017-01-03,201701034236325,SKBBL,32,41,10,1020.0,10200.0
2017-01-03,201701034236372,SRBL,36,25,148,499.0,73852.0
2017-01-03,201701034236151,SRBL,59,43,50,494.0,24700.0
2017-01-03,201701034236141,SRBL,36,21,300,493.0,147900.0
2017-01-03,201701034235995,SRBL,32,45,47,490.0,23030.0
2017-01-03,201701034236373,VSDBL,6,48,220,178.0,39160.0
2017-01-03,201701034236195,VSDBL,21,48,500,178.0,89000.0
2017-01-03,201701034236194,VSDBL,1,48,130,179.0,23270.0
2017-01-03,201701034236156,VSDBL,1,48,250,179.0,44750.0
2017-01-03,201701034236125,VSDBL,46,49,50,180.0,9000.0
2017-01-03,201701034235919,VSDBL,1,32,1000,179.0,179000.0
2017-01-03,201701034237353,ADBL,6,56,200,535.0,107000.0
2017-01-03,201701034237352,ADBL,40,56,100,535.0,53500.0
2017-01-03,201701034237351,ADBL,6,56,100,535.0,53500.0
2017-01-03,201701034237350,ADBL,25,56,300,535.0,160500.0
2017-01-03,201701034237349,ADBL,21,56,50,535.0,26750.0
2017-01-03,201701034237348,ADBL,25,56,50,535.0,26750.0
2017-01-03,201701034237135,ADBL,6,39,50,541.0,27050.0
2017-01-03,201701034236922,ADBL,42,6,20,545.0,10900.0
2017-01-03,201701034236921,ADBL,42,6,60,545.0,32700.0
2017-01-03,201701034237347,ADBL,25,56,30,535.0,16050.0
2017-01-03,201701034237346,ADBL,37,56,200,536.0,107200.0
2017-01-03,201701034237275,ADBL,45,6,200,540.0,108000.0
2017-01-03,201701034237274,ADBL,6,6,50,541.0,27050.0
2017-01-03,201701034237259,ADBL,38,6,120,542.0,65040.0
2017-01-03,201701034237193,ADBL,38,57,75,542.0,40650.0
2017-01-03,201701034236930,ALDBL,22,56,13,308.0,4004.0
2017-01-03,201701034236920,ALDBL,22,56,10,308.0,3080.0
2017-01-03,201701034236919,ALDBL,22,56,300,308.0,92400.0
2017-01-03,201701034237312,ALICL,35,35,59,1385.0,81715.0
2017-01-03,201701034237378,API,22,16,50,405.0,20250.0
2017-01-03,201701034237372,API,22,58,10,405.0,4050.0
2017-01-03,201701034237357,API,22,58,26,405.0,10530.0
2017-01-03,201701034237196,BHBL,1,56,270,330.0,89100.0
2017-01-03,201701034237273,BOKL,41,56,20,615.0,12300.0
2017-01-03,201701034237272,BOKL,32,56,500,615.0,307500.0
2017-01-03,201701034237271,BOKL,32,56,100,615.0,61500.0
2017-01-03,201701034237270,BOKL,38,56,100,615.0,61500.0
2017-01-03,201701034237269,BOKL,16,56,50,615.0,30750.0
2017-01-03,201701034237268,BOKL,13,56,50,615.0,30750.0
2017-01-03,201701034237103,BOKL,37,54,350,622.0,217700.0
2017-01-03,201701034237102,BOKL,44,54,20,623.0,12460.0
2017-01-03,201701034237011,BOKL,13,34,42,622.0,26124.0
2017-01-03,201701034236977,BOKL,44,34,980,623.0,610540.0
2017-01-03,201701034236976,BOKL,6,34,20,624.0,12480.0
2017-01-03,201701034236963,BOKL,6,52,30,624.0,18720.0
2017-01-03,201701034237256,BOKL,51,56,300,620.0,186000.0
2017-01-03,201701034237255,BOKL,41,56,100,620.0,62000.0
2017-01-03,201701034237254,BOKL,47,56,100,620.0,62000.0
2017-01-03,201701034237253,BOKL,34,56,200,621.0,124200.0
2017-01-03,201701034237252,BOKL,19,56,280,622.0,174160.0
2017-01-03,201701034237225,BOKL,19,54,130,622.0,80860.0
2017-01-03,201701034237267,BOKL,43,56,100,616.0,61600.0
2017-01-03,201701034237266,BOKL,49,56,100,616.0,61600.0
2017-01-03,201701034237265,BOKL,59,56,100,618.0,61800.0
2017-01-03,201701034237264,BOKL,43,56,100,618.0,61800.0
2017-01-03,201701034237263,BOKL,17,56,100,619.0,61900.0
2017-01-03,201701034237262,BOKL,38,56,200,619.0,123800.0
2017-01-03,201701034237332,CBL,46,17,100,250.0,25000.0
2017-01-03,201701034237331,CBL,45,17,500,250.0,125000.0
2017-01-03,201701034237330,CBL,17,17,200,250.0,50000.0
2017-01-03,201701034237329,CBL,7,17,1000,250.0,250000.0
2017-01-03,201701034237328,CBL,16,17,500,250.0,125000.0
2017-01-03,201701034237327,CBL,38,17,200,250.0,50000.0
2017-01-03,201701034237326,CBL,38,17,200,250.0,50000.0
2017-01-03,201701034237184,CBL,5,48,306,252.0,77112.0
2017-01-03,201701034237178,CBL,5,51,13,252.0,3276.0
2017-01-03,201701034237177,CBL,5,51,30,252.0,7560.0
2017-01-03,201701034237302,CCBL,47,21,16,345.0,5520.0
2017-01-03,201701034237229,CCBL,17,17,222,343.0,76146.0
2017-01-03,201701034237063,CCBL,49,25,70,345.0,24150.0
2017-01-03,201701034236998,CCBL,5,45,559,344.0,192296.0
2017-01-03,201701034237236,CHCL,49,50,70,816.0,57120.0
2017-01-03,201701034237082,CHCL,49,44,130,817.0,106210.0
2017-01-03,201701034237003,CHCL,14,38,50,815.0,40750.0
2017-01-03,201701034236978,CHCL,37,1,210,816.0,171360.0
2017-01-03,201701034236973,CHCL,1,44,300,817.0,245100.0
2017-01-03,201701034236972,CHCL,56,44,70,818.0,57260.0
2017-01-03,201701034236954,CHCL,47,34,200,820.0,164000.0
2017-01-03,201701034236932,CHCL,36,39,12,820.0,9840.0
2017-01-03,201701034236925,CHCL,36,53,50,820.0,41000.0
2017-01-03,201701034236923,CHCL,36,39,50,820.0,41000.0
2017-01-03,201701034236917,CHCL,36,53,100,820.0,82000.0
2017-01-03,201701034236897,CHCL,36,34,100,820.0,82000.0
2017-01-03,201701034237386,CZBIL,6,4,400,494.0,197600.0
2017-01-03,201701034237385,CZBIL,14,37,50,495.0,24750.0
2017-01-03,201701034237384,CZBIL,14,37,75,495.0,37125.0
2017-01-03,201701034237365,CZBIL,42,56,200,496.0,99200.0
2017-01-03,201701034237343,CZBIL,42,56,50,496.0,24800.0
2017-01-03,201701034237291,CZBIL,14,16,100,495.0,49500.0
2017-01-03,201701034236965,CZBIL,49,49,150,497.0,74550.0
2017-01-03,201701034236956,CZBIL,25,5,12,496.0,5952.0
2017-01-03,201701034237088,CZBIL,47,48,50,495.0,24750.0
2017-01-03,201701034237086,CZBIL,39,17,206,497.0,102382.0
2017-01-03,201701034237085,CZBIL,39,48,410,497.0,203770.0
2017-01-03,201701034237084,CZBIL,39,49,210,497.0,104370.0
2017-01-03,201701034237050,CZBIL,37,57,200,496.0,99200.0
2017-01-03,201701034236971,CZBIL,59,49,40,497.0,19880.0
2017-01-03,201701034237219,CZBIL,47,56,130,495.0,64350.0
2017-01-03,201701034237218,CZBIL,39,56,600,496.0,297600.0
2017-01-03,201701034237197,CZBIL,49,40,100,497.0,49700.0
2017-01-03,201701034237146,CZBIL,39,6,100,496.0,49600.0
2017-01-03,201701034237098,CZBIL,39,4,300,496.0,148800.0
2017-01-03,201701034237285,CZBIL,14,56,20,495.0,9900.0
2017-01-03,201701034237224,CZBIL,17,56,50,495.0,24750.0
2017-01-03,201701034237223,CZBIL,59,56,400,495.0,198000.0
2017-01-03,201701034237222,CZBIL,58,56,500,495.0,247500.0
2017-01-03,201701034237221,CZBIL,8,56,200,495.0,99000.0
2017-01-03,201701034237220,CZBIL,40,56,500,495.0,247500.0
2017-01-03,201701034237277,EBL,19,53,83,1825.0,151475.0
2017-01-03,201701034237232,EBL,19,56,550,1825.0,1003750.0
2017-01-03,201701034237231,EBL,34,56,100,1828.0,182800.0
2017-01-03,201701034237230,EBL,45,56,50,1830.0,91500.0
2017-01-03,201701034237200,EBL,17,17,100,1835.0,183500.0
2017-01-03,201701034237108,EBL,48,35,20,1840.0,36800.0
2017-01-03,201701034237089,EBL,48,54,30,1840.0,55200.0
2017-01-03,201701034237081,EBL,48,35,150,1840.0,276000.0
2017-01-03,201701034237080,EBL,48,57,100,1840.0,184000.0
2017-01-03,201701034237077,EBL,57,35,1500,1835.0,2752500.0
2017-01-03,201701034237032,EBL,28,35,50,1840.0,92000.0
2017-01-03,201701034236945,EBL,39,39,50,1830.0,91500.0
2017-01-03,201701034237150,FMDBL,8,56,50,922.0,46100.0
2017-01-03,201701034237149,FMDBL,16,56,100,922.0,92200.0
2017-01-03,201701034236939,FMDBL,51,43,20,936.0,18720.0
2017-01-03,201701034236938,FMDBL,42,43,100,940.0,94000.0
2017-01-03,201701034236937,FMDBL,5,43,300,942.0,282600.0
2017-01-03,201701034236936,FMDBL,40,43,100,945.0,94500.0
2017-01-03,201701034237377,GBBL,14,43,53,390.0,20670.0
2017-01-03,201701034237374,GBIME,25,14,77,424.0,32648.0
2017-01-03,201701034237336,GBIME,25,14,68,424.0,28832.0
2017-01-03,201701034237008,GBIME,14,17,50,424.0,21200.0
2017-01-03,201701034236953,GBIME,34,17,50,424.0,21200.0
2017-01-03,201701034236899,GBIME,22,17,100,424.0,42400.0
2017-01-03,201701034237297,GLICL,35,35,61,687.0,41907.0
2017-01-03,201701034237242,GLICL,45,36,200,685.0,137000.0
2017-01-03,201701034237241,GLICL,25,36,200,685.0,137000.0
2017-01-03,201701034237240,GLICL,5,36,100,685.0,68500.0
2017-01-03,201701034237239,GLICL,20,36,200,686.0,137200.0
2017-01-03,201701034237238,GLICL,1,36,300,687.0,206100.0
2017-01-03,201701034237097,GRDBL,18,58,10,481.0,4810.0
2017-01-03,201701034236924,HAMRO,17,38,100,410.0,41000.0
2017-01-03,201701034237383,HBL,5,8,100,880.0,88000.0
2017-01-03,201701034237305,HBL,45,17,67,877.0,58759.0
2017-01-03,201701034237137,HBL,45,22,100,876.0,87600.0
2017-01-03,201701034237136,HBL,45,22,50,876.0,43800.0
2017-01-03,201701034237340,HGI,29,20,100,1298.0,129800.0
2017-01-03,201701034237317,HGI,22,20,90,1298.0,116820.0
2017-01-03,201701034237316,HGI,22,59,10,1285.0,12850.0
2017-01-03,201701034237120,HGI,51,59,100,1285.0,128500.0
2017-01-03,201701034237119,HGI,8,59,100,1286.0,128600.0
2017-01-03,201701034236943,HGI,11,39,50,1290.0,64500.0
2017-01-03,201701034237355,HIDCL,45,13,72,228.0,16416.0
2017-01-03,201701034237354,HIDCL,45,21,100,228.0,22800.0
2017-01-03,201701034237295,HIDCL,52,21,62,227.0,14074.0
2017-01-03,201701034237233,HIDCL,32,29,112,225.0,25200.0
2017-01-03,201701034237147,HIDCL,49,49,56,226.0,12656.0
2017-01-03,201701034237109,HIDCL,49,49,56,225.0,12600.0
2017-01-03,201701034236961,HIDCL,49,49,56,225.0,12600.0
2017-01-03,201701034236935,HIDCL,37,21,200,225.0,45000.0
2017-01-03,201701034236934,HIDCL,49,56,84,226.0,18984.0
2017-01-03,201701034237028,HIDCL,25,41,56,224.0,12544.0
2017-01-03,201701034237020,HIDCL,50,41,56,224.0,12544.0
2017-01-03,201701034236999,HIDCL,40,41,56,225.0,12600.0
2017-01-03,201701034236979,HIDCL,49,49,56,226.0,12656.0
2017-01-03,201701034236964,HIDCL,32,41,56,224.0,12544.0
2017-01-03,201701034237104,HIDCL,49,49,29,225.0,6525.0
2017-01-03,201701034237093,HIDCL,49,49,29,225.0,6525.0
2017-01-03,201701034237087,HIDCL,49,49,56,225.0,12600.0
2017-01-03,201701034237076,HIDCL,49,49,56,225.0,12600.0
2017-01-03,201701034237051,HIDCL,14,41,56,225.0,12600.0
2017-01-03,201701034237046,HIDCL,14,41,56,225.0,12600.0
2017-01-03,201701034237031,ICFC,34,44,44,254.0,11176.0
2017-01-03,201701034237322,JBBL,19,38,70,286.0,20020.0
2017-01-03,201701034236944,JBBL,33,38,30,286.0,8580.0
2017-01-03,201701034237183,JSLBB,29,29,10,1798.0,17980.0
2017-01-03,201701034237376,KBL,6,33,98,524.0,51352.0
2017-01-03,201701034237044,KBL,16,44,118,523.0,61714.0
2017-01-03,201701034237042,KBL,43,34,400,525.0,210000.0
2017-01-03,201701034237041,KBL,5,34,100,525.0,52500.0
2017-01-03,201701034237040,KBL,35,34,300,525.0,157500.0
2017-01-03,201701034237039,KBL,46,34,300,525.0,157500.0
2017-01-03,201701034237038,KBL,41,34,100,525.0,52500.0
2017-01-03,201701034237037,KBL,56,34,100,525.0,52500.0
2017-01-03,201701034237036,KBL,43,34,100,525.0,52500.0
2017-01-03,201701034237035,KBL,45,34,100,525.0,52500.0
2017-01-03,201701034236958,KBL,56,51,95,527.0,50065.0
2017-01-03,201701034236957,KBL,56,51,100,527.0,52700.0
2017-01-03,201701034237176,KMFL,14,14,10,1855.0,18550.0
2017-01-03,201701034237175,KMFL,14,14,10,1855.0,18550.0
2017-01-03,201701034237174,KMFL,14,14,10,1855.0,18550.0
2017-01-03,201701034237290,LBL,59,56,1000,688.0,688000.0
2017-01-03,201701034237289,LBL,17,56,50,689.0,34450.0
2017-01-03,201701034237288,LBL,17,56,50,689.0,34450.0
2017-01-03,201701034237287,LBL,16,56,1000,690.0,690000.0
2017-01-03,201701034237286,LBL,18,56,100,691.0,69100.0
2017-01-03,201701034237201,LGIL,48,16,200,1285.0,257000.0
2017-01-03,201701034237198,LGIL,48,33,11,1280.0,14080.0
2017-01-03,201701034236928,LGIL,11,16,50,1277.0,63850.0
2017-01-03,201701034236927,LGIL,37,16,100,1277.0,127700.0
2017-01-03,201701034237045,LICN,21,56,10,2450.0,24500.0
2017-01-03,201701034236948,LICN,19,28,100,2451.0,245100.0
2017-01-03,201701034236947,LICN,13,28,200,2453.0,490600.0
2017-01-03,201701034237260,LLBS,17,17,45,1185.0,53325.0
2017-01-03,201701034237258,LLBS,21,34,10,1199.0,11990.0
2017-01-03,201701034237004,MBL,22,7,350,409.0,143150.0
2017-01-03,201701034236960,MBL,41,13,100,410.0,41000.0
2017-01-03,201701034236959,MBL,58,13,150,410.0,61500.0
2017-01-03,201701034237194,MDB,16,16,50,525.0,26250.0
2017-01-03,201701034237387,MEGA,58,29,29,488.0,14152.0
2017-01-03,201701034237359,MEGA,29,13,141,488.0,68808.0
2017-01-03,201701034237293,MEGA,58,16,75,488.0,36600.0
2017-01-03,201701034237280,MEGA,17,17,51,488.0,24888.0
2017-01-03,201701034237190,MEGA,37,43,100,487.0,48700.0
2017-01-03,201701034237188,MEGA,35,43,50,487.0,24350.0
2017-01-03,201701034236988,MEGA,35,35,41,487.0,19967.0
2017-01-03,201701034236929,MEGA,44,39,31,487.0,15097.0
2017-01-03,201701034237187,MEGA,16,43,50,488.0,24400.0
2017-01-03,201701034237186,MEGA,39,41,63,487.0,30681.0
2017-01-03,201701034237094,MEGA,39,43,200,487.0,97400.0
2017-01-03,201701034237058,MEGA,59,44,391,485.0,189635.0
2017-01-03,201701034237021,MEGA,25,35,41,487.0,19967.0
2017-01-03,201701034237012,MEGA,35,35,41,487.0,19967.0
2017-01-03,201701034237373,MFIL,51,49,200,195.0,39000.0
2017-01-03,201701034237366,MFIL,51,49,200,195.0,39000.0
2017-01-03,201701034237335,MFIL,51,49,40,193.0,7720.0
2017-01-03,201701034237334,MFIL,51,49,460,193.0,88780.0
2017-01-03,201701034237314,MFIL,51,52,410,195.0,79950.0
2017-01-03,201701034237313,MFIL,51,16,50,194.0,9700.0
2017-01-03,201701034237299,MFIL,51,6,100,193.0,19300.0
2017-01-03,201701034237298,MFIL,51,21,10,192.0,1920.0
2017-01-03,201701034236898,MFIL,35,25,39,190.0,7410.0
2017-01-03,201701034237309,MNBBL,35,56,500,800.0,400000.0
2017-01-03,201701034237308,MNBBL,1,56,50,801.0,40050.0
2017-01-03,201701034237307,MNBBL,48,56,100,801.0,80100.0
2017-01-03,201701034237306,MNBBL,58,56,50,803.0,40150.0
2017-01-03,201701034237304,MNBBL,11,56,200,805.0,161000.0
2017-01-03,201701034237303,MNBBL,42,56,50,810.0,40500.0
2017-01-03,201701034237053,MSMBS,36,41,90,686.0,61740.0
2017-01-03,201701034237284,NABIL,55,34,50,1540.0,77000.0
2017-01-03,201701034237283,NABIL,47,34,100,1540.0,154000.0
2017-01-03,201701034237282,NABIL,22,34,10,1541.0,15410.0
2017-01-03,201701034237148,NABIL,1,59,43,1542.0,66306.0
2017-01-03,201701034237099,NABIL,22,34,90,1541.0,138690.0
2017-01-03,201701034237096,NABIL,22,34,110,1541.0,169510.0
2017-01-03,201701034237095,NABIL,22,11,100,1541.0,154100.0
2017-01-03,201701034237091,NABIL,47,19,100,1540.0,154000.0
2017-01-03,201701034237090,NABIL,11,19,50,1540.0,77000.0
2017-01-03,201701034237369,NBB,49,1,200,742.0,148400.0
2017-01-03,201701034237368,NBB,47,1,10,742.0,7420.0
2017-01-03,201701034237294,NBB,44,38,200,743.0,148600.0
2017-01-03,201701034237228,NBB,11,38,20,743.0,14860.0
2017-01-03,201701034237227,NBB,11,40,30,743.0,22290.0
2017-01-03,201701034237191,NBB,49,6,100,742.0,74200.0
2017-01-03,201701034237127,NBB,49,13,100,742.0,74200.0
2017-01-03,201701034237126,NBB,49,25,100,742.0,74200.0
2017-01-03,201701034237234,NBBL,47,17,20,2230.0,44600.0
2017-01-03,201701034237027,NCDB,13,43,200,284.0,56800.0
2017-01-03,201701034237129,NGPL,19,17,10,285.0,2850.0
2017-01-03,201701034237128,NGPL,19,17,10,285.0,2850.0
2017-01-03,201701034237106,NGPL,32,35,10,280.0,2800.0
2017-01-03,201701034236952,NGPL,32,39,10,280.0,2800.0
2017-01-03,201701034236896,NHPC,6,56,500,135.0,67500.0
2017-01-03,201701034237356,NIB,57,17,157,717.0,112569.0
2017-01-03,201701034237337,NIB,41,58,70,716.0,50120.0
2017-01-03,201701034237300,NIB,17,17,101,715.0,72215.0
2017-01-03,201701034237296,NIB,5,17,200,715.0,143000.0
2017-01-03,201701034237292,NIB,17,17,26,716.0,18616.0
2017-01-03,201701034237247,NIB,17,28,450,715.0,321750.0
2017-01-03,201701034236890,NIB,49,38,20,723.0,14460.0
2017-01-03,201701034236942,NIB,52,17,420,720.0,302400.0
2017-01-03,201701034236941,NIB,17,17,130,720.0,93600.0
2017-01-03,201701034236940,NIB,51,17,170,721.0,122570.0
2017-01-03,201701034236931,NIB,46,38,30,723.0,21690.0
2017-01-03,201701034236918,NIB,49,49,18,722.0,12996.0
2017-01-03,201701034236912,NIB,51,39,30,721.0,21630.0
2017-01-03,201701034237002,NIB,49,49,26,721.0,18746.0
2017-01-03,201701034236989,NIB,36,19,26,720.0,18720.0
2017-01-03,201701034236962,NIB,11,17,500,718.0,359000.0
2017-01-03,201701034236955,NIB,29,58,100,719.0,71900.0
2017-01-03,201701034236951,NIB,45,39,26,718.0,18668.0
2017-01-03,201701034236949,NIB,45,39,26,718.0,18668.0
2017-01-03,201701034237061,NIB,45,34,80,718.0,57440.0
2017-01-03,201701034237060,NIB,36,34,150,718.0,107700.0
2017-01-03,201701034237054,NIB,49,49,26,720.0,18720.0
2017-01-03,201701034237043,NIB,49,49,26,720.0,18720.0
2017-01-03,201701034237024,NIB,14,58,100,720.0,72000.0
2017-01-03,201701034237023,NIB,49,49,18,721.0,12978.0
2017-01-03,201701034237195,NIB,49,49,26,717.0,18642.0
2017-01-03,201701034237189,NIB,48,58,200,717.0,143400.0
2017-01-03,201701034237180,NIB,40,6,60,717.0,43020.0
2017-01-03,201701034237179,NIB,5,6,40,717.0,28680.0
2017-01-03,201701034237151,NIB,42,58,70,717.0,50190.0
2017-01-03,201701034237062,NIB,45,34,80,718.0,57440.0
2017-01-03,201701034237246,NIB,19,28,100,715.0,71500.0
2017-01-03,201701034237245,NIB,13,28,50,715.0,35750.0
2017-01-03,201701034237244,NIB,49,28,300,715.0,214500.0
2017-01-03,201701034237243,NIB,39,28,100,716.0,71600.0
2017-01-03,201701034237237,NIB,49,49,26,717.0,18642.0
2017-01-03,201701034237217,NIB,49,49,26,717.0,18642.0
2017-01-03,201701034237185,NIBPO,59,47,315,658.0,207270.0
2017-01-03,201701034237017,NIBPO,59,17,106,660.0,69960.0
2017-01-03,201701034237016,NIBPO,59,17,500,660.0,330000.0
2017-01-03,201701034236926,NIBPO,59,47,612,660.0,403920.0
2017-01-03,201701034237325,NICA,25,25,50,510.0,25500.0
2017-01-03,201701034237324,NICA,25,25,50,510.0,25500.0
2017-01-03,201701034237318,NICA,45,21,12,510.0,6120.0
2017-01-03,201701034237173,NICA,45,56,590,510.0,300900.0
2017-01-03,201701034237172,NICA,1,56,100,510.0,51000.0
2017-01-03,201701034237171,NICA,28,56,1000,511.0,511000.0
2017-01-03,201701034237164,NICA,39,56,100,515.0,51500.0
2017-01-03,201701034237034,NICA,47,52,150,515.0,77250.0
2017-01-03,201701034237030,NICA,47,41,28,515.0,14420.0
2017-01-03,201701034237005,NICA,8,59,160,513.0,82080.0
2017-01-03,201701034237170,NICA,28,56,1000,511.0,511000.0
2017-01-03,201701034237169,NICA,6,56,200,511.0,102200.0
2017-01-03,201701034237168,NICA,8,56,200,512.0,102400.0
2017-01-03,201701034237167,NICA,22,56,100,512.0,51200.0
2017-01-03,201701034237166,NICA,41,56,100,512.0,51200.0
2017-01-03,201701034237165,NICA,43,56,110,513.0,56430.0
2017-01-03,201701034237311,NICL,40,21,300,830.0,249000.0
2017-01-03,201701034237278,NICL,1,14,50,837.0,41850.0
2017-01-03,201701034237371,NLG,33,17,30,1251.0,37530.0
2017-01-03,201701034237345,NLG,40,56,500,1253.0,626500.0
2017-01-03,201701034237344,NLG,17,56,150,1255.0,188250.0
2017-01-03,201701034237235,NLG,35,35,30,1257.0,37710.0
2017-01-03,201701034237092,NLG,35,35,30,1257.0,37710.0
2017-01-03,201701034236996,NLIC,51,17,50,2650.0,132500.0
2017-01-03,201701034236995,NLIC,36,17,100,2650.0,265000.0
2017-01-03,201701034236994,NLIC,19,17,100,2650.0,265000.0
2017-01-03,201701034236993,NLIC,41,17,300,2650.0,795000.0
2017-01-03,201701034236992,NLIC,37,17,100,2651.0,265100.0
2017-01-03,201701034236991,NLIC,53,17,100,2651.0,265100.0
2017-01-03,201701034236982,NLIC,32,17,100,2655.0,265500.0
2017-01-03,201701034236981,NLIC,41,17,50,2657.0,132850.0
2017-01-03,201701034236980,NLIC,19,17,110,2660.0,292600.0
2017-01-03,201701034236974,NLIC,19,25,30,2660.0,79800.0
2017-01-03,201701034236990,NLIC,56,17,50,2653.0,132650.0
2017-01-03,201701034236987,NLIC,56,17,100,2654.0,265400.0
2017-01-03,201701034236986,NLIC,56,17,100,2654.0,265400.0
2017-01-03,201701034236985,NLIC,33,17,100,2655.0,265500.0
2017-01-03,201701034236984,NLIC,17,17,100,2655.0,265500.0
2017-01-03,201701034236983,NLIC,32,17,100,2655.0,265500.0
2017-01-03,201701034237364,NLICL,47,17,100,2020.0,202000.0
2017-01-03,201701034237363,NLICL,41,17,300,2020.0,606000.0
2017-01-03,201701034237362,NLICL,38,17,500,2021.0,1010500.0
2017-01-03,201701034237361,NLICL,17,17,30,2025.0,60750.0
2017-01-03,201701034237360,NLICL,19,17,200,2030.0,406000.0
2017-01-03,201701034237321,NLICL,21,6,30,2040.0,61200.0
2017-01-03,201701034237320,NLICL,47,6,10,2040.0,20400.0
2017-01-03,201701034237319,NLICL,48,6,10,2040.0,20400.0
2017-01-03,201701034237382,NMB,16,56,410,512.0,209920.0
2017-01-03,201701034237381,NMB,22,56,210,512.0,107520.0
2017-01-03,201701034237380,NMB,7,56,330,513.0,169290.0
2017-01-03,201701034237379,NMB,46,56,50,515.0,25750.0
2017-01-03,201701034236946,NMB,7,25,22,513.0,11286.0
2017-01-03,201701034237281,NTC,7,45,100,700.0,70000.0
2017-01-03,201701034237110,NTC,56,52,250,700.0,175000.0
2017-01-03,201701034237065,NTC,56,32,100,700.0,70000.0
2017-01-03,201701034236933,NTC,56,42,200,700.0,140000.0
2017-01-03,201701034237212,PCBL,32,45,300,495.0,148500.0
2017-01-03,201701034237211,PCBL,47,45,500,495.0,247500.0
2017-01-03,201701034237210,PCBL,45,45,1000,495.0,495000.0
2017-01-03,201701034237209,PCBL,19,45,1000,495.0,495000.0
2017-01-03,201701034237208,PCBL,46,45,100,495.0,49500.0
2017-01-03,201701034237207,PCBL,17,45,200,495.0,99000.0
2017-01-03,201701034237138,PCBL,45,56,50,500.0,25000.0
2017-01-03,201701034237107,PCBL,38,33,150,502.0,75300.0
2017-01-03,201701034237105,PCBL,55,33,50,502.0,25100.0
2017-01-03,201701034237052,PCBL,33,45,289,500.0,144500.0
2017-01-03,201701034237048,PCBL,17,33,500,503.0,251500.0
2017-01-03,201701034237047,PCBL,17,29,150,502.0,75300.0
2017-01-03,201701034237144,PCBL,34,56,400,499.0,199600.0
2017-01-03,201701034237143,PCBL,28,56,500,499.0,249500.0
2017-01-03,201701034237142,PCBL,34,56,500,499.0,249500.0
2017-01-03,201701034237141,PCBL,54,56,150,500.0,75000.0
2017-01-03,201701034237140,PCBL,19,56,500,500.0,250000.0
2017-01-03,201701034237139,PCBL,57,56,500,500.0,250000.0
2017-01-03,201701034237206,PCBL,6,45,500,496.0,248000.0
2017-01-03,201701034237205,PCBL,17,45,100,496.0,49600.0
2017-01-03,201701034237204,PCBL,17,45,100,496.0,49600.0
2017-01-03,201701034237203,PCBL,25,45,100,496.0,49600.0
2017-01-03,201701034237202,PCBL,37,45,100,497.0,49700.0
2017-01-03,201701034237145,PCBL,28,56,1000,499.0,499000.0
2017-01-03,201701034236888,PIC,57,58,100,1372.0,137200.0
2017-01-03,201701034236997,PICL,42,34,100,1180.0,118000.0
2017-01-03,201701034237301,PLIC,13,56,60,1570.0,94200.0
2017-01-03,201701034237216,PLIC,38,56,80,1580.0,126400.0
2017-01-03,201701034237215,PLIC,38,56,60,1580.0,94800.0
2017-01-03,201701034237214,PLIC,38,56,50,1580.0,79000.0
2017-01-03,201701034237213,PLIC,38,56,50,1580.0,79000.0
2017-01-03,201701034237078,PLIC,35,35,27,1596.0,43092.0
2017-01-03,201701034237049,PLIC,47,53,100,1596.0,159600.0
2017-01-03,201701034237033,PLIC,35,35,27,1600.0,43200.0
2017-01-03,201701034237022,PLIC,57,56,80,1598.0,127840.0
2017-01-03,201701034236913,PROFL,13,39,50,179.0,8950.0
2017-01-03,201701034237010,RBBBL,18,41,14,363.0,5082.0
2017-01-03,201701034236968,RBBBL,18,28,43,370.0,15910.0
2017-01-03,201701034237323,RHPC,28,21,16,223.0,3568.0
2017-01-03,201701034237310,RHPC,28,21,16,223.0,3568.0
2017-01-03,201701034237083,RHPC,45,44,36,226.0,8136.0
2017-01-03,201701034237075,RHPC,32,16,117,226.0,26442.0
2017-01-03,201701034237064,RHPC,32,16,132,226.0,29832.0
2017-01-03,201701034237056,RHPC,32,42,24,225.0,5400.0
2017-01-03,201701034237026,RHPC,32,41,16,225.0,3600.0
2017-01-03,201701034237019,RHPC,39,41,45,225.0,10125.0
2017-01-03,201701034237014,RHPC,39,41,16,225.0,3600.0
2017-01-03,201701034237009,RHPC,39,41,16,225.0,3600.0
2017-01-03,201701034236967,RHPC,45,41,16,226.0,3616.0
2017-01-03,201701034236891,RHPC,50,16,200,225.0,45000.0
2017-01-03,201701034237261,RMDC,35,35,33,605.0,19965.0
2017-01-03,201701034237101,RMDC,35,35,33,605.0,19965.0
2017-01-03,201701034236970,RMDC,29,19,34,605.0,20570.0
2017-01-03,201701034237276,SADBL,36,35,200,355.0,71000.0
2017-01-03,201701034237055,SADBL,37,48,153,354.0,54162.0
2017-01-03,201701034237367,SAJHA,37,56,35,245.0,8575.0
2017-01-03,201701034236969,SAJHA,37,19,35,250.0,8750.0
2017-01-03,201701034237315,SANIMA,45,38,78,546.0,42588.0
2017-01-03,201701034237257,SANIMA,46,6,50,545.0,27250.0
2017-01-03,201701034237199,SANIMA,25,6,50,545.0,27250.0
2017-01-03,201701034237114,SANIMA,37,33,40,542.0,21680.0
2017-01-03,201701034237113,SANIMA,29,33,100,542.0,54200.0
2017-01-03,201701034237112,SANIMA,19,33,50,543.0,27150.0
2017-01-03,201701034237111,SANIMA,55,33,10,544.0,5440.0
2017-01-03,201701034237100,SANIMA,55,53,90,544.0,48960.0
2017-01-03,201701034237013,SANIMA,47,21,200,543.0,108600.0
2017-01-03,201701034236966,SANIMA,52,35,900,542.0,487800.0
2017-01-03,201701034237159,SBI,39,16,100,1440.0,144000.0
2017-01-03,201701034237158,SBI,49,16,100,1442.0,144200.0
2017-01-03,201701034237125,SBI,18,49,100,1450.0,145000.0
2017-01-03,201701034237074,SBI,43,17,100,1445.0,144500.0
2017-01-03,201701034237073,SBI,56,17,200,1447.0,289400.0
2017-01-03,201701034237072,SBI,38,17,300,1448.0,434400.0
2017-01-03,201701034237071,SBI,17,17,100,1450.0,145000.0
2017-01-03,201701034237070,SBI,25,17,100,1450.0,145000.0
2017-01-03,201701034237069,SBI,5,17,150,1451.0,217650.0
2017-01-03,201701034237068,SBI,17,17,20,1451.0,29020.0
2017-01-03,201701034237067,SBI,17,17,20,1451.0,29020.0
2017-01-03,201701034237066,SBI,17,17,20,1451.0,29020.0
2017-01-03,201701034237341,SBL,7,39,150,989.0,148350.0
2017-01-03,201701034237339,SBL,29,37,100,990.0,99000.0
2017-01-03,201701034237338,SBL,29,7,100,990.0,99000.0
2017-01-03,201701034237181,SBL,49,7,100,990.0,99000.0
2017-01-03,201701034237121,SBL,7,16,60,989.0,59340.0
2017-01-03,201701034237029,SBL,42,7,100,990.0,99000.0
2017-01-03,201701034236900,SBL,7,57,300,989.0,296700.0
2017-01-03,201701034236895,SBL,7,25,100,989.0,98900.0
2017-01-03,201701034237182,SCB,14,7,100,1938.0,193800.0
2017-01-03,201701034236911,SCB,6,17,100,1928.0,192800.0
2017-01-03,201701034236910,SCB,13,17,300,1928.0,578400.0
2017-01-03,201701034236909,SCB,6,17,40,1928.0,77120.0
2017-01-03,201701034236908,SCB,21,17,20,1928.0,38560.0
2017-01-03,201701034236907,SCB,40,17,150,1929.0,289350.0
2017-01-03,201701034236894,SCB,38,17,50,1935.0,96750.0
2017-01-03,201701034236893,SCB,5,17,100,1935.0,193500.0
2017-01-03,201701034236892,SCB,47,17,20,1935.0,38700.0
2017-01-03,201701034236906,SCB,43,17,100,1930.0,193000.0
2017-01-03,201701034236905,SCB,38,17,100,1930.0,193000.0
2017-01-03,201701034236904,SCB,38,17,100,1930.0,193000.0
2017-01-03,201701034236903,SCB,34,17,50,1932.0,96600.0
2017-01-03,201701034236902,SCB,17,17,50,1932.0,96600.0
2017-01-03,201701034236901,SCB,32,17,170,1932.0,328440.0
2017-01-03,201701034237057,SDBL,47,32,500,324.0,162000.0
2017-01-03,201701034236975,SHL,11,14,100,314.0,31400.0
2017-01-03,201701034237333,SICL,35,35,13,2055.0,26715.0
2017-01-03,201701034237133,SICL,19,58,40,2050.0,82000.0
2017-01-03,201701034237132,SICL,49,58,50,2050.0,102500.0
2017-01-03,201701034237131,SICL,40,58,200,2051.0,410200.0
2017-01-03,201701034237130,SICL,13,58,100,2052.0,205200.0
2017-01-03,201701034237123,SICL,17,7,60,2058.0,123480.0
2017-01-03,201701034237122,SICL,13,7,100,2060.0,206000.0
2017-01-03,201701034237370,SIL,14,56,80,1315.0,105200.0
2017-01-03,201701034237358,SIL,14,56,80,1315.0,105200.0
2017-01-03,201701034237279,SKBBL,35,35,33,1005.0,33165.0
2017-01-03,201701034237251,SKBBL,1,35,100,1010.0,101000.0
2017-01-03,201701034237250,SKBBL,32,35,100,1010.0,101000.0
2017-01-03,201701034237249,SKBBL,52,35,10,1010.0,10100.0
2017-01-03,201701034237248,SKBBL,49,35,50,1015.0,50750.0
2017-01-03,201701034237134,SKBBL,49,28,100,1015.0,101500.0
2017-01-03,201701034237124,SKBBL,35,35,33,1020.0,33660.0
2017-01-03,201701034237059,SKBBL,25,57,93,1020.0,94860.0
2017-01-03,201701034237375,SLICL,58,49,150,691.0,103650.0
2017-01-03,201701034236950,SLICL,52,49,150,705.0,105750.0
2017-01-03,201701034236889,SLICL,52,39,50,705.0,35250.0
2017-01-03,201701034237161,SRBL,41,39,50,490.0,24500.0
2017-01-03,201701034237157,SRBL,41,40,50,490.0,24500.0
2017-01-03,201701034237156,SRBL,39,40,50,490.0,24500.0
2017-01-03,201701034237155,SRBL,17,40,100,491.0,49100.0
2017-01-03,201701034237154,SRBL,40,40,500,493.0,246500.0
2017-01-03,201701034237153,SRBL,36,40,200,493.0,98600.0
2017-01-03,201701034237152,SRBL,36,40,100,494.0,49400.0
2017-01-03,201701034237079,SRBL,47,33,27,495.0,13365.0
2017-01-03,201701034237025,SRBL,11,46,83,499.0,41417.0
2017-01-03,201701034237018,SRBL,11,1,144,498.0,71712.0
2017-01-03,201701034237342,SYFL,29,59,13,139.0,1807.0
2017-01-03,201701034237007,VSDBL,39,49,500,180.0,90000.0
