date,transaction_no,symbol,buyer,seller,quantity,rate,amount
2016-01-11,201601112972767,ACEDBL,36,32,1000,303.0,303000.0
2016-01-11,201601112972766,ACEDBL,36,32,300,303.0,90900.0
2016-01-11,201601112972765,ACEDBL,36,32,200,303.0,60600.0
2016-01-11,201601112972764,ACEDBL,13,32,1000,304.0,304000.0
2016-01-11,201601112972763,ACEDBL,40,32,300,305.0,91500.0
2016-01-11,201601112972813,ADBL,6,13,32,525.0,16800.0
2016-01-11,201601112972800,ADBL,32,13,32,526.0,16832.0
2016-01-11,201601112972709,ADBL,32,49,241,528.0,127248.0
2016-01-11,201601112972708,ADBL,32,22,80,527.0,42160.0
2016-01-11,201601112972430,ADBL,1,43,300,528.0,158400.0
2016-01-11,201601112972837,AHPC,35,48,465,260.0,120900.0
2016-01-11,201601112972569,AHPC,52,54,90,257.0,23130.0
2016-01-11,201601112972454,AHPC,32,41,500,258.0,129000.0
2016-01-11,201601112972438,AHPC,32,17,100,261.0,26100.0
2016-01-11,201601112972433,AHPC,32,40,58,260.0,15080.0
2016-01-11,201601112972413,AHPC,32,29,322,260.0,83720.0
2016-01-11,201601112972492,ALICL,56,28,39,1248.0,48672.0
2016-01-11,201601112972481,ALICL,16,33,500,1253.0,626500.0
2016-01-11,201601112972424,ALICL,50,33,500,1252.0,626000.0
2016-01-11,201601112972844,API,26,56,16,376.0,6016.0
2016-01-11,201601112972834,API,39,32,16,382.0,6112.0
2016-01-11,201601112972829,API,39,38,10,383.0,3830.0
2016-01-11,201601112972802,API,48,59,26,380.0,9880.0
2016-01-11,201601112972801,API,26,56,16,376.0,6016.0
2016-01-11,201601112972791,API,26,52,16,376.0,6016.0
2016-01-11,201601112972414,API,44,33,26,374.0,9724.0
2016-01-11,201601112972377,API,39,17,10,380.0,3800.0
2016-01-11,201601112972374,API,48,44,26,380.0,9880.0
2016-01-11,201601112972372,API,29,8,26,378.0,9828.0
2016-01-11,201601112972370,API,48,6,26,378.0,9828.0
2016-01-11,201601112972366,API,48,32,16,376.0,6016.0
2016-01-11,201601112972576,API,46,49,10,377.0,3770.0
2016-01-11,201601112972516,API,26,46,10,376.0,3760.0
2016-01-11,201601112972512,API,26,46,16,376.0,6016.0
2016-01-11,201601112972506,API,26,46,16,376.0,6016.0
2016-01-11,201601112972505,API,39,25,10,382.0,3820.0
2016-01-11,201601112972447,API,48,32,26,379.0,9854.0
2016-01-11,201601112972602,API,6,6,26,379.0,9854.0
2016-01-11,201601112972601,API,26,26,16,378.0,6048.0
2016-01-11,201601112972598,API,26,49,10,378.0,3780.0
2016-01-11,201601112972594,API,26,46,10,377.0,3770.0
2016-01-11,201601112972586,API,46,49,10,377.0,3770.0
2016-01-11,201601112972582,API,46,46,10,377.0,3770.0
2016-01-11,201601112972638,API,29,49,10,377.0,3770.0
2016-01-11,201601112972626,API,29,29,26,377.0,9802.0
2016-01-11,201601112972624,API,26,49,10,378.0,3780.0
2016-01-11,201601112972621,API,17,17,16,378.0,6048.0
2016-01-11,201601112972612,API,29,56,16,377.0,6032.0
2016-01-11,201601112972611,API,26,49,10,378.0,3780.0
2016-01-11,201601112972669,API,29,32,26,377.0,9802.0
2016-01-11,201601112972665,API,29,32,26,377.0,9802.0
2016-01-11,201601112972662,API,29,56,16,377.0,6032.0
2016-01-11,201601112972659,API,29,49,10,377.0,3770.0
2016-01-11,201601112972656,API,17,46,10,378.0,3780.0
2016-01-11,201601112972651,API,17,49,10,378.0,3780.0
2016-01-11,201601112972725,API,48,52,16,377.0,6032.0
2016-01-11,201601112972716,API,48,52,16,377.0,6032.0
2016-01-11,201601112972706,API,26,56,16,376.0,6016.0
2016-01-11,201601112972677,API,29,56,16,377.0,6032.0
2016-01-11,201601112972675,API,29,32,26,377.0,9802.0
2016-01-11,201601112972670,API,17,17,16,378.0,6048.0
2016-01-11,201601112972751,API,26,44,26,376.0,9776.0
2016-01-11,201601112972748,API,26,44,26,376.0,9776.0
2016-01-11,201601112972747,API,48,52,16,377.0,6032.0
2016-01-11,201601112972743,API,26,44,26,376.0,9776.0
2016-01-11,201601112972740,API,26,44,26,376.0,9776.0
2016-01-11,201601112972738,API,48,52,26,377.0,9802.0
2016-01-11,201601112972789,BARUN,21,28,10,273.0,2730.0
2016-01-11,201601112972786,BARUN,21,28,10,273.0,2730.0
2016-01-11,201601112972566,BARUN,29,29,10,275.0,2750.0
2016-01-11,201601112972565,BARUN,29,29,10,275.0,2750.0
2016-01-11,201601112972564,BARUN,29,29,10,275.0,2750.0
2016-01-11,201601112972563,BARUN,29,29,10,275.0,2750.0
2016-01-11,201601112972434,BARUN,58,54,10,273.0,2730.0
2016-01-11,201601112972419,BARUN,58,54,10,273.0,2730.0
2016-01-11,201601112972411,BARUN,29,29,10,275.0,2750.0
2016-01-11,201601112972410,BARUN,29,29,10,275.0,2750.0
2016-01-11,201601112972409,BARUN,29,29,10,275.0,2750.0
2016-01-11,201601112972371,BARUN,58,54,10,273.0,2730.0
2016-01-11,201601112972477,BARUN,8,29,10,275.0,2750.0
2016-01-11,201601112972476,BARUN,8,29,10,275.0,2750.0
2016-01-11,201601112972475,BARUN,8,29,10,275.0,2750.0
2016-01-11,201601112972470,BARUN,58,54,10,273.0,2730.0
2016-01-11,201601112972464,BARUN,58,54,10,273.0,2730.0
2016-01-11,201601112972455,BARUN,58,54,10,273.0,2730.0
2016-01-11,201601112972513,BARUN,21,49,10,273.0,2730.0
2016-01-11,201601112972508,BARUN,21,54,10,273.0,2730.0
2016-01-11,201601112972498,BARUN,21,54,10,273.0,2730.0
2016-01-11,201601112972485,BARUN,58,54,10,273.0,2730.0
2016-01-11,201601112972479,BARUN,8,29,10,275.0,2750.0
2016-01-11,201601112972478,BARUN,8,29,10,275.0,2750.0
2016-01-11,201601112972562,BARUN,29,29,10,275.0,2750.0
2016-01-11,201601112972561,BARUN,29,29,10,275.0,2750.0
2016-01-11,201601112972560,BARUN,29,29,10,275.0,2750.0
2016-01-11,201601112972559,BARUN,29,29,10,275.0,2750.0
2016-01-11,201601112972542,BARUN,21,21,10,273.0,2730.0
2016-01-11,201601112972537,BARUN,21,21,10,273.0,2730.0
2016-01-11,201601112972667,BLDBL,51,11,600,325.0,195000.0
2016-01-11,201601112972818,BPCL,19,42,200,581.0,116200.0
2016-01-11,201601112972798,BPCL,19,16,150,580.0,87000.0
2016-01-11,201601112972690,CBBL,47,48,100,1670.0,167000.0
2016-01-11,201601112972689,CBBL,47,45,700,1670.0,1169000.0
2016-01-11,201601112972401,CBBL,47,59,300,1670.0,501000.0
2016-01-11,201601112972388,CBBL,47,56,26,1670.0,43420.0
2016-01-11,201601112972504,CCBL,56,28,317,310.0,98270.0
2016-01-11,201601112972499,CCBL,19,8,314,311.0,97654.0
2016-01-11,201601112972589,CHCL,32,38,140,1250.0,175000.0
2016-01-11,201601112972457,CHCL,32,49,100,1250.0,125000.0
2016-01-11,201601112972727,CIT,45,25,20,4295.0,85900.0
2016-01-11,201601112972606,CIT,45,1,10,4298.0,42980.0
2016-01-11,201601112972605,CIT,45,14,10,4297.0,42970.0
2016-01-11,201601112972588,CIT,45,25,60,4295.0,257700.0
2016-01-11,201601112972556,CIT,26,25,10,4295.0,42950.0
2016-01-11,201601112972445,CIT,26,25,30,4295.0,128850.0
2016-01-11,201601112972369,CVMF,22,46,10,609.0,6090.0
2016-01-11,201601112972845,CZBIL,36,6,28,591.0,16548.0
2016-01-11,201601112972705,CZBIL,36,43,300,591.0,177300.0
2016-01-11,201601112972685,CZBIL,43,43,200,591.0,118200.0
2016-01-11,201601112972428,CZBIL,41,59,165,590.0,97350.0
2016-01-11,201601112972405,CZBIL,41,59,170,590.0,100300.0
2016-01-11,201601112972404,CZBIL,41,59,300,590.0,177000.0
2016-01-11,201601112972403,CZBIL,8,59,500,590.0,295000.0
2016-01-11,201601112972402,CZBIL,11,59,30,590.0,17700.0
2016-01-11,201601112972395,DDBL,35,45,211,1660.0,350260.0
2016-01-11,201601112972846,EBL,59,8,20,2129.0,42580.0
2016-01-11,201601112972712,EDBL,19,10,270,702.0,189540.0
2016-01-11,201601112972752,EIC,57,38,500,935.0,467500.0
2016-01-11,201601112972491,EIC,39,39,60,945.0,56700.0
2016-01-11,201601112972490,EIC,39,46,300,944.0,283200.0
2016-01-11,201601112972429,EIC,56,38,120,935.0,112200.0
2016-01-11,201601112972418,EIC,56,38,180,935.0,168300.0
2016-01-11,201601112972842,FMDBL,36,7,54,675.0,36450.0
2016-01-11,201601112972633,GBBL,21,56,100,312.0,31200.0
2016-01-11,201601112972632,GBBL,21,26,40,312.0,12480.0
2016-01-11,201601112972840,GBIME,28,6,200,402.0,80400.0
2016-01-11,201601112972824,GBIME,28,11,205,402.0,82410.0
2016-01-11,201601112972815,GBIME,28,44,257,402.0,103314.0
2016-01-11,201601112972814,GBIME,28,44,200,401.0,80200.0
2016-01-11,201601112972645,GBIME,32,44,300,401.0,120300.0
2016-01-11,201601112972568,GBIME,25,21,98,400.0,39200.0
2016-01-11,201601112972523,GFCL,46,13,28,189.0,5292.0
2016-01-11,201601112972628,GLICL,50,59,500,670.0,335000.0
2016-01-11,201601112972399,GLICL,33,28,400,670.0,268000.0
2016-01-11,201601112972398,GLICL,48,28,300,671.0,201300.0
2016-01-11,201601112972397,GLICL,51,28,160,672.0,107520.0
2016-01-11,201601112972745,HGI,6,56,10,703.0,7030.0
2016-01-11,201601112972744,HGI,6,37,180,703.0,126540.0
2016-01-11,201601112972636,HGI,6,6,891,701.0,624591.0
2016-01-11,201601112972631,HGI,6,6,1000,701.0,701000.0
2016-01-11,201601112972610,HGI,53,28,200,702.0,140400.0
2016-01-11,201601112972557,ILFC,39,50,1500,187.0,280500.0
2016-01-11,201601112972467,ILFC,17,50,500,187.0,93500.0
2016-01-11,201601112972862,ILFCM,45,45,10,900.0,9000.0
2016-01-11,201601112972861,ILFCM,45,45,10,900.0,9000.0
2016-01-11,201601112972860,ILFCM,45,45,10,900.0,9000.0
2016-01-11,201601112972859,ILFCM,45,45,10,900.0,9000.0
2016-01-11,201601112972858,ILFCM,45,45,10,900.0,9000.0
2016-01-11,201601112972857,ILFCM,45,45,10,900.0,9000.0
2016-01-11,201601112972368,ILFCM,16,47,10,882.0,8820.0
2016-01-11,201601112972443,ILFCM,18,47,10,891.0,8910.0
2016-01-11,201601112972442,ILFCM,18,47,10,891.0,8910.0
2016-01-11,201601112972426,ILFCM,16,46,10,883.0,8830.0
2016-01-11,201601112972417,ILFCM,16,43,10,883.0,8830.0
2016-01-11,201601112972408,ILFCM,21,47,10,884.0,8840.0
2016-01-11,201601112972387,ILFCM,21,43,10,884.0,8840.0
2016-01-11,201601112972528,ILFCM,32,16,10,884.0,8840.0
2016-01-11,201601112972522,ILFCM,32,16,10,884.0,8840.0
2016-01-11,201601112972515,ILFCM,32,16,10,884.0,8840.0
2016-01-11,201601112972468,ILFCM,18,47,15,893.0,13395.0
2016-01-11,201601112972462,ILFCM,18,47,15,892.0,13380.0
2016-01-11,201601112972458,ILFCM,18,47,15,892.0,13380.0
2016-01-11,201601112972646,ILFCM,56,16,10,885.0,8850.0
2016-01-11,201601112972630,ILFCM,56,16,10,885.0,8850.0
2016-01-11,201601112972620,ILFCM,56,16,10,885.0,8850.0
2016-01-11,201601112972581,ILFCM,56,16,10,885.0,8850.0
2016-01-11,201601112972554,ILFCM,56,16,10,885.0,8850.0
2016-01-11,201601112972539,ILFCM,56,16,10,885.0,8850.0
2016-01-11,201601112972755,ILFCM,32,47,15,886.0,13290.0
2016-01-11,201601112972691,ILFCM,26,26,10,887.0,8870.0
2016-01-11,201601112972672,ILFCM,32,16,10,886.0,8860.0
2016-01-11,201601112972663,ILFCM,26,26,10,887.0,8870.0
2016-01-11,201601112972661,ILFCM,32,16,10,886.0,8860.0
2016-01-11,201601112972653,ILFCM,32,16,10,886.0,8860.0
2016-01-11,201601112972774,ILFCM,26,47,14,897.0,12558.0
2016-01-11,201601112972772,ILFCM,26,38,10,895.0,8950.0
2016-01-11,201601112972771,ILFCM,26,38,10,895.0,8950.0
2016-01-11,201601112972770,ILFCM,26,26,10,895.0,8950.0
2016-01-11,201601112972769,ILFCM,26,47,15,894.0,13410.0
2016-01-11,201601112972762,ILFCM,56,28,10,885.0,8850.0
2016-01-11,201601112972850,ILFCM,45,45,10,900.0,9000.0
2016-01-11,201601112972849,ILFCM,45,45,10,900.0,9000.0
2016-01-11,201601112972848,ILFCM,45,45,10,900.0,9000.0
2016-01-11,201601112972777,ILFCM,26,25,10,900.0,9000.0
2016-01-11,201601112972776,ILFCM,26,47,14,897.0,12558.0
2016-01-11,201601112972775,ILFCM,26,47,14,897.0,12558.0
2016-01-11,201601112972856,ILFCM,45,45,10,900.0,9000.0
2016-01-11,201601112972855,ILFCM,45,45,10,900.0,9000.0
2016-01-11,201601112972854,ILFCM,45,45,10,900.0,9000.0
2016-01-11,201601112972853,ILFCM,45,45,10,900.0,9000.0
2016-01-11,201601112972852,ILFCM,45,45,10,900.0,9000.0
2016-01-11,201601112972851,ILFCM,45,45,10,900.0,9000.0
2016-01-11,201601112972787,JEFL,28,28,20,147.0,2940.0
2016-01-11,201601112972703,JEFL,11,28,12,150.0,1800.0
2016-01-11,201601112972782,KBL,39,38,107,384.0,41088.0
2016-01-11,201601112972781,KBL,39,38,900,384.0,345600.0
2016-01-11,201601112972735,KBL,8,38,1000,384.0,384000.0
2016-01-11,201601112972731,KBL,4,38,300,384.0,115200.0
2016-01-11,201601112972697,KBL,54,38,900,384.0,345600.0
2016-01-11,201601112972696,KBL,21,38,300,385.0,115500.0
2016-01-11,201601112972494,KBL,39,48,300,385.0,115500.0
2016-01-11,201601112972416,KBL,33,44,500,385.0,192500.0
2016-01-11,201601112972415,KBL,41,44,300,386.0,115800.0
2016-01-11,201601112972760,KCDBL,22,45,10,188.0,1880.0
2016-01-11,201601112972826,KMCDB,56,55,10,1500.0,15000.0
2016-01-11,201601112972825,KMCDB,56,48,10,1490.0,14900.0
2016-01-11,201601112972749,LBL,51,45,70,561.0,39270.0
2016-01-11,201601112972644,LBL,51,4,100,561.0,56100.0
2016-01-11,201601112972643,LBL,1,4,150,561.0,84150.0
2016-01-11,201601112972642,LBL,29,4,500,561.0,280500.0
2016-01-11,201601112972641,LBL,8,4,200,561.0,112200.0
2016-01-11,201601112972640,LBL,8,4,200,561.0,112200.0
2016-01-11,201601112972376,LBL,17,4,50,565.0,28250.0
2016-01-11,201601112972639,LBL,52,4,150,562.0,84300.0
2016-01-11,201601112972507,LBL,28,4,50,564.0,28200.0
2016-01-11,201601112972383,LBL,1,38,100,562.0,56200.0
2016-01-11,201601112972382,LBL,11,38,200,562.0,112400.0
2016-01-11,201601112972381,LBL,33,38,100,563.0,56300.0
2016-01-11,201601112972380,LBL,17,38,100,564.0,56400.0
2016-01-11,201601112972810,LFLC,14,39,247,220.0,54340.0
2016-01-11,201601112972482,LICN,21,5,10,3550.0,35500.0
2016-01-11,201601112972501,MBBL,42,17,500,200.0,100000.0
2016-01-11,201601112972838,MIDBL,57,57,929,181.0,168149.0
2016-01-11,201601112972803,MIDBL,41,57,10,178.0,1780.0
2016-01-11,201601112972726,MIDBL,43,57,10,175.0,1750.0
2016-01-11,201601112972843,MMFDB,44,47,10,2420.0,24200.0
2016-01-11,201601112972835,MMFDB,44,47,10,2420.0,24200.0
2016-01-11,201601112972739,MMFDB,55,55,10,2453.0,24530.0
2016-01-11,201601112972604,MMFDB,47,40,10,2416.0,24160.0
2016-01-11,201601112972592,MMFDB,47,21,10,2416.0,24160.0
2016-01-11,201601112972514,MMFDB,47,42,10,2416.0,24160.0
2016-01-11,201601112972389,MMFDB,55,55,10,2453.0,24530.0
2016-01-11,201601112972577,MNBBL,41,32,72,705.0,50760.0
2016-01-11,201601112972535,MSBBL,58,42,47,322.0,15134.0
2016-01-11,201601112972489,MSBBL,13,42,40,322.0,12880.0
2016-01-11,201601112972488,MSBBL,49,42,50,322.0,16100.0
2016-01-11,201601112972487,MSBBL,55,42,100,322.0,32200.0
2016-01-11,201601112972486,MSBBL,39,42,10,322.0,3220.0
2016-01-11,201601112972471,MSBBL,47,42,47,322.0,15134.0
2016-01-11,201601112972465,MSBBL,26,42,200,323.0,64600.0
2016-01-11,201601112972847,MSMBS,22,25,10,837.0,8370.0
2016-01-11,201601112972839,NABIL,45,38,100,1826.0,182600.0
2016-01-11,201601112972819,NABIL,45,38,100,1829.0,182900.0
2016-01-11,201601112972806,NABIL,32,11,100,1821.0,182100.0
2016-01-11,201601112972530,NABIL,17,45,83,1825.0,151475.0
2016-01-11,201601112972529,NABIL,17,45,400,1825.0,730000.0
2016-01-11,201601112972496,NABIL,32,57,410,1820.0,746200.0
2016-01-11,201601112972495,NABIL,25,57,90,1820.0,163800.0
2016-01-11,201601112972385,NABIL,37,45,40,1824.0,72960.0
2016-01-11,201601112972384,NABIL,37,36,100,1824.0,182400.0
2016-01-11,201601112972831,NABILP,48,11,100,1405.0,140500.0
2016-01-11,201601112972657,NABILP,7,39,200,1404.0,280800.0
2016-01-11,201601112972615,NABILP,8,44,1000,1400.0,1400000.0
2016-01-11,201601112972575,NABILP,11,49,58,1404.0,81432.0
2016-01-11,201601112972558,NABILP,11,49,100,1400.0,140000.0
2016-01-11,201601112972552,NABILP,49,49,200,1400.0,280000.0
2016-01-11,201601112972551,NABILP,8,49,500,1400.0,700000.0
2016-01-11,201601112972510,NABILP,8,44,300,1400.0,420000.0
2016-01-11,201601112972500,NABILP,8,44,200,1400.0,280000.0
2016-01-11,201601112972390,NABILP,50,17,60,1400.0,84000.0
2016-01-11,201601112972779,NBB,45,6,200,438.0,87600.0
2016-01-11,201601112972619,NBB,25,32,159,438.0,69642.0
2016-01-11,201601112972608,NBB,25,38,21,437.0,9177.0
2016-01-11,201601112972607,NBB,25,48,200,436.0,87200.0
2016-01-11,201601112972456,NBB,25,38,200,435.0,87000.0
2016-01-11,201601112972453,NBB,52,38,500,435.0,217500.0
2016-01-11,201601112972452,NBB,41,38,400,435.0,174000.0
2016-01-11,201601112972451,NBB,41,38,300,435.0,130500.0
2016-01-11,201601112972450,NBB,49,38,200,435.0,87000.0
2016-01-11,201601112972449,NBB,25,38,1000,436.0,436000.0
2016-01-11,201601112972448,NBB,45,38,500,437.0,218500.0
2016-01-11,201601112972618,NBL,44,39,1000,301.0,301000.0
2016-01-11,201601112972617,NBL,39,39,200,301.0,60200.0
2016-01-11,201601112972616,NBL,35,39,400,301.0,120400.0
2016-01-11,201601112972596,NBL,44,39,1000,301.0,301000.0
2016-01-11,201601112972444,NHPC,48,8,500,119.0,59500.0
2016-01-11,201601112972436,NHPC,51,8,500,119.0,59500.0
2016-01-11,201601112972833,NIB,45,48,500,778.0,389000.0
2016-01-11,201601112972555,NIB,4,48,100,776.0,77600.0
2016-01-11,201601112972461,NIB,32,11,100,775.0,77500.0
2016-01-11,201601112972435,NIB,33,8,872,775.0,675800.0
2016-01-11,201601112972365,NIB,32,11,50,773.0,38650.0
2016-01-11,201601112972683,NIBPO,14,14,50,651.0,32550.0
2016-01-11,201601112972396,NIBPO,11,11,50,650.0,32500.0
2016-01-11,201601112972822,NIBSF1,49,11,2000,10.0,20000.0
2016-01-11,201601112972622,NIBSF1,49,33,15000,10.0,150000.0
2016-01-11,201601112972423,NIBSF1,36,1,5000,10.09,50450.0
2016-01-11,201601112972768,NICA,58,37,240,700.0,168000.0
2016-01-11,201601112972704,NICA,41,37,110,700.0,77000.0
2016-01-11,201601112972497,NICA,17,37,50,705.0,35250.0
2016-01-11,201601112972446,NICA,17,28,200,705.0,141000.0
2016-01-11,201601112972427,NICL,13,20,105,530.0,55650.0
2016-01-11,201601112972400,NICL,1,20,187,532.0,99484.0
2016-01-11,201601112972375,NICL,50,20,500,533.0,266500.0
2016-01-11,201601112972746,NIL,41,33,500,830.0,415000.0
2016-01-11,201601112972693,NIL,41,38,500,830.0,415000.0
2016-01-11,201601112972676,NIL,13,35,1000,829.0,829000.0
2016-01-11,201601112972412,NLBBL,55,45,50,1900.0,95000.0
2016-01-11,201601112972391,NLBBL,56,56,60,1905.0,114300.0
2016-01-11,201601112972836,NLIC,43,58,100,3333.0,333300.0
2016-01-11,201601112972792,NLIC,41,58,100,3333.0,333300.0
2016-01-11,201601112972722,NLIC,52,11,120,3321.0,398520.0
2016-01-11,201601112972721,NLIC,57,11,100,3330.0,333000.0
2016-01-11,201601112972720,NLIC,50,11,30,3331.0,99930.0
2016-01-11,201601112972719,NLIC,36,11,50,3332.0,166600.0
2016-01-11,201601112972707,NLIC,4,58,100,3333.0,333300.0
2016-01-11,201601112972600,NLIC,52,58,140,3333.0,466620.0
2016-01-11,201601112972821,NLICL,45,13,100,2460.0,246000.0
2016-01-11,201601112972480,NLICL,45,6,240,2469.0,592560.0
2016-01-11,201601112972439,NLICL,44,44,280,2465.0,690200.0
2016-01-11,201601112972574,NMB,40,45,150,432.0,64800.0
2016-01-11,201601112972572,NMB,19,45,1000,433.0,433000.0
2016-01-11,201601112972571,NMB,35,45,100,433.0,43300.0
2016-01-11,201601112972570,NMB,7,45,40,434.0,17360.0
2016-01-11,201601112972536,OHL,52,44,30,408.0,12240.0
2016-01-11,201601112972503,OHL,52,44,30,408.0,12240.0
2016-01-11,201601112972773,PIC,50,6,100,889.0,88900.0
2016-01-11,201601112972688,PIC,50,38,500,888.0,444000.0
2016-01-11,201601112972531,PIC,21,38,500,881.0,440500.0
2016-01-11,201601112972466,PIC,48,43,200,880.0,176000.0
2016-01-11,201601112972425,PIC,14,14,49,881.0,43169.0
2016-01-11,201601112972805,PICL,34,47,100,657.0,65700.0
2016-01-11,201601112972729,PICL,34,47,100,657.0,65700.0
2016-01-11,201601112972650,PLIC,39,42,100,1537.0,153700.0
2016-01-11,201601112972597,PLIC,32,16,54,1538.0,83052.0
2016-01-11,201601112972509,REDBL,13,41,18,297.0,5346.0
2016-01-11,201601112972394,REDBL,13,41,18,297.0,5346.0
2016-01-11,201601112972828,RHPC,41,54,52,348.0,18096.0
2016-01-11,201601112972799,RHPC,25,25,12,349.0,4188.0
2016-01-11,201601112972797,RHPC,1,47,67,355.0,23785.0
2016-01-11,201601112972793,RHPC,25,25,12,349.0,4188.0
2016-01-11,201601112972788,RHPC,25,25,12,349.0,4188.0
2016-01-11,201601112972785,RHPC,25,25,12,349.0,4188.0
2016-01-11,201601112972625,RHPC,7,7,12,349.0,4188.0
2016-01-11,201601112972595,RHPC,25,25,12,349.0,4188.0
2016-01-11,201601112972591,RHPC,25,25,12,349.0,4188.0
2016-01-11,201601112972469,RHPC,34,29,11,350.0,3850.0
2016-01-11,201601112972386,RHPC,52,7,12,350.0,4200.0
2016-01-11,201601112972687,RHPC,25,25,12,349.0,4188.0
2016-01-11,201601112972679,RHPC,36,25,12,349.0,4188.0
2016-01-11,201601112972668,RHPC,25,25,12,349.0,4188.0
2016-01-11,201601112972664,RHPC,25,25,12,349.0,4188.0
2016-01-11,201601112972647,RHPC,35,7,12,350.0,4200.0
2016-01-11,201601112972637,RHPC,25,25,12,349.0,4188.0
2016-01-11,201601112972728,RHPC,1,25,12,351.0,4212.0
2016-01-11,201601112972715,RHPC,22,52,12,351.0,4212.0
2016-01-11,201601112972714,RHPC,25,25,12,349.0,4188.0
2016-01-11,201601112972710,RHPC,25,25,12,349.0,4188.0
2016-01-11,201601112972701,RHPC,25,25,12,349.0,4188.0
2016-01-11,201601112972695,RHPC,35,25,12,350.0,4200.0
2016-01-11,201601112972783,RHPC,22,25,12,350.0,4200.0
2016-01-11,201601112972750,RHPC,36,25,12,355.0,4260.0
2016-01-11,201601112972742,RHPC,36,25,12,355.0,4260.0
2016-01-11,201601112972737,RHPC,36,42,12,354.0,4248.0
2016-01-11,201601112972736,RHPC,25,25,12,349.0,4188.0
2016-01-11,201601112972730,RHPC,25,25,12,349.0,4188.0
2016-01-11,201601112972796,SADBL,57,47,150,403.0,60450.0
2016-01-11,201601112972717,SADBL,1,7,170,402.0,68340.0
2016-01-11,201601112972580,SADBL,47,7,103,402.0,41406.0
2016-01-11,201601112972790,SAFL,33,46,169,192.0,32448.0
2016-01-11,201601112972778,SAFL,33,17,91,191.0,17381.0
2016-01-11,201601112972756,SAFL,11,32,45,190.0,8550.0
2016-01-11,201601112972698,SAFL,11,17,92,192.0,17664.0
2016-01-11,201601112972660,SAFL,48,48,1000,190.0,190000.0
2016-01-11,201601112972635,SAFL,11,46,169,192.0,32448.0
2016-01-11,201601112972511,SAFL,26,26,89,195.0,17355.0
2016-01-11,201601112972795,SANIMA,47,4,1500,665.0,997500.0
2016-01-11,201601112972761,SANIMA,59,4,550,665.0,365750.0
2016-01-11,201601112972421,SANIMA,39,4,300,665.0,199500.0
2016-01-11,201601112972420,SANIMA,41,4,150,665.0,99750.0
2016-01-11,201601112972794,SBBLJ,43,20,1000,347.0,347000.0
2016-01-11,201601112972784,SBBLJ,43,58,500,344.0,172000.0
2016-01-11,201601112972841,SBI,36,10,200,1549.0,309800.0
2016-01-11,201601112972733,SBI,20,10,500,1546.0,773000.0
2016-01-11,201601112972732,SBI,20,10,500,1546.0,773000.0
2016-01-11,201601112972718,SBI,20,1,32,1544.0,49408.0
2016-01-11,201601112972702,SBI,58,17,100,1540.0,154000.0
2016-01-11,201601112972680,SBI,58,26,54,1540.0,83160.0
2016-01-11,201601112972658,SBI,58,56,532,1540.0,819280.0
2016-01-11,201601112972550,SBI,58,49,1800,1540.0,2772000.0
2016-01-11,201601112972549,SBI,58,28,100,1540.0,154000.0
2016-01-11,201601112972524,SBI,58,1,350,1539.0,538650.0
2016-01-11,201601112972520,SBI,58,38,56,1538.0,86128.0
2016-01-11,201601112972804,SCB,4,58,100,2580.0,258000.0
2016-01-11,201601112972614,SCB,25,58,100,2580.0,258000.0
2016-01-11,201601112972613,SCB,26,58,100,2585.0,258500.0
2016-01-11,201601112972440,SEOS,13,41,4900,9.56,46844.0
2016-01-11,201601112972437,SEOS,13,41,4900,9.56,46844.0
2016-01-11,201601112972573,SFL,53,10,100,180.0,18000.0
2016-01-11,201601112972808,SHL,21,45,100,320.0,32000.0
2016-01-11,201601112972393,SHL,21,54,100,320.0,32000.0
2016-01-11,201601112972392,SHL,50,54,100,320.0,32000.0
2016-01-11,201601112972832,SHPC,5,13,18,857.0,15426.0
2016-01-11,201601112972674,SHPC,36,20,61,855.0,52155.0
2016-01-11,201601112972623,SHPC,5,43,100,860.0,86000.0
2016-01-11,201601112972609,SHPC,36,13,18,857.0,15426.0
2016-01-11,201601112972590,SHPC,36,40,150,856.0,128400.0
2016-01-11,201601112972578,SHPC,36,41,93,851.0,79143.0
2016-01-11,201601112972502,SHPC,45,45,533,849.0,452517.0
2016-01-11,201601112972459,SHPC,36,55,18,845.0,15210.0
2016-01-11,201601112972407,SHPC,36,26,104,849.0,88296.0
2016-01-11,201601112972406,SHPC,36,26,50,849.0,42450.0
2016-01-11,201601112972367,SHPC,36,39,297,845.0,250965.0
2016-01-11,201601112972527,SHPC,44,47,17,850.0,14450.0
2016-01-11,201601112972526,SHPC,44,45,350,850.0,297500.0
2016-01-11,201601112972525,SHPC,44,47,17,850.0,14450.0
2016-01-11,201601112972521,SHPC,44,47,17,850.0,14450.0
2016-01-11,201601112972518,SHPC,44,47,17,850.0,14450.0
2016-01-11,201601112972517,SHPC,44,47,10,850.0,8500.0
2016-01-11,201601112972543,SHPC,44,26,100,850.0,85000.0
2016-01-11,201601112972541,SHPC,44,43,94,850.0,79900.0
2016-01-11,201601112972540,SHPC,44,45,110,850.0,93500.0
2016-01-11,201601112972538,SHPC,26,21,18,850.0,15300.0
2016-01-11,201601112972534,SHPC,44,39,177,850.0,150450.0
2016-01-11,201601112972533,SHPC,44,58,150,850.0,127500.0
2016-01-11,201601112972553,SHPC,44,19,637,850.0,541450.0
2016-01-11,201601112972548,SHPC,44,58,148,850.0,125800.0
2016-01-11,201601112972547,SHPC,44,42,261,850.0,221850.0
2016-01-11,201601112972546,SHPC,44,38,118,850.0,100300.0
2016-01-11,201601112972545,SHPC,44,41,18,850.0,15300.0
2016-01-11,201601112972544,SHPC,44,19,340,850.0,289000.0
2016-01-11,201601112972379,SIC,5,6,11,1029.0,11319.0
2016-01-11,201601112972723,SICL,14,58,1000,1340.0,1340000.0
2016-01-11,201601112972700,SICL,14,58,300,1335.0,400500.0
2016-01-11,201601112972699,SICL,14,36,400,1334.0,533600.0
2016-01-11,201601112972754,SIGS1,17,47,1100,16.2,17820.0
2016-01-11,201601112972532,SLICL,46,28,54,770.0,41580.0
2016-01-11,201601112972827,SUBBL,11,22,10,436.0,4360.0
2016-01-11,201601112972809,SUBBL,21,22,19,430.0,8170.0
2016-01-11,201601112972463,SUBBL,1,35,500,426.0,213000.0
2016-01-11,201601112972817,SWBBL,47,56,100,1870.0,187000.0
2016-01-11,201601112972816,SWBBL,55,56,200,1875.0,375000.0
2016-01-11,201601112972811,SWBBL,55,58,95,1889.0,179455.0
2016-01-11,201601112972682,SWBBL,21,58,100,1885.0,188500.0
2016-01-11,201601112972484,SWBBL,6,58,100,1865.0,186500.0
2016-01-11,201601112972483,SWBBL,21,58,100,1865.0,186500.0
2016-01-11,201601112972584,TBBL,41,56,100,245.0,24500.0
2016-01-11,201601112972583,TBBL,41,45,100,245.0,24500.0
2016-01-11,201601112972830,UIC,55,5,155,494.0,76570.0
2016-01-11,201601112972812,UIC,55,5,141,493.0,69513.0
2016-01-11,201601112972603,UIC,36,21,494,492.0,243048.0
2016-01-11,201601112972519,UIC,29,17,450,490.0,220500.0
2016-01-11,201601112972823,VLBS,29,29,10,1161.0,11610.0
2016-01-11,201601112972820,VLBS,29,29,10,1161.0,11610.0
2016-01-11,201601112972807,VLBS,29,38,10,1161.0,11610.0
2016-01-11,201601112972780,VLBS,44,29,10,1160.0,11600.0
2016-01-11,201601112972759,VLBS,44,29,10,1160.0,11600.0
2016-01-11,201601112972758,VLBS,44,13,10,1160.0,11600.0
2016-01-11,201601112972441,VLBS,44,55,30,1160.0,34800.0
2016-01-11,201601112972422,VLBS,44,55,30,1160.0,34800.0
2016-01-11,201601112972378,VLBS,44,47,10,1160.0,11600.0
2016-01-11,201601112972373,VLBS,44,55,30,1160.0,34800.0
2016-01-11,201601112972567,VLBS,44,1,10,1160.0,11600.0
2016-01-11,201601112972493,VLBS,44,55,30,1160.0,34800.0
2016-01-11,201601112972474,VLBS,17,13,10,1162.0,11620.0
2016-01-11,201601112972473,VLBS,17,13,10,1162.0,11620.0
2016-01-11,201601112972472,VLBS,17,13,10,1162.0,11620.0
2016-01-11,201601112972460,VLBS,44,55,30,1160.0,34800.0
2016-01-11,201601112972648,VLBS,44,21,23,1160.0,26680.0
2016-01-11,201601112972634,VLBS,44,32,10,1160.0,11600.0
2016-01-11,201601112972629,VLBS,44,18,87,1160.0,100920.0
2016-01-11,201601112972627,VLBS,44,55,30,1160.0,34800.0
2016-01-11,201601112972587,VLBS,44,1,10,1160.0,11600.0
2016-01-11,201601112972585,VLBS,44,55,30,1160.0,34800.0
2016-01-11,201601112972671,VLBS,44,28,10,1155.0,11550.0
2016-01-11,201601112972666,VLBS,44,28,10,1160.0,11600.0
2016-01-11,201601112972655,VLBS,44,21,23,1160.0,26680.0
2016-01-11,201601112972654,VLBS,44,32,10,1160.0,11600.0
2016-01-11,201601112972652,VLBS,44,21,23,1160.0,26680.0
2016-01-11,201601112972649,VLBS,44,55,30,1160.0,34800.0
2016-01-11,201601112972692,VLBS,44,55,30,1160.0,34800.0
2016-01-11,201601112972686,VLBS,38,28,10,1156.0,11560.0
2016-01-11,201601112972684,VLBS,44,28,10,1155.0,11550.0
2016-01-11,201601112972681,VLBS,44,28,10,1155.0,11550.0
2016-01-11,201601112972678,VLBS,44,28,10,1155.0,11550.0
2016-01-11,201601112972673,VLBS,44,28,10,1155.0,11550.0
2016-01-11,201601112972753,VLBS,44,29,10,1160.0,11600.0
2016-01-11,201601112972741,VLBS,44,29,10,1160.0,11600.0
2016-01-11,201601112972734,VLBS,44,29,10,1160.0,11600.0
2016-01-11,201601112972724,VLBS,38,29,10,1161.0,11610.0
2016-01-11,201601112972713,VLBS,44,29,10,1160.0,11600.0
2016-01-11,201601112972694,VLBS,44,38,10,1160.0,11600.0
2016-01-11,201601112972864,WOMI,22,22,10,630.0,6300.0
2016-01-11,201601112972863,WOMI,22,22,10,630.0,6300.0
2016-01-11,201601112972057,ACEDBL,16,32,50,308.0,15400.0
2016-01-11,201601112972364,ADBL,29,43,500,525.0,262500.0
2016-01-11,201601112972301,ADBL,8,37,145,527.0,76415.0
2016-01-11,201601112972205,ADBL,25,5,96,526.0,50496.0
2016-01-11,201601112971950,ADBL,21,33,90,526.0,47340.0
2016-01-11,201601112972300,AHPC,52,52,90,260.0,23400.0
2016-01-11,201601112972291,AHPC,13,58,1000,256.0,256000.0
2016-01-11,201601112972240,ALICL,45,36,100,1260.0,126000.0
2016-01-11,201601112972238,ALICL,33,33,1000,1250.0,1250000.0
2016-01-11,201601112972084,ALICL,21,11,35,1255.0,43925.0
2016-01-11,201601112972362,API,8,6,26,376.0,9776.0
2016-01-11,201601112972361,API,5,44,26,376.0,9776.0
2016-01-11,201601112972352,API,48,44,26,376.0,9776.0
2016-01-11,201601112972344,API,48,6,26,376.0,9776.0
2016-01-11,201601112972338,API,48,44,26,376.0,9776.0
2016-01-11,201601112972333,API,48,44,26,376.0,9776.0
2016-01-11,201601112971880,API,44,19,26,373.0,9698.0
2016-01-11,201601112971879,API,44,48,16,373.0,5968.0
2016-01-11,201601112971878,API,44,11,26,372.0,9672.0
2016-01-11,201601112971877,API,44,5,16,372.0,5952.0
2016-01-11,201601112971876,API,5,11,26,372.0,9672.0
2016-01-11,201601112971873,API,5,11,26,372.0,9672.0
2016-01-11,201601112971886,API,44,19,26,374.0,9724.0
2016-01-11,201601112971885,API,44,19,26,374.0,9724.0
2016-01-11,201601112971884,API,44,19,26,374.0,9724.0
2016-01-11,201601112971883,API,44,19,26,374.0,9724.0
2016-01-11,201601112971882,API,44,19,26,374.0,9724.0
2016-01-11,201601112971881,API,44,19,26,373.0,9698.0
2016-01-11,201601112971915,API,29,44,16,375.0,6000.0
2016-01-11,201601112971912,API,44,56,10,374.0,3740.0
2016-01-11,201601112971910,API,44,11,26,374.0,9724.0
2016-01-11,201601112971896,API,56,11,10,375.0,3750.0
2016-01-11,201601112971888,API,44,19,26,374.0,9724.0
2016-01-11,201601112971887,API,44,19,26,374.0,9724.0
2016-01-11,201601112971973,API,44,48,16,374.0,5984.0
2016-01-11,201601112971944,API,28,44,16,375.0,6000.0
2016-01-11,201601112971940,API,44,48,16,374.0,5984.0
2016-01-11,201601112971934,API,44,28,26,374.0,9724.0
2016-01-11,201601112971917,API,29,44,16,375.0,6000.0
2016-01-11,201601112971916,API,29,44,16,375.0,6000.0
2016-01-11,201601112971997,API,29,44,16,375.0,6000.0
2016-01-11,201601112971996,API,29,44,16,375.0,6000.0
2016-01-11,201601112971995,API,29,44,16,375.0,6000.0
2016-01-11,201601112971979,API,36,44,16,375.0,6000.0
2016-01-11,201601112971978,API,36,44,16,375.0,6000.0
2016-01-11,201601112971977,API,36,44,16,375.0,6000.0
2016-01-11,201601112972005,API,29,43,16,375.0,6000.0
2016-01-11,201601112972004,API,29,43,16,375.0,6000.0
2016-01-11,201601112972003,API,29,19,26,375.0,9750.0
2016-01-11,201601112972002,API,29,19,26,375.0,9750.0
2016-01-11,201601112972001,API,29,19,26,375.0,9750.0
2016-01-11,201601112972000,API,29,19,26,375.0,9750.0
2016-01-11,201601112972027,API,29,6,26,375.0,9750.0
2016-01-11,201601112972025,API,29,43,16,375.0,6000.0
2016-01-11,201601112972023,API,26,43,16,375.0,6000.0
2016-01-11,201601112972020,API,29,43,16,375.0,6000.0
2016-01-11,201601112972019,API,44,26,20,374.0,7480.0
2016-01-11,201601112972013,API,44,11,26,374.0,9724.0
2016-01-11,201601112972047,API,44,11,26,374.0,9724.0
2016-01-11,201601112972040,API,44,38,26,374.0,9724.0
2016-01-11,201601112972036,API,44,11,26,374.0,9724.0
2016-01-11,201601112972033,API,44,11,26,374.0,9724.0
2016-01-11,201601112972030,API,29,41,26,375.0,9750.0
2016-01-11,201601112972028,API,29,41,26,375.0,9750.0
2016-01-11,201601112972068,API,29,42,16,375.0,6000.0
2016-01-11,201601112972064,API,5,44,16,375.0,6000.0
2016-01-11,201601112972063,API,29,42,16,375.0,6000.0
2016-01-11,201601112972062,API,29,44,16,375.0,6000.0
2016-01-11,201601112972053,API,38,41,26,375.0,9750.0
2016-01-11,201601112972049,API,44,1,16,374.0,5984.0
2016-01-11,201601112972100,API,29,44,16,375.0,6000.0
2016-01-11,201601112972096,API,29,44,16,375.0,6000.0
2016-01-11,201601112972095,API,29,44,16,375.0,6000.0
2016-01-11,201601112972075,API,29,44,16,375.0,6000.0
2016-01-11,201601112972074,API,29,44,16,375.0,6000.0
2016-01-11,201601112972073,API,29,44,16,375.0,6000.0
2016-01-11,201601112972126,API,29,44,16,375.0,6000.0
2016-01-11,201601112972113,API,29,44,16,375.0,6000.0
2016-01-11,201601112972105,API,21,44,16,375.0,6000.0
2016-01-11,201601112972103,API,29,44,16,375.0,6000.0
2016-01-11,201601112972102,API,29,44,16,375.0,6000.0
2016-01-11,201601112972101,API,44,48,16,374.0,5984.0
2016-01-11,201601112972146,API,29,44,16,375.0,6000.0
2016-01-11,201601112972137,API,29,44,16,375.0,6000.0
2016-01-11,201601112972133,API,21,44,16,375.0,6000.0
2016-01-11,201601112972131,API,21,44,16,375.0,6000.0
2016-01-11,201601112972128,API,44,1,16,374.0,5984.0
2016-01-11,201601112972127,API,21,44,16,375.0,6000.0
2016-01-11,201601112972172,API,44,29,16,374.0,5984.0
2016-01-11,201601112972170,API,5,44,16,375.0,6000.0
2016-01-11,201601112972166,API,5,29,16,375.0,6000.0
2016-01-11,201601112972164,API,29,44,16,375.0,6000.0
2016-01-11,201601112972159,API,5,29,16,375.0,6000.0
2016-01-11,201601112972155,API,29,44,16,375.0,6000.0
2016-01-11,201601112972181,API,5,29,16,375.0,6000.0
2016-01-11,201601112972178,API,5,44,16,375.0,6000.0
2016-01-11,201601112972177,API,29,44,16,375.0,6000.0
2016-01-11,201601112972176,API,29,29,16,375.0,6000.0
2016-01-11,201601112972175,API,5,44,16,375.0,6000.0
2016-01-11,201601112972173,API,44,38,26,374.0,9724.0
2016-01-11,201601112972195,API,29,44,16,375.0,6000.0
2016-01-11,201601112972194,API,29,29,16,375.0,6000.0
2016-01-11,201601112972190,API,5,44,16,375.0,6000.0
2016-01-11,201601112972186,API,5,29,16,375.0,6000.0
2016-01-11,201601112972185,API,29,44,16,375.0,6000.0
2016-01-11,201601112972184,API,44,38,26,374.0,9724.0
2016-01-11,201601112972219,API,21,29,16,375.0,6000.0
2016-01-11,201601112972217,API,29,29,16,375.0,6000.0
2016-01-11,201601112972216,API,29,44,16,375.0,6000.0
2016-01-11,201601112972214,API,29,44,16,375.0,6000.0
2016-01-11,201601112972197,API,29,29,16,375.0,6000.0
2016-01-11,201601112972196,API,29,44,16,375.0,6000.0
2016-01-11,201601112972241,API,29,29,16,375.0,6000.0
2016-01-11,201601112972236,API,29,29,16,375.0,6000.0
2016-01-11,201601112972233,API,44,38,26,374.0,9724.0
2016-01-11,201601112972224,API,29,29,16,375.0,6000.0
2016-01-11,201601112972223,API,29,29,16,375.0,6000.0
2016-01-11,201601112972221,API,21,29,16,375.0,6000.0
2016-01-11,201601112972254,API,29,29,16,375.0,6000.0
2016-01-11,201601112972253,API,44,38,26,374.0,9724.0
2016-01-11,201601112972246,API,29,38,26,375.0,9750.0
2016-01-11,201601112972245,API,29,29,16,375.0,6000.0
2016-01-11,201601112972244,API,29,29,10,375.0,3750.0
2016-01-11,201601112972242,API,44,38,26,374.0,9724.0
2016-01-11,201601112972310,API,17,44,26,376.0,9776.0
2016-01-11,201601112972304,API,17,6,26,376.0,9776.0
2016-01-11,201601112972302,API,17,6,16,376.0,6016.0
2016-01-11,201601112972298,API,17,6,16,376.0,6016.0
2016-01-11,201601112972293,API,17,29,16,375.0,6000.0
2016-01-11,201601112972273,API,17,29,16,375.0,6000.0
2016-01-11,201601112972360,BARUN,58,54,10,273.0,2730.0
2016-01-11,201601112972152,BARUN,29,29,10,275.0,2750.0
2016-01-11,201601112972144,BARUN,29,29,10,275.0,2750.0
2016-01-11,201601112972143,BARUN,29,29,10,275.0,2750.0
2016-01-11,201601112972142,BARUN,29,29,10,275.0,2750.0
2016-01-11,201601112972141,BARUN,29,29,10,275.0,2750.0
2016-01-11,201601112972140,BARUN,29,29,10,275.0,2750.0
2016-01-11,201601112971958,BARUN,38,38,10,274.0,2740.0
2016-01-11,201601112971953,BARUN,56,56,10,274.0,2740.0
2016-01-11,201601112971941,BARUN,38,38,10,274.0,2740.0
2016-01-11,201601112971899,BARUN,6,6,10,274.0,2740.0
2016-01-11,201601112971875,BARUN,6,6,10,274.0,2740.0
2016-01-11,201601112971959,BFCL,26,26,20,127.0,2540.0
2016-01-11,201601112972212,CBL,48,50,300,245.0,73500.0
2016-01-11,201601112971924,CBL,39,6,14,245.0,3430.0
2016-01-11,201601112971871,CBL,50,38,110,243.0,26730.0
2016-01-11,201601112972331,CCBL,38,32,328,310.0,101680.0
2016-01-11,201601112972294,CCBL,38,13,35,310.0,10850.0
2016-01-11,201601112972353,CHCL,17,17,100,1259.0,125900.0
2016-01-11,201601112972340,CHCL,32,38,147,1250.0,183750.0
2016-01-11,201601112972336,CHCL,21,38,165,1251.0,206415.0
2016-01-11,201601112972323,CHCL,41,57,85,1256.0,106760.0
2016-01-11,201601112972296,CIT,21,25,500,4270.0,2135000.0
2016-01-11,201601112972268,CIT,58,25,70,4295.0,300650.0
2016-01-11,201601112972099,CIT,55,25,10,4295.0,42950.0
2016-01-11,201601112972071,CIT,26,55,100,4290.0,429000.0
2016-01-11,201601112971951,CIT,19,25,10,4280.0,42800.0
2016-01-11,201601112971869,CIT,19,57,30,4280.0,128400.0
2016-01-11,201601112971868,CIT,19,57,20,4280.0,85600.0
2016-01-11,201601112972341,CZBIL,38,6,150,591.0,88650.0
2016-01-11,201601112972309,CZBIL,38,6,450,591.0,265950.0
2016-01-11,201601112972308,CZBIL,16,6,150,591.0,88650.0
2016-01-11,201601112972307,CZBIL,38,6,300,592.0,177600.0
2016-01-11,201601112972306,CZBIL,50,6,100,592.0,59200.0
2016-01-11,201601112971919,DBBL,58,22,382,184.0,70288.0
2016-01-11,201601112971930,DDBL,35,43,100,1670.0,167000.0
2016-01-11,201601112971929,DDBL,35,14,100,1665.0,166500.0
2016-01-11,201601112972258,EBL,41,45,200,2130.0,426000.0
2016-01-11,201601112972147,EBL,25,45,30,2100.0,63000.0
2016-01-11,201601112972125,EBL,25,45,50,2100.0,105000.0
2016-01-11,201601112972124,EBL,17,45,100,2101.0,210100.0
2016-01-11,201601112972123,EBL,14,45,20,2105.0,42100.0
2016-01-11,201601112971921,EBL,17,17,62,2101.0,130262.0
2016-01-11,201601112972251,EDBL,1,54,380,701.0,266380.0
2016-01-11,201601112972250,EDBL,6,54,70,705.0,49350.0
2016-01-11,201601112972136,EDBL,19,10,510,709.0,361590.0
2016-01-11,201601112972135,EDBL,44,10,100,710.0,71000.0
2016-01-11,201601112972134,EDBL,25,10,120,711.0,85320.0
2016-01-11,201601112972060,EDBL,10,45,200,712.0,142400.0
2016-01-11,201601112972343,FBBL,25,45,100,324.0,32400.0
2016-01-11,201601112972052,FMDBL,42,59,100,678.0,67800.0
2016-01-11,201601112972017,FMDBL,46,59,200,675.0,135000.0
2016-01-11,201601112971966,FMDBL,22,19,150,678.0,101700.0
2016-01-11,201601112971935,FMDBL,46,6,100,675.0,67500.0
2016-01-11,201601112971909,FMDBL,13,5,200,670.0,134000.0
2016-01-11,201601112971902,FMDBL,13,5,200,670.0,134000.0
2016-01-11,201601112972363,GBBL,16,41,100,310.0,31000.0
2016-01-11,201601112971964,GBBL,21,38,250,311.0,77750.0
2016-01-11,201601112971963,GBBL,21,6,50,311.0,15550.0
2016-01-11,201601112971922,GBBL,16,58,500,310.0,155000.0
2016-01-11,201601112972119,GBIME,32,13,30,400.0,12000.0
2016-01-11,201601112971974,GBIME,42,17,960,400.0,384000.0
2016-01-11,201601112972032,GDBL,42,10,102,360.0,36720.0
2016-01-11,201601112972109,GLICL,37,41,200,680.0,136000.0
2016-01-11,201601112972320,HGI,53,22,500,701.0,350500.0
2016-01-11,201601112972347,ILFCM,42,29,15,883.0,13245.0
2016-01-11,201601112972346,ILFCM,42,47,10,883.0,8830.0
2016-01-11,201601112972342,ILFCM,42,29,15,883.0,13245.0
2016-01-11,201601112972339,ILFCM,42,29,15,883.0,13245.0
2016-01-11,201601112972334,ILFCM,42,29,15,883.0,13245.0
2016-01-11,201601112972332,ILFCM,32,29,15,884.0,13260.0
2016-01-11,201601112971874,ILFCM,50,36,10,888.0,8880.0
2016-01-11,201601112971976,ILFCM,6,38,10,889.0,8890.0
2016-01-11,201601112971971,ILFCM,6,5,10,890.0,8900.0
2016-01-11,201601112971970,ILFCM,6,38,10,889.0,8890.0
2016-01-11,201601112971968,ILFCM,6,47,15,889.0,13335.0
2016-01-11,201601112971943,ILFCM,37,47,15,889.0,13335.0
2016-01-11,201601112971907,ILFCM,56,18,50,888.0,44400.0
2016-01-11,201601112971988,ILFCM,6,17,15,890.0,13350.0
2016-01-11,201601112971987,ILFCM,6,17,15,890.0,13350.0
2016-01-11,201601112971986,ILFCM,6,17,15,890.0,13350.0
2016-01-11,201601112971985,ILFCM,6,17,15,890.0,13350.0
2016-01-11,201601112971984,ILFCM,6,17,15,890.0,13350.0
2016-01-11,201601112971983,ILFCM,6,17,15,890.0,13350.0
2016-01-11,201601112972007,ILFCM,6,38,10,890.0,8900.0
2016-01-11,201601112971993,ILFCM,6,17,15,890.0,13350.0
2016-01-11,201601112971992,ILFCM,6,17,15,890.0,13350.0
2016-01-11,201601112971991,ILFCM,6,17,15,890.0,13350.0
2016-01-11,201601112971990,ILFCM,6,17,15,890.0,13350.0
2016-01-11,201601112971989,ILFCM,6,17,15,890.0,13350.0
2016-01-11,201601112972050,ILFCM,28,28,10,891.0,8910.0
2016-01-11,201601112972037,ILFCM,28,28,10,891.0,8910.0
2016-01-11,201601112972035,ILFCM,28,28,10,891.0,8910.0
2016-01-11,201601112972024,ILFCM,28,28,10,891.0,8910.0
2016-01-11,201601112972022,ILFCM,28,28,10,891.0,8910.0
2016-01-11,201601112972014,ILFCM,26,26,10,891.0,8910.0
2016-01-11,201601112972114,ILFCM,6,21,15,890.0,13350.0
2016-01-11,201601112972112,ILFCM,6,21,15,890.0,13350.0
2016-01-11,201601112972108,ILFCM,28,28,10,888.0,8880.0
2016-01-11,201601112972104,ILFCM,6,21,15,890.0,13350.0
2016-01-11,201601112972087,ILFCM,6,38,10,884.0,8840.0
2016-01-11,201601112972056,ILFCM,28,28,10,891.0,8910.0
2016-01-11,201601112972168,ILFCM,6,16,10,886.0,8860.0
2016-01-11,201601112972158,ILFCM,6,16,10,886.0,8860.0
2016-01-11,201601112972154,ILFCM,6,16,10,886.0,8860.0
2016-01-11,201601112972150,ILFCM,21,21,10,890.0,8900.0
2016-01-11,201601112972148,ILFCM,6,16,10,886.0,8860.0
2016-01-11,201601112972116,ILFCM,6,21,15,890.0,13350.0
2016-01-11,201601112972191,ILFCM,6,16,10,886.0,8860.0
2016-01-11,201601112972188,ILFCM,6,16,10,886.0,8860.0
2016-01-11,201601112972183,ILFCM,6,47,10,886.0,8860.0
2016-01-11,201601112972182,ILFCM,6,16,10,886.0,8860.0
2016-01-11,201601112972174,ILFCM,6,16,10,886.0,8860.0
2016-01-11,201601112972171,ILFCM,6,16,10,886.0,8860.0
2016-01-11,201601112972222,ILFCM,32,16,10,885.0,8850.0
2016-01-11,201601112972218,ILFCM,32,16,10,885.0,8850.0
2016-01-11,201601112972210,ILFCM,32,16,10,885.0,8850.0
2016-01-11,201601112972204,ILFCM,32,16,10,885.0,8850.0
2016-01-11,201601112972202,ILFCM,6,16,10,886.0,8860.0
2016-01-11,201601112972199,ILFCM,6,16,10,886.0,8860.0
2016-01-11,201601112972261,ILFCM,6,16,10,884.0,8840.0
2016-01-11,201601112972259,ILFCM,6,29,15,884.0,13260.0
2016-01-11,201601112972257,ILFCM,6,16,10,884.0,8840.0
2016-01-11,201601112972256,ILFCM,32,29,15,885.0,13275.0
2016-01-11,201601112972255,ILFCM,16,29,15,886.0,13290.0
2016-01-11,201601112972252,ILFCM,32,29,15,886.0,13290.0
2016-01-11,201601112972271,ILFCM,6,16,10,884.0,8840.0
2016-01-11,201601112972267,ILFCM,6,29,15,884.0,13260.0
2016-01-11,201601112972266,ILFCM,6,16,10,884.0,8840.0
2016-01-11,201601112972265,ILFCM,6,29,15,884.0,13260.0
2016-01-11,201601112972263,ILFCM,6,16,10,884.0,8840.0
2016-01-11,201601112972262,ILFCM,6,29,15,884.0,13260.0
2016-01-11,201601112972290,ILFCM,6,16,10,884.0,8840.0
2016-01-11,201601112972285,ILFCM,6,29,15,884.0,13260.0
2016-01-11,201601112972284,ILFCM,6,16,10,884.0,8840.0
2016-01-11,201601112972275,ILFCM,6,29,15,884.0,13260.0
2016-01-11,201601112972274,ILFCM,6,16,10,884.0,8840.0
2016-01-11,201601112972272,ILFCM,6,29,15,884.0,13260.0
2016-01-11,201601112972312,ILFCM,6,29,15,884.0,13260.0
2016-01-11,201601112972305,ILFCM,6,29,15,884.0,13260.0
2016-01-11,201601112972303,ILFCM,6,29,15,884.0,13260.0
2016-01-11,201601112972299,ILFCM,6,29,15,884.0,13260.0
2016-01-11,201601112972297,ILFCM,6,29,15,884.0,13260.0
2016-01-11,201601112972292,ILFCM,6,29,15,884.0,13260.0
2016-01-11,201601112972328,ILFCM,6,29,15,884.0,13260.0
2016-01-11,201601112972326,ILFCM,6,29,15,884.0,13260.0
2016-01-11,201601112972322,ILFCM,6,29,15,884.0,13260.0
2016-01-11,201601112972321,ILFCM,6,29,15,884.0,13260.0
2016-01-11,201601112972317,ILFCM,6,29,15,884.0,13260.0
2016-01-11,201601112972315,ILFCM,6,29,15,884.0,13260.0
2016-01-11,201601112972358,KBL,13,48,66,385.0,25410.0
2016-01-11,201601112972264,KBL,13,5,50,385.0,19250.0
2016-01-11,201601112972247,KBL,35,48,338,385.0,130130.0
2016-01-11,201601112972193,KBL,35,8,100,385.0,38500.0
2016-01-11,201601112972192,KBL,25,8,100,386.0,38600.0
2016-01-11,201601112971900,KCDBL,22,11,17,190.0,3230.0
2016-01-11,201601112972086,KDBL,28,13,300,184.0,55200.0
2016-01-11,201601112972349,LBL,17,4,52,565.0,29380.0
2016-01-11,201601112972316,LBL,17,39,500,562.0,281000.0
2016-01-11,201601112972070,LBL,25,10,104,562.0,58448.0
2016-01-11,201601112972010,LBL,8,45,250,566.0,141500.0
2016-01-11,201601112972009,LBL,33,32,100,563.0,56300.0
2016-01-11,201601112972008,LBL,19,32,300,563.0,168900.0
2016-01-11,201601112971998,LBL,20,4,242,565.0,136730.0
2016-01-11,201601112971961,LBL,43,45,200,566.0,113200.0
2016-01-11,201601112971936,LBL,41,45,50,566.0,28300.0
2016-01-11,201601112971932,LBL,20,4,640,565.0,361600.0
2016-01-11,201601112971960,LFLC,25,18,22,220.0,4840.0
2016-01-11,201601112972234,LGIL,50,35,33,560.0,18480.0
2016-01-11,201601112972016,LGIL,50,16,42,563.0,23646.0
2016-01-11,201601112971954,LLBS,28,6,100,1725.0,172500.0
2016-01-11,201601112972260,MMFDB,55,55,10,2465.0,24650.0
2016-01-11,201601112972230,MMFDB,44,26,100,2460.0,246000.0
2016-01-11,201601112972229,MMFDB,44,32,10,2450.0,24500.0
2016-01-11,201601112972228,MMFDB,44,19,30,2440.0,73200.0
2016-01-11,201601112972227,MMFDB,44,35,10,2432.0,24320.0
2016-01-11,201601112972226,MMFDB,44,28,10,2430.0,24300.0
2016-01-11,201601112972187,MMFDB,44,41,50,2429.0,121450.0
2016-01-11,201601112972026,MMFDB,47,47,10,2416.0,24160.0
2016-01-11,201601112971933,MMFDB,47,8,10,2416.0,24160.0
2016-01-11,201601112972211,MNBBL,32,33,300,700.0,210000.0
2016-01-11,201601112972289,NABIL,25,45,10,1820.0,18200.0
2016-01-11,201601112972288,NABIL,49,45,50,1820.0,91000.0
2016-01-11,201601112972198,NABIL,17,26,203,1824.0,370272.0
2016-01-11,201601112972012,NABIL,26,17,100,1820.0,182000.0
2016-01-11,201601112972345,NABILP,50,48,40,1400.0,56000.0
2016-01-11,201601112972059,NABILP,8,44,500,1400.0,700000.0
2016-01-11,201601112972058,NABILP,8,17,180,1399.0,251820.0
2016-01-11,201601112971937,NABILP,7,17,20,1399.0,27980.0
2016-01-11,201601112972350,NBL,46,19,1000,303.0,303000.0
2016-01-11,201601112972189,NBL,22,17,500,303.0,151500.0
2016-01-11,201601112972121,NBL,49,49,5000,302.0,1510000.0
2016-01-11,201601112972120,NBL,49,43,500,302.0,151000.0
2016-01-11,201601112972067,NBL,48,43,200,302.0,60400.0
2016-01-11,201601112971975,NBL,55,43,300,302.0,90600.0
2016-01-11,201601112972231,NCM,59,16,1740,270.0,469800.0
2016-01-11,201601112972122,NCM,59,20,719,272.0,195568.0
2016-01-11,201601112972239,NHPC,21,42,500,119.0,59500.0
2016-01-11,201601112972270,NIB,32,48,10,773.0,7730.0
2016-01-11,201601112972235,NIB,33,43,80,774.0,61920.0
2016-01-11,201601112972110,NIB,13,48,50,776.0,38800.0
2016-01-11,201601112972034,NIB,13,11,100,775.0,77500.0
2016-01-11,201601112972029,NIB,32,48,300,774.0,232200.0
2016-01-11,201601112972163,NIBPO,11,51,400,650.0,260000.0
2016-01-11,201601112972162,NIBPO,11,51,100,650.0,65000.0
2016-01-11,201601112972161,NIBPO,50,51,400,650.0,260000.0
2016-01-11,201601112972160,NIBPO,14,51,100,652.0,65200.0
2016-01-11,201601112972153,NIBPO,52,51,500,655.0,327500.0
2016-01-11,201601112972107,NIBPO,50,53,500,656.0,328000.0
2016-01-11,201601112972006,NIBSF1,36,47,2000,10.04,20080.0
2016-01-11,201601112971955,NIBSF1,36,1,5000,10.06,50300.0
2016-01-11,201601112971939,NIBSF1,36,1,5000,10.05,50250.0
2016-01-11,201601112971938,NIBSF1,36,1,5000,10.05,50250.0
2016-01-11,201601112971908,NIBSF1,49,1,5000,10.0,50000.0
2016-01-11,201601112971903,NIBSF1,49,1,5000,10.0,50000.0
2016-01-11,201601112971898,NIBSF1,49,1,2500,10.0,25000.0
2016-01-11,201601112971890,NIBSF1,49,1,2500,10.0,25000.0
2016-01-11,201601112971972,NICA,41,37,30,700.0,21000.0
2016-01-11,201601112971967,NICA,41,33,255,700.0,178500.0
2016-01-11,201601112971867,NICA,47,37,140,700.0,98000.0
2016-01-11,201601112972106,NIL,41,45,100,820.0,82000.0
2016-01-11,201601112972179,NLBBL,10,56,100,1905.0,190500.0
2016-01-11,201601112972286,NLIC,6,58,60,3333.0,199980.0
2016-01-11,201601112972157,NLIC,6,55,140,3333.0,466620.0
2016-01-11,201601112971928,NLIC,56,58,500,3333.0,1666500.0
2016-01-11,201601112971927,NLIC,59,58,400,3334.0,1333600.0
2016-01-11,201601112971926,NLIC,25,58,200,3335.0,667000.0
2016-01-11,201601112971925,NLIC,43,58,30,3335.0,100050.0
2016-01-11,201601112972276,NLICL,45,53,50,2470.0,123500.0
2016-01-11,201601112972118,NLICL,36,41,100,2460.0,246000.0
2016-01-11,201601112972117,NLICL,36,6,30,2460.0,73800.0
2016-01-11,201601112972111,NLICL,50,6,210,2454.0,515340.0
2016-01-11,201601112972083,NLICL,44,6,213,2454.0,522702.0
2016-01-11,201601112972065,NLICL,45,6,122,2450.0,298900.0
2016-01-11,201601112972011,NLICL,25,25,132,2451.0,323532.0
2016-01-11,201601112971911,NLICL,45,10,60,2450.0,147000.0
2016-01-11,201601112971904,NLICL,21,10,50,2451.0,122550.0
2016-01-11,201601112972080,NMBSF1,49,47,5000,10.0,50000.0
2016-01-11,201601112972079,NMBSF1,49,47,5000,10.0,50000.0
2016-01-11,201601112972078,NMBSF1,49,25,5000,9.98,49900.0
2016-01-11,201601112972082,NNLB,17,8,100,1340.0,134000.0
2016-01-11,201601112972248,NUBL,47,17,100,1660.0,166000.0
2016-01-11,201601112972180,OHL,39,44,30,408.0,12240.0
2016-01-11,201601112972139,OHL,16,16,22,407.0,8954.0
2016-01-11,201601112972130,OHL,45,16,21,406.0,8526.0
2016-01-11,201601112971948,OHL,16,16,22,407.0,8954.0
2016-01-11,201601112971947,OHL,16,16,22,407.0,8954.0
2016-01-11,201601112971913,OHL,16,16,44,407.0,17908.0
2016-01-11,201601112971906,OHL,16,16,77,407.0,31339.0
2016-01-11,201601112971905,OHL,16,16,77,407.0,31339.0
2016-01-11,201601112971901,OHL,16,16,77,407.0,31339.0
2016-01-11,201601112971895,OHL,16,16,77,407.0,31339.0
2016-01-11,201601112972269,PIC,21,38,495,881.0,436095.0
2016-01-11,201601112972115,PIC,54,45,178,882.0,156996.0
2016-01-11,201601112972085,PIC,55,38,71,888.0,63048.0
2016-01-11,201601112971931,PIC,21,59,200,885.0,177000.0
2016-01-11,201601112972337,PICL,50,7,100,657.0,65700.0
2016-01-11,201601112972129,PICL,42,45,200,652.0,130400.0
2016-01-11,201601112971891,PICL,43,47,500,651.0,325500.0
2016-01-11,201601112972348,PLIC,28,38,120,1543.0,185160.0
2016-01-11,201601112972165,PLIC,5,19,133,1538.0,204554.0
2016-01-11,201601112972088,PLIC,56,44,30,1540.0,46200.0
2016-01-11,201601112972081,PLIC,56,53,107,1540.0,164780.0
2016-01-11,201601112972061,PLIC,56,10,103,1540.0,158620.0
2016-01-11,201601112971946,PLIC,26,44,70,1540.0,107800.0
2016-01-11,201601112971872,PLIC,17,38,30,1543.0,46290.0
2016-01-11,201601112972145,PROFL,39,39,30,122.0,3660.0
2016-01-11,201601112972055,RBBBL,42,11,13,200.0,2600.0
2016-01-11,201601112972054,RBBBL,42,38,13,200.0,2600.0
2016-01-11,201601112972046,RBBBL,42,38,13,200.0,2600.0
2016-01-11,201601112972045,RBBBL,42,38,13,200.0,2600.0
2016-01-11,201601112972044,RBBBL,42,38,13,200.0,2600.0
2016-01-11,201601112971892,RBBBL,49,38,13,200.0,2600.0
2016-01-11,201601112971889,RBBBL,50,55,13,200.0,2600.0
2016-01-11,201601112971865,RBBBL,50,38,13,200.0,2600.0
2016-01-11,201601112972043,RBBBL,42,38,13,200.0,2600.0
2016-01-11,201601112972042,RBBBL,42,38,13,200.0,2600.0
2016-01-11,201601112972041,RBBBL,42,38,13,200.0,2600.0
2016-01-11,201601112972039,RBBBL,42,38,13,200.0,2600.0
2016-01-11,201601112972021,RBBBL,42,55,13,200.0,2600.0
2016-01-11,201601112971914,RBBBL,50,55,13,200.0,2600.0
2016-01-11,201601112972232,REDBL,25,1,20,297.0,5940.0
2016-01-11,201601112972330,RHPC,34,7,88,350.0,30800.0
2016-01-11,201601112972207,RHPC,43,52,12,350.0,4200.0
2016-01-11,201601112972169,RHPC,52,52,12,350.0,4200.0
2016-01-11,201601112972077,RHPC,52,21,11,350.0,3850.0
2016-01-11,201601112972069,RHPC,34,21,11,350.0,3850.0
2016-01-11,201601112972066,RHPC,52,52,12,351.0,4212.0
2016-01-11,201601112971918,RHPC,51,34,15,350.0,5250.0
2016-01-11,201601112972094,SADBL,1,32,60,401.0,24060.0
2016-01-11,201601112972093,SADBL,1,32,60,401.0,24060.0
2016-01-11,201601112972015,SADBL,45,45,172,401.0,68972.0
2016-01-11,201601112971999,SADBL,38,41,792,398.0,315216.0
2016-01-11,201601112971957,SADBL,45,45,195,401.0,78195.0
2016-01-11,201601112971893,SADBL,45,45,172,401.0,68972.0
2016-01-11,201601112972151,SAFL,32,17,10,198.0,1980.0
2016-01-11,201601112971956,SAFL,32,6,33,195.0,6435.0
2016-01-11,201601112971894,SAFL,32,32,22,195.0,4290.0
2016-01-11,201601112971870,SAFL,32,32,18,192.0,3456.0
2016-01-11,201601112972327,SANIMA,1,4,1000,668.0,668000.0
2016-01-11,201601112972090,SANIMA,16,4,30,670.0,20100.0
2016-01-11,201601112972076,SANIMA,32,4,1000,665.0,665000.0
2016-01-11,201601112971942,SANIMA,49,59,60,669.0,40140.0
2016-01-11,201601112972356,SBI,38,38,64,1535.0,98240.0
2016-01-11,201601112972051,SBI,39,39,1200,1533.0,1839600.0
2016-01-11,201601112972359,SCB,45,45,10,2600.0,26000.0
2016-01-11,201601112972354,SCB,45,45,10,2600.0,26000.0
2016-01-11,201601112972318,SCB,45,45,30,2600.0,78000.0
2016-01-11,201601112972314,SCB,36,58,200,2600.0,520000.0
2016-01-11,201601112972313,SCB,36,17,100,2590.0,259000.0
2016-01-11,201601112972213,SCB,42,45,100,2600.0,260000.0
2016-01-11,201601112972138,SCB,57,57,36,2599.0,93564.0
2016-01-11,201601112971969,SEOS,17,17,8600,9.55,82130.0
2016-01-11,201601112972351,SHPC,44,58,3000,844.0,2532000.0
2016-01-11,201601112972335,SHPC,44,58,500,844.0,422000.0
2016-01-11,201601112972329,SHPC,44,39,297,845.0,250965.0
2016-01-11,201601112972324,SHPC,44,39,297,845.0,250965.0
2016-01-11,201601112972319,SHPC,44,39,297,845.0,250965.0
2016-01-11,201601112972311,SHPC,44,43,50,844.0,42200.0
2016-01-11,201601112972206,SHPC,36,36,200,844.0,168800.0
2016-01-11,201601112972149,SHPC,36,39,100,839.0,83900.0
2016-01-11,201601112972089,SHPC,36,16,50,839.0,41950.0
2016-01-11,201601112972048,SHPC,44,17,383,837.0,320571.0
2016-01-11,201601112971980,SHPC,19,37,68,844.0,57392.0
2016-01-11,201601112972325,SICL,32,36,300,1330.0,399000.0
2016-01-11,201601112972355,SKBBL,48,1,100,1374.0,137400.0
2016-01-11,201601112972132,SKBBL,41,40,446,1370.0,611020.0
2016-01-11,201601112972098,SKBBL,6,29,141,1360.0,191760.0
2016-01-11,201601112971866,SKBBL,56,26,10,1355.0,13550.0
2016-01-11,201601112972072,SUBBL,21,17,180,430.0,77400.0
2016-01-11,201601112971952,SUBBL,1,29,800,426.0,340800.0
2016-01-11,201601112972295,SWBBL,21,56,100,1865.0,186500.0
2016-01-11,201601112972215,SWBBL,58,58,300,1840.0,552000.0
2016-01-11,201601112972209,SWBBL,58,58,300,1840.0,552000.0
2016-01-11,201601112972203,SWBBL,58,58,500,1840.0,920000.0
2016-01-11,201601112972038,SWBBL,55,26,30,1900.0,57000.0
2016-01-11,201601112972018,SWBBL,55,10,93,1890.0,175770.0
2016-01-11,201601112971994,SWBBL,55,56,50,1880.0,94000.0
2016-01-11,201601112972200,SWBBL,58,58,500,1840.0,920000.0
2016-01-11,201601112972156,SWBBL,6,58,200,1863.0,372600.0
2016-01-11,201601112972283,UIC,29,35,1000,490.0,490000.0
2016-01-11,201601112972282,UIC,43,35,200,490.0,98000.0
2016-01-11,201601112972281,UIC,43,35,500,492.0,246000.0
2016-01-11,201601112972280,UIC,39,35,100,492.0,49200.0
2016-01-11,201601112972279,UIC,39,35,950,492.0,467400.0
2016-01-11,201601112972278,UIC,49,35,500,493.0,246500.0
2016-01-11,201601112972277,UIC,5,35,500,494.0,247000.0
2016-01-11,201601112971949,UIC,35,18,34,495.0,16830.0
2016-01-11,201601112971920,UIC,50,5,191,494.0,94354.0
2016-01-11,201601112972357,VLBS,44,55,30,1160.0,34800.0
2016-01-11,201601112972287,VLBS,44,55,50,1161.0,58050.0
2016-01-11,201601112972243,VLBS,44,38,10,1161.0,11610.0
2016-01-11,201601112972237,VLBS,44,38,10,1161.0,11610.0
2016-01-11,201601112972225,VLBS,44,38,10,1161.0,11610.0
2016-01-11,201601112972220,VLBS,44,38,10,1161.0,11610.0
2016-01-11,201601112971965,VLBS,44,38,10,1160.0,11600.0
2016-01-11,201601112971897,VLBS,44,58,10,1160.0,11600.0
2016-01-11,201601112972208,VLBS,44,38,10,1161.0,11610.0
2016-01-11,201601112972201,VLBS,48,21,23,1163.0,26749.0
2016-01-11,201601112972097,VLBS,48,38,10,1163.0,11630.0
2016-01-11,201601112972092,VLBS,48,11,10,1163.0,11630.0
2016-01-11,201601112972091,VLBS,48,11,10,1163.0,11630.0
2016-01-11,201601112972031,VLBS,4,45,84,1164.0,97776.0
2016-01-11,201601112960798,ACEDBL,36,32,1000,310.0,310000.0
2016-01-11,201601112960750,ACEDBL,59,32,300,310.0,93000.0
2016-01-11,201601112960749,ACEDBL,59,32,200,310.0,62000.0
2016-01-11,201601112960684,ACEDBL,59,25,500,310.0,155000.0
2016-01-11,201601112960641,ACEDBL,36,25,500,310.0,155000.0
2016-01-11,201601112960596,ACEDBL,36,36,300,309.0,92700.0
2016-01-11,201601112960637,ADBL,58,43,300,525.0,157500.0
2016-01-11,201601112960634,ADBL,58,48,84,525.0,44100.0
2016-01-11,201601112960633,ADBL,58,49,470,524.0,246280.0
2016-01-11,201601112960623,ADBL,58,52,295,524.0,154580.0
2016-01-11,201601112960502,ADBL,58,36,500,523.0,261500.0
2016-01-11,201601112960567,AHPC,26,18,18,256.0,4608.0
2016-01-11,201601112960454,ALICL,56,20,463,1247.0,577361.0
2016-01-11,201601112960917,API,5,58,16,371.0,5936.0
2016-01-11,201601112960913,API,13,55,26,372.0,9672.0
2016-01-11,201601112960909,API,5,58,16,371.0,5936.0
2016-01-11,201601112960905,API,5,10,26,371.0,9646.0
2016-01-11,201601112960904,API,40,48,16,372.0,5952.0
2016-01-11,201601112960902,API,40,48,16,374.0,5984.0
2016-01-11,201601112960474,API,42,18,26,372.0,9672.0
2016-01-11,201601112960488,API,42,44,16,375.0,6000.0
2016-01-11,201601112960484,API,42,44,16,375.0,6000.0
2016-01-11,201601112960482,API,42,17,11,374.0,4114.0
2016-01-11,201601112960481,API,42,41,26,374.0,9724.0
2016-01-11,201601112960480,API,42,17,16,374.0,5984.0
2016-01-11,201601112960479,API,42,41,26,374.0,9724.0
2016-01-11,201601112960494,API,42,44,16,375.0,6000.0
2016-01-11,201601112960493,API,42,44,16,375.0,6000.0
2016-01-11,201601112960492,API,42,44,26,375.0,9750.0
2016-01-11,201601112960491,API,42,44,16,375.0,6000.0
2016-01-11,201601112960490,API,42,44,16,375.0,6000.0
2016-01-11,201601112960489,API,42,44,16,375.0,6000.0
2016-01-11,201601112960503,API,42,17,16,374.0,5984.0
2016-01-11,201601112960499,API,41,29,26,371.0,9646.0
2016-01-11,201601112960498,API,39,18,26,371.0,9646.0
2016-01-11,201601112960497,API,42,44,16,375.0,6000.0
2016-01-11,201601112960496,API,42,44,26,375.0,9750.0
2016-01-11,201601112960495,API,42,44,16,375.0,6000.0
2016-01-11,201601112960509,API,42,44,26,375.0,9750.0
2016-01-11,201601112960508,API,42,44,16,375.0,6000.0
2016-01-11,201601112960507,API,42,44,16,375.0,6000.0
2016-01-11,201601112960506,API,42,44,26,375.0,9750.0
2016-01-11,201601112960505,API,42,44,16,375.0,6000.0
2016-01-11,201601112960504,API,42,44,26,375.0,9750.0
2016-01-11,201601112960515,API,42,5,26,375.0,9750.0
2016-01-11,201601112960514,API,42,44,26,375.0,9750.0
2016-01-11,201601112960513,API,42,44,16,375.0,6000.0
2016-01-11,201601112960512,API,42,44,26,375.0,9750.0
2016-01-11,201601112960511,API,42,5,26,375.0,9750.0
2016-01-11,201601112960510,API,42,44,16,375.0,6000.0
2016-01-11,201601112960522,API,41,29,26,371.0,9646.0
2016-01-11,201601112960521,API,41,18,26,371.0,9646.0
2016-01-11,201601112960519,API,42,44,26,375.0,9750.0
2016-01-11,201601112960518,API,42,44,26,375.0,9750.0
2016-01-11,201601112960517,API,42,44,26,375.0,9750.0
2016-01-11,201601112960516,API,42,44,16,375.0,6000.0
2016-01-11,201601112960528,API,42,44,16,375.0,6000.0
2016-01-11,201601112960527,API,42,44,16,375.0,6000.0
2016-01-11,201601112960526,API,42,44,16,375.0,6000.0
2016-01-11,201601112960525,API,42,44,16,375.0,6000.0
2016-01-11,201601112960524,API,42,44,26,375.0,9750.0
2016-01-11,201601112960523,API,42,17,26,374.0,9724.0
2016-01-11,201601112960534,API,42,44,16,375.0,6000.0
2016-01-11,201601112960533,API,42,44,16,375.0,6000.0
2016-01-11,201601112960532,API,42,44,16,375.0,6000.0
2016-01-11,201601112960531,API,42,44,16,375.0,6000.0
2016-01-11,201601112960530,API,42,44,16,375.0,6000.0
2016-01-11,201601112960529,API,42,44,16,375.0,6000.0
2016-01-11,201601112960556,API,13,13,26,373.0,9698.0
2016-01-11,201601112960543,API,39,29,26,370.0,9620.0
2016-01-11,201601112960541,API,41,29,26,371.0,9646.0
2016-01-11,201601112960537,API,42,44,16,375.0,6000.0
2016-01-11,201601112960536,API,42,44,16,375.0,6000.0
2016-01-11,201601112960535,API,42,44,16,375.0,6000.0
2016-01-11,201601112960592,API,42,29,16,372.0,5952.0
2016-01-11,201601112960591,API,42,48,16,372.0,5952.0
2016-01-11,201601112960584,API,42,48,16,372.0,5952.0
2016-01-11,201601112960583,API,42,29,16,372.0,5952.0
2016-01-11,201601112960568,API,28,29,16,373.0,5968.0
2016-01-11,201601112960557,API,42,29,16,372.0,5952.0
2016-01-11,201601112960621,API,13,13,26,372.0,9672.0
2016-01-11,201601112960610,API,45,45,10,372.0,3720.0
2016-01-11,201601112960605,API,41,29,16,371.0,5936.0
2016-01-11,201601112960599,API,13,28,26,373.0,9698.0
2016-01-11,201601112960597,API,42,48,16,372.0,5952.0
2016-01-11,201601112960595,API,42,29,16,372.0,5952.0
2016-01-11,201601112960677,API,28,28,26,372.0,9672.0
2016-01-11,201601112960659,API,55,55,26,373.0,9698.0
2016-01-11,201601112960655,API,13,13,26,372.0,9672.0
2016-01-11,201601112960642,API,41,18,16,371.0,5936.0
2016-01-11,201601112960639,API,13,13,26,372.0,9672.0
2016-01-11,201601112960638,API,28,28,26,372.0,9672.0
2016-01-11,201601112960752,API,50,17,16,372.0,5952.0
2016-01-11,201601112960745,API,41,53,10,371.0,3710.0
2016-01-11,201601112960743,API,41,55,26,371.0,9646.0
2016-01-11,201601112960733,API,5,17,10,373.0,3730.0
2016-01-11,201601112960731,API,5,17,16,372.0,5952.0
2016-01-11,201601112960683,API,13,13,26,372.0,9672.0
2016-01-11,201601112960785,API,1,17,11,373.0,4103.0
2016-01-11,201601112960783,API,13,13,26,372.0,9672.0
2016-01-11,201601112960771,API,17,55,26,372.0,9672.0
2016-01-11,201601112960763,API,17,53,10,372.0,3720.0
2016-01-11,201601112960759,API,50,56,16,372.0,5952.0
2016-01-11,201601112960757,API,41,53,10,371.0,3710.0
2016-01-11,201601112960801,API,13,13,26,372.0,9672.0
2016-01-11,201601112960800,API,5,48,16,373.0,5968.0
2016-01-11,201601112960799,API,41,10,26,371.0,9646.0
2016-01-11,201601112960796,API,1,55,26,372.0,9672.0
2016-01-11,201601112960795,API,5,17,11,373.0,4103.0
2016-01-11,201601112960786,API,41,10,26,371.0,9646.0
2016-01-11,201601112960814,API,5,56,16,373.0,5968.0
2016-01-11,201601112960812,API,5,56,16,373.0,5968.0
2016-01-11,201601112960811,API,41,10,26,371.0,9646.0
2016-01-11,201601112960809,API,1,56,16,373.0,5968.0
2016-01-11,201601112960806,API,5,48,16,373.0,5968.0
2016-01-11,201601112960804,API,5,48,16,373.0,5968.0
2016-01-11,201601112960858,API,5,19,16,374.0,5984.0
2016-01-11,201601112960851,API,5,58,16,374.0,5984.0
2016-01-11,201601112960848,API,5,56,26,373.0,9698.0
2016-01-11,201601112960819,API,1,55,26,373.0,9698.0
2016-01-11,201601112960817,API,36,13,26,372.0,9672.0
2016-01-11,201601112960815,API,36,53,10,372.0,3720.0
2016-01-11,201601112960899,API,13,13,26,373.0,9698.0
2016-01-11,201601112960893,API,5,10,26,371.0,9646.0
2016-01-11,201601112960889,API,13,55,26,372.0,9672.0
2016-01-11,201601112960876,API,36,10,26,372.0,9672.0
2016-01-11,201601112960872,API,13,13,26,373.0,9698.0
2016-01-11,201601112960869,API,5,19,16,374.0,5984.0
2016-01-11,201601112960939,BARUN,44,44,10,267.0,2670.0
2016-01-11,201601112960935,BARUN,44,29,10,267.0,2670.0
2016-01-11,201601112960931,BARUN,44,44,10,267.0,2670.0
2016-01-11,201601112960923,BARUN,44,44,10,267.0,2670.0
2016-01-11,201601112960920,BARUN,44,44,10,267.0,2670.0
2016-01-11,201601112960915,BARUN,44,44,10,267.0,2670.0
2016-01-11,201601112960463,BARUN,34,18,10,260.0,2600.0
2016-01-11,201601112960625,BARUN,44,44,10,265.0,2650.0
2016-01-11,201601112960624,BARUN,44,44,10,265.0,2650.0
2016-01-11,201601112960622,BARUN,44,45,10,264.0,2640.0
2016-01-11,201601112960616,BARUN,45,44,10,265.0,2650.0
2016-01-11,201601112960608,BARUN,44,18,10,264.0,2640.0
2016-01-11,201601112960594,BARUN,44,18,10,264.0,2640.0
2016-01-11,201601112960632,BARUN,44,44,10,265.0,2650.0
2016-01-11,201601112960630,BARUN,44,44,10,265.0,2650.0
2016-01-11,201601112960629,BARUN,44,44,10,265.0,2650.0
2016-01-11,201601112960628,BARUN,44,44,10,265.0,2650.0
2016-01-11,201601112960627,BARUN,44,44,10,265.0,2650.0
2016-01-11,201601112960626,BARUN,44,44,10,265.0,2650.0
2016-01-11,201601112960669,BARUN,44,44,10,265.0,2650.0
2016-01-11,201601112960662,BARUN,44,44,10,265.0,2650.0
2016-01-11,201601112960658,BARUN,44,44,10,265.0,2650.0
2016-01-11,201601112960654,BARUN,44,44,10,265.0,2650.0
2016-01-11,201601112960640,BARUN,44,44,10,265.0,2650.0
2016-01-11,201601112960635,BARUN,44,44,10,265.0,2650.0
2016-01-11,201601112960702,BARUN,44,44,10,265.0,2650.0
2016-01-11,201601112960701,BARUN,44,44,10,265.0,2650.0
2016-01-11,201601112960697,BARUN,44,44,10,265.0,2650.0
2016-01-11,201601112960686,BARUN,44,44,10,265.0,2650.0
2016-01-11,201601112960682,BARUN,44,44,10,265.0,2650.0
2016-01-11,201601112960676,BARUN,44,44,10,265.0,2650.0
2016-01-11,201601112960728,BARUN,44,44,10,265.0,2650.0
2016-01-11,201601112960721,BARUN,44,44,10,265.0,2650.0
2016-01-11,201601112960718,BARUN,44,44,10,265.0,2650.0
2016-01-11,201601112960715,BARUN,44,44,10,265.0,2650.0
2016-01-11,201601112960713,BARUN,44,44,10,265.0,2650.0
2016-01-11,201601112960706,BARUN,44,44,10,265.0,2650.0
2016-01-11,201601112960755,BARUN,44,44,10,265.0,2650.0
2016-01-11,201601112960753,BARUN,44,44,10,265.0,2650.0
2016-01-11,201601112960744,BARUN,44,44,10,265.0,2650.0
2016-01-11,201601112960742,BARUN,44,44,10,265.0,2650.0
2016-01-11,201601112960740,BARUN,44,44,10,265.0,2650.0
2016-01-11,201601112960734,BARUN,44,44,10,265.0,2650.0
2016-01-11,201601112960777,BARUN,44,44,10,265.0,2650.0
2016-01-11,201601112960776,BARUN,29,44,10,266.0,2660.0
2016-01-11,201601112960769,BARUN,44,44,10,265.0,2650.0
2016-01-11,201601112960767,BARUN,13,13,10,266.0,2660.0
2016-01-11,201601112960766,BARUN,13,44,10,266.0,2660.0
2016-01-11,201601112960761,BARUN,44,44,10,265.0,2650.0
2016-01-11,201601112960870,BARUN,21,44,10,269.0,2690.0
2016-01-11,201601112960854,BARUN,21,44,10,269.0,2690.0
2016-01-11,201601112960852,BARUN,21,58,10,269.0,2690.0
2016-01-11,201601112960839,BARUN,44,44,10,267.0,2670.0
2016-01-11,201601112960807,BARUN,8,44,10,266.0,2660.0
2016-01-11,201601112960782,BARUN,44,44,10,265.0,2650.0
2016-01-11,201601112960911,BARUN,44,44,10,267.0,2670.0
2016-01-11,201601112960906,BARUN,44,44,10,267.0,2670.0
2016-01-11,201601112960903,BARUN,44,44,10,267.0,2670.0
2016-01-11,201601112960897,BARUN,44,44,10,267.0,2670.0
2016-01-11,201601112960891,BARUN,44,44,10,267.0,2670.0
2016-01-11,201601112960884,BARUN,21,44,10,269.0,2690.0
2016-01-11,201601112960918,BFCL,48,36,14,122.0,1708.0
2016-01-11,201601112960886,BFCL,48,36,14,122.0,1708.0
2016-01-11,201601112960868,BFCL,25,36,14,122.0,1708.0
2016-01-11,201601112960842,BFCL,25,36,14,122.0,1708.0
2016-01-11,201601112960828,BFCL,25,36,14,123.0,1722.0
2016-01-11,201601112960818,BFCL,43,36,14,123.0,1722.0
2016-01-11,201601112960483,BFCL,5,56,210,124.0,26040.0
2016-01-11,201601112960679,BFCL,19,56,210,123.0,25830.0
2016-01-11,201601112960660,BFCL,19,56,210,123.0,25830.0
2016-01-11,201601112960648,BFCL,19,56,210,123.0,25830.0
2016-01-11,201601112960582,BFCL,43,19,28,124.0,3472.0
2016-01-11,201601112960577,BFCL,43,19,28,124.0,3472.0
2016-01-11,201601112960520,BFCL,39,19,28,124.0,3472.0
2016-01-11,201601112960816,BFCL,25,36,14,122.0,1708.0
2016-01-11,201601112960805,BFCL,25,36,14,122.0,1708.0
2016-01-11,201601112960765,BFCL,5,36,14,122.0,1708.0
2016-01-11,201601112960736,BFCL,49,36,14,124.0,1736.0
2016-01-11,201601112960707,BFCL,19,36,14,123.0,1722.0
2016-01-11,201601112960695,BFCL,43,45,31,125.0,3875.0
2016-01-11,201601112960569,BLDBL,51,16,399,321.0,128079.0
2016-01-11,201601112960773,CCBL,50,50,500,312.0,156000.0
2016-01-11,201601112960673,CCBL,56,21,40,311.0,12440.0
2016-01-11,201601112960457,CCBL,38,29,500,310.0,155000.0
2016-01-11,201601112960938,CHCL,38,38,100,1258.0,125800.0
2016-01-11,201601112960937,CHCL,38,38,100,1258.0,125800.0
2016-01-11,201601112960936,CHCL,38,38,100,1258.0,125800.0
2016-01-11,201601112960784,CHCL,50,46,86,1250.0,107500.0
2016-01-11,201601112960708,CHCL,37,38,100,1260.0,126000.0
2016-01-11,201601112960696,CHCL,37,1,50,1259.0,62950.0
2016-01-11,201601112960603,CHCL,50,50,85,1258.0,106930.0
2016-01-11,201601112960563,CHCL,35,50,28,1258.0,35224.0
2016-01-11,201601112960546,CHCL,50,50,28,1258.0,35224.0
2016-01-11,201601112960694,CIT,50,25,150,4280.0,642000.0
2016-01-11,201601112960693,CIT,46,25,20,4280.0,85600.0
2016-01-11,201601112960692,CIT,22,25,100,4281.0,428100.0
2016-01-11,201601112960691,CIT,18,25,20,4281.0,85620.0
2016-01-11,201601112960690,CIT,22,25,50,4285.0,214250.0
2016-01-11,201601112960689,CIT,5,25,10,4285.0,42850.0
2016-01-11,201601112960586,CNDBL,53,36,200,180.0,36000.0
2016-01-11,201601112960747,CZBIL,43,22,225,591.0,132975.0
2016-01-11,201601112960606,CZBIL,43,43,290,592.0,171680.0
2016-01-11,201601112960451,CZBIL,11,6,70,590.0,41300.0
2016-01-11,201601112960450,CZBIL,10,6,200,590.0,118000.0
2016-01-11,201601112960449,CZBIL,10,6,400,590.0,236000.0
2016-01-11,201601112960448,CZBIL,53,6,200,590.0,118000.0
2016-01-11,201601112960447,CZBIL,19,6,30,590.0,17700.0
2016-01-11,201601112960443,CZBIL,8,48,1500,590.0,885000.0
2016-01-11,201601112960760,DDBL,6,55,10,1626.0,16260.0
2016-01-11,201601112960656,EBL,21,28,150,2085.0,312750.0
2016-01-11,201601112960756,GBBL,17,26,20,305.0,6100.0
2016-01-11,201601112960710,GBBL,21,42,168,310.0,52080.0
2016-01-11,201601112960703,GBBL,21,26,100,309.0,30900.0
2016-01-11,201601112960668,GBBL,13,26,100,309.0,30900.0
2016-01-11,201601112960462,GBBL,50,58,100,309.0,30900.0
2016-01-11,201601112960542,GBIME,8,8,216,401.0,86616.0
2016-01-11,201601112960881,HGI,39,53,90,703.0,63270.0
2016-01-11,201601112960880,HGI,39,53,100,703.0,70300.0
2016-01-11,201601112960879,HGI,39,53,10,703.0,7030.0
2016-01-11,201601112960875,HGI,39,53,286,700.0,200200.0
2016-01-11,201601112960794,HGI,39,29,90,703.0,63270.0
2016-01-11,201601112960793,HGI,39,29,100,703.0,70300.0
2016-01-11,201601112960792,HGI,39,29,100,703.0,70300.0
2016-01-11,201601112960791,HGI,39,29,100,703.0,70300.0
2016-01-11,201601112960790,HGI,39,29,100,703.0,70300.0
2016-01-11,201601112960789,HGI,17,29,50,704.0,35200.0
2016-01-11,201601112960788,HGI,17,29,50,704.0,35200.0
2016-01-11,201601112960787,HGI,17,29,50,704.0,35200.0
2016-01-11,201601112960779,ILFC,25,50,1000,190.0,190000.0
2016-01-11,201601112960912,ILFCM,7,21,10,878.0,8780.0
2016-01-11,201601112960910,ILFCM,6,6,10,882.0,8820.0
2016-01-11,201601112960908,ILFCM,7,21,10,878.0,8780.0
2016-01-11,201601112960898,ILFCM,7,21,10,878.0,8780.0
2016-01-11,201601112960888,ILFCM,7,21,10,878.0,8780.0
2016-01-11,201601112960877,ILFCM,7,21,10,878.0,8780.0
2016-01-11,201601112960473,ILFCM,39,43,15,873.0,13095.0
2016-01-11,201601112960667,ILFCM,37,7,10,875.0,8750.0
2016-01-11,201601112960652,ILFCM,39,7,10,874.0,8740.0
2016-01-11,201601112960620,ILFCM,39,7,10,874.0,8740.0
2016-01-11,201601112960615,ILFCM,39,36,15,874.0,13110.0
2016-01-11,201601112960607,ILFCM,39,36,15,874.0,13110.0
2016-01-11,201601112960593,ILFCM,39,36,10,874.0,8740.0
2016-01-11,201601112960866,ILFCM,7,21,10,878.0,8780.0
2016-01-11,201601112960850,ILFCM,7,21,10,878.0,8780.0
2016-01-11,201601112960840,ILFCM,33,21,10,877.0,8770.0
2016-01-11,201601112960813,ILFCM,33,21,10,877.0,8770.0
2016-01-11,201601112960739,ILFCM,33,16,15,876.0,13140.0
2016-01-11,201601112960716,ILFCM,7,45,10,876.0,8760.0
2016-01-11,201601112960764,KBL,11,36,97,384.0,37248.0
2016-01-11,201601112960748,KBL,11,1,268,384.0,102912.0
2016-01-11,201601112960738,KBL,11,21,64,383.0,24512.0
2016-01-11,201601112960613,KBL,25,21,80,383.0,30640.0
2016-01-11,201601112960611,KBL,25,21,500,383.0,191500.0
2016-01-11,201601112960601,KBL,49,21,100,383.0,38300.0
2016-01-11,201601112960461,KBL,1,21,200,385.0,77000.0
2016-01-11,201601112960600,KBL,45,21,120,383.0,45960.0
2016-01-11,201601112960578,KBL,37,11,300,381.0,114300.0
2016-01-11,201601112960575,KBL,45,36,30,383.0,11490.0
2016-01-11,201601112960549,KBL,39,36,500,383.0,191500.0
2016-01-11,201601112960548,KBL,6,36,200,384.0,76800.0
2016-01-11,201601112960547,KBL,40,36,170,384.0,65280.0
2016-01-11,201601112960751,KCDBL,22,57,30,192.0,5760.0
2016-01-11,201601112960882,KDBL,32,8,60,181.0,10860.0
2016-01-11,201601112960900,KNBL,22,45,17,290.0,4930.0
2016-01-11,201601112960646,LBL,29,14,400,566.0,226400.0
2016-01-11,201601112960914,LICN,26,26,280,3494.0,978320.0
2016-01-11,201601112960576,MDBL,53,57,920,299.0,275080.0
2016-01-11,201601112960540,MDBL,25,57,200,299.0,59800.0
2016-01-11,201601112960539,MDBL,51,57,500,299.0,149500.0
2016-01-11,201601112960538,MDBL,29,57,100,299.0,29900.0
2016-01-11,201601112960475,MDBL,25,57,496,299.0,148304.0
2016-01-11,201601112960452,MDBL,25,56,200,299.0,59800.0
2016-01-11,201601112960921,MMFDB,17,16,10,2420.0,24200.0
2016-01-11,201601112960892,MMFDB,38,38,10,2425.0,24250.0
2016-01-11,201601112960649,MMFDB,48,28,50,2460.0,123000.0
2016-01-11,201601112960645,MMFDB,5,5,10,2416.0,24160.0
2016-01-11,201601112960551,MMFDB,55,55,10,2426.0,24260.0
2016-01-11,201601112960545,MMFDB,28,45,10,2405.0,24050.0
2016-01-11,201601112960460,MMFDB,28,10,10,2405.0,24050.0
2016-01-11,201601112960446,MMFDB,28,10,10,2405.0,24050.0
2016-01-11,201601112960544,MMFDB,28,38,10,2405.0,24050.0
2016-01-11,201601112960486,MMFDB,28,43,10,2405.0,24050.0
2016-01-11,201601112960478,MMFDB,47,17,10,2420.0,24200.0
2016-01-11,201601112960477,MMFDB,47,17,10,2420.0,24200.0
2016-01-11,201601112960476,MMFDB,47,17,10,2420.0,24200.0
2016-01-11,201601112960470,MMFDB,28,10,10,2405.0,24050.0
2016-01-11,201601112960926,MSBBL,39,59,10,322.0,3220.0
2016-01-11,201601112960927,NABIL,35,38,200,1823.0,364600.0
2016-01-11,201601112960862,NABIL,40,26,200,1825.0,365000.0
2016-01-11,201601112960647,NABIL,26,38,100,1826.0,182600.0
2016-01-11,201601112960934,NBB,32,45,500,439.0,219500.0
2016-01-11,201601112960770,NBB,25,22,372,440.0,163680.0
2016-01-11,201601112960631,NBB,25,8,100,441.0,44100.0
2016-01-11,201601112960929,NBF1,42,21,1259,14.4,18129.6
2016-01-11,201601112960940,NHPC,36,46,1000,119.0,119000.0
2016-01-11,201601112960737,NHPC,22,41,500,120.0,60000.0
2016-01-11,201601112960661,NHPC,38,26,3400,118.0,401200.0
2016-01-11,201601112960857,NIB,33,13,300,775.0,232500.0
2016-01-11,201601112960856,NIB,33,11,730,775.0,565750.0
2016-01-11,201601112960855,NIB,33,58,480,775.0,372000.0
2016-01-11,201601112960837,NIB,33,45,146,772.0,112712.0
2016-01-11,201601112960602,NIB,52,43,717,770.0,552090.0
2016-01-11,201601112960672,NIBPO,44,53,1000,650.0,650000.0
2016-01-11,201601112960671,NIBPO,50,53,500,655.0,327500.0
2016-01-11,201601112960670,NIBPO,26,53,100,656.0,65600.0
2016-01-11,201601112960651,NIBPO,26,53,200,656.0,131200.0
2016-01-11,201601112960588,NIBSF1,49,22,1000,10.0,10000.0
2016-01-11,201601112960574,NIBSF1,49,52,3000,10.0,30000.0
2016-01-11,201601112960573,NIBSF1,49,13,4900,9.95,48755.0
2016-01-11,201601112960572,NIBSF1,49,13,4900,9.95,48755.0
2016-01-11,201601112960614,NICA,13,39,210,701.0,147210.0
2016-01-11,201601112960598,NICA,13,39,286,701.0,200486.0
2016-01-11,201601112960554,NICA,13,16,87,700.0,60900.0
2016-01-11,201601112960501,NICA,51,16,400,696.0,278400.0
2016-01-11,201601112960500,NICA,51,16,100,696.0,69600.0
2016-01-11,201601112960468,NICA,40,16,600,696.0,417600.0
2016-01-11,201601112960653,NIL,41,17,40,820.0,32800.0
2016-01-11,201601112960466,NIL,41,33,1000,825.0,825000.0
2016-01-11,201601112960442,NLG,41,14,17,773.0,13141.0
2016-01-11,201601112960874,NLIC,11,11,100,3350.0,335000.0
2016-01-11,201601112960700,NLIC,6,53,50,3350.0,167500.0
2016-01-11,201601112960699,NLIC,59,53,50,3350.0,167500.0
2016-01-11,201601112960895,NLICL,56,35,200,2449.0,489800.0
2016-01-11,201601112960730,NLICL,45,38,100,2450.0,245000.0
2016-01-11,201601112960729,NLICL,10,38,100,2450.0,245000.0
2016-01-11,201601112960719,NLICL,6,6,500,2440.0,1220000.0
2016-01-11,201601112960714,NLICL,56,6,500,2442.0,1221000.0
2016-01-11,201601112960678,NLICL,36,6,60,2454.0,147240.0
2016-01-11,201601112960565,NLICL,6,38,30,2450.0,73500.0
2016-01-11,201601112960564,NLICL,55,38,20,2450.0,49000.0
2016-01-11,201601112960650,NLICL,45,35,200,2450.0,490000.0
2016-01-11,201601112960643,NLICL,56,35,500,2449.0,1224500.0
2016-01-11,201601112960581,NLICL,10,40,100,2450.0,245000.0
2016-01-11,201601112960580,NLICL,10,41,100,2450.0,245000.0
2016-01-11,201601112960579,NLICL,10,38,500,2447.0,1223500.0
2016-01-11,201601112960566,NLICL,52,38,50,2450.0,122500.0
2016-01-11,201601112960612,NMB,28,42,740,437.0,323380.0
2016-01-11,201601112960562,NMB,28,36,250,437.0,109250.0
2016-01-11,201601112960561,NMB,25,36,150,437.0,65550.0
2016-01-11,201601112960560,NMB,38,36,400,437.0,174800.0
2016-01-11,201601112960559,NMB,33,36,200,438.0,87600.0
2016-01-11,201601112960585,NMBSF1,22,22,1000,9.96,9960.0
2016-01-11,201601112960780,OHL,7,16,22,410.0,9020.0
2016-01-11,201601112960933,PIC,48,40,191,889.0,169799.0
2016-01-11,201601112960865,PIC,48,11,130,885.0,115050.0
2016-01-11,201601112960772,PIC,48,17,191,889.0,169799.0
2016-01-11,201601112960453,PIC,33,38,496,881.0,436976.0
2016-01-11,201601112960441,PIC,54,36,315,885.0,278775.0
2016-01-11,201601112960553,PRIN,44,25,1687,550.0,927850.0
2016-01-11,201601112960894,RBBBL,49,49,13,199.0,2587.0
2016-01-11,201601112960883,RBBBL,49,49,13,199.0,2587.0
2016-01-11,201601112960864,RBBBL,49,49,13,199.0,2587.0
2016-01-11,201601112960754,RBBBL,36,45,34,197.0,6698.0
2016-01-11,201601112960724,RBBBL,36,50,13,200.0,2600.0
2016-01-11,201601112960723,RBBBL,36,50,13,200.0,2600.0
2016-01-11,201601112960465,RBBBL,22,22,243,204.0,49572.0
2016-01-11,201601112960464,RBBBL,22,35,10,204.0,2040.0
2016-01-11,201601112960459,RBBBL,22,48,51,204.0,10404.0
2016-01-11,201601112960456,RBBBL,22,26,26,203.0,5278.0
2016-01-11,201601112960455,RBBBL,22,7,10,202.0,2020.0
2016-01-11,201601112960675,REDBL,58,49,59,299.0,17641.0
2016-01-11,201601112960590,REDBL,58,6,168,295.0,49560.0
2016-01-11,201601112960552,REDBL,58,45,18,290.0,5220.0
2016-01-11,201601112960485,REDBL,43,45,18,290.0,5220.0
2016-01-11,201601112960458,REDBL,13,45,18,290.0,5220.0
2016-01-11,201601112960444,REDBL,38,45,18,294.0,5292.0
2016-01-11,201601112960896,RHPC,41,41,12,349.0,4188.0
2016-01-11,201601112960867,RHPC,17,7,181,348.0,62988.0
2016-01-11,201601112960853,RHPC,51,7,12,348.0,4176.0
2016-01-11,201601112960797,RHPC,51,7,12,348.0,4176.0
2016-01-11,201601112960781,RHPC,49,7,12,348.0,4176.0
2016-01-11,201601112960735,RHPC,17,6,11,350.0,3850.0
2016-01-11,201601112960589,RHPC,17,47,11,350.0,3850.0
2016-01-11,201601112960471,RHPC,17,47,11,350.0,3850.0
2016-01-11,201601112960887,SANIMA,41,22,271,664.0,179944.0
2016-01-11,201601112960863,SANIMA,34,36,100,665.0,66500.0
2016-01-11,201601112960847,SANIMA,34,36,400,665.0,266000.0
2016-01-11,201601112960846,SANIMA,41,36,200,665.0,133000.0
2016-01-11,201601112960845,SANIMA,46,36,100,665.0,66500.0
2016-01-11,201601112960844,SANIMA,10,36,70,665.0,46550.0
2016-01-11,201601112960843,SANIMA,47,36,100,666.0,66600.0
2016-01-11,201601112960762,SANIMA,21,22,150,670.0,100500.0
2016-01-11,201601112960666,SANIMA,53,13,300,670.0,201000.0
2016-01-11,201601112960717,SBI,26,38,100,1545.0,154500.0
2016-01-11,201601112960711,SBI,20,5,30,1541.0,46230.0
2016-01-11,201601112960618,SBI,20,44,500,1541.0,770500.0
2016-01-11,201601112960472,SBI,55,38,100,1544.0,154400.0
2016-01-11,201601112960469,SBI,38,19,75,1544.0,115800.0
2016-01-11,201601112960878,SCB,11,42,12,2580.0,30960.0
2016-01-11,201601112960861,SCB,11,42,70,2580.0,180600.0
2016-01-11,201601112960860,SCB,59,42,110,2585.0,284350.0
2016-01-11,201601112960859,SCB,17,42,50,2590.0,129500.0
2016-01-11,201601112960838,SCB,52,57,15,2600.0,39000.0
2016-01-11,201601112960609,SCB,52,29,76,2600.0,197600.0
2016-01-11,201601112960604,SCB,52,14,30,2599.0,77970.0
2016-01-11,201601112960467,SCB,52,56,21,2590.0,54390.0
2016-01-11,201601112960802,SHPC,1,56,86,839.0,72154.0
2016-01-11,201601112960778,SHPC,1,56,400,839.0,335600.0
2016-01-11,201601112960775,SHPC,21,37,300,840.0,252000.0
2016-01-11,201601112960725,SHPC,45,41,18,840.0,15120.0
2016-01-11,201601112960712,SHPC,36,35,200,843.0,168600.0
2016-01-11,201601112960587,SHPC,10,40,18,840.0,15120.0
2016-01-11,201601112960571,SHPC,10,42,300,840.0,252000.0
2016-01-11,201601112960487,SHPC,36,10,294,841.0,247254.0
2016-01-11,201601112960924,SIL,44,33,700,992.0,694400.0
2016-01-11,201601112960885,SIL,21,45,100,993.0,99300.0
2016-01-11,201601112960619,SIL,32,38,200,995.0,199000.0
2016-01-11,201601112960803,SKBBL,21,47,50,1345.0,67250.0
2016-01-11,201601112960665,SKBBL,53,47,50,1350.0,67500.0
2016-01-11,201601112960664,SKBBL,53,47,200,1350.0,270000.0
2016-01-11,201601112960663,SKBBL,56,47,100,1351.0,135100.0
2016-01-11,201601112960688,SMFDB,14,26,10,2181.0,21810.0
2016-01-11,201601112960890,SUBBL,11,21,50,436.0,21800.0
2016-01-11,201601112960873,SUBBL,33,35,65,436.0,28340.0
2016-01-11,201601112960774,SUBBL,26,25,166,437.0,72542.0
2016-01-11,201601112960768,SUBBL,55,21,253,437.0,110561.0
2016-01-11,201601112960445,SUBBL,49,44,113,437.0,49381.0
2016-01-11,201601112960687,UFIL,8,45,22,148.0,3256.0
2016-01-11,201601112960680,UFIL,13,45,22,149.0,3278.0
2016-01-11,201601112960916,UIC,6,55,300,491.0,147300.0
2016-01-11,201601112960901,UIC,10,55,500,490.0,245000.0
2016-01-11,201601112960849,UIC,39,55,500,493.0,246500.0
2016-01-11,201601112960810,UIC,7,55,100,495.0,49500.0
2016-01-11,201601112960741,UIC,39,5,104,495.0,51480.0
2016-01-11,201601112960727,UIC,1,5,216,496.0,107136.0
2016-01-11,201601112960709,UIC,38,55,300,499.0,149700.0
2016-01-11,201601112960932,VLBS,44,21,12,1160.0,13920.0
2016-01-11,201601112960930,VLBS,44,21,12,1160.0,13920.0
2016-01-11,201601112960928,VLBS,44,21,17,1160.0,19720.0
2016-01-11,201601112960925,VLBS,44,21,10,1160.0,11600.0
2016-01-11,201601112960919,VLBS,44,47,10,1160.0,11600.0
2016-01-11,201601112960841,VLBS,44,47,10,1160.0,11600.0
2016-01-11,201601112960674,VLBS,51,19,10,1156.0,11560.0
2016-01-11,201601112960657,VLBS,51,16,10,1156.0,11560.0
2016-01-11,201601112960644,VLBS,51,19,10,1156.0,11560.0
2016-01-11,201601112960636,VLBS,51,19,10,1156.0,11560.0
2016-01-11,201601112960555,VLBS,44,21,10,1155.0,11550.0
2016-01-11,201601112960550,VLBS,44,21,10,1155.0,11550.0
2016-01-11,201601112960722,VLBS,51,39,10,1156.0,11560.0
2016-01-11,201601112960720,VLBS,51,21,10,1156.0,11560.0
2016-01-11,201601112960705,VLBS,51,19,10,1156.0,11560.0
2016-01-11,201601112960698,VLBS,51,19,10,1156.0,11560.0
2016-01-11,201601112960685,VLBS,51,16,10,1156.0,11560.0
2016-01-11,201601112960681,VLBS,51,16,10,1156.0,11560.0
2016-01-11,201601112960823,VLBS,44,47,23,1159.0,26657.0
2016-01-11,201601112960822,VLBS,44,47,10,1159.0,11590.0
2016-01-11,201601112960821,VLBS,44,47,10,1159.0,11590.0
2016-01-11,201601112960820,VLBS,44,43,10,1159.0,11590.0
2016-01-11,201601112960758,VLBS,44,5,12,1155.0,13860.0
2016-01-11,201601112960746,VLBS,44,38,10,1155.0,11550.0
2016-01-11,201601112960830,VLBS,44,17,23,1160.0,26680.0
2016-01-11,201601112960829,VLBS,44,17,23,1160.0,26680.0
2016-01-11,201601112960827,VLBS,44,17,23,1160.0,26680.0
2016-01-11,201601112960826,VLBS,44,17,23,1160.0,26680.0
2016-01-11,201601112960825,VLBS,44,17,23,1160.0,26680.0
2016-01-11,201601112960824,VLBS,44,17,23,1160.0,26680.0
2016-01-11,201601112960836,VLBS,44,17,23,1160.0,26680.0
2016-01-11,201601112960835,VLBS,44,17,23,1160.0,26680.0
2016-01-11,201601112960834,VLBS,44,17,23,1160.0,26680.0
2016-01-11,201601112960833,VLBS,44,17,23,1160.0,26680.0
2016-01-11,201601112960832,VLBS,44,17,23,1160.0,26680.0
2016-01-11,201601112960831,VLBS,44,17,23,1160.0,26680.0
2016-01-11,201601112960907,YETI,17,21,80,140.0,11200.0
2016-01-11,201601112960808,YETI,17,6,90,140.0,12600.0
2016-01-11,201601112960704,YETI,1,11,156,140.0,21840.0
2016-01-11,201601112957923,API,43,43,26,371.0,9646.0
2016-01-11,201601112957921,API,43,43,26,371.0,9646.0
2016-01-11,201601112957920,API,16,43,26,371.0,9646.0
2016-01-11,201601112957916,API,16,43,26,371.0,9646.0
2016-01-11,201601112957914,API,16,43,26,371.0,9646.0
2016-01-11,201601112957911,API,16,43,26,371.0,9646.0
2016-01-11,201601112957901,API,43,43,26,372.0,9672.0
2016-01-11,201601112957890,API,43,43,26,372.0,9672.0
2016-01-11,201601112957889,API,1,1,21,375.0,7875.0
2016-01-11,201601112957909,BARUN,1,44,10,282.0,2820.0
2016-01-11,201601112957898,BARUN,1,1,10,282.0,2820.0
2016-01-11,201601112957891,BARUN,1,1,10,282.0,2820.0
2016-01-11,201601112957926,RBBBL,1,1,12,194.0,2328.0
2016-01-11,201601112957919,RBBBL,1,1,12,194.0,2328.0
2016-01-11,201601112957912,RBBBL,1,1,16,194.0,3104.0
2016-01-11,201601112957906,RBBBL,1,1,17,194.0,3298.0
2016-01-11,201601112957929,VLBS,38,38,10,1152.0,11520.0
2016-01-11,201601112957928,VLBS,38,38,10,1152.0,11520.0
2016-01-11,201601112957927,VLBS,38,38,10,1152.0,11520.0
2016-01-11,201601112957925,VLBS,38,38,10,1152.0,11520.0
2016-01-11,201601112957924,VLBS,38,38,10,1152.0,11520.0
2016-01-11,201601112957922,VLBS,38,38,10,1152.0,11520.0
2016-01-11,201601112957892,VLBS,38,38,10,1152.0,11520.0
2016-01-11,201601112957899,VLBS,38,38,10,1152.0,11520.0
2016-01-11,201601112957897,VLBS,38,38,10,1152.0,11520.0
2016-01-11,201601112957896,VLBS,38,38,10,1152.0,11520.0
2016-01-11,201601112957895,VLBS,38,38,10,1152.0,11520.0
2016-01-11,201601112957894,VLBS,38,38,10,1152.0,11520.0
2016-01-11,201601112957893,VLBS,38,38,10,1152.0,11520.0
2016-01-11,201601112957907,VLBS,38,38,10,1152.0,11520.0
2016-01-11,201601112957905,VLBS,38,38,10,1152.0,11520.0
2016-01-11,201601112957904,VLBS,38,38,10,1152.0,11520.0
2016-01-11,201601112957903,VLBS,38,38,10,1152.0,11520.0
2016-01-11,201601112957902,VLBS,38,38,10,1152.0,11520.0
2016-01-11,201601112957900,VLBS,38,38,10,1152.0,11520.0
2016-01-11,201601112957918,VLBS,38,38,10,1152.0,11520.0
2016-01-11,201601112957917,VLBS,38,38,10,1152.0,11520.0
2016-01-11,201601112957915,VLBS,38,38,10,1152.0,11520.0
2016-01-11,201601112957913,VLBS,38,38,10,1152.0,11520.0
2016-01-11,201601112957910,VLBS,38,38,10,1152.0,11520.0
2016-01-11,201601112957908,VLBS,38,38,10,1152.0,11520.0
2016-01-11,201601112971856,ACEDBL,25,32,500,305.0,152500.0
2016-01-11,201601112971855,ACEDBL,37,32,1000,305.0,305000.0
2016-01-11,201601112971854,ACEDBL,5,32,700,305.0,213500.0
2016-01-11,201601112971853,ACEDBL,36,32,1000,306.0,306000.0
2016-01-11,201601112971852,ACEDBL,36,32,700,307.0,214900.0
2016-01-11,201601112971842,ACEDBL,36,10,300,307.0,92100.0
2016-01-11,201601112971790,ACEDBL,10,49,300,308.0,92400.0
2016-01-11,201601112971597,ADBL,6,38,500,528.0,264000.0
2016-01-11,201601112971529,ADBL,11,43,100,529.0,52900.0
2016-01-11,201601112971468,ADBL,11,43,300,529.0,158700.0
2016-01-11,201601112971414,AHPC,13,13,180,256.0,46080.0
2016-01-11,201601112971804,ALICL,16,48,420,1264.0,530880.0
2016-01-11,201601112971549,ALICL,48,17,40,1260.0,50400.0
2016-01-11,201601112971548,ALICL,48,57,200,1259.0,251800.0
2016-01-11,201601112971547,ALICL,48,39,100,1258.0,125800.0
2016-01-11,201601112971546,ALICL,48,58,200,1257.0,251400.0
2016-01-11,201601112971545,ALICL,48,38,30,1255.0,37650.0
2016-01-11,201601112971378,ALICL,22,8,70,1240.0,86800.0
2016-01-11,201601112971377,ALICL,45,8,500,1245.0,622500.0
2016-01-11,201601112971376,ALICL,39,8,70,1248.0,87360.0
2016-01-11,201601112971862,API,26,26,20,371.0,7420.0
2016-01-11,201601112971857,API,26,26,16,371.0,5936.0
2016-01-11,201601112971850,API,26,26,20,371.0,7420.0
2016-01-11,201601112971843,API,5,5,16,372.0,5952.0
2016-01-11,201601112971837,API,5,5,16,372.0,5952.0
2016-01-11,201601112971827,API,5,5,16,372.0,5952.0
2016-01-11,201601112971408,API,5,19,26,374.0,9724.0
2016-01-11,201601112971392,API,34,34,10,373.0,3730.0
2016-01-11,201601112971380,API,1,48,16,373.0,5968.0
2016-01-11,201601112971373,API,38,38,26,373.0,9698.0
2016-01-11,201601112971366,API,38,48,16,373.0,5968.0
2016-01-11,201601112971432,API,5,19,26,374.0,9724.0
2016-01-11,201601112971424,API,5,19,26,374.0,9724.0
2016-01-11,201601112971418,API,5,19,26,374.0,9724.0
2016-01-11,201601112971417,API,36,48,16,373.0,5968.0
2016-01-11,201601112971413,API,5,19,26,374.0,9724.0
2016-01-11,201601112971410,API,5,19,26,374.0,9724.0
2016-01-11,201601112971471,API,5,32,26,373.0,9698.0
2016-01-11,201601112971466,API,1,1,16,372.0,5952.0
2016-01-11,201601112971465,API,57,38,26,372.0,9672.0
2016-01-11,201601112971464,API,5,32,26,373.0,9698.0
2016-01-11,201601112971451,API,5,48,16,373.0,5968.0
2016-01-11,201601112971440,API,5,19,26,374.0,9724.0
2016-01-11,201601112971479,API,39,39,16,371.0,5936.0
2016-01-11,201601112971478,API,39,39,16,371.0,5936.0
2016-01-11,201601112971477,API,6,38,26,371.0,9646.0
2016-01-11,201601112971476,API,5,48,16,373.0,5968.0
2016-01-11,201601112971475,API,39,39,16,371.0,5936.0
2016-01-11,201601112971474,API,1,1,16,372.0,5952.0
2016-01-11,201601112971490,API,36,32,26,373.0,9698.0
2016-01-11,201601112971489,API,36,32,26,373.0,9698.0
2016-01-11,201601112971488,API,39,39,16,371.0,5936.0
2016-01-11,201601112971486,API,39,39,16,371.0,5936.0
2016-01-11,201601112971484,API,39,39,16,371.0,5936.0
2016-01-11,201601112971480,API,39,39,16,371.0,5936.0
2016-01-11,201601112971504,API,57,39,16,372.0,5952.0
2016-01-11,201601112971500,API,1,39,16,372.0,5952.0
2016-01-11,201601112971498,API,48,39,16,373.0,5968.0
2016-01-11,201601112971496,API,36,38,26,373.0,9698.0
2016-01-11,201601112971493,API,36,39,16,373.0,5968.0
2016-01-11,201601112971492,API,36,39,16,373.0,5968.0
2016-01-11,201601112971517,API,36,57,26,372.0,9672.0
2016-01-11,201601112971514,API,56,56,10,372.0,3720.0
2016-01-11,201601112971513,API,39,39,16,371.0,5936.0
2016-01-11,201601112971511,API,39,45,16,371.0,5936.0
2016-01-11,201601112971508,API,39,39,16,371.0,5936.0
2016-01-11,201601112971507,API,39,39,16,371.0,5936.0
2016-01-11,201601112971526,API,39,39,16,371.0,5936.0
2016-01-11,201601112971525,API,39,45,16,371.0,5936.0
2016-01-11,201601112971523,API,39,39,16,371.0,5936.0
2016-01-11,201601112971522,API,16,45,16,372.0,5952.0
2016-01-11,201601112971520,API,39,39,16,371.0,5936.0
2016-01-11,201601112971519,API,39,45,16,371.0,5936.0
2016-01-11,201601112971538,API,29,39,16,371.0,5936.0
2016-01-11,201601112971535,API,6,45,16,371.0,5936.0
2016-01-11,201601112971534,API,39,39,16,371.0,5936.0
2016-01-11,201601112971533,API,48,32,10,373.0,3730.0
2016-01-11,201601112971532,API,39,39,16,371.0,5936.0
2016-01-11,201601112971530,API,48,6,10,372.0,3720.0
2016-01-11,201601112971561,API,39,38,26,372.0,9672.0
2016-01-11,201601112971558,API,48,45,16,373.0,5968.0
2016-01-11,201601112971555,API,48,45,16,373.0,5968.0
2016-01-11,201601112971550,API,16,10,26,372.0,9672.0
2016-01-11,201601112971542,API,16,45,16,372.0,5952.0
2016-01-11,201601112971541,API,48,45,16,372.0,5952.0
2016-01-11,201601112971573,API,39,45,16,372.0,5952.0
2016-01-11,201601112971570,API,16,32,26,373.0,9698.0
2016-01-11,201601112971569,API,39,45,16,372.0,5952.0
2016-01-11,201601112971568,API,39,29,16,372.0,5952.0
2016-01-11,201601112971565,API,38,29,16,372.0,5952.0
2016-01-11,201601112971562,API,16,32,26,373.0,9698.0
2016-01-11,201601112971598,API,29,38,26,371.0,9646.0
2016-01-11,201601112971595,API,16,45,16,372.0,5952.0
2016-01-11,201601112971590,API,38,38,26,373.0,9698.0
2016-01-11,201601112971581,API,29,29,16,372.0,5952.0
2016-01-11,201601112971580,API,29,45,16,372.0,5952.0
2016-01-11,201601112971579,API,5,45,16,373.0,5968.0
2016-01-11,201601112971621,API,29,19,26,374.0,9724.0
2016-01-11,201601112971620,API,13,45,16,373.0,5968.0
2016-01-11,201601112971618,API,29,19,26,374.0,9724.0
2016-01-11,201601112971612,API,29,38,26,371.0,9646.0
2016-01-11,201601112971609,API,29,45,16,371.0,5936.0
2016-01-11,201601112971608,API,38,38,26,372.0,9672.0
2016-01-11,201601112971682,API,48,45,16,372.0,5952.0
2016-01-11,201601112971645,API,1,38,26,372.0,9672.0
2016-01-11,201601112971641,API,46,13,26,371.0,9646.0
2016-01-11,201601112971629,API,46,46,26,371.0,9646.0
2016-01-11,201601112971627,API,42,45,16,370.0,5920.0
2016-01-11,201601112971626,API,38,45,13,372.0,4836.0
2016-01-11,201601112971711,API,1,1,16,372.0,5952.0
2016-01-11,201601112971704,API,1,1,16,372.0,5952.0
2016-01-11,201601112971699,API,1,1,16,372.0,5952.0
2016-01-11,201601112971697,API,38,38,26,372.0,9672.0
2016-01-11,201601112971688,API,38,38,26,372.0,9672.0
2016-01-11,201601112971685,API,13,38,26,371.0,9646.0
2016-01-11,201601112971792,API,48,28,26,371.0,9646.0
2016-01-11,201601112971785,API,42,29,16,370.0,5920.0
2016-01-11,201601112971766,API,42,45,16,370.0,5920.0
2016-01-11,201601112971751,API,13,13,26,371.0,9646.0
2016-01-11,201601112971740,API,28,5,26,372.0,9672.0
2016-01-11,201601112971713,API,13,45,16,371.0,5936.0
2016-01-11,201601112971820,API,5,5,16,372.0,5952.0
2016-01-11,201601112971816,API,5,5,16,372.0,5952.0
2016-01-11,201601112971815,API,42,29,16,370.0,5920.0
2016-01-11,201601112971810,API,50,1,16,371.0,5936.0
2016-01-11,201601112971809,API,28,28,26,371.0,9646.0
2016-01-11,201601112971806,API,42,29,16,370.0,5920.0
2016-01-11,201601112971846,BARUN,6,6,10,274.0,2740.0
2016-01-11,201601112971839,BARUN,6,6,10,274.0,2740.0
2016-01-11,201601112971818,BARUN,6,6,10,274.0,2740.0
2016-01-11,201601112971811,BARUN,26,26,10,275.0,2750.0
2016-01-11,201601112971808,BARUN,6,6,10,274.0,2740.0
2016-01-11,201601112971771,BARUN,58,36,10,273.0,2730.0
2016-01-11,201601112971450,BARUN,44,44,10,274.0,2740.0
2016-01-11,201601112971439,BARUN,44,44,10,274.0,2740.0
2016-01-11,201601112971434,BARUN,44,17,10,274.0,2740.0
2016-01-11,201601112971423,BARUN,44,44,10,274.0,2740.0
2016-01-11,201601112971398,BARUN,44,17,10,274.0,2740.0
2016-01-11,201601112971469,BARUN,44,44,10,274.0,2740.0
2016-01-11,201601112971467,BARUN,44,17,10,274.0,2740.0
2016-01-11,201601112971463,BARUN,44,44,10,274.0,2740.0
2016-01-11,201601112971460,BARUN,44,44,10,274.0,2740.0
2016-01-11,201601112971454,BARUN,44,44,10,274.0,2740.0
2016-01-11,201601112971452,BARUN,44,17,10,274.0,2740.0
2016-01-11,201601112971712,BARUN,19,17,10,272.0,2720.0
2016-01-11,201601112971698,BARUN,19,36,10,272.0,2720.0
2016-01-11,201601112971692,BARUN,19,36,10,272.0,2720.0
2016-01-11,201601112971684,BARUN,19,36,10,272.0,2720.0
2016-01-11,201601112971630,BARUN,19,17,10,272.0,2720.0
2016-01-11,201601112971494,BARUN,19,17,10,272.0,2720.0
2016-01-11,201601112971730,BARUN,29,1,10,274.0,2740.0
2016-01-11,201601112971729,BARUN,29,1,10,274.0,2740.0
2016-01-11,201601112971728,BARUN,29,44,10,274.0,2740.0
2016-01-11,201601112971727,BARUN,29,44,10,274.0,2740.0
2016-01-11,201601112971726,BARUN,29,44,10,274.0,2740.0
2016-01-11,201601112971717,BARUN,19,36,10,272.0,2720.0
2016-01-11,201601112971736,BARUN,29,29,10,275.0,2750.0
2016-01-11,201601112971735,BARUN,29,29,10,275.0,2750.0
2016-01-11,201601112971734,BARUN,29,29,10,275.0,2750.0
2016-01-11,201601112971733,BARUN,29,44,10,275.0,2750.0
2016-01-11,201601112971732,BARUN,29,1,10,274.0,2740.0
2016-01-11,201601112971731,BARUN,29,1,10,274.0,2740.0
2016-01-11,201601112971763,BARUN,58,36,10,273.0,2730.0
2016-01-11,201601112971757,BARUN,19,36,10,272.0,2720.0
2016-01-11,201601112971741,BARUN,19,36,10,272.0,2720.0
2016-01-11,201601112971739,BARUN,29,29,10,275.0,2750.0
2016-01-11,201601112971738,BARUN,29,29,10,275.0,2750.0
2016-01-11,201601112971737,BARUN,29,29,10,275.0,2750.0
2016-01-11,201601112971847,BFCL,41,45,31,125.0,3875.0
2016-01-11,201601112971774,BFCL,21,21,59,123.0,7257.0
2016-01-11,201601112971752,BFCL,21,21,59,123.0,7257.0
2016-01-11,201601112971708,BFCL,21,21,59,123.0,7257.0
2016-01-11,201601112971681,BFCL,21,21,59,123.0,7257.0
2016-01-11,201601112971646,BFCL,21,21,59,123.0,7257.0
2016-01-11,201601112971648,BPCL,19,16,200,570.0,114000.0
2016-01-11,201601112971749,CBBL,56,59,100,1660.0,166000.0
2016-01-11,201601112971663,CBBL,47,1,502,1650.0,828300.0
2016-01-11,201601112971567,CBBL,21,32,156,1640.0,255840.0
2016-01-11,201601112971367,CBBL,21,22,20,1630.0,32600.0
2016-01-11,201601112971510,CBL,29,47,200,246.0,49200.0
2016-01-11,201601112971502,CBL,29,7,142,245.0,34790.0
2016-01-11,201601112971611,CCBL,35,49,314,310.0,97340.0
2016-01-11,201601112971588,CCBL,38,49,300,310.0,93000.0
2016-01-11,201601112971767,CHCL,6,28,202,1260.0,254520.0
2016-01-11,201601112971613,CIT,43,43,75,4255.0,319125.0
2016-01-11,201601112971563,CIT,32,25,10,4295.0,42950.0
2016-01-11,201601112971536,CNDBL,53,26,100,183.0,18300.0
2016-01-11,201601112971794,CZBIL,39,32,60,594.0,35640.0
2016-01-11,201601112971431,CZBIL,43,42,200,592.0,118400.0
2016-01-11,201601112971430,CZBIL,10,42,200,592.0,118400.0
2016-01-11,201601112971429,CZBIL,39,42,50,592.0,29600.0
2016-01-11,201601112971400,CZBIL,44,6,500,593.0,296500.0
2016-01-11,201601112971384,CZBIL,6,6,100,594.0,59400.0
2016-01-11,201601112971455,DBBL,32,38,54,186.0,10044.0
2016-01-11,201601112971406,DDBL,53,44,300,1658.0,497400.0
2016-01-11,201601112971385,DDBL,57,14,100,1655.0,165500.0
2016-01-11,201601112971761,EBL,25,38,150,2100.0,315000.0
2016-01-11,201601112971750,EBL,25,8,50,2100.0,105000.0
2016-01-11,201601112971718,EBL,55,57,190,2099.0,398810.0
2016-01-11,201601112971701,EBL,20,19,26,2098.0,54548.0
2016-01-11,201601112971700,EBL,20,11,50,2090.0,104500.0
2016-01-11,201601112971658,EBL,55,28,100,2085.0,208500.0
2016-01-11,201601112971631,EBL,55,11,89,2090.0,186010.0
2016-01-11,201601112971615,EBL,55,45,69,2085.0,143865.0
2016-01-11,201601112971814,EBLCP,1,32,20,1305.0,26100.0
2016-01-11,201601112971369,EDBL,46,45,100,715.0,71500.0
2016-01-11,201601112971551,FBBL,48,17,51,324.0,16524.0
2016-01-11,201601112971501,FBBL,29,52,57,324.0,18468.0
2016-01-11,201601112971845,GBBL,1,28,200,309.0,61800.0
2016-01-11,201601112971836,GBIME,32,58,50,400.0,20000.0
2016-01-11,201601112971835,GBIME,32,58,250,400.0,100000.0
2016-01-11,201601112971834,GBIME,32,58,100,401.0,40100.0
2016-01-11,201601112971832,GBIME,42,37,278,400.0,111200.0
2016-01-11,201601112971764,GBIME,32,44,150,401.0,60150.0
2016-01-11,201601112971753,GBIME,32,44,300,401.0,120300.0
2016-01-11,201601112971743,GBIME,32,44,200,401.0,80200.0
2016-01-11,201601112971719,GBIME,32,44,150,401.0,60150.0
2016-01-11,201601112971707,GBIME,32,44,100,401.0,40100.0
2016-01-11,201601112971632,GBIME,42,44,418,400.0,167200.0
2016-01-11,201601112971528,GBIME,55,44,100,401.0,40100.0
2016-01-11,201601112971371,GBIME,52,50,100,401.0,40100.0
2016-01-11,201601112971586,GLICL,48,21,10,680.0,6800.0
2016-01-11,201601112971585,GLICL,48,48,40,680.0,27200.0
2016-01-11,201601112971412,GLICL,5,48,46,675.0,31050.0
2016-01-11,201601112971584,HAMA,8,44,200,155.0,31000.0
2016-01-11,201601112971583,HAMA,49,44,1000,156.0,156000.0
2016-01-11,201601112971582,HAMA,39,44,200,157.0,31400.0
2016-01-11,201601112971828,HGI,6,38,535,700.0,374500.0
2016-01-11,201601112971817,HGI,53,35,1000,695.0,695000.0
2016-01-11,201601112971805,HGI,53,35,1000,695.0,695000.0
2016-01-11,201601112971787,HGI,35,35,1000,695.0,695000.0
2016-01-11,201601112971777,HGI,35,35,2000,695.0,1390000.0
2016-01-11,201601112971462,HGI,53,52,1000,700.0,700000.0
2016-01-11,201601112971448,ILFC,39,50,500,187.0,93500.0
2016-01-11,201601112971447,ILFC,25,50,1000,187.0,187000.0
2016-01-11,201601112971446,ILFC,25,50,100,187.0,18700.0
2016-01-11,201601112971445,ILFC,52,50,200,188.0,37600.0
2016-01-11,201601112971444,ILFC,32,50,30,188.0,5640.0
2016-01-11,201601112971823,ILFCM,50,29,10,888.0,8880.0
2016-01-11,201601112971802,ILFCM,50,6,10,888.0,8880.0
2016-01-11,201601112971801,ILFCM,50,29,10,886.0,8860.0
2016-01-11,201601112971800,ILFCM,50,16,10,886.0,8860.0
2016-01-11,201601112971798,ILFCM,6,47,10,884.0,8840.0
2016-01-11,201601112971772,ILFCM,6,47,10,885.0,8850.0
2016-01-11,201601112971383,ILFCM,16,16,10,882.0,8820.0
2016-01-11,201601112971370,ILFCM,16,16,10,882.0,8820.0
2016-01-11,201601112971556,ILFCM,16,10,10,882.0,8820.0
2016-01-11,201601112971544,ILFCM,16,58,10,882.0,8820.0
2016-01-11,201601112971472,ILFCM,6,6,10,884.0,8840.0
2016-01-11,201601112971416,ILFCM,16,16,10,882.0,8820.0
2016-01-11,201601112971405,ILFCM,16,16,10,882.0,8820.0
2016-01-11,201601112971401,ILFCM,16,16,10,882.0,8820.0
2016-01-11,201601112971756,ILFCM,26,26,15,885.0,13275.0
2016-01-11,201601112971755,ILFCM,26,26,10,885.0,8850.0
2016-01-11,201601112971754,ILFCM,26,26,15,885.0,13275.0
2016-01-11,201601112971695,ILFCM,17,16,10,886.0,8860.0
2016-01-11,201601112971694,ILFCM,17,26,10,885.0,8850.0
2016-01-11,201601112971693,ILFCM,17,35,10,884.0,8840.0
2016-01-11,201601112971844,KBL,22,44,200,385.0,77000.0
2016-01-11,201601112971824,KBL,4,44,300,385.0,115500.0
2016-01-11,201601112971781,KBL,42,44,200,385.0,77000.0
2016-01-11,201601112971780,KBL,25,44,100,385.0,38500.0
2016-01-11,201601112971775,KBL,4,33,258,385.0,99330.0
2016-01-11,201601112971769,KBL,25,28,200,385.0,77000.0
2016-01-11,201601112971393,KBL,54,44,600,388.0,232800.0
2016-01-11,201601112971388,KBL,54,21,400,388.0,155200.0
2016-01-11,201601112971386,KBL,4,21,600,388.0,232800.0
2016-01-11,201601112971653,KBL,41,58,50,388.0,19400.0
2016-01-11,201601112971470,KBL,4,7,600,390.0,234000.0
2016-01-11,201601112971458,KBL,4,49,100,390.0,39000.0
2016-01-11,201601112971457,KBL,4,22,100,390.0,39000.0
2016-01-11,201601112971442,KBL,4,43,107,390.0,41730.0
2016-01-11,201601112971415,KBL,4,6,99,389.0,38511.0
2016-01-11,201601112971665,KBL,13,14,752,385.0,289520.0
2016-01-11,201601112971664,KBL,4,58,16,385.0,6160.0
2016-01-11,201601112971657,KBL,4,58,330,385.0,127050.0
2016-01-11,201601112971656,KBL,54,58,1000,386.0,386000.0
2016-01-11,201601112971655,KBL,17,58,100,387.0,38700.0
2016-01-11,201601112971654,KBL,19,58,100,387.0,38700.0
2016-01-11,201601112971825,KCDBL,21,14,17,192.0,3264.0
2016-01-11,201601112971623,KCDBL,55,55,10,194.0,1940.0
2016-01-11,201601112971578,KCDBL,55,55,10,194.0,1940.0
2016-01-11,201601112971512,KCDBL,21,6,119,191.0,22729.0
2016-01-11,201601112971456,KCDBL,55,55,10,194.0,1940.0
2016-01-11,201601112971420,KCDBL,55,55,10,194.0,1940.0
2016-01-11,201601112971784,KDBL,32,13,200,181.0,36200.0
2016-01-11,201601112971491,KRBL,48,6,25,207.0,5175.0
2016-01-11,201601112971786,LBL,20,4,1000,565.0,565000.0
2016-01-11,201601112971702,LBL,39,21,70,566.0,39620.0
2016-01-11,201601112971640,LBL,33,4,300,565.0,169500.0
2016-01-11,201601112971505,LBL,17,32,108,565.0,61020.0
2016-01-11,201601112971436,LBL,43,36,300,561.0,168300.0
2016-01-11,201601112971435,LBL,17,36,200,561.0,112200.0
2016-01-11,201601112971382,LBL,42,21,200,566.0,113200.0
2016-01-11,201601112971449,LFLC,1,10,19,219.0,4161.0
2016-01-11,201601112971594,MBBL,42,26,80,202.0,16160.0
2016-01-11,201601112971788,MMFDB,16,16,10,2417.0,24170.0
2016-01-11,201601112971773,MMFDB,16,53,10,2417.0,24170.0
2016-01-11,201601112971770,MMFDB,16,16,10,2417.0,24170.0
2016-01-11,201601112971760,MMFDB,16,16,10,2417.0,24170.0
2016-01-11,201601112971705,MMFDB,47,16,10,2416.0,24160.0
2016-01-11,201601112971703,MMFDB,47,47,10,2416.0,24160.0
2016-01-11,201601112971599,MMFDB,47,16,10,2420.0,24200.0
2016-01-11,201601112971587,MMFDB,47,16,10,2420.0,24200.0
2016-01-11,201601112971639,MMFDB,47,48,10,2420.0,24200.0
2016-01-11,201601112971637,MMFDB,47,16,10,2420.0,24200.0
2016-01-11,201601112971635,MMFDB,47,48,10,2420.0,24200.0
2016-01-11,201601112971622,MMFDB,47,16,10,2420.0,24200.0
2016-01-11,201601112971607,MMFDB,47,16,10,2420.0,24200.0
2016-01-11,201601112971603,MMFDB,47,17,30,2420.0,72600.0
2016-01-11,201601112971696,MMFDB,28,16,10,2415.0,24150.0
2016-01-11,201601112971689,MMFDB,28,47,10,2415.0,24150.0
2016-01-11,201601112971683,MMFDB,28,16,10,2415.0,24150.0
2016-01-11,201601112971669,MMFDB,28,16,10,2415.0,24150.0
2016-01-11,201601112971659,MMFDB,28,16,10,2415.0,24150.0
2016-01-11,201601112971647,MMFDB,28,16,10,2415.0,24150.0
2016-01-11,201601112971762,MNBBL,56,14,150,705.0,105750.0
2016-01-11,201601112971691,NABIL,49,21,50,1820.0,91000.0
2016-01-11,201601112971690,NABIL,22,21,100,1822.0,182200.0
2016-01-11,201601112971826,NBL,55,39,500,302.0,151000.0
2016-01-11,201601112971521,NBL,44,28,536,301.0,161336.0
2016-01-11,201601112971768,NCM,59,20,500,270.0,135000.0
2016-01-11,201601112971617,NCM,32,20,1935,268.0,518580.0
2016-01-11,201601112971553,NCM,39,47,158,272.0,42976.0
2016-01-11,201601112971680,NHPC,21,22,500,119.0,59500.0
2016-01-11,201601112971662,NHPC,21,22,500,119.0,59500.0
2016-01-11,201601112971409,NHPC,42,10,50,120.0,6000.0
2016-01-11,201601112971404,NHPC,56,56,1000,118.0,118000.0
2016-01-11,201601112971365,NHPC,42,22,200,120.0,24000.0
2016-01-11,201601112971821,NIB,50,48,100,774.0,77400.0
2016-01-11,201601112971748,NIB,28,6,64,775.0,49600.0
2016-01-11,201601112971747,NIB,28,11,100,775.0,77500.0
2016-01-11,201601112971746,NIB,28,19,250,775.0,193750.0
2016-01-11,201601112971706,NIB,6,28,500,774.0,387000.0
2016-01-11,201601112971602,NIB,33,50,120,773.0,92760.0
2016-01-11,201601112971422,NIB,33,52,100,773.0,77300.0
2016-01-11,201601112971403,NIB,14,51,197,774.0,152478.0
2016-01-11,201601112971841,NIBPO,50,22,200,658.0,131600.0
2016-01-11,201601112971831,NIBPO,50,22,50,658.0,32900.0
2016-01-11,201601112971830,NIBPO,50,22,80,658.0,52640.0
2016-01-11,201601112971829,NIBPO,50,14,50,658.0,32900.0
2016-01-11,201601112971716,NIBPO,8,55,510,657.0,335070.0
2016-01-11,201601112971715,NIBPO,8,28,200,655.0,131000.0
2016-01-11,201601112971515,NIBPO,50,52,300,656.0,196800.0
2016-01-11,201601112971797,NICA,41,37,100,700.0,70000.0
2016-01-11,201601112971779,NICA,55,37,100,700.0,70000.0
2016-01-11,201601112971778,NICA,39,37,30,702.0,21060.0
2016-01-11,201601112971497,NLBBL,53,26,10,1920.0,19200.0
2016-01-11,201601112971710,NLIC,57,58,200,3340.0,668000.0
2016-01-11,201601112971709,NLIC,25,58,300,3340.0,1002000.0
2016-01-11,201601112971633,NLIC,16,58,100,3340.0,334000.0
2016-01-11,201601112971616,NLIC,14,55,60,3349.0,200940.0
2016-01-11,201601112971576,NLIC,17,37,68,3345.0,227460.0
2016-01-11,201601112971564,NLIC,20,55,100,3349.0,334900.0
2016-01-11,201601112971848,NLICL,45,43,100,2450.0,245000.0
2016-01-11,201601112971679,NLICL,45,21,100,2450.0,245000.0
2016-01-11,201601112971614,NLICL,21,6,198,2450.0,485100.0
2016-01-11,201601112971397,NLICL,45,6,255,2450.0,624750.0
2016-01-11,201601112971596,NMB,55,42,84,433.0,36372.0
2016-01-11,201601112971443,NMB,49,45,154,435.0,66990.0
2016-01-11,201601112971426,NMB,45,45,700,437.0,305900.0
2016-01-11,201601112971425,NMB,28,45,10,437.0,4370.0
2016-01-11,201601112971833,NMBSF1,43,47,5000,9.92,49600.0
2016-01-11,201601112971506,NUBL,53,21,200,1650.0,330000.0
2016-01-11,201601112971394,NUBL,47,21,72,1635.0,117720.0
2016-01-11,201601112971374,NUBL,53,57,25,1630.0,40750.0
2016-01-11,201601112971368,NUBL,53,34,30,1629.0,48870.0
2016-01-11,201601112971428,OHL,16,44,1000,408.0,408000.0
2016-01-11,201601112971427,OHL,22,44,100,408.0,40800.0
2016-01-11,201601112971791,PIC,33,38,500,882.0,441000.0
2016-01-11,201601112971725,PIC,54,11,218,885.0,192930.0
2016-01-11,201601112971487,PIC,33,11,95,885.0,84075.0
2016-01-11,201601112971759,PICL,57,38,45,652.0,29340.0
2016-01-11,201601112971724,PICL,57,38,550,652.0,358600.0
2016-01-11,201601112971723,PICL,54,38,200,652.0,130400.0
2016-01-11,201601112971722,PICL,1,38,300,653.0,195900.0
2016-01-11,201601112971721,PICL,26,38,200,654.0,130800.0
2016-01-11,201601112971601,PICL,49,49,76,655.0,49780.0
2016-01-11,201601112971600,PICL,49,26,270,654.0,176580.0
2016-01-11,201601112971593,PICL,57,26,300,654.0,196200.0
2016-01-11,201601112971577,PICL,49,49,1500,650.0,975000.0
2016-01-11,201601112971575,PICL,39,14,34,655.0,22270.0
2016-01-11,201601112971571,PICL,49,49,1500,650.0,975000.0
2016-01-11,201601112971552,PICL,39,37,40,655.0,26200.0
2016-01-11,201601112971863,PLIC,28,28,325,1540.0,500500.0
2016-01-11,201601112971838,PLIC,21,38,50,1543.0,77150.0
2016-01-11,201601112971745,PLIC,28,48,13,1542.0,20046.0
2016-01-11,201601112971509,PLIC,28,38,100,1542.0,154200.0
2016-01-11,201601112971503,PLIC,49,38,200,1541.0,308200.0
2016-01-11,201601112971438,PLIC,44,48,200,1542.0,308400.0
2016-01-11,201601112971437,PLIC,44,48,100,1543.0,154300.0
2016-01-11,201601112971819,PRIN,49,49,365,546.0,199290.0
2016-01-11,201601112971619,PRIN,35,47,1100,545.0,599500.0
2016-01-11,201601112971765,PURBL,19,17,16,325.0,5200.0
2016-01-11,201601112971758,PURBL,19,17,16,325.0,5200.0
2016-01-11,201601112971742,PURBL,19,17,16,325.0,5200.0
2016-01-11,201601112971714,PURBL,19,17,16,325.0,5200.0
2016-01-11,201601112971660,RBBBL,50,55,13,200.0,2600.0
2016-01-11,201601112971592,RBBBL,50,49,13,199.0,2587.0
2016-01-11,201601112971652,REDBL,17,49,40,295.0,11800.0
2016-01-11,201601112971864,RHPC,50,7,12,350.0,4200.0
2016-01-11,201601112971399,RHPC,51,16,11,350.0,3850.0
2016-01-11,201601112971381,RHPC,50,16,11,350.0,3850.0
2016-01-11,201601112971840,SADBL,45,45,195,401.0,78195.0
2016-01-11,201601112971589,SADBL,38,47,950,398.0,378100.0
2016-01-11,201601112971861,SANIMA,59,4,200,667.0,133400.0
2016-01-11,201601112971610,SANIMA,17,4,300,665.0,199500.0
2016-01-11,201601112971559,SANIMA,17,36,200,669.0,133800.0
2016-01-11,201601112971651,SBI,34,10,500,1533.0,766500.0
2016-01-11,201601112971650,SBI,55,10,200,1536.0,307200.0
2016-01-11,201601112971649,SBI,58,10,60,1536.0,92160.0
2016-01-11,201601112971543,SBI,20,14,252,1537.0,387324.0
2016-01-11,201601112971527,SBI,4,1,400,1538.0,615200.0
2016-01-11,201601112971419,SBI,16,10,200,1540.0,308000.0
2016-01-11,201601112971372,SBI,55,10,500,1540.0,770000.0
2016-01-11,201601112971851,SCB,36,45,48,2575.0,123600.0
2016-01-11,201601112971812,SCB,55,42,29,2580.0,74820.0
2016-01-11,201601112971407,SCB,59,22,25,2594.0,64850.0
2016-01-11,201601112971402,SCB,59,28,29,2594.0,75226.0
2016-01-11,201601112971395,SCB,59,10,51,2590.0,132090.0
2016-01-11,201601112971518,SEWA,35,58,241,260.0,62660.0
2016-01-11,201601112971793,SFL,1,6,20,177.0,3540.0
2016-01-11,201601112971636,SHL,7,54,100,321.0,32100.0
2016-01-11,201601112971638,SHPC,36,21,18,845.0,15210.0
2016-01-11,201601112971566,SHPC,36,56,10,845.0,8450.0
2016-01-11,201601112971473,SHPC,36,21,100,845.0,84500.0
2016-01-11,201601112971624,SICL,48,58,200,1330.0,266000.0
2016-01-11,201601112971396,SICL,48,38,200,1339.0,267800.0
2016-01-11,201601112971667,SICL,14,10,200,1350.0,270000.0
2016-01-11,201601112971666,SICL,14,38,100,1350.0,135000.0
2016-01-11,201601112971644,SICL,14,49,300,1345.0,403500.0
2016-01-11,201601112971643,SICL,14,58,500,1340.0,670000.0
2016-01-11,201601112971642,SICL,14,36,200,1330.0,266000.0
2016-01-11,201601112971860,SIL,44,8,500,990.0,495000.0
2016-01-11,201601112971859,SIL,44,8,1000,991.0,991000.0
2016-01-11,201601112971858,SIL,44,8,300,992.0,297600.0
2016-01-11,201601112971686,SIL,32,41,300,995.0,298500.0
2016-01-11,201601112971539,SIL,48,11,500,1000.0,500000.0
2016-01-11,201601112971537,SIL,32,35,500,1005.0,502500.0
2016-01-11,201601112971668,SKBBL,6,1,386,1350.0,521100.0
2016-01-11,201601112971441,SKBBL,13,47,203,1345.0,273035.0
2016-01-11,201601112971540,SLICL,41,36,100,770.0,77000.0
2016-01-11,201601112971531,SLICL,50,36,132,771.0,101772.0
2016-01-11,201601112971483,SLICL,50,36,350,771.0,269850.0
2016-01-11,201601112971482,SLICL,57,36,500,772.0,386000.0
2016-01-11,201601112971481,SLICL,43,36,500,773.0,386500.0
2016-01-11,201601112971634,SUBBL,21,25,200,432.0,86400.0
2016-01-11,201601112971574,SUBBL,17,17,50,432.0,21600.0
2016-01-11,201601112971720,SYFL,53,5,150,100.0,15000.0
2016-01-11,201601112971379,SYFL,54,5,350,100.0,35000.0
2016-01-11,201601112971606,TBBL,29,26,10,244.0,2440.0
2016-01-11,201601112971605,TBBL,29,26,10,244.0,2440.0
2016-01-11,201601112971391,TBBL,13,56,100,241.0,24100.0
2016-01-11,201601112971390,TBBL,13,26,20,240.0,4800.0
2016-01-11,201601112971459,UFIL,13,29,11,146.0,1606.0
2016-01-11,201601112971387,UFIL,13,29,11,146.0,1606.0
2016-01-11,201601112971375,UFIL,8,29,11,147.0,1617.0
2016-01-11,201601112971849,VLBS,17,17,23,1162.0,26726.0
2016-01-11,201601112971822,VLBS,44,36,10,1160.0,11600.0
2016-01-11,201601112971813,VLBS,44,36,10,1160.0,11600.0
2016-01-11,201601112971807,VLBS,44,36,10,1160.0,11600.0
2016-01-11,201601112971803,VLBS,44,36,10,1160.0,11600.0
2016-01-11,201601112971799,VLBS,17,17,10,1162.0,11620.0
2016-01-11,201601112971461,VLBS,44,47,10,1162.0,11620.0
2016-01-11,201601112971453,VLBS,44,47,10,1162.0,11620.0
2016-01-11,201601112971421,VLBS,44,28,10,1162.0,11620.0
2016-01-11,201601112971411,VLBS,44,47,10,1162.0,11620.0
2016-01-11,201601112971389,VLBS,44,47,10,1162.0,11620.0
2016-01-11,201601112971572,VLBS,34,16,10,1163.0,11630.0
2016-01-11,201601112971560,VLBS,34,47,10,1163.0,11630.0
2016-01-11,201601112971557,VLBS,34,16,10,1163.0,11630.0
2016-01-11,201601112971554,VLBS,34,16,10,1163.0,11630.0
2016-01-11,201601112971499,VLBS,44,47,10,1162.0,11620.0
2016-01-11,201601112971495,VLBS,18,18,10,1169.0,11690.0
2016-01-11,201601112971672,VLBS,44,45,30,1160.0,34800.0
2016-01-11,201601112971671,VLBS,44,45,30,1160.0,34800.0
2016-01-11,201601112971670,VLBS,44,45,10,1162.0,11620.0
2016-01-11,201601112971661,VLBS,44,32,10,1162.0,11620.0
2016-01-11,201601112971628,VLBS,44,47,10,1162.0,11620.0
2016-01-11,201601112971591,VLBS,34,47,10,1163.0,11630.0
2016-01-11,201601112971678,VLBS,44,45,20,1160.0,23200.0
2016-01-11,201601112971677,VLBS,44,45,30,1160.0,34800.0
2016-01-11,201601112971676,VLBS,44,45,30,1160.0,34800.0
2016-01-11,201601112971675,VLBS,44,45,30,1160.0,34800.0
2016-01-11,201601112971674,VLBS,44,45,30,1160.0,34800.0
2016-01-11,201601112971673,VLBS,44,45,30,1160.0,34800.0
2016-01-11,201601112971796,VLBS,44,36,10,1160.0,11600.0
2016-01-11,201601112971795,VLBS,44,11,10,1160.0,11600.0
2016-01-11,201601112971789,VLBS,44,36,10,1160.0,11600.0
2016-01-11,201601112971783,VLBS,44,36,10,1160.0,11600.0
2016-01-11,201601112971782,VLBS,44,47,12,1160.0,13920.0
2016-01-11,201601112971776,VLBS,17,17,12,1162.0,13944.0
2016-01-11,201601112960242,ADBL,58,35,1000,523.0,523000.0
2016-01-11,201601112960196,ADBL,58,29,1000,523.0,523000.0
2016-01-11,201601112960195,ADBL,58,35,1000,523.0,523000.0
2016-01-11,201601112960190,ADBL,58,47,272,522.0,141984.0
2016-01-11,201601112960063,ADBL,56,10,100,519.0,51900.0
2016-01-11,201601112959972,ADBL,56,21,200,519.0,103800.0
2016-01-11,201601112960181,AHPC,49,38,3818,257.0,981226.0
2016-01-11,201601112960217,AHPC,43,18,12,259.0,3108.0
2016-01-11,201601112960210,AHPC,43,22,90,258.0,23220.0
2016-01-11,201601112960373,ALICL,39,57,100,1250.0,125000.0
2016-01-11,201601112960372,ALICL,39,57,100,1250.0,125000.0
2016-01-11,201601112960186,ALICL,39,57,131,1254.0,164274.0
2016-01-11,201601112960436,API,7,41,26,374.0,9724.0
2016-01-11,201601112960433,API,7,17,16,374.0,5984.0
2016-01-11,201601112960431,API,7,17,16,374.0,5984.0
2016-01-11,201601112960430,API,42,55,26,372.0,9672.0
2016-01-11,201601112960427,API,7,17,26,374.0,9724.0
2016-01-11,201601112960426,API,42,11,26,372.0,9672.0
2016-01-11,201601112959945,API,42,44,26,375.0,9750.0
2016-01-11,201601112959944,API,42,44,26,375.0,9750.0
2016-01-11,201601112959943,API,42,44,26,375.0,9750.0
2016-01-11,201601112959942,API,42,44,26,375.0,9750.0
2016-01-11,201601112959941,API,42,44,26,375.0,9750.0
2016-01-11,201601112959951,API,42,44,26,375.0,9750.0
2016-01-11,201601112959950,API,42,44,26,375.0,9750.0
2016-01-11,201601112959949,API,42,44,26,375.0,9750.0
2016-01-11,201601112959948,API,42,44,26,375.0,9750.0
2016-01-11,201601112959947,API,42,44,26,375.0,9750.0
2016-01-11,201601112959946,API,42,44,26,375.0,9750.0
2016-01-11,201601112959982,API,42,41,26,374.0,9724.0
2016-01-11,201601112959981,API,42,38,16,374.0,5984.0
2016-01-11,201601112959958,API,36,57,26,373.0,9698.0
2016-01-11,201601112959954,API,42,44,26,375.0,9750.0
2016-01-11,201601112959953,API,42,22,26,375.0,9750.0
2016-01-11,201601112959952,API,42,44,26,375.0,9750.0
2016-01-11,201601112959988,API,42,44,16,375.0,6000.0
2016-01-11,201601112959987,API,42,44,16,375.0,6000.0
2016-01-11,201601112959986,API,42,44,16,375.0,6000.0
2016-01-11,201601112959985,API,42,44,16,375.0,6000.0
2016-01-11,201601112959984,API,42,44,26,375.0,9750.0
2016-01-11,201601112959983,API,42,44,26,375.0,9750.0
2016-01-11,201601112959995,API,42,44,16,375.0,6000.0
2016-01-11,201601112959994,API,42,44,16,375.0,6000.0
2016-01-11,201601112959992,API,42,44,16,375.0,6000.0
2016-01-11,201601112959991,API,42,44,16,375.0,6000.0
2016-01-11,201601112959990,API,42,44,16,375.0,6000.0
2016-01-11,201601112959989,API,42,44,16,375.0,6000.0
2016-01-11,201601112960001,API,42,44,16,375.0,6000.0
2016-01-11,201601112960000,API,42,44,16,375.0,6000.0
2016-01-11,201601112959999,API,42,44,16,375.0,6000.0
2016-01-11,201601112959998,API,42,44,16,375.0,6000.0
2016-01-11,201601112959997,API,42,44,16,375.0,6000.0
2016-01-11,201601112959996,API,42,44,16,375.0,6000.0
2016-01-11,201601112960021,API,42,57,26,374.0,9724.0
2016-01-11,201601112960020,API,42,17,10,374.0,3740.0
2016-01-11,201601112960015,API,38,38,26,373.0,9698.0
2016-01-11,201601112960009,API,36,11,26,373.0,9698.0
2016-01-11,201601112960003,API,42,44,16,375.0,6000.0
2016-01-11,201601112960002,API,42,44,16,375.0,6000.0
2016-01-11,201601112960049,API,42,26,16,374.0,5984.0
2016-01-11,201601112960039,API,36,47,26,373.0,9698.0
2016-01-11,201601112960036,API,42,22,26,372.0,9672.0
2016-01-11,201601112960032,API,43,43,26,373.0,9698.0
2016-01-11,201601112960026,API,36,47,26,372.0,9672.0
2016-01-11,201601112960022,API,42,57,26,374.0,9724.0
2016-01-11,201601112960072,API,42,26,16,373.0,5968.0
2016-01-11,201601112960071,API,42,26,16,373.0,5968.0
2016-01-11,201601112960057,API,38,11,26,374.0,9724.0
2016-01-11,201601112960055,API,38,26,16,374.0,5984.0
2016-01-11,201601112960053,API,38,57,26,374.0,9724.0
2016-01-11,201601112960052,API,38,47,10,374.0,3740.0
2016-01-11,201601112960079,API,42,29,16,374.0,5984.0
2016-01-11,201601112960078,API,42,41,26,374.0,9724.0
2016-01-11,201601112960077,API,42,41,26,374.0,9724.0
2016-01-11,201601112960076,API,42,41,26,374.0,9724.0
2016-01-11,201601112960075,API,42,41,26,374.0,9724.0
2016-01-11,201601112960074,API,42,57,26,374.0,9724.0
2016-01-11,201601112960095,API,42,44,16,375.0,6000.0
2016-01-11,201601112960094,API,42,29,16,374.0,5984.0
2016-01-11,201601112960093,API,42,41,26,374.0,9724.0
2016-01-11,201601112960092,API,42,29,16,374.0,5984.0
2016-01-11,201601112960081,API,42,57,26,374.0,9724.0
2016-01-11,201601112960080,API,42,41,16,374.0,5984.0
2016-01-11,201601112960101,API,42,44,16,375.0,6000.0
2016-01-11,201601112960100,API,42,44,16,375.0,6000.0
2016-01-11,201601112960099,API,42,44,16,375.0,6000.0
2016-01-11,201601112960098,API,42,44,16,375.0,6000.0
2016-01-11,201601112960097,API,42,44,16,375.0,6000.0
2016-01-11,201601112960096,API,42,57,26,374.0,9724.0
2016-01-11,201601112960108,API,42,19,26,375.0,9750.0
2016-01-11,201601112960107,API,42,44,16,375.0,6000.0
2016-01-11,201601112960106,API,42,44,16,375.0,6000.0
2016-01-11,201601112960105,API,42,44,16,375.0,6000.0
2016-01-11,201601112960103,API,42,44,16,375.0,6000.0
2016-01-11,201601112960102,API,42,44,16,375.0,6000.0
2016-01-11,201601112960117,API,42,57,26,374.0,9724.0
2016-01-11,201601112960116,API,42,17,10,374.0,3740.0
2016-01-11,201601112960115,API,42,41,26,374.0,9724.0
2016-01-11,201601112960113,API,28,28,26,373.0,9698.0
2016-01-11,201601112960110,API,42,5,26,375.0,9750.0
2016-01-11,201601112960109,API,42,5,26,375.0,9750.0
2016-01-11,201601112960153,API,13,11,26,373.0,9698.0
2016-01-11,201601112960151,API,7,29,16,374.0,5984.0
2016-01-11,201601112960142,API,7,13,26,373.0,9698.0
2016-01-11,201601112960139,API,28,28,26,373.0,9698.0
2016-01-11,201601112960121,API,42,41,26,374.0,9724.0
2016-01-11,201601112960118,API,42,29,16,374.0,5984.0
2016-01-11,201601112960164,API,1,41,16,374.0,5984.0
2016-01-11,201601112960163,API,7,57,26,374.0,9724.0
2016-01-11,201601112960161,API,7,28,26,373.0,9698.0
2016-01-11,201601112960158,API,7,41,16,374.0,5984.0
2016-01-11,201601112960157,API,7,17,10,374.0,3740.0
2016-01-11,201601112960155,API,7,57,26,374.0,9724.0
2016-01-11,201601112960178,API,28,57,10,373.0,3730.0
2016-01-11,201601112960176,API,7,41,16,374.0,5984.0
2016-01-11,201601112960174,API,1,41,16,374.0,5984.0
2016-01-11,201601112960171,API,7,57,26,374.0,9724.0
2016-01-11,201601112960166,API,7,42,16,374.0,5984.0
2016-01-11,201601112960165,API,28,57,10,373.0,3730.0
2016-01-11,201601112960213,API,1,29,26,374.0,9724.0
2016-01-11,201601112960209,API,46,29,26,374.0,9724.0
2016-01-11,201601112960204,API,1,29,26,374.0,9724.0
2016-01-11,201601112960184,API,13,13,26,373.0,9698.0
2016-01-11,201601112960183,API,52,11,26,373.0,9698.0
2016-01-11,201601112960179,API,7,41,16,374.0,5984.0
2016-01-11,201601112960227,API,38,29,26,374.0,9724.0
2016-01-11,201601112960226,API,38,41,16,374.0,5984.0
2016-01-11,201601112960225,API,7,5,26,375.0,9750.0
2016-01-11,201601112960218,API,38,50,16,374.0,5984.0
2016-01-11,201601112960216,API,38,38,26,374.0,9724.0
2016-01-11,201601112960214,API,38,41,16,374.0,5984.0
2016-01-11,201601112960251,API,7,38,26,374.0,9724.0
2016-01-11,201601112960240,API,7,6,32,374.0,11968.0
2016-01-11,201601112960236,API,52,29,10,373.0,3730.0
2016-01-11,201601112960234,API,52,29,26,373.0,9698.0
2016-01-11,201601112960233,API,7,38,26,374.0,9724.0
2016-01-11,201601112960228,API,38,38,26,374.0,9724.0
2016-01-11,201601112960272,API,38,17,10,374.0,3740.0
2016-01-11,201601112960271,API,38,17,10,374.0,3740.0
2016-01-11,201601112960261,API,42,29,26,372.0,9672.0
2016-01-11,201601112960259,API,7,38,26,374.0,9724.0
2016-01-11,201601112960255,API,52,50,16,373.0,5968.0
2016-01-11,201601112960254,API,52,29,26,373.0,9698.0
2016-01-11,201601112960282,API,44,5,26,375.0,9750.0
2016-01-11,201601112960281,API,38,17,10,374.0,3740.0
2016-01-11,201601112960278,API,38,11,26,374.0,9724.0
2016-01-11,201601112960275,API,42,29,26,372.0,9672.0
2016-01-11,201601112960274,API,38,38,26,374.0,9724.0
2016-01-11,201601112960273,API,38,38,26,374.0,9724.0
2016-01-11,201601112960288,API,44,44,26,375.0,9750.0
2016-01-11,201601112960287,API,44,5,26,375.0,9750.0
2016-01-11,201601112960286,API,44,44,26,375.0,9750.0
2016-01-11,201601112960285,API,44,5,26,375.0,9750.0
2016-01-11,201601112960284,API,44,5,26,375.0,9750.0
2016-01-11,201601112960283,API,44,5,26,375.0,9750.0
2016-01-11,201601112960294,API,44,44,26,375.0,9750.0
2016-01-11,201601112960293,API,44,44,26,375.0,9750.0
2016-01-11,201601112960292,API,44,44,26,375.0,9750.0
2016-01-11,201601112960291,API,44,44,26,375.0,9750.0
2016-01-11,201601112960290,API,44,44,26,375.0,9750.0
2016-01-11,201601112960289,API,44,44,26,375.0,9750.0
2016-01-11,201601112960300,API,44,44,26,375.0,9750.0
2016-01-11,201601112960299,API,44,44,26,375.0,9750.0
2016-01-11,201601112960298,API,44,44,26,375.0,9750.0
2016-01-11,201601112960297,API,44,44,26,375.0,9750.0
2016-01-11,201601112960296,API,44,5,26,375.0,9750.0
2016-01-11,201601112960295,API,44,44,26,375.0,9750.0
2016-01-11,201601112960307,API,44,44,26,375.0,9750.0
2016-01-11,201601112960306,API,44,44,26,375.0,9750.0
2016-01-11,201601112960305,API,44,44,26,375.0,9750.0
2016-01-11,201601112960303,API,44,44,26,375.0,9750.0
2016-01-11,201601112960302,API,44,44,26,375.0,9750.0
2016-01-11,201601112960301,API,44,44,26,375.0,9750.0
2016-01-11,201601112960320,API,44,44,16,375.0,6000.0
2016-01-11,201601112960319,API,44,44,26,375.0,9750.0
2016-01-11,201601112960318,API,44,44,26,375.0,9750.0
2016-01-11,201601112960316,API,44,44,16,375.0,6000.0
2016-01-11,201601112960315,API,44,44,26,375.0,9750.0
2016-01-11,201601112960314,API,44,44,26,375.0,9750.0
2016-01-11,201601112960326,API,44,44,26,375.0,9750.0
2016-01-11,201601112960325,API,44,44,16,375.0,6000.0
2016-01-11,201601112960324,API,44,44,16,375.0,6000.0
2016-01-11,201601112960323,API,44,44,26,375.0,9750.0
2016-01-11,201601112960322,API,44,44,26,375.0,9750.0
2016-01-11,201601112960321,API,44,44,16,375.0,6000.0
2016-01-11,201601112960332,API,44,44,16,375.0,6000.0
2016-01-11,201601112960331,API,44,8,26,375.0,9750.0
2016-01-11,201601112960330,API,44,44,16,375.0,6000.0
2016-01-11,201601112960329,API,44,44,16,375.0,6000.0
2016-01-11,201601112960328,API,44,44,16,375.0,6000.0
2016-01-11,201601112960327,API,44,44,26,375.0,9750.0
2016-01-11,201601112960340,API,44,44,26,375.0,9750.0
2016-01-11,201601112960338,API,44,44,16,375.0,6000.0
2016-01-11,201601112960337,API,44,44,26,375.0,9750.0
2016-01-11,201601112960336,API,44,44,26,375.0,9750.0
2016-01-11,201601112960335,API,44,44,16,375.0,6000.0
2016-01-11,201601112960334,API,44,44,26,375.0,9750.0
2016-01-11,201601112960346,API,44,44,16,375.0,6000.0
2016-01-11,201601112960345,API,44,44,16,375.0,6000.0
2016-01-11,201601112960344,API,44,44,26,375.0,9750.0
2016-01-11,201601112960343,API,44,44,26,375.0,9750.0
2016-01-11,201601112960342,API,44,44,16,375.0,6000.0
2016-01-11,201601112960341,API,44,44,26,375.0,9750.0
2016-01-11,201601112960353,API,44,44,16,375.0,6000.0
2016-01-11,201601112960352,API,44,44,26,375.0,9750.0
2016-01-11,201601112960351,API,44,44,16,375.0,6000.0
2016-01-11,201601112960350,API,44,44,26,375.0,9750.0
2016-01-11,201601112960349,API,44,44,26,375.0,9750.0
2016-01-11,201601112960347,API,44,44,26,375.0,9750.0
2016-01-11,201601112960359,API,44,44,16,375.0,6000.0
2016-01-11,201601112960358,API,44,44,26,375.0,9750.0
2016-01-11,201601112960357,API,44,44,26,375.0,9750.0
2016-01-11,201601112960356,API,44,44,16,375.0,6000.0
2016-01-11,201601112960355,API,44,44,16,375.0,6000.0
2016-01-11,201601112960354,API,44,44,16,375.0,6000.0
2016-01-11,201601112960365,API,44,44,26,375.0,9750.0
2016-01-11,201601112960364,API,44,44,26,375.0,9750.0
2016-01-11,201601112960363,API,44,44,16,375.0,6000.0
2016-01-11,201601112960362,API,44,44,26,375.0,9750.0
2016-01-11,201601112960361,API,44,44,16,375.0,6000.0
2016-01-11,201601112960360,API,44,44,26,375.0,9750.0
2016-01-11,201601112960377,API,38,17,10,374.0,3740.0
2016-01-11,201601112960376,API,38,38,26,374.0,9724.0
2016-01-11,201601112960369,API,44,44,16,375.0,6000.0
2016-01-11,201601112960368,API,44,44,26,375.0,9750.0
2016-01-11,201601112960367,API,44,44,26,375.0,9750.0
2016-01-11,201601112960366,API,44,44,16,375.0,6000.0
2016-01-11,201601112960393,API,38,17,10,374.0,3740.0
2016-01-11,201601112960388,API,28,38,26,374.0,9724.0
2016-01-11,201601112960387,API,42,29,26,372.0,9672.0
2016-01-11,201601112960385,API,7,13,26,375.0,9750.0
2016-01-11,201601112960384,API,38,38,26,374.0,9724.0
2016-01-11,201601112960382,API,38,29,26,374.0,9724.0
2016-01-11,201601112960422,API,7,41,26,374.0,9724.0
2016-01-11,201601112960417,API,7,28,26,374.0,9724.0
2016-01-11,201601112960415,API,42,55,26,372.0,9672.0
2016-01-11,201601112960414,API,7,38,26,374.0,9724.0
2016-01-11,201601112960409,API,7,41,26,374.0,9724.0
2016-01-11,201601112960395,API,38,17,10,374.0,3740.0
2016-01-11,201601112960313,BARUN,36,44,10,265.0,2650.0
2016-01-11,201601112960312,BARUN,36,44,10,265.0,2650.0
2016-01-11,201601112960311,BARUN,36,44,10,265.0,2650.0
2016-01-11,201601112960310,BARUN,36,44,10,265.0,2650.0
2016-01-11,201601112960309,BARUN,36,44,10,265.0,2650.0
2016-01-11,201601112960308,BARUN,36,44,10,265.0,2650.0
2016-01-11,201601112960156,BARUN,44,44,10,265.0,2650.0
2016-01-11,201601112960154,BARUN,44,44,10,265.0,2650.0
2016-01-11,201601112960138,BARUN,44,44,10,265.0,2650.0
2016-01-11,201601112960136,BARUN,44,44,10,265.0,2650.0
2016-01-11,201601112960112,BARUN,5,5,10,261.0,2610.0
2016-01-11,201601112959969,BARUN,22,22,10,265.0,2650.0
2016-01-11,201601112960208,BARUN,44,44,10,265.0,2650.0
2016-01-11,201601112960205,BARUN,44,44,10,265.0,2650.0
2016-01-11,201601112960199,BARUN,44,44,10,265.0,2650.0
2016-01-11,201601112960188,BARUN,44,44,10,265.0,2650.0
2016-01-11,201601112960170,BARUN,44,44,10,265.0,2650.0
2016-01-11,201601112960162,BARUN,44,44,10,265.0,2650.0
2016-01-11,201601112960047,BFCL,11,45,31,125.0,3875.0
2016-01-11,201601112960019,BFCL,43,45,31,125.0,3875.0
2016-01-11,201601112960007,BFCL,11,45,31,125.0,3875.0
2016-01-11,201601112960010,CCBL,56,21,100,310.0,31000.0
2016-01-11,201601112959993,CCBL,56,45,42,310.0,13020.0
2016-01-11,201601112960317,CHCL,57,1,200,1251.0,250200.0
2016-01-11,201601112960054,CHCL,25,25,85,1261.0,107185.0
2016-01-11,201601112960243,CZBIL,10,29,300,590.0,177000.0
2016-01-11,201601112959961,CZBIL,19,21,70,590.0,41300.0
2016-01-11,201601112959960,CZBIL,32,21,60,590.0,35400.0
2016-01-11,201601112959959,CZBIL,42,21,120,590.0,70800.0
2016-01-11,201601112960037,DBBL,32,14,1000,187.0,187000.0
2016-01-11,201601112960182,EBL,55,43,100,2071.0,207100.0
2016-01-11,201601112960073,EIC,56,39,140,930.0,130200.0
2016-01-11,201601112960374,GBBL,17,26,20,305.0,6100.0
2016-01-11,201601112960339,GBBL,17,26,10,305.0,3050.0
2016-01-11,201601112960280,GBBL,17,26,20,305.0,6100.0
2016-01-11,201601112960268,GBBL,17,26,10,305.0,3050.0
2016-01-11,201601112960264,GBBL,17,26,20,305.0,6100.0
2016-01-11,201601112960260,GBBL,17,26,10,305.0,3050.0
2016-01-11,201601112960440,GBIME,20,37,250,403.0,100750.0
2016-01-11,201601112960400,GBIME,20,32,250,402.0,100500.0
2016-01-11,201601112960394,GBIME,21,32,300,402.0,120600.0
2016-01-11,201601112960380,GBIME,8,1,175,401.0,70175.0
2016-01-11,201601112960247,GBIME,42,17,900,400.0,360000.0
2016-01-11,201601112960235,GBIME,11,17,100,400.0,40000.0
2016-01-11,201601112960185,GBIME,42,17,1000,400.0,400000.0
2016-01-11,201601112960169,GBIME,42,8,4000,400.0,1600000.0
2016-01-11,201601112960069,GBIME,42,10,189,400.0,75600.0
2016-01-11,201601112960066,GBIME,42,8,2000,400.0,800000.0
2016-01-11,201601112960230,GDBL,42,56,400,360.0,144000.0
2016-01-11,201601112960229,GDBL,42,47,210,360.0,75600.0
2016-01-11,201601112960432,GLICL,59,48,10,665.0,6650.0
2016-01-11,201601112960177,ILFCM,16,26,10,872.0,8720.0
2016-01-11,201601112960086,ILFCM,6,26,10,877.0,8770.0
2016-01-11,201601112960082,ILFCM,6,26,10,877.0,8770.0
2016-01-11,201601112960067,ILFCM,6,26,10,877.0,8770.0
2016-01-11,201601112960062,ILFCM,6,26,10,877.0,8770.0
2016-01-11,201601112960058,ILFCM,26,22,15,880.0,13200.0
2016-01-11,201601112960033,ILFCM,42,47,15,893.0,13395.0
2016-01-11,201601112960005,ILFCM,26,48,15,880.0,13200.0
2016-01-11,201601112959971,ILFCM,26,48,15,880.0,13200.0
2016-01-11,201601112959955,ILFCM,50,48,15,885.0,13275.0
2016-01-11,201601112960051,ILFCM,26,26,10,880.0,8800.0
2016-01-11,201601112960046,ILFCM,42,6,46,894.0,41124.0
2016-01-11,201601112960044,ILFCM,42,16,85,894.0,75990.0
2016-01-11,201601112960043,ILFCM,26,29,15,895.0,13425.0
2016-01-11,201601112960041,ILFCM,42,8,10,894.0,8940.0
2016-01-11,201601112960034,ILFCM,42,8,10,893.0,8930.0
2016-01-11,201601112960133,KBL,42,21,500,385.0,192500.0
2016-01-11,201601112960130,KBL,11,21,100,385.0,38500.0
2016-01-11,201601112960119,KBL,17,21,400,385.0,154000.0
2016-01-11,201601112960030,KBL,45,37,95,385.0,36575.0
2016-01-11,201601112960029,KBL,20,33,172,385.0,66220.0
2016-01-11,201601112960141,KCDBL,22,22,520,195.0,101400.0
2016-01-11,201601112960140,KCDBL,22,17,30,193.0,5790.0
2016-01-11,201601112960120,KCDBL,22,21,10,192.0,1920.0
2016-01-11,201601112960114,KCDBL,22,21,10,192.0,1920.0
2016-01-11,201601112960084,KCDBL,22,21,10,192.0,1920.0
2016-01-11,201601112960064,KCDBL,22,21,30,192.0,5760.0
2016-01-11,201601112960429,KRBL,48,45,20,214.0,4280.0
2016-01-11,201601112960421,KRBL,48,45,20,214.0,4280.0
2016-01-11,201601112960408,KRBL,48,45,50,214.0,10700.0
2016-01-11,201601112960403,LBL,17,32,110,567.0,62370.0
2016-01-11,201601112960402,LBL,32,32,30,568.0,17040.0
2016-01-11,201601112960401,LBL,55,32,200,569.0,113800.0
2016-01-11,201601112960370,LBL,11,39,628,569.0,357332.0
2016-01-11,201601112960263,LBL,11,45,34,569.0,19346.0
2016-01-11,201601112960175,LBL,29,45,200,569.0,113800.0
2016-01-11,201601112960025,LBL,39,39,500,566.0,283000.0
2016-01-11,201601112959973,LBL,20,17,500,570.0,285000.0
2016-01-11,201601112960420,MDBL,25,38,300,299.0,89700.0
2016-01-11,201601112960419,MDBL,51,38,200,299.0,59800.0
2016-01-11,201601112960418,MDBL,25,38,200,299.0,59800.0
2016-01-11,201601112960413,MDBL,25,38,300,299.0,89700.0
2016-01-11,201601112960412,MDBL,58,38,300,299.0,89700.0
2016-01-11,201601112960411,MDBL,22,38,100,299.0,29900.0
2016-01-11,201601112960191,MDBL,16,56,200,292.0,58400.0
2016-01-11,201601112960152,MDBL,16,39,40,287.0,11480.0
2016-01-11,201601112960024,MDBL,16,39,50,282.0,14100.0
2016-01-11,201601112959970,MDBL,16,39,10,277.0,2770.0
2016-01-11,201601112960333,MDBL,25,6,100,299.0,29900.0
2016-01-11,201601112960237,MDBL,25,56,100,299.0,29900.0
2016-01-11,201601112960211,MDBL,14,6,100,297.0,29700.0
2016-01-11,201601112960192,MDBL,16,6,100,292.0,29200.0
2016-01-11,201601112960410,MDBL,25,38,100,299.0,29900.0
2016-01-11,201601112960406,MDBL,58,38,200,299.0,59800.0
2016-01-11,201601112960392,MDBL,25,38,200,299.0,59800.0
2016-01-11,201601112960391,MDBL,25,38,200,299.0,59800.0
2016-01-11,201601112960390,MDBL,26,56,300,299.0,89700.0
2016-01-11,201601112960381,MDBL,22,38,200,299.0,59800.0
2016-01-11,201601112960405,MMFDB,14,40,100,2420.0,242000.0
2016-01-11,201601112960404,MMFDB,14,41,40,2419.0,96760.0
2016-01-11,201601112960386,MMFDB,14,17,10,2400.0,24000.0
2016-01-11,201601112960253,MMFDB,28,6,100,2422.0,242200.0
2016-01-11,201601112960246,MMFDB,28,5,10,2396.0,23960.0
2016-01-11,201601112960245,MMFDB,28,5,10,2395.0,23950.0
2016-01-11,201601112960070,MMFDB,50,38,10,2355.0,23550.0
2016-01-11,201601112960056,MMFDB,55,55,10,2375.0,23750.0
2016-01-11,201601112960045,MMFDB,55,55,10,2375.0,23750.0
2016-01-11,201601112960027,MMFDB,50,38,10,2355.0,23550.0
2016-01-11,201601112960014,MMFDB,50,48,10,2355.0,23550.0
2016-01-11,201601112960011,MMFDB,50,21,10,2355.0,23550.0
2016-01-11,201601112960244,MMFDB,28,41,10,2385.0,23850.0
2016-01-11,201601112960232,MMFDB,47,17,10,2365.0,23650.0
2016-01-11,201601112960212,MMFDB,47,57,10,2365.0,23650.0
2016-01-11,201601112960159,MMFDB,55,21,10,2380.0,23800.0
2016-01-11,201601112960144,MMFDB,55,55,10,2375.0,23750.0
2016-01-11,201601112960127,MMFDB,55,55,10,2375.0,23750.0
2016-01-11,201601112960189,NABIL,26,45,100,1826.0,182600.0
2016-01-11,201601112960160,NABIL,14,38,120,1827.0,219240.0
2016-01-11,201601112960137,NABIL,13,32,120,1835.0,220200.0
2016-01-11,201601112960257,NABILP,21,17,100,1380.0,138000.0
2016-01-11,201601112960256,NABILP,55,17,100,1380.0,138000.0
2016-01-11,201601112960017,NABILP,21,21,100,1385.0,138500.0
2016-01-11,201601112960407,NBB,25,26,400,440.0,176000.0
2016-01-11,201601112960104,NBB,25,10,110,440.0,48400.0
2016-01-11,201601112960042,NBL,35,17,100,301.0,30100.0
2016-01-11,201601112959974,NBL,35,38,500,301.0,150500.0
2016-01-11,201601112959966,NBL,10,41,200,305.0,61000.0
2016-01-11,201601112959965,NBL,10,8,350,304.0,106400.0
2016-01-11,201601112959964,NBL,10,13,1000,303.0,303000.0
2016-01-11,201601112959963,NBL,10,39,1000,302.0,302000.0
2016-01-11,201601112960050,NCM,39,37,430,272.0,116960.0
2016-01-11,201601112960416,NHPC,48,26,1000,119.0,119000.0
2016-01-11,201601112960187,NHPC,22,29,1000,119.0,119000.0
2016-01-11,201601112960397,NIB,6,58,70,775.0,54250.0
2016-01-11,201601112960091,NIB,50,11,200,770.0,154000.0
2016-01-11,201601112960090,NIB,33,11,90,770.0,69300.0
2016-01-11,201601112960089,NIB,50,11,550,771.0,424050.0
2016-01-11,201601112960088,NIB,40,11,200,772.0,154400.0
2016-01-11,201601112960425,NICA,50,16,200,697.0,139400.0
2016-01-11,201601112960197,NICA,52,28,100,697.0,69700.0
2016-01-11,201601112960132,NICA,58,56,202,700.0,141400.0
2016-01-11,201601112960126,NICA,58,1,1006,700.0,704200.0
2016-01-11,201601112959980,NIL,41,33,950,820.0,779000.0
2016-01-11,201601112959979,NIL,1,33,400,830.0,332000.0
2016-01-11,201601112959978,NIL,41,33,50,835.0,41750.0
2016-01-11,201601112959977,NIL,41,11,50,835.0,41750.0
2016-01-11,201601112959976,NIL,41,35,500,835.0,417500.0
2016-01-11,201601112959975,NIL,41,16,1400,834.0,1167600.0
2016-01-11,201601112960389,NLBBL,53,57,124,1920.0,238080.0
2016-01-11,201601112960143,NLICL,36,47,37,2450.0,90650.0
2016-01-11,201601112960085,NLICL,36,55,97,2450.0,237650.0
2016-01-11,201601112960006,NLICL,45,14,207,2449.0,506943.0
2016-01-11,201601112960379,NMB,50,42,300,439.0,131700.0
2016-01-11,201601112960083,NMB,50,45,53,439.0,23267.0
2016-01-11,201601112960435,NMBSF1,43,59,1000,10.0,10000.0
2016-01-11,201601112960180,NUBL,47,40,200,1620.0,324000.0
2016-01-11,201601112960383,PCBL,19,46,57,487.0,27759.0
2016-01-11,201601112960241,PLIC,39,40,54,1549.0,83646.0
2016-01-11,201601112960198,PLIC,22,36,40,1548.0,61920.0
2016-01-11,201601112960423,RBBBL,49,43,181,202.0,36562.0
2016-01-11,201601112960396,RBBBL,36,7,11,202.0,2222.0
2016-01-11,201601112960013,RBBBL,34,39,13,204.0,2652.0
2016-01-11,201601112960004,RBBBL,34,39,13,204.0,2652.0
2016-01-11,201601112959956,RBBBL,34,19,13,200.0,2600.0
2016-01-11,201601112960438,REDBL,38,45,18,295.0,5310.0
2016-01-11,201601112960378,REDBL,38,52,20,294.0,5880.0
2016-01-11,201601112960375,REDBL,38,52,20,294.0,5880.0
2016-01-11,201601112960371,REDBL,38,52,20,294.0,5880.0
2016-01-11,201601112960348,REDBL,38,52,20,294.0,5880.0
2016-01-11,201601112960304,REDBL,38,52,20,294.0,5880.0
2016-01-11,201601112960277,REDBL,38,52,20,294.0,5880.0
2016-01-11,201601112960269,REDBL,38,52,20,294.0,5880.0
2016-01-11,201601112960266,REDBL,38,52,20,294.0,5880.0
2016-01-11,201601112960262,REDBL,38,52,20,294.0,5880.0
2016-01-11,201601112960399,RHPC,17,8,12,350.0,4200.0
2016-01-11,201601112960276,RHPC,35,5,21,350.0,7350.0
2016-01-11,201601112960223,RLFLPO,54,53,12500,100.0,1250000.0
2016-01-11,201601112960222,RLFLPO,54,53,5000,100.0,500000.0
2016-01-11,201601112960221,RLFLPO,54,53,5000,100.0,500000.0
2016-01-11,201601112960220,RLFLPO,54,53,5000,100.0,500000.0
2016-01-11,201601112960219,RLFLPO,54,53,5000,100.0,500000.0
2016-01-11,201601112960203,RLFLPO,54,53,5000,100.0,500000.0
2016-01-11,201601112960202,RLFLPO,54,53,5000,100.0,500000.0
2016-01-11,201601112960201,RLFLPO,54,53,5000,100.0,500000.0
2016-01-11,201601112960200,RLFLPO,54,53,5000,100.0,500000.0
2016-01-11,201601112960173,RLFLPO,54,53,20000,100.0,2000000.0
2016-01-11,201601112960250,SADBL,32,21,33,403.0,13299.0
2016-01-11,201601112960249,SADBL,32,41,60,402.0,24120.0
2016-01-11,201601112960239,SADBL,32,11,389,401.0,155989.0
2016-01-11,201601112960238,SADBL,32,21,710,400.0,284000.0
2016-01-11,201601112960065,SADBL,6,21,100,400.0,40000.0
2016-01-11,201601112960038,SADBL,6,21,70,400.0,28000.0
2016-01-11,201601112960424,SANIMA,53,11,100,670.0,67000.0
2016-01-11,201601112960168,SBBLJ,32,32,200,344.0,68800.0
2016-01-11,201601112960439,SBI,55,8,160,1543.0,246880.0
2016-01-11,201601112960267,SBI,6,38,100,1543.0,154300.0
2016-01-11,201601112960258,SBI,6,14,46,1543.0,70978.0
2016-01-11,201601112960215,SBI,55,40,174,1540.0,267960.0
2016-01-11,201601112960150,SBI,20,22,214,1542.0,329988.0
2016-01-11,201601112960149,SBI,20,17,100,1542.0,154200.0
2016-01-11,201601112960148,SBI,20,19,30,1542.0,46260.0
2016-01-11,201601112960147,SBI,20,10,500,1541.0,770500.0
2016-01-11,201601112960129,SBI,20,39,259,1540.0,398860.0
2016-01-11,201601112960016,SBI,58,28,200,1536.0,307200.0
2016-01-11,201601112960018,SHBL,16,16,10,906.0,9060.0
2016-01-11,201601112959968,SHBL,16,16,10,906.0,9060.0
2016-01-11,201601112960224,SHPC,36,42,18,841.0,15138.0
2016-01-11,201601112960125,SHPC,36,39,200,849.0,169800.0
2016-01-11,201601112960124,SHPC,36,5,100,849.0,84900.0
2016-01-11,201601112960087,SHPC,1,35,752,845.0,635440.0
2016-01-11,201601112960061,SHPC,57,52,227,844.0,191588.0
2016-01-11,201601112960060,SHPC,57,49,10,844.0,8440.0
2016-01-11,201601112960248,SIGS1,57,40,400,16.0,6400.0
2016-01-11,201601112960207,SKBBL,7,29,50,1360.0,68000.0
2016-01-11,201601112960206,SKBBL,56,29,50,1361.0,68050.0
2016-01-11,201601112960437,SUBBL,5,35,152,437.0,66424.0
2016-01-11,201601112960398,SUBBL,35,35,105,438.0,45990.0
2016-01-11,201601112960279,SUBBL,33,29,789,433.0,341637.0
2016-01-11,201601112960270,SUBBL,53,39,113,437.0,49381.0
2016-01-11,201601112960012,SUBBL,1,22,1064,433.0,460712.0
2016-01-11,201601112959957,SUBBL,55,6,36,440.0,15840.0
2016-01-11,201601112960252,SWBBL,22,10,150,1880.0,282000.0
2016-01-11,201601112960231,SWBBL,16,10,100,1882.0,188200.0
2016-01-11,201601112960194,TRH,45,36,10,216.0,2160.0
2016-01-11,201601112960172,UIC,48,48,100,499.0,49900.0
2016-01-11,201601112960434,VLBS,44,20,10,1155.0,11550.0
2016-01-11,201601112960428,VLBS,44,20,10,1155.0,11550.0
2016-01-11,201601112960193,VLBS,7,17,23,1160.0,26680.0
2016-01-11,201601112960167,VLBS,7,17,23,1160.0,26680.0
2016-01-11,201601112960146,VLBS,44,5,10,1155.0,11550.0
2016-01-11,201601112960145,VLBS,7,6,24,1160.0,27840.0
2016-01-11,201601112960031,VLBS,44,5,10,1155.0,11550.0
2016-01-11,201601112960028,VLBS,44,40,10,1155.0,11550.0
2016-01-11,201601112960023,VLBS,44,40,10,1155.0,11550.0
2016-01-11,201601112960008,VLBS,44,40,10,1155.0,11550.0
2016-01-11,201601112959967,VLBS,17,17,23,1156.0,26588.0
2016-01-11,201601112959962,VLBS,44,21,10,1155.0,11550.0
2016-01-11,201601112960111,VLBS,44,56,23,1155.0,26565.0
2016-01-11,201601112960068,VLBS,44,40,10,1155.0,11550.0
2016-01-11,201601112960059,VLBS,44,5,10,1155.0,11550.0
2016-01-11,201601112960048,VLBS,44,22,23,1155.0,26565.0
2016-01-11,201601112960040,VLBS,44,5,10,1155.0,11550.0
2016-01-11,201601112960035,VLBS,44,21,23,1155.0,26565.0
2016-01-11,201601112960135,VLBS,7,51,10,1156.0,11560.0
2016-01-11,201601112960134,VLBS,7,51,10,1156.0,11560.0
2016-01-11,201601112960131,VLBS,44,5,10,1155.0,11550.0
2016-01-11,201601112960128,VLBS,44,56,23,1155.0,26565.0
2016-01-11,201601112960123,VLBS,44,5,10,1155.0,11550.0
2016-01-11,201601112960122,VLBS,44,42,10,1155.0,11550.0
2016-01-11,201601112958166,ADBL,25,53,166,520.0,86320.0
2016-01-11,201601112958342,AHPC,49,49,44,250.0,11000.0
2016-01-11,201601112958339,AHPC,49,49,46,250.0,11500.0
2016-01-11,201601112958335,AHPC,49,49,46,250.0,11500.0
2016-01-11,201601112958333,AHPC,49,49,46,250.0,11500.0
2016-01-11,201601112958329,AHPC,49,49,46,250.0,11500.0
2016-01-11,201601112958326,AHPC,49,49,46,250.0,11500.0
2016-01-11,201601112958323,AHPC,49,49,46,250.0,11500.0
2016-01-11,201601112958321,AHPC,11,49,46,252.0,11592.0
2016-01-11,201601112958313,AHPC,1,49,46,252.0,11592.0
2016-01-11,201601112958308,AHPC,19,49,46,254.0,11684.0
2016-01-11,201601112958439,API,5,43,16,372.0,5952.0
2016-01-11,201601112958431,API,38,18,16,374.0,5984.0
2016-01-11,201601112958430,API,5,38,26,373.0,9698.0
2016-01-11,201601112958429,API,46,5,26,374.0,9724.0
2016-01-11,201601112958423,API,38,18,16,374.0,5984.0
2016-01-11,201601112958422,API,38,38,14,374.0,5236.0
2016-01-11,201601112957947,API,22,44,26,375.0,9750.0
2016-01-11,201601112957981,API,58,44,26,375.0,9750.0
2016-01-11,201601112957980,API,58,44,26,375.0,9750.0
2016-01-11,201601112957978,API,58,44,26,375.0,9750.0
2016-01-11,201601112957976,API,58,44,26,375.0,9750.0
2016-01-11,201601112957950,API,22,22,10,375.0,3750.0
2016-01-11,201601112957949,API,22,58,10,375.0,3750.0
2016-01-11,201601112957993,API,58,44,16,372.0,5952.0
2016-01-11,201601112957992,API,58,44,26,375.0,9750.0
2016-01-11,201601112957990,API,58,44,16,372.0,5952.0
2016-01-11,201601112957988,API,58,44,16,372.0,5952.0
2016-01-11,201601112957985,API,58,44,26,375.0,9750.0
2016-01-11,201601112957984,API,58,44,26,372.0,9672.0
2016-01-11,201601112958006,API,58,44,26,375.0,9750.0
2016-01-11,201601112958005,API,58,44,16,372.0,5952.0
2016-01-11,201601112958003,API,58,44,16,372.0,5952.0
2016-01-11,201601112958002,API,58,44,16,372.0,5952.0
2016-01-11,201601112957999,API,58,44,16,372.0,5952.0
2016-01-11,201601112957997,API,58,44,16,372.0,5952.0
2016-01-11,201601112958028,API,36,44,26,375.0,9750.0
2016-01-11,201601112958027,API,59,59,16,372.0,5952.0
2016-01-11,201601112958026,API,36,43,26,372.0,9672.0
2016-01-11,201601112958024,API,36,44,26,372.0,9672.0
2016-01-11,201601112958013,API,36,44,26,372.0,9672.0
2016-01-11,201601112958007,API,58,44,26,375.0,9750.0
2016-01-11,201601112958037,API,5,5,26,373.0,9698.0
2016-01-11,201601112958034,API,16,44,26,375.0,9750.0
2016-01-11,201601112958032,API,16,58,13,375.0,4875.0
2016-01-11,201601112958031,API,16,44,26,372.0,9672.0
2016-01-11,201601112958030,API,36,44,26,375.0,9750.0
2016-01-11,201601112958029,API,5,44,26,373.0,9698.0
2016-01-11,201601112958044,API,16,58,13,375.0,4875.0
2016-01-11,201601112958043,API,16,58,26,375.0,9750.0
2016-01-11,201601112958042,API,25,25,25,374.0,9350.0
2016-01-11,201601112958041,API,36,44,26,375.0,9750.0
2016-01-11,201601112958040,API,36,44,26,375.0,9750.0
2016-01-11,201601112958039,API,16,58,26,375.0,9750.0
2016-01-11,201601112958065,API,44,22,10,375.0,3750.0
2016-01-11,201601112958064,API,44,58,13,375.0,4875.0
2016-01-11,201601112958063,API,41,41,26,373.0,9698.0
2016-01-11,201601112958055,API,36,44,26,373.0,9698.0
2016-01-11,201601112958052,API,16,44,26,375.0,9750.0
2016-01-11,201601112958045,API,22,44,26,373.0,9698.0
2016-01-11,201601112958072,API,36,44,50,371.0,18550.0
2016-01-11,201601112958071,API,36,45,16,374.0,5984.0
2016-01-11,201601112958069,API,1,22,16,375.0,6000.0
2016-01-11,201601112958068,API,36,44,26,372.0,9672.0
2016-01-11,201601112958067,API,44,22,16,375.0,6000.0
2016-01-11,201601112958066,API,44,44,26,375.0,9750.0
2016-01-11,201601112958078,API,36,44,50,371.0,18550.0
2016-01-11,201601112958077,API,36,44,50,371.0,18550.0
2016-01-11,201601112958076,API,36,44,50,371.0,18550.0
2016-01-11,201601112958075,API,36,44,50,371.0,18550.0
2016-01-11,201601112958074,API,36,44,50,371.0,18550.0
2016-01-11,201601112958073,API,36,44,50,371.0,18550.0
2016-01-11,201601112958084,API,41,44,26,373.0,9698.0
2016-01-11,201601112958083,API,36,44,50,371.0,18550.0
2016-01-11,201601112958082,API,36,44,50,371.0,18550.0
2016-01-11,201601112958081,API,36,44,50,371.0,18550.0
2016-01-11,201601112958080,API,36,44,50,371.0,18550.0
2016-01-11,201601112958079,API,36,44,50,371.0,18550.0
2016-01-11,201601112958090,API,59,58,10,372.0,3720.0
2016-01-11,201601112958089,API,1,44,26,375.0,9750.0
2016-01-11,201601112958088,API,59,58,10,372.0,3720.0
2016-01-11,201601112958087,API,36,44,26,375.0,9750.0
2016-01-11,201601112958086,API,36,58,10,375.0,3750.0
2016-01-11,201601112958085,API,36,41,26,373.0,9698.0
2016-01-11,201601112958102,API,59,44,26,372.0,9672.0
2016-01-11,201601112958099,API,59,48,16,372.0,5952.0
2016-01-11,201601112958096,API,1,44,26,372.0,9672.0
2016-01-11,201601112958094,API,36,59,16,372.0,5952.0
2016-01-11,201601112958092,API,43,43,26,371.0,9646.0
2016-01-11,201601112958091,API,49,58,16,371.0,5936.0
2016-01-11,201601112958112,API,43,21,26,371.0,9646.0
2016-01-11,201601112958111,API,49,21,16,371.0,5936.0
2016-01-11,201601112958110,API,59,59,16,372.0,5952.0
2016-01-11,201601112958108,API,43,21,26,371.0,9646.0
2016-01-11,201601112958106,API,5,44,26,372.0,9672.0
2016-01-11,201601112958104,API,1,44,26,372.0,9672.0
2016-01-11,201601112958122,API,1,44,26,372.0,9672.0
2016-01-11,201601112958118,API,43,43,26,371.0,9646.0
2016-01-11,201601112958117,API,36,59,16,372.0,5952.0
2016-01-11,201601112958116,API,5,44,26,372.0,9672.0
2016-01-11,201601112958115,API,1,44,26,372.0,9672.0
2016-01-11,201601112958114,API,43,21,26,371.0,9646.0
2016-01-11,201601112958140,API,16,59,16,372.0,5952.0
2016-01-11,201601112958137,API,16,44,26,372.0,9672.0
2016-01-11,201601112958131,API,35,44,2400,370.0,888000.0
2016-01-11,201601112958129,API,36,48,11,371.0,4081.0
2016-01-11,201601112958125,API,36,45,26,372.0,9672.0
2016-01-11,201601112958123,API,36,45,16,371.0,5936.0
2016-01-11,201601112958147,API,5,44,26,372.0,9672.0
2016-01-11,201601112958145,API,36,48,26,372.0,9672.0
2016-01-11,201601112958144,API,16,59,16,372.0,5952.0
2016-01-11,201601112958143,API,16,44,26,372.0,9672.0
2016-01-11,201601112958142,API,5,59,16,372.0,5952.0
2016-01-11,201601112958141,API,16,44,26,372.0,9672.0
2016-01-11,201601112958159,API,38,59,16,372.0,5952.0
2016-01-11,201601112958157,API,38,59,16,372.0,5952.0
2016-01-11,201601112958156,API,38,59,16,372.0,5952.0
2016-01-11,201601112958155,API,38,48,16,372.0,5952.0
2016-01-11,201601112958154,API,38,44,26,372.0,9672.0
2016-01-11,201601112958153,API,38,44,26,372.0,9672.0
2016-01-11,201601112958179,API,5,38,16,372.0,5952.0
2016-01-11,201601112958176,API,36,47,13,371.0,4823.0
2016-01-11,201601112958171,API,5,59,16,372.0,5952.0
2016-01-11,201601112958164,API,5,38,16,372.0,5952.0
2016-01-11,201601112958161,API,38,44,16,372.0,5952.0
2016-01-11,201601112958160,API,5,21,26,373.0,9698.0
2016-01-11,201601112958191,API,59,38,16,372.0,5952.0
2016-01-11,201601112958189,API,36,59,16,372.0,5952.0
2016-01-11,201601112958188,API,36,38,16,372.0,5952.0
2016-01-11,201601112958185,API,36,44,16,372.0,5952.0
2016-01-11,201601112958184,API,36,59,16,372.0,5952.0
2016-01-11,201601112958182,API,36,59,16,371.0,5936.0
2016-01-11,201601112958210,API,36,49,10,371.0,3710.0
2016-01-11,201601112958209,API,58,58,16,372.0,5952.0
2016-01-11,201601112958205,API,59,59,16,372.0,5952.0
2016-01-11,201601112958204,API,58,44,16,372.0,5952.0
2016-01-11,201601112958201,API,59,38,16,372.0,5952.0
2016-01-11,201601112958194,API,59,48,13,372.0,4836.0
2016-01-11,201601112958220,API,36,49,10,371.0,3710.0
2016-01-11,201601112958217,API,59,38,16,372.0,5952.0
2016-01-11,201601112958215,API,59,48,13,372.0,4836.0
2016-01-11,201601112958213,API,59,58,16,372.0,5952.0
2016-01-11,201601112958212,API,59,48,26,372.0,9672.0
2016-01-11,201601112958211,API,58,38,16,372.0,5952.0
2016-01-11,201601112958227,API,38,48,16,372.0,5952.0
2016-01-11,201601112958225,API,38,38,16,372.0,5952.0
2016-01-11,201601112958224,API,38,38,16,372.0,5952.0
2016-01-11,201601112958223,API,38,48,16,372.0,5952.0
2016-01-11,201601112958222,API,38,38,16,372.0,5952.0
2016-01-11,201601112958221,API,38,58,16,372.0,5952.0
2016-01-11,201601112958236,API,59,21,26,373.0,9698.0
2016-01-11,201601112958234,API,59,48,26,372.0,9672.0
2016-01-11,201601112958233,API,38,48,16,372.0,5952.0
2016-01-11,201601112958231,API,38,38,16,372.0,5952.0
2016-01-11,201601112958229,API,38,38,16,372.0,5952.0
2016-01-11,201601112958228,API,38,38,16,372.0,5952.0
2016-01-11,201601112958244,API,43,49,10,373.0,3730.0
2016-01-11,201601112958243,API,38,38,16,372.0,5952.0
2016-01-11,201601112958241,API,5,38,16,373.0,5968.0
2016-01-11,201601112958240,API,43,49,10,373.0,3730.0
2016-01-11,201601112958238,API,59,43,16,373.0,5968.0
2016-01-11,201601112958237,API,38,38,16,372.0,5952.0
2016-01-11,201601112958254,API,36,58,26,371.0,9646.0
2016-01-11,201601112958253,API,46,38,16,372.0,5952.0
2016-01-11,201601112958252,API,5,38,16,372.0,5952.0
2016-01-11,201601112958250,API,38,49,10,372.0,3720.0
2016-01-11,201601112958247,API,46,59,16,373.0,5968.0
2016-01-11,201601112958246,API,38,38,16,372.0,5952.0
2016-01-11,201601112958262,API,38,38,16,372.0,5952.0
2016-01-11,201601112958261,API,36,58,26,371.0,9646.0
2016-01-11,201601112958260,API,5,58,26,372.0,9672.0
2016-01-11,201601112958259,API,49,59,16,373.0,5968.0
2016-01-11,201601112958258,API,36,58,26,371.0,9646.0
2016-01-11,201601112958257,API,49,58,16,372.0,5952.0
2016-01-11,201601112958269,API,41,58,26,371.0,9646.0
2016-01-11,201601112958268,API,41,58,26,371.0,9646.0
2016-01-11,201601112958266,API,41,58,26,371.0,9646.0
2016-01-11,201601112958265,API,38,57,16,372.0,5952.0
2016-01-11,201601112958264,API,41,58,26,371.0,9646.0
2016-01-11,201601112958263,API,36,58,26,371.0,9646.0
2016-01-11,201601112958301,API,38,57,16,372.0,5952.0
2016-01-11,201601112958299,API,41,58,26,371.0,9646.0
2016-01-11,201601112958297,API,46,58,26,372.0,9672.0
2016-01-11,201601112958295,API,41,58,26,371.0,9646.0
2016-01-11,201601112958285,API,46,58,26,372.0,9672.0
2016-01-11,201601112958271,API,38,58,14,372.0,5208.0
2016-01-11,201601112958307,API,41,58,26,371.0,9646.0
2016-01-11,201601112958306,API,38,38,16,372.0,5952.0
2016-01-11,201601112958305,API,59,58,26,372.0,9672.0
2016-01-11,201601112958304,API,46,58,26,372.0,9672.0
2016-01-11,201601112958303,API,59,58,26,372.0,9672.0
2016-01-11,201601112958302,API,38,38,16,372.0,5952.0
2016-01-11,201601112958334,API,36,57,16,372.0,5952.0
2016-01-11,201601112958332,API,36,38,16,372.0,5952.0
2016-01-11,201601112958322,API,38,48,26,372.0,9672.0
2016-01-11,201601112958312,API,46,58,26,371.0,9646.0
2016-01-11,201601112958310,API,41,58,26,371.0,9646.0
2016-01-11,201601112958309,API,49,38,16,372.0,5952.0
2016-01-11,201601112958349,API,16,43,16,372.0,5952.0
2016-01-11,201601112958347,API,43,38,16,372.0,5952.0
2016-01-11,201601112958344,API,36,44,26,375.0,9750.0
2016-01-11,201601112958343,API,5,38,16,371.0,5936.0
2016-01-11,201601112958341,API,1,38,16,372.0,5952.0
2016-01-11,201601112958336,API,5,44,26,375.0,9750.0
2016-01-11,201601112958363,API,16,38,16,372.0,5952.0
2016-01-11,201601112958362,API,38,38,16,373.0,5968.0
2016-01-11,201601112958359,API,38,57,16,373.0,5968.0
2016-01-11,201601112958356,API,5,38,16,372.0,5952.0
2016-01-11,201601112958355,API,5,38,10,372.0,3720.0
2016-01-11,201601112958350,API,36,44,26,375.0,9750.0
2016-01-11,201601112958397,API,41,41,10,374.0,3740.0
2016-01-11,201601112958385,API,5,38,16,373.0,5968.0
2016-01-11,201601112958383,API,43,1,16,374.0,5984.0
2016-01-11,201601112958372,API,16,38,16,373.0,5968.0
2016-01-11,201601112958371,API,38,38,16,373.0,5968.0
2016-01-11,201601112958367,API,38,38,16,373.0,5968.0
2016-01-11,201601112958404,API,38,38,16,374.0,5984.0
2016-01-11,201601112958403,API,38,38,16,374.0,5984.0
2016-01-11,201601112958402,API,38,1,16,374.0,5984.0
2016-01-11,201601112958401,API,41,41,10,374.0,3740.0
2016-01-11,201601112958400,API,41,41,10,374.0,3740.0
2016-01-11,201601112958398,API,41,41,10,374.0,3740.0
2016-01-11,201601112958416,API,38,18,16,374.0,5984.0
2016-01-11,201601112958415,API,38,43,16,374.0,5984.0
2016-01-11,201601112958414,API,38,38,16,374.0,5984.0
2016-01-11,201601112958408,API,38,38,16,374.0,5984.0
2016-01-11,201601112958407,API,38,38,16,374.0,5984.0
2016-01-11,201601112958406,API,38,38,16,374.0,5984.0
2016-01-11,201601112958421,BARUN,28,28,10,275.0,2750.0
2016-01-11,201601112958394,BARUN,32,58,10,271.0,2710.0
2016-01-11,201601112958393,BARUN,32,58,10,271.0,2710.0
2016-01-11,201601112958392,BARUN,32,42,10,271.0,2710.0
2016-01-11,201601112958391,BARUN,32,42,10,271.0,2710.0
2016-01-11,201601112958251,BARUN,32,32,10,276.0,2760.0
2016-01-11,201601112958016,BARUN,47,44,10,277.0,2770.0
2016-01-11,201601112958015,BARUN,47,44,10,277.0,2770.0
2016-01-11,201601112958014,BARUN,47,44,10,277.0,2770.0
2016-01-11,201601112958022,BARUN,47,44,10,277.0,2770.0
2016-01-11,201601112958021,BARUN,47,44,10,277.0,2770.0
2016-01-11,201601112958020,BARUN,47,44,10,277.0,2770.0
2016-01-11,201601112958019,BARUN,47,44,10,277.0,2770.0
2016-01-11,201601112958018,BARUN,47,44,10,277.0,2770.0
2016-01-11,201601112958017,BARUN,47,44,10,277.0,2770.0
2016-01-11,201601112958124,BARUN,48,48,10,276.0,2760.0
2016-01-11,201601112958120,BARUN,58,58,10,273.0,2730.0
2016-01-11,201601112958113,BARUN,58,58,10,271.0,2710.0
2016-01-11,201601112958105,BARUN,32,32,10,276.0,2760.0
2016-01-11,201601112958095,BARUN,28,28,10,275.0,2750.0
2016-01-11,201601112958023,BARUN,47,44,10,277.0,2770.0
2016-01-11,201601112958150,BARUN,48,48,10,278.0,2780.0
2016-01-11,201601112958139,BARUN,48,48,10,278.0,2780.0
2016-01-11,201601112958136,BARUN,48,58,10,278.0,2780.0
2016-01-11,201601112958130,BARUN,58,58,10,277.0,2770.0
2016-01-11,201601112958128,BARUN,58,44,10,277.0,2770.0
2016-01-11,201601112958127,BARUN,48,48,10,276.0,2760.0
2016-01-11,201601112958249,BARUN,34,34,10,271.0,2710.0
2016-01-11,201601112958245,BARUN,34,34,10,271.0,2710.0
2016-01-11,201601112958235,BARUN,22,22,10,272.0,2720.0
2016-01-11,201601112958178,BARUN,58,36,10,277.0,2770.0
2016-01-11,201601112958177,BARUN,28,28,10,279.0,2790.0
2016-01-11,201601112958163,BARUN,49,49,10,279.0,2790.0
2016-01-11,201601112958008,BFCL,1,1,56,126.0,7056.0
2016-01-11,201601112958004,BFCL,1,1,84,126.0,10584.0
2016-01-11,201601112957996,BFCL,1,1,84,126.0,10584.0
2016-01-11,201601112957987,BFCL,1,1,42,126.0,5292.0
2016-01-11,201601112957974,BFCL,1,1,42,126.0,5292.0
2016-01-11,201601112958411,BLDBL,13,22,400,324.0,129600.0
2016-01-11,201601112958315,CHCL,36,50,23,1250.0,28750.0
2016-01-11,201601112958433,CVMF,22,22,10,565.0,5650.0
2016-01-11,201601112958298,GBIME,45,44,500,400.0,200000.0
2016-01-11,201601112958320,GDBL,36,47,200,360.0,72000.0
2016-01-11,201601112958436,ILFCM,28,28,10,875.0,8750.0
2016-01-11,201601112958426,ILFCM,28,7,10,875.0,8750.0
2016-01-11,201601112958425,ILFCM,28,28,10,875.0,8750.0
2016-01-11,201601112958382,ILFCM,28,28,10,875.0,8750.0
2016-01-11,201601112958380,ILFCM,28,28,10,875.0,8750.0
2016-01-11,201601112958338,ILFCM,33,33,15,880.0,13200.0
2016-01-11,201601112958010,ILFCM,38,38,10,890.0,8900.0
2016-01-11,201601112958009,ILFCM,38,38,10,890.0,8900.0
2016-01-11,201601112958047,ILFCM,38,38,10,890.0,8900.0
2016-01-11,201601112958046,ILFCM,38,57,10,890.0,8900.0
2016-01-11,201601112958036,ILFCM,33,33,15,880.0,13200.0
2016-01-11,201601112958025,ILFCM,33,33,15,880.0,13200.0
2016-01-11,201601112958012,ILFCM,38,29,15,895.0,13425.0
2016-01-11,201601112958011,ILFCM,38,38,10,890.0,8900.0
2016-01-11,201601112958057,ILFCM,38,38,10,890.0,8900.0
2016-01-11,201601112958056,ILFCM,38,38,10,890.0,8900.0
2016-01-11,201601112958054,ILFCM,33,33,15,880.0,13200.0
2016-01-11,201601112958050,ILFCM,38,38,10,890.0,8900.0
2016-01-11,201601112958049,ILFCM,38,38,10,890.0,8900.0
2016-01-11,201601112958048,ILFCM,38,38,10,890.0,8900.0
2016-01-11,201601112958070,ILFCM,33,33,15,880.0,13200.0
2016-01-11,201601112958062,ILFCM,38,38,10,890.0,8900.0
2016-01-11,201601112958061,ILFCM,38,38,10,890.0,8900.0
2016-01-11,201601112958060,ILFCM,38,38,10,890.0,8900.0
2016-01-11,201601112958059,ILFCM,38,38,10,890.0,8900.0
2016-01-11,201601112958058,ILFCM,38,38,10,890.0,8900.0
2016-01-11,201601112958126,ILFCM,33,33,15,880.0,13200.0
2016-01-11,201601112958119,ILFCM,33,33,15,880.0,13200.0
2016-01-11,201601112958109,ILFCM,33,33,15,880.0,13200.0
2016-01-11,201601112958101,ILFCM,33,33,15,880.0,13200.0
2016-01-11,201601112958098,ILFCM,39,47,10,873.0,8730.0
2016-01-11,201601112958093,ILFCM,33,33,15,880.0,13200.0
2016-01-11,201601112958183,ILFCM,33,33,15,880.0,13200.0
2016-01-11,201601112958174,ILFCM,33,33,15,880.0,13200.0
2016-01-11,201601112958170,ILFCM,33,33,15,880.0,13200.0
2016-01-11,201601112958149,ILFCM,33,33,15,880.0,13200.0
2016-01-11,201601112958138,ILFCM,49,49,10,880.0,8800.0
2016-01-11,201601112958135,ILFCM,33,33,15,880.0,13200.0
2016-01-11,201601112958239,ILFCM,33,33,15,880.0,13200.0
2016-01-11,201601112958232,ILFCM,33,33,15,880.0,13200.0
2016-01-11,201601112958219,ILFCM,33,33,15,880.0,13200.0
2016-01-11,201601112958214,ILFCM,33,33,15,880.0,13200.0
2016-01-11,201601112958196,ILFCM,33,33,15,880.0,13200.0
2016-01-11,201601112958193,ILFCM,17,17,10,889.0,8890.0
2016-01-11,201601112958314,ILFCM,33,33,15,880.0,13200.0
2016-01-11,201601112958300,ILFCM,33,33,15,880.0,13200.0
2016-01-11,201601112958272,ILFCM,17,17,10,889.0,8890.0
2016-01-11,201601112958267,ILFCM,33,33,15,880.0,13200.0
2016-01-11,201601112958256,ILFCM,33,33,15,880.0,13200.0
2016-01-11,201601112958248,ILFCM,33,33,15,880.0,13200.0
2016-01-11,201601112958428,KBL,50,43,500,377.0,188500.0
2016-01-11,201601112958369,KBL,50,10,237,380.0,90060.0
2016-01-11,201601112958368,KBL,50,50,1150,380.0,437000.0
2016-01-11,201601112958365,KBL,48,33,500,377.0,188500.0
2016-01-11,201601112958364,KBL,6,33,700,378.0,264600.0
2016-01-11,201601112958325,KBL,17,40,300,378.0,113400.0
2016-01-11,201601112958200,KBL,6,34,373,378.0,140994.0
2016-01-11,201601112958190,KBL,36,50,250,380.0,95000.0
2016-01-11,201601112958181,KBL,1,34,500,381.0,190500.0
2016-01-11,201601112958173,KBL,36,8,250,380.0,95000.0
2016-01-11,201601112958354,KCDBL,22,59,10,187.0,1870.0
2016-01-11,201601112958353,KCDBL,22,59,10,187.0,1870.0
2016-01-11,201601112958352,KCDBL,22,59,10,187.0,1870.0
2016-01-11,201601112958351,KCDBL,22,59,10,187.0,1870.0
2016-01-11,201601112958346,KCDBL,22,46,14,186.0,2604.0
2016-01-11,201601112958340,KCDBL,22,46,14,186.0,2604.0
2016-01-11,201601112958327,KCDBL,22,32,101,186.0,18786.0
2016-01-11,201601112958186,KCDBL,7,16,71,185.0,13135.0
2016-01-11,201601112958168,KCDBL,25,25,150,183.0,27450.0
2016-01-11,201601112958417,KMFL,22,22,10,484.0,4840.0
2016-01-11,201601112958373,KMFL,20,22,10,475.0,4750.0
2016-01-11,201601112958207,LBL,36,21,200,572.0,114400.0
2016-01-11,201601112958206,LBL,1,21,300,573.0,171900.0
2016-01-11,201601112958180,LBL,17,19,175,574.0,100450.0
2016-01-11,201601112958134,LFLC,17,17,12,226.0,2712.0
2016-01-11,201601112958348,LICN,14,14,280,3500.0,980000.0
2016-01-11,201601112958345,LICN,14,14,280,3500.0,980000.0
2016-01-11,201601112958175,MDB,43,17,10,623.0,6230.0
2016-01-11,201601112958051,MDB,7,17,10,635.0,6350.0
2016-01-11,201601112958218,MLBBL,26,26,12,1416.0,16992.0
2016-01-11,201601112957969,MLBBL,11,58,45,1429.0,64305.0
2016-01-11,201601112958317,MMFDB,32,32,10,2325.0,23250.0
2016-01-11,201601112958316,MMFDB,32,32,10,2325.0,23250.0
2016-01-11,201601112958437,MSBBL,39,11,10,299.0,2990.0
2016-01-11,201601112958202,MSMBS,22,22,10,837.0,8370.0
2016-01-11,201601112958199,MSMBS,22,22,10,837.0,8370.0
2016-01-11,201601112958198,MSMBS,22,22,10,837.0,8370.0
2016-01-11,201601112958195,MSMBS,22,22,10,837.0,8370.0
2016-01-11,201601112958192,MSMBS,22,22,10,837.0,8370.0
2016-01-11,201601112958187,MSMBS,22,22,10,837.0,8370.0
2016-01-11,201601112958172,MSMBS,22,22,10,837.0,8370.0
2016-01-11,201601112958165,MSMBS,22,22,10,822.0,8220.0
2016-01-11,201601112958148,MSMBS,25,22,10,806.0,8060.0
2016-01-11,201601112958133,MSMBS,22,22,10,791.0,7910.0
2016-01-11,201601112958038,MSMBS,20,22,10,776.0,7760.0
2016-01-11,201601112958396,NABIL,42,6,30,1835.0,55050.0
2016-01-11,201601112958033,NABILP,17,17,5000,1399.0,6995000.0
2016-01-11,201601112958035,NHPC,58,58,1010,123.0,124230.0
2016-01-11,201601112958384,NICA,58,29,300,695.0,208500.0
2016-01-11,201601112958366,NICA,58,29,200,695.0,139000.0
2016-01-11,201601112958103,OHL,32,32,77,406.0,31262.0
2016-01-11,201601112958360,PIC,45,8,88,880.0,77440.0
2016-01-11,201601112958361,PICL,56,56,200,660.0,132000.0
2016-01-11,201601112958242,RBBBL,22,56,51,191.0,9741.0
2016-01-11,201601112957940,RBBBL,1,1,12,194.0,2328.0
2016-01-11,201601112958440,RBCL,16,55,10,6717.0,67170.0
2016-01-11,201601112958434,RBCL,45,45,13,6586.0,85618.0
2016-01-11,201601112958357,RBCL,57,40,186,6457.0,1201002.0
2016-01-11,201601112958169,RBCL,55,55,152,6331.0,962312.0
2016-01-11,201601112958438,RHPC,34,59,11,350.0,3850.0
2016-01-11,201601112958435,RHPC,42,59,11,356.0,3916.0
2016-01-11,201601112958230,RHPC,42,5,21,356.0,7476.0
2016-01-11,201601112958053,SAFL,49,58,27,181.0,4887.0
2016-01-11,201601112958419,SHPC,36,40,44,850.0,37400.0
2016-01-11,201601112958289,SHPC,38,11,500,857.0,428500.0
2016-01-11,201601112958270,SHPC,38,10,108,851.0,91908.0
2016-01-11,201601112958296,SIL,28,14,11,1009.0,11099.0
2016-01-11,201601112958358,SUBBL,26,39,162,437.0,70794.0
2016-01-11,201601112958197,SUBBL,25,39,320,432.0,138240.0
2016-01-11,201601112958167,SUBBL,36,20,76,428.0,32528.0
2016-01-11,201601112958121,SUBBL,29,39,45,424.0,19080.0
2016-01-11,201601112958097,SUBBL,29,58,54,424.0,22896.0
2016-01-11,201601112958132,UFIL,38,38,11,151.0,1661.0
2016-01-11,201601112958107,UFIL,38,38,11,154.0,1694.0
2016-01-11,201601112958100,UFIL,38,38,11,154.0,1694.0
2016-01-11,201601112958001,UFIL,38,38,11,151.0,1661.0
2016-01-11,201601112958000,UFIL,38,38,11,151.0,1661.0
2016-01-11,201601112957998,UFIL,38,38,11,151.0,1661.0
2016-01-11,201601112957971,UFIL,38,38,11,151.0,1661.0
2016-01-11,201601112957970,UFIL,38,38,11,151.0,1661.0
2016-01-11,201601112957968,UFIL,38,38,11,151.0,1661.0
2016-01-11,201601112957967,UFIL,38,38,11,151.0,1661.0
2016-01-11,201601112957982,UFIL,38,38,11,151.0,1661.0
2016-01-11,201601112957979,UFIL,38,38,11,151.0,1661.0
2016-01-11,201601112957977,UFIL,38,38,11,151.0,1661.0
2016-01-11,201601112957975,UFIL,38,38,11,151.0,1661.0
2016-01-11,201601112957973,UFIL,38,38,11,151.0,1661.0
2016-01-11,201601112957972,UFIL,38,38,11,151.0,1661.0
2016-01-11,201601112957995,UFIL,38,38,11,151.0,1661.0
2016-01-11,201601112957994,UFIL,38,38,11,151.0,1661.0
2016-01-11,201601112957991,UFIL,38,38,11,151.0,1661.0
2016-01-11,201601112957989,UFIL,38,38,11,151.0,1661.0
2016-01-11,201601112957986,UFIL,38,38,11,151.0,1661.0
2016-01-11,201601112957983,UFIL,38,38,11,151.0,1661.0
2016-01-11,201601112958328,UIC,47,40,100,510.0,51000.0
2016-01-11,201601112958158,UIC,26,26,390,520.0,202800.0
2016-01-11,201601112958146,UIC,26,17,50,510.0,25500.0
2016-01-11,201601112958432,VLBS,44,21,22,1150.0,25300.0
2016-01-11,201601112958427,VLBS,44,21,10,1150.0,11500.0
2016-01-11,201601112958424,VLBS,44,21,23,1150.0,26450.0
2016-01-11,201601112958420,VLBS,44,21,22,1150.0,25300.0
2016-01-11,201601112958418,VLBS,44,21,12,1150.0,13800.0
2016-01-11,201601112958413,VLBS,44,21,14,1150.0,16100.0
2016-01-11,201601112957930,VLBS,38,38,10,1152.0,11520.0
2016-01-11,201601112957936,VLBS,38,38,10,1152.0,11520.0
2016-01-11,201601112957935,VLBS,38,38,10,1152.0,11520.0
2016-01-11,201601112957934,VLBS,38,38,10,1152.0,11520.0
2016-01-11,201601112957933,VLBS,38,38,10,1152.0,11520.0
2016-01-11,201601112957932,VLBS,38,38,10,1152.0,11520.0
2016-01-11,201601112957931,VLBS,38,38,10,1152.0,11520.0
2016-01-11,201601112957943,VLBS,38,38,10,1152.0,11520.0
2016-01-11,201601112957942,VLBS,38,38,10,1152.0,11520.0
2016-01-11,201601112957941,VLBS,38,38,10,1152.0,11520.0
2016-01-11,201601112957939,VLBS,38,38,10,1152.0,11520.0
2016-01-11,201601112957938,VLBS,38,38,10,1152.0,11520.0
2016-01-11,201601112957937,VLBS,38,38,10,1152.0,11520.0
2016-01-11,201601112957952,VLBS,1,21,10,1175.0,11750.0
2016-01-11,201601112957951,VLBS,38,38,10,1152.0,11520.0
2016-01-11,201601112957948,VLBS,38,38,10,1152.0,11520.0
2016-01-11,201601112957946,VLBS,38,38,10,1152.0,11520.0
2016-01-11,201601112957945,VLBS,38,38,10,1152.0,11520.0
2016-01-11,201601112957944,VLBS,38,38,10,1152.0,11520.0
2016-01-11,201601112957958,VLBS,38,38,10,1152.0,11520.0
2016-01-11,201601112957957,VLBS,22,21,10,1175.0,11750.0
2016-01-11,201601112957956,VLBS,22,21,10,1175.0,11750.0
2016-01-11,201601112957955,VLBS,38,38,10,1152.0,11520.0
2016-01-11,201601112957954,VLBS,38,38,10,1152.0,11520.0
2016-01-11,201601112957953,VLBS,1,21,10,1175.0,11750.0
2016-01-11,201601112957964,VLBS,38,38,10,1152.0,11520.0
2016-01-11,201601112957963,VLBS,1,1,12,1175.0,14100.0
2016-01-11,201601112957962,VLBS,1,21,10,1175.0,11750.0
2016-01-11,201601112957961,VLBS,38,38,10,1152.0,11520.0
2016-01-11,201601112957960,VLBS,38,38,10,1152.0,11520.0
2016-01-11,201601112957959,VLBS,38,38,10,1152.0,11520.0
2016-01-11,201601112958275,VLBS,44,45,10,1149.0,11490.0
2016-01-11,201601112958274,VLBS,44,45,10,1149.0,11490.0
2016-01-11,201601112958273,VLBS,44,45,10,1149.0,11490.0
2016-01-11,201601112958203,VLBS,58,6,10,1130.0,11300.0
2016-01-11,201601112957966,VLBS,38,38,10,1152.0,11520.0
2016-01-11,201601112957965,VLBS,38,38,10,1152.0,11520.0
2016-01-11,201601112958281,VLBS,44,29,12,1150.0,13800.0
2016-01-11,201601112958280,VLBS,44,29,12,1150.0,13800.0
2016-01-11,201601112958279,VLBS,44,1,30,1150.0,34500.0
2016-01-11,201601112958278,VLBS,44,47,10,1150.0,11500.0
2016-01-11,201601112958277,VLBS,44,45,10,1150.0,11500.0
2016-01-11,201601112958276,VLBS,44,45,10,1149.0,11490.0
2016-01-11,201601112958288,VLBS,44,29,12,1150.0,13800.0
2016-01-11,201601112958287,VLBS,44,29,12,1150.0,13800.0
2016-01-11,201601112958286,VLBS,44,29,12,1150.0,13800.0
2016-01-11,201601112958284,VLBS,44,29,12,1150.0,13800.0
2016-01-11,201601112958283,VLBS,44,29,12,1150.0,13800.0
2016-01-11,201601112958282,VLBS,44,29,12,1150.0,13800.0
2016-01-11,201601112958311,VLBS,44,45,10,1150.0,11500.0
2016-01-11,201601112958294,VLBS,44,58,12,1150.0,13800.0
2016-01-11,201601112958293,VLBS,44,29,12,1150.0,13800.0
2016-01-11,201601112958292,VLBS,44,29,12,1150.0,13800.0
2016-01-11,201601112958291,VLBS,44,29,12,1150.0,13800.0
2016-01-11,201601112958290,VLBS,44,29,12,1150.0,13800.0
2016-01-11,201601112958390,VLBS,21,21,10,1152.0,11520.0
2016-01-11,201601112958370,VLBS,21,29,12,1155.0,13860.0
2016-01-11,201601112958337,VLBS,16,45,10,1151.0,11510.0
2016-01-11,201601112958330,VLBS,16,45,10,1151.0,11510.0
2016-01-11,201601112958324,VLBS,16,45,10,1151.0,11510.0
2016-01-11,201601112958318,VLBS,44,45,10,1150.0,11500.0
2016-01-11,201601112958412,VLBS,16,21,23,1151.0,26473.0
2016-01-11,201601112958410,VLBS,16,21,20,1151.0,23020.0
2016-01-11,201601112958409,VLBS,16,21,10,1151.0,11510.0
2016-01-11,201601112958405,VLBS,16,21,10,1151.0,11510.0
2016-01-11,201601112958399,VLBS,21,21,10,1152.0,11520.0
2016-01-11,201601112958395,VLBS,21,21,10,1152.0,11520.0
2016-01-11,201601112958389,WOMI,36,36,10,630.0,6300.0
2016-01-11,201601112958379,WOMI,19,36,10,618.0,6180.0
2016-01-11,201601112971298,ADBL,6,43,200,527.0,105400.0
2016-01-11,201601112971291,ADBL,6,32,25,525.0,13125.0
2016-01-11,201601112961217,ADBL,11,47,100,529.0,52900.0
2016-01-11,201601112961216,ADBL,11,56,70,529.0,37030.0
2016-01-11,201601112961173,ADBL,5,39,14,527.0,7378.0
2016-01-11,201601112961137,ADBL,5,43,300,526.0,157800.0
2016-01-11,201601112960999,ADBL,48,45,160,525.0,84000.0
2016-01-11,201601112971351,AHPC,5,6,345,259.0,89355.0
2016-01-11,201601112971294,AHPC,26,5,157,256.0,40192.0
2016-01-11,201601112961086,AHPC,41,5,1000,255.0,255000.0
2016-01-11,201601112961077,AHPC,51,41,46,256.0,11776.0
2016-01-11,201601112961066,AHPC,59,41,46,256.0,11776.0
2016-01-11,201601112971357,ALICL,53,58,100,1250.0,125000.0
2016-01-11,201601112971356,ALICL,39,58,100,1250.0,125000.0
2016-01-11,201601112971355,ALICL,17,58,50,1251.0,62550.0
2016-01-11,201601112971354,ALICL,17,58,50,1251.0,62550.0
2016-01-11,201601112971353,ALICL,17,58,50,1251.0,62550.0
2016-01-11,201601112971352,ALICL,17,58,50,1251.0,62550.0
2016-01-11,201601112961135,ALICL,36,36,101,1252.0,126452.0
2016-01-11,201601112971344,API,46,34,26,373.0,9698.0
2016-01-11,201601112971341,API,46,10,26,373.0,9698.0
2016-01-11,201601112971334,API,46,10,26,373.0,9698.0
2016-01-11,201601112971330,API,42,29,26,370.0,9620.0
2016-01-11,201601112971323,API,46,1,16,373.0,5968.0
2016-01-11,201601112971321,API,57,10,26,370.0,9620.0
2016-01-11,201601112960986,API,36,38,26,373.0,9698.0
2016-01-11,201601112960982,API,38,13,26,372.0,9672.0
2016-01-11,201601112960977,API,5,29,16,371.0,5936.0
2016-01-11,201601112960971,API,5,29,16,371.0,5936.0
2016-01-11,201601112960966,API,13,13,26,372.0,9672.0
2016-01-11,201601112960950,API,5,29,16,371.0,5936.0
2016-01-11,201601112961008,API,5,44,16,375.0,6000.0
2016-01-11,201601112961007,API,48,29,16,371.0,5936.0
2016-01-11,201601112961001,API,5,10,26,373.0,9698.0
2016-01-11,201601112960996,API,13,29,16,372.0,5952.0
2016-01-11,201601112960995,API,38,19,16,374.0,5984.0
2016-01-11,201601112960988,API,36,29,16,373.0,5968.0
2016-01-11,201601112961026,API,5,38,26,373.0,9698.0
2016-01-11,201601112961023,API,38,13,26,373.0,9698.0
2016-01-11,201601112961021,API,5,44,16,375.0,6000.0
2016-01-11,201601112961020,API,13,29,16,372.0,5952.0
2016-01-11,201601112961018,API,5,44,16,375.0,6000.0
2016-01-11,201601112961011,API,5,44,16,375.0,6000.0
2016-01-11,201601112961034,API,36,44,16,375.0,6000.0
2016-01-11,201601112961033,API,5,44,16,375.0,6000.0
2016-01-11,201601112961032,API,42,55,26,370.0,9620.0
2016-01-11,201601112961031,API,5,44,16,375.0,6000.0
2016-01-11,201601112961030,API,36,44,16,375.0,6000.0
2016-01-11,201601112961029,API,48,29,16,371.0,5936.0
2016-01-11,201601112961069,API,26,26,26,372.0,9672.0
2016-01-11,201601112961068,API,26,26,26,372.0,9672.0
2016-01-11,201601112961065,API,26,29,16,372.0,5952.0
2016-01-11,201601112961054,API,5,21,16,374.0,5984.0
2016-01-11,201601112961052,API,13,29,16,371.0,5936.0
2016-01-11,201601112961043,API,5,44,16,375.0,6000.0
2016-01-11,201601112961088,API,26,26,26,372.0,9672.0
2016-01-11,201601112961087,API,26,26,26,372.0,9672.0
2016-01-11,201601112961084,API,26,29,16,372.0,5952.0
2016-01-11,201601112961083,API,26,26,26,372.0,9672.0
2016-01-11,201601112961081,API,26,26,26,372.0,9672.0
2016-01-11,201601112961078,API,26,26,26,372.0,9672.0
2016-01-11,201601112961122,API,5,48,16,372.0,5952.0
2016-01-11,201601112961110,API,5,26,26,372.0,9672.0
2016-01-11,201601112961108,API,5,26,26,372.0,9672.0
2016-01-11,201601112961106,API,46,13,26,371.0,9646.0
2016-01-11,201601112961103,API,5,55,26,372.0,9672.0
2016-01-11,201601112961102,API,13,26,26,372.0,9672.0
2016-01-11,201601112961167,API,26,26,26,371.0,9646.0
2016-01-11,201601112961165,API,26,26,26,371.0,9646.0
2016-01-11,201601112961161,API,26,26,26,371.0,9646.0
2016-01-11,201601112961160,API,42,29,16,371.0,5936.0
2016-01-11,201601112961159,API,46,26,26,373.0,9698.0
2016-01-11,201601112961157,API,46,26,26,373.0,9698.0
2016-01-11,201601112961184,API,1,29,16,370.0,5920.0
2016-01-11,201601112961183,API,42,26,26,371.0,9646.0
2016-01-11,201601112961182,API,42,29,16,371.0,5936.0
2016-01-11,201601112961177,API,26,26,26,371.0,9646.0
2016-01-11,201601112961176,API,13,34,26,372.0,9672.0
2016-01-11,201601112961170,API,26,26,26,371.0,9646.0
2016-01-11,201601112971154,API,5,21,16,374.0,5984.0
2016-01-11,201601112971153,API,5,16,16,374.0,5984.0
2016-01-11,201601112971151,API,5,16,16,374.0,5984.0
2016-01-11,201601112961225,API,38,29,16,371.0,5936.0
2016-01-11,201601112961212,API,38,29,16,371.0,5936.0
2016-01-11,201601112961205,API,57,26,26,370.0,9620.0
2016-01-11,201601112971169,API,36,44,16,375.0,6000.0
2016-01-11,201601112971161,API,26,26,26,371.0,9646.0
2016-01-11,201601112971160,API,26,26,26,371.0,9646.0
2016-01-11,201601112971159,API,5,16,16,374.0,5984.0
2016-01-11,201601112971158,API,26,26,26,371.0,9646.0
2016-01-11,201601112971156,API,5,16,16,374.0,5984.0
2016-01-11,201601112971234,API,46,38,26,373.0,9698.0
2016-01-11,201601112971230,API,46,38,26,373.0,9698.0
2016-01-11,201601112971229,API,36,38,26,372.0,9672.0
2016-01-11,201601112971221,API,46,55,26,373.0,9698.0
2016-01-11,201601112971215,API,38,38,26,373.0,9698.0
2016-01-11,201601112971183,API,13,13,26,373.0,9698.0
2016-01-11,201601112971253,API,1,29,16,370.0,5920.0
2016-01-11,201601112971248,API,46,34,26,373.0,9698.0
2016-01-11,201601112971244,API,57,38,26,370.0,9620.0
2016-01-11,201601112971238,API,46,38,26,373.0,9698.0
2016-01-11,201601112971237,API,36,38,26,372.0,9672.0
2016-01-11,201601112971235,API,36,55,26,372.0,9672.0
2016-01-11,201601112971281,API,46,48,26,373.0,9698.0
2016-01-11,201601112971277,API,46,19,26,374.0,9724.0
2016-01-11,201601112971273,API,46,34,26,373.0,9698.0
2016-01-11,201601112971272,API,57,29,16,370.0,5920.0
2016-01-11,201601112971271,API,38,38,26,373.0,9698.0
2016-01-11,201601112971264,API,46,38,26,373.0,9698.0
2016-01-11,201601112971302,API,46,48,16,373.0,5968.0
2016-01-11,201601112971299,API,13,13,26,371.0,9646.0
2016-01-11,201601112971295,API,57,29,16,370.0,5920.0
2016-01-11,201601112971289,API,38,34,26,373.0,9698.0
2016-01-11,201601112971285,API,46,38,26,373.0,9698.0
2016-01-11,201601112971284,API,56,29,16,371.0,5936.0
2016-01-11,201601112971320,API,46,34,26,373.0,9698.0
2016-01-11,201601112971318,API,46,38,26,373.0,9698.0
2016-01-11,201601112971312,API,46,38,26,373.0,9698.0
2016-01-11,201601112971308,API,46,17,10,373.0,3730.0
2016-01-11,201601112971306,API,5,34,26,372.0,9672.0
2016-01-11,201601112971305,API,46,1,16,373.0,5968.0
2016-01-11,201601112960973,ARDBL,58,22,250,205.0,51250.0
2016-01-11,201601112971337,BARUN,44,44,10,274.0,2740.0
2016-01-11,201601112971316,BARUN,44,44,10,274.0,2740.0
2016-01-11,201601112971309,BARUN,44,44,10,274.0,2740.0
2016-01-11,201601112971303,BARUN,44,44,10,274.0,2740.0
2016-01-11,201601112971296,BARUN,44,44,10,274.0,2740.0
2016-01-11,201601112971290,BARUN,44,44,10,274.0,2740.0
2016-01-11,201601112960951,BARUN,47,17,10,270.0,2700.0
2016-01-11,201601112960947,BARUN,44,44,10,267.0,2670.0
2016-01-11,201601112960946,BARUN,44,29,10,267.0,2670.0
2016-01-11,201601112960957,BARUN,47,44,10,270.0,2700.0
2016-01-11,201601112960956,BARUN,47,44,10,270.0,2700.0
2016-01-11,201601112960955,BARUN,47,17,10,270.0,2700.0
2016-01-11,201601112960954,BARUN,47,44,10,270.0,2700.0
2016-01-11,201601112960953,BARUN,47,44,10,270.0,2700.0
2016-01-11,201601112960952,BARUN,47,44,10,270.0,2700.0
2016-01-11,201601112960963,BARUN,47,44,10,270.0,2700.0
2016-01-11,201601112960962,BARUN,47,44,10,270.0,2700.0
2016-01-11,201601112960961,BARUN,47,44,10,270.0,2700.0
2016-01-11,201601112960960,BARUN,47,44,10,270.0,2700.0
2016-01-11,201601112960959,BARUN,47,44,10,270.0,2700.0
2016-01-11,201601112960958,BARUN,47,44,10,270.0,2700.0
2016-01-11,201601112961000,BARUN,44,44,10,267.0,2670.0
2016-01-11,201601112960978,BARUN,44,44,10,267.0,2670.0
2016-01-11,201601112960975,BARUN,44,44,10,267.0,2670.0
2016-01-11,201601112960970,BARUN,44,44,10,267.0,2670.0
2016-01-11,201601112960968,BARUN,44,44,10,267.0,2670.0
2016-01-11,201601112960964,BARUN,47,44,10,270.0,2700.0
2016-01-11,201601112961053,BARUN,44,33,10,267.0,2670.0
2016-01-11,201601112961049,BARUN,44,33,10,267.0,2670.0
2016-01-11,201601112961048,BARUN,44,44,10,267.0,2670.0
2016-01-11,201601112961042,BARUN,44,44,10,267.0,2670.0
2016-01-11,201601112961019,BARUN,44,44,10,267.0,2670.0
2016-01-11,201601112961009,BARUN,44,44,10,267.0,2670.0
2016-01-11,201601112961100,BARUN,47,44,10,268.0,2680.0
2016-01-11,201601112961092,BARUN,47,44,10,268.0,2680.0
2016-01-11,201601112961085,BARUN,47,44,10,268.0,2680.0
2016-01-11,201601112961072,BARUN,47,44,10,268.0,2680.0
2016-01-11,201601112961062,BARUN,44,44,10,267.0,2670.0
2016-01-11,201601112961055,BARUN,44,44,10,267.0,2670.0
2016-01-11,201601112961128,BARUN,8,44,10,270.0,2700.0
2016-01-11,201601112961127,BARUN,8,44,10,270.0,2700.0
2016-01-11,201601112961126,BARUN,8,44,10,270.0,2700.0
2016-01-11,201601112961125,BARUN,8,44,10,270.0,2700.0
2016-01-11,201601112961109,BARUN,47,44,10,268.0,2680.0
2016-01-11,201601112961105,BARUN,47,44,10,268.0,2680.0
2016-01-11,201601112961134,BARUN,8,44,10,270.0,2700.0
2016-01-11,201601112961133,BARUN,8,44,10,270.0,2700.0
2016-01-11,201601112961132,BARUN,8,44,10,270.0,2700.0
2016-01-11,201601112961131,BARUN,8,44,10,270.0,2700.0
2016-01-11,201601112961130,BARUN,8,44,10,270.0,2700.0
2016-01-11,201601112961129,BARUN,8,44,10,270.0,2700.0
2016-01-11,201601112961143,BARUN,44,44,10,270.0,2700.0
2016-01-11,201601112961142,BARUN,44,44,10,270.0,2700.0
2016-01-11,201601112961141,BARUN,44,44,10,270.0,2700.0
2016-01-11,201601112961140,BARUN,44,44,10,270.0,2700.0
2016-01-11,201601112961139,BARUN,44,44,10,270.0,2700.0
2016-01-11,201601112961138,BARUN,44,44,10,270.0,2700.0
2016-01-11,201601112961149,BARUN,44,44,10,270.0,2700.0
2016-01-11,201601112961148,BARUN,44,44,10,270.0,2700.0
2016-01-11,201601112961147,BARUN,44,44,10,270.0,2700.0
2016-01-11,201601112961146,BARUN,44,44,10,270.0,2700.0
2016-01-11,201601112961145,BARUN,44,44,10,270.0,2700.0
2016-01-11,201601112961144,BARUN,44,44,10,270.0,2700.0
2016-01-11,201601112961158,BARUN,44,44,10,270.0,2700.0
2016-01-11,201601112961154,BARUN,44,44,10,270.0,2700.0
2016-01-11,201601112961153,BARUN,44,44,10,270.0,2700.0
2016-01-11,201601112961152,BARUN,44,44,10,270.0,2700.0
2016-01-11,201601112961151,BARUN,44,44,10,270.0,2700.0
2016-01-11,201601112961150,BARUN,44,44,10,270.0,2700.0
2016-01-11,201601112961185,BARUN,44,44,10,270.0,2700.0
2016-01-11,201601112961181,BARUN,44,44,10,270.0,2700.0
2016-01-11,201601112961175,BARUN,44,44,10,270.0,2700.0
2016-01-11,201601112961169,BARUN,44,44,10,270.0,2700.0
2016-01-11,201601112961166,BARUN,44,44,10,270.0,2700.0
2016-01-11,201601112961162,BARUN,44,44,10,270.0,2700.0
2016-01-11,201601112961214,BARUN,44,44,10,270.0,2700.0
2016-01-11,201601112961210,BARUN,44,44,10,270.0,2700.0
2016-01-11,201601112961209,BARUN,44,44,10,270.0,2700.0
2016-01-11,201601112961204,BARUN,44,44,10,270.0,2700.0
2016-01-11,201601112961194,BARUN,44,44,10,270.0,2700.0
2016-01-11,201601112961193,BARUN,44,44,10,270.0,2700.0
2016-01-11,201601112971200,BARUN,44,44,10,274.0,2740.0
2016-01-11,201601112971199,BARUN,19,44,10,272.0,2720.0
2016-01-11,201601112961226,BARUN,47,44,10,271.0,2710.0
2016-01-11,201601112961224,BARUN,44,44,10,270.0,2700.0
2016-01-11,201601112961221,BARUN,44,44,10,270.0,2700.0
2016-01-11,201601112961218,BARUN,44,44,10,270.0,2700.0
2016-01-11,201601112971218,BARUN,44,44,10,274.0,2740.0
2016-01-11,201601112971211,BARUN,44,44,10,274.0,2740.0
2016-01-11,201601112971204,BARUN,44,44,10,274.0,2740.0
2016-01-11,201601112971203,BARUN,44,44,10,274.0,2740.0
2016-01-11,201601112971202,BARUN,44,28,10,274.0,2740.0
2016-01-11,201601112971201,BARUN,44,44,10,274.0,2740.0
2016-01-11,201601112971286,BARUN,44,44,10,274.0,2740.0
2016-01-11,201601112971278,BARUN,44,44,10,274.0,2740.0
2016-01-11,201601112971270,BARUN,44,44,10,274.0,2740.0
2016-01-11,201601112971265,BARUN,44,44,10,274.0,2740.0
2016-01-11,201601112971247,BARUN,44,44,10,274.0,2740.0
2016-01-11,201601112971240,BARUN,44,44,10,274.0,2740.0
2016-01-11,201601112971331,BFCL,43,56,210,121.0,25410.0
2016-01-11,201601112971307,BFCL,43,36,28,123.0,3444.0
2016-01-11,201601112960993,BFCL,43,36,14,121.0,1694.0
2016-01-11,201601112960983,BFCL,5,36,28,122.0,3416.0
2016-01-11,201601112971336,BLDBL,13,22,50,320.0,16000.0
2016-01-11,201601112971287,CHCL,5,7,217,1260.0,273420.0
2016-01-11,201601112971275,CHCL,5,7,113,1260.0,142380.0
2016-01-11,201601112971274,CHCL,5,58,120,1260.0,151200.0
2016-01-11,201601112971259,CHCL,5,38,110,1259.0,138490.0
2016-01-11,201601112971258,CHCL,5,1,160,1259.0,201440.0
2016-01-11,201601112971163,CHCL,21,58,95,1255.0,119225.0
2016-01-11,201601112961098,CHCL,38,58,96,1255.0,120480.0
2016-01-11,201601112960991,CHCL,48,38,100,1259.0,125900.0
2016-01-11,201601112971266,CIT,32,25,10,4295.0,42950.0
2016-01-11,201601112971361,CZBIL,43,32,300,593.0,177900.0
2016-01-11,201601112961180,CZBIL,43,44,260,592.0,153920.0
2016-01-11,201601112961119,CZBIL,43,7,200,592.0,118400.0
2016-01-11,201601112960992,CZBIL,10,25,500,592.0,296000.0
2016-01-11,201601112961099,DBBL,49,14,1000,187.0,187000.0
2016-01-11,201601112971326,EBL,45,45,100,2081.0,208100.0
2016-01-11,201601112971304,EBL,57,41,120,2085.0,250200.0
2016-01-11,201601112971208,EBL,21,41,50,2085.0,104250.0
2016-01-11,201601112971207,EBL,58,41,30,2090.0,62700.0
2016-01-11,201601112971311,EBLCP,51,45,12,1280.0,15360.0
2016-01-11,201601112961174,EBLCP,1,14,48,1300.0,62400.0
2016-01-11,201601112971360,FBBL,42,45,72,324.0,23328.0
2016-01-11,201601112961206,FBBL,42,17,265,324.0,85860.0
2016-01-11,201601112961179,FBBL,42,43,1000,324.0,324000.0
2016-01-11,201601112961172,FBBL,25,17,162,324.0,52488.0
2016-01-11,201601112961171,FBBL,47,43,1000,324.0,324000.0
2016-01-11,201601112961163,FBBL,56,43,3000,324.0,972000.0
2016-01-11,201601112961156,FBBL,25,17,198,324.0,64152.0
2016-01-11,201601112961104,FBBL,52,52,57,324.0,18468.0
2016-01-11,201601112961041,FBBL,25,52,57,318.0,18126.0
2016-01-11,201601112961012,FBBL,52,52,58,312.0,18096.0
2016-01-11,201601112960984,FBBL,52,52,72,306.0,22032.0
2016-01-11,201601112960949,FBBL,26,52,57,300.0,17100.0
2016-01-11,201601112961091,FMDBL,21,19,200,672.0,134400.0
2016-01-11,201601112961064,FMDBL,26,6,100,675.0,67500.0
2016-01-11,201601112961022,GBIME,43,43,2000,399.0,798000.0
2016-01-11,201601112961038,HGI,6,53,35,695.0,24325.0
2016-01-11,201601112961017,HGI,6,53,490,699.0,342510.0
2016-01-11,201601112961010,HGI,39,53,10,703.0,7030.0
2016-01-11,201601112960989,HGI,53,34,42,700.0,29400.0
2016-01-11,201601112960972,HGI,6,34,100,701.0,70100.0
2016-01-11,201601112971332,ILFCM,16,35,10,882.0,8820.0
2016-01-11,201601112971322,ILFCM,16,16,10,882.0,8820.0
2016-01-11,201601112971293,ILFCM,16,16,10,882.0,8820.0
2016-01-11,201601112971292,ILFCM,16,35,10,882.0,8820.0
2016-01-11,201601112971276,ILFCM,16,35,10,882.0,8820.0
2016-01-11,201601112971246,ILFCM,16,16,10,882.0,8820.0
2016-01-11,201601112971164,ILFCM,6,21,10,880.0,8800.0
2016-01-11,201601112961211,ILFCM,56,56,10,878.0,8780.0
2016-01-11,201601112960948,ILFCM,6,6,10,879.0,8790.0
2016-01-11,201601112971184,ILFCM,38,38,10,882.0,8820.0
2016-01-11,201601112971178,ILFCM,38,38,10,882.0,8820.0
2016-01-11,201601112971168,ILFCM,6,16,10,880.0,8800.0
2016-01-11,201601112971167,ILFCM,6,16,10,880.0,8800.0
2016-01-11,201601112971166,ILFCM,6,21,10,880.0,8800.0
2016-01-11,201601112971165,ILFCM,6,21,10,880.0,8800.0
2016-01-11,201601112971243,ILFCM,16,35,10,882.0,8820.0
2016-01-11,201601112971241,ILFCM,16,16,10,882.0,8820.0
2016-01-11,201601112971232,ILFCM,16,16,10,882.0,8820.0
2016-01-11,201601112971231,ILFCM,16,38,10,882.0,8820.0
2016-01-11,201601112971197,ILFCM,38,21,10,882.0,8820.0
2016-01-11,201601112971186,ILFCM,38,38,10,882.0,8820.0
2016-01-11,201601112971359,KBL,4,29,200,388.0,77600.0
2016-01-11,201601112971347,KBL,4,52,77,387.0,29799.0
2016-01-11,201601112971346,KBL,4,52,800,387.0,309600.0
2016-01-11,201601112971340,KBL,54,11,793,385.0,305305.0
2016-01-11,201601112971339,KBL,54,11,890,385.0,342650.0
2016-01-11,201601112971338,KBL,25,33,200,386.0,77200.0
2016-01-11,201601112971297,KBL,4,1,684,384.0,262656.0
2016-01-11,201601112971268,KBL,49,49,1175,383.0,450025.0
2016-01-11,201601112971187,KBL,41,33,200,384.0,76800.0
2016-01-11,201601112971176,KBL,19,33,200,383.0,76600.0
2016-01-11,201601112971150,KBL,38,59,665,384.0,255360.0
2016-01-11,201601112971363,KCDBL,22,50,16,192.0,3072.0
2016-01-11,201601112961035,KEBL,48,33,13,508.0,6604.0
2016-01-11,201601112971217,KMCDB,56,45,79,1490.0,117710.0
2016-01-11,201601112960997,KRBL,48,21,10,210.0,2100.0
2016-01-11,201601112960985,KRBL,48,21,10,210.0,2100.0
2016-01-11,201601112971343,LBL,43,55,11,561.0,6171.0
2016-01-11,201601112971333,LBL,14,21,100,566.0,56600.0
2016-01-11,201601112971327,LBL,43,55,80,561.0,44880.0
2016-01-11,201601112971325,LBL,51,21,30,566.0,16980.0
2016-01-11,201601112971319,LBL,14,4,106,565.0,59890.0
2016-01-11,201601112971263,LBL,8,55,280,560.0,156800.0
2016-01-11,201601112961191,LBL,43,39,100,566.0,56600.0
2016-01-11,201601112961190,LBL,45,39,100,566.0,56600.0
2016-01-11,201601112961189,LBL,33,39,100,566.0,56600.0
2016-01-11,201601112961188,LBL,4,39,200,567.0,113400.0
2016-01-11,201601112971193,LBL,21,55,100,563.0,56300.0
2016-01-11,201601112971188,LBL,55,21,100,566.0,56600.0
2016-01-11,201601112971173,LBL,17,54,180,562.0,101160.0
2016-01-11,201601112971171,LBL,17,54,500,562.0,281000.0
2016-01-11,201601112971170,LBL,21,54,100,562.0,56200.0
2016-01-11,201601112961192,LBL,26,39,300,565.0,169500.0
2016-01-11,201601112971262,LBL,7,55,500,561.0,280500.0
2016-01-11,201601112971261,LBL,7,55,220,561.0,123420.0
2016-01-11,201601112971260,LBL,34,55,200,562.0,112400.0
2016-01-11,201601112971196,LBL,7,55,280,561.0,157080.0
2016-01-11,201601112971195,LBL,43,55,100,561.0,56100.0
2016-01-11,201601112971194,LBL,17,55,20,562.0,11240.0
2016-01-11,201601112971157,LICN,38,45,100,3549.0,354900.0
2016-01-11,201601112971216,LLBS,29,40,200,1740.0,348000.0
2016-01-11,201601112961061,LLBS,14,48,100,1731.0,173100.0
2016-01-11,201601112971358,MMFDB,17,25,10,2420.0,24200.0
2016-01-11,201601112971257,MMFDB,26,26,10,2421.0,24210.0
2016-01-11,201601112971252,MMFDB,26,26,10,2421.0,24210.0
2016-01-11,201601112971245,MMFDB,26,26,10,2421.0,24210.0
2016-01-11,201601112971239,MMFDB,26,26,10,2421.0,24210.0
2016-01-11,201601112971219,MMFDB,17,17,10,2430.0,24300.0
2016-01-11,201601112971191,MMFDB,17,17,10,2430.0,24300.0
2016-01-11,201601112971172,MMFDB,17,17,10,2430.0,24300.0
2016-01-11,201601112961051,MMFDB,17,17,10,2430.0,24300.0
2016-01-11,201601112960967,MMFDB,17,17,10,2430.0,24300.0
2016-01-11,201601112971362,NABIL,42,45,200,1825.0,365000.0
2016-01-11,201601112971214,NABIL,17,45,140,1825.0,255500.0
2016-01-11,201601112961124,NABIL,29,7,100,1825.0,182500.0
2016-01-11,201601112971251,NABILP,17,17,200,1381.0,276200.0
2016-01-11,201601112971250,NABILP,17,17,200,1381.0,276200.0
2016-01-11,201601112971249,NABILP,17,17,200,1381.0,276200.0
2016-01-11,201601112961219,NBB,8,28,500,438.0,219000.0
2016-01-11,201601112961187,NBB,5,45,273,440.0,120120.0
2016-01-11,201601112960990,NBB,5,45,200,440.0,88000.0
2016-01-11,201601112961228,NHPC,42,41,60,120.0,7200.0
2016-01-11,201601112961213,NHPC,50,26,1000,119.0,119000.0
2016-01-11,201601112971317,NIB,4,17,34,773.0,26282.0
2016-01-11,201601112961220,NIB,29,19,250,774.0,193500.0
2016-01-11,201601112961006,NIB,22,19,50,775.0,38750.0
2016-01-11,201601112961223,NIBPO,50,53,100,650.0,65000.0
2016-01-11,201601112961155,NIBPO,33,53,100,651.0,65100.0
2016-01-11,201601112961123,NIBPO,33,53,500,651.0,325500.0
2016-01-11,201601112971155,NIL,35,35,1500,820.0,1230000.0
2016-01-11,201601112961222,NLBBL,6,6,902,1912.0,1724624.0
2016-01-11,201601112971329,NLIC,33,11,100,3350.0,335000.0
2016-01-11,201601112971364,NLICL,16,35,100,2454.0,245400.0
2016-01-11,201601112971177,NLICL,22,22,198,2445.0,484110.0
2016-01-11,201601112971175,NLICL,33,36,28,2450.0,68600.0
2016-01-11,201601112971174,NLICL,33,52,400,2450.0,980000.0
2016-01-11,201601112971152,NLICL,49,6,2996,2440.0,7310240.0
2016-01-11,201601112961168,NLICL,45,35,500,2449.0,1224500.0
2016-01-11,201601112971283,NMB,45,42,600,439.0,263400.0
2016-01-11,201601112971282,NMB,45,42,700,439.0,307300.0
2016-01-11,201601112961079,NMB,5,19,336,438.0,147168.0
2016-01-11,201601112971350,NUBL,53,58,14,1628.0,22792.0
2016-01-11,201601112971189,NUBL,53,58,200,1628.0,325600.0
2016-01-11,201601112971181,NUBL,53,55,73,1625.0,118625.0
2016-01-11,201601112971227,PCBL,13,48,200,485.0,97000.0
2016-01-11,201601112971226,PCBL,39,48,200,485.0,97000.0
2016-01-11,201601112971225,PCBL,32,48,100,485.0,48500.0
2016-01-11,201601112971224,PCBL,55,48,250,486.0,121500.0
2016-01-11,201601112971223,PCBL,21,48,100,486.0,48600.0
2016-01-11,201601112971222,PCBL,19,48,70,487.0,34090.0
2016-01-11,201601112971209,PIC,48,42,193,885.0,170805.0
2016-01-11,201601112960981,PICL,54,55,100,652.0,65200.0
2016-01-11,201601112971190,PLIC,49,45,100,1541.0,154100.0
2016-01-11,201601112961121,PLIC,56,44,40,1547.0,61880.0
2016-01-11,201601112961015,PLIC,56,44,350,1547.0,541450.0
2016-01-11,201601112961014,PLIC,56,40,150,1545.0,231750.0
2016-01-11,201601112971179,PURBL,6,6,10,330.0,3300.0
2016-01-11,201601112961082,PURBL,19,40,107,331.0,35417.0
2016-01-11,201601112961059,PURBL,19,5,30,330.0,9900.0
2016-01-11,201601112961037,PURBL,19,45,29,325.0,9425.0
2016-01-11,201601112971288,RBBBL,49,38,13,200.0,2600.0
2016-01-11,201601112971280,RBBBL,21,55,13,200.0,2600.0
2016-01-11,201601112971267,RBBBL,49,55,13,201.0,2613.0
2016-01-11,201601112971242,RBBBL,49,49,13,201.0,2613.0
2016-01-11,201601112971228,RBBBL,49,49,13,201.0,2613.0
2016-01-11,201601112961120,RBBBL,17,1,91,204.0,18564.0
2016-01-11,201601112961027,RBBBL,49,49,13,199.0,2587.0
2016-01-11,201601112961016,RBBBL,49,49,13,199.0,2587.0
2016-01-11,201601112960998,RBBBL,49,49,13,199.0,2587.0
2016-01-11,201601112960987,RBBBL,49,49,13,199.0,2587.0
2016-01-11,201601112961047,RBBBL,17,50,13,200.0,2600.0
2016-01-11,201601112961046,RBBBL,17,38,10,200.0,2000.0
2016-01-11,201601112961040,RBBBL,17,38,13,200.0,2600.0
2016-01-11,201601112961039,RBBBL,21,38,13,200.0,2600.0
2016-01-11,201601112961036,RBBBL,17,38,13,200.0,2600.0
2016-01-11,201601112961067,RBBBL,21,50,13,200.0,2600.0
2016-01-11,201601112961063,RBBBL,17,50,13,200.0,2600.0
2016-01-11,201601112961060,RBBBL,17,50,13,200.0,2600.0
2016-01-11,201601112961058,RBBBL,21,50,13,200.0,2600.0
2016-01-11,201601112961057,RBBBL,17,50,13,200.0,2600.0
2016-01-11,201601112961050,RBBBL,17,50,13,200.0,2600.0
2016-01-11,201601112961107,RBBBL,17,39,13,204.0,2652.0
2016-01-11,201601112961101,RBBBL,17,39,13,204.0,2652.0
2016-01-11,201601112961090,RBBBL,17,39,13,204.0,2652.0
2016-01-11,201601112961089,RBBBL,17,1,10,204.0,2040.0
2016-01-11,201601112961080,RBBBL,17,50,13,200.0,2600.0
2016-01-11,201601112961071,RBBBL,17,50,13,200.0,2600.0
2016-01-11,201601112971345,REDBL,49,49,78,296.0,23088.0
2016-01-11,201601112971162,REDBL,38,14,20,301.0,6020.0
2016-01-11,201601112961076,REDBL,38,38,10,301.0,3010.0
2016-01-11,201601112961056,REDBL,38,38,10,301.0,3010.0
2016-01-11,201601112961178,RHPC,50,16,11,350.0,3850.0
2016-01-11,201601112961004,RHPC,50,47,11,350.0,3850.0
2016-01-11,201601112961003,RHPC,50,6,11,350.0,3850.0
2016-01-11,201601112961002,RHPC,50,6,11,350.0,3850.0
2016-01-11,201601112960994,RHPC,51,41,48,349.0,16752.0
2016-01-11,201601112960976,RMDC,29,28,36,650.0,23400.0
2016-01-11,201601112971210,SADBL,7,42,57,398.0,22686.0
2016-01-11,201601112971342,SAFL,32,38,157,189.0,29673.0
2016-01-11,201601112971335,SAFL,32,51,66,188.0,12408.0
2016-01-11,201601112971328,SAFL,32,51,33,188.0,6204.0
2016-01-11,201601112971256,SANIMA,32,28,704,668.0,470272.0
2016-01-11,201601112971255,SANIMA,32,4,500,667.0,333500.0
2016-01-11,201601112971254,SANIMA,32,4,500,665.0,332500.0
2016-01-11,201601112971198,SANIMA,1,36,780,664.0,517920.0
2016-01-11,201601112961097,SANIMA,38,36,500,663.0,331500.0
2016-01-11,201601112961096,SANIMA,29,36,100,663.0,66300.0
2016-01-11,201601112961095,SANIMA,29,36,100,663.0,66300.0
2016-01-11,201601112961094,SANIMA,39,36,50,663.0,33150.0
2016-01-11,201601112971315,SBBLJ,40,58,430,338.0,145340.0
2016-01-11,201601112971314,SBBLJ,39,58,100,338.0,33800.0
2016-01-11,201601112971313,SBBLJ,33,58,1000,340.0,340000.0
2016-01-11,201601112971182,SBI,4,36,101,1540.0,155540.0
2016-01-11,201601112961075,SBI,11,10,60,1540.0,92400.0
2016-01-11,201601112961074,SBI,55,10,70,1540.0,107800.0
2016-01-11,201601112961073,SBI,20,10,470,1541.0,724270.0
2016-01-11,201601112961045,SBI,40,49,450,1542.0,693900.0
2016-01-11,201601112961044,SBI,26,49,100,1542.0,154200.0
2016-01-11,201601112961028,SBI,21,49,150,1546.0,231900.0
2016-01-11,201601112961025,SBI,7,8,135,1548.0,208980.0
2016-01-11,201601112961024,SBI,55,10,500,1546.0,773000.0
2016-01-11,201601112961208,SCB,52,10,80,2575.0,206000.0
2016-01-11,201601112961207,SCB,11,10,20,2580.0,51600.0
2016-01-11,201601112960965,SCB,21,4,82,2590.0,212380.0
2016-01-11,201601112971213,SHPC,36,10,72,844.0,60768.0
2016-01-11,201601112971212,SHPC,36,39,100,844.0,84400.0
2016-01-11,201601112971185,SHPC,44,37,1200,843.0,1011600.0
2016-01-11,201601112961227,SHPC,36,39,277,840.0,232680.0
2016-01-11,201601112961186,SHPC,36,40,18,840.0,15120.0
2016-01-11,201601112961164,SHPC,22,37,200,843.0,168600.0
2016-01-11,201601112960979,SHPC,1,17,200,840.0,168000.0
2016-01-11,201601112961111,SIC,5,38,100,1049.0,104900.0
2016-01-11,201601112971236,SICL,44,38,100,1335.0,133500.0
2016-01-11,201601112971206,SICL,54,53,100,1330.0,133000.0
2016-01-11,201601112971205,SICL,54,16,50,1330.0,66500.0
2016-01-11,201601112971310,SIL,54,35,500,1003.0,501500.0
2016-01-11,201601112971192,SIL,32,38,120,1004.0,120480.0
2016-01-11,201601112961215,SIL,48,48,300,995.0,298500.0
2016-01-11,201601112961195,SLICL,29,59,500,775.0,387500.0
2016-01-11,201601112971348,SUBBL,40,17,92,435.0,40020.0
2016-01-11,201601112971324,SUBBL,11,17,91,435.0,39585.0
2016-01-11,201601112971233,SUBBL,45,32,200,435.0,87000.0
2016-01-11,201601112971220,SUBBL,50,59,19,437.0,8303.0
2016-01-11,201601112971180,SUBBL,50,35,50,436.0,21800.0
2016-01-11,201601112960980,SUBBL,26,6,236,435.0,102660.0
2016-01-11,201601112960969,SUBBL,32,33,38,435.0,16530.0
2016-01-11,201601112961136,SWBBL,16,55,25,1845.0,46125.0
2016-01-11,201601112971301,UIC,38,29,300,499.0,149700.0
2016-01-11,201601112971300,UIC,38,47,140,499.0,69860.0
2016-01-11,201601112971279,UIC,35,5,20,495.0,9900.0
2016-01-11,201601112971269,UIC,35,5,100,495.0,49500.0
2016-01-11,201601112961070,UIC,35,14,250,495.0,123750.0
2016-01-11,201601112960974,UIC,39,55,550,492.0,270600.0
2016-01-11,201601112971349,VLBS,44,26,10,1162.0,11620.0
2016-01-11,201601112961118,VLBS,58,7,10,1170.0,11700.0
2016-01-11,201601112961117,VLBS,58,7,10,1170.0,11700.0
2016-01-11,201601112961116,VLBS,58,7,10,1170.0,11700.0
2016-01-11,201601112961115,VLBS,58,26,10,1170.0,11700.0
2016-01-11,201601112961114,VLBS,58,26,10,1170.0,11700.0
2016-01-11,201601112961113,VLBS,58,26,10,1170.0,11700.0
2016-01-11,201601112961112,VLBS,58,26,10,1170.0,11700.0
2016-01-11,201601112961013,VLBS,38,38,10,1168.0,11680.0
2016-01-11,201601112961005,VLBS,38,38,10,1168.0,11680.0
2016-01-11,201601112960945,VLBS,44,21,15,1160.0,17400.0
2016-01-11,201601112960944,VLBS,44,21,12,1160.0,13920.0
2016-01-11,201601112960943,YETI,50,20,340,138.0,46920.0
2016-01-11,201601112960942,YETI,13,20,500,138.0,69000.0
2016-01-11,201601112960941,YETI,17,20,330,140.0,46200.0
2016-01-11,201601112959873,ADBL,40,40,446,520.0,231920.0
2016-01-11,201601112959713,ADBL,25,53,500,520.0,260000.0
2016-01-11,201601112959550,AHPC,43,56,77,258.0,19866.0
2016-01-11,201601112959485,AHPC,19,47,200,256.0,51200.0
2016-01-11,201601112959455,AHPC,26,41,85,255.0,21675.0
2016-01-11,201601112959843,ALICL,21,57,200,1250.0,250000.0
2016-01-11,201601112959825,ALICL,51,57,200,1251.0,250200.0
2016-01-11,201601112959940,API,42,44,26,375.0,9750.0
2016-01-11,201601112959939,API,42,44,26,375.0,9750.0
2016-01-11,201601112959938,API,42,44,26,375.0,9750.0
2016-01-11,201601112959937,API,42,44,26,375.0,9750.0
2016-01-11,201601112959936,API,42,44,16,375.0,6000.0
2016-01-11,201601112959934,API,42,44,16,375.0,6000.0
2016-01-11,201601112959442,API,43,29,26,371.0,9646.0
2016-01-11,201601112959457,API,59,17,10,371.0,3710.0
2016-01-11,201601112959456,API,39,29,26,370.0,9620.0
2016-01-11,201601112959454,API,59,52,10,371.0,3710.0
2016-01-11,201601112959451,API,39,29,26,370.0,9620.0
2016-01-11,201601112959449,API,59,52,10,371.0,3710.0
2016-01-11,201601112959448,API,59,29,26,371.0,9646.0
2016-01-11,201601112959479,API,36,1,16,371.0,5936.0
2016-01-11,201601112959477,API,18,18,26,371.0,9646.0
2016-01-11,201601112959476,API,39,29,26,370.0,9620.0
2016-01-11,201601112959473,API,39,29,26,370.0,9620.0
2016-01-11,201601112959465,API,39,29,26,370.0,9620.0
2016-01-11,201601112959462,API,39,29,26,370.0,9620.0
2016-01-11,201601112959487,API,18,13,16,371.0,5936.0
2016-01-11,201601112959486,API,18,52,10,371.0,3710.0
2016-01-11,201601112959483,API,39,29,26,370.0,9620.0
2016-01-11,201601112959482,API,39,29,26,370.0,9620.0
2016-01-11,201601112959481,API,50,18,26,371.0,9646.0
2016-01-11,201601112959480,API,50,52,10,371.0,3710.0
2016-01-11,201601112959530,API,39,47,26,370.0,9620.0
2016-01-11,201601112959514,API,55,14,26,371.0,9646.0
2016-01-11,201601112959511,API,36,59,13,372.0,4836.0
2016-01-11,201601112959510,API,36,28,26,371.0,9646.0
2016-01-11,201601112959494,API,28,29,26,371.0,9646.0
2016-01-11,201601112959490,API,50,29,26,371.0,9646.0
2016-01-11,201601112959559,API,13,13,26,371.0,9646.0
2016-01-11,201601112959551,API,46,59,16,372.0,5952.0
2016-01-11,201601112959546,API,13,13,16,371.0,5936.0
2016-01-11,201601112959545,API,46,1,16,372.0,5952.0
2016-01-11,201601112959539,API,13,13,16,371.0,5936.0
2016-01-11,201601112959538,API,43,43,26,371.0,9646.0
2016-01-11,201601112959582,API,39,39,26,371.0,9646.0
2016-01-11,201601112959577,API,39,45,16,371.0,5936.0
2016-01-11,201601112959575,API,13,13,26,371.0,9646.0
2016-01-11,201601112959574,API,46,1,16,372.0,5952.0
2016-01-11,201601112959569,API,46,1,16,372.0,5952.0
2016-01-11,201601112959564,API,46,45,16,371.0,5936.0
2016-01-11,201601112959599,API,39,39,16,371.0,5936.0
2016-01-11,201601112959598,API,45,1,16,372.0,5952.0
2016-01-11,201601112959596,API,39,39,16,371.0,5936.0
2016-01-11,201601112959591,API,39,39,16,371.0,5936.0
2016-01-11,201601112959586,API,45,1,16,372.0,5952.0
2016-01-11,201601112959585,API,39,39,16,371.0,5936.0
2016-01-11,201601112959621,API,39,39,16,371.0,5936.0
2016-01-11,201601112959618,API,39,39,16,371.0,5936.0
2016-01-11,201601112959616,API,39,39,16,371.0,5936.0
2016-01-11,201601112959612,API,39,39,16,371.0,5936.0
2016-01-11,201601112959610,API,39,39,16,371.0,5936.0
2016-01-11,201601112959609,API,39,39,16,371.0,5936.0
2016-01-11,201601112959700,API,1,14,26,372.0,9672.0
2016-01-11,201601112959698,API,39,29,26,371.0,9646.0
2016-01-11,201601112959670,API,1,1,16,372.0,5952.0
2016-01-11,201601112959668,API,39,47,26,371.0,9646.0
2016-01-11,201601112959662,API,1,14,26,372.0,9672.0
2016-01-11,201601112959642,API,39,47,26,371.0,9646.0
2016-01-11,201601112959743,API,39,29,26,371.0,9646.0
2016-01-11,201601112959726,API,47,35,26,372.0,9672.0
2016-01-11,201601112959725,API,1,1,16,372.0,5952.0
2016-01-11,201601112959723,API,39,29,26,371.0,9646.0
2016-01-11,201601112959714,API,1,1,16,372.0,5952.0
2016-01-11,201601112959711,API,39,29,26,371.0,9646.0
2016-01-11,201601112959751,API,42,40,11,374.0,4114.0
2016-01-11,201601112959750,API,42,40,11,374.0,4114.0
2016-01-11,201601112959749,API,42,41,16,374.0,5984.0
2016-01-11,201601112959748,API,42,41,12,374.0,4488.0
2016-01-11,201601112959747,API,42,41,16,374.0,5984.0
2016-01-11,201601112959746,API,42,41,16,374.0,5984.0
2016-01-11,201601112959764,API,42,40,11,374.0,4114.0
2016-01-11,201601112959763,API,42,41,26,374.0,9724.0
2016-01-11,201601112959762,API,42,41,26,374.0,9724.0
2016-01-11,201601112959757,API,1,29,26,372.0,9672.0
2016-01-11,201601112959753,API,42,40,11,374.0,4114.0
2016-01-11,201601112959752,API,42,40,11,374.0,4114.0
2016-01-11,201601112959770,API,42,40,11,374.0,4114.0
2016-01-11,201601112959769,API,42,41,26,374.0,9724.0
2016-01-11,201601112959768,API,42,41,26,374.0,9724.0
2016-01-11,201601112959767,API,42,41,26,374.0,9724.0
2016-01-11,201601112959766,API,42,41,26,374.0,9724.0
2016-01-11,201601112959765,API,1,41,26,374.0,9724.0
2016-01-11,201601112959776,API,42,41,26,374.0,9724.0
2016-01-11,201601112959775,API,42,41,26,374.0,9724.0
2016-01-11,201601112959774,API,42,41,26,374.0,9724.0
2016-01-11,201601112959773,API,42,41,26,374.0,9724.0
2016-01-11,201601112959772,API,42,40,11,374.0,4114.0
2016-01-11,201601112959771,API,42,41,26,374.0,9724.0
2016-01-11,201601112959782,API,42,41,26,374.0,9724.0
2016-01-11,201601112959781,API,42,41,26,374.0,9724.0
2016-01-11,201601112959780,API,42,41,26,374.0,9724.0
2016-01-11,201601112959779,API,42,41,26,374.0,9724.0
2016-01-11,201601112959778,API,42,41,26,374.0,9724.0
2016-01-11,201601112959777,API,42,41,26,374.0,9724.0
2016-01-11,201601112959788,API,42,41,26,374.0,9724.0
2016-01-11,201601112959787,API,42,41,26,374.0,9724.0
2016-01-11,201601112959786,API,42,41,26,374.0,9724.0
2016-01-11,201601112959785,API,42,41,26,374.0,9724.0
2016-01-11,201601112959784,API,42,41,26,374.0,9724.0
2016-01-11,201601112959783,API,42,41,26,374.0,9724.0
2016-01-11,201601112959798,API,13,13,26,372.0,9672.0
2016-01-11,201601112959797,API,1,41,26,374.0,9724.0
2016-01-11,201601112959792,API,39,29,26,371.0,9646.0
2016-01-11,201601112959791,API,42,41,26,374.0,9724.0
2016-01-11,201601112959790,API,42,41,26,374.0,9724.0
2016-01-11,201601112959789,API,42,41,26,374.0,9724.0
2016-01-11,201601112959807,API,42,41,26,374.0,9724.0
2016-01-11,201601112959806,API,42,41,26,374.0,9724.0
2016-01-11,201601112959805,API,42,41,26,374.0,9724.0
2016-01-11,201601112959804,API,42,32,16,373.0,5968.0
2016-01-11,201601112959803,API,42,11,26,372.0,9672.0
2016-01-11,201601112959801,API,39,29,26,371.0,9646.0
2016-01-11,201601112959866,API,1,41,16,374.0,5984.0
2016-01-11,201601112959851,API,1,11,26,374.0,9724.0
2016-01-11,201601112959841,API,1,17,10,374.0,3740.0
2016-01-11,201601112959830,API,32,44,16,375.0,6000.0
2016-01-11,201601112959828,API,1,11,26,374.0,9724.0
2016-01-11,201601112959809,API,1,29,26,374.0,9724.0
2016-01-11,201601112959881,API,42,44,26,375.0,9750.0
2016-01-11,201601112959880,API,42,17,10,374.0,3740.0
2016-01-11,201601112959878,API,42,41,16,374.0,5984.0
2016-01-11,201601112959877,API,38,38,16,374.0,5984.0
2016-01-11,201601112959872,API,13,13,26,373.0,9698.0
2016-01-11,201601112959867,API,1,17,16,374.0,5984.0
2016-01-11,201601112959895,API,42,41,26,374.0,9724.0
2016-01-11,201601112959886,API,42,44,26,375.0,9750.0
2016-01-11,201601112959885,API,42,44,26,375.0,9750.0
2016-01-11,201601112959884,API,42,44,26,375.0,9750.0
2016-01-11,201601112959883,API,42,44,26,375.0,9750.0
2016-01-11,201601112959882,API,42,44,26,375.0,9750.0
2016-01-11,201601112959909,API,42,38,16,374.0,5984.0
2016-01-11,201601112959908,API,42,38,16,374.0,5984.0
2016-01-11,201601112959899,API,42,44,26,375.0,9750.0
2016-01-11,201601112959898,API,42,44,26,375.0,9750.0
2016-01-11,201601112959897,API,42,44,26,375.0,9750.0
2016-01-11,201601112959896,API,42,38,16,374.0,5984.0
2016-01-11,201601112959915,API,42,44,26,375.0,9750.0
2016-01-11,201601112959914,API,42,44,26,375.0,9750.0
2016-01-11,201601112959913,API,42,44,26,375.0,9750.0
2016-01-11,201601112959912,API,42,44,26,375.0,9750.0
2016-01-11,201601112959911,API,42,44,26,375.0,9750.0
2016-01-11,201601112959910,API,42,44,26,375.0,9750.0
2016-01-11,201601112959921,API,42,44,26,375.0,9750.0
2016-01-11,201601112959920,API,42,44,26,375.0,9750.0
2016-01-11,201601112959919,API,42,44,26,375.0,9750.0
2016-01-11,201601112959918,API,42,44,26,375.0,9750.0
2016-01-11,201601112959917,API,42,44,26,375.0,9750.0
2016-01-11,201601112959916,API,42,44,26,375.0,9750.0
2016-01-11,201601112959927,API,42,44,26,375.0,9750.0
2016-01-11,201601112959926,API,42,44,26,375.0,9750.0
2016-01-11,201601112959925,API,42,44,26,375.0,9750.0
2016-01-11,201601112959924,API,42,44,26,375.0,9750.0
2016-01-11,201601112959923,API,42,44,26,375.0,9750.0
2016-01-11,201601112959922,API,42,44,26,375.0,9750.0
2016-01-11,201601112959933,API,42,44,26,375.0,9750.0
2016-01-11,201601112959932,API,42,44,26,375.0,9750.0
2016-01-11,201601112959931,API,42,44,26,375.0,9750.0
2016-01-11,201601112959930,API,42,44,26,375.0,9750.0
2016-01-11,201601112959929,API,42,44,26,375.0,9750.0
2016-01-11,201601112959928,API,42,44,26,375.0,9750.0
2016-01-11,201601112959892,BARUN,32,51,10,270.0,2700.0
2016-01-11,201601112959870,BARUN,44,44,10,274.0,2740.0
2016-01-11,201601112959869,BARUN,44,17,10,274.0,2740.0
2016-01-11,201601112959864,BARUN,44,48,10,274.0,2740.0
2016-01-11,201601112959853,BARUN,44,17,10,274.0,2740.0
2016-01-11,201601112959850,BARUN,44,44,10,274.0,2740.0
2016-01-11,201601112959469,BARUN,50,44,10,274.0,2740.0
2016-01-11,201601112959468,BARUN,50,44,10,274.0,2740.0
2016-01-11,201601112959467,BARUN,50,44,10,274.0,2740.0
2016-01-11,201601112959500,BARUN,44,44,10,274.0,2740.0
2016-01-11,201601112959499,BARUN,44,44,10,274.0,2740.0
2016-01-11,201601112959498,BARUN,44,44,10,274.0,2740.0
2016-01-11,201601112959497,BARUN,44,44,10,274.0,2740.0
2016-01-11,201601112959471,BARUN,50,44,10,274.0,2740.0
2016-01-11,201601112959470,BARUN,50,44,10,274.0,2740.0
2016-01-11,201601112959506,BARUN,44,44,10,274.0,2740.0
2016-01-11,201601112959505,BARUN,44,44,10,274.0,2740.0
2016-01-11,201601112959504,BARUN,44,44,10,274.0,2740.0
2016-01-11,201601112959503,BARUN,44,44,10,274.0,2740.0
2016-01-11,201601112959502,BARUN,44,44,10,274.0,2740.0
2016-01-11,201601112959501,BARUN,44,44,10,274.0,2740.0
2016-01-11,201601112959522,BARUN,44,44,10,274.0,2740.0
2016-01-11,201601112959515,BARUN,44,44,10,274.0,2740.0
2016-01-11,201601112959513,BARUN,44,44,10,274.0,2740.0
2016-01-11,201601112959512,BARUN,44,44,10,274.0,2740.0
2016-01-11,201601112959508,BARUN,44,44,10,274.0,2740.0
2016-01-11,201601112959507,BARUN,44,44,10,274.0,2740.0
2016-01-11,201601112959613,BARUN,44,44,10,274.0,2740.0
2016-01-11,201601112959592,BARUN,44,44,10,274.0,2740.0
2016-01-11,201601112959581,BARUN,44,44,10,274.0,2740.0
2016-01-11,201601112959565,BARUN,44,44,10,274.0,2740.0
2016-01-11,201601112959561,BARUN,44,44,10,274.0,2740.0
2016-01-11,201601112959529,BARUN,44,44,10,274.0,2740.0
2016-01-11,201601112959710,BARUN,44,44,10,274.0,2740.0
2016-01-11,201601112959703,BARUN,44,44,10,274.0,2740.0
2016-01-11,201601112959674,BARUN,44,44,10,274.0,2740.0
2016-01-11,201601112959667,BARUN,44,44,10,274.0,2740.0
2016-01-11,201601112959660,BARUN,44,44,10,274.0,2740.0
2016-01-11,201601112959624,BARUN,44,44,10,274.0,2740.0
2016-01-11,201601112959737,BARUN,28,8,10,275.0,2750.0
2016-01-11,201601112959736,BARUN,28,32,10,275.0,2750.0
2016-01-11,201601112959735,BARUN,28,32,10,275.0,2750.0
2016-01-11,201601112959734,BARUN,28,32,10,275.0,2750.0
2016-01-11,201601112959722,BARUN,44,44,10,274.0,2740.0
2016-01-11,201601112959715,BARUN,44,44,10,274.0,2740.0
2016-01-11,201601112959760,BARUN,44,44,10,274.0,2740.0
2016-01-11,201601112959759,BARUN,44,28,10,274.0,2740.0
2016-01-11,201601112959755,BARUN,44,44,10,274.0,2740.0
2016-01-11,201601112959740,BARUN,28,44,10,275.0,2750.0
2016-01-11,201601112959739,BARUN,28,44,10,275.0,2750.0
2016-01-11,201601112959738,BARUN,28,44,10,275.0,2750.0
2016-01-11,201601112959829,BARUN,44,44,10,274.0,2740.0
2016-01-11,201601112959822,BARUN,44,48,10,274.0,2740.0
2016-01-11,201601112959816,BARUN,44,28,10,274.0,2740.0
2016-01-11,201601112959815,BARUN,44,48,10,274.0,2740.0
2016-01-11,201601112959813,BARUN,44,44,10,274.0,2740.0
2016-01-11,201601112959793,BARUN,44,44,10,274.0,2740.0
2016-01-11,201601112959849,BARUN,44,46,10,274.0,2740.0
2016-01-11,201601112959847,BARUN,44,28,10,274.0,2740.0
2016-01-11,201601112959845,BARUN,44,46,10,274.0,2740.0
2016-01-11,201601112959838,BARUN,44,44,10,274.0,2740.0
2016-01-11,201601112959837,BARUN,44,48,10,274.0,2740.0
2016-01-11,201601112959832,BARUN,44,44,10,274.0,2740.0
2016-01-11,201601112959905,BFCL,43,45,31,126.0,3906.0
2016-01-11,201601112959893,BFCL,5,45,31,127.0,3937.0
2016-01-11,201601112959493,BFCL,21,21,59,125.0,7375.0
2016-01-11,201601112959475,BFCL,21,21,59,125.0,7375.0
2016-01-11,201601112959450,BFCL,21,21,59,125.0,7375.0
2016-01-11,201601112959796,BFCL,21,21,59,127.0,7493.0
2016-01-11,201601112959619,BFCL,21,21,59,127.0,7493.0
2016-01-11,201601112959573,BFCL,43,46,56,126.0,7056.0
2016-01-11,201601112959709,CHCL,39,39,28,1286.0,36008.0
2016-01-11,201601112959708,CHCL,39,39,56,1286.0,72016.0
2016-01-11,201601112959707,CHCL,39,39,56,1280.0,71680.0
2016-01-11,201601112959706,CHCL,39,39,27,1280.0,34560.0
2016-01-11,201601112959705,CHCL,39,39,17,1280.0,21760.0
2016-01-11,201601112959663,CHCL,57,41,174,1261.0,219414.0
2016-01-11,201601112959555,CHCL,39,39,190,1248.0,237120.0
2016-01-11,201601112959441,CHCL,33,45,40,1248.0,49920.0
2016-01-11,201601112959602,CHCL,57,6,39,1255.0,48945.0
2016-01-11,201601112959601,CHCL,57,26,180,1255.0,225900.0
2016-01-11,201601112959594,CHCL,39,39,56,1250.0,70000.0
2016-01-11,201601112959566,CHCL,21,7,330,1253.0,413490.0
2016-01-11,201601112959558,CHCL,21,38,100,1252.0,125200.0
2016-01-11,201601112959557,CHCL,21,14,120,1250.0,150000.0
2016-01-11,201601112959666,CZBIL,42,33,30,590.0,17700.0
2016-01-11,201601112959466,CZBIL,46,45,24,591.0,14184.0
2016-01-11,201601112959447,DDBL,6,43,100,1655.0,165500.0
2016-01-11,201601112959491,EBL,25,28,142,2075.0,294650.0
2016-01-11,201601112959464,EBL,45,14,46,2080.0,95680.0
2016-01-11,201601112959733,EDBL,25,55,50,715.0,35750.0
2016-01-11,201601112959520,EIC,56,39,60,930.0,55800.0
2016-01-11,201601112959817,GBBL,50,17,173,305.0,52765.0
2016-01-11,201601112959862,GBIME,42,37,300,400.0,120000.0
2016-01-11,201601112959861,GBIME,42,17,1000,400.0,400000.0
2016-01-11,201601112959860,GBIME,42,40,250,400.0,100000.0
2016-01-11,201601112959859,GBIME,42,44,500,400.0,200000.0
2016-01-11,201601112959858,GBIME,42,41,100,399.0,39900.0
2016-01-11,201601112959856,GBIME,42,52,59,399.0,23541.0
2016-01-11,201601112959855,GBIME,42,52,69,399.0,27531.0
2016-01-11,201601112959854,GBIME,42,10,600,398.0,238800.0
2016-01-11,201601112959556,GBIME,1,14,46,398.0,18308.0
2016-01-11,201601112959533,HGI,39,45,200,700.0,140000.0
2016-01-11,201601112959532,HGI,53,45,500,701.0,350500.0
2016-01-11,201601112959531,HGI,58,45,300,702.0,210600.0
2016-01-11,201601112959639,ILFC,39,8,20,193.0,3860.0
2016-01-11,201601112959904,ILFCM,26,26,10,880.0,8800.0
2016-01-11,201601112959902,ILFCM,26,48,15,880.0,13200.0
2016-01-11,201601112959901,ILFCM,50,35,15,893.0,13395.0
2016-01-11,201601112959900,ILFCM,50,35,10,893.0,8930.0
2016-01-11,201601112959879,ILFCM,6,48,15,881.0,13215.0
2016-01-11,201601112959875,ILFCM,6,26,10,881.0,8810.0
2016-01-11,201601112959524,ILFCM,50,47,15,893.0,13395.0
2016-01-11,201601112959523,ILFCM,50,46,10,892.0,8920.0
2016-01-11,201601112959628,ILFCM,50,6,30,894.0,26820.0
2016-01-11,201601112959607,ILFCM,50,35,15,894.0,13410.0
2016-01-11,201601112959600,ILFCM,50,26,10,894.0,8940.0
2016-01-11,201601112959590,ILFCM,50,1,10,894.0,8940.0
2016-01-11,201601112959560,ILFCM,50,1,10,894.0,8940.0
2016-01-11,201601112959552,ILFCM,50,10,10,894.0,8940.0
2016-01-11,201601112959865,ILFCM,32,32,10,882.0,8820.0
2016-01-11,201601112959831,ILFCM,6,26,10,881.0,8810.0
2016-01-11,201601112959799,ILFCM,50,35,15,893.0,13395.0
2016-01-11,201601112959761,ILFCM,50,47,15,893.0,13395.0
2016-01-11,201601112959741,ILFCM,6,26,10,881.0,8810.0
2016-01-11,201601112959657,ILFCM,50,18,10,894.0,8940.0
2016-01-11,201601112959810,KBL,7,29,300,388.0,116400.0
2016-01-11,201601112959744,KBL,11,11,400,388.0,155200.0
2016-01-11,201601112959728,KBL,58,57,500,385.0,192500.0
2016-01-11,201601112959721,KBL,52,21,100,386.0,38600.0
2016-01-11,201601112959699,KBL,11,21,400,387.0,154800.0
2016-01-11,201601112959671,KBL,7,38,300,387.0,116100.0
2016-01-11,201601112959563,KBL,43,49,1000,387.0,387000.0
2016-01-11,201601112959519,KBL,57,49,150,390.0,58500.0
2016-01-11,201601112959445,KBL,14,49,200,390.0,78000.0
2016-01-11,201601112959444,KBL,43,49,670,391.0,261970.0
2016-01-11,201601112959443,KBL,16,49,500,392.0,196000.0
2016-01-11,201601112959818,KCDBL,22,56,10,190.0,1900.0
2016-01-11,201601112959812,KCDBL,22,52,17,187.0,3179.0
2016-01-11,201601112959800,KCDBL,39,58,17,184.0,3128.0
2016-01-11,201601112959754,KCDBL,22,52,17,187.0,3179.0
2016-01-11,201601112959568,KCDBL,22,52,17,187.0,3179.0
2016-01-11,201601112959534,KCDBL,22,1,11,187.0,2057.0
2016-01-11,201601112959525,KCDBL,22,52,17,187.0,3179.0
2016-01-11,201601112959627,KEBL,55,25,30,505.0,15150.0
2016-01-11,201601112959871,LBL,17,57,16,567.0,9072.0
2016-01-11,201601112959814,LBL,55,17,600,567.0,340200.0
2016-01-11,201601112959802,LBL,55,39,500,566.0,283000.0
2016-01-11,201601112959758,LBL,8,26,50,565.0,28250.0
2016-01-11,201601112959478,LBL,45,41,332,565.0,187580.0
2016-01-11,201601112959626,LFLC,25,40,108,220.0,23760.0
2016-01-11,201601112959463,LLBS,17,51,15,1725.0,25875.0
2016-01-11,201601112959580,MBBL,26,25,20,206.0,4120.0
2016-01-11,201601112959842,MMFDB,44,51,10,2350.0,23500.0
2016-01-11,201601112959820,MMFDB,44,46,10,2350.0,23500.0
2016-01-11,201601112959720,MMFDB,44,49,10,2350.0,23500.0
2016-01-11,201601112959719,MMFDB,44,22,10,2348.0,23480.0
2016-01-11,201601112959718,MMFDB,44,34,10,2330.0,23300.0
2016-01-11,201601112959536,MMFDB,47,29,10,2315.0,23150.0
2016-01-11,201601112959554,MSBBL,26,42,10,316.0,3160.0
2016-01-11,201601112959537,MSBBL,26,21,40,312.0,12480.0
2016-01-11,201601112959732,NBB,25,8,81,441.0,35721.0
2016-01-11,201601112959623,NBB,25,39,100,441.0,44100.0
2016-01-11,201601112959617,NBB,25,14,111,441.0,48951.0
2016-01-11,201601112959589,NBB,25,53,500,440.0,220000.0
2016-01-11,201601112959588,NBB,25,8,1800,440.0,792000.0
2016-01-11,201601112959891,NBL,35,43,300,301.0,90300.0
2016-01-11,201601112959890,NBL,48,43,150,301.0,45150.0
2016-01-11,201601112959889,NBL,25,43,200,302.0,60400.0
2016-01-11,201601112959888,NBL,19,43,150,302.0,45300.0
2016-01-11,201601112959453,NBL,58,39,1000,302.0,302000.0
2016-01-11,201601112959887,NBL,55,43,200,302.0,60400.0
2016-01-11,201601112959570,NBL,35,35,1515,301.0,456015.0
2016-01-11,201601112959553,NBL,35,35,3393,300.0,1017900.0
2016-01-11,201601112959874,NHPC,57,1,1000,119.0,119000.0
2016-01-11,201601112959848,NHPC,42,18,220,120.0,26400.0
2016-01-11,201601112959576,NHPC,42,16,1000,120.0,120000.0
2016-01-11,201601112959611,NIB,50,19,400,770.0,308000.0
2016-01-11,201601112959544,NIB,50,48,100,770.0,77000.0
2016-01-11,201601112959543,NIB,39,48,100,770.0,77000.0
2016-01-11,201601112959542,NIB,29,48,100,770.0,77000.0
2016-01-11,201601112959541,NIB,50,48,50,770.0,38500.0
2016-01-11,201601112959540,NIB,33,48,150,771.0,115650.0
2016-01-11,201601112959823,NIBPO,44,58,800,660.0,528000.0
2016-01-11,201601112959716,NIBPO,17,58,200,660.0,132000.0
2016-01-11,201601112959518,NIBPO,29,44,20,664.0,13280.0
2016-01-11,201601112959517,NIBPO,29,39,80,664.0,53120.0
2016-01-11,201601112959516,NIBPO,29,14,100,663.0,66300.0
2016-01-11,201601112959903,NICA,42,40,300,700.0,210000.0
2016-01-11,201601112959894,NICA,42,56,203,700.0,142100.0
2016-01-11,201601112959840,NICA,42,8,200,699.0,139800.0
2016-01-11,201601112959839,NICA,42,17,50,699.0,34950.0
2016-01-11,201601112959597,NIL,34,33,500,835.0,417500.0
2016-01-11,201601112959637,NLICL,49,49,400,2440.0,976000.0
2016-01-11,201601112959567,NLICL,40,38,20,2450.0,49000.0
2016-01-11,201601112959489,NLICL,33,33,729,2436.0,1775844.0
2016-01-11,201601112959458,NLICL,36,34,100,2450.0,245000.0
2016-01-11,201601112959446,NLICL,10,14,500,2440.0,1220000.0
2016-01-11,201601112959868,NMB,38,11,400,437.0,174800.0
2016-01-11,201601112959852,NMB,38,11,100,437.0,43700.0
2016-01-11,201601112959702,NMB,56,42,100,438.0,43800.0
2016-01-11,201601112959701,NMB,56,44,500,438.0,219000.0
2016-01-11,201601112959665,NMBSF1,43,11,4900,9.91,48559.0
2016-01-11,201601112959474,NMBSF1,33,13,2610,9.95,25969.5
2016-01-11,201601112959906,NUBL,47,28,100,1600.0,160000.0
2016-01-11,201601112959724,NUBL,16,21,100,1615.0,161500.0
2016-01-11,201601112959461,NUBL,44,19,1000,1600.0,1600000.0
2016-01-11,201601112959460,NUBL,44,17,20,1600.0,32000.0
2016-01-11,201601112959459,NUBL,44,56,40,1599.0,63960.0
2016-01-11,201601112959876,OHL,17,16,231,406.0,93786.0
2016-01-11,201601112959620,OHL,45,16,77,410.0,31570.0
2016-01-11,201601112959509,PIC,45,42,300,890.0,267000.0
2016-01-11,201601112959492,PIC,45,11,39,890.0,34710.0
2016-01-11,201601112959640,PLIC,56,38,100,1548.0,154800.0
2016-01-11,201601112959629,PLIC,56,38,100,1548.0,154800.0
2016-01-11,201601112959606,PLIC,53,38,20,1550.0,31000.0
2016-01-11,201601112959605,PLIC,53,38,20,1550.0,31000.0
2016-01-11,201601112959604,PLIC,53,38,10,1550.0,15500.0
2016-01-11,201601112959603,PLIC,53,38,10,1550.0,15500.0
2016-01-11,201601112959572,PLIC,56,18,639,1550.0,990450.0
2016-01-11,201601112959844,PURBL,40,40,40,325.0,13000.0
2016-01-11,201601112959907,RBBBL,34,51,10,198.0,1980.0
2016-01-11,201601112959717,RBBBL,36,51,10,195.0,1950.0
2016-01-11,201601112959659,RBBBL,22,44,13,193.0,2509.0
2016-01-11,201601112959658,RBBBL,42,36,13,196.0,2548.0
2016-01-11,201601112959656,RBBBL,42,36,13,196.0,2548.0
2016-01-11,201601112959655,RBBBL,42,36,13,196.0,2548.0
2016-01-11,201601112959587,RBBBL,22,44,13,193.0,2509.0
2016-01-11,201601112959583,RBBBL,22,44,13,193.0,2509.0
2016-01-11,201601112959631,RBBBL,42,44,13,193.0,2509.0
2016-01-11,201601112959630,RBBBL,22,44,13,193.0,2509.0
2016-01-11,201601112959625,RBBBL,22,44,13,193.0,2509.0
2016-01-11,201601112959615,RBBBL,22,44,13,193.0,2509.0
2016-01-11,201601112959593,RBBBL,22,44,13,193.0,2509.0
2016-01-11,201601112959638,RBBBL,42,37,26,196.0,5096.0
2016-01-11,201601112959636,RBBBL,42,7,13,195.0,2535.0
2016-01-11,201601112959635,RBBBL,42,7,13,195.0,2535.0
2016-01-11,201601112959634,RBBBL,42,44,13,193.0,2509.0
2016-01-11,201601112959633,RBBBL,42,44,13,193.0,2509.0
2016-01-11,201601112959632,RBBBL,42,44,13,193.0,2509.0
2016-01-11,201601112959648,RBBBL,42,36,13,196.0,2548.0
2016-01-11,201601112959647,RBBBL,42,36,13,196.0,2548.0
2016-01-11,201601112959645,RBBBL,42,40,13,196.0,2548.0
2016-01-11,201601112959644,RBBBL,42,40,19,196.0,3724.0
2016-01-11,201601112959643,RBBBL,42,19,13,196.0,2548.0
2016-01-11,201601112959641,RBBBL,22,44,13,193.0,2509.0
2016-01-11,201601112959654,RBBBL,42,6,51,196.0,9996.0
2016-01-11,201601112959653,RBBBL,42,36,13,196.0,2548.0
2016-01-11,201601112959652,RBBBL,42,6,12,196.0,2352.0
2016-01-11,201601112959651,RBBBL,42,36,13,196.0,2548.0
2016-01-11,201601112959650,RBBBL,42,36,13,196.0,2548.0
2016-01-11,201601112959649,RBBBL,42,36,13,196.0,2548.0
2016-01-11,201601112959827,REDBL,38,52,20,300.0,6000.0
2016-01-11,201601112959672,REDBL,38,14,10,300.0,3000.0
2016-01-11,201601112959661,REDBL,38,14,10,300.0,3000.0
2016-01-11,201601112959808,RHPC,50,48,12,350.0,4200.0
2016-01-11,201601112959795,RHPC,50,48,12,350.0,4200.0
2016-01-11,201601112959794,RHPC,50,48,12,350.0,4200.0
2016-01-11,201601112959756,RHPC,49,14,10,348.0,3480.0
2016-01-11,201601112959730,RHPC,49,14,10,348.0,3480.0
2016-01-11,201601112959673,RHPC,45,45,12,349.0,4188.0
2016-01-11,201601112959535,RHPC,41,41,12,350.0,4200.0
2016-01-11,201601112959526,RHPC,41,41,12,350.0,4200.0
2016-01-11,201601112959521,RHPC,41,41,12,350.0,4200.0
2016-01-11,201601112959484,RHPC,45,48,12,350.0,4200.0
2016-01-11,201601112959669,RHPC,45,45,12,349.0,4188.0
2016-01-11,201601112959595,RHPC,56,6,12,350.0,4200.0
2016-01-11,201601112959584,RHPC,56,6,12,350.0,4200.0
2016-01-11,201601112959579,RHPC,56,6,12,350.0,4200.0
2016-01-11,201601112959571,RHPC,56,48,12,350.0,4200.0
2016-01-11,201601112959547,RHPC,56,48,12,350.0,4200.0
2016-01-11,201601112959826,SADBL,38,56,500,399.0,199500.0
2016-01-11,201601112959729,SADBL,45,21,60,400.0,24000.0
2016-01-11,201601112959608,SADBL,44,21,60,400.0,24000.0
2016-01-11,201601112959452,SADBL,32,54,730,398.0,290540.0
2016-01-11,201601112959824,SAFL,49,1,56,186.0,10416.0
2016-01-11,201601112959819,SAFL,49,49,63,185.0,11655.0
2016-01-11,201601112959549,SANIMA,32,17,50,670.0,33500.0
2016-01-11,201601112959548,SANIMA,32,36,500,670.0,335000.0
2016-01-11,201601112959528,SANIMA,32,8,1000,669.0,669000.0
2016-01-11,201601112959527,SANIMA,32,40,500,668.0,334000.0
2016-01-11,201601112959836,SBI,20,16,150,1535.0,230250.0
2016-01-11,201601112959835,SBI,55,16,50,1536.0,76800.0
2016-01-11,201601112959731,SBI,38,38,18,1537.0,27666.0
2016-01-11,201601112959622,SBI,55,11,200,1540.0,308000.0
2016-01-11,201601112959488,SBI,55,10,500,1541.0,770500.0
2016-01-11,201601112959863,SCB,29,14,500,2590.0,1295000.0
2016-01-11,201601112959821,SHBL,16,16,10,924.0,9240.0
2016-01-11,201601112959811,SHBL,16,16,10,924.0,9240.0
2016-01-11,201601112959745,SHBL,16,16,10,924.0,9240.0
2016-01-11,201601112959704,SHBL,16,16,10,924.0,9240.0
2016-01-11,201601112959664,SHBL,16,16,10,924.0,9240.0
2016-01-11,201601112959646,SHBL,16,16,10,924.0,9240.0
2016-01-11,201601112959614,SHBL,16,16,10,924.0,9240.0
2016-01-11,201601112959472,SHBL,16,51,10,942.0,9420.0
2016-01-11,201601112959833,SUBBL,49,20,167,438.0,73146.0
2016-01-11,201601112959712,SUBBL,20,17,40,439.0,17560.0
2016-01-11,201601112959686,SUBBL,35,17,91,439.0,39949.0
2016-01-11,201601112959495,SUBBL,48,29,378,437.0,165186.0
2016-01-11,201601112959578,SYFL,29,51,100,101.0,10100.0
2016-01-11,201601112959935,VLBS,17,17,23,1156.0,26588.0
2016-01-11,201601112959857,VLBS,44,22,10,1155.0,11550.0
2016-01-11,201601112959846,VLBS,44,22,10,1155.0,11550.0
2016-01-11,201601112959834,VLBS,44,45,143,1155.0,165165.0
2016-01-11,201601112959742,VLBS,44,49,10,1155.0,11550.0
2016-01-11,201601112959727,VLBS,32,32,10,1156.0,11560.0
2016-01-11,201601112959678,VLBS,44,29,12,1155.0,13860.0
2016-01-11,201601112959677,VLBS,44,29,12,1155.0,13860.0
2016-01-11,201601112959676,VLBS,44,29,12,1155.0,13860.0
2016-01-11,201601112959675,VLBS,44,29,12,1155.0,13860.0
2016-01-11,201601112959562,VLBS,50,17,10,1153.0,11530.0
2016-01-11,201601112959684,VLBS,44,29,12,1155.0,13860.0
2016-01-11,201601112959683,VLBS,44,29,12,1155.0,13860.0
2016-01-11,201601112959682,VLBS,44,29,12,1155.0,13860.0
2016-01-11,201601112959681,VLBS,44,29,12,1155.0,13860.0
2016-01-11,201601112959680,VLBS,44,29,12,1155.0,13860.0
2016-01-11,201601112959679,VLBS,44,29,12,1155.0,13860.0
2016-01-11,201601112959691,VLBS,44,29,12,1155.0,13860.0
2016-01-11,201601112959690,VLBS,44,29,12,1155.0,13860.0
2016-01-11,201601112959689,VLBS,44,29,12,1155.0,13860.0
2016-01-11,201601112959688,VLBS,44,29,12,1155.0,13860.0
2016-01-11,201601112959687,VLBS,44,29,12,1155.0,13860.0
2016-01-11,201601112959685,VLBS,44,29,12,1155.0,13860.0
2016-01-11,201601112959697,VLBS,44,32,10,1155.0,11550.0
2016-01-11,201601112959696,VLBS,44,32,10,1155.0,11550.0
2016-01-11,201601112959695,VLBS,44,1,10,1155.0,11550.0
2016-01-11,201601112959694,VLBS,44,29,12,1155.0,13860.0
2016-01-11,201601112959693,VLBS,44,29,12,1155.0,13860.0
2016-01-11,201601112959692,VLBS,44,29,12,1155.0,13860.0
2016-01-11,201601112958525,ACEDBL,25,53,200,310.0,62000.0
2016-01-11,201601112958768,ADBL,41,41,33,516.0,17028.0
2016-01-11,201601112958753,ADBL,48,55,131,515.0,67465.0
2016-01-11,201601112958689,ADBL,25,10,42,511.0,21462.0
2016-01-11,201601112958621,ADBL,58,52,200,515.0,103000.0
2016-01-11,201601112958821,AHPC,1,26,400,255.0,102000.0
2016-01-11,201601112958820,AHPC,1,26,250,255.0,63750.0
2016-01-11,201601112958777,AHPC,1,39,12,255.0,3060.0
2016-01-11,201601112958508,AHPC,17,18,28,255.0,7140.0
2016-01-11,201601112958879,ALICL,53,57,250,1260.0,315000.0
2016-01-11,201601112958715,ALICL,53,36,500,1254.0,627000.0
2016-01-11,201601112958936,API,5,42,26,371.0,9646.0
2016-01-11,201601112958934,API,5,18,16,371.0,5936.0
2016-01-11,201601112958933,API,5,44,16,371.0,5936.0
2016-01-11,201601112958930,API,5,18,16,371.0,5936.0
2016-01-11,201601112958929,API,5,44,16,371.0,5936.0
2016-01-11,201601112958926,API,5,42,26,371.0,9646.0
2016-01-11,201601112958449,API,36,48,16,374.0,5984.0
2016-01-11,201601112958446,API,36,18,16,374.0,5984.0
2016-01-11,201601112958442,API,16,18,16,372.0,5952.0
2016-01-11,201601112958461,API,38,38,26,373.0,9698.0
2016-01-11,201601112958460,API,5,43,16,373.0,5968.0
2016-01-11,201601112958456,API,38,48,16,373.0,5968.0
2016-01-11,201601112958455,API,36,38,16,374.0,5984.0
2016-01-11,201601112958454,API,5,48,16,374.0,5984.0
2016-01-11,201601112958453,API,5,1,10,374.0,3740.0
2016-01-11,201601112958477,API,16,39,11,372.0,4092.0
2016-01-11,201601112958474,API,50,52,16,373.0,5968.0
2016-01-11,201601112958470,API,50,52,16,373.0,5968.0
2016-01-11,201601112958469,API,5,38,16,374.0,5984.0
2016-01-11,201601112958468,API,16,43,16,372.0,5952.0
2016-01-11,201601112958467,API,5,38,26,373.0,9698.0
2016-01-11,201601112958500,API,5,48,16,374.0,5984.0
2016-01-11,201601112958498,API,5,48,14,373.0,5222.0
2016-01-11,201601112958497,API,5,1,10,373.0,3730.0
2016-01-11,201601112958495,API,5,48,16,373.0,5968.0
2016-01-11,201601112958491,API,5,52,16,373.0,5968.0
2016-01-11,201601112958483,API,5,52,16,373.0,5968.0
2016-01-11,201601112958509,API,5,48,16,374.0,5984.0
2016-01-11,201601112958507,API,39,39,16,373.0,5968.0
2016-01-11,201601112958505,API,5,48,13,374.0,4862.0
2016-01-11,201601112958504,API,5,48,16,374.0,5984.0
2016-01-11,201601112958503,API,39,39,16,373.0,5968.0
2016-01-11,201601112958502,API,5,48,16,374.0,5984.0
2016-01-11,201601112958534,API,36,44,26,375.0,9750.0
2016-01-11,201601112958531,API,29,13,10,374.0,3740.0
2016-01-11,201601112958529,API,36,29,26,374.0,9724.0
2016-01-11,201601112958527,API,29,29,26,374.0,9724.0
2016-01-11,201601112958517,API,5,48,16,373.0,5968.0
2016-01-11,201601112958514,API,5,48,16,374.0,5984.0
2016-01-11,201601112958557,API,5,48,16,374.0,5984.0
2016-01-11,201601112958555,API,5,48,26,374.0,9724.0
2016-01-11,201601112958551,API,5,13,26,374.0,9724.0
2016-01-11,201601112958540,API,5,44,26,375.0,9750.0
2016-01-11,201601112958538,API,5,44,26,375.0,9750.0
2016-01-11,201601112958537,API,29,13,10,374.0,3740.0
2016-01-11,201601112958567,API,5,48,26,374.0,9724.0
2016-01-11,201601112958565,API,36,49,16,373.0,5968.0
2016-01-11,201601112958563,API,5,44,26,375.0,9750.0
2016-01-11,201601112958562,API,36,49,16,373.0,5968.0
2016-01-11,201601112958560,API,5,44,26,375.0,9750.0
2016-01-11,201601112958558,API,5,49,16,374.0,5984.0
2016-01-11,201601112958582,API,48,48,16,374.0,5984.0
2016-01-11,201601112958581,API,48,48,16,374.0,5984.0
2016-01-11,201601112958579,API,5,44,26,375.0,9750.0
2016-01-11,201601112958574,API,5,44,26,375.0,9750.0
2016-01-11,201601112958572,API,5,44,26,375.0,9750.0
2016-01-11,201601112958569,API,36,57,26,373.0,9698.0
2016-01-11,201601112958605,API,48,48,16,374.0,5984.0
2016-01-11,201601112958600,API,36,57,26,373.0,9698.0
2016-01-11,201601112958598,API,49,48,26,374.0,9724.0
2016-01-11,201601112958588,API,36,57,13,373.0,4849.0
2016-01-11,201601112958587,API,5,44,26,375.0,9750.0
2016-01-11,201601112958583,API,17,13,26,374.0,9724.0
2016-01-11,201601112958615,API,48,48,16,374.0,5984.0
2016-01-11,201601112958614,API,49,57,26,373.0,9698.0
2016-01-11,201601112958611,API,6,49,26,373.0,9698.0
2016-01-11,201601112958609,API,36,49,26,373.0,9698.0
2016-01-11,201601112958607,API,36,49,26,373.0,9698.0
2016-01-11,201601112958606,API,48,48,16,374.0,5984.0
2016-01-11,201601112958678,API,58,44,26,375.0,9750.0
2016-01-11,201601112958677,API,36,49,26,373.0,9698.0
2016-01-11,201601112958676,API,6,21,16,374.0,5984.0
2016-01-11,201601112958668,API,48,21,16,374.0,5984.0
2016-01-11,201601112958666,API,5,6,26,374.0,9724.0
2016-01-11,201601112958618,API,43,43,26,374.0,9724.0
2016-01-11,201601112958709,API,36,55,26,373.0,9698.0
2016-01-11,201601112958704,API,5,41,16,374.0,5984.0
2016-01-11,201601112958700,API,5,43,16,373.0,5968.0
2016-01-11,201601112958693,API,36,55,26,373.0,9698.0
2016-01-11,201601112958686,API,58,44,26,375.0,9750.0
2016-01-11,201601112958682,API,58,44,26,375.0,9750.0
2016-01-11,201601112958778,API,36,18,26,372.0,9672.0
2016-01-11,201601112958767,API,29,41,10,374.0,3740.0
2016-01-11,201601112958766,API,46,55,26,372.0,9672.0
2016-01-11,201601112958761,API,36,43,16,372.0,5952.0
2016-01-11,201601112958747,API,16,58,16,372.0,5952.0
2016-01-11,201601112958736,API,43,58,14,373.0,5222.0
2016-01-11,201601112958827,API,1,44,16,371.0,5936.0
2016-01-11,201601112958823,API,59,49,26,371.0,9646.0
2016-01-11,201601112958817,API,59,49,26,371.0,9646.0
2016-01-11,201601112958798,API,16,18,26,370.0,9620.0
2016-01-11,201601112958792,API,5,41,16,374.0,5984.0
2016-01-11,201601112958790,API,36,18,26,372.0,9672.0
2016-01-11,201601112958839,API,16,49,26,370.0,9620.0
2016-01-11,201601112958837,API,1,44,16,371.0,5936.0
2016-01-11,201601112958834,API,59,35,26,371.0,9646.0
2016-01-11,201601112958832,API,1,44,16,371.0,5936.0
2016-01-11,201601112958829,API,59,49,26,371.0,9646.0
2016-01-11,201601112958828,API,59,49,26,371.0,9646.0
2016-01-11,201601112958865,API,44,42,26,370.0,9620.0
2016-01-11,201601112958863,API,5,43,26,371.0,9646.0
2016-01-11,201601112958849,API,44,44,16,370.0,5920.0
2016-01-11,201601112958844,API,44,49,26,370.0,9620.0
2016-01-11,201601112958843,API,16,44,16,370.0,5920.0
2016-01-11,201601112958841,API,16,49,26,370.0,9620.0
2016-01-11,201601112958922,API,43,44,16,372.0,5952.0
2016-01-11,201601112958900,API,44,42,16,370.0,5920.0
2016-01-11,201601112958878,API,5,35,16,373.0,5968.0
2016-01-11,201601112958875,API,44,42,26,370.0,9620.0
2016-01-11,201601112958873,API,44,44,16,370.0,5920.0
2016-01-11,201601112958868,API,44,44,16,370.0,5920.0
2016-01-11,201601112958894,BARUN,48,7,10,270.0,2700.0
2016-01-11,201601112958891,BARUN,28,28,10,271.0,2710.0
2016-01-11,201601112958881,BARUN,48,7,10,270.0,2700.0
2016-01-11,201601112958867,BARUN,48,7,10,270.0,2700.0
2016-01-11,201601112958852,BARUN,48,49,10,270.0,2700.0
2016-01-11,201601112958833,BARUN,48,49,10,270.0,2700.0
2016-01-11,201601112958443,BARUN,28,28,10,275.0,2750.0
2016-01-11,201601112958564,BARUN,32,46,10,271.0,2710.0
2016-01-11,201601112958553,BARUN,32,53,10,271.0,2710.0
2016-01-11,201601112958545,BARUN,32,55,10,271.0,2710.0
2016-01-11,201601112958530,BARUN,32,49,10,271.0,2710.0
2016-01-11,201601112958506,BARUN,32,59,10,271.0,2710.0
2016-01-11,201601112958476,BARUN,32,18,10,271.0,2710.0
2016-01-11,201601112958620,BARUN,21,21,10,272.0,2720.0
2016-01-11,201601112958610,BARUN,17,17,10,273.0,2730.0
2016-01-11,201601112958596,BARUN,32,55,10,271.0,2710.0
2016-01-11,201601112958590,BARUN,17,17,10,273.0,2730.0
2016-01-11,201601112958578,BARUN,32,46,10,271.0,2710.0
2016-01-11,201601112958577,BARUN,32,55,10,271.0,2710.0
2016-01-11,201601112958634,BARUN,21,21,10,272.0,2720.0
2016-01-11,201601112958632,BARUN,21,21,10,272.0,2720.0
2016-01-11,201601112958630,BARUN,21,58,10,272.0,2720.0
2016-01-11,201601112958628,BARUN,21,21,10,272.0,2720.0
2016-01-11,201601112958627,BARUN,21,58,10,272.0,2720.0
2016-01-11,201601112958622,BARUN,21,21,10,272.0,2720.0
2016-01-11,201601112958699,BARUN,32,39,10,271.0,2710.0
2016-01-11,201601112958696,BARUN,48,39,10,270.0,2700.0
2016-01-11,201601112958691,BARUN,48,39,10,270.0,2700.0
2016-01-11,201601112958688,BARUN,17,17,10,273.0,2730.0
2016-01-11,201601112958684,BARUN,48,39,10,270.0,2700.0
2016-01-11,201601112958635,BARUN,32,58,10,271.0,2710.0
2016-01-11,201601112958727,BARUN,13,38,10,272.0,2720.0
2016-01-11,201601112958721,BARUN,58,39,10,271.0,2710.0
2016-01-11,201601112958720,BARUN,32,58,10,271.0,2710.0
2016-01-11,201601112958716,BARUN,32,7,10,271.0,2710.0
2016-01-11,201601112958713,BARUN,32,39,10,271.0,2710.0
2016-01-11,201601112958706,BARUN,38,39,10,272.0,2720.0
2016-01-11,201601112958733,BARUN,13,13,10,274.0,2740.0
2016-01-11,201601112958732,BARUN,13,13,10,274.0,2740.0
2016-01-11,201601112958731,BARUN,13,13,10,274.0,2740.0
2016-01-11,201601112958730,BARUN,13,13,10,274.0,2740.0
2016-01-11,201601112958729,BARUN,13,13,10,274.0,2740.0
2016-01-11,201601112958728,BARUN,13,13,10,274.0,2740.0
2016-01-11,201601112958795,BARUN,21,21,10,272.0,2720.0
2016-01-11,201601112958794,BARUN,58,1,10,271.0,2710.0
2016-01-11,201601112958749,BARUN,58,58,10,271.0,2710.0
2016-01-11,201601112958745,BARUN,58,39,10,271.0,2710.0
2016-01-11,201601112958737,BARUN,13,7,10,274.0,2740.0
2016-01-11,201601112958734,BARUN,13,13,10,274.0,2740.0
2016-01-11,201601112958831,BARUN,13,13,10,274.0,2740.0
2016-01-11,201601112958830,BARUN,13,13,10,274.0,2740.0
2016-01-11,201601112958819,BARUN,58,49,10,271.0,2710.0
2016-01-11,201601112958813,BARUN,58,1,10,271.0,2710.0
2016-01-11,201601112958799,BARUN,21,21,10,272.0,2720.0
2016-01-11,201601112958797,BARUN,21,21,10,272.0,2720.0
2016-01-11,201601112958923,BFCL,36,36,31,127.0,3937.0
2016-01-11,201601112958918,BFCL,36,36,20,127.0,2540.0
2016-01-11,201601112958905,BFCL,36,36,20,127.0,2540.0
2016-01-11,201601112958902,BFCL,36,36,25,127.0,3175.0
2016-01-11,201601112958896,BFCL,36,36,17,127.0,2159.0
2016-01-11,201601112958895,BFCL,36,36,14,127.0,1778.0
2016-01-11,201601112958890,BFCL,36,36,20,127.0,2540.0
2016-01-11,201601112958888,BFCL,36,36,14,127.0,1778.0
2016-01-11,201601112958864,BLDBL,51,20,100,324.0,32400.0
2016-01-11,201601112958838,CHCL,46,38,100,1246.0,124600.0
2016-01-11,201601112958471,CHCL,42,38,100,1250.0,125000.0
2016-01-11,201601112958853,CIT,45,36,17,4280.0,72760.0
2016-01-11,201601112958748,CIT,22,35,51,4325.0,220575.0
2016-01-11,201601112958499,CIT,51,16,10,4309.0,43090.0
2016-01-11,201601112958463,CVMF,22,22,10,598.0,5980.0
2016-01-11,201601112958458,CVMF,22,22,10,587.0,5870.0
2016-01-11,201601112958452,CVMF,22,22,10,576.0,5760.0
2016-01-11,201601112958818,CZBIL,55,55,565,596.0,336740.0
2016-01-11,201601112958697,CZBIL,17,17,99,597.0,59103.0
2016-01-11,201601112958496,EIC,46,25,590,930.0,548700.0
2016-01-11,201601112958703,GBBL,41,17,500,305.0,152500.0
2016-01-11,201601112958816,GBIME,42,42,220,397.0,87340.0
2016-01-11,201601112958807,GBIME,41,41,45,395.0,17775.0
2016-01-11,201601112958791,GBIME,42,42,221,397.0,87737.0
2016-01-11,201601112958871,HBL,21,45,50,950.0,47500.0
2016-01-11,201601112958870,HBL,28,45,100,950.0,95000.0
2016-01-11,201601112958931,ILFCM,50,29,15,895.0,13425.0
2016-01-11,201601112958921,ILFCM,50,29,15,895.0,13425.0
2016-01-11,201601112958904,ILFCM,37,7,10,890.0,8900.0
2016-01-11,201601112958892,ILFCM,50,29,15,895.0,13425.0
2016-01-11,201601112958884,ILFCM,50,29,15,895.0,13425.0
2016-01-11,201601112958883,ILFCM,50,29,15,895.0,13425.0
2016-01-11,201601112958448,ILFCM,28,28,10,874.0,8740.0
2016-01-11,201601112958447,ILFCM,26,26,10,873.0,8730.0
2016-01-11,201601112958444,ILFCM,58,58,15,872.0,13080.0
2016-01-11,201601112958441,ILFCM,58,58,15,872.0,13080.0
2016-01-11,201601112958492,ILFCM,17,7,10,870.0,8700.0
2016-01-11,201601112958479,ILFCM,17,7,10,870.0,8700.0
2016-01-11,201601112958473,ILFCM,58,7,10,871.0,8710.0
2016-01-11,201601112958464,ILFCM,58,7,10,871.0,8710.0
2016-01-11,201601112958462,ILFCM,39,58,15,871.0,13065.0
2016-01-11,201601112958459,ILFCM,58,58,15,871.0,13065.0
2016-01-11,201601112958597,ILFCM,45,40,10,870.0,8700.0
2016-01-11,201601112958585,ILFCM,56,38,10,871.0,8710.0
2016-01-11,201601112958580,ILFCM,45,49,10,870.0,8700.0
2016-01-11,201601112958561,ILFCM,17,14,10,870.0,8700.0
2016-01-11,201601112958535,ILFCM,38,49,10,871.0,8710.0
2016-01-11,201601112958511,ILFCM,17,26,10,870.0,8700.0
2016-01-11,201601112958639,ILFCM,50,39,10,875.0,8750.0
2016-01-11,201601112958612,ILFCM,56,40,10,872.0,8720.0
2016-01-11,201601112958604,ILFCM,21,1,10,871.0,8710.0
2016-01-11,201601112958603,ILFCM,21,1,10,871.0,8710.0
2016-01-11,201601112958602,ILFCM,21,1,10,871.0,8710.0
2016-01-11,201601112958601,ILFCM,21,1,10,871.0,8710.0
2016-01-11,201601112958645,ILFCM,50,40,10,889.0,8890.0
2016-01-11,201601112958644,ILFCM,50,25,10,880.0,8800.0
2016-01-11,201601112958643,ILFCM,50,6,130,880.0,114400.0
2016-01-11,201601112958642,ILFCM,50,47,10,880.0,8800.0
2016-01-11,201601112958641,ILFCM,50,39,10,875.0,8750.0
2016-01-11,201601112958640,ILFCM,50,39,10,875.0,8750.0
2016-01-11,201601112958659,ILFCM,50,57,10,890.0,8900.0
2016-01-11,201601112958658,ILFCM,50,57,10,890.0,8900.0
2016-01-11,201601112958657,ILFCM,50,57,10,890.0,8900.0
2016-01-11,201601112958656,ILFCM,50,57,10,890.0,8900.0
2016-01-11,201601112958655,ILFCM,50,57,10,890.0,8900.0
2016-01-11,201601112958650,ILFCM,50,40,100,889.0,88900.0
2016-01-11,201601112958671,ILFCM,50,29,15,895.0,13425.0
2016-01-11,201601112958670,ILFCM,50,57,10,894.0,8940.0
2016-01-11,201601112958663,ILFCM,50,58,15,890.0,13350.0
2016-01-11,201601112958662,ILFCM,50,57,10,890.0,8900.0
2016-01-11,201601112958661,ILFCM,50,57,10,890.0,8900.0
2016-01-11,201601112958660,ILFCM,50,57,10,890.0,8900.0
2016-01-11,201601112958785,ILFCM,39,1,10,894.0,8940.0
2016-01-11,201601112958784,ILFCM,39,1,10,894.0,8940.0
2016-01-11,201601112958770,ILFCM,50,8,20,889.0,17780.0
2016-01-11,201601112958702,ILFCM,50,39,11,894.0,9834.0
2016-01-11,201601112958687,ILFCM,50,39,15,894.0,13410.0
2016-01-11,201601112958679,ILFCM,50,39,15,894.0,13410.0
2016-01-11,201601112958803,ILFCM,50,29,15,895.0,13425.0
2016-01-11,201601112958801,ILFCM,50,29,15,895.0,13425.0
2016-01-11,201601112958800,ILFCM,50,29,15,895.0,13425.0
2016-01-11,201601112958793,ILFCM,50,29,15,895.0,13425.0
2016-01-11,201601112958787,ILFCM,39,1,10,894.0,8940.0
2016-01-11,201601112958786,ILFCM,39,1,10,894.0,8940.0
2016-01-11,201601112958858,ILFCM,50,18,10,894.0,8940.0
2016-01-11,201601112958857,ILFCM,50,18,10,894.0,8940.0
2016-01-11,201601112958842,ILFCM,33,33,1000,891.0,891000.0
2016-01-11,201601112958808,ILFCM,39,29,15,895.0,13425.0
2016-01-11,201601112958805,ILFCM,50,29,15,895.0,13425.0
2016-01-11,201601112958804,ILFCM,50,29,15,895.0,13425.0
2016-01-11,201601112958882,ILFCM,50,29,15,895.0,13425.0
2016-01-11,201601112958880,ILFCM,50,29,15,895.0,13425.0
2016-01-11,201601112958869,ILFCM,50,29,15,895.0,13425.0
2016-01-11,201601112958862,ILFCM,37,11,10,890.0,8900.0
2016-01-11,201601112958860,ILFCM,50,29,15,895.0,13425.0
2016-01-11,201601112958859,ILFCM,50,29,15,895.0,13425.0
2016-01-11,201601112958848,KBL,51,16,1000,381.0,381000.0
2016-01-11,201601112958765,KBL,45,39,100,380.0,38000.0
2016-01-11,201601112958710,KBL,19,39,300,379.0,113700.0
2016-01-11,201601112958667,KBL,45,22,100,380.0,38000.0
2016-01-11,201601112958541,KBL,55,33,866,380.0,329080.0
2016-01-11,201601112958513,KBL,11,49,300,380.0,114000.0
2016-01-11,201601112958512,KBL,11,43,170,379.0,64430.0
2016-01-11,201601112958482,KBL,11,43,230,377.0,86710.0
2016-01-11,201601112958481,KBL,17,43,100,377.0,37700.0
2016-01-11,201601112958480,KBL,10,48,224,377.0,84448.0
2016-01-11,201601112958457,KBL,48,48,500,377.0,188500.0
2016-01-11,201601112958450,KBL,54,43,100,377.0,37700.0
2016-01-11,201601112958840,KCDBL,22,7,78,190.0,14820.0
2016-01-11,201601112958652,KCDBL,22,11,77,187.0,14399.0
2016-01-11,201601112958647,KCDBL,22,46,14,186.0,2604.0
2016-01-11,201601112958637,KCDBL,22,46,14,186.0,2604.0
2016-01-11,201601112958631,KCDBL,22,46,14,186.0,2604.0
2016-01-11,201601112958536,KMCDB,6,21,10,1432.0,14320.0
2016-01-11,201601112958714,KNBL,22,53,337,295.0,99415.0
2016-01-11,201601112958932,LBL,46,13,77,562.0,43274.0
2016-01-11,201601112958925,LBL,17,13,200,561.0,112200.0
2016-01-11,201601112958685,LBL,59,38,255,565.0,144075.0
2016-01-11,201601112958674,LBL,47,38,100,567.0,56700.0
2016-01-11,201601112958575,LBL,17,17,500,570.0,285000.0
2016-01-11,201601112958559,LBL,47,36,100,567.0,56700.0
2016-01-11,201601112958543,LBL,41,17,50,570.0,28500.0
2016-01-11,201601112958533,LBL,16,17,20,570.0,11400.0
2016-01-11,201601112958532,LBL,16,1,180,570.0,102600.0
2016-01-11,201601112958694,LFLC,26,18,35,222.0,7770.0
2016-01-11,201601112958775,LICN,16,16,20,3564.0,71280.0
2016-01-11,201601112958846,MDB,33,17,80,612.0,48960.0
2016-01-11,201601112958914,MMFDB,44,17,10,2330.0,23300.0
2016-01-11,201601112958913,MMFDB,44,11,10,2330.0,23300.0
2016-01-11,201601112958912,MMFDB,44,21,10,2328.0,23280.0
2016-01-11,201601112958911,MMFDB,44,21,10,2328.0,23280.0
2016-01-11,201601112958910,MMFDB,44,21,10,2328.0,23280.0
2016-01-11,201601112958909,MMFDB,44,25,10,2325.0,23250.0
2016-01-11,201601112958908,MMFDB,44,25,10,2325.0,23250.0
2016-01-11,201601112958907,MMFDB,44,21,10,2325.0,23250.0
2016-01-11,201601112958901,MMFDB,44,58,10,2300.0,23000.0
2016-01-11,201601112958812,MMFDB,44,41,10,2300.0,23000.0
2016-01-11,201601112958518,MMFDB,46,21,10,2325.0,23250.0
2016-01-11,201601112958591,MSBBL,21,43,81,304.0,24624.0
2016-01-11,201601112958472,NABILP,58,17,500,1375.0,687500.0
2016-01-11,201601112958899,NBB,25,8,363,441.0,160083.0
2016-01-11,201601112958898,NBB,25,33,400,440.0,176000.0
2016-01-11,201601112958897,NBB,25,28,500,439.0,219500.0
2016-01-11,201601112958872,NBB,58,58,605,437.0,264385.0
2016-01-11,201601112958851,NBB,14,14,710,435.0,308850.0
2016-01-11,201601112958712,NBB,25,16,500,436.0,218000.0
2016-01-11,201601112958451,NHPC,57,16,500,121.0,60500.0
2016-01-11,201601112958916,NIB,50,49,100,770.0,77000.0
2016-01-11,201601112958915,NIB,21,49,200,771.0,154200.0
2016-01-11,201601112958773,NIB,50,36,300,770.0,231000.0
2016-01-11,201601112958772,NIB,34,36,300,771.0,231300.0
2016-01-11,201601112958771,NIB,39,36,100,772.0,77200.0
2016-01-11,201601112958673,NIB,5,36,300,770.0,231000.0
2016-01-11,201601112958576,NIB,33,17,110,770.0,84700.0
2016-01-11,201601112958523,NIB,11,17,150,770.0,115500.0
2016-01-11,201601112958522,NIB,29,17,100,771.0,77100.0
2016-01-11,201601112958521,NIB,17,17,50,771.0,38550.0
2016-01-11,201601112958520,NIB,50,17,70,772.0,54040.0
2016-01-11,201601112958519,NIB,29,17,20,773.0,15460.0
2016-01-11,201601112958780,NICA,58,29,100,695.0,69500.0
2016-01-11,201601112958636,NICA,58,26,200,695.0,139000.0
2016-01-11,201601112958570,NICA,58,39,353,695.0,245335.0
2016-01-11,201601112958546,NICA,11,28,200,695.0,139000.0
2016-01-11,201601112958826,NIL,41,41,100,836.0,83600.0
2016-01-11,201601112958649,NLBBL,36,28,25,1915.0,47875.0
2016-01-11,201601112958920,NLICL,40,33,18,2450.0,44100.0
2016-01-11,201601112958616,NLICL,11,47,20,2450.0,49000.0
2016-01-11,201601112958566,NLICL,11,11,31,2450.0,75950.0
2016-01-11,201601112958887,NMB,6,50,63,435.0,27405.0
2016-01-11,201601112958764,NMB,49,50,1500,435.0,652500.0
2016-01-11,201601112958629,NMB,33,50,500,435.0,217500.0
2016-01-11,201601112958478,NTC,1,42,200,680.0,136000.0
2016-01-11,201601112958544,OHL,45,33,270,410.0,110700.0
2016-01-11,201601112958917,PURBL,8,8,19,319.0,6061.0
2016-01-11,201601112958906,RBBBL,49,19,13,193.0,2509.0
2016-01-11,201601112958889,RBBBL,16,16,13,193.0,2509.0
2016-01-11,201601112958874,RBBBL,16,16,13,193.0,2509.0
2016-01-11,201601112958866,RBBBL,16,16,13,193.0,2509.0
2016-01-11,201601112958856,RBBBL,16,16,13,193.0,2509.0
2016-01-11,201601112958845,RBBBL,16,16,13,196.0,2548.0
2016-01-11,201601112958528,RBBBL,49,49,12,190.0,2280.0
2016-01-11,201601112958526,RBBBL,49,49,12,190.0,2280.0
2016-01-11,201601112958554,RBBBL,39,1,12,191.0,2292.0
2016-01-11,201601112958552,RBBBL,39,1,12,191.0,2292.0
2016-01-11,201601112958550,RBBBL,39,1,12,191.0,2292.0
2016-01-11,201601112958549,RBBBL,39,1,12,191.0,2292.0
2016-01-11,201601112958547,RBBBL,39,1,12,191.0,2292.0
2016-01-11,201601112958542,RBBBL,49,45,10,190.0,1900.0
2016-01-11,201601112958726,RBBBL,42,49,17,197.0,3349.0
2016-01-11,201601112958725,RBBBL,42,49,51,197.0,10047.0
2016-01-11,201601112958724,RBBBL,42,49,13,197.0,2561.0
2016-01-11,201601112958723,RBBBL,42,6,51,194.0,9894.0
2016-01-11,201601112958718,RBBBL,42,1,10,194.0,1940.0
2016-01-11,201601112958717,RBBBL,42,1,10,194.0,1940.0
2016-01-11,201601112958744,RBBBL,42,28,34,199.0,6766.0
2016-01-11,201601112958743,RBBBL,42,28,34,199.0,6766.0
2016-01-11,201601112958742,RBBBL,42,28,34,199.0,6766.0
2016-01-11,201601112958741,RBBBL,42,28,34,199.0,6766.0
2016-01-11,201601112958740,RBBBL,42,22,10,199.0,1990.0
2016-01-11,201601112958738,RBBBL,42,49,13,197.0,2561.0
2016-01-11,201601112958762,RBBBL,36,36,13,200.0,2600.0
2016-01-11,201601112958759,RBBBL,42,45,13,199.0,2587.0
2016-01-11,201601112958758,RBBBL,42,28,136,199.0,27064.0
2016-01-11,201601112958756,RBBBL,42,28,136,199.0,27064.0
2016-01-11,201601112958755,RBBBL,42,28,136,199.0,27064.0
2016-01-11,201601112958754,RBBBL,42,28,136,199.0,27064.0
2016-01-11,201601112958893,RBCL,45,21,26,6827.0,177502.0
2016-01-11,201601112958836,RBCL,57,48,182,6827.0,1242514.0
2016-01-11,201601112958822,RBCL,49,6,214,6827.0,1460978.0
2016-01-11,201601112958617,RBCL,37,45,14,6827.0,95578.0
2016-01-11,201601112958806,RBCLPO,33,33,20,5624.0,112480.0
2016-01-11,201601112958781,RBCLPO,28,33,10,5514.0,55140.0
2016-01-11,201601112958683,REDBL,38,38,117,306.0,35802.0
2016-01-11,201601112958548,REDBL,58,14,310,300.0,93000.0
2016-01-11,201601112958490,REDBL,38,49,18,300.0,5400.0
2016-01-11,201601112958489,REDBL,38,49,18,300.0,5400.0
2016-01-11,201601112958488,REDBL,38,49,18,300.0,5400.0
2016-01-11,201601112958487,REDBL,38,49,18,300.0,5400.0
2016-01-11,201601112958486,REDBL,38,49,18,300.0,5400.0
2016-01-11,201601112958485,REDBL,38,49,18,300.0,5400.0
2016-01-11,201601112958940,RHPC,36,26,12,350.0,4200.0
2016-01-11,201601112958850,RHPC,36,5,21,350.0,7350.0
2016-01-11,201601112958835,RHPC,17,49,11,350.0,3850.0
2016-01-11,201601112958788,RHPC,50,49,11,350.0,3850.0
2016-01-11,201601112958783,RHPC,17,47,11,357.0,3927.0
2016-01-11,201601112958782,RHPC,17,49,11,350.0,3850.0
2016-01-11,201601112958599,RHPC,43,7,12,346.0,4152.0
2016-01-11,201601112958556,RHPC,25,57,11,346.0,3806.0
2016-01-11,201601112958524,RHPC,34,7,12,345.0,4140.0
2016-01-11,201601112958516,RHPC,42,5,21,350.0,7350.0
2016-01-11,201601112958692,RHPC,17,47,15,355.0,5325.0
2016-01-11,201601112958690,RHPC,17,47,15,355.0,5325.0
2016-01-11,201601112958681,RHPC,17,47,11,351.0,3861.0
2016-01-11,201601112958680,RHPC,17,8,11,350.0,3850.0
2016-01-11,201601112958646,RHPC,42,59,11,345.0,3795.0
2016-01-11,201601112958638,RHPC,34,59,11,346.0,3806.0
2016-01-11,201601112958751,RHPC,17,7,12,359.0,4308.0
2016-01-11,201601112958746,RHPC,17,19,36,356.0,12816.0
2016-01-11,201601112958707,RHPC,17,25,12,357.0,4284.0
2016-01-11,201601112958705,RHPC,17,25,11,357.0,3927.0
2016-01-11,201601112958701,RHPC,17,19,155,356.0,55180.0
2016-01-11,201601112958695,RHPC,17,47,15,355.0,5325.0
2016-01-11,201601112958779,RHPC,17,49,12,350.0,4200.0
2016-01-11,201601112958776,RHPC,17,18,11,351.0,3861.0
2016-01-11,201601112958774,RHPC,17,18,11,351.0,3861.0
2016-01-11,201601112958769,RHPC,17,18,11,351.0,3861.0
2016-01-11,201601112958760,RHPC,17,47,11,358.0,3938.0
2016-01-11,201601112958757,RHPC,17,19,36,358.0,12888.0
2016-01-11,201601112958824,SADBL,45,45,172,398.0,68456.0
2016-01-11,201601112958815,SADBL,36,14,200,394.0,78800.0
2016-01-11,201601112958814,SADBL,36,14,110,394.0,43340.0
2016-01-11,201601112958722,SADBL,29,45,195,397.0,77415.0
2016-01-11,201601112958675,SADBL,29,45,172,397.0,68284.0
2016-01-11,201601112958752,SAFL,50,59,21,183.0,3843.0
2016-01-11,201601112958672,SAFL,11,26,214,184.0,39376.0
2016-01-11,201601112958653,SAFL,11,13,56,183.0,10248.0
2016-01-11,201601112958937,SANIMA,56,28,400,667.0,266800.0
2016-01-11,201601112958573,SBBLJ,32,32,2000,361.0,722000.0
2016-01-11,201601112958763,SBI,40,5,25,1536.0,38400.0
2016-01-11,201601112958739,SBI,16,5,50,1535.0,76750.0
2016-01-11,201601112958719,SBI,21,5,20,1536.0,30720.0
2016-01-11,201601112958619,SBI,6,6,254,1536.0,390144.0
2016-01-11,201601112958938,SEOS,52,52,100,9.54,954.0
2016-01-11,201601112958928,SEOS,52,52,100,9.54,954.0
2016-01-11,201601112958919,SEOS,52,52,100,9.54,954.0
2016-01-11,201601112958861,SEOS,52,52,400,9.73,3892.0
2016-01-11,201601112958825,SEOS,52,52,100,9.54,954.0
2016-01-11,201601112958789,SEOS,52,52,200,9.73,1946.0
2016-01-11,201601112958594,SHPC,36,49,200,850.0,170000.0
2016-01-11,201601112958593,SHPC,36,44,200,850.0,170000.0
2016-01-11,201601112958592,SHPC,36,45,100,850.0,85000.0
2016-01-11,201601112958586,SHPC,36,45,18,850.0,15300.0
2016-01-11,201601112958584,SHPC,36,45,18,850.0,15300.0
2016-01-11,201601112958571,SHPC,44,58,254,845.0,214630.0
2016-01-11,201601112958501,SHPC,36,45,18,850.0,15300.0
2016-01-11,201601112958475,SHPC,44,44,802,850.0,681700.0
2016-01-11,201601112958811,SIL,47,38,100,1000.0,100000.0
2016-01-11,201601112958810,SIL,14,38,100,1000.0,100000.0
2016-01-11,201601112958809,SIL,14,38,10,1000.0,10000.0
2016-01-11,201601112958802,SIL,14,38,90,1000.0,90000.0
2016-01-11,201601112958708,SLICL,6,28,10000,760.0,7600000.0
2016-01-11,201601112958927,SUBBL,49,47,37,438.0,16206.0
2016-01-11,201601112958698,SUBBL,45,47,37,438.0,16206.0
2016-01-11,201601112958654,SUBBL,45,37,200,438.0,87600.0
2016-01-11,201601112958626,SUBBL,49,21,38,439.0,16682.0
2016-01-11,201601112958711,SWBBL,44,16,100,1910.0,191000.0
2016-01-11,201601112958885,SYFL,29,51,21,101.0,2121.0
2016-01-11,201601112958750,TBBL,43,26,10,237.0,2370.0
2016-01-11,201601112958735,TBBL,43,26,10,237.0,2370.0
2016-01-11,201601112958484,UIC,54,18,34,500.0,17000.0
2016-01-11,201601112958466,UIC,16,17,300,505.0,151500.0
2016-01-11,201601112958465,UIC,14,17,100,506.0,50600.0
2016-01-11,201601112958939,VLBS,6,48,12,1151.0,13812.0
2016-01-11,201601112958935,VLBS,44,48,10,1150.0,11500.0
2016-01-11,201601112958924,VLBS,44,48,10,1150.0,11500.0
2016-01-11,201601112958903,VLBS,44,48,10,1150.0,11500.0
2016-01-11,201601112958855,VLBS,17,17,10,1153.0,11530.0
2016-01-11,201601112958854,VLBS,44,7,10,1150.0,11500.0
2016-01-11,201601112958494,VLBS,16,56,23,1151.0,26473.0
2016-01-11,201601112958493,VLBS,16,32,10,1151.0,11510.0
2016-01-11,201601112958445,VLBS,56,7,10,1151.0,11510.0
2016-01-11,201601112958608,VLBS,44,7,10,1151.0,11510.0
2016-01-11,201601112958589,VLBS,44,7,10,1151.0,11510.0
2016-01-11,201601112958568,VLBS,44,49,10,1151.0,11510.0
2016-01-11,201601112958539,VLBS,16,49,10,1151.0,11510.0
2016-01-11,201601112958515,VLBS,16,49,10,1151.0,11510.0
2016-01-11,201601112958510,VLBS,16,49,10,1151.0,11510.0
2016-01-11,201601112958648,VLBS,58,35,1000,1165.0,1165000.0
2016-01-11,201601112958633,VLBS,44,58,10,1150.0,11500.0
2016-01-11,201601112958625,VLBS,44,55,12,1151.0,13812.0
2016-01-11,201601112958624,VLBS,44,1,10,1151.0,11510.0
2016-01-11,201601112958623,VLBS,44,7,10,1151.0,11510.0
2016-01-11,201601112958613,VLBS,44,7,10,1151.0,11510.0
2016-01-11,201601112958847,VLBS,44,26,10,1150.0,11500.0
2016-01-11,201601112958796,VLBS,44,41,10,1150.0,11500.0
2016-01-11,201601112958669,VLBS,58,29,12,1155.0,13860.0
2016-01-11,201601112958665,VLBS,58,56,23,1154.0,26542.0
2016-01-11,201601112958664,VLBS,58,1,10,1151.0,11510.0
2016-01-11,201601112958651,VLBS,58,55,12,1151.0,13812.0
2016-01-11,201601112959271,ACEDBL,20,47,142,312.0,44304.0
2016-01-11,201601112959207,ACEDBL,36,32,1000,310.0,310000.0
2016-01-11,201601112959118,ACEDBL,40,32,1000,310.0,310000.0
2016-01-11,201601112958945,ACEDBL,36,32,500,310.0,155000.0
2016-01-11,201601112958944,ACEDBL,36,53,200,310.0,62000.0
2016-01-11,201601112959005,ADBL,25,45,230,520.0,119600.0
2016-01-11,201601112959004,ADBL,25,56,160,520.0,83200.0
2016-01-11,201601112959003,ADBL,25,53,500,520.0,260000.0
2016-01-11,201601112958994,ADBL,25,36,500,519.0,259500.0
2016-01-11,201601112958984,ADBL,25,56,26,518.0,13468.0
2016-01-11,201601112959387,AHPC,13,17,66,256.0,16896.0
2016-01-11,201601112959106,AHPC,43,1,23,255.0,5865.0
2016-01-11,201601112959070,AHPC,1,17,34,256.0,8704.0
2016-01-11,201601112959054,AHPC,13,49,90,256.0,23040.0
2016-01-11,201601112959439,API,59,43,26,371.0,9646.0
2016-01-11,201601112959438,API,59,59,16,372.0,5952.0
2016-01-11,201601112959432,API,1,42,10,370.0,3700.0
2016-01-11,201601112959430,API,39,29,26,370.0,9620.0
2016-01-11,201601112959429,API,59,1,16,372.0,5952.0
2016-01-11,201601112959427,API,59,59,16,372.0,5952.0
2016-01-11,201601112958947,API,5,44,16,371.0,5936.0
2016-01-11,201601112958964,API,44,18,16,370.0,5920.0
2016-01-11,201601112958961,API,44,44,16,370.0,5920.0
2016-01-11,201601112958960,API,43,18,16,371.0,5936.0
2016-01-11,201601112958953,API,44,44,16,370.0,5920.0
2016-01-11,201601112958952,API,44,18,16,370.0,5920.0
2016-01-11,201601112958948,API,44,18,16,370.0,5920.0
2016-01-11,201601112958985,API,44,44,16,370.0,5920.0
2016-01-11,201601112958977,API,44,18,16,370.0,5920.0
2016-01-11,201601112958976,API,46,44,16,371.0,5936.0
2016-01-11,201601112958975,API,43,43,16,371.0,5936.0
2016-01-11,201601112958972,API,44,18,16,370.0,5920.0
2016-01-11,201601112958970,API,44,44,16,370.0,5920.0
2016-01-11,201601112959009,API,44,18,16,370.0,5920.0
2016-01-11,201601112959000,API,43,18,16,371.0,5936.0
2016-01-11,201601112958995,API,6,43,16,371.0,5936.0
2016-01-11,201601112958991,API,37,48,26,371.0,9646.0
2016-01-11,201601112958990,API,44,18,16,370.0,5920.0
2016-01-11,201601112958989,API,44,44,16,370.0,5920.0
2016-01-11,201601112959033,API,37,59,16,371.0,5936.0
2016-01-11,201601112959028,API,46,59,16,372.0,5952.0
2016-01-11,201601112959024,API,37,59,16,371.0,5936.0
2016-01-11,201601112959015,API,37,48,26,371.0,9646.0
2016-01-11,201601112959014,API,44,42,16,370.0,5920.0
2016-01-11,201601112959011,API,44,59,16,370.0,5920.0
2016-01-11,201601112959066,API,44,44,16,370.0,5920.0
2016-01-11,201601112959060,API,45,59,16,372.0,5952.0
2016-01-11,201601112959059,API,44,44,16,370.0,5920.0
2016-01-11,201601112959051,API,44,44,16,370.0,5920.0
2016-01-11,201601112959047,API,43,43,16,371.0,5936.0
2016-01-11,201601112959042,API,44,44,16,370.0,5920.0
2016-01-11,201601112959094,API,44,44,16,370.0,5920.0
2016-01-11,201601112959091,API,44,44,16,370.0,5920.0
2016-01-11,201601112959088,API,47,35,26,371.0,9646.0
2016-01-11,201601112959087,API,45,48,26,371.0,9646.0
2016-01-11,201601112959076,API,44,42,16,370.0,5920.0
2016-01-11,201601112959074,API,37,44,16,371.0,5936.0
2016-01-11,201601112959119,API,1,36,16,371.0,5936.0
2016-01-11,201601112959117,API,1,44,16,371.0,5936.0
2016-01-11,201601112959116,API,47,48,26,371.0,9646.0
2016-01-11,201601112959113,API,44,44,16,370.0,5920.0
2016-01-11,201601112959109,API,44,44,16,370.0,5920.0
2016-01-11,201601112959101,API,44,44,16,370.0,5920.0
2016-01-11,201601112959156,API,44,44,16,370.0,5920.0
2016-01-11,201601112959151,API,44,44,16,370.0,5920.0
2016-01-11,201601112959142,API,44,44,16,370.0,5920.0
2016-01-11,201601112959132,API,5,36,16,371.0,5936.0
2016-01-11,201601112959129,API,44,44,16,370.0,5920.0
2016-01-11,201601112959121,API,44,44,16,370.0,5920.0
2016-01-11,201601112959185,API,44,36,10,370.0,3700.0
2016-01-11,201601112959182,API,44,29,26,370.0,9620.0
2016-01-11,201601112959181,API,42,59,16,371.0,5936.0
2016-01-11,201601112959176,API,38,36,10,373.0,3730.0
2016-01-11,201601112959169,API,44,59,16,370.0,5920.0
2016-01-11,201601112959159,API,47,59,16,372.0,5952.0
2016-01-11,201601112959215,API,47,36,10,371.0,3710.0
2016-01-11,201601112959209,API,44,29,26,370.0,9620.0
2016-01-11,201601112959204,API,44,59,16,370.0,5920.0
2016-01-11,201601112959201,API,44,29,26,370.0,9620.0
2016-01-11,201601112959199,API,44,59,16,370.0,5920.0
2016-01-11,201601112959193,API,44,29,26,370.0,9620.0
2016-01-11,201601112959230,API,42,1,16,371.0,5936.0
2016-01-11,201601112959228,API,41,29,26,370.0,9620.0
2016-01-11,201601112959223,API,41,59,16,370.0,5920.0
2016-01-11,201601112959220,API,44,29,26,370.0,9620.0
2016-01-11,201601112959217,API,47,59,16,372.0,5952.0
2016-01-11,201601112959216,API,47,36,10,371.0,3710.0
2016-01-11,201601112959239,API,5,29,26,370.0,9620.0
2016-01-11,201601112959237,API,38,59,16,372.0,5952.0
2016-01-11,201601112959236,API,42,1,16,371.0,5936.0
2016-01-11,201601112959235,API,41,29,26,370.0,9620.0
2016-01-11,201601112959232,API,42,36,10,371.0,3710.0
2016-01-11,201601112959231,API,42,36,10,371.0,3710.0
2016-01-11,201601112959257,API,42,1,13,371.0,4823.0
2016-01-11,201601112959254,API,42,18,16,371.0,5936.0
2016-01-11,201601112959253,API,42,36,10,371.0,3710.0
2016-01-11,201601112959252,API,5,29,26,370.0,9620.0
2016-01-11,201601112959244,API,5,29,26,370.0,9620.0
2016-01-11,201601112959240,API,38,36,10,372.0,3720.0
2016-01-11,201601112959278,API,1,18,16,370.0,5920.0
2016-01-11,201601112959270,API,42,17,10,371.0,3710.0
2016-01-11,201601112959268,API,5,29,26,370.0,9620.0
2016-01-11,201601112959264,API,5,29,26,370.0,9620.0
2016-01-11,201601112959263,API,1,18,13,370.0,4810.0
2016-01-11,201601112959259,API,5,29,26,370.0,9620.0
2016-01-11,201601112959288,API,26,26,26,371.0,9646.0
2016-01-11,201601112959287,API,26,26,26,371.0,9646.0
2016-01-11,201601112959286,API,26,26,26,371.0,9646.0
2016-01-11,201601112959285,API,1,18,16,370.0,5920.0
2016-01-11,201601112959283,API,46,48,26,371.0,9646.0
2016-01-11,201601112959281,API,5,29,26,370.0,9620.0
2016-01-11,201601112959301,API,46,36,10,371.0,3710.0
2016-01-11,201601112959300,API,46,36,10,371.0,3710.0
2016-01-11,201601112959299,API,1,18,16,370.0,5920.0
2016-01-11,201601112959295,API,36,26,26,371.0,9646.0
2016-01-11,201601112959294,API,5,29,26,370.0,9620.0
2016-01-11,201601112959289,API,5,29,26,370.0,9620.0
2016-01-11,201601112959311,API,46,29,26,371.0,9646.0
2016-01-11,201601112959310,API,59,1,26,372.0,9672.0
2016-01-11,201601112959309,API,26,48,26,371.0,9646.0
2016-01-11,201601112959307,API,59,1,26,372.0,9672.0
2016-01-11,201601112959303,API,36,29,26,371.0,9646.0
2016-01-11,201601112959302,API,59,1,16,371.0,5936.0
2016-01-11,201601112959322,API,36,50,16,372.0,5952.0
2016-01-11,201601112959321,API,36,50,16,372.0,5952.0
2016-01-11,201601112959320,API,36,17,10,372.0,3720.0
2016-01-11,201601112959318,API,5,29,26,370.0,9620.0
2016-01-11,201601112959316,API,1,59,16,370.0,5920.0
2016-01-11,201601112959314,API,1,18,16,370.0,5920.0
2016-01-11,201601112959352,API,1,10,16,370.0,5920.0
2016-01-11,201601112959346,API,46,17,10,371.0,3710.0
2016-01-11,201601112959344,API,5,29,26,370.0,9620.0
2016-01-11,201601112959339,API,7,29,26,371.0,9646.0
2016-01-11,201601112959332,API,46,50,16,372.0,5952.0
2016-01-11,201601112959328,API,1,59,16,370.0,5920.0
2016-01-11,201601112959366,API,50,50,16,372.0,5952.0
2016-01-11,201601112959365,API,50,50,16,372.0,5952.0
2016-01-11,201601112959364,API,7,29,26,371.0,9646.0
2016-01-11,201601112959358,API,1,59,16,370.0,5920.0
2016-01-11,201601112959357,API,7,29,26,371.0,9646.0
2016-01-11,201601112959353,API,5,29,26,370.0,9620.0
2016-01-11,201601112959380,API,50,29,26,372.0,9672.0
2016-01-11,201601112959379,API,45,17,10,372.0,3720.0
2016-01-11,201601112959377,API,1,59,16,370.0,5920.0
2016-01-11,201601112959375,API,5,29,26,370.0,9620.0
2016-01-11,201601112959371,API,50,50,16,372.0,5952.0
2016-01-11,201601112959368,API,1,59,16,370.0,5920.0
2016-01-11,201601112959393,API,50,29,26,372.0,9672.0
2016-01-11,201601112959390,API,50,17,10,372.0,3720.0
2016-01-11,201601112959389,API,47,29,26,372.0,9672.0
2016-01-11,201601112959386,API,45,43,26,373.0,9698.0
2016-01-11,201601112959384,API,7,29,26,371.0,9646.0
2016-01-11,201601112959383,API,45,17,10,372.0,3720.0
2016-01-11,201601112959411,API,18,17,26,371.0,9646.0
2016-01-11,201601112959408,API,18,10,26,371.0,9646.0
2016-01-11,201601112959399,API,5,29,26,370.0,9620.0
2016-01-11,201601112959398,API,45,17,26,371.0,9646.0
2016-01-11,201601112959396,API,5,29,26,370.0,9620.0
2016-01-11,201601112959394,API,18,59,16,371.0,5936.0
2016-01-11,201601112959426,API,18,29,26,371.0,9646.0
2016-01-11,201601112959425,API,59,1,16,372.0,5952.0
2016-01-11,201601112959423,API,18,17,10,371.0,3710.0
2016-01-11,201601112959419,API,59,17,16,371.0,5936.0
2016-01-11,201601112959418,API,39,29,26,370.0,9620.0
2016-01-11,201601112959412,API,39,29,26,370.0,9620.0
2016-01-11,201601112959406,BARUN,32,21,10,270.0,2700.0
2016-01-11,201601112959405,BARUN,32,21,10,270.0,2700.0
2016-01-11,201601112959363,BARUN,18,18,10,274.0,2740.0
2016-01-11,201601112959362,BARUN,18,18,10,274.0,2740.0
2016-01-11,201601112959327,BARUN,32,1,10,270.0,2700.0
2016-01-11,201601112959279,BARUN,28,28,10,274.0,2740.0
2016-01-11,201601112959029,BARUN,48,41,10,270.0,2700.0
2016-01-11,201601112959022,BARUN,48,41,10,270.0,2700.0
2016-01-11,201601112958942,BARUN,21,21,10,272.0,2720.0
2016-01-11,201601112958941,BARUN,21,21,10,272.0,2720.0
2016-01-11,201601112959165,BARUN,45,45,10,274.0,2740.0
2016-01-11,201601112959164,BARUN,45,45,10,274.0,2740.0
2016-01-11,201601112959163,BARUN,45,45,10,274.0,2740.0
2016-01-11,201601112959162,BARUN,45,45,10,274.0,2740.0
2016-01-11,201601112959161,BARUN,45,45,10,274.0,2740.0
2016-01-11,201601112959043,BARUN,32,41,10,270.0,2700.0
2016-01-11,201601112959374,BFCL,21,21,59,125.0,7375.0
2016-01-11,201601112959335,BFCL,46,36,25,127.0,3175.0
2016-01-11,201601112959224,BFCL,21,21,59,125.0,7375.0
2016-01-11,201601112959205,BFCL,21,21,59,125.0,7375.0
2016-01-11,201601112959128,BFCL,21,21,59,125.0,7375.0
2016-01-11,201601112959099,BFCL,21,21,59,125.0,7375.0
2016-01-11,201601112958999,BFCL,36,36,20,127.0,2540.0
2016-01-11,201601112958996,BFCL,36,36,59,127.0,7493.0
2016-01-11,201601112958993,BFCL,36,36,59,127.0,7493.0
2016-01-11,201601112959048,BFCL,43,36,25,125.0,3125.0
2016-01-11,201601112959041,BFCL,48,36,31,126.0,3906.0
2016-01-11,201601112959039,BFCL,36,36,14,127.0,1778.0
2016-01-11,201601112959010,BFCL,48,36,31,126.0,3906.0
2016-01-11,201601112959001,BFCL,36,36,20,127.0,2540.0
2016-01-11,201601112959262,CBL,43,47,500,243.0,121500.0
2016-01-11,201601112959261,CBL,59,47,100,245.0,24500.0
2016-01-11,201601112959260,CBL,46,47,200,247.0,49400.0
2016-01-11,201601112959122,CCBL,25,25,107,308.0,32956.0
2016-01-11,201601112959388,CHCL,7,38,100,1254.0,125400.0
2016-01-11,201601112959361,CHCL,7,7,78,1253.0,97734.0
2016-01-11,201601112959213,CHCL,22,50,23,1246.0,28658.0
2016-01-11,201601112959100,CHCL,17,47,396,1249.0,494604.0
2016-01-11,201601112959031,CHCL,48,50,500,1250.0,625000.0
2016-01-11,201601112959030,CHCL,50,47,200,1248.0,249600.0
2016-01-11,201601112959017,CHCL,48,45,28,1250.0,35000.0
2016-01-11,201601112959436,CIT,45,48,50,4280.0,214000.0
2016-01-11,201601112959255,CSDBL,48,16,300,335.0,100500.0
2016-01-11,201601112959360,CZBIL,17,33,100,594.0,59400.0
2016-01-11,201601112959351,CZBIL,26,6,500,594.0,297000.0
2016-01-11,201601112959032,DBBL,25,26,102,187.0,19074.0
2016-01-11,201601112959431,DDBL,6,14,100,1650.0,165000.0
2016-01-11,201601112959248,EBL,25,25,100,2080.0,208000.0
2016-01-11,201601112959166,EBL,20,14,74,2075.0,153550.0
2016-01-11,201601112959114,EBL,29,55,185,2065.0,382025.0
2016-01-11,201601112959391,GBBL,21,17,129,310.0,39990.0
2016-01-11,201601112959292,GBBL,21,21,80,304.0,24320.0
2016-01-11,201601112959013,GBBL,14,14,2808,299.0,839592.0
2016-01-11,201601112959136,GBIME,17,33,53,396.0,20988.0
2016-01-11,201601112958958,GBIME,11,14,41,394.0,16154.0
2016-01-11,201601112959382,GDBL,42,47,1000,360.0,360000.0
2016-01-11,201601112959381,GDBL,14,47,20,360.0,7200.0
2016-01-11,201601112959416,HGI,6,56,200,703.0,140600.0
2016-01-11,201601112959265,HGI,49,41,200,710.0,142000.0
2016-01-11,201601112959208,HGI,16,38,200,711.0,142200.0
2016-01-11,201601112959175,HGI,16,16,56,715.0,40040.0
2016-01-11,201601112958955,HGI,49,55,200,710.0,142000.0
2016-01-11,201601112959435,ILFCM,50,50,10,890.0,8900.0
2016-01-11,201601112959434,ILFCM,50,50,10,890.0,8900.0
2016-01-11,201601112959433,ILFCM,50,50,10,890.0,8900.0
2016-01-11,201601112959369,ILFCM,26,29,15,895.0,13425.0
2016-01-11,201601112959359,ILFCM,26,29,15,895.0,13425.0
2016-01-11,201601112959350,ILFCM,45,45,15,894.0,13410.0
2016-01-11,201601112958943,ILFCM,50,29,15,895.0,13425.0
2016-01-11,201601112959058,ILFCM,59,29,15,895.0,13425.0
2016-01-11,201601112959055,ILFCM,6,41,15,890.0,13350.0
2016-01-11,201601112959049,ILFCM,37,41,15,890.0,13350.0
2016-01-11,201601112959046,ILFCM,37,11,10,890.0,8900.0
2016-01-11,201601112958983,ILFCM,37,7,10,890.0,8900.0
2016-01-11,201601112958959,ILFCM,50,29,15,895.0,13425.0
2016-01-11,201601112959103,ILFCM,59,29,15,895.0,13425.0
2016-01-11,201601112959098,ILFCM,59,29,15,895.0,13425.0
2016-01-11,201601112959082,ILFCM,50,11,10,889.0,8890.0
2016-01-11,201601112959081,ILFCM,59,29,15,895.0,13425.0
2016-01-11,201601112959071,ILFCM,59,29,15,895.0,13425.0
2016-01-11,201601112959067,ILFCM,59,29,15,895.0,13425.0
2016-01-11,201601112959133,ILFCM,59,29,15,895.0,13425.0
2016-01-11,201601112959126,ILFCM,59,29,15,895.0,13425.0
2016-01-11,201601112959125,ILFCM,50,11,10,889.0,8890.0
2016-01-11,201601112959115,ILFCM,59,29,15,895.0,13425.0
2016-01-11,201601112959112,ILFCM,59,29,15,895.0,13425.0
2016-01-11,201601112959108,ILFCM,59,29,15,895.0,13425.0
2016-01-11,201601112959144,ILFCM,50,29,15,895.0,13425.0
2016-01-11,201601112959143,ILFCM,26,11,10,890.0,8900.0
2016-01-11,201601112959141,ILFCM,59,29,15,895.0,13425.0
2016-01-11,201601112959139,ILFCM,26,7,15,890.0,13350.0
2016-01-11,201601112959137,ILFCM,59,29,15,895.0,13425.0
2016-01-11,201601112959135,ILFCM,59,29,15,895.0,13425.0
2016-01-11,201601112959168,ILFCM,50,29,15,895.0,13425.0
2016-01-11,201601112959157,ILFCM,59,29,15,895.0,13425.0
2016-01-11,201601112959155,ILFCM,50,29,15,895.0,13425.0
2016-01-11,201601112959154,ILFCM,50,29,15,895.0,13425.0
2016-01-11,201601112959153,ILFCM,59,29,15,895.0,13425.0
2016-01-11,201601112959150,ILFCM,59,29,15,895.0,13425.0
2016-01-11,201601112959194,ILFCM,59,32,10,894.0,8940.0
2016-01-11,201601112959191,ILFCM,59,29,15,895.0,13425.0
2016-01-11,201601112959184,ILFCM,59,29,15,895.0,13425.0
2016-01-11,201601112959178,ILFCM,59,29,15,895.0,13425.0
2016-01-11,201601112959172,ILFCM,59,29,15,895.0,13425.0
2016-01-11,201601112959170,ILFCM,59,29,15,895.0,13425.0
2016-01-11,201601112959212,ILFCM,59,29,15,895.0,13425.0
2016-01-11,201601112959211,ILFCM,59,32,10,894.0,8940.0
2016-01-11,201601112959210,ILFCM,26,11,10,890.0,8900.0
2016-01-11,201601112959206,ILFCM,59,29,15,895.0,13425.0
2016-01-11,201601112959202,ILFCM,26,42,10,890.0,8900.0
2016-01-11,201601112959195,ILFCM,59,29,15,895.0,13425.0
2016-01-11,201601112959246,ILFCM,59,32,10,894.0,8940.0
2016-01-11,201601112959245,ILFCM,59,32,10,894.0,8940.0
2016-01-11,201601112959242,ILFCM,59,45,15,894.0,13410.0
2016-01-11,201601112959227,ILFCM,26,42,10,890.0,8900.0
2016-01-11,201601112959219,ILFCM,26,18,10,890.0,8900.0
2016-01-11,201601112959218,ILFCM,59,29,15,895.0,13425.0
2016-01-11,201601112959291,ILFCM,16,59,15,880.0,13200.0
2016-01-11,201601112959276,ILFCM,50,59,15,885.0,13275.0
2016-01-11,201601112959258,ILFCM,50,59,15,889.0,13335.0
2016-01-11,201601112959256,ILFCM,59,29,15,895.0,13425.0
2016-01-11,201601112959249,ILFCM,59,29,15,895.0,13425.0
2016-01-11,201601112959247,ILFCM,59,39,10,895.0,8950.0
2016-01-11,201601112959331,ILFCM,52,52,10,878.0,8780.0
2016-01-11,201601112959324,ILFCM,52,52,10,878.0,8780.0
2016-01-11,201601112959317,ILFCM,52,52,10,878.0,8780.0
2016-01-11,201601112959312,ILFCM,52,52,10,878.0,8780.0
2016-01-11,201601112959304,ILFCM,52,52,10,878.0,8780.0
2016-01-11,201601112959293,ILFCM,26,7,10,890.0,8900.0
2016-01-11,201601112959349,ILFCM,45,45,15,894.0,13410.0
2016-01-11,201601112959348,ILFCM,45,1,10,894.0,8940.0
2016-01-11,201601112959347,ILFCM,45,45,15,894.0,13410.0
2016-01-11,201601112959343,ILFCM,45,45,15,894.0,13410.0
2016-01-11,201601112959340,ILFCM,52,52,10,878.0,8780.0
2016-01-11,201601112959336,ILFCM,52,52,10,878.0,8780.0
2016-01-11,201601112959373,KBL,29,29,400,395.0,158000.0
2016-01-11,201601112959370,KBL,43,28,330,392.0,129360.0
2016-01-11,201601112959298,KBL,14,17,279,394.0,109926.0
2016-01-11,201601112959251,KBL,14,39,200,390.0,78000.0
2016-01-11,201601112959241,KBL,14,56,234,388.0,90792.0
2016-01-11,201601112959200,KBL,20,26,200,387.0,77400.0
2016-01-11,201601112959148,KBL,14,39,500,385.0,192500.0
2016-01-11,201601112959147,KBL,14,17,500,385.0,192500.0
2016-01-11,201601112959146,KBL,14,45,300,385.0,115500.0
2016-01-11,201601112959061,KBL,51,56,236,383.0,90388.0
2016-01-11,201601112959008,KBL,41,39,200,383.0,76600.0
2016-01-11,201601112958957,KBL,13,56,200,382.0,76400.0
2016-01-11,201601112959158,KCDBL,22,51,301,184.0,55384.0
2016-01-11,201601112959084,KCDBL,52,52,10,187.0,1870.0
2016-01-11,201601112959064,KCDBL,52,52,10,187.0,1870.0
2016-01-11,201601112959267,KMCDB,44,44,500,1485.0,742500.0
2016-01-11,201601112959183,KMCDB,6,44,22,1460.0,32120.0
2016-01-11,201601112959424,KMFL,48,55,10,512.0,5120.0
2016-01-11,201601112959401,KMFL,48,55,10,512.0,5120.0
2016-01-11,201601112959355,KMFL,48,55,10,502.0,5020.0
2016-01-11,201601112959313,KMFL,22,55,10,493.0,4930.0
2016-01-11,201601112959338,LBL,46,47,168,561.0,94248.0
2016-01-11,201601112959334,LBL,5,51,135,564.0,76140.0
2016-01-11,201601112959197,LBL,17,17,50,565.0,28250.0
2016-01-11,201601112959180,LBL,22,17,20,565.0,11300.0
2016-01-11,201601112959179,LBL,13,17,30,566.0,16980.0
2016-01-11,201601112959016,LBL,11,36,156,563.0,87828.0
2016-01-11,201601112958962,LBL,20,56,45000,560.0,25200000.0
2016-01-11,201601112959415,MBBL,42,45,300,202.0,60600.0
2016-01-11,201601112959409,MDB,46,21,200,600.0,120000.0
2016-01-11,201601112959214,MMFDB,47,14,10,2320.0,23200.0
2016-01-11,201601112959189,MMFDB,47,10,10,2315.0,23150.0
2016-01-11,201601112959090,MPFL,28,50,20,130.0,2600.0
2016-01-11,201601112959057,MSBBL,26,43,41,310.0,12710.0
2016-01-11,201601112959127,NABIL,21,26,200,1835.0,367000.0
2016-01-11,201601112959086,NABIL,26,58,13,1825.0,23725.0
2016-01-11,201601112959079,NABIL,26,58,60,1825.0,109500.0
2016-01-11,201601112959078,NABIL,45,58,100,1826.0,182600.0
2016-01-11,201601112959077,NABIL,42,58,70,1827.0,127890.0
2016-01-11,201601112959274,NABILP,49,17,200,1375.0,275000.0
2016-01-11,201601112959273,NABILP,56,17,100,1375.0,137500.0
2016-01-11,201601112959272,NABILP,56,17,200,1375.0,275000.0
2016-01-11,201601112959203,NBB,25,57,250,440.0,110000.0
2016-01-11,201601112959145,NBB,25,57,952,436.0,415072.0
2016-01-11,201601112959072,NBL,33,21,1000,303.0,303000.0
2016-01-11,201601112959140,NHPC,42,16,1000,120.0,120000.0
2016-01-11,201601112959397,NIB,33,45,14,771.0,10794.0
2016-01-11,201601112959167,NIB,50,28,300,772.0,231600.0
2016-01-11,201601112959130,NIB,50,45,200,772.0,154400.0
2016-01-11,201601112958951,NIB,50,55,50,770.0,38500.0
2016-01-11,201601112958950,NIB,45,55,50,772.0,38600.0
2016-01-11,201601112959297,NIBPO,47,19,300,665.0,199500.0
2016-01-11,201601112959275,NIBPO,47,58,1000,660.0,660000.0
2016-01-11,201601112959177,NIBPO,47,55,1000,652.0,652000.0
2016-01-11,201601112958982,NIBPO,56,53,200,649.0,129800.0
2016-01-11,201601112958981,NIBPO,46,53,100,650.0,65000.0
2016-01-11,201601112958980,NIBPO,21,53,200,651.0,130200.0
2016-01-11,201601112958979,NIBPO,10,53,500,652.0,326000.0
2016-01-11,201601112958949,NIBPO,56,53,500,652.0,326000.0
2016-01-11,201601112959226,NICA,58,33,100,695.0,69500.0
2016-01-11,201601112959225,NICA,39,33,100,696.0,69600.0
2016-01-11,201601112959337,NLIC,59,53,200,3340.0,668000.0
2016-01-11,201601112959296,NLICL,48,34,93,2444.0,227292.0
2016-01-11,201601112959123,NLICL,10,11,283,2440.0,690520.0
2016-01-11,201601112959050,NLICL,10,21,150,2440.0,366000.0
2016-01-11,201601112959420,NMB,38,42,1000,438.0,438000.0
2016-01-11,201601112959280,NMB,38,56,24,438.0,10512.0
2016-01-11,201601112958992,NMB,49,49,300,435.0,130500.0
2016-01-11,201601112959198,NMBSF1,43,13,2610,9.91,25865.1
2016-01-11,201601112959407,PADBL,41,14,86,325.0,27950.0
2016-01-11,201601112959329,PIC,8,8,44,889.0,39116.0
2016-01-11,201601112959306,PIC,8,8,44,890.0,39160.0
2016-01-11,201601112959107,PIC,45,11,56,890.0,49840.0
2016-01-11,201601112959413,PLIC,56,57,194,1550.0,300700.0
2016-01-11,201601112959404,PLIC,1,40,100,1550.0,155000.0
2016-01-11,201601112959403,PLIC,1,57,300,1540.0,462000.0
2016-01-11,201601112959402,PLIC,21,57,600,1540.0,924000.0
2016-01-11,201601112959111,PLIC,56,36,100,1550.0,155000.0
2016-01-11,201601112959110,PLIC,56,19,100,1550.0,155000.0
2016-01-11,201601112959040,PLIC,53,36,100,1549.0,154900.0
2016-01-11,201601112959186,PURBL,46,40,100,325.0,32500.0
2016-01-11,201601112959440,RBBBL,22,44,13,193.0,2509.0
2016-01-11,201601112959437,RBBBL,22,44,13,193.0,2509.0
2016-01-11,201601112959428,RBBBL,22,44,13,193.0,2509.0
2016-01-11,201601112959422,RBBBL,22,44,13,193.0,2509.0
2016-01-11,201601112959421,RBBBL,40,44,13,193.0,2509.0
2016-01-11,201601112959414,RBBBL,40,44,13,193.0,2509.0
2016-01-11,201601112959062,RBBBL,42,45,13,191.0,2483.0
2016-01-11,201601112959053,RBBBL,39,45,13,191.0,2483.0
2016-01-11,201601112959044,RBBBL,22,45,13,193.0,2509.0
2016-01-11,201601112959025,RBBBL,17,17,13,195.0,2535.0
2016-01-11,201601112959007,RBBBL,49,19,17,193.0,3281.0
2016-01-11,201601112959149,RBBBL,42,44,13,191.0,2483.0
2016-01-11,201601112959138,RBBBL,42,44,13,191.0,2483.0
2016-01-11,201601112959134,RBBBL,42,44,13,191.0,2483.0
2016-01-11,201601112959089,RBBBL,42,44,13,191.0,2483.0
2016-01-11,201601112959073,RBBBL,42,44,13,191.0,2483.0
2016-01-11,201601112959069,RBBBL,42,35,10,191.0,1910.0
2016-01-11,201601112959319,RBBBL,49,44,13,193.0,2509.0
2016-01-11,201601112959284,RBBBL,40,6,12,194.0,2328.0
2016-01-11,201601112959277,RBBBL,22,44,16,192.0,3072.0
2016-01-11,201601112959266,RBBBL,39,44,13,192.0,2496.0
2016-01-11,201601112959196,RBBBL,39,44,13,192.0,2496.0
2016-01-11,201601112959160,RBBBL,39,44,13,192.0,2496.0
2016-01-11,201601112959372,RBBBL,22,44,13,193.0,2509.0
2016-01-11,201601112959356,RBBBL,49,44,13,193.0,2509.0
2016-01-11,201601112959341,RBBBL,43,44,13,193.0,2509.0
2016-01-11,201601112959330,RBBBL,40,44,13,193.0,2509.0
2016-01-11,201601112959326,RBBBL,43,44,13,194.0,2522.0
2016-01-11,201601112959325,RBBBL,49,44,13,194.0,2522.0
2016-01-11,201601112959410,RBBBL,40,44,13,193.0,2509.0
2016-01-11,201601112959400,RBBBL,22,44,13,193.0,2509.0
2016-01-11,201601112959395,RBBBL,22,44,13,193.0,2509.0
2016-01-11,201601112959392,RBBBL,22,44,13,193.0,2509.0
2016-01-11,201601112959385,RBBBL,22,44,13,193.0,2509.0
2016-01-11,201601112959378,RBBBL,22,44,13,193.0,2509.0
2016-01-11,201601112959171,RBCL,57,21,99,6827.0,675873.0
2016-01-11,201601112959233,RHPC,17,16,12,354.0,4248.0
2016-01-11,201601112959222,RHPC,17,7,12,352.0,4224.0
2016-01-11,201601112959152,RHPC,49,7,12,347.0,4164.0
2016-01-11,201601112959124,RHPC,17,22,12,348.0,4176.0
2016-01-11,201601112959120,RHPC,22,7,12,348.0,4176.0
2016-01-11,201601112959095,RHPC,39,7,12,348.0,4176.0
2016-01-11,201601112958966,RHPC,16,26,12,354.0,4248.0
2016-01-11,201601112958954,RHPC,36,26,12,350.0,4200.0
2016-01-11,201601112959080,RHPC,17,7,12,348.0,4176.0
2016-01-11,201601112959036,RHPC,25,7,12,349.0,4188.0
2016-01-11,201601112959023,RHPC,52,52,11,351.0,3861.0
2016-01-11,201601112959021,RHPC,1,7,12,350.0,4200.0
2016-01-11,201601112959002,RHPC,52,52,11,352.0,3872.0
2016-01-11,201601112958998,RHPC,16,16,12,351.0,4212.0
2016-01-11,201601112959052,SADBL,42,54,457,395.0,180515.0
2016-01-11,201601112959019,SADBL,45,45,411,397.0,163167.0
2016-01-11,201601112958987,SANIMA,10,36,130,665.0,86450.0
2016-01-11,201601112958986,SANIMA,29,36,50,665.0,33250.0
2016-01-11,201601112959188,SBBLJ,43,58,500,344.0,172000.0
2016-01-11,201601112959187,SBBLJ,32,58,400,347.0,138800.0
2016-01-11,201601112959102,SBBLJ,32,32,100,349.0,34900.0
2016-01-11,201601112959075,SBBLJ,32,32,200,350.0,70000.0
2016-01-11,201601112959063,SBBLJ,32,32,500,350.0,175000.0
2016-01-11,201601112959045,SBBLJ,32,32,200,350.0,70000.0
2016-01-11,201601112959035,SBBLJ,32,32,200,350.0,70000.0
2016-01-11,201601112959018,SBBLJ,32,32,245,354.0,86730.0
2016-01-11,201601112958963,SBBLJ,32,35,500,354.0,177000.0
2016-01-11,201601112959308,SBI,55,10,500,1543.0,771500.0
2016-01-11,201601112959083,SBI,55,28,300,1544.0,463200.0
2016-01-11,201601112959342,SHBL,16,16,10,942.0,9420.0
2016-01-11,201601112959315,SHBL,16,16,10,942.0,9420.0
2016-01-11,201601112959282,SHL,50,14,200,325.0,65000.0
2016-01-11,201601112959376,SHPC,36,39,54,838.0,45252.0
2016-01-11,201601112959345,SHPC,36,5,15,840.0,12600.0
2016-01-11,201601112959323,SHPC,46,39,200,839.0,167800.0
2016-01-11,201601112959290,SHPC,36,5,15,840.0,12600.0
2016-01-11,201601112959250,SHPC,38,5,15,840.0,12600.0
2016-01-11,201601112959243,SHPC,45,40,59,843.0,49737.0
2016-01-11,201601112959234,SHPC,38,35,16,840.0,13440.0
2016-01-11,201601112959097,SHPC,5,42,500,840.0,420000.0
2016-01-11,201601112959096,SHPC,46,42,100,841.0,84100.0
2016-01-11,201601112959034,SHPC,36,53,83,845.0,70135.0
2016-01-11,201601112958971,SHPC,58,58,700,845.0,591500.0
2016-01-11,201601112959354,SICL,32,16,52,1320.0,68640.0
2016-01-11,201601112959027,SICL,14,11,300,1315.0,394500.0
2016-01-11,201601112959026,SICL,14,11,300,1315.0,394500.0
2016-01-11,201601112959269,SUBBL,20,29,160,439.0,70240.0
2016-01-11,201601112959229,SUBBL,11,43,690,437.0,301530.0
2016-01-11,201601112959104,SUBBL,33,33,38,439.0,16682.0
2016-01-11,201601112959367,UIC,54,25,500,500.0,250000.0
2016-01-11,201601112959221,UIC,55,41,615,495.0,304425.0
2016-01-11,201601112959012,UIC,6,58,100,498.0,49800.0
2016-01-11,201601112959333,VLBS,44,29,10,1150.0,11500.0
2016-01-11,201601112959305,VLBS,44,59,12,1150.0,13800.0
2016-01-11,201601112959238,VLBS,26,59,12,1151.0,13812.0
2016-01-11,201601112959192,VLBS,26,42,10,1151.0,11510.0
2016-01-11,201601112959190,VLBS,26,26,10,1151.0,11510.0
2016-01-11,201601112959174,VLBS,26,11,10,1151.0,11510.0
2016-01-11,201601112958973,VLBS,44,39,12,1150.0,13800.0
2016-01-11,201601112958968,VLBS,44,39,13,1150.0,14950.0
2016-01-11,201601112958965,VLBS,44,7,10,1150.0,11500.0
2016-01-11,201601112958956,VLBS,44,39,10,1150.0,11500.0
2016-01-11,201601112958946,VLBS,17,17,10,1152.0,11520.0
2016-01-11,201601112959065,VLBS,44,41,23,1150.0,26450.0
2016-01-11,201601112959037,VLBS,44,39,10,1150.0,11500.0
2016-01-11,201601112959020,VLBS,44,39,10,1150.0,11500.0
2016-01-11,201601112959006,VLBS,44,39,10,1150.0,11500.0
2016-01-11,201601112958997,VLBS,44,39,10,1150.0,11500.0
2016-01-11,201601112958978,VLBS,44,39,10,1150.0,11500.0
2016-01-11,201601112959131,VLBS,26,22,10,1151.0,11510.0
2016-01-11,201601112959105,VLBS,44,11,10,1150.0,11500.0
2016-01-11,201601112959093,VLBS,44,22,10,1150.0,11500.0
2016-01-11,201601112959092,VLBS,44,39,12,1150.0,13800.0
2016-01-11,201601112959085,VLBS,44,39,10,1150.0,11500.0
2016-01-11,201601112959068,VLBS,44,41,23,1150.0,26450.0
