date,transaction_no,symbol,buyer,seller,quantity,rate,amount
2016-06-13,201606133436106,ACEDBL,36,10,150,376.0,56400.0
2016-06-13,201606133436105,ACEDBL,13,10,100,377.0,37700.0
2016-06-13,201606133436104,ACEDBL,28,10,10,379.0,3790.0
2016-06-13,201606133436302,ADBL,14,49,200,700.0,140000.0
2016-06-13,201606133436299,ADBL,56,49,1400,700.0,980000.0
2016-06-13,201606133436298,ADBL,40,49,200,703.0,140600.0
2016-06-13,201606133436044,ADBL,29,49,10,704.0,7040.0
2016-06-13,201606133436265,AHPC,45,33,2000,355.0,710000.0
2016-06-13,201606133436264,AHPC,45,6,200,355.0,71000.0
2016-06-13,201606133435963,AHPC,45,33,2000,355.0,710000.0
2016-06-13,201606133436308,ALICL,25,45,50,1585.0,79250.0
2016-06-13,201606133436288,ALICL,25,22,100,1580.0,158000.0
2016-06-13,201606133436287,ALICL,25,33,1000,1580.0,1580000.0
2016-06-13,201606133436252,ALICL,17,45,30,1570.0,47100.0
2016-06-13,201606133436153,ALICL,45,45,100,1570.0,157000.0
2016-06-13,201606133436152,ALICL,25,45,200,1570.0,314000.0
2016-06-13,201606133436151,ALICL,25,45,50,1570.0,78500.0
2016-06-13,201606133435938,ALICL,25,26,50,1579.0,78950.0
2016-06-13,201606133435937,ALICL,25,42,50,1576.0,78800.0
2016-06-13,201606133435936,ALICL,25,50,100,1575.0,157500.0
2016-06-13,201606133435935,ALICL,25,22,200,1575.0,315000.0
2016-06-13,201606133436356,API,25,41,26,779.0,20254.0
2016-06-13,201606133436339,API,25,21,16,767.0,12272.0
2016-06-13,201606133436323,API,6,21,16,769.0,12304.0
2016-06-13,201606133436286,API,41,21,16,776.0,12416.0
2016-06-13,201606133436266,API,25,21,90,778.0,70020.0
2016-06-13,201606133436137,API,50,50,387,770.0,297990.0
2016-06-13,201606133435933,API,25,21,26,778.0,20228.0
2016-06-13,201606133435916,API,25,17,26,776.0,20176.0
2016-06-13,201606133435899,API,25,13,26,775.0,20150.0
2016-06-13,201606133435886,API,25,13,26,775.0,20150.0
2016-06-13,201606133435871,API,25,13,26,775.0,20150.0
2016-06-13,201606133435865,API,25,13,26,775.0,20150.0
2016-06-13,201606133436283,CBBL,35,26,130,2205.0,286650.0
2016-06-13,201606133436254,CBBL,21,56,10,2244.0,22440.0
2016-06-13,201606133436032,CBBL,57,6,394,2245.0,884530.0
2016-06-13,201606133436031,CBBL,57,14,100,2244.0,224400.0
2016-06-13,201606133436139,CBBL,35,26,150,2205.0,330750.0
2016-06-13,201606133436124,CBBL,35,37,200,2205.0,441000.0
2016-06-13,201606133436039,CBBL,45,56,10,2244.0,22440.0
2016-06-13,201606133436158,CCBL,48,52,316,421.0,133036.0
2016-06-13,201606133436157,CCBL,48,1,170,421.0,71570.0
2016-06-13,201606133436102,CCBL,49,16,10,418.0,4180.0
2016-06-13,201606133436080,CCBL,19,48,125,418.0,52250.0
2016-06-13,201606133436063,CCBL,4,44,200,420.0,84000.0
2016-06-13,201606133436030,CCBL,4,44,200,420.0,84000.0
2016-06-13,201606133436014,CCBL,49,47,16,418.0,6688.0
2016-06-13,201606133435951,CCBL,38,44,50,420.0,21000.0
2016-06-13,201606133436216,CHCL,37,35,300,1384.0,415200.0
2016-06-13,201606133436214,CHCL,17,1,100,1384.0,138400.0
2016-06-13,201606133436184,CHCL,37,6,113,1384.0,156392.0
2016-06-13,201606133436125,CHCL,21,51,100,1385.0,138500.0
2016-06-13,201606133435905,CHCL,40,42,100,1381.0,138100.0
2016-06-13,201606133436359,CIT,17,11,100,4400.0,440000.0
2016-06-13,201606133435942,CIT,42,11,50,4400.0,220000.0
2016-06-13,201606133435941,CIT,29,11,50,4400.0,220000.0
2016-06-13,201606133436224,CZBIL,29,34,57,582.0,33174.0
2016-06-13,201606133436212,CZBIL,38,14,465,582.0,270630.0
2016-06-13,201606133436201,CZBIL,26,26,100,585.0,58500.0
2016-06-13,201606133436011,CZBIL,11,26,250,585.0,146250.0
2016-06-13,201606133435950,CZBIL,6,28,14,582.0,8148.0
2016-06-13,201606133435939,CZBIL,45,52,200,584.0,116800.0
2016-06-13,201606133436107,DBBL,29,53,353,256.0,90368.0
2016-06-13,201606133436293,DDBL,51,28,200,3325.0,665000.0
2016-06-13,201606133436282,DDBL,51,44,200,3320.0,664000.0
2016-06-13,201606133436250,DDBL,51,44,300,3320.0,996000.0
2016-06-13,201606133436227,DDBL,7,28,200,3320.0,664000.0
2016-06-13,201606133436007,DDBL,33,19,100,3303.0,330300.0
2016-06-13,201606133435985,DDBL,33,6,440,3300.0,1452000.0
2016-06-13,201606133435984,DDBL,33,47,80,3300.0,264000.0
2016-06-13,201606133435983,DDBL,33,40,40,3300.0,132000.0
2016-06-13,201606133435982,DDBL,33,55,70,3300.0,231000.0
2016-06-13,201606133435981,DDBL,33,17,50,3300.0,165000.0
2016-06-13,201606133435906,DDBL,51,14,46,3298.0,151708.0
2016-06-13,201606133436347,EBL,51,11,50,3157.0,157850.0
2016-06-13,201606133436346,EBL,22,11,50,3160.0,158000.0
2016-06-13,201606133436318,EBL,6,32,500,3167.0,1583500.0
2016-06-13,201606133435980,EBL,28,47,27,3160.0,85320.0
2016-06-13,201606133435884,EBL,43,16,51,3162.0,161262.0
2016-06-13,201606133436021,EBLCP,10,51,10,1665.0,16650.0
2016-06-13,201606133435885,EBLCP,10,39,15,1650.0,24750.0
2016-06-13,201606133436046,EDBL,32,47,27,638.0,17226.0
2016-06-13,201606133436292,EIC,38,57,100,1875.0,187500.0
2016-06-13,201606133436291,EIC,38,57,300,1875.0,562500.0
2016-06-13,201606133436290,EIC,38,57,500,1880.0,940000.0
2016-06-13,201606133436136,EIC,41,57,100,1900.0,190000.0
2016-06-13,201606133435979,FBBL,4,40,200,435.0,87000.0
2016-06-13,201606133435968,FBBL,41,26,19,430.0,8170.0
2016-06-13,201606133436322,FMDBL,29,35,44,1721.0,75724.0
2016-06-13,201606133436296,FMDBL,21,47,500,1721.0,860500.0
2016-06-13,201606133436273,FMDBL,41,57,200,1720.0,344000.0
2016-06-13,201606133436208,FMDBL,14,47,300,1721.0,516300.0
2016-06-13,201606133436207,FMDBL,14,38,200,1721.0,344200.0
2016-06-13,201606133436183,FMDBL,35,47,30,1721.0,51630.0
2016-06-13,201606133436071,FMDBL,19,56,140,1705.0,238700.0
2016-06-13,201606133436009,FMDBL,45,17,137,1705.0,233585.0
2016-06-13,201606133436182,FMDBL,35,48,50,1721.0,86050.0
2016-06-13,201606133436181,FMDBL,35,19,50,1721.0,86050.0
2016-06-13,201606133436180,FMDBL,35,41,70,1721.0,120470.0
2016-06-13,201606133436172,FMDBL,35,44,200,1719.0,343800.0
2016-06-13,201606133436164,FMDBL,38,41,700,1710.0,1197000.0
2016-06-13,201606133436142,FMDBL,35,47,100,1710.0,171000.0
2016-06-13,201606133436295,GBIME,29,50,200,509.0,101800.0
2016-06-13,201606133436116,GBIME,26,8,31,508.0,15748.0
2016-06-13,201606133436101,GBIME,26,8,250,508.0,127000.0
2016-06-13,201606133436100,GBIME,6,8,100,509.0,50900.0
2016-06-13,201606133435932,GBIME,45,45,400,509.0,203600.0
2016-06-13,201606133435931,GBIME,45,44,100,509.0,50900.0
2016-06-13,201606133435892,GBIME,39,44,200,509.0,101800.0
2016-06-13,201606133436269,GLICL,1,40,400,910.0,364000.0
2016-06-13,201606133436268,GLICL,1,22,100,910.0,91000.0
2016-06-13,201606133436163,GLICL,36,16,100,900.0,90000.0
2016-06-13,201606133436162,GLICL,17,16,1000,900.0,900000.0
2016-06-13,201606133436161,GLICL,47,16,100,900.0,90000.0
2016-06-13,201606133436160,GLICL,57,16,500,903.0,451500.0
2016-06-13,201606133436089,GLICL,17,16,100,905.0,90500.0
2016-06-13,201606133436059,GLICL,16,16,100,905.0,90500.0
2016-06-13,201606133435872,GLICL,59,52,28,910.0,25480.0
2016-06-13,201606133436233,HBL,38,16,100,1500.0,150000.0
2016-06-13,201606133436215,HBL,51,16,200,1500.0,300000.0
2016-06-13,201606133436149,HBL,37,16,500,1500.0,750000.0
2016-06-13,201606133436148,HBL,54,16,200,1500.0,300000.0
2016-06-13,201606133436147,HBL,19,16,490,1501.0,735490.0
2016-06-13,201606133436146,HBL,26,16,150,1502.0,225300.0
2016-06-13,201606133436145,HBL,17,16,20,1510.0,30200.0
2016-06-13,201606133435990,HGI,29,48,100,1435.0,143500.0
2016-06-13,201606133435953,HGI,29,20,100,1435.0,143500.0
2016-06-13,201606133435919,HGI,57,59,50,1430.0,71500.0
2016-06-13,201606133435918,HGI,7,59,150,1431.0,214650.0
2016-06-13,201606133436241,ILFCM,28,19,206,1578.0,325068.0
2016-06-13,201606133436240,ILFCM,28,11,20,1578.0,31560.0
2016-06-13,201606133436108,KDBL,49,42,400,307.0,122800.0
2016-06-13,201606133436285,KMCDB,7,36,80,2091.0,167280.0
2016-06-13,201606133436213,KMCDB,49,48,200,2050.0,410000.0
2016-06-13,201606133435880,KMCDB,34,33,10,2068.0,20680.0
2016-06-13,201606133435879,KMCDB,34,38,200,2068.0,413600.0
2016-06-13,201606133435870,KMCDB,34,41,100,2067.0,206700.0
2016-06-13,201606133436274,LBL,42,58,100,789.0,78900.0
2016-06-13,201606133436221,LBL,33,58,500,789.0,394500.0
2016-06-13,201606133436036,LBL,14,42,200,790.0,158000.0
2016-06-13,201606133435911,LBL,45,38,472,788.0,371936.0
2016-06-13,201606133435954,LBL,14,16,1000,785.0,785000.0
2016-06-13,201606133436358,LGIL,7,5,36,1355.0,48780.0
2016-06-13,201606133436307,LGIL,49,41,16,1360.0,21760.0
2016-06-13,201606133436114,LGIL,33,41,250,1355.0,338750.0
2016-06-13,201606133436091,LGIL,5,19,150,1350.0,202500.0
2016-06-13,201606133436090,LGIL,5,19,100,1350.0,135000.0
2016-06-13,201606133436064,LGIL,39,41,200,1355.0,271000.0
2016-06-13,201606133436035,LGIL,58,41,600,1355.0,813000.0
2016-06-13,201606133436034,LGIL,42,41,100,1360.0,136000.0
2016-06-13,201606133436033,LGIL,21,41,50,1360.0,68000.0
2016-06-13,201606133436083,LICN,6,14,200,3551.0,710200.0
2016-06-13,201606133435959,LICN,17,1,190,3555.0,675450.0
2016-06-13,201606133435876,LICN,17,17,10,3555.0,35550.0
2016-06-13,201606133436205,LLBS,14,36,24,3100.0,74400.0
2016-06-13,201606133436179,LLBS,14,39,32,3100.0,99200.0
2016-06-13,201606133436171,LLBS,14,26,41,3100.0,127100.0
2016-06-13,201606133436005,MDB,22,38,200,850.0,170000.0
2016-06-13,201606133436004,MDB,55,38,100,850.0,85000.0
2016-06-13,201606133436003,MDB,22,38,150,852.0,127800.0
2016-06-13,201606133436002,MDB,7,38,200,852.0,170400.0
2016-06-13,201606133436001,MDB,11,38,100,855.0,85500.0
2016-06-13,201606133436000,MDB,17,38,150,855.0,128250.0
2016-06-13,201606133435999,MDB,59,38,210,855.0,179550.0
2016-06-13,201606133435987,MDB,49,22,108,860.0,92880.0
2016-06-13,201606133436341,MEGA,45,52,314,517.0,162338.0
2016-06-13,201606133436117,MEGA,6,16,17,516.0,8772.0
2016-06-13,201606133436079,MEGA,49,49,35,516.0,18060.0
2016-06-13,201606133435995,MEGA,6,49,470,516.0,242520.0
2016-06-13,201606133435994,MEGA,26,49,500,516.0,258000.0
2016-06-13,201606133435993,MEGA,29,49,30,517.0,15510.0
2016-06-13,201606133435869,MEGA,35,48,22,518.0,11396.0
2016-06-13,201606133436211,MFIL,49,49,1000,345.0,345000.0
2016-06-13,201606133436194,MFIL,45,49,1000,345.0,345000.0
2016-06-13,201606133436065,MFIL,46,58,1000,341.0,341000.0
2016-06-13,201606133436066,MLBBL,43,1,30,2172.0,65160.0
2016-06-13,201606133436253,MNBBL,48,6,50,1190.0,59500.0
2016-06-13,201606133436245,MNBBL,54,6,850,1191.0,1012350.0
2016-06-13,201606133436238,MNBBL,38,6,500,1199.0,599500.0
2016-06-13,201606133436237,MNBBL,17,6,100,1200.0,120000.0
2016-06-13,201606133436232,MNBBL,45,7,500,1204.0,602000.0
2016-06-13,201606133436078,MNBBL,50,6,200,1200.0,240000.0
2016-06-13,201606133435996,MNBBL,54,17,150,1191.0,178650.0
2016-06-13,201606133435992,MNBBL,44,47,125,1199.0,149875.0
2016-06-13,201606133435890,MNBBL,38,48,400,1195.0,478000.0
2016-06-13,201606133435889,MNBBL,47,48,100,1195.0,119500.0
2016-06-13,201606133436230,MSMBS,52,39,20,1670.0,33400.0
2016-06-13,201606133436219,MSMBS,44,1,90,1700.0,153000.0
2016-06-13,201606133436138,MSMBS,49,49,10,1690.0,16900.0
2016-06-13,201606133435952,MSMBS,40,11,10,1700.0,17000.0
2016-06-13,201606133435907,MSMBS,52,26,10,1700.0,17000.0
2016-06-13,201606133435898,MSMBS,52,47,10,1699.0,16990.0
2016-06-13,201606133435897,MSMBS,52,47,10,1699.0,16990.0
2016-06-13,201606133435878,MSMBS,40,56,250,1695.0,423750.0
2016-06-13,201606133435947,MSMBS,40,43,11,1700.0,18700.0
2016-06-13,201606133435914,MSMBS,40,43,11,1700.0,18700.0
2016-06-13,201606133435913,MSMBS,40,49,20,1700.0,34000.0
2016-06-13,201606133435910,MSMBS,52,25,10,1700.0,17000.0
2016-06-13,201606133435909,MSMBS,52,50,50,1700.0,85000.0
2016-06-13,201606133435908,MSMBS,52,26,10,1700.0,17000.0
2016-06-13,201606133436166,NABIL,58,13,100,2310.0,231000.0
2016-06-13,201606133435945,NABIL,19,6,100,2315.0,231500.0
2016-06-13,201606133436223,NABILP,59,16,900,1770.0,1593000.0
2016-06-13,201606133436126,NABILP,41,6,30,1775.0,53250.0
2016-06-13,201606133435955,NABILP,7,50,100,1775.0,177500.0
2016-06-13,201606133436321,NBB,46,5,500,865.0,432500.0
2016-06-13,201606133436320,NBB,46,5,500,864.0,432000.0
2016-06-13,201606133436278,NBB,46,25,93,865.0,80445.0
2016-06-13,201606133436277,NBB,46,10,500,865.0,432500.0
2016-06-13,201606133436276,NBB,46,25,950,865.0,821750.0
2016-06-13,201606133436275,NBB,46,5,500,864.0,432000.0
2016-06-13,201606133435986,NBB,6,5,627,865.0,542355.0
2016-06-13,201606133435922,NBB,10,25,100,866.0,86600.0
2016-06-13,201606133435921,NBB,10,40,200,865.0,173000.0
2016-06-13,201606133435920,NBB,10,25,10,865.0,8650.0
2016-06-13,201606133435877,NBB,14,25,100,865.0,86500.0
2016-06-13,201606133435873,NBB,25,57,375,863.0,323625.0
2016-06-13,201606133436027,NBB,47,25,200,863.0,172600.0
2016-06-13,201606133436026,NBB,40,25,200,863.0,172600.0
2016-06-13,201606133436025,NBB,5,25,100,864.0,86400.0
2016-06-13,201606133436024,NBB,38,25,150,864.0,129600.0
2016-06-13,201606133436023,NBB,29,25,50,864.0,43200.0
2016-06-13,201606133436020,NBB,29,25,150,864.0,129600.0
2016-06-13,201606133436093,NBB,25,43,130,862.0,112060.0
2016-06-13,201606133436077,NBB,28,25,50,865.0,43250.0
2016-06-13,201606133436076,NBB,28,25,150,863.0,129450.0
2016-06-13,201606133436057,NBB,51,57,1000,861.0,861000.0
2016-06-13,201606133436029,NBB,32,25,500,863.0,431500.0
2016-06-13,201606133436028,NBB,26,25,200,863.0,172600.0
2016-06-13,201606133436099,NBB,44,43,200,860.0,172000.0
2016-06-13,201606133436098,NBB,43,43,200,860.0,172000.0
2016-06-13,201606133436097,NBB,40,43,500,860.0,430000.0
2016-06-13,201606133436096,NBB,1,43,500,860.0,430000.0
2016-06-13,201606133436095,NBB,39,43,100,860.0,86000.0
2016-06-13,201606133436094,NBB,55,43,200,860.0,172000.0
2016-06-13,201606133436248,NBB,54,25,250,858.0,214500.0
2016-06-13,201606133436247,NBB,52,25,100,858.0,85800.0
2016-06-13,201606133436246,NBB,20,25,150,859.0,128850.0
2016-06-13,201606133436243,NBB,20,25,850,859.0,730150.0
2016-06-13,201606133436242,NBB,42,25,500,863.0,431500.0
2016-06-13,201606133436165,NBB,55,28,98,860.0,84280.0
2016-06-13,201606133436190,NBL,51,20,200,479.0,95800.0
2016-06-13,201606133436189,NBL,35,20,200,480.0,96000.0
2016-06-13,201606133436058,NBL,42,58,1000,480.0,480000.0
2016-06-13,201606133435934,NBL,33,33,1000,480.0,480000.0
2016-06-13,201606133436067,NCDB,39,3,20,306.0,6120.0
2016-06-13,201606133435978,NCDB,36,5,166,305.0,50630.0
2016-06-13,201606133435977,NCDB,36,11,100,300.0,30000.0
2016-06-13,201606133436348,NHPC,38,32,20,197.0,3940.0
2016-06-13,201606133436281,NHPC,34,38,1000,195.0,195000.0
2016-06-13,201606133436132,NHPC,35,38,500,196.0,98000.0
2016-06-13,201606133436131,NHPC,11,38,500,196.0,98000.0
2016-06-13,201606133436130,NHPC,45,38,560,196.0,109760.0
2016-06-13,201606133435970,NHPC,45,32,290,197.0,57130.0
2016-06-13,201606133436349,NIB,16,6,410,1065.0,436650.0
2016-06-13,201606133436343,NIB,32,6,100,1065.0,106500.0
2016-06-13,201606133436118,NIB,28,6,100,1065.0,106500.0
2016-06-13,201606133435949,NIB,52,11,66,1060.0,69960.0
2016-06-13,201606133436353,NIBPO,26,16,120,915.0,109800.0
2016-06-13,201606133436312,NIBPO,7,16,500,913.0,456500.0
2016-06-13,201606133436311,NIBPO,13,16,500,914.0,457000.0
2016-06-13,201606133436259,NIBPO,39,16,220,915.0,201300.0
2016-06-13,201606133436258,NIBPO,8,16,200,916.0,183200.0
2016-06-13,201606133436257,NIBPO,52,16,200,916.0,183200.0
2016-06-13,201606133436351,NICA,45,37,300,760.0,228000.0
2016-06-13,201606133436279,NICA,42,37,30,760.0,22800.0
2016-06-13,201606133436244,NICA,29,54,127,760.0,96520.0
2016-06-13,201606133436144,NICA,42,37,460,760.0,349600.0
2016-06-13,201606133436056,NICA,42,8,10,760.0,7600.0
2016-06-13,201606133436010,NICA,42,8,490,760.0,372400.0
2016-06-13,201606133435946,NICA,42,7,10,760.0,7600.0
2016-06-13,201606133435887,NICA,33,11,30,756.0,22680.0
2016-06-13,201606133436329,NICL,5,5,100,1210.0,121000.0
2016-06-13,201606133436284,NICL,17,34,200,1220.0,244000.0
2016-06-13,201606133436249,NICL,5,56,200,1220.0,244000.0
2016-06-13,201606133436169,NICL,6,34,100,1220.0,122000.0
2016-06-13,201606133435881,NICL,6,25,100,1228.0,122800.0
2016-06-13,201606133436062,NICL,17,46,500,1228.0,614000.0
2016-06-13,201606133436061,NICL,17,56,400,1228.0,491200.0
2016-06-13,201606133436060,NICL,17,43,100,1227.0,122700.0
2016-06-13,201606133436340,NLBBL,50,36,270,2570.0,693900.0
2016-06-13,201606133436260,NLBBL,42,36,100,2570.0,257000.0
2016-06-13,201606133436174,NLG,40,44,83,1813.0,150479.0
2016-06-13,201606133436140,NLG,54,22,100,1840.0,184000.0
2016-06-13,201606133436303,NLICL,10,35,50,3110.0,155500.0
2016-06-13,201606133436197,NLICL,26,14,227,3105.0,704835.0
2016-06-13,201606133436156,NLICL,33,42,140,3100.0,434000.0
2016-06-13,201606133436155,NLICL,25,42,10,3100.0,31000.0
2016-06-13,201606133436120,NLICL,17,35,50,3110.0,155500.0
2016-06-13,201606133436119,NLICL,11,35,100,3110.0,311000.0
2016-06-13,201606133436092,NLICL,11,13,100,3110.0,311000.0
2016-06-13,201606133436016,NLICL,11,35,100,3110.0,311000.0
2016-06-13,201606133435969,NLICL,13,54,44,3120.0,137280.0
2016-06-13,201606133435958,NLICL,13,54,320,3120.0,998400.0
2016-06-13,201606133435957,NLICL,26,54,20,3125.0,62500.0
2016-06-13,201606133435948,NLICL,17,35,100,3126.0,312600.0
2016-06-13,201606133435961,NMB,59,47,100,725.0,72500.0
2016-06-13,201606133435960,NMB,59,45,300,725.0,217500.0
2016-06-13,201606133435926,NMB,34,38,200,720.0,144000.0
2016-06-13,201606133435925,NMB,48,38,200,720.0,144000.0
2016-06-13,201606133435924,NMB,33,38,300,721.0,216300.0
2016-06-13,201606133435923,NMB,38,38,300,721.0,216300.0
2016-06-13,201606133435893,NMB,49,53,500,724.0,362000.0
2016-06-13,201606133436217,NNLB,36,36,10,1632.0,16320.0
2016-06-13,201606133435989,NNLB,36,42,10,1600.0,16000.0
2016-06-13,201606133435967,NNLB,36,39,13,1600.0,20800.0
2016-06-13,201606133435966,NNLB,36,41,10,1594.0,15940.0
2016-06-13,201606133435965,NNLB,36,45,10,1590.0,15900.0
2016-06-13,201606133435964,NNLB,36,7,20,1590.0,31800.0
2016-06-13,201606133435930,NNLB,36,16,16,1589.0,25424.0
2016-06-13,201606133435929,NNLB,36,29,10,1580.0,15800.0
2016-06-13,201606133436231,NUBL,47,26,100,2329.0,232900.0
2016-06-13,201606133436052,NUBL,21,1,100,2376.0,237600.0
2016-06-13,201606133435862,NUBL,47,47,50,2376.0,118800.0
2016-06-13,201606133435861,NUBL,47,21,50,2376.0,118800.0
2016-06-13,201606133436352,PCBL,57,8,200,713.0,142600.0
2016-06-13,201606133436333,PCBL,57,13,100,712.0,71200.0
2016-06-13,201606133436332,PCBL,57,1,400,712.0,284800.0
2016-06-13,201606133436255,PCBL,57,47,573,709.0,406257.0
2016-06-13,201606133436218,PCBL,50,1,239,709.0,169451.0
2016-06-13,201606133436195,PCBL,57,38,37,709.0,26233.0
2016-06-13,201606133436075,PCBL,57,38,37,709.0,26233.0
2016-06-13,201606133436300,PIC,34,53,100,1920.0,192000.0
2016-06-13,201606133436289,PIC,35,5,50,1915.0,95750.0
2016-06-13,201606133436143,PIC,32,58,240,1915.0,459600.0
2016-06-13,201606133435903,PIC,32,58,50,1915.0,95750.0
2016-06-13,201606133435902,PIC,6,58,60,1918.0,115080.0
2016-06-13,201606133436310,PICL,35,8,200,1370.0,274000.0
2016-06-13,201606133436206,PICL,35,48,400,1360.0,544000.0
2016-06-13,201606133436178,PICL,6,22,12,1358.0,16296.0
2016-06-13,201606133436042,PICL,43,48,100,1360.0,136000.0
2016-06-13,201606133435868,PICL,35,22,750,1370.0,1027500.0
2016-06-13,201606133436342,PLIC,52,44,90,1900.0,171000.0
2016-06-13,201606133436272,PLIC,52,59,10,1900.0,19000.0
2016-06-13,201606133436226,PLIC,53,43,270,1899.0,512730.0
2016-06-13,201606133436196,PLIC,52,43,80,1899.0,151920.0
2016-06-13,201606133436193,PLIC,53,43,500,1899.0,949500.0
2016-06-13,201606133436176,PLIC,52,43,50,1900.0,95000.0
2016-06-13,201606133436043,PLIC,53,34,480,1897.0,910560.0
2016-06-13,201606133436022,PLIC,53,34,20,1898.0,37960.0
2016-06-13,201606133436019,PLIC,54,6,500,1898.0,949000.0
2016-06-13,201606133435875,PLIC,53,44,460,1898.0,873080.0
2016-06-13,201606133436175,PLIC,53,43,100,1900.0,190000.0
2016-06-13,201606133436168,PLIC,52,45,50,1900.0,95000.0
2016-06-13,201606133436154,PLIC,52,34,13,1900.0,24700.0
2016-06-13,201606133436134,PLIC,52,34,13,1900.0,24700.0
2016-06-13,201606133436115,PLIC,52,34,13,1900.0,24700.0
2016-06-13,201606133436070,PLIC,53,38,100,1899.0,189900.0
2016-06-13,201606133436150,PRDBL,33,41,1036,266.0,275576.0
2016-06-13,201606133436135,PRDBL,33,41,80,265.0,21200.0
2016-06-13,201606133436280,PRIN,5,8,68,1421.0,96628.0
2016-06-13,201606133436271,PRIN,49,33,150,1430.0,214500.0
2016-06-13,201606133436256,PRIN,22,33,100,1430.0,143000.0
2016-06-13,201606133436167,PRIN,1,48,91,1425.0,129675.0
2016-06-13,201606133435874,PRIN,37,17,50,1421.0,71050.0
2016-06-13,201606133435864,RHPC,1,32,12,361.0,4332.0
2016-06-13,201606133436350,RMDC,22,43,382,1166.0,445412.0
2016-06-13,201606133436345,RMDC,20,42,300,1160.0,348000.0
2016-06-13,201606133436338,RMDC,4,33,100,1166.0,116600.0
2016-06-13,201606133436337,RMDC,48,33,200,1166.0,233200.0
2016-06-13,201606133436336,RMDC,17,33,100,1166.0,116600.0
2016-06-13,201606133436330,RMDC,26,43,382,1166.0,445412.0
2016-06-13,201606133435972,RMDC,20,43,100,1166.0,116600.0
2016-06-13,201606133435971,RMDC,20,17,100,1166.0,116600.0
2016-06-13,201606133435944,RMDC,44,7,46,1166.0,53636.0
2016-06-13,201606133435943,RMDC,44,43,250,1166.0,291500.0
2016-06-13,201606133435896,RMDC,36,33,500,1160.0,580000.0
2016-06-13,201606133435883,RMDC,3,33,200,1160.0,232000.0
2016-06-13,201606133436018,RMDC,4,17,100,1160.0,116000.0
2016-06-13,201606133436013,RMDC,34,39,108,1166.0,125928.0
2016-06-13,201606133436012,RMDC,20,43,100,1166.0,116600.0
2016-06-13,201606133435998,RMDC,22,39,231,1166.0,269346.0
2016-06-13,201606133435997,RMDC,22,26,200,1166.0,233200.0
2016-06-13,201606133435991,RMDC,59,43,100,1166.0,116600.0
2016-06-13,201606133436054,RMDC,20,53,500,1166.0,583000.0
2016-06-13,201606133436053,RMDC,35,53,200,1166.0,233200.0
2016-06-13,201606133436045,RMDC,59,53,700,1166.0,816200.0
2016-06-13,201606133436041,RMDC,34,53,100,1166.0,116600.0
2016-06-13,201606133436040,RMDC,34,43,400,1166.0,466400.0
2016-06-13,201606133436038,RMDC,44,43,1210,1166.0,1410860.0
2016-06-13,201606133436306,RMDC,22,43,382,1166.0,445412.0
2016-06-13,201606133436251,RMDC,22,21,46,1166.0,53636.0
2016-06-13,201606133436235,RMDC,35,52,13,1166.0,15158.0
2016-06-13,201606133436234,RMDC,20,39,204,1166.0,237864.0
2016-06-13,201606133436103,RMDC,20,33,180,1166.0,209880.0
2016-06-13,201606133436055,RMDC,20,39,100,1166.0,116600.0
2016-06-13,201606133436037,SADBL,39,26,12,370.0,4440.0
2016-06-13,201606133436015,SADBL,25,26,15,371.0,5565.0
2016-06-13,201606133436006,SADBL,33,26,15,376.0,5640.0
2016-06-13,201606133436177,SAJHA,49,49,10,261.0,2610.0
2016-06-13,201606133436360,SANIMA,54,48,100,670.0,67000.0
2016-06-13,201606133436315,SANIMA,37,29,1000,669.0,669000.0
2016-06-13,201606133436192,SANIMA,17,7,200,669.0,133800.0
2016-06-13,201606133435891,SANIMA,51,14,150,667.0,100050.0
2016-06-13,201606133435988,SBI,21,10,56,1765.0,98840.0
2016-06-13,201606133435915,SBI,41,19,212,1765.0,374180.0
2016-06-13,201606133436355,SCB,54,58,200,3390.0,678000.0
2016-06-13,201606133436354,SCB,54,49,300,3389.0,1016700.0
2016-06-13,201606133436335,SCB,54,49,100,3389.0,338900.0
2016-06-13,201606133436267,SCB,22,49,100,3389.0,338900.0
2016-06-13,201606133436129,SEWA,51,42,14,460.0,6440.0
2016-06-13,201606133436113,SEWA,51,42,900,460.0,414000.0
2016-06-13,201606133436112,SEWA,16,42,120,460.0,55200.0
2016-06-13,201606133436111,SEWA,47,42,200,461.0,92200.0
2016-06-13,201606133436110,SEWA,35,42,100,461.0,46100.0
2016-06-13,201606133436109,SEWA,35,42,10,461.0,4610.0
2016-06-13,201606133436236,SHL,40,49,240,368.0,88320.0
2016-06-13,201606133436200,SHL,40,49,125,368.0,46000.0
2016-06-13,201606133435927,SHPC,36,32,30,869.0,26070.0
2016-06-13,201606133435863,SHPC,36,26,10,869.0,8690.0
2016-06-13,201606133436344,SIC,47,45,100,2300.0,230000.0
2016-06-13,201606133436074,SIC,58,50,1000,2300.0,2300000.0
2016-06-13,201606133435940,SIC,17,42,77,2301.0,177177.0
2016-06-13,201606133435904,SIC,42,42,60,2310.0,138600.0
2016-06-13,201606133435917,SICL,50,44,150,3133.0,469950.0
2016-06-13,201606133436319,SIL,6,51,750,1993.0,1494750.0
2016-06-13,201606133436263,SIL,19,34,50,2000.0,100000.0
2016-06-13,201606133436262,SIL,41,34,100,2000.0,200000.0
2016-06-13,201606133436261,SIL,10,34,290,2000.0,580000.0
2016-06-13,201606133436188,SIL,10,34,10,2000.0,20000.0
2016-06-13,201606133436187,SIL,6,34,500,2000.0,1000000.0
2016-06-13,201606133436186,SIL,10,34,350,2000.0,700000.0
2016-06-13,201606133436185,SIL,6,34,100,2000.0,200000.0
2016-06-13,201606133436123,SIL,6,45,100,2000.0,200000.0
2016-06-13,201606133436084,SIL,29,45,100,2000.0,200000.0
2016-06-13,201606133436313,SINDU,35,55,100,529.0,52900.0
2016-06-13,201606133436294,SINDU,35,56,4000,525.0,2100000.0
2016-06-13,201606133436082,SINDU,46,54,200,525.0,105000.0
2016-06-13,201606133436081,SINDU,46,32,100,525.0,52500.0
2016-06-13,201606133436073,SINDU,46,56,291,524.0,152484.0
2016-06-13,201606133436072,SINDU,46,32,100,524.0,52400.0
2016-06-13,201606133436316,SKBBL,49,42,250,2150.0,537500.0
2016-06-13,201606133436305,SKBBL,5,42,50,2161.0,108050.0
2016-06-13,201606133436304,SKBBL,5,42,200,2165.0,433000.0
2016-06-13,201606133436220,SKBBL,44,45,500,2200.0,1100000.0
2016-06-13,201606133435962,SKBBL,34,46,100,2200.0,220000.0
2016-06-13,201606133435912,SKBBL,58,46,500,2200.0,1100000.0
2016-06-13,201606133435895,SKBBL,58,19,247,2209.0,545623.0
2016-06-13,201606133436229,SLBBL,40,14,63,2628.0,165564.0
2016-06-13,201606133436228,SLBBL,40,55,50,2627.0,131350.0
2016-06-13,201606133436225,SLICL,32,16,100,1060.0,106000.0
2016-06-13,201606133436199,SLICL,41,16,100,1060.0,106000.0
2016-06-13,201606133436198,SLICL,36,16,10,1060.0,10600.0
2016-06-13,201606133435866,SLICL,41,46,21,1060.0,22260.0
2016-06-13,201606133436141,SRBL,7,34,263,644.0,169372.0
2016-06-13,201606133436122,SRBL,50,34,39,645.0,25155.0
2016-06-13,201606133436121,SRBL,50,34,200,645.0,129000.0
2016-06-13,201606133436069,SRBL,28,34,500,645.0,322500.0
2016-06-13,201606133436068,SRBL,17,34,100,647.0,64700.0
2016-06-13,201606133436297,SWBBL,58,47,100,2927.0,292700.0
2016-06-13,201606133436210,SWBBL,7,13,100,2917.0,291700.0
2016-06-13,201606133436209,SWBBL,7,55,100,2915.0,291500.0
2016-06-13,201606133436133,SWBBL,7,57,102,2896.0,295392.0
2016-06-13,201606133435976,SWBBL,29,42,40,2840.0,113600.0
2016-06-13,201606133435975,SWBBL,29,42,100,2850.0,285000.0
2016-06-13,201606133435974,SWBBL,45,42,60,2850.0,171000.0
2016-06-13,201606133435956,SWBBL,10,33,500,2890.0,1445000.0
2016-06-13,201606133435901,SWBBL,34,29,29,2891.0,83839.0
2016-06-13,201606133435882,SWBBL,34,19,19,2890.0,54910.0
2016-06-13,201606133436085,UFIL,29,26,500,229.0,114500.0
2016-06-13,201606133436334,UIC,22,57,300,1495.0,448500.0
2016-06-13,201606133436239,UIC,38,54,100,1495.0,149500.0
2016-06-13,201606133436204,UIC,10,44,100,1500.0,150000.0
2016-06-13,201606133436203,UIC,10,44,100,1505.0,150500.0
2016-06-13,201606133436202,UIC,38,44,10,1506.0,15060.0
2016-06-13,201606133436170,UIC,21,44,30,1515.0,45450.0
2016-06-13,201606133435973,UIC,56,52,400,1510.0,604000.0
2016-06-13,201606133435867,UIC,56,17,40,1510.0,60400.0
2016-06-13,201606133436051,UIC,38,28,90,1506.0,135540.0
2016-06-13,201606133436050,UIC,38,28,700,1507.0,1054900.0
2016-06-13,201606133436049,UIC,56,28,100,1510.0,151000.0
2016-06-13,201606133436048,UIC,48,28,100,1510.0,151000.0
2016-06-13,201606133436047,UIC,56,28,10,1510.0,15100.0
2016-06-13,201606133436314,VLBS,26,36,114,1660.0,189240.0
2016-06-13,201606133436008,VLBS,26,34,80,1680.0,134400.0
2016-06-13,201606133436331,WOMI,58,17,10,3080.0,30800.0
2016-06-13,201606133436317,WOMI,32,11,12,3050.0,36600.0
2016-06-13,201606133436270,WOMI,56,11,12,3050.0,36600.0
2016-06-13,201606133436222,WOMI,32,10,12,3050.0,36600.0
2016-06-13,201606133436191,WOMI,32,10,12,3045.0,36540.0
2016-06-13,201606133436173,WOMI,32,10,12,3050.0,36600.0
2016-06-13,201606133436159,WOMI,32,10,12,3060.0,36720.0
2016-06-13,201606133435888,WOMI,32,17,10,3060.0,30600.0
2016-06-13,201606133436088,YETI,6,51,60,221.0,13260.0
2016-06-13,201606133436087,YETI,6,21,90,220.0,19800.0
2016-06-13,201606133436086,YETI,6,32,50,220.0,11000.0
2016-06-13,201606133430220,ACEDBL,32,49,300,385.0,115500.0
2016-06-13,201606133430197,ACEDBL,36,21,11,386.0,4246.0
2016-06-13,201606133429953,ACEDBL,45,22,500,385.0,192500.0
2016-06-13,201606133430342,ADBL,52,44,150,685.0,102750.0
2016-06-13,201606133430322,ADBL,5,43,10,690.0,6900.0
2016-06-13,201606133430315,ADBL,51,43,100,690.0,69000.0
2016-06-13,201606133430215,ADBL,39,52,53,690.0,36570.0
2016-06-13,201606133430026,ADBL,51,56,246,681.0,167526.0
2016-06-13,201606133429856,ADBL,5,29,150,680.0,102000.0
2016-06-13,201606133430348,AHPC,35,33,100,360.0,36000.0
2016-06-13,201606133430328,AHPC,35,39,100,360.0,36000.0
2016-06-13,201606133430283,AHPC,38,49,200,360.0,72000.0
2016-06-13,201606133430268,AHPC,38,33,500,362.0,181000.0
2016-06-13,201606133430267,AHPC,38,32,500,361.0,180500.0
2016-06-13,201606133430133,AHPC,38,41,500,363.0,181500.0
2016-06-13,201606133430041,AHPC,35,35,500,359.0,179500.0
2016-06-13,201606133430020,AHPC,38,33,500,360.0,180000.0
2016-06-13,201606133429997,AHPC,43,4,550,358.0,196900.0
2016-06-13,201606133430132,AHPC,38,41,200,363.0,72600.0
2016-06-13,201606133430107,AHPC,38,8,500,363.0,181500.0
2016-06-13,201606133430104,AHPC,38,49,136,363.0,49368.0
2016-06-13,201606133430082,AHPC,38,8,91,363.0,33033.0
2016-06-13,201606133430049,AHPC,38,41,767,360.0,276120.0
2016-06-13,201606133430048,AHPC,38,33,500,360.0,180000.0
2016-06-13,201606133430309,API,45,29,276,781.0,215556.0
2016-06-13,201606133430236,API,45,55,16,784.0,12544.0
2016-06-13,201606133430172,API,45,42,192,780.0,149760.0
2016-06-13,201606133430125,API,45,55,16,784.0,12544.0
2016-06-13,201606133430106,API,45,39,520,784.0,407680.0
2016-06-13,201606133430009,API,25,22,500,782.0,391000.0
2016-06-13,201606133430001,API,45,53,20,780.0,15600.0
2016-06-13,201606133429995,API,45,53,20,780.0,15600.0
2016-06-13,201606133429990,API,45,39,16,780.0,12480.0
2016-06-13,201606133429989,API,45,45,10,780.0,7800.0
2016-06-13,201606133429969,API,45,45,13,780.0,10140.0
2016-06-13,201606133430260,CCBL,48,40,99,425.0,42075.0
2016-06-13,201606133430253,CCBL,29,44,27,426.0,11502.0
2016-06-13,201606133430228,CCBL,59,40,202,425.0,85850.0
2016-06-13,201606133430151,CCBL,59,8,250,425.0,106250.0
2016-06-13,201606133430018,CCBL,5,54,27,431.0,11637.0
2016-06-13,201606133429948,CCBL,5,48,100,431.0,43100.0
2016-06-13,201606133429945,CCBL,5,21,42,430.0,18060.0
2016-06-13,201606133429933,CCBL,5,17,42,430.0,18060.0
2016-06-13,201606133429929,CCBL,5,56,88,428.0,37664.0
2016-06-13,201606133430206,CHCL,52,48,100,1400.0,140000.0
2016-06-13,201606133430250,CIT,42,1,117,4350.0,508950.0
2016-06-13,201606133430193,CIT,58,58,112,4400.0,492800.0
2016-06-13,201606133430050,CIT,8,8,195,4375.0,853125.0
2016-06-13,201606133430164,CZBIL,39,56,48,570.0,27360.0
2016-06-13,201606133430207,DDBL,59,47,30,3300.0,99000.0
2016-06-13,201606133430187,DDBL,53,44,500,3295.0,1647500.0
2016-06-13,201606133430152,DDBL,54,44,500,3280.0,1640000.0
2016-06-13,201606133429915,DDBL,34,59,140,3300.0,462000.0
2016-06-13,201606133429899,DDBL,39,44,50,3350.0,167500.0
2016-06-13,201606133429879,DDBL,49,49,1000,3339.0,3339000.0
2016-06-13,201606133429854,DDBL,34,10,60,3300.0,198000.0
2016-06-13,201606133429853,DDBL,52,10,50,3300.0,165000.0
2016-06-13,201606133430350,EBL,40,53,45,3176.0,142920.0
2016-06-13,201606133430334,EBL,48,53,50,3180.0,159000.0
2016-06-13,201606133430330,EBL,28,45,159,3175.0,504825.0
2016-06-13,201606133430326,EBL,53,8,19,3180.0,60420.0
2016-06-13,201606133430317,EBL,48,8,150,3180.0,477000.0
2016-06-13,201606133430294,EBL,53,56,200,3180.0,636000.0
2016-06-13,201606133429866,EBL,42,56,30,3192.0,95760.0
2016-06-13,201606133429865,EBL,42,53,30,3190.0,95700.0
2016-06-13,201606133429857,EBL,36,14,100,3186.0,318600.0
2016-06-13,201606133429893,EBL,58,33,300,3172.0,951600.0
2016-06-13,201606133429888,EBL,22,33,200,3172.0,634400.0
2016-06-13,201606133429877,EBL,28,53,500,3180.0,1590000.0
2016-06-13,201606133429873,EBL,36,56,178,3186.0,567108.0
2016-06-13,201606133429870,EBL,47,44,300,3199.0,959700.0
2016-06-13,201606133429867,EBL,42,44,140,3199.0,447860.0
2016-06-13,201606133429916,EBL,58,6,500,3165.0,1582500.0
2016-06-13,201606133429909,EBL,14,44,400,3199.0,1279600.0
2016-06-13,201606133429898,EBL,57,53,262,3150.0,825300.0
2016-06-13,201606133429895,EBL,58,56,229,3199.0,732571.0
2016-06-13,201606133429894,EBL,58,44,60,3199.0,191940.0
2016-06-13,201606133429939,EBL,17,20,100,3181.0,318100.0
2016-06-13,201606133429938,EBL,57,20,200,3181.0,636200.0
2016-06-13,201606133429937,EBL,38,20,40,3181.0,127240.0
2016-06-13,201606133429931,EBL,38,6,60,3181.0,190860.0
2016-06-13,201606133429925,EBL,45,20,500,3200.0,1600000.0
2016-06-13,201606133429918,EBL,21,52,100,3180.0,318000.0
2016-06-13,201606133430029,EBL,40,53,20,3185.0,63700.0
2016-06-13,201606133430021,EBL,45,26,185,3170.0,586450.0
2016-06-13,201606133429985,EBL,21,59,93,3170.0,294810.0
2016-06-13,201606133429980,EBL,28,13,130,3180.0,413400.0
2016-06-13,201606133429941,EBL,28,20,340,3180.0,1081200.0
2016-06-13,201606133429940,EBL,58,20,400,3180.0,1272000.0
2016-06-13,201606133430099,EBL,36,32,150,3180.0,477000.0
2016-06-13,201606133430088,EBL,14,32,200,3180.0,636000.0
2016-06-13,201606133430068,EBL,28,20,790,3180.0,2512200.0
2016-06-13,201606133430045,EBL,28,20,30,3180.0,95400.0
2016-06-13,201606133430044,EBL,40,20,180,3185.0,573300.0
2016-06-13,201606133430040,EBL,40,25,100,3185.0,318500.0
2016-06-13,201606133430137,EBL,6,33,400,3175.0,1270000.0
2016-06-13,201606133430131,EBL,28,33,50,3175.0,158750.0
2016-06-13,201606133430121,EBL,28,32,150,3175.0,476250.0
2016-06-13,201606133430116,EBL,28,39,200,3175.0,635000.0
2016-06-13,201606133430112,EBL,28,11,100,3175.0,317500.0
2016-06-13,201606133430213,EBL,28,32,500,3180.0,1590000.0
2016-06-13,201606133430162,EBL,40,14,190,3175.0,603250.0
2016-06-13,201606133430161,EBL,6,14,310,3176.0,984560.0
2016-06-13,201606133430143,EBL,35,42,10,3172.0,31720.0
2016-06-13,201606133430139,EBL,6,20,245,3182.0,779590.0
2016-06-13,201606133430138,EBL,6,53,50,3175.0,158750.0
2016-06-13,201606133430275,EBL,53,32,200,3180.0,636000.0
2016-06-13,201606133430270,EBL,48,58,200,3176.0,635200.0
2016-06-13,201606133430266,EBL,28,32,500,3180.0,1590000.0
2016-06-13,201606133430251,EBL,28,43,56,3180.0,178080.0
2016-06-13,201606133430247,EBL,28,43,200,3180.0,636000.0
2016-06-13,201606133430216,EBL,17,36,100,3177.0,317700.0
2016-06-13,201606133430056,EIC,38,17,33,1980.0,65340.0
2016-06-13,201606133430231,FBBLPO,1,25,11650,209.0,2434850.0
2016-06-13,201606133430265,FMDBL,36,14,50,1588.0,79400.0
2016-06-13,201606133430027,FMDBL,49,49,2000,1596.0,3192000.0
2016-06-13,201606133429956,FMDBL,38,56,100,1600.0,160000.0
2016-06-13,201606133429934,FMDBL,34,56,200,1600.0,320000.0
2016-06-13,201606133429902,FMDBL,21,19,159,1596.0,253764.0
2016-06-13,201606133430318,GBIME,28,55,30,510.0,15300.0
2016-06-13,201606133430296,GBIME,39,39,300,515.0,154500.0
2016-06-13,201606133430293,GBIME,51,14,172,510.0,87720.0
2016-06-13,201606133430284,GBIME,39,56,29,512.0,14848.0
2016-06-13,201606133430243,GBIME,37,8,500,510.0,255000.0
2016-06-13,201606133430242,GBIME,57,8,500,510.0,255000.0
2016-06-13,201606133430032,GBIME,33,21,100,514.0,51400.0
2016-06-13,201606133429982,GBIME,39,44,453,515.0,233295.0
2016-06-13,201606133430039,GBIME,39,44,1000,512.0,512000.0
2016-06-13,201606133430038,GBIME,39,44,200,512.0,102400.0
2016-06-13,201606133430037,GBIME,16,44,2000,513.0,1026000.0
2016-06-13,201606133430036,GBIME,34,44,500,513.0,256500.0
2016-06-13,201606133430035,GBIME,14,44,200,514.0,102800.0
2016-06-13,201606133430033,GBIME,14,21,100,514.0,51400.0
2016-06-13,201606133430241,GBIME,16,8,500,510.0,255000.0
2016-06-13,201606133430240,GBIME,51,8,1000,511.0,511000.0
2016-06-13,201606133430239,GBIME,43,8,100,511.0,51100.0
2016-06-13,201606133430238,GBIME,6,8,100,512.0,51200.0
2016-06-13,201606133430227,GBIME,16,57,500,512.0,256000.0
2016-06-13,201606133430076,GBIME,5,44,100,512.0,51200.0
2016-06-13,201606133430255,GLICL,47,57,100,925.0,92500.0
2016-06-13,201606133430223,GLICL,13,18,500,938.0,469000.0
2016-06-13,201606133430183,GLICL,41,10,1000,935.0,935000.0
2016-06-13,201606133430176,GLICL,41,4,73,934.0,68182.0
2016-06-13,201606133430340,HBL,56,26,500,1525.0,762500.0
2016-06-13,201606133430225,HBL,34,52,100,1530.0,153000.0
2016-06-13,201606133430011,HBL,58,58,2500,1525.0,3812500.0
2016-06-13,201606133429983,HBL,45,36,437,1525.0,666425.0
2016-06-13,201606133429876,HBL,38,36,100,1525.0,152500.0
2016-06-13,201606133430212,HGI,17,45,500,1425.0,712500.0
2016-06-13,201606133430211,HGI,22,45,200,1426.0,285200.0
2016-06-13,201606133430263,ILFCM,55,56,10,1435.0,14350.0
2016-06-13,201606133430008,JEFL,26,32,500,210.0,105000.0
2016-06-13,201606133430349,JFL,43,47,500,339.0,169500.0
2016-06-13,201606133430305,JFL,43,17,100,335.0,33500.0
2016-06-13,201606133430170,JFL,42,10,100,340.0,34000.0
2016-06-13,201606133430084,KADBL,45,41,500,560.0,280000.0
2016-06-13,201606133430333,KMCDB,20,56,10,1970.0,19700.0
2016-06-13,201606133430115,LBL,40,4,500,799.0,399500.0
2016-06-13,201606133430105,LBL,47,41,40,795.0,31800.0
2016-06-13,201606133430087,LBL,59,58,190,793.0,150670.0
2016-06-13,201606133430235,LGIL,46,45,300,1350.0,405000.0
2016-06-13,201606133430149,LGIL,43,45,100,1370.0,137000.0
2016-06-13,201606133430148,LGIL,42,45,200,1371.0,274200.0
2016-06-13,201606133430147,LGIL,25,45,100,1375.0,137500.0
2016-06-13,201606133430146,LGIL,5,45,200,1375.0,275000.0
2016-06-13,201606133430145,LGIL,19,45,50,1375.0,68750.0
2016-06-13,201606133430060,LLBS,50,36,200,3100.0,620000.0
2016-06-13,201606133430059,LLBS,1,36,200,3110.0,622000.0
2016-06-13,201606133430067,LVF1,17,42,5000,11.0,55000.0
2016-06-13,201606133430057,LVF1,17,42,5000,11.0,55000.0
2016-06-13,201606133430347,MEGA,16,29,38,523.0,19874.0
2016-06-13,201606133430335,MEGA,16,29,38,523.0,19874.0
2016-06-13,201606133430329,MEGA,16,29,38,523.0,19874.0
2016-06-13,201606133430310,MEGA,16,29,38,523.0,19874.0
2016-06-13,201606133430298,MEGA,16,29,38,523.0,19874.0
2016-06-13,201606133430281,MEGA,16,29,37,523.0,19351.0
2016-06-13,201606133429963,MEGA,52,19,76,525.0,39900.0
2016-06-13,201606133430210,MFIL,20,58,1000,346.0,346000.0
2016-06-13,201606133430199,MFIL,20,49,500,347.0,173500.0
2016-06-13,201606133430190,MFIL,48,39,177,346.0,61242.0
2016-06-13,201606133430046,MFIL,1,49,100,341.0,34100.0
2016-06-13,201606133430323,MNBBL,19,14,50,1200.0,60000.0
2016-06-13,201606133430182,MNBBL,26,43,100,1200.0,120000.0
2016-06-13,201606133429862,MNBBL,54,32,300,1213.0,363900.0
2016-06-13,201606133429861,MNBBL,54,49,300,1213.0,363900.0
2016-06-13,201606133430064,MSMBS,44,35,100,1650.0,165000.0
2016-06-13,201606133430111,NABIL,26,17,200,2385.0,477000.0
2016-06-13,201606133430110,NABIL,26,17,100,2386.0,238600.0
2016-06-13,201606133430062,NABIL,26,26,200,2386.0,477200.0
2016-06-13,201606133430061,NABIL,7,26,100,2390.0,239000.0
2016-06-13,201606133430058,NABIL,7,52,100,2407.0,240700.0
2016-06-13,201606133430000,NABIL,8,17,300,2390.0,717000.0
2016-06-13,201606133429999,NABIL,51,17,100,2395.0,239500.0
2016-06-13,201606133429981,NABIL,16,49,200,2403.0,480600.0
2016-06-13,201606133429896,NABIL,52,52,100,2400.0,240000.0
2016-06-13,201606133429891,NABIL,7,17,100,2419.0,241900.0
2016-06-13,201606133429874,NABIL,7,17,50,2419.0,120950.0
2016-06-13,201606133429908,NABILP,17,36,224,1819.0,407456.0
2016-06-13,201606133430135,NABILP,49,19,100,1795.0,179500.0
2016-06-13,201606133430339,NBB,17,25,300,874.0,262200.0
2016-06-13,201606133430338,NBB,58,25,100,875.0,87500.0
2016-06-13,201606133430337,NBB,44,25,100,875.0,87500.0
2016-06-13,201606133430336,NBB,19,1,1000,875.0,875000.0
2016-06-13,201606133430331,NBB,19,1,989,874.0,864386.0
2016-06-13,201606133430325,NBB,1,59,11,875.0,9625.0
2016-06-13,201606133429887,NBB,55,38,100,880.0,88000.0
2016-06-13,201606133429886,NBB,20,38,50,880.0,44000.0
2016-06-13,201606133429885,NBB,20,33,200,880.0,176000.0
2016-06-13,201606133429858,NBB,20,29,263,880.0,231440.0
2016-06-13,201606133429852,NBB,4,44,340,878.0,298520.0
2016-06-13,201606133429922,NBB,56,56,150,876.0,131400.0
2016-06-13,201606133429921,NBB,26,56,200,876.0,175200.0
2016-06-13,201606133429920,NBB,19,56,50,878.0,43900.0
2016-06-13,201606133429919,NBB,25,38,265,876.0,232140.0
2016-06-13,201606133429892,NBB,20,38,40,880.0,35200.0
2016-06-13,201606133429889,NBB,43,38,120,880.0,105600.0
2016-06-13,201606133429965,NBB,25,44,1000,875.0,875000.0
2016-06-13,201606133429962,NBB,4,44,460,875.0,402500.0
2016-06-13,201606133429961,NBB,5,44,90,875.0,78750.0
2016-06-13,201606133429960,NBB,41,44,550,875.0,481250.0
2016-06-13,201606133429959,NBB,53,44,300,876.0,262800.0
2016-06-13,201606133429958,NBB,56,44,50,876.0,43800.0
2016-06-13,201606133429986,NBB,41,44,100,874.0,87400.0
2016-06-13,201606133429984,NBB,7,57,154,873.0,134442.0
2016-06-13,201606133429979,NBB,29,44,100,874.0,87400.0
2016-06-13,201606133429972,NBB,7,44,500,874.0,437000.0
2016-06-13,201606133429971,NBB,19,44,500,875.0,437500.0
2016-06-13,201606133429970,NBB,25,44,500,875.0,437500.0
2016-06-13,201606133429996,NBB,7,44,1400,875.0,1225000.0
2016-06-13,201606133429993,NBB,47,44,150,875.0,131250.0
2016-06-13,201606133429992,NBB,47,44,350,874.0,305900.0
2016-06-13,201606133429991,NBB,25,44,100,874.0,87400.0
2016-06-13,201606133429988,NBB,19,44,250,874.0,218500.0
2016-06-13,201606133429987,NBB,25,44,100,874.0,87400.0
2016-06-13,201606133430094,NBB,51,44,100,875.0,87500.0
2016-06-13,201606133430093,NBB,19,44,400,876.0,350400.0
2016-06-13,201606133430053,NBB,36,7,500,876.0,438000.0
2016-06-13,201606133430052,NBB,36,21,300,875.0,262500.0
2016-06-13,201606133430043,NBB,36,56,470,873.0,410310.0
2016-06-13,201606133430006,NBB,7,56,100,875.0,87500.0
2016-06-13,201606133430155,NBB,36,45,30,873.0,26190.0
2016-06-13,201606133430154,NBB,17,45,120,873.0,104760.0
2016-06-13,201606133430153,NBB,37,45,100,874.0,87400.0
2016-06-13,201606133430140,NBB,56,44,50,875.0,43750.0
2016-06-13,201606133430120,NBB,37,34,100,874.0,87400.0
2016-06-13,201606133430114,NBB,43,44,200,875.0,175000.0
2016-06-13,201606133430171,NBB,21,45,50,871.0,43550.0
2016-06-13,201606133430169,NBB,42,56,256,870.0,222720.0
2016-06-13,201606133430160,NBB,19,45,200,871.0,174200.0
2016-06-13,201606133430158,NBB,14,45,100,871.0,87100.0
2016-06-13,201606133430157,NBB,39,45,200,872.0,174400.0
2016-06-13,201606133430156,NBB,8,45,200,872.0,174400.0
2016-06-13,201606133430321,NBB,19,25,500,874.0,437000.0
2016-06-13,201606133430246,NBB,48,52,200,875.0,175000.0
2016-06-13,201606133430226,NBB,48,42,200,875.0,175000.0
2016-06-13,201606133430218,NBB,48,44,600,875.0,525000.0
2016-06-13,201606133430217,NBB,21,44,150,875.0,131250.0
2016-06-13,201606133430191,NBB,44,44,500,875.0,437500.0
2016-06-13,201606133430136,NBL,25,58,9857,482.0,4751074.0
2016-06-13,201606133430074,NBL,59,11,1000,482.0,482000.0
2016-06-13,201606133430073,NBL,59,47,1000,481.0,481000.0
2016-06-13,201606133430012,NBL,28,55,256,480.0,122880.0
2016-06-13,201606133429947,NBL,28,55,256,480.0,122880.0
2016-06-13,201606133429897,NBL,28,58,5000,480.0,2400000.0
2016-06-13,201606133429884,NBL,28,58,3000,480.0,1440000.0
2016-06-13,201606133429883,NBL,28,48,500,480.0,240000.0
2016-06-13,201606133429882,NBL,28,54,500,480.0,240000.0
2016-06-13,201606133429881,NBL,28,47,1000,478.0,478000.0
2016-06-13,201606133430341,NCM,49,54,108,525.0,56700.0
2016-06-13,201606133430276,NCM,35,45,200,530.0,106000.0
2016-06-13,201606133430273,NCM,35,36,565,529.0,298885.0
2016-06-13,201606133430002,NCM,49,45,200,523.0,104600.0
2016-06-13,201606133430288,NHPC,59,13,400,200.0,80000.0
2016-06-13,201606133430230,NHPC,59,33,500,200.0,100000.0
2016-06-13,201606133430229,NHPC,59,17,1100,200.0,220000.0
2016-06-13,201606133430189,NHPC,51,40,500,197.0,98500.0
2016-06-13,201606133430180,NHPC,48,40,1000,199.0,199000.0
2016-06-13,201606133430179,NHPC,48,8,2000,199.0,398000.0
2016-06-13,201606133430118,NHPC,36,8,1500,199.0,298500.0
2016-06-13,201606133430017,NHPC,36,17,500,199.0,99500.0
2016-06-13,201606133429880,NHPC,28,42,750,198.0,148500.0
2016-06-13,201606133430346,NIB,57,51,200,1085.0,217000.0
2016-06-13,201606133430299,NIB,11,36,100,1090.0,109000.0
2016-06-13,201606133430295,NIB,40,6,59,1075.0,63425.0
2016-06-13,201606133430287,NIB,40,6,100,1075.0,107500.0
2016-06-13,201606133430286,NIB,54,6,500,1085.0,542500.0
2016-06-13,201606133430282,NIB,17,43,20,1082.0,21640.0
2016-06-13,201606133429942,NIB,11,22,250,1105.0,276250.0
2016-06-13,201606133429930,NIB,5,22,50,1107.0,55350.0
2016-06-13,201606133429904,NIB,5,40,50,1107.0,55350.0
2016-06-13,201606133430089,NIB,42,6,100,1110.0,111000.0
2016-06-13,201606133430085,NIB,39,56,115,1100.0,126500.0
2016-06-13,201606133429977,NIB,42,42,200,1110.0,222000.0
2016-06-13,201606133429968,NIB,11,6,550,1107.0,608850.0
2016-06-13,201606133429944,NIB,11,22,100,1107.0,110700.0
2016-06-13,201606133429943,NIB,11,39,100,1107.0,110700.0
2016-06-13,201606133430280,NIB,40,43,51,1085.0,55335.0
2016-06-13,201606133430248,NIB,49,36,150,1090.0,163500.0
2016-06-13,201606133430237,NIB,29,5,100,1092.0,109200.0
2016-06-13,201606133430175,NIB,17,17,2550,1103.0,2812650.0
2016-06-13,201606133430129,NIB,57,51,64,1118.0,71552.0
2016-06-13,201606133430128,NIB,57,6,200,1100.0,220000.0
2016-06-13,201606133430222,NIBPO,28,21,165,965.0,159225.0
2016-06-13,201606133430221,NIBPO,28,52,200,965.0,193000.0
2016-06-13,201606133430209,NIBPO,28,21,165,965.0,159225.0
2016-06-13,201606133430208,NIBPO,28,8,100,965.0,96500.0
2016-06-13,201606133430194,NIBPO,28,6,495,964.0,477180.0
2016-06-13,201606133429927,NIBPO,28,11,500,947.0,473500.0
2016-06-13,201606133429964,NIBPO,43,14,10,965.0,9650.0
2016-06-13,201606133430070,NIBPO,43,52,40,965.0,38600.0
2016-06-13,201606133430308,NICA,41,14,1000,765.0,765000.0
2016-06-13,201606133430302,NICA,22,22,100,769.0,76900.0
2016-06-13,201606133430051,NICA,21,54,47,770.0,36190.0
2016-06-13,201606133430015,NICA,39,58,200,775.0,155000.0
2016-06-13,201606133429928,NICA,19,58,110,775.0,85250.0
2016-06-13,201606133429924,NICA,19,58,90,775.0,69750.0
2016-06-13,201606133429923,NICA,41,58,100,780.0,78000.0
2016-06-13,201606133429890,NICA,41,8,293,780.0,228540.0
2016-06-13,201606133430127,NICL,55,56,200,1225.0,245000.0
2016-06-13,201606133430117,NICL,21,54,300,1230.0,369000.0
2016-06-13,201606133430103,NICL,43,54,50,1235.0,61750.0
2016-06-13,201606133429869,NICL,45,45,200,1249.0,249800.0
2016-06-13,201606133430297,NLG,17,58,138,1850.0,255300.0
2016-06-13,201606133430150,NLG,28,49,660,1855.0,1224300.0
2016-06-13,201606133430083,NLG,28,19,40,1874.0,74960.0
2016-06-13,201606133430066,NLG,28,48,100,1868.0,186800.0
2016-06-13,201606133430065,NLG,28,58,200,1845.0,369000.0
2016-06-13,201606133430047,NLG,28,45,33,1850.0,61050.0
2016-06-13,201606133430014,NLG,42,45,200,1832.0,366400.0
2016-06-13,201606133430005,NLG,42,45,300,1832.0,549600.0
2016-06-13,201606133429978,NLG,36,45,200,1840.0,368000.0
2016-06-13,201606133429950,NLG,28,33,500,1860.0,930000.0
2016-06-13,201606133430259,NMB,42,54,500,720.0,360000.0
2016-06-13,201606133430258,NMB,7,54,200,720.0,144000.0
2016-06-13,201606133430257,NMB,49,54,500,720.0,360000.0
2016-06-13,201606133430256,NMB,17,54,200,721.0,144200.0
2016-06-13,201606133430214,NMB,25,6,1000,722.0,722000.0
2016-06-13,201606133430142,NMB,47,1,80,728.0,58240.0
2016-06-13,201606133430003,NMB,14,48,50,728.0,36400.0
2016-06-13,201606133429994,NMB,55,4,320,728.0,232960.0
2016-06-13,201606133429901,NMB,42,4,10,730.0,7300.0
2016-06-13,201606133429878,NMB,19,10,1000,721.0,721000.0
2016-06-13,201606133429871,NMB,8,59,352,729.0,256608.0
2016-06-13,201606133429859,NMB,42,37,90,730.0,65700.0
2016-06-13,201606133430119,NMB,49,52,100,727.0,72700.0
2016-06-13,201606133430086,NMB,22,25,100,725.0,72500.0
2016-06-13,201606133430055,NMB,14,39,27,728.0,19656.0
2016-06-13,201606133430042,NMB,33,46,348,728.0,253344.0
2016-06-13,201606133430031,NMB,49,32,100,729.0,72900.0
2016-06-13,201606133430010,NMB,14,34,200,728.0,145600.0
2016-06-13,201606133430345,PCBL,32,46,500,709.0,354500.0
2016-06-13,201606133430219,PCBL,20,10,50,710.0,35500.0
2016-06-13,201606133430134,PCBL,33,10,100,709.0,70900.0
2016-06-13,201606133430102,PCBL,33,10,200,710.0,142000.0
2016-06-13,201606133430101,PCBL,14,10,350,711.0,248850.0
2016-06-13,201606133430100,PCBL,45,10,400,711.0,284400.0
2016-06-13,201606133429875,PCBL,59,44,100,715.0,71500.0
2016-06-13,201606133429868,PCBL,55,44,200,715.0,143000.0
2016-06-13,201606133429864,PCBL,46,44,1000,715.0,715000.0
2016-06-13,201606133429863,PCBL,33,44,400,715.0,286000.0
2016-06-13,201606133429860,PCBL,33,44,500,715.0,357500.0
2016-06-13,201606133430016,PCBL,50,26,300,713.0,213900.0
2016-06-13,201606133430004,PCBL,19,32,800,711.0,568800.0
2016-06-13,201606133429967,PCBL,26,26,200,713.0,142600.0
2016-06-13,201606133429951,PCBL,32,44,200,715.0,143000.0
2016-06-13,201606133429912,PCBL,43,46,200,713.0,142600.0
2016-06-13,201606133429911,PCBL,17,46,300,714.0,214200.0
2016-06-13,201606133430095,PCBL,46,46,500,711.0,355500.0
2016-06-13,201606133430078,PCBL,45,32,100,711.0,71100.0
2016-06-13,201606133430077,PCBL,29,32,200,711.0,142200.0
2016-06-13,201606133430024,PCBL,19,46,200,711.0,142200.0
2016-06-13,201606133430023,PCBL,52,46,200,712.0,142400.0
2016-06-13,201606133430022,PCBL,50,46,200,713.0,142600.0
2016-06-13,201606133430254,PIC,49,14,200,1950.0,390000.0
2016-06-13,201606133430224,PIC,48,56,100,1950.0,195000.0
2016-06-13,201606133430204,PIC,49,56,200,1950.0,390000.0
2016-06-13,201606133430168,PIC,49,49,100,1979.0,197900.0
2016-06-13,201606133430166,PIC,49,49,200,1979.0,395800.0
2016-06-13,201606133430025,PIC,25,34,200,1989.0,397800.0
2016-06-13,201606133429957,PIC,5,5,50,1980.0,99000.0
2016-06-13,201606133430092,PLIC,53,21,40,1915.0,76600.0
2016-06-13,201606133430091,PLIC,53,47,100,1910.0,191000.0
2016-06-13,201606133430306,PRDBL,48,48,10,266.0,2660.0
2016-06-13,201606133430291,PRIN,55,45,300,1403.0,420900.0
2016-06-13,201606133430290,PRIN,42,45,200,1415.0,283000.0
2016-06-13,201606133430289,PRIN,17,45,30,1431.0,42930.0
2016-06-13,201606133430203,PRIN,17,14,10,1431.0,14310.0
2016-06-13,201606133430202,PRIN,7,14,100,1435.0,143500.0
2016-06-13,201606133430201,PRIN,17,14,40,1436.0,57440.0
2016-06-13,201606133430200,PRIN,36,14,200,1436.0,287200.0
2016-06-13,201606133429976,PRIN,5,11,37,1459.0,53983.0
2016-06-13,201606133429975,PRIN,5,8,50,1459.0,72950.0
2016-06-13,201606133429913,PRIN,17,41,10,1450.0,14500.0
2016-06-13,201606133430181,REDBL,29,52,544,450.0,244800.0
2016-06-13,201606133430192,RHPC,1,36,11,362.0,3982.0
2016-06-13,201606133430292,RMDC,36,57,300,1102.0,330600.0
2016-06-13,201606133430090,RMDC,14,6,50,1081.0,54050.0
2016-06-13,201606133430072,RMDC,53,43,10,1071.0,10710.0
2016-06-13,201606133429949,RMDC,44,44,1337,1050.0,1403850.0
2016-06-13,201606133430320,SANIMA,14,14,400,684.0,273600.0
2016-06-13,201606133430271,SANIMA,14,41,166,683.0,113378.0
2016-06-13,201606133430186,SANIMA,39,35,150,680.0,102000.0
2016-06-13,201606133430096,SANIMA,32,50,500,680.0,340000.0
2016-06-13,201606133429952,SANIMA,35,45,200,680.0,136000.0
2016-06-13,201606133429910,SANIMA,21,48,1000,676.0,676000.0
2016-06-13,201606133429907,SANIMA,43,16,395,680.0,268600.0
2016-06-13,201606133429906,SANIMA,43,32,100,680.0,68000.0
2016-06-13,201606133430303,SBI,38,54,300,1795.0,538500.0
2016-06-13,201606133430113,SBI,57,44,145,1810.0,262450.0
2016-06-13,201606133430098,SBI,57,44,450,1810.0,814500.0
2016-06-13,201606133430097,SBI,55,44,50,1811.0,90550.0
2016-06-13,201606133430081,SBI,57,36,150,1810.0,271500.0
2016-06-13,201606133430019,SBI,39,59,180,1820.0,327600.0
2016-06-13,201606133429946,SBI,39,37,27,1820.0,49140.0
2016-06-13,201606133430319,SCB,22,52,100,3422.0,342200.0
2016-06-13,201606133430311,SCB,19,53,216,3422.0,739152.0
2016-06-13,201606133430304,SCB,16,5,100,3435.0,343500.0
2016-06-13,201606133430279,SCB,33,34,100,3450.0,345000.0
2016-06-13,201606133430278,SCB,33,34,200,3450.0,690000.0
2016-06-13,201606133430277,SCB,33,57,200,3450.0,690000.0
2016-06-13,201606133429926,SCB,38,19,100,3450.0,345000.0
2016-06-13,201606133429903,SCB,36,57,100,3451.0,345100.0
2016-06-13,201606133430063,SCB,53,53,200,3449.0,689800.0
2016-06-13,201606133430054,SCB,47,53,100,3449.0,344900.0
2016-06-13,201606133430030,SCB,14,56,100,3449.0,344900.0
2016-06-13,201606133430007,SCB,11,56,100,3449.0,344900.0
2016-06-13,201606133429998,SCB,33,33,500,3420.0,1710000.0
2016-06-13,201606133429932,SCB,38,56,100,3450.0,345000.0
2016-06-13,201606133430188,SCB,22,33,200,3445.0,689000.0
2016-06-13,201606133430185,SCB,22,22,100,3440.0,344000.0
2016-06-13,201606133430184,SCB,22,46,50,3439.0,171950.0
2016-06-13,201606133430144,SCB,54,54,500,3444.0,1722000.0
2016-06-13,201606133430126,SCB,19,44,100,3415.0,341500.0
2016-06-13,201606133430075,SCB,49,6,300,3448.0,1034400.0
2016-06-13,201606133430274,SCB,48,57,200,3431.0,686200.0
2016-06-13,201606133430272,SCB,33,52,53,3440.0,182320.0
2016-06-13,201606133430262,SCB,33,55,65,3449.0,224185.0
2016-06-13,201606133430245,SCB,33,14,222,3449.0,765678.0
2016-06-13,201606133430244,SCB,33,14,100,3448.0,344800.0
2016-06-13,201606133430195,SCB,39,53,10,3449.0,34490.0
2016-06-13,201606133430285,SHL,4,21,200,377.0,75400.0
2016-06-13,201606133430327,SIC,42,56,141,2360.0,332760.0
2016-06-13,201606133430316,SIC,32,56,300,2365.0,709500.0
2016-06-13,201606133430173,SIC,56,56,200,2399.0,479800.0
2016-06-13,201606133430167,SICL,58,45,50,3150.0,157500.0
2016-06-13,201606133430124,SICL,58,43,300,3150.0,945000.0
2016-06-13,201606133430123,SICL,58,44,300,3149.0,944700.0
2016-06-13,201606133430122,SICL,58,39,50,3140.0,157000.0
2016-06-13,201606133430080,SICL,58,37,16,3145.0,50320.0
2016-06-13,201606133430079,SICL,58,33,500,3140.0,1570000.0
2016-06-13,201606133430013,SIGS1,55,43,20000,22.43,448600.0
2016-06-13,201606133430198,SIL,34,17,83,2059.0,170897.0
2016-06-13,201606133430069,SIL,49,44,100,2045.0,204500.0
2016-06-13,201606133430177,SINDU,4,43,300,510.0,153000.0
2016-06-13,201606133430261,SLICL,41,43,300,1130.0,339000.0
2016-06-13,201606133429936,SLICL,45,42,100,1120.0,112000.0
2016-06-13,201606133429917,SLICL,45,42,100,1120.0,112000.0
2016-06-13,201606133429914,SLICL,45,52,100,1120.0,112000.0
2016-06-13,201606133429905,SLICL,42,22,100,1118.0,111800.0
2016-06-13,201606133429855,SLICL,42,52,100,1100.0,110000.0
2016-06-13,201606133430028,SLICL,52,43,100,1120.0,112000.0
2016-06-13,201606133429974,SLICL,45,22,50,1120.0,56000.0
2016-06-13,201606133429973,SLICL,45,22,60,1120.0,67200.0
2016-06-13,201606133429955,SLICL,48,36,300,1122.0,336600.0
2016-06-13,201606133429954,SLICL,48,57,200,1120.0,224000.0
2016-06-13,201606133430141,SLICL,56,57,164,1130.0,185320.0
2016-06-13,201606133430109,SLICL,45,39,300,1122.0,336600.0
2016-06-13,201606133430108,SLICL,43,39,100,1123.0,112300.0
2016-06-13,201606133430071,SLICL,45,36,200,1122.0,224400.0
2016-06-13,201606133430034,SLICL,52,22,50,1120.0,56000.0
2016-06-13,201606133430324,SRBL,46,44,30,650.0,19500.0
2016-06-13,201606133430264,SRBL,46,8,420,650.0,273000.0
2016-06-13,201606133430249,SRBL,46,52,11,649.0,7139.0
2016-06-13,201606133430196,SRBL,25,8,80,650.0,52000.0
2016-06-13,201606133429966,SRBL,10,11,150,650.0,97500.0
2016-06-13,201606133429900,SRBL,46,35,12,652.0,7824.0
2016-06-13,201606133429872,SRBL,52,45,27,655.0,17685.0
2016-06-13,201606133430130,SYFL,39,43,200,128.0,25600.0
2016-06-13,201606133430307,UIC,29,45,47,1500.0,70500.0
2016-06-13,201606133430301,UIC,29,45,100,1500.0,150000.0
2016-06-13,201606133430300,UIC,44,45,300,1500.0,450000.0
2016-06-13,201606133430269,UIC,44,45,500,1500.0,750000.0
2016-06-13,201606133430252,UIC,44,32,200,1500.0,300000.0
2016-06-13,201606133430234,UIC,44,53,70,1510.0,105700.0
2016-06-13,201606133430233,UIC,44,10,300,1509.0,452700.0
2016-06-13,201606133430232,UIC,44,26,150,1508.0,226200.0
2016-06-13,201606133430165,UIC,48,57,500,1500.0,750000.0
2016-06-13,201606133430159,UIC,48,45,500,1480.0,740000.0
2016-06-13,201606133430344,VLBS,40,45,100,1560.0,156000.0
2016-06-13,201606133430343,VLBS,40,45,50,1561.0,78050.0
2016-06-13,201606133429935,VLBS,40,49,40,1560.0,62400.0
2016-06-13,201606133430205,WOMI,5,5,12,2999.0,35988.0
2016-06-13,201606133430178,WOMI,5,5,12,2999.0,35988.0
2016-06-13,201606133430163,WOMI,5,5,12,2999.0,35988.0
2016-06-13,201606133430314,YETI,33,13,1500,220.0,330000.0
2016-06-13,201606133430313,YETI,33,28,90,220.0,19800.0
2016-06-13,201606133430312,YETI,33,28,90,220.0,19800.0
2016-06-13,201606133433314,ACEDBL,38,38,100,375.0,37500.0
2016-06-13,201606133432913,ACEDBL,25,48,35,375.0,13125.0
2016-06-13,201606133433049,ACEDBL,47,38,200,375.0,75000.0
2016-06-13,201606133433345,ADBL,50,34,500,699.0,349500.0
2016-06-13,201606133433319,ADBL,16,34,200,699.0,139800.0
2016-06-13,201606133433283,ADBL,16,41,200,700.0,140000.0
2016-06-13,201606133433282,ADBL,16,3,100,700.0,70000.0
2016-06-13,201606133433281,ADBL,16,22,100,700.0,70000.0
2016-06-13,201606133433280,ADBL,16,14,100,700.0,70000.0
2016-06-13,201606133433182,ADBL,14,45,405,698.0,282690.0
2016-06-13,201606133433165,ADBL,14,52,158,695.0,109810.0
2016-06-13,201606133433119,ADBL,8,43,400,695.0,278000.0
2016-06-13,201606133433104,ADBL,8,42,281,695.0,195295.0
2016-06-13,201606133433072,ADBL,42,11,40,695.0,27800.0
2016-06-13,201606133433259,ADBL,56,6,200,699.0,139800.0
2016-06-13,201606133433255,ADBL,56,39,305,699.0,213195.0
2016-06-13,201606133433241,ADBL,56,42,32,699.0,22368.0
2016-06-13,201606133433216,ADBL,14,11,40,696.0,27840.0
2016-06-13,201606133433201,ADBL,14,11,40,696.0,27840.0
2016-06-13,201606133433183,ADBL,42,11,40,695.0,27800.0
2016-06-13,201606133433035,AHPC,17,6,100,355.0,35500.0
2016-06-13,201606133432921,AHPC,26,6,500,355.0,177500.0
2016-06-13,201606133432872,AHPC,46,6,100,355.0,35500.0
2016-06-13,201606133433297,ALICL,45,44,500,1550.0,775000.0
2016-06-13,201606133433142,ALICL,17,42,4000,1550.0,6200000.0
2016-06-13,201606133432907,ALICL,10,53,24,1532.0,36768.0
2016-06-13,201606133432902,ALICL,17,53,16,1535.0,24560.0
2016-06-13,201606133432881,ALICL,57,34,200,1555.0,311000.0
2016-06-13,201606133433258,API,26,21,13,772.0,10036.0
2016-06-13,201606133433113,API,25,13,26,775.0,20150.0
2016-06-13,201606133433103,API,25,29,100,776.0,77600.0
2016-06-13,201606133433083,API,25,29,135,776.0,104760.0
2016-06-13,201606133433042,API,47,41,16,770.0,12320.0
2016-06-13,201606133433039,API,47,41,16,770.0,12320.0
2016-06-13,201606133432919,API,47,47,16,770.0,12320.0
2016-06-13,201606133432916,API,47,47,16,770.0,12320.0
2016-06-13,201606133432910,API,47,47,16,770.0,12320.0
2016-06-13,201606133432966,API,47,47,16,770.0,12320.0
2016-06-13,201606133432964,API,47,47,16,770.0,12320.0
2016-06-13,201606133432958,API,47,47,16,770.0,12320.0
2016-06-13,201606133432948,API,47,47,16,770.0,12320.0
2016-06-13,201606133432933,API,47,47,16,770.0,12320.0
2016-06-13,201606133432926,API,47,47,16,770.0,12320.0
2016-06-13,201606133432998,API,47,47,16,770.0,12320.0
2016-06-13,201606133432991,API,47,47,16,770.0,12320.0
2016-06-13,201606133432989,API,47,47,16,770.0,12320.0
2016-06-13,201606133432981,API,47,47,16,770.0,12320.0
2016-06-13,201606133432975,API,47,59,14,770.0,10780.0
2016-06-13,201606133432968,API,47,47,16,770.0,12320.0
2016-06-13,201606133433019,API,25,48,234,770.0,180180.0
2016-06-13,201606133433017,API,47,47,16,770.0,12320.0
2016-06-13,201606133433011,API,47,47,16,770.0,12320.0
2016-06-13,201606133433008,API,47,47,16,770.0,12320.0
2016-06-13,201606133433004,API,47,47,16,770.0,12320.0
2016-06-13,201606133433000,API,47,47,16,770.0,12320.0
2016-06-13,201606133433038,API,25,41,16,770.0,12320.0
2016-06-13,201606133433032,API,47,41,16,770.0,12320.0
2016-06-13,201606133433025,API,25,41,16,770.0,12320.0
2016-06-13,201606133433024,API,47,47,16,770.0,12320.0
2016-06-13,201606133433023,API,25,1,170,767.0,130390.0
2016-06-13,201606133433022,API,21,1,100,768.0,76800.0
2016-06-13,201606133433153,ARDBL,51,17,319,302.0,96338.0
2016-06-13,201606133433144,ARDBL,17,17,200,303.0,60600.0
2016-06-13,201606133433166,BARUN,29,52,10,392.0,3920.0
2016-06-13,201606133433162,BARUN,29,52,10,392.0,3920.0
2016-06-13,201606133433158,BARUN,29,52,10,392.0,3920.0
2016-06-13,201606133433342,BHBL,58,46,2000,439.0,878000.0
2016-06-13,201606133433341,BHBL,58,20,2200,438.0,963600.0
2016-06-13,201606133433279,BHBL,28,20,100,438.0,43800.0
2016-06-13,201606133433215,BHBL,50,45,250,433.0,108250.0
2016-06-13,201606133432935,BHBL,28,20,100,433.0,43300.0
2016-06-13,201606133432909,BHBL,58,46,200,435.0,87000.0
2016-06-13,201606133433200,CCBL,19,49,53,418.0,22154.0
2016-06-13,201606133432903,CCBL,57,36,633,420.0,265860.0
2016-06-13,201606133432876,CCBL,11,49,36,418.0,15048.0
2016-06-13,201606133432857,CCBL,19,49,100,418.0,41800.0
2016-06-13,201606133433339,CZBIL,26,55,50,577.0,28850.0
2016-06-13,201606133433069,CZBIL,16,14,190,575.0,109250.0
2016-06-13,201606133433068,CZBIL,16,6,100,575.0,57500.0
2016-06-13,201606133432928,DBBL,16,45,63,255.0,16065.0
2016-06-13,201606133433335,DDBL,45,47,10,3265.0,32650.0
2016-06-13,201606133433334,DDBL,45,47,10,3265.0,32650.0
2016-06-13,201606133433333,DDBL,26,47,20,3270.0,65400.0
2016-06-13,201606133433332,DDBL,45,47,100,3275.0,327500.0
2016-06-13,201606133433291,DDBL,26,47,40,3270.0,130800.0
2016-06-13,201606133433274,DDBL,26,47,50,3275.0,163750.0
2016-06-13,201606133433123,DDBL,59,47,55,3260.0,179300.0
2016-06-13,201606133433111,DDBL,45,47,85,3260.0,277100.0
2016-06-13,201606133432870,DDBL,29,47,100,3250.0,325000.0
2016-06-13,201606133432869,DDBL,29,47,100,3250.0,325000.0
2016-06-13,201606133433254,DDBL,26,47,80,3270.0,261600.0
2016-06-13,201606133433250,DDBL,26,56,150,3275.0,491250.0
2016-06-13,201606133433244,DDBL,26,47,60,3270.0,196200.0
2016-06-13,201606133433206,DDBL,45,47,12,3265.0,39180.0
2016-06-13,201606133433174,DDBL,22,47,13,3262.0,42406.0
2016-06-13,201606133433157,DDBL,45,47,30,3265.0,97950.0
2016-06-13,201606133433320,EBL,57,32,130,3174.0,412620.0
2016-06-13,201606133433277,EBL,57,32,10,3174.0,31740.0
2016-06-13,201606133433275,EBL,45,21,59,3162.0,186558.0
2016-06-13,201606133433266,EBL,44,32,100,3174.0,317400.0
2016-06-13,201606133433227,EBL,57,32,160,3174.0,507840.0
2016-06-13,201606133433012,EBL,40,39,100,3161.0,316100.0
2016-06-13,201606133433053,EBL,36,28,45,3170.0,142650.0
2016-06-13,201606133433205,EBL,57,58,40,3173.0,126920.0
2016-06-13,201606133433150,EBL,34,28,273,3170.0,865410.0
2016-06-13,201606133433149,EBL,34,26,140,3170.0,443800.0
2016-06-13,201606133433145,EBL,16,26,210,3170.0,665700.0
2016-06-13,201606133433300,EBLCP,10,10,20,1585.0,31700.0
2016-06-13,201606133433299,EBLCP,10,10,20,1585.0,31700.0
2016-06-13,201606133433098,EBLCP,10,10,10,1585.0,15850.0
2016-06-13,201606133433097,EBLCP,10,10,10,1585.0,15850.0
2016-06-13,201606133433096,EBLCP,10,10,20,1585.0,31700.0
2016-06-13,201606133433095,EBLCP,10,10,20,1585.0,31700.0
2016-06-13,201606133433125,EIC,57,46,500,1920.0,960000.0
2016-06-13,201606133433124,EIC,41,46,500,1921.0,960500.0
2016-06-13,201606133433198,FBBL,42,5,100,430.0,43000.0
2016-06-13,201606133433197,FBBL,1,5,100,430.0,43000.0
2016-06-13,201606133433117,FBBL,53,14,200,430.0,86000.0
2016-06-13,201606133433350,FMDBL,14,56,153,1611.0,246483.0
2016-06-13,201606133433349,FMDBL,14,14,50,1610.0,80500.0
2016-06-13,201606133433348,FMDBL,14,47,500,1610.0,805000.0
2016-06-13,201606133433347,FMDBL,14,56,300,1610.0,483000.0
2016-06-13,201606133433346,FMDBL,1,17,100,1609.0,160900.0
2016-06-13,201606133433327,FMDBL,1,43,30,1609.0,48270.0
2016-06-13,201606133432943,FMDBL,58,58,110,1596.0,175560.0
2016-06-13,201606133433027,FMDBL,58,14,100,1600.0,160000.0
2016-06-13,201606133433026,FMDBL,58,34,110,1599.0,175890.0
2016-06-13,201606133433015,FMDBL,58,34,290,1599.0,463710.0
2016-06-13,201606133433014,FMDBL,58,56,510,1597.0,814470.0
2016-06-13,201606133433013,FMDBL,58,36,200,1595.0,319000.0
2016-06-13,201606133432944,FMDBL,58,55,165,1596.0,263340.0
2016-06-13,201606133433193,FMDBL,1,56,200,1604.0,320800.0
2016-06-13,201606133433052,FMDBL,58,58,310,1600.0,496000.0
2016-06-13,201606133433031,FMDBL,58,1,1600,1600.0,2560000.0
2016-06-13,201606133433030,FMDBL,58,58,200,1600.0,320000.0
2016-06-13,201606133433029,FMDBL,58,58,100,1600.0,160000.0
2016-06-13,201606133433028,FMDBL,58,41,300,1600.0,480000.0
2016-06-13,201606133433326,FMDBL,1,58,100,1608.0,160800.0
2016-06-13,201606133433309,FMDBL,14,39,43,1608.0,69144.0
2016-06-13,201606133433231,FMDBL,33,7,50,1605.0,80250.0
2016-06-13,201606133433228,FMDBL,33,56,100,1605.0,160500.0
2016-06-13,201606133433220,FMDBL,34,38,44,1605.0,70620.0
2016-06-13,201606133433213,FMDBL,57,56,100,1604.0,160400.0
2016-06-13,201606133433336,GBIME,16,22,45,512.0,23040.0
2016-06-13,201606133433263,GBIME,16,7,100,512.0,51200.0
2016-06-13,201606133433196,GBIME,25,13,45,510.0,22950.0
2016-06-13,201606133433170,GBIME,5,32,84,511.0,42924.0
2016-06-13,201606133433122,GBIME,3,45,89,510.0,45390.0
2016-06-13,201606133433056,GBIME,8,29,100,511.0,51100.0
2016-06-13,201606133433055,GBIME,8,42,500,511.0,255500.0
2016-06-13,201606133433010,GBIME,42,21,19,509.0,9671.0
2016-06-13,201606133432883,GBIME,44,44,149,510.0,75990.0
2016-06-13,201606133433301,GLICL,42,32,95,895.0,85025.0
2016-06-13,201606133433168,GLICL,41,21,50,900.0,45000.0
2016-06-13,201606133433154,GLICL,10,32,30,900.0,27000.0
2016-06-13,201606133433078,GLICL,26,32,125,891.0,111375.0
2016-06-13,201606133433070,GLICL,10,5,200,905.0,181000.0
2016-06-13,201606133432874,GLICL,17,49,400,900.0,360000.0
2016-06-13,201606133433313,HBL,35,32,100,1500.0,150000.0
2016-06-13,201606133433212,HBL,45,45,701,1507.0,1056407.0
2016-06-13,201606133433118,HGI,49,34,500,1400.0,700000.0
2016-06-13,201606133433047,HGI,49,46,100,1400.0,140000.0
2016-06-13,201606133433046,HGI,11,46,200,1400.0,280000.0
2016-06-13,201606133433045,HGI,22,46,200,1402.0,280400.0
2016-06-13,201606133433167,ICFC,17,17,300,301.0,90300.0
2016-06-13,201606133432886,ICFC,17,13,201,301.0,60501.0
2016-06-13,201606133433272,ILFCM,18,45,15,1440.0,21600.0
2016-06-13,201606133433271,ILFCM,18,52,10,1440.0,14400.0
2016-06-13,201606133433270,ILFCM,18,45,10,1440.0,14400.0
2016-06-13,201606133433269,ILFCM,18,52,10,1440.0,14400.0
2016-06-13,201606133432980,ILFCM,18,45,10,1440.0,14400.0
2016-06-13,201606133432962,ILFCM,18,45,10,1440.0,14400.0
2016-06-13,201606133432932,ILFCM,18,41,15,1440.0,21600.0
2016-06-13,201606133433074,JFL,43,47,150,341.0,51150.0
2016-06-13,201606133433132,KADBL,40,41,200,525.0,105000.0
2016-06-13,201606133433240,KDBL,49,49,451,313.0,141163.0
2016-06-13,201606133433067,KDBL,22,14,1000,308.0,308000.0
2016-06-13,201606133432875,KDBL,21,29,198,312.0,61776.0
2016-06-13,201606133433130,KMFL,22,13,10,1025.0,10250.0
2016-06-13,201606133433338,LBL,6,50,50,790.0,39500.0
2016-06-13,201606133433307,LBL,47,8,200,789.0,157800.0
2016-06-13,201606133433306,LBL,13,8,50,789.0,39450.0
2016-06-13,201606133433305,LBL,18,8,10,789.0,7890.0
2016-06-13,201606133433159,LBL,49,50,100,790.0,79000.0
2016-06-13,201606133433084,LBL,56,49,257,789.0,202773.0
2016-06-13,201606133433273,LGIL,33,32,350,1360.0,476000.0
2016-06-13,201606133433179,LGIL,58,32,200,1360.0,272000.0
2016-06-13,201606133433161,LGIL,5,32,350,1360.0,476000.0
2016-06-13,201606133433146,LGIL,5,32,100,1360.0,136000.0
2016-06-13,201606133432983,LGIL,33,45,500,1346.0,673000.0
2016-06-13,201606133432895,LGIL,19,48,368,1359.0,500112.0
2016-06-13,201606133432946,LICN,17,11,100,3519.0,351900.0
2016-06-13,201606133433199,LLBS,37,37,114,3030.0,345420.0
2016-06-13,201606133433151,LLBS,42,50,10,3040.0,30400.0
2016-06-13,201606133433021,LLBS,42,42,41,3040.0,124640.0
2016-06-13,201606133433020,LLBS,42,42,41,3040.0,124640.0
2016-06-13,201606133432852,LLBS,49,58,135,3039.0,410265.0
2016-06-13,201606133433328,MEGA,26,13,17,515.0,8755.0
2016-06-13,201606133433286,MEGA,41,13,17,515.0,8755.0
2016-06-13,201606133433261,MEGA,41,54,41,515.0,21115.0
2016-06-13,201606133433202,MEGA,19,41,38,515.0,19570.0
2016-06-13,201606133433175,MEGA,19,29,23,515.0,11845.0
2016-06-13,201606133433126,MEGA,19,48,89,515.0,45835.0
2016-06-13,201606133432997,MEGA,35,49,1626,510.0,829260.0
2016-06-13,201606133432934,MEGA,49,49,500,511.0,255500.0
2016-06-13,201606133433322,MFIL,8,49,750,337.0,252750.0
2016-06-13,201606133433318,MFIL,50,49,150,338.0,50700.0
2016-06-13,201606133433316,MFIL,8,48,550,337.0,185350.0
2016-06-13,201606133433312,MFIL,8,48,600,337.0,202200.0
2016-06-13,201606133433311,MFIL,37,48,100,337.0,33700.0
2016-06-13,201606133433310,MFIL,45,48,100,337.0,33700.0
2016-06-13,201606133432885,MFIL,37,49,100,337.0,33700.0
2016-06-13,201606133433264,MFIL,38,49,100,338.0,33800.0
2016-06-13,201606133433062,MFIL,42,48,100,339.0,33900.0
2016-06-13,201606133433037,MFIL,42,48,12,339.0,4068.0
2016-06-13,201606133432942,MFIL,46,49,1500,338.0,507000.0
2016-06-13,201606133432925,MFIL,26,19,281,338.0,94978.0
2016-06-13,201606133432901,MFIL,45,49,900,337.0,303300.0
2016-06-13,201606133433325,MNBBL,48,32,229,1203.0,275487.0
2016-06-13,201606133433290,MNBBL,45,43,50,1204.0,60200.0
2016-06-13,201606133433257,MNBBL,54,55,1000,1203.0,1203000.0
2016-06-13,201606133433256,MNBBL,54,59,120,1195.0,143400.0
2016-06-13,201606133433225,MNBBL,34,21,50,1192.0,59600.0
2016-06-13,201606133432924,MNBBL,57,43,200,1204.0,240800.0
2016-06-13,201606133433224,MNBBL,49,21,50,1193.0,59650.0
2016-06-13,201606133433141,MNBBL,59,59,180,1195.0,215100.0
2016-06-13,201606133433036,MNBBL,35,43,100,1204.0,120400.0
2016-06-13,201606133432963,MSMBS,44,51,10,1650.0,16500.0
2016-06-13,201606133432959,MSMBS,44,26,10,1650.0,16500.0
2016-06-13,201606133432922,MSMBS,44,10,10,1650.0,16500.0
2016-06-13,201606133432858,MSMBS,44,51,10,1650.0,16500.0
2016-06-13,201606133432853,MSMBS,44,38,10,1650.0,16500.0
2016-06-13,201606133432917,MSMBS,44,51,10,1650.0,16500.0
2016-06-13,201606133432908,MSMBS,44,51,10,1650.0,16500.0
2016-06-13,201606133432889,MSMBS,44,51,10,1650.0,16500.0
2016-06-13,201606133432888,MSMBS,44,38,10,1650.0,16500.0
2016-06-13,201606133432880,MSMBS,44,51,10,1650.0,16500.0
2016-06-13,201606133432878,MSMBS,44,38,10,1650.0,16500.0
2016-06-13,201606133433186,NABIL,26,21,110,2302.0,253220.0
2016-06-13,201606133433185,NABIL,7,21,50,2302.0,115100.0
2016-06-13,201606133433184,NABIL,17,21,40,2302.0,92080.0
2016-06-13,201606133433048,NABIL,40,44,100,2329.0,232900.0
2016-06-13,201606133433315,NABILP,41,56,100,1790.0,179000.0
2016-06-13,201606133433006,NABILP,41,58,70,1780.0,124600.0
2016-06-13,201606133433005,NABILP,41,8,100,1775.0,177500.0
2016-06-13,201606133432973,NABILP,41,7,100,1774.0,177400.0
2016-06-13,201606133432972,NABILP,41,18,100,1773.0,177300.0
2016-06-13,201606133432920,NABILP,17,59,16,1770.0,28320.0
2016-06-13,201606133433129,NABILP,41,44,480,1795.0,861600.0
2016-06-13,201606133433128,NABILP,41,43,50,1790.0,89500.0
2016-06-13,201606133433086,NABILP,6,58,135,1780.0,240300.0
2016-06-13,201606133433073,NABILP,41,58,410,1780.0,729800.0
2016-06-13,201606133433061,NABILP,41,58,110,1780.0,195800.0
2016-06-13,201606133433214,NABILP,41,56,40,1790.0,71600.0
2016-06-13,201606133433181,NABILP,41,56,60,1790.0,107400.0
2016-06-13,201606133433289,NBB,6,10,100,868.0,86800.0
2016-06-13,201606133433288,NBB,49,10,100,868.0,86800.0
2016-06-13,201606133433276,NBB,45,21,375,869.0,325875.0
2016-06-13,201606133433252,NBB,22,43,331,867.0,286977.0
2016-06-13,201606133433222,NBB,45,4,100,868.0,86800.0
2016-06-13,201606133432911,NBB,22,58,150,865.0,129750.0
2016-06-13,201606133432906,NBB,4,58,450,865.0,389250.0
2016-06-13,201606133432905,NBB,4,58,50,865.0,43250.0
2016-06-13,201606133432882,NBB,45,58,100,865.0,86500.0
2016-06-13,201606133432862,NBB,35,58,500,865.0,432500.0
2016-06-13,201606133432861,NBB,35,58,500,865.0,432500.0
2016-06-13,201606133433115,NBB,14,1,200,866.0,173200.0
2016-06-13,201606133433109,NBB,16,13,62,868.0,53816.0
2016-06-13,201606133433082,NBB,16,13,30,868.0,26040.0
2016-06-13,201606133433081,NBB,16,5,200,868.0,173600.0
2016-06-13,201606133433075,NBB,50,13,100,868.0,86800.0
2016-06-13,201606133432912,NBB,36,58,100,865.0,86500.0
2016-06-13,201606133433233,NBBL,47,48,13,3850.0,50050.0
2016-06-13,201606133433143,NBL,28,6,710,480.0,340800.0
2016-06-13,201606133433060,NBL,28,21,290,480.0,139200.0
2016-06-13,201606133432992,NBL,28,21,110,480.0,52800.0
2016-06-13,201606133432965,NBL,50,58,200,481.0,96200.0
2016-06-13,201606133432941,NBL,6,58,500,481.0,240500.0
2016-06-13,201606133432993,NBSL,42,53,325,790.0,256750.0
2016-06-13,201606133433351,NCM,40,20,200,507.0,101400.0
2016-06-13,201606133433317,NCM,58,54,484,500.0,242000.0
2016-06-13,201606133433079,NHPC,26,17,1100,195.0,214500.0
2016-06-13,201606133433099,NIB,54,6,150,1060.0,159000.0
2016-06-13,201606133433063,NIB,28,46,182,1058.0,192556.0
2016-06-13,201606133432873,NIB,21,1,23,1055.0,24265.0
2016-06-13,201606133433236,NIBPO,6,54,151,921.0,139071.0
2016-06-13,201606133433107,NIBPO,6,42,200,921.0,184200.0
2016-06-13,201606133433203,NICA,13,44,41,758.0,31078.0
2016-06-13,201606133433188,NICA,13,16,139,757.0,105223.0
2016-06-13,201606133433071,NICL,7,3,100,1200.0,120000.0
2016-06-13,201606133433050,NICL,32,32,300,1201.0,360300.0
2016-06-13,201606133433007,NICL,52,7,80,1202.0,96160.0
2016-06-13,201606133433329,NLG,10,34,220,1800.0,396000.0
2016-06-13,201606133433285,NLG,45,34,300,1800.0,540000.0
2016-06-13,201606133433152,NLG,46,34,220,1800.0,396000.0
2016-06-13,201606133433003,NLG,6,21,15,1800.0,27000.0
2016-06-13,201606133432956,NLG,33,48,167,1810.0,302270.0
2016-06-13,201606133432877,NLG,10,56,18,1800.0,32400.0
2016-06-13,201606133433221,NLICL,26,50,266,3160.0,840560.0
2016-06-13,201606133432950,NLICL,11,11,120,3150.0,378000.0
2016-06-13,201606133432949,NLICL,26,11,20,3155.0,63100.0
2016-06-13,201606133433303,NMB,16,29,23,715.0,16445.0
2016-06-13,201606133433293,NMB,49,29,23,715.0,16445.0
2016-06-13,201606133433278,NMB,16,38,11,715.0,7865.0
2016-06-13,201606133433268,NMB,33,29,23,715.0,16445.0
2016-06-13,201606133433247,NMB,49,17,500,718.0,359000.0
2016-06-13,201606133433204,NMB,33,34,543,719.0,390417.0
2016-06-13,201606133432982,NMB,52,32,1000,716.0,716000.0
2016-06-13,201606133432947,NMB,33,22,500,718.0,359000.0
2016-06-13,201606133432860,NMB,33,22,300,718.0,215400.0
2016-06-13,201606133433090,NMB,49,6,150,718.0,107700.0
2016-06-13,201606133433085,NMB,49,25,350,718.0,251300.0
2016-06-13,201606133433066,NMB,49,25,150,718.0,107700.0
2016-06-13,201606133433041,NMB,13,22,150,718.0,107700.0
2016-06-13,201606133433034,NMB,49,22,350,718.0,251300.0
2016-06-13,201606133433033,NMB,49,29,150,717.0,107550.0
2016-06-13,201606133433194,NMB,37,6,1000,715.0,715000.0
2016-06-13,201606133433116,NMB,33,6,350,715.0,250250.0
2016-06-13,201606133433094,NMB,42,6,1000,715.0,715000.0
2016-06-13,201606133433093,NMB,29,6,200,715.0,143000.0
2016-06-13,201606133433092,NMB,54,6,100,716.0,71600.0
2016-06-13,201606133433091,NMB,57,6,200,716.0,143200.0
2016-06-13,201606133433169,NTC,4,16,110,668.0,73480.0
2016-06-13,201606133432859,NTC,10,42,100,661.0,66100.0
2016-06-13,201606133433260,NUBL,36,33,150,2200.0,330000.0
2016-06-13,201606133433248,NUBL,34,37,19,2200.0,41800.0
2016-06-13,201606133433237,NUBL,34,47,14,2200.0,30800.0
2016-06-13,201606133432951,ODBL,28,28,10,389.0,3890.0
2016-06-13,201606133432923,ODBL,14,28,10,382.0,3820.0
2016-06-13,201606133433340,PCBL,17,36,100,711.0,71100.0
2016-06-13,201606133433308,PCBL,1,36,100,711.0,71100.0
2016-06-13,201606133433267,PCBL,34,49,201,710.0,142710.0
2016-06-13,201606133433180,PCBL,33,47,158,709.0,112022.0
2016-06-13,201606133433164,PCBL,33,10,524,710.0,372040.0
2016-06-13,201606133433156,PCBL,33,17,888,710.0,630480.0
2016-06-13,201606133433121,PCBL,32,13,55,710.0,39050.0
2016-06-13,201606133432899,PCBL,17,17,223,709.0,158107.0
2016-06-13,201606133432896,PCBL,17,17,223,709.0,158107.0
2016-06-13,201606133432890,PCBL,17,17,223,709.0,158107.0
2016-06-13,201606133432887,PCBL,17,17,223,709.0,158107.0
2016-06-13,201606133432871,PCBL,6,17,223,709.0,158107.0
2016-06-13,201606133433016,PIC,53,34,500,1900.0,950000.0
2016-06-13,201606133432927,PIC,54,33,107,1900.0,203300.0
2016-06-13,201606133433330,PICL,37,46,30,1400.0,42000.0
2016-06-13,201606133433009,PICL,17,40,500,1395.0,697500.0
2016-06-13,201606133433292,PLIC,53,46,100,1890.0,189000.0
2016-06-13,201606133433284,PLIC,53,46,500,1890.0,945000.0
2016-06-13,201606133432955,PLIC,57,44,100,1890.0,189000.0
2016-06-13,201606133432954,PLIC,40,44,50,1890.0,94500.0
2016-06-13,201606133432953,PLIC,29,44,20,1890.0,37800.0
2016-06-13,201606133432952,PLIC,53,44,930,1891.0,1758630.0
2016-06-13,201606133432936,PLIC,53,21,70,1891.0,132370.0
2016-06-13,201606133433218,PRIN,44,34,200,1424.0,284800.0
2016-06-13,201606133433217,PRIN,44,19,67,1424.0,95408.0
2016-06-13,201606133433140,PRIN,41,11,1000,1405.0,1405000.0
2016-06-13,201606133433139,PRIN,6,11,200,1406.0,281200.0
2016-06-13,201606133433114,PRIN,21,45,57,1410.0,80370.0
2016-06-13,201606133433112,PRIN,38,45,100,1410.0,141000.0
2016-06-13,201606133433040,PRIN,21,26,100,1420.0,142000.0
2016-06-13,201606133432898,PRIN,43,8,50,1418.0,70900.0
2016-06-13,201606133433294,RBBBL,11,6,30,271.0,8130.0
2016-06-13,201606133433223,RBBBL,46,6,30,271.0,8130.0
2016-06-13,201606133433219,RBBBL,46,6,170,271.0,46070.0
2016-06-13,201606133433191,RBBBL,11,6,110,275.0,30250.0
2016-06-13,201606133433102,RHPC,1,14,100,362.0,36200.0
2016-06-13,201606133432974,RHPC,43,48,141,362.0,51042.0
2016-06-13,201606133432897,RHPC,42,56,12,369.0,4428.0
2016-06-13,201606133433331,RMDC,41,21,200,1099.0,219800.0
2016-06-13,201606133433243,RMDC,41,43,36,1100.0,39600.0
2016-06-13,201606133433230,RMDC,41,39,64,1100.0,70400.0
2016-06-13,201606133433229,RMDC,41,54,200,1100.0,220000.0
2016-06-13,201606133433208,RMDC,41,11,69,1100.0,75900.0
2016-06-13,201606133433189,RMDC,36,41,96,1100.0,105600.0
2016-06-13,201606133433058,RMDC,34,52,100,1098.0,109800.0
2016-06-13,201606133433057,RMDC,34,7,50,1097.0,54850.0
2016-06-13,201606133432879,RMDC,46,48,26,1086.0,28236.0
2016-06-13,201606133433187,RMDC,34,4,343,1100.0,377300.0
2016-06-13,201606133433172,RMDC,34,5,200,1100.0,220000.0
2016-06-13,201606133433171,RMDC,34,56,300,1100.0,330000.0
2016-06-13,201606133433127,RMDC,36,43,500,1099.0,549500.0
2016-06-13,201606133433088,RMDC,34,44,500,1099.0,549500.0
2016-06-13,201606133433059,RMDC,34,52,200,1098.0,219600.0
2016-06-13,201606133433120,SAJHA,19,59,213,265.0,56445.0
2016-06-13,201606133433043,SAJHA,49,41,354,261.0,92394.0
2016-06-13,201606133433232,SANIMA,21,10,1000,667.0,667000.0
2016-06-13,201606133433211,SANIMA,16,10,500,668.0,334000.0
2016-06-13,201606133433210,SANIMA,22,10,120,668.0,80160.0
2016-06-13,201606133433195,SANIMA,34,41,1000,670.0,670000.0
2016-06-13,201606133433192,SANIMA,54,10,300,669.0,200700.0
2016-06-13,201606133433178,SANIMA,45,10,150,670.0,100500.0
2016-06-13,201606133433177,SANIMA,13,10,150,670.0,100500.0
2016-06-13,201606133433176,SANIMA,6,10,500,670.0,335000.0
2016-06-13,201606133432957,SANIMA,6,48,50,670.0,33500.0
2016-06-13,201606133432863,SANIMA,16,48,500,670.0,335000.0
2016-06-13,201606133433245,SBI,34,38,254,1770.0,449580.0
2016-06-13,201606133433002,SBI,32,6,17,1778.0,30226.0
2016-06-13,201606133432945,SBI,26,19,33,1771.0,58443.0
2016-06-13,201606133432931,SBI,39,54,80,1775.0,142000.0
2016-06-13,201606133432929,SBI,39,54,500,1775.0,887500.0
2016-06-13,201606133432915,SBI,26,56,100,1771.0,177100.0
2016-06-13,201606133433226,SCB,38,1,100,3366.0,336600.0
2016-06-13,201606133432884,SCB,26,57,121,3360.0,406560.0
2016-06-13,201606133432971,SEOS,8,44,20000,11.76,235200.0
2016-06-13,201606133432970,SEOS,6,44,1500,11.77,17655.0
2016-06-13,201606133432969,SEOS,47,44,5000,11.77,58850.0
2016-06-13,201606133433207,SEWA,16,38,80,460.0,36800.0
2016-06-13,201606133433044,SEWA,52,56,100,458.0,45800.0
2016-06-13,201606133433089,SHPC,52,7,200,869.0,173800.0
2016-06-13,201606133432930,SHPC,28,56,18,865.0,15570.0
2016-06-13,201606133432967,SIC,52,16,150,2280.0,342000.0
2016-06-13,201606133433265,SICL,14,5,20,3100.0,62000.0
2016-06-13,201606133433253,SICL,14,43,22,3095.0,68090.0
2016-06-13,201606133433251,SICL,14,43,22,3095.0,68090.0
2016-06-13,201606133433209,SICL,14,49,22,3090.0,67980.0
2016-06-13,201606133433138,SICL,14,43,22,3090.0,67980.0
2016-06-13,201606133433137,SICL,14,43,22,3090.0,67980.0
2016-06-13,201606133433136,SICL,14,43,22,3090.0,67980.0
2016-06-13,201606133433135,SICL,14,43,22,3090.0,67980.0
2016-06-13,201606133433134,SICL,14,43,22,3090.0,67980.0
2016-06-13,201606133433131,SICL,58,43,22,3090.0,67980.0
2016-06-13,201606133433249,SIGS1,54,21,9000,22.16,199440.0
2016-06-13,201606133433100,SIL,53,42,50,2000.0,100000.0
2016-06-13,201606133433246,SINDU,38,52,100,521.0,52100.0
2016-06-13,201606133432854,SINDU,14,57,500,511.0,255500.0
2016-06-13,201606133433110,SKBBL,58,17,200,2110.0,422000.0
2016-06-13,201606133433087,SKBBL,5,26,25,2109.0,52725.0
2016-06-13,201606133433018,SKBBL,5,41,200,2110.0,422000.0
2016-06-13,201606133432996,SKBBL,5,39,20,2108.0,42160.0
2016-06-13,201606133432988,SKBBL,58,39,1000,2100.0,2100000.0
2016-06-13,201606133432987,SKBBL,58,51,86,2100.0,180600.0
2016-06-13,201606133432976,SKBBL,34,14,50,2091.0,104550.0
2016-06-13,201606133432960,SKBBL,58,56,12,2080.0,24960.0
2016-06-13,201606133432900,SKBBL,5,22,41,2082.0,85362.0
2016-06-13,201606133432894,SKBBL,5,17,150,2085.0,312750.0
2016-06-13,201606133432893,SKBBL,5,56,100,2082.0,208200.0
2016-06-13,201606133432986,SKBBL,58,28,88,2100.0,184800.0
2016-06-13,201606133432985,SKBBL,58,51,200,2100.0,420000.0
2016-06-13,201606133432984,SKBBL,58,5,97,2100.0,203700.0
2016-06-13,201606133432979,SKBBL,34,10,366,2098.0,767868.0
2016-06-13,201606133432978,SKBBL,34,26,179,2095.0,375005.0
2016-06-13,201606133432977,SKBBL,34,46,18,2091.0,37638.0
2016-06-13,201606133433296,SLBBL,58,42,85,2430.0,206550.0
2016-06-13,201606133433148,SLICL,45,56,250,1050.0,262500.0
2016-06-13,201606133433147,SLICL,19,56,150,1061.0,159150.0
2016-06-13,201606133432994,SLICL,59,42,100,1065.0,106500.0
2016-06-13,201606133432940,SLICL,34,42,500,1065.0,532500.0
2016-06-13,201606133432939,SLICL,51,42,100,1068.0,106800.0
2016-06-13,201606133432938,SLICL,50,42,180,1070.0,192600.0
2016-06-13,201606133433344,SMFDB,19,26,130,3000.0,390000.0
2016-06-13,201606133433321,SMFDB,19,53,34,2999.0,101966.0
2016-06-13,201606133433077,SMFDB,19,16,150,2999.0,449850.0
2016-06-13,201606133433076,SMFDB,19,47,20,2990.0,59800.0
2016-06-13,201606133433337,SRBL,39,32,33,648.0,21384.0
2016-06-13,201606133433324,SRBL,39,56,35,649.0,22715.0
2016-06-13,201606133433323,SRBL,39,55,65,648.0,42120.0
2016-06-13,201606133433302,SRBL,39,49,81,648.0,52488.0
2016-06-13,201606133433287,SRBL,26,22,46,646.0,29716.0
2016-06-13,201606133432892,SRBL,55,32,37,648.0,23976.0
2016-06-13,201606133432891,SRBL,55,20,400,648.0,259200.0
2016-06-13,201606133432856,SRBL,55,20,100,648.0,64800.0
2016-06-13,201606133432855,SRBL,55,44,500,647.0,323500.0
2016-06-13,201606133433298,SWBBL,45,59,84,2800.0,235200.0
2016-06-13,201606133433235,SWBBL,40,21,27,2780.0,75060.0
2016-06-13,201606133433108,SWBBL,44,44,1477,2730.0,4032210.0
2016-06-13,201606133433080,SWBBL,44,44,2000,2730.0,5460000.0
2016-06-13,201606133433065,SWBBL,5,44,30,2784.0,83520.0
2016-06-13,201606133432999,SWBBL,41,44,100,2784.0,278400.0
2016-06-13,201606133432961,SWBBL,41,44,70,2784.0,194880.0
2016-06-13,201606133432995,SYFL,19,29,400,128.0,51200.0
2016-06-13,201606133432868,SYFL,16,3,1000,130.0,130000.0
2016-06-13,201606133433064,TBBL,19,49,20,322.0,6440.0
2016-06-13,201606133433054,TBBL,19,49,20,322.0,6440.0
2016-06-13,201606133432867,TBBL,19,53,1000,328.0,328000.0
2016-06-13,201606133432866,TBBL,42,53,100,330.0,33000.0
2016-06-13,201606133432865,TBBL,42,53,100,330.0,33000.0
2016-06-13,201606133432864,TBBL,16,53,70,333.0,23310.0
2016-06-13,201606133433343,UIC,56,1,130,1509.0,196170.0
2016-06-13,201606133433262,UIC,45,1,150,1509.0,226350.0
2016-06-13,201606133433242,UIC,10,25,100,1505.0,150500.0
2016-06-13,201606133433239,UIC,43,1,20,1509.0,30180.0
2016-06-13,201606133433234,UIC,43,1,100,1509.0,150900.0
2016-06-13,201606133433001,UIC,38,18,500,1501.0,750500.0
2016-06-13,201606133433238,WOMI,36,47,12,3035.0,36420.0
2016-06-13,201606133433190,WOMI,36,29,12,3025.0,36300.0
2016-06-13,201606133433173,WOMI,22,5,12,3040.0,36480.0
2016-06-13,201606133433163,WOMI,22,5,12,3040.0,36480.0
2016-06-13,201606133433160,WOMI,36,5,12,3040.0,36480.0
2016-06-13,201606133433155,WOMI,22,5,12,3040.0,36480.0
2016-06-13,201606133432914,WOMI,36,16,10,3015.0,30150.0
2016-06-13,201606133432904,WOMI,36,16,10,3015.0,30150.0
2016-06-13,201606133433106,WOMI,22,47,12,3035.0,36420.0
2016-06-13,201606133433105,WOMI,22,45,10,3030.0,30300.0
2016-06-13,201606133433101,WOMI,36,40,12,3029.0,36348.0
2016-06-13,201606133432990,WOMI,32,56,12,3015.0,36180.0
2016-06-13,201606133432937,WOMI,36,10,12,3012.0,36144.0
2016-06-13,201606133432918,WOMI,36,16,10,3015.0,30150.0
2016-06-13,201606133433133,YETI,49,42,180,216.0,38880.0
2016-06-13,201606133433051,YETI,33,49,261,218.0,56898.0
2016-06-13,201606133429625,ALDBL,32,17,23,550.0,12650.0
2016-06-13,201606133429713,API,45,45,13,780.0,10140.0
2016-06-13,201606133429664,API,25,26,100,775.0,77500.0
2016-06-13,201606133429540,API,42,45,13,780.0,10140.0
2016-06-13,201606133429832,CBBL,52,54,200,2200.0,440000.0
2016-06-13,201606133429802,CBBL,36,58,50,2223.0,111150.0
2016-06-13,201606133429742,CBBL,36,6,21,2180.0,45780.0
2016-06-13,201606133429588,CBBL,36,45,1002,2140.0,2144280.0
2016-06-13,201606133429715,CCBL,59,56,1000,426.0,426000.0
2016-06-13,201606133429537,CCBL,45,22,28,430.0,12040.0
2016-06-13,201606133429827,CHCL,28,53,52,1400.0,72800.0
2016-06-13,201606133429819,CHCL,28,40,151,1399.0,211249.0
2016-06-13,201606133429567,CZBIL,52,42,1200,576.0,691200.0
2016-06-13,201606133429848,DDBL,39,44,10,3350.0,33500.0
2016-06-13,201606133429822,DDBL,17,44,50,3350.0,167500.0
2016-06-13,201606133429821,DDBL,26,44,100,3350.0,335000.0
2016-06-13,201606133429820,DDBL,54,44,40,3350.0,134000.0
2016-06-13,201606133429817,DDBL,54,33,200,3350.0,670000.0
2016-06-13,201606133429811,DDBL,54,44,260,3350.0,871000.0
2016-06-13,201606133429614,DDBL,57,10,100,3350.0,335000.0
2016-06-13,201606133429569,DDBL,26,1,50,3318.0,165900.0
2016-06-13,201606133429565,DDBL,26,1,45,3253.0,146385.0
2016-06-13,201606133429558,DDBL,26,10,237,3253.0,770961.0
2016-06-13,201606133429797,DDBL,25,10,50,3365.0,168250.0
2016-06-13,201606133429786,DDBL,25,10,50,3365.0,168250.0
2016-06-13,201606133429785,DDBL,1,10,100,3370.0,337000.0
2016-06-13,201606133429710,DDBL,7,10,50,3417.0,170850.0
2016-06-13,201606133429697,DDBL,42,47,19,3417.0,64923.0
2016-06-13,201606133429623,DDBL,54,10,200,3350.0,670000.0
2016-06-13,201606133429810,DDBL,45,44,400,3350.0,1340000.0
2016-06-13,201606133429809,DDBL,34,44,30,3350.0,100500.0
2016-06-13,201606133429801,DDBL,34,10,70,3350.0,234500.0
2016-06-13,201606133429800,DDBL,21,10,400,3360.0,1344000.0
2016-06-13,201606133429799,DDBL,39,10,30,3360.0,100800.0
2016-06-13,201606133429798,DDBL,43,10,200,3361.0,672200.0
2016-06-13,201606133429829,EBL,26,53,30,3192.0,95760.0
2016-06-13,201606133429825,EBL,36,39,160,3186.0,509760.0
2016-06-13,201606133429823,EBL,32,20,100,3200.0,320000.0
2016-06-13,201606133429782,EBL,49,49,500,3219.0,1609500.0
2016-06-13,201606133429779,EBL,49,49,100,3219.0,321900.0
2016-06-13,201606133429778,EBL,49,52,200,3219.0,643800.0
2016-06-13,201606133429577,EBL,45,44,200,3245.0,649000.0
2016-06-13,201606133429562,EBL,26,20,500,3183.0,1591500.0
2016-06-13,201606133429560,EBL,34,44,20,3151.0,63020.0
2016-06-13,201606133429554,EBL,49,56,500,3090.0,1545000.0
2016-06-13,201606133429551,EBL,36,11,100,3121.0,312100.0
2016-06-13,201606133429603,EBL,45,59,200,3280.0,656000.0
2016-06-13,201606133429587,EBL,34,20,400,3246.0,1298400.0
2016-06-13,201606133429585,EBL,45,20,100,3246.0,324600.0
2016-06-13,201606133429584,EBL,45,59,200,3246.0,649200.0
2016-06-13,201606133429582,EBL,45,44,300,3245.0,973500.0
2016-06-13,201606133429581,EBL,26,55,120,3192.0,383040.0
2016-06-13,201606133429611,EBL,47,20,80,3246.0,259680.0
2016-06-13,201606133429610,EBL,45,20,400,3246.0,1298400.0
2016-06-13,201606133429609,EBL,34,20,100,3246.0,324600.0
2016-06-13,201606133429608,EBL,56,59,309,3300.0,1019700.0
2016-06-13,201606133429607,EBL,56,44,200,3300.0,660000.0
2016-06-13,201606133429604,EBL,45,44,300,3300.0,990000.0
2016-06-13,201606133429663,EBL,42,49,50,3250.0,162500.0
2016-06-13,201606133429654,EBL,45,20,300,3246.0,973800.0
2016-06-13,201606133429653,EBL,45,49,100,3245.0,324500.0
2016-06-13,201606133429641,EBL,45,59,200,3246.0,649200.0
2016-06-13,201606133429613,EBL,42,20,100,3246.0,324600.0
2016-06-13,201606133429612,EBL,57,20,500,3246.0,1623000.0
2016-06-13,201606133429700,EBL,56,20,420,3235.0,1358700.0
2016-06-13,201606133429699,EBL,56,49,50,3234.0,161700.0
2016-06-13,201606133429694,EBL,46,20,100,3235.0,323500.0
2016-06-13,201606133429668,EBL,42,33,50,3250.0,162500.0
2016-06-13,201606133429667,EBL,42,49,50,3245.0,162250.0
2016-06-13,201606133429666,EBL,42,22,200,3240.0,648000.0
2016-06-13,201606133429747,EBL,45,20,300,3225.0,967500.0
2016-06-13,201606133429739,EBL,19,53,50,3200.0,160000.0
2016-06-13,201606133429727,EBL,56,20,20,3235.0,64700.0
2016-06-13,201606133429711,EBL,42,49,50,3234.0,161700.0
2016-06-13,201606133429701,EBL,56,49,30,3235.0,97050.0
2016-06-13,201606133429846,GBIME,1,11,100,513.0,51300.0
2016-06-13,201606133429833,GBIME,34,46,52,515.0,26780.0
2016-06-13,201606133429824,GBIME,40,6,500,513.0,256500.0
2016-06-13,201606133429808,GBIME,16,6,200,515.0,103000.0
2016-06-13,201606133429807,GBIME,5,6,1000,515.0,515000.0
2016-06-13,201606133429806,GBIME,40,6,300,516.0,154800.0
2016-06-13,201606133429572,GBIME,40,44,143,515.0,73645.0
2016-06-13,201606133429669,GBIME,11,44,200,522.0,104400.0
2016-06-13,201606133429595,GBIME,5,3,100,520.0,52000.0
2016-06-13,201606133429594,GBIME,5,22,450,520.0,234000.0
2016-06-13,201606133429593,GBIME,5,22,40,520.0,20800.0
2016-06-13,201606133429580,GBIME,42,17,496,519.0,257424.0
2016-06-13,201606133429573,GBIME,43,42,307,515.0,158105.0
2016-06-13,201606133429773,GBIME,16,18,500,520.0,260000.0
2016-06-13,201606133429772,GBIME,16,32,100,520.0,52000.0
2016-06-13,201606133429771,GBIME,16,40,200,517.0,103400.0
2016-06-13,201606133429766,GBIME,5,39,54,517.0,27918.0
2016-06-13,201606133429696,GBIME,5,54,158,520.0,82160.0
2016-06-13,201606133429670,GBIME,26,44,150,520.0,78000.0
2016-06-13,201606133429605,GLICL,29,8,350,920.0,322000.0
2016-06-13,201606133429599,GLICL,40,8,50,920.0,46000.0
2016-06-13,201606133429592,GLICL,40,8,100,920.0,92000.0
2016-06-13,201606133429550,GLICL,17,49,500,915.0,457500.0
2016-06-13,201606133429740,HBL,59,11,100,1539.0,153900.0
2016-06-13,201606133429677,HBL,34,58,100,1535.0,153500.0
2016-06-13,201606133429672,HBL,34,42,157,1530.0,240210.0
2016-06-13,201606133429589,HBL,34,44,500,1525.0,762500.0
2016-06-13,201606133429556,HBL,52,11,46,1510.0,69460.0
2016-06-13,201606133429617,INDB,17,56,10,365.0,3650.0
2016-06-13,201606133429751,JEFL,6,3,80,208.0,16640.0
2016-06-13,201606133429533,KADBL,41,41,10,563.0,5630.0
2016-06-13,201606133429775,LBL,56,56,500,791.0,395500.0
2016-06-13,201606133429757,LBL,48,36,266,800.0,212800.0
2016-06-13,201606133429746,LBL,48,53,37,800.0,29600.0
2016-06-13,201606133429745,LBL,48,53,370,800.0,296000.0
2016-06-13,201606133429744,LBL,48,42,100,800.0,80000.0
2016-06-13,201606133429719,LBL,48,53,30,800.0,24000.0
2016-06-13,201606133429718,LBL,48,11,70,800.0,56000.0
2016-06-13,201606133429714,LBL,42,26,29,795.0,23055.0
2016-06-13,201606133429712,LGIL,10,36,200,1375.0,275000.0
2016-06-13,201606133429686,LICN,16,53,50,3580.0,179000.0
2016-06-13,201606133429675,MEGA,45,36,266,526.0,139916.0
2016-06-13,201606133429627,MEGA,39,28,17,520.0,8840.0
2016-06-13,201606133429622,MEGA,39,57,266,520.0,138320.0
2016-06-13,201606133429844,MNBBL,54,41,42,1200.0,50400.0
2016-06-13,201606133429813,MNBBL,14,47,200,1195.0,239000.0
2016-06-13,201606133429755,MNBBL,42,47,300,1190.0,357000.0
2016-06-13,201606133429754,MNBBL,38,47,100,1190.0,119000.0
2016-06-13,201606133429615,MNBBL,42,47,200,1190.0,238000.0
2016-06-13,201606133429548,MSMBS,56,56,10,1640.0,16400.0
2016-06-13,201606133429547,MSMBS,56,56,10,1640.0,16400.0
2016-06-13,201606133429546,MSMBS,56,56,10,1640.0,16400.0
2016-06-13,201606133429545,MSMBS,56,56,10,1640.0,16400.0
2016-06-13,201606133429544,MSMBS,56,56,10,1640.0,16400.0
2016-06-13,201606133429542,MSMBS,56,56,10,1640.0,16400.0
2016-06-13,201606133429541,MSMBS,56,56,10,1640.0,16400.0
2016-06-13,201606133429818,NABIL,16,14,10,2433.0,24330.0
2016-06-13,201606133429602,NABIL,26,8,21,2387.0,50127.0
2016-06-13,201606133429601,NABIL,26,11,200,2387.0,477400.0
2016-06-13,201606133429579,NABIL,26,17,300,2385.0,715500.0
2016-06-13,201606133429724,NABILP,17,43,100,1785.0,178500.0
2016-06-13,201606133429843,NBB,34,44,30,878.0,26340.0
2016-06-13,201606133429839,NBB,45,44,400,878.0,351200.0
2016-06-13,201606133429834,NBB,57,44,500,878.0,439000.0
2016-06-13,201606133429805,NBB,17,44,300,878.0,263400.0
2016-06-13,201606133429796,NBB,35,59,1000,875.0,875000.0
2016-06-13,201606133429795,NBB,32,59,20,875.0,17500.0
2016-06-13,201606133429578,NBB,19,13,65,887.0,57655.0
2016-06-13,201606133429575,NBB,33,35,1000,870.0,870000.0
2016-06-13,201606133429571,NBB,25,3,300,886.0,265800.0
2016-06-13,201606133429568,NBB,17,25,100,886.0,88600.0
2016-06-13,201606133429564,NBB,32,8,50,886.0,44300.0
2016-06-13,201606133429557,NBB,20,56,62,884.0,54808.0
2016-06-13,201606133429621,NBB,35,35,2000,885.0,1770000.0
2016-06-13,201606133429619,NBB,33,58,200,890.0,178000.0
2016-06-13,201606133429618,NBB,33,17,2000,890.0,1780000.0
2016-06-13,201606133429616,NBB,55,58,300,890.0,267000.0
2016-06-13,201606133429597,NBB,32,25,100,890.0,89000.0
2016-06-13,201606133429596,NBB,46,25,500,890.0,445000.0
2016-06-13,201606133429647,NBB,55,58,200,885.0,177000.0
2016-06-13,201606133429637,NBB,25,58,1000,885.0,885000.0
2016-06-13,201606133429636,NBB,54,58,200,886.0,177200.0
2016-06-13,201606133429635,NBB,46,58,100,888.0,88800.0
2016-06-13,201606133429631,NBB,46,53,100,890.0,89000.0
2016-06-13,201606133429630,NBB,55,53,100,890.0,89000.0
2016-06-13,201606133429682,NBB,10,58,500,884.0,442000.0
2016-06-13,201606133429681,NBB,52,58,100,885.0,88500.0
2016-06-13,201606133429680,NBB,10,6,200,884.0,176800.0
2016-06-13,201606133429676,NBB,14,6,500,884.0,442000.0
2016-06-13,201606133429671,NBB,29,6,300,884.0,265200.0
2016-06-13,201606133429652,NBB,19,58,300,885.0,265500.0
2016-06-13,201606133429692,NBB,52,58,200,885.0,177000.0
2016-06-13,201606133429691,NBB,50,43,100,881.0,88100.0
2016-06-13,201606133429690,NBB,32,43,50,881.0,44050.0
2016-06-13,201606133429689,NBB,10,43,1300,884.0,1149200.0
2016-06-13,201606133429687,NBB,25,58,500,885.0,442500.0
2016-06-13,201606133429684,NBB,10,43,500,884.0,442000.0
2016-06-13,201606133429726,NBB,32,49,100,883.0,88300.0
2016-06-13,201606133429723,NBB,38,49,500,883.0,441500.0
2016-06-13,201606133429717,NBB,41,6,150,884.0,132600.0
2016-06-13,201606133429709,NBB,38,56,1000,883.0,883000.0
2016-06-13,201606133429707,NBB,1,58,100,885.0,88500.0
2016-06-13,201606133429706,NBB,25,58,1000,885.0,885000.0
2016-06-13,201606133429733,NBB,41,58,300,880.0,264000.0
2016-06-13,201606133429732,NBB,19,58,100,880.0,88000.0
2016-06-13,201606133429731,NBB,37,58,300,880.0,264000.0
2016-06-13,201606133429730,NBB,21,58,1000,881.0,881000.0
2016-06-13,201606133429729,NBB,50,58,80,881.0,70480.0
2016-06-13,201606133429728,NBB,48,58,200,882.0,176400.0
2016-06-13,201606133429749,NBB,14,58,480,880.0,422400.0
2016-06-13,201606133429748,NBB,14,58,20,880.0,17600.0
2016-06-13,201606133429737,NBB,16,58,150,880.0,132000.0
2016-06-13,201606133429736,NBB,17,58,150,880.0,132000.0
2016-06-13,201606133429735,NBB,10,58,200,880.0,176000.0
2016-06-13,201606133429734,NBB,47,58,500,880.0,440000.0
2016-06-13,201606133429774,NBB,42,44,100,878.0,87800.0
2016-06-13,201606133429770,NBB,7,44,800,878.0,702400.0
2016-06-13,201606133429769,NBB,19,44,100,880.0,88000.0
2016-06-13,201606133429764,NBB,28,58,120,880.0,105600.0
2016-06-13,201606133429763,NBB,7,33,200,878.0,175600.0
2016-06-13,201606133429752,NBB,17,58,200,880.0,176000.0
2016-06-13,201606133429794,NBB,32,59,50,875.0,43750.0
2016-06-13,201606133429793,NBB,19,59,100,875.0,87500.0
2016-06-13,201606133429792,NBB,41,59,50,875.0,43750.0
2016-06-13,201606133429791,NBB,43,59,100,875.0,87500.0
2016-06-13,201606133429790,NBB,22,59,100,877.0,87700.0
2016-06-13,201606133429776,NBB,19,44,230,878.0,201940.0
2016-06-13,201606133429765,NBL,59,54,500,480.0,240000.0
2016-06-13,201606133429638,NBL,39,11,107,480.0,51360.0
2016-06-13,201606133429590,NBL,25,47,1000,475.0,475000.0
2016-06-13,201606133429716,NCM,40,6,113,523.0,59099.0
2016-06-13,201606133429656,NCM,26,6,200,513.0,102600.0
2016-06-13,201606133429780,NIB,5,32,26,1086.0,28236.0
2016-06-13,201606133429649,NIB,40,47,206,1070.0,220420.0
2016-06-13,201606133429634,NIB,40,17,82,1065.0,87330.0
2016-06-13,201606133429629,NIB,40,26,76,1060.0,80560.0
2016-06-13,201606133429804,NIBPO,41,8,100,947.0,94700.0
2016-06-13,201606133429803,NIBPO,41,53,200,947.0,189400.0
2016-06-13,201606133429756,NIBPO,59,6,100,946.0,94600.0
2016-06-13,201606133429783,NICA,14,8,63,780.0,49140.0
2016-06-13,201606133429761,NICA,26,17,250,780.0,195000.0
2016-06-13,201606133429753,NICA,26,37,200,780.0,156000.0
2016-06-13,201606133429685,NICA,26,17,1000,780.0,780000.0
2016-06-13,201606133429678,NICA,26,3,50,780.0,39000.0
2016-06-13,201606133429633,NICA,49,11,300,769.0,230700.0
2016-06-13,201606133429606,NICA,26,17,900,765.0,688500.0
2016-06-13,201606133429816,NICL,55,52,100,1225.0,122500.0
2016-06-13,201606133429725,NICL,11,10,600,1230.0,738000.0
2016-06-13,201606133429705,NICL,56,48,100,1250.0,125000.0
2016-06-13,201606133429704,NICL,43,48,30,1250.0,37500.0
2016-06-13,201606133429703,NLG,28,5,65,1868.0,121420.0
2016-06-13,201606133429702,NLG,28,53,300,1868.0,560400.0
2016-06-13,201606133429826,NMB,42,58,150,735.0,110250.0
2016-06-13,201606133429768,NMB,39,54,1000,734.0,734000.0
2016-06-13,201606133429767,NMB,39,47,100,734.0,73400.0
2016-06-13,201606133429760,NMB,18,6,200,723.0,144600.0
2016-06-13,201606133429759,NMB,48,6,200,723.0,144600.0
2016-06-13,201606133429758,NMB,37,6,20,726.0,14520.0
2016-06-13,201606133429598,NMB,47,39,215,724.0,155660.0
2016-06-13,201606133429559,NMB,52,26,180,715.0,128700.0
2016-06-13,201606133429553,NMB,59,41,196,710.0,139160.0
2016-06-13,201606133429543,NMB,42,11,884,700.0,618800.0
2016-06-13,201606133429722,NMB,16,6,1500,725.0,1087500.0
2016-06-13,201606133429695,NMB,29,58,40,738.0,29520.0
2016-06-13,201606133429693,NMB,29,14,10,738.0,7380.0
2016-06-13,201606133429650,NMB,21,17,500,737.0,368500.0
2016-06-13,201606133429646,NMB,29,58,1000,729.0,729000.0
2016-06-13,201606133429626,NMB,28,17,585,729.0,426465.0
2016-06-13,201606133429532,NMBMF,51,39,10,1947.0,19470.0
2016-06-13,201606133429814,NNLB,36,49,10,1659.0,16590.0
2016-06-13,201606133429661,NNLB,36,25,10,1627.0,16270.0
2016-06-13,201606133429660,NNLB,36,45,10,1625.0,16250.0
2016-06-13,201606133429659,NNLB,36,45,10,1620.0,16200.0
2016-06-13,201606133429850,PCBL,57,6,22,720.0,15840.0
2016-06-13,201606133429842,PCBL,33,6,100,715.0,71500.0
2016-06-13,201606133429841,PCBL,52,6,300,716.0,214800.0
2016-06-13,201606133429812,PCBL,45,59,200,720.0,144000.0
2016-06-13,201606133429781,PCBL,49,58,100,722.0,72200.0
2016-06-13,201606133429738,PCBL,45,14,54,722.0,38988.0
2016-06-13,201606133429698,PCBL,45,22,27,722.0,19494.0
2016-06-13,201606133429628,PCBL,41,53,351,715.0,250965.0
2016-06-13,201606133429620,PCBL,17,17,888,710.0,630480.0
2016-06-13,201606133429600,PCBL,52,41,153,710.0,108630.0
2016-06-13,201606133429591,PCBL,52,1,98,709.0,69482.0
2016-06-13,201606133429586,PCBL,52,28,92,708.0,65136.0
2016-06-13,201606133429665,PICL,17,53,1500,1428.0,2142000.0
2016-06-13,201606133429655,PRIN,36,53,331,1430.0,473330.0
2016-06-13,201606133429555,RMDC,44,44,1000,1041.0,1041000.0
2016-06-13,201606133429743,SANIMA,50,16,500,680.0,340000.0
2016-06-13,201606133429552,SANIMA,18,3,100,680.0,68000.0
2016-06-13,201606133429538,SANIMA,45,45,50,670.0,33500.0
2016-06-13,201606133429720,SBI,43,47,100,1830.0,183000.0
2016-06-13,201606133429708,SBI,36,44,200,1795.0,359000.0
2016-06-13,201606133429683,SBI,34,44,100,1795.0,179500.0
2016-06-13,201606133429849,SCB,13,44,100,3480.0,348000.0
2016-06-13,201606133429840,SCB,13,52,100,3500.0,350000.0
2016-06-13,201606133429831,SCB,8,37,100,3500.0,350000.0
2016-06-13,201606133429830,SCB,17,44,100,3510.0,351000.0
2016-06-13,201606133429815,SCB,14,19,251,3500.0,878500.0
2016-06-13,201606133429777,SCB,14,53,100,3500.0,350000.0
2016-06-13,201606133429570,SCB,58,3,18,3442.0,61956.0
2016-06-13,201606133429561,SCB,44,3,50,3375.0,168750.0
2016-06-13,201606133429539,SCB,45,11,60,3309.0,198540.0
2016-06-13,201606133429536,SCB,45,3,50,3309.0,165450.0
2016-06-13,201606133429657,SCB,57,44,200,3569.0,713800.0
2016-06-13,201606133429645,SCB,56,22,200,3560.0,712000.0
2016-06-13,201606133429644,SCB,56,22,100,3560.0,356000.0
2016-06-13,201606133429643,SCB,56,8,50,3560.0,178000.0
2016-06-13,201606133429642,SCB,56,44,200,3550.0,710000.0
2016-06-13,201606133429583,SCB,58,44,100,3510.0,351000.0
2016-06-13,201606133429762,SCB,14,5,100,3500.0,350000.0
2016-06-13,201606133429750,SCB,35,53,900,3500.0,3150000.0
2016-06-13,201606133429721,SCB,50,53,100,3500.0,350000.0
2016-06-13,201606133429679,SCB,57,33,100,3550.0,355000.0
2016-06-13,201606133429674,SCB,57,28,100,3550.0,355000.0
2016-06-13,201606133429658,SCB,57,21,50,3569.0,178450.0
2016-06-13,201606133429788,SHPC,28,17,72,870.0,62640.0
2016-06-13,201606133429787,SHPC,28,17,90,870.0,78300.0
2016-06-13,201606133429828,SIC,58,54,385,2368.0,911680.0
2016-06-13,201606133429784,SIC,45,43,50,2416.0,120800.0
2016-06-13,201606133429648,SIC,45,50,150,2416.0,362400.0
2016-06-13,201606133429845,SICL,28,8,150,3151.0,472650.0
2016-06-13,201606133429838,SICL,28,45,13,3120.0,40560.0
2016-06-13,201606133429789,SICL,58,53,87,3100.0,269700.0
2016-06-13,201606133429535,SICL,44,44,42,3090.0,129780.0
2016-06-13,201606133429534,SICL,44,44,14,3090.0,43260.0
2016-06-13,201606133429673,SIL,53,53,238,2005.0,477190.0
2016-06-13,201606133429549,SINDU,41,56,11,507.0,5577.0
2016-06-13,201606133429847,SKBBL,49,45,18,2100.0,37800.0
2016-06-13,201606133429640,SKBBL,45,6,51,2076.0,105876.0
2016-06-13,201606133429639,SKBBL,45,45,50,2050.0,102500.0
2016-06-13,201606133429837,SLICL,17,22,200,1107.0,221400.0
2016-06-13,201606133429836,SLICL,17,43,200,1107.0,221400.0
2016-06-13,201606133429835,SLICL,17,43,100,1106.0,110600.0
2016-06-13,201606133429688,SLICL,32,8,100,1086.0,108600.0
2016-06-13,201606133429651,SLICL,29,8,100,1086.0,108600.0
2016-06-13,201606133429624,SRBL,10,11,500,660.0,330000.0
2016-06-13,201606133429576,SRBL,36,50,172,652.0,112144.0
2016-06-13,201606133429574,SRBL,36,10,1000,652.0,652000.0
2016-06-13,201606133429566,SRBL,36,41,14,652.0,9128.0
2016-06-13,201606133429563,SRBL,36,22,47,650.0,30550.0
2016-06-13,201606133429741,UIC,38,36,200,1480.0,296000.0
2016-06-13,201606133429632,UIC,22,53,300,1510.0,453000.0
2016-06-13,201606133435820,ADBL,56,52,100,700.0,70000.0
2016-06-13,201606133435362,ADBL,40,49,20,704.0,14080.0
2016-06-13,201606133435361,ADBL,45,49,20,705.0,14100.0
2016-06-13,201606133435855,AHPC,45,6,1900,357.0,678300.0
2016-06-13,201606133435854,AHPC,45,32,100,356.0,35600.0
2016-06-13,201606133435793,AHPC,45,33,2100,352.0,739200.0
2016-06-13,201606133435753,AHPC,52,20,100,352.0,35200.0
2016-06-13,201606133435746,AHPC,45,48,363,355.0,128865.0
2016-06-13,201606133435745,AHPC,45,43,100,354.0,35400.0
2016-06-13,201606133435847,ALDBL,41,26,11,541.0,5951.0
2016-06-13,201606133435839,ALDBL,28,28,11,542.0,5962.0
2016-06-13,201606133435498,ALICL,25,17,39,1575.0,61425.0
2016-06-13,201606133435487,ALICL,25,42,19,1575.0,29925.0
2016-06-13,201606133435432,ALICL,25,50,200,1570.0,314000.0
2016-06-13,201606133435608,API,38,50,63,775.0,48825.0
2016-06-13,201606133435576,API,25,37,268,775.0,207700.0
2016-06-13,201606133435550,API,25,28,26,770.0,20020.0
2016-06-13,201606133435426,API,38,7,21,770.0,16170.0
2016-06-13,201606133435416,API,25,39,500,769.0,384500.0
2016-06-13,201606133435380,API,49,42,16,770.0,12320.0
2016-06-13,201606133435372,API,38,42,16,770.0,12320.0
2016-06-13,201606133435590,BARUN,45,48,60,412.0,24720.0
2016-06-13,201606133435527,BARUN,45,6,40,410.0,16400.0
2016-06-13,201606133435624,BHBL,1,58,200,440.0,88000.0
2016-06-13,201606133435606,BHBL,6,20,500,445.0,222500.0
2016-06-13,201606133435605,BHBL,6,1,100,445.0,44500.0
2016-06-13,201606133435452,BPCL,13,50,500,703.0,351500.0
2016-06-13,201606133435389,CBBL,48,17,20,2195.0,43900.0
2016-06-13,201606133435378,CBBL,48,13,200,2195.0,439000.0
2016-06-13,201606133435377,CBBL,48,32,50,2190.0,109500.0
2016-06-13,201606133435439,CBBL,35,1,20,2200.0,44000.0
2016-06-13,201606133435437,CBBL,58,1,30,2200.0,66000.0
2016-06-13,201606133435433,CBBL,21,54,261,2205.0,575505.0
2016-06-13,201606133435422,CBBL,35,22,300,2200.0,660000.0
2016-06-13,201606133435404,CBBL,58,40,70,2200.0,154000.0
2016-06-13,201606133435403,CBBL,58,48,100,2200.0,220000.0
2016-06-13,201606133435618,CBBL,45,28,300,2244.0,673200.0
2016-06-13,201606133435617,CBBL,45,25,50,2244.0,112200.0
2016-06-13,201606133435616,CBBL,45,52,50,2243.0,112150.0
2016-06-13,201606133435708,CBBL,1,8,100,2267.0,226700.0
2016-06-13,201606133435620,CBBL,45,43,200,2244.0,448800.0
2016-06-13,201606133435619,CBBL,45,11,40,2244.0,89760.0
2016-06-13,201606133435809,CCBL,48,37,36,420.0,15120.0
2016-06-13,201606133435786,CCBL,48,57,249,422.0,105078.0
2016-06-13,201606133435771,CCBL,48,39,45,422.0,18990.0
2016-06-13,201606133435736,CCBL,37,13,100,420.0,42000.0
2016-06-13,201606133435532,CCBL,7,42,139,421.0,58519.0
2016-06-13,201606133435524,CCBL,7,21,41,420.0,17220.0
2016-06-13,201606133435481,CCBL,45,47,39,420.0,16380.0
2016-06-13,201606133435395,CCBL,45,35,27,420.0,11340.0
2016-06-13,201606133435598,CHCL,54,50,100,1380.0,138000.0
2016-06-13,201606133435573,CHCL,41,40,209,1380.0,288420.0
2016-06-13,201606133435640,CIT,33,16,100,4400.0,440000.0
2016-06-13,201606133435719,CZBIL,45,10,180,585.0,105300.0
2016-06-13,201606133435716,CZBIL,39,6,100,587.0,58700.0
2016-06-13,201606133435534,CZBIL,45,59,200,585.0,117000.0
2016-06-13,201606133435514,CZBIL,45,53,250,585.0,146250.0
2016-06-13,201606133435506,CZBIL,28,29,1000,582.0,582000.0
2016-06-13,201606133435410,CZBIL,13,38,500,587.0,293500.0
2016-06-13,201606133435384,CZBIL,16,59,300,585.0,175500.0
2016-06-13,201606133435383,CZBIL,8,59,250,585.0,146250.0
2016-06-13,201606133435363,CZBIL,45,32,86,587.0,50482.0
2016-06-13,201606133435807,DBBL,42,21,40,258.0,10320.0
2016-06-13,201606133435713,DBBL,42,6,1000,258.0,258000.0
2016-06-13,201606133435817,DDBL,58,13,94,3295.0,309730.0
2016-06-13,201606133435816,DDBL,58,44,300,3295.0,988500.0
2016-06-13,201606133435815,DDBL,58,50,500,3290.0,1645000.0
2016-06-13,201606133435849,EBL,6,16,100,3161.0,316100.0
2016-06-13,201606133435800,EBL,17,16,50,3170.0,158500.0
2016-06-13,201606133435774,EBL,28,16,200,3160.0,632000.0
2016-06-13,201606133435761,EBL,17,56,50,3169.0,158450.0
2016-06-13,201606133435760,EBL,17,38,100,3165.0,316500.0
2016-06-13,201606133435711,EBL,33,38,100,3165.0,316500.0
2016-06-13,201606133435379,EBL,28,32,400,3170.0,1268000.0
2016-06-13,201606133435693,EBL,6,56,50,3170.0,158500.0
2016-06-13,201606133435683,EBL,5,52,145,3170.0,459650.0
2016-06-13,201606133435682,EBL,5,17,100,3170.0,317000.0
2016-06-13,201606133435536,EBL,38,39,62,3169.0,196478.0
2016-06-13,201606133435405,EBL,11,32,100,3170.0,317000.0
2016-06-13,201606133435400,EBL,49,5,30,3161.0,94830.0
2016-06-13,201606133435553,EBLCP,10,10,59,1645.0,97055.0
2016-06-13,201606133435540,EBLCP,10,6,120,1620.0,194400.0
2016-06-13,201606133435554,EDBL,47,48,1000,640.0,640000.0
2016-06-13,201606133435654,EIC,33,57,200,1900.0,380000.0
2016-06-13,201606133435541,EIC,41,28,33,1900.0,62700.0
2016-06-13,201606133435385,EIC,38,37,100,1915.0,191500.0
2016-06-13,201606133435375,FBBL,32,48,165,430.0,70950.0
2016-06-13,201606133435513,FBBL,36,43,123,432.0,53136.0
2016-06-13,201606133435818,FMDBL,38,56,500,1710.0,855000.0
2016-06-13,201606133435801,FMDBL,38,19,150,1708.0,256200.0
2016-06-13,201606133435782,FMDBL,58,11,50,1700.0,85000.0
2016-06-13,201606133435781,FMDBL,58,44,100,1700.0,170000.0
2016-06-13,201606133435780,FMDBL,58,37,100,1700.0,170000.0
2016-06-13,201606133435779,FMDBL,58,44,500,1700.0,850000.0
2016-06-13,201606133435635,FMDBL,45,57,100,1695.0,169500.0
2016-06-13,201606133435604,FMDBL,41,50,150,1690.0,253500.0
2016-06-13,201606133435603,FMDBL,21,50,150,1691.0,253650.0
2016-06-13,201606133435602,FMDBL,43,50,200,1691.0,338200.0
2016-06-13,201606133435497,FMDBL,7,22,200,1695.0,339000.0
2016-06-13,201606133435449,FMDBL,41,41,53,1690.0,89570.0
2016-06-13,201606133435778,FMDBL,58,48,50,1700.0,85000.0
2016-06-13,201606133435777,FMDBL,58,44,100,1700.0,170000.0
2016-06-13,201606133435776,FMDBL,58,44,100,1700.0,170000.0
2016-06-13,201606133435766,FMDBL,28,36,300,1698.0,509400.0
2016-06-13,201606133435690,FMDBL,14,44,400,1700.0,680000.0
2016-06-13,201606133435689,FMDBL,14,17,100,1698.0,169800.0
2016-06-13,201606133435794,GBIME,52,11,100,507.0,50700.0
2016-06-13,201606133435466,GBIME,52,59,1588,507.0,805116.0
2016-06-13,201606133435448,GBIME,43,41,52,508.0,26416.0
2016-06-13,201606133435391,GBIME,51,44,700,509.0,356300.0
2016-06-13,201606133435390,GBIME,51,44,1000,509.0,509000.0
2016-06-13,201606133435798,GDBL,26,39,258,383.0,98814.0
2016-06-13,201606133435740,GLICL,50,38,100,905.0,90500.0
2016-06-13,201606133435631,GLICL,17,44,870,909.0,790830.0
2016-06-13,201606133435503,GLICL,47,44,130,909.0,118170.0
2016-06-13,201606133435489,GLICL,47,17,20,909.0,18180.0
2016-06-13,201606133435425,GLICL,47,33,100,909.0,90900.0
2016-06-13,201606133435791,HAMA,14,17,150,325.0,48750.0
2016-06-13,201606133435752,HBL,58,8,500,1515.0,757500.0
2016-06-13,201606133435751,HBL,58,35,750,1515.0,1136250.0
2016-06-13,201606133435750,HBL,58,5,100,1515.0,151500.0
2016-06-13,201606133435749,HBL,58,10,100,1514.0,151400.0
2016-06-13,201606133435480,HGI,49,49,100,1421.0,142100.0
2016-06-13,201606133435510,ICFC,22,53,203,298.0,60494.0
2016-06-13,201606133435469,ICFC,25,41,60,298.0,17880.0
2016-06-13,201606133435825,ILFCM,28,42,150,1550.0,232500.0
2016-06-13,201606133435709,ILFCM,48,47,10,1538.0,15380.0
2016-06-13,201606133435702,ILFCM,48,35,55,1538.0,84590.0
2016-06-13,201606133435684,ILFCM,48,11,15,1538.0,23070.0
2016-06-13,201606133435669,ILFCM,28,39,15,1535.0,23025.0
2016-06-13,201606133435658,ILFCM,48,25,25,1535.0,38375.0
2016-06-13,201606133435504,ILFCM,17,43,10,1514.0,15140.0
2016-06-13,201606133435644,ILFCM,28,40,10,1530.0,15300.0
2016-06-13,201606133435643,ILFCM,28,7,110,1529.0,168190.0
2016-06-13,201606133435636,ILFCM,48,57,255,1527.0,389385.0
2016-06-13,201606133435563,ILFCM,38,40,15,1520.0,22800.0
2016-06-13,201606133435562,ILFCM,38,40,10,1519.0,15190.0
2016-06-13,201606133435505,ILFCM,17,36,300,1515.0,454500.0
2016-06-13,201606133435560,JEFL,49,37,200,210.0,42000.0
2016-06-13,201606133435442,JEFL,10,45,134,212.0,28408.0
2016-06-13,201606133435743,JFL,8,8,4500,335.0,1507500.0
2016-06-13,201606133435692,JFL,3,39,212,340.0,72080.0
2016-06-13,201606133435858,KDBL,47,42,1000,307.0,307000.0
2016-06-13,201606133435857,KDBL,33,42,500,308.0,154000.0
2016-06-13,201606133435399,KDBL,26,21,18,309.0,5562.0
2016-06-13,201606133435810,KMCDB,36,33,200,2050.0,410000.0
2016-06-13,201606133435592,KMCDB,7,52,33,2025.0,66825.0
2016-06-13,201606133435612,LBL,26,35,112,786.0,88032.0
2016-06-13,201606133435593,LBL,55,44,34,786.0,26724.0
2016-06-13,201606133435846,LGIL,33,33,1000,1360.0,1360000.0
2016-06-13,201606133435785,LGIL,21,41,250,1360.0,340000.0
2016-06-13,201606133435784,LGIL,5,41,50,1360.0,68000.0
2016-06-13,201606133435783,LGIL,14,41,100,1361.0,136100.0
2016-06-13,201606133435767,LGIL,40,45,150,1361.0,204150.0
2016-06-13,201606133435556,LGIL,46,33,300,1362.0,408600.0
2016-06-13,201606133435555,LGIL,59,34,300,1365.0,409500.0
2016-06-13,201606133435465,LICN,49,50,100,3550.0,355000.0
2016-06-13,201606133435788,LLBS,26,37,10,3090.0,30900.0
2016-06-13,201606133435382,MDB,37,41,96,865.0,83040.0
2016-06-13,201606133435822,MEGA,29,32,70,517.0,36190.0
2016-06-13,201606133435734,MEGA,26,33,511,515.0,263165.0
2016-06-13,201606133435720,MEGA,38,33,114,515.0,58710.0
2016-06-13,201606133435707,MEGA,52,54,35,516.0,18060.0
2016-06-13,201606133435703,MEGA,32,53,500,515.0,257500.0
2016-06-13,201606133435548,MEGA,32,50,560,515.0,288400.0
2016-06-13,201606133435710,MFIL,19,58,500,346.0,173000.0
2016-06-13,201606133435696,MFIL,14,58,100,346.0,34600.0
2016-06-13,201606133435671,MFIL,17,52,1000,346.0,346000.0
2016-06-13,201606133435665,MFIL,16,58,300,341.0,102300.0
2016-06-13,201606133435664,MFIL,16,58,200,341.0,68200.0
2016-06-13,201606133435663,MFIL,13,58,500,341.0,170500.0
2016-06-13,201606133435649,MFIL,26,58,1200,343.0,411600.0
2016-06-13,201606133435648,MFIL,46,58,150,343.0,51450.0
2016-06-13,201606133435647,MFIL,26,58,100,344.0,34400.0
2016-06-13,201606133435526,MFIL,42,49,200,347.0,69400.0
2016-06-13,201606133435507,MFIL,26,46,500,344.0,172000.0
2016-06-13,201606133435797,MLBBL,43,17,20,2150.0,43000.0
2016-06-13,201606133435430,MMFDB,44,7,10,2917.0,29170.0
2016-06-13,201606133435429,MMFDB,44,25,10,2900.0,29000.0
2016-06-13,201606133435421,MMFDB,44,44,10,2896.0,28960.0
2016-06-13,201606133435523,MNBBL,54,7,200,1205.0,241000.0
2016-06-13,201606133435522,MNBBL,54,28,500,1205.0,602500.0
2016-06-13,201606133435521,MNBBL,54,10,286,1204.0,344344.0
2016-06-13,201606133435520,MNBBL,54,1,110,1200.0,132000.0
2016-06-13,201606133435436,MNBBL,6,1,50,1200.0,60000.0
2016-06-13,201606133435435,MNBBL,33,1,40,1200.0,48000.0
2016-06-13,201606133435835,MSMBS,5,47,60,1690.0,101400.0
2016-06-13,201606133435691,MSMBS,16,10,10,1670.0,16700.0
2016-06-13,201606133435686,MSMBS,16,51,10,1670.0,16700.0
2016-06-13,201606133435666,MSMBS,16,51,10,1670.0,16700.0
2016-06-13,201606133435638,MSMBS,16,51,10,1670.0,16700.0
2016-06-13,201606133435637,MSMBS,16,10,10,1670.0,16700.0
2016-06-13,201606133435453,MSMBS,52,51,10,1670.0,16700.0
2016-06-13,201606133435393,MSMBS,52,51,10,1670.0,16700.0
2016-06-13,201606133435373,MSMBS,52,51,10,1670.0,16700.0
2016-06-13,201606133435578,MSMBS,52,51,10,1670.0,16700.0
2016-06-13,201606133435577,MSMBS,52,51,10,1670.0,16700.0
2016-06-13,201606133435456,MSMBS,52,51,10,1670.0,16700.0
2016-06-13,201606133435455,MSMBS,52,51,10,1670.0,16700.0
2016-06-13,201606133435454,MSMBS,52,51,10,1670.0,16700.0
2016-06-13,201606133435630,MSMBS,16,51,10,1670.0,16700.0
2016-06-13,201606133435622,MSMBS,16,51,10,1670.0,16700.0
2016-06-13,201606133435595,MSMBS,16,51,10,1670.0,16700.0
2016-06-13,201606133435586,MSMBS,16,51,10,1670.0,16700.0
2016-06-13,201606133435580,MSMBS,52,51,10,1670.0,16700.0
2016-06-13,201606133435579,MSMBS,52,51,10,1670.0,16700.0
2016-06-13,201606133435775,NABIL,49,6,100,2315.0,231500.0
2016-06-13,201606133435657,NABIL,34,1,100,2324.0,232400.0
2016-06-13,201606133435549,NABIL,52,1,100,2324.0,232400.0
2016-06-13,201606133435488,NABIL,6,6,100,2320.0,232000.0
2016-06-13,201606133435424,NABIL,25,1,200,2320.0,464000.0
2016-06-13,201606133435423,NABIL,36,1,20,2320.0,46400.0
2016-06-13,201606133435401,NABIL,45,36,91,2320.0,211120.0
2016-06-13,201606133435381,NABIL,26,13,150,2325.0,348750.0
2016-06-13,201606133435860,NBB,29,49,163,863.0,140669.0
2016-06-13,201606133435814,NBB,29,25,100,865.0,86500.0
2016-06-13,201606133435813,NBB,59,25,400,865.0,346000.0
2016-06-13,201606133435812,NBB,44,25,390,865.0,337350.0
2016-06-13,201606133435806,NBB,59,25,50,866.0,43300.0
2016-06-13,201606133435726,NBB,35,35,1000,866.0,866000.0
2016-06-13,201606133435367,NBB,45,28,200,865.0,173000.0
2016-06-13,201606133435365,NBB,41,28,100,865.0,86500.0
2016-06-13,201606133435446,NBB,5,28,20,865.0,17300.0
2016-06-13,201606133435441,NBB,59,28,230,865.0,198950.0
2016-06-13,201606133435438,NBB,38,28,500,865.0,432500.0
2016-06-13,201606133435408,NBB,45,28,500,865.0,432500.0
2016-06-13,201606133435402,NBB,44,26,250,864.0,216000.0
2016-06-13,201606133435398,NBB,55,28,300,865.0,259500.0
2016-06-13,201606133435530,NBB,28,25,790,864.0,682560.0
2016-06-13,201606133435509,NBB,44,25,210,864.0,181440.0
2016-06-13,201606133435502,NBB,28,28,2000,865.0,1730000.0
2016-06-13,201606133435483,NBB,44,59,150,864.0,129600.0
2016-06-13,201606133435477,NBB,44,37,390,864.0,336960.0
2016-06-13,201606133435447,NBB,42,28,100,865.0,86500.0
2016-06-13,201606133435566,NBB,6,5,1000,865.0,865000.0
2016-06-13,201606133435565,NBB,6,40,500,865.0,432500.0
2016-06-13,201606133435551,NBB,14,5,190,865.0,164350.0
2016-06-13,201606133435537,NBB,14,28,110,865.0,95150.0
2016-06-13,201606133435533,NBB,22,44,14,863.0,12082.0
2016-06-13,201606133435531,NBB,28,28,1210,865.0,1046650.0
2016-06-13,201606133435704,NBB,44,5,500,866.0,433000.0
2016-06-13,201606133435632,NBB,44,5,110,865.0,95150.0
2016-06-13,201606133435597,NBB,55,5,500,865.0,432500.0
2016-06-13,201606133435581,NBB,22,5,200,865.0,173000.0
2016-06-13,201606133435681,NBL,38,34,50,482.0,24100.0
2016-06-13,201606133435621,NBL,44,58,6077,480.0,2916960.0
2016-06-13,201606133435601,NBL,44,46,400,480.0,192000.0
2016-06-13,201606133435600,NBL,44,40,220,480.0,105600.0
2016-06-13,201606133435594,NBL,44,40,1000,479.0,479000.0
2016-06-13,201606133435582,NBL,44,46,100,480.0,48000.0
2016-06-13,201606133435575,NBL,44,17,123,479.0,58917.0
2016-06-13,201606133435485,NBL,44,58,600,479.0,287400.0
2016-06-13,201606133435428,NBL,4,58,300,480.0,144000.0
2016-06-13,201606133435427,NBL,28,58,100,481.0,48100.0
2016-06-13,201606133435625,NHPC,14,57,1000,197.0,197000.0
2016-06-13,201606133435574,NIB,52,36,100,1060.0,106000.0
2016-06-13,201606133435476,NIB,47,44,100,1060.0,106000.0
2016-06-13,201606133435475,NIB,47,44,200,1060.0,212000.0
2016-06-13,201606133435474,NIB,11,44,100,1060.0,106000.0
2016-06-13,201606133435473,NIB,47,44,200,1060.0,212000.0
2016-06-13,201606133435472,NIB,45,44,50,1060.0,53000.0
2016-06-13,201606133435470,NIB,42,6,200,1065.0,213000.0
2016-06-13,201606133435627,NIBPO,33,42,680,920.0,625600.0
2016-06-13,201606133435827,NICL,32,56,50,1230.0,61500.0
2016-06-13,201606133435748,NICL,17,48,490,1215.0,595350.0
2016-06-13,201606133435747,NICL,17,26,400,1213.0,485200.0
2016-06-13,201606133435741,NICL,50,50,554,1210.0,670340.0
2016-06-13,201606133435718,NICL,50,8,95,1210.0,114950.0
2016-06-13,201606133435717,NICL,50,56,60,1208.0,72480.0
2016-06-13,201606133435547,NICL,5,40,200,1200.0,240000.0
2016-06-13,201606133435546,NICL,21,40,50,1200.0,60000.0
2016-06-13,201606133435545,NICL,43,40,20,1201.0,24020.0
2016-06-13,201606133435656,NICL,17,43,100,1200.0,120000.0
2016-06-13,201606133435642,NICL,13,43,100,1200.0,120000.0
2016-06-13,201606133435641,NICL,13,40,50,1200.0,60000.0
2016-06-13,201606133435519,NLBBL,34,48,22,2537.0,55814.0
2016-06-13,201606133435518,NLBBL,34,36,200,2533.0,506600.0
2016-06-13,201606133435517,NLBBL,34,29,100,2525.0,252500.0
2016-06-13,201606133435516,NLBBL,34,17,20,2500.0,50000.0
2016-06-13,201606133435515,NLBBL,34,26,10,2500.0,25000.0
2016-06-13,201606133435599,NLG,55,6,400,1813.0,725200.0
2016-06-13,201606133435584,NLG,33,6,1000,1815.0,1815000.0
2016-06-13,201606133435561,NLG,33,33,500,1835.0,917500.0
2016-06-13,201606133435744,NLICL,26,54,10,3140.0,31400.0
2016-06-13,201606133435670,NLICL,36,22,100,3128.0,312800.0
2016-06-13,201606133435418,NLICL,33,44,200,3135.0,627000.0
2016-06-13,201606133435735,NMB,58,34,250,724.0,181000.0
2016-06-13,201606133435712,NMB,57,47,112,725.0,81200.0
2016-06-13,201606133435685,NMB,57,40,50,724.0,36200.0
2016-06-13,201606133435655,NMB,38,6,200,721.0,144200.0
2016-06-13,201606133435583,NMB,26,6,200,721.0,144200.0
2016-06-13,201606133435508,NMB,47,43,200,720.0,144000.0
2016-06-13,201606133435471,NMB,47,42,460,720.0,331200.0
2016-06-13,201606133435369,NMB,19,42,250,720.0,180000.0
2016-06-13,201606133435634,NTC,4,47,350,668.0,233800.0
2016-06-13,201606133435633,NTC,6,47,100,668.0,66800.0
2016-06-13,201606133435838,NUBL,7,19,100,2376.0,237600.0
2016-06-13,201606133435723,NUBL,28,11,50,2376.0,118800.0
2016-06-13,201606133435722,NUBL,28,25,50,2376.0,118800.0
2016-06-13,201606133435714,NUBL,28,19,50,2360.0,118000.0
2016-06-13,201606133435653,NUBL,35,21,10,2355.0,23550.0
2016-06-13,201606133435652,NUBL,35,16,120,2340.0,280800.0
2016-06-13,201606133435651,NUBL,35,49,100,2339.0,233900.0
2016-06-13,201606133435650,NUBL,35,22,100,2339.0,233900.0
2016-06-13,201606133435623,NUBL,35,52,46,2334.0,107364.0
2016-06-13,201606133435596,NUBL,35,39,500,2330.0,1165000.0
2016-06-13,201606133435417,NUBL,46,39,500,2325.0,1162500.0
2016-06-13,201606133435409,NUBL,46,49,74,2320.0,171680.0
2016-06-13,201606133435840,PCBL,53,17,34,707.0,24038.0
2016-06-13,201606133435833,PCBL,57,17,200,708.0,141600.0
2016-06-13,201606133435832,PCBL,32,17,200,708.0,141600.0
2016-06-13,201606133435831,PCBL,45,17,50,708.0,35400.0
2016-06-13,201606133435830,PCBL,16,17,100,708.0,70800.0
2016-06-13,201606133435727,PCBL,57,45,370,710.0,262700.0
2016-06-13,201606133435662,PCBL,57,47,630,710.0,447300.0
2016-06-13,201606133435661,PCBL,16,47,200,710.0,142000.0
2016-06-13,201606133435660,PCBL,57,47,100,710.0,71000.0
2016-06-13,201606133435659,PCBL,41,47,70,710.0,49700.0
2016-06-13,201606133435525,PCBL,45,10,389,710.0,276190.0
2016-06-13,201606133435852,PIC,6,5,400,1918.0,767200.0
2016-06-13,201606133435828,PIC,6,53,200,1920.0,384000.0
2016-06-13,201606133435564,PIC,54,21,100,1935.0,193500.0
2016-06-13,201606133435824,PICL,32,22,200,1372.0,274400.0
2016-06-13,201606133435823,PICL,17,22,300,1375.0,412500.0
2016-06-13,201606133435677,PICL,32,22,500,1376.0,688000.0
2016-06-13,201606133435676,PICL,21,22,300,1380.0,414000.0
2016-06-13,201606133435675,PICL,6,22,100,1381.0,138100.0
2016-06-13,201606133435674,PICL,32,22,300,1385.0,415500.0
2016-06-13,201606133435459,PICL,17,17,60,1399.0,83940.0
2016-06-13,201606133435458,PICL,17,41,300,1395.0,418500.0
2016-06-13,201606133435673,PICL,28,22,100,1400.0,140000.0
2016-06-13,201606133435672,PICL,17,22,30,1400.0,42000.0
2016-06-13,201606133435463,PICL,17,22,50,1400.0,70000.0
2016-06-13,201606133435462,PICL,17,50,90,1400.0,126000.0
2016-06-13,201606133435461,PICL,17,41,690,1400.0,966000.0
2016-06-13,201606133435460,PICL,17,17,80,1399.0,111920.0
2016-06-13,201606133435842,PLIC,37,44,40,1898.0,75920.0
2016-06-13,201606133435629,PLIC,53,6,300,1895.0,568500.0
2016-06-13,201606133435535,PLIC,53,6,200,1895.0,379000.0
2016-06-13,201606133435836,PRIN,5,51,100,1421.0,142100.0
2016-06-13,201606133435754,PURBL,49,41,12,490.0,5880.0
2016-06-13,201606133435431,RBBBL,21,50,140,270.0,37800.0
2016-06-13,201606133435772,REDBL,53,58,500,448.0,224000.0
2016-06-13,201606133435571,REDBL,11,49,250,447.0,111750.0
2016-06-13,201606133435394,RHPC,3,32,12,362.0,4344.0
2016-06-13,201606133435856,RMDC,22,40,26,1160.0,30160.0
2016-06-13,201606133435851,RMDC,41,6,201,1165.0,234165.0
2016-06-13,201606133435834,RMDC,48,33,100,1160.0,116000.0
2016-06-13,201606133435802,RMDC,5,33,500,1158.0,579000.0
2016-06-13,201606133435790,RMDC,34,33,400,1160.0,464000.0
2016-06-13,201606133435770,RMDC,22,43,750,1166.0,874500.0
2016-06-13,201606133435374,RMDC,42,42,200,1150.0,230000.0
2016-06-13,201606133435366,RMDC,33,33,500,1140.0,570000.0
2016-06-13,201606133435414,RMDC,42,53,50,1150.0,57500.0
2016-06-13,201606133435413,RMDC,42,26,50,1150.0,57500.0
2016-06-13,201606133435412,RMDC,42,53,100,1150.0,115000.0
2016-06-13,201606133435411,RMDC,42,53,100,1150.0,115000.0
2016-06-13,201606133435407,RMDC,1,53,50,1140.0,57000.0
2016-06-13,201606133435406,RMDC,7,53,50,1141.0,57050.0
2016-06-13,201606133435552,RMDC,4,14,68,1150.0,78200.0
2016-06-13,201606133435445,RMDC,42,33,200,1150.0,230000.0
2016-06-13,201606133435444,RMDC,14,33,130,1150.0,149500.0
2016-06-13,201606133435434,RMDC,21,33,100,1152.0,115200.0
2016-06-13,201606133435419,RMDC,14,51,20,1150.0,23000.0
2016-06-13,201606133435415,RMDC,14,53,50,1150.0,57500.0
2016-06-13,201606133435730,RMDC,4,7,250,1152.0,288000.0
2016-06-13,201606133435729,RMDC,4,7,250,1152.0,288000.0
2016-06-13,201606133435728,RMDC,11,52,236,1156.0,272816.0
2016-06-13,201606133435725,RMDC,1,21,50,1155.0,57750.0
2016-06-13,201606133435715,RMDC,1,26,50,1155.0,57750.0
2016-06-13,201606133435588,RMDC,4,25,200,1151.0,230200.0
2016-06-13,201606133435769,RMDC,22,40,50,1166.0,58300.0
2016-06-13,201606133435768,RMDC,22,42,200,1165.0,233000.0
2016-06-13,201606133435758,RMDC,22,14,45,1162.0,52290.0
2016-06-13,201606133435757,RMDC,22,52,100,1160.0,116000.0
2016-06-13,201606133435732,RMDC,22,21,94,1160.0,109040.0
2016-06-13,201606133435731,RMDC,22,25,100,1159.0,115900.0
2016-06-13,201606133435482,SAFL,32,13,500,346.0,173000.0
2016-06-13,201606133435364,SAFL,26,21,100,345.0,34500.0
2016-06-13,201606133435853,SAJHA,21,26,10,262.0,2620.0
2016-06-13,201606133435826,SAJHA,29,32,200,267.0,53400.0
2016-06-13,201606133435811,SAJHA,29,35,500,265.0,132500.0
2016-06-13,201606133435792,SAJHA,29,39,142,264.0,37488.0
2016-06-13,201606133435440,SAJHA,51,20,354,260.0,92040.0
2016-06-13,201606133435371,SAJHA,49,39,71,265.0,18815.0
2016-06-13,201606133435755,SANIMA,59,48,300,670.0,201000.0
2016-06-13,201606133435558,SANIMA,17,48,450,670.0,301500.0
2016-06-13,201606133435492,SANIMA,55,48,100,670.0,67000.0
2016-06-13,201606133435491,SANIMA,37,48,400,670.0,268000.0
2016-06-13,201606133435490,SANIMA,33,48,100,671.0,67100.0
2016-06-13,201606133435464,SANIMA,17,48,247,671.0,165737.0
2016-06-13,201606133435450,SANIMA,16,57,500,672.0,336000.0
2016-06-13,201606133435397,SANIMA,17,10,300,671.0,201300.0
2016-06-13,201606133435787,SCB,6,49,17,3380.0,57460.0
2016-06-13,201606133435773,SCB,38,49,18,3380.0,60840.0
2016-06-13,201606133435742,SEWA,42,38,1000,465.0,465000.0
2016-06-13,201606133435697,SEWA,42,26,486,465.0,225990.0
2016-06-13,201606133435611,SEWA,51,58,84,461.0,38724.0
2016-06-13,201606133435609,SEWA,11,58,200,462.0,92400.0
2016-06-13,201606133435543,SEWA,1,41,29,464.0,13456.0
2016-06-13,201606133435542,SEWA,1,34,730,464.0,338720.0
2016-06-13,201606133435610,SIC,22,34,200,2330.0,466000.0
2016-06-13,201606133435420,SIC,48,19,50,2350.0,117500.0
2016-06-13,201606133435688,SICL,50,44,720,3120.0,2246400.0
2016-06-13,201606133435646,SICL,50,44,280,3120.0,873600.0
2016-06-13,201606133435645,SICL,6,44,20,3120.0,62400.0
2016-06-13,201606133435468,SICL,58,58,500,3135.0,1567500.0
2016-06-13,201606133435443,SICL,58,43,261,3135.0,818235.0
2016-06-13,201606133435819,SIGS1,54,43,21000,22.16,465360.0
2016-06-13,201606133435805,SIL,45,45,100,2017.0,201700.0
2016-06-13,201606133435804,SIL,45,14,200,2017.0,403400.0
2016-06-13,201606133435821,SKBBL,35,19,100,2201.0,220100.0
2016-06-13,201606133435737,SKBBL,35,19,150,2203.0,330450.0
2016-06-13,201606133435724,SKBBL,35,26,100,2203.0,220300.0
2016-06-13,201606133435570,SKBBL,35,55,100,2203.0,220300.0
2016-06-13,201606133435569,SKBBL,35,42,500,2200.0,1100000.0
2016-06-13,201606133435568,SKBBL,35,6,50,2193.0,109650.0
2016-06-13,201606133435567,SKBBL,35,11,100,2190.0,219000.0
2016-06-13,201606133435478,SKBBL,34,39,500,2180.0,1090000.0
2016-06-13,201606133435467,SKBBL,57,6,50,2190.0,109500.0
2016-06-13,201606133435396,SKBBL,57,39,100,2182.0,218200.0
2016-06-13,201606133435764,SLBBL,40,10,50,2577.0,128850.0
2016-06-13,201606133435763,SLBBL,40,47,50,2575.0,128750.0
2016-06-13,201606133435762,SLBBL,40,55,60,2574.0,154440.0
2016-06-13,201606133435626,SLBBL,21,17,20,2550.0,51000.0
2016-06-13,201606133435845,SLICL,36,46,170,1060.0,180200.0
2016-06-13,201606133435844,SLICL,17,46,100,1061.0,106100.0
2016-06-13,201606133435843,SLICL,58,46,30,1065.0,31950.0
2016-06-13,201606133435557,SLICL,57,50,194,1065.0,206610.0
2016-06-13,201606133435544,SLICL,40,50,100,1070.0,107000.0
2016-06-13,201606133435539,SLICL,22,11,210,1071.0,224910.0
2016-06-13,201606133435484,SLICL,46,11,290,1071.0,310590.0
2016-06-13,201606133435859,SRBL,6,42,326,646.0,210596.0
2016-06-13,201606133435799,SRBL,33,51,64,645.0,41280.0
2016-06-13,201606133435706,SRBL,26,50,192,645.0,123840.0
2016-06-13,201606133435837,SWBBL,34,33,500,2870.0,1435000.0
2016-06-13,201606133435368,SWBBL,34,16,300,2870.0,861000.0
2016-06-13,201606133435591,SYFL,59,17,500,132.0,66000.0
2016-06-13,201606133435841,TBBL,45,53,300,330.0,99000.0
2016-06-13,201606133435829,TBBL,45,53,300,330.0,99000.0
2016-06-13,201606133435587,TBBL,58,58,1000,326.0,326000.0
2016-06-13,201606133435451,TBBL,21,53,200,330.0,66000.0
2016-06-13,201606133435607,UFIL,29,39,50,232.0,11600.0
2016-06-13,201606133435559,UFIL,29,43,20,232.0,4640.0
2016-06-13,201606133435479,UFIL,29,39,100,228.0,22800.0
2016-06-13,201606133435848,UIC,56,55,100,1510.0,151000.0
2016-06-13,201606133435808,UIC,1,44,60,1515.0,90900.0
2016-06-13,201606133435756,UIC,43,52,100,1514.0,151400.0
2016-06-13,201606133435695,UIC,6,44,500,1515.0,757500.0
2016-06-13,201606133435388,UIC,35,5,50,1517.0,75850.0
2016-06-13,201606133435387,UIC,11,5,100,1517.0,151700.0
2016-06-13,201606133435386,UIC,35,5,50,1517.0,75850.0
2016-06-13,201606133435615,UIC,11,44,100,1515.0,151500.0
2016-06-13,201606133435589,UIC,57,44,100,1515.0,151500.0
2016-06-13,201606133435496,UIC,35,44,100,1515.0,151500.0
2016-06-13,201606133435495,UIC,59,44,100,1515.0,151500.0
2016-06-13,201606133435494,UIC,35,44,50,1517.0,75850.0
2016-06-13,201606133435493,UIC,29,44,150,1517.0,227550.0
2016-06-13,201606133435739,VLBS,28,11,23,1685.0,38755.0
2016-06-13,201606133435738,VLBS,28,36,500,1685.0,842500.0
2016-06-13,201606133435701,VLBS,28,17,218,1652.0,360136.0
2016-06-13,201606133435700,VLBS,28,1,100,1651.0,165100.0
2016-06-13,201606133435699,VLBS,28,17,100,1650.0,165000.0
2016-06-13,201606133435698,VLBS,28,36,200,1648.0,329600.0
2016-06-13,201606133435668,VLBS,7,36,100,1648.0,164800.0
2016-06-13,201606133435639,VLBS,7,36,200,1648.0,329600.0
2016-06-13,201606133435614,VLBS,7,11,33,1647.0,54351.0
2016-06-13,201606133435613,VLBS,7,49,50,1645.0,82250.0
2016-06-13,201606133435850,WOMI,56,52,12,3060.0,36720.0
2016-06-13,201606133435803,WOMI,28,42,12,3090.0,37080.0
2016-06-13,201606133435796,WOMI,28,39,12,3088.0,37056.0
2016-06-13,201606133435795,WOMI,28,38,10,3080.0,30800.0
2016-06-13,201606133435789,WOMI,28,5,12,3080.0,36960.0
2016-06-13,201606133435765,WOMI,41,6,12,3075.0,36900.0
2016-06-13,201606133435392,WOMI,28,49,12,3033.0,36396.0
2016-06-13,201606133435376,WOMI,25,19,12,3035.0,36420.0
2016-06-13,201606133435680,WOMI,41,39,12,3060.0,36720.0
2016-06-13,201606133435678,WOMI,32,10,12,3040.0,36480.0
2016-06-13,201606133435667,WOMI,41,39,12,3060.0,36720.0
2016-06-13,201606133435572,WOMI,32,38,12,3050.0,36600.0
2016-06-13,201606133435538,WOMI,32,14,12,3049.0,36588.0
2016-06-13,201606133435528,WOMI,32,14,12,3049.0,36588.0
2016-06-13,201606133435759,WOMI,41,38,12,3070.0,36840.0
2016-06-13,201606133435733,WOMI,41,34,12,3065.0,36780.0
2016-06-13,201606133435721,WOMI,41,34,12,3065.0,36780.0
2016-06-13,201606133435705,WOMI,41,34,12,3065.0,36780.0
2016-06-13,201606133435694,WOMI,41,39,12,3060.0,36720.0
2016-06-13,201606133435687,WOMI,41,39,12,3060.0,36720.0
2016-06-13,201606133435585,YETI,48,28,150,217.0,32550.0
2016-06-13,201606133435501,YETI,33,39,220,220.0,48400.0
2016-06-13,201606133435500,YETI,33,51,40,220.0,8800.0
2016-06-13,201606133435499,YETI,33,13,1000,220.0,220000.0
2016-06-13,201606133435486,YETI,33,41,661,220.0,145420.0
2016-06-13,201606133431310,ADBL,58,7,552,691.0,381432.0
2016-06-13,201606133431306,ADBL,25,53,100,692.0,69200.0
2016-06-13,201606133431304,ADBL,45,20,200,693.0,138600.0
2016-06-13,201606133431303,ADBL,52,11,75,694.0,52050.0
2016-06-13,201606133431194,ADBL,40,6,155,691.0,107105.0
2016-06-13,201606133431161,ADBL,25,44,1000,698.0,698000.0
2016-06-13,201606133430914,ADBL,48,54,553,700.0,387100.0
2016-06-13,201606133430913,ADBL,48,14,200,699.0,139800.0
2016-06-13,201606133431256,AHPC,17,33,2000,357.0,714000.0
2016-06-13,201606133430997,AHPC,38,41,130,355.0,46150.0
2016-06-13,201606133430902,AHPC,38,49,45,359.0,16155.0
2016-06-13,201606133430954,ALDBL,46,28,500,560.0,280000.0
2016-06-13,201606133430939,ALDBL,45,59,59,555.0,32745.0
2016-06-13,201606133431230,ALICL,49,42,1000,1525.0,1525000.0
2016-06-13,201606133431226,ALICL,32,42,500,1530.0,765000.0
2016-06-13,201606133431225,ALICL,43,42,100,1531.0,153100.0
2016-06-13,201606133431224,ALICL,16,42,500,1545.0,772500.0
2016-06-13,201606133431223,ALICL,28,42,40,1559.0,62360.0
2016-06-13,201606133431175,ALICL,28,20,60,1559.0,93540.0
2016-06-13,201606133431144,ALICL,25,44,1000,1550.0,1550000.0
2016-06-13,201606133431143,ALICL,17,44,1000,1551.0,1551000.0
2016-06-13,201606133431142,ALICL,25,44,500,1553.0,776500.0
2016-06-13,201606133431141,ALICL,39,44,200,1553.0,310600.0
2016-06-13,201606133431140,ALICL,52,44,30,1556.0,46680.0
2016-06-13,201606133430922,ALICL,25,44,1000,1555.0,1555000.0
2016-06-13,201606133431337,API,59,44,22,770.0,16940.0
2016-06-13,201606133431333,API,50,44,196,771.0,151116.0
2016-06-13,201606133431326,API,45,44,800,772.0,617600.0
2016-06-13,201606133431325,API,38,44,100,773.0,77300.0
2016-06-13,201606133431259,API,45,25,200,772.0,154400.0
2016-06-13,201606133431204,API,45,52,1776,777.0,1379952.0
2016-06-13,201606133431187,API,45,8,182,775.0,141050.0
2016-06-13,201606133431059,API,59,41,310,770.0,238700.0
2016-06-13,201606133431056,API,10,49,16,771.0,12336.0
2016-06-13,201606133430888,API,36,49,16,772.0,12352.0
2016-06-13,201606133431238,ARDBL,52,52,1000,301.0,301000.0
2016-06-13,201606133431236,ARDBL,37,1,200,301.0,60200.0
2016-06-13,201606133431050,ARDBL,37,35,50,301.0,15050.0
2016-06-13,201606133431113,BARUN,43,19,10,391.0,3910.0
2016-06-13,201606133431336,BHBL,34,13,100,432.0,43200.0
2016-06-13,201606133431318,BHBL,34,20,2000,431.0,862000.0
2016-06-13,201606133431155,BHBL,58,20,1500,431.0,646500.0
2016-06-13,201606133431209,BPCL,39,14,58,700.0,40600.0
2016-06-13,201606133431199,BPCL,11,14,100,700.0,70000.0
2016-06-13,201606133431198,BPCL,18,14,300,702.0,210600.0
2016-06-13,201606133431197,BPCL,18,14,500,702.0,351000.0
2016-06-13,201606133431196,BPCL,41,14,300,703.0,210900.0
2016-06-13,201606133431305,CCBL,25,7,98,423.0,41454.0
2016-06-13,201606133431208,CCBL,5,26,128,423.0,54144.0
2016-06-13,201606133431195,CCBL,11,6,27,422.0,11394.0
2016-06-13,201606133430911,CCBL,45,42,634,425.0,269450.0
2016-06-13,201606133430905,CCBL,59,51,33,426.0,14058.0
2016-06-13,201606133430887,CCBL,59,29,16,426.0,6816.0
2016-06-13,201606133430882,CCBL,41,4,55,425.0,23375.0
2016-06-13,201606133430864,CCBL,41,51,700,425.0,297500.0
2016-06-13,201606133431317,CHCL,21,22,314,1385.0,434890.0
2016-06-13,201606133431268,CHCL,26,11,100,1385.0,138500.0
2016-06-13,201606133431030,CHCL,28,17,27,1390.0,37530.0
2016-06-13,201606133431311,CZBIL,28,42,1000,570.0,570000.0
2016-06-13,201606133431302,CZBIL,11,34,100,568.0,56800.0
2016-06-13,201606133431263,CZBIL,22,42,500,570.0,285000.0
2016-06-13,201606133430854,CZBIL,19,42,500,570.0,285000.0
2016-06-13,201606133430853,CZBIL,52,42,100,570.0,57000.0
2016-06-13,201606133430852,CZBIL,41,42,100,570.0,57000.0
2016-06-13,201606133430851,CZBIL,34,42,250,572.0,143000.0
2016-06-13,201606133431158,DBBL,18,51,80,250.0,20000.0
2016-06-13,201606133431157,DBBL,59,51,20,255.0,5100.0
2016-06-13,201606133431260,DDBL,44,47,130,3250.0,422500.0
2016-06-13,201606133431218,DDBL,54,47,200,3250.0,650000.0
2016-06-13,201606133431217,DDBL,29,47,100,3250.0,325000.0
2016-06-13,201606133431216,DDBL,28,47,50,3250.0,162500.0
2016-06-13,201606133431165,DDBL,1,59,60,3250.0,195000.0
2016-06-13,201606133431133,DDBL,45,56,60,3260.0,195600.0
2016-06-13,201606133431132,DDBL,52,56,60,3260.0,195600.0
2016-06-13,201606133431131,DDBL,52,56,50,3260.0,163000.0
2016-06-13,201606133431112,DDBL,45,47,70,3265.0,228550.0
2016-06-13,201606133431048,DDBL,7,47,500,3255.0,1627500.0
2016-06-13,201606133431019,DDBL,54,47,100,3260.0,326000.0
2016-06-13,201606133430949,DDBL,34,47,200,3261.0,652200.0
2016-06-13,201606133431339,EBL,41,54,100,3125.0,312500.0
2016-06-13,201606133431319,EBL,43,54,500,3125.0,1562500.0
2016-06-13,201606133431315,EBL,45,58,100,3120.0,312000.0
2016-06-13,201606133431314,EBL,48,58,100,3121.0,312100.0
2016-06-13,201606133430889,EBL,57,58,50,3160.0,158000.0
2016-06-13,201606133430886,EBL,28,58,950,3160.0,3002000.0
2016-06-13,201606133430937,EBL,28,53,50,3150.0,157500.0
2016-06-13,201606133430936,EBL,19,53,100,3150.0,315000.0
2016-06-13,201606133430935,EBL,32,53,100,3155.0,315500.0
2016-06-13,201606133430934,EBL,40,53,100,3156.0,315600.0
2016-06-13,201606133430933,EBL,36,53,50,3160.0,158000.0
2016-06-13,201606133430890,EBL,57,58,50,3173.0,158650.0
2016-06-13,201606133431086,EBL,28,33,170,3150.0,535500.0
2016-06-13,201606133431085,EBL,38,33,100,3151.0,315100.0
2016-06-13,201606133431079,EBL,28,35,100,3150.0,315000.0
2016-06-13,201606133431023,EBL,28,29,100,3150.0,315000.0
2016-06-13,201606133431001,EBL,28,29,280,3150.0,882000.0
2016-06-13,201606133430953,EBL,28,26,300,3150.0,945000.0
2016-06-13,201606133431307,EBL,58,32,100,3122.0,312200.0
2016-06-13,201606133431301,EBL,28,32,1000,3125.0,3125000.0
2016-06-13,201606133431295,EBL,39,32,50,3125.0,156250.0
2016-06-13,201606133431288,EBL,58,32,200,3130.0,626000.0
2016-06-13,201606133431287,EBL,58,32,200,3130.0,626000.0
2016-06-13,201606133431202,EDBL,45,25,100,650.0,65000.0
2016-06-13,201606133431188,FBBL,14,28,56,430.0,24080.0
2016-06-13,201606133431327,FMDBL,45,14,1000,1561.0,1561000.0
2016-06-13,201606133431290,FMDBL,48,58,300,1560.0,468000.0
2016-06-13,201606133431285,FMDBL,36,58,200,1561.0,312200.0
2016-06-13,201606133431283,FMDBL,36,56,300,1561.0,468300.0
2016-06-13,201606133431219,FMDBL,36,43,200,1565.0,313000.0
2016-06-13,201606133431211,FMDBL,36,44,50,1570.0,78500.0
2016-06-13,201606133431206,FMDBL,1,28,100,1568.0,156800.0
2016-06-13,201606133431061,FMDBL,1,46,100,1568.0,156800.0
2016-06-13,201606133430938,FMDBL,26,44,200,1570.0,314000.0
2016-06-13,201606133430867,FMDBL,45,56,50,1589.0,79450.0
2016-06-13,201606133430866,FMDBL,45,56,50,1590.0,79500.0
2016-06-13,201606133430865,FMDBL,44,56,100,1595.0,159500.0
2016-06-13,201606133431344,GBIME,36,54,1000,513.0,513000.0
2016-06-13,201606133431292,GBIME,5,13,500,513.0,256500.0
2016-06-13,201606133431255,GBIME,3,1,738,512.0,377856.0
2016-06-13,201606133431189,GBIME,5,49,54,512.0,27648.0
2016-06-13,201606133431031,GBIME,39,21,169,512.0,86528.0
2016-06-13,201606133431022,GBIME,41,57,85,509.0,43265.0
2016-06-13,201606133430960,GBIME,5,17,14,510.0,7140.0
2016-06-13,201606133430904,GBIME,39,49,54,510.0,27540.0
2016-06-13,201606133430912,GLICL,45,34,1000,910.0,910000.0
2016-06-13,201606133430897,GLICL,36,5,88,911.0,80168.0
2016-06-13,201606133430879,GLICL,22,5,100,915.0,91500.0
2016-06-13,201606133431313,HBL,22,5,100,1515.0,151500.0
2016-06-13,201606133431312,HBL,13,5,30,1515.0,45450.0
2016-06-13,201606133431091,HBL,45,42,135,1520.0,205200.0
2016-06-13,201606133431090,HBL,45,43,50,1519.0,75950.0
2016-06-13,201606133430958,HBL,50,29,200,1516.0,303200.0
2016-06-13,201606133431033,HGI,42,20,50,1427.0,71350.0
2016-06-13,201606133430885,ILFCM,55,45,100,1435.0,143500.0
2016-06-13,201606133431129,JEFL,25,32,200,206.0,41200.0
2016-06-13,201606133431128,JEFL,26,32,400,206.0,82400.0
2016-06-13,201606133431057,JFL,17,47,310,339.0,105090.0
2016-06-13,201606133431335,KDBL,16,49,42,316.0,13272.0
2016-06-13,201606133431324,KDBL,16,8,64,315.0,20160.0
2016-06-13,201606133431309,KDBL,16,17,103,312.0,32136.0
2016-06-13,201606133431267,LBL,33,40,400,790.0,316000.0
2016-06-13,201606133431234,LBL,46,40,300,788.0,236400.0
2016-06-13,201606133431227,LBL,56,40,100,791.0,79100.0
2016-06-13,201606133431193,LBL,56,6,750,791.0,593250.0
2016-06-13,201606133431192,LBL,22,6,100,791.0,79100.0
2016-06-13,201606133430893,LBL,47,26,10,795.0,7950.0
2016-06-13,201606133430892,LBL,55,26,100,797.0,79700.0
2016-06-13,201606133430891,LBL,10,26,100,797.0,79700.0
2016-06-13,201606133430968,LBL,17,42,1000,791.0,791000.0
2016-06-13,201606133430967,LBL,59,42,10,793.0,7930.0
2016-06-13,201606133430966,LBL,59,42,200,794.0,158800.0
2016-06-13,201606133430965,LBL,59,42,20,795.0,15900.0
2016-06-13,201606133430915,LBL,59,26,80,795.0,63600.0
2016-06-13,201606133430894,LBL,1,26,150,795.0,119250.0
2016-06-13,201606133431185,LBL,48,6,100,791.0,79100.0
2016-06-13,201606133430973,LBL,29,42,970,790.0,766300.0
2016-06-13,201606133430972,LBL,51,42,2500,790.0,1975000.0
2016-06-13,201606133430971,LBL,19,42,100,790.0,79000.0
2016-06-13,201606133430970,LBL,38,42,100,790.0,79000.0
2016-06-13,201606133430969,LBL,57,42,100,790.0,79000.0
2016-06-13,201606133431332,LGIL,33,14,400,1350.0,540000.0
2016-06-13,201606133431329,LICN,17,53,100,3516.0,351600.0
2016-06-13,201606133431162,LICN,5,52,44,3515.0,154660.0
2016-06-13,201606133430918,LICN,17,53,200,3516.0,703200.0
2016-06-13,201606133431328,MEGA,55,49,150,520.0,78000.0
2016-06-13,201606133431300,MEGA,26,18,35,515.0,18025.0
2016-06-13,201606133431298,MEGA,55,43,135,520.0,70200.0
2016-06-13,201606133431297,MEGA,55,45,500,520.0,260000.0
2016-06-13,201606133431286,MEGA,22,21,200,518.0,103600.0
2016-06-13,201606133431274,MEGA,42,49,100,520.0,52000.0
2016-06-13,201606133430975,MEGA,35,57,500,520.0,260000.0
2016-06-13,201606133430974,MEGA,35,59,10,520.0,5200.0
2016-06-13,201606133430910,MEGA,1,4,45,518.0,23310.0
2016-06-13,201606133430857,MEGA,1,4,24,519.0,12456.0
2016-06-13,201606133431243,MEGA,39,26,83,519.0,43077.0
2016-06-13,201606133431242,MEGA,39,6,117,518.0,60606.0
2016-06-13,201606133431228,MEGA,46,36,12,516.0,6192.0
2016-06-13,201606133431150,MEGA,39,56,32,517.0,16544.0
2016-06-13,201606133431126,MEGA,5,49,50,520.0,26000.0
2016-06-13,201606133431072,MEGA,32,29,300,518.0,155400.0
2016-06-13,201606133431205,MFIL,6,26,150,338.0,50700.0
2016-06-13,201606133431201,MFIL,52,49,200,340.0,68000.0
2016-06-13,201606133431200,MFIL,37,49,100,340.0,34000.0
2016-06-13,201606133431166,MFIL,6,17,100,341.0,34100.0
2016-06-13,201606133431006,MFIL,49,49,100,343.0,34300.0
2016-06-13,201606133430988,MFIL,49,49,30,343.0,10290.0
2016-06-13,201606133430987,MFIL,49,29,120,340.0,40800.0
2016-06-13,201606133430898,MFIL,37,49,900,340.0,306000.0
2016-06-13,201606133430896,MFIL,14,49,500,340.0,170000.0
2016-06-13,201606133430878,MFIL,52,49,300,340.0,102000.0
2016-06-13,201606133431265,MNBBL,11,34,100,1200.0,120000.0
2016-06-13,201606133430961,MNBBL,48,22,200,1200.0,240000.0
2016-06-13,201606133430856,MNBBL,41,43,100,1200.0,120000.0
2016-06-13,201606133430855,MNBBL,41,43,140,1200.0,168000.0
2016-06-13,201606133431258,MSBBL,32,26,100,385.0,38500.0
2016-06-13,201606133431251,NABIL,21,17,400,2325.0,930000.0
2016-06-13,201606133431250,NABIL,22,17,100,2330.0,233000.0
2016-06-13,201606133431249,NABIL,38,17,150,2330.0,349500.0
2016-06-13,201606133431248,NABIL,32,17,80,2332.0,186560.0
2016-06-13,201606133430998,NABIL,32,29,20,2332.0,46640.0
2016-06-13,201606133430989,NABIL,51,4,100,2333.0,233300.0
2016-06-13,201606133430873,NABIL,13,17,450,2340.0,1053000.0
2016-06-13,201606133431323,NABILP,17,57,300,1754.0,526200.0
2016-06-13,201606133431322,NABILP,17,42,600,1750.0,1050000.0
2016-06-13,201606133431231,NABILP,40,56,41,1740.0,71340.0
2016-06-13,201606133431340,NBB,20,25,100,869.0,86900.0
2016-06-13,201606133431296,NBB,1,25,100,869.0,86900.0
2016-06-13,201606133431220,NBB,28,44,200,870.0,174000.0
2016-06-13,201606133431164,NBB,10,49,500,860.0,430000.0
2016-06-13,201606133431135,NBB,54,59,20,852.0,17040.0
2016-06-13,201606133431117,NBB,57,59,200,852.0,170400.0
2016-06-13,201606133430982,NBB,22,25,100,865.0,86500.0
2016-06-13,201606133430981,NBB,36,25,200,865.0,173000.0
2016-06-13,201606133430944,NBB,28,18,62,865.0,53630.0
2016-06-13,201606133430994,NBB,28,56,20,863.0,17260.0
2016-06-13,201606133430993,NBB,39,56,500,863.0,431500.0
2016-06-13,201606133430992,NBB,39,56,50,863.0,43150.0
2016-06-13,201606133430991,NBB,56,56,300,864.0,259200.0
2016-06-13,201606133430990,NBB,32,56,130,865.0,112450.0
2016-06-13,201606133430983,NBB,36,25,50,865.0,43250.0
2016-06-13,201606133431043,NBB,32,43,130,865.0,112450.0
2016-06-13,201606133431042,NBB,7,43,100,865.0,86500.0
2016-06-13,201606133431041,NBB,28,43,180,865.0,155700.0
2016-06-13,201606133431032,NBB,10,56,269,865.0,232685.0
2016-06-13,201606133431004,NBB,28,17,300,865.0,259500.0
2016-06-13,201606133431002,NBB,10,48,1345,865.0,1163425.0
2016-06-13,201606133431066,NBB,11,34,100,860.0,86000.0
2016-06-13,201606133431065,NBB,54,34,10,861.0,8610.0
2016-06-13,201606133431064,NBB,11,45,62,860.0,53320.0
2016-06-13,201606133431046,NBB,54,43,990,861.0,852390.0
2016-06-13,201606133431045,NBB,6,43,200,861.0,172200.0
2016-06-13,201606133431044,NBB,17,43,500,862.0,431000.0
2016-06-13,201606133431097,NBB,28,46,100,855.0,85500.0
2016-06-13,201606133431096,NBB,22,46,200,855.0,171000.0
2016-06-13,201606133431082,NBB,20,55,319,868.0,276892.0
2016-06-13,201606133431081,NBB,20,34,170,860.0,146200.0
2016-06-13,201606133431068,NBB,3,34,100,860.0,86000.0
2016-06-13,201606133431067,NBB,38,34,120,860.0,103200.0
2016-06-13,201606133431104,NBB,13,59,50,852.0,42600.0
2016-06-13,201606133431103,NBB,49,59,100,852.0,85200.0
2016-06-13,201606133431102,NBB,16,59,100,852.0,85200.0
2016-06-13,201606133431101,NBB,11,59,150,853.0,127950.0
2016-06-13,201606133431100,NBB,7,59,100,855.0,85500.0
2016-06-13,201606133431098,NBB,7,46,200,855.0,171000.0
2016-06-13,201606133431111,NBB,57,59,100,852.0,85200.0
2016-06-13,201606133431109,NBB,32,59,100,852.0,85200.0
2016-06-13,201606133431108,NBB,21,59,500,852.0,426000.0
2016-06-13,201606133431107,NBB,49,59,530,852.0,451560.0
2016-06-13,201606133431106,NBB,26,59,300,852.0,255600.0
2016-06-13,201606133431105,NBB,13,59,50,852.0,42600.0
2016-06-13,201606133431269,NBL,28,47,3474,475.0,1650150.0
2016-06-13,201606133431213,NBL,28,42,300,475.0,142500.0
2016-06-13,201606133431159,NBL,36,7,300,478.0,143400.0
2016-06-13,201606133431080,NBL,36,13,100,478.0,47800.0
2016-06-13,201606133431026,NBL,19,47,200,480.0,96000.0
2016-06-13,201606133430895,NBL,6,47,500,480.0,240000.0
2016-06-13,201606133431320,NCDB,17,3,20,300.0,6000.0
2016-06-13,201606133431266,NCDB,13,3,50,295.0,14750.0
2016-06-13,201606133431294,NCM,58,47,160,511.0,81760.0
2016-06-13,201606133431278,NCM,40,32,100,517.0,51700.0
2016-06-13,201606133431052,NCM,58,48,700,511.0,357700.0
2016-06-13,201606133431037,NCM,26,28,100,512.0,51200.0
2016-06-13,201606133430874,NCM,26,54,100,512.0,51200.0
2016-06-13,201606133431183,NHPC,14,28,150,196.0,29400.0
2016-06-13,201606133431078,NHPC,28,17,1200,198.0,237600.0
2016-06-13,201606133431077,NHPC,28,32,1000,197.0,197000.0
2016-06-13,201606133431076,NHPC,28,45,800,196.0,156800.0
2016-06-13,201606133430872,NHPC,32,8,2000,195.0,390000.0
2016-06-13,201606133430871,NHPC,38,8,500,195.0,97500.0
2016-06-13,201606133430870,NHPC,40,8,3000,196.0,588000.0
2016-06-13,201606133431282,NIB,47,54,50,1065.0,53250.0
2016-06-13,201606133431281,NIB,22,54,50,1065.0,53250.0
2016-06-13,201606133431280,NIB,39,54,100,1065.0,106500.0
2016-06-13,201606133431279,NIB,45,54,100,1070.0,107000.0
2016-06-13,201606133431184,NIB,22,7,150,1065.0,159750.0
2016-06-13,201606133431271,NIBPO,1,59,75,930.0,69750.0
2016-06-13,201606133431277,NICA,52,56,150,761.0,114150.0
2016-06-13,201606133431276,NICA,37,56,260,761.0,197860.0
2016-06-13,201606133431275,NICA,32,56,80,762.0,60960.0
2016-06-13,201606133431174,NICA,37,1,40,761.0,30440.0
2016-06-13,201606133431040,NICA,52,44,41,761.0,31201.0
2016-06-13,201606133431024,NICA,21,44,41,762.0,31242.0
2016-06-13,201606133430955,NICA,21,17,100,762.0,76200.0
2016-06-13,201606133430923,NICA,22,51,450,764.0,343800.0
2016-06-13,201606133430884,NICA,19,51,500,764.0,382000.0
2016-06-13,201606133431212,NICL,35,7,18,1177.0,21186.0
2016-06-13,201606133431148,NICL,32,32,100,1201.0,120100.0
2016-06-13,201606133431147,NICL,32,32,100,1201.0,120100.0
2016-06-13,201606133431146,NICL,38,32,100,1201.0,120100.0
2016-06-13,201606133431088,NICL,21,48,10,1215.0,12150.0
2016-06-13,201606133431264,NLICL,21,5,50,3100.0,155000.0
2016-06-13,201606133431095,NLICL,8,13,100,3100.0,310000.0
2016-06-13,201606133431094,NLICL,58,13,300,3110.0,933000.0
2016-06-13,201606133431093,NLICL,52,13,20,3115.0,62300.0
2016-06-13,201606133431321,NMB,33,47,500,715.0,357500.0
2016-06-13,201606133431261,NMB,55,52,100,715.0,71500.0
2016-06-13,201606133431149,NMB,25,6,1000,714.0,714000.0
2016-06-13,201606133431055,NMB,33,17,720,715.0,514800.0
2016-06-13,201606133431016,NMB,33,17,500,715.0,357500.0
2016-06-13,201606133431015,NMB,50,17,480,715.0,343200.0
2016-06-13,201606133430996,NMB,33,39,300,718.0,215400.0
2016-06-13,201606133430883,NMB,50,18,500,715.0,357500.0
2016-06-13,201606133430863,NMB,50,53,20,715.0,14300.0
2016-06-13,201606133430862,NMB,33,53,180,715.0,128700.0
2016-06-13,201606133430861,NMB,46,53,100,715.0,71500.0
2016-06-13,201606133431028,NMBSF1,43,42,1957,12.65,24756.05
2016-06-13,201606133430946,NMBSF1,43,42,4000,12.65,50600.0
2016-06-13,201606133431345,NNLB,49,37,20,1594.0,31880.0
2016-06-13,201606133431181,PADBL,18,57,219,443.0,97017.0
2016-06-13,201606133431012,PADBL,16,57,263,441.0,115983.0
2016-06-13,201606133431343,PCBL,25,56,150,707.0,106050.0
2016-06-13,201606133431293,PCBL,22,37,100,706.0,70600.0
2016-06-13,201606133431284,PCBL,19,49,85,708.0,60180.0
2016-06-13,201606133431169,PCBL,38,56,33,706.0,23298.0
2016-06-13,201606133430945,PCBL,8,6,1891,701.0,1325591.0
2016-06-13,201606133431118,PIC,53,10,300,1900.0,570000.0
2016-06-13,201606133431017,PIC,48,5,100,1900.0,190000.0
2016-06-13,201606133430985,PIC,48,56,150,1900.0,285000.0
2016-06-13,201606133430984,PIC,48,14,100,1900.0,190000.0
2016-06-13,201606133431172,PICL,17,57,350,1400.0,490000.0
2016-06-13,201606133431075,PICL,17,52,500,1400.0,700000.0
2016-06-13,201606133431038,PICL,32,45,300,1380.0,414000.0
2016-06-13,201606133431027,PICL,49,56,19,1380.0,26220.0
2016-06-13,201606133431014,PICL,49,56,180,1380.0,248400.0
2016-06-13,201606133431013,PICL,49,56,200,1385.0,277000.0
2016-06-13,201606133430858,PICL,58,45,705,1400.0,987000.0
2016-06-13,201606133431071,PLIC,53,49,190,1900.0,361000.0
2016-06-13,201606133431070,PLIC,21,49,250,1900.0,475000.0
2016-06-13,201606133431069,PLIC,21,49,60,1900.0,114000.0
2016-06-13,201606133431047,PLIC,21,58,90,1900.0,171000.0
2016-06-13,201606133431000,PLIC,21,26,100,1900.0,190000.0
2016-06-13,201606133430963,PLIC,39,56,80,1901.0,152080.0
2016-06-13,201606133430921,PLIC,39,56,100,1901.0,190100.0
2016-06-13,201606133430920,PLIC,53,56,200,1905.0,381000.0
2016-06-13,201606133430919,PLIC,49,56,20,1910.0,38200.0
2016-06-13,201606133431347,PRIN,38,41,250,1402.0,350500.0
2016-06-13,201606133431299,PRIN,6,26,43,1403.0,60329.0
2016-06-13,201606133431049,RBBBL,21,42,10,270.0,2700.0
2016-06-13,201606133430986,RBBBL,21,42,10,270.0,2700.0
2016-06-13,201606133431245,REDBL,35,56,100,440.0,44000.0
2016-06-13,201606133431244,REDBL,38,56,400,440.0,176000.0
2016-06-13,201606133431160,REDBL,41,40,19,442.0,8398.0
2016-06-13,201606133431138,REDBL,42,26,115,448.0,51520.0
2016-06-13,201606133431123,REDBL,41,40,150,442.0,66300.0
2016-06-13,201606133431122,REDBL,1,40,500,444.0,222000.0
2016-06-13,201606133431009,REDBL,49,49,100,450.0,45000.0
2016-06-13,201606133431008,REDBL,25,49,200,450.0,90000.0
2016-06-13,201606133431007,REDBL,11,49,130,450.0,58500.0
2016-06-13,201606133430964,REDBL,1,43,158,450.0,71100.0
2016-06-13,201606133431121,REDBL,46,40,200,445.0,89000.0
2016-06-13,201606133431120,REDBL,6,40,50,447.0,22350.0
2016-06-13,201606133431119,REDBL,6,40,100,447.0,44700.0
2016-06-13,201606133431034,REDBL,22,49,200,450.0,90000.0
2016-06-13,201606133431011,REDBL,41,49,100,450.0,45000.0
2016-06-13,201606133431010,REDBL,1,49,500,450.0,225000.0
2016-06-13,201606133431350,RMDC,57,33,150,1090.0,163500.0
2016-06-13,201606133431349,RMDC,57,54,400,1089.0,435600.0
2016-06-13,201606133431247,RMDC,33,33,350,1090.0,381500.0
2016-06-13,201606133431246,RMDC,33,52,150,1090.0,163500.0
2016-06-13,201606133431171,RMDC,7,43,300,1085.0,325500.0
2016-06-13,201606133431170,RMDC,52,43,100,1086.0,108600.0
2016-06-13,201606133430860,RMDC,1,39,175,1102.0,192850.0
2016-06-13,201606133430901,RMDC,36,53,150,1100.0,165000.0
2016-06-13,201606133430881,RMDC,1,6,250,1104.0,276000.0
2016-06-13,201606133430880,RMDC,1,26,250,1103.0,275750.0
2016-06-13,201606133430876,RMDC,36,43,100,1100.0,110000.0
2016-06-13,201606133430869,RMDC,1,51,56,1102.0,61712.0
2016-06-13,201606133430868,RMDC,1,51,650,1102.0,716300.0
2016-06-13,201606133431054,RMDC,36,40,308,1086.0,334488.0
2016-06-13,201606133431036,RMDC,52,40,100,1090.0,109000.0
2016-06-13,201606133431025,RMDC,7,40,300,1092.0,327600.0
2016-06-13,201606133430909,RMDC,1,47,50,1105.0,55250.0
2016-06-13,201606133430908,RMDC,1,52,200,1105.0,221000.0
2016-06-13,201606133430907,RMDC,1,6,50,1104.0,55200.0
2016-06-13,201606133430900,SAFL,16,48,500,340.0,170000.0
2016-06-13,201606133431316,SANIMA,18,42,200,667.0,133400.0
2016-06-13,201606133431291,SANIMA,52,42,350,667.0,233450.0
2016-06-13,201606133431273,SANIMA,52,42,200,667.0,133400.0
2016-06-13,201606133431272,SANIMA,22,42,500,667.0,333500.0
2016-06-13,201606133431173,SANIMA,52,42,200,667.0,133400.0
2016-06-13,201606133430943,SANIMA,37,14,100,665.0,66500.0
2016-06-13,201606133430877,SANIMA,17,53,374,670.0,250580.0
2016-06-13,201606133430929,SANIMA,17,42,200,667.0,133400.0
2016-06-13,201606133430928,SANIMA,37,42,500,667.0,333500.0
2016-06-13,201606133430927,SANIMA,41,42,100,670.0,67000.0
2016-06-13,201606133430926,SANIMA,17,42,500,670.0,335000.0
2016-06-13,201606133430925,SANIMA,17,42,50,670.0,33500.0
2016-06-13,201606133430924,SANIMA,34,42,200,671.0,134200.0
2016-06-13,201606133431348,SBI,55,54,180,1775.0,319500.0
2016-06-13,201606133431342,SBI,45,54,720,1775.0,1278000.0
2016-06-13,201606133431341,SBI,36,54,100,1776.0,177600.0
2016-06-13,201606133431168,SBI,45,53,50,1775.0,88750.0
2016-06-13,201606133431151,SBI,45,53,30,1775.0,53250.0
2016-06-13,201606133431137,SBI,45,53,100,1775.0,177500.0
2016-06-13,201606133431130,SBI,45,53,100,1775.0,177500.0
2016-06-13,201606133431087,SBI,45,17,600,1790.0,1074000.0
2016-06-13,201606133431089,SCB,45,32,106,3375.0,357750.0
2016-06-13,201606133431084,SCB,45,32,290,3375.0,978750.0
2016-06-13,201606133431053,SCB,35,32,210,3400.0,714000.0
2016-06-13,201606133430979,SCB,22,36,20,3415.0,68300.0
2016-06-13,201606133430978,SCB,19,36,100,3415.0,341500.0
2016-06-13,201606133430952,SCB,54,53,470,3416.0,1605520.0
2016-06-13,201606133430950,SCB,54,56,10,3416.0,34160.0
2016-06-13,201606133430942,SCB,54,56,20,3416.0,68320.0
2016-06-13,201606133430941,SCB,6,56,50,3417.0,170850.0
2016-06-13,201606133430859,SCB,6,46,218,3420.0,745560.0
2016-06-13,201606133431254,SEWA,41,56,150,464.0,69600.0
2016-06-13,201606133431241,SEWA,1,56,250,464.0,116000.0
2016-06-13,201606133431240,SEWA,19,56,100,465.0,46500.0
2016-06-13,201606133431229,SEWA,1,39,50,464.0,23200.0
2016-06-13,201606133431154,SEWA,52,45,245,470.0,115150.0
2016-06-13,201606133430899,SEWA,41,34,50,472.0,23600.0
2016-06-13,201606133431060,SHL,43,54,350,377.0,131950.0
2016-06-13,201606133431346,SHPC,51,28,18,869.0,15642.0
2016-06-13,201606133431334,SHPC,51,21,48,868.0,41664.0
2016-06-13,201606133431239,SICL,14,54,400,3100.0,1240000.0
2016-06-13,201606133431237,SICL,14,38,25,3090.0,77250.0
2016-06-13,201606133431222,SICL,58,54,500,3100.0,1550000.0
2016-06-13,201606133431221,SICL,32,54,100,3106.0,310600.0
2016-06-13,201606133431215,SICL,50,14,300,3110.0,933000.0
2016-06-13,201606133431214,SICL,58,14,100,3110.0,311000.0
2016-06-13,201606133430962,SICL,50,28,75,3110.0,233250.0
2016-06-13,201606133430957,SICL,58,33,500,3145.0,1572500.0
2016-06-13,201606133430956,SICL,58,32,210,3144.0,660240.0
2016-06-13,201606133430947,SICL,58,14,241,3140.0,756740.0
2016-06-13,201606133430917,SICL,14,14,100,3130.0,313000.0
2016-06-13,201606133430916,SICL,14,42,300,3130.0,939000.0
2016-06-13,201606133431262,SIL,49,49,200,2049.0,409800.0
2016-06-13,201606133431235,SIL,49,28,12,2040.0,24480.0
2016-06-13,201606133431233,SIL,49,49,100,2039.0,203900.0
2016-06-13,201606133430977,SIL,20,44,100,2050.0,205000.0
2016-06-13,201606133430976,SIL,54,44,200,2051.0,410200.0
2016-06-13,201606133430906,SIL,55,39,50,2060.0,103000.0
2016-06-13,201606133431308,SINDU,38,6,250,530.0,132500.0
2016-06-13,201606133431253,SINDU,38,58,250,530.0,132500.0
2016-06-13,201606133431207,SINDU,16,1,200,535.0,107000.0
2016-06-13,201606133431203,SINDU,38,56,500,530.0,265000.0
2016-06-13,201606133431163,SINDU,35,41,800,530.0,424000.0
2016-06-13,201606133431156,SINDU,35,41,200,530.0,106000.0
2016-06-13,201606133431134,SINDU,35,41,100,537.0,53700.0
2016-06-13,201606133431029,SINDU,35,52,500,537.0,268500.0
2016-06-13,201606133430931,SINDU,35,25,100,527.0,52700.0
2016-06-13,201606133431331,SKBBL,36,56,250,2050.0,512500.0
2016-06-13,201606133431330,SKBBL,49,56,50,2050.0,102500.0
2016-06-13,201606133431210,SKBBL,6,11,12,2051.0,24612.0
2016-06-13,201606133431190,SKBBL,50,11,50,2070.0,103500.0
2016-06-13,201606133430930,SKBBL,1,58,50,2091.0,104550.0
2016-06-13,201606133431270,SRBL,46,34,100,642.0,64200.0
2016-06-13,201606133431145,SRBL,28,34,500,649.0,324500.0
2016-06-13,201606133431125,SRBL,28,29,438,649.0,284262.0
2016-06-13,201606133431124,SRBL,28,6,100,647.0,64700.0
2016-06-13,201606133431099,SRBL,28,34,1000,648.0,648000.0
2016-06-13,201606133430951,SRBL,17,59,204,648.0,132192.0
2016-06-13,201606133430948,SRBL,17,43,69,648.0,44712.0
2016-06-13,201606133430940,SRBL,17,21,136,645.0,87720.0
2016-06-13,201606133431092,UFCL,39,5,500,136.0,68000.0
2016-06-13,201606133431191,UIC,50,41,100,1500.0,150000.0
2016-06-13,201606133431180,UIC,41,56,70,1510.0,105700.0
2016-06-13,201606133431179,UIC,41,56,200,1510.0,302000.0
2016-06-13,201606133431178,UIC,58,56,80,1510.0,120800.0
2016-06-13,201606133431177,UIC,22,56,50,1511.0,75550.0
2016-06-13,201606133431176,UIC,32,56,50,1511.0,75550.0
2016-06-13,201606133431062,UIC,44,26,1000,1501.0,1501000.0
2016-06-13,201606133431152,UNL,28,42,100,34500.0,3450000.0
2016-06-13,201606133431289,VLBS,40,11,90,1570.0,141300.0
2016-06-13,201606133431257,WOMI,36,42,12,3020.0,36240.0
2016-06-13,201606133431186,WOMI,11,42,12,3020.0,36240.0
2016-06-13,201606133431167,WOMI,36,42,12,3020.0,36240.0
2016-06-13,201606133431153,WOMI,36,17,12,3000.0,36000.0
2016-06-13,201606133431139,WOMI,18,44,12,3000.0,36000.0
2016-06-13,201606133431136,WOMI,18,44,12,3000.0,36000.0
2016-06-13,201606133430903,WOMI,26,50,12,2951.0,35412.0
2016-06-13,201606133430875,WOMI,5,22,12,2952.0,35424.0
2016-06-13,201606133431035,WOMI,36,36,12,2960.0,35520.0
2016-06-13,201606133431018,WOMI,36,32,12,3000.0,36000.0
2016-06-13,201606133431005,WOMI,18,36,12,2960.0,35520.0
2016-06-13,201606133431003,WOMI,36,14,12,2995.0,35940.0
2016-06-13,201606133430995,WOMI,8,36,12,2960.0,35520.0
2016-06-13,201606133430980,WOMI,52,52,12,2960.0,35520.0
2016-06-13,201606133431074,WOMI,36,17,12,3000.0,36000.0
2016-06-13,201606133431073,WOMI,36,17,12,3000.0,36000.0
2016-06-13,201606133431063,WOMI,36,17,12,3000.0,36000.0
2016-06-13,201606133431058,WOMI,36,32,10,3000.0,30000.0
2016-06-13,201606133431051,WOMI,36,36,12,2960.0,35520.0
2016-06-13,201606133431039,WOMI,32,36,12,2960.0,35520.0
2016-06-13,201606133431127,WOMI,36,50,12,3000.0,36000.0
2016-06-13,201606133431116,WOMI,18,22,12,3000.0,36000.0
2016-06-13,201606133431115,WOMI,36,22,12,3000.0,36000.0
2016-06-13,201606133431114,WOMI,18,22,12,2999.0,35988.0
2016-06-13,201606133431110,WOMI,36,22,12,3000.0,36000.0
2016-06-13,201606133431083,WOMI,36,43,12,2999.0,35988.0
2016-06-13,201606133431252,YETI,14,11,50,215.0,10750.0
2016-06-13,201606133430999,YETI,14,42,30,215.0,6450.0
2016-06-13,201606133430932,YETI,33,49,11,216.0,2376.0
2016-06-13,201606133431827,ACEDBL,29,49,200,380.0,76000.0
2016-06-13,201606133431443,ACEDBL,10,46,500,381.0,190500.0
2016-06-13,201606133431685,ADBL,51,6,96,686.0,65856.0
2016-06-13,201606133431593,ADBL,51,58,280,686.0,192080.0
2016-06-13,201606133431592,ADBL,51,58,500,686.0,343000.0
2016-06-13,201606133431591,ADBL,39,58,120,687.0,82440.0
2016-06-13,201606133431548,ADBL,39,45,74,688.0,50912.0
2016-06-13,201606133431478,ADBL,55,45,96,686.0,65856.0
2016-06-13,201606133431454,ADBL,55,17,370,686.0,253820.0
2016-06-13,201606133431453,ADBL,55,17,50,690.0,34500.0
2016-06-13,201606133431452,ADBL,25,17,50,692.0,34600.0
2016-06-13,201606133431402,ADBL,51,17,53,690.0,36570.0
2016-06-13,201606133431847,AHPC,19,6,270,356.0,96120.0
2016-06-13,201606133431834,AHPC,16,6,300,356.0,106800.0
2016-06-13,201606133431770,ALICL,7,22,16,1531.0,24496.0
2016-06-13,201606133431663,ALICL,51,22,15,1531.0,22965.0
2016-06-13,201606133431656,ALICL,7,22,13,1537.0,19981.0
2016-06-13,201606133431725,API,6,25,16,765.0,12240.0
2016-06-13,201606133431678,API,25,57,26,753.0,19578.0
2016-06-13,201606133431517,API,22,34,76,765.0,58140.0
2016-06-13,201606133431477,API,25,39,100,768.0,76800.0
2016-06-13,201606133431423,API,41,37,33,770.0,25410.0
2016-06-13,201606133431391,API,38,25,16,770.0,12320.0
2016-06-13,201606133431485,BPCL,22,8,300,700.0,210000.0
2016-06-13,201606133431620,CBBL,36,54,50,2100.0,105000.0
2016-06-13,201606133431606,CBBL,36,54,100,2100.0,210000.0
2016-06-13,201606133431579,CBBL,21,54,300,2100.0,630000.0
2016-06-13,201606133431578,CBBL,36,54,200,2110.0,422000.0
2016-06-13,201606133431577,CBBL,32,54,100,2111.0,211100.0
2016-06-13,201606133431576,CBBL,28,54,50,2115.0,105750.0
2016-06-13,201606133431502,CBBL,36,32,87,2135.0,185745.0
2016-06-13,201606133431752,CCBL,42,4,250,421.0,105250.0
2016-06-13,201606133431709,CCBL,42,53,150,421.0,63150.0
2016-06-13,201606133431671,CCBL,45,42,13,421.0,5473.0
2016-06-13,201606133431449,CCBL,41,49,130,423.0,54990.0
2016-06-13,201606133431437,CCBL,41,21,86,424.0,36464.0
2016-06-13,201606133431432,CCBL,41,17,48,423.0,20304.0
2016-06-13,201606133431580,CHCL,21,25,20,1381.0,27620.0
2016-06-13,201606133431506,CHCL,13,8,100,1385.0,138500.0
2016-06-13,201606133431369,CHCL,13,8,200,1385.0,277000.0
2016-06-13,201606133431368,CHCL,26,8,100,1385.0,138500.0
2016-06-13,201606133431634,CZBIL,45,37,100,571.0,57100.0
2016-06-13,201606133431601,CZBIL,55,57,100,570.0,57000.0
2016-06-13,201606133431600,CZBIL,55,42,1000,570.0,570000.0
2016-06-13,201606133431544,CZBIL,13,42,200,566.0,113200.0
2016-06-13,201606133431543,CZBIL,48,42,500,566.0,283000.0
2016-06-13,201606133431542,CZBIL,29,42,200,567.0,113400.0
2016-06-13,201606133431360,CZBIL,17,55,10,570.0,5700.0
2016-06-13,201606133431359,CZBIL,17,42,150,570.0,85500.0
2016-06-13,201606133431541,CZBIL,18,42,100,567.0,56700.0
2016-06-13,201606133431491,CZBIL,18,14,400,567.0,226800.0
2016-06-13,201606133431490,CZBIL,55,14,100,567.0,56700.0
2016-06-13,201606133431489,CZBIL,11,14,400,568.0,227200.0
2016-06-13,201606133431473,CZBIL,6,41,142,570.0,80940.0
2016-06-13,201606133431361,CZBIL,17,41,1000,570.0,570000.0
2016-06-13,201606133431422,DBBL,10,6,500,255.0,127500.0
2016-06-13,201606133431421,DBBL,10,51,50,255.0,12750.0
2016-06-13,201606133431835,DDBL,57,47,40,3255.0,130200.0
2016-06-13,201606133431822,DDBL,57,47,20,3255.0,65100.0
2016-06-13,201606133431810,DDBL,57,47,40,3255.0,130200.0
2016-06-13,201606133431788,DDBL,57,47,50,3255.0,162750.0
2016-06-13,201606133431767,DDBL,57,22,200,3255.0,651000.0
2016-06-13,201606133431682,DDBL,20,47,11,3260.0,35860.0
2016-06-13,201606133431486,DDBL,57,47,10,3260.0,32600.0
2016-06-13,201606133431410,DDBL,57,56,130,3260.0,423800.0
2016-06-13,201606133431667,DDBL,20,47,10,3260.0,32600.0
2016-06-13,201606133431645,DDBL,20,47,10,3260.0,32600.0
2016-06-13,201606133431639,DDBL,20,47,10,3260.0,32600.0
2016-06-13,201606133431547,DDBL,50,44,50,3298.0,164900.0
2016-06-13,201606133431516,DDBL,57,47,10,3260.0,32600.0
2016-06-13,201606133431496,DDBL,57,47,10,3260.0,32600.0
2016-06-13,201606133431817,EBL,57,32,270,3150.0,850500.0
2016-06-13,201606133431816,EBL,57,33,30,3150.0,94500.0
2016-06-13,201606133431789,EBL,57,59,104,3149.0,327496.0
2016-06-13,201606133431704,EBL,5,34,81,3133.0,253773.0
2016-06-13,201606133431683,EBL,56,11,50,3140.0,157000.0
2016-06-13,201606133431619,EBL,36,57,152,3140.0,477280.0
2016-06-13,201606133431420,EBL,28,54,200,3125.0,625000.0
2016-06-13,201606133431373,EBL,6,54,300,3125.0,937500.0
2016-06-13,201606133431352,EBL,45,32,24,3120.0,74880.0
2016-06-13,201606133431574,EBL,28,54,350,3125.0,1093750.0
2016-06-13,201606133431566,EBL,56,54,50,3125.0,156250.0
2016-06-13,201606133431565,EBL,56,35,20,3124.0,62480.0
2016-06-13,201606133431618,EBLCP,10,10,90,1598.0,143820.0
2016-06-13,201606133431570,EBLCP,10,10,10,1630.0,16300.0
2016-06-13,201606133431403,EIC,41,25,35,1950.0,68250.0
2016-06-13,201606133431733,FMDBL,45,43,400,1575.0,630000.0
2016-06-13,201606133431727,FMDBL,58,17,200,1570.0,314000.0
2016-06-13,201606133431706,FMDBL,45,43,150,1570.0,235500.0
2016-06-13,201606133431643,FMDBL,58,33,1000,1575.0,1575000.0
2016-06-13,201606133431596,FMDBL,21,44,250,1570.0,392500.0
2016-06-13,201606133431589,FMDBL,45,56,66,1568.0,103488.0
2016-06-13,201606133431584,FMDBL,36,26,100,1563.0,156300.0
2016-06-13,201606133431582,FMDBL,58,58,6000,1560.0,9360000.0
2016-06-13,201606133431581,FMDBL,45,43,43,1565.0,67295.0
2016-06-13,201606133431554,FMDBL,58,58,6000,1560.0,9360000.0
2016-06-13,201606133431458,FMDBL,19,56,200,1563.0,312600.0
2016-06-13,201606133431819,GBIME,16,6,300,510.0,153000.0
2016-06-13,201606133431754,GBIME,5,14,744,510.0,379440.0
2016-06-13,201606133431744,GBIME,11,49,417,510.0,212670.0
2016-06-13,201606133431724,GBIME,52,6,200,510.0,102000.0
2016-06-13,201606133431684,GBIME,16,36,200,511.0,102200.0
2016-06-13,201606133431631,GBIME,49,43,500,511.0,255500.0
2016-06-13,201606133431366,GBIME,42,22,300,510.0,153000.0
2016-06-13,201606133431365,GBIME,16,22,500,510.0,255000.0
2016-06-13,201606133431364,GBIME,52,22,200,511.0,102200.0
2016-06-13,201606133431630,GBIME,3,43,200,512.0,102400.0
2016-06-13,201606133431503,GBIME,5,16,100,512.0,51200.0
2016-06-13,201606133431460,GBIME,59,6,200,510.0,102000.0
2016-06-13,201606133431459,GBIME,8,6,800,510.0,408000.0
2016-06-13,201606133431418,GBIME,39,46,142,509.0,72278.0
2016-06-13,201606133431367,GBIME,16,22,200,510.0,102000.0
2016-06-13,201606133431751,GLICL,10,42,200,890.0,178000.0
2016-06-13,201606133431708,GLICL,3,38,100,881.0,88100.0
2016-06-13,201606133431637,GLICL,22,38,200,885.0,177000.0
2016-06-13,201606133431628,GLICL,46,49,100,895.0,89500.0
2016-06-13,201606133431627,GLICL,52,49,180,896.0,161280.0
2016-06-13,201606133431625,GLICL,37,51,100,897.0,89700.0
2016-06-13,201606133431538,GLICL,52,41,320,896.0,286720.0
2016-06-13,201606133431488,GLICL,7,41,200,900.0,180000.0
2016-06-13,201606133431487,GLICL,47,41,30,900.0,27000.0
2016-06-13,201606133431447,GLICL,17,19,100,900.0,90000.0
2016-06-13,201606133431406,GLICL,47,25,20,900.0,18000.0
2016-06-13,201606133431370,GLICL,52,50,28,901.0,25228.0
2016-06-13,201606133431849,HBL,38,44,100,1499.0,149900.0
2016-06-13,201606133431735,HBL,5,33,200,1500.0,300000.0
2016-06-13,201606133431714,HBL,34,58,300,1505.0,451500.0
2016-06-13,201606133431689,HBL,56,33,90,1510.0,135900.0
2016-06-13,201606133431633,HBL,34,58,443,1502.0,665386.0
2016-06-13,201606133431411,HBL,19,25,11,1512.0,16632.0
2016-06-13,201606133431826,HGI,14,28,500,1405.0,702500.0
2016-06-13,201606133431472,HGI,17,41,500,1405.0,702500.0
2016-06-13,201606133431427,HGI,50,49,500,1425.0,712500.0
2016-06-13,201606133431426,HGI,50,8,550,1424.0,783200.0
2016-06-13,201606133431425,ICFC,29,25,16,296.0,4736.0
2016-06-13,201606133431419,ICFC,29,17,70,296.0,20720.0
2016-06-13,201606133431755,ILFCM,42,19,10,1436.0,14360.0
2016-06-13,201606133431439,JFL,38,25,19,333.0,6327.0
2016-06-13,201606133431401,JFL,13,52,500,335.0,167500.0
2016-06-13,201606133431800,KADBL,42,42,10,535.0,5350.0
2016-06-13,201606133431748,KADBL,42,42,950,525.0,498750.0
2016-06-13,201606133431734,KADBL,42,42,4000,525.0,2100000.0
2016-06-13,201606133431710,KADBL,42,42,10,529.0,5290.0
2016-06-13,201606133431699,KADBL,42,42,10,539.0,5390.0
2016-06-13,201606133431680,KADBL,42,42,10,549.0,5490.0
2016-06-13,201606133431675,KMCDB,29,42,100,2000.0,200000.0
2016-06-13,201606133431831,LBL,41,58,50,790.0,39500.0
2016-06-13,201606133431561,LBL,22,34,50,786.0,39300.0
2016-06-13,201606133431560,LBL,7,34,20,789.0,15780.0
2016-06-13,201606133431559,LBL,29,34,30,790.0,23700.0
2016-06-13,201606133431500,LBL,38,7,117,790.0,92430.0
2016-06-13,201606133431713,LGIL,45,45,1000,1340.0,1340000.0
2016-06-13,201606133431417,LGIL,57,42,1000,1340.0,1340000.0
2016-06-13,201606133431416,LGIL,52,42,200,1340.0,268000.0
2016-06-13,201606133431415,LGIL,19,42,500,1341.0,670500.0
2016-06-13,201606133431414,LGIL,54,42,30,1350.0,40500.0
2016-06-13,201606133431385,LGIL,58,14,150,1368.0,205200.0
2016-06-13,201606133431380,LGIL,43,21,50,1355.0,67750.0
2016-06-13,201606133431441,LICN,17,32,58,3450.0,200100.0
2016-06-13,201606133431435,LICN,17,32,80,3450.0,276000.0
2016-06-13,201606133431434,LICN,5,32,200,3455.0,691000.0
2016-06-13,201606133431433,LICN,39,32,20,3500.0,70000.0
2016-06-13,201606133431688,LLBS,41,7,23,3100.0,71300.0
2016-06-13,201606133431687,LLBS,41,36,400,3100.0,1240000.0
2016-06-13,201606133431686,LLBS,41,17,10,3100.0,31000.0
2016-06-13,201606133431636,LLBS,58,52,10,3040.0,30400.0
2016-06-13,201606133431599,LLBS,58,52,10,3040.0,30400.0
2016-06-13,201606133431782,MEGA,39,6,16,514.0,8224.0
2016-06-13,201606133431779,MEGA,21,56,15,513.0,7695.0
2016-06-13,201606133431763,MEGA,39,6,16,514.0,8224.0
2016-06-13,201606133431623,MEGA,42,18,38,515.0,19570.0
2016-06-13,201606133431607,MEGA,42,18,38,515.0,19570.0
2016-06-13,201606133431558,MEGA,17,6,16,515.0,8240.0
2016-06-13,201606133431553,MEGA,38,18,38,515.0,19570.0
2016-06-13,201606133431442,MEGA,21,25,14,515.0,7210.0
2016-06-13,201606133431409,MEGA,55,42,24,520.0,12480.0
2016-06-13,201606133431674,MFIL,44,48,150,340.0,51000.0
2016-06-13,201606133431642,MFIL,44,25,100,338.0,33800.0
2016-06-13,201606133431557,MFIL,35,49,50,335.0,16750.0
2016-06-13,201606133431556,MFIL,17,49,200,335.0,67000.0
2016-06-13,201606133431555,MFIL,14,49,500,335.0,167500.0
2016-06-13,201606133431513,MFIL,45,49,1000,336.0,336000.0
2016-06-13,201606133431512,MFIL,42,49,500,336.0,168000.0
2016-06-13,201606133431511,MFIL,32,49,100,336.0,33600.0
2016-06-13,201606133431510,MFIL,25,49,500,337.0,168500.0
2016-06-13,201606133431509,MFIL,57,49,250,337.0,84250.0
2016-06-13,201606133431508,MFIL,26,49,250,338.0,84500.0
2016-06-13,201606133431507,MFIL,21,49,100,338.0,33800.0
2016-06-13,201606133431492,MNBBL,33,45,500,1191.0,595500.0
2016-06-13,201606133431407,MNBBL,49,47,200,1195.0,239000.0
2016-06-13,201606133431843,MSMBS,58,1,10,1670.0,16700.0
2016-06-13,201606133431802,MSMBS,58,25,10,1670.0,16700.0
2016-06-13,201606133431787,MSMBS,58,25,10,1670.0,16700.0
2016-06-13,201606133431758,MSMBS,58,41,10,1670.0,16700.0
2016-06-13,201606133431719,MSMBS,47,26,200,1680.0,336000.0
2016-06-13,201606133431718,MSMBS,47,36,30,1680.0,50400.0
2016-06-13,201606133431595,MSMBS,44,28,10,1650.0,16500.0
2016-06-13,201606133431594,MSMBS,44,17,10,1650.0,16500.0
2016-06-13,201606133431537,MSMBS,44,55,10,1666.0,16660.0
2016-06-13,201606133431652,MSMBS,58,21,10,1666.0,16660.0
2016-06-13,201606133431651,MSMBS,58,21,20,1666.0,33320.0
2016-06-13,201606133431650,MSMBS,58,21,20,1666.0,33320.0
2016-06-13,201606133431649,MSMBS,58,21,10,1666.0,16660.0
2016-06-13,201606133431648,MSMBS,58,55,10,1666.0,16660.0
2016-06-13,201606133431612,MSMBS,44,20,30,1650.0,49500.0
2016-06-13,201606133431703,MSMBS,58,41,10,1670.0,16700.0
2016-06-13,201606133431679,MSMBS,58,41,10,1670.0,16700.0
2016-06-13,201606133431662,MSMBS,58,41,10,1670.0,16700.0
2016-06-13,201606133431655,MSMBS,58,14,10,1669.0,16690.0
2016-06-13,201606133431654,MSMBS,58,42,10,1666.0,16660.0
2016-06-13,201606133431653,MSMBS,58,6,50,1666.0,83300.0
2016-06-13,201606133431753,NABIL,26,44,50,2300.0,115000.0
2016-06-13,201606133431746,NABIL,56,45,30,2321.0,69630.0
2016-06-13,201606133431720,NABIL,19,34,68,2300.0,156400.0
2016-06-13,201606133431670,NABIL,56,11,50,2321.0,116050.0
2016-06-13,201606133431598,NABIL,36,26,200,2330.0,466000.0
2016-06-13,201606133431413,NABILP,53,53,40,1750.0,70000.0
2016-06-13,201606133431412,NABILP,53,53,50,1750.0,87500.0
2016-06-13,201606133431569,NABILP,17,33,990,1750.0,1732500.0
2016-06-13,201606133431567,NABILP,17,53,45,1750.0,78750.0
2016-06-13,201606133431514,NABILP,53,33,10,1750.0,17500.0
2016-06-13,201606133431845,NBB,13,1,200,868.0,173600.0
2016-06-13,201606133431844,NBB,17,1,100,869.0,86900.0
2016-06-13,201606133431793,NBB,10,5,170,869.0,147730.0
2016-06-13,201606133431790,NBB,45,57,500,868.0,434000.0
2016-06-13,201606133431728,NBB,10,45,30,869.0,26070.0
2016-06-13,201606133431711,NBB,10,25,1000,869.0,869000.0
2016-06-13,201606133431372,NBB,10,25,800,869.0,695200.0
2016-06-13,201606133431371,NBB,10,29,500,868.0,434000.0
2016-06-13,201606133431355,NBB,10,42,130,865.0,112450.0
2016-06-13,201606133431436,NBB,29,54,42,865.0,36330.0
2016-06-13,201606133431408,NBB,45,44,500,870.0,435000.0
2016-06-13,201606133431395,NBB,5,54,180,865.0,155700.0
2016-06-13,201606133431394,NBB,33,54,800,865.0,692000.0
2016-06-13,201606133431393,NBB,10,54,20,865.0,17300.0
2016-06-13,201606133431374,NBB,33,59,200,865.0,173000.0
2016-06-13,201606133431520,NBB,48,38,110,862.0,94820.0
2016-06-13,201606133431519,NBB,29,38,60,865.0,51900.0
2016-06-13,201606133431518,NBB,5,38,20,865.0,17300.0
2016-06-13,201606133431484,NBB,10,25,78,865.0,67470.0
2016-06-13,201606133431466,NBB,11,1,150,865.0,129750.0
2016-06-13,201606133431451,NBB,10,58,432,865.0,373680.0
2016-06-13,201606133431562,NBB,5,16,400,868.0,347200.0
2016-06-13,201606133431550,NBB,17,38,60,868.0,52080.0
2016-06-13,201606133431540,NBB,22,38,390,861.0,335790.0
2016-06-13,201606133431522,NBB,22,38,110,861.0,94710.0
2016-06-13,201606133431521,NBB,22,38,200,862.0,172400.0
2016-06-13,201606133431697,NBB,10,47,275,868.0,238700.0
2016-06-13,201606133431696,NBB,10,55,900,868.0,781200.0
2016-06-13,201606133431681,NBB,45,55,100,868.0,86800.0
2016-06-13,201606133431641,NBB,35,38,1050,866.0,909300.0
2016-06-13,201606133431635,NBB,35,42,300,865.0,259500.0
2016-06-13,201606133431769,NBL,25,58,1450,474.0,687300.0
2016-06-13,201606133431768,NBL,17,58,100,474.0,47400.0
2016-06-13,201606133431762,NBL,8,58,300,475.0,142500.0
2016-06-13,201606133431761,NBL,26,58,100,475.0,47500.0
2016-06-13,201606133431760,NBL,49,58,50,477.0,23850.0
2016-06-13,201606133431467,NBL,26,56,174,477.0,82998.0
2016-06-13,201606133431597,NCM,58,20,500,495.0,247500.0
2016-06-13,201606133431388,NCM,26,28,500,505.0,252500.0
2016-06-13,201606133431377,NCM,21,44,500,510.0,255000.0
2016-06-13,201606133431376,NCM,58,44,140,511.0,71540.0
2016-06-13,201606133431741,NHPC,14,38,1000,195.0,195000.0
2016-06-13,201606133431740,NHPC,14,38,500,195.0,97500.0
2016-06-13,201606133431739,NHPC,14,38,2000,195.0,390000.0
2016-06-13,201606133431738,NHPC,38,38,200,195.0,39000.0
2016-06-13,201606133431698,NHPC,14,56,200,196.0,39200.0
2016-06-13,201606133431573,NHPC,34,56,50,196.0,9800.0
2016-06-13,201606133431572,NHPC,14,56,50,196.0,9800.0
2016-06-13,201606133431850,NIB,36,43,433,1065.0,461145.0
2016-06-13,201606133431778,NIB,41,44,50,1060.0,53000.0
2016-06-13,201606133431777,NIB,41,44,100,1060.0,106000.0
2016-06-13,201606133431776,NIB,33,44,300,1060.0,318000.0
2016-06-13,201606133431775,NIB,40,44,100,1060.0,106000.0
2016-06-13,201606133431774,NIB,7,44,200,1062.0,212400.0
2016-06-13,201606133431773,NIB,38,44,100,1063.0,106300.0
2016-06-13,201606133431772,NIB,47,44,100,1065.0,106500.0
2016-06-13,201606133431771,NIB,26,44,50,1066.0,53300.0
2016-06-13,201606133431742,NIB,56,43,50,1070.0,53500.0
2016-06-13,201606133431806,NIBPO,49,49,1000,930.0,930000.0
2016-06-13,201606133431444,NIBPO,57,11,135,927.0,125145.0
2016-06-13,201606133431386,NIBPO,57,45,200,927.0,185400.0
2016-06-13,201606133431731,NICA,42,42,500,750.0,375000.0
2016-06-13,201606133431730,NICA,49,42,300,750.0,225000.0
2016-06-13,201606133431729,NICA,22,42,30,760.0,22800.0
2016-06-13,201606133431638,NICA,22,57,70,750.0,52500.0
2016-06-13,201606133431587,NICA,52,57,100,750.0,75000.0
2016-06-13,201606133431586,NICA,17,57,70,750.0,52500.0
2016-06-13,201606133431405,NICA,25,44,500,760.0,380000.0
2016-06-13,201606133431404,NICA,49,44,200,760.0,152000.0
2016-06-13,201606133431585,NICA,17,57,260,751.0,195260.0
2016-06-13,201606133431536,NICA,22,53,210,750.0,157500.0
2016-06-13,201606133431495,NICA,45,25,12,750.0,9000.0
2016-06-13,201606133431469,NICA,48,57,200,754.0,150800.0
2016-06-13,201606133431468,NICA,36,57,500,754.0,377000.0
2016-06-13,201606133431446,NICA,17,44,41,755.0,30955.0
2016-06-13,201606133431743,NICL,39,51,100,1210.0,121000.0
2016-06-13,201606133431673,NICL,45,45,100,1200.0,120000.0
2016-06-13,201606133431672,NICL,47,45,150,1200.0,180000.0
2016-06-13,201606133431590,NICL,47,16,250,1200.0,300000.0
2016-06-13,201606133431430,NICL,13,1,400,1200.0,480000.0
2016-06-13,201606133431431,NICL,32,32,117,1201.0,140517.0
2016-06-13,201606133431828,NLG,45,47,15,1820.0,27300.0
2016-06-13,201606133431668,NLG,45,49,190,1830.0,347700.0
2016-06-13,201606133431657,NLG,45,42,10,1830.0,18300.0
2016-06-13,201606133431526,NLG,45,17,200,1832.0,366400.0
2016-06-13,201606133431525,NLG,45,52,30,1831.0,54930.0
2016-06-13,201606133431524,NLG,45,52,30,1831.0,54930.0
2016-06-13,201606133431476,NLG,45,52,19,1830.0,34770.0
2016-06-13,201606133431825,NLICL,25,13,190,3100.0,589000.0
2016-06-13,201606133431824,NLICL,34,38,391,3099.0,1211709.0
2016-06-13,201606133431792,NLICL,46,13,15,3098.0,46470.0
2016-06-13,201606133431480,NLICL,59,39,1000,3038.0,3038000.0
2016-06-13,201606133431838,NMB,29,41,70,715.0,50050.0
2016-06-13,201606133431833,NMB,29,32,235,715.0,168025.0
2016-06-13,201606133431723,NMB,33,53,1000,715.0,715000.0
2016-06-13,201606133431700,NMB,25,44,300,714.0,214200.0
2016-06-13,201606133431677,NMB,59,22,500,715.0,357500.0
2016-06-13,201606133431676,NMB,36,22,100,718.0,71800.0
2016-06-13,201606133431470,NMB,55,25,18,715.0,12870.0
2016-06-13,201606133431462,NMB,33,34,500,715.0,357500.0
2016-06-13,201606133431389,NMB,44,22,100,716.0,71600.0
2016-06-13,201606133431387,NMB,38,22,900,716.0,644400.0
2016-06-13,201606133431381,NMB,38,32,100,716.0,71600.0
2016-06-13,201606133431661,NMB,50,48,42,715.0,30030.0
2016-06-13,201606133431632,NMB,50,41,500,715.0,357500.0
2016-06-13,201606133431609,NMB,50,50,190,715.0,135850.0
2016-06-13,201606133431608,NMB,16,25,27,715.0,19305.0
2016-06-13,201606133431604,NMB,52,11,186,715.0,132990.0
2016-06-13,201606133431575,NMB,52,17,100,715.0,71500.0
2016-06-13,201606133431399,NMBMF,58,42,10,1985.0,19850.0
2016-06-13,201606133431545,NTC,5,33,100,660.0,66000.0
2016-06-13,201606133431603,NTC,5,17,100,660.0,66000.0
2016-06-13,201606133431450,ODBL,25,14,10,368.0,3680.0
2016-06-13,201606133431379,PADBL,14,6,1000,449.0,449000.0
2016-06-13,201606133431809,PCBL,33,41,28,705.0,19740.0
2016-06-13,201606133431798,PCBL,33,41,700,705.0,493500.0
2016-06-13,201606133431797,PCBL,39,41,300,705.0,211500.0
2016-06-13,201606133431796,PCBL,8,41,200,705.0,141000.0
2016-06-13,201606133431795,PCBL,41,41,200,705.0,141000.0
2016-06-13,201606133431794,PCBL,22,41,500,706.0,353000.0
2016-06-13,201606133431356,PCBL,42,6,200,710.0,142000.0
2016-06-13,201606133431353,PCBL,55,36,1000,709.0,709000.0
2016-06-13,201606133431611,PCBL,11,36,200,711.0,142200.0
2016-06-13,201606133431529,PCBL,49,32,1150,710.0,816500.0
2016-06-13,201606133431528,PCBL,49,6,80,710.0,56800.0
2016-06-13,201606133431527,PCBL,49,29,500,709.0,354500.0
2016-06-13,201606133431471,PCBL,49,56,239,708.0,169212.0
2016-06-13,201606133431448,PCBL,22,45,145,706.0,102370.0
2016-06-13,201606133431786,PCBL,45,22,500,708.0,354000.0
2016-06-13,201606133431756,PCBL,45,59,83,707.0,58681.0
2016-06-13,201606133431666,PCBL,52,58,200,706.0,141200.0
2016-06-13,201606133431665,PCBL,13,58,800,706.0,564800.0
2016-06-13,201606133431664,PCBL,38,58,500,707.0,353500.0
2016-06-13,201606133431617,PCBL,49,18,70,710.0,49700.0
2016-06-13,201606133431615,PIC,54,57,50,1870.0,93500.0
2016-06-13,201606133431614,PIC,38,57,50,1870.0,93500.0
2016-06-13,201606133431613,PIC,32,57,200,1871.0,374200.0
2016-06-13,201606133431644,PICL,17,41,300,1380.0,414000.0
2016-06-13,201606133431445,PICL,17,1,100,1380.0,138000.0
2016-06-13,201606133431588,PLIC,53,25,11,1900.0,20900.0
2016-06-13,201606133431493,PLIC,53,56,64,1900.0,121600.0
2016-06-13,201606133431461,PLIC,29,18,80,1890.0,151200.0
2016-06-13,201606133431384,PLIC,53,39,140,1900.0,266000.0
2016-06-13,201606133431383,PLIC,45,39,120,1900.0,228000.0
2016-06-13,201606133431382,PLIC,53,39,210,1900.0,399000.0
2016-06-13,201606133431848,PRIN,33,40,500,1405.0,702500.0
2016-06-13,201606133431749,PRIN,33,38,340,1405.0,477700.0
2016-06-13,201606133431745,PRIN,33,42,200,1400.0,280000.0
2016-06-13,201606133431622,PRIN,55,14,50,1400.0,70000.0
2016-06-13,201606133431621,PRIN,38,14,50,1401.0,70050.0
2016-06-13,201606133431428,PRIN,38,21,39,1402.0,54678.0
2016-06-13,201606133431846,REDBL,46,10,18,427.0,7686.0
2016-06-13,201606133431823,REDBL,38,10,18,428.0,7704.0
2016-06-13,201606133431358,REDBL,13,28,150,432.0,64800.0
2016-06-13,201606133431803,RMDC,56,41,26,1090.0,28340.0
2016-06-13,201606133431568,RMDC,42,57,200,1095.0,219000.0
2016-06-13,201606133431429,RMDC,57,43,600,1093.0,655800.0
2016-06-13,201606133431392,RMDC,5,45,100,1080.0,108000.0
2016-06-13,201606133431390,RMDC,57,33,119,1092.0,129948.0
2016-06-13,201606133431375,RMDC,1,49,300,1090.0,327000.0
2016-06-13,201606133431351,RMDC,57,17,433,1090.0,471970.0
2016-06-13,201606133431750,SADBL,17,51,100,384.0,38400.0
2016-06-13,201606133431660,SAFL,44,32,250,340.0,85000.0
2016-06-13,201606133431646,SANIMA,29,45,300,670.0,201000.0
2016-06-13,201606133431532,SANIMA,37,25,36,665.0,23940.0
2016-06-13,201606133431499,SANIMA,17,17,50,670.0,33500.0
2016-06-13,201606133431498,SANIMA,19,17,200,670.0,134000.0
2016-06-13,201606133431497,SANIMA,42,17,150,670.0,100500.0
2016-06-13,201606133431808,SBI,25,54,10,1777.0,17770.0
2016-06-13,201606133431807,SBI,55,54,10,1777.0,17770.0
2016-06-13,201606133431707,SBI,56,17,35,1775.0,62125.0
2016-06-13,201606133431546,SBI,55,25,10,1777.0,17770.0
2016-06-13,201606133431839,SCB,6,26,30,3340.0,100200.0
2016-06-13,201606133431799,SCB,11,14,10,3340.0,33400.0
2016-06-13,201606133431747,SCB,41,58,250,3350.0,837500.0
2016-06-13,201606133431629,SCB,56,17,50,3350.0,167500.0
2016-06-13,201606133431624,SCB,19,11,100,3350.0,335000.0
2016-06-13,201606133431551,SCB,11,25,20,3340.0,66800.0
2016-06-13,201606133431549,SCB,11,11,70,3340.0,233800.0
2016-06-13,201606133431440,SCB,26,5,10,3330.0,33300.0
2016-06-13,201606133431400,SCB,6,6,57,3368.0,191976.0
2016-06-13,201606133431357,SCB,38,45,100,3330.0,333000.0
2016-06-13,201606133431424,SEOS,40,8,5000,12.24,61200.0
2016-06-13,201606133431841,SEWA,11,34,500,463.0,231500.0
2016-06-13,201606133431840,SEWA,16,34,100,463.0,46300.0
2016-06-13,201606133431766,SEWA,17,34,150,464.0,69600.0
2016-06-13,201606133431765,SEWA,41,34,350,464.0,162400.0
2016-06-13,201606133431764,SEWA,1,34,120,465.0,55800.0
2016-06-13,201606133431715,SEWA,1,52,30,465.0,13950.0
2016-06-13,201606133431785,SHL,26,20,500,370.0,185000.0
2016-06-13,201606133431784,SHL,4,20,500,371.0,185500.0
2016-06-13,201606133431783,SHL,32,20,500,372.0,186000.0
2016-06-13,201606133431647,SHL,4,21,100,375.0,37500.0
2016-06-13,201606133431780,SHPC,45,32,18,867.0,15606.0
2016-06-13,201606133431640,SHPC,51,25,10,866.0,8660.0
2016-06-13,201606133431821,SIC,21,58,18,2320.0,41760.0
2016-06-13,201606133431815,SIC,21,58,10,2320.0,23200.0
2016-06-13,201606133431814,SIC,39,58,20,2321.0,46420.0
2016-06-13,201606133431813,SIC,45,58,10,2325.0,23250.0
2016-06-13,201606133431726,SIC,59,10,100,2330.0,233000.0
2016-06-13,201606133431805,SICL,50,43,22,3090.0,67980.0
2016-06-13,201606133431535,SICL,14,14,200,3100.0,620000.0
2016-06-13,201606133431475,SICL,50,58,100,3100.0,310000.0
2016-06-13,201606133431474,SICL,50,44,200,3099.0,619800.0
2016-06-13,201606133431455,SICL,50,34,110,3099.0,340890.0
2016-06-13,201606133431463,SIGS1,10,11,800,22.15,17720.0
2016-06-13,201606133431690,SIL,17,5,200,2019.0,403800.0
2016-06-13,201606133431605,SIL,45,5,300,2020.0,606000.0
2016-06-13,201606133431398,SIL,21,43,30,2020.0,60600.0
2016-06-13,201606133431363,SIL,21,58,70,2020.0,141400.0
2016-06-13,201606133431362,SIL,32,58,30,2021.0,60630.0
2016-06-13,201606133431837,SINDU,35,55,200,500.0,100000.0
2016-06-13,201606133431836,SINDU,35,56,300,500.0,150000.0
2016-06-13,201606133431722,SINDU,42,55,100,500.0,50000.0
2016-06-13,201606133431721,SINDU,42,55,200,500.0,100000.0
2016-06-13,201606133431695,SINDU,42,56,100,505.0,50500.0
2016-06-13,201606133431694,SINDU,17,56,100,505.0,50500.0
2016-06-13,201606133431479,SINDU,22,56,200,520.0,104000.0
2016-06-13,201606133431693,SINDU,17,56,500,505.0,252500.0
2016-06-13,201606133431692,SINDU,21,56,100,507.0,50700.0
2016-06-13,201606133431691,SINDU,46,56,200,508.0,101600.0
2016-06-13,201606133431659,SINDU,38,40,269,510.0,137190.0
2016-06-13,201606133431531,SINDU,22,52,100,520.0,52000.0
2016-06-13,201606133431530,SINDU,22,52,100,520.0,52000.0
2016-06-13,201606133431820,SKBBL,36,19,15,2050.0,30750.0
2016-06-13,201606133431804,SKBBL,56,6,60,2060.0,123600.0
2016-06-13,201606133431658,SLICL,48,26,34,1052.0,35768.0
2016-06-13,201606133431465,SLICL,8,39,100,1060.0,106000.0
2016-06-13,201606133431456,SMFDB,19,26,100,3000.0,300000.0
2016-06-13,201606133431851,SRBL,38,41,73,640.0,46720.0
2016-06-13,201606133431832,SRBL,17,34,100,641.0,64100.0
2016-06-13,201606133431812,SRBL,17,34,100,641.0,64100.0
2016-06-13,201606133431811,SRBL,25,34,40,642.0,25680.0
2016-06-13,201606133431702,SRBL,25,58,110,642.0,70620.0
2016-06-13,201606133431701,SRBL,46,58,100,642.0,64200.0
2016-06-13,201606133431669,SRBL,5,42,20,645.0,12900.0
2016-06-13,201606133431610,SWBBL,49,49,500,2760.0,1380000.0
2016-06-13,201606133431602,SWBBL,49,49,500,2760.0,1380000.0
2016-06-13,201606133431552,SWBBL,36,33,100,2760.0,276000.0
2016-06-13,201606133431501,SWBBL,21,49,100,2745.0,274500.0
2016-06-13,201606133431397,SWBBL,34,33,50,2755.0,137750.0
2016-06-13,201606133431396,SWBBL,34,11,50,2750.0,137500.0
2016-06-13,201606133431830,TBBL,16,13,100,333.0,33300.0
2016-06-13,201606133431829,TBBL,16,32,10,333.0,3330.0
2016-06-13,201606133431801,UFIL,52,11,300,217.0,65100.0
2016-06-13,201606133431781,UIC,55,56,300,1500.0,450000.0
2016-06-13,201606133431759,UIC,55,25,200,1500.0,300000.0
2016-06-13,201606133431736,UIC,4,7,30,1495.0,44850.0
2016-06-13,201606133431717,UIC,35,7,100,1500.0,150000.0
2016-06-13,201606133431716,UIC,58,7,70,1500.0,105000.0
2016-06-13,201606133431712,UIC,46,51,186,1502.0,279372.0
2016-06-13,201606133431483,UIC,21,18,50,1505.0,75250.0
2016-06-13,201606133431482,UIC,28,18,70,1510.0,105700.0
2016-06-13,201606133431438,UIC,28,48,35,1513.0,52955.0
2016-06-13,201606133431616,UIC,4,16,100,1500.0,150000.0
2016-06-13,201606133431583,UIC,58,19,100,1500.0,150000.0
2016-06-13,201606133431564,UIC,38,19,100,1492.0,149200.0
2016-06-13,201606133431563,UIC,21,19,200,1495.0,299000.0
2016-06-13,201606133431505,UIC,1,56,10,1502.0,15020.0
2016-06-13,201606133431504,UIC,34,56,50,1503.0,75150.0
2016-06-13,201606133431818,VLBS,40,19,23,1575.0,36225.0
2016-06-13,201606133431732,WOMI,36,45,12,3011.0,36132.0
2016-06-13,201606133431705,WOMI,57,5,12,3040.0,36480.0
2016-06-13,201606133431626,WOMI,58,43,12,3010.0,36120.0
2016-06-13,201606133431539,WOMI,58,25,10,3020.0,30200.0
2016-06-13,201606133431534,WOMI,58,43,12,3020.0,36240.0
2016-06-13,201606133431533,WOMI,58,47,12,3030.0,36360.0
2016-06-13,201606133431523,WOMI,58,50,12,3030.0,36360.0
2016-06-13,201606133431515,WOMI,18,22,12,3020.0,36240.0
2016-06-13,201606133431494,WOMI,36,43,12,3005.0,36060.0
2016-06-13,201606133431464,WOMI,18,43,12,3006.0,36072.0
2016-06-13,201606133431457,WOMI,45,43,12,3010.0,36120.0
2016-06-13,201606133432804,ADBL,58,48,502,690.0,346380.0
2016-06-13,201606133432748,ADBL,8,21,374,694.0,259556.0
2016-06-13,201606133432745,ADBL,58,56,19,690.0,13110.0
2016-06-13,201606133432735,ADBL,58,56,40,690.0,27600.0
2016-06-13,201606133432689,ADBL,58,49,70,690.0,48300.0
2016-06-13,201606133432679,ADBL,58,25,1000,691.0,691000.0
2016-06-13,201606133432428,ADBL,34,58,50,693.0,34650.0
2016-06-13,201606133432427,ADBL,34,20,100,693.0,69300.0
2016-06-13,201606133432408,ADBL,34,38,452,692.0,312784.0
2016-06-13,201606133432354,ADBL,34,38,130,692.0,89960.0
2016-06-13,201606133432668,ADBL,5,5,17,692.0,11764.0
2016-06-13,201606133432656,ADBL,8,43,40,693.0,27720.0
2016-06-13,201606133432655,ADBL,8,58,200,693.0,138600.0
2016-06-13,201606133432566,ADBL,32,58,50,693.0,34650.0
2016-06-13,201606133432560,ADBL,45,58,300,693.0,207900.0
2016-06-13,201606133432507,ADBL,58,49,800,691.0,552800.0
2016-06-13,201606133432493,ALICL,25,42,1000,1525.0,1525000.0
2016-06-13,201606133432477,ALICL,17,42,1000,1532.0,1532000.0
2016-06-13,201606133432472,ALICL,58,42,500,1550.0,775000.0
2016-06-13,201606133432471,ALICL,17,42,500,1551.0,775500.0
2016-06-13,201606133432377,ALICL,17,42,1990,1570.0,3124300.0
2016-06-13,201606133432759,API,25,41,26,768.0,19968.0
2016-06-13,201606133432730,API,25,56,10,768.0,7680.0
2016-06-13,201606133432706,API,33,47,16,770.0,12320.0
2016-06-13,201606133432672,API,25,42,26,769.0,19994.0
2016-06-13,201606133432548,API,25,37,24,770.0,18480.0
2016-06-13,201606133432541,API,45,47,16,770.0,12320.0
2016-06-13,201606133432534,API,25,47,16,770.0,12320.0
2016-06-13,201606133432517,API,45,47,16,771.0,12336.0
2016-06-13,201606133432497,API,45,39,16,772.0,12352.0
2016-06-13,201606133432425,API,25,41,100,770.0,77000.0
2016-06-13,201606133432413,API,25,59,14,770.0,10780.0
2016-06-13,201606133432396,API,50,19,192,767.0,147264.0
2016-06-13,201606133432836,ARDBL,37,25,40,305.0,12200.0
2016-06-13,201606133432821,ARDBL,37,25,40,305.0,12200.0
2016-06-13,201606133432742,ARDBL,51,56,50,302.0,15100.0
2016-06-13,201606133432723,ARDBL,37,43,216,304.0,65664.0
2016-06-13,201606133432464,ARDBL,51,32,350,302.0,105700.0
2016-06-13,201606133432463,ARDBL,5,32,150,305.0,45750.0
2016-06-13,201606133432386,ARDBL,32,52,233,306.0,71298.0
2016-06-13,201606133432539,BHBL,20,46,50,440.0,22000.0
2016-06-13,201606133432770,CBBL,36,44,200,2120.0,424000.0
2016-06-13,201606133432744,CBBL,21,26,150,2100.0,315000.0
2016-06-13,201606133432702,CBBL,40,54,50,2100.0,105000.0
2016-06-13,201606133432685,CBBL,21,54,150,2100.0,315000.0
2016-06-13,201606133432684,CBBL,51,54,100,2105.0,210500.0
2016-06-13,201606133432683,CBBL,33,54,400,2110.0,844000.0
2016-06-13,201606133432682,CBBL,26,54,300,2111.0,633300.0
2016-06-13,201606133432459,CBBL,36,6,100,2130.0,213000.0
2016-06-13,201606133432358,CBBL,21,44,50,2100.0,105000.0
2016-06-13,201606133432567,CCBL,59,36,2022,415.0,839130.0
2016-06-13,201606133432794,CHCL,19,47,13,1381.0,17953.0
2016-06-13,201606133432783,CHCL,19,47,56,1380.0,77280.0
2016-06-13,201606133432588,CHCL,41,11,100,1380.0,138000.0
2016-06-13,201606133432587,CHCL,26,11,200,1380.0,276000.0
2016-06-13,201606133432586,CHCL,17,11,400,1380.0,552000.0
2016-06-13,201606133432585,CHCL,21,11,200,1380.0,276000.0
2016-06-13,201606133432584,CHCL,21,11,160,1381.0,220960.0
2016-06-13,201606133432583,CHCL,38,11,100,1382.0,138200.0
2016-06-13,201606133432389,CIT,33,57,82,4400.0,360800.0
2016-06-13,201606133432826,CZBIL,49,56,900,574.0,516600.0
2016-06-13,201606133432764,CZBIL,33,56,72,571.0,41112.0
2016-06-13,201606133432747,CZBIL,33,41,10,571.0,5710.0
2016-06-13,201606133432691,CZBIL,17,56,100,574.0,57400.0
2016-06-13,201606133432601,CZBIL,55,38,393,573.0,225189.0
2016-06-13,201606133432451,CZBIL,46,25,120,574.0,68880.0
2016-06-13,201606133432751,DBBL,59,6,63,260.0,16380.0
2016-06-13,201606133432737,DBBL,38,20,300,260.0,78000.0
2016-06-13,201606133432704,DBBL,38,43,200,260.0,52000.0
2016-06-13,201606133432703,DBBL,38,21,500,260.0,130000.0
2016-06-13,201606133432616,DBBL,10,6,1000,257.0,257000.0
2016-06-13,201606133432615,DBBL,10,38,300,256.0,76800.0
2016-06-13,201606133432607,DBBL,10,57,500,255.0,127500.0
2016-06-13,201606133432556,DBBL,18,56,10,250.0,2500.0
2016-06-13,201606133432529,DDBL,45,44,100,3250.0,325000.0
2016-06-13,201606133432528,DDBL,45,44,150,3250.0,487500.0
2016-06-13,201606133432527,DDBL,41,44,40,3250.0,130000.0
2016-06-13,201606133432515,DDBL,41,44,60,3250.0,195000.0
2016-06-13,201606133432514,DDBL,44,44,370,3250.0,1202500.0
2016-06-13,201606133432513,DDBL,54,44,200,3251.0,650200.0
2016-06-13,201606133432512,DDBL,54,44,200,3252.0,650400.0
2016-06-13,201606133432511,DDBL,17,44,120,3255.0,390600.0
2016-06-13,201606133432510,DDBL,22,44,50,3255.0,162750.0
2016-06-13,201606133432814,EBL,17,33,500,3165.0,1582500.0
2016-06-13,201606133432809,EBL,45,59,50,3160.0,158000.0
2016-06-13,201606133432808,EBL,45,59,20,3160.0,63200.0
2016-06-13,201606133432807,EBL,45,40,60,3158.0,189480.0
2016-06-13,201606133432806,EBL,45,1,30,3152.0,94560.0
2016-06-13,201606133432803,EBL,42,44,100,3150.0,315000.0
2016-06-13,201606133432564,EBL,28,7,150,3150.0,472500.0
2016-06-13,201606133432521,EBL,13,25,81,3150.0,255150.0
2016-06-13,201606133432520,EBL,13,32,20,3150.0,63000.0
2016-06-13,201606133432498,EBL,57,32,200,3150.0,630000.0
2016-06-13,201606133432476,EBL,57,35,100,3145.0,314500.0
2016-06-13,201606133432473,EBL,5,8,16,3149.0,50384.0
2016-06-13,201606133432707,EBL,34,1,100,3149.0,314900.0
2016-06-13,201606133432644,EBL,5,44,300,3135.0,940500.0
2016-06-13,201606133432643,EBL,1,44,100,3135.0,313500.0
2016-06-13,201606133432578,EBL,13,1,50,3149.0,157450.0
2016-06-13,201606133432568,EBL,57,1,20,3149.0,62980.0
2016-06-13,201606133432565,EBL,28,58,100,3150.0,315000.0
2016-06-13,201606133432802,EBL,42,6,100,3150.0,315000.0
2016-06-13,201606133432801,EBL,42,58,100,3150.0,315000.0
2016-06-13,201606133432784,EBL,6,58,200,3150.0,630000.0
2016-06-13,201606133432729,EBL,6,58,100,3150.0,315000.0
2016-06-13,201606133432722,EBL,47,45,100,3135.0,313500.0
2016-06-13,201606133432716,EBL,16,1,180,3149.0,566820.0
2016-06-13,201606133432680,EBLCP,10,10,100,1585.0,158500.0
2016-06-13,201606133432444,EBLCP,10,10,50,1585.0,79250.0
2016-06-13,201606133432443,EBLCP,10,10,50,1585.0,79250.0
2016-06-13,201606133432411,EBLCP,10,10,100,1585.0,158500.0
2016-06-13,201606133432385,EBLCP,10,10,100,1570.0,157000.0
2016-06-13,201606133432652,EDBL,17,37,100,642.0,64200.0
2016-06-13,201606133432818,EIC,38,37,200,1940.0,388000.0
2016-06-13,201606133432504,EIC,38,14,170,1915.0,325550.0
2016-06-13,201606133432503,EIC,43,14,80,1920.0,153600.0
2016-06-13,201606133432448,EIC,38,14,100,1921.0,192100.0
2016-06-13,201606133432635,FBBL,47,6,23,435.0,10005.0
2016-06-13,201606133432840,FMDBL,36,58,510,1590.0,810900.0
2016-06-13,201606133432633,FMDBL,58,19,646,1590.0,1027140.0
2016-06-13,201606133432835,GBIME,5,42,100,510.0,51000.0
2016-06-13,201606133432830,GBIME,11,42,100,510.0,51000.0
2016-06-13,201606133432828,GBIME,39,48,145,508.0,73660.0
2016-06-13,201606133432813,GBIME,42,56,26,509.0,13234.0
2016-06-13,201606133432777,GBIME,16,42,500,510.0,255000.0
2016-06-13,201606133432776,GBIME,25,42,100,510.0,51000.0
2016-06-13,201606133432452,GBIME,5,21,400,509.0,203600.0
2016-06-13,201606133432775,GBIME,3,42,200,510.0,102000.0
2016-06-13,201606133432596,GBIME,5,45,100,510.0,51000.0
2016-06-13,201606133432580,GBIME,5,11,39,510.0,19890.0
2016-06-13,201606133432577,GBIME,42,41,113,510.0,57630.0
2016-06-13,201606133432576,GBIME,42,7,100,510.0,51000.0
2016-06-13,201606133432536,GBIME,42,13,45,509.0,22905.0
2016-06-13,201606133432728,GLICL,44,49,100,900.0,90000.0
2016-06-13,201606133432522,GLICL,42,10,250,905.0,226250.0
2016-06-13,201606133432753,HBL,44,44,300,1507.0,452100.0
2016-06-13,201606133432582,HBL,35,59,15,1500.0,22500.0
2016-06-13,201606133432626,HGI,19,53,81,1400.0,113400.0
2016-06-13,201606133432624,HGI,19,53,110,1400.0,154000.0
2016-06-13,201606133432623,HGI,17,53,1000,1401.0,1401000.0
2016-06-13,201606133432622,HGI,32,53,300,1402.0,420600.0
2016-06-13,201606133432621,HGI,37,53,100,1402.0,140200.0
2016-06-13,201606133432620,HGI,43,53,50,1403.0,70150.0
2016-06-13,201606133432619,HGI,17,53,40,1405.0,56200.0
2016-06-13,201606133432462,HGI,5,8,200,1410.0,282000.0
2016-06-13,201606133432455,HGI,37,8,100,1420.0,142000.0
2016-06-13,201606133432399,ICFC,17,54,200,307.0,61400.0
2016-06-13,201606133432774,ILFCM,18,5,290,1440.0,417600.0
2016-06-13,201606133432597,JEFL,10,56,150,212.0,31800.0
2016-06-13,201606133432547,JEFL,10,32,650,212.0,137800.0
2016-06-13,201606133432407,JEFL,10,1,100,216.0,21600.0
2016-06-13,201606133432406,JEFL,10,14,1000,215.0,215000.0
2016-06-13,201606133432405,JEFL,10,47,100,214.0,21400.0
2016-06-13,201606133432717,JFL,43,32,153,341.0,52173.0
2016-06-13,201606133432403,JFL,3,43,150,340.0,51000.0
2016-06-13,201606133432402,JFL,3,10,100,340.0,34000.0
2016-06-13,201606133432401,JFL,3,17,200,339.0,67800.0
2016-06-13,201606133432400,JFL,3,49,300,339.0,101700.0
2016-06-13,201606133432625,KDBL,49,28,265,311.0,82415.0
2016-06-13,201606133432752,LBL,18,14,90,789.0,71010.0
2016-06-13,201606133432736,LBL,19,41,94,786.0,73884.0
2016-06-13,201606133432457,LBL,21,45,103,784.0,80752.0
2016-06-13,201606133432447,LBL,38,45,100,785.0,78500.0
2016-06-13,201606133432446,LBL,26,45,100,785.0,78500.0
2016-06-13,201606133432445,LBL,25,45,150,786.0,117900.0
2016-06-13,201606133432352,LBL,18,40,100,789.0,78900.0
2016-06-13,201606133432404,LBL,39,56,534,786.0,419724.0
2016-06-13,201606133432370,LBL,25,40,400,786.0,314400.0
2016-06-13,201606133432364,LBL,25,56,450,786.0,353700.0
2016-06-13,201606133432363,LBL,6,56,200,786.0,157200.0
2016-06-13,201606133432362,LBL,22,56,150,786.0,117900.0
2016-06-13,201606133432361,LBL,10,56,200,787.0,157400.0
2016-06-13,201606133432720,LGIL,33,32,1000,1360.0,1360000.0
2016-06-13,201606133432659,LGIL,10,45,500,1350.0,675000.0
2016-06-13,201606133432612,LGIL,59,53,130,1345.0,174850.0
2016-06-13,201606133432611,LGIL,10,53,200,1346.0,269200.0
2016-06-13,201606133432562,LGIL,58,45,200,1350.0,270000.0
2016-06-13,201606133432561,LGIL,46,45,250,1360.0,340000.0
2016-06-13,201606133432453,LGIL,47,32,100,1352.0,135200.0
2016-06-13,201606133432355,LGIL,33,32,900,1350.0,1215000.0
2016-06-13,201606133432552,LGIL,33,34,500,1360.0,680000.0
2016-06-13,201606133432526,LGIL,10,41,254,1355.0,344170.0
2016-06-13,201606133432525,LGIL,10,19,50,1354.0,67700.0
2016-06-13,201606133432524,LGIL,10,19,50,1354.0,67700.0
2016-06-13,201606133432478,LGIL,33,32,800,1352.0,1081600.0
2016-06-13,201606133432456,LGIL,33,32,100,1352.0,135200.0
2016-06-13,201606133432608,LLBS,58,42,41,3040.0,124640.0
2016-06-13,201606133432435,LLBS,58,45,100,3040.0,304000.0
2016-06-13,201606133432850,MEGA,29,48,35,510.0,17850.0
2016-06-13,201606133432724,MEGA,39,18,38,511.0,19418.0
2016-06-13,201606133432719,MEGA,52,18,38,512.0,19456.0
2016-06-13,201606133432718,MEGA,36,18,38,513.0,19494.0
2016-06-13,201606133432709,MEGA,59,56,12,515.0,6180.0
2016-06-13,201606133432700,MEGA,59,6,16,515.0,8240.0
2016-06-13,201606133432574,MEGA,39,56,35,514.0,17990.0
2016-06-13,201606133432573,MEGA,39,53,70,513.0,35910.0
2016-06-13,201606133432442,MEGA,6,53,200,513.0,102600.0
2016-06-13,201606133432441,MEGA,21,53,500,513.0,256500.0
2016-06-13,201606133432440,MEGA,58,53,30,514.0,15420.0
2016-06-13,201606133432439,MEGA,53,53,200,515.0,103000.0
2016-06-13,201606133432692,MEGA,59,18,38,515.0,19570.0
2016-06-13,201606133432690,MEGA,59,18,38,515.0,19570.0
2016-06-13,201606133432676,MEGA,59,6,18,515.0,9270.0
2016-06-13,201606133432651,MEGA,39,7,16,512.0,8192.0
2016-06-13,201606133432610,MEGA,39,7,290,512.0,148480.0
2016-06-13,201606133432609,MEGA,39,7,500,512.0,256000.0
2016-06-13,201606133432631,MFIL,26,49,500,337.0,168500.0
2016-06-13,201606133432537,MFIL,59,49,750,338.0,253500.0
2016-06-13,201606133432530,MFIL,49,49,50,338.0,16900.0
2016-06-13,201606133432501,MFIL,38,49,1000,337.0,337000.0
2016-06-13,201606133432500,MFIL,26,49,200,338.0,67600.0
2016-06-13,201606133432495,MFIL,26,48,200,340.0,68000.0
2016-06-13,201606133432782,MLBBL,35,5,50,2130.0,106500.0
2016-06-13,201606133432474,MMDBL,47,39,100,1256.0,125600.0
2016-06-13,201606133432829,MMFDB,56,56,10,2840.0,28400.0
2016-06-13,201606133432696,MNBBL,29,28,100,1205.0,120500.0
2016-06-13,201606133432695,MNBBL,25,28,300,1206.0,361800.0
2016-06-13,201606133432592,MNBBL,35,51,100,1209.0,120900.0
2016-06-13,201606133432572,MNBBL,58,51,300,1209.0,362700.0
2016-06-13,201606133432851,MSMBS,44,56,130,1650.0,214500.0
2016-06-13,201606133432831,MSMBS,58,51,10,1655.0,16550.0
2016-06-13,201606133432822,MSMBS,58,58,140,1655.0,231700.0
2016-06-13,201606133432785,MSMBS,44,56,120,1650.0,198000.0
2016-06-13,201606133432781,MSMBS,44,51,10,1650.0,16500.0
2016-06-13,201606133432769,MSMBS,44,51,10,1650.0,16500.0
2016-06-13,201606133432415,MSMBS,5,28,10,1652.0,16520.0
2016-06-13,201606133432767,MSMBS,44,43,30,1650.0,49500.0
2016-06-13,201606133432677,MSMBS,5,42,14,1652.0,23128.0
2016-06-13,201606133432470,MSMBS,40,1,100,1670.0,167000.0
2016-06-13,201606133432469,MSMBS,40,18,10,1670.0,16700.0
2016-06-13,201606133432468,MSMBS,40,18,10,1670.0,16700.0
2016-06-13,201606133432789,NABIL,49,32,181,2300.0,416300.0
2016-06-13,201606133432780,NABIL,40,44,70,2300.0,161000.0
2016-06-13,201606133432768,NABIL,53,44,380,2300.0,874000.0
2016-06-13,201606133432761,NABIL,53,42,120,2299.0,275880.0
2016-06-13,201606133432431,NABILP,33,18,150,1775.0,266250.0
2016-06-13,201606133432353,NABILP,33,58,120,1775.0,213000.0
2016-06-13,201606133432845,NBB,39,58,300,865.0,259500.0
2016-06-13,201606133432827,NBB,55,58,300,865.0,259500.0
2016-06-13,201606133432820,NBB,17,50,100,863.0,86300.0
2016-06-13,201606133432805,NBB,8,58,1000,865.0,865000.0
2016-06-13,201606133432665,NBB,14,6,500,861.0,430500.0
2016-06-13,201606133432664,NBB,21,6,300,861.0,258300.0
2016-06-13,201606133432378,NBB,14,6,80,860.0,68800.0
2016-06-13,201606133432374,NBB,13,6,200,860.0,172000.0
2016-06-13,201606133432369,NBB,47,6,20,860.0,17200.0
2016-06-13,201606133432367,NBB,36,6,100,860.0,86000.0
2016-06-13,201606133432356,NBB,40,35,200,860.0,172000.0
2016-06-13,201606133432491,NBB,19,44,150,860.0,129000.0
2016-06-13,201606133432430,NBB,19,56,100,862.0,86200.0
2016-06-13,201606133432426,NBB,47,56,140,862.0,120680.0
2016-06-13,201606133432424,NBB,14,11,200,860.0,172000.0
2016-06-13,201606133432410,NBB,35,50,516,860.0,443760.0
2016-06-13,201606133432395,NBB,47,47,15,861.0,12915.0
2016-06-13,201606133432600,NBB,41,56,50,862.0,43100.0
2016-06-13,201606133432599,NBB,32,56,50,862.0,43100.0
2016-06-13,201606133432558,NBB,32,56,50,862.0,43100.0
2016-06-13,201606133432543,NBB,6,44,550,860.0,473000.0
2016-06-13,201606133432538,NBB,49,44,300,860.0,258000.0
2016-06-13,201606133432502,NBB,22,44,1000,860.0,860000.0
2016-06-13,201606133432663,NBB,48,6,200,861.0,172200.0
2016-06-13,201606133432660,NBB,35,56,960,862.0,827520.0
2016-06-13,201606133432657,NBB,32,56,200,862.0,172400.0
2016-06-13,201606133432650,NBB,19,56,200,862.0,172400.0
2016-06-13,201606133432636,NBB,19,56,200,862.0,172400.0
2016-06-13,201606133432602,NBB,32,56,50,862.0,43100.0
2016-06-13,201606133432376,NBBL,47,28,17,3850.0,65450.0
2016-06-13,201606133432634,NBF1,26,35,8890,18.1,160909.0
2016-06-13,201606133432793,NBL,28,58,570,480.0,273600.0
2016-06-13,201606133432792,NBL,28,17,100,480.0,48000.0
2016-06-13,201606133432791,NBL,28,33,100,480.0,48000.0
2016-06-13,201606133432760,NBL,28,34,500,478.0,239000.0
2016-06-13,201606133432595,NBL,13,58,500,481.0,240500.0
2016-06-13,201606133432591,NBL,32,58,50,481.0,24050.0
2016-06-13,201606133432484,NBL,28,5,300,478.0,143400.0
2016-06-13,201606133432483,NBL,28,7,700,478.0,334600.0
2016-06-13,201606133432482,NBL,28,16,480,477.0,228960.0
2016-06-13,201606133432481,NBL,28,5,300,477.0,143100.0
2016-06-13,201606133432379,NBL,28,6,100,475.0,47500.0
2016-06-13,201606133432490,NBL,28,25,1000,480.0,480000.0
2016-06-13,201606133432489,NBL,28,48,500,480.0,240000.0
2016-06-13,201606133432488,NBL,28,11,930,480.0,446400.0
2016-06-13,201606133432487,NBL,28,16,500,480.0,240000.0
2016-06-13,201606133432486,NBL,28,26,200,480.0,96000.0
2016-06-13,201606133432485,NBL,28,58,1000,479.0,479000.0
2016-06-13,201606133432559,NBSL,21,5,51,775.0,39525.0
2016-06-13,201606133432754,NCM,49,19,509,498.0,253482.0
2016-06-13,201606133432848,NHPC,14,52,500,194.0,97000.0
2016-06-13,201606133432847,NHPC,25,52,500,194.0,97000.0
2016-06-13,201606133432846,NHPC,25,52,2000,194.0,388000.0
2016-06-13,201606133432839,NHPC,45,49,1400,196.0,274400.0
2016-06-13,201606133432838,NHPC,45,6,500,195.0,97500.0
2016-06-13,201606133432837,NHPC,45,36,2100,195.0,409500.0
2016-06-13,201606133432743,NHPC,17,36,200,195.0,39000.0
2016-06-13,201606133432419,NHPC,19,36,500,195.0,97500.0
2016-06-13,201606133432409,NHPC,52,36,200,195.0,39000.0
2016-06-13,201606133432834,NIB,21,1,10,1055.0,10550.0
2016-06-13,201606133432833,NIB,54,1,100,1055.0,105500.0
2016-06-13,201606133432832,NIB,39,1,90,1055.0,94950.0
2016-06-13,201606133432673,NICA,11,50,71,752.0,53392.0
2016-06-13,201606133432579,NICL,39,50,100,1200.0,120000.0
2016-06-13,201606133432628,NLBBL,58,47,680,2409.0,1638120.0
2016-06-13,201606133432533,NLBBL,54,47,20,2409.0,48180.0
2016-06-13,201606133432646,NLG,10,42,10,1800.0,18000.0
2016-06-13,201606133432551,NLICL,36,43,110,3190.0,350900.0
2016-06-13,201606133432542,NLICL,36,54,40,3180.0,127200.0
2016-06-13,201606133432508,NLICL,14,54,10,3180.0,31800.0
2016-06-13,201606133432506,NLICL,53,54,20,3180.0,63600.0
2016-06-13,201606133432466,NLICL,14,25,50,3180.0,159000.0
2016-06-13,201606133432368,NLICL,53,13,50,3180.0,159000.0
2016-06-13,201606133432825,NMB,33,50,198,718.0,142164.0
2016-06-13,201606133432824,NMB,33,13,400,718.0,287200.0
2016-06-13,201606133432812,NMB,11,22,100,718.0,71800.0
2016-06-13,201606133432762,NMB,33,22,150,716.0,107400.0
2016-06-13,201606133432715,NMB,33,52,29,715.0,20735.0
2016-06-13,201606133432714,NMB,33,32,50,715.0,35750.0
2016-06-13,201606133432518,NMB,7,53,500,712.0,356000.0
2016-06-13,201606133432505,NMB,25,53,50,713.0,35650.0
2016-06-13,201606133432492,NMB,38,17,80,713.0,57040.0
2016-06-13,201606133432416,NMB,33,54,500,714.0,357000.0
2016-06-13,201606133432365,NMB,26,41,103,712.0,73336.0
2016-06-13,201606133432713,NMB,33,21,100,715.0,71500.0
2016-06-13,201606133432662,NMB,38,52,59,715.0,42185.0
2016-06-13,201606133432661,NMB,38,33,100,715.0,71500.0
2016-06-13,201606133432639,NMB,33,52,100,714.0,71400.0
2016-06-13,201606133432549,NMB,33,21,350,712.0,249200.0
2016-06-13,201606133432519,NMB,25,53,500,712.0,356000.0
2016-06-13,201606133432670,NUBL,40,53,100,2190.0,219000.0
2016-06-13,201606133432669,NUBL,40,1,100,2189.0,218900.0
2016-06-13,201606133432795,ODBL,14,14,10,375.0,3750.0
2016-06-13,201606133432429,OHL,17,17,200,505.0,101000.0
2016-06-13,201606133432423,OHL,57,17,500,504.0,252000.0
2016-06-13,201606133432788,PCBL,53,56,150,707.0,106050.0
2016-06-13,201606133432787,PCBL,29,56,100,708.0,70800.0
2016-06-13,201606133432786,PCBL,32,56,50,709.0,35450.0
2016-06-13,201606133432765,PCBL,29,17,100,708.0,70800.0
2016-06-13,201606133432741,PCBL,33,17,58,708.0,41064.0
2016-06-13,201606133432740,PCBL,33,22,880,708.0,623040.0
2016-06-13,201606133432480,PCBL,46,22,100,708.0,70800.0
2016-06-13,201606133432450,PCBL,45,18,430,706.0,303580.0
2016-06-13,201606133432372,PCBL,5,22,100,708.0,70800.0
2016-06-13,201606133432366,PCBL,5,22,150,708.0,106200.0
2016-06-13,201606133432739,PCBL,33,6,300,707.0,212100.0
2016-06-13,201606133432710,PCBL,33,7,673,706.0,475138.0
2016-06-13,201606133432593,PCBL,45,40,70,706.0,49420.0
2016-06-13,201606133432575,PCBL,8,49,237,705.0,167085.0
2016-06-13,201606133432540,PCBL,33,6,236,706.0,166616.0
2016-06-13,201606133432531,PCBL,13,22,200,708.0,141600.0
2016-06-13,201606133432849,PIC,54,50,100,1900.0,190000.0
2016-06-13,201606133432841,PIC,51,42,100,1900.0,190000.0
2016-06-13,201606133432772,PIC,22,44,500,1920.0,960000.0
2016-06-13,201606133432437,PIC,33,45,100,1900.0,190000.0
2016-06-13,201606133432422,PIC,48,14,200,1886.0,377200.0
2016-06-13,201606133432421,PIC,38,14,100,1890.0,189000.0
2016-06-13,201606133432382,PIC,48,45,300,1890.0,567000.0
2016-06-13,201606133432381,PIC,22,45,500,1890.0,945000.0
2016-06-13,201606133432380,PIC,46,45,200,1891.0,378200.0
2016-06-13,201606133432371,PIC,48,45,100,1900.0,190000.0
2016-06-13,201606133432750,PICL,49,37,100,1390.0,139000.0
2016-06-13,201606133432757,PLIC,57,14,54,1890.0,102060.0
2016-06-13,201606133432727,PLIC,57,14,54,1890.0,102060.0
2016-06-13,201606133432509,PLIC,1,50,27,1890.0,51030.0
2016-06-13,201606133432638,PRIN,48,14,500,1410.0,705000.0
2016-06-13,201606133432532,PRIN,17,39,26,1403.0,36478.0
2016-06-13,201606133432360,PRIN,48,26,100,1401.0,140100.0
2016-06-13,201606133432817,RLFL,34,18,500,265.0,132500.0
2016-06-13,201606133432550,RLFL,45,49,80,260.0,20800.0
2016-06-13,201606133432816,RMDC,41,1,45,1098.0,49410.0
2016-06-13,201606133432815,RMDC,41,17,50,1095.0,54750.0
2016-06-13,201606133432798,RMDC,36,33,298,1095.0,326310.0
2016-06-13,201606133432797,RMDC,36,6,100,1095.0,109500.0
2016-06-13,201606133432796,RMDC,36,26,100,1094.0,109400.0
2016-06-13,201606133432678,RMDC,41,41,300,1083.0,324900.0
2016-06-13,201606133432627,RMDC,36,43,500,1094.0,547000.0
2016-06-13,201606133432701,SADBL,42,5,200,383.0,76600.0
2016-06-13,201606133432604,SAFL,32,25,100,344.0,34400.0
2016-06-13,201606133432603,SAFL,32,47,1000,343.0,343000.0
2016-06-13,201606133432465,SAFL,5,32,113,340.0,38420.0
2016-06-13,201606133432779,SAJHA,11,40,212,260.0,55120.0
2016-06-13,201606133432436,SAJHA,52,52,71,261.0,18531.0
2016-06-13,201606133432708,SANIMA,54,6,200,669.0,133800.0
2016-06-13,201606133432694,SANIMA,47,48,300,670.0,201000.0
2016-06-13,201606133432693,SANIMA,11,48,150,670.0,100500.0
2016-06-13,201606133432674,SANIMA,47,16,700,669.0,468300.0
2016-06-13,201606133432637,SANIMA,46,52,100,670.0,67000.0
2016-06-13,201606133432460,SANIMA,11,22,150,670.0,100500.0
2016-06-13,201606133432766,SBI,49,54,20,1775.0,35500.0
2016-06-13,201606133432523,SBI,48,54,200,1775.0,355000.0
2016-06-13,201606133432499,SBI,16,16,143,1772.0,253396.0
2016-06-13,201606133432432,SBI,16,16,214,1769.0,378566.0
2016-06-13,201606133432387,SBI,34,38,54,1772.0,95688.0
2016-06-13,201606133432778,SCB,13,58,200,3350.0,670000.0
2016-06-13,201606133432756,SCB,42,58,300,3350.0,1005000.0
2016-06-13,201606133432755,SCB,42,38,100,3350.0,335000.0
2016-06-13,201606133432733,SCB,4,49,50,3346.0,167300.0
2016-06-13,201606133432732,SCB,4,45,50,3345.0,167250.0
2016-06-13,201606133432712,SCB,19,49,100,3346.0,334600.0
2016-06-13,201606133432544,SCB,26,1,50,3341.0,167050.0
2016-06-13,201606133432373,SCB,41,4,50,3340.0,167000.0
2016-06-13,201606133432705,SCB,16,57,19,3350.0,63650.0
2016-06-13,201606133432632,SCB,33,1,330,3345.0,1103850.0
2016-06-13,201606133432617,SCB,33,44,110,3340.0,367400.0
2016-06-13,201606133432614,SCB,57,44,90,3340.0,300600.0
2016-06-13,201606133432546,SCB,57,1,210,3340.0,701400.0
2016-06-13,201606133432545,SCB,41,1,30,3340.0,100200.0
2016-06-13,201606133432606,SEOS,7,42,2000,12.0,24000.0
2016-06-13,201606133432790,SEWA,47,38,100,460.0,46000.0
2016-06-13,201606133432388,SEWA,11,28,44,460.0,20240.0
2016-06-13,201606133432721,SHL,28,26,700,369.0,258300.0
2016-06-13,201606133432397,SHL,26,58,100,370.0,37000.0
2016-06-13,201606133432571,SHPC,51,56,10,866.0,8660.0
2016-06-13,201606133432554,SHPC,21,50,134,865.0,115910.0
2016-06-13,201606133432667,SIC,11,56,217,2299.0,498883.0
2016-06-13,201606133432666,SIC,11,56,100,2298.0,229800.0
2016-06-13,201606133432412,SIC,49,49,10,2300.0,23000.0
2016-06-13,201606133432393,SIC,32,57,242,2275.0,550550.0
2016-06-13,201606133432357,SICL,14,49,200,3060.0,612000.0
2016-06-13,201606133432613,SIGS1,10,43,40000,22.15,886000.0
2016-06-13,201606133432418,SIGS1,55,44,20000,22.2,444000.0
2016-06-13,201606133432800,SIL,47,42,120,2000.0,240000.0
2016-06-13,201606133432758,SIL,38,50,100,1991.0,199100.0
2016-06-13,201606133432844,SINDU,14,56,321,510.0,163710.0
2016-06-13,201606133432843,SINDU,14,48,200,508.0,101600.0
2016-06-13,201606133432842,SINDU,14,52,200,507.0,101400.0
2016-06-13,201606133432819,SKBBL,58,55,100,2080.0,208000.0
2016-06-13,201606133432773,SKBBL,58,51,148,2081.0,307988.0
2016-06-13,201606133432749,SKBBL,58,29,48,2080.0,99840.0
2016-06-13,201606133432738,SKBBL,58,8,100,2077.0,207700.0
2016-06-13,201606133432731,SKBBL,5,52,21,2079.0,43659.0
2016-06-13,201606133432725,SKBBL,5,52,21,2079.0,43659.0
2016-06-13,201606133432569,SKBBL,5,6,40,2060.0,82400.0
2016-06-13,201606133432557,SKBBL,5,14,40,2055.0,82200.0
2016-06-13,201606133432711,SKBBL,5,51,359,2080.0,746720.0
2016-06-13,201606133432681,SKBBL,5,56,111,2079.0,230769.0
2016-06-13,201606133432671,SKBBL,5,38,12,2075.0,24900.0
2016-06-13,201606133432653,SKBBL,5,57,20,2070.0,41400.0
2016-06-13,201606133432645,SKBBL,5,6,119,2070.0,246330.0
2016-06-13,201606133432570,SKBBL,5,32,18,2060.0,37080.0
2016-06-13,201606133432647,SLICL,1,56,42,1070.0,44940.0
2016-06-13,201606133432642,SLICL,45,37,200,1091.0,218200.0
2016-06-13,201606133432641,SLICL,45,43,200,1085.0,217000.0
2016-06-13,201606133432640,SLICL,45,55,200,1084.0,216800.0
2016-06-13,201606133432563,SLICL,26,53,200,1071.0,214200.0
2016-06-13,201606133432555,SLICL,11,53,200,1075.0,215000.0
2016-06-13,201606133432553,SLICL,59,16,125,1086.0,135750.0
2016-06-13,201606133432433,SLICL,21,26,57,1085.0,61845.0
2016-06-13,201606133432398,SLICL,21,26,91,1085.0,98735.0
2016-06-13,201606133432383,SLICL,44,50,45,1075.0,48375.0
2016-06-13,201606133432811,SRBL,55,28,32,645.0,20640.0
2016-06-13,201606133432810,SRBL,36,48,243,644.0,156492.0
2016-06-13,201606133432799,SRBL,55,32,66,642.0,42372.0
2016-06-13,201606133432763,SRBL,14,6,248,642.0,159216.0
2016-06-13,201606133432590,SRBL,6,32,66,641.0,42306.0
2016-06-13,201606133432589,SRBL,6,34,60,641.0,38460.0
2016-06-13,201606133432467,SRBL,36,34,500,641.0,320500.0
2016-06-13,201606133432454,SRBL,56,13,38,639.0,24282.0
2016-06-13,201606133432359,SRBL,58,58,200,640.0,128000.0
2016-06-13,201606133432823,SWBBL,57,49,200,2780.0,556000.0
2016-06-13,201606133432746,SWBBL,47,1,100,2779.0,277900.0
2016-06-13,201606133432734,SWBBL,47,1,42,2775.0,116550.0
2016-06-13,201606133432649,SWBBL,34,45,84,2770.0,232680.0
2016-06-13,201606133432648,SWBBL,34,33,100,2770.0,277000.0
2016-06-13,201606133432535,SWBBL,34,20,100,2768.0,276800.0
2016-06-13,201606133432726,TBBL,16,58,20,333.0,6660.0
2016-06-13,201606133432698,TBBL,41,29,200,334.0,66800.0
2016-06-13,201606133432697,UIC,33,26,500,1510.0,755000.0
2016-06-13,201606133432688,UIC,33,55,88,1510.0,132880.0
2016-06-13,201606133432687,UIC,33,11,100,1510.0,151000.0
2016-06-13,201606133432686,UIC,33,32,250,1500.0,375000.0
2016-06-13,201606133432675,UIC,33,49,72,1505.0,108360.0
2016-06-13,201606133432434,UIC,56,49,250,1500.0,375000.0
2016-06-13,201606133432390,UIC,4,49,200,1500.0,300000.0
2016-06-13,201606133432375,UIC,43,49,50,1500.0,75000.0
2016-06-13,201606133432771,VLBS,40,41,23,1570.0,36110.0
2016-06-13,201606133432417,WDBL,42,25,31,445.0,13795.0
2016-06-13,201606133432630,WOMI,36,26,12,3015.0,36180.0
2016-06-13,201606133432629,WOMI,58,41,10,3016.0,30160.0
2016-06-13,201606133432618,WOMI,41,26,12,3016.0,36192.0
2016-06-13,201606133432598,WOMI,57,41,12,3015.0,36180.0
2016-06-13,201606133432594,WOMI,36,41,12,3015.0,36180.0
2016-06-13,201606133432581,WOMI,36,41,12,3015.0,36180.0
2016-06-13,201606133432384,WOMI,36,33,12,3012.0,36144.0
2016-06-13,201606133432516,WOMI,28,26,12,3013.0,36156.0
2016-06-13,201606133432496,WOMI,41,26,12,3015.0,36180.0
2016-06-13,201606133432479,WOMI,41,28,12,3015.0,36180.0
2016-06-13,201606133432458,WOMI,56,5,12,3040.0,36480.0
2016-06-13,201606133432438,WOMI,47,5,12,3040.0,36480.0
2016-06-13,201606133432394,WOMI,47,11,12,3020.0,36240.0
2016-06-13,201606133432658,YETI,58,56,30,215.0,6450.0
2016-06-13,201606133432494,YETI,22,38,59,215.0,12685.0
2016-06-13,201606133432475,YETI,5,38,169,215.0,36335.0
2016-06-13,201606133432461,YETI,14,38,129,215.0,27735.0
2016-06-13,201606133432449,YETI,22,38,129,216.0,27864.0
2016-06-13,201606133432420,YETI,8,51,86,217.0,18662.0
2016-06-13,201606133432392,YETI,8,51,200,217.0,43400.0
2016-06-13,201606133432391,YETI,7,51,200,218.0,43600.0
2016-06-13,201606133433556,ACEDBL,25,22,101,378.0,38178.0
2016-06-13,201606133433352,ACEDBL,16,38,200,375.0,75000.0
2016-06-13,201606133433846,ADBL,56,35,1000,704.0,704000.0
2016-06-13,201606133433793,ADBL,40,48,11,705.0,7755.0
2016-06-13,201606133433715,ADBL,14,1,502,705.0,353910.0
2016-06-13,201606133433714,ADBL,14,40,250,705.0,176250.0
2016-06-13,201606133433431,ADBL,58,22,600,700.0,420000.0
2016-06-13,201606133433430,ADBL,58,6,100,700.0,70000.0
2016-06-13,201606133433429,ADBL,58,47,295,700.0,206500.0
2016-06-13,201606133433392,ADBL,8,34,300,699.0,209700.0
2016-06-13,201606133433436,ADBL,58,7,39,700.0,27300.0
2016-06-13,201606133433435,ADBL,58,25,500,700.0,350000.0
2016-06-13,201606133433434,ADBL,58,6,40,700.0,28000.0
2016-06-13,201606133433433,ADBL,58,47,74,700.0,51800.0
2016-06-13,201606133433432,ADBL,58,41,300,700.0,210000.0
2016-06-13,201606133433522,ADBL,58,29,535,700.0,374500.0
2016-06-13,201606133433521,ADBL,58,48,200,700.0,140000.0
2016-06-13,201606133433520,ADBL,58,17,100,700.0,70000.0
2016-06-13,201606133433519,ADBL,58,39,500,700.0,350000.0
2016-06-13,201606133433518,ADBL,58,17,790,700.0,553000.0
2016-06-13,201606133433517,ADBL,58,19,50,699.0,34950.0
2016-06-13,201606133433713,ADBL,14,43,200,703.0,140600.0
2016-06-13,201606133433684,ADBL,56,6,100,700.0,70000.0
2016-06-13,201606133433642,ADBL,14,55,32,696.0,22272.0
2016-06-13,201606133433592,ADBL,56,47,100,701.0,70100.0
2016-06-13,201606133433530,ADBL,58,20,2000,700.0,1400000.0
2016-06-13,201606133433784,AHPC,45,33,300,357.0,107100.0
2016-06-13,201606133433731,AHPC,35,14,100,355.0,35500.0
2016-06-13,201606133433730,AHPC,35,6,200,355.0,71000.0
2016-06-13,201606133433612,AHPC,38,32,270,353.0,95310.0
2016-06-13,201606133433488,AHPC,47,32,146,354.0,51684.0
2016-06-13,201606133433418,AHPC,11,6,100,355.0,35500.0
2016-06-13,201606133433407,AHPC,43,5,363,354.0,128502.0
2016-06-13,201606133433841,ALDBL,34,17,100,560.0,56000.0
2016-06-13,201606133433615,ALDBL,34,26,300,559.0,167700.0
2016-06-13,201606133433726,ALICL,57,26,200,1556.0,311200.0
2016-06-13,201606133433811,API,25,13,26,778.0,20228.0
2016-06-13,201606133433802,API,25,18,350,777.0,271950.0
2016-06-13,201606133433801,API,45,6,100,775.0,77500.0
2016-06-13,201606133433512,API,25,55,16,772.0,12352.0
2016-06-13,201606133433499,API,42,55,26,771.0,20046.0
2016-06-13,201606133433441,API,25,55,16,771.0,12336.0
2016-06-13,201606133433738,ARDBL,16,16,702,310.0,217620.0
2016-06-13,201606133433698,ARDBL,32,39,35,312.0,10920.0
2016-06-13,201606133433690,ARDBL,32,43,285,312.0,88920.0
2016-06-13,201606133433410,ARDBL,32,4,42,311.0,13062.0
2016-06-13,201606133433406,ARDBL,32,38,33,307.0,10131.0
2016-06-13,201606133433401,ARDBL,32,38,33,307.0,10131.0
2016-06-13,201606133433389,ARDBL,32,38,33,307.0,10131.0
2016-06-13,201606133433388,ARDBL,32,47,100,307.0,30700.0
2016-06-13,201606133433375,ARDBL,32,25,40,305.0,12200.0
2016-06-13,201606133433374,ARDBL,32,25,40,305.0,12200.0
2016-06-13,201606133433373,ARDBL,32,32,500,305.0,152500.0
2016-06-13,201606133433676,BARUN,45,45,10,399.0,3990.0
2016-06-13,201606133433669,BARUN,45,45,10,399.0,3990.0
2016-06-13,201606133433790,CBBL,21,6,440,2135.0,939400.0
2016-06-13,201606133433766,CBBL,48,6,50,2135.0,106750.0
2016-06-13,201606133433745,CBBL,22,6,450,2135.0,960750.0
2016-06-13,201606133433744,CBBL,22,48,50,2134.0,106700.0
2016-06-13,201606133433729,CBBL,56,6,60,2135.0,128100.0
2016-06-13,201606133433645,CBBL,36,44,200,2129.0,425800.0
2016-06-13,201606133433622,CBBL,21,48,231,2130.0,492030.0
2016-06-13,201606133433590,CBBL,14,44,150,2128.0,319200.0
2016-06-13,201606133433538,CBBL,40,44,50,2128.0,106400.0
2016-06-13,201606133433686,CBBL,44,44,160,2129.0,340640.0
2016-06-13,201606133433671,CBBL,36,6,500,2135.0,1067500.0
2016-06-13,201606133433656,CBBL,36,6,500,2135.0,1067500.0
2016-06-13,201606133433648,CBBL,21,22,50,2130.0,106500.0
2016-06-13,201606133433480,CCBL,19,55,45,417.0,18765.0
2016-06-13,201606133433525,CHCL,57,33,50,1389.0,69450.0
2016-06-13,201606133433382,CHCL,57,25,50,1389.0,69450.0
2016-06-13,201606133433381,CHCL,57,25,100,1389.0,138900.0
2016-06-13,201606133433367,CHCL,19,26,30,1379.0,41370.0
2016-06-13,201606133433599,CIT,10,32,50,4390.0,219500.0
2016-06-13,201606133433598,CIT,10,52,50,4390.0,219500.0
2016-06-13,201606133433716,CZBIL,6,19,100,579.0,57900.0
2016-06-13,201606133433703,CZBIL,17,7,507,578.0,293046.0
2016-06-13,201606133433692,CZBIL,13,55,75,577.0,43275.0
2016-06-13,201606133433691,CZBIL,13,55,150,577.0,86550.0
2016-06-13,201606133433506,CZBIL,11,55,100,577.0,57700.0
2016-06-13,201606133433415,CZBIL,6,55,50,577.0,28850.0
2016-06-13,201606133433850,DDBL,20,44,80,3280.0,262400.0
2016-06-13,201606133433772,DDBL,22,44,50,3280.0,164000.0
2016-06-13,201606133433763,DDBL,22,48,100,3275.0,327500.0
2016-06-13,201606133433673,DDBL,17,47,420,3270.0,1373400.0
2016-06-13,201606133433472,DDBL,21,26,100,3265.0,326500.0
2016-06-13,201606133433386,DDBL,49,44,50,3280.0,164000.0
2016-06-13,201606133433378,DDBL,3,44,30,3280.0,98400.0
2016-06-13,201606133433355,DDBL,17,44,50,3280.0,164000.0
2016-06-13,201606133433354,DDBL,17,45,50,3275.0,163750.0
2016-06-13,201606133433353,DDBL,3,44,20,3280.0,65600.0
2016-06-13,201606133433818,EBL,43,35,200,3174.0,634800.0
2016-06-13,201606133433805,EBL,36,58,100,3162.0,316200.0
2016-06-13,201606133433796,EBL,57,58,150,3162.0,474300.0
2016-06-13,201606133433789,EBL,34,58,50,3162.0,158100.0
2016-06-13,201606133433776,EBL,45,58,500,3162.0,1581000.0
2016-06-13,201606133433775,EBL,40,58,200,3165.0,633000.0
2016-06-13,201606133433611,EBL,18,20,100,3175.0,317500.0
2016-06-13,201606133433453,EBL,47,47,19,3174.0,60306.0
2016-06-13,201606133433390,EBL,57,47,70,3174.0,222180.0
2016-06-13,201606133433757,EBL,42,42,11,3163.0,34793.0
2016-06-13,201606133433694,EBL,42,35,100,3174.0,317400.0
2016-06-13,201606133433693,EBL,57,35,100,3174.0,317400.0
2016-06-13,201606133433629,EBL,20,20,50,3175.0,158750.0
2016-06-13,201606133433387,EDBL,19,39,200,637.0,127400.0
2016-06-13,201606133433632,EDBL,19,17,160,637.0,101920.0
2016-06-13,201606133433767,EIC,38,6,500,1908.0,954000.0
2016-06-13,201606133433647,EIC,38,1,200,1905.0,381000.0
2016-06-13,201606133433571,EIC,38,47,300,1900.0,570000.0
2016-06-13,201606133433628,FBBL,4,52,35,426.0,14910.0
2016-06-13,201606133433513,FBBL,14,52,35,430.0,15050.0
2016-06-13,201606133433831,FMDBL,29,56,100,1640.0,164000.0
2016-06-13,201606133433500,FMDBL,14,44,200,1642.0,328400.0
2016-06-13,201606133433400,FMDBL,21,59,100,1610.0,161000.0
2016-06-13,201606133433733,GBIME,5,54,712,513.0,365256.0
2016-06-13,201606133433711,GBIME,5,25,300,514.0,154200.0
2016-06-13,201606133433695,GBIME,5,17,158,514.0,81212.0
2016-06-13,201606133433672,GBIME,5,29,24,514.0,12336.0
2016-06-13,201606133433602,GBIME,22,42,150,512.0,76800.0
2016-06-13,201606133433827,GFCL,43,1,1052,272.0,286144.0
2016-06-13,201606133433558,GFCL,41,19,200,268.0,53600.0
2016-06-13,201606133433689,GLICL,47,28,50,900.0,45000.0
2016-06-13,201606133433657,GLICL,47,28,50,900.0,45000.0
2016-06-13,201606133433618,GLICL,56,57,200,910.0,182000.0
2016-06-13,201606133433617,GLICL,56,58,300,910.0,273000.0
2016-06-13,201606133433603,GLICL,56,58,500,910.0,455000.0
2016-06-13,201606133433536,GLICL,56,1,190,909.0,172710.0
2016-06-13,201606133433482,GLICL,17,53,452,900.0,406800.0
2016-06-13,201606133433479,GLICL,17,32,506,900.0,455400.0
2016-06-13,201606133433478,GLICL,17,5,200,900.0,180000.0
2016-06-13,201606133433477,GLICL,56,5,300,900.0,270000.0
2016-06-13,201606133433425,GLICL,20,5,100,900.0,90000.0
2016-06-13,201606133433739,HBL,44,8,121,1500.0,181500.0
2016-06-13,201606133433835,HGI,53,8,900,1420.0,1278000.0
2016-06-13,201606133433809,HGI,33,58,1000,1415.0,1415000.0
2016-06-13,201606133433719,HGI,50,11,100,1405.0,140500.0
2016-06-13,201606133433718,HGI,50,11,50,1405.0,70250.0
2016-06-13,201606133433717,HGI,10,11,500,1406.0,703000.0
2016-06-13,201606133433595,HGI,39,8,300,1403.0,420900.0
2016-06-13,201606133433528,HGI,39,29,300,1403.0,420900.0
2016-06-13,201606133433527,HGI,39,29,100,1404.0,140400.0
2016-06-13,201606133433526,HGI,48,29,100,1405.0,140500.0
2016-06-13,201606133433380,ICFC,17,28,350,300.0,105000.0
2016-06-13,201606133433839,ILFCM,41,36,36,1508.0,54288.0
2016-06-13,201606133433747,ILFCM,5,38,281,1479.0,415599.0
2016-06-13,201606133433586,ILFCM,58,50,15,1450.0,21750.0
2016-06-13,201606133433585,ILFCM,58,53,200,1450.0,290000.0
2016-06-13,201606133433584,ILFCM,58,7,10,1450.0,14500.0
2016-06-13,201606133433583,ILFCM,58,7,10,1450.0,14500.0
2016-06-13,201606133433409,ILFCM,1,11,10,1420.0,14200.0
2016-06-13,201606133433362,ILFCM,1,11,10,1420.0,14200.0
2016-06-13,201606133433582,ILFCM,58,7,200,1450.0,290000.0
2016-06-13,201606133433581,ILFCM,58,42,10,1450.0,14500.0
2016-06-13,201606133433577,ILFCM,58,47,130,1448.0,188240.0
2016-06-13,201606133433576,ILFCM,58,21,10,1445.0,14450.0
2016-06-13,201606133433573,ILFCM,58,6,15,1445.0,21675.0
2016-06-13,201606133433503,ILFCM,16,44,15,1422.0,21330.0
2016-06-13,201606133433630,JFL,8,42,1000,340.0,340000.0
2016-06-13,201606133433398,JFL,14,38,330,340.0,112200.0
2016-06-13,201606133433397,JFL,48,38,180,340.0,61200.0
2016-06-13,201606133433749,KMCDB,34,55,170,1975.0,335750.0
2016-06-13,201606133433748,KMCDB,34,45,240,1975.0,474000.0
2016-06-13,201606133433466,KMCDB,7,33,652,1970.0,1284440.0
2016-06-13,201606133433658,KMCDB,10,44,371,1970.0,730870.0
2016-06-13,201606133433471,KMFL,58,13,10,1045.0,10450.0
2016-06-13,201606133433708,KRBL,6,17,10,250.0,2500.0
2016-06-13,201606133433707,KRBL,39,17,100,250.0,25000.0
2016-06-13,201606133433706,KRBL,21,17,10,250.0,2500.0
2016-06-13,201606133433473,KRBL,6,6,190,250.0,47500.0
2016-06-13,201606133433762,LBL,45,19,150,789.0,118350.0
2016-06-13,201606133433761,LBL,45,8,60,789.0,47340.0
2016-06-13,201606133433751,LBL,26,38,46,786.0,36156.0
2016-06-13,201606133433567,LBL,26,38,140,786.0,110040.0
2016-06-13,201606133433554,LBL,55,8,80,789.0,63120.0
2016-06-13,201606133433416,LBL,20,8,100,789.0,78900.0
2016-06-13,201606133433638,LFLC,39,1,100,341.0,34100.0
2016-06-13,201606133433637,LFLC,39,47,70,340.0,23800.0
2016-06-13,201606133433781,LGIL,33,38,904,1366.0,1234864.0
2016-06-13,201606133433780,LGIL,33,32,1000,1365.0,1365000.0
2016-06-13,201606133433687,LGIL,10,25,296,1360.0,402560.0
2016-06-13,201606133433740,LLBS,56,41,100,3041.0,304100.0
2016-06-13,201606133433773,MEGA,43,56,636,515.0,327540.0
2016-06-13,201606133433614,MEGA,52,13,17,515.0,8755.0
2016-06-13,201606133433565,MEGA,52,13,17,515.0,8755.0
2016-06-13,201606133433542,MEGA,52,13,17,515.0,8755.0
2016-06-13,201606133433442,MEGA,45,13,17,516.0,8772.0
2016-06-13,201606133433404,MEGA,45,22,30,515.0,15450.0
2016-06-13,201606133433683,MFIL,8,55,500,340.0,170000.0
2016-06-13,201606133433682,MFIL,8,17,500,340.0,170000.0
2016-06-13,201606133433681,MFIL,8,49,1000,340.0,340000.0
2016-06-13,201606133433667,MFIL,8,48,12,339.0,4068.0
2016-06-13,201606133433666,MFIL,8,48,2500,339.0,847500.0
2016-06-13,201606133433665,MFIL,8,52,410,339.0,138990.0
2016-06-13,201606133433631,MFIL,26,48,200,339.0,67800.0
2016-06-13,201606133433454,MFIL,37,48,100,339.0,33900.0
2016-06-13,201606133433507,MIDBL,7,47,300,604.0,181200.0
2016-06-13,201606133433782,MLBBL,45,5,100,2100.0,210000.0
2016-06-13,201606133433769,MSMBS,44,50,19,1650.0,31350.0
2016-06-13,201606133433768,MSMBS,44,50,20,1650.0,33000.0
2016-06-13,201606133433848,NABIL,51,34,100,2335.0,233500.0
2016-06-13,201606133433783,NABIL,17,6,500,2319.0,1159500.0
2016-06-13,201606133433760,NABIL,17,41,100,2330.0,233000.0
2016-06-13,201606133433759,NABIL,17,36,25,2330.0,58250.0
2016-06-13,201606133433753,NABIL,17,36,41,2330.0,95530.0
2016-06-13,201606133433752,NABIL,17,8,250,2328.0,582000.0
2016-06-13,201606133433727,NABIL,13,8,50,2328.0,116400.0
2016-06-13,201606133433712,NABIL,49,8,200,2328.0,465600.0
2016-06-13,201606133433668,NABIL,7,32,50,2329.0,116450.0
2016-06-13,201606133433578,NABIL,19,44,100,2329.0,232900.0
2016-06-13,201606133433562,NABIL,40,7,100,2325.0,232500.0
2016-06-13,201606133433421,NABILP,6,21,100,1790.0,179000.0
2016-06-13,201606133433705,NABILP,6,17,50,1790.0,89500.0
2016-06-13,201606133433704,NABILP,6,17,80,1790.0,143200.0
2016-06-13,201606133433826,NBB,55,44,100,870.0,87000.0
2016-06-13,201606133433791,NBB,16,44,100,870.0,87000.0
2016-06-13,201606133433755,NBB,13,16,687,869.0,597003.0
2016-06-13,201606133433728,NBB,37,50,1066,868.0,925288.0
2016-06-13,201606133433685,NBB,33,25,100,868.0,86800.0
2016-06-13,201606133433664,NBB,46,25,200,868.0,173600.0
2016-06-13,201606133433385,NBB,35,10,300,868.0,260400.0
2016-06-13,201606133433366,NBB,6,6,950,867.0,823650.0
2016-06-13,201606133433627,NBB,7,25,200,868.0,173600.0
2016-06-13,201606133433587,NBB,6,25,50,868.0,43400.0
2016-06-13,201606133433579,NBB,17,25,100,868.0,86800.0
2016-06-13,201606133433545,NBB,52,25,100,868.0,86800.0
2016-06-13,201606133433544,NBB,51,25,50,868.0,43400.0
2016-06-13,201606133433543,NBB,35,25,200,868.0,173600.0
2016-06-13,201606133433379,NBBL,44,25,19,3845.0,73055.0
2016-06-13,201606133433836,NBF1,51,47,10000,18.15,181500.0
2016-06-13,201606133433823,NBF1,51,6,1199,18.12,21725.88
2016-06-13,201606133433810,NBF1,51,6,1199,18.1,21701.9
2016-06-13,201606133433797,NBF1,51,6,1199,18.1,21701.9
2016-06-13,201606133433785,NBF1,51,6,1199,18.06,21653.94
2016-06-13,201606133433552,NBF1,8,57,2287,18.05,41280.35
2016-06-13,201606133433496,NBF1,8,6,1199,18.05,21641.95
2016-06-13,201606133433412,NBF1,26,39,4575,18.0,82350.0
2016-06-13,201606133433405,NBF1,8,39,4575,18.05,82578.75
2016-06-13,201606133433679,NBL,36,1,50,480.0,24000.0
2016-06-13,201606133433678,NBL,36,50,2000,480.0,960000.0
2016-06-13,201606133433675,NBL,28,58,10000,478.0,4780000.0
2016-06-13,201606133433674,NBL,57,58,1000,479.0,479000.0
2016-06-13,201606133433643,NBL,57,45,1000,479.0,479000.0
2016-06-13,201606133433604,NBL,28,59,35,480.0,16800.0
2016-06-13,201606133433539,NBL,28,58,500,480.0,240000.0
2016-06-13,201606133433439,NBL,28,13,500,480.0,240000.0
2016-06-13,201606133433438,NBL,28,52,350,480.0,168000.0
2016-06-13,201606133433437,NBL,28,32,500,480.0,240000.0
2016-06-13,201606133433395,NBL,28,6,33,480.0,15840.0
2016-06-13,201606133433394,NBL,28,6,190,480.0,91200.0
2016-06-13,201606133433368,NHPC,49,49,1000,196.0,196000.0
2016-06-13,201606133433440,NIB,45,32,50,1060.0,53000.0
2016-06-13,201606133433777,NIBPO,35,49,500,907.0,453500.0
2016-06-13,201606133433613,NIBPO,54,54,500,906.0,453000.0
2016-06-13,201606133433596,NIBPO,52,54,100,910.0,91000.0
2016-06-13,201606133433487,NIBPO,41,32,100,927.0,92700.0
2016-06-13,201606133433779,NICA,11,55,83,760.0,63080.0
2016-06-13,201606133433702,NICA,11,14,40,760.0,30400.0
2016-06-13,201606133433563,NICA,42,44,41,760.0,31160.0
2016-06-13,201606133433725,NICL,1,10,280,1201.0,336280.0
2016-06-13,201606133433724,NICL,44,10,100,1201.0,120100.0
2016-06-13,201606133433723,NICL,52,10,20,1202.0,24040.0
2016-06-13,201606133433697,NLBBL,45,44,80,2440.0,195200.0
2016-06-13,201606133433696,NLBBL,45,29,20,2425.0,48500.0
2016-06-13,201606133433621,NLBBL,45,33,25,2420.0,60500.0
2016-06-13,201606133433813,NLG,48,53,120,1813.0,217560.0
2016-06-13,201606133433756,NLG,41,53,100,1813.0,181300.0
2016-06-13,201606133433737,NLG,35,26,475,1805.0,857375.0
2016-06-13,201606133433508,NLG,34,38,18,1800.0,32400.0
2016-06-13,201606133433505,NLG,34,29,18,1800.0,32400.0
2016-06-13,201606133433504,NLG,34,34,60,1800.0,108000.0
2016-06-13,201606133433489,NLG,34,34,200,1800.0,360000.0
2016-06-13,201606133433840,NMB,42,38,11,720.0,7920.0
2016-06-13,201606133433837,NMB,37,13,400,718.0,287200.0
2016-06-13,201606133433770,NMB,43,13,100,718.0,71800.0
2016-06-13,201606133433758,NMB,49,13,429,718.0,308022.0
2016-06-13,201606133433732,NMB,49,22,865,717.0,620205.0
2016-06-13,201606133433651,NMB,33,52,200,717.0,143400.0
2016-06-13,201606133433623,NMB,52,6,100,717.0,71700.0
2016-06-13,201606133433619,NMB,35,22,167,717.0,119739.0
2016-06-13,201606133433555,NMB,42,38,11,717.0,7887.0
2016-06-13,201606133433570,NMBMF,20,13,10,2024.0,20240.0
2016-06-13,201606133433650,NUBL,46,19,50,2244.0,112200.0
2016-06-13,201606133433593,NUBL,45,39,1000,2220.0,2220000.0
2016-06-13,201606133433568,NUBL,36,11,200,2220.0,444000.0
2016-06-13,201606133433553,NUBL,34,11,38,2203.0,83714.0
2016-06-13,201606133433511,NUBL,40,4,100,2200.0,220000.0
2016-06-13,201606133433754,OHL,4,11,100,515.0,51500.0
2016-06-13,201606133433828,PCBL,49,38,100,711.0,71100.0
2016-06-13,201606133433735,PCBL,58,6,640,710.0,454400.0
2016-06-13,201606133433722,PCBL,57,6,160,710.0,113600.0
2016-06-13,201606133433721,PCBL,57,6,240,710.0,170400.0
2016-06-13,201606133433720,PCBL,19,6,400,710.0,284000.0
2016-06-13,201606133433641,PCBL,49,6,20,710.0,14200.0
2016-06-13,201606133433640,PCBL,19,6,20,710.0,14200.0
2016-06-13,201606133433639,PCBL,45,6,320,711.0,227520.0
2016-06-13,201606133433524,PCBL,45,36,80,711.0,56880.0
2016-06-13,201606133433427,PCBL,19,32,100,710.0,71000.0
2016-06-13,201606133433399,PCBL,49,36,200,711.0,142200.0
2016-06-13,201606133433510,PFL,13,53,200,304.0,60800.0
2016-06-13,201606133433509,PFL,3,53,100,304.0,30400.0
2016-06-13,201606133433817,PIC,22,46,250,1900.0,475000.0
2016-06-13,201606133433816,PIC,54,46,150,1900.0,285000.0
2016-06-13,201606133433815,PIC,21,46,200,1909.0,381800.0
2016-06-13,201606133433814,PIC,45,46,100,1910.0,191000.0
2016-06-13,201606133433644,PIC,46,5,300,1925.0,577500.0
2016-06-13,201606133433486,PIC,22,34,500,1930.0,965000.0
2016-06-13,201606133433365,PIC,53,46,495,1920.0,950400.0
2016-06-13,201606133433356,PIC,54,46,300,1910.0,573000.0
2016-06-13,201606133433843,PICL,56,46,434,1400.0,607600.0
2016-06-13,201606133433829,PICL,56,5,400,1399.0,559600.0
2016-06-13,201606133433774,PICL,17,46,450,1380.0,621000.0
2016-06-13,201606133433633,PICL,17,28,50,1380.0,69000.0
2016-06-13,201606133433501,PICL,17,17,500,1401.0,700500.0
2016-06-13,201606133433495,PICL,17,37,80,1400.0,112000.0
2016-06-13,201606133433494,PICL,17,57,100,1400.0,140000.0
2016-06-13,201606133433493,PICL,17,46,290,1400.0,406000.0
2016-06-13,201606133433384,PICL,53,48,283,1399.0,395917.0
2016-06-13,201606133433428,PLIC,7,38,180,1881.0,338580.0
2016-06-13,201606133433575,PRIN,38,45,1000,1425.0,1425000.0
2016-06-13,201606133433822,PROFL,22,6,670,160.0,107200.0
2016-06-13,201606133433821,PROFL,39,6,330,161.0,53130.0
2016-06-13,201606133433847,RMDC,59,22,20,1115.0,22300.0
2016-06-13,201606133433799,RMDC,7,53,150,1107.0,166050.0
2016-06-13,201606133433778,RMDC,1,21,63,1110.0,69930.0
2016-06-13,201606133433771,RMDC,7,53,100,1107.0,110700.0
2016-06-13,201606133433709,RMDC,50,6,100,1110.0,111000.0
2016-06-13,201606133433680,RMDC,26,33,200,1110.0,222000.0
2016-06-13,201606133433370,RMDC,14,43,30,1100.0,33000.0
2016-06-13,201606133433369,RMDC,14,14,500,1100.0,550000.0
2016-06-13,201606133433414,RMDC,36,41,34,1105.0,37570.0
2016-06-13,201606133433413,RMDC,36,21,100,1105.0,110500.0
2016-06-13,201606133433408,RMDC,36,33,55,1102.0,60610.0
2016-06-13,201606133433402,RMDC,36,39,200,1102.0,220400.0
2016-06-13,201606133433396,RMDC,14,41,55,1102.0,60610.0
2016-06-13,201606133433393,RMDC,59,26,100,1101.0,110100.0
2016-06-13,201606133433452,RMDC,36,40,450,1105.0,497250.0
2016-06-13,201606133433451,RMDC,59,40,150,1105.0,165750.0
2016-06-13,201606133433446,RMDC,59,28,18,1109.0,19962.0
2016-06-13,201606133433445,RMDC,59,51,100,1108.0,110800.0
2016-06-13,201606133433444,RMDC,59,51,50,1108.0,55400.0
2016-06-13,201606133433422,RMDC,36,33,776,1107.0,859032.0
2016-06-13,201606133433476,RMDC,41,32,50,1115.0,55750.0
2016-06-13,201606133433475,RMDC,41,26,100,1114.0,111400.0
2016-06-13,201606133433458,RMDC,59,16,400,1111.0,444400.0
2016-06-13,201606133433457,RMDC,59,38,400,1110.0,444000.0
2016-06-13,201606133433456,RMDC,59,53,150,1110.0,166500.0
2016-06-13,201606133433455,RMDC,36,53,50,1110.0,55500.0
2016-06-13,201606133433561,RMDC,45,14,500,1110.0,555000.0
2016-06-13,201606133433551,RMDC,45,43,14,1115.0,15610.0
2016-06-13,201606133433550,RMDC,45,43,14,1115.0,15610.0
2016-06-13,201606133433540,RMDC,45,43,14,1105.0,15470.0
2016-06-13,201606133433516,RMDC,59,5,100,1100.0,110000.0
2016-06-13,201606133433481,RMDC,59,33,50,1111.0,55550.0
2016-06-13,201606133433670,RMDC,41,14,500,1115.0,557500.0
2016-06-13,201606133433660,RMDC,59,14,100,1115.0,111500.0
2016-06-13,201606133433609,RMDC,45,26,100,1120.0,112000.0
2016-06-13,201606133433608,RMDC,45,25,100,1120.0,112000.0
2016-06-13,201606133433607,RMDC,45,10,100,1118.0,111800.0
2016-06-13,201606133433600,RMDC,36,39,100,1117.0,111700.0
2016-06-13,201606133433605,SAJHA,25,32,172,265.0,45580.0
2016-06-13,201606133433523,SAJHA,3,50,35,261.0,9135.0
2016-06-13,201606133433710,SANIMA,28,35,31,672.0,20832.0
2016-06-13,201606133433572,SANIMA,16,52,830,672.0,557760.0
2016-06-13,201606133433541,SANIMA,28,51,150,670.0,100500.0
2016-06-13,201606133433485,SANIMA,11,51,50,670.0,33500.0
2016-06-13,201606133433484,SANIMA,11,51,50,670.0,33500.0
2016-06-13,201606133433364,SANIMA,20,51,200,670.0,134000.0
2016-06-13,201606133433363,SANIMA,20,1,300,669.0,200700.0
2016-06-13,201606133433357,SANIMA,26,51,50,670.0,33500.0
2016-06-13,201606133433794,SBI,56,1,50,1770.0,88500.0
2016-06-13,201606133433743,SBI,44,6,300,1768.0,530400.0
2016-06-13,201606133433742,SBI,43,6,200,1769.0,353800.0
2016-06-13,201606133433534,SBI,38,1,100,1770.0,177000.0
2016-06-13,201606133433420,SBI,34,6,430,1774.0,762820.0
2016-06-13,201606133433419,SBI,34,19,70,1774.0,124180.0
2016-06-13,201606133433832,SCB,4,48,100,3370.0,337000.0
2016-06-13,201606133433750,SCB,50,58,500,3370.0,1685000.0
2016-06-13,201606133433655,SCB,6,4,50,3375.0,168750.0
2016-06-13,201606133433424,SCB,33,11,25,3375.0,84375.0
2016-06-13,201606133433423,SCB,33,1,20,3370.0,67400.0
2016-06-13,201606133433786,SEOS,21,10,700,11.7,8190.0
2016-06-13,201606133433564,SEWA,51,51,300,461.0,138300.0
2016-06-13,201606133433636,SHL,43,32,100,370.0,37000.0
2016-06-13,201606133433635,SHL,43,58,100,370.0,37000.0
2016-06-13,201606133433502,SHL,38,45,500,363.0,181500.0
2016-06-13,201606133433450,SHL,49,45,1000,364.0,364000.0
2016-06-13,201606133433449,SHL,39,45,200,364.0,72800.0
2016-06-13,201606133433448,SHL,4,45,300,365.0,109500.0
2016-06-13,201606133433734,SHPC,47,10,400,868.0,347200.0
2016-06-13,201606133433535,SHPC,52,55,18,864.0,15552.0
2016-06-13,201606133433443,SHPC,51,11,10,866.0,8660.0
2016-06-13,201606133433820,SIC,17,5,137,2299.0,314963.0
2016-06-13,201606133433795,SIC,43,49,100,2290.0,229000.0
2016-06-13,201606133433701,SIC,47,49,120,2282.0,273840.0
2016-06-13,201606133433700,SIC,52,49,70,2283.0,159810.0
2016-06-13,201606133433377,SIC,38,43,100,2282.0,228200.0
2016-06-13,201606133433788,SICL,11,59,100,3140.0,314000.0
2016-06-13,201606133433787,SICL,11,44,200,3139.0,627800.0
2016-06-13,201606133433746,SICL,14,6,22,3110.0,68420.0
2016-06-13,201606133433646,SICL,14,41,22,3100.0,68200.0
2016-06-13,201606133433634,SICL,14,42,10,3100.0,31000.0
2016-06-13,201606133433483,SICL,50,38,100,3100.0,310000.0
2016-06-13,201606133433825,SIL,44,16,240,2010.0,482400.0
2016-06-13,201606133433824,SIL,44,5,400,2010.0,804000.0
2016-06-13,201606133433804,SIL,44,34,200,2000.0,400000.0
2016-06-13,201606133433803,SIL,44,42,280,2000.0,560000.0
2016-06-13,201606133433798,SIL,44,42,500,2000.0,1000000.0
2016-06-13,201606133433741,SIL,43,42,50,2000.0,100000.0
2016-06-13,201606133433659,SIL,14,56,300,1999.0,599700.0
2016-06-13,201606133433470,SIL,48,46,100,1990.0,199000.0
2016-06-13,201606133433469,SIL,7,46,200,1990.0,398000.0
2016-06-13,201606133433468,SIL,38,46,100,1991.0,199100.0
2016-06-13,201606133433467,SIL,38,46,150,1992.0,298800.0
2016-06-13,201606133433806,SINDU,58,41,73,523.0,38179.0
2016-06-13,201606133433654,SINDU,22,49,450,515.0,231750.0
2016-06-13,201606133433653,SINDU,1,49,500,515.0,257500.0
2016-06-13,201606133433652,SINDU,14,49,50,520.0,26000.0
2016-06-13,201606133433616,SINDU,39,58,500,522.0,261000.0
2016-06-13,201606133433560,SINDU,14,5,250,520.0,130000.0
2016-06-13,201606133433559,SINDU,14,21,100,518.0,51800.0
2016-06-13,201606133433474,SINDU,14,5,312,520.0,162240.0
2016-06-13,201606133433580,SKBBL,6,21,50,2110.0,105500.0
2016-06-13,201606133433557,SKBBL,59,11,50,2150.0,107500.0
2016-06-13,201606133433549,SKBBL,59,47,62,2142.0,132804.0
2016-06-13,201606133433548,SKBBL,59,1,40,2142.0,85680.0
2016-06-13,201606133433547,SKBBL,59,8,50,2140.0,107000.0
2016-06-13,201606133433546,SKBBL,59,39,750,2140.0,1605000.0
2016-06-13,201606133433533,SKBBL,59,39,29,2132.0,61828.0
2016-06-13,201606133433532,SKBBL,59,6,100,2117.0,211700.0
2016-06-13,201606133433531,SKBBL,59,1,50,2115.0,105750.0
2016-06-13,201606133433845,SLICL,36,6,100,1070.0,107000.0
2016-06-13,201606133433844,SLICL,36,42,120,1065.0,127800.0
2016-06-13,201606133433625,SRBL,49,55,21,645.0,13545.0
2016-06-13,201606133433498,SRBL,49,42,610,642.0,391620.0
2016-06-13,201606133433465,SRBL,19,42,200,642.0,128400.0
2016-06-13,201606133433464,SRBL,38,42,500,642.0,321000.0
2016-06-13,201606133433463,SRBL,55,42,200,645.0,129000.0
2016-06-13,201606133433462,SRBL,55,42,400,645.0,258000.0
2016-06-13,201606133433359,SRBL,39,11,200,650.0,130000.0
2016-06-13,201606133433358,SRBL,39,1,100,650.0,65000.0
2016-06-13,201606133433461,SRBL,36,42,100,645.0,64500.0
2016-06-13,201606133433460,SRBL,49,42,160,650.0,104000.0
2016-06-13,201606133433459,SRBL,39,42,30,650.0,19500.0
2016-06-13,201606133433417,SRBL,49,3,40,650.0,26000.0
2016-06-13,201606133433361,SRBL,39,21,270,650.0,175500.0
2016-06-13,201606133433360,SRBL,39,6,100,650.0,65000.0
2016-06-13,201606133433838,SWBBL,26,26,201,2772.0,557172.0
2016-06-13,201606133433830,SWBBL,45,26,15,2810.0,42150.0
2016-06-13,201606133433819,SWBBL,34,26,15,2810.0,42150.0
2016-06-13,201606133433812,SWBBL,44,48,200,2810.0,562000.0
2016-06-13,201606133433808,SWBBL,48,48,300,2810.0,843000.0
2016-06-13,201606133433807,SWBBL,34,48,500,2810.0,1405000.0
2016-06-13,201606133433736,SWBBL,48,38,11,2810.0,30910.0
2016-06-13,201606133433699,SWBBL,44,22,425,2800.0,1190000.0
2016-06-13,201606133433649,SWBBL,8,43,101,2795.0,282295.0
2016-06-13,201606133433490,SWBBL,47,49,10,2799.0,27990.0
2016-06-13,201606133433403,SWBBL,6,49,90,2799.0,251910.0
2016-06-13,201606133433589,SYFL,39,14,1000,130.0,130000.0
2016-06-13,201606133433515,UIC,56,42,100,1515.0,151500.0
2016-06-13,201606133433514,UIC,56,56,300,1513.0,453900.0
2016-06-13,201606133433492,UIC,44,57,200,1510.0,302000.0
2016-06-13,201606133433491,UIC,44,26,500,1510.0,755000.0
2016-06-13,201606133433851,VLBS,44,44,523,1560.0,815880.0
2016-06-13,201606133433834,VLBS,58,38,50,1575.0,78750.0
2016-06-13,201606133433800,VLBS,47,19,10,1580.0,15800.0
2016-06-13,201606133433765,VLBS,47,26,222,1580.0,350760.0
2016-06-13,201606133433764,VLBS,47,55,10,1575.0,15750.0
2016-06-13,201606133433688,VLBS,58,11,100,1565.0,156500.0
2016-06-13,201606133433677,VLBS,58,16,435,1560.0,678600.0
2016-06-13,201606133433663,VLBS,58,52,10,1560.0,15600.0
2016-06-13,201606133433662,VLBS,58,52,10,1560.0,15600.0
2016-06-13,201606133433661,VLBS,58,52,10,1560.0,15600.0
2016-06-13,201606133433391,VLBS,25,50,10,1551.0,15510.0
2016-06-13,201606133433792,WDBL,45,6,61,440.0,26840.0
2016-06-13,201606133433849,WOMI,58,42,12,3050.0,36600.0
2016-06-13,201606133433833,WOMI,26,14,12,3031.0,36372.0
2016-06-13,201606133433610,WOMI,58,25,12,3075.0,36900.0
2016-06-13,201606133433601,WOMI,58,38,10,3060.0,30600.0
2016-06-13,201606133433597,WOMI,58,48,12,3058.0,36696.0
2016-06-13,201606133433594,WOMI,58,48,12,3058.0,36696.0
2016-06-13,201606133433426,WOMI,36,26,12,3026.0,36312.0
2016-06-13,201606133433376,WOMI,36,49,12,3026.0,36312.0
2016-06-13,201606133433591,WOMI,58,43,12,3050.0,36600.0
2016-06-13,201606133433588,WOMI,5,11,12,3050.0,36600.0
2016-06-13,201606133433574,WOMI,5,1,12,3050.0,36600.0
2016-06-13,201606133433569,WOMI,58,22,12,3050.0,36600.0
2016-06-13,201606133433566,WOMI,58,47,12,3050.0,36600.0
2016-06-13,201606133433497,WOMI,36,6,20,3026.0,60520.0
2016-06-13,201606133433842,YETI,33,13,1000,219.0,219000.0
2016-06-13,201606133433626,YETI,18,49,61,217.0,13237.0
2016-06-13,201606133433624,YETI,33,13,1000,218.0,218000.0
2016-06-13,201606133433447,YETI,18,55,40,217.0,8680.0
2016-06-13,201606133433411,YETI,18,55,40,217.0,8680.0
2016-06-13,201606133433882,ACEDBL,43,52,100,378.0,37800.0
2016-06-13,201606133434291,ADBL,56,22,942,704.0,663168.0
2016-06-13,201606133434081,ADBL,8,7,200,705.0,141000.0
2016-06-13,201606133434033,ADBL,55,22,390,706.0,275340.0
2016-06-13,201606133434026,ADBL,8,39,500,705.0,352500.0
2016-06-13,201606133433992,ADBL,55,6,150,704.0,105600.0
2016-06-13,201606133433922,ADBL,56,35,1000,704.0,704000.0
2016-06-13,201606133434347,AHPC,35,26,100,355.0,35500.0
2016-06-13,201606133434316,AHPC,43,32,100,356.0,35600.0
2016-06-13,201606133434272,AHPC,18,6,100,357.0,35700.0
2016-06-13,201606133434214,AHPC,43,26,50,356.0,17800.0
2016-06-13,201606133434204,AHPC,43,26,50,356.0,17800.0
2016-06-13,201606133434022,AHPC,18,33,500,357.0,178500.0
2016-06-13,201606133434014,AHPC,18,33,200,357.0,71400.0
2016-06-13,201606133434006,AHPC,18,48,300,356.0,106800.0
2016-06-13,201606133434276,ALDBL,32,26,11,551.0,6061.0
2016-06-13,201606133434305,ALICL,58,44,500,1559.0,779500.0
2016-06-13,201606133433952,ALICL,49,59,300,1558.0,467400.0
2016-06-13,201606133433951,ALICL,49,6,100,1558.0,155800.0
2016-06-13,201606133434311,API,25,47,100,777.0,77700.0
2016-06-13,201606133434281,API,25,13,296,777.0,229992.0
2016-06-13,201606133433989,API,25,18,12,775.0,9300.0
2016-06-13,201606133433965,API,59,42,105,775.0,81375.0
2016-06-13,201606133433935,API,45,50,26,775.0,20150.0
2016-06-13,201606133433892,API,45,21,200,775.0,155000.0
2016-06-13,201606133434077,ARDBL,34,47,127,316.0,40132.0
2016-06-13,201606133434073,ARDBL,34,32,300,316.0,94800.0
2016-06-13,201606133434072,ARDBL,34,35,500,315.0,157500.0
2016-06-13,201606133434071,ARDBL,34,43,132,315.0,41580.0
2016-06-13,201606133434070,ARDBL,34,1,50,313.0,15650.0
2016-06-13,201606133434069,ARDBL,34,1,200,313.0,62600.0
2016-06-13,201606133434068,ARDBL,34,51,500,313.0,156500.0
2016-06-13,201606133434067,ARDBL,34,51,500,313.0,156500.0
2016-06-13,201606133434066,ARDBL,34,32,500,310.0,155000.0
2016-06-13,201606133434168,BHBL,45,46,1323,435.0,575505.0
2016-06-13,201606133434012,BPCL,36,16,177,710.0,125670.0
2016-06-13,201606133434336,CBBL,4,52,100,2149.0,214900.0
2016-06-13,201606133434063,CBBL,49,33,266,2142.0,569772.0
2016-06-13,201606133434062,CBBL,22,6,80,2150.0,172000.0
2016-06-13,201606133434061,CBBL,22,45,20,2150.0,43000.0
2016-06-13,201606133434028,CBBL,36,6,152,2145.0,326040.0
2016-06-13,201606133433869,CBBL,36,59,158,2135.0,337330.0
2016-06-13,201606133434019,CBBL,49,21,100,2142.0,214200.0
2016-06-13,201606133434003,CBBL,8,48,500,2140.0,1070000.0
2016-06-13,201606133434320,CCBL,45,53,234,420.0,98280.0
2016-06-13,201606133434105,CCBL,38,47,49,420.0,20580.0
2016-06-13,201606133433930,CCBL,42,51,64,420.0,26880.0
2016-06-13,201606133433920,CCBL,42,51,80,420.0,33600.0
2016-06-13,201606133433919,CCBL,41,51,100,420.0,42000.0
2016-06-13,201606133433918,CCBL,51,51,50,421.0,21050.0
2016-06-13,201606133433917,CCBL,38,51,20,421.0,8420.0
2016-06-13,201606133433854,CCBL,14,41,360,419.0,150840.0
2016-06-13,201606133434275,CHCL,49,8,100,1380.0,138000.0
2016-06-13,201606133434251,CHCL,49,8,100,1380.0,138000.0
2016-06-13,201606133434250,CHCL,25,8,50,1380.0,69000.0
2016-06-13,201606133434249,CHCL,11,8,50,1380.0,69000.0
2016-06-13,201606133434234,CHCL,21,8,200,1380.0,276000.0
2016-06-13,201606133434232,CHCL,52,45,500,1380.0,690000.0
2016-06-13,201606133433879,CHCL,18,59,94,1380.0,129720.0
2016-06-13,201606133434342,CIT,1,1,10,4396.0,43960.0
2016-06-13,201606133434088,CIT,42,32,100,4395.0,439500.0
2016-06-13,201606133434271,CZBIL,39,56,200,581.0,116200.0
2016-06-13,201606133434030,CZBIL,17,56,150,580.0,87000.0
2016-06-13,201606133434029,CZBIL,17,8,614,580.0,356120.0
2016-06-13,201606133434005,CZBIL,42,38,50,579.0,28950.0
2016-06-13,201606133433933,CZBIL,45,46,100,581.0,58100.0
2016-06-13,201606133433932,CZBIL,45,32,200,581.0,116200.0
2016-06-13,201606133433912,CZBIL,42,34,100,579.0,57900.0
2016-06-13,201606133433886,CZBIL,57,14,450,580.0,261000.0
2016-06-13,201606133433885,CZBIL,57,41,50,580.0,29000.0
2016-06-13,201606133433864,CZBIL,57,17,500,580.0,290000.0
2016-06-13,201606133434074,DDBL,45,14,150,3298.0,494700.0
2016-06-13,201606133434036,DDBL,58,44,140,3298.0,461720.0
2016-06-13,201606133434000,DDBL,17,44,100,3298.0,329800.0
2016-06-13,201606133433975,DDBL,14,44,80,3298.0,263840.0
2016-06-13,201606133433887,DDBL,16,44,130,3298.0,428740.0
2016-06-13,201606133434344,EBL,58,42,30,3170.0,95100.0
2016-06-13,201606133434333,EBL,45,32,500,3165.0,1582500.0
2016-06-13,201606133434306,EBL,8,32,100,3165.0,316500.0
2016-06-13,201606133434300,EBL,36,32,300,3165.0,949500.0
2016-06-13,201606133434299,EBL,19,32,100,3165.0,316500.0
2016-06-13,201606133434286,EBL,56,56,86,3166.0,272276.0
2016-06-13,201606133434002,EBL,21,17,100,3161.0,316100.0
2016-06-13,201606133433939,EBL,36,49,13,3161.0,41093.0
2016-06-13,201606133433911,EBL,36,35,50,3174.0,158700.0
2016-06-13,201606133433866,EBL,57,35,50,3174.0,158700.0
2016-06-13,201606133434282,EBL,36,42,10,3170.0,31700.0
2016-06-13,201606133434203,EBL,36,17,30,3170.0,95100.0
2016-06-13,201606133434132,EBL,57,20,80,3175.0,254000.0
2016-06-13,201606133434084,EBL,57,59,16,3170.0,50720.0
2016-06-13,201606133433979,EBLCP,10,10,780,1568.0,1223040.0
2016-06-13,201606133433931,EBLCP,16,13,150,1585.0,237750.0
2016-06-13,201606133434228,EIC,38,28,200,1919.0,383800.0
2016-06-13,201606133434143,EIC,33,5,66,1900.0,125400.0
2016-06-13,201606133434127,EIC,38,28,300,1910.0,573000.0
2016-06-13,201606133434301,FBBL,1,7,100,430.0,43000.0
2016-06-13,201606133433950,FBBL,50,17,437,430.0,187910.0
2016-06-13,201606133434340,FMDBL,45,33,100,1659.0,165900.0
2016-06-13,201606133434339,FMDBL,45,33,50,1670.0,83500.0
2016-06-13,201606133434338,FMDBL,28,44,56,1670.0,93520.0
2016-06-13,201606133434295,FMDBL,41,6,70,1660.0,116200.0
2016-06-13,201606133434294,FMDBL,41,41,350,1660.0,581000.0
2016-06-13,201606133434293,FMDBL,41,59,130,1660.0,215800.0
2016-06-13,201606133433906,FMDBL,14,41,200,1625.0,325000.0
2016-06-13,201606133433984,FMDBL,41,51,297,1650.0,490050.0
2016-06-13,201606133433974,FMDBL,48,57,100,1645.0,164500.0
2016-06-13,201606133433948,FMDBL,45,41,200,1640.0,328000.0
2016-06-13,201606133433947,FMDBL,45,33,100,1639.0,163900.0
2016-06-13,201606133433946,FMDBL,21,33,400,1639.0,655600.0
2016-06-13,201606133433916,FMDBL,14,41,199,1625.0,323375.0
2016-06-13,201606133434252,FMDBL,1,6,100,1660.0,166000.0
2016-06-13,201606133434224,FMDBL,45,41,200,1659.0,331800.0
2016-06-13,201606133434223,FMDBL,45,56,200,1659.0,331800.0
2016-06-13,201606133434153,FMDBL,21,41,100,1659.0,165900.0
2016-06-13,201606133434119,FMDBL,21,41,100,1659.0,165900.0
2016-06-13,201606133434004,FMDBL,17,57,100,1641.0,164100.0
2016-06-13,201606133434337,GBIME,40,59,53,512.0,27136.0
2016-06-13,201606133434329,GBIME,40,55,50,512.0,25600.0
2016-06-13,201606133434328,GBIME,22,55,50,512.0,25600.0
2016-06-13,201606133434175,GBIME,50,17,138,511.0,70518.0
2016-06-13,201606133434166,GBIME,39,16,490,511.0,250390.0
2016-06-13,201606133433958,GBIME,25,59,266,512.0,136192.0
2016-06-13,201606133433929,GBIME,38,17,54,512.0,27648.0
2016-06-13,201606133434332,GFCL,43,43,50,282.0,14100.0
2016-06-13,201606133434139,GFCL,43,6,40,277.0,11080.0
2016-06-13,201606133434269,GLICL,6,6,550,900.0,495000.0
2016-06-13,201606133434268,GLICL,6,6,50,900.0,45000.0
2016-06-13,201606133434218,GLICL,6,17,100,909.0,90900.0
2016-06-13,201606133434122,GLICL,47,5,105,900.0,94500.0
2016-06-13,201606133434108,GMFIL,56,39,103,312.0,32136.0
2016-06-13,201606133434341,HBL,57,32,150,1515.0,227250.0
2016-06-13,201606133434322,HBL,57,51,62,1510.0,93620.0
2016-06-13,201606133434321,HBL,57,48,50,1510.0,75500.0
2016-06-13,201606133434222,HBL,59,48,50,1506.0,75300.0
2016-06-13,201606133434205,HBL,57,59,22,1510.0,33220.0
2016-06-13,201606133434172,HBL,57,11,157,1510.0,237070.0
2016-06-13,201606133434060,HBL,34,50,105,1505.0,158025.0
2016-06-13,201606133434059,HBL,34,55,80,1505.0,120400.0
2016-06-13,201606133433921,HBL,34,25,333,1504.0,500832.0
2016-06-13,201606133434154,HBL,59,53,500,1506.0,753000.0
2016-06-13,201606133434138,HBL,57,17,135,1510.0,203850.0
2016-06-13,201606133434137,HBL,57,41,50,1510.0,75500.0
2016-06-13,201606133434136,HBL,57,19,100,1509.0,150900.0
2016-06-13,201606133434109,HBL,57,26,83,1507.0,125081.0
2016-06-13,201606133434091,HBL,59,7,50,1506.0,75300.0
2016-06-13,201606133434240,HGI,17,58,320,1420.0,454400.0
2016-06-13,201606133434208,HGI,45,58,200,1420.0,284000.0
2016-06-13,201606133433855,HGI,29,36,150,1402.0,210300.0
2016-06-13,201606133434161,ICFC,25,44,800,298.0,238400.0
2016-06-13,201606133434160,ICFC,17,44,200,299.0,59800.0
2016-06-13,201606133434259,JFL,3,44,830,340.0,282200.0
2016-06-13,201606133434130,JFL,14,44,170,340.0,57800.0
2016-06-13,201606133434183,KDBL,21,17,228,311.0,70908.0
2016-06-13,201606133434052,KMCDB,34,41,90,1975.0,177750.0
2016-06-13,201606133433936,KRBL,17,17,40,250.0,10000.0
2016-06-13,201606133433928,LBL,20,42,90,790.0,71100.0
2016-06-13,201606133433927,LBL,20,50,10,790.0,7900.0
2016-06-13,201606133433881,LBL,33,50,100,790.0,79000.0
2016-06-13,201606133434331,LGIL,19,32,100,1365.0,136500.0
2016-06-13,201606133434171,LGIL,29,45,100,1361.0,136100.0
2016-06-13,201606133434267,LLBS,45,19,10,3100.0,31000.0
2016-06-13,201606133434266,LLBS,45,56,10,3100.0,31000.0
2016-06-13,201606133434265,LLBS,45,42,10,3090.0,30900.0
2016-06-13,201606133434264,LLBS,45,42,10,3090.0,30900.0
2016-06-13,201606133434263,LLBS,45,42,10,3090.0,30900.0
2016-06-13,201606133434262,LLBS,45,42,10,3090.0,30900.0
2016-06-13,201606133434261,LLBS,45,36,200,3089.0,617800.0
2016-06-13,201606133434255,LLBS,45,21,92,3085.0,283820.0
2016-06-13,201606133434128,MDB,59,51,90,855.0,76950.0
2016-06-13,201606133434298,MEGA,52,22,200,519.0,103800.0
2016-06-13,201606133434292,MEGA,52,26,18,516.0,9288.0
2016-06-13,201606133434260,MEGA,52,26,18,516.0,9288.0
2016-06-13,201606133434227,MEGA,52,26,17,515.0,8755.0
2016-06-13,201606133434146,MEGA,49,58,118,519.0,61242.0
2016-06-13,201606133434141,MEGA,39,22,328,518.0,169904.0
2016-06-13,201606133433966,MEGA,45,50,32,518.0,16576.0
2016-06-13,201606133433959,MEGA,45,17,140,518.0,72520.0
2016-06-13,201606133433924,MEGA,39,22,300,518.0,155400.0
2016-06-13,201606133434285,MFIL,26,49,200,340.0,68000.0
2016-06-13,201606133434284,MFIL,26,49,200,340.0,68000.0
2016-06-13,201606133434058,MFIL,55,49,100,343.0,34300.0
2016-06-13,201606133434046,MFIL,1,49,1300,340.0,442000.0
2016-06-13,201606133433961,MFIL,26,56,200,342.0,68400.0
2016-06-13,201606133433926,MFIL,42,49,1000,340.0,340000.0
2016-06-13,201606133433925,MFIL,45,49,500,340.0,170000.0
2016-06-13,201606133434233,MNBBL,21,42,100,1200.0,120000.0
2016-06-13,201606133434207,MNBBL,40,42,100,1200.0,120000.0
2016-06-13,201606133434206,MNBBL,35,42,100,1200.0,120000.0
2016-06-13,201606133434112,MNBBL,48,43,410,1204.0,493640.0
2016-06-13,201606133434111,MNBBL,48,4,200,1203.0,240600.0
2016-06-13,201606133433901,MNBBL,34,4,200,1200.0,240000.0
2016-06-13,201606133433891,MNBBL,34,6,800,1200.0,960000.0
2016-06-13,201606133433890,MNBBL,17,6,200,1200.0,240000.0
2016-06-13,201606133433990,MSMBS,40,39,50,1660.0,83000.0
2016-06-13,201606133433978,MSMBS,40,21,10,1660.0,16600.0
2016-06-13,201606133433923,MSMBS,44,26,10,1650.0,16500.0
2016-06-13,201606133433915,MSMBS,44,26,20,1650.0,33000.0
2016-06-13,201606133433883,MSMBS,44,26,20,1650.0,33000.0
2016-06-13,201606133433865,MSMBS,44,26,20,1650.0,33000.0
2016-06-13,201606133433863,MSMBS,40,21,10,1660.0,16600.0
2016-06-13,201606133433862,MSMBS,40,21,10,1660.0,16600.0
2016-06-13,201606133433852,MSMBS,44,26,20,1650.0,33000.0
2016-06-13,201606133434197,NABIL,42,45,15,2340.0,35100.0
2016-06-13,201606133434180,NABIL,25,45,50,2341.0,117050.0
2016-06-13,201606133434155,NABIL,25,29,100,2340.0,234000.0
2016-06-13,201606133434064,NABIL,48,19,150,2339.0,350850.0
2016-06-13,201606133433999,NABIL,5,19,100,2339.0,233900.0
2016-06-13,201606133433998,NABIL,5,29,100,2338.0,233800.0
2016-06-13,201606133433945,NABIL,22,19,100,2339.0,233900.0
2016-06-13,201606133433943,NABIL,5,19,200,2339.0,467800.0
2016-06-13,201606133433934,NABIL,22,19,100,2339.0,233900.0
2016-06-13,201606133433909,NABIL,7,26,100,2338.0,233800.0
2016-06-13,201606133433867,NABIL,28,6,200,2325.0,465000.0
2016-06-13,201606133433902,NABILP,33,17,30,1790.0,53700.0
2016-06-13,201606133433899,NABILP,33,17,60,1790.0,107400.0
2016-06-13,201606133434120,NABILP,14,17,280,1777.0,497560.0
2016-06-13,201606133434037,NABILP,41,56,110,1780.0,195800.0
2016-06-13,201606133434350,NBB,43,52,50,868.0,43400.0
2016-06-13,201606133434310,NBB,49,50,200,870.0,174000.0
2016-06-13,201606133434297,NBB,32,4,100,869.0,86900.0
2016-06-13,201606133434277,NBB,11,50,200,870.0,174000.0
2016-06-13,201606133434007,NBB,19,35,50,869.0,43450.0
2016-06-13,201606133433964,NBB,19,6,100,869.0,86900.0
2016-06-13,201606133433963,NBB,51,6,100,869.0,86900.0
2016-06-13,201606133433962,NBB,43,6,150,869.0,130350.0
2016-06-13,201606133433942,NBB,51,6,355,869.0,308495.0
2016-06-13,201606133433870,NBB,33,41,200,869.0,173800.0
2016-06-13,201606133434021,NBB,5,36,280,870.0,243600.0
2016-06-13,201606133434020,NBB,5,44,220,870.0,191400.0
2016-06-13,201606133434013,NBB,47,35,200,869.0,173800.0
2016-06-13,201606133434010,NBB,21,35,200,869.0,173800.0
2016-06-13,201606133434009,NBB,43,35,200,869.0,173800.0
2016-06-13,201606133434008,NBB,13,35,350,869.0,304150.0
2016-06-13,201606133434097,NBB,33,38,200,868.0,173600.0
2016-06-13,201606133434096,NBB,11,35,150,869.0,130350.0
2016-06-13,201606133434041,NBB,17,35,50,869.0,43450.0
2016-06-13,201606133434040,NBB,47,35,500,869.0,434500.0
2016-06-13,201606133434039,NBB,47,35,200,869.0,173800.0
2016-06-13,201606133434027,NBB,5,36,500,870.0,435000.0
2016-06-13,201606133434200,NBB,59,36,100,870.0,87000.0
2016-06-13,201606133434147,NBB,45,17,200,869.0,173800.0
2016-06-13,201606133434142,NBB,45,35,100,869.0,86900.0
2016-06-13,201606133434125,NBB,17,33,124,868.0,107632.0
2016-06-13,201606133434098,NBB,39,38,100,868.0,86800.0
2016-06-13,201606133434254,NBB,42,50,80,870.0,69600.0
2016-06-13,201606133434253,NBB,42,36,120,870.0,104400.0
2016-06-13,201606133434231,NBB,22,32,1000,868.0,868000.0
2016-06-13,201606133434220,NBB,14,51,100,868.0,86800.0
2016-06-13,201606133434179,NBF1,8,51,1199,18.05,21641.95
2016-06-13,201606133434330,NBL,25,56,115,476.0,54740.0
2016-06-13,201606133434324,NBL,36,58,1500,480.0,720000.0
2016-06-13,201606133434323,NBL,36,38,500,477.0,238500.0
2016-06-13,201606133434193,NBL,25,36,400,476.0,190400.0
2016-06-13,201606133434192,NBL,38,36,100,476.0,47600.0
2016-06-13,201606133434100,NBL,37,58,50,480.0,24000.0
2016-06-13,201606133434283,NBSL,54,47,175,805.0,140875.0
2016-06-13,201606133434190,NCM,49,28,282,510.0,143820.0
2016-06-13,201606133434189,NCM,49,44,360,510.0,183600.0
2016-06-13,201606133434188,NCM,49,19,150,509.0,76350.0
2016-06-13,201606133433956,NCM,40,53,497,507.0,251979.0
2016-06-13,201606133434314,NHPC,41,37,1000,195.0,195000.0
2016-06-13,201606133434230,NHPC,41,51,450,195.0,87750.0
2016-06-13,201606133434229,NHPC,41,25,500,195.0,97500.0
2016-06-13,201606133434145,NHPC,22,51,50,195.0,9750.0
2016-06-13,201606133434116,NHPC,45,33,1250,194.0,242500.0
2016-06-13,201606133434318,NIB,1,17,66,1065.0,70290.0
2016-06-13,201606133434158,NIB,59,6,500,1065.0,532500.0
2016-06-13,201606133434157,NIB,17,6,50,1070.0,53500.0
2016-06-13,201606133434156,NIB,54,6,250,1070.0,267500.0
2016-06-13,201606133434043,NIB,54,35,100,1070.0,107000.0
2016-06-13,201606133433857,NIB,5,22,66,1070.0,70620.0
2016-06-13,201606133433856,NIB,5,33,200,1070.0,214000.0
2016-06-13,201606133434221,NIBPO,49,6,365,928.0,338720.0
2016-06-13,201606133434211,NIBPO,49,54,400,924.0,369600.0
2016-06-13,201606133434242,NICA,42,33,85,763.0,64855.0
2016-06-13,201606133434121,NICA,7,56,36,760.0,27360.0
2016-06-13,201606133434065,NICA,58,49,119,755.0,89845.0
2016-06-13,201606133433944,NICA,7,14,208,760.0,158080.0
2016-06-13,201606133434191,NICL,32,45,110,1200.0,132000.0
2016-06-13,201606133433972,NICL,7,45,20,1200.0,24000.0
2016-06-13,201606133433971,NICL,32,45,300,1201.0,360300.0
2016-06-13,201606133433970,NICL,13,45,100,1201.0,120100.0
2016-06-13,201606133433969,NICL,1,45,20,1201.0,24020.0
2016-06-13,201606133433968,NICL,32,45,100,1202.0,120200.0
2016-06-13,201606133433982,NICL,32,45,50,1200.0,60000.0
2016-06-13,201606133433981,NICL,32,45,50,1200.0,60000.0
2016-06-13,201606133433980,NICL,25,45,90,1200.0,108000.0
2016-06-13,201606133433973,NICL,25,45,10,1200.0,12000.0
2016-06-13,201606133434054,NLBBL,44,1,100,2488.0,248800.0
2016-06-13,201606133434053,NLBBL,44,36,50,2488.0,124400.0
2016-06-13,201606133434089,NLG,49,19,171,1828.0,312588.0
2016-06-13,201606133434170,NLICL,38,11,100,3140.0,314000.0
2016-06-13,201606133434169,NLICL,25,11,50,3146.0,157300.0
2016-06-13,201606133434018,NLICL,1,33,100,3150.0,315000.0
2016-06-13,201606133434017,NLICL,17,33,50,3155.0,157750.0
2016-06-13,201606133434016,NLICL,36,33,10,3160.0,31600.0
2016-06-13,201606133433995,NLICL,36,43,190,3160.0,600400.0
2016-06-13,201606133433993,NLICL,59,50,500,3160.0,1580000.0
2016-06-13,201606133434343,NMB,19,34,450,723.0,325350.0
2016-06-13,201606133434315,NMB,29,38,180,720.0,129600.0
2016-06-13,201606133434312,NMB,36,32,406,722.0,293132.0
2016-06-13,201606133434302,NMB,36,21,200,721.0,144200.0
2016-06-13,201606133434270,NMB,57,19,351,721.0,253071.0
2016-06-13,201606133434241,NMB,57,5,1272,720.0,915840.0
2016-06-13,201606133433967,NMB,50,38,11,720.0,7920.0
2016-06-13,201606133433955,NMB,50,38,11,720.0,7920.0
2016-06-13,201606133433905,NMB,50,38,11,720.0,7920.0
2016-06-13,201606133434101,NMB,26,48,200,720.0,144000.0
2016-06-13,201606133434093,NMB,26,42,497,720.0,357840.0
2016-06-13,201606133434092,NMB,26,45,500,719.0,359500.0
2016-06-13,201606133434001,NMB,50,16,1000,718.0,718000.0
2016-06-13,201606133433988,NMB,50,38,11,720.0,7920.0
2016-06-13,201606133433987,NMB,50,38,11,720.0,7920.0
2016-06-13,201606133434131,NMB,35,25,300,720.0,216000.0
2016-06-13,201606133434107,NMB,26,52,121,720.0,87120.0
2016-06-13,201606133434106,NMB,26,6,200,720.0,144000.0
2016-06-13,201606133434104,NMB,26,35,119,720.0,85680.0
2016-06-13,201606133434103,NMB,26,52,100,720.0,72000.0
2016-06-13,201606133434102,NMB,26,49,500,720.0,360000.0
2016-06-13,201606133434239,NMB,42,34,50,723.0,36150.0
2016-06-13,201606133434238,NMB,42,1,100,723.0,72300.0
2016-06-13,201606133434225,NMB,57,6,1000,720.0,720000.0
2016-06-13,201606133434182,NMB,50,38,160,718.0,114880.0
2016-06-13,201606133434163,NMB,49,38,800,718.0,574400.0
2016-06-13,201606133434162,NMB,35,38,30,720.0,21600.0
2016-06-13,201606133434279,NTC,4,41,185,671.0,124135.0
2016-06-13,201606133434278,NTC,4,19,100,670.0,67000.0
2016-06-13,201606133434133,NTC,14,13,200,669.0,133800.0
2016-06-13,201606133434219,NTC,4,32,135,670.0,90450.0
2016-06-13,201606133434209,NTC,4,21,100,670.0,67000.0
2016-06-13,201606133434129,NUBL,6,43,150,2250.0,337500.0
2016-06-13,201606133433910,ODBL,28,28,10,397.0,3970.0
2016-06-13,201606133433880,ODBL,28,28,10,396.0,3960.0
2016-06-13,201606133434290,PCBL,49,6,500,710.0,355000.0
2016-06-13,201606133434237,PCBL,49,5,271,709.0,192139.0
2016-06-13,201606133434178,PCBL,49,6,200,710.0,142000.0
2016-06-13,201606133434167,PCBL,49,6,300,710.0,213000.0
2016-06-13,201606133434035,PCBL,53,6,500,710.0,355000.0
2016-06-13,201606133433986,PCBL,47,41,72,709.0,51048.0
2016-06-13,201606133433913,PCBL,49,6,500,710.0,355000.0
2016-06-13,201606133434099,PFL,13,17,100,304.0,30400.0
2016-06-13,201606133434309,PIC,6,47,100,1930.0,193000.0
2016-06-13,201606133434308,PIC,6,17,40,1929.0,77160.0
2016-06-13,201606133434164,PIC,53,17,50,1930.0,96500.0
2016-06-13,201606133433985,PIC,53,40,50,1930.0,96500.0
2016-06-13,201606133434126,PICL,35,49,744,1380.0,1026720.0
2016-06-13,201606133434327,PLIC,43,46,58,1881.0,109098.0
2016-06-13,201606133434184,PLIC,53,44,300,1885.0,565500.0
2016-06-13,201606133434110,PLIC,53,44,300,1885.0,565500.0
2016-06-13,201606133434056,PLIC,53,44,100,1885.0,188500.0
2016-06-13,201606133434047,PLIC,53,44,200,1885.0,377000.0
2016-06-13,201606133434011,PLIC,29,46,100,1890.0,189000.0
2016-06-13,201606133433949,PLIC,53,34,200,1889.0,377800.0
2016-06-13,201606133433941,PLIC,53,34,300,1889.0,566700.0
2016-06-13,201606133433878,PLIC,53,38,100,1888.0,188800.0
2016-06-13,201606133434123,PRIN,28,38,92,1440.0,132480.0
2016-06-13,201606133433873,PRIN,33,14,500,1430.0,715000.0
2016-06-13,201606133433872,PRIN,33,45,1000,1429.0,1429000.0
2016-06-13,201606133434034,RBBBL,47,51,109,272.0,29648.0
2016-06-13,201606133433991,RHPC,3,50,10,362.0,3620.0
2016-06-13,201606133434346,RLFL,41,11,10,269.0,2690.0
2016-06-13,201606133434345,RLFL,41,51,600,268.0,160800.0
2016-06-13,201606133434326,RMDC,36,58,200,1124.0,224800.0
2016-06-13,201606133434304,RMDC,7,38,36,1120.0,40320.0
2016-06-13,201606133434256,RMDC,36,58,300,1124.0,337200.0
2016-06-13,201606133434202,RMDC,14,43,500,1122.0,561000.0
2016-06-13,201606133434174,RMDC,7,22,200,1120.0,224000.0
2016-06-13,201606133434135,RMDC,5,42,56,1120.0,62720.0
2016-06-13,201606133433957,RMDC,1,1,10,1115.0,11150.0
2016-06-13,201606133433889,RMDC,1,39,120,1115.0,133800.0
2016-06-13,201606133433888,RMDC,59,39,80,1115.0,89200.0
2016-06-13,201606133433884,RMDC,34,6,533,1115.0,594295.0
2016-06-13,201606133433861,RMDC,1,52,100,1115.0,111500.0
2016-06-13,201606133434124,RMDC,5,26,187,1120.0,209440.0
2016-06-13,201606133434082,RMDC,41,49,238,1119.0,266322.0
2016-06-13,201606133434031,RMDC,41,51,300,1116.0,334800.0
2016-06-13,201606133434015,RMDC,14,51,200,1116.0,223200.0
2016-06-13,201606133433996,RMDC,5,1,86,1115.0,95890.0
2016-06-13,201606133433976,RMDC,1,14,36,1115.0,40140.0
2016-06-13,201606133434080,SADBL,3,53,100,374.0,37400.0
2016-06-13,201606133434079,SADBL,3,53,100,376.0,37600.0
2016-06-13,201606133433994,SADBL,58,51,350,380.0,133000.0
2016-06-13,201606133433914,SAFL,26,13,223,340.0,75820.0
2016-06-13,201606133433907,SAFL,26,51,56,338.0,18928.0
2016-06-13,201606133433893,SAFL,26,48,163,338.0,55094.0
2016-06-13,201606133433954,SAJHA,3,57,71,261.0,18531.0
2016-06-13,201606133433908,SAJHA,51,58,10,265.0,2650.0
2016-06-13,201606133434246,SANIMA,47,45,90,675.0,60750.0
2016-06-13,201606133434245,SANIMA,47,51,10,674.0,6740.0
2016-06-13,201606133434199,SANIMA,42,51,90,674.0,60660.0
2016-06-13,201606133434095,SANIMA,42,51,210,674.0,141540.0
2016-06-13,201606133434198,SBI,48,17,54,1767.0,95418.0
2016-06-13,201606133433997,SBI,34,49,647,1769.0,1144543.0
2016-06-13,201606133434351,SCB,58,22,30,3390.0,101700.0
2016-06-13,201606133434325,SCB,34,11,300,3380.0,1014000.0
2016-06-13,201606133434280,SCB,53,11,200,3380.0,676000.0
2016-06-13,201606133434115,SCB,38,26,100,3375.0,337500.0
2016-06-13,201606133434114,SCB,38,4,50,3374.0,168700.0
2016-06-13,201606133434086,SCB,22,48,50,3370.0,168500.0
2016-06-13,201606133433894,SCB,53,48,150,3370.0,505500.0
2016-06-13,201606133434236,SEOS,22,44,15000,11.8,177000.0
2016-06-13,201606133434235,SEOS,22,44,38000,11.8,448400.0
2016-06-13,201606133434055,SEOS,22,29,1000,11.8,11800.0
2016-06-13,201606133434038,SEOS,22,29,1000,11.8,11800.0
2016-06-13,201606133434217,SHPC,47,40,48,868.0,41664.0
2016-06-13,201606133434274,SIC,48,34,50,2415.0,120750.0
2016-06-13,201606133434185,SIC,58,44,1400,2380.0,3332000.0
2016-06-13,201606133434177,SIC,58,8,500,2355.0,1177500.0
2016-06-13,201606133434152,SIC,58,25,17,2350.0,39950.0
2016-06-13,201606133434151,SIC,58,47,110,2344.0,257840.0
2016-06-13,201606133434150,SIC,58,17,120,2340.0,280800.0
2016-06-13,201606133434149,SIC,58,19,200,2330.0,466000.0
2016-06-13,201606133434032,SIC,42,8,100,2310.0,231000.0
2016-06-13,201606133434024,SIC,58,16,407,2309.0,939763.0
2016-06-13,201606133434023,SIC,58,28,400,2300.0,920000.0
2016-06-13,201606133434094,SICL,16,29,52,3115.0,161980.0
2016-06-13,201606133433953,SICL,16,14,200,3148.0,629600.0
2016-06-13,201606133434243,SIL,19,34,200,2025.0,405000.0
2016-06-13,201606133434051,SIL,43,51,50,2030.0,101500.0
2016-06-13,201606133433977,SIL,32,46,50,2015.0,100750.0
2016-06-13,201606133434201,SINDU,39,29,62,515.0,31930.0
2016-06-13,201606133433859,SINDU,34,32,100,525.0,52500.0
2016-06-13,201606133434349,SKBBL,59,6,250,2125.0,531250.0
2016-06-13,201606133434303,SKBBL,5,22,15,2130.0,31950.0
2016-06-13,201606133434248,SKBBL,5,17,10,2115.0,21150.0
2016-06-13,201606133434159,SKBBL,59,16,100,2110.0,211000.0
2016-06-13,201606133434078,SKBBL,4,33,100,2110.0,211000.0
2016-06-13,201606133434348,SLBBL,14,10,30,2527.0,75810.0
2016-06-13,201606133434176,SLBBL,56,10,13,2478.0,32214.0
2016-06-13,201606133434187,SLICL,34,59,34,1065.0,36210.0
2016-06-13,201606133434186,SLICL,34,28,500,1065.0,532500.0
2016-06-13,201606133434335,SMFDB,10,22,60,3020.0,181200.0
2016-06-13,201606133434334,SMFDB,10,44,500,3020.0,1510000.0
2016-06-13,201606133434287,SRBL,36,44,1000,649.0,649000.0
2016-06-13,201606133434273,SRBL,36,19,173,648.0,112104.0
2016-06-13,201606133434244,SRBL,52,56,44,645.0,28380.0
2016-06-13,201606133434140,SRBL,50,56,44,646.0,28424.0
2016-06-13,201606133434076,SRBL,52,58,100,645.0,64500.0
2016-06-13,201606133434042,SRBL,19,57,218,644.0,140392.0
2016-06-13,201606133434226,SWBBL,34,47,19,2835.0,53865.0
2016-06-13,201606133434195,SWBBL,34,26,15,2830.0,42450.0
2016-06-13,201606133434173,SWBBL,34,26,15,2834.0,42510.0
2016-06-13,201606133434165,SWBBL,34,14,10,2820.0,28200.0
2016-06-13,201606133434057,SWBBL,29,26,25,2807.0,70175.0
2016-06-13,201606133434194,TBBL,41,41,47,325.0,15275.0
2016-06-13,201606133434148,TBBL,58,47,500,325.0,162500.0
2016-06-13,201606133434144,TBBL,29,39,70,323.0,22610.0
2016-06-13,201606133434319,UFIL,8,5,10,221.0,2210.0
2016-06-13,201606133433904,UFL,32,29,28,405.0,11340.0
2016-06-13,201606133433903,UFL,32,5,20,405.0,8100.0
2016-06-13,201606133434215,UIC,20,53,85,1517.0,128945.0
2016-06-13,201606133434181,UIC,35,48,200,1526.0,305200.0
2016-06-13,201606133434090,UIC,20,38,500,1525.0,762500.0
2016-06-13,201606133434083,UIC,49,8,500,1520.0,760000.0
2016-06-13,201606133433937,UIC,56,48,185,1515.0,280275.0
2016-06-13,201606133433898,UIC,56,17,200,1515.0,303000.0
2016-06-13,201606133433897,UIC,7,17,300,1515.0,454500.0
2016-06-13,201606133433896,UIC,45,17,300,1515.0,454500.0
2016-06-13,201606133434113,VLBS,18,11,12,1600.0,19200.0
2016-06-13,201606133434087,VLBS,58,43,200,1595.0,319000.0
2016-06-13,201606133434075,VLBS,18,1,100,1599.0,159900.0
2016-06-13,201606133433895,VLBS,58,38,162,1590.0,257580.0
2016-06-13,201606133433877,VLBS,18,51,23,1590.0,36570.0
2016-06-13,201606133433876,VLBS,18,11,40,1590.0,63600.0
2016-06-13,201606133433875,VLBS,18,21,20,1585.0,31700.0
2016-06-13,201606133433874,VLBS,18,21,10,1585.0,15850.0
2016-06-13,201606133434317,WOMI,43,43,12,3069.0,36828.0
2016-06-13,201606133434296,WOMI,43,43,12,3069.0,36828.0
2016-06-13,201606133434257,WOMI,58,13,12,3050.0,36600.0
2016-06-13,201606133434216,WOMI,58,13,12,3050.0,36600.0
2016-06-13,201606133434213,WOMI,58,55,12,3050.0,36600.0
2016-06-13,201606133434210,WOMI,36,13,12,3050.0,36600.0
2016-06-13,201606133433868,WOMI,58,44,12,3050.0,36600.0
2016-06-13,201606133433860,WOMI,26,13,12,3031.0,36372.0
2016-06-13,201606133433858,WOMI,58,44,12,3050.0,36600.0
2016-06-13,201606133433853,WOMI,58,42,12,3050.0,36600.0
2016-06-13,201606133434044,WOMI,58,26,12,3050.0,36600.0
2016-06-13,201606133433983,WOMI,58,26,12,3050.0,36600.0
2016-06-13,201606133433960,WOMI,36,26,12,3050.0,36600.0
2016-06-13,201606133433940,WOMI,58,35,500,3075.0,1537500.0
2016-06-13,201606133433938,WOMI,58,13,12,3050.0,36600.0
2016-06-13,201606133433871,WOMI,58,44,12,3050.0,36600.0
2016-06-13,201606133434134,WOMI,58,48,12,3050.0,36600.0
2016-06-13,201606133434085,WOMI,36,48,12,3050.0,36600.0
2016-06-13,201606133434050,WOMI,36,40,12,3050.0,36600.0
2016-06-13,201606133434049,WOMI,58,26,12,3050.0,36600.0
2016-06-13,201606133434048,WOMI,58,26,12,3050.0,36600.0
2016-06-13,201606133434045,WOMI,58,26,12,3050.0,36600.0
2016-06-13,201606133434258,YETI,43,49,50,217.0,10850.0
2016-06-13,201606133434247,YETI,43,49,50,217.0,10850.0
2016-06-13,201606133432007,ACEDBL,25,34,400,375.0,150000.0
2016-06-13,201606133432343,ADBL,34,17,53,692.0,36676.0
2016-06-13,201606133432301,ADBL,34,17,53,692.0,36676.0
2016-06-13,201606133432217,ADBL,58,56,200,691.0,138200.0
2016-06-13,201606133431921,ADBL,51,19,50,686.0,34300.0
2016-06-13,201606133431920,ADBL,49,19,50,687.0,34350.0
2016-06-13,201606133432052,ADBL,40,44,500,688.0,344000.0
2016-06-13,201606133432044,ADBL,13,17,53,690.0,36570.0
2016-06-13,201606133432043,ADBL,58,17,53,690.0,36570.0
2016-06-13,201606133432013,ADBL,40,6,96,689.0,66144.0
2016-06-13,201606133432006,ADBL,40,56,55,688.0,37840.0
2016-06-13,201606133432076,ADBL,58,17,53,690.0,36570.0
2016-06-13,201606133432075,ADBL,58,17,53,690.0,36570.0
2016-06-13,201606133432072,ADBL,58,19,30,690.0,20700.0
2016-06-13,201606133432067,ADBL,58,17,53,690.0,36570.0
2016-06-13,201606133432062,ADBL,13,17,53,690.0,36570.0
2016-06-13,201606133432055,ADBL,58,44,950,688.0,653600.0
2016-06-13,201606133432177,ADBL,58,50,292,690.0,201480.0
2016-06-13,201606133432153,ADBL,58,56,160,690.0,110400.0
2016-06-13,201606133432115,ADBL,58,6,96,690.0,66240.0
2016-06-13,201606133432093,ADBL,13,6,96,690.0,66240.0
2016-06-13,201606133432081,ADBL,13,17,53,690.0,36570.0
2016-06-13,201606133432080,ADBL,52,44,24,687.0,16488.0
2016-06-13,201606133432246,AHPC,38,44,325,356.0,115700.0
2016-06-13,201606133432202,AHPC,56,56,46,354.0,16284.0
2016-06-13,201606133432155,AHPC,56,58,400,354.0,141600.0
2016-06-13,201606133432094,AHPC,33,33,2000,354.0,708000.0
2016-06-13,201606133432092,AHPC,21,6,500,355.0,177500.0
2016-06-13,201606133432091,AHPC,38,6,1000,355.0,355000.0
2016-06-13,201606133432090,AHPC,38,6,70,355.0,24850.0
2016-06-13,201606133432053,AHPC,45,33,2000,354.0,708000.0
2016-06-13,201606133432313,ALDBL,20,29,35,550.0,19250.0
2016-06-13,201606133432211,ALDBL,46,28,500,560.0,280000.0
2016-06-13,201606133432210,ALDBL,46,56,20,559.0,11180.0
2016-06-13,201606133432152,ALICL,17,53,900,1582.0,1423800.0
2016-06-13,201606133432149,ALICL,17,53,95,1580.0,150100.0
2016-06-13,201606133432106,ALICL,51,33,1000,1579.0,1579000.0
2016-06-13,201606133432077,ALICL,7,44,1000,1570.0,1570000.0
2016-06-13,201606133432065,ALICL,7,58,390,1565.0,610350.0
2016-06-13,201606133432054,ALICL,7,33,188,1560.0,293280.0
2016-06-13,201606133432040,ALICL,7,14,170,1553.0,264010.0
2016-06-13,201606133432039,ALICL,7,22,200,1550.0,310000.0
2016-06-13,201606133432038,ALICL,7,25,20,1550.0,31000.0
2016-06-13,201606133432140,API,59,42,517,765.0,395505.0
2016-06-13,201606133432122,API,59,11,100,770.0,77000.0
2016-06-13,201606133432114,API,59,44,142,770.0,109340.0
2016-06-13,201606133432113,API,59,39,100,770.0,77000.0
2016-06-13,201606133432105,API,59,49,16,769.0,12304.0
2016-06-13,201606133432099,API,59,40,16,765.0,12240.0
2016-06-13,201606133431959,API,45,40,26,765.0,19890.0
2016-06-13,201606133431927,API,50,10,612,765.0,468180.0
2016-06-13,201606133431886,API,45,11,16,765.0,12240.0
2016-06-13,201606133431885,API,45,49,10,764.0,7640.0
2016-06-13,201606133432026,ARDBL,51,51,10,307.0,3070.0
2016-06-13,201606133432178,BPCL,22,33,100,700.0,70000.0
2016-06-13,201606133432316,CBBL,21,44,100,2100.0,210000.0
2016-06-13,201606133432315,CBBL,13,44,150,2110.0,316500.0
2016-06-13,201606133432193,CBBL,13,13,299,2140.0,639860.0
2016-06-13,201606133432192,CBBL,13,26,100,2140.0,214000.0
2016-06-13,201606133432073,CBBL,36,21,100,2135.0,213500.0
2016-06-13,201606133432282,CCBL,17,6,200,415.0,83000.0
2016-06-13,201606133432197,CCBL,17,33,84,415.0,34860.0
2016-06-13,201606133432137,CCBL,7,39,21,415.0,8715.0
2016-06-13,201606133432088,CCBL,11,56,13,415.0,5395.0
2016-06-13,201606133432049,CCBL,11,18,30,415.0,12450.0
2016-06-13,201606133432048,CCBL,29,18,50,420.0,21000.0
2016-06-13,201606133432028,CCBL,41,49,300,420.0,126000.0
2016-06-13,201606133432027,CCBL,3,49,60,420.0,25200.0
2016-06-13,201606133432009,CCBL,47,29,42,420.0,17640.0
2016-06-13,201606133431938,CCBL,49,48,85,420.0,35700.0
2016-06-13,201606133431936,CCBL,42,42,11,421.0,4631.0
2016-06-13,201606133431955,CHCL,21,21,140,1381.0,193340.0
2016-06-13,201606133431954,CHCL,21,21,660,1381.0,911460.0
2016-06-13,201606133432298,CZBIL,55,45,86,573.0,49278.0
2016-06-13,201606133432294,CZBIL,55,17,50,573.0,28650.0
2016-06-13,201606133432162,CZBIL,16,44,300,572.0,171600.0
2016-06-13,201606133432159,CZBIL,55,16,167,571.0,95357.0
2016-06-13,201606133431931,CZBIL,55,37,250,571.0,142750.0
2016-06-13,201606133432310,DDBL,1,44,50,3280.0,164000.0
2016-06-13,201606133431919,DDBL,5,44,50,3255.0,162750.0
2016-06-13,201606133431918,DDBL,57,44,120,3255.0,390600.0
2016-06-13,201606133431915,DDBL,57,47,20,3255.0,65100.0
2016-06-13,201606133431859,DDBL,57,47,10,3255.0,32550.0
2016-06-13,201606133432200,EBL,5,22,140,3140.0,439600.0
2016-06-13,201606133432172,EBL,43,20,50,3135.0,156750.0
2016-06-13,201606133432136,EBL,34,38,130,3131.0,407030.0
2016-06-13,201606133432070,EBL,34,38,210,3131.0,657510.0
2016-06-13,201606133432051,EBL,56,22,10,3140.0,31400.0
2016-06-13,201606133431929,EDBL,17,25,100,642.0,64200.0
2016-06-13,201606133431878,EIC,17,37,100,1940.0,194000.0
2016-06-13,201606133432188,FMDBL,17,29,100,1576.0,157600.0
2016-06-13,201606133432154,FMDBL,58,33,500,1579.0,789500.0
2016-06-13,201606133431999,FMDBL,58,45,400,1580.0,632000.0
2016-06-13,201606133431986,FMDBL,58,42,44,1580.0,69520.0
2016-06-13,201606133431926,FMDBL,58,55,200,1579.0,315800.0
2016-06-13,201606133432306,GBIME,5,43,80,510.0,40800.0
2016-06-13,201606133432272,GBIME,8,45,16,509.0,8144.0
2016-06-13,201606133432271,GBIME,8,52,100,508.0,50800.0
2016-06-13,201606133432239,GBIME,5,55,85,506.0,43010.0
2016-06-13,201606133432236,GBIME,8,55,48,506.0,24288.0
2016-06-13,201606133432131,GBIME,5,42,500,506.0,253000.0
2016-06-13,201606133431962,GBIME,5,6,100,508.0,50800.0
2016-06-13,201606133431961,GBIME,42,6,90,509.0,45810.0
2016-06-13,201606133431917,GBIME,5,41,71,510.0,36210.0
2016-06-13,201606133431879,GBIME,5,42,85,509.0,43265.0
2016-06-13,201606133431996,GBIME,16,6,200,506.0,101200.0
2016-06-13,201606133431967,GBIME,39,6,2000,507.0,1014000.0
2016-06-13,201606133431966,GBIME,51,6,200,507.0,101400.0
2016-06-13,201606133431965,GBIME,51,6,500,507.0,253500.0
2016-06-13,201606133431964,GBIME,6,6,1000,508.0,508000.0
2016-06-13,201606133431963,GBIME,40,6,800,508.0,406400.0
2016-06-13,201606133432110,GBIME,53,42,150,510.0,76500.0
2016-06-13,201606133432050,GBIME,29,42,500,509.0,254500.0
2016-06-13,201606133432031,GBIME,21,21,300,511.0,153300.0
2016-06-13,201606133432008,GBIME,51,6,51,506.0,25806.0
2016-06-13,201606133431998,GBIME,51,6,310,506.0,156860.0
2016-06-13,201606133431997,GBIME,14,6,500,506.0,253000.0
2016-06-13,201606133432345,GLICL,44,50,100,900.0,90000.0
2016-06-13,201606133432311,GLICL,59,50,190,900.0,171000.0
2016-06-13,201606133432249,GLICL,17,41,352,898.0,316096.0
2016-06-13,201606133432248,GLICL,17,51,350,897.0,313950.0
2016-06-13,201606133432234,GLICL,17,49,170,895.0,152150.0
2016-06-13,201606133432233,GLICL,17,21,100,890.0,89000.0
2016-06-13,201606133432142,GLICL,48,42,111,890.0,98790.0
2016-06-13,201606133432141,GLICL,48,6,200,885.0,177000.0
2016-06-13,201606133431948,GLICL,17,38,846,894.0,756324.0
2016-06-13,201606133431947,GLICL,17,38,200,894.0,178800.0
2016-06-13,201606133431943,GLICL,17,58,150,890.0,133500.0
2016-06-13,201606133432170,GLICL,47,35,92,886.0,81512.0
2016-06-13,201606133432163,GLICL,17,35,300,876.0,262800.0
2016-06-13,201606133432147,GLICL,10,35,200,877.0,175400.0
2016-06-13,201606133432146,GLICL,52,35,100,880.0,88000.0
2016-06-13,201606133432145,GLICL,42,35,100,885.0,88500.0
2016-06-13,201606133432144,GLICL,42,35,100,885.0,88500.0
2016-06-13,201606133432284,HBL,35,45,70,1500.0,105000.0
2016-06-13,201606133432129,HBL,59,58,620,1505.0,933100.0
2016-06-13,201606133432104,HBL,59,33,710,1500.0,1065000.0
2016-06-13,201606133431908,HBL,48,44,200,1499.0,299800.0
2016-06-13,201606133431897,HBL,28,28,170,1498.0,254660.0
2016-06-13,201606133431895,HBL,40,44,200,1499.0,299800.0
2016-06-13,201606133431934,HGI,10,40,44,1401.0,61644.0
2016-06-13,201606133431922,HGI,10,7,100,1401.0,140100.0
2016-06-13,201606133432303,ICFC,29,7,1000,301.0,301000.0
2016-06-13,201606133432199,ICFC,17,29,300,300.0,90000.0
2016-06-13,201606133431984,ILFCM,55,40,15,1435.0,21525.0
2016-06-13,201606133431883,ILFCM,18,6,15,1440.0,21600.0
2016-06-13,201606133431882,ILFCM,18,17,20,1439.0,28780.0
2016-06-13,201606133431906,JEFL,10,16,300,212.0,63600.0
2016-06-13,201606133431905,JEFL,10,32,500,212.0,106000.0
2016-06-13,201606133431889,JEFL,10,45,500,210.0,105000.0
2016-06-13,201606133432018,JFL,43,29,350,338.0,118300.0
2016-06-13,201606133431950,JFL,43,32,250,335.0,83750.0
2016-06-13,201606133432047,KDBL,49,59,42,310.0,13020.0
2016-06-13,201606133432277,KMCDB,16,33,200,1950.0,390000.0
2016-06-13,201606133432276,KMCDB,20,33,10,1970.0,19700.0
2016-06-13,201606133432187,KMCDB,40,45,42,1972.0,82824.0
2016-06-13,201606133431949,KMCDB,29,41,100,1990.0,199000.0
2016-06-13,201606133432030,KMCDB,56,58,100,1995.0,199500.0
2016-06-13,201606133432351,LBL,26,40,200,790.0,158000.0
2016-06-13,201606133432185,LBL,18,16,81,790.0,63990.0
2016-06-13,201606133432174,LBL,47,57,500,790.0,395000.0
2016-06-13,201606133432128,LBL,22,52,168,787.0,132216.0
2016-06-13,201606133432082,LBL,38,17,88,788.0,69344.0
2016-06-13,201606133431907,LBL,16,58,130,790.0,102700.0
2016-06-13,201606133432056,LFLC,14,32,200,335.0,67000.0
2016-06-13,201606133432342,LGIL,46,32,100,1350.0,135000.0
2016-06-13,201606133432157,LGIL,33,16,40,1350.0,54000.0
2016-06-13,201606133432116,LGIL,49,49,500,1329.0,664500.0
2016-06-13,201606133431898,LLBS,58,11,10,3040.0,30400.0
2016-06-13,201606133431993,MDB,16,1,200,855.0,171000.0
2016-06-13,201606133432240,MEGA,45,18,38,515.0,19570.0
2016-06-13,201606133432238,MEGA,58,56,20,514.0,10280.0
2016-06-13,201606133432231,MEGA,25,42,135,515.0,69525.0
2016-06-13,201606133432164,MEGA,34,38,840,513.0,430920.0
2016-06-13,201606133432213,MFIL,45,48,150,340.0,51000.0
2016-06-13,201606133431991,MFIL,17,48,250,339.0,84750.0
2016-06-13,201606133431940,MFIL,45,48,200,339.0,67800.0
2016-06-13,201606133431933,MFIL,45,48,200,339.0,67800.0
2016-06-13,201606133431923,MFIL,45,48,200,339.0,67800.0
2016-06-13,201606133432143,MIDBL,32,5,20,595.0,11900.0
2016-06-13,201606133432349,MMFDB,56,13,10,2840.0,28400.0
2016-06-13,201606133431902,MMFDB,56,29,10,2840.0,28400.0
2016-06-13,201606133432348,MNBBL,29,17,200,1205.0,241000.0
2016-06-13,201606133432347,MNBBL,25,51,500,1205.0,602500.0
2016-06-13,201606133432252,MNBBL,34,40,100,1200.0,120000.0
2016-06-13,201606133432251,MNBBL,34,21,100,1200.0,120000.0
2016-06-13,201606133432250,MNBBL,34,34,80,1200.0,96000.0
2016-06-13,201606133432066,MNBBL,25,34,20,1200.0,24000.0
2016-06-13,201606133432037,MNBBL,25,50,980,1195.0,1171100.0
2016-06-13,201606133431914,MNBBL,59,14,20,1195.0,23900.0
2016-06-13,201606133432330,MSMBS,52,52,10,1660.0,16600.0
2016-06-13,201606133432329,MSMBS,58,18,10,1670.0,16700.0
2016-06-13,201606133432323,MSMBS,58,18,10,1670.0,16700.0
2016-06-13,201606133432314,MSMBS,58,18,10,1670.0,16700.0
2016-06-13,201606133432312,MSMBS,58,19,10,1670.0,16700.0
2016-06-13,201606133432309,MSMBS,58,18,10,1670.0,16700.0
2016-06-13,201606133432001,MSMBS,58,40,20,1670.0,33400.0
2016-06-13,201606133431990,MSMBS,58,26,10,1670.0,16700.0
2016-06-13,201606133431960,MSMBS,58,26,100,1670.0,167000.0
2016-06-13,201606133431881,MSMBS,58,45,100,1670.0,167000.0
2016-06-13,201606133432186,MSMBS,58,1,20,1670.0,33400.0
2016-06-13,201606133432171,MSMBS,58,1,20,1670.0,33400.0
2016-06-13,201606133432156,MSMBS,58,1,20,1670.0,33400.0
2016-06-13,201606133432126,MSMBS,58,21,10,1670.0,16700.0
2016-06-13,201606133432064,MSMBS,58,36,210,1670.0,350700.0
2016-06-13,201606133432035,MSMBS,58,16,20,1670.0,33400.0
2016-06-13,201606133432232,MSMBS,58,18,10,1670.0,16700.0
2016-06-13,201606133432219,MSMBS,58,1,10,1670.0,16700.0
2016-06-13,201606133432216,MSMBS,58,1,10,1670.0,16700.0
2016-06-13,201606133432208,MSMBS,58,18,10,1670.0,16700.0
2016-06-13,201606133432205,MSMBS,58,1,20,1670.0,33400.0
2016-06-13,201606133432190,MSMBS,58,18,10,1670.0,16700.0
2016-06-13,201606133432308,MSMBS,58,28,90,1670.0,150300.0
2016-06-13,201606133432299,MSMBS,58,18,10,1670.0,16700.0
2016-06-13,201606133432283,MSMBS,58,18,10,1670.0,16700.0
2016-06-13,201606133432273,MSMBS,58,18,10,1670.0,16700.0
2016-06-13,201606133432260,MSMBS,58,18,10,1670.0,16700.0
2016-06-13,201606133432247,MSMBS,58,18,10,1670.0,16700.0
2016-06-13,201606133432097,NABIL,40,45,30,2281.0,68430.0
2016-06-13,201606133432096,NABIL,38,45,90,2281.0,205290.0
2016-06-13,201606133431854,NABIL,26,45,50,2295.0,114750.0
2016-06-13,201606133432269,NABILP,11,33,148,1755.0,259740.0
2016-06-13,201606133432220,NABILP,8,58,400,1750.0,700000.0
2016-06-13,201606133431852,NABILP,49,58,100,1750.0,175000.0
2016-06-13,201606133432350,NBB,10,56,261,860.0,224460.0
2016-06-13,201606133432341,NBB,40,56,130,860.0,111800.0
2016-06-13,201606133432339,NBB,37,56,200,860.0,172000.0
2016-06-13,201606133432328,NBB,45,56,150,860.0,129000.0
2016-06-13,201606133432324,NBB,11,56,140,860.0,120400.0
2016-06-13,201606133432322,NBB,8,56,150,860.0,129000.0
2016-06-13,201606133431874,NBB,35,58,1000,865.0,865000.0
2016-06-13,201606133431873,NBB,10,58,50,865.0,43250.0
2016-06-13,201606133431872,NBB,35,58,200,865.0,173000.0
2016-06-13,201606133431871,NBB,45,58,500,866.0,433000.0
2016-06-13,201606133431870,NBB,50,58,150,868.0,130200.0
2016-06-13,201606133431869,NBB,7,58,200,868.0,173600.0
2016-06-13,201606133431983,NBB,25,58,500,865.0,432500.0
2016-06-13,201606133431944,NBB,6,58,200,865.0,173000.0
2016-06-13,201606133431916,NBB,29,17,70,864.0,60480.0
2016-06-13,201606133431912,NBB,49,58,1500,865.0,1297500.0
2016-06-13,201606133431875,NBB,25,58,200,865.0,173000.0
2016-06-13,201606133432022,NBB,36,49,70,863.0,60410.0
2016-06-13,201606133432017,NBB,26,49,60,863.0,51780.0
2016-06-13,201606133432016,NBB,16,49,500,863.0,431500.0
2016-06-13,201606133432015,NBB,5,49,300,863.0,258900.0
2016-06-13,201606133432014,NBB,29,49,30,864.0,25920.0
2016-06-13,201606133431992,NBB,29,53,100,864.0,86400.0
2016-06-13,201606133432108,NBB,48,44,100,862.0,86200.0
2016-06-13,201606133432107,NBB,52,44,200,862.0,172400.0
2016-06-13,201606133432084,NBB,52,44,50,862.0,43100.0
2016-06-13,201606133432033,NBB,37,1,380,863.0,327940.0
2016-06-13,201606133432025,NBB,49,1,60,863.0,51780.0
2016-06-13,201606133432024,NBB,49,49,40,863.0,34520.0
2016-06-13,201606133432138,NBB,38,58,50,862.0,43100.0
2016-06-13,201606133432120,NBB,48,58,400,862.0,344800.0
2016-06-13,201606133432119,NBB,40,58,140,863.0,120820.0
2016-06-13,201606133432118,NBB,40,1,160,863.0,138080.0
2016-06-13,201606133432117,NBB,34,1,400,863.0,345200.0
2016-06-13,201606133432212,NBB,49,49,1000,864.0,864000.0
2016-06-13,201606133432189,NBB,35,57,273,864.0,235872.0
2016-06-13,201606133432176,NBB,57,29,200,863.0,172600.0
2016-06-13,201606133432169,NBB,41,58,57,862.0,49134.0
2016-06-13,201606133432168,NBB,41,58,310,862.0,267220.0
2016-06-13,201606133432288,NBB,32,14,100,862.0,86200.0
2016-06-13,201606133432287,NBB,41,14,130,862.0,112060.0
2016-06-13,201606133432286,NBB,22,14,100,862.0,86200.0
2016-06-13,201606133432285,NBB,49,14,200,864.0,172800.0
2016-06-13,201606133432304,NBB,40,58,100,865.0,86500.0
2016-06-13,201606133432293,NBB,25,14,170,860.0,146200.0
2016-06-13,201606133432292,NBB,29,14,50,860.0,43000.0
2016-06-13,201606133432291,NBB,29,14,50,860.0,43000.0
2016-06-13,201606133432290,NBB,16,14,500,861.0,430500.0
2016-06-13,201606133432289,NBB,21,14,500,861.0,430500.0
2016-06-13,201606133432321,NBB,52,56,150,860.0,129000.0
2016-06-13,201606133432320,NBB,48,56,500,860.0,430000.0
2016-06-13,201606133432319,NBB,8,56,100,860.0,86000.0
2016-06-13,201606133432318,NBB,25,56,330,860.0,283800.0
2016-06-13,201606133432317,NBB,17,56,150,862.0,129300.0
2016-06-13,201606133432305,NBB,41,58,100,865.0,86500.0
2016-06-13,201606133432166,NBL,28,22,250,475.0,118750.0
2016-06-13,201606133432095,NBL,13,22,250,475.0,118750.0
2016-06-13,201606133432071,NBSL,21,47,20,775.0,15500.0
2016-06-13,201606133432340,NHPC,45,11,1000,194.0,194000.0
2016-06-13,201606133432183,NHPC,5,49,500,196.0,98000.0
2016-06-13,201606133432182,NHPC,45,49,500,196.0,98000.0
2016-06-13,201606133432012,NHPC,45,21,1000,196.0,196000.0
2016-06-13,201606133431904,NHPC,45,4,1000,196.0,196000.0
2016-06-13,201606133432230,NIB,36,50,19,1055.0,20045.0
2016-06-13,201606133432158,NIB,47,45,65,1052.0,68380.0
2016-06-13,201606133432078,NIB,14,6,1000,1051.0,1051000.0
2016-06-13,201606133432021,NIB,42,44,300,1055.0,316500.0
2016-06-13,201606133432020,NIB,42,44,500,1055.0,527500.0
2016-06-13,201606133431989,NIB,7,57,500,1060.0,530000.0
2016-06-13,201606133431987,NIB,41,6,50,1060.0,53000.0
2016-06-13,201606133431865,NIB,49,45,131,1070.0,140170.0
2016-06-13,201606133432281,NIBPO,6,57,400,921.0,368400.0
2016-06-13,201606133432254,NIBPO,7,57,500,925.0,462500.0
2016-06-13,201606133432253,NIBPO,47,57,60,925.0,55500.0
2016-06-13,201606133432151,NIBPO,56,45,33,930.0,30690.0
2016-06-13,201606133432150,NIBPO,6,6,1000,931.0,931000.0
2016-06-13,201606133432079,NIBSF1,8,42,2000,11.27,22540.0
2016-06-13,201606133432209,NICA,34,38,504,738.0,371952.0
2016-06-13,201606133431862,NICA,32,42,370,750.0,277500.0
2016-06-13,201606133432023,NICL,32,21,500,1205.0,602500.0
2016-06-13,201606133431985,NICL,32,46,148,1200.0,177600.0
2016-06-13,201606133431953,NICL,32,49,750,1199.0,899250.0
2016-06-13,201606133432132,NLBBL,35,47,500,2400.0,1200000.0
2016-06-13,201606133432338,NLG,35,19,30,1796.0,53880.0
2016-06-13,201606133432337,NLG,55,19,40,1796.0,71840.0
2016-06-13,201606133432069,NLG,55,16,10,1796.0,17960.0
2016-06-13,201606133431945,NLG,55,1,50,1796.0,89800.0
2016-06-13,201606133431910,NLG,21,53,50,1813.0,90650.0
2016-06-13,201606133431909,NLG,32,53,10,1814.0,18140.0
2016-06-13,201606133431894,NLG,21,26,150,1813.0,271950.0
2016-06-13,201606133432268,NLICL,59,43,330,3120.0,1029600.0
2016-06-13,201606133432267,NLICL,38,43,100,3135.0,313500.0
2016-06-13,201606133432266,NLICL,25,43,70,3152.0,220640.0
2016-06-13,201606133432265,NLICL,25,45,30,3150.0,94500.0
2016-06-13,201606133432263,NLICL,28,45,70,3150.0,220500.0
2016-06-13,201606133432262,NLICL,46,45,50,3151.0,157550.0
2016-06-13,201606133432261,NLICL,58,45,150,3155.0,473250.0
2016-06-13,201606133432175,NLICL,46,13,50,3151.0,157550.0
2016-06-13,201606133432101,NLICL,11,59,20,3150.0,63000.0
2016-06-13,201606133432000,NLICL,28,13,130,3130.0,406900.0
2016-06-13,201606133431884,NLICL,53,13,70,3121.0,218470.0
2016-06-13,201606133431858,NLICL,34,38,610,3060.0,1866600.0
2016-06-13,201606133432327,NMB,37,53,200,712.0,142400.0
2016-06-13,201606133432326,NMB,37,58,800,712.0,569600.0
2016-06-13,201606133432325,NMB,17,58,100,713.0,71300.0
2016-06-13,201606133432300,NMB,17,58,34,713.0,24242.0
2016-06-13,201606133432297,NMB,19,58,1000,713.0,713000.0
2016-06-13,201606133432206,NMB,52,14,188,714.0,134232.0
2016-06-13,201606133431946,NMB,55,39,223,717.0,159891.0
2016-06-13,201606133431942,NMB,18,19,145,717.0,103965.0
2016-06-13,201606133431930,NMB,32,34,388,715.0,277420.0
2016-06-13,201606133431924,NMB,18,39,300,717.0,215100.0
2016-06-13,201606133431860,NMB,29,25,100,715.0,71500.0
2016-06-13,201606133432184,NMB,38,52,45,715.0,32175.0
2016-06-13,201606133432087,NMB,52,14,700,714.0,499800.0
2016-06-13,201606133432086,NMB,16,14,800,714.0,571200.0
2016-06-13,201606133432085,NMB,25,14,500,714.0,357000.0
2016-06-13,201606133432068,NMB,25,52,200,714.0,142800.0
2016-06-13,201606133432041,NMB,29,43,15,715.0,10725.0
2016-06-13,201606133431913,NTC,5,45,50,660.0,33000.0
2016-06-13,201606133432133,NTC,10,22,120,661.0,79320.0
2016-06-13,201606133432255,NTC,10,22,100,661.0,66100.0
2016-06-13,201606133432279,NTC,42,42,2900,662.0,1919800.0
2016-06-13,201606133432270,NTC,42,22,100,662.0,66200.0
2016-06-13,201606133431928,NUBL,35,17,97,2200.0,213400.0
2016-06-13,201606133432344,PCBL,59,22,100,708.0,70800.0
2016-06-13,201606133432331,PCBL,51,22,500,708.0,354000.0
2016-06-13,201606133432180,PCBL,34,38,493,706.0,348058.0
2016-06-13,201606133432083,PCBL,51,22,230,708.0,162840.0
2016-06-13,201606133431864,PCBL,45,17,223,709.0,158107.0
2016-06-13,201606133432191,PFL,40,28,1000,305.0,305000.0
2016-06-13,201606133432215,PIC,22,5,90,1900.0,171000.0
2016-06-13,201606133432214,PIC,22,59,200,1900.0,380000.0
2016-06-13,201606133431932,PIC,54,40,297,1878.0,557766.0
2016-06-13,201606133432275,PICL,17,46,500,1380.0,690000.0
2016-06-13,201606133432204,PLIC,53,44,100,1900.0,190000.0
2016-06-13,201606133432203,PLIC,53,44,10,1900.0,19000.0
2016-06-13,201606133432103,PLIC,53,7,200,1900.0,380000.0
2016-06-13,201606133431911,PLIC,53,11,11,1900.0,20900.0
2016-06-13,201606133432333,PRIN,33,45,420,1400.0,588000.0
2016-06-13,201606133432332,PRIN,20,45,50,1405.0,70250.0
2016-06-13,201606133432229,PRIN,33,45,150,1400.0,210000.0
2016-06-13,201606133432228,PRIN,19,45,100,1400.0,140000.0
2016-06-13,201606133432227,PRIN,55,45,50,1400.0,70000.0
2016-06-13,201606133432226,PRIN,21,45,100,1401.0,140100.0
2016-06-13,201606133432061,PRIN,11,7,108,1420.0,153360.0
2016-06-13,201606133432060,PRIN,11,7,500,1415.0,707500.0
2016-06-13,201606133432059,PRIN,11,19,100,1414.0,141400.0
2016-06-13,201606133432058,PRIN,11,21,100,1410.0,141000.0
2016-06-13,201606133432057,PRIN,11,51,100,1410.0,141000.0
2016-06-13,201606133432002,PRIN,17,37,100,1405.0,140500.0
2016-06-13,201606133432225,PRIN,26,45,100,1401.0,140100.0
2016-06-13,201606133432224,PRIN,38,45,100,1402.0,140200.0
2016-06-13,201606133432223,PRIN,51,45,200,1402.0,280400.0
2016-06-13,201606133432222,PRIN,43,45,50,1402.0,70100.0
2016-06-13,201606133432221,PRIN,38,45,150,1403.0,210450.0
2016-06-13,201606133432161,PRIN,11,5,300,1420.0,426000.0
2016-06-13,201606133432074,REDBL,32,21,18,430.0,7740.0
2016-06-13,201606133431952,REDBL,13,26,210,430.0,90300.0
2016-06-13,201606133431925,REDBL,51,5,78,427.0,33306.0
2016-06-13,201606133432207,RHPC,42,32,28,369.0,10332.0
2016-06-13,201606133432201,RHPC,42,48,12,365.0,4380.0
2016-06-13,201606133432335,RMDC,36,38,50,1080.0,54000.0
2016-06-13,201606133432334,RMDC,36,45,200,1080.0,216000.0
2016-06-13,201606133432160,RMDC,36,45,507,1080.0,547560.0
2016-06-13,201606133432148,RMDC,36,52,112,1079.0,120848.0
2016-06-13,201606133432036,RMDC,36,17,50,1080.0,54000.0
2016-06-13,201606133431901,RMDC,5,17,100,1080.0,108000.0
2016-06-13,201606133431900,RMDC,48,17,50,1080.0,54000.0
2016-06-13,201606133431899,RMDC,1,17,300,1081.0,324300.0
2016-06-13,201606133432218,SADBL,35,51,150,384.0,57600.0
2016-06-13,201606133432167,SADBL,35,51,100,384.0,38400.0
2016-06-13,201606133432259,SAFL,16,56,994,337.0,334978.0
2016-06-13,201606133432134,SANIMA,17,52,400,670.0,268000.0
2016-06-13,201606133432011,SANIMA,47,47,781,671.0,524051.0
2016-06-13,201606133431887,SANIMA,41,29,500,670.0,335000.0
2016-06-13,201606133432336,SBI,39,16,60,1773.0,106380.0
2016-06-13,201606133432295,SBI,17,54,200,1775.0,355000.0
2016-06-13,201606133432278,SBI,39,43,43,1774.0,76282.0
2016-06-13,201606133432346,SCB,41,11,100,3340.0,334000.0
2016-06-13,201606133432258,SCB,41,14,20,3340.0,66800.0
2016-06-13,201606133432125,SCB,38,11,20,3330.0,66600.0
2016-06-13,201606133432124,SCB,26,11,60,3330.0,199800.0
2016-06-13,201606133432123,SCB,36,11,20,3345.0,66900.0
2016-06-13,201606133432109,SCB,57,41,100,3345.0,334500.0
2016-06-13,201606133431941,SCB,22,5,150,3350.0,502500.0
2016-06-13,201606133431880,SCB,57,58,100,3370.0,337000.0
2016-06-13,201606133431867,SCB,54,26,100,3350.0,335000.0
2016-06-13,201606133431866,SCB,54,58,250,3350.0,837500.0
2016-06-13,201606133432046,SCB,28,50,100,3350.0,335000.0
2016-06-13,201606133431973,SCB,26,11,130,3330.0,432900.0
2016-06-13,201606133431972,SCB,54,11,150,3331.0,499650.0
2016-06-13,201606133431971,SCB,14,11,50,3331.0,166550.0
2016-06-13,201606133431970,SCB,6,11,20,3340.0,66800.0
2016-06-13,201606133431951,SCB,56,40,21,3340.0,70140.0
2016-06-13,201606133432173,SEWA,5,48,495,463.0,229185.0
2016-06-13,201606133432045,SEWA,53,6,27,462.0,12474.0
2016-06-13,201606133432242,SHL,13,6,300,365.0,109500.0
2016-06-13,201606133432241,SHL,4,6,200,365.0,73000.0
2016-06-13,201606133432102,SHPC,56,57,126,869.0,109494.0
2016-06-13,201606133431988,SHPC,56,29,18,870.0,15660.0
2016-06-13,201606133431937,SHPC,56,52,15,870.0,13050.0
2016-06-13,201606133431876,SHPC,56,41,16,870.0,13920.0
2016-06-13,201606133431861,SHPC,56,41,16,870.0,13920.0
2016-06-13,201606133432135,SIC,45,17,100,2310.0,231000.0
2016-06-13,201606133432029,SIC,11,16,251,2330.0,584830.0
2016-06-13,201606133432019,SIC,11,10,127,2329.0,295783.0
2016-06-13,201606133432179,SICL,16,56,344,3061.0,1052984.0
2016-06-13,201606133432010,SICL,58,42,17,3070.0,52190.0
2016-06-13,201606133431995,SICL,58,42,180,3070.0,552600.0
2016-06-13,201606133431994,SICL,50,42,220,3080.0,677600.0
2016-06-13,201606133431957,SIL,36,16,300,2000.0,600000.0
2016-06-13,201606133431956,SIL,42,16,500,2000.0,1000000.0
2016-06-13,201606133431939,SIL,42,5,300,2005.0,601500.0
2016-06-13,201606133431868,SIL,45,44,300,2010.0,603000.0
2016-06-13,201606133432296,SINDU,21,52,100,501.0,50100.0
2016-06-13,201606133432274,SINDU,14,52,100,502.0,50200.0
2016-06-13,201606133431982,SINDU,45,56,300,500.0,150000.0
2016-06-13,201606133432005,SKBBL,5,39,20,2050.0,41000.0
2016-06-13,201606133432004,SKBBL,5,39,20,2050.0,41000.0
2016-06-13,201606133432196,SLICL,19,34,200,1086.0,217200.0
2016-06-13,201606133432130,SLICL,1,59,200,1070.0,214000.0
2016-06-13,201606133432098,SLICL,43,21,34,1061.0,36074.0
2016-06-13,201606133432307,SRBL,56,43,60,638.0,38280.0
2016-06-13,201606133432302,SRBL,58,45,51,636.0,32436.0
2016-06-13,201606133432198,SRBL,49,32,243,637.0,154791.0
2016-06-13,201606133432032,SRBL,10,48,54,636.0,34344.0
2016-06-13,201606133431893,SRBL,3,44,200,640.0,128000.0
2016-06-13,201606133431892,SRBL,57,44,500,640.0,320000.0
2016-06-13,201606133431891,SRBL,38,44,500,640.0,320000.0
2016-06-13,201606133431877,SRBL,48,34,200,641.0,128200.0
2016-06-13,201606133431853,SRBL,56,34,500,641.0,320500.0
2016-06-13,201606133432257,SWBBL,41,20,300,2768.0,830400.0
2016-06-13,201606133432042,SWBBL,49,49,500,2760.0,1380000.0
2016-06-13,201606133431935,SYFL,39,29,377,128.0,48256.0
2016-06-13,201606133431896,SYFL,19,20,339,130.0,44070.0
2016-06-13,201606133431855,UFIL,52,10,22,217.0,4774.0
2016-06-13,201606133432256,UIC,44,38,2300,1503.0,3456900.0
2016-06-13,201606133432245,UIC,44,28,200,1502.0,300400.0
2016-06-13,201606133432244,UIC,44,10,300,1501.0,450300.0
2016-06-13,201606133432243,UIC,44,56,10,1500.0,15000.0
2016-06-13,201606133432235,UIC,46,56,40,1500.0,60000.0
2016-06-13,201606133432195,UIC,46,41,160,1500.0,240000.0
2016-06-13,201606133432003,UIC,44,26,500,1500.0,750000.0
2016-06-13,201606133431969,UIC,44,53,100,1500.0,150000.0
2016-06-13,201606133431903,UIC,21,53,100,1500.0,150000.0
2016-06-13,201606133431890,UIC,1,56,100,1502.0,150200.0
2016-06-13,201606133432194,UIC,41,41,50,1500.0,75000.0
2016-06-13,201606133432165,UIC,44,57,100,1500.0,150000.0
2016-06-13,201606133432111,UIC,41,5,450,1500.0,675000.0
2016-06-13,201606133432063,UIC,34,56,100,1500.0,150000.0
2016-06-13,201606133432034,UIC,34,56,400,1500.0,600000.0
2016-06-13,201606133431981,VLBS,18,18,309,1580.0,488220.0
2016-06-13,201606133431980,VLBS,18,17,20,1580.0,31600.0
2016-06-13,201606133431979,VLBS,18,39,10,1575.0,15750.0
2016-06-13,201606133431978,VLBS,18,39,10,1575.0,15750.0
2016-06-13,201606133431977,VLBS,18,39,10,1575.0,15750.0
2016-06-13,201606133431976,VLBS,18,39,10,1575.0,15750.0
2016-06-13,201606133431975,VLBS,18,39,10,1575.0,15750.0
2016-06-13,201606133431974,VLBS,18,39,10,1575.0,15750.0
2016-06-13,201606133432280,WOMI,36,13,12,3012.0,36144.0
2016-06-13,201606133432181,WOMI,1,11,12,3035.0,36420.0
2016-06-13,201606133432139,WOMI,36,1,12,3030.0,36360.0
2016-06-13,201606133432127,WOMI,36,1,12,3030.0,36360.0
2016-06-13,201606133432121,WOMI,36,49,12,3020.0,36240.0
2016-06-13,201606133432112,WOMI,36,49,12,3020.0,36240.0
2016-06-13,201606133432100,WOMI,36,26,12,3015.0,36180.0
2016-06-13,201606133432089,WOMI,36,26,12,3014.0,36168.0
2016-06-13,201606133431958,WOMI,36,40,12,3012.0,36144.0
2016-06-13,201606133431888,WOMI,58,58,12,3013.0,36156.0
2016-06-13,201606133431863,YETI,8,10,60,217.0,13020.0
2016-06-13,201606133434756,ACEDBL,36,49,500,379.0,189500.0
2016-06-13,201606133434718,ACEDBL,19,49,200,379.0,75800.0
2016-06-13,201606133434423,ACEDBL,17,49,10,379.0,3790.0
2016-06-13,201606133434840,ADBL,40,3,30,704.0,21120.0
2016-06-13,201606133434817,ADBL,58,21,423,700.0,296100.0
2016-06-13,201606133434787,ADBL,8,21,171,701.0,119871.0
2016-06-13,201606133434751,ADBL,8,21,492,705.0,346860.0
2016-06-13,201606133434665,ADBL,40,42,150,704.0,105600.0
2016-06-13,201606133434479,ADBL,39,17,200,705.0,141000.0
2016-06-13,201606133434478,ADBL,39,41,1000,705.0,705000.0
2016-06-13,201606133434477,ADBL,39,41,1000,705.0,705000.0
2016-06-13,201606133434476,ADBL,39,41,1000,705.0,705000.0
2016-06-13,201606133434444,ADBL,44,3,100,705.0,70500.0
2016-06-13,201606133434541,ADBL,8,21,128,706.0,90368.0
2016-06-13,201606133434510,ADBL,58,8,96,706.0,67776.0
2016-06-13,201606133434501,ADBL,58,13,160,706.0,112960.0
2016-06-13,201606133434500,ADBL,58,22,110,706.0,77660.0
2016-06-13,201606133434498,ADBL,17,3,70,705.0,49350.0
2016-06-13,201606133434480,ADBL,39,47,400,705.0,282000.0
2016-06-13,201606133434635,ADBL,8,20,700,710.0,497000.0
2016-06-13,201606133434605,ADBL,8,47,125,710.0,88750.0
2016-06-13,201606133434589,ADBL,8,37,109,710.0,77390.0
2016-06-13,201606133434588,ADBL,8,7,40,708.0,28320.0
2016-06-13,201606133434586,ADBL,17,14,100,708.0,70800.0
2016-06-13,201606133434569,ADBL,8,25,25,708.0,17700.0
2016-06-13,201606133434761,AHPC,16,46,43,353.0,15179.0
2016-06-13,201606133434760,AHPC,16,46,70,353.0,24710.0
2016-06-13,201606133434706,AHPC,45,35,170,351.0,59670.0
2016-06-13,201606133434687,AHPC,10,33,1000,350.0,350000.0
2016-06-13,201606133434686,AHPC,41,33,1000,350.0,350000.0
2016-06-13,201606133434685,AHPC,46,33,3000,350.0,1050000.0
2016-06-13,201606133434419,AHPC,35,46,100,355.0,35500.0
2016-06-13,201606133434684,AHPC,37,33,500,350.0,175000.0
2016-06-13,201606133434683,AHPC,26,33,50,352.0,17600.0
2016-06-13,201606133434573,AHPC,44,35,750,351.0,263250.0
2016-06-13,201606133434422,AHPC,38,46,400,353.0,141200.0
2016-06-13,201606133434421,AHPC,38,46,230,353.0,81190.0
2016-06-13,201606133434420,AHPC,46,46,200,354.0,70800.0
2016-06-13,201606133434757,ALICL,25,41,130,1570.0,204100.0
2016-06-13,201606133434583,ALICL,25,32,200,1560.0,312000.0
2016-06-13,201606133434582,ALICL,25,22,100,1560.0,156000.0
2016-06-13,201606133434575,ALICL,25,26,69,1560.0,107640.0
2016-06-13,201606133434571,ALICL,25,29,57,1560.0,88920.0
2016-06-13,201606133434554,ALICL,25,6,22,1559.0,34298.0
2016-06-13,201606133434488,ALICL,25,8,66,1555.0,102630.0
2016-06-13,201606133434849,API,22,57,16,771.0,12336.0
2016-06-13,201606133434831,API,22,56,100,771.0,77100.0
2016-06-13,201606133434821,API,48,57,16,771.0,12336.0
2016-06-13,201606133434754,API,33,40,16,771.0,12336.0
2016-06-13,201606133434727,API,50,16,26,772.0,20072.0
2016-06-13,201606133434712,API,22,16,16,773.0,12368.0
2016-06-13,201606133434522,API,25,13,26,778.0,20228.0
2016-06-13,201606133434516,API,25,13,26,778.0,20228.0
2016-06-13,201606133434512,API,25,13,26,778.0,20228.0
2016-06-13,201606133434698,API,25,16,16,773.0,12368.0
2016-06-13,201606133434621,API,25,17,26,776.0,20176.0
2016-06-13,201606133434614,API,25,16,16,774.0,12384.0
2016-06-13,201606133434587,API,40,17,26,775.0,20150.0
2016-06-13,201606133434572,API,42,32,26,776.0,20176.0
2016-06-13,201606133434530,API,25,13,26,778.0,20228.0
2016-06-13,201606133434396,ARDBL,49,52,300,315.0,94500.0
2016-06-13,201606133434766,BARUN,45,26,30,406.0,12180.0
2016-06-13,201606133434765,BARUN,45,26,10,406.0,4060.0
2016-06-13,201606133434764,BARUN,45,26,10,406.0,4060.0
2016-06-13,201606133434763,BARUN,45,26,10,406.0,4060.0
2016-06-13,201606133434428,BHBL,47,13,100,440.0,44000.0
2016-06-13,201606133434682,BPCL,6,38,500,709.0,354500.0
2016-06-13,201606133434740,CBBL,48,45,200,2140.0,428000.0
2016-06-13,201606133434651,CBBL,21,6,600,2135.0,1281000.0
2016-06-13,201606133434443,CBBL,52,55,150,2140.0,321000.0
2016-06-13,201606133434390,CBBL,47,6,500,2150.0,1075000.0
2016-06-13,201606133434798,CCBL,1,32,13,420.0,5460.0
2016-06-13,201606133434788,CCBL,39,32,200,421.0,84200.0
2016-06-13,201606133434648,CCBL,48,25,300,423.0,126900.0
2016-06-13,201606133434647,CCBL,48,49,1710,423.0,723330.0
2016-06-13,201606133434632,CCBL,48,49,202,419.0,84638.0
2016-06-13,201606133434513,CCBL,50,36,1176,420.0,493920.0
2016-06-13,201606133434426,CCBL,17,43,33,417.0,13761.0
2016-06-13,201606133434689,CHCL,40,57,10,1375.0,13750.0
2016-06-13,201606133434592,CHCL,40,36,280,1375.0,385000.0
2016-06-13,201606133434591,CHCL,36,36,10,1380.0,13800.0
2016-06-13,201606133434590,CHCL,36,36,10,1380.0,13800.0
2016-06-13,201606133434487,CHCL,45,38,500,1380.0,690000.0
2016-06-13,201606133434643,CIT,42,59,47,4395.0,206565.0
2016-06-13,201606133434675,CZBIL,42,26,28,579.0,16212.0
2016-06-13,201606133434565,CZBIL,55,50,100,582.0,58200.0
2016-06-13,201606133434538,CZBIL,39,50,300,580.0,174000.0
2016-06-13,201606133434537,CZBIL,59,50,100,580.0,58000.0
2016-06-13,201606133434536,CZBIL,38,50,350,582.0,203700.0
2016-06-13,201606133434353,CZBIL,38,29,500,582.0,291000.0
2016-06-13,201606133434829,DBBL,43,6,4000,255.0,1020000.0
2016-06-13,201606133434822,DBBL,8,26,100,253.0,25300.0
2016-06-13,201606133434482,DBBL,49,6,1000,255.0,255000.0
2016-06-13,201606133434460,DBBL,8,11,200,253.0,50600.0
2016-06-13,201606133434837,DDBL,20,26,110,3280.0,360800.0
2016-06-13,201606133434752,DDBL,26,44,90,3295.0,296550.0
2016-06-13,201606133434735,DDBL,32,10,50,3286.0,164300.0
2016-06-13,201606133434730,DDBL,51,44,50,3295.0,164750.0
2016-06-13,201606133434609,DDBL,35,44,100,3295.0,329500.0
2016-06-13,201606133434585,DDBL,58,44,60,3295.0,197700.0
2016-06-13,201606133434473,DDBL,34,47,230,3290.0,756700.0
2016-06-13,201606133434472,DDBL,34,47,540,3290.0,1776600.0
2016-06-13,201606133434429,DDBL,45,47,100,3290.0,329000.0
2016-06-13,201606133434785,EBL,22,13,30,3160.0,94800.0
2016-06-13,201606133434784,EBL,42,13,50,3160.0,158000.0
2016-06-13,201606133434783,EBL,34,13,20,3160.0,63200.0
2016-06-13,201606133434719,EBL,42,26,66,3160.0,208560.0
2016-06-13,201606133434623,EBL,5,58,170,3170.0,538900.0
2016-06-13,201606133434374,EBL,50,58,40,3162.0,126480.0
2016-06-13,201606133434371,EBL,42,42,1500,3170.0,4755000.0
2016-06-13,201606133434380,EBL,6,58,200,3160.0,632000.0
2016-06-13,201606133434379,EBL,7,58,60,3160.0,189600.0
2016-06-13,201606133434378,EBL,41,58,50,3160.0,158000.0
2016-06-13,201606133434377,EBL,45,58,40,3160.0,126400.0
2016-06-13,201606133434376,EBL,21,58,100,3161.0,316100.0
2016-06-13,201606133434375,EBL,21,58,100,3161.0,316100.0
2016-06-13,201606133434505,EBL,6,32,500,3170.0,1585000.0
2016-06-13,201606133434474,EBL,34,22,50,3160.0,158000.0
2016-06-13,201606133434458,EBL,34,49,30,3160.0,94800.0
2016-06-13,201606133434395,EBL,34,58,160,3160.0,505600.0
2016-06-13,201606133434383,EBL,6,58,100,3160.0,316000.0
2016-06-13,201606133434381,EBL,57,58,150,3160.0,474000.0
2016-06-13,201606133434775,EBLCP,10,22,50,1616.0,80800.0
2016-06-13,201606133434755,EBLCP,10,10,18,1599.0,28782.0
2016-06-13,201606133434642,EIC,38,28,100,1910.0,191000.0
2016-06-13,201606133434641,EIC,38,28,100,1911.0,191100.0
2016-06-13,201606133434640,EIC,38,28,100,1912.0,191200.0
2016-06-13,201606133434654,FMDBL,56,56,500,1657.0,828500.0
2016-06-13,201606133434579,FMDBL,29,36,200,1690.0,338000.0
2016-06-13,201606133434574,FMDBL,1,56,200,1685.0,337000.0
2016-06-13,201606133434503,FMDBL,56,56,1500,1657.0,2485500.0
2016-06-13,201606133434442,FMDBL,1,39,60,1684.0,101040.0
2016-06-13,201606133434398,FMDBL,56,17,250,1690.0,422500.0
2016-06-13,201606133434397,FMDBL,56,6,100,1685.0,168500.0
2016-06-13,201606133434385,FMDBL,19,6,100,1685.0,168500.0
2016-06-13,201606133434362,FMDBL,28,34,200,1674.0,334800.0
2016-06-13,201606133434361,FMDBL,28,44,200,1674.0,334800.0
2016-06-13,201606133434360,FMDBL,28,22,300,1670.0,501000.0
2016-06-13,201606133434826,GBIME,39,36,694,510.0,353940.0
2016-06-13,201606133434720,GBIME,8,47,813,509.0,413817.0
2016-06-13,201606133434645,GBIME,25,5,561,510.0,286110.0
2016-06-13,201606133434610,GBIME,40,55,100,511.0,51100.0
2016-06-13,201606133434496,GBIME,26,37,736,510.0,375360.0
2016-06-13,201606133434484,GBIME,26,32,100,510.0,51000.0
2016-06-13,201606133434441,GBIME,25,44,1000,510.0,510000.0
2016-06-13,201606133434367,GBIME,39,55,100,511.0,51100.0
2016-06-13,201606133434366,GBIME,5,55,490,511.0,250390.0
2016-06-13,201606133434365,GBIME,39,55,310,511.0,158410.0
2016-06-13,201606133434455,GBIME,5,44,150,510.0,76500.0
2016-06-13,201606133434454,GBIME,41,44,100,510.0,51000.0
2016-06-13,201606133434453,GBIME,14,44,1000,510.0,510000.0
2016-06-13,201606133434452,GBIME,16,44,1000,510.0,510000.0
2016-06-13,201606133434451,GBIME,6,44,500,510.0,255000.0
2016-06-13,201606133434450,GBIME,3,44,120,510.0,61200.0
2016-06-13,201606133434819,GDBL,25,14,195,382.0,74490.0
2016-06-13,201606133434493,GFCL,29,43,200,287.0,57400.0
2016-06-13,201606133434475,GLICL,17,36,400,900.0,360000.0
2016-06-13,201606133434445,GLICL,17,36,600,900.0,540000.0
2016-06-13,201606133434418,GLICL,17,36,400,900.0,360000.0
2016-06-13,201606133434373,HBL,57,35,300,1520.0,456000.0
2016-06-13,201606133434372,HBL,57,32,30,1518.0,45540.0
2016-06-13,201606133434352,HBL,45,56,124,1504.0,186496.0
2016-06-13,201606133434673,HGI,45,45,50,1425.0,71250.0
2016-06-13,201606133434629,HGI,52,52,200,1420.0,284000.0
2016-06-13,201606133434447,HGI,33,21,200,1420.0,284000.0
2016-06-13,201606133434816,ILFCM,48,26,10,1529.0,15290.0
2016-06-13,201606133434791,ILFCM,48,7,200,1520.0,304000.0
2016-06-13,201606133434790,ILFCM,48,26,20,1519.0,30380.0
2016-06-13,201606133434699,ILFCM,38,38,10,1508.0,15080.0
2016-06-13,201606133434781,JEFL,49,47,500,212.0,106000.0
2016-06-13,201606133434818,KMCDB,49,29,10,1980.0,19800.0
2016-06-13,201606133434370,KMCDB,56,41,110,1975.0,217250.0
2016-06-13,201606133434693,KNBL,47,7,1500,392.0,588000.0
2016-06-13,201606133434734,LBL,6,32,80,788.0,63040.0
2016-06-13,201606133434733,LBL,26,32,100,788.0,78800.0
2016-06-13,201606133434732,LBL,33,32,50,789.0,39450.0
2016-06-13,201606133434464,LBL,43,42,100,790.0,79000.0
2016-06-13,201606133434391,LBL,11,42,250,790.0,197500.0
2016-06-13,201606133434386,LBL,47,25,50,789.0,39450.0
2016-06-13,201606133434789,LGIL,47,49,200,1365.0,273000.0
2016-06-13,201606133434548,LGIL,40,32,500,1365.0,682500.0
2016-06-13,201606133434517,LGIL,33,32,450,1365.0,614250.0
2016-06-13,201606133434499,LGIL,52,6,32,1361.0,43552.0
2016-06-13,201606133434425,LGIL,11,32,150,1365.0,204750.0
2016-06-13,201606133434389,LGIL,36,32,100,1365.0,136500.0
2016-06-13,201606133434384,LGIL,38,32,100,1365.0,136500.0
2016-06-13,201606133434363,LGIL,19,32,100,1365.0,136500.0
2016-06-13,201606133434701,LICN,7,5,50,3531.0,176550.0
2016-06-13,201606133434700,LICN,4,5,70,3532.0,247240.0
2016-06-13,201606133434388,LICN,17,5,100,3531.0,353100.0
2016-06-13,201606133434424,LLBS,1,51,41,3110.0,127510.0
2016-06-13,201606133434845,MEGA,34,48,107,518.0,55426.0
2016-06-13,201606133434762,MEGA,21,11,88,515.0,45320.0
2016-06-13,201606133434746,MEGA,36,21,20,519.0,10380.0
2016-06-13,201606133434580,MEGA,47,11,300,513.0,153900.0
2016-06-13,201606133434440,MEGA,16,16,204,517.0,105468.0
2016-06-13,201606133434387,MEGA,16,16,329,518.0,170422.0
2016-06-13,201606133434356,MEGA,35,42,38,520.0,19760.0
2016-06-13,201606133434850,MFIL,46,56,700,343.0,240100.0
2016-06-13,201606133434669,MFIL,46,56,250,345.0,86250.0
2016-06-13,201606133434668,MFIL,6,56,350,345.0,120750.0
2016-06-13,201606133434634,MFIL,6,52,200,345.0,69000.0
2016-06-13,201606133434633,MFIL,6,42,50,345.0,17250.0
2016-06-13,201606133434620,MFIL,6,4,98,344.0,33712.0
2016-06-13,201606133434364,MFIL,26,48,1000,339.0,339000.0
2016-06-13,201606133434546,MFIL,26,49,900,343.0,308700.0
2016-06-13,201606133434540,MFIL,26,10,931,343.0,319333.0
2016-06-13,201606133434520,MFIL,26,49,300,343.0,102900.0
2016-06-13,201606133434502,MFIL,26,49,615,342.0,210330.0
2016-06-13,201606133434485,MFIL,40,52,200,342.0,68400.0
2016-06-13,201606133434400,MFIL,26,49,600,340.0,204000.0
2016-06-13,201606133434758,MMDBL,6,26,12,1235.0,14820.0
2016-06-13,201606133434695,MMDBL,6,26,17,1235.0,20995.0
2016-06-13,201606133434659,MNBBL,55,45,80,1200.0,96000.0
2016-06-13,201606133434658,MNBBL,55,45,100,1200.0,120000.0
2016-06-13,201606133434657,MNBBL,33,45,50,1200.0,60000.0
2016-06-13,201606133434656,MNBBL,21,45,400,1200.0,480000.0
2016-06-13,201606133434581,MNBBL,45,28,100,1205.0,120500.0
2016-06-13,201606133434465,MNBBL,6,4,100,1204.0,120400.0
2016-06-13,201606133434797,MSMBS,3,51,10,1651.0,16510.0
2016-06-13,201606133434786,MSMBS,3,51,10,1651.0,16510.0
2016-06-13,201606133434774,MSMBS,3,51,10,1651.0,16510.0
2016-06-13,201606133434753,MSMBS,3,51,10,1651.0,16510.0
2016-06-13,201606133434660,MSMBS,3,51,10,1651.0,16510.0
2016-06-13,201606133434639,MSMBS,44,51,10,1650.0,16500.0
2016-06-13,201606133434624,MSMBS,44,51,10,1650.0,16500.0
2016-06-13,201606133434602,MSMBS,44,51,10,1650.0,16500.0
2016-06-13,201606133434519,MSMBS,3,21,10,1660.0,16600.0
2016-06-13,201606133434511,MSMBS,42,45,100,1650.0,165000.0
2016-06-13,201606133434446,MSMBS,44,3,10,1650.0,16500.0
2016-06-13,201606133434773,NABIL,36,6,280,2320.0,649600.0
2016-06-13,201606133434772,NABIL,45,6,500,2320.0,1160000.0
2016-06-13,201606133434771,NABIL,55,6,50,2320.0,116000.0
2016-06-13,201606133434770,NABIL,53,6,100,2330.0,233000.0
2016-06-13,201606133434769,NABIL,38,6,20,2340.0,46800.0
2016-06-13,201606133434597,NABIL,36,6,700,2320.0,1624000.0
2016-06-13,201606133434544,NABILP,7,55,500,1777.0,888500.0
2016-06-13,201606133434843,NBB,8,52,300,865.0,259500.0
2016-06-13,201606133434832,NBB,59,44,100,867.0,86700.0
2016-06-13,201606133434824,NBB,38,5,100,865.0,86500.0
2016-06-13,201606133434793,NBB,38,58,220,865.0,190300.0
2016-06-13,201606133434782,NBB,8,58,600,865.0,519000.0
2016-06-13,201606133434743,NBB,19,58,30,865.0,25950.0
2016-06-13,201606133434401,NBB,7,35,1000,867.0,867000.0
2016-06-13,201606133434439,NBB,43,17,70,867.0,60690.0
2016-06-13,201606133434414,NBB,22,5,200,867.0,173400.0
2016-06-13,201606133434413,NBB,13,5,300,867.0,260100.0
2016-06-13,201606133434412,NBB,22,5,170,867.0,147390.0
2016-06-13,201606133434411,NBB,6,5,100,867.0,86700.0
2016-06-13,201606133434410,NBB,32,5,30,868.0,26040.0
2016-06-13,201606133434550,NBB,49,44,50,867.0,43350.0
2016-06-13,201606133434549,NBB,22,44,50,867.0,43350.0
2016-06-13,201606133434545,NBB,6,22,100,868.0,86800.0
2016-06-13,201606133434523,NBB,49,42,200,867.0,173400.0
2016-06-13,201606133434497,NBB,8,35,1000,867.0,867000.0
2016-06-13,201606133434494,NBB,47,22,100,868.0,86800.0
2016-06-13,201606133434558,NBB,11,42,100,865.0,86500.0
2016-06-13,201606133434557,NBB,34,42,100,865.0,86500.0
2016-06-13,201606133434556,NBB,43,42,300,866.0,259800.0
2016-06-13,201606133434555,NBB,26,42,250,866.0,216500.0
2016-06-13,201606133434552,NBB,49,44,310,867.0,268770.0
2016-06-13,201606133434551,NBB,26,44,50,867.0,43350.0
2016-06-13,201606133434564,NBB,25,42,100,865.0,86500.0
2016-06-13,201606133434563,NBB,41,42,250,865.0,216250.0
2016-06-13,201606133434562,NBB,16,42,200,865.0,173000.0
2016-06-13,201606133434561,NBB,4,42,200,865.0,173000.0
2016-06-13,201606133434560,NBB,36,42,100,865.0,86500.0
2016-06-13,201606133434559,NBB,7,42,50,865.0,43250.0
2016-06-13,201606133434742,NBB,1,58,150,865.0,129750.0
2016-06-13,201606133434715,NBB,4,42,205,864.0,177120.0
2016-06-13,201606133434681,NBB,49,44,70,867.0,60690.0
2016-06-13,201606133434672,NBB,54,7,500,864.0,432000.0
2016-06-13,201606133434655,NBB,1,42,50,865.0,43250.0
2016-06-13,201606133434567,NBB,26,42,300,865.0,259500.0
2016-06-13,201606133434809,NBL,14,53,200,481.0,96200.0
2016-06-13,201606133434507,NBL,22,49,1000,481.0,481000.0
2016-06-13,201606133434506,NBL,22,58,200,481.0,96200.0
2016-06-13,201606133434415,NBL,28,16,6000,480.0,2880000.0
2016-06-13,201606133434407,NBL,28,21,183,480.0,87840.0
2016-06-13,201606133434406,NBL,28,21,200,480.0,96000.0
2016-06-13,201606133434405,NBL,28,58,500,480.0,240000.0
2016-06-13,201606133434394,NBL,28,6,2116,480.0,1015680.0
2016-06-13,201606133434393,NBL,28,13,700,480.0,336000.0
2016-06-13,201606133434392,NBL,28,58,8450,480.0,4056000.0
2016-06-13,201606133434844,NHPC,45,20,210,197.0,41370.0
2016-06-13,201606133434841,NHPC,16,20,500,197.0,98500.0
2016-06-13,201606133434808,NHPC,45,32,500,196.0,98000.0
2016-06-13,201606133434807,NHPC,45,32,140,196.0,27440.0
2016-06-13,201606133434806,NHPC,45,45,200,196.0,39200.0
2016-06-13,201606133434805,NHPC,45,49,600,196.0,117600.0
2016-06-13,201606133434729,NHPC,34,17,300,195.0,58500.0
2016-06-13,201606133434604,NHPC,42,49,2000,196.0,392000.0
2016-06-13,201606133434481,NHPC,42,49,10000,196.0,1960000.0
2016-06-13,201606133434427,NHPC,34,8,200,195.0,39000.0
2016-06-13,201606133434846,NIB,52,53,100,1064.0,106400.0
2016-06-13,201606133434778,NIB,1,6,300,1068.0,320400.0
2016-06-13,201606133434382,NIB,45,6,70,1068.0,74760.0
2016-06-13,201606133434650,NICL,6,48,100,1200.0,120000.0
2016-06-13,201606133434649,NICL,6,46,700,1200.0,840000.0
2016-06-13,201606133434521,NICL,16,46,300,1200.0,360000.0
2016-06-13,201606133434804,NLG,33,11,219,1840.0,402960.0
2016-06-13,201606133434803,NLG,33,43,200,1838.0,367600.0
2016-06-13,201606133434802,NLG,33,47,30,1835.0,55050.0
2016-06-13,201606133434801,NLG,33,47,30,1834.0,55020.0
2016-06-13,201606133434800,NLG,33,33,500,1830.0,915000.0
2016-06-13,201606133434799,NLG,33,49,10,1830.0,18300.0
2016-06-13,201606133434792,NLG,33,43,15,1828.0,27420.0
2016-06-13,201606133434622,NLG,6,45,27,1812.0,48924.0
2016-06-13,201606133434593,NLICL,50,50,400,3160.0,1264000.0
2016-06-13,201606133434576,NLICL,6,50,100,3160.0,316000.0
2016-06-13,201606133434525,NLICL,21,17,20,3150.0,63000.0
2016-06-13,201606133434524,NLICL,21,33,40,3150.0,126000.0
2016-06-13,201606133434860,NMB,49,6,500,721.0,360500.0
2016-06-13,201606133434709,NMB,48,26,29,721.0,20909.0
2016-06-13,201606133434638,NMB,33,52,100,724.0,72400.0
2016-06-13,201606133434625,NMB,57,42,17,719.0,12223.0
2016-06-13,201606133434618,NMB,57,42,470,719.0,337930.0
2016-06-13,201606133434617,NMB,29,42,70,720.0,50400.0
2016-06-13,201606133434462,NMB,29,5,49,725.0,35525.0
2016-06-13,201606133434404,NMB,8,6,50,724.0,36200.0
2016-06-13,201606133434403,NMB,8,45,50,724.0,36200.0
2016-06-13,201606133434402,NMB,8,39,100,724.0,72400.0
2016-06-13,201606133434616,NMB,33,42,300,721.0,216300.0
2016-06-13,201606133434615,NMB,19,42,150,721.0,108150.0
2016-06-13,201606133434553,NMB,19,14,108,722.0,77976.0
2016-06-13,201606133434529,NMB,29,42,500,720.0,360000.0
2016-06-13,201606133434527,NMB,57,29,200,725.0,145000.0
2016-06-13,201606133434515,NMB,29,6,50,725.0,36250.0
2016-06-13,201606133434747,NUBL,5,25,200,2285.0,457000.0
2016-06-13,201606133434728,NUBL,5,17,100,2288.0,228800.0
2016-06-13,201606133434711,NUBL,5,45,48,2288.0,109824.0
2016-06-13,201606133434710,NUBL,5,48,150,2280.0,342000.0
2016-06-13,201606133434666,NUBL,21,40,200,2265.0,453000.0
2016-06-13,201606133434780,OHL,19,41,100,525.0,52500.0
2016-06-13,201606133434779,OHL,19,59,10,525.0,5250.0
2016-06-13,201606133434815,PCBL,57,6,180,711.0,127980.0
2016-06-13,201606133434814,PCBL,57,6,500,711.0,355500.0
2016-06-13,201606133434813,PCBL,22,6,250,711.0,177750.0
2016-06-13,201606133434812,PCBL,34,6,70,711.0,49770.0
2016-06-13,201606133434768,PCBL,34,7,200,711.0,142200.0
2016-06-13,201606133434767,PCBL,17,7,100,712.0,71200.0
2016-06-13,201606133434670,PCBL,34,10,30,711.0,21330.0
2016-06-13,201606133434470,PICL,17,46,480,1380.0,662400.0
2016-06-13,201606133434469,PICL,43,46,50,1381.0,69050.0
2016-06-13,201606133434468,PICL,37,46,100,1390.0,139000.0
2016-06-13,201606133434467,PICL,29,46,70,1391.0,97370.0
2016-06-13,201606133434820,PLIC,43,44,100,1890.0,189000.0
2016-06-13,201606133434671,PLIC,53,44,180,1890.0,340200.0
2016-06-13,201606133434518,PLIC,53,44,100,1890.0,189000.0
2016-06-13,201606133434459,PRIN,38,59,100,1430.0,143000.0
2016-06-13,201606133434436,PRIN,38,8,100,1425.0,142500.0
2016-06-13,201606133434833,PROFL,22,49,325,160.0,52000.0
2016-06-13,201606133434417,RBBBL,21,6,170,270.0,45900.0
2016-06-13,201606133434408,RBBBL,21,6,170,270.0,45900.0
2016-06-13,201606133434528,REDBL,32,28,500,440.0,220000.0
2016-06-13,201606133434355,REDBL,17,26,40,438.0,17520.0
2016-06-13,201606133434354,REDBL,32,26,272,438.0,119136.0
2016-06-13,201606133434731,RHPC,25,32,12,363.0,4356.0
2016-06-13,201606133434842,RMDC,47,11,207,1132.0,234324.0
2016-06-13,201606133434825,RMDC,59,11,100,1142.0,114200.0
2016-06-13,201606133434796,RMDC,26,40,100,1140.0,114000.0
2016-06-13,201606133434795,RMDC,26,21,30,1140.0,34200.0
2016-06-13,201606133434794,RMDC,26,25,100,1140.0,114000.0
2016-06-13,201606133434741,RMDC,41,32,500,1132.0,566000.0
2016-06-13,201606133434448,RMDC,45,6,49,1115.0,54635.0
2016-06-13,201606133434434,RMDC,45,6,30,1115.0,33450.0
2016-06-13,201606133434433,RMDC,1,6,20,1115.0,22300.0
2016-06-13,201606133434432,RMDC,43,6,150,1116.0,167400.0
2016-06-13,201606133434608,RMDC,34,53,150,1120.0,168000.0
2016-06-13,201606133434570,RMDC,40,53,336,1120.0,376320.0
2016-06-13,201606133434543,RMDC,40,53,20,1120.0,22400.0
2016-06-13,201606133434542,RMDC,17,53,80,1120.0,89600.0
2016-06-13,201606133434486,RMDC,34,21,100,1120.0,112000.0
2016-06-13,201606133434471,RMDC,44,14,500,1120.0,560000.0
2016-06-13,201606133434678,RMDC,34,39,200,1125.0,225000.0
2016-06-13,201606133434677,RMDC,34,40,200,1125.0,225000.0
2016-06-13,201606133434667,RMDC,34,41,52,1124.0,58448.0
2016-06-13,201606133434662,RMDC,36,38,36,1124.0,40464.0
2016-06-13,201606133434652,RMDC,36,38,36,1124.0,40464.0
2016-06-13,201606133434613,RMDC,36,14,500,1122.0,561000.0
2016-06-13,201606133434738,RMDC,47,43,500,1132.0,566000.0
2016-06-13,201606133434708,RMDC,36,5,100,1130.0,113000.0
2016-06-13,201606133434707,RMDC,36,26,100,1130.0,113000.0
2016-06-13,201606133434696,RMDC,1,39,36,1126.0,40536.0
2016-06-13,201606133434680,RMDC,34,39,100,1125.0,112500.0
2016-06-13,201606133434679,RMDC,34,39,100,1125.0,112500.0
2016-06-13,201606133434694,SANIMA,14,55,40,674.0,26960.0
2016-06-13,201606133434674,SANIMA,49,22,250,672.0,168000.0
2016-06-13,201606133434547,SANIMA,37,16,100,674.0,67400.0
2016-06-13,201606133434509,SANIMA,22,53,200,673.0,134600.0
2016-06-13,201606133434508,SANIMA,41,53,100,674.0,67400.0
2016-06-13,201606133434705,SBI,45,11,100,1760.0,176000.0
2016-06-13,201606133434704,SBI,36,11,100,1761.0,176100.0
2016-06-13,201606133434703,SBI,38,11,200,1765.0,353000.0
2016-06-13,201606133434702,SBI,6,11,230,1769.0,406870.0
2016-06-13,201606133434601,SBI,45,1,350,1770.0,619500.0
2016-06-13,201606133434514,SBI,6,6,70,1769.0,123830.0
2016-06-13,201606133434359,SBI,34,17,225,1769.0,398025.0
2016-06-13,201606133434847,SCB,22,26,100,3399.0,339900.0
2016-06-13,201606133434823,SCB,57,32,174,3395.0,590730.0
2016-06-13,201606133434810,SCB,57,32,51,3395.0,173145.0
2016-06-13,201606133434611,SCB,40,3,105,3394.0,356370.0
2016-06-13,201606133434457,SCB,45,22,20,3390.0,67800.0
2016-06-13,201606133434676,SEOS,19,29,1000,11.81,11810.0
2016-06-13,201606133434631,SETI,39,6,37,321.0,11877.0
2016-06-13,201606133434619,SETI,39,6,37,321.0,11877.0
2016-06-13,201606133434838,SEWA,13,59,400,461.0,184400.0
2016-06-13,201606133434749,SEWA,52,38,250,463.0,115750.0
2016-06-13,201606133434431,SEWA,52,36,18,462.0,8316.0
2016-06-13,201606133434584,SHL,6,20,1600,370.0,592000.0
2016-06-13,201606133434531,SHPC,52,36,68,866.0,58888.0
2016-06-13,201606133434449,SHPC,47,36,100,868.0,86800.0
2016-06-13,201606133434723,SIC,37,34,10,2400.0,24000.0
2016-06-13,201606133434688,SIC,58,58,1000,2399.0,2399000.0
2016-06-13,201606133434653,SICL,14,14,100,3116.0,311600.0
2016-06-13,201606133434637,SICL,14,14,254,3116.0,791464.0
2016-06-13,201606133434603,SICL,14,14,500,3110.0,1555000.0
2016-06-13,201606133434438,SICL,57,8,100,3140.0,314000.0
2016-06-13,201606133434437,SICL,57,17,50,3140.0,157000.0
2016-06-13,201606133434739,SIL,38,34,130,2015.0,261950.0
2016-06-13,201606133434692,SIL,1,34,100,2015.0,201500.0
2016-06-13,201606133434691,SIL,32,34,20,2015.0,40300.0
2016-06-13,201606133434664,SIL,25,34,460,2020.0,929200.0
2016-06-13,201606133434663,SIL,25,26,190,2019.0,383610.0
2016-06-13,201606133434526,SIL,49,34,200,2020.0,404000.0
2016-06-13,201606133434737,SINDU,13,7,64,515.0,32960.0
2016-06-13,201606133434736,SINDU,13,56,30,515.0,15450.0
2016-06-13,201606133434539,SINDU,49,56,2670,515.0,1375050.0
2016-06-13,201606133434504,SINDU,49,56,300,515.0,154500.0
2016-06-13,201606133434492,SINDU,49,56,1030,515.0,530450.0
2016-06-13,201606133434491,SINDU,22,56,50,515.0,25750.0
2016-06-13,201606133434490,SINDU,28,56,150,516.0,77400.0
2016-06-13,201606133434489,SINDU,55,56,50,520.0,26000.0
2016-06-13,201606133434777,SKBBL,36,42,500,2120.0,1060000.0
2016-06-13,201606133434776,SKBBL,59,42,450,2121.0,954450.0
2016-06-13,201606133434726,SKBBL,59,7,50,2121.0,106050.0
2016-06-13,201606133434725,SKBBL,5,7,50,2125.0,106250.0
2016-06-13,201606133434596,SKBBL,41,45,300,2150.0,645000.0
2016-06-13,201606133434595,SKBBL,41,7,20,2150.0,43000.0
2016-06-13,201606133434568,SKBBL,57,33,500,2140.0,1070000.0
2016-06-13,201606133434535,SKBBL,59,39,100,2135.0,213500.0
2016-06-13,201606133434534,SKBBL,59,33,500,2135.0,1067500.0
2016-06-13,201606133434533,SKBBL,59,6,100,2130.0,213000.0
2016-06-13,201606133434532,SKBBL,59,17,50,2130.0,106500.0
2016-06-13,201606133434811,SLICL,25,55,150,1075.0,161250.0
2016-06-13,201606133434759,SRBL,19,45,42,644.0,27048.0
2016-06-13,201606133434750,SRBL,17,45,190,646.0,122740.0
2016-06-13,201606133434714,SRBL,49,26,17,648.0,11016.0
2016-06-13,201606133434636,SRBL,49,6,240,648.0,155520.0
2016-06-13,201606133434626,SRBL,49,50,182,646.0,117572.0
2016-06-13,201606133434612,SRBL,28,19,195,646.0,125970.0
2016-06-13,201606133434409,SRBL,53,41,605,645.0,390225.0
2016-06-13,201606133434435,SYFL,39,40,500,131.0,65500.0
2016-06-13,201606133434630,TBBL,1,5,521,327.0,170367.0
2016-06-13,201606133434357,TRH,13,49,40,235.0,9400.0
2016-06-13,201606133434839,UIC,35,22,100,1511.0,151100.0
2016-06-13,201606133434828,UIC,38,32,100,1515.0,151500.0
2016-06-13,201606133434827,UIC,14,32,100,1516.0,151600.0
2016-06-13,201606133434744,UIC,35,34,100,1517.0,151700.0
2016-06-13,201606133434722,UIC,14,21,100,1516.0,151600.0
2016-06-13,201606133434661,UIC,1,34,200,1517.0,303400.0
2016-06-13,201606133434628,UIC,21,34,200,1517.0,303400.0
2016-06-13,201606133434627,UIC,26,34,50,1517.0,75850.0
2016-06-13,201606133434430,UIC,21,44,500,1525.0,762500.0
2016-06-13,201606133434369,UIC,14,8,300,1516.0,454800.0
2016-06-13,201606133434368,UIC,29,8,200,1517.0,303400.0
2016-06-13,201606133434848,VLBS,58,26,112,1625.0,182000.0
2016-06-13,201606133434836,VLBS,58,49,10,1621.0,16210.0
2016-06-13,201606133434835,VLBS,58,1,200,1621.0,324200.0
2016-06-13,201606133434834,VLBS,58,11,10,1621.0,16210.0
2016-06-13,201606133434830,VLBS,58,40,24,1618.0,38832.0
2016-06-13,201606133434748,VLBS,18,16,10,1620.0,16200.0
2016-06-13,201606133434646,VLBS,46,1,10,1610.0,16100.0
2016-06-13,201606133434466,VLBS,58,41,50,1615.0,80750.0
2016-06-13,201606133434463,VLBS,58,38,250,1611.0,402750.0
2016-06-13,201606133434461,VLBS,58,11,20,1610.0,32200.0
2016-06-13,201606133434456,VLBS,58,43,32,1610.0,51520.0
2016-06-13,201606133434358,VLBS,45,29,170,1600.0,272000.0
2016-06-13,201606133434745,YETI,49,11,20,216.0,4320.0
2016-06-13,201606133434884,ACEDBL,28,49,4990,379.0,1891210.0
2016-06-13,201606133435196,ADBL,8,41,1000,705.0,705000.0
2016-06-13,201606133435072,ADBL,8,50,300,705.0,211500.0
2016-06-13,201606133435035,ADBL,8,41,226,705.0,159330.0
2016-06-13,201606133435019,ADBL,8,21,492,700.0,344400.0
2016-06-13,201606133435345,AHPC,38,33,500,353.0,176500.0
2016-06-13,201606133435005,AHPC,41,33,100,355.0,35500.0
2016-06-13,201606133434968,AHPC,45,32,300,356.0,106800.0
2016-06-13,201606133435347,ALDBL,32,8,200,551.0,110200.0
2016-06-13,201606133435346,ALDBL,46,8,300,551.0,165300.0
2016-06-13,201606133435258,ALICL,25,44,490,1570.0,769300.0
2016-06-13,201606133435247,ALICL,25,54,11,1569.0,17259.0
2016-06-13,201606133434957,ALICL,16,44,10,1570.0,15700.0
2016-06-13,201606133435329,API,33,42,26,770.0,20020.0
2016-06-13,201606133435177,API,25,42,10,770.0,7700.0
2016-06-13,201606133434899,API,45,42,26,770.0,20020.0
2016-06-13,201606133434883,API,48,42,16,771.0,12336.0
2016-06-13,201606133434881,API,42,7,16,770.0,12320.0
2016-06-13,201606133434877,API,25,57,10,770.0,7700.0
2016-06-13,201606133435301,ARDBL,49,21,432,315.0,136080.0
2016-06-13,201606133435279,ARDBL,49,39,100,315.0,31500.0
2016-06-13,201606133435167,ARDBL,32,39,60,318.0,19080.0
2016-06-13,201606133435021,BHBL,28,56,200,435.0,87000.0
2016-06-13,201606133434978,BHBL,28,11,100,435.0,43500.0
2016-06-13,201606133435052,BHBL,1,25,970,442.0,428740.0
2016-06-13,201606133435357,BPCL,1,38,300,704.0,211200.0
2016-06-13,201606133435118,BPCL,6,26,150,705.0,105750.0
2016-06-13,201606133435117,BPCL,17,26,50,705.0,35250.0
2016-06-13,201606133434921,BPCL,25,11,11,706.0,7766.0
2016-06-13,201606133435333,CBBL,58,6,211,2185.0,461035.0
2016-06-13,201606133435325,CBBL,58,14,100,2180.0,218000.0
2016-06-13,201606133435275,CBBL,53,29,50,2160.0,108000.0
2016-06-13,201606133435260,CBBL,28,14,100,2175.0,217500.0
2016-06-13,201606133435249,CBBL,58,16,200,2160.0,432000.0
2016-06-13,201606133434989,CBBL,21,52,50,2155.0,107750.0
2016-06-13,201606133434988,CBBL,21,11,50,2150.0,107500.0
2016-06-13,201606133434987,CBBL,21,6,250,2150.0,537500.0
2016-06-13,201606133434982,CBBL,36,6,500,2150.0,1075000.0
2016-06-13,201606133434952,CBBL,58,6,500,2150.0,1075000.0
2016-06-13,201606133434927,CBBL,22,6,170,2150.0,365500.0
2016-06-13,201606133435079,CBBL,48,54,500,2150.0,1075000.0
2016-06-13,201606133435046,CBBL,28,54,200,2150.0,430000.0
2016-06-13,201606133435037,CBBL,48,20,244,2150.0,524600.0
2016-06-13,201606133435034,CBBL,58,54,230,2150.0,494500.0
2016-06-13,201606133435014,CBBL,21,20,500,2150.0,1075000.0
2016-06-13,201606133435143,CBBL,44,39,500,2162.0,1081000.0
2016-06-13,201606133435120,CBBL,58,21,55,2150.0,118250.0
2016-06-13,201606133435112,CBBL,49,19,173,2150.0,371950.0
2016-06-13,201606133435111,CBBL,49,54,70,2150.0,150500.0
2016-06-13,201606133435267,CCBL,45,41,100,420.0,42000.0
2016-06-13,201606133434878,CCBL,42,44,20,425.0,8500.0
2016-06-13,201606133435343,CHCL,21,41,36,1377.0,49572.0
2016-06-13,201606133435107,CHCL,55,33,100,1376.0,137600.0
2016-06-13,201606133435268,CIT,5,26,10,4400.0,44000.0
2016-06-13,201606133434962,CIT,5,19,20,4400.0,88000.0
2016-06-13,201606133435351,CZBIL,16,39,1500,585.0,877500.0
2016-06-13,201606133435324,CZBIL,8,35,400,585.0,234000.0
2016-06-13,201606133435306,CZBIL,8,53,200,585.0,117000.0
2016-06-13,201606133435305,CZBIL,8,38,50,585.0,29250.0
2016-06-13,201606133435304,CZBIL,8,39,100,585.0,58500.0
2016-06-13,201606133435263,CZBIL,17,42,1200,583.0,699600.0
2016-06-13,201606133434934,CZBIL,49,50,350,582.0,203700.0
2016-06-13,201606133434933,CZBIL,49,10,150,581.0,87150.0
2016-06-13,201606133434862,CZBIL,37,59,50,578.0,28900.0
2016-06-13,201606133435262,CZBIL,17,50,500,582.0,291000.0
2016-06-13,201606133435199,CZBIL,57,50,350,582.0,203700.0
2016-06-13,201606133435139,CZBIL,29,50,200,582.0,116400.0
2016-06-13,201606133435100,CZBIL,37,50,750,582.0,436500.0
2016-06-13,201606133435099,CZBIL,37,25,200,581.0,116200.0
2016-06-13,201606133435133,DBBL,59,4,300,257.0,77100.0
2016-06-13,201606133435105,DDBL,19,44,100,3295.0,329500.0
2016-06-13,201606133435001,DDBL,44,44,100,3295.0,329500.0
2016-06-13,201606133435272,EBL,34,35,400,3169.0,1267600.0
2016-06-13,201606133435271,EBL,34,32,500,3168.0,1584000.0
2016-06-13,201606133435265,EBL,28,6,272,3160.0,859520.0
2016-06-13,201606133435223,EBL,6,16,109,3161.0,344549.0
2016-06-13,201606133435094,EBL,28,59,500,3169.0,1584500.0
2016-06-13,201606133435093,EBL,28,32,300,3165.0,949500.0
2016-06-13,201606133435015,EBL,42,32,100,3165.0,316500.0
2016-06-13,201606133435012,EBL,43,13,118,3165.0,373470.0
2016-06-13,201606133434932,EBL,42,32,100,3165.0,316500.0
2016-06-13,201606133434904,EBL,22,57,21,3160.0,66360.0
2016-06-13,201606133435184,EBL,28,6,50,3160.0,158000.0
2016-06-13,201606133435119,EBL,28,45,310,3170.0,982700.0
2016-06-13,201606133435098,EBL,28,19,150,3170.0,475500.0
2016-06-13,201606133435097,EBL,28,22,100,3170.0,317000.0
2016-06-13,201606133435096,EBL,28,19,40,3170.0,126800.0
2016-06-13,201606133435095,EBL,28,58,1330,3170.0,4216100.0
2016-06-13,201606133435322,EIC,38,57,100,1900.0,190000.0
2016-06-13,201606133435174,EIC,38,5,100,1900.0,190000.0
2016-06-13,201606133435173,EIC,38,5,100,1900.0,190000.0
2016-06-13,201606133435154,EIC,41,57,500,1910.0,955000.0
2016-06-13,201606133435153,EIC,43,57,200,1910.0,382000.0
2016-06-13,201606133435124,FBBL,14,47,500,429.0,214500.0
2016-06-13,201606133435354,FMDBL,5,50,82,1685.0,138170.0
2016-06-13,201606133435317,FMDBL,48,57,500,1690.0,845000.0
2016-06-13,201606133435316,FMDBL,48,36,1000,1690.0,1690000.0
2016-06-13,201606133435315,FMDBL,48,41,100,1689.0,168900.0
2016-06-13,201606133435241,FMDBL,44,11,100,1672.0,167200.0
2016-06-13,201606133435186,FMDBL,45,43,200,1672.0,334400.0
2016-06-13,201606133435068,FMDBL,22,36,200,1670.0,334000.0
2016-06-13,201606133434973,FMDBL,45,56,50,1665.0,83250.0
2016-06-13,201606133434972,FMDBL,21,56,50,1670.0,83500.0
2016-06-13,201606133434965,FMDBL,48,56,100,1685.0,168500.0
2016-06-13,201606133434958,FMDBL,48,39,100,1680.0,168000.0
2016-06-13,201606133435256,GBIME,5,8,500,509.0,254500.0
2016-06-13,201606133435245,GBIME,5,55,46,509.0,23414.0
2016-06-13,201606133435224,GBIME,25,8,100,510.0,51000.0
2016-06-13,201606133435121,GBIME,26,40,554,510.0,282540.0
2016-06-13,201606133435110,GBIME,26,11,101,510.0,51510.0
2016-06-13,201606133435073,GBIME,25,26,400,510.0,204000.0
2016-06-13,201606133435048,GBIME,26,26,177,510.0,90270.0
2016-06-13,201606133434880,GBIME,26,21,200,510.0,102000.0
2016-06-13,201606133435218,GDBL,1,22,100,380.0,38000.0
2016-06-13,201606133435217,GDBL,32,22,100,382.0,38200.0
2016-06-13,201606133435296,GLICL,59,6,366,909.0,332694.0
2016-06-13,201606133435152,GLICL,19,22,100,910.0,91000.0
2016-06-13,201606133434894,GLICL,50,55,100,905.0,90500.0
2016-06-13,201606133434969,GMFIL,28,38,799,307.0,245293.0
2016-06-13,201606133435243,HGI,50,5,100,1426.0,142600.0
2016-06-13,201606133435242,HGI,50,45,550,1425.0,783750.0
2016-06-13,201606133435172,HGI,51,45,100,1425.0,142500.0
2016-06-13,201606133435114,HGI,50,45,100,1424.0,142400.0
2016-06-13,201606133435113,HGI,50,33,200,1423.0,284600.0
2016-06-13,201606133434955,HGI,41,39,100,1424.0,142400.0
2016-06-13,201606133435308,ILFCM,58,16,200,1500.0,300000.0
2016-06-13,201606133435122,ILFCM,7,47,10,1490.0,14900.0
2016-06-13,201606133434900,ILFCM,48,26,115,1520.0,174800.0
2016-06-13,201606133435228,KDBL,43,41,82,310.0,25420.0
2016-06-13,201606133434920,KDBL,16,45,644,313.0,201572.0
2016-06-13,201606133434995,KDBL,49,41,1000,310.0,310000.0
2016-06-13,201606133434925,KDBL,16,28,1027,314.0,322478.0
2016-06-13,201606133434907,KMCDB,38,38,33,2028.0,66924.0
2016-06-13,201606133434906,KMCDB,38,38,200,2025.0,405000.0
2016-06-13,201606133434874,KMCDB,7,48,415,2010.0,834150.0
2016-06-13,201606133434873,KMCDB,7,45,50,2000.0,100000.0
2016-06-13,201606133434872,KMCDB,7,41,100,1999.0,199900.0
2016-06-13,201606133434871,KMCDB,7,45,10,1989.0,19890.0
2016-06-13,201606133434867,KMCDB,49,33,190,1980.0,376200.0
2016-06-13,201606133435254,LBL,55,39,234,785.0,183690.0
2016-06-13,201606133435178,LBL,33,29,200,785.0,157000.0
2016-06-13,201606133434996,LBL,38,32,79,785.0,62015.0
2016-06-13,201606133434901,LBL,21,32,50,787.0,39350.0
2016-06-13,201606133434876,LFLC,14,21,100,335.0,33500.0
2016-06-13,201606133434875,LFLC,14,57,300,335.0,100500.0
2016-06-13,201606133435084,LGIL,59,45,179,1370.0,245230.0
2016-06-13,201606133435047,LGIL,59,54,46,1369.0,62974.0
2016-06-13,201606133434911,LGIL,6,32,1000,1370.0,1370000.0
2016-06-13,201606133434910,LGIL,6,54,200,1370.0,274000.0
2016-06-13,201606133434909,LGIL,6,26,40,1368.0,54720.0
2016-06-13,201606133434908,LGIL,6,33,300,1367.0,410100.0
2016-06-13,201606133434897,LGIL,45,45,50,1362.0,68100.0
2016-06-13,201606133434896,LGIL,19,45,400,1362.0,544800.0
2016-06-13,201606133434895,LGIL,46,45,200,1367.0,273400.0
2016-06-13,201606133435002,LICN,17,5,380,3535.0,1343300.0
2016-06-13,201606133435360,LLBS,45,52,10,3085.0,30850.0
2016-06-13,201606133435332,LLBS,45,52,10,3085.0,30850.0
2016-06-13,201606133435300,LLBS,45,52,10,3085.0,30850.0
2016-06-13,201606133434917,LLBS,41,52,41,3110.0,127510.0
2016-06-13,201606133435348,MEGA,39,44,12,515.0,6180.0
2016-06-13,201606133435331,MEGA,56,44,65,516.0,33540.0
2016-06-13,201606133435291,MEGA,51,41,58,515.0,29870.0
2016-06-13,201606133435285,MEGA,19,41,12,515.0,6180.0
2016-06-13,201606133435276,MEGA,8,41,12,515.0,6180.0
2016-06-13,201606133435151,MEGA,49,7,35,516.0,18060.0
2016-06-13,201606133434944,MEGA,1,11,37,516.0,19092.0
2016-06-13,201606133435297,MFIL,26,19,200,346.0,69200.0
2016-06-13,201606133435277,MFIL,46,49,2510,345.0,865950.0
2016-06-13,201606133435252,MFIL,8,49,500,345.0,172500.0
2016-06-13,201606133435198,MFIL,22,49,1000,345.0,345000.0
2016-06-13,201606133435190,MFIL,46,8,50,343.0,17150.0
2016-06-13,201606133435189,MFIL,5,8,150,344.0,51600.0
2016-06-13,201606133435147,MFIL,26,49,700,345.0,241500.0
2016-06-13,201606133435022,MFIL,6,49,290,345.0,100050.0
2016-06-13,201606133435090,MLBBL,34,37,37,2150.0,79550.0
2016-06-13,201606133435083,MLBBL,34,11,10,2130.0,21300.0
2016-06-13,201606133435210,MNBBL,40,41,50,1200.0,60000.0
2016-06-13,201606133435017,MNBBL,55,32,20,1200.0,24000.0
2016-06-13,201606133435342,MSMBS,52,51,10,1670.0,16700.0
2016-06-13,201606133435337,MSMBS,52,51,10,1670.0,16700.0
2016-06-13,201606133435336,MSMBS,52,51,10,1670.0,16700.0
2016-06-13,201606133435335,MSMBS,52,51,10,1670.0,16700.0
2016-06-13,201606133435334,MSMBS,52,51,10,1670.0,16700.0
2016-06-13,201606133435192,MSMBS,16,51,10,1693.0,16930.0
2016-06-13,201606133434945,MSMBS,40,51,10,1660.0,16600.0
2016-06-13,201606133434929,MSMBS,40,48,10,1660.0,16600.0
2016-06-13,201606133434919,MSMBS,28,51,10,1655.0,16550.0
2016-06-13,201606133434913,MSMBS,28,16,10,1655.0,16550.0
2016-06-13,201606133434885,MSMBS,28,51,10,1655.0,16550.0
2016-06-13,201606133435025,MSMBS,52,25,10,1670.0,16700.0
2016-06-13,201606133435024,MSMBS,52,51,10,1670.0,16700.0
2016-06-13,201606133435023,MSMBS,52,56,20,1669.0,33380.0
2016-06-13,201606133435018,MSMBS,40,51,10,1660.0,16600.0
2016-06-13,201606133434980,MSMBS,40,51,10,1660.0,16600.0
2016-06-13,201606133434964,MSMBS,40,16,10,1660.0,16600.0
2016-06-13,201606133435069,MSMBS,40,51,10,1660.0,16600.0
2016-06-13,201606133435030,MSMBS,52,41,20,1670.0,33400.0
2016-06-13,201606133435029,MSMBS,52,11,10,1670.0,16700.0
2016-06-13,201606133435028,MSMBS,52,19,10,1670.0,16700.0
2016-06-13,201606133435027,MSMBS,52,25,10,1670.0,16700.0
2016-06-13,201606133435026,MSMBS,52,25,10,1670.0,16700.0
2016-06-13,201606133435158,MSMBS,40,51,10,1660.0,16600.0
2016-06-13,201606133435138,MSMBS,40,51,10,1660.0,16600.0
2016-06-13,201606133435129,MSMBS,40,51,10,1660.0,16600.0
2016-06-13,201606133435108,MSMBS,40,51,10,1660.0,16600.0
2016-06-13,201606133435091,MSMBS,40,51,10,1660.0,16600.0
2016-06-13,201606133435183,MSMBS,16,42,10,1693.0,16930.0
2016-06-13,201606133435166,MSMBS,16,40,10,1693.0,16930.0
2016-06-13,201606133435165,MSMBS,16,1,110,1693.0,186230.0
2016-06-13,201606133435164,MSMBS,16,6,40,1682.0,67280.0
2016-06-13,201606133435163,MSMBS,16,1,10,1675.0,16750.0
2016-06-13,201606133435162,MSMBS,16,1,10,1675.0,16750.0
2016-06-13,201606133435303,NABIL,4,26,100,2331.0,233100.0
2016-06-13,201606133435302,NABIL,26,26,100,2332.0,233200.0
2016-06-13,201606133435293,NABIL,5,26,100,2335.0,233500.0
2016-06-13,201606133435292,NABIL,1,26,100,2335.0,233500.0
2016-06-13,201606133435235,NABIL,17,29,20,2340.0,46800.0
2016-06-13,201606133435234,NABIL,29,29,70,2340.0,163800.0
2016-06-13,201606133435220,NABIL,38,1,90,2340.0,210600.0
2016-06-13,201606133435219,NABIL,38,42,310,2340.0,725400.0
2016-06-13,201606133435130,NABIL,29,26,130,2340.0,304200.0
2016-06-13,201606133434902,NABIL,4,53,50,2331.0,116550.0
2016-06-13,201606133435255,NABILP,55,35,42,1775.0,74550.0
2016-06-13,201606133435195,NABILP,59,36,117,1770.0,207090.0
2016-06-13,201606133435359,NBB,49,28,200,865.0,173000.0
2016-06-13,201606133435356,NBB,5,25,500,864.0,432000.0
2016-06-13,201606133435353,NBB,47,25,500,864.0,432000.0
2016-06-13,201606133435341,NBB,47,6,226,863.0,195038.0
2016-06-13,201606133435229,NBB,57,28,500,865.0,432500.0
2016-06-13,201606133435208,NBB,1,28,100,865.0,86500.0
2016-06-13,201606133434940,NBB,46,58,120,866.0,103920.0
2016-06-13,201606133434903,NBB,13,48,302,866.0,261532.0
2016-06-13,201606133434882,NBB,13,48,302,866.0,261532.0
2016-06-13,201606133435013,NBB,45,58,250,865.0,216250.0
2016-06-13,201606133434997,NBB,54,38,193,864.0,166752.0
2016-06-13,201606133434954,NBB,13,58,400,865.0,346000.0
2016-06-13,201606133434943,NBB,19,58,50,865.0,43250.0
2016-06-13,201606133434942,NBB,22,58,200,865.0,173000.0
2016-06-13,201606133434941,NBB,38,58,80,865.0,69200.0
2016-06-13,201606133435045,NBB,26,58,200,865.0,173000.0
2016-06-13,201606133435044,NBB,6,58,200,865.0,173000.0
2016-06-13,201606133435043,NBB,6,5,1000,864.0,864000.0
2016-06-13,201606133435042,NBB,40,5,200,864.0,172800.0
2016-06-13,201606133435020,NBB,7,58,100,865.0,86500.0
2016-06-13,201606133435016,NBB,37,58,300,865.0,259500.0
2016-06-13,201606133435058,NBB,41,28,150,862.0,129300.0
2016-06-13,201606133435057,NBB,41,28,150,862.0,129300.0
2016-06-13,201606133435056,NBB,34,28,350,862.0,301700.0
2016-06-13,201606133435055,NBB,42,28,200,862.0,172400.0
2016-06-13,201606133435054,NBB,7,28,1000,863.0,863000.0
2016-06-13,201606133435053,NBB,21,28,100,863.0,86300.0
2016-06-13,201606133435064,NBB,49,28,200,860.0,172000.0
2016-06-13,201606133435063,NBB,49,28,200,860.0,172000.0
2016-06-13,201606133435062,NBB,25,28,500,860.0,430000.0
2016-06-13,201606133435061,NBB,59,28,50,860.0,43000.0
2016-06-13,201606133435060,NBB,43,28,100,862.0,86200.0
2016-06-13,201606133435059,NBB,43,28,30,862.0,25860.0
2016-06-13,201606133435207,NBB,1,58,100,865.0,86500.0
2016-06-13,201606133435175,NBB,14,14,200,863.0,172600.0
2016-06-13,201606133435077,NBB,38,28,500,860.0,430000.0
2016-06-13,201606133435067,NBB,26,28,100,860.0,86000.0
2016-06-13,201606133435066,NBB,21,28,100,860.0,86000.0
2016-06-13,201606133435065,NBB,34,28,200,860.0,172000.0
2016-06-13,201606133435116,NBBL,53,17,10,3900.0,39000.0
2016-06-13,201606133435309,NBL,28,53,300,481.0,144300.0
2016-06-13,201606133435269,NBL,43,53,500,481.0,240500.0
2016-06-13,201606133435239,NBL,4,4,300,480.0,144000.0
2016-06-13,201606133435171,NBL,44,6,1000,480.0,480000.0
2016-06-13,201606133435049,NBL,28,45,500,478.0,239000.0
2016-06-13,201606133435032,NBL,26,26,283,479.0,135557.0
2016-06-13,201606133434983,NBL,22,19,300,479.0,143700.0
2016-06-13,201606133435010,NBL,28,26,283,480.0,135840.0
2016-06-13,201606133435004,NBL,28,19,1000,480.0,480000.0
2016-06-13,201606133435003,NBL,28,26,1000,480.0,480000.0
2016-06-13,201606133434994,NBL,28,58,6077,480.0,2916960.0
2016-06-13,201606133434985,NBL,22,19,200,479.0,95800.0
2016-06-13,201606133434984,NBL,25,19,500,479.0,239500.0
2016-06-13,201606133434999,NCM,58,7,100,505.0,50500.0
2016-06-13,201606133435159,NHPC,45,55,100,197.0,19700.0
2016-06-13,201606133434950,NHPC,45,4,300,197.0,59100.0
2016-06-13,201606133434931,NHPC,45,38,100,197.0,19700.0
2016-06-13,201606133434863,NHPC,28,17,250,198.0,49500.0
2016-06-13,201606133435312,NIB,36,16,200,1062.0,212400.0
2016-06-13,201606133435161,NIB,52,36,244,1064.0,259616.0
2016-06-13,201606133435128,NIB,1,6,20,1068.0,21360.0
2016-06-13,201606133435103,NIB,1,38,81,1065.0,86265.0
2016-06-13,201606133435323,NIBPO,16,42,200,920.0,184000.0
2016-06-13,201606133435238,NIBPO,8,42,250,920.0,230000.0
2016-06-13,201606133435237,NIBPO,49,42,400,920.0,368000.0
2016-06-13,201606133435236,NIBPO,13,42,70,921.0,64470.0
2016-06-13,201606133435205,NIBPO,47,38,66,925.0,61050.0
2016-06-13,201606133435188,NIBPO,13,17,33,925.0,30525.0
2016-06-13,201606133435321,NICA,20,7,190,760.0,144400.0
2016-06-13,201606133435209,NICA,19,37,40,762.0,30480.0
2016-06-13,201606133435185,NICA,19,14,60,761.0,45660.0
2016-06-13,201606133434993,NICA,20,16,250,760.0,190000.0
2016-06-13,201606133434992,NICA,20,42,200,760.0,152000.0
2016-06-13,201606133434991,NICA,20,17,200,760.0,152000.0
2016-06-13,201606133434990,NICA,20,53,160,755.0,120800.0
2016-06-13,201606133434959,NICA,55,55,195,755.0,147225.0
2016-06-13,201606133434861,NICA,39,53,40,755.0,30200.0
2016-06-13,201606133435288,NICL,21,56,50,1200.0,60000.0
2016-06-13,201606133435038,NICL,6,32,100,1205.0,120500.0
2016-06-13,201606133435104,NICL,21,56,200,1200.0,240000.0
2016-06-13,201606133435085,NICL,51,56,300,1201.0,360300.0
2016-06-13,201606133435131,NLG,17,17,155,1816.0,281480.0
2016-06-13,201606133435033,NLG,17,45,27,1815.0,49005.0
2016-06-13,201606133435283,NLICL,45,54,50,3140.0,157000.0
2016-06-13,201606133435145,NLICL,26,45,50,3125.0,156250.0
2016-06-13,201606133435144,NLICL,26,45,50,3126.0,156300.0
2016-06-13,201606133435080,NLICL,51,35,100,3135.0,313500.0
2016-06-13,201606133434937,NLICL,22,55,50,3150.0,157500.0
2016-06-13,201606133434936,NLICL,21,55,40,3150.0,126000.0
2016-06-13,201606133435320,NMB,19,42,1000,720.0,720000.0
2016-06-13,201606133435311,NMB,44,42,150,720.0,108000.0
2016-06-13,201606133435298,NMB,33,39,100,719.0,71900.0
2016-06-13,201606133435295,NMB,33,11,100,719.0,71900.0
2016-06-13,201606133435248,NMB,42,41,36,717.0,25812.0
2016-06-13,201606133435222,NMB,37,43,300,718.0,215400.0
2016-06-13,201606133435078,NMB,8,41,230,719.0,165370.0
2016-06-13,201606133434970,NMB,8,5,170,719.0,122230.0
2016-06-13,201606133434951,NMB,50,42,340,720.0,244800.0
2016-06-13,201606133434939,NMB,50,42,550,720.0,396000.0
2016-06-13,201606133434938,NMB,50,50,350,720.0,252000.0
2016-06-13,201606133434935,NMB,28,42,50,720.0,36000.0
2016-06-13,201606133435215,NMB,42,43,200,718.0,143600.0
2016-06-13,201606133435214,NMB,26,39,300,719.0,215700.0
2016-06-13,201606133435181,NMB,42,59,22,718.0,15796.0
2016-06-13,201606133435157,NMB,29,39,200,719.0,143800.0
2016-06-13,201606133435148,NMB,8,43,100,719.0,71900.0
2016-06-13,201606133435086,NMB,37,42,500,720.0,360000.0
2016-06-13,201606133435081,NUBL,21,8,130,2339.0,304070.0
2016-06-13,201606133434893,NUBL,35,19,50,2295.0,114750.0
2016-06-13,201606133434898,OHL,19,40,500,525.0,262500.0
2016-06-13,201606133435290,PCBL,45,1,1000,711.0,711000.0
2016-06-13,201606133435289,PCBL,45,10,250,710.0,177500.0
2016-06-13,201606133435240,PCBL,41,41,100,710.0,71000.0
2016-06-13,201606133435170,PCBL,41,6,330,710.0,234300.0
2016-06-13,201606133435137,PCBL,53,6,200,710.0,142000.0
2016-06-13,201606133435050,PCBL,32,6,50,710.0,35500.0
2016-06-13,201606133435041,PCBL,32,6,100,710.0,71000.0
2016-06-13,201606133435011,PCBL,51,6,51,709.0,36159.0
2016-06-13,201606133434956,PCBL,17,54,86,709.0,60974.0
2016-06-13,201606133434924,PCBL,49,6,100,710.0,71000.0
2016-06-13,201606133434923,PCBL,34,6,200,711.0,142200.0
2016-06-13,201606133434922,PCBL,57,6,20,711.0,14220.0
2016-06-13,201606133435274,PFL,22,28,300,305.0,91500.0
2016-06-13,201606133435273,PFL,22,17,200,304.0,60800.0
2016-06-13,201606133435202,PIC,54,57,200,1935.0,387000.0
2016-06-13,201606133435201,PIC,54,37,100,1930.0,193000.0
2016-06-13,201606133435200,PIC,54,5,100,1930.0,193000.0
2016-06-13,201606133435102,PICL,6,4,400,1381.0,552400.0
2016-06-13,201606133435101,PICL,49,4,100,1385.0,138500.0
2016-06-13,201606133435076,PICL,6,45,900,1395.0,1255500.0
2016-06-13,201606133435075,PICL,6,40,200,1394.0,278800.0
2016-06-13,201606133435280,PLIC,20,38,40,1895.0,75800.0
2016-06-13,201606133435000,PLIC,53,44,420,1890.0,793800.0
2016-06-13,201606133434868,PLIC,41,44,200,1890.0,378000.0
2016-06-13,201606133435136,PRIN,50,1,200,1435.0,287000.0
2016-06-13,201606133435135,PRIN,50,39,200,1434.0,286800.0
2016-06-13,201606133435206,REDBL,46,43,94,448.0,42112.0
2016-06-13,201606133435176,RHPC,52,56,11,363.0,3993.0
2016-06-13,201606133435358,RMDC,1,33,100,1150.0,115000.0
2016-06-13,201606133435344,RMDC,41,53,100,1150.0,115000.0
2016-06-13,201606133435330,RMDC,33,53,500,1140.0,570000.0
2016-06-13,201606133435319,RMDC,20,33,500,1150.0,575000.0
2016-06-13,201606133435294,RMDC,7,52,100,1155.0,115500.0
2016-06-13,201606133435257,RMDC,20,32,80,1150.0,92000.0
2016-06-13,201606133434889,RMDC,44,42,100,1135.0,113500.0
2016-06-13,201606133434870,RMDC,36,22,50,1132.0,56600.0
2016-06-13,201606133435169,RMDC,4,17,300,1145.0,343500.0
2016-06-13,201606133435168,RMDC,1,45,100,1133.0,113300.0
2016-06-13,201606133435155,RMDC,14,33,500,1140.0,570000.0
2016-06-13,201606133434948,RMDC,38,33,500,1150.0,575000.0
2016-06-13,201606133434891,RMDC,44,16,2000,1140.0,2280000.0
2016-06-13,201606133434890,RMDC,44,25,100,1139.0,113900.0
2016-06-13,201606133435233,RMDC,20,43,100,1150.0,115000.0
2016-06-13,201606133435230,RMDC,20,49,80,1150.0,92000.0
2016-06-13,201606133435226,RMDC,20,52,100,1149.0,114900.0
2016-06-13,201606133435225,RMDC,20,21,600,1149.0,689400.0
2016-06-13,201606133435213,RMDC,36,21,200,1149.0,229800.0
2016-06-13,201606133435212,RMDC,19,21,100,1149.0,114900.0
2016-06-13,201606133435340,SANIMA,16,48,170,672.0,114240.0
2016-06-13,201606133435339,SANIMA,49,48,50,672.0,33600.0
2016-06-13,201606133435338,SANIMA,55,48,200,673.0,134600.0
2016-06-13,201606133435326,SANIMA,47,47,3566,667.0,2378522.0
2016-06-13,201606133435204,SANIMA,20,21,400,674.0,269600.0
2016-06-13,201606133435197,SANIMA,20,50,300,674.0,202200.0
2016-06-13,201606133434928,SANIMA,37,55,1060,673.0,713380.0
2016-06-13,201606133434864,SANIMA,49,55,53,673.0,35669.0
2016-06-13,201606133435142,SANIMA,16,6,500,675.0,337500.0
2016-06-13,201606133435141,SANIMA,16,45,1090,675.0,735750.0
2016-06-13,201606133435088,SANIMA,20,10,1200,674.0,808800.0
2016-06-13,201606133435087,SANIMA,20,48,600,673.0,403800.0
2016-06-13,201606133435070,SANIMA,49,25,200,672.0,134400.0
2016-06-13,201606133434949,SANIMA,28,52,50,673.0,33650.0
2016-06-13,201606133435310,SBI,49,10,100,1760.0,176000.0
2016-06-13,201606133435132,SBI,34,22,300,1761.0,528300.0
2016-06-13,201606133434869,SBI,49,53,100,1760.0,176000.0
2016-06-13,201606133435264,SCB,5,16,100,3375.0,337500.0
2016-06-13,201606133435251,SCB,16,49,160,3360.0,537600.0
2016-06-13,201606133435250,SCB,34,49,300,3361.0,1008300.0
2016-06-13,201606133435109,SCB,45,45,20,3365.0,67300.0
2016-06-13,201606133435008,SCB,38,45,180,3365.0,605700.0
2016-06-13,201606133434974,SCB,45,49,10,3390.0,33900.0
2016-06-13,201606133434879,SCB,34,34,100,3391.0,339100.0
2016-06-13,201606133435007,SCB,44,45,100,3366.0,336600.0
2016-06-13,201606133435006,SCB,38,45,200,3370.0,674000.0
2016-06-13,201606133434986,SCB,47,49,100,3380.0,338000.0
2016-06-13,201606133434977,SCB,45,49,300,3380.0,1014000.0
2016-06-13,201606133434976,SCB,1,49,100,3390.0,339000.0
2016-06-13,201606133434975,SCB,36,49,30,3390.0,101700.0
2016-06-13,201606133434953,SEOS,5,44,40000,11.85,474000.0
2016-06-13,201606133435328,SEWA,13,38,80,463.0,37040.0
2016-06-13,201606133435327,SEWA,35,41,90,461.0,41490.0
2016-06-13,201606133434926,SEWA,29,38,200,462.0,92400.0
2016-06-13,201606133435287,SHL,48,51,100,375.0,37500.0
2016-06-13,201606133434971,SHL,32,21,400,375.0,150000.0
2016-06-13,201606133434966,SHL,32,25,175,373.0,65275.0
2016-06-13,201606133435270,SHPC,36,29,18,870.0,15660.0
2016-06-13,201606133435253,SHPC,36,29,18,870.0,15660.0
2016-06-13,201606133435232,SHPC,36,29,18,870.0,15660.0
2016-06-13,201606133435231,SHPC,36,36,30,868.0,26040.0
2016-06-13,201606133435211,SHPC,21,36,300,867.0,260100.0
2016-06-13,201606133434961,SIC,56,40,100,2383.0,238300.0
2016-06-13,201606133434865,SICL,14,14,50,3118.0,155900.0
2016-06-13,201606133435349,SIL,38,5,100,2010.0,201000.0
2016-06-13,201606133435115,SIL,6,34,90,2020.0,181800.0
2016-06-13,201606133434998,SIL,38,34,150,2025.0,303750.0
2016-06-13,201606133434888,SIL,6,14,70,2020.0,141400.0
2016-06-13,201606133434887,SIL,6,34,140,2020.0,282800.0
2016-06-13,201606133434886,SIL,6,14,200,2019.0,403800.0
2016-06-13,201606133435150,SINDU,44,16,500,522.0,261000.0
2016-06-13,201606133435149,SINDU,44,32,100,520.0,52000.0
2016-06-13,201606133435123,SINDU,43,56,366,520.0,190320.0
2016-06-13,201606133435314,SKBBL,34,55,100,2160.0,216000.0
2016-06-13,201606133435313,SKBBL,34,38,72,2152.0,154944.0
2016-06-13,201606133435307,SKBBL,49,45,200,2150.0,430000.0
2016-06-13,201606133435187,SKBBL,49,33,500,2150.0,1075000.0
2016-06-13,201606133435134,SKBBL,44,16,500,2140.0,1070000.0
2016-06-13,201606133435127,SKBBL,44,6,49,2152.0,105448.0
2016-06-13,201606133434946,SKBBL,34,32,100,2130.0,213000.0
2016-06-13,201606133435126,SKBBL,44,33,500,2151.0,1075500.0
2016-06-13,201606133435125,SKBBL,44,21,33,2150.0,70950.0
2016-06-13,201606133435106,SKBBL,47,19,150,2150.0,322500.0
2016-06-13,201606133435089,SKBBL,47,41,25,2150.0,53750.0
2016-06-13,201606133435036,SKBBL,34,19,350,2140.0,749000.0
2016-06-13,201606133434947,SKBBL,34,42,550,2140.0,1177000.0
2016-06-13,201606133435278,SLBBL,33,19,67,2527.0,169309.0
2016-06-13,201606133435355,SLICL,46,42,260,1071.0,278460.0
2016-06-13,201606133435350,SLICL,14,42,40,1080.0,43200.0
2016-06-13,201606133435284,SLICL,25,42,42,1070.0,44940.0
2016-06-13,201606133435244,SLICL,14,22,80,1080.0,86400.0
2016-06-13,201606133435221,SLICL,14,14,45,1080.0,48600.0
2016-06-13,201606133435031,SLICL,14,14,45,1080.0,48600.0
2016-06-13,201606133435140,SMFDB,10,44,24,3060.0,73440.0
2016-06-13,201606133435281,SRBL,57,50,100,645.0,64500.0
2016-06-13,201606133435259,SRBL,28,41,100,643.0,64300.0
2016-06-13,201606133435182,SRBL,39,11,107,645.0,69015.0
2016-06-13,201606133435156,SRBL,26,54,32,646.0,20672.0
2016-06-13,201606133434912,SRBL,49,36,368,646.0,237728.0
2016-06-13,201606133435092,SWBBL,45,55,100,2860.0,286000.0
2016-06-13,201606133435082,SWBBL,45,38,207,2850.0,589950.0
2016-06-13,201606133435074,SWBBL,45,16,30,2850.0,85500.0
2016-06-13,201606133435071,SWBBL,10,20,81,2849.0,230769.0
2016-06-13,201606133435009,SWBBL,47,32,30,2840.0,85200.0
2016-06-13,201606133434918,SWBBL,5,26,168,2840.0,477120.0
2016-06-13,201606133434892,SWBBL,10,48,42,2840.0,119280.0
2016-06-13,201606133435318,UFIL,29,16,2000,224.0,448000.0
2016-06-13,201606133435160,UFIL,29,6,100,222.0,22200.0
2016-06-13,201606133435352,UIC,48,26,500,1516.0,758000.0
2016-06-13,201606133435266,UIC,7,57,200,1518.0,303600.0
2016-06-13,201606133435146,UIC,7,44,107,1521.0,162747.0
2016-06-13,201606133435051,UIC,3,37,700,1520.0,1064000.0
2016-06-13,201606133435040,UIC,44,37,300,1520.0,456000.0
2016-06-13,201606133434914,UIC,35,34,50,1517.0,75850.0
2016-06-13,201606133434905,UIC,13,34,100,1517.0,151700.0
2016-06-13,201606133435039,UIC,44,44,200,1520.0,304000.0
2016-06-13,201606133434963,UIC,19,44,100,1520.0,152000.0
2016-06-13,201606133434960,UIC,19,45,200,1520.0,304000.0
2016-06-13,201606133434930,UIC,19,44,500,1525.0,762500.0
2016-06-13,201606133435261,VLBS,7,1,200,1632.0,326400.0
2016-06-13,201606133435246,VLBS,7,11,12,1632.0,19584.0
2016-06-13,201606133435203,VLBS,7,40,12,1632.0,19584.0
2016-06-13,201606133435180,VLBS,7,29,33,1631.0,53823.0
2016-06-13,201606133435179,VLBS,7,26,50,1631.0,81550.0
2016-06-13,201606133434981,VLBS,17,29,40,1631.0,65240.0
2016-06-13,201606133434967,WDBL,42,6,50,445.0,22250.0
2016-06-13,201606133435299,WOMI,58,13,12,3050.0,36600.0
2016-06-13,201606133435194,WOMI,58,42,12,3050.0,36600.0
2016-06-13,201606133435193,WOMI,58,34,12,3065.0,36780.0
2016-06-13,201606133435191,WOMI,58,10,10,3050.0,30500.0
2016-06-13,201606133434979,WOMI,28,39,12,3035.0,36420.0
2016-06-13,201606133435282,YETI,48,41,100,217.0,21700.0
2016-06-13,201606133435227,YETI,33,25,71,220.0,15620.0
2016-06-13,201606133435216,YETI,33,13,471,219.0,103149.0
2016-06-13,201606133430704,ADBL,5,29,10,695.0,6950.0
2016-06-13,201606133430697,ADBL,5,14,96,694.0,66624.0
2016-06-13,201606133430684,ADBL,5,19,40,693.0,27720.0
2016-06-13,201606133430670,ADBL,51,22,150,690.0,103500.0
2016-06-13,201606133430669,ADBL,51,22,400,690.0,276000.0
2016-06-13,201606133430519,ADBL,39,42,51,682.0,34782.0
2016-06-13,201606133430432,ADBL,58,29,183,690.0,126270.0
2016-06-13,201606133430431,ADBL,58,43,900,689.0,620100.0
2016-06-13,201606133430430,ADBL,58,44,850,685.0,582250.0
2016-06-13,201606133430812,AHPC,45,33,1000,361.0,361000.0
2016-06-13,201606133430717,AHPC,38,54,1000,360.0,360000.0
2016-06-13,201606133430686,AHPC,38,22,88,360.0,31680.0
2016-06-13,201606133430647,AHPC,38,52,1000,360.0,360000.0
2016-06-13,201606133430600,AHPC,38,33,3000,357.0,1071000.0
2016-06-13,201606133430599,AHPC,16,33,1000,358.0,358000.0
2016-06-13,201606133430486,AHPC,11,33,200,361.0,72200.0
2016-06-13,201606133430356,AHPC,38,58,267,360.0,96120.0
2016-06-13,201606133430522,ALICL,39,26,100,1553.0,155300.0
2016-06-13,201606133430819,API,45,22,26,775.0,20150.0
2016-06-13,201606133430805,API,45,25,500,778.0,389000.0
2016-06-13,201606133430711,API,36,25,500,775.0,387500.0
2016-06-13,201606133430687,API,36,39,26,775.0,20150.0
2016-06-13,201606133430402,API,45,44,180,780.0,140400.0
2016-06-13,201606133430398,API,45,47,10,780.0,7800.0
2016-06-13,201606133430368,API,25,50,152,783.0,119016.0
2016-06-13,201606133430667,ARDBL,32,3,133,301.0,40033.0
2016-06-13,201606133430655,ARDBL,32,17,33,298.0,9834.0
2016-06-13,201606133430646,ARDBL,32,17,33,298.0,9834.0
2016-06-13,201606133430630,ARDBL,32,17,44,298.0,13112.0
2016-06-13,201606133430622,BHBL,1,44,110,432.0,47520.0
2016-06-13,201606133430388,BHBL,58,13,50,426.0,21300.0
2016-06-13,201606133430847,CBBL,14,45,40,2150.0,86000.0
2016-06-13,201606133430505,CBBL,36,51,500,2156.0,1078000.0
2016-06-13,201606133430837,CCBL,38,4,52,423.0,21996.0
2016-06-13,201606133430822,CCBL,5,51,200,425.0,85000.0
2016-06-13,201606133430799,CCBL,22,51,100,425.0,42500.0
2016-06-13,201606133430759,CCBL,5,51,170,425.0,72250.0
2016-06-13,201606133430758,CCBL,38,51,300,425.0,127500.0
2016-06-13,201606133430757,CCBL,1,51,30,425.0,12750.0
2016-06-13,201606133430756,CCBL,59,51,100,426.0,42600.0
2016-06-13,201606133430589,CCBL,53,42,978,425.0,415650.0
2016-06-13,201606133430481,CCBL,57,51,50,430.0,21500.0
2016-06-13,201606133430435,CCBL,21,20,61,424.0,25864.0
2016-06-13,201606133430568,CHCL,26,45,200,1385.0,277000.0
2016-06-13,201606133430443,CHCL,48,34,113,1390.0,157070.0
2016-06-13,201606133430815,CSDBL,6,16,10,591.0,5910.0
2016-06-13,201606133430810,CSDBL,6,32,24,585.0,14040.0
2016-06-13,201606133430850,CZBIL,42,42,100,573.0,57300.0
2016-06-13,201606133430701,CZBIL,42,1,200,573.0,114600.0
2016-06-13,201606133430497,DDBL,28,45,150,3250.0,487500.0
2016-06-13,201606133430403,EBL,28,56,200,3173.0,634600.0
2016-06-13,201606133430374,EBL,26,56,300,3173.0,951900.0
2016-06-13,201606133430367,EBL,40,5,66,3175.0,209550.0
2016-06-13,201606133430450,EBL,57,44,100,3181.0,318100.0
2016-06-13,201606133430449,EBL,57,59,100,3180.0,318000.0
2016-06-13,201606133430448,EBL,57,32,500,3180.0,1590000.0
2016-06-13,201606133430407,EBL,57,59,14,3180.0,44520.0
2016-06-13,201606133430680,EBL,35,58,90,3175.0,285750.0
2016-06-13,201606133430640,EBL,35,17,100,3175.0,317500.0
2016-06-13,201606133430620,EBL,45,44,100,3179.0,317900.0
2016-06-13,201606133430583,EBL,19,26,91,3179.0,289289.0
2016-06-13,201606133430517,EBL,35,39,100,3175.0,317500.0
2016-06-13,201606133430453,EBL,21,44,100,3181.0,318100.0
2016-06-13,201606133430737,EBL,34,44,500,3160.0,1580000.0
2016-06-13,201606133430736,EBL,21,44,200,3165.0,633000.0
2016-06-13,201606133430693,EBL,28,58,1000,3170.0,3170000.0
2016-06-13,201606133430683,EBL,28,58,1000,3173.0,3173000.0
2016-06-13,201606133430682,EBL,21,58,300,3175.0,952500.0
2016-06-13,201606133430681,EBL,42,58,20,3175.0,63500.0
2016-06-13,201606133430821,EBL,28,17,50,3160.0,158000.0
2016-06-13,201606133430751,EBL,45,44,300,3160.0,948000.0
2016-06-13,201606133430750,EBL,45,45,100,3156.0,315600.0
2016-06-13,201606133430777,EIC,7,46,132,1952.0,257664.0
2016-06-13,201606133430712,EIC,19,55,100,1960.0,196000.0
2016-06-13,201606133430672,EIC,19,40,100,1960.0,196000.0
2016-06-13,201606133430816,FBBL,42,59,126,438.0,55188.0
2016-06-13,201606133430849,FMDBL,44,58,100,1595.0,159500.0
2016-06-13,201606133430785,FMDBL,28,50,200,1600.0,320000.0
2016-06-13,201606133430784,FMDBL,28,11,100,1600.0,160000.0
2016-06-13,201606133430783,FMDBL,28,37,400,1600.0,640000.0
2016-06-13,201606133430782,FMDBL,28,41,100,1600.0,160000.0
2016-06-13,201606133430781,FMDBL,28,56,200,1600.0,320000.0
2016-06-13,201606133430447,FMDBL,45,56,200,1587.0,317400.0
2016-06-13,201606133430551,FMDBL,40,58,30,1590.0,47700.0
2016-06-13,201606133430504,FMDBL,40,58,10,1590.0,15900.0
2016-06-13,201606133430496,FMDBL,36,58,200,1590.0,318000.0
2016-06-13,201606133430495,FMDBL,36,44,300,1589.0,476700.0
2016-06-13,201606133430479,FMDBL,40,38,100,1588.0,158800.0
2016-06-13,201606133430462,FMDBL,45,56,300,1587.0,476100.0
2016-06-13,201606133430692,FMDBL,45,41,100,1590.0,159000.0
2016-06-13,201606133430691,FMDBL,45,58,390,1590.0,620100.0
2016-06-13,201606133430690,FMDBL,45,58,260,1590.0,413400.0
2016-06-13,201606133430645,FMDBL,45,58,300,1589.0,476700.0
2016-06-13,201606133430644,FMDBL,45,26,230,1589.0,365470.0
2016-06-13,201606133430627,FMDBL,45,56,187,1580.0,295460.0
2016-06-13,201606133430780,FMDBL,28,36,100,1599.0,159900.0
2016-06-13,201606133430766,FMDBL,41,36,200,1599.0,319800.0
2016-06-13,201606133430765,FMDBL,41,56,100,1598.0,159800.0
2016-06-13,201606133430749,FMDBL,28,19,218,1596.0,347928.0
2016-06-13,201606133430748,FMDBL,28,36,100,1596.0,159600.0
2016-06-13,201606133430747,FMDBL,28,58,100,1595.0,159500.0
2016-06-13,201606133430494,GBIME,39,28,151,515.0,77765.0
2016-06-13,201606133430415,GBIME,43,20,54,506.0,27324.0
2016-06-13,201606133430395,GBIME,39,48,1000,515.0,515000.0
2016-06-13,201606133430394,GBIME,39,17,500,515.0,257500.0
2016-06-13,201606133430376,GBIME,39,17,100,515.0,51500.0
2016-06-13,201606133430375,GBIME,39,55,20,510.0,10200.0
2016-06-13,201606133430585,GLICL,41,13,200,920.0,184000.0
2016-06-13,201606133430584,GLICL,11,13,100,925.0,92500.0
2016-06-13,201606133430556,GLICL,36,39,222,921.0,204462.0
2016-06-13,201606133430461,GLICL,47,26,41,925.0,37925.0
2016-06-13,201606133430416,GLICL,19,1,100,930.0,93000.0
2016-06-13,201606133430405,GLICL,58,1,100,930.0,93000.0
2016-06-13,201606133430820,HBL,40,53,1000,1516.0,1516000.0
2016-06-13,201606133430808,HBL,57,4,120,1523.0,182760.0
2016-06-13,201606133430807,HBL,13,53,270,1515.0,409050.0
2016-06-13,201606133430806,HBL,8,53,230,1515.0,348450.0
2016-06-13,201606133430797,HBL,8,5,40,1515.0,60600.0
2016-06-13,201606133430792,HBL,8,8,230,1515.0,348450.0
2016-06-13,201606133430439,HBL,53,53,100,1530.0,153000.0
2016-06-13,201606133430391,HBL,50,5,500,1530.0,765000.0
2016-06-13,201606133430390,HBL,50,54,370,1525.0,564250.0
2016-06-13,201606133430355,HBL,54,54,300,1525.0,457500.0
2016-06-13,201606133430354,HBL,57,54,300,1525.0,457500.0
2016-06-13,201606133430353,HBL,16,54,30,1530.0,45900.0
2016-06-13,201606133430754,HBL,50,4,30,1520.0,45600.0
2016-06-13,201606133430753,HBL,39,4,50,1520.0,76000.0
2016-06-13,201606133430506,HBL,50,16,100,1520.0,152000.0
2016-06-13,201606133430493,HBL,38,44,500,1521.0,760500.0
2016-06-13,201606133430488,HBL,53,8,200,1529.0,305800.0
2016-06-13,201606133430440,HBL,53,8,100,1530.0,153000.0
2016-06-13,201606133430592,HGI,17,37,200,1400.0,280000.0
2016-06-13,201606133430422,HGI,17,46,500,1400.0,700000.0
2016-06-13,201606133430417,ILFCM,45,45,500,1420.0,710000.0
2016-06-13,201606133430512,JEFL,26,42,100,206.0,20600.0
2016-06-13,201606133430794,JFL,43,17,400,335.0,134000.0
2016-06-13,201606133430408,KDBL,43,41,300,310.0,93000.0
2016-06-13,201606133430401,KDBL,43,56,21,305.0,6405.0
2016-06-13,201606133430541,KMCDB,36,38,100,1989.0,198900.0
2016-06-13,201606133430489,LBL,20,20,100,799.0,79900.0
2016-06-13,201606133430425,LBL,56,20,200,798.0,159600.0
2016-06-13,201606133430370,LBL,1,26,50,795.0,39750.0
2016-06-13,201606133430696,LGIL,10,21,350,1355.0,474250.0
2016-06-13,201606133430629,LGIL,10,46,50,1360.0,68000.0
2016-06-13,201606133430475,LGIL,33,33,1000,1355.0,1355000.0
2016-06-13,201606133430414,LGIL,5,46,100,1360.0,136000.0
2016-06-13,201606133430813,MEGA,49,59,80,520.0,41600.0
2016-06-13,201606133430800,MEGA,58,59,100,520.0,52000.0
2016-06-13,201606133430789,MEGA,39,59,110,520.0,57200.0
2016-06-13,201606133430761,MEGA,22,59,200,520.0,104000.0
2016-06-13,201606133430631,MEGA,46,59,500,520.0,260000.0
2016-06-13,201606133430613,MEGA,39,43,385,519.0,199815.0
2016-06-13,201606133430542,MEGA,38,45,22,518.0,11396.0
2016-06-13,201606133430468,MEGA,26,20,156,518.0,80808.0
2016-06-13,201606133430424,MEGA,59,20,35,520.0,18200.0
2016-06-13,201606133430396,MEGA,49,45,161,520.0,83720.0
2016-06-13,201606133430801,MFIL,26,50,250,338.0,84500.0
2016-06-13,201606133430728,MFIL,21,49,150,340.0,51000.0
2016-06-13,201606133430689,MFIL,21,49,500,340.0,170000.0
2016-06-13,201606133430554,MFIL,6,49,500,340.0,170000.0
2016-06-13,201606133430536,MFIL,6,49,500,340.0,170000.0
2016-06-13,201606133430523,MFIL,25,49,100,340.0,34000.0
2016-06-13,201606133430482,MFIL,1,58,150,343.0,51450.0
2016-06-13,201606133430410,MFIL,29,58,1000,350.0,350000.0
2016-06-13,201606133430409,MFIL,29,10,1000,349.0,349000.0
2016-06-13,201606133430508,MFIL,20,49,250,340.0,85000.0
2016-06-13,201606133430503,MFIL,43,49,300,340.0,102000.0
2016-06-13,201606133430502,MFIL,26,49,500,340.0,170000.0
2016-06-13,201606133430501,MFIL,46,49,300,340.0,102000.0
2016-06-13,201606133430500,MFIL,32,49,100,341.0,34100.0
2016-06-13,201606133430499,MFIL,32,49,100,341.0,34100.0
2016-06-13,201606133430553,MNBBL,54,17,121,1215.0,147015.0
2016-06-13,201606133430552,MNBBL,54,43,500,1211.0,605500.0
2016-06-13,201606133430535,MNBBL,19,28,50,1200.0,60000.0
2016-06-13,201606133430727,MSMBS,47,36,220,1700.0,374000.0
2016-06-13,201606133430726,MSMBS,47,28,10,1700.0,17000.0
2016-06-13,201606133430725,MSMBS,47,28,20,1700.0,34000.0
2016-06-13,201606133430724,MSMBS,47,28,20,1700.0,34000.0
2016-06-13,201606133430723,MSMBS,47,42,10,1700.0,17000.0
2016-06-13,201606133430452,MSMBS,44,22,20,1650.0,33000.0
2016-06-13,201606133430434,MSMBS,44,22,20,1650.0,33000.0
2016-06-13,201606133430427,MSMBS,44,22,20,1650.0,33000.0
2016-06-13,201606133430567,MSMBS,44,26,10,1650.0,16500.0
2016-06-13,201606133430555,MSMBS,44,26,10,1650.0,16500.0
2016-06-13,201606133430527,MSMBS,40,59,20,1670.0,33400.0
2016-06-13,201606133430526,MSMBS,40,59,20,1670.0,33400.0
2016-06-13,201606133430525,MSMBS,40,59,20,1670.0,33400.0
2016-06-13,201606133430460,MSMBS,44,22,20,1650.0,33000.0
2016-06-13,201606133430660,MSMBS,40,17,10,1680.0,16800.0
2016-06-13,201606133430614,MSMBS,36,36,200,1679.0,335800.0
2016-06-13,201606133430601,MSMBS,44,26,10,1650.0,16500.0
2016-06-13,201606133430597,MSMBS,40,11,20,1672.0,33440.0
2016-06-13,201606133430596,MSMBS,40,11,20,1672.0,33440.0
2016-06-13,201606133430590,MSMBS,44,26,10,1650.0,16500.0
2016-06-13,201606133430722,MSMBS,47,45,70,1683.0,117810.0
2016-06-13,201606133430665,MSMBS,40,47,10,1680.0,16800.0
2016-06-13,201606133430664,MSMBS,40,47,10,1680.0,16800.0
2016-06-13,201606133430663,MSMBS,40,47,10,1680.0,16800.0
2016-06-13,201606133430662,MSMBS,40,47,10,1680.0,16800.0
2016-06-13,201606133430661,MSMBS,40,17,10,1680.0,16800.0
2016-06-13,201606133430617,NABIL,19,14,11,2345.0,25795.0
2016-06-13,201606133430582,NABIL,13,11,50,2340.0,117000.0
2016-06-13,201606133430459,NABIL,46,17,200,2350.0,470000.0
2016-06-13,201606133430458,NABIL,45,17,100,2350.0,235000.0
2016-06-13,201606133430457,NABIL,6,17,100,2360.0,236000.0
2016-06-13,201606133430830,NABILP,56,58,500,1750.0,875000.0
2016-06-13,201606133430829,NABILP,17,58,200,1750.0,350000.0
2016-06-13,201606133430828,NABILP,50,58,150,1750.0,262500.0
2016-06-13,201606133430827,NABILP,45,58,100,1750.0,175000.0
2016-06-13,201606133430826,NABILP,56,58,500,1755.0,877500.0
2016-06-13,201606133430825,NABILP,17,58,250,1755.0,438750.0
2016-06-13,201606133430399,NABILP,17,47,480,1760.0,844800.0
2016-06-13,201606133430418,NABILP,55,33,100,1755.0,175500.0
2016-06-13,201606133430413,NABILP,17,47,13,1760.0,22880.0
2016-06-13,201606133430824,NABILP,44,58,180,1760.0,316800.0
2016-06-13,201606133430823,NABILP,44,50,320,1760.0,563200.0
2016-06-13,201606133430804,NABILP,17,44,400,1760.0,704000.0
2016-06-13,201606133430840,NBB,46,44,100,870.0,87000.0
2016-06-13,201606133430839,NBB,39,44,100,870.0,87000.0
2016-06-13,201606133430818,NBB,44,25,500,869.0,434500.0
2016-06-13,201606133430803,NBB,46,44,200,870.0,174000.0
2016-06-13,201606133430795,NBB,45,32,326,869.0,283294.0
2016-06-13,201606133430779,NBB,45,32,700,869.0,608300.0
2016-06-13,201606133430362,NBB,10,48,120,875.0,105000.0
2016-06-13,201606133430383,NBB,46,42,150,875.0,131250.0
2016-06-13,201606133430379,NBB,14,37,310,877.0,271870.0
2016-06-13,201606133430378,NBB,42,37,100,877.0,87700.0
2016-06-13,201606133430366,NBB,19,55,100,875.0,87500.0
2016-06-13,201606133430365,NBB,44,55,100,875.0,87500.0
2016-06-13,201606133430363,NBB,10,25,200,875.0,175000.0
2016-06-13,201606133430392,NBB,14,51,130,875.0,113750.0
2016-06-13,201606133430389,NBB,10,51,450,875.0,393750.0
2016-06-13,201606133430387,NBB,10,42,50,875.0,43750.0
2016-06-13,201606133430386,NBB,19,42,200,875.0,175000.0
2016-06-13,201606133430385,NBB,19,42,100,875.0,87500.0
2016-06-13,201606133430384,NBB,46,42,500,875.0,437500.0
2016-06-13,201606133430467,NBB,45,6,100,875.0,87500.0
2016-06-13,201606133430466,NBB,50,6,70,875.0,61250.0
2016-06-13,201606133430456,NBB,18,18,500,875.0,437500.0
2016-06-13,201606133430436,NBB,50,58,120,875.0,105000.0
2016-06-13,201606133430429,NBB,6,58,180,875.0,157500.0
2016-06-13,201606133430428,NBB,6,51,20,875.0,17500.0
2016-06-13,201606133430559,NBB,41,14,140,873.0,122220.0
2016-06-13,201606133430558,NBB,1,14,100,874.0,87400.0
2016-06-13,201606133430528,NBB,41,42,60,873.0,52380.0
2016-06-13,201606133430518,NBB,32,6,300,875.0,262500.0
2016-06-13,201606133430514,NBB,57,25,50,874.0,43700.0
2016-06-13,201606133430513,NBB,51,25,200,874.0,174800.0
2016-06-13,201606133430572,NBB,17,44,300,871.0,261300.0
2016-06-13,201606133430571,NBB,29,44,300,871.0,261300.0
2016-06-13,201606133430570,NBB,7,44,500,871.0,435500.0
2016-06-13,201606133430569,NBB,59,44,150,871.0,130650.0
2016-06-13,201606133430561,NBB,59,14,350,871.0,304850.0
2016-06-13,201606133430560,NBB,47,14,100,872.0,87200.0
2016-06-13,201606133430578,NBB,56,44,1000,870.0,870000.0
2016-06-13,201606133430577,NBB,13,44,200,870.0,174000.0
2016-06-13,201606133430576,NBB,29,44,700,870.0,609000.0
2016-06-13,201606133430575,NBB,41,44,100,870.0,87000.0
2016-06-13,201606133430574,NBB,41,44,100,870.0,87000.0
2016-06-13,201606133430573,NBB,44,44,200,870.0,174000.0
2016-06-13,201606133430591,NBB,45,44,200,870.0,174000.0
2016-06-13,201606133430588,NBB,34,14,11,869.0,9559.0
2016-06-13,201606133430587,NBB,21,44,150,870.0,130500.0
2016-06-13,201606133430581,NBB,1,44,200,870.0,174000.0
2016-06-13,201606133430580,NBB,8,44,180,870.0,156600.0
2016-06-13,201606133430579,NBB,55,44,200,870.0,174000.0
2016-06-13,201606133430625,NBB,11,56,80,865.0,69200.0
2016-06-13,201606133430624,NBB,6,56,100,865.0,86500.0
2016-06-13,201606133430623,NBB,13,56,200,868.0,173600.0
2016-06-13,201606133430595,NBB,39,25,500,869.0,434500.0
2016-06-13,201606133430594,NBB,13,25,1500,869.0,1303500.0
2016-06-13,201606133430593,NBB,42,25,1000,869.0,869000.0
2016-06-13,201606133430659,NBB,43,49,200,865.0,173000.0
2016-06-13,201606133430658,NBB,45,49,100,865.0,86500.0
2016-06-13,201606133430657,NBB,21,25,100,869.0,86900.0
2016-06-13,201606133430651,NBB,19,25,100,869.0,86900.0
2016-06-13,201606133430642,NBB,10,56,87,865.0,75255.0
2016-06-13,201606133430626,NBB,10,56,720,865.0,622800.0
2016-06-13,201606133430769,NBB,32,17,50,867.0,43350.0
2016-06-13,201606133430740,NBB,57,32,300,869.0,260700.0
2016-06-13,201606133430739,NBB,57,25,700,869.0,608300.0
2016-06-13,201606133430716,NBB,21,35,250,866.0,216500.0
2016-06-13,201606133430715,NBB,21,35,500,866.0,433000.0
2016-06-13,201606133430671,NBB,19,25,100,869.0,86900.0
2016-06-13,201606133430778,NBB,45,14,300,865.0,259500.0
2016-06-13,201606133430776,NBB,25,14,200,865.0,173000.0
2016-06-13,201606133430775,NBB,1,14,230,865.0,198950.0
2016-06-13,201606133430774,NBB,28,14,1500,865.0,1297500.0
2016-06-13,201606133430773,NBB,43,14,300,865.0,259500.0
2016-06-13,201606133430770,NBB,21,17,250,866.0,216500.0
2016-06-13,201606133430841,NBL,28,45,550,478.0,262900.0
2016-06-13,201606133430802,NBL,28,16,4000,480.0,1920000.0
2016-06-13,201606133430791,NBL,28,47,7900,480.0,3792000.0
2016-06-13,201606133430790,NBL,43,47,100,480.0,48000.0
2016-06-13,201606133430762,NBL,25,6,585,481.0,281385.0
2016-06-13,201606133430700,NBL,28,16,1000,480.0,480000.0
2016-06-13,201606133430426,NBL,25,41,500,482.0,241000.0
2016-06-13,201606133430650,NBL,33,42,500,485.0,242500.0
2016-06-13,201606133430638,NBL,25,58,200,484.0,96800.0
2016-06-13,201606133430637,NBL,25,6,1000,484.0,484000.0
2016-06-13,201606133430636,NBL,25,22,1000,483.0,483000.0
2016-06-13,201606133430635,NBL,25,44,1000,483.0,483000.0
2016-06-13,201606133430634,NBL,25,22,200,482.0,96400.0
2016-06-13,201606133430735,NCM,45,48,300,515.0,154500.0
2016-06-13,201606133430721,NCM,58,45,693,520.0,360360.0
2016-06-13,201606133430714,NCM,58,19,300,515.0,154500.0
2016-06-13,201606133430694,NCM,58,5,200,515.0,103000.0
2016-06-13,201606133430605,NCM,58,45,1000,515.0,515000.0
2016-06-13,201606133430406,NCM,40,6,200,520.0,104000.0
2016-06-13,201606133430834,NHPC,14,8,200,197.0,39400.0
2016-06-13,201606133430833,NHPC,57,8,1850,197.0,364450.0
2016-06-13,201606133430763,NHPC,57,49,50,197.0,9850.0
2016-06-13,201606133430533,NHPC,16,17,1700,198.0,336600.0
2016-06-13,201606133430524,NHPC,36,33,500,199.0,99500.0
2016-06-13,201606133430492,NHPC,36,33,500,199.0,99500.0
2016-06-13,201606133430487,NHPC,16,6,300,198.0,59400.0
2016-06-13,201606133430471,NHPC,36,49,250,198.0,49500.0
2016-06-13,201606133430470,NHPC,36,41,500,198.0,99000.0
2016-06-13,201606133430469,NHPC,36,49,250,198.0,49500.0
2016-06-13,201606133430423,NHPC,33,33,500,198.0,99000.0
2016-06-13,201606133430729,NIB,42,1,100,1084.0,108400.0
2016-06-13,201606133430674,NIB,49,50,165,1070.0,176550.0
2016-06-13,201606133430483,NIB,4,45,33,1070.0,35310.0
2016-06-13,201606133430477,NIB,38,45,100,1070.0,107000.0
2016-06-13,201606133430361,NIB,40,51,300,1085.0,325500.0
2016-06-13,201606133430685,NIBPO,40,44,500,931.0,465500.0
2016-06-13,201606133430357,NIBPO,43,47,50,950.0,47500.0
2016-06-13,201606133430360,NIBPO,40,47,500,931.0,465500.0
2016-06-13,201606133430359,NIBPO,47,47,100,935.0,93500.0
2016-06-13,201606133430358,NIBPO,21,47,100,947.0,94700.0
2016-06-13,201606133430484,NICA,49,44,1000,769.0,769000.0
2016-06-13,201606133430352,NICA,22,58,190,765.0,145350.0
2016-06-13,201606133430648,NICL,21,7,190,1215.0,230850.0
2016-06-13,201606133430480,NICL,13,44,298,1220.0,363560.0
2016-06-13,201606133430446,NICL,13,56,160,1239.0,198240.0
2016-06-13,201606133430445,NICL,13,38,200,1238.0,247600.0
2016-06-13,201606133430351,NICL,25,38,200,1238.0,247600.0
2016-06-13,201606133430846,NMB,19,53,300,716.0,214800.0
2016-06-13,201606133430793,NMB,55,45,50,724.0,36200.0
2016-06-13,201606133430752,NMB,55,21,50,720.0,36000.0
2016-06-13,201606133430734,NMB,45,6,337,720.0,242640.0
2016-06-13,201606133430621,NMB,33,17,450,720.0,324000.0
2016-06-13,201606133430611,NMB,33,1,45,725.0,32625.0
2016-06-13,201606133430520,NMB,19,10,700,716.0,501200.0
2016-06-13,201606133430507,NMB,14,14,6009,706.0,4242354.0
2016-06-13,201606133430465,NMB,45,43,69,720.0,49680.0
2016-06-13,201606133430373,NMB,33,1,200,720.0,144000.0
2016-06-13,201606133430372,NMB,33,1,100,719.0,71900.0
2016-06-13,201606133430364,NMB,37,8,500,717.0,358500.0
2016-06-13,201606133430610,NMB,33,19,300,724.0,217200.0
2016-06-13,201606133430609,NMB,35,53,700,720.0,504000.0
2016-06-13,201606133430608,NMB,41,53,190,720.0,136800.0
2016-06-13,201606133430563,NMB,38,45,700,720.0,504000.0
2016-06-13,201606133430539,NMB,41,14,10,720.0,7200.0
2016-06-13,201606133430534,NMB,46,10,200,717.0,143400.0
2016-06-13,201606133430845,NNLB,35,43,140,1563.0,218820.0
2016-06-13,201606133430540,NNLB,35,3,60,1594.0,95640.0
2016-06-13,201606133430510,NNLB,35,3,10,1626.0,16260.0
2016-06-13,201606133430515,PADBL,18,57,219,441.0,96579.0
2016-06-13,201606133430798,PCBL,13,56,621,706.0,438426.0
2016-06-13,201606133430764,PCBL,44,6,500,710.0,355000.0
2016-06-13,201606133430731,PCBL,6,56,500,707.0,353500.0
2016-06-13,201606133430730,PCBL,45,56,100,707.0,70700.0
2016-06-13,201606133430710,PCBL,45,58,400,707.0,282800.0
2016-06-13,201606133430709,PCBL,32,58,200,707.0,141400.0
2016-06-13,201606133430557,PCBL,19,6,200,710.0,142000.0
2016-06-13,201606133430550,PCBL,49,6,120,711.0,85320.0
2016-06-13,201606133430498,PCBL,49,17,79,709.0,56011.0
2016-06-13,201606133430381,PCBL,13,10,200,710.0,142000.0
2016-06-13,201606133430369,PCBL,48,10,200,710.0,142000.0
2016-06-13,201606133430708,PCBL,53,58,300,708.0,212400.0
2016-06-13,201606133430707,PCBL,13,58,100,708.0,70800.0
2016-06-13,201606133430706,PCBL,53,56,500,708.0,354000.0
2016-06-13,201606133430698,PCBL,13,6,500,710.0,355000.0
2016-06-13,201606133430695,PCBL,17,6,200,710.0,142000.0
2016-06-13,201606133430639,PCBL,46,6,200,710.0,142000.0
2016-06-13,201606133430814,PIC,22,14,300,1900.0,570000.0
2016-06-13,201606133430787,PIC,48,56,50,1911.0,95550.0
2016-06-13,201606133430809,PICL,58,56,200,1400.0,280000.0
2016-06-13,201606133430400,PLIC,53,35,100,1920.0,192000.0
2016-06-13,201606133430380,PLIC,53,44,500,1919.0,959500.0
2016-06-13,201606133430772,RBBBL,19,39,50,275.0,13750.0
2016-06-13,201606133430713,RHPC,43,59,103,369.0,38007.0
2016-06-13,201606133430843,RMDC,36,51,50,1102.0,55100.0
2016-06-13,201606133430838,RMDC,36,43,100,1102.0,110200.0
2016-06-13,201606133430832,RMDC,36,8,100,1102.0,110200.0
2016-06-13,201606133430831,RMDC,36,48,150,1101.0,165150.0
2016-06-13,201606133430817,RMDC,36,53,200,1100.0,220000.0
2016-06-13,201606133430788,RMDC,36,21,465,1102.0,512430.0
2016-06-13,201606133430699,RMDC,7,56,108,1100.0,118800.0
2016-06-13,201606133430472,RMDC,7,52,100,1108.0,110800.0
2016-06-13,201606133430451,RMDC,36,47,200,1100.0,220000.0
2016-06-13,201606133430438,RMDC,52,6,86,1108.0,95288.0
2016-06-13,201606133430437,RMDC,52,26,50,1108.0,55400.0
2016-06-13,201606133430668,SANIMA,16,45,20,675.0,13500.0
2016-06-13,201606133430654,SANIMA,17,44,450,670.0,301500.0
2016-06-13,201606133430653,SANIMA,45,44,450,670.0,301500.0
2016-06-13,201606133430652,SANIMA,52,44,100,671.0,67100.0
2016-06-13,201606133430615,SANIMA,46,45,500,675.0,337500.0
2016-06-13,201606133430549,SANIMA,57,45,1000,675.0,675000.0
2016-06-13,201606133430548,SANIMA,19,45,300,675.0,202500.0
2016-06-13,201606133430547,SANIMA,17,45,200,676.0,135200.0
2016-06-13,201606133430546,SANIMA,16,45,500,677.0,338500.0
2016-06-13,201606133430545,SANIMA,19,45,250,677.0,169250.0
2016-06-13,201606133430544,SANIMA,19,45,400,678.0,271200.0
2016-06-13,201606133430543,SANIMA,39,45,150,678.0,101700.0
2016-06-13,201606133430521,SBI,36,53,100,1761.0,176100.0
2016-06-13,201606133430848,SCB,6,33,150,3422.0,513300.0
2016-06-13,201606133430842,SCB,19,46,250,3425.0,856250.0
2016-06-13,201606133430755,SCB,14,20,80,3440.0,275200.0
2016-06-13,201606133430732,SCB,53,45,100,3450.0,345000.0
2016-06-13,201606133430702,SCB,14,44,100,3440.0,344000.0
2016-06-13,201606133430463,SCB,39,44,30,3430.0,102900.0
2016-06-13,201606133430455,SCB,22,11,200,3440.0,688000.0
2016-06-13,201606133430632,SCB,38,32,100,3435.0,343500.0
2016-06-13,201606133430619,SCB,14,57,200,3450.0,690000.0
2016-06-13,201606133430618,SCB,14,48,100,3450.0,345000.0
2016-06-13,201606133430478,SCB,35,35,1000,3450.0,3450000.0
2016-06-13,201606133430473,SCB,35,44,270,3430.0,926100.0
2016-06-13,201606133430464,SCB,50,44,200,3430.0,686000.0
2016-06-13,201606133430673,SCB,14,53,60,3440.0,206400.0
2016-06-13,201606133430666,SCB,14,53,50,3440.0,172000.0
2016-06-13,201606133430649,SCB,6,53,50,3420.0,171000.0
2016-06-13,201606133430643,SCB,14,32,200,3430.0,686000.0
2016-06-13,201606133430641,SCB,22,53,50,3422.0,171100.0
2016-06-13,201606133430633,SCB,19,32,150,3430.0,514500.0
2016-06-13,201606133430760,SHL,43,47,600,384.0,230400.0
2016-06-13,201606133430743,SHL,43,43,125,384.0,48000.0
2016-06-13,201606133430616,SHL,4,48,200,377.0,75400.0
2016-06-13,201606133430598,SHL,40,45,1000,374.0,374000.0
2016-06-13,201606133430511,SHL,4,48,800,377.0,301600.0
2016-06-13,201606133430796,SIC,25,55,23,2350.0,54050.0
2016-06-13,201606133430768,SIC,56,56,500,2321.0,1160500.0
2016-06-13,201606133430767,SIC,58,56,100,2321.0,232100.0
2016-06-13,201606133430688,SIC,49,26,30,2340.0,70200.0
2016-06-13,201606133430419,SIC,59,26,100,2340.0,234000.0
2016-06-13,201606133430771,SICL,34,17,100,3111.0,311100.0
2016-06-13,201606133430720,SICL,14,14,15,3130.0,46950.0
2016-06-13,201606133430719,SICL,14,14,15,3130.0,46950.0
2016-06-13,201606133430718,SICL,14,14,15,3130.0,46950.0
2016-06-13,201606133430420,SIGS1,55,43,20000,22.55,451000.0
2016-06-13,201606133430733,SIL,48,17,100,2052.0,205200.0
2016-06-13,201606133430742,SINDU,56,56,18,517.0,9306.0
2016-06-13,201606133430741,SINDU,56,32,50,515.0,25750.0
2016-06-13,201606133430586,SINDU,4,32,100,510.0,51000.0
2016-06-13,201606133430836,SKBBL,1,16,100,2091.0,209100.0
2016-06-13,201606133430675,SKBBL,10,43,128,2092.0,267776.0
2016-06-13,201606133430562,SKBBL,38,43,100,2093.0,209300.0
2016-06-13,201606133430537,SKBBL,36,58,100,2100.0,210000.0
2016-06-13,201606133430404,SKBBL,36,58,200,2100.0,420000.0
2016-06-13,201606133430382,SKBBL,36,46,271,2100.0,569100.0
2016-06-13,201606133430786,SLICL,42,53,100,1065.0,106500.0
2016-06-13,201606133430746,SLICL,51,53,100,1068.0,106800.0
2016-06-13,201606133430745,SLICL,42,53,100,1070.0,107000.0
2016-06-13,201606133430606,SLICL,42,42,1100,1070.0,1177000.0
2016-06-13,201606133430604,SLICL,22,42,100,1078.0,107800.0
2016-06-13,201606133430421,SLICL,41,17,149,1130.0,168370.0
2016-06-13,201606133430397,SLICL,41,41,200,1130.0,226000.0
2016-06-13,201606133430377,SLICL,41,6,100,1130.0,113000.0
2016-06-13,201606133430603,SLICL,42,42,100,1090.0,109000.0
2016-06-13,201606133430602,SLICL,51,42,100,1091.0,109100.0
2016-06-13,201606133430538,SLICL,45,13,461,1100.0,507100.0
2016-06-13,201606133430454,SLICL,42,44,400,1100.0,440000.0
2016-06-13,201606133430442,SLICL,13,44,500,1108.0,554000.0
2016-06-13,201606133430441,SLICL,25,44,100,1110.0,111000.0
2016-06-13,201606133430844,SMFDB,19,1,50,3009.0,150450.0
2016-06-13,201606133430703,SRBL,17,21,136,645.0,87720.0
2016-06-13,201606133430656,SRBL,17,41,90,641.0,57690.0
2016-06-13,201606133430628,SRBL,32,17,36,645.0,23220.0
2016-06-13,201606133430612,SRBL,28,26,10,646.0,6460.0
2016-06-13,201606133430485,SRBL,38,43,200,645.0,129000.0
2016-06-13,201606133430476,SRBL,28,28,90,646.0,58140.0
2016-06-13,201606133430433,SRBL,42,44,186,645.0,119970.0
2016-06-13,201606133430412,SRBL,10,44,470,650.0,305500.0
2016-06-13,201606133430411,SRBL,10,39,500,646.0,323000.0
2016-06-13,201606133430393,SRBL,26,1,293,646.0,189278.0
2016-06-13,201606133430811,SYFL,39,48,60,129.0,7740.0
2016-06-13,201606133430744,SYFL,14,48,500,129.0,64500.0
2016-06-13,201606133430738,SYFL,46,48,400,130.0,52000.0
2016-06-13,201606133430705,SYFL,19,3,100,132.0,13200.0
2016-06-13,201606133430490,SYFL,46,28,100,130.0,13000.0
2016-06-13,201606133430679,UIC,43,54,200,1501.0,300200.0
2016-06-13,201606133430678,UIC,41,54,100,1501.0,150100.0
2016-06-13,201606133430677,UIC,53,54,500,1505.0,752500.0
2016-06-13,201606133430676,UIC,44,54,200,1525.0,305000.0
2016-06-13,201606133430532,UIC,44,10,390,1530.0,596700.0
2016-06-13,201606133430531,UIC,44,46,100,1530.0,153000.0
2016-06-13,201606133430530,UIC,44,56,500,1529.0,764500.0
2016-06-13,201606133430529,UIC,44,6,10,1529.0,15290.0
2016-06-13,201606133430516,UIC,33,38,101,1528.0,154328.0
2016-06-13,201606133430444,UIC,54,10,200,1520.0,304000.0
2016-06-13,201606133430607,VLBS,40,11,202,1590.0,321180.0
2016-06-13,201606133430566,VLBS,36,1,50,1591.0,79550.0
2016-06-13,201606133430565,VLBS,36,36,10,1591.0,15910.0
2016-06-13,201606133430564,VLBS,36,42,10,1580.0,15800.0
2016-06-13,201606133430509,VLBS,40,42,10,1570.0,15700.0
2016-06-13,201606133430474,VLBS,26,45,50,1560.0,78000.0
2016-06-13,201606133430491,WOMI,11,17,12,3000.0,36000.0
2016-06-13,201606133430371,YETI,33,49,500,220.0,110000.0
