date,transaction_no,symbol,buyer,seller,quantity,rate,amount
2016-11-22,201611224087425,ADBL,47,14,150,550.0,82500.0
2016-11-22,201611224087190,ADBL,21,40,800,550.0,440000.0
2016-11-22,201611224087612,API,39,26,26,525.0,13650.0
2016-11-22,201611224087355,API,43,6,26,515.0,13390.0
2016-11-22,201611224087290,API,7,6,26,515.0,13390.0
2016-11-22,201611224087280,API,35,6,26,515.0,13390.0
2016-11-22,201611224087203,API,26,16,16,516.0,8256.0
2016-11-22,201611224087175,API,6,16,16,516.0,8256.0
2016-11-22,201611224087605,BOKL,13,34,220,644.0,141680.0
2016-11-22,201611224087604,BOKL,13,34,410,644.0,264040.0
2016-11-22,201611224087566,BOKL,58,35,100,645.0,64500.0
2016-11-22,201611224087565,BOKL,32,35,1000,645.0,645000.0
2016-11-22,201611224087564,BOKL,44,35,440,645.0,283800.0
2016-11-22,201611224087563,BOKL,14,35,100,646.0,64600.0
2016-11-22,201611224087274,BOKL,8,53,189,645.0,121905.0
2016-11-22,201611224087230,BOKL,56,34,20,646.0,12920.0
2016-11-22,201611224087197,BOKL,33,34,100,646.0,64600.0
2016-11-22,201611224087195,BOKL,8,57,200,645.0,129000.0
2016-11-22,201611224087169,BOKL,29,34,20,646.0,12920.0
2016-11-22,201611224087168,BOKL,38,34,500,646.0,323000.0
2016-11-22,201611224087361,BOKL,45,19,50,645.0,32250.0
2016-11-22,201611224087360,BOKL,41,19,10,645.0,6450.0
2016-11-22,201611224087292,BOKL,22,34,100,646.0,64600.0
2016-11-22,201611224087286,BOKL,7,34,100,646.0,64600.0
2016-11-22,201611224087283,BOKL,56,34,20,646.0,12920.0
2016-11-22,201611224087282,BOKL,56,34,60,646.0,38760.0
2016-11-22,201611224087406,BOKL,45,29,60,645.0,38700.0
2016-11-22,201611224087366,BOKL,45,19,140,645.0,90300.0
2016-11-22,201611224087365,BOKL,43,19,200,645.0,129000.0
2016-11-22,201611224087364,BOKL,42,19,200,645.0,129000.0
2016-11-22,201611224087363,BOKL,56,19,100,645.0,64500.0
2016-11-22,201611224087362,BOKL,41,19,150,645.0,96750.0
2016-11-22,201611224087562,BOKL,32,35,300,646.0,193800.0
2016-11-22,201611224087561,BOKL,39,35,220,646.0,142120.0
2016-11-22,201611224087435,BOKL,39,34,280,646.0,180880.0
2016-11-22,201611224087433,BOKL,44,29,60,645.0,38700.0
2016-11-22,201611224087409,BOKL,5,29,280,645.0,180600.0
2016-11-22,201611224087407,BOKL,41,29,100,645.0,64500.0
2016-11-22,201611224087250,CBBL,6,49,30,1839.0,55170.0
2016-11-22,201611224087622,CBL,55,34,500,274.0,137000.0
2016-11-22,201611224087621,CBL,59,50,27,273.0,7371.0
2016-11-22,201611224087614,CBL,16,34,500,274.0,137000.0
2016-11-22,201611224087519,CBL,59,25,200,273.0,54600.0
2016-11-22,201611224087506,CBL,38,50,500,275.0,137500.0
2016-11-22,201611224087481,CBL,4,45,1000,273.0,273000.0
2016-11-22,201611224087251,CBL,16,16,4434,274.0,1214916.0
2016-11-22,201611224087217,CBL,48,50,500,275.0,137500.0
2016-11-22,201611224087194,CBL,48,1,151,275.0,41525.0
2016-11-22,201611224087456,CBL,50,50,500,275.0,137500.0
2016-11-22,201611224087393,CBL,16,32,133,275.0,36575.0
2016-11-22,201611224087392,CBL,16,34,2000,275.0,550000.0
2016-11-22,201611224087372,CBL,16,34,17,275.0,4675.0
2016-11-22,201611224087371,CBL,16,25,500,275.0,137500.0
2016-11-22,201611224087370,CBL,16,50,280,275.0,77000.0
2016-11-22,201611224087391,CCBL,41,38,200,374.0,74800.0
2016-11-22,201611224087196,CCBL,49,35,100,378.0,37800.0
2016-11-22,201611224087599,CHCL,5,45,170,1081.0,183770.0
2016-11-22,201611224087598,CHCL,13,45,150,1082.0,162300.0
2016-11-22,201611224087597,CHCL,37,45,50,1082.0,54100.0
2016-11-22,201611224087596,CHCL,13,45,30,1082.0,32460.0
2016-11-22,201611224087595,CHCL,22,45,300,1083.0,324900.0
2016-11-22,201611224087594,CHCL,45,45,100,1084.0,108400.0
2016-11-22,201611224087178,CHCL,40,16,115,1097.0,126155.0
2016-11-22,201611224087152,CHCL,6,40,50,1085.0,54250.0
2016-11-22,201611224087495,CIT,22,25,50,4090.0,204500.0
2016-11-22,201611224087494,CIT,22,25,20,4090.0,81800.0
2016-11-22,201611224087352,CIT,22,47,40,4090.0,163600.0
2016-11-22,201611224087575,CZBIL,26,51,90,491.0,44190.0
2016-11-22,201611224087574,CZBIL,14,51,50,492.0,24600.0
2016-11-22,201611224087573,CZBIL,22,51,10,492.0,4920.0
2016-11-22,201611224087479,CZBIL,22,45,40,492.0,19680.0
2016-11-22,201611224087478,CZBIL,6,45,100,493.0,49300.0
2016-11-22,201611224087477,CZBIL,26,45,200,493.0,98600.0
2016-11-22,201611224087476,CZBIL,11,45,60,493.0,29580.0
2016-11-22,201611224087214,CZBIL,11,50,940,493.0,463420.0
2016-11-22,201611224087180,CZBIL,33,50,200,493.0,98600.0
2016-11-22,201611224087615,DBBL,42,39,26,320.0,8320.0
2016-11-22,201611224087538,DBBL,57,57,55,318.0,17490.0
2016-11-22,201611224087524,DBBL,42,57,150,320.0,48000.0
2016-11-22,201611224087523,DBBL,34,57,100,320.0,32000.0
2016-11-22,201611224087522,DBBL,20,57,150,321.0,48150.0
2016-11-22,201611224087428,DBBL,10,39,370,322.0,119140.0
2016-11-22,201611224087427,DBBL,19,39,50,324.0,16200.0
2016-11-22,201611224087216,DBBL,13,49,563,323.0,181849.0
2016-11-22,201611224087617,EBL,21,42,200,3460.0,692000.0
2016-11-22,201611224087609,EBL,57,42,10,3460.0,34600.0
2016-11-22,201611224087608,EBL,42,42,20,3460.0,69200.0
2016-11-22,201611224087607,EBL,34,42,50,3460.0,173000.0
2016-11-22,201611224087606,EBL,49,42,50,3460.0,173000.0
2016-11-22,201611224087206,EBL,51,32,100,3460.0,346000.0
2016-11-22,201611224087176,EBL,56,57,10,3462.0,34620.0
2016-11-22,201611224087249,EBL,34,57,20,3460.0,69200.0
2016-11-22,201611224087248,EBL,19,57,20,3460.0,69200.0
2016-11-22,201611224087219,EBL,38,57,10,3462.0,34620.0
2016-11-22,201611224087429,EBL,55,57,20,3460.0,69200.0
2016-11-22,201611224087399,EBL,25,57,50,3460.0,173000.0
2016-11-22,201611224087398,EBL,25,36,50,3460.0,173000.0
2016-11-22,201611224087387,EBL,32,36,20,3460.0,69200.0
2016-11-22,201611224087367,EBL,26,57,50,3462.0,173100.0
2016-11-22,201611224087560,EBL,49,57,60,3460.0,207600.0
2016-11-22,201611224087510,EBL,28,57,50,3460.0,173000.0
2016-11-22,201611224087444,EBL,25,36,75,3460.0,259500.0
2016-11-22,201611224087521,GBBL,13,34,483,396.0,191268.0
2016-11-22,201611224087336,GBBL,1,14,400,396.0,158400.0
2016-11-22,201611224087313,GBBL,5,14,100,396.0,39600.0
2016-11-22,201611224087311,GBBL,57,55,500,397.0,198500.0
2016-11-22,201611224087279,GBBL,57,39,238,397.0,94486.0
2016-11-22,201611224087553,GBIME,37,51,130,445.0,57850.0
2016-11-22,201611224087454,GBIME,19,51,100,445.0,44500.0
2016-11-22,201611224087390,GBIME,19,51,20,445.0,8900.0
2016-11-22,201611224087389,GBIME,43,51,50,445.0,22250.0
2016-11-22,201611224087257,GBIME,57,36,52,445.0,23140.0
2016-11-22,201611224087253,GBIME,59,36,100,446.0,44600.0
2016-11-22,201611224087174,GBIME,36,40,23,448.0,10304.0
2016-11-22,201611224087134,GBIME,49,35,500,448.0,224000.0
2016-11-22,201611224087497,GFCL,6,34,250,357.0,89250.0
2016-11-22,201611224087496,GFCL,13,34,100,357.0,35700.0
2016-11-22,201611224087432,GLICL,17,42,500,776.0,388000.0
2016-11-22,201611224087431,GLICL,18,42,200,777.0,155400.0
2016-11-22,201611224087241,GLICL,13,42,270,775.0,209250.0
2016-11-22,201611224087240,GLICL,25,42,300,776.0,232800.0
2016-11-22,201611224087239,GLICL,34,42,20,776.0,15520.0
2016-11-22,201611224087238,GLICL,50,42,410,777.0,318570.0
2016-11-22,201611224087237,GLICL,26,42,100,780.0,78000.0
2016-11-22,201611224087511,HGI,49,50,130,1650.0,214500.0
2016-11-22,201611224087459,HGI,17,50,50,1650.0,82500.0
2016-11-22,201611224087166,HGI,46,37,100,1655.0,165500.0
2016-11-22,201611224087165,HGI,55,37,150,1660.0,249000.0
2016-11-22,201611224087164,HGI,42,37,50,1670.0,83500.0
2016-11-22,201611224087588,HIDCL,45,45,3000,275.0,825000.0
2016-11-22,201611224087450,HIDCL,6,17,56,276.0,15456.0
2016-11-22,201611224087415,HIDCL,6,52,56,277.0,15512.0
2016-11-22,201611224087205,HIDCL,22,25,30,277.0,8310.0
2016-11-22,201611224087200,HIDCL,25,25,47,277.0,13019.0
2016-11-22,201611224087592,ICFC,28,25,100,270.0,27000.0
2016-11-22,201611224087529,ICFC,19,25,1000,266.0,266000.0
2016-11-22,201611224087528,ICFC,58,25,1000,267.0,267000.0
2016-11-22,201611224087527,ICFC,19,25,150,268.0,40200.0
2016-11-22,201611224087526,ICFC,11,25,90,270.0,24300.0
2016-11-22,201611224087525,ICFC,51,25,50,271.0,13550.0
2016-11-22,201611224087576,ILFCM,13,59,235,730.0,171550.0
2016-11-22,201611224087559,JBBL,56,56,20,330.0,6600.0
2016-11-22,201611224087558,JBBL,17,56,180,330.0,59400.0
2016-11-22,201611224087354,JBBL,21,38,50,335.0,16750.0
2016-11-22,201611224087353,JBBL,54,38,250,335.0,83750.0
2016-11-22,201611224087218,JBBL,17,16,70,330.0,23100.0
2016-11-22,201611224087201,JBBL,54,45,237,335.0,79395.0
2016-11-22,201611224087173,JBBL,54,29,12,333.0,3996.0
2016-11-22,201611224087416,JFL,21,21,50,319.0,15950.0
2016-11-22,201611224087589,JSLBB,16,41,10,2163.0,21630.0
2016-11-22,201611224087172,KBBL,32,32,210,520.0,109200.0
2016-11-22,201611224087150,KBL,45,1,10,561.0,5610.0
2016-11-22,201611224087491,KMFL,59,59,10,3751.0,37510.0
2016-11-22,201611224087458,KMFL,59,59,10,3751.0,37510.0
2016-11-22,201611224087436,KMFL,59,59,10,3751.0,37510.0
2016-11-22,201611224087385,KMFL,59,59,10,3751.0,37510.0
2016-11-22,201611224087368,KMFL,59,59,10,3751.0,37510.0
2016-11-22,201611224087357,KMFL,59,59,10,3751.0,37510.0
2016-11-22,201611224087222,KMFL,59,59,10,3751.0,37510.0
2016-11-22,201611224087151,KMFL,18,35,20,3752.0,75040.0
2016-11-22,201611224087338,KMFL,59,59,10,3751.0,37510.0
2016-11-22,201611224087331,KMFL,59,59,10,3751.0,37510.0
2016-11-22,201611224087321,KMFL,59,59,10,3751.0,37510.0
2016-11-22,201611224087293,KMFL,59,59,10,3751.0,37510.0
2016-11-22,201611224087254,KMFL,59,59,10,3751.0,37510.0
2016-11-22,201611224087243,KMFL,59,59,10,3751.0,37510.0
2016-11-22,201611224087492,KNBL,38,17,160,628.0,100480.0
2016-11-22,201611224087266,KNBL,47,47,200,616.0,123200.0
2016-11-22,201611224087265,KNBL,13,47,100,616.0,61600.0
2016-11-22,201611224087264,KNBL,46,47,20,620.0,12400.0
2016-11-22,201611224087263,KNBL,21,47,50,620.0,31000.0
2016-11-22,201611224087262,KNBL,28,47,40,620.0,24800.0
2016-11-22,201611224087261,KNBL,28,47,50,620.0,31000.0
2016-11-22,201611224087260,KNBL,19,47,40,622.0,24880.0
2016-11-22,201611224087259,KNBL,19,47,20,623.0,12460.0
2016-11-22,201611224087258,KNBL,56,47,100,624.0,62400.0
2016-11-22,201611224087252,KNBL,21,17,80,632.0,50560.0
2016-11-22,201611224087547,LBL,38,45,120,749.0,89880.0
2016-11-22,201611224087546,LBL,8,45,300,749.0,224700.0
2016-11-22,201611224087545,LBL,41,45,50,750.0,37500.0
2016-11-22,201611224087544,LBL,26,45,500,750.0,375000.0
2016-11-22,201611224087543,LBL,13,45,30,750.0,22500.0
2016-11-22,201611224087499,LBL,25,43,280,760.0,212800.0
2016-11-22,201611224087159,LBL,41,37,100,760.0,76000.0
2016-11-22,201611224087158,LBL,26,37,200,761.0,152200.0
2016-11-22,201611224087157,LBL,14,37,50,761.0,38050.0
2016-11-22,201611224087156,LBL,55,37,30,765.0,22950.0
2016-11-22,201611224087162,LBL,25,37,20,760.0,15200.0
2016-11-22,201611224087161,LBL,19,37,100,760.0,76000.0
2016-11-22,201611224087160,LBL,45,37,500,760.0,380000.0
2016-11-22,201611224087535,LGIL,49,34,120,1617.0,194040.0
2016-11-22,201611224087490,LGIL,43,34,100,1617.0,161700.0
2016-11-22,201611224087480,LGIL,54,35,200,1616.0,323200.0
2016-11-22,201611224087423,LGIL,56,34,100,1617.0,161700.0
2016-11-22,201611224087422,LGIL,5,34,100,1617.0,161700.0
2016-11-22,201611224087421,LGIL,6,34,200,1618.0,323600.0
2016-11-22,201611224087227,LGIL,39,58,200,1620.0,324000.0
2016-11-22,201611224087149,LGIL,29,45,100,1621.0,162100.0
2016-11-22,201611224087420,LGIL,19,34,50,1620.0,81000.0
2016-11-22,201611224087419,LGIL,34,34,30,1620.0,48600.0
2016-11-22,201611224087418,LGIL,1,34,100,1621.0,162100.0
2016-11-22,201611224087417,LGIL,29,34,200,1625.0,325000.0
2016-11-22,201611224087229,LGIL,34,58,80,1620.0,129600.0
2016-11-22,201611224087228,LGIL,29,58,20,1620.0,32400.0
2016-11-22,201611224087567,LICN,40,55,25,2960.0,74000.0
2016-11-22,201611224087281,LICN,48,10,114,2990.0,340860.0
2016-11-22,201611224087123,LICN,58,16,30,2938.0,88140.0
2016-11-22,201611224087122,LICN,35,16,100,2939.0,293900.0
2016-11-22,201611224087133,LLBS,21,10,100,1241.0,124100.0
2016-11-22,201611224087620,MBL,49,42,2450,486.0,1190700.0
2016-11-22,201611224087582,MBL,47,42,100,486.0,48600.0
2016-11-22,201611224087505,MBL,29,42,300,486.0,145800.0
2016-11-22,201611224087504,MBL,14,42,200,486.0,97200.0
2016-11-22,201611224087503,MBL,41,42,150,486.0,72900.0
2016-11-22,201611224087502,MBL,52,42,100,486.0,48600.0
2016-11-22,201611224087341,MBL,8,42,200,491.0,98200.0
2016-11-22,201611224087340,MBL,37,42,100,492.0,49200.0
2016-11-22,201611224087339,MBL,18,42,50,492.0,24600.0
2016-11-22,201611224087148,MBL,6,35,520,494.0,256880.0
2016-11-22,201611224087347,MBL,19,42,100,490.0,49000.0
2016-11-22,201611224087346,MBL,11,42,100,490.0,49000.0
2016-11-22,201611224087345,MBL,37,42,200,490.0,98000.0
2016-11-22,201611224087344,MBL,50,42,100,490.0,49000.0
2016-11-22,201611224087343,MBL,29,42,50,491.0,24550.0
2016-11-22,201611224087342,MBL,47,42,100,491.0,49100.0
2016-11-22,201611224087447,MBL,50,59,110,490.0,53900.0
2016-11-22,201611224087446,MBL,42,59,300,490.0,147000.0
2016-11-22,201611224087445,MBL,19,59,80,490.0,39200.0
2016-11-22,201611224087350,MBL,19,42,120,490.0,58800.0
2016-11-22,201611224087349,MBL,19,42,30,490.0,14700.0
2016-11-22,201611224087348,MBL,45,42,250,490.0,122500.0
2016-11-22,201611224087484,MBL,17,42,50,490.0,24500.0
2016-11-22,201611224087483,MBL,45,42,100,490.0,49000.0
2016-11-22,201611224087482,MBL,41,42,100,491.0,49100.0
2016-11-22,201611224087457,MBL,42,59,96,490.0,47040.0
2016-11-22,201611224087449,MBL,43,59,100,490.0,49000.0
2016-11-22,201611224087448,MBL,50,59,110,490.0,53900.0
2016-11-22,201611224087501,MBL,45,42,500,486.0,243000.0
2016-11-22,201611224087500,MBL,1,42,200,487.0,97400.0
2016-11-22,201611224087488,MBL,41,42,500,490.0,245000.0
2016-11-22,201611224087487,MBL,17,42,100,490.0,49000.0
2016-11-22,201611224087486,MBL,17,42,100,490.0,49000.0
2016-11-22,201611224087485,MBL,17,42,50,490.0,24500.0
2016-11-22,201611224087520,MEGA,18,38,850,450.0,382500.0
2016-11-22,201611224087272,MEGA,19,49,47,447.0,21009.0
2016-11-22,201611224087171,MEGA,28,21,19,448.0,8512.0
2016-11-22,201611224087147,MEGA,47,28,186,448.0,83328.0
2016-11-22,201611224087414,MFIL,34,47,200,395.0,79000.0
2016-11-22,201611224087413,MFIL,22,47,100,396.0,39600.0
2016-11-22,201611224087335,MFIL,34,49,100,396.0,39600.0
2016-11-22,201611224087460,MIDBL,38,26,10,527.0,5270.0
2016-11-22,201611224087581,MNBBL,58,43,218,901.0,196418.0
2016-11-22,201611224087580,MNBBL,58,39,80,900.0,72000.0
2016-11-22,201611224087579,MNBBL,58,26,200,900.0,180000.0
2016-11-22,201611224087578,MNBBL,58,52,200,900.0,180000.0
2016-11-22,201611224087577,MNBBL,58,21,70,900.0,63000.0
2016-11-22,201611224087518,MNBBL,17,1,100,895.0,89500.0
2016-11-22,201611224087430,MNBBL,45,1,20,899.0,17980.0
2016-11-22,201611224087246,MNBBL,53,48,55,896.0,49280.0
2016-11-22,201611224087517,MNBBL,49,1,200,895.0,179000.0
2016-11-22,201611224087516,MNBBL,11,1,200,895.0,179000.0
2016-11-22,201611224087515,MNBBL,41,1,100,895.0,89500.0
2016-11-22,201611224087514,MNBBL,58,1,80,895.0,71600.0
2016-11-22,201611224087513,MNBBL,26,1,250,896.0,224000.0
2016-11-22,201611224087512,MNBBL,14,1,50,896.0,44800.0
2016-11-22,201611224087328,MSMBS,40,48,10,800.0,8000.0
2016-11-22,201611224087289,MSMBS,33,51,10,815.0,8150.0
2016-11-22,201611224087288,MSMBS,33,51,10,815.0,8150.0
2016-11-22,201611224087287,MSMBS,33,51,10,815.0,8150.0
2016-11-22,201611224087127,MSMBS,13,56,143,814.0,116402.0
2016-11-22,201611224087616,NABIL,6,13,100,1630.0,163000.0
2016-11-22,201611224087424,NABILP,52,14,100,1186.0,118600.0
2016-11-22,201611224087452,NABILP,49,14,200,1186.0,237200.0
2016-11-22,201611224087318,NBB,58,29,50,752.0,37600.0
2016-11-22,201611224087317,NBB,19,29,100,752.0,75200.0
2016-11-22,201611224087316,NBB,55,29,300,752.0,225600.0
2016-11-22,201611224087315,NBB,45,29,20,752.0,15040.0
2016-11-22,201611224087314,NBB,6,29,50,753.0,37650.0
2016-11-22,201611224087244,NBB,36,36,142,753.0,106926.0
2016-11-22,201611224087593,NBL,55,17,200,438.0,87600.0
2016-11-22,201611224087405,NBL,37,35,200,440.0,88000.0
2016-11-22,201611224087404,NBL,28,35,200,440.0,88000.0
2016-11-22,201611224087403,NBL,13,35,50,440.0,22000.0
2016-11-22,201611224087402,NBL,37,35,50,440.0,22000.0
2016-11-22,201611224087401,NBL,51,35,50,443.0,22150.0
2016-11-22,201611224087400,NBL,51,35,50,443.0,22150.0
2016-11-22,201611224087384,NBL,8,35,1000,440.0,440000.0
2016-11-22,201611224087310,NBL,28,29,100,440.0,44000.0
2016-11-22,201611224087291,NBL,13,40,300,440.0,132000.0
2016-11-22,201611224087273,NBL,37,21,50,440.0,22000.0
2016-11-22,201611224087221,NGPL,44,46,10,294.0,2940.0
2016-11-22,201611224087215,NGPL,44,46,10,294.0,2940.0
2016-11-22,201611224087208,NGPL,19,46,10,294.0,2940.0
2016-11-22,201611224087204,NGPL,11,46,10,299.0,2990.0
2016-11-22,201611224087202,NGPL,11,46,10,299.0,2990.0
2016-11-22,201611224087181,NGPL,11,46,10,299.0,2990.0
2016-11-22,201611224087177,NGPL,11,46,10,299.0,2990.0
2016-11-22,201611224087386,NIB,49,7,59,745.0,43955.0
2016-11-22,201611224087382,NIB,22,14,10,750.0,7500.0
2016-11-22,201611224087351,NIB,49,13,115,750.0,86250.0
2016-11-22,201611224087337,NIB,49,40,279,750.0,209250.0
2016-11-22,201611224087426,NIBPO,34,34,10,676.0,6760.0
2016-11-22,201611224087236,NICA,49,36,94,540.0,50760.0
2016-11-22,201611224087213,NICA,6,16,50,535.0,26750.0
2016-11-22,201611224087212,NICA,58,16,150,535.0,80250.0
2016-11-22,201611224087211,NICA,11,16,100,536.0,53600.0
2016-11-22,201611224087210,NICA,28,16,150,539.0,80850.0
2016-11-22,201611224087209,NICA,19,16,50,540.0,27000.0
2016-11-22,201611224087189,NICA,19,36,50,540.0,27000.0
2016-11-22,201611224087188,NICA,6,36,100,540.0,54000.0
2016-11-22,201611224087187,NICA,19,36,50,540.0,27000.0
2016-11-22,201611224087163,NIL,45,14,490,1961.0,960890.0
2016-11-22,201611224087146,NIL,49,14,300,1962.0,588600.0
2016-11-22,201611224087359,NLG,7,26,10,1870.0,18700.0
2016-11-22,201611224087129,NLG,43,45,100,1880.0,188000.0
2016-11-22,201611224087475,NLIC,13,26,50,3348.0,167400.0
2016-11-22,201611224087474,NLIC,52,26,100,3348.0,334800.0
2016-11-22,201611224087334,NLIC,38,26,100,3347.0,334700.0
2016-11-22,201611224087332,NLIC,34,34,120,3385.0,406200.0
2016-11-22,201611224087277,NLIC,11,26,50,3350.0,167500.0
2016-11-22,201611224087276,NLIC,47,26,80,3350.0,268000.0
2016-11-22,201611224087275,NLIC,46,26,50,3350.0,167500.0
2016-11-22,201611224087270,NLIC,10,26,50,3351.0,167550.0
2016-11-22,201611224087269,NLIC,38,26,50,3360.0,168000.0
2016-11-22,201611224087571,NLICL,36,17,100,3379.0,337900.0
2016-11-22,201611224087570,NLICL,36,58,490,3374.0,1653260.0
2016-11-22,201611224087569,NLICL,36,35,110,3371.0,370810.0
2016-11-22,201611224087568,NLICL,36,21,100,3370.0,337000.0
2016-11-22,201611224087143,NLICL,45,7,80,3350.0,268000.0
2016-11-22,201611224087142,NLICL,43,7,10,3350.0,33500.0
2016-11-22,201611224087141,NLICL,41,7,50,3350.0,167500.0
2016-11-22,201611224087140,NLICL,51,7,100,3350.0,335000.0
2016-11-22,201611224087139,NLICL,11,7,50,3350.0,167500.0
2016-11-22,201611224087138,NLICL,11,7,50,3350.0,167500.0
2016-11-22,201611224087137,NLICL,29,7,60,3350.0,201000.0
2016-11-22,201611224087136,NLICL,29,7,100,3350.0,335000.0
2016-11-22,201611224087319,NMB,17,36,112,645.0,72240.0
2016-11-22,201611224087170,NMB,42,37,600,646.0,387600.0
2016-11-22,201611224087619,NMBSF1,34,38,2088,12.52,26141.76
2016-11-22,201611224087179,NMBSF1,22,39,25000,12.75,318750.0
2016-11-22,201611224087135,NNLB,50,35,30,1280.0,38400.0
2016-11-22,201611224087193,NNLB,28,52,50,1260.0,63000.0
2016-11-22,201611224087192,NNLB,28,52,10,1276.0,12760.0
2016-11-22,201611224087191,NNLB,50,52,20,1280.0,25600.0
2016-11-22,201611224087489,PCBL,17,56,200,538.0,107600.0
2016-11-22,201611224087473,PCBL,52,56,200,538.0,107600.0
2016-11-22,201611224087472,PCBL,41,56,50,538.0,26900.0
2016-11-22,201611224087471,PCBL,54,56,100,538.0,53800.0
2016-11-22,201611224087470,PCBL,19,56,1000,539.0,539000.0
2016-11-22,201611224087469,PCBL,34,56,100,540.0,54000.0
2016-11-22,201611224087462,PCBL,19,56,80,542.0,43360.0
2016-11-22,201611224087461,PCBL,17,56,200,543.0,108600.0
2016-11-22,201611224087242,PCBL,35,21,100,542.0,54200.0
2016-11-22,201611224087186,PCBL,34,21,100,542.0,54200.0
2016-11-22,201611224087468,PCBL,19,56,100,540.0,54000.0
2016-11-22,201611224087467,PCBL,41,56,400,540.0,216000.0
2016-11-22,201611224087466,PCBL,39,56,100,540.0,54000.0
2016-11-22,201611224087465,PCBL,19,56,100,540.0,54000.0
2016-11-22,201611224087464,PCBL,14,56,50,541.0,27050.0
2016-11-22,201611224087463,PCBL,6,56,100,541.0,54100.0
2016-11-22,201611224087556,PICL,10,35,10,1380.0,13800.0
2016-11-22,201611224087611,PRIN,59,59,279,1305.0,364095.0
2016-11-22,201611224087537,RBCLPO,33,32,13,10950.0,142350.0
2016-11-22,201611224087285,RHPC,28,49,11,246.0,2706.0
2016-11-22,201611224087271,RHPC,40,35,52,250.0,13000.0
2016-11-22,201611224087256,RHPC,40,32,11,250.0,2750.0
2016-11-22,201611224087493,RMDC,44,34,100,680.0,68000.0
2016-11-22,201611224087155,RMDC,13,52,100,676.0,67600.0
2016-11-22,201611224087128,RMDC,37,41,39,677.0,26403.0
2016-11-22,201611224087144,SADBL,13,16,13,397.0,5161.0
2016-11-22,201611224087132,SADBL,13,16,13,397.0,5161.0
2016-11-22,201611224087309,SAFL,47,38,400,441.0,176400.0
2016-11-22,201611224087308,SAFL,47,38,200,441.0,88200.0
2016-11-22,201611224087126,SAFL,51,47,100,445.0,44500.0
2016-11-22,201611224087125,SAFL,32,47,20,446.0,8920.0
2016-11-22,201611224087124,SAFL,28,47,50,446.0,22300.0
2016-11-22,201611224087443,SAJHA,18,34,35,278.0,9730.0
2016-11-22,201611224087381,SANIMA,41,19,200,560.0,112000.0
2016-11-22,201611224087320,SANIMA,6,50,100,558.0,55800.0
2016-11-22,201611224087226,SANIMA,6,6,210,558.0,117180.0
2016-11-22,201611224087225,SANIMA,45,6,200,558.0,111600.0
2016-11-22,201611224087587,SBI,43,8,30,1498.0,44940.0
2016-11-22,201611224087207,SBI,16,8,100,1498.0,149800.0
2016-11-22,201611224087602,SBL,16,35,50,1011.0,50550.0
2016-11-22,201611224087601,SBL,16,29,950,1010.0,959500.0
2016-11-22,201611224087600,SBL,16,25,1000,1009.0,1009000.0
2016-11-22,201611224087531,SBL,5,25,100,1009.0,100900.0
2016-11-22,201611224087453,SBL,16,29,255,1005.0,256275.0
2016-11-22,201611224087388,SBL,6,34,80,1005.0,80400.0
2016-11-22,201611224087245,SBL,32,40,100,1005.0,100500.0
2016-11-22,201611224087220,SBL,37,34,80,1005.0,80400.0
2016-11-22,201611224087199,SBL,37,28,20,1005.0,20100.0
2016-11-22,201611224087356,SBL,55,34,100,1005.0,100500.0
2016-11-22,201611224087298,SBL,22,36,130,1002.0,130260.0
2016-11-22,201611224087297,SBL,19,36,20,1002.0,20040.0
2016-11-22,201611224087296,SBL,19,36,20,1002.0,20040.0
2016-11-22,201611224087295,SBL,19,36,30,1002.0,30060.0
2016-11-22,201611224087294,SBL,36,36,500,1003.0,501500.0
2016-11-22,201611224087536,SCB,45,50,33,2890.0,95370.0
2016-11-22,201611224087534,SCB,6,21,100,2895.0,289500.0
2016-11-22,201611224087369,SCB,1,28,20,2900.0,58000.0
2016-11-22,201611224087312,SCB,6,40,120,2895.0,347400.0
2016-11-22,201611224087300,SCB,6,40,320,2895.0,926400.0
2016-11-22,201611224087284,SCB,54,40,60,2895.0,173700.0
2016-11-22,201611224087603,SDBL,32,36,2000,469.0,938000.0
2016-11-22,201611224087586,SDBL,52,39,10,466.0,4660.0
2016-11-22,201611224087585,SDBL,56,39,100,466.0,46600.0
2016-11-22,201611224087584,SDBL,42,39,100,466.0,46600.0
2016-11-22,201611224087583,SDBL,16,11,400,469.0,187600.0
2016-11-22,201611224087552,SDBL,41,39,50,467.0,23350.0
2016-11-22,201611224087145,SDBL,58,11,100,468.0,46800.0
2016-11-22,201611224087412,SDBL,16,46,50,469.0,23450.0
2016-11-22,201611224087411,SDBL,41,46,500,469.0,234500.0
2016-11-22,201611224087410,SDBL,50,46,250,469.0,117250.0
2016-11-22,201611224087224,SDBL,32,46,1000,468.0,468000.0
2016-11-22,201611224087223,SDBL,32,11,520,468.0,243360.0
2016-11-22,201611224087551,SDBL,51,39,50,467.0,23350.0
2016-11-22,201611224087550,SDBL,43,39,100,467.0,46700.0
2016-11-22,201611224087549,SDBL,19,39,100,467.0,46700.0
2016-11-22,201611224087540,SDBL,16,11,72,469.0,33768.0
2016-11-22,201611224087507,SDBL,48,17,100,470.0,47000.0
2016-11-22,201611224087455,SDBL,16,46,18,469.0,8442.0
2016-11-22,201611224087397,SEWA,38,45,300,312.0,93600.0
2016-11-22,201611224087396,SEWA,7,45,500,314.0,157000.0
2016-11-22,201611224087247,SEWA,38,45,89,315.0,28035.0
2016-11-22,201611224087233,SEWA,38,45,130,315.0,40950.0
2016-11-22,201611224087232,SEWA,17,45,150,315.0,47250.0
2016-11-22,201611224087231,SEWA,17,45,20,319.0,6380.0
2016-11-22,201611224087299,SFFIL,17,28,100,786.0,78600.0
2016-11-22,201611224087623,SHINE,37,1,40,515.0,20600.0
2016-11-22,201611224087329,SHINE,37,34,120,525.0,63000.0
2016-11-22,201611224087278,SHINE,58,37,340,520.0,176800.0
2016-11-22,201611224087267,SHINE,21,37,40,520.0,20800.0
2016-11-22,201611224087591,SHINE,37,1,500,516.0,258000.0
2016-11-22,201611224087590,SHINE,58,1,160,517.0,82720.0
2016-11-22,201611224087618,SHL,56,21,100,390.0,39000.0
2016-11-22,201611224087557,SHL,43,28,150,386.0,57900.0
2016-11-22,201611224087509,SHL,43,45,300,387.0,116100.0
2016-11-22,201611224087498,SHL,49,45,200,392.0,78400.0
2016-11-22,201611224087533,SHPC,36,45,500,825.0,412500.0
2016-11-22,201611224087442,SHPC,54,45,50,825.0,41250.0
2016-11-22,201611224087441,SHPC,50,45,500,825.0,412500.0
2016-11-22,201611224087440,SHPC,36,45,100,829.0,82900.0
2016-11-22,201611224087439,SHPC,55,45,100,830.0,83000.0
2016-11-22,201611224087438,SHPC,19,45,100,831.0,83100.0
2016-11-22,201611224087437,SHPC,13,45,50,835.0,41750.0
2016-11-22,201611224087395,SHPC,37,55,100,836.0,83600.0
2016-11-22,201611224087394,SHPC,19,55,200,837.0,167400.0
2016-11-22,201611224087373,SIC,53,11,40,1975.0,79000.0
2016-11-22,201611224087333,SIC,53,11,60,1976.0,118560.0
2016-11-22,201611224087153,SIC,53,59,140,1976.0,276640.0
2016-11-22,201611224087613,SICL,56,55,100,3800.0,380000.0
2016-11-22,201611224087555,SICL,56,19,71,3800.0,269800.0
2016-11-22,201611224087554,SICL,56,14,25,3795.0,94875.0
2016-11-22,201611224087532,SICL,56,22,56,3795.0,212520.0
2016-11-22,201611224087530,SICL,56,36,80,3795.0,303600.0
2016-11-22,201611224087383,SICL,56,36,19,3800.0,72200.0
2016-11-22,201611224087358,SICL,56,50,170,3800.0,646000.0
2016-11-22,201611224087198,SKBBL,5,14,65,1470.0,95550.0
2016-11-22,201611224087235,SLICL,36,26,70,827.0,57890.0
2016-11-22,201611224087234,SLICL,17,26,20,827.0,16540.0
2016-11-22,201611224087434,SRBL,49,38,80,492.0,39360.0
2016-11-22,201611224087380,SRBL,52,34,20,490.0,9800.0
2016-11-22,201611224087379,SRBL,56,34,300,490.0,147000.0
2016-11-22,201611224087378,SRBL,35,34,50,490.0,24500.0
2016-11-22,201611224087377,SRBL,7,34,200,490.0,98000.0
2016-11-22,201611224087376,SRBL,47,34,80,490.0,39200.0
2016-11-22,201611224087375,SRBL,51,34,100,491.0,49100.0
2016-11-22,201611224087374,SRBL,1,34,250,491.0,122750.0
2016-11-22,201611224087548,SWBBL,55,49,50,2060.0,103000.0
2016-11-22,201611224087307,SYFL,21,29,20,165.0,3300.0
2016-11-22,201611224087131,SYFL,35,29,100,165.0,16500.0
2016-11-22,201611224087130,SYFL,14,29,80,165.0,13200.0
2016-11-22,201611224087610,TRH,57,32,100,235.0,23500.0
2016-11-22,201611224087542,UFCL,48,17,500,179.0,89500.0
2016-11-22,201611224087541,UFCL,48,17,1000,178.0,178000.0
2016-11-22,201611224087508,UIC,57,59,330,1260.0,415800.0
2016-11-22,201611224087330,UIC,43,35,12,1275.0,15300.0
2016-11-22,201611224087306,UIC,43,35,150,1275.0,191250.0
2016-11-22,201611224087305,UIC,37,35,200,1275.0,255000.0
2016-11-22,201611224087304,UIC,48,35,50,1275.0,63750.0
2016-11-22,201611224087303,UIC,37,35,200,1276.0,255200.0
2016-11-22,201611224087302,UIC,17,35,50,1280.0,64000.0
2016-11-22,201611224087301,UIC,53,35,50,1280.0,64000.0
2016-11-22,201611224087268,VSDBL,38,55,150,197.0,29550.0
2016-11-22,201611224087154,VSDBL,48,25,200,196.0,39200.0
2016-11-22,201611224087539,YETI,39,59,60,297.0,17820.0
2016-11-22,201611224087451,YETI,39,52,400,297.0,118800.0
2016-11-22,201611224086985,ADBL,42,34,200,552.0,110400.0
2016-11-22,201611224086831,ADBL,19,21,172,546.0,93912.0
2016-11-22,201611224087121,AHPC,34,59,100,273.0,27300.0
2016-11-22,201611224086972,ALICL,28,54,30,1666.0,49980.0
2016-11-22,201611224086873,ALICL,34,49,73,1665.0,121545.0
2016-11-22,201611224086814,ALICL,28,54,170,1666.0,283220.0
2016-11-22,201611224086813,ALICL,28,54,100,1666.0,166600.0
2016-11-22,201611224086710,ALICL,28,25,40,1666.0,66640.0
2016-11-22,201611224086709,ALICL,8,25,100,1666.0,166600.0
2016-11-22,201611224086708,ALICL,34,25,60,1667.0,100020.0
2016-11-22,201611224086680,ALICL,34,25,140,1667.0,233380.0
2016-11-22,201611224087073,API,39,56,26,526.0,13676.0
2016-11-22,201611224087072,API,39,56,26,521.0,13546.0
2016-11-22,201611224086973,API,45,25,26,516.0,13416.0
2016-11-22,201611224086930,API,45,22,100,516.0,51600.0
2016-11-22,201611224086869,API,35,5,16,517.0,8272.0
2016-11-22,201611224087018,BOKL,34,28,848,646.0,547808.0
2016-11-22,201611224086882,BOKL,57,6,95,647.0,61465.0
2016-11-22,201611224086751,BOKL,1,32,200,646.0,129200.0
2016-11-22,201611224086750,BOKL,5,32,100,646.0,64600.0
2016-11-22,201611224086749,BOKL,41,32,100,647.0,64700.0
2016-11-22,201611224086748,BOKL,41,32,100,647.0,64700.0
2016-11-22,201611224086689,BOKL,49,39,50,648.0,32400.0
2016-11-22,201611224086688,BOKL,42,39,30,648.0,19440.0
2016-11-22,201611224086647,BOKL,49,36,60,650.0,39000.0
2016-11-22,201611224086898,CBBL,43,49,100,1839.0,183900.0
2016-11-22,201611224086897,CBBL,43,49,100,1839.0,183900.0
2016-11-22,201611224086886,CBBL,25,49,100,1840.0,184000.0
2016-11-22,201611224086885,CBBL,22,49,100,1840.0,184000.0
2016-11-22,201611224086884,CBBL,45,49,200,1842.0,368400.0
2016-11-22,201611224086883,CBBL,25,49,70,1846.0,129220.0
2016-11-22,201611224086856,CBBL,25,49,30,1846.0,55380.0
2016-11-22,201611224086855,CBBL,51,49,100,1846.0,184600.0
2016-11-22,201611224086854,CBBL,47,49,50,1850.0,92500.0
2016-11-22,201611224086853,CBBL,37,49,150,1850.0,277500.0
2016-11-22,201611224086852,CBBL,26,49,100,1860.0,186000.0
2016-11-22,201611224087109,CBL,56,35,300,273.0,81900.0
2016-11-22,201611224087092,CBL,5,35,500,273.0,136500.0
2016-11-22,201611224087091,CBL,35,35,200,273.0,54600.0
2016-11-22,201611224087090,CBL,39,35,100,273.0,27300.0
2016-11-22,201611224087089,CBL,49,35,400,273.0,109200.0
2016-11-22,201611224087088,CBL,49,35,500,273.0,136500.0
2016-11-22,201611224086837,CBL,44,5,300,273.0,81900.0
2016-11-22,201611224086836,CBL,56,5,200,274.0,54800.0
2016-11-22,201611224086835,CBL,20,5,400,274.0,109600.0
2016-11-22,201611224086769,CBL,33,50,50,275.0,13750.0
2016-11-22,201611224086685,CBL,49,50,80,275.0,22000.0
2016-11-22,201611224086843,CBL,42,5,100,273.0,27300.0
2016-11-22,201611224086842,CBL,13,5,500,273.0,136500.0
2016-11-22,201611224086841,CBL,29,5,200,273.0,54600.0
2016-11-22,201611224086840,CBL,1,5,200,273.0,54600.0
2016-11-22,201611224086839,CBL,38,5,500,273.0,136500.0
2016-11-22,201611224086838,CBL,20,5,500,273.0,136500.0
2016-11-22,201611224086923,CCBL,49,56,100,379.0,37900.0
2016-11-22,201611224086756,CCBL,35,32,32,377.0,12064.0
2016-11-22,201611224086892,CHCL,6,36,88,1090.0,95920.0
2016-11-22,201611224086672,CHCL,6,36,72,1090.0,78480.0
2016-11-22,201611224086687,CIT,22,14,42,4090.0,171780.0
2016-11-22,201611224087103,CZBIL,1,52,79,492.0,38868.0
2016-11-22,201611224086634,CZBIL,37,50,100,491.0,49100.0
2016-11-22,201611224086633,CZBIL,6,50,200,491.0,98200.0
2016-11-22,201611224086632,CZBIL,17,50,100,491.0,49100.0
2016-11-22,201611224086631,CZBIL,19,50,300,492.0,147600.0
2016-11-22,201611224086630,CZBIL,8,50,100,492.0,49200.0
2016-11-22,201611224086939,DBBL,41,39,100,325.0,32500.0
2016-11-22,201611224086669,DBBL,13,29,100,323.0,32300.0
2016-11-22,201611224087118,EBL,41,57,20,3465.0,69300.0
2016-11-22,201611224087101,EBL,5,57,90,3462.0,311580.0
2016-11-22,201611224087082,EBL,5,57,10,3462.0,34620.0
2016-11-22,201611224087081,EBL,55,57,90,3465.0,311850.0
2016-11-22,201611224086718,EBL,53,48,110,3466.0,381260.0
2016-11-22,201611224086636,EBL,29,36,100,3470.0,347000.0
2016-11-22,201611224086870,EBL,5,48,86,3460.0,297560.0
2016-11-22,201611224086863,EBL,41,48,20,3461.0,69220.0
2016-11-22,201611224086862,EBL,17,48,50,3465.0,173250.0
2016-11-22,201611224086834,EBL,5,36,10,3470.0,34700.0
2016-11-22,201611224086793,EBL,32,5,12,3468.0,41616.0
2016-11-22,201611224086719,EBL,46,48,10,3466.0,34660.0
2016-11-22,201611224086797,EIC,57,34,10,1802.0,18020.0
2016-11-22,201611224086781,GBBL,38,55,500,397.0,198500.0
2016-11-22,201611224086645,GBBL,1,55,500,396.0,198000.0
2016-11-22,201611224086644,GBBL,58,55,300,396.0,118800.0
2016-11-22,201611224086643,GBBL,8,55,100,396.0,39600.0
2016-11-22,201611224086642,GBBL,6,55,100,396.0,39600.0
2016-11-22,201611224086893,GBIME,42,38,15,445.0,6675.0
2016-11-22,201611224086881,GBIME,42,38,130,445.0,57850.0
2016-11-22,201611224086880,GBIME,33,38,200,445.0,89000.0
2016-11-22,201611224086879,GBIME,47,38,50,446.0,22300.0
2016-11-22,201611224086878,GBIME,34,38,150,446.0,66900.0
2016-11-22,201611224086877,GBIME,43,38,50,446.0,22300.0
2016-11-22,201611224086641,GBIME,50,35,500,447.0,223500.0
2016-11-22,201611224086704,GLICL,35,42,100,787.0,78700.0
2016-11-22,201611224087014,HBL,38,7,95,1190.0,113050.0
2016-11-22,201611224087004,HBL,42,42,200,1200.0,240000.0
2016-11-22,201611224086908,HBL,1,50,78,1194.0,93132.0
2016-11-22,201611224086812,HBL,17,42,100,1200.0,120000.0
2016-11-22,201611224086780,HBL,37,50,90,1194.0,107460.0
2016-11-22,201611224086779,HBL,40,50,200,1195.0,239000.0
2016-11-22,201611224086778,HBL,45,50,100,1196.0,119600.0
2016-11-22,201611224086777,HBL,22,50,100,1196.0,119600.0
2016-11-22,201611224086776,HBL,45,50,50,1196.0,59800.0
2016-11-22,201611224086775,HBL,7,50,60,1196.0,71760.0
2016-11-22,201611224086987,HGI,28,35,180,1674.0,301320.0
2016-11-22,201611224086966,HGI,28,37,20,1674.0,33480.0
2016-11-22,201611224086965,HGI,7,37,100,1674.0,167400.0
2016-11-22,201611224086964,HGI,5,37,50,1675.0,83750.0
2016-11-22,201611224086963,HGI,52,37,20,1676.0,33520.0
2016-11-22,201611224086962,HGI,21,37,10,1680.0,16800.0
2016-11-22,201611224086940,HGI,29,50,20,1682.0,33640.0
2016-11-22,201611224086851,HGI,37,35,200,1682.0,336400.0
2016-11-22,201611224086637,HGI,7,50,24,1681.0,40344.0
2016-11-22,201611224087111,HIDCL,55,55,56,272.0,15232.0
2016-11-22,201611224087110,HIDCL,21,48,29,272.0,7888.0
2016-11-22,201611224087108,HIDCL,38,38,56,276.0,15456.0
2016-11-22,201611224087099,HIDCL,17,55,56,274.0,15344.0
2016-11-22,201611224086670,HIDCL,42,55,56,272.0,15232.0
2016-11-22,201611224086858,HIDCL,21,55,56,272.0,15232.0
2016-11-22,201611224086789,HIDCL,55,59,56,272.0,15232.0
2016-11-22,201611224086758,HIDCL,21,55,56,272.0,15232.0
2016-11-22,201611224086705,HIDCL,55,55,56,272.0,15232.0
2016-11-22,201611224086690,HIDCL,55,55,56,272.0,15232.0
2016-11-22,201611224086947,HIDCL,45,52,261,274.0,71514.0
2016-11-22,201611224086912,HIDCL,45,55,56,272.0,15232.0
2016-11-22,201611224086907,HIDCL,45,55,56,272.0,15232.0
2016-11-22,201611224086906,HIDCL,45,55,56,272.0,15232.0
2016-11-22,201611224086905,HIDCL,45,55,56,272.0,15232.0
2016-11-22,201611224086889,HIDCL,45,55,56,272.0,15232.0
2016-11-22,201611224087035,HIDCL,38,38,56,277.0,15512.0
2016-11-22,201611224086986,HIDCL,45,58,232,278.0,64496.0
2016-11-22,201611224086982,HIDCL,45,34,56,275.0,15400.0
2016-11-22,201611224086969,HIDCL,45,42,56,275.0,15400.0
2016-11-22,201611224086968,HIDCL,45,38,10,274.0,2740.0
2016-11-22,201611224086651,ILFCM,22,50,10,720.0,7200.0
2016-11-22,201611224087071,JBBL,17,45,752,330.0,248160.0
2016-11-22,201611224086984,JBBL,57,21,212,328.0,69536.0
2016-11-22,201611224086874,JBBL,6,21,212,327.0,69324.0
2016-11-22,201611224086864,JBBL,58,26,22,328.0,7216.0
2016-11-22,201611224086847,JSLBB,11,28,10,2170.0,21700.0
2016-11-22,201611224086774,JSLBB,16,52,10,2163.0,21630.0
2016-11-22,201611224086646,JSLBB,7,55,10,2162.0,21620.0
2016-11-22,201611224087027,KBBL,32,32,50,520.0,26000.0
2016-11-22,201611224087026,KBBL,32,32,100,520.0,52000.0
2016-11-22,201611224087025,KBBL,32,32,290,520.0,150800.0
2016-11-22,201611224087024,KBBL,46,32,200,521.0,104200.0
2016-11-22,201611224087023,KBBL,32,32,100,522.0,52200.0
2016-11-22,201611224087022,KBBL,32,32,50,522.0,26100.0
2016-11-22,201611224087059,KBL,20,6,200,550.0,110000.0
2016-11-22,201611224087058,KBL,10,6,1000,552.0,552000.0
2016-11-22,201611224087057,KBL,34,6,100,554.0,55400.0
2016-11-22,201611224087056,KBL,36,6,150,555.0,83250.0
2016-11-22,201611224087055,KBL,45,6,50,555.0,27750.0
2016-11-22,201611224087006,KBL,10,28,14,555.0,7770.0
2016-11-22,201611224086724,KBL,52,54,500,560.0,280000.0
2016-11-22,201611224086723,KBL,47,54,100,560.0,56000.0
2016-11-22,201611224086722,KBL,38,54,400,560.0,224000.0
2016-11-22,201611224086721,KBL,45,54,200,560.0,112000.0
2016-11-22,201611224086656,KBL,1,14,200,561.0,112200.0
2016-11-22,201611224086655,KBL,1,14,50,561.0,28050.0
2016-11-22,201611224086913,KBL,5,14,50,560.0,28000.0
2016-11-22,201611224086859,KBL,5,25,100,560.0,56000.0
2016-11-22,201611224086728,KBL,5,54,50,560.0,28000.0
2016-11-22,201611224086727,KBL,49,54,100,560.0,56000.0
2016-11-22,201611224086726,KBL,49,54,100,560.0,56000.0
2016-11-22,201611224086725,KBL,14,54,50,560.0,28000.0
2016-11-22,201611224086919,KBL,29,14,300,558.0,167400.0
2016-11-22,201611224086918,KBL,43,14,100,558.0,55800.0
2016-11-22,201611224086917,KBL,58,14,500,558.0,279000.0
2016-11-22,201611224086916,KBL,48,14,50,560.0,28000.0
2016-11-22,201611224086915,KBL,8,14,100,560.0,56000.0
2016-11-22,201611224086914,KBL,1,14,100,560.0,56000.0
2016-11-22,201611224086976,KBL,37,47,200,556.0,111200.0
2016-11-22,201611224086975,KBL,7,47,500,556.0,278000.0
2016-11-22,201611224086974,KBL,13,47,200,557.0,111400.0
2016-11-22,201611224086967,KBL,32,14,55,560.0,30800.0
2016-11-22,201611224086921,KBL,13,14,650,557.0,362050.0
2016-11-22,201611224086920,KBL,1,14,50,557.0,27850.0
2016-11-22,201611224087001,KBL,10,28,950,555.0,527250.0
2016-11-22,201611224087000,KBL,32,28,40,557.0,22280.0
2016-11-22,201611224086980,KBL,10,47,600,555.0,333000.0
2016-11-22,201611224086979,KBL,14,47,200,556.0,111200.0
2016-11-22,201611224086978,KBL,1,47,100,556.0,55600.0
2016-11-22,201611224086977,KBL,57,47,200,556.0,111200.0
2016-11-22,201611224087083,KMFL,18,59,10,3752.0,37520.0
2016-11-22,201611224087070,KMFL,18,59,10,3752.0,37520.0
2016-11-22,201611224087054,KMFL,59,59,10,3751.0,37510.0
2016-11-22,201611224087044,KMFL,59,59,10,3751.0,37510.0
2016-11-22,201611224087032,KMFL,59,59,10,3751.0,37510.0
2016-11-22,201611224087021,KMFL,5,18,10,3784.0,37840.0
2016-11-22,201611224086747,KMFL,18,59,10,3710.0,37100.0
2016-11-22,201611224086733,KMFL,18,59,10,3710.0,37100.0
2016-11-22,201611224086732,KMFL,18,59,10,3710.0,37100.0
2016-11-22,201611224086731,KMFL,18,59,10,3710.0,37100.0
2016-11-22,201611224086799,KMFL,18,59,10,3710.0,37100.0
2016-11-22,201611224086794,KMFL,18,59,10,3710.0,37100.0
2016-11-22,201611224086788,KMFL,18,59,10,3710.0,37100.0
2016-11-22,201611224086786,KMFL,18,59,10,3710.0,37100.0
2016-11-22,201611224086785,KMFL,18,59,10,3710.0,37100.0
2016-11-22,201611224086784,KMFL,18,59,10,3710.0,37100.0
2016-11-22,201611224087013,KMFL,59,59,10,3751.0,37510.0
2016-11-22,201611224087003,KMFL,59,59,10,3751.0,37510.0
2016-11-22,201611224086983,KMFL,59,59,10,3751.0,37510.0
2016-11-22,201611224086929,KMFL,59,59,10,3751.0,37510.0
2016-11-22,201611224086816,KMFL,55,59,10,3710.0,37100.0
2016-11-22,201611224086811,KMFL,55,18,10,3733.0,37330.0
2016-11-22,201611224087067,KNBL,5,17,30,632.0,18960.0
2016-11-22,201611224087041,LBL,49,49,617,765.0,472005.0
2016-11-22,201611224086958,LBL,49,40,260,765.0,198900.0
2016-11-22,201611224086957,LBL,45,40,200,765.0,153000.0
2016-11-22,201611224086956,LBL,51,40,100,765.0,76500.0
2016-11-22,201611224086955,LBL,57,40,100,765.0,76500.0
2016-11-22,201611224086954,LBL,26,40,500,766.0,383000.0
2016-11-22,201611224086953,LBL,10,40,80,766.0,61280.0
2016-11-22,201611224086952,LBL,11,40,100,768.0,76800.0
2016-11-22,201611224086951,LBL,53,40,60,768.0,46080.0
2016-11-22,201611224086950,LBL,17,40,100,769.0,76900.0
2016-11-22,201611224086909,LGIL,29,7,100,1621.0,162100.0
2016-11-22,201611224086703,LGIL,14,7,92,1622.0,149224.0
2016-11-22,201611224086757,LICN,58,28,20,2938.0,58760.0
2016-11-22,201611224086739,LICN,8,28,100,2941.0,294100.0
2016-11-22,201611224086738,LICN,58,28,50,2942.0,147100.0
2016-11-22,201611224086737,LICN,54,28,100,2950.0,295000.0
2016-11-22,201611224086736,LICN,22,28,100,2955.0,295500.0
2016-11-22,201611224086735,LICN,58,28,50,2956.0,147800.0
2016-11-22,201611224086629,LICN,35,5,100,2957.0,295700.0
2016-11-22,201611224087112,LLBS,25,40,100,1242.0,124200.0
2016-11-22,201611224087114,MBL,22,35,30,494.0,14820.0
2016-11-22,201611224087034,MEGA,49,32,35,451.0,15785.0
2016-11-22,201611224086820,MEGA,17,32,35,451.0,15785.0
2016-11-22,201611224086819,MEGA,17,42,60,450.0,27000.0
2016-11-22,201611224087033,MIDBL,47,22,501,537.0,269037.0
2016-11-22,201611224086654,MNBBL,33,32,30,900.0,27000.0
2016-11-22,201611224086868,MSMBS,38,56,30,805.0,24150.0
2016-11-22,201611224086867,MSMBS,18,56,30,805.0,24150.0
2016-11-22,201611224086866,MSMBS,22,56,30,805.0,24150.0
2016-11-22,201611224087036,NABIL,26,7,52,1620.0,84240.0
2016-11-22,201611224086783,NABIL,45,45,42,1620.0,68040.0
2016-11-22,201611224086686,NABIL,32,42,107,1620.0,173340.0
2016-11-22,201611224086665,NABIL,32,42,880,1620.0,1425600.0
2016-11-22,201611224086664,NABIL,5,42,30,1620.0,48600.0
2016-11-22,201611224086663,NABIL,51,42,20,1625.0,32500.0
2016-11-22,201611224086662,NABIL,41,42,100,1625.0,162500.0
2016-11-22,201611224086661,NABIL,41,42,20,1630.0,32600.0
2016-11-22,201611224086660,NABIL,22,42,10,1630.0,16300.0
2016-11-22,201611224086659,NABIL,19,42,110,1630.0,179300.0
2016-11-22,201611224086658,NABIL,13,42,200,1631.0,326200.0
2016-11-22,201611224086657,NABIL,32,42,30,1632.0,48960.0
2016-11-22,201611224086999,NBB,43,16,100,755.0,75500.0
2016-11-22,201611224086998,NBB,6,16,200,755.0,151000.0
2016-11-22,201611224086997,NBB,32,16,100,755.0,75500.0
2016-11-22,201611224086996,NBB,41,16,100,755.0,75500.0
2016-11-22,201611224086995,NBB,55,16,30,755.0,22650.0
2016-11-22,201611224086994,NBB,43,16,100,755.0,75500.0
2016-11-22,201611224086850,NBB,36,47,400,759.0,303600.0
2016-11-22,201611224086849,NBB,5,47,100,759.0,75900.0
2016-11-22,201611224086993,NBB,37,16,100,755.0,75500.0
2016-11-22,201611224086992,NBB,40,16,200,755.0,151000.0
2016-11-22,201611224086991,NBB,34,16,200,756.0,151200.0
2016-11-22,201611224086990,NBB,43,16,200,757.0,151400.0
2016-11-22,201611224086989,NBB,34,16,500,758.0,379000.0
2016-11-22,201611224086988,NBB,36,16,100,759.0,75900.0
2016-11-22,201611224087097,NBL,29,21,50,440.0,22000.0
2016-11-22,201611224086922,NBL,6,21,100,440.0,44000.0
2016-11-22,201611224086822,NBL,48,35,100,440.0,44000.0
2016-11-22,201611224086691,NBL,56,35,900,440.0,396000.0
2016-11-22,201611224086683,NBL,56,21,100,440.0,44000.0
2016-11-22,201611224086682,NBL,19,21,50,440.0,22000.0
2016-11-22,201611224086668,NBL,11,21,350,441.0,154350.0
2016-11-22,201611224086720,NCDB,18,56,20,369.0,7380.0
2016-11-22,201611224086729,NGPL,19,48,10,294.0,2940.0
2016-11-22,201611224087116,NHPC,39,50,400,157.0,62800.0
2016-11-22,201611224087115,NHPC,14,50,100,158.0,15800.0
2016-11-22,201611224087080,NHPC,45,50,300,159.0,47700.0
2016-11-22,201611224087069,NIB,42,34,40,755.0,30200.0
2016-11-22,201611224087066,NIB,25,47,200,741.0,148200.0
2016-11-22,201611224087052,NIB,42,16,26,755.0,19630.0
2016-11-22,201611224087051,NIB,4,47,22,742.0,16324.0
2016-11-22,201611224087012,NIB,42,42,26,746.0,19396.0
2016-11-22,201611224086827,NIB,26,42,32,741.0,23712.0
2016-11-22,201611224086671,NIB,45,16,26,745.0,19370.0
2016-11-22,201611224086666,NIB,45,16,26,745.0,19370.0
2016-11-22,201611224086803,NIB,38,42,460,743.0,341780.0
2016-11-22,201611224086802,NIB,1,42,900,744.0,669600.0
2016-11-22,201611224086801,NIB,37,42,70,744.0,52080.0
2016-11-22,201611224086800,NIB,35,42,50,745.0,37250.0
2016-11-22,201611224086734,NIB,1,16,26,745.0,19370.0
2016-11-22,201611224086706,NIB,1,16,26,745.0,19370.0
2016-11-22,201611224086809,NIB,45,42,1570,740.0,1161800.0
2016-11-22,201611224086808,NIB,7,42,200,740.0,148000.0
2016-11-22,201611224086807,NIB,6,42,100,742.0,74200.0
2016-11-22,201611224086806,NIB,10,42,300,742.0,222600.0
2016-11-22,201611224086805,NIB,22,42,100,742.0,74200.0
2016-11-22,201611224086804,NIB,22,42,50,743.0,37150.0
2016-11-22,201611224087095,NIBPO,34,59,33,667.0,22011.0
2016-11-22,201611224087078,NIBPO,34,59,200,667.0,133400.0
2016-11-22,201611224087077,NIBPO,6,59,200,668.0,133600.0
2016-11-22,201611224087076,NIBPO,6,59,200,668.0,133600.0
2016-11-22,201611224087075,NIBPO,35,59,100,670.0,67000.0
2016-11-22,201611224087074,NIBPO,42,59,300,670.0,201000.0
2016-11-22,201611224087046,NIBPO,34,34,1000,674.0,674000.0
2016-11-22,201611224087020,NICA,42,14,93,540.0,50220.0
2016-11-22,201611224086753,NICA,52,52,18,540.0,9720.0
2016-11-22,201611224086936,NIL,59,46,65,1975.0,128375.0
2016-11-22,201611224087019,NLBBL,52,52,50,1660.0,83000.0
2016-11-22,201611224086817,NLG,47,52,36,1862.0,67032.0
2016-11-22,201611224086798,NLG,8,56,29,1870.0,54230.0
2016-11-22,201611224086796,NLG,1,56,29,1870.0,54230.0
2016-11-22,201611224086791,NLG,8,56,29,1870.0,54230.0
2016-11-22,201611224086790,NLG,1,56,29,1870.0,54230.0
2016-11-22,201611224086787,NLG,8,56,29,1870.0,54230.0
2016-11-22,201611224086782,NLG,8,56,29,1870.0,54230.0
2016-11-22,201611224086772,NLG,8,56,29,1870.0,54230.0
2016-11-22,201611224086770,NLG,8,56,29,1870.0,54230.0
2016-11-22,201611224086768,NLG,8,56,29,1870.0,54230.0
2016-11-22,201611224086746,NLG,8,56,15,1870.0,28050.0
2016-11-22,201611224086698,NLG,33,41,273,1863.0,508599.0
2016-11-22,201611224087096,NLIC,7,58,10,3365.0,33650.0
2016-11-22,201611224087043,NLIC,26,58,250,3365.0,841250.0
2016-11-22,201611224087042,NLIC,28,58,40,3366.0,134640.0
2016-11-22,201611224087031,NLIC,54,58,100,3370.0,337000.0
2016-11-22,201611224087030,NLIC,56,58,200,3371.0,674200.0
2016-11-22,201611224087029,NLIC,37,58,50,3372.0,168600.0
2016-11-22,201611224087028,NLIC,26,58,10,3375.0,33750.0
2016-11-22,201611224087102,NLICL,41,48,23,3350.0,77050.0
2016-11-22,201611224087098,NLICL,57,48,500,3355.0,1677500.0
2016-11-22,201611224087011,NLICL,41,48,260,3350.0,871000.0
2016-11-22,201611224087010,NLICL,5,48,40,3350.0,134000.0
2016-11-22,201611224087009,NLICL,19,48,50,3350.0,167500.0
2016-11-22,201611224087008,NLICL,19,48,50,3350.0,167500.0
2016-11-22,201611224086941,NLICL,46,58,10,3365.0,33650.0
2016-11-22,201611224086938,NLICL,54,35,200,3371.0,674200.0
2016-11-22,201611224086872,NLICL,5,58,10,3374.0,33740.0
2016-11-22,201611224086821,NLICL,38,35,200,3370.0,674000.0
2016-11-22,201611224086815,NLICL,38,6,76,3369.0,256044.0
2016-11-22,201611224087007,NLICL,42,48,100,3352.0,335200.0
2016-11-22,201611224086946,NLICL,21,58,500,3355.0,1677500.0
2016-11-22,201611224086945,NLICL,16,58,1490,3356.0,5000440.0
2016-11-22,201611224086944,NLICL,25,58,100,3357.0,335700.0
2016-11-22,201611224086943,NLICL,39,58,50,3358.0,167900.0
2016-11-22,201611224086942,NLICL,7,58,100,3360.0,336000.0
2016-11-22,201611224087094,NMB,40,49,1180,646.0,762280.0
2016-11-22,201611224086928,NMB,40,47,820,646.0,529720.0
2016-11-22,201611224086927,NMB,34,47,150,646.0,96900.0
2016-11-22,201611224086926,NMB,43,47,500,647.0,323500.0
2016-11-22,201611224086925,NMB,52,47,450,647.0,291150.0
2016-11-22,201611224086924,NMB,56,47,80,648.0,51840.0
2016-11-22,201611224086767,NMB,38,49,50,650.0,32500.0
2016-11-22,201611224086650,NMB,6,49,500,650.0,325000.0
2016-11-22,201611224086649,NMB,59,49,110,650.0,71500.0
2016-11-22,201611224086648,NMB,43,49,100,651.0,65100.0
2016-11-22,201611224086684,NUBL,49,55,300,1395.0,418500.0
2016-11-22,201611224086639,OHL,57,34,10,499.0,4990.0
2016-11-22,201611224086961,PCBL,50,38,18,542.0,9756.0
2016-11-22,201611224086949,PCBL,50,38,110,542.0,59620.0
2016-11-22,201611224086948,PCBL,50,38,200,542.0,108400.0
2016-11-22,201611224086895,PIC,28,28,20,1820.0,36400.0
2016-11-22,201611224086635,PIC,58,35,325,1785.0,580125.0
2016-11-22,201611224086628,PLIC,17,49,200,1980.0,396000.0
2016-11-22,201611224086627,PLIC,47,49,50,1980.0,99000.0
2016-11-22,201611224086626,PLIC,55,49,50,1981.0,99050.0
2016-11-22,201611224086625,PLIC,59,49,170,1985.0,337450.0
2016-11-22,201611224086624,PLIC,13,49,50,1985.0,99250.0
2016-11-22,201611224086623,PLIC,5,49,200,1990.0,398000.0
2016-11-22,201611224086622,PLIC,13,49,50,1990.0,99500.0
2016-11-22,201611224087113,PRIN,59,36,18,1306.0,23508.0
2016-11-22,201611224087086,PRIN,59,36,520,1306.0,679120.0
2016-11-22,201611224087085,PRIN,56,36,200,1307.0,261400.0
2016-11-22,201611224087084,PRIN,28,36,50,1310.0,65500.0
2016-11-22,201611224087100,RBBBL,58,16,13,425.0,5525.0
2016-11-22,201611224087093,RBBBL,51,16,13,425.0,5525.0
2016-11-22,201611224086848,RBCLPO,14,43,20,11080.0,221600.0
2016-11-22,201611224087119,RMDC,19,41,39,679.0,26481.0
2016-11-22,201611224086971,RMDC,19,26,350,679.0,237650.0
2016-11-22,201611224086970,RMDC,39,26,100,680.0,68000.0
2016-11-22,201611224086959,RMDC,16,26,150,685.0,102750.0
2016-11-22,201611224086875,RMDC,39,34,13,685.0,8905.0
2016-11-22,201611224086755,SADBL,5,59,26,400.0,10400.0
2016-11-22,201611224087120,SANIMA,11,50,1000,559.0,559000.0
2016-11-22,201611224087117,SANIMA,47,52,73,558.0,40734.0
2016-11-22,201611224087068,SANIMA,26,19,20,560.0,11200.0
2016-11-22,201611224087015,SANIMA,48,19,100,560.0,56000.0
2016-11-22,201611224087002,SANIMA,42,19,200,560.0,112000.0
2016-11-22,201611224086981,SANIMA,52,52,100,558.0,55800.0
2016-11-22,201611224086937,SANIMA,42,19,100,560.0,56000.0
2016-11-22,201611224086888,SANIMA,26,21,50,560.0,28000.0
2016-11-22,201611224086887,SANIMA,45,21,50,560.0,28000.0
2016-11-22,201611224086702,SANIMA,45,49,130,560.0,72800.0
2016-11-22,201611224086701,SANIMA,10,49,100,562.0,56200.0
2016-11-22,201611224087079,SBI,13,8,100,1498.0,149800.0
2016-11-22,201611224086960,SBI,19,8,100,1498.0,149800.0
2016-11-22,201611224086754,SBI,43,42,29,1495.0,43355.0
2016-11-22,201611224086745,SBI,55,42,200,1495.0,299000.0
2016-11-22,201611224086744,SBI,41,42,50,1496.0,74800.0
2016-11-22,201611224086743,SBI,56,42,500,1496.0,748000.0
2016-11-22,201611224086742,SBI,16,42,140,1497.0,209580.0
2016-11-22,201611224086741,SBI,19,42,200,1500.0,300000.0
2016-11-22,201611224086740,SBI,57,42,110,1500.0,165000.0
2016-11-22,201611224087104,SBL,22,28,30,1005.0,30150.0
2016-11-22,201611224087053,SBL,51,28,150,1005.0,150750.0
2016-11-22,201611224086896,SBL,6,52,110,1005.0,110550.0
2016-11-22,201611224086846,SBL,11,52,100,1005.0,100500.0
2016-11-22,201611224086845,SBL,36,52,240,1005.0,241200.0
2016-11-22,201611224086844,SBL,33,52,50,1005.0,50250.0
2016-11-22,201611224086692,SBL,14,42,100,1005.0,100500.0
2016-11-22,201611224086766,SBL,49,29,50,1010.0,50500.0
2016-11-22,201611224086697,SBL,33,42,150,1005.0,150750.0
2016-11-22,201611224086696,SBL,34,42,500,1005.0,502500.0
2016-11-22,201611224086695,SBL,36,42,50,1005.0,50250.0
2016-11-22,201611224086694,SBL,41,42,50,1005.0,50250.0
2016-11-22,201611224086693,SBL,6,42,150,1005.0,150750.0
2016-11-22,201611224087040,SCB,45,40,50,2890.0,144500.0
2016-11-22,201611224086832,SCB,6,14,110,2890.0,317900.0
2016-11-22,201611224087060,SDBL,5,19,493,467.0,230231.0
2016-11-22,201611224087049,SDBL,5,11,20,468.0,9360.0
2016-11-22,201611224086910,SDBL,29,44,18,467.0,8406.0
2016-11-22,201611224086904,SDBL,34,44,50,466.0,23300.0
2016-11-22,201611224086903,SDBL,17,44,100,466.0,46600.0
2016-11-22,201611224086818,SDBL,35,21,240,468.0,112320.0
2016-11-22,201611224086810,SDBL,38,21,110,468.0,51480.0
2016-11-22,201611224086752,SDBL,5,26,50,467.0,23350.0
2016-11-22,201611224086730,SDBL,43,21,500,468.0,234000.0
2016-11-22,201611224086861,SDBL,35,11,160,468.0,74880.0
2016-11-22,201611224086860,SDBL,38,11,100,469.0,46900.0
2016-11-22,201611224086902,SDBL,35,44,100,467.0,46700.0
2016-11-22,201611224086901,SDBL,26,44,50,467.0,23350.0
2016-11-22,201611224086900,SDBL,42,44,100,467.0,46700.0
2016-11-22,201611224086899,SDBL,42,44,100,467.0,46700.0
2016-11-22,201611224086894,SDBL,38,11,100,468.0,46800.0
2016-11-22,201611224086792,SETI,25,48,85,222.0,18870.0
2016-11-22,201611224086638,SEWA,19,34,312,316.0,98592.0
2016-11-22,201611224087062,SHINE,41,37,120,515.0,61800.0
2016-11-22,201611224087061,SHINE,11,37,100,515.0,51500.0
2016-11-22,201611224086771,SHL,28,16,219,385.0,84315.0
2016-11-22,201611224086765,SHL,28,16,2500,385.0,962500.0
2016-11-22,201611224086764,SHL,34,16,500,386.0,193000.0
2016-11-22,201611224086763,SHL,17,16,500,386.0,193000.0
2016-11-22,201611224086762,SHL,22,16,200,386.0,77200.0
2016-11-22,201611224086761,SHL,45,16,100,387.0,38700.0
2016-11-22,201611224086760,SHL,29,16,100,387.0,38700.0
2016-11-22,201611224086759,SHL,17,16,100,387.0,38700.0
2016-11-22,201611224086830,SHPC,19,55,200,840.0,168000.0
2016-11-22,201611224087045,SIC,42,48,100,2010.0,201000.0
2016-11-22,201611224086828,SIC,59,5,369,1976.0,729144.0
2016-11-22,201611224087017,SICL,56,17,100,3825.0,382500.0
2016-11-22,201611224087016,SICL,56,10,500,3819.0,1909500.0
2016-11-22,201611224087005,SICL,56,14,500,3800.0,1900000.0
2016-11-22,201611224086911,SICL,14,50,200,3801.0,760200.0
2016-11-22,201611224086876,SICL,14,14,28,3797.0,106316.0
2016-11-22,201611224086865,SICL,22,14,28,3798.0,106344.0
2016-11-22,201611224086712,SICL,56,14,10,3801.0,38010.0
2016-11-22,201611224086711,SICL,56,14,20,3805.0,76100.0
2016-11-22,201611224086857,SICL,22,59,50,3798.0,189900.0
2016-11-22,201611224086795,SICL,58,50,230,3800.0,874000.0
2016-11-22,201611224086716,SICL,58,14,70,3800.0,266000.0
2016-11-22,201611224086715,SICL,1,14,100,3800.0,380000.0
2016-11-22,201611224086714,SICL,34,14,50,3800.0,190000.0
2016-11-22,201611224086713,SICL,51,14,50,3801.0,190050.0
2016-11-22,201611224087087,SKBBL,21,48,28,1472.0,41216.0
2016-11-22,201611224086823,SKBBL,37,7,100,1482.0,148200.0
2016-11-22,201611224086829,SKBBL,44,7,44,1481.0,65164.0
2016-11-22,201611224086826,SKBBL,44,7,100,1481.0,148100.0
2016-11-22,201611224086825,SKBBL,25,7,100,1482.0,148200.0
2016-11-22,201611224086824,SKBBL,25,7,100,1482.0,148200.0
2016-11-22,201611224086871,SKBBL,49,52,50,1480.0,74000.0
2016-11-22,201611224086717,SLICL,25,49,13,830.0,10790.0
2016-11-22,201611224086700,SLICL,25,49,40,830.0,33200.0
2016-11-22,201611224086699,SLICL,17,49,30,840.0,25200.0
2016-11-22,201611224087107,SRBL,1,6,250,491.0,122750.0
2016-11-22,201611224087106,SRBL,16,6,150,491.0,73650.0
2016-11-22,201611224087105,SRBL,26,6,100,492.0,49200.0
2016-11-22,201611224087063,SRBL,13,38,64,493.0,31552.0
2016-11-22,201611224086681,SRBL,1,14,53,493.0,26129.0
2016-11-22,201611224086679,SRBL,1,14,570,493.0,281010.0
2016-11-22,201611224086678,SRBL,8,14,200,493.0,98600.0
2016-11-22,201611224086677,SRBL,56,14,900,494.0,444600.0
2016-11-22,201611224086676,SRBL,56,14,400,494.0,197600.0
2016-11-22,201611224086675,SRBL,49,14,150,495.0,74250.0
2016-11-22,201611224086674,SRBL,19,14,30,496.0,14880.0
2016-11-22,201611224086673,SRBL,50,14,50,496.0,24800.0
2016-11-22,201611224087065,UIC,48,6,50,1275.0,63750.0
2016-11-22,201611224087064,UIC,45,6,50,1275.0,63750.0
2016-11-22,201611224087048,UIC,22,6,150,1276.0,191400.0
2016-11-22,201611224087047,UIC,25,6,250,1276.0,319000.0
2016-11-22,201611224086667,UIC,57,45,500,1276.0,638000.0
2016-11-22,201611224087039,VSDBL,11,35,610,194.0,118340.0
2016-11-22,201611224087038,VSDBL,1,35,60,194.0,11640.0
2016-11-22,201611224086653,VSDBL,11,1,50,196.0,9800.0
2016-11-22,201611224086652,VSDBL,38,1,50,196.0,9800.0
2016-11-22,201611224086833,VSDBL,11,42,100,194.0,19400.0
2016-11-22,201611224087037,VSDBL,36,35,50,195.0,9750.0
2016-11-22,201611224086891,YETI,13,52,500,296.0,148000.0
2016-11-22,201611224086890,YETI,22,52,100,296.0,29600.0
2016-11-22,201611224086213,BARUN,13,49,10,341.0,3410.0
2016-11-22,201611224086203,BARUN,13,49,10,341.0,3410.0
2016-11-22,201611224086175,BARUN,13,5,20,341.0,6820.0
2016-11-22,201611224086174,BARUN,43,5,20,345.0,6900.0
2016-11-22,201611224086173,BARUN,45,5,30,347.0,10410.0
2016-11-22,201611224086426,BHBL,44,42,400,510.0,204000.0
2016-11-22,201611224086172,BHBL,1,42,200,510.0,102000.0
2016-11-22,201611224086171,BHBL,1,6,400,508.0,203200.0
2016-11-22,201611224086544,BOKL,42,40,70,648.0,45360.0
2016-11-22,201611224086526,BOKL,49,40,60,648.0,38880.0
2016-11-22,201611224086455,BOKL,34,40,170,648.0,110160.0
2016-11-22,201611224086454,BOKL,34,34,230,648.0,149040.0
2016-11-22,201611224086453,BOKL,34,25,100,648.0,64800.0
2016-11-22,201611224086365,BOKL,43,52,252,645.0,162540.0
2016-11-22,201611224086253,BOKL,4,25,1000,647.0,647000.0
2016-11-22,201611224086211,BOKL,6,25,50,648.0,32400.0
2016-11-22,201611224086158,BOKL,49,51,119,646.0,76874.0
2016-11-22,201611224086259,BOKL,41,25,50,645.0,32250.0
2016-11-22,201611224086258,BOKL,58,25,200,645.0,129000.0
2016-11-22,201611224086257,BOKL,37,25,500,646.0,323000.0
2016-11-22,201611224086256,BOKL,29,25,100,646.0,64600.0
2016-11-22,201611224086255,BOKL,45,25,50,646.0,32300.0
2016-11-22,201611224086254,BOKL,45,25,100,646.0,64600.0
2016-11-22,201611224086405,CBBL,11,42,30,1871.0,56130.0
2016-11-22,201611224086206,CBBL,6,42,50,1871.0,93550.0
2016-11-22,201611224086200,CBBL,37,42,40,1871.0,74840.0
2016-11-22,201611224086190,CBBL,6,42,80,1871.0,149680.0
2016-11-22,201611224086162,CBBL,41,41,202,1865.0,376730.0
2016-11-22,201611224086621,CBL,29,42,41,274.0,11234.0
2016-11-22,201611224086546,CBL,49,50,80,275.0,22000.0
2016-11-22,201611224086510,CBL,44,42,640,273.0,174720.0
2016-11-22,201611224086509,CBL,1,42,10,273.0,2730.0
2016-11-22,201611224086508,CBL,6,42,30,273.0,8190.0
2016-11-22,201611224086507,CBL,37,42,1100,274.0,301400.0
2016-11-22,201611224086329,CBL,11,40,373,275.0,102575.0
2016-11-22,201611224086325,CBL,38,1,35,276.0,9660.0
2016-11-22,201611224086139,CBL,8,28,100,276.0,27600.0
2016-11-22,201611224086138,CBL,43,28,100,277.0,27700.0
2016-11-22,201611224086122,CBL,43,50,10,278.0,2780.0
2016-11-22,201611224086345,CBL,38,43,153,275.0,42075.0
2016-11-22,201611224086338,CBL,38,43,480,275.0,132000.0
2016-11-22,201611224086337,CBL,8,43,320,275.0,88000.0
2016-11-22,201611224086336,CBL,8,52,180,275.0,49500.0
2016-11-22,201611224086335,CBL,41,52,500,275.0,137500.0
2016-11-22,201611224086334,CBL,21,52,20,275.0,5500.0
2016-11-22,201611224086401,CBL,11,22,130,275.0,35750.0
2016-11-22,201611224086400,CBL,38,22,20,275.0,5500.0
2016-11-22,201611224086362,CBL,20,43,153,275.0,42075.0
2016-11-22,201611224086353,CBL,25,6,16,275.0,4400.0
2016-11-22,201611224086349,CBL,57,43,153,275.0,42075.0
2016-11-22,201611224086347,CBL,58,52,47,275.0,12925.0
2016-11-22,201611224086506,CBL,39,42,100,274.0,27400.0
2016-11-22,201611224086505,CBL,5,42,290,274.0,79460.0
2016-11-22,201611224086504,CBL,5,42,980,274.0,268520.0
2016-11-22,201611224086503,CBL,41,42,100,275.0,27500.0
2016-11-22,201611224086502,CBL,59,42,150,275.0,41250.0
2016-11-22,201611224086402,CBL,59,22,350,275.0,96250.0
2016-11-22,201611224086497,CCBL,56,42,114,375.0,42750.0
2016-11-22,201611224086368,CCBL,56,34,42,375.0,15750.0
2016-11-22,201611224086152,CCBL,59,56,1000,375.0,375000.0
2016-11-22,201611224086151,CCBL,54,56,30,375.0,11250.0
2016-11-22,201611224086150,CCBL,8,56,100,375.0,37500.0
2016-11-22,201611224086149,CCBL,40,56,100,375.0,37500.0
2016-11-22,201611224086148,CCBL,41,56,200,375.0,75000.0
2016-11-22,201611224086147,CCBL,52,56,100,375.0,37500.0
2016-11-22,201611224086153,CCBL,51,56,1000,374.0,374000.0
2016-11-22,201611224086488,CHCL,53,14,100,1083.0,108300.0
2016-11-22,201611224086379,CHCL,13,36,70,1082.0,75740.0
2016-11-22,201611224086378,CHCL,39,36,20,1090.0,21800.0
2016-11-22,201611224086376,CHCL,39,36,180,1083.0,194940.0
2016-11-22,201611224086364,CHCL,22,36,200,1083.0,216600.0
2016-11-22,201611224086358,CHCL,22,36,400,1083.0,433200.0
2016-11-22,201611224086330,CHCL,22,21,100,1083.0,108300.0
2016-11-22,201611224086619,CZBIL,11,50,10,493.0,4930.0
2016-11-22,201611224086618,CZBIL,41,50,50,494.0,24700.0
2016-11-22,201611224086519,CZBIL,41,49,61,494.0,30134.0
2016-11-22,201611224086467,CZBIL,45,38,200,494.0,98800.0
2016-11-22,201611224086466,CZBIL,41,50,50,494.0,24700.0
2016-11-22,201611224086371,CZBIL,11,6,50,493.0,24650.0
2016-11-22,201611224086355,CZBIL,50,45,100,493.0,49300.0
2016-11-22,201611224086217,CZBIL,19,50,20,494.0,9880.0
2016-11-22,201611224086123,CZBIL,22,47,138,494.0,68172.0
2016-11-22,201611224086436,DBBL,40,33,117,324.0,37908.0
2016-11-22,201611224086565,EBL,35,19,50,3465.0,173250.0
2016-11-22,201611224086564,EBL,38,19,60,3465.0,207900.0
2016-11-22,201611224086552,EBL,16,19,10,3466.0,34660.0
2016-11-22,201611224086142,EBL,56,6,10,3469.0,34690.0
2016-11-22,201611224086170,EBL,41,6,10,3470.0,34700.0
2016-11-22,201611224086169,EBL,41,6,40,3469.0,138760.0
2016-11-22,201611224086275,EBL,38,43,90,3465.0,311850.0
2016-11-22,201611224086274,EBL,22,43,100,3466.0,346600.0
2016-11-22,201611224086273,EBL,22,43,110,3466.0,381260.0
2016-11-22,201611224086272,EBL,32,43,50,3466.0,173300.0
2016-11-22,201611224086452,EBL,7,6,29,3470.0,100630.0
2016-11-22,201611224086451,EBL,7,6,40,3470.0,138800.0
2016-11-22,201611224086350,EBL,39,6,38,3466.0,131708.0
2016-11-22,201611224086333,EBL,38,45,50,3465.0,173250.0
2016-11-22,201611224086549,EBL,16,14,90,3466.0,311940.0
2016-11-22,201611224086542,EBL,36,19,100,3467.0,346700.0
2016-11-22,201611224086540,EBL,11,19,100,3467.0,346700.0
2016-11-22,201611224086538,EBL,54,19,100,3467.0,346700.0
2016-11-22,201611224086528,EBL,11,36,20,3470.0,69400.0
2016-11-22,201611224086468,EBL,7,6,29,3470.0,100630.0
2016-11-22,201611224086594,GBBL,1,46,1000,397.0,397000.0
2016-11-22,201611224086593,GBBL,48,46,120,397.0,47640.0
2016-11-22,201611224086592,GBBL,14,46,70,397.0,27790.0
2016-11-22,201611224086430,GBBL,5,22,100,397.0,39700.0
2016-11-22,201611224086429,GBBL,32,22,100,397.0,39700.0
2016-11-22,201611224086324,GBBL,32,5,45,398.0,17910.0
2016-11-22,201611224086233,GBBL,32,6,56,398.0,22288.0
2016-11-22,201611224086232,GBBL,32,37,200,398.0,79600.0
2016-11-22,201611224086231,GBBL,32,40,1000,398.0,398000.0
2016-11-22,201611224086127,GBBL,45,37,200,398.0,79600.0
2016-11-22,201611224086487,GBIME,43,21,200,448.0,89600.0
2016-11-22,201611224086411,GBIME,43,52,50,448.0,22400.0
2016-11-22,201611224086410,GBIME,49,52,900,449.0,404100.0
2016-11-22,201611224086409,GBIME,59,52,50,452.0,22600.0
2016-11-22,201611224086356,GBIME,1,13,920,450.0,414000.0
2016-11-22,201611224086198,GBIME,1,46,80,450.0,36000.0
2016-11-22,201611224086197,GBIME,45,46,100,451.0,45100.0
2016-11-22,201611224086210,GIMES1,22,17,5000,11.2,56000.0
2016-11-22,201611224086606,GLICL,50,49,90,777.0,69930.0
2016-11-22,201611224086525,GLICL,18,49,200,778.0,155600.0
2016-11-22,201611224086524,GLICL,39,49,50,779.0,38950.0
2016-11-22,201611224086523,GLICL,36,49,60,780.0,46800.0
2016-11-22,201611224086608,HBL,45,57,100,1199.0,119900.0
2016-11-22,201611224086425,HBL,25,42,100,1200.0,120000.0
2016-11-22,201611224086424,HBL,25,42,100,1200.0,120000.0
2016-11-22,201611224086423,HBL,42,42,50,1200.0,60000.0
2016-11-22,201611224086422,HBL,42,42,50,1200.0,60000.0
2016-11-22,201611224086421,HBL,29,42,200,1200.0,240000.0
2016-11-22,201611224086414,HBL,28,42,50,1202.0,60100.0
2016-11-22,201611224086204,HBL,43,43,835,1202.0,1003670.0
2016-11-22,201611224086140,HBL,43,43,147,1202.0,176694.0
2016-11-22,201611224086131,HBL,43,43,200,1202.0,240400.0
2016-11-22,201611224086420,HBL,52,42,100,1200.0,120000.0
2016-11-22,201611224086419,HBL,43,42,100,1200.0,120000.0
2016-11-22,201611224086418,HBL,45,42,50,1200.0,60000.0
2016-11-22,201611224086417,HBL,44,42,70,1200.0,84000.0
2016-11-22,201611224086416,HBL,50,42,150,1201.0,180150.0
2016-11-22,201611224086415,HBL,58,42,30,1201.0,36030.0
2016-11-22,201611224086501,HGI,21,35,290,1680.0,487200.0
2016-11-22,201611224086500,HGI,49,35,200,1680.0,336000.0
2016-11-22,201611224086499,HGI,19,35,10,1681.0,16810.0
2016-11-22,201611224086458,HGI,19,6,40,1681.0,67240.0
2016-11-22,201611224086445,HGI,37,50,200,1682.0,336400.0
2016-11-22,201611224086215,HGI,37,55,100,1682.0,168200.0
2016-11-22,201611224086154,HGI,59,35,100,1695.0,169500.0
2016-11-22,201611224086547,HIDCL,26,55,56,272.0,15232.0
2016-11-22,201611224086527,HIDCL,45,55,56,272.0,15232.0
2016-11-22,201611224086492,HIDCL,49,45,56,274.0,15344.0
2016-11-22,201611224086484,HIDCL,49,6,56,274.0,15344.0
2016-11-22,201611224086446,HIDCL,38,55,56,272.0,15232.0
2016-11-22,201611224086163,HIDCL,55,37,145,275.0,39875.0
2016-11-22,201611224086161,HIDCL,38,49,56,272.0,15232.0
2016-11-22,201611224086143,HIDCL,45,7,17,271.0,4607.0
2016-11-22,201611224086141,HIDCL,55,7,18,272.0,4896.0
2016-11-22,201611224086125,HIDCL,45,49,56,272.0,15232.0
2016-11-22,201611224086427,HIDCL,36,55,56,272.0,15232.0
2016-11-22,201611224086332,HIDCL,45,55,56,273.0,15288.0
2016-11-22,201611224086207,HIDCL,55,55,56,278.0,15568.0
2016-11-22,201611224086199,HIDCL,55,42,55,275.0,15125.0
2016-11-22,201611224086192,HIDCL,55,49,56,272.0,15232.0
2016-11-22,201611224086607,ILFCM,22,39,10,720.0,7200.0
2016-11-22,201611224086583,ILFCM,22,39,10,720.0,7200.0
2016-11-22,201611224086590,JBBL,41,55,163,328.0,53464.0
2016-11-22,201611224086382,JBBL,41,58,150,328.0,49200.0
2016-11-22,201611224086381,JBBL,38,58,50,330.0,16500.0
2016-11-22,201611224086380,JBBL,11,58,200,330.0,66000.0
2016-11-22,201611224086442,KBBL,32,32,210,520.0,109200.0
2016-11-22,201611224086441,KBBL,32,32,300,521.0,156300.0
2016-11-22,201611224086440,KBBL,38,32,100,526.0,52600.0
2016-11-22,201611224086439,KBBL,1,32,90,527.0,47430.0
2016-11-22,201611224086438,KBBL,46,32,300,528.0,158400.0
2016-11-22,201611224086589,KBL,8,8,343,561.0,192423.0
2016-11-22,201611224086585,KBL,49,56,50,564.0,28200.0
2016-11-22,201611224086545,KBL,34,48,17,561.0,9537.0
2016-11-22,201611224086537,KBL,34,48,390,561.0,218790.0
2016-11-22,201611224086536,KBL,25,48,50,561.0,28050.0
2016-11-22,201611224086535,KBL,34,48,1000,562.0,562000.0
2016-11-22,201611224086328,KBL,7,25,200,565.0,113000.0
2016-11-22,201611224086327,KBL,7,42,340,565.0,192100.0
2016-11-22,201611224086237,KBL,49,42,100,565.0,56500.0
2016-11-22,201611224086534,KBL,26,48,100,562.0,56200.0
2016-11-22,201611224086533,KBL,19,48,50,563.0,28150.0
2016-11-22,201611224086532,KBL,19,48,50,563.0,28150.0
2016-11-22,201611224086531,KBL,19,48,50,563.0,28150.0
2016-11-22,201611224086404,KBL,19,56,20,564.0,11280.0
2016-11-22,201611224086369,KBL,20,45,145,563.0,81635.0
2016-11-22,201611224086620,KNBL,51,17,50,630.0,31500.0
2016-11-22,201611224086517,KNBL,17,17,30,630.0,18900.0
2016-11-22,201611224086226,KNBL,34,42,130,622.0,80860.0
2016-11-22,201611224086160,KNBL,34,42,300,622.0,186600.0
2016-11-22,201611224086443,LBL,45,18,100,770.0,77000.0
2016-11-22,201611224086219,LBL,1,19,70,775.0,54250.0
2016-11-22,201611224086514,LGIL,29,35,100,1630.0,163000.0
2016-11-22,201611224086450,LGIL,59,7,1200,1628.0,1953600.0
2016-11-22,201611224086584,LLBS,11,37,100,1242.0,124200.0
2016-11-22,201611224086522,LLBS,11,45,300,1242.0,372600.0
2016-11-22,201611224086472,LLBS,57,45,11,1245.0,13695.0
2016-11-22,201611224086575,MBL,42,14,258,490.0,126420.0
2016-11-22,201611224086475,MBL,17,33,382,490.0,187180.0
2016-11-22,201611224086428,MBL,25,26,100,491.0,49100.0
2016-11-22,201611224086398,MBL,25,40,200,491.0,98200.0
2016-11-22,201611224086397,MBL,47,40,200,492.0,98400.0
2016-11-22,201611224086396,MBL,37,40,100,493.0,49300.0
2016-11-22,201611224086296,MBL,38,35,50,494.0,24700.0
2016-11-22,201611224086271,MBL,46,35,300,494.0,148200.0
2016-11-22,201611224086595,MEGA,17,42,100,450.0,45000.0
2016-11-22,201611224086539,MEGA,52,42,120,450.0,54000.0
2016-11-22,201611224086286,MEGA,5,40,100,448.0,44800.0
2016-11-22,201611224086285,MEGA,5,40,100,448.0,44800.0
2016-11-22,201611224086284,MEGA,26,40,200,448.0,89600.0
2016-11-22,201611224086283,MEGA,21,40,100,449.0,44900.0
2016-11-22,201611224086279,MIDBL,47,22,90,537.0,48330.0
2016-11-22,201611224086278,MIDBL,38,22,10,537.0,5370.0
2016-11-22,201611224086277,MIDBL,37,22,100,538.0,53800.0
2016-11-22,201611224086456,MNBBL,33,47,20,900.0,18000.0
2016-11-22,201611224086235,MNBBL,36,43,200,900.0,180000.0
2016-11-22,201611224086234,MNBBL,36,29,100,900.0,90000.0
2016-11-22,201611224086569,NABIL,17,50,250,1633.0,408250.0
2016-11-22,201611224086588,NABILP,28,14,100,1183.0,118300.0
2016-11-22,201611224086587,NABILP,17,14,100,1183.0,118300.0
2016-11-22,201611224086586,NABILP,19,14,100,1184.0,118400.0
2016-11-22,201611224086307,NABILP,14,16,50,1187.0,59350.0
2016-11-22,201611224086309,NABILP,8,16,400,1185.0,474000.0
2016-11-22,201611224086308,NABILP,11,16,100,1185.0,118500.0
2016-11-22,201611224086568,NBB,11,16,100,760.0,76000.0
2016-11-22,201611224086567,NBB,49,16,100,760.0,76000.0
2016-11-22,201611224086550,NBB,11,21,200,763.0,152600.0
2016-11-22,201611224086394,NBB,7,21,200,763.0,152600.0
2016-11-22,201611224086223,NBB,45,1,50,760.0,38000.0
2016-11-22,201611224086222,NBB,5,1,100,760.0,76000.0
2016-11-22,201611224086221,NBB,5,1,20,760.0,15200.0
2016-11-22,201611224086220,NBB,41,1,200,760.0,152000.0
2016-11-22,201611224086156,NBB,16,16,500,761.0,380500.0
2016-11-22,201611224086290,NBB,33,17,60,760.0,45600.0
2016-11-22,201611224086289,NBB,11,17,200,760.0,152000.0
2016-11-22,201611224086288,NBB,19,17,10,760.0,7600.0
2016-11-22,201611224086287,NBB,13,17,30,760.0,22800.0
2016-11-22,201611224086224,NBB,13,1,130,760.0,98800.0
2016-11-22,201611224086511,NBL,34,35,1000,441.0,441000.0
2016-11-22,201611224086323,NBL,34,35,1000,442.0,442000.0
2016-11-22,201611224086252,NBL,55,35,1000,442.0,442000.0
2016-11-22,201611224086312,NCDB,18,56,20,376.0,7520.0
2016-11-22,201611224086178,NCDB,18,56,20,383.0,7660.0
2016-11-22,201611224086582,NIB,29,41,20,745.0,14900.0
2016-11-22,201611224086581,NIB,29,41,30,745.0,22350.0
2016-11-22,201611224086576,NIB,21,41,50,745.0,37250.0
2016-11-22,201611224086529,NIB,1,41,100,745.0,74500.0
2016-11-22,201611224086465,NIB,38,6,20,743.0,14860.0
2016-11-22,201611224086346,NIB,38,6,20,743.0,14860.0
2016-11-22,201611224086201,NIB,6,16,26,747.0,19422.0
2016-11-22,201611224086191,NIB,58,16,26,748.0,19448.0
2016-11-22,201611224086176,NIB,37,16,26,749.0,19474.0
2016-11-22,201611224086168,NIB,14,16,26,749.0,19474.0
2016-11-22,201611224086159,NIB,1,16,26,750.0,19500.0
2016-11-22,201611224086236,NIB,29,16,26,745.0,19370.0
2016-11-22,201611224086230,NIB,21,16,26,748.0,19448.0
2016-11-22,201611224086218,NIB,32,16,26,746.0,19396.0
2016-11-22,201611224086214,NIB,48,16,26,746.0,19396.0
2016-11-22,201611224086212,NIB,48,16,26,746.0,19396.0
2016-11-22,201611224086205,NIB,50,16,26,747.0,19422.0
2016-11-22,201611224086314,NIB,29,41,50,745.0,37250.0
2016-11-22,201611224086313,NIB,43,41,50,745.0,37250.0
2016-11-22,201611224086291,NIB,1,16,26,745.0,19370.0
2016-11-22,201611224086280,NIB,26,16,26,745.0,19370.0
2016-11-22,201611224086266,NIB,21,16,26,746.0,19396.0
2016-11-22,201611224086246,NIB,29,16,26,745.0,19370.0
2016-11-22,201611224086144,NIBPO,42,17,200,670.0,134000.0
2016-11-22,201611224086133,NIBPO,53,17,165,671.0,110715.0
2016-11-22,201611224086126,NIBPO,53,42,66,671.0,44286.0
2016-11-22,201611224086617,NICA,52,14,380,540.0,205200.0
2016-11-22,201611224086616,NICA,59,14,20,540.0,10800.0
2016-11-22,201611224086615,NICA,25,14,200,540.0,108000.0
2016-11-22,201611224086614,NICA,37,14,750,540.0,405000.0
2016-11-22,201611224086613,NICA,13,14,30,542.0,16260.0
2016-11-22,201611224086612,NICA,29,14,100,544.0,54400.0
2016-11-22,201611224086155,NICA,49,45,48,544.0,26112.0
2016-11-22,201611224086611,NICA,7,14,50,544.0,27200.0
2016-11-22,201611224086610,NICA,6,14,170,544.0,92480.0
2016-11-22,201611224086609,NICA,10,14,100,546.0,54600.0
2016-11-22,201611224086250,NICA,6,52,10,544.0,5440.0
2016-11-22,201611224086247,NICA,6,1,150,544.0,81600.0
2016-11-22,201611224086177,NICA,11,3,22,545.0,11990.0
2016-11-22,201611224086282,NICL,33,50,300,1000.0,300000.0
2016-11-22,201611224086281,NICL,34,50,100,1000.0,100000.0
2016-11-22,201611224086209,NLBBL,10,19,86,1660.0,142760.0
2016-11-22,201611224086493,NLG,37,10,33,1863.0,61479.0
2016-11-22,201611224086485,NLG,33,10,33,1865.0,61545.0
2016-11-22,201611224086367,NLG,33,56,220,1865.0,410300.0
2016-11-22,201611224086548,NLIC,54,16,175,3385.0,592375.0
2016-11-22,201611224086600,NLICL,16,6,10,3356.0,33560.0
2016-11-22,201611224086599,NLICL,22,6,110,3356.0,369160.0
2016-11-22,201611224086598,NLICL,36,6,200,3357.0,671400.0
2016-11-22,201611224086597,NLICL,59,6,70,3360.0,235200.0
2016-11-22,201611224086596,NLICL,51,6,10,3365.0,33650.0
2016-11-22,201611224086464,NLICL,59,6,180,3360.0,604800.0
2016-11-22,201611224086239,NLICL,49,35,500,3370.0,1685000.0
2016-11-22,201611224086238,NLICL,5,35,190,3370.0,640300.0
2016-11-22,201611224086245,NLICL,16,35,950,3365.0,3196750.0
2016-11-22,201611224086244,NLICL,7,35,110,3365.0,370150.0
2016-11-22,201611224086243,NLICL,45,35,100,3365.0,336500.0
2016-11-22,201611224086242,NLICL,26,35,80,3365.0,269200.0
2016-11-22,201611224086241,NLICL,47,35,50,3366.0,168300.0
2016-11-22,201611224086240,NLICL,38,35,20,3368.0,67360.0
2016-11-22,201611224086463,NLICL,41,6,100,3360.0,336000.0
2016-11-22,201611224086462,NLICL,51,6,100,3361.0,336100.0
2016-11-22,201611224086461,NLICL,51,6,10,3365.0,33650.0
2016-11-22,201611224086460,NLICL,51,6,50,3365.0,168250.0
2016-11-22,201611224086459,NLICL,16,6,60,3365.0,201900.0
2016-11-22,201611224086249,NLICL,16,35,700,3365.0,2355500.0
2016-11-22,201611224086553,NMB,11,49,100,655.0,65500.0
2016-11-22,201611224086331,NMB,5,1,100,655.0,65500.0
2016-11-22,201611224086228,NMB,58,39,22,655.0,14410.0
2016-11-22,201611224086128,NMB,6,5,39,650.0,25350.0
2016-11-22,201611224086551,NTC,42,40,70,685.0,47950.0
2016-11-22,201611224086311,NTC,42,13,500,685.0,342500.0
2016-11-22,201611224086310,NTC,42,42,630,680.0,428400.0
2016-11-22,201611224086391,NUBL,21,45,100,1400.0,140000.0
2016-11-22,201611224086157,NUBL,47,22,50,1410.0,70500.0
2016-11-22,201611224086474,PCBL,55,35,300,542.0,162600.0
2016-11-22,201611224086473,PCBL,55,35,210,542.0,113820.0
2016-11-22,201611224086457,PCBL,45,32,223,541.0,120643.0
2016-11-22,201611224086326,PCBL,26,41,200,541.0,108200.0
2016-11-22,201611224086167,PCBL,11,28,100,540.0,54000.0
2016-11-22,201611224086166,PCBL,42,28,100,540.0,54000.0
2016-11-22,201611224086165,PCBL,5,28,50,540.0,27000.0
2016-11-22,201611224086573,PIC,37,35,130,1768.0,229840.0
2016-11-22,201611224086572,PIC,6,35,200,1769.0,353800.0
2016-11-22,201611224086571,PIC,51,35,170,1771.0,301070.0
2016-11-22,201611224086482,PIC,51,35,30,1771.0,53130.0
2016-11-22,201611224086481,PIC,53,35,300,1772.0,531600.0
2016-11-22,201611224086480,PIC,22,35,100,1775.0,177500.0
2016-11-22,201611224086479,PIC,25,35,100,1775.0,177500.0
2016-11-22,201611224086478,PIC,16,35,100,1785.0,178500.0
2016-11-22,201611224086477,PIC,33,35,170,1786.0,303620.0
2016-11-22,201611224086476,PIC,6,35,200,1787.0,357400.0
2016-11-22,201611224086340,PIC,33,46,230,1786.0,410780.0
2016-11-22,201611224086605,PICL,38,48,200,1368.0,273600.0
2016-11-22,201611224086604,PICL,38,48,300,1373.0,411900.0
2016-11-22,201611224086603,PICL,14,48,50,1373.0,68650.0
2016-11-22,201611224086602,PICL,45,48,100,1374.0,137400.0
2016-11-22,201611224086601,PICL,10,48,250,1380.0,345000.0
2016-11-22,201611224086471,PICL,10,33,220,1380.0,303600.0
2016-11-22,201611224086385,PICL,56,35,150,1384.0,207600.0
2016-11-22,201611224086384,PICL,10,35,150,1385.0,207750.0
2016-11-22,201611224086383,PICL,13,35,30,1386.0,41580.0
2016-11-22,201611224086470,PICL,10,35,30,1380.0,41400.0
2016-11-22,201611224086390,PICL,41,35,280,1380.0,386400.0
2016-11-22,201611224086389,PICL,51,35,150,1380.0,207000.0
2016-11-22,201611224086388,PICL,39,35,10,1380.0,13800.0
2016-11-22,201611224086387,PICL,40,35,100,1381.0,138100.0
2016-11-22,201611224086386,PICL,40,35,100,1381.0,138100.0
2016-11-22,201611224086431,RBBBL,13,16,85,429.0,36465.0
2016-11-22,201611224086322,RBBBL,38,34,13,430.0,5590.0
2016-11-22,201611224086518,RMDC,6,34,50,687.0,34350.0
2016-11-22,201611224086515,RMDC,1,13,97,686.0,66542.0
2016-11-22,201611224086496,RMDC,1,32,37,685.0,25345.0
2016-11-22,201611224086399,RMDC,39,21,100,680.0,68000.0
2016-11-22,201611224086591,SADBL,17,8,500,401.0,200500.0
2016-11-22,201611224086432,SADBL,17,58,500,405.0,202500.0
2016-11-22,201611224086344,SAFL,38,38,200,446.0,89200.0
2016-11-22,201611224086343,SAFL,56,38,200,446.0,89200.0
2016-11-22,201611224086342,SAFL,57,38,20,447.0,8940.0
2016-11-22,201611224086341,SAFL,41,38,100,447.0,44700.0
2016-11-22,201611224086521,SANIMA,10,38,100,562.0,56200.0
2016-11-22,201611224086406,SANIMA,45,45,320,560.0,179200.0
2016-11-22,201611224086403,SANIMA,17,45,200,560.0,112000.0
2016-11-22,201611224086393,SANIMA,45,56,55,559.0,30745.0
2016-11-22,201611224086366,SANIMA,19,45,280,560.0,156800.0
2016-11-22,201611224086316,SANIMA,19,6,20,560.0,11200.0
2016-11-22,201611224086315,SANIMA,5,6,180,560.0,100800.0
2016-11-22,201611224086562,SBI,57,57,1000,1500.0,1500000.0
2016-11-22,201611224086520,SBI,57,17,140,1500.0,210000.0
2016-11-22,201611224086491,SBI,16,48,240,1497.0,359280.0
2016-11-22,201611224086490,SBI,13,48,250,1497.0,374250.0
2016-11-22,201611224086489,SBI,56,48,10,1497.0,14970.0
2016-11-22,201611224086372,SBI,16,45,49,1497.0,73353.0
2016-11-22,201611224086146,SBI,56,17,490,1505.0,737450.0
2016-11-22,201611224086132,SBI,56,28,123,1500.0,184500.0
2016-11-22,201611224086339,SBL,37,45,113,1005.0,113565.0
2016-11-22,201611224086164,SBL,11,50,47,1010.0,47470.0
2016-11-22,201611224086202,SCB,54,21,35,2885.0,100975.0
2016-11-22,201611224086189,SCB,14,21,20,2886.0,57720.0
2016-11-22,201611224086530,SDBL,45,21,50,468.0,23400.0
2016-11-22,201611224086495,SDBL,5,58,150,467.0,70050.0
2016-11-22,201611224086494,SDBL,19,58,50,467.0,23350.0
2016-11-22,201611224086483,SDBL,32,58,100,467.0,46700.0
2016-11-22,201611224086444,SDBL,25,58,100,467.0,46700.0
2016-11-22,201611224086408,SDBL,17,21,100,468.0,46800.0
2016-11-22,201611224086130,SDBL,36,49,390,469.0,182910.0
2016-11-22,201611224086298,SDBL,17,11,10,468.0,4680.0
2016-11-22,201611224086270,SDBL,45,49,250,469.0,117250.0
2016-11-22,201611224086216,SDBL,58,49,100,469.0,46900.0
2016-11-22,201611224086195,SDBL,52,49,100,469.0,46900.0
2016-11-22,201611224086194,SDBL,58,49,100,469.0,46900.0
2016-11-22,201611224086145,SDBL,49,49,70,469.0,32830.0
2016-11-22,201611224086304,SDBL,48,11,100,468.0,46800.0
2016-11-22,201611224086303,SDBL,42,11,30,468.0,14040.0
2016-11-22,201611224086302,SDBL,1,11,100,468.0,46800.0
2016-11-22,201611224086301,SDBL,17,11,300,468.0,140400.0
2016-11-22,201611224086300,SDBL,37,11,130,468.0,60840.0
2016-11-22,201611224086299,SDBL,48,11,50,468.0,23400.0
2016-11-22,201611224086321,SDBL,59,49,40,469.0,18760.0
2016-11-22,201611224086320,SDBL,59,18,50,468.0,23400.0
2016-11-22,201611224086319,SDBL,59,11,10,468.0,4680.0
2016-11-22,201611224086318,SDBL,26,11,100,468.0,46800.0
2016-11-22,201611224086306,SDBL,42,11,30,468.0,14040.0
2016-11-22,201611224086305,SDBL,38,11,140,468.0,65520.0
2016-11-22,201611224086407,SDBL,16,21,250,469.0,117250.0
2016-11-22,201611224086377,SDBL,16,49,250,469.0,117250.0
2016-11-22,201611224086370,SDBL,45,1,37,467.0,17279.0
2016-11-22,201611224086360,SDBL,25,1,37,467.0,17279.0
2016-11-22,201611224086359,SDBL,1,49,200,469.0,93800.0
2016-11-22,201611224086348,SDBL,59,1,37,468.0,17316.0
2016-11-22,201611224086486,SEWA,19,45,150,316.0,47400.0
2016-11-22,201611224086182,SHINE,21,34,500,517.0,258500.0
2016-11-22,201611224086181,SHINE,29,34,300,520.0,156000.0
2016-11-22,201611224086180,SHINE,29,34,30,522.0,15660.0
2016-11-22,201611224086179,SHINE,29,34,30,522.0,15660.0
2016-11-22,201611224086188,SHINE,1,34,100,515.0,51500.0
2016-11-22,201611224086187,SHINE,1,34,100,515.0,51500.0
2016-11-22,201611224086186,SHINE,11,34,200,515.0,103000.0
2016-11-22,201611224086185,SHINE,59,34,100,515.0,51500.0
2016-11-22,201611224086184,SHINE,13,34,20,515.0,10300.0
2016-11-22,201611224086183,SHINE,11,34,700,515.0,360500.0
2016-11-22,201611224086260,SHINE,49,45,269,514.0,138266.0
2016-11-22,201611224086561,SHL,17,28,100,387.0,38700.0
2016-11-22,201611224086560,SHL,26,28,100,388.0,38800.0
2016-11-22,201611224086559,SHL,43,28,100,388.0,38800.0
2016-11-22,201611224086558,SHL,41,28,300,389.0,116700.0
2016-11-22,201611224086557,SHL,34,28,100,390.0,39000.0
2016-11-22,201611224086556,SHL,1,28,100,390.0,39000.0
2016-11-22,201611224086555,SHL,21,28,200,393.0,78600.0
2016-11-22,201611224086554,SHL,20,28,2000,393.0,786000.0
2016-11-22,201611224086295,SHPC,56,55,10,840.0,8400.0
2016-11-22,201611224086294,SHPC,41,55,160,840.0,134400.0
2016-11-22,201611224086293,SHPC,56,55,100,841.0,84100.0
2016-11-22,201611224086543,SICL,58,55,108,3800.0,410400.0
2016-11-22,201611224086469,SICL,58,41,10,3850.0,38500.0
2016-11-22,201611224086449,SICL,58,51,16,3850.0,61600.0
2016-11-22,201611224086437,SICL,56,46,15,3801.0,57015.0
2016-11-22,201611224086435,SICL,58,50,200,3835.0,767000.0
2016-11-22,201611224086434,SICL,58,50,200,3830.0,766000.0
2016-11-22,201611224086269,SICL,56,44,130,3829.0,497770.0
2016-11-22,201611224086129,SICL,58,16,28,3840.0,107520.0
2016-11-22,201611224086433,SICL,58,44,70,3829.0,268030.0
2016-11-22,201611224086413,SICL,56,46,90,3801.0,342090.0
2016-11-22,201611224086412,SICL,5,46,10,3815.0,38150.0
2016-11-22,201611224086392,SICL,49,49,600,3828.0,2296800.0
2016-11-22,201611224086363,SICL,56,22,100,3820.0,382000.0
2016-11-22,201611224086357,SICL,56,50,19,3802.0,72238.0
2016-11-22,201611224086580,SIL,42,35,70,2270.0,158900.0
2016-11-22,201611224086579,SIL,45,35,100,2271.0,227100.0
2016-11-22,201611224086578,SIL,14,35,80,2272.0,181760.0
2016-11-22,201611224086137,SKBBL,44,22,300,1481.0,444300.0
2016-11-22,201611224086136,SKBBL,7,22,100,1482.0,148200.0
2016-11-22,201611224086135,SKBBL,13,22,50,1485.0,74250.0
2016-11-22,201611224086134,SKBBL,37,22,50,1486.0,74300.0
2016-11-22,201611224086375,SMFDB,21,14,80,2402.0,192160.0
2016-11-22,201611224086374,SMFDB,25,14,50,2404.0,120200.0
2016-11-22,201611224086373,SMFDB,38,14,200,2405.0,481000.0
2016-11-22,201611224086297,SMFDB,55,45,76,2406.0,182856.0
2016-11-22,201611224086563,SRBL,50,21,100,496.0,49600.0
2016-11-22,201611224086498,SRBL,55,34,500,496.0,248000.0
2016-11-22,201611224086352,SRBL,50,43,50,496.0,24800.0
2016-11-22,201611224086351,SRBL,53,43,350,496.0,173600.0
2016-11-22,201611224086208,SRBL,58,58,100,498.0,49800.0
2016-11-22,201611224086124,SRBL,53,5,150,496.0,74400.0
2016-11-22,201611224086448,SWBBL,47,49,28,2059.0,57652.0
2016-11-22,201611224086292,SWBBL,34,35,500,2058.0,1029000.0
2016-11-22,201611224086265,SWBBL,35,49,20,2060.0,41200.0
2016-11-22,201611224086264,SWBBL,43,49,20,2060.0,41200.0
2016-11-22,201611224086263,SWBBL,25,49,110,2060.0,226600.0
2016-11-22,201611224086262,SWBBL,7,49,100,2062.0,206200.0
2016-11-22,201611224086261,SWBBL,51,49,200,2065.0,413000.0
2016-11-22,201611224086193,TRH,29,54,120,234.0,28080.0
2016-11-22,201611224086513,UFCL,48,17,564,176.0,99264.0
2016-11-22,201611224086512,UFCL,48,17,1000,175.0,175000.0
2016-11-22,201611224086225,VSDBL,41,17,1000,199.0,199000.0
2016-11-22,201611224086361,WDBL,16,6,14,287.0,4018.0
2016-11-22,201611224086276,WOMI,28,41,100,1720.0,172000.0
2016-11-22,201611224083047,ADBL,58,26,48,555.0,26640.0
2016-11-22,201611224082866,ADBL,22,13,36,555.0,19980.0
2016-11-22,201611224082859,ADBL,22,13,36,555.0,19980.0
2016-11-22,201611224082778,ALICL,22,39,100,1698.0,169800.0
2016-11-22,201611224082704,API,29,16,16,530.0,8480.0
2016-11-22,201611224082642,API,19,19,106,540.0,57240.0
2016-11-22,201611224082990,BHBL,28,16,200,520.0,104000.0
2016-11-22,201611224082982,BOKL,49,59,400,650.0,260000.0
2016-11-22,201611224082972,BOKL,8,43,100,650.0,65000.0
2016-11-22,201611224082971,BOKL,8,13,50,650.0,32500.0
2016-11-22,201611224082949,BOKL,8,48,68,650.0,44200.0
2016-11-22,201611224082948,BOKL,8,48,230,650.0,149500.0
2016-11-22,201611224082892,BOKL,4,5,11,649.0,7139.0
2016-11-22,201611224082888,BOKL,56,5,50,649.0,32450.0
2016-11-22,201611224082805,BOKL,32,48,200,650.0,130000.0
2016-11-22,201611224082699,BOKL,13,26,57,649.0,36993.0
2016-11-22,201611224082684,BOKL,50,52,84,647.0,54348.0
2016-11-22,201611224082844,BPCL,35,49,500,625.0,312500.0
2016-11-22,201611224082986,CBBL,26,6,100,1850.0,185000.0
2016-11-22,201611224083046,CBL,37,34,410,280.0,114800.0
2016-11-22,201611224083045,CBL,37,26,90,280.0,25200.0
2016-11-22,201611224083037,CBL,29,42,360,275.0,99000.0
2016-11-22,201611224083036,CBL,43,42,600,275.0,165000.0
2016-11-22,201611224083035,CBL,26,42,100,275.0,27500.0
2016-11-22,201611224083034,CBL,21,42,1000,275.0,275000.0
2016-11-22,201611224082839,CBL,38,5,33,278.0,9174.0
2016-11-22,201611224082832,CBL,38,5,400,278.0,111200.0
2016-11-22,201611224082831,CBL,21,5,100,278.0,27800.0
2016-11-22,201611224082797,CBL,38,26,300,280.0,84000.0
2016-11-22,201611224082727,CBL,38,26,200,280.0,56000.0
2016-11-22,201611224082717,CBL,36,26,60,280.0,16800.0
2016-11-22,201611224083027,CBL,1,42,300,277.0,83100.0
2016-11-22,201611224083026,CBL,41,42,300,278.0,83400.0
2016-11-22,201611224083025,CBL,37,42,100,278.0,27800.0
2016-11-22,201611224083024,CBL,48,42,500,278.0,139000.0
2016-11-22,201611224082940,CBL,11,26,100,280.0,28000.0
2016-11-22,201611224082877,CBL,26,26,50,280.0,14000.0
2016-11-22,201611224083033,CBL,6,42,210,275.0,57750.0
2016-11-22,201611224083032,CBL,38,42,1000,276.0,276000.0
2016-11-22,201611224083031,CBL,38,42,500,276.0,138000.0
2016-11-22,201611224083030,CBL,29,42,330,276.0,91080.0
2016-11-22,201611224083029,CBL,48,42,200,276.0,55200.0
2016-11-22,201611224083028,CBL,38,42,500,277.0,138500.0
2016-11-22,201611224083093,CCBL,39,39,140,383.0,53620.0
2016-11-22,201611224083091,CCBL,39,39,140,383.0,53620.0
2016-11-22,201611224083072,CCBL,39,39,140,383.0,53620.0
2016-11-22,201611224083070,CCBL,39,39,140,383.0,53620.0
2016-11-22,201611224083069,CCBL,39,39,140,383.0,53620.0
2016-11-22,201611224083064,CCBL,39,39,140,383.0,53620.0
2016-11-22,201611224082780,CCBL,29,38,100,385.0,38500.0
2016-11-22,201611224082675,CCBL,8,49,43,384.0,16512.0
2016-11-22,201611224082751,CHCL,48,48,482,1081.0,521042.0
2016-11-22,201611224082706,CIT,16,25,81,4200.0,340200.0
2016-11-22,201611224083005,CZBIL,55,16,200,498.0,99600.0
2016-11-22,201611224083004,CZBIL,55,16,300,498.0,149400.0
2016-11-22,201611224082938,CZBIL,37,45,30,497.0,14910.0
2016-11-22,201611224082937,CZBIL,32,45,100,497.0,49700.0
2016-11-22,201611224082936,CZBIL,1,45,120,497.0,59640.0
2016-11-22,201611224082779,CZBIL,59,59,100,500.0,50000.0
2016-11-22,201611224082721,CZBIL,33,59,100,500.0,50000.0
2016-11-22,201611224082650,CZBIL,41,34,100,501.0,50100.0
2016-11-22,201611224082935,CZBIL,54,45,100,497.0,49700.0
2016-11-22,201611224082934,CZBIL,32,45,20,498.0,9960.0
2016-11-22,201611224082933,CZBIL,18,45,100,498.0,49800.0
2016-11-22,201611224082932,CZBIL,38,45,30,500.0,15000.0
2016-11-22,201611224082849,CZBIL,38,59,200,500.0,100000.0
2016-11-22,201611224082821,CZBIL,17,59,100,500.0,50000.0
2016-11-22,201611224083021,EBL,41,20,50,3495.0,174750.0
2016-11-22,201611224083020,EBL,26,20,150,3496.0,524400.0
2016-11-22,201611224082985,EBL,45,28,20,3500.0,70000.0
2016-11-22,201611224082981,EBL,45,28,100,3500.0,350000.0
2016-11-22,201611224082905,EBL,36,28,200,3500.0,700000.0
2016-11-22,201611224082896,EBL,17,38,60,3508.0,210480.0
2016-11-22,201611224082665,EBL,34,44,40,3500.0,140000.0
2016-11-22,201611224082663,EBL,20,44,300,3500.0,1050000.0
2016-11-22,201611224082638,EBL,21,44,10,3500.0,35000.0
2016-11-22,201611224082629,EBL,58,44,50,3500.0,175000.0
2016-11-22,201611224082622,EBL,42,33,20,3500.0,70000.0
2016-11-22,201611224082621,EBL,6,33,200,3500.0,700000.0
2016-11-22,201611224082771,EBL,43,14,50,3500.0,175000.0
2016-11-22,201611224082702,EBL,26,45,100,3514.0,351400.0
2016-11-22,201611224082689,EBL,26,38,32,3510.0,112320.0
2016-11-22,201611224082678,EBL,34,33,60,3500.0,210000.0
2016-11-22,201611224082814,EBL,14,50,50,3500.0,175000.0
2016-11-22,201611224082777,EBL,26,14,14,3496.0,48944.0
2016-11-22,201611224082774,EBL,26,14,10,3496.0,34960.0
2016-11-22,201611224082773,EBL,29,14,50,3496.0,174800.0
2016-11-22,201611224082772,EBL,45,14,40,3500.0,140000.0
2016-11-22,201611224082881,EBL,56,33,130,3500.0,455000.0
2016-11-22,201611224082874,EBL,56,33,20,3500.0,70000.0
2016-11-22,201611224082862,EBL,41,33,50,3500.0,175000.0
2016-11-22,201611224082854,EBL,41,16,50,3500.0,175000.0
2016-11-22,201611224082843,EBL,48,16,50,3500.0,175000.0
2016-11-22,201611224082835,EBL,14,33,150,3500.0,525000.0
2016-11-22,201611224082720,EDBL,21,16,50,605.0,30250.0
2016-11-22,201611224083041,GBBL,33,37,900,399.0,359100.0
2016-11-22,201611224082919,GBBL,29,42,100,392.0,39200.0
2016-11-22,201611224082851,GBBL,59,42,1000,392.0,392000.0
2016-11-22,201611224082850,GBBL,7,42,100,392.0,39200.0
2016-11-22,201611224082813,GBBL,17,16,16,393.0,6288.0
2016-11-22,201611224082754,GBBL,1,37,1000,393.0,393000.0
2016-11-22,201611224082669,GBBL,1,39,500,399.0,199500.0
2016-11-22,201611224082753,GBBL,32,37,500,393.0,196500.0
2016-11-22,201611224082752,GBBL,37,37,100,396.0,39600.0
2016-11-22,201611224082749,GBBL,17,28,168,395.0,66360.0
2016-11-22,201611224082734,GBBL,17,34,50,400.0,20000.0
2016-11-22,201611224082723,GBBL,17,50,150,400.0,60000.0
2016-11-22,201611224082670,GBBL,1,37,500,400.0,200000.0
2016-11-22,201611224083055,GBIME,59,48,2621,453.0,1187313.0
2016-11-22,201611224082707,HAMRO,10,58,70,494.0,34580.0
2016-11-22,201611224082873,HBL,6,42,72,1200.0,86400.0
2016-11-22,201611224082872,HBL,44,42,130,1200.0,156000.0
2016-11-22,201611224082871,HBL,34,42,200,1201.0,240200.0
2016-11-22,201611224082870,HBL,29,42,200,1205.0,241000.0
2016-11-22,201611224082869,HBL,22,42,50,1210.0,60500.0
2016-11-22,201611224082868,HBL,25,42,20,1210.0,24200.0
2016-11-22,201611224082855,HGI,56,35,200,1734.0,346800.0
2016-11-22,201611224082809,HGI,21,39,100,1715.0,171500.0
2016-11-22,201611224082786,HGI,22,16,50,1700.0,85000.0
2016-11-22,201611224082718,HGI,41,16,100,1700.0,170000.0
2016-11-22,201611224082680,HGI,14,58,100,1690.0,169000.0
2016-11-22,201611224082661,HGI,41,28,100,1674.0,167400.0
2016-11-22,201611224083096,HIDCL,45,50,112,275.0,30800.0
2016-11-22,201611224083073,HIDCL,45,26,100,275.0,27500.0
2016-11-22,201611224083071,HIDCL,40,7,28,272.0,7616.0
2016-11-22,201611224083063,HIDCL,45,17,112,275.0,30800.0
2016-11-22,201611224083062,HIDCL,45,53,56,275.0,15400.0
2016-11-22,201611224083059,HIDCL,22,7,40,275.0,11000.0
2016-11-22,201611224082662,HIDCL,45,32,46,274.0,12604.0
2016-11-22,201611224082656,HIDCL,45,32,46,274.0,12604.0
2016-11-22,201611224082651,HIDCL,45,32,46,274.0,12604.0
2016-11-22,201611224082787,HIDCL,45,53,56,275.0,15400.0
2016-11-22,201611224082781,HIDCL,45,53,56,275.0,15400.0
2016-11-22,201611224082776,HIDCL,45,34,56,274.0,15344.0
2016-11-22,201611224082722,HIDCL,45,34,56,274.0,15344.0
2016-11-22,201611224082667,HIDCL,45,32,46,274.0,12604.0
2016-11-22,201611224082808,HIDCL,40,49,56,272.0,15232.0
2016-11-22,201611224083057,HIDCL,45,53,56,275.0,15400.0
2016-11-22,201611224083044,HIDCL,45,53,56,275.0,15400.0
2016-11-22,201611224083022,HIDCL,45,53,56,275.0,15400.0
2016-11-22,201611224083019,HIDCL,45,53,56,275.0,15400.0
2016-11-22,201611224083018,HIDCL,45,53,56,275.0,15400.0
2016-11-22,201611224083116,ICFC,17,25,200,275.0,55000.0
2016-11-22,201611224083106,ICFC,17,43,142,270.0,38340.0
2016-11-22,201611224082999,ICFC,40,25,200,270.0,54000.0
2016-11-22,201611224082681,JBBL,10,56,82,333.0,27306.0
2016-11-22,201611224082698,KBBL,59,34,1000,545.0,545000.0
2016-11-22,201611224083113,KBL,56,57,95,557.0,52915.0
2016-11-22,201611224083090,KBL,38,57,100,558.0,55800.0
2016-11-22,201611224083089,KBL,8,57,100,560.0,56000.0
2016-11-22,201611224083088,KBL,55,57,200,560.0,112000.0
2016-11-22,201611224083087,KBL,42,57,100,560.0,56000.0
2016-11-22,201611224083086,KBL,45,57,1000,560.0,560000.0
2016-11-22,201611224083048,KBL,42,57,200,567.0,113400.0
2016-11-22,201611224082744,KBL,14,40,58,561.0,32538.0
2016-11-22,201611224082741,KBL,58,40,470,564.0,265080.0
2016-11-22,201611224082740,KBL,17,40,200,565.0,113000.0
2016-11-22,201611224082739,KBL,17,40,30,565.0,16950.0
2016-11-22,201611224082623,KBL,22,29,100,565.0,56500.0
2016-11-22,201611224083054,KBL,37,57,70,561.0,39270.0
2016-11-22,201611224083053,KBL,38,57,100,561.0,56100.0
2016-11-22,201611224083052,KBL,19,57,50,562.0,28100.0
2016-11-22,201611224083051,KBL,58,57,30,564.0,16920.0
2016-11-22,201611224083050,KBL,17,57,50,565.0,28250.0
2016-11-22,201611224083049,KBL,19,57,100,565.0,56500.0
2016-11-22,201611224083085,KBL,52,57,200,560.0,112000.0
2016-11-22,201611224083084,KBL,8,57,100,560.0,56000.0
2016-11-22,201611224083083,KBL,10,57,100,560.0,56000.0
2016-11-22,201611224083082,KBL,37,57,30,561.0,16830.0
2016-11-22,201611224083081,KBL,1,57,100,562.0,56200.0
2016-11-22,201611224083080,KBL,28,57,200,565.0,113000.0
2016-11-22,201611224083120,KNBL,19,22,90,648.0,58320.0
2016-11-22,201611224083119,KNBL,50,22,50,649.0,32450.0
2016-11-22,201611224082735,KNBL,19,16,10,648.0,6480.0
2016-11-22,201611224082674,KNBL,17,17,40,650.0,26000.0
2016-11-22,201611224082673,KNBL,17,17,100,650.0,65000.0
2016-11-22,201611224082672,KNBL,19,17,100,650.0,65000.0
2016-11-22,201611224082984,LBL,57,17,500,775.0,387500.0
2016-11-22,201611224082980,LBL,57,48,833,774.0,644742.0
2016-11-22,201611224082625,LBL,57,43,300,760.0,228000.0
2016-11-22,201611224082624,LBL,57,34,100,756.0,75600.0
2016-11-22,201611224083112,LGIL,25,35,100,1630.0,163000.0
2016-11-22,201611224083111,LGIL,46,35,200,1635.0,327000.0
2016-11-22,201611224083110,LGIL,41,35,100,1640.0,164000.0
2016-11-22,201611224083012,LGIL,49,49,200,1640.0,328000.0
2016-11-22,201611224082897,LGIL,22,34,200,1650.0,330000.0
2016-11-22,201611224082816,LLBS,57,10,100,1264.0,126400.0
2016-11-22,201611224082737,LLBS,22,36,62,1262.0,78244.0
2016-11-22,201611224082709,LLBS,7,41,125,1240.0,155000.0
2016-11-22,201611224082694,LLBS,7,36,60,1240.0,74400.0
2016-11-22,201611224082693,LLBS,49,36,100,1240.0,124000.0
2016-11-22,201611224082692,LLBS,53,36,30,1240.0,37200.0
2016-11-22,201611224082691,LLBS,8,36,10,1240.0,12400.0
2016-11-22,201611224082666,LLBS,58,16,208,1240.0,257920.0
2016-11-22,201611224083118,MBL,44,26,50,493.0,24650.0
2016-11-22,201611224083115,MBL,38,26,200,493.0,98600.0
2016-11-22,201611224083114,MBL,58,26,250,494.0,123500.0
2016-11-22,201611224083003,MBL,58,32,750,494.0,370500.0
2016-11-22,201611224083002,MBL,1,32,200,495.0,99000.0
2016-11-22,201611224083001,MBL,35,32,50,496.0,24800.0
2016-11-22,201611224082633,MBL,7,46,50,495.0,24750.0
2016-11-22,201611224082632,MBL,47,46,100,495.0,49500.0
2016-11-22,201611224082631,MBL,22,46,50,496.0,24800.0
2016-11-22,201611224082840,MBL,11,34,500,498.0,249000.0
2016-11-22,201611224082705,MBL,43,46,27,492.0,13284.0
2016-11-22,201611224082697,MBL,43,46,50,492.0,24600.0
2016-11-22,201611224082696,MBL,43,46,50,493.0,24650.0
2016-11-22,201611224082654,MBL,1,46,100,493.0,49300.0
2016-11-22,201611224082653,MBL,29,46,100,493.0,49300.0
2016-11-22,201611224082679,MDB,49,26,96,520.0,49920.0
2016-11-22,201611224083068,MEGA,38,40,100,456.0,45600.0
2016-11-22,201611224083043,MEGA,48,22,40,455.0,18200.0
2016-11-22,201611224083042,MEGA,38,22,50,456.0,22800.0
2016-11-22,201611224082812,MEGA,38,59,100,456.0,45600.0
2016-11-22,201611224082799,MEGA,1,59,100,456.0,45600.0
2016-11-22,201611224082767,MEGA,48,40,39,460.0,17940.0
2016-11-22,201611224082763,MEGA,48,40,150,460.0,69000.0
2016-11-22,201611224082762,MEGA,29,40,200,461.0,92200.0
2016-11-22,201611224082761,MEGA,17,40,50,465.0,23250.0
2016-11-22,201611224082887,MFIL,17,56,100,400.0,40000.0
2016-11-22,201611224082645,MFIL,43,32,100,400.0,40000.0
2016-11-22,201611224082644,MFIL,43,49,100,396.0,39600.0
2016-11-22,201611224083061,MNBBL,6,16,50,900.0,45000.0
2016-11-22,201611224082807,MNBBL,13,14,50,895.0,44750.0
2016-11-22,201611224082643,MNBBL,8,37,100,905.0,90500.0
2016-11-22,201611224082639,MNBBL,32,44,130,906.0,117780.0
2016-11-22,201611224082627,MNBBL,20,14,20,900.0,18000.0
2016-11-22,201611224082891,MSMBS,14,49,20,785.0,15700.0
2016-11-22,201611224082860,MSMBS,34,49,20,800.0,16000.0
2016-11-22,201611224082715,MSMBS,17,56,17,816.0,13872.0
2016-11-22,201611224083095,NABIL,45,28,30,1640.0,49200.0
2016-11-22,201611224083060,NABIL,36,28,100,1640.0,164000.0
2016-11-22,201611224082987,NABIL,7,28,50,1640.0,82000.0
2016-11-22,201611224082947,NABIL,45,28,100,1640.0,164000.0
2016-11-22,201611224082946,NABIL,7,28,50,1640.0,82000.0
2016-11-22,201611224082945,NABIL,45,28,10,1640.0,16400.0
2016-11-22,201611224082944,NABIL,45,28,100,1645.0,164500.0
2016-11-22,201611224082943,NABIL,54,28,60,1650.0,99000.0
2016-11-22,201611224082845,NABIL,25,49,20,1655.0,33100.0
2016-11-22,201611224082701,NABILP,29,58,100,1200.0,120000.0
2016-11-22,201611224082682,NABILP,29,49,91,1200.0,109200.0
2016-11-22,201611224083105,NBB,29,43,50,760.0,38000.0
2016-11-22,201611224083040,NBB,1,38,150,760.0,114000.0
2016-11-22,201611224083039,NBB,1,49,110,760.0,83600.0
2016-11-22,201611224083038,NBB,1,26,10,759.0,7590.0
2016-11-22,201611224082931,NBB,51,49,300,760.0,228000.0
2016-11-22,201611224082930,NBB,29,49,500,760.0,380000.0
2016-11-22,201611224082626,NBB,7,49,700,760.0,532000.0
2016-11-22,201611224082929,NBB,45,49,40,760.0,30400.0
2016-11-22,201611224082928,NBB,35,49,70,760.0,53200.0
2016-11-22,201611224082927,NBB,45,49,30,760.0,22800.0
2016-11-22,201611224082926,NBB,38,49,200,761.0,152200.0
2016-11-22,201611224082925,NBB,41,49,100,762.0,76200.0
2016-11-22,201611224082924,NBB,10,49,150,762.0,114300.0
2016-11-22,201611224082742,NBF1,17,48,73644,20.8,1531795.2
2016-11-22,201611224083092,NBL,43,43,500,450.0,225000.0
2016-11-22,201611224083010,NBL,32,46,500,450.0,225000.0
2016-11-22,201611224082912,NBL,34,46,1000,447.0,447000.0
2016-11-22,201611224082906,NBL,34,46,200,450.0,90000.0
2016-11-22,201611224082818,NBL,22,46,200,455.0,91000.0
2016-11-22,201611224082838,NIB,48,36,700,760.0,532000.0
2016-11-22,201611224082834,NIB,48,48,586,755.0,442430.0
2016-11-22,201611224082815,NIB,48,14,246,754.0,185484.0
2016-11-22,201611224082798,NIB,42,16,26,750.0,19500.0
2016-11-22,201611224082775,NIB,52,34,56,758.0,42448.0
2016-11-22,201611224082750,NIB,35,16,26,750.0,19500.0
2016-11-22,201611224082738,NIB,17,34,200,758.0,151600.0
2016-11-22,201611224082726,NIB,42,33,40,753.0,30120.0
2016-11-22,201611224082714,NIB,49,42,58,750.0,43500.0
2016-11-22,201611224082635,NIB,45,34,30,758.0,22740.0
2016-11-22,201611224083056,NICA,6,54,166,545.0,90470.0
2016-11-22,201611224083008,NICA,17,16,150,548.0,82200.0
2016-11-22,201611224082939,NICA,48,44,220,550.0,121000.0
2016-11-22,201611224082923,NICA,45,26,178,548.0,97544.0
2016-11-22,201611224082898,NICA,41,44,50,550.0,27500.0
2016-11-22,201611224082833,NICA,10,44,200,550.0,110000.0
2016-11-22,201611224082830,NICA,32,32,10,549.0,5490.0
2016-11-22,201611224082795,NICA,26,17,95,550.0,52250.0
2016-11-22,201611224082794,NICA,26,29,250,548.0,137000.0
2016-11-22,201611224082648,NICA,45,44,30,550.0,16500.0
2016-11-22,201611224083011,NIL,6,55,96,1975.0,189600.0
2016-11-22,201611224082960,NLBBL,1,1,201,1685.0,338685.0
2016-11-22,201611224082918,NLBBL,17,16,17,1670.0,28390.0
2016-11-22,201611224083009,NLG,57,36,100,1890.0,189000.0
2016-11-22,201611224082858,NLG,43,36,75,1885.0,141375.0
2016-11-22,201611224082628,NLG,17,32,16,1880.0,30080.0
2016-11-22,201611224082942,NLIC,58,26,10,3360.0,33600.0
2016-11-22,201611224082917,NLIC,47,42,11,3320.0,36520.0
2016-11-22,201611224082914,NLIC,34,26,140,3360.0,470400.0
2016-11-22,201611224082913,NLIC,34,42,10,3325.0,33250.0
2016-11-22,201611224082911,NLIC,43,42,30,3325.0,99750.0
2016-11-22,201611224082910,NLIC,14,42,10,3326.0,33260.0
2016-11-22,201611224082792,NLIC,53,40,10,3340.0,33400.0
2016-11-22,201611224082791,NLIC,53,40,10,3340.0,33400.0
2016-11-22,201611224082790,NLIC,34,40,50,3341.0,167050.0
2016-11-22,201611224082748,NLIC,11,36,98,3380.0,331240.0
2016-11-22,201611224082655,NLIC,7,38,78,3360.0,262080.0
2016-11-22,201611224082909,NLIC,32,42,100,3328.0,332800.0
2016-11-22,201611224082908,NLIC,32,42,30,3331.0,99930.0
2016-11-22,201611224082907,NLIC,58,42,60,3335.0,200100.0
2016-11-22,201611224082847,NLIC,35,26,50,3360.0,168000.0
2016-11-22,201611224082804,NLIC,38,40,15,3336.0,50040.0
2016-11-22,201611224082793,NLIC,58,40,40,3335.0,133400.0
2016-11-22,201611224083102,NLICL,17,42,100,3390.0,339000.0
2016-11-22,201611224083101,NLICL,8,42,20,3391.0,67820.0
2016-11-22,201611224083100,NLICL,8,42,280,3391.0,949480.0
2016-11-22,201611224083099,NLICL,7,42,50,3392.0,169600.0
2016-11-22,201611224083098,NLICL,45,42,30,3400.0,102000.0
2016-11-22,201611224083097,NLICL,59,42,140,3400.0,476000.0
2016-11-22,201611224082637,NLICL,22,6,200,3400.0,680000.0
2016-11-22,201611224082710,NLICL,11,35,70,3400.0,238000.0
2016-11-22,201611224082690,NLICL,49,35,50,3400.0,170000.0
2016-11-22,201611224082676,NLICL,28,35,30,3400.0,102000.0
2016-11-22,201611224082660,NLICL,22,35,50,3400.0,170000.0
2016-11-22,201611224082659,NLICL,22,28,100,3401.0,340100.0
2016-11-22,201611224082652,NLICL,51,28,10,3401.0,34010.0
2016-11-22,201611224082951,NLICL,29,42,50,3401.0,170050.0
2016-11-22,201611224082950,NLICL,49,42,100,3405.0,340500.0
2016-11-22,201611224082719,NLICL,11,6,200,3410.0,682000.0
2016-11-22,201611224082713,NLICL,11,14,64,3404.0,217856.0
2016-11-22,201611224082712,NLICL,11,28,90,3401.0,306090.0
2016-11-22,201611224082711,NLICL,11,28,30,3400.0,102000.0
2016-11-22,201611224083094,NLICL,17,55,90,3414.0,307260.0
2016-11-22,201611224082956,NLICL,1,42,100,3392.0,339200.0
2016-11-22,201611224082955,NLICL,8,42,260,3393.0,882180.0
2016-11-22,201611224082954,NLICL,10,42,20,3400.0,68000.0
2016-11-22,201611224082953,NLICL,10,42,20,3400.0,68000.0
2016-11-22,201611224082952,NLICL,29,42,50,3401.0,170050.0
2016-11-22,201611224083079,NMB,11,26,70,660.0,46200.0
2016-11-22,201611224082983,NMB,47,40,50,668.0,33400.0
2016-11-22,201611224082890,NMB,11,16,22,660.0,14520.0
2016-11-22,201611224082769,NMB,21,34,288,662.0,190656.0
2016-11-22,201611224082688,NMB,11,54,200,660.0,132000.0
2016-11-22,201611224082634,NMB,11,33,200,660.0,132000.0
2016-11-22,201611224082677,NMBSF1,48,48,23500,12.5,293750.0
2016-11-22,201611224083108,PCBL,21,22,14,553.0,7742.0
2016-11-22,201611224083023,PCBL,29,16,169,549.0,92781.0
2016-11-22,201611224082856,PCBL,47,14,300,550.0,165000.0
2016-11-22,201611224082803,PCBL,52,58,100,555.0,55500.0
2016-11-22,201611224082671,PCBL,26,41,80,551.0,44080.0
2016-11-22,201611224083107,PIC,48,6,100,1876.0,187600.0
2016-11-22,201611224082895,PIC,53,32,80,1840.0,147200.0
2016-11-22,201611224082894,PIC,10,32,20,1840.0,36800.0
2016-11-22,201611224082886,PIC,28,32,50,1840.0,92000.0
2016-11-22,201611224082885,PIC,58,32,200,1840.0,368000.0
2016-11-22,201611224082884,PIC,28,32,250,1840.0,460000.0
2016-11-22,201611224082857,PIC,28,38,200,1840.0,368000.0
2016-11-22,201611224082848,PIC,17,34,200,1840.0,368000.0
2016-11-22,201611224082841,PIC,28,34,100,1840.0,184000.0
2016-11-22,201611224082837,PIC,28,34,200,1840.0,368000.0
2016-11-22,201611224082819,PIC,53,28,10,1810.0,18100.0
2016-11-22,201611224082770,PIC,53,29,303,1803.0,546309.0
2016-11-22,201611224083013,PICL,58,35,100,1401.0,140100.0
2016-11-22,201611224083007,PICL,39,35,30,1406.0,42180.0
2016-11-22,201611224083006,PICL,39,35,80,1406.0,112480.0
2016-11-22,201611224082915,PICL,58,35,100,1414.0,141400.0
2016-11-22,201611224082766,PICL,58,35,100,1412.0,141200.0
2016-11-22,201611224082967,PLIC,34,42,160,2000.0,320000.0
2016-11-22,201611224082966,PLIC,58,42,500,2005.0,1002500.0
2016-11-22,201611224082965,PLIC,13,42,100,2010.0,201000.0
2016-11-22,201611224082863,PLIC,13,49,100,2030.0,203000.0
2016-11-22,201611224082733,PLIC,5,16,13,2030.0,26390.0
2016-11-22,201611224082743,RBCL,59,52,395,11220.0,4431900.0
2016-11-22,201611224082700,RBCLPO,35,32,10,11070.0,110700.0
2016-11-22,201611224082716,RMDC,29,26,25,680.0,17000.0
2016-11-22,201611224082708,RMDC,29,26,25,680.0,17000.0
2016-11-22,201611224083104,SAFL,6,33,100,455.0,45500.0
2016-11-22,201611224082880,SAFL,53,33,200,452.0,90400.0
2016-11-22,201611224082879,SAFL,43,33,200,453.0,90600.0
2016-11-22,201611224082878,SAFL,39,33,100,454.0,45400.0
2016-11-22,201611224082759,SAFL,40,33,200,450.0,90000.0
2016-11-22,201611224082758,SAFL,51,33,500,450.0,225000.0
2016-11-22,201611224083017,SANIMA,38,49,250,561.0,140250.0
2016-11-22,201611224083016,SANIMA,38,49,100,562.0,56200.0
2016-11-22,201611224083015,SANIMA,19,49,100,563.0,56300.0
2016-11-22,201611224083014,SANIMA,45,49,50,564.0,28200.0
2016-11-22,201611224082901,SANIMA,10,14,100,562.0,56200.0
2016-11-22,201611224082900,SANIMA,10,14,100,562.0,56200.0
2016-11-22,201611224082899,SANIMA,10,14,100,562.0,56200.0
2016-11-22,201611224082865,SANIMA,1,34,200,565.0,113000.0
2016-11-22,201611224082864,SANIMA,50,34,200,565.0,113000.0
2016-11-22,201611224082846,SANIMA,50,14,100,565.0,56500.0
2016-11-22,201611224082788,SANIMA,34,14,150,565.0,84750.0
2016-11-22,201611224082630,SANIMA,45,6,30,570.0,17100.0
2016-11-22,201611224082979,SBI,52,42,100,1500.0,150000.0
2016-11-22,201611224082978,SBI,6,42,100,1501.0,150100.0
2016-11-22,201611224082977,SBI,16,42,100,1502.0,150200.0
2016-11-22,201611224082976,SBI,16,42,100,1502.0,150200.0
2016-11-22,201611224082975,SBI,8,42,300,1502.0,450600.0
2016-11-22,201611224082916,SBI,5,45,27,1503.0,40581.0
2016-11-22,201611224082904,SBI,5,45,40,1503.0,60120.0
2016-11-22,201611224082903,SBI,29,45,200,1503.0,300600.0
2016-11-22,201611224082902,SBI,52,45,60,1505.0,90300.0
2016-11-22,201611224082867,SBI,11,17,100,1518.0,151800.0
2016-11-22,201611224082806,SBI,10,1,62,1511.0,93682.0
2016-11-22,201611224083000,SBL,37,28,40,1015.0,40600.0
2016-11-22,201611224082959,SBL,7,41,50,1016.0,50800.0
2016-11-22,201611224082842,SBL,55,14,200,1015.0,203000.0
2016-11-22,201611224082836,SBL,45,40,43,1015.0,43645.0
2016-11-22,201611224082829,SBL,45,40,40,1015.0,40600.0
2016-11-22,201611224082828,SBL,59,40,10,1015.0,10150.0
2016-11-22,201611224082658,SBL,49,33,500,1020.0,510000.0
2016-11-22,201611224082636,SBL,49,44,300,1021.0,306300.0
2016-11-22,201611224082782,SBL,33,33,250,1023.0,255750.0
2016-11-22,201611224082764,SBL,34,33,100,1023.0,102300.0
2016-11-22,201611224082746,SBL,57,7,100,1021.0,102100.0
2016-11-22,201611224082745,SBL,45,7,100,1021.0,102100.0
2016-11-22,201611224082736,SBL,45,33,110,1023.0,112530.0
2016-11-22,201611224082687,SBL,45,44,100,1021.0,102100.0
2016-11-22,201611224082827,SBL,22,40,100,1016.0,101600.0
2016-11-22,201611224082826,SBL,26,40,150,1016.0,152400.0
2016-11-22,201611224082825,SBL,6,40,500,1017.0,508500.0
2016-11-22,201611224082824,SBL,48,40,100,1017.0,101700.0
2016-11-22,201611224082823,SBL,45,40,300,1020.0,306000.0
2016-11-22,201611224082822,SBL,6,40,100,1021.0,102100.0
2016-11-22,201611224082883,SCB,41,14,40,2925.0,117000.0
2016-11-22,201611224082882,SCB,45,14,10,2940.0,29400.0
2016-11-22,201611224082876,SCB,41,59,50,2925.0,146250.0
2016-11-22,201611224083117,SDBL,5,7,100,469.0,46900.0
2016-11-22,201611224083109,SDBL,29,7,300,469.0,140700.0
2016-11-22,201611224083058,SDBL,29,7,100,469.0,46900.0
2016-11-22,201611224082974,SDBL,51,53,400,469.0,187600.0
2016-11-22,201611224082973,SDBL,46,17,200,470.0,94000.0
2016-11-22,201611224082970,SDBL,42,17,100,470.0,47000.0
2016-11-22,201611224082640,SDBL,11,17,600,470.0,282000.0
2016-11-22,201611224082695,SDBL,40,17,100,471.0,47100.0
2016-11-22,201611224082686,SDBL,5,17,500,471.0,235500.0
2016-11-22,201611224082685,SDBL,29,17,500,470.0,235000.0
2016-11-22,201611224082668,SDBL,5,17,150,470.0,70500.0
2016-11-22,201611224082664,SDBL,8,17,200,470.0,94000.0
2016-11-22,201611224082657,SDBL,45,17,50,470.0,23500.0
2016-11-22,201611224082755,SDBL,22,39,140,472.0,66080.0
2016-11-22,201611224082747,SDBL,22,39,60,472.0,28320.0
2016-11-22,201611224082732,SDBL,55,17,600,471.0,282600.0
2016-11-22,201611224082729,SDBL,53,39,50,470.0,23500.0
2016-11-22,201611224082728,SDBL,21,39,200,470.0,94000.0
2016-11-22,201611224082703,SDBL,53,17,300,471.0,141300.0
2016-11-22,201611224082875,SDBL,49,59,50,473.0,23650.0
2016-11-22,201611224082811,SDBL,22,39,230,472.0,108560.0
2016-11-22,201611224082810,SDBL,26,39,100,473.0,47300.0
2016-11-22,201611224082760,SDBL,22,17,640,472.0,302080.0
2016-11-22,201611224082757,SDBL,20,17,300,472.0,141600.0
2016-11-22,201611224082756,SDBL,22,17,60,472.0,28320.0
2016-11-22,201611224082969,SDBL,36,17,100,470.0,47000.0
2016-11-22,201611224082968,SDBL,21,17,100,470.0,47000.0
2016-11-22,201611224082958,SDBL,29,49,200,472.0,94400.0
2016-11-22,201611224082893,SDBL,49,49,200,472.0,94400.0
2016-11-22,201611224082889,SDBL,22,49,100,472.0,47200.0
2016-11-22,201611224082963,SEWA,11,43,44,315.0,13860.0
2016-11-22,201611224082649,SFFIL,59,13,10,743.0,7430.0
2016-11-22,201611224082785,SHINE,58,16,13,518.0,6734.0
2016-11-22,201611224082989,SHPC,22,49,200,850.0,170000.0
2016-11-22,201611224082988,SHPC,41,49,70,850.0,59500.0
2016-11-22,201611224082922,SHPC,39,44,151,848.0,128048.0
2016-11-22,201611224082789,SHPC,47,47,1000,850.0,850000.0
2016-11-22,201611224082784,SHPC,18,49,100,850.0,85000.0
2016-11-22,201611224082783,SHPC,13,49,100,850.0,85000.0
2016-11-22,201611224082801,SICL,56,49,10,3762.0,37620.0
2016-11-22,201611224082796,SICL,56,49,10,3762.0,37620.0
2016-11-22,201611224082647,SICL,21,35,100,3800.0,380000.0
2016-11-22,201611224082646,SICL,44,35,30,3800.0,114000.0
2016-11-22,201611224082964,SKBBL,13,55,100,1510.0,151000.0
2016-11-22,201611224083103,SRBL,34,34,800,501.0,400800.0
2016-11-22,201611224083078,SRBL,34,34,200,501.0,100200.0
2016-11-22,201611224083077,SRBL,34,34,500,501.0,250500.0
2016-11-22,201611224083076,SRBL,34,34,1000,501.0,501000.0
2016-11-22,201611224083075,SRBL,34,34,100,501.0,50100.0
2016-11-22,201611224083074,SRBL,56,34,200,502.0,100400.0
2016-11-22,201611224082941,SRBL,34,17,500,500.0,250000.0
2016-11-22,201611224082921,SRBL,56,17,500,501.0,250500.0
2016-11-22,201611224082861,SRBL,14,14,300,502.0,150600.0
2016-11-22,201611224082765,SRBL,34,34,1000,504.0,504000.0
2016-11-22,201611224082995,SRBL,41,42,50,500.0,25000.0
2016-11-22,201611224082994,SRBL,45,42,20,500.0,10000.0
2016-11-22,201611224082993,SRBL,32,42,100,501.0,50100.0
2016-11-22,201611224082992,SRBL,14,42,100,502.0,50200.0
2016-11-22,201611224082991,SRBL,14,42,100,502.0,50200.0
2016-11-22,201611224082957,SRBL,16,17,500,500.0,250000.0
2016-11-22,201611224083067,SRBL,34,34,900,501.0,450900.0
2016-11-22,201611224083066,SRBL,34,34,1000,501.0,501000.0
2016-11-22,201611224083065,SRBL,56,34,100,502.0,50200.0
2016-11-22,201611224082998,SRBL,56,42,960,500.0,480000.0
2016-11-22,201611224082997,SRBL,45,42,200,500.0,100000.0
2016-11-22,201611224082996,SRBL,4,42,270,500.0,135000.0
2016-11-22,201611224082731,SWBBL,45,41,40,2060.0,82400.0
2016-11-22,201611224082730,SWBBL,19,41,100,2061.0,206100.0
2016-11-22,201611224082800,UIC,41,57,100,1340.0,134000.0
2016-11-22,201611224082768,VSDBL,45,16,1000,198.0,198000.0
2016-11-22,201611224082962,VSDBL,45,19,1000,198.0,198000.0
2016-11-22,201611224082961,VSDBL,32,19,100,199.0,19900.0
2016-11-22,201611224082920,VSDBL,50,59,100,200.0,20000.0
2016-11-22,201611224082820,VSDBL,32,42,1900,199.0,378100.0
2016-11-22,201611224082802,VSDBL,45,46,1000,198.0,198000.0
2016-11-22,201611224082817,WDBL,1,49,100,289.0,28900.0
2016-11-22,201611224082090,ADBL,5,1,96,545.0,52320.0
2016-11-22,201611224082087,ADBL,5,1,96,545.0,52320.0
2016-11-22,201611224082004,ADBL,29,34,36,546.0,19656.0
2016-11-22,201611224081978,ADBL,53,53,185,544.0,100640.0
2016-11-22,201611224081862,ADBL,22,57,100,545.0,54500.0
2016-11-22,201611224081855,ADBL,29,36,37,550.0,20350.0
2016-11-22,201611224081778,ADBL,59,35,20,560.0,11200.0
2016-11-22,201611224081735,AHPC,28,48,90,265.0,23850.0
2016-11-22,201611224081784,API,39,26,10,550.0,5500.0
2016-11-22,201611224081723,API,22,45,16,540.0,8640.0
2016-11-22,201611224082102,BOKL,59,5,221,640.0,141440.0
2016-11-22,201611224082101,BOKL,59,1,270,639.0,172530.0
2016-11-22,201611224082063,BOKL,14,45,338,632.0,213616.0
2016-11-22,201611224082052,BOKL,45,45,50,632.0,31600.0
2016-11-22,201611224082051,BOKL,42,45,100,635.0,63500.0
2016-11-22,201611224082050,BOKL,59,45,50,636.0,31800.0
2016-11-22,201611224081711,BOKL,17,49,200,645.0,129000.0
2016-11-22,201611224081822,BOKL,17,33,500,625.0,312500.0
2016-11-22,201611224081821,BOKL,44,33,1000,626.0,626000.0
2016-11-22,201611224081754,BOKL,39,18,100,633.0,63300.0
2016-11-22,201611224081738,BOKL,44,48,100,633.0,63300.0
2016-11-22,201611224081737,BOKL,17,48,50,640.0,32000.0
2016-11-22,201611224081712,BOKL,22,49,200,645.0,129000.0
2016-11-22,201611224081828,BOKL,13,33,50,623.0,31150.0
2016-11-22,201611224081827,BOKL,44,33,100,623.0,62300.0
2016-11-22,201611224081826,BOKL,59,33,100,624.0,62400.0
2016-11-22,201611224081825,BOKL,38,33,100,625.0,62500.0
2016-11-22,201611224081824,BOKL,49,33,150,625.0,93750.0
2016-11-22,201611224081823,BOKL,51,33,50,625.0,31250.0
2016-11-22,201611224081847,BOKL,33,33,500,625.0,312500.0
2016-11-22,201611224081841,BOKL,1,57,500,621.0,310500.0
2016-11-22,201611224081840,BOKL,47,57,100,621.0,62100.0
2016-11-22,201611224081839,BOKL,39,57,200,621.0,124200.0
2016-11-22,201611224081830,BOKL,39,33,200,622.0,124400.0
2016-11-22,201611224081829,BOKL,19,33,500,622.0,311000.0
2016-11-22,201611224081933,BOKL,42,57,100,632.0,63200.0
2016-11-22,201611224081884,BOKL,19,57,200,621.0,124200.0
2016-11-22,201611224081883,BOKL,1,57,100,621.0,62100.0
2016-11-22,201611224081882,BOKL,20,57,200,622.0,124400.0
2016-11-22,201611224081860,BOKL,44,32,466,615.0,286590.0
2016-11-22,201611224081856,BOKL,56,52,34,620.0,21080.0
2016-11-22,201611224081939,BOKL,29,57,100,630.0,63000.0
2016-11-22,201611224081938,BOKL,29,57,50,630.0,31500.0
2016-11-22,201611224081937,BOKL,29,57,200,630.0,126000.0
2016-11-22,201611224081936,BOKL,21,57,100,630.0,63000.0
2016-11-22,201611224081935,BOKL,44,57,500,631.0,315500.0
2016-11-22,201611224081934,BOKL,26,57,100,632.0,63200.0
2016-11-22,201611224082038,BOKL,36,28,351,635.0,222885.0
2016-11-22,201611224082032,BOKL,35,1,230,639.0,146970.0
2016-11-22,201611224082029,BOKL,26,48,200,635.0,127000.0
2016-11-22,201611224081942,BOKL,38,57,100,627.0,62700.0
2016-11-22,201611224081941,BOKL,14,57,100,628.0,62800.0
2016-11-22,201611224081940,BOKL,36,57,100,630.0,63000.0
2016-11-22,201611224082100,CBL,38,16,2126,274.0,582524.0
2016-11-22,201611224082079,CBL,29,50,135,273.0,36855.0
2016-11-22,201611224081758,CBL,58,33,100,275.0,27500.0
2016-11-22,201611224081757,CBL,58,33,200,275.0,55000.0
2016-11-22,201611224081756,CBL,22,33,200,276.0,55200.0
2016-11-22,201611224081755,CBL,1,33,100,278.0,27800.0
2016-11-22,201611224081736,CBL,1,46,141,278.0,39198.0
2016-11-22,201611224082109,CCBL,7,26,44,380.0,16720.0
2016-11-22,201611224082085,CCBL,17,45,61,376.0,22936.0
2016-11-22,201611224081782,CCBL,42,26,44,380.0,16720.0
2016-11-22,201611224081699,CCBL,22,16,40,382.0,15280.0
2016-11-22,201611224081776,CHCL,49,46,100,1052.0,105200.0
2016-11-22,201611224081721,CHCL,49,48,200,1073.0,214600.0
2016-11-22,201611224082042,CZBIL,33,26,450,483.0,217350.0
2016-11-22,201611224082041,CZBIL,56,26,50,484.0,24200.0
2016-11-22,201611224081943,CZBIL,17,52,790,481.0,379990.0
2016-11-22,201611224081918,CZBIL,50,45,19,485.0,9215.0
2016-11-22,201611224081911,CZBIL,17,45,210,481.0,101010.0
2016-11-22,201611224081910,CZBIL,19,45,200,481.0,96200.0
2016-11-22,201611224081725,CZBIL,22,34,360,490.0,176400.0
2016-11-22,201611224081702,CZBIL,22,16,40,488.0,19520.0
2016-11-22,201611224081909,CZBIL,37,45,100,481.0,48100.0
2016-11-22,201611224081908,CZBIL,17,45,100,482.0,48200.0
2016-11-22,201611224081907,CZBIL,55,45,200,485.0,97000.0
2016-11-22,201611224081906,CZBIL,29,45,100,485.0,48500.0
2016-11-22,201611224081905,CZBIL,19,45,100,486.0,48600.0
2016-11-22,201611224081904,CZBIL,59,45,100,490.0,49000.0
2016-11-22,201611224082113,EBL,58,33,100,3440.0,344000.0
2016-11-22,201611224082065,EBL,11,50,100,3415.0,341500.0
2016-11-22,201611224081714,EBL,22,18,100,3460.0,346000.0
2016-11-22,201611224081802,EBL,40,48,50,3405.0,170250.0
2016-11-22,201611224081763,EBL,19,49,100,3410.0,341000.0
2016-11-22,201611224081762,EBL,55,49,100,3410.0,341000.0
2016-11-22,201611224081761,EBL,19,49,50,3415.0,170750.0
2016-11-22,201611224081739,EBL,8,18,100,3400.0,340000.0
2016-11-22,201611224081715,EBL,22,38,50,3460.0,173000.0
2016-11-22,201611224081837,EBL,41,38,10,3400.0,34000.0
2016-11-22,201611224081835,EBL,34,59,48,3410.0,163680.0
2016-11-22,201611224081813,EBL,22,32,100,3400.0,340000.0
2016-11-22,201611224081805,EBL,25,48,50,3400.0,170000.0
2016-11-22,201611224081804,EBL,20,48,100,3400.0,340000.0
2016-11-22,201611224081803,EBL,21,48,50,3402.0,170100.0
2016-11-22,201611224081879,EBL,26,38,200,3401.0,680200.0
2016-11-22,201611224081878,EBL,33,38,100,3401.0,340100.0
2016-11-22,201611224081877,EBL,11,38,100,3401.0,340100.0
2016-11-22,201611224081876,EBL,34,38,50,3420.0,171000.0
2016-11-22,201611224081869,EBL,32,49,500,3400.0,1700000.0
2016-11-22,201611224081838,EBL,5,38,50,3400.0,170000.0
2016-11-22,201611224081917,EBL,49,33,50,3400.0,170000.0
2016-11-22,201611224081895,EBL,22,33,100,3400.0,340000.0
2016-11-22,201611224081894,EBL,38,33,50,3400.0,170000.0
2016-11-22,201611224081891,EBL,38,25,50,3400.0,170000.0
2016-11-22,201611224081889,EBL,11,28,50,3425.0,171250.0
2016-11-22,201611224081880,EBL,1,38,50,3400.0,170000.0
2016-11-22,201611224082017,EBL,40,41,20,3405.0,68100.0
2016-11-22,201611224082014,EBL,49,49,1500,3400.0,5100000.0
2016-11-22,201611224081991,EBL,57,28,250,3425.0,856250.0
2016-11-22,201611224081963,EBL,20,43,200,3420.0,684000.0
2016-11-22,201611224081920,EBL,49,49,500,3400.0,1700000.0
2016-11-22,201611224082026,GBBL,58,36,250,370.0,92500.0
2016-11-22,201611224082025,GBBL,57,36,500,372.0,186000.0
2016-11-22,201611224082024,GBBL,32,36,150,373.0,55950.0
2016-11-22,201611224082010,GBBL,6,36,200,377.0,75400.0
2016-11-22,201611224081976,GBBL,57,45,21,379.0,7959.0
2016-11-22,201611224081926,GBBL,47,36,100,386.0,38600.0
2016-11-22,201611224081925,GBBL,26,36,100,386.0,38600.0
2016-11-22,201611224082064,GBIME,59,42,250,435.0,108750.0
2016-11-22,201611224082047,GBIME,1,42,200,435.0,87000.0
2016-11-22,201611224082046,GBIME,19,42,200,435.0,87000.0
2016-11-22,201611224082045,GBIME,37,42,150,436.0,65400.0
2016-11-22,201611224082044,GBIME,56,42,200,436.0,87200.0
2016-11-22,201611224081987,GBIME,14,17,35,440.0,15400.0
2016-11-22,201611224081959,GBIME,59,42,1000,440.0,440000.0
2016-11-22,201611224081958,GBIME,38,42,100,440.0,44000.0
2016-11-22,201611224081948,GBIME,1,17,35,441.0,15435.0
2016-11-22,201611224081944,GBIME,37,17,47,441.0,20727.0
2016-11-22,201611224081852,GBIME,59,50,1000,447.0,447000.0
2016-11-22,201611224081851,GBIME,48,50,200,450.0,90000.0
2016-11-22,201611224081708,GLICL,42,34,16,830.0,13280.0
2016-11-22,201611224081919,HBL,6,25,350,1180.0,413000.0
2016-11-22,201611224081832,HBL,32,8,100,1196.0,119600.0
2016-11-22,201611224081831,HBL,49,8,40,1196.0,47840.0
2016-11-22,201611224081750,HBL,22,25,100,1200.0,120000.0
2016-11-22,201611224082070,HGI,17,26,50,1642.0,82100.0
2016-11-22,201611224082115,HIDCL,14,14,232,273.0,63336.0
2016-11-22,201611224082015,HIDCL,32,8,61,270.0,16470.0
2016-11-22,201611224082012,HIDCL,6,42,29,270.0,7830.0
2016-11-22,201611224081999,HIDCL,40,8,61,271.0,16531.0
2016-11-22,201611224081773,ICFC,17,25,300,265.0,79500.0
2016-11-22,201611224082084,ILFCM,34,34,300,715.0,214500.0
2016-11-22,201611224082083,ILFCM,34,18,300,714.0,214200.0
2016-11-22,201611224082082,ILFCM,34,18,100,714.0,71400.0
2016-11-22,201611224082096,JBBL,48,36,20,315.0,6300.0
2016-11-22,201611224082078,JBBL,48,36,10,315.0,3150.0
2016-11-22,201611224082072,JBBL,8,36,20,315.0,6300.0
2016-11-22,201611224081986,JBBL,11,36,300,315.0,94500.0
2016-11-22,201611224081981,JBBL,36,36,10,321.0,3210.0
2016-11-22,201611224081796,JBBL,42,56,21,327.0,6867.0
2016-11-22,201611224081912,JSLBB,29,38,10,2245.0,22450.0
2016-11-22,201611224081819,KBBL,48,16,100,535.0,53500.0
2016-11-22,201611224082022,KBL,29,57,50,540.0,27000.0
2016-11-22,201611224082021,KBL,19,57,300,540.0,162000.0
2016-11-22,201611224082020,KBL,50,57,100,540.0,54000.0
2016-11-22,201611224082019,KBL,47,57,250,540.0,135000.0
2016-11-22,201611224081988,KBL,21,32,11,540.0,5940.0
2016-11-22,201611224081985,KBL,21,32,820,540.0,442800.0
2016-11-22,201611224081746,KBL,41,57,500,550.0,275000.0
2016-11-22,201611224081745,KBL,7,57,200,550.0,110000.0
2016-11-22,201611224081744,KBL,57,57,100,550.0,55000.0
2016-11-22,201611224081743,KBL,20,57,100,550.0,55000.0
2016-11-22,201611224081742,KBL,34,57,100,551.0,55100.0
2016-11-22,201611224081706,KBL,22,48,200,560.0,112000.0
2016-11-22,201611224081810,KBL,7,57,200,530.0,106000.0
2016-11-22,201611224081809,KBL,20,57,300,530.0,159000.0
2016-11-22,201611224081808,KBL,29,57,200,530.0,106000.0
2016-11-22,201611224081807,KBL,43,57,100,530.0,53000.0
2016-11-22,201611224081806,KBL,34,57,50,530.0,26500.0
2016-11-22,201611224081770,KBL,34,26,100,540.0,54000.0
2016-11-22,201611224081984,KBL,49,32,90,540.0,48600.0
2016-11-22,201611224081983,KBL,19,32,200,541.0,108200.0
2016-11-22,201611224081982,KBL,59,32,100,550.0,55000.0
2016-11-22,201611224081923,KBL,26,50,366,550.0,201300.0
2016-11-22,201611224081893,KBL,48,26,100,543.0,54300.0
2016-11-22,201611224081853,KBL,49,1,10,540.0,5400.0
2016-11-22,201611224082095,LBL,19,26,190,740.0,140600.0
2016-11-22,201611224082011,LBL,17,34,300,745.0,223500.0
2016-11-22,201611224081812,LBL,37,19,100,745.0,74500.0
2016-11-22,201611224081811,LBL,57,19,100,745.0,74500.0
2016-11-22,201611224082030,LGIL,38,35,200,1610.0,322000.0
2016-11-22,201611224081779,LGIL,40,58,200,1610.0,322000.0
2016-11-22,201611224081764,LICN,53,16,100,2922.0,292200.0
2016-11-22,201611224081740,LICN,8,16,100,2922.0,292200.0
2016-11-22,201611224082028,LLBS,34,10,20,1240.0,24800.0
2016-11-22,201611224081993,LLBS,55,10,10,1240.0,12400.0
2016-11-22,201611224081992,LLBS,13,10,10,1240.0,12400.0
2016-11-22,201611224081913,LLBS,13,10,20,1247.0,24940.0
2016-11-22,201611224081849,LLBS,13,10,50,1272.0,63600.0
2016-11-22,201611224081816,LLBS,13,57,20,1297.0,25940.0
2016-11-22,201611224081777,LLBS,13,43,30,1323.0,39690.0
2016-11-22,201611224081769,LLBS,17,43,70,1330.0,93100.0
2016-11-22,201611224081753,LLBS,17,13,30,1350.0,40500.0
2016-11-22,201611224081997,MBL,7,16,311,491.0,152701.0
2016-11-22,201611224081996,MBL,7,16,130,491.0,63830.0
2016-11-22,201611224081995,MBL,7,16,50,491.0,24550.0
2016-11-22,201611224081994,MBL,7,16,200,491.0,98200.0
2016-11-22,201611224081921,MBL,19,52,100,482.0,48200.0
2016-11-22,201611224081898,MBL,6,16,200,491.0,98200.0
2016-11-22,201611224081903,MDB,38,16,20,529.0,10580.0
2016-11-22,201611224081896,MDB,21,16,290,530.0,153700.0
2016-11-22,201611224081890,MDB,21,16,10,540.0,5400.0
2016-11-22,201611224081705,MDB,22,38,200,539.0,107800.0
2016-11-22,201611224082107,MEGA,45,42,486,455.0,221130.0
2016-11-22,201611224082005,MEGA,17,50,81,450.0,36450.0
2016-11-22,201611224081774,MEGA,8,37,41,455.0,18655.0
2016-11-22,201611224082013,MNBBL,16,16,500,895.0,447500.0
2016-11-22,201611224081900,MNBBL,22,1,100,880.0,88000.0
2016-11-22,201611224081899,MNBBL,22,1,50,880.0,44000.0
2016-11-22,201611224081836,MSMBS,22,36,40,800.0,32000.0
2016-11-22,201611224081817,MSMBS,22,55,10,800.0,8000.0
2016-11-22,201611224082074,NABIL,41,6,150,1605.0,240750.0
2016-11-22,201611224082073,NABIL,6,6,50,1606.0,80300.0
2016-11-22,201611224081772,NABIL,22,19,100,1610.0,161000.0
2016-11-22,201611224081771,NABIL,22,19,150,1610.0,241500.0
2016-11-22,201611224081724,NABIL,54,54,500,1635.0,817500.0
2016-11-22,201611224082118,NBB,6,46,70,730.0,51100.0
2016-11-22,201611224082117,NBB,52,46,100,735.0,73500.0
2016-11-22,201611224082094,NBB,6,36,230,735.0,169050.0
2016-11-22,201611224082080,NBB,22,36,100,735.0,73500.0
2016-11-22,201611224082075,NBB,37,36,500,735.0,367500.0
2016-11-22,201611224082069,NBB,33,36,100,735.0,73500.0
2016-11-22,201611224081700,NBB,22,16,10,750.0,7500.0
2016-11-22,201611224081791,NBB,51,22,250,735.0,183750.0
2016-11-22,201611224081790,NBB,56,22,50,735.0,36750.0
2016-11-22,201611224081741,NBB,22,49,10,750.0,7500.0
2016-11-22,201611224081729,NBB,20,49,200,740.0,148000.0
2016-11-22,201611224081710,NBB,22,35,90,750.0,67500.0
2016-11-22,201611224081709,NBB,22,35,110,750.0,82500.0
2016-11-22,201611224081846,NBB,43,49,50,721.0,36050.0
2016-11-22,201611224081845,NBB,43,49,50,721.0,36050.0
2016-11-22,201611224081844,NBB,19,46,25,721.0,18025.0
2016-11-22,201611224081842,NBB,19,46,50,721.0,36050.0
2016-11-22,201611224081815,NBB,47,46,20,735.0,14700.0
2016-11-22,201611224081814,NBB,51,46,430,735.0,316050.0
2016-11-22,201611224082068,NBB,46,36,500,735.0,367500.0
2016-11-22,201611224082043,NBB,35,36,100,749.0,74900.0
2016-11-22,201611224082027,NBB,35,49,43,735.0,31605.0
2016-11-22,201611224081961,NBB,43,32,1000,725.0,725000.0
2016-11-22,201611224081892,NBB,7,17,10,711.0,7110.0
2016-11-22,201611224081850,NBB,7,49,100,721.0,72100.0
2016-11-22,201611224082089,NBL,59,46,1500,440.0,660000.0
2016-11-22,201611224081979,NBL,7,46,40,440.0,17600.0
2016-11-22,201611224081930,NBL,7,46,100,438.0,43800.0
2016-11-22,201611224081859,NBL,59,5,450,446.0,200700.0
2016-11-22,201611224081858,NBL,59,51,150,446.0,66900.0
2016-11-22,201611224081857,NBL,59,45,200,440.0,88000.0
2016-11-22,201611224081820,NBL,59,43,500,438.0,219000.0
2016-11-22,201611224081793,NBL,44,54,500,430.0,215000.0
2016-11-22,201611224081759,NBL,44,50,1000,438.0,438000.0
2016-11-22,201611224081749,NBL,22,52,100,446.0,44600.0
2016-11-22,201611224081720,NBL,7,16,181,446.0,80726.0
2016-11-22,201611224082023,NIB,19,1,498,729.0,363042.0
2016-11-22,201611224082009,NIB,25,14,500,721.0,360500.0
2016-11-22,201611224082008,NIB,7,14,100,722.0,72200.0
2016-11-22,201611224082007,NIB,1,14,50,724.0,36200.0
2016-11-22,201611224082006,NIB,53,14,50,724.0,36200.0
2016-11-22,201611224081998,NIB,55,14,200,725.0,145000.0
2016-11-22,201611224081797,NIB,38,36,50,727.0,36350.0
2016-11-22,201611224081752,NIB,49,14,50,734.0,36700.0
2016-11-22,201611224081748,NIB,42,14,50,740.0,37000.0
2016-11-22,201611224081902,NIB,7,36,100,722.0,72200.0
2016-11-22,201611224081833,NIB,50,36,90,720.0,64800.0
2016-11-22,201611224081801,NIB,25,36,100,720.0,72000.0
2016-11-22,201611224081800,NIB,41,36,500,720.0,360000.0
2016-11-22,201611224081799,NIB,42,36,30,725.0,21750.0
2016-11-22,201611224081798,NIB,42,36,30,725.0,21750.0
2016-11-22,201611224082016,NIBPO,42,25,1000,680.0,680000.0
2016-11-22,201611224082114,NICA,11,19,150,540.0,81000.0
2016-11-22,201611224082093,NICA,29,50,11,535.0,5885.0
2016-11-22,201611224082071,NICA,29,45,80,535.0,42800.0
2016-11-22,201611224081916,NICA,17,32,20,528.0,10560.0
2016-11-22,201611224081915,NICA,17,32,100,528.0,52800.0
2016-11-22,201611224081914,NICA,17,32,100,528.0,52800.0
2016-11-22,201611224081766,NICA,22,46,233,528.0,123024.0
2016-11-22,201611224081719,NICA,56,19,50,535.0,26750.0
2016-11-22,201611224081718,NICA,22,19,200,535.0,107000.0
2016-11-22,201611224081887,NLG,8,57,100,1843.0,184300.0
2016-11-22,201611224081789,NLIC,22,36,100,3362.0,336200.0
2016-11-22,201611224082112,NLICL,32,25,20,3323.0,66460.0
2016-11-22,201611224082086,NLICL,55,50,100,3323.0,332300.0
2016-11-22,201611224082077,NLICL,20,44,50,3350.0,167500.0
2016-11-22,201611224082076,NLICL,26,44,10,3350.0,33500.0
2016-11-22,201611224082039,NLICL,58,46,100,3350.0,335000.0
2016-11-22,201611224082105,NMB,58,28,74,638.0,47212.0
2016-11-22,201611224082104,NMB,58,36,610,637.0,388570.0
2016-11-22,201611224082103,NMB,32,25,181,636.0,115116.0
2016-11-22,201611224082091,NMB,34,25,500,637.0,318500.0
2016-11-22,201611224082061,NMB,59,25,200,625.0,125000.0
2016-11-22,201611224082060,NMB,34,25,10,625.0,6250.0
2016-11-22,201611224081792,NMB,58,33,3127,660.0,2063820.0
2016-11-22,201611224081783,NMB,58,16,87,662.0,57594.0
2016-11-22,201611224082053,NMB,22,25,100,628.0,62800.0
2016-11-22,201611224082003,NMB,8,36,1000,637.0,637000.0
2016-11-22,201611224082002,NMB,47,36,100,637.0,63700.0
2016-11-22,201611224082001,NMB,50,36,100,637.0,63700.0
2016-11-22,201611224082000,NMB,26,36,200,638.0,127600.0
2016-11-22,201611224081854,NMB,38,16,50,650.0,32500.0
2016-11-22,201611224082059,NMB,47,25,100,625.0,62500.0
2016-11-22,201611224082058,NMB,54,25,200,625.0,125000.0
2016-11-22,201611224082057,NMB,44,25,200,625.0,125000.0
2016-11-22,201611224082056,NMB,58,25,200,626.0,125200.0
2016-11-22,201611224082055,NMB,58,25,500,627.0,313500.0
2016-11-22,201611224082054,NMB,38,25,100,628.0,62800.0
2016-11-22,201611224081928,NNLB,28,34,50,1302.0,65100.0
2016-11-22,201611224081818,PCBL,20,48,100,530.0,53000.0
2016-11-22,201611224081768,PCBL,20,48,100,535.0,53500.0
2016-11-22,201611224081760,PCBL,7,48,200,530.0,106000.0
2016-11-22,201611224081728,PCBL,22,48,100,540.0,54000.0
2016-11-22,201611224081727,PCBL,22,48,200,540.0,108000.0
2016-11-22,201611224081726,PCBL,29,48,500,540.0,270000.0
2016-11-22,201611224081980,PIC,44,46,100,1768.0,176800.0
2016-11-22,201611224081848,PIC,5,36,20,1804.0,36080.0
2016-11-22,201611224081795,PIC,22,32,100,1840.0,184000.0
2016-11-22,201611224081834,PICL,17,34,200,1395.0,279000.0
2016-11-22,201611224082066,PRIN,48,26,150,1279.0,191850.0
2016-11-22,201611224082037,PRIN,58,26,100,1279.0,127900.0
2016-11-22,201611224082036,PRIN,53,26,200,1280.0,256000.0
2016-11-22,201611224082035,PRIN,13,26,50,1285.0,64250.0
2016-11-22,201611224082098,RBCL,28,28,100,11000.0,1100000.0
2016-11-22,201611224081990,SANIMA,43,36,500,538.0,269000.0
2016-11-22,201611224081975,SANIMA,33,36,1100,528.0,580800.0
2016-11-22,201611224081974,SANIMA,13,36,500,529.0,264500.0
2016-11-22,201611224081973,SANIMA,53,36,50,530.0,26500.0
2016-11-22,201611224081972,SANIMA,20,36,200,530.0,106000.0
2016-11-22,201611224081971,SANIMA,38,36,200,530.0,106000.0
2016-11-22,201611224081733,SANIMA,42,16,30,546.0,16380.0
2016-11-22,201611224081731,SANIMA,42,16,70,546.0,38220.0
2016-11-22,201611224081730,SANIMA,39,16,130,546.0,70980.0
2016-11-22,201611224081722,SANIMA,39,16,20,546.0,10920.0
2016-11-22,201611224081701,SANIMA,42,16,20,557.0,11140.0
2016-11-22,201611224081787,SANIMA,37,57,100,536.0,53600.0
2016-11-22,201611224081786,SANIMA,34,57,50,536.0,26800.0
2016-11-22,201611224081785,SANIMA,17,57,50,537.0,26850.0
2016-11-22,201611224081775,SANIMA,17,57,100,540.0,54000.0
2016-11-22,201611224081765,SANIMA,32,16,70,546.0,38220.0
2016-11-22,201611224081734,SANIMA,34,16,100,546.0,54600.0
2016-11-22,201611224081867,SANIMA,37,48,200,537.0,107400.0
2016-11-22,201611224081866,SANIMA,17,48,200,537.0,107400.0
2016-11-22,201611224081865,SANIMA,26,48,200,538.0,107600.0
2016-11-22,201611224081864,SANIMA,19,48,50,538.0,26900.0
2016-11-22,201611224081863,SANIMA,26,48,500,539.0,269500.0
2016-11-22,201611224081788,SANIMA,47,57,20,536.0,10720.0
2016-11-22,201611224081952,SANIMA,16,36,400,538.0,215200.0
2016-11-22,201611224081951,SANIMA,50,36,500,538.0,269000.0
2016-11-22,201611224081950,SANIMA,26,36,200,540.0,108000.0
2016-11-22,201611224081949,SANIMA,38,36,400,540.0,216000.0
2016-11-22,201611224081875,SANIMA,6,48,22,537.0,11814.0
2016-11-22,201611224081868,SANIMA,6,48,350,537.0,187950.0
2016-11-22,201611224081964,SANIMA,38,36,200,540.0,108000.0
2016-11-22,201611224081957,SANIMA,49,36,800,535.0,428000.0
2016-11-22,201611224081956,SANIMA,37,36,200,536.0,107200.0
2016-11-22,201611224081955,SANIMA,54,36,500,536.0,268000.0
2016-11-22,201611224081954,SANIMA,6,36,500,537.0,268500.0
2016-11-22,201611224081953,SANIMA,39,36,500,537.0,268500.0
2016-11-22,201611224081970,SANIMA,39,36,100,530.0,53000.0
2016-11-22,201611224081969,SANIMA,17,36,100,530.0,53000.0
2016-11-22,201611224081968,SANIMA,19,36,50,531.0,26550.0
2016-11-22,201611224081967,SANIMA,19,36,100,532.0,53200.0
2016-11-22,201611224081966,SANIMA,55,36,200,535.0,107000.0
2016-11-22,201611224081965,SANIMA,49,36,200,535.0,107000.0
2016-11-22,201611224081886,SBI,19,49,50,1480.0,74000.0
2016-11-22,201611224081717,SBI,22,49,100,1480.0,148000.0
2016-11-22,201611224082049,SBL,6,45,71,1000.0,71000.0
2016-11-22,201611224082048,SBL,6,41,100,1000.0,100000.0
2016-11-22,201611224081947,SBL,8,7,70,989.0,69230.0
2016-11-22,201611224081946,SBL,6,7,130,990.0,128700.0
2016-11-22,201611224081945,SBL,33,16,130,990.0,128700.0
2016-11-22,201611224081929,SBL,26,16,200,990.0,198000.0
2016-11-22,201611224081861,SBL,42,42,200,1010.0,202000.0
2016-11-22,201611224081781,SBL,42,37,30,1009.0,30270.0
2016-11-22,201611224081924,SBL,6,16,200,990.0,198000.0
2016-11-22,201611224081885,SBL,14,16,100,990.0,99000.0
2016-11-22,201611224081881,SBL,42,16,50,990.0,49500.0
2016-11-22,201611224081872,SBL,37,16,200,990.0,198000.0
2016-11-22,201611224081871,SBL,39,16,20,990.0,19800.0
2016-11-22,201611224081870,SBL,42,16,100,1010.0,101000.0
2016-11-22,201611224082108,SCB,56,50,35,2800.0,98000.0
2016-11-22,201611224081932,SCB,47,58,50,2842.0,142100.0
2016-11-22,201611224081931,SCB,53,58,50,2842.0,142100.0
2016-11-22,201611224081874,SCB,53,22,150,2842.0,426300.0
2016-11-22,201611224081873,SCB,22,22,100,2845.0,284500.0
2016-11-22,201611224081794,SCB,47,22,100,2900.0,290000.0
2016-11-22,201611224081747,SCB,7,46,20,2925.0,58500.0
2016-11-22,201611224082111,SDBL,48,42,75,465.0,34875.0
2016-11-22,201611224082097,SDBL,58,58,423,460.0,194580.0
2016-11-22,201611224082031,SDBL,1,43,100,460.0,46000.0
2016-11-22,201611224081960,SDBL,48,11,850,465.0,395250.0
2016-11-22,201611224081927,SDBL,39,41,200,460.0,92000.0
2016-11-22,201611224081922,SDBL,39,41,200,460.0,92000.0
2016-11-22,201611224081698,SDBL,49,16,50,461.0,23050.0
2016-11-22,201611224081901,SDBL,33,11,150,461.0,69150.0
2016-11-22,201611224081888,SDBL,33,16,50,461.0,23050.0
2016-11-22,201611224081767,SDBL,13,51,37,460.0,17020.0
2016-11-22,201611224081716,SDBL,5,5,54,460.0,24840.0
2016-11-22,201611224081704,SDBL,42,16,200,461.0,92200.0
2016-11-22,201611224081703,SDBL,22,16,200,461.0,92200.0
2016-11-22,201611224082018,SEWA,19,36,200,310.0,62000.0
2016-11-22,201611224082116,SHINE,40,40,88,527.0,46376.0
2016-11-22,201611224082110,SHINE,40,40,88,527.0,46376.0
2016-11-22,201611224082099,SHINE,40,40,88,527.0,46376.0
2016-11-22,201611224082081,SHINE,40,40,88,527.0,46376.0
2016-11-22,201611224082040,SHINE,40,40,88,527.0,46376.0
2016-11-22,201611224081751,SHL,22,22,200,396.0,79200.0
2016-11-22,201611224082106,SICL,53,53,17,3750.0,63750.0
2016-11-22,201611224082034,SICL,14,53,10,3764.0,37640.0
2016-11-22,201611224082033,SICL,6,53,100,3770.0,377000.0
2016-11-22,201611224082092,SRBL,56,35,401,488.0,195688.0
2016-11-22,201611224082088,SRBL,8,35,600,487.0,292200.0
2016-11-22,201611224081977,SRBL,19,16,100,488.0,48800.0
2016-11-22,201611224081962,SRBL,42,16,100,488.0,48800.0
2016-11-22,201611224081707,SRBL,49,49,1406,496.0,697376.0
2016-11-22,201611224081843,VSDBL,34,18,130,192.0,24960.0
2016-11-22,201611224081732,WDBL,22,58,100,294.0,29400.0
2016-11-22,201611224084818,ADBL,50,34,150,555.0,83250.0
2016-11-22,201611224084758,ADBL,58,29,101,552.0,55752.0
2016-11-22,201611224084659,ADBL,38,6,100,553.0,55300.0
2016-11-22,201611224085021,AHPC,45,38,500,271.0,135500.0
2016-11-22,201611224084882,AHPC,45,1,500,271.0,135500.0
2016-11-22,201611224084761,AHPC,37,1,100,272.0,27200.0
2016-11-22,201611224085113,API,8,1,200,525.0,105000.0
2016-11-22,201611224084800,API,35,5,16,522.0,8352.0
2016-11-22,201611224085053,BOKL,26,1,179,648.0,115992.0
2016-11-22,201611224084964,BOKL,45,25,50,649.0,32450.0
2016-11-22,201611224084948,BOKL,11,36,200,650.0,130000.0
2016-11-22,201611224084890,BOKL,32,40,20,649.0,12980.0
2016-11-22,201611224084707,BOKL,19,6,219,646.0,141474.0
2016-11-22,201611224084701,BOKL,25,25,200,650.0,130000.0
2016-11-22,201611224084649,BOKL,38,25,200,650.0,130000.0
2016-11-22,201611224084648,BOKL,26,6,250,649.0,162250.0
2016-11-22,201611224085072,CBL,44,21,60,273.0,16380.0
2016-11-22,201611224084969,CBL,49,1,153,273.0,41769.0
2016-11-22,201611224084936,CBL,49,42,36,273.0,9828.0
2016-11-22,201611224084930,CBL,6,42,170,273.0,46410.0
2016-11-22,201611224084929,CBL,1,42,500,273.0,136500.0
2016-11-22,201611224084928,CBL,49,42,500,273.0,136500.0
2016-11-22,201611224084651,CBL,25,42,100,275.0,27500.0
2016-11-22,201611224084644,CBL,32,42,50,275.0,13750.0
2016-11-22,201611224084630,CBL,25,42,100,275.0,27500.0
2016-11-22,201611224084672,CBL,25,42,500,274.0,137000.0
2016-11-22,201611224084671,CBL,14,42,100,274.0,27400.0
2016-11-22,201611224084670,CBL,41,42,500,274.0,137000.0
2016-11-22,201611224084669,CBL,57,42,300,274.0,82200.0
2016-11-22,201611224084661,CBL,20,42,250,275.0,68750.0
2016-11-22,201611224084658,CBL,25,42,50,275.0,13750.0
2016-11-22,201611224084678,CBL,47,42,100,273.0,27300.0
2016-11-22,201611224084677,CBL,8,42,1000,273.0,273000.0
2016-11-22,201611224084676,CBL,47,42,100,273.0,27300.0
2016-11-22,201611224084675,CBL,43,42,100,273.0,27300.0
2016-11-22,201611224084674,CBL,38,42,500,274.0,137000.0
2016-11-22,201611224084673,CBL,38,42,500,274.0,137000.0
2016-11-22,201611224084684,CBL,44,42,1700,272.0,462400.0
2016-11-22,201611224084683,CBL,4,42,1000,272.0,272000.0
2016-11-22,201611224084682,CBL,29,42,100,272.0,27200.0
2016-11-22,201611224084681,CBL,1,42,300,272.0,81600.0
2016-11-22,201611224084680,CBL,29,42,1000,273.0,273000.0
2016-11-22,201611224084679,CBL,29,42,200,273.0,54600.0
2016-11-22,201611224084727,CBL,44,42,51,272.0,13872.0
2016-11-22,201611224084725,CBL,44,42,900,272.0,244800.0
2016-11-22,201611224084724,CBL,22,42,100,274.0,27400.0
2016-11-22,201611224084723,CBL,32,42,100,274.0,27400.0
2016-11-22,201611224084699,CBL,1,1,125,275.0,34375.0
2016-11-22,201611224084695,CBL,25,39,19,274.0,5206.0
2016-11-22,201611224084927,CBL,59,42,2000,274.0,548000.0
2016-11-22,201611224084926,CBL,13,42,230,274.0,63020.0
2016-11-22,201611224084924,CBL,13,21,50,274.0,13700.0
2016-11-22,201611224084923,CBL,49,21,50,275.0,13750.0
2016-11-22,201611224084883,CBL,13,45,220,274.0,60280.0
2016-11-22,201611224084760,CBL,50,1,125,275.0,34375.0
2016-11-22,201611224085075,CCBL,7,21,36,376.0,13536.0
2016-11-22,201611224084982,CCBL,45,49,43,379.0,16297.0
2016-11-22,201611224084742,CCBL,56,42,93,377.0,35061.0
2016-11-22,201611224084737,CCBL,38,42,200,378.0,75600.0
2016-11-22,201611224084736,CCBL,34,42,200,378.0,75600.0
2016-11-22,201611224084735,CCBL,36,42,500,379.0,189500.0
2016-11-22,201611224084734,CCBL,17,42,100,380.0,38000.0
2016-11-22,201611224084974,CHCL,41,36,200,1086.0,217200.0
2016-11-22,201611224084824,CHCL,47,36,50,1088.0,54400.0
2016-11-22,201611224084823,CHCL,22,36,100,1088.0,108800.0
2016-11-22,201611224084822,CHCL,19,36,80,1088.0,87040.0
2016-11-22,201611224084821,CHCL,7,36,100,1088.0,108800.0
2016-11-22,201611224084820,CHCL,26,36,100,1090.0,109000.0
2016-11-22,201611224084708,CHCL,41,36,170,1100.0,187000.0
2016-11-22,201611224085110,CZBIL,29,49,100,495.0,49500.0
2016-11-22,201611224085090,CZBIL,42,17,150,493.0,73950.0
2016-11-22,201611224085089,CZBIL,5,17,70,494.0,34580.0
2016-11-22,201611224085002,CZBIL,5,40,30,494.0,14820.0
2016-11-22,201611224084853,CZBIL,42,40,20,493.0,9860.0
2016-11-22,201611224084852,CZBIL,13,49,500,495.0,247500.0
2016-11-22,201611224084845,CZBIL,28,49,200,495.0,99000.0
2016-11-22,201611224084753,CZBIL,17,46,470,494.0,232180.0
2016-11-22,201611224084740,CZBIL,42,46,30,494.0,14820.0
2016-11-22,201611224084638,CZBIL,42,40,20,493.0,9860.0
2016-11-22,201611224084843,DDBL,41,38,50,2569.0,128450.0
2016-11-22,201611224084838,DDBL,41,38,100,2570.0,257000.0
2016-11-22,201611224084825,DDBL,41,33,100,2570.0,257000.0
2016-11-22,201611224085015,EBL,56,45,50,3471.0,173550.0
2016-11-22,201611224084999,EBL,52,49,36,3472.0,124992.0
2016-11-22,201611224084958,EBL,14,26,100,3485.0,348500.0
2016-11-22,201611224084931,EBL,5,26,100,3485.0,348500.0
2016-11-22,201611224084918,EBL,21,26,100,3480.0,348000.0
2016-11-22,201611224084712,EBL,38,48,60,3489.0,209340.0
2016-11-22,201611224084641,EBL,45,48,50,3489.0,174450.0
2016-11-22,201611224084624,EBL,16,48,50,3489.0,174450.0
2016-11-22,201611224084767,EBL,6,59,200,3485.0,697000.0
2016-11-22,201611224084766,EBL,14,59,100,3485.0,348500.0
2016-11-22,201611224084765,EBL,14,59,100,3489.0,348900.0
2016-11-22,201611224084764,EBL,19,59,50,3490.0,174500.0
2016-11-22,201611224084763,EBL,41,59,70,3490.0,244300.0
2016-11-22,201611224084762,EBL,45,59,50,3490.0,174500.0
2016-11-22,201611224084807,EBL,46,42,100,3482.0,348200.0
2016-11-22,201611224084806,EBL,26,42,100,3483.0,348300.0
2016-11-22,201611224084805,EBL,10,42,20,3484.0,69680.0
2016-11-22,201611224084788,EBL,45,48,20,3491.0,69820.0
2016-11-22,201611224084787,EBL,52,48,100,3491.0,349100.0
2016-11-22,201611224084768,EBL,10,59,130,3484.0,452920.0
2016-11-22,201611224084813,EBL,21,42,100,3480.0,348000.0
2016-11-22,201611224084812,EBL,19,42,20,3480.0,69600.0
2016-11-22,201611224084811,EBL,13,42,100,3480.0,348000.0
2016-11-22,201611224084810,EBL,40,42,500,3480.0,1740000.0
2016-11-22,201611224084809,EBL,16,42,200,3481.0,696200.0
2016-11-22,201611224084808,EBL,39,42,200,3482.0,696400.0
2016-11-22,201611224084891,EBL,52,42,10,3485.0,34850.0
2016-11-22,201611224084837,EBL,7,42,150,3485.0,522750.0
2016-11-22,201611224084826,EBL,7,53,10,3479.0,34790.0
2016-11-22,201611224084814,EBL,25,42,100,3480.0,348000.0
2016-11-22,201611224085000,GBBL,54,21,17,395.0,6715.0
2016-11-22,201611224084995,GBBL,25,54,100,395.0,39500.0
2016-11-22,201611224084879,GBBL,54,45,10,395.0,3950.0
2016-11-22,201611224084851,GBBL,16,45,90,395.0,35550.0
2016-11-22,201611224084848,GBBL,16,38,200,395.0,79000.0
2016-11-22,201611224084685,GBBL,16,45,10,395.0,3950.0
2016-11-22,201611224084922,GBIME,11,43,200,454.0,90800.0
2016-11-22,201611224084909,GBIME,42,40,30,450.0,13500.0
2016-11-22,201611224084842,GBIME,42,40,20,450.0,9000.0
2016-11-22,201611224084745,GBIME,28,28,25,452.0,11300.0
2016-11-22,201611224084645,GBIME,49,38,100,450.0,45000.0
2016-11-22,201611224085014,GLICL,16,50,53,790.0,41870.0
2016-11-22,201611224085099,HBL,34,42,208,1201.0,249808.0
2016-11-22,201611224085096,HBL,13,42,200,1205.0,241000.0
2016-11-22,201611224085095,HBL,8,42,50,1205.0,60250.0
2016-11-22,201611224085094,HBL,6,42,100,1207.0,120700.0
2016-11-22,201611224085093,HBL,25,42,100,1208.0,120800.0
2016-11-22,201611224085092,HBL,22,42,50,1210.0,60500.0
2016-11-22,201611224085091,HBL,41,42,50,1212.0,60600.0
2016-11-22,201611224084917,HBL,16,16,568,1215.0,690120.0
2016-11-22,201611224085074,HGI,42,16,100,1700.0,170000.0
2016-11-22,201611224085043,HGI,49,35,200,1705.0,341000.0
2016-11-22,201611224085013,HGI,49,49,22,1705.0,37510.0
2016-11-22,201611224084962,HGI,49,32,200,1705.0,341000.0
2016-11-22,201611224084792,HGI,38,5,200,1700.0,340000.0
2016-11-22,201611224085117,HIDCL,55,55,56,276.0,15456.0
2016-11-22,201611224085100,HIDCL,55,55,56,276.0,15456.0
2016-11-22,201611224085081,HIDCL,55,55,56,276.0,15456.0
2016-11-22,201611224085068,HIDCL,55,55,56,276.0,15456.0
2016-11-22,201611224085058,HIDCL,55,55,56,276.0,15456.0
2016-11-22,201611224085054,HIDCL,6,55,56,276.0,15456.0
2016-11-22,201611224084713,HIDCL,34,6,56,277.0,15512.0
2016-11-22,201611224084847,HIDCL,45,5,58,275.0,15950.0
2016-11-22,201611224084834,HIDCL,11,20,56,278.0,15568.0
2016-11-22,201611224084815,HIDCL,54,25,500,276.0,138000.0
2016-11-22,201611224084804,HIDCL,11,20,56,278.0,15568.0
2016-11-22,201611224084795,HIDCL,11,20,56,278.0,15568.0
2016-11-22,201611224084789,HIDCL,11,35,32,279.0,8928.0
2016-11-22,201611224084950,HIDCL,55,55,56,276.0,15456.0
2016-11-22,201611224084944,HIDCL,6,21,56,277.0,15512.0
2016-11-22,201611224084939,HIDCL,6,21,56,277.0,15512.0
2016-11-22,201611224084932,HIDCL,55,55,56,276.0,15456.0
2016-11-22,201611224084892,HIDCL,17,13,23,275.0,6325.0
2016-11-22,201611224085034,HIDCL,55,14,56,276.0,15456.0
2016-11-22,201611224085001,HIDCL,55,55,56,276.0,15456.0
2016-11-22,201611224084970,HIDCL,55,26,10,276.0,2760.0
2016-11-22,201611224084963,HIDCL,55,55,56,276.0,15456.0
2016-11-22,201611224084957,HIDCL,6,21,56,277.0,15512.0
2016-11-22,201611224084952,HIDCL,6,21,56,277.0,15512.0
2016-11-22,201611224084960,ICFC,11,25,200,270.0,54000.0
2016-11-22,201611224084650,ILFCM,34,34,800,717.0,573600.0
2016-11-22,201611224084646,ILFCM,34,34,1000,717.0,717000.0
2016-11-22,201611224084885,JBBL,42,38,45,330.0,14850.0
2016-11-22,201611224084864,JBBL,45,21,212,330.0,69960.0
2016-11-22,201611224084802,JBBL,26,29,10,333.0,3330.0
2016-11-22,201611224084668,JBBL,47,21,212,330.0,69960.0
2016-11-22,201611224084994,JSLBB,6,6,10,2239.0,22390.0
2016-11-22,201611224084993,JSLBB,6,6,10,2239.0,22390.0
2016-11-22,201611224084992,JSLBB,6,6,10,2239.0,22390.0
2016-11-22,201611224084991,JSLBB,6,6,10,2239.0,22390.0
2016-11-22,201611224084990,JSLBB,6,6,10,2239.0,22390.0
2016-11-22,201611224084989,JSLBB,6,6,10,2239.0,22390.0
2016-11-22,201611224084988,JSLBB,6,6,10,2239.0,22390.0
2016-11-22,201611224084987,JSLBB,6,6,10,2239.0,22390.0
2016-11-22,201611224084986,JSLBB,6,6,10,2239.0,22390.0
2016-11-22,201611224084985,JSLBB,6,6,10,2239.0,22390.0
2016-11-22,201611224084984,JSLBB,6,6,10,2239.0,22390.0
2016-11-22,201611224084629,KADBL,39,32,70,540.0,37800.0
2016-11-22,201611224085097,KBBL,32,21,17,532.0,9044.0
2016-11-22,201611224085025,KBBL,51,21,17,532.0,9044.0
2016-11-22,201611224085108,KBL,50,49,100,565.0,56500.0
2016-11-22,201611224085102,KBL,5,49,200,565.0,113000.0
2016-11-22,201611224085031,KBL,19,25,50,564.0,28200.0
2016-11-22,201611224084954,KBL,42,25,150,564.0,84600.0
2016-11-22,201611224084720,KBL,26,28,100,564.0,56400.0
2016-11-22,201611224084663,KBL,34,38,70,561.0,39270.0
2016-11-22,201611224084655,KBL,25,38,200,562.0,112400.0
2016-11-22,201611224084654,KBL,56,38,100,562.0,56200.0
2016-11-22,201611224084653,KBL,14,38,200,562.0,112400.0
2016-11-22,201611224084996,KMFL,51,49,10,3660.0,36600.0
2016-11-22,201611224084983,KMFL,51,49,10,3660.0,36600.0
2016-11-22,201611224084667,KNBL,56,7,200,628.0,125600.0
2016-11-22,201611224084666,KNBL,6,7,50,628.0,31400.0
2016-11-22,201611224084642,KNBL,41,17,1000,630.0,630000.0
2016-11-22,201611224084639,KNBL,37,17,200,633.0,126600.0
2016-11-22,201611224084889,LGIL,50,50,10,1615.0,16150.0
2016-11-22,201611224084846,LGIL,6,50,50,1615.0,80750.0
2016-11-22,201611224084726,LGIL,53,26,100,1625.0,162500.0
2016-11-22,201611224084697,LGIL,28,49,92,1615.0,148580.0
2016-11-22,201611224085063,LICN,35,16,100,2960.0,296000.0
2016-11-22,201611224085062,LICN,58,16,100,2961.0,296100.0
2016-11-22,201611224084759,LLBS,21,28,11,1265.0,13915.0
2016-11-22,201611224084953,MBL,49,49,4562,490.0,2235380.0
2016-11-22,201611224084751,MBL,29,16,850,492.0,418200.0
2016-11-22,201611224084738,MBL,56,16,100,492.0,49200.0
2016-11-22,201611224084733,MBL,50,16,500,492.0,246000.0
2016-11-22,201611224084728,MBL,59,16,500,492.0,246000.0
2016-11-22,201611224084710,MBL,10,46,22,490.0,10780.0
2016-11-22,201611224084705,MBL,10,46,200,490.0,98000.0
2016-11-22,201611224084704,MBL,50,46,100,490.0,49000.0
2016-11-22,201611224084703,MBL,29,46,300,490.0,147000.0
2016-11-22,201611224084702,MBL,14,46,100,490.0,49000.0
2016-11-22,201611224085088,MEGA,19,49,40,451.0,18040.0
2016-11-22,201611224085041,MEGA,48,40,300,451.0,135300.0
2016-11-22,201611224085040,MEGA,11,40,100,451.0,45100.0
2016-11-22,201611224085039,MEGA,25,40,100,451.0,45100.0
2016-11-22,201611224084749,MEGA,46,40,50,455.0,22750.0
2016-11-22,201611224084647,MEGA,45,40,30,455.0,13650.0
2016-11-22,201611224084947,MFIL,8,16,350,397.0,138950.0
2016-11-22,201611224084946,MFIL,19,16,50,397.0,19850.0
2016-11-22,201611224084943,MFIL,5,6,500,399.0,199500.0
2016-11-22,201611224084938,MIDBL,37,22,200,537.0,107400.0
2016-11-22,201611224084973,MNBBL,57,54,200,900.0,180000.0
2016-11-22,201611224084968,MNBBL,36,54,80,900.0,72000.0
2016-11-22,201611224084967,MNBBL,36,48,270,900.0,243000.0
2016-11-22,201611224084940,MNBBL,20,14,50,899.0,44950.0
2016-11-22,201611224084799,MNBBL,13,59,193,900.0,173700.0
2016-11-22,201611224084716,MNBBL,58,13,314,902.0,283228.0
2016-11-22,201611224084715,MNBBL,58,45,200,901.0,180200.0
2016-11-22,201611224084714,MNBBL,58,59,90,900.0,81000.0
2016-11-22,201611224084694,MNBBL,33,59,100,900.0,90000.0
2016-11-22,201611224084854,MSMBS,13,5,12,790.0,9480.0
2016-11-22,201611224084785,MSMBS,13,56,10,800.0,8000.0
2016-11-22,201611224084835,NABIL,40,36,74,1631.0,120694.0
2016-11-22,201611224084748,NABIL,40,40,20,1631.0,32620.0
2016-11-22,201611224084635,NABIL,19,36,90,1630.0,146700.0
2016-11-22,201611224084634,NABIL,29,36,120,1630.0,195600.0
2016-11-22,201611224084633,NABIL,50,36,20,1630.0,32600.0
2016-11-22,201611224084908,NABILP,35,37,50,1190.0,59500.0
2016-11-22,201611224084631,NABILP,8,5,100,1182.0,118200.0
2016-11-22,201611224084877,NABILP,37,37,150,1190.0,178500.0
2016-11-22,201611224084876,NABILP,14,14,913,1193.0,1089209.0
2016-11-22,201611224085106,NBB,13,38,150,760.0,114000.0
2016-11-22,201611224085105,NBB,45,38,100,760.0,76000.0
2016-11-22,201611224085104,NBB,7,38,200,760.0,152000.0
2016-11-22,201611224084978,NBB,25,38,200,760.0,152000.0
2016-11-22,201611224084977,NBB,58,38,150,760.0,114000.0
2016-11-22,201611224084976,NBB,58,38,100,760.0,76000.0
2016-11-22,201611224084887,NBB,16,16,5148,761.0,3917628.0
2016-11-22,201611224084798,NBB,54,38,50,762.0,38100.0
2016-11-22,201611224084797,NBB,54,50,100,762.0,76200.0
2016-11-22,201611224084975,NBB,35,38,100,760.0,76000.0
2016-11-22,201611224084966,NBB,17,38,50,762.0,38100.0
2016-11-22,201611224084916,NBB,32,38,50,762.0,38100.0
2016-11-22,201611224084637,NBF1,6,50,2997,20.6,61738.2
2016-11-22,201611224085030,NBL,58,42,930,435.0,404550.0
2016-11-22,201611224085029,NBL,45,42,500,435.0,217500.0
2016-11-22,201611224085028,NBL,8,42,50,436.0,21800.0
2016-11-22,201611224085027,NBL,59,42,500,440.0,220000.0
2016-11-22,201611224085026,NBL,25,42,20,440.0,8800.0
2016-11-22,201611224085012,NBL,25,42,980,440.0,431200.0
2016-11-22,201611224084732,NBL,17,42,100,449.0,44900.0
2016-11-22,201611224084652,NBL,19,46,500,450.0,225000.0
2016-11-22,201611224084870,NBL,42,42,300,444.0,133200.0
2016-11-22,201611224084869,NBL,28,42,150,444.0,66600.0
2016-11-22,201611224084868,NBL,47,42,100,444.0,44400.0
2016-11-22,201611224084867,NBL,14,42,20,445.0,8900.0
2016-11-22,201611224084866,NBL,43,42,500,445.0,222500.0
2016-11-22,201611224084796,NBL,28,42,200,449.0,89800.0
2016-11-22,201611224085005,NBL,6,42,220,442.0,97240.0
2016-11-22,201611224085004,NBL,35,42,150,443.0,66450.0
2016-11-22,201611224084937,NBL,55,42,330,445.0,146850.0
2016-11-22,201611224084873,NBL,34,42,1000,443.0,443000.0
2016-11-22,201611224084872,NBL,19,42,100,443.0,44300.0
2016-11-22,201611224084871,NBL,11,42,500,443.0,221500.0
2016-11-22,201611224085011,NBL,35,42,500,440.0,220000.0
2016-11-22,201611224085010,NBL,48,42,50,440.0,22000.0
2016-11-22,201611224085009,NBL,49,42,200,441.0,88200.0
2016-11-22,201611224085008,NBL,14,42,100,441.0,44100.0
2016-11-22,201611224085007,NBL,37,42,300,441.0,132300.0
2016-11-22,201611224085006,NBL,17,42,500,442.0,221000.0
2016-11-22,201611224085061,NGPL,19,52,10,299.0,2990.0
2016-11-22,201611224084865,NGPL,51,5,12,298.0,3576.0
2016-11-22,201611224085066,NHPC,19,33,500,156.0,78000.0
2016-11-22,201611224085065,NHPC,19,33,100,157.0,15700.0
2016-11-22,201611224085064,NHPC,8,33,400,157.0,62800.0
2016-11-22,201611224084941,NHPC,10,48,3200,158.0,505600.0
2016-11-22,201611224084687,NHPC,8,45,400,157.0,62800.0
2016-11-22,201611224084686,NHPC,17,45,100,157.0,15700.0
2016-11-22,201611224085103,NIB,14,22,26,752.0,19552.0
2016-11-22,201611224085036,NIB,11,22,26,752.0,19552.0
2016-11-22,201611224085033,NIB,13,21,26,750.0,19500.0
2016-11-22,201611224085024,NIB,11,22,26,752.0,19552.0
2016-11-22,201611224085023,NIB,45,45,104,750.0,78000.0
2016-11-22,201611224084980,NIB,28,22,26,752.0,19552.0
2016-11-22,201611224084662,NIB,49,21,26,750.0,19500.0
2016-11-22,201611224084841,NIB,14,14,70,751.0,52570.0
2016-11-22,201611224084840,NIB,33,14,20,751.0,15020.0
2016-11-22,201611224084839,NIB,17,14,200,751.0,150200.0
2016-11-22,201611224084827,NIB,44,34,150,751.0,112650.0
2016-11-22,201611224084756,NIB,17,11,100,752.0,75200.0
2016-11-22,201611224084709,NIB,45,21,26,750.0,19500.0
2016-11-22,201611224084955,NIB,28,45,110,752.0,82720.0
2016-11-22,201611224084942,NIB,28,21,26,751.0,19526.0
2016-11-22,201611224084925,NIB,45,43,500,751.0,375500.0
2016-11-22,201611224084910,NIB,46,21,26,751.0,19526.0
2016-11-22,201611224084878,NIB,45,21,26,751.0,19526.0
2016-11-22,201611224084855,NIB,14,21,26,751.0,19526.0
2016-11-22,201611224084706,NIBPO,34,34,2000,674.0,1348000.0
2016-11-22,201611224084934,NICA,22,32,100,549.0,54900.0
2016-11-22,201611224084933,NICA,5,32,50,549.0,27450.0
2016-11-22,201611224084850,NICA,5,1,51,549.0,27999.0
2016-11-22,201611224084784,NICA,45,46,40,545.0,21800.0
2016-11-22,201611224084783,NICA,32,46,100,545.0,54500.0
2016-11-22,201611224084782,NICA,29,46,110,545.0,59950.0
2016-11-22,201611224084781,NICA,14,46,50,545.0,27250.0
2016-11-22,201611224084780,NICA,22,46,200,545.0,109000.0
2016-11-22,201611224084779,NICA,11,46,100,546.0,54600.0
2016-11-22,201611224084778,NICA,36,46,200,546.0,109200.0
2016-11-22,201611224084777,NICA,51,46,100,546.0,54600.0
2016-11-22,201611224084776,NICA,51,46,100,546.0,54600.0
2016-11-22,201611224084907,NIL,5,26,100,1960.0,196000.0
2016-11-22,201611224084906,NIL,40,26,10,1961.0,19610.0
2016-11-22,201611224084905,NIL,40,26,100,1963.0,196300.0
2016-11-22,201611224084904,NIL,19,26,50,1963.0,98150.0
2016-11-22,201611224084903,NIL,56,26,100,1964.0,196400.0
2016-11-22,201611224084636,NIL,53,35,40,1970.0,78800.0
2016-11-22,201611224085042,NLIC,51,45,15,3370.0,50550.0
2016-11-22,201611224085032,NLIC,53,45,50,3375.0,168750.0
2016-11-22,201611224085056,NLICL,7,45,30,3372.0,101160.0
2016-11-22,201611224085055,NLICL,45,45,20,3385.0,67700.0
2016-11-22,201611224084623,NLICL,16,48,250,3385.0,846250.0
2016-11-22,201611224084622,NLICL,16,28,40,3385.0,135400.0
2016-11-22,201611224085118,NLICLP,7,32,990,1686.0,1669140.0
2016-11-22,201611224085112,NLICLP,7,32,10,1720.0,17200.0
2016-11-22,201611224085022,NMB,58,43,512,643.0,329216.0
2016-11-22,201611224084981,NMB,57,49,40,643.0,25720.0
2016-11-22,201611224084829,NMB,7,7,66,641.0,42306.0
2016-11-22,201611224084693,NMB,59,6,40,640.0,25600.0
2016-11-22,201611224084692,NMB,1,6,100,640.0,64000.0
2016-11-22,201611224084691,NMB,6,6,60,640.0,38400.0
2016-11-22,201611224084690,NMB,6,6,100,641.0,64100.0
2016-11-22,201611224084689,NMB,13,6,100,641.0,64100.0
2016-11-22,201611224084688,NMB,48,6,200,641.0,128200.0
2016-11-22,201611224084665,NMB,32,49,50,643.0,32150.0
2016-11-22,201611224084739,NNLB,28,45,20,1284.0,25680.0
2016-11-22,201611224084711,NTC,25,59,25,674.0,16850.0
2016-11-22,201611224084912,NTC,53,22,160,680.0,108800.0
2016-11-22,201611224084902,NTC,17,5,100,675.0,67500.0
2016-11-22,201611224084894,NTC,17,5,100,675.0,67500.0
2016-11-22,201611224084959,PCBL,56,54,200,541.0,108200.0
2016-11-22,201611224084949,PCBL,32,21,11,541.0,5951.0
2016-11-22,201611224084801,PCBL,41,38,140,542.0,75880.0
2016-11-22,201611224084794,PCBL,41,38,250,542.0,135500.0
2016-11-22,201611224084775,PCBL,41,38,110,542.0,59620.0
2016-11-22,201611224084774,PCBL,26,38,200,542.0,108400.0
2016-11-22,201611224084773,PCBL,7,38,100,543.0,54300.0
2016-11-22,201611224084772,PCBL,56,38,100,543.0,54300.0
2016-11-22,201611224084771,PCBL,26,38,100,543.0,54300.0
2016-11-22,201611224084770,PCBL,52,38,200,544.0,108800.0
2016-11-22,201611224084769,PCBL,17,38,190,544.0,103360.0
2016-11-22,201611224084640,PCBL,19,32,200,547.0,109400.0
2016-11-22,201611224085101,PIC,33,46,265,1804.0,478060.0
2016-11-22,201611224084899,PIC,50,42,400,1815.0,726000.0
2016-11-22,201611224084898,PIC,28,42,200,1816.0,363200.0
2016-11-22,201611224084897,PIC,37,42,100,1822.0,182200.0
2016-11-22,201611224084896,PIC,53,42,110,1822.0,200420.0
2016-11-22,201611224084895,PIC,34,42,100,1823.0,182300.0
2016-11-22,201611224084888,PIC,49,49,800,1835.0,1468000.0
2016-11-22,201611224084833,PIC,21,16,200,1824.0,364800.0
2016-11-22,201611224084832,PIC,42,16,200,1825.0,365000.0
2016-11-22,201611224084831,PIC,5,16,100,1826.0,182600.0
2016-11-22,201611224084750,PICL,40,34,100,1397.0,139700.0
2016-11-22,201611224085060,PRIN,33,39,60,1310.0,78600.0
2016-11-22,201611224084861,PRIN,33,35,120,1310.0,157200.0
2016-11-22,201611224084860,PRIN,38,35,300,1311.0,393300.0
2016-11-22,201611224084859,PRIN,13,35,50,1311.0,65550.0
2016-11-22,201611224084858,PRIN,53,35,30,1311.0,39330.0
2016-11-22,201611224084786,RBBBL,38,25,13,452.0,5876.0
2016-11-22,201611224084844,RLFL,21,45,66,304.0,20064.0
2016-11-22,201611224084793,RLFL,21,29,20,304.0,6080.0
2016-11-22,201611224085069,RMDC,26,38,10,685.0,6850.0
2016-11-22,201611224084886,RMDC,26,11,20,685.0,13700.0
2016-11-22,201611224084791,SADBL,28,19,99,405.0,40095.0
2016-11-22,201611224084643,SADBL,28,32,50,405.0,20250.0
2016-11-22,201611224084700,SAFL,42,33,150,450.0,67500.0
2016-11-22,201611224085111,SANIMA,13,54,300,566.0,169800.0
2016-11-22,201611224084961,SANIMA,57,54,200,566.0,113200.0
2016-11-22,201611224084935,SANIMA,14,48,100,565.0,56500.0
2016-11-22,201611224084828,SANIMA,28,19,200,568.0,113600.0
2016-11-22,201611224084819,SANIMA,45,19,30,568.0,17040.0
2016-11-22,201611224084817,SANIMA,17,19,200,568.0,113600.0
2016-11-22,201611224084790,SANIMA,45,59,100,570.0,57000.0
2016-11-22,201611224084621,SANIMA,50,55,90,565.0,50850.0
2016-11-22,201611224085120,SBI,29,38,100,1494.0,149400.0
2016-11-22,201611224085119,SBI,32,38,100,1495.0,149500.0
2016-11-22,201611224085052,SBI,28,42,490,1495.0,732550.0
2016-11-22,201611224085051,SBI,54,42,100,1495.0,149500.0
2016-11-22,201611224085050,SBI,4,42,100,1496.0,149600.0
2016-11-22,201611224085049,SBI,36,42,100,1497.0,149700.0
2016-11-22,201611224084729,SBI,19,20,50,1500.0,75000.0
2016-11-22,201611224085048,SBI,55,42,100,1498.0,149800.0
2016-11-22,201611224085047,SBI,41,42,100,1500.0,150000.0
2016-11-22,201611224085046,SBI,32,42,30,1500.0,45000.0
2016-11-22,201611224085045,SBI,19,42,50,1501.0,75050.0
2016-11-22,201611224084731,SBI,55,20,50,1498.0,74900.0
2016-11-22,201611224084730,SBI,19,20,100,1499.0,149900.0
2016-11-22,201611224085116,SBL,36,21,150,1014.0,152100.0
2016-11-22,201611224085114,SBL,35,22,100,1013.0,101300.0
2016-11-22,201611224085059,SBL,45,50,100,1014.0,101400.0
2016-11-22,201611224085044,SBL,56,34,50,1015.0,50750.0
2016-11-22,201611224085003,SBL,11,34,50,1015.0,50750.0
2016-11-22,201611224084998,SBL,19,34,100,1015.0,101500.0
2016-11-22,201611224084625,SBL,11,57,150,1014.0,152100.0
2016-11-22,201611224084956,SBL,35,50,400,1013.0,405200.0
2016-11-22,201611224084836,SBL,28,39,175,1014.0,177450.0
2016-11-22,201611224084719,SBL,5,46,250,1012.0,253000.0
2016-11-22,201611224084718,SBL,25,46,150,1014.0,152100.0
2016-11-22,201611224084717,SBL,25,57,50,1014.0,50700.0
2016-11-22,201611224084660,SBL,5,39,500,1012.0,506000.0
2016-11-22,201611224084743,SCB,26,26,50,2915.0,145750.0
2016-11-22,201611224084741,SCB,49,26,30,2915.0,87450.0
2016-11-22,201611224085109,SDBL,29,51,100,468.0,46800.0
2016-11-22,201611224085087,SDBL,29,51,370,468.0,173160.0
2016-11-22,201611224085086,SDBL,29,46,130,468.0,60840.0
2016-11-22,201611224085080,SDBL,47,7,200,466.0,93200.0
2016-11-22,201611224085079,SDBL,17,7,100,466.0,46600.0
2016-11-22,201611224084698,SDBL,5,46,100,468.0,46800.0
2016-11-22,201611224084664,SDBL,39,46,50,468.0,23400.0
2016-11-22,201611224084913,SDBL,40,55,14,466.0,6524.0
2016-11-22,201611224084900,SDBL,19,55,14,466.0,6524.0
2016-11-22,201611224084893,SDBL,40,45,100,466.0,46600.0
2016-11-22,201611224084884,SDBL,45,55,14,467.0,6538.0
2016-11-22,201611224084803,SDBL,45,20,50,467.0,23350.0
2016-11-22,201611224084752,SDBL,26,20,250,467.0,116750.0
2016-11-22,201611224085078,SDBL,55,7,100,467.0,46700.0
2016-11-22,201611224085077,SDBL,55,7,100,467.0,46700.0
2016-11-22,201611224085076,SDBL,26,7,200,467.0,93400.0
2016-11-22,201611224085071,SDBL,57,46,300,468.0,140400.0
2016-11-22,201611224085070,SDBL,29,46,220,468.0,102960.0
2016-11-22,201611224085038,SDBL,48,46,200,468.0,93600.0
2016-11-22,201611224084744,SEWA,5,45,100,320.0,32000.0
2016-11-22,201611224084951,SEWA,14,45,100,320.0,32000.0
2016-11-22,201611224085073,SFFIL,26,26,22,770.0,16940.0
2016-11-22,201611224084875,SHL,1,32,400,390.0,156000.0
2016-11-22,201611224084874,SHL,38,32,400,390.0,156000.0
2016-11-22,201611224084862,SHL,43,32,100,393.0,39300.0
2016-11-22,201611224084863,SIC,47,6,13,2020.0,26260.0
2016-11-22,201611224084757,SIC,53,45,90,2056.0,185040.0
2016-11-22,201611224084722,SIC,53,45,10,2056.0,20560.0
2016-11-22,201611224084979,SICL,56,54,106,3815.0,404390.0
2016-11-22,201611224084965,SICL,5,50,100,3805.0,380500.0
2016-11-22,201611224084911,SICL,44,7,32,3815.0,122080.0
2016-11-22,201611224084881,SICL,11,45,37,3810.0,140970.0
2016-11-22,201611224084880,SICL,11,14,50,3810.0,190500.0
2016-11-22,201611224084830,SICL,45,35,48,3809.0,182832.0
2016-11-22,201611224084755,SICL,58,35,200,3800.0,760000.0
2016-11-22,201611224084754,SICL,14,35,50,3800.0,190000.0
2016-11-22,201611224084721,SICL,14,35,50,3800.0,190000.0
2016-11-22,201611224084696,SICL,58,35,50,3800.0,190000.0
2016-11-22,201611224084816,SIL,14,16,28,2280.0,63840.0
2016-11-22,201611224085098,SKBBL,44,7,500,1481.0,740500.0
2016-11-22,201611224085067,SRBL,56,59,450,496.0,223200.0
2016-11-22,201611224085037,SRBL,56,34,340,499.0,169660.0
2016-11-22,201611224084997,SRBL,56,42,585,495.0,289575.0
2016-11-22,201611224084972,SRBL,56,29,578,498.0,287844.0
2016-11-22,201611224084915,SRBL,28,34,160,499.0,79840.0
2016-11-22,201611224084914,SRBL,28,21,40,499.0,19960.0
2016-11-22,201611224084901,SRBL,16,16,1365,496.0,677040.0
2016-11-22,201611224085115,SWBBL,58,54,100,2071.0,207100.0
2016-11-22,201611224084747,SWBBL,47,55,110,2070.0,227700.0
2016-11-22,201611224084746,SWBBL,56,55,10,2071.0,20710.0
2016-11-22,201611224085085,UIC,45,16,10,1300.0,13000.0
2016-11-22,201611224085084,UIC,45,16,10,1300.0,13000.0
2016-11-22,201611224085083,UIC,29,16,50,1304.0,65200.0
2016-11-22,201611224085082,UIC,29,16,150,1305.0,195750.0
2016-11-22,201611224084632,VSDBL,43,59,1000,191.0,191000.0
2016-11-22,201611224084628,VSDBL,25,59,750,192.0,144000.0
2016-11-22,201611224084627,VSDBL,53,59,100,192.0,19200.0
2016-11-22,201611224084626,VSDBL,19,59,150,192.0,28800.0
2016-11-22,201611224085020,WDBL,45,32,50,280.0,14000.0
2016-11-22,201611224085019,WDBL,32,32,100,280.0,28000.0
2016-11-22,201611224085018,WDBL,46,32,100,280.0,28000.0
2016-11-22,201611224085017,WDBL,52,32,200,281.0,56200.0
2016-11-22,201611224085016,WDBL,52,32,50,281.0,14050.0
2016-11-22,201611224084971,WDBL,52,49,150,281.0,42150.0
2016-11-22,201611224084921,WOMI,41,5,12,1755.0,21060.0
2016-11-22,201611224084920,WOMI,6,53,20,1750.0,35000.0
2016-11-22,201611224084919,WOMI,55,53,10,1755.0,17550.0
2016-11-22,201611224084857,YETI,29,42,300,300.0,90000.0
2016-11-22,201611224084657,YETI,52,58,270,295.0,79650.0
2016-11-22,201611224084656,YETI,29,58,10,295.0,2950.0
2016-11-22,201611224085597,ADBL,41,34,200,550.0,110000.0
2016-11-22,201611224085596,ADBL,14,34,30,550.0,16500.0
2016-11-22,201611224085595,ADBL,41,34,250,550.0,137500.0
2016-11-22,201611224085594,ADBL,13,34,100,550.0,55000.0
2016-11-22,201611224085593,ADBL,45,34,1000,550.0,550000.0
2016-11-22,201611224085539,ADBL,49,50,171,550.0,94050.0
2016-11-22,201611224085372,ADBL,38,28,19,553.0,10507.0
2016-11-22,201611224085289,ADBL,45,43,32,552.0,17664.0
2016-11-22,201611224085283,ADBL,19,43,32,553.0,17696.0
2016-11-22,201611224085164,ADBL,41,41,65,554.0,36010.0
2016-11-22,201611224085434,ADBL,16,38,48,550.0,26400.0
2016-11-22,201611224085383,ADBL,16,28,250,550.0,137500.0
2016-11-22,201611224085382,ADBL,19,28,20,551.0,11020.0
2016-11-22,201611224085381,ADBL,14,28,100,551.0,55100.0
2016-11-22,201611224085380,ADBL,10,28,50,551.0,27550.0
2016-11-22,201611224085379,ADBL,33,28,100,551.0,55100.0
2016-11-22,201611224085429,AHPC,10,45,740,270.0,199800.0
2016-11-22,201611224085311,AHPC,47,48,500,271.0,135500.0
2016-11-22,201611224085440,ALICL,49,25,100,1670.0,167000.0
2016-11-22,201611224085438,ALICL,32,25,100,1670.0,167000.0
2016-11-22,201611224085437,ALICL,56,25,100,1671.0,167100.0
2016-11-22,201611224085436,ALICL,25,25,50,1671.0,83550.0
2016-11-22,201611224085265,ALICL,58,42,2003,1653.0,3310959.0
2016-11-22,201611224085444,BHBL,28,42,200,510.0,102000.0
2016-11-22,201611224085443,BHBL,6,42,200,510.0,102000.0
2016-11-22,201611224085498,BOKL,13,28,90,640.0,57600.0
2016-11-22,201611224085480,BOKL,45,28,200,640.0,128000.0
2016-11-22,201611224085479,BOKL,40,28,300,640.0,192000.0
2016-11-22,201611224085478,BOKL,29,28,400,640.0,256000.0
2016-11-22,201611224085477,BOKL,42,28,50,640.0,32000.0
2016-11-22,201611224085476,BOKL,32,28,300,640.0,192000.0
2016-11-22,201611224085264,BOKL,56,55,121,648.0,78408.0
2016-11-22,201611224085221,BOKL,28,25,100,649.0,64900.0
2016-11-22,201611224085210,BOKL,57,25,200,649.0,129800.0
2016-11-22,201611224085193,BOKL,45,25,50,649.0,32450.0
2016-11-22,201611224085336,BOKL,48,28,200,646.0,129200.0
2016-11-22,201611224085335,BOKL,13,28,180,647.0,116460.0
2016-11-22,201611224085334,BOKL,32,28,30,647.0,19410.0
2016-11-22,201611224085333,BOKL,52,28,100,647.0,64700.0
2016-11-22,201611224085332,BOKL,6,28,100,648.0,64800.0
2016-11-22,201611224085331,BOKL,45,28,50,648.0,32400.0
2016-11-22,201611224085342,BOKL,42,28,200,645.0,129000.0
2016-11-22,201611224085341,BOKL,41,28,100,645.0,64500.0
2016-11-22,201611224085340,BOKL,25,28,300,645.0,193500.0
2016-11-22,201611224085339,BOKL,26,28,350,645.0,225750.0
2016-11-22,201611224085338,BOKL,41,28,240,645.0,154800.0
2016-11-22,201611224085337,BOKL,42,28,200,646.0,129200.0
2016-11-22,201611224085348,BOKL,25,28,100,645.0,64500.0
2016-11-22,201611224085347,BOKL,8,28,200,645.0,129000.0
2016-11-22,201611224085346,BOKL,8,28,200,645.0,129000.0
2016-11-22,201611224085345,BOKL,8,28,100,645.0,64500.0
2016-11-22,201611224085344,BOKL,8,28,150,645.0,96750.0
2016-11-22,201611224085343,BOKL,42,28,100,645.0,64500.0
2016-11-22,201611224085417,BOKL,25,32,10,642.0,6420.0
2016-11-22,201611224085416,BOKL,25,32,50,642.0,32100.0
2016-11-22,201611224085415,BOKL,25,32,440,643.0,282920.0
2016-11-22,201611224085377,BOKL,43,40,200,645.0,129000.0
2016-11-22,201611224085350,BOKL,43,28,100,645.0,64500.0
2016-11-22,201611224085349,BOKL,28,28,1000,645.0,645000.0
2016-11-22,201611224085463,BOKL,45,28,500,642.0,321000.0
2016-11-22,201611224085462,BOKL,25,28,40,642.0,25680.0
2016-11-22,201611224085461,BOKL,33,28,250,643.0,160750.0
2016-11-22,201611224085458,BOKL,42,28,1500,647.0,970500.0
2016-11-22,201611224085452,BOKL,52,38,100,644.0,64400.0
2016-11-22,201611224085421,BOKL,26,32,94,642.0,60348.0
2016-11-22,201611224085469,BOKL,41,28,100,640.0,64000.0
2016-11-22,201611224085468,BOKL,55,28,200,640.0,128000.0
2016-11-22,201611224085467,BOKL,45,28,100,640.0,64000.0
2016-11-22,201611224085466,BOKL,10,28,100,640.0,64000.0
2016-11-22,201611224085465,BOKL,14,28,100,640.0,64000.0
2016-11-22,201611224085464,BOKL,45,28,200,641.0,128200.0
2016-11-22,201611224085475,BOKL,45,28,200,640.0,128000.0
2016-11-22,201611224085474,BOKL,59,28,500,640.0,320000.0
2016-11-22,201611224085473,BOKL,41,28,1000,640.0,640000.0
2016-11-22,201611224085472,BOKL,41,28,50,640.0,32000.0
2016-11-22,201611224085471,BOKL,44,28,20,640.0,12800.0
2016-11-22,201611224085470,BOKL,44,28,300,640.0,192000.0
2016-11-22,201611224085314,CBBL,37,59,50,1870.0,93500.0
2016-11-22,201611224085544,CBL,43,25,280,278.0,77840.0
2016-11-22,201611224085430,CBL,48,32,144,276.0,39744.0
2016-11-22,201611224085392,CBL,48,25,200,278.0,55600.0
2016-11-22,201611224085373,CBL,13,45,93,275.0,25575.0
2016-11-22,201611224085363,CBL,41,25,300,276.0,82800.0
2016-11-22,201611224085362,CBL,17,25,700,276.0,193200.0
2016-11-22,201611224085361,CBL,49,25,20,279.0,5580.0
2016-11-22,201611224085239,CBL,37,16,862,278.0,239636.0
2016-11-22,201611224085169,CBL,13,1,125,275.0,34375.0
2016-11-22,201611224085449,CCBL,59,32,32,375.0,12000.0
2016-11-22,201611224085182,CCBL,56,56,200,378.0,75600.0
2016-11-22,201611224085329,CCBL,47,38,53,377.0,19981.0
2016-11-22,201611224085312,CCBL,56,38,53,377.0,19981.0
2016-11-22,201611224085252,CCBL,42,26,200,376.0,75200.0
2016-11-22,201611224085236,CCBL,56,16,28,377.0,10556.0
2016-11-22,201611224085424,CCBL,8,40,500,375.0,187500.0
2016-11-22,201611224085408,CCBL,59,45,20,375.0,7500.0
2016-11-22,201611224085407,CCBL,45,45,100,376.0,37600.0
2016-11-22,201611224085406,CCBL,34,45,50,376.0,18800.0
2016-11-22,201611224085405,CCBL,56,45,130,377.0,49010.0
2016-11-22,201611224085512,CHCL,32,32,18,1082.0,19476.0
2016-11-22,201611224085491,CHCL,32,32,30,1082.0,32460.0
2016-11-22,201611224085490,CHCL,1,32,50,1082.0,54100.0
2016-11-22,201611224085489,CHCL,1,32,20,1082.0,21640.0
2016-11-22,201611224085488,CHCL,1,32,10,1085.0,10850.0
2016-11-22,201611224085487,CHCL,22,32,10,1085.0,10850.0
2016-11-22,201611224085370,CHCL,17,48,107,1086.0,116202.0
2016-11-22,201611224085200,CHCL,47,36,20,1099.0,21980.0
2016-11-22,201611224085186,CHCL,42,36,100,1099.0,109900.0
2016-11-22,201611224085129,CHCL,11,36,100,1086.0,108600.0
2016-11-22,201611224085506,CZBIL,5,54,100,495.0,49500.0
2016-11-22,201611224085422,CZBIL,55,52,165,494.0,81510.0
2016-11-22,201611224085194,CZBIL,16,54,50,495.0,24750.0
2016-11-22,201611224085148,CZBIL,11,45,40,493.0,19720.0
2016-11-22,201611224085147,CZBIL,42,45,10,493.0,4930.0
2016-11-22,201611224085146,CZBIL,17,45,50,494.0,24700.0
2016-11-22,201611224085533,DBBL,10,50,135,322.0,43470.0
2016-11-22,201611224085215,DBBL,49,49,1729,317.0,548093.0
2016-11-22,201611224085620,EBL,41,28,30,3470.0,104100.0
2016-11-22,201611224085608,EBL,38,28,10,3470.0,34700.0
2016-11-22,201611224085604,EBL,10,28,10,3470.0,34700.0
2016-11-22,201611224085559,EBL,21,28,30,3470.0,104100.0
2016-11-22,201611224085558,EBL,8,28,200,3470.0,694000.0
2016-11-22,201611224085557,EBL,8,28,200,3470.0,694000.0
2016-11-22,201611224085143,EBL,7,42,100,3470.0,347000.0
2016-11-22,201611224085142,EBL,29,42,100,3471.0,347100.0
2016-11-22,201611224085141,EBL,37,42,50,3473.0,173650.0
2016-11-22,201611224085140,EBL,7,42,30,3474.0,104220.0
2016-11-22,201611224085224,EBL,41,42,30,3470.0,104100.0
2016-11-22,201611224085223,EBL,7,42,50,3472.0,173600.0
2016-11-22,201611224085222,EBL,38,42,10,3473.0,34730.0
2016-11-22,201611224085185,EBL,41,10,20,3470.0,69400.0
2016-11-22,201611224085184,EBL,34,10,80,3470.0,277600.0
2016-11-22,201611224085144,EBL,34,42,220,3470.0,763400.0
2016-11-22,201611224085230,EBL,22,42,100,3464.0,346400.0
2016-11-22,201611224085229,EBL,41,42,50,3465.0,173250.0
2016-11-22,201611224085228,EBL,16,42,50,3465.0,173250.0
2016-11-22,201611224085227,EBL,39,42,150,3466.0,519900.0
2016-11-22,201611224085226,EBL,4,42,200,3467.0,693400.0
2016-11-22,201611224085225,EBL,8,42,30,3470.0,104100.0
2016-11-22,201611224085395,EBL,11,42,30,3475.0,104250.0
2016-11-22,201611224085390,EBL,51,42,63,3475.0,218925.0
2016-11-22,201611224085303,EBL,51,42,100,3470.0,347000.0
2016-11-22,201611224085240,EBL,11,42,30,3460.0,103800.0
2016-11-22,201611224085237,EBL,32,42,100,3460.0,346000.0
2016-11-22,201611224085231,EBL,3,42,200,3460.0,692000.0
2016-11-22,201611224085550,EBL,16,28,70,3475.0,243250.0
2016-11-22,201611224085549,EBL,26,28,50,3480.0,174000.0
2016-11-22,201611224085548,EBL,26,28,20,3480.0,69600.0
2016-11-22,201611224085547,EBL,11,28,50,3480.0,174000.0
2016-11-22,201611224085404,EBL,16,42,30,3475.0,104250.0
2016-11-22,201611224085400,EBL,51,42,40,3475.0,139000.0
2016-11-22,201611224085556,EBL,8,28,200,3470.0,694000.0
2016-11-22,201611224085555,EBL,59,28,50,3470.0,173500.0
2016-11-22,201611224085554,EBL,22,28,150,3471.0,520650.0
2016-11-22,201611224085553,EBL,34,28,100,3471.0,347100.0
2016-11-22,201611224085552,EBL,19,28,70,3475.0,243250.0
2016-11-22,201611224085551,EBL,11,28,20,3475.0,69500.0
2016-11-22,201611224085586,GBBL,41,41,10,396.0,3960.0
2016-11-22,201611224085585,GBBL,38,41,250,396.0,99000.0
2016-11-22,201611224085584,GBBL,1,41,120,396.0,47520.0
2016-11-22,201611224085583,GBBL,55,41,100,396.0,39600.0
2016-11-22,201611224085514,GBBL,34,34,1000,395.0,395000.0
2016-11-22,201611224085502,GBBL,34,34,3000,395.0,1185000.0
2016-11-22,201611224085412,GBBL,34,34,4000,395.0,1580000.0
2016-11-22,201611224085376,GBBL,1,5,85,397.0,33745.0
2016-11-22,201611224085316,GBBL,14,43,80,397.0,31760.0
2016-11-22,201611224085287,GBBL,45,33,153,397.0,60741.0
2016-11-22,201611224085282,GBBL,14,21,20,395.0,7900.0
2016-11-22,201611224085281,GBBL,54,21,80,395.0,31600.0
2016-11-22,201611224085537,GBIME,36,5,23,448.0,10304.0
2016-11-22,201611224085525,GBIME,49,32,22,449.0,9878.0
2016-11-22,201611224085389,GBIME,52,52,200,450.0,90000.0
2016-11-22,201611224085388,GBIME,17,52,200,450.0,90000.0
2016-11-22,201611224085368,GBIME,34,5,23,450.0,10350.0
2016-11-22,201611224085204,GBIME,58,51,53,450.0,23850.0
2016-11-22,201611224085127,GBIME,21,43,10,454.0,4540.0
2016-11-22,201611224085359,GFCL,13,26,500,364.0,182000.0
2016-11-22,201611224085450,GLICL,18,42,100,787.0,78700.0
2016-11-22,201611224085325,GLICL,57,42,40,780.0,31200.0
2016-11-22,201611224085324,GLICL,34,42,300,780.0,234000.0
2016-11-22,201611224085323,GLICL,5,42,200,780.0,156000.0
2016-11-22,201611224085322,GLICL,40,42,60,785.0,47100.0
2016-11-22,201611224085321,GLICL,55,42,150,785.0,117750.0
2016-11-22,201611224085320,GLICL,36,42,150,786.0,117900.0
2016-11-22,201611224085319,GLICL,53,42,50,786.0,39300.0
2016-11-22,201611224085318,GLICL,25,42,50,788.0,39400.0
2016-11-22,201611224085207,GLICL,33,29,100,790.0,79000.0
2016-11-22,201611224085206,GLICL,16,29,650,790.0,513500.0
2016-11-22,201611224085145,HBL,50,42,150,1205.0,180750.0
2016-11-22,201611224085433,HGI,58,16,120,1700.0,204000.0
2016-11-22,201611224085123,HGI,41,10,141,1690.0,238290.0
2016-11-22,201611224085618,HIDCL,55,55,56,276.0,15456.0
2016-11-22,201611224085485,HIDCL,55,55,56,276.0,15456.0
2016-11-22,201611224085401,HIDCL,55,55,56,276.0,15456.0
2016-11-22,201611224085313,HIDCL,55,55,56,276.0,15456.0
2016-11-22,201611224085131,HIDCL,6,55,56,276.0,15456.0
2016-11-22,201611224085128,HIDCL,55,25,56,276.0,15456.0
2016-11-22,201611224085122,HIDCL,55,55,56,276.0,15456.0
2016-11-22,201611224085202,HIDCL,6,55,56,276.0,15456.0
2016-11-22,201611224085189,HIDCL,55,55,56,276.0,15456.0
2016-11-22,201611224085181,HIDCL,55,55,56,276.0,15456.0
2016-11-22,201611224085174,HIDCL,55,55,56,276.0,15456.0
2016-11-22,201611224085170,HIDCL,55,51,56,276.0,15456.0
2016-11-22,201611224085156,HIDCL,55,21,56,277.0,15512.0
2016-11-22,201611224085268,HIDCL,55,55,56,276.0,15456.0
2016-11-22,201611224085261,HIDCL,55,55,56,276.0,15456.0
2016-11-22,201611224085251,HIDCL,55,55,56,276.0,15456.0
2016-11-22,201611224085241,HIDCL,55,55,56,276.0,15456.0
2016-11-22,201611224085232,HIDCL,55,55,56,276.0,15456.0
2016-11-22,201611224085218,HIDCL,55,55,56,276.0,15456.0
2016-11-22,201611224085306,HIDCL,55,55,56,276.0,15456.0
2016-11-22,201611224085302,HIDCL,28,39,116,275.0,31900.0
2016-11-22,201611224085299,HIDCL,26,55,56,276.0,15456.0
2016-11-22,201611224085291,HIDCL,55,55,56,276.0,15456.0
2016-11-22,201611224085284,HIDCL,55,55,56,276.0,15456.0
2016-11-22,201611224085277,HIDCL,45,48,145,275.0,39875.0
2016-11-22,201611224085562,ILFCM,18,48,10,731.0,7310.0
2016-11-22,201611224085540,ILFCM,18,45,60,720.0,43200.0
2016-11-22,201611224085513,ILFCM,26,45,40,720.0,28800.0
2016-11-22,201611224085497,ILFCM,16,45,500,720.0,360000.0
2016-11-22,201611224085431,JBBL,53,17,50,331.0,16550.0
2016-11-22,201611224085297,JBBL,28,17,50,332.0,16600.0
2016-11-22,201611224085572,JSLBB,19,55,10,2162.0,21620.0
2016-11-22,201611224085543,JSLBB,19,55,10,2162.0,21620.0
2016-11-22,201611224085531,JSLBB,19,55,10,2162.0,21620.0
2016-11-22,201611224085457,JSLBB,19,55,10,2162.0,21620.0
2016-11-22,201611224085445,JSLBB,19,55,10,2162.0,21620.0
2016-11-22,201611224085180,JSLBB,51,49,100,2200.0,220000.0
2016-11-22,201611224085179,JSLBB,11,49,30,2210.0,66300.0
2016-11-22,201611224085205,JSLBB,55,17,10,2157.0,21570.0
2016-11-22,201611224085203,JSLBB,25,17,10,2158.0,21580.0
2016-11-22,201611224085371,JSLBB,29,55,10,2161.0,21610.0
2016-11-22,201611224085327,KADBL,58,32,100,530.0,53000.0
2016-11-22,201611224085529,KBBL,42,58,43,532.0,22876.0
2016-11-22,201611224085605,KBL,22,7,200,570.0,114000.0
2016-11-22,201611224085501,KBL,1,37,150,569.0,85350.0
2016-11-22,201611224085425,KBL,48,37,50,569.0,28450.0
2016-11-22,201611224085217,KBL,57,37,100,569.0,56900.0
2016-11-22,201611224085152,KBL,1,49,570,565.0,322050.0
2016-11-22,201611224085387,KNBL,5,17,580,634.0,367720.0
2016-11-22,201611224085295,KNBL,11,17,30,634.0,19020.0
2016-11-22,201611224085599,LBL,57,41,655,770.0,504350.0
2016-11-22,201611224085290,LBL,57,42,1524,770.0,1173480.0
2016-11-22,201611224085266,LBL,34,14,17,771.0,13107.0
2016-11-22,201611224085192,LBL,34,34,700,771.0,539700.0
2016-11-22,201611224085191,LBL,50,34,100,771.0,77100.0
2016-11-22,201611224085190,LBL,37,34,200,771.0,154200.0
2016-11-22,201611224085398,LGIL,32,41,150,1617.0,242550.0
2016-11-22,201611224085397,LGIL,48,41,50,1617.0,80850.0
2016-11-22,201611224085238,LGIL,34,16,500,1622.0,811000.0
2016-11-22,201611224085366,LLBS,56,7,50,1255.0,62750.0
2016-11-22,201611224085365,LLBS,13,7,20,1260.0,25200.0
2016-11-22,201611224085360,LLBS,58,19,80,1265.0,101200.0
2016-11-22,201611224085357,LLBS,17,19,20,1265.0,25300.0
2016-11-22,201611224085208,LLBS,21,14,15,1255.0,18825.0
2016-11-22,201611224085171,LLBS,58,10,22,1260.0,27720.0
2016-11-22,201611224085157,LLBS,38,10,50,1261.0,63050.0
2016-11-22,201611224085600,MBL,38,35,100,497.0,49700.0
2016-11-22,201611224085573,MBL,45,35,100,497.0,49700.0
2016-11-22,201611224085451,MBL,35,49,200,499.0,99800.0
2016-11-22,201611224085439,MBL,32,49,50,499.0,24950.0
2016-11-22,201611224085420,MBL,19,50,160,498.0,79680.0
2016-11-22,201611224085288,MBL,19,35,300,495.0,148500.0
2016-11-22,201611224085271,MBL,13,35,100,495.0,49500.0
2016-11-22,201611224085216,MBL,45,35,100,495.0,49500.0
2016-11-22,201611224085155,MBL,20,45,100,494.0,49400.0
2016-11-22,201611224085150,MBL,49,48,529,495.0,261855.0
2016-11-22,201611224085505,MDB,41,7,20,521.0,10420.0
2016-11-22,201611224085504,MDB,5,7,500,521.0,260500.0
2016-11-22,201611224085503,MDB,55,7,30,525.0,15750.0
2016-11-22,201611224085427,MDB,55,32,20,525.0,10500.0
2016-11-22,201611224085426,MDB,17,32,30,526.0,15780.0
2016-11-22,201611224085603,MEGA,4,40,920,452.0,415840.0
2016-11-22,201611224085602,MEGA,38,40,10,454.0,4540.0
2016-11-22,201611224085566,MEGA,22,32,47,454.0,21338.0
2016-11-22,201611224085532,MEGA,4,5,40,452.0,18080.0
2016-11-22,201611224085516,MEGA,4,5,40,452.0,18080.0
2016-11-22,201611224085391,MEGA,19,5,40,451.0,18040.0
2016-11-22,201611224085356,MEGA,19,5,40,451.0,18040.0
2016-11-22,201611224085195,MEGA,48,40,40,455.0,18200.0
2016-11-22,201611224085177,MEGA,48,35,1000,454.0,454000.0
2016-11-22,201611224085176,MEGA,48,52,400,454.0,181600.0
2016-11-22,201611224085159,MEGA,58,40,400,452.0,180800.0
2016-11-22,201611224085198,MFIL,8,56,290,397.0,115130.0
2016-11-22,201611224085197,MFIL,11,56,200,398.0,79600.0
2016-11-22,201611224085196,MFIL,34,56,50,398.0,19900.0
2016-11-22,201611224085134,MFIL,21,56,20,400.0,8000.0
2016-11-22,201611224085460,MNBBL,17,45,180,900.0,162000.0
2016-11-22,201611224085459,MNBBL,42,45,20,900.0,18000.0
2016-11-22,201611224085358,MNBBL,42,32,10,900.0,9000.0
2016-11-22,201611224085300,MNBBL,26,14,150,901.0,135150.0
2016-11-22,201611224085292,MNBBL,42,38,300,900.0,270000.0
2016-11-22,201611224085219,MNBBL,42,54,170,900.0,153000.0
2016-11-22,201611224085187,MNBBL,16,54,50,900.0,45000.0
2016-11-22,201611224085163,MNBBL,43,38,100,895.0,89500.0
2016-11-22,201611224085162,MNBBL,57,38,500,895.0,447500.0
2016-11-22,201611224085161,MNBBL,58,38,500,896.0,448000.0
2016-11-22,201611224085160,MNBBL,20,38,50,899.0,44950.0
2016-11-22,201611224085305,NABIL,32,32,100,1640.0,164000.0
2016-11-22,201611224085280,NABIL,29,32,100,1640.0,164000.0
2016-11-22,201611224085262,NABIL,28,25,100,1640.0,164000.0
2016-11-22,201611224085528,NBB,43,38,200,762.0,152400.0
2016-11-22,201611224085527,NBB,43,38,200,762.0,152400.0
2016-11-22,201611224085526,NBB,43,38,200,762.0,152400.0
2016-11-22,201611224085153,NBB,21,58,20,759.0,15180.0
2016-11-22,201611224085378,NBB,42,38,50,762.0,38100.0
2016-11-22,201611224085273,NBB,42,1,100,762.0,76200.0
2016-11-22,201611224085272,NBB,42,38,30,762.0,22860.0
2016-11-22,201611224085158,NBB,17,57,296,760.0,224960.0
2016-11-22,201611224085154,NBB,5,58,70,759.0,53130.0
2016-11-22,201611224085423,NBL,38,5,100,443.0,44300.0
2016-11-22,201611224085441,NBSL,11,21,12,765.0,9180.0
2016-11-22,201611224085432,NBSL,11,21,12,765.0,9180.0
2016-11-22,201611224085534,NHPC,10,22,1000,158.0,158000.0
2016-11-22,201611224085328,NHPC,10,45,3090,158.0,488220.0
2016-11-22,201611224085183,NHPC,10,45,2000,158.0,316000.0
2016-11-22,201611224085574,NIB,49,49,16,753.0,12048.0
2016-11-22,201611224085571,NIB,49,29,26,753.0,19578.0
2016-11-22,201611224085568,NIB,49,29,26,753.0,19578.0
2016-11-22,201611224085563,NIB,49,29,26,753.0,19578.0
2016-11-22,201611224085542,NIB,49,34,26,753.0,19578.0
2016-11-22,201611224085538,NIB,49,34,26,753.0,19578.0
2016-11-22,201611224085209,NIB,28,34,26,753.0,19578.0
2016-11-22,201611224085199,NIB,28,22,26,752.0,19552.0
2016-11-22,201611224085530,NIB,49,49,26,752.0,19552.0
2016-11-22,201611224085522,NIB,49,21,26,752.0,19552.0
2016-11-22,201611224085453,NIB,49,21,26,752.0,19552.0
2016-11-22,201611224085442,NIB,49,21,26,752.0,19552.0
2016-11-22,201611224085286,NIB,28,48,26,751.0,19526.0
2016-11-22,201611224085214,NIB,28,34,26,753.0,19578.0
2016-11-22,201611224085276,NICA,17,17,500,546.0,273000.0
2016-11-22,201611224085587,NICL,33,33,600,1010.0,606000.0
2016-11-22,201611224085507,NIL,56,26,100,1965.0,196500.0
2016-11-22,201611224085125,NIL,45,26,50,1965.0,98250.0
2016-11-22,201611224085386,NLBBL,47,19,78,1660.0,129480.0
2016-11-22,201611224085374,NLBBL,19,1,10,1670.0,16700.0
2016-11-22,201611224085611,NLG,48,26,303,1895.0,574185.0
2016-11-22,201611224085610,NLG,48,36,200,1890.0,378000.0
2016-11-22,201611224085589,NLG,55,34,100,1885.0,188500.0
2016-11-22,201611224085447,NLG,59,34,200,1885.0,377000.0
2016-11-22,201611224085446,NLG,59,55,100,1880.0,188000.0
2016-11-22,201611224085201,NLG,55,55,100,1870.0,187000.0
2016-11-22,201611224085456,NLICL,17,42,100,3371.0,337100.0
2016-11-22,201611224085455,NLICL,19,42,50,3372.0,168600.0
2016-11-22,201611224085454,NLICL,51,42,150,3373.0,505950.0
2016-11-22,201611224085260,NLICL,5,42,10,3370.0,33700.0
2016-11-22,201611224085259,NLICL,7,42,100,3370.0,337000.0
2016-11-22,201611224085258,NLICL,26,42,200,3371.0,674200.0
2016-11-22,201611224085257,NLICL,53,42,50,3371.0,168550.0
2016-11-22,201611224085256,NLICL,45,42,500,3372.0,1686000.0
2016-11-22,201611224085255,NLICL,7,42,140,3372.0,472080.0
2016-11-22,201611224085428,NMB,17,56,12,645.0,7740.0
2016-11-22,201611224085367,NMB,48,56,12,644.0,7728.0
2016-11-22,201611224085352,NMB,45,56,12,645.0,7740.0
2016-11-22,201611224085298,NMB,32,56,12,645.0,7740.0
2016-11-22,201611224085132,NMB,35,56,71,644.0,45724.0
2016-11-22,201611224085580,NMBSF1,22,32,1000,12.5,12500.0
2016-11-22,201611224085511,NMBSF1,49,32,1000,12.5,12500.0
2016-11-22,201611224085495,NTC,29,22,300,685.0,205500.0
2016-11-22,201611224085435,NTC,29,18,100,685.0,68500.0
2016-11-22,201611224085385,NTC,29,13,500,685.0,342500.0
2016-11-22,201611224085301,NTC,45,18,100,680.0,68000.0
2016-11-22,201611224085560,NUBL,5,5,50,1400.0,70000.0
2016-11-22,201611224085598,PCBL,5,32,16,540.0,8640.0
2016-11-22,201611224085592,PCBL,5,32,10,540.0,5400.0
2016-11-22,201611224085591,PCBL,58,32,100,540.0,54000.0
2016-11-22,201611224085590,PCBL,58,32,240,540.0,129600.0
2016-11-22,201611224085579,PCBL,58,32,60,540.0,32400.0
2016-11-22,201611224085578,PCBL,54,32,50,540.0,27000.0
2016-11-22,201611224085233,PCBL,57,40,20,544.0,10880.0
2016-11-22,201611224085212,PCBL,5,35,240,541.0,129840.0
2016-11-22,201611224085211,PCBL,14,35,50,541.0,27050.0
2016-11-22,201611224085151,PCBL,56,35,87,541.0,47067.0
2016-11-22,201611224085130,PCBL,11,35,200,542.0,108400.0
2016-11-22,201611224085577,PCBL,34,32,100,540.0,54000.0
2016-11-22,201611224085576,PCBL,32,32,400,540.0,216000.0
2016-11-22,201611224085575,PCBL,39,32,100,541.0,54100.0
2016-11-22,201611224085448,PCBL,56,42,200,540.0,108000.0
2016-11-22,201611224085235,PCBL,57,32,20,545.0,10900.0
2016-11-22,201611224085234,PCBL,57,38,60,545.0,32700.0
2016-11-22,201611224085521,PIC,5,50,100,1803.0,180300.0
2016-11-22,201611224085520,PIC,28,50,200,1803.0,360600.0
2016-11-22,201611224085519,PIC,48,50,100,1803.0,180300.0
2016-11-22,201611224085518,PIC,25,50,100,1803.0,180300.0
2016-11-22,201611224085517,PIC,36,50,200,1804.0,360800.0
2016-11-22,201611224085126,PLIC,33,49,10,2010.0,20100.0
2016-11-22,201611224085168,PRIN,8,20,80,1305.0,104400.0
2016-11-22,201611224085167,PRIN,50,20,50,1305.0,65250.0
2016-11-22,201611224085166,PRIN,33,20,20,1310.0,26200.0
2016-11-22,201611224085609,RHPC,1,32,11,246.0,2706.0
2016-11-22,201611224085565,RMDC,19,34,500,685.0,342500.0
2016-11-22,201611224085564,RMDC,38,34,100,687.0,68700.0
2016-11-22,201611224085515,RMDC,19,45,16,685.0,10960.0
2016-11-22,201611224085510,RMDC,19,45,280,685.0,191800.0
2016-11-22,201611224085509,RMDC,26,45,20,685.0,13700.0
2016-11-22,201611224085508,RMDC,25,45,100,686.0,68600.0
2016-11-22,201611224085494,SADBL,5,42,100,402.0,40200.0
2016-11-22,201611224085493,SADBL,17,42,150,402.0,60300.0
2016-11-22,201611224085492,SADBL,59,42,100,403.0,40300.0
2016-11-22,201611224085133,SAFL,42,38,200,449.0,89800.0
2016-11-22,201611224085617,SANIMA,26,32,180,565.0,101700.0
2016-11-22,201611224085616,SANIMA,50,32,10,565.0,5650.0
2016-11-22,201611224085615,SANIMA,4,32,410,566.0,232060.0
2016-11-22,201611224085614,SANIMA,17,32,100,566.0,56600.0
2016-11-22,201611224085613,SANIMA,37,32,50,566.0,28300.0
2016-11-22,201611224085612,SANIMA,37,46,40,566.0,22640.0
2016-11-22,201611224085369,SANIMA,28,46,100,569.0,56900.0
2016-11-22,201611224085330,SANIMA,37,59,110,566.0,62260.0
2016-11-22,201611224085315,SANIMA,41,59,40,569.0,22760.0
2016-11-22,201611224085267,SANIMA,41,19,410,568.0,232880.0
2016-11-22,201611224085253,SANIMA,56,19,200,568.0,113600.0
2016-11-22,201611224085213,SANIMA,4,38,625,566.0,353750.0
2016-11-22,201611224085582,SBI,13,49,100,1500.0,150000.0
2016-11-22,201611224085285,SBI,43,49,100,1500.0,150000.0
2016-11-22,201611224085178,SBI,45,17,10,1505.0,15050.0
2016-11-22,201611224085124,SBI,28,38,64,1494.0,95616.0
2016-11-22,201611224085121,SBI,28,38,300,1494.0,448200.0
2016-11-22,201611224085588,SBL,22,1,80,1013.0,81040.0
2016-11-22,201611224085536,SBL,41,50,100,1014.0,101400.0
2016-11-22,201611224085484,SBL,56,40,100,1013.0,101300.0
2016-11-22,201611224085351,SBL,57,34,330,1015.0,334950.0
2016-11-22,201611224085317,SBL,57,7,175,1014.0,177450.0
2016-11-22,201611224085274,SBL,33,39,350,1014.0,354900.0
2016-11-22,201611224085149,SBL,36,50,150,1014.0,152100.0
2016-11-22,201611224085619,SCB,8,5,40,2900.0,116000.0
2016-11-22,201611224085570,SCB,54,32,140,2895.0,405300.0
2016-11-22,201611224085546,SCB,54,32,100,2895.0,289500.0
2016-11-22,201611224085545,SCB,8,32,10,2900.0,29000.0
2016-11-22,201611224085535,SCB,8,45,38,2900.0,110200.0
2016-11-22,201611224085245,SCB,19,55,50,2893.0,144650.0
2016-11-22,201611224085139,SCB,6,38,10,2892.0,28920.0
2016-11-22,201611224085138,SCB,13,38,50,2892.0,144600.0
2016-11-22,201611224085137,SCB,39,38,10,2893.0,28930.0
2016-11-22,201611224085136,SCB,39,38,10,2893.0,28930.0
2016-11-22,201611224085135,SCB,19,38,20,2893.0,57860.0
2016-11-22,201611224085581,SDBL,5,51,430,468.0,201240.0
2016-11-22,201611224085524,SDBL,47,51,100,468.0,46800.0
2016-11-22,201611224085496,SDBL,57,51,50,468.0,23400.0
2016-11-22,201611224085486,SDBL,37,51,300,468.0,140400.0
2016-11-22,201611224085418,SDBL,33,51,100,468.0,46800.0
2016-11-22,201611224085394,SDBL,52,51,50,468.0,23400.0
2016-11-22,201611224085220,SDBL,57,51,100,468.0,46800.0
2016-11-22,201611224085188,SDBL,5,7,298,467.0,139166.0
2016-11-22,201611224085384,SDBL,42,51,150,468.0,70200.0
2016-11-22,201611224085375,SDBL,41,51,100,468.0,46800.0
2016-11-22,201611224085355,SDBL,55,51,50,468.0,23400.0
2016-11-22,201611224085326,SDBL,49,51,30,468.0,14040.0
2016-11-22,201611224085304,SDBL,55,51,50,468.0,23400.0
2016-11-22,201611224085270,SDBL,7,51,20,468.0,9360.0
2016-11-22,201611224085396,SEWA,17,34,500,320.0,160000.0
2016-11-22,201611224085364,SEWA,19,48,100,317.0,31700.0
2016-11-22,201611224085175,SFFIL,26,26,10,785.0,7850.0
2016-11-22,201611224085567,SHPC,13,1,497,840.0,417480.0
2016-11-22,201611224085403,SIC,53,42,51,2015.0,102765.0
2016-11-22,201611224085402,SIC,53,17,50,2015.0,100750.0
2016-11-22,201611224085242,SIC,36,49,50,2015.0,100750.0
2016-11-22,201611224085393,SICL,34,16,28,3825.0,107100.0
2016-11-22,201611224085310,SICL,56,51,28,3823.0,107044.0
2016-11-22,201611224085309,SICL,56,32,100,3822.0,382200.0
2016-11-22,201611224085308,SICL,56,28,80,3820.0,305600.0
2016-11-22,201611224085307,SICL,56,48,50,3820.0,191000.0
2016-11-22,201611224085269,SICL,56,55,50,3815.0,190750.0
2016-11-22,201611224085173,SIGS1,10,42,20000,25.4,508000.0
2016-11-22,201611224085172,SIGS1,10,21,8000,25.0,200000.0
2016-11-22,201611224085561,SIL,48,16,18,2280.0,41040.0
2016-11-22,201611224085541,SIL,59,49,500,2277.0,1138500.0
2016-11-22,201611224085411,SIL,42,35,100,2277.0,227700.0
2016-11-22,201611224085410,SIL,56,35,100,2278.0,227800.0
2016-11-22,201611224085409,SIL,33,35,300,2279.0,683700.0
2016-11-22,201611224085296,SIL,34,16,18,2280.0,41040.0
2016-11-22,201611224085250,SIL,34,16,18,2280.0,41040.0
2016-11-22,201611224085249,SIL,34,16,18,2280.0,41040.0
2016-11-22,201611224085248,SIL,34,16,18,2280.0,41040.0
2016-11-22,201611224085247,SIL,34,16,11,2280.0,25080.0
2016-11-22,201611224085246,SIL,34,16,28,2280.0,63840.0
2016-11-22,201611224085399,SLBBL,25,22,50,1874.0,93700.0
2016-11-22,201611224085569,SMFDB,45,45,200,2448.0,489600.0
2016-11-22,201611224085601,SRBL,1,42,345,494.0,170430.0
2016-11-22,201611224085523,SRBL,1,17,1000,499.0,499000.0
2016-11-22,201611224085419,SRBL,4,17,800,499.0,399200.0
2016-11-22,201611224085414,SRBL,29,43,21,498.0,10458.0
2016-11-22,201611224085413,SRBL,29,43,22,498.0,10956.0
2016-11-22,201611224085275,SRBL,4,17,500,499.0,249500.0
2016-11-22,201611224085263,SRBL,56,57,234,496.0,116064.0
2016-11-22,201611224085254,SRBL,49,59,88,497.0,43736.0
2016-11-22,201611224085483,SWBBL,25,7,90,2060.0,185400.0
2016-11-22,201611224085482,SWBBL,45,7,60,2060.0,123600.0
2016-11-22,201611224085481,SWBBL,5,7,50,2062.0,103100.0
2016-11-22,201611224085354,SWBBL,25,34,50,2070.0,103500.0
2016-11-22,201611224085353,SWBBL,47,34,60,2070.0,124200.0
2016-11-22,201611224085294,SWBBL,47,48,30,2070.0,62100.0
2016-11-22,201611224085293,SWBBL,1,48,50,2072.0,103600.0
2016-11-22,201611224085279,SYFL,29,55,100,166.0,16600.0
2016-11-22,201611224085244,WDBL,45,28,500,285.0,142500.0
2016-11-22,201611224085243,WDBL,16,28,50,285.0,14250.0
2016-11-22,201611224085607,YETI,57,45,200,295.0,59000.0
2016-11-22,201611224085606,YETI,41,45,500,297.0,148500.0
2016-11-22,201611224084068,AHPC,11,52,150,278.0,41700.0
2016-11-22,201611224083968,ALICL,45,34,50,1690.0,84500.0
2016-11-22,201611224083787,ALICL,45,26,20,1695.0,33900.0
2016-11-22,201611224084080,API,1,8,26,525.0,13650.0
2016-11-22,201611224084057,API,10,8,26,526.0,13676.0
2016-11-22,201611224084037,API,16,17,10,533.0,5330.0
2016-11-22,201611224083917,API,16,16,16,530.0,8480.0
2016-11-22,201611224083778,API,22,16,16,530.0,8480.0
2016-11-22,201611224083709,API,32,16,16,525.0,8400.0
2016-11-22,201611224083670,API,49,49,26,526.0,13676.0
2016-11-22,201611224083621,API,49,49,16,526.0,8416.0
2016-11-22,201611224084044,BARUN,45,17,10,347.0,3470.0
2016-11-22,201611224084018,BARUN,45,10,10,347.0,3470.0
2016-11-22,201611224084011,BARUN,45,10,10,347.0,3470.0
2016-11-22,201611224084120,BOKL,45,49,800,641.0,512800.0
2016-11-22,201611224084119,BOKL,21,49,80,641.0,51280.0
2016-11-22,201611224084118,BOKL,43,49,120,642.0,77040.0
2016-11-22,201611224084117,BOKL,25,49,100,642.0,64200.0
2016-11-22,201611224084116,BOKL,46,49,1000,642.0,642000.0
2016-11-22,201611224084115,BOKL,10,49,50,642.0,32100.0
2016-11-22,201611224083659,BOKL,32,32,200,648.0,129600.0
2016-11-22,201611224083658,BOKL,45,32,100,649.0,64900.0
2016-11-22,201611224083657,BOKL,39,32,100,649.0,64900.0
2016-11-22,201611224083655,BOKL,59,36,400,653.0,261200.0
2016-11-22,201611224083641,BOKL,59,34,500,652.0,326000.0
2016-11-22,201611224083665,BOKL,38,32,500,647.0,323500.0
2016-11-22,201611224083664,BOKL,44,32,300,647.0,194100.0
2016-11-22,201611224083663,BOKL,40,32,500,648.0,324000.0
2016-11-22,201611224083662,BOKL,34,32,500,648.0,324000.0
2016-11-22,201611224083661,BOKL,52,32,500,648.0,324000.0
2016-11-22,201611224083660,BOKL,37,32,100,648.0,64800.0
2016-11-22,201611224083734,BOKL,1,6,100,650.0,65000.0
2016-11-22,201611224083720,BOKL,41,32,64,650.0,41600.0
2016-11-22,201611224083669,BOKL,38,32,150,645.0,96750.0
2016-11-22,201611224083668,BOKL,37,32,400,646.0,258400.0
2016-11-22,201611224083667,BOKL,10,32,150,646.0,96900.0
2016-11-22,201611224083666,BOKL,29,32,300,647.0,194100.0
2016-11-22,201611224083935,BOKL,48,38,200,650.0,130000.0
2016-11-22,201611224083934,BOKL,21,38,100,650.0,65000.0
2016-11-22,201611224083933,BOKL,6,38,50,651.0,32550.0
2016-11-22,201611224083932,BOKL,40,38,10,651.0,6510.0
2016-11-22,201611224083815,BOKL,40,10,10,651.0,6510.0
2016-11-22,201611224083808,BOKL,43,41,10,647.0,6470.0
2016-11-22,201611224083941,BOKL,38,38,200,645.0,129000.0
2016-11-22,201611224083940,BOKL,38,38,50,645.0,32250.0
2016-11-22,201611224083939,BOKL,41,38,400,646.0,258400.0
2016-11-22,201611224083938,BOKL,1,38,200,646.0,129200.0
2016-11-22,201611224083937,BOKL,37,38,50,647.0,32350.0
2016-11-22,201611224083936,BOKL,43,38,50,647.0,32350.0
2016-11-22,201611224083947,BOKL,29,38,100,645.0,64500.0
2016-11-22,201611224083946,BOKL,29,38,100,645.0,64500.0
2016-11-22,201611224083945,BOKL,45,38,50,645.0,32250.0
2016-11-22,201611224083944,BOKL,43,38,50,645.0,32250.0
2016-11-22,201611224083943,BOKL,48,38,100,645.0,64500.0
2016-11-22,201611224083942,BOKL,47,38,200,645.0,129000.0
2016-11-22,201611224084108,BOKL,54,49,200,646.0,129200.0
2016-11-22,201611224084107,BOKL,41,49,200,647.0,129400.0
2016-11-22,201611224084106,BOKL,39,49,100,647.0,64700.0
2016-11-22,201611224084105,BOKL,26,49,70,647.0,45290.0
2016-11-22,201611224083949,BOKL,41,38,40,645.0,25800.0
2016-11-22,201611224083948,BOKL,43,38,50,645.0,32250.0
2016-11-22,201611224084114,BOKL,29,49,500,645.0,322500.0
2016-11-22,201611224084113,BOKL,55,49,20,645.0,12900.0
2016-11-22,201611224084112,BOKL,11,49,100,645.0,64500.0
2016-11-22,201611224084111,BOKL,43,49,500,645.0,322500.0
2016-11-22,201611224084110,BOKL,41,49,160,645.0,103200.0
2016-11-22,201611224084109,BOKL,22,49,300,646.0,193800.0
2016-11-22,201611224084069,BPCL,44,48,500,613.0,306500.0
2016-11-22,201611224083981,CBBL,6,34,20,1850.0,37000.0
2016-11-22,201611224083973,CBBL,6,34,250,1850.0,462500.0
2016-11-22,201611224083972,CBBL,11,34,30,1850.0,55500.0
2016-11-22,201611224084070,CBL,56,25,163,274.0,44662.0
2016-11-22,201611224083909,CBL,25,16,16,274.0,4384.0
2016-11-22,201611224083906,CBL,48,42,500,275.0,137500.0
2016-11-22,201611224083842,CBL,13,42,500,275.0,137500.0
2016-11-22,201611224083820,CBL,41,42,150,275.0,41250.0
2016-11-22,201611224083805,CBL,55,42,20,275.0,5500.0
2016-11-22,201611224083749,CBL,25,1,100,274.0,27400.0
2016-11-22,201611224083748,CBL,42,1,400,274.0,109600.0
2016-11-22,201611224083730,CBL,56,57,21,274.0,5754.0
2016-11-22,201611224083729,CBL,56,34,250,274.0,68500.0
2016-11-22,201611224083711,CBL,7,34,500,274.0,137000.0
2016-11-22,201611224083726,CCBL,48,40,80,383.0,30640.0
2016-11-22,201611224083727,CCBL,29,40,500,383.0,191500.0
2016-11-22,201611224083919,CCBL,29,42,200,381.0,76200.0
2016-11-22,201611224083865,CCBL,6,34,53,384.0,20352.0
2016-11-22,201611224083924,CCBL,55,42,110,380.0,41800.0
2016-11-22,201611224083923,CCBL,38,42,500,380.0,190000.0
2016-11-22,201611224083922,CCBL,13,42,500,380.0,190000.0
2016-11-22,201611224083921,CCBL,29,42,500,380.0,190000.0
2016-11-22,201611224083920,CCBL,7,42,190,380.0,72200.0
2016-11-22,201611224084019,CHCL,49,48,31,1098.0,34038.0
2016-11-22,201611224083988,CHCL,49,49,100,1098.0,109800.0
2016-11-22,201611224083899,CHCL,47,41,50,1100.0,55000.0
2016-11-22,201611224083898,CHCL,40,41,150,1100.0,165000.0
2016-11-22,201611224084008,CZBIL,38,38,30,497.0,14910.0
2016-11-22,201611224083987,CZBIL,45,54,65,495.0,32175.0
2016-11-22,201611224083984,CZBIL,45,54,100,495.0,49500.0
2016-11-22,201611224083983,CZBIL,14,54,100,496.0,49600.0
2016-11-22,201611224083982,CZBIL,6,54,200,496.0,99200.0
2016-11-22,201611224083951,CZBIL,10,29,200,496.0,99200.0
2016-11-22,201611224083731,CZBIL,20,34,150,500.0,75000.0
2016-11-22,201611224083708,CZBIL,20,26,24,499.0,11976.0
2016-11-22,201611224083707,CZBIL,20,26,400,499.0,199600.0
2016-11-22,201611224083680,CZBIL,20,14,75,500.0,37500.0
2016-11-22,201611224083679,CZBIL,20,45,50,500.0,25000.0
2016-11-22,201611224083784,CZBIL,37,53,30,498.0,14940.0
2016-11-22,201611224083782,CZBIL,45,53,100,498.0,49800.0
2016-11-22,201611224083781,CZBIL,29,53,190,498.0,94620.0
2016-11-22,201611224083774,CZBIL,46,29,100,499.0,49900.0
2016-11-22,201611224083762,CZBIL,38,29,100,499.0,49900.0
2016-11-22,201611224083759,CZBIL,17,29,100,499.0,49900.0
2016-11-22,201611224083915,CZBIL,10,29,55,496.0,27280.0
2016-11-22,201611224083836,CZBIL,10,50,50,496.0,24800.0
2016-11-22,201611224083835,CZBIL,10,50,200,496.0,99200.0
2016-11-22,201611224083834,CZBIL,43,50,50,497.0,24850.0
2016-11-22,201611224083833,CZBIL,29,50,500,497.0,248500.0
2016-11-22,201611224083832,CZBIL,32,50,200,497.0,99400.0
2016-11-22,201611224083846,DDBL,35,40,100,2580.0,258000.0
2016-11-22,201611224084103,EBL,16,35,180,3495.0,629100.0
2016-11-22,201611224084098,EBL,46,33,20,3494.0,69880.0
2016-11-22,201611224084097,EBL,11,33,10,3494.0,34940.0
2016-11-22,201611224084060,EBL,26,35,100,3495.0,349500.0
2016-11-22,201611224084016,EBL,19,35,20,3495.0,69900.0
2016-11-22,201611224084015,EBL,19,35,30,3495.0,104850.0
2016-11-22,201611224083637,EBL,41,35,50,3495.0,174750.0
2016-11-22,201611224083629,EBL,57,43,80,3495.0,279600.0
2016-11-22,201611224083765,EBL,19,35,30,3495.0,104850.0
2016-11-22,201611224083705,EBL,53,35,100,3495.0,349500.0
2016-11-22,201611224083695,EBL,57,35,70,3495.0,244650.0
2016-11-22,201611224083694,EBL,57,35,130,3495.0,454350.0
2016-11-22,201611224083638,EBL,57,35,20,3495.0,69900.0
2016-11-22,201611224084003,EBL,16,35,50,3495.0,174750.0
2016-11-22,201611224083857,EBL,33,35,140,3495.0,489300.0
2016-11-22,201611224083855,EBL,26,35,10,3495.0,34950.0
2016-11-22,201611224083849,EBL,45,21,300,3494.0,1048200.0
2016-11-22,201611224083819,EBL,16,35,50,3495.0,174750.0
2016-11-22,201611224083766,EBL,19,35,20,3495.0,69900.0
2016-11-22,201611224083929,GBBL,1,16,16,395.0,6320.0
2016-11-22,201611224083880,GBBL,1,16,16,395.0,6320.0
2016-11-22,201611224083822,GBBL,33,16,16,395.0,6320.0
2016-11-22,201611224083811,GBBL,33,41,200,395.0,79000.0
2016-11-22,201611224083804,GBBL,29,16,16,396.0,6336.0
2016-11-22,201611224083764,GBBL,16,16,179,398.0,71242.0
2016-11-22,201611224083651,GBBL,1,41,500,399.0,199500.0
2016-11-22,201611224083650,GBBL,1,50,700,399.0,279300.0
2016-11-22,201611224083632,GBBL,1,37,364,399.0,145236.0
2016-11-22,201611224083966,GBIME,49,59,414,450.0,186300.0
2016-11-22,201611224084096,GLICL,34,48,30,780.0,23400.0
2016-11-22,201611224084095,GLICL,21,48,100,780.0,78000.0
2016-11-22,201611224084094,GLICL,41,48,200,781.0,156200.0
2016-11-22,201611224083904,HGI,41,19,20,1700.0,34000.0
2016-11-22,201611224083903,HGI,22,19,150,1700.0,255000.0
2016-11-22,201611224083902,HGI,47,19,200,1701.0,340200.0
2016-11-22,201611224084092,HIDCL,45,45,29,274.0,7946.0
2016-11-22,201611224084091,HIDCL,21,34,56,274.0,15344.0
2016-11-22,201611224084082,HIDCL,45,45,29,273.0,7917.0
2016-11-22,201611224084081,HIDCL,45,22,56,273.0,15288.0
2016-11-22,201611224084073,HIDCL,45,10,29,272.0,7888.0
2016-11-22,201611224084071,HIDCL,45,22,56,273.0,15288.0
2016-11-22,201611224083681,HIDCL,45,22,56,275.0,15400.0
2016-11-22,201611224083676,HIDCL,45,22,56,275.0,15400.0
2016-11-22,201611224083673,HIDCL,45,22,56,275.0,15400.0
2016-11-22,201611224083656,HIDCL,45,22,56,275.0,15400.0
2016-11-22,201611224083642,HIDCL,49,49,29,274.0,7946.0
2016-11-22,201611224083864,HIDCL,57,34,56,274.0,15344.0
2016-11-22,201611224083862,HIDCL,49,49,29,274.0,7946.0
2016-11-22,201611224083861,HIDCL,57,34,56,274.0,15344.0
2016-11-22,201611224083683,HIDCL,49,49,29,274.0,7946.0
2016-11-22,201611224083914,HIDCL,17,17,56,273.0,15288.0
2016-11-22,201611224083908,HIDCL,57,17,56,274.0,15344.0
2016-11-22,201611224083895,HIDCL,17,17,56,273.0,15288.0
2016-11-22,201611224083882,HIDCL,33,17,56,273.0,15288.0
2016-11-22,201611224084004,HIDCL,17,22,56,273.0,15288.0
2016-11-22,201611224083930,HIDCL,17,17,56,273.0,15288.0
2016-11-22,201611224083926,HIDCL,49,49,29,274.0,7946.0
2016-11-22,201611224083925,HIDCL,17,17,56,273.0,15288.0
2016-11-22,201611224084061,HIDCL,34,10,29,272.0,7888.0
2016-11-22,201611224084058,HIDCL,45,22,56,273.0,15288.0
2016-11-22,201611224084036,HIDCL,40,45,29,272.0,7888.0
2016-11-22,201611224084010,HIDCL,17,22,56,273.0,15288.0
2016-11-22,201611224084007,HIDCL,17,22,56,273.0,15288.0
2016-11-22,201611224083798,ICFC,5,25,200,270.0,54000.0
2016-11-22,201611224084046,ILFCM,13,10,15,701.0,10515.0
2016-11-22,201611224083753,ILFCM,39,50,10,700.0,7000.0
2016-11-22,201611224083746,JBBL,6,32,620,327.0,202740.0
2016-11-22,201611224083745,JBBL,7,32,100,328.0,32800.0
2016-11-22,201611224083744,JBBL,55,32,10,328.0,3280.0
2016-11-22,201611224083743,JBBL,45,32,100,330.0,33000.0
2016-11-22,201611224083732,JBBL,32,43,10,333.0,3330.0
2016-11-22,201611224083628,JBBL,57,6,150,339.0,50850.0
2016-11-22,201611224084055,JSLBB,39,39,10,2256.0,22560.0
2016-11-22,201611224084051,JSLBB,39,39,10,2256.0,22560.0
2016-11-22,201611224084002,JSLBB,39,39,10,2251.0,22510.0
2016-11-22,201611224083701,JSLBB,29,50,10,2245.0,22450.0
2016-11-22,201611224083809,JSLBB,39,39,10,2250.0,22500.0
2016-11-22,201611224083806,JSLBB,39,39,10,2250.0,22500.0
2016-11-22,201611224083800,JSLBB,39,39,10,2250.0,22500.0
2016-11-22,201611224083788,JSLBB,39,39,10,2250.0,22500.0
2016-11-22,201611224083763,JSLBB,39,39,10,2250.0,22500.0
2016-11-22,201611224083916,JSLBB,17,17,10,2250.0,22500.0
2016-11-22,201611224083910,JSLBB,17,17,10,2250.0,22500.0
2016-11-22,201611224083905,JSLBB,17,17,10,2250.0,22500.0
2016-11-22,201611224083931,JSLBB,17,17,10,2250.0,22500.0
2016-11-22,201611224083992,JSLBB,39,39,10,2251.0,22510.0
2016-11-22,201611224083990,JSLBB,39,17,10,2251.0,22510.0
2016-11-22,201611224083989,JSLBB,39,17,10,2251.0,22510.0
2016-11-22,201611224083985,JSLBB,17,17,10,2250.0,22500.0
2016-11-22,201611224083974,JSLBB,17,17,10,2250.0,22500.0
2016-11-22,201611224084093,KBBL,42,17,100,531.0,53100.0
2016-11-22,201611224084050,KBBL,34,34,1000,530.0,530000.0
2016-11-22,201611224083856,KBBL,34,41,240,530.0,127200.0
2016-11-22,201611224083918,KBL,38,38,22,563.0,12386.0
2016-11-22,201611224083879,KBL,28,34,400,563.0,225200.0
2016-11-22,201611224083840,KBL,26,26,200,560.0,112000.0
2016-11-22,201611224083839,KBL,10,26,50,560.0,28000.0
2016-11-22,201611224083838,KBL,14,26,50,560.0,28000.0
2016-11-22,201611224083824,KBL,17,44,50,564.0,28200.0
2016-11-22,201611224083700,KBL,14,52,150,560.0,84000.0
2016-11-22,201611224083699,KBL,36,52,150,560.0,84000.0
2016-11-22,201611224083698,KBL,36,52,150,560.0,84000.0
2016-11-22,201611224083697,KBL,28,52,50,560.0,28000.0
2016-11-22,201611224083678,KBL,17,44,100,564.0,56400.0
2016-11-22,201611224083848,KNBL,13,16,10,640.0,6400.0
2016-11-22,201611224083643,KNBL,17,16,10,640.0,6400.0
2016-11-22,201611224084035,LBL,26,38,10,767.0,7670.0
2016-11-22,201611224084034,LBL,32,38,20,768.0,15360.0
2016-11-22,201611224083747,LBL,26,34,500,780.0,390000.0
2016-11-22,201611224084090,LGIL,5,16,80,1610.0,128800.0
2016-11-22,201611224084089,LGIL,48,16,100,1610.0,161000.0
2016-11-22,201611224084088,LGIL,25,16,10,1610.0,16100.0
2016-11-22,201611224084087,LGIL,6,16,100,1612.0,161200.0
2016-11-22,201611224084086,LGIL,26,16,100,1613.0,161300.0
2016-11-22,201611224084085,LGIL,50,16,60,1615.0,96900.0
2016-11-22,201611224084084,LGIL,28,16,50,1615.0,80750.0
2016-11-22,201611224083791,LGIL,28,35,150,1615.0,242250.0
2016-11-22,201611224083790,LGIL,17,35,50,1615.0,80750.0
2016-11-22,201611224083783,LGIL,50,35,41,1615.0,66215.0
2016-11-22,201611224083821,LLBS,58,47,22,1297.0,28534.0
2016-11-22,201611224083812,LLBS,58,57,80,1297.0,103760.0
2016-11-22,201611224083645,LLBS,54,10,100,1296.0,129600.0
2016-11-22,201611224083644,LLBS,54,22,100,1295.0,129500.0
2016-11-22,201611224084000,MBL,51,16,200,499.0,99800.0
2016-11-22,201611224084074,MEGA,49,49,20,451.0,9020.0
2016-11-22,201611224083967,MEGA,38,38,29,453.0,13137.0
2016-11-22,201611224083901,MEGA,45,32,61,450.0,27450.0
2016-11-22,201611224083893,MEGA,45,32,340,450.0,153000.0
2016-11-22,201611224083892,MEGA,19,32,200,451.0,90200.0
2016-11-22,201611224083891,MEGA,26,32,250,451.0,112750.0
2016-11-22,201611224083890,MEGA,34,32,100,451.0,45100.0
2016-11-22,201611224083889,MEGA,43,32,110,451.0,49610.0
2016-11-22,201611224083802,MEGA,26,42,11,452.0,4972.0
2016-11-22,201611224083928,MMDBL,26,50,50,775.0,38750.0
2016-11-22,201611224083818,MNBBL,26,37,20,905.0,18100.0
2016-11-22,201611224083810,MNBBL,13,42,100,900.0,90000.0
2016-11-22,201611224083723,MNBBL,17,42,50,900.0,45000.0
2016-11-22,201611224083714,MNBBL,45,42,50,904.0,45200.0
2016-11-22,201611224083760,MSMBS,14,50,10,785.0,7850.0
2016-11-22,201611224084048,NABIL,16,49,100,1650.0,165000.0
2016-11-22,201611224083962,NABIL,59,49,350,1645.0,575750.0
2016-11-22,201611224083894,NABIL,59,50,50,1645.0,82250.0
2016-11-22,201611224083672,NABIL,57,25,50,1650.0,82500.0
2016-11-22,201611224083671,NABIL,57,6,150,1645.0,246750.0
2016-11-22,201611224084049,NBB,38,38,12,759.0,9108.0
2016-11-22,201611224083998,NBB,45,49,150,760.0,114000.0
2016-11-22,201611224083997,NBB,10,49,80,760.0,60800.0
2016-11-22,201611224083996,NBB,38,49,40,760.0,30400.0
2016-11-22,201611224083995,NBB,38,49,300,761.0,228300.0
2016-11-22,201611224083959,NBB,7,38,20,762.0,15240.0
2016-11-22,201611224083716,NBB,11,35,200,762.0,152400.0
2016-11-22,201611224083706,NBB,11,38,200,762.0,152400.0
2016-11-22,201611224083684,NBB,52,34,200,761.0,152200.0
2016-11-22,201611224083844,NBB,38,53,60,760.0,45600.0
2016-11-22,201611224083843,NBB,17,38,50,762.0,38100.0
2016-11-22,201611224083786,NBB,38,1,150,761.0,114150.0
2016-11-22,201611224083725,NBB,57,38,200,762.0,152400.0
2016-11-22,201611224083724,NBB,11,38,200,762.0,152400.0
2016-11-22,201611224083722,NBB,57,49,200,763.0,152600.0
2016-11-22,201611224084043,NBL,59,46,1500,442.0,663000.0
2016-11-22,201611224084042,NBL,43,46,50,443.0,22150.0
2016-11-22,201611224084041,NBL,6,46,500,443.0,221500.0
2016-11-22,201611224084040,NBL,28,46,100,443.0,44300.0
2016-11-22,201611224084039,NBL,56,46,500,444.0,222000.0
2016-11-22,201611224084038,NBL,19,46,500,445.0,222500.0
2016-11-22,201611224083770,NBL,1,42,400,447.0,178800.0
2016-11-22,201611224083769,NBL,5,42,50,448.0,22400.0
2016-11-22,201611224083768,NBL,17,42,200,448.0,89600.0
2016-11-22,201611224083767,NBL,6,42,300,449.0,134700.0
2016-11-22,201611224083813,NBL,25,42,500,444.0,222000.0
2016-11-22,201611224083801,NBL,59,42,1500,444.0,666000.0
2016-11-22,201611224083785,NBL,53,42,650,445.0,289250.0
2016-11-22,201611224083773,NBL,53,42,350,445.0,155750.0
2016-11-22,201611224083772,NBL,25,42,1700,445.0,756500.0
2016-11-22,201611224083771,NBL,38,42,1000,446.0,446000.0
2016-11-22,201611224083841,NGPL,49,49,10,301.0,3010.0
2016-11-22,201611224083807,NGPL,19,16,10,299.0,2990.0
2016-11-22,201611224083803,NGPL,19,16,10,299.0,2990.0
2016-11-22,201611224083736,NGPL,51,16,10,298.0,2980.0
2016-11-22,201611224083728,NGPL,51,16,10,298.0,2980.0
2016-11-22,201611224083721,NGPL,51,16,10,298.0,2980.0
2016-11-22,201611224083715,NGPL,51,16,10,298.0,2980.0
2016-11-22,201611224083696,NGPL,51,16,10,298.0,2980.0
2016-11-22,201611224083692,NGPL,49,49,10,303.0,3030.0
2016-11-22,201611224083690,NGPL,51,16,10,298.0,2980.0
2016-11-22,201611224083686,NGPL,51,16,10,298.0,2980.0
2016-11-22,201611224084052,NIB,25,45,10,751.0,7510.0
2016-11-22,201611224084014,NIB,14,42,200,750.0,150000.0
2016-11-22,201611224083913,NIB,42,45,26,748.0,19448.0
2016-11-22,201611224083710,NIB,48,48,573,747.0,428031.0
2016-11-22,201611224083702,NIB,54,55,26,748.0,19448.0
2016-11-22,201611224083691,NIB,21,22,26,752.0,19552.0
2016-11-22,201611224083634,NIB,54,25,10,748.0,7480.0
2016-11-22,201611224083630,NIB,54,25,10,748.0,7480.0
2016-11-22,201611224083689,NIB,21,22,26,752.0,19552.0
2016-11-22,201611224083688,NIB,21,22,26,752.0,19552.0
2016-11-22,201611224083685,NIB,21,25,41,751.0,30791.0
2016-11-22,201611224083682,NIB,21,21,30,750.0,22500.0
2016-11-22,201611224083639,NIB,54,25,10,748.0,7480.0
2016-11-22,201611224083636,NIB,54,25,10,748.0,7480.0
2016-11-22,201611224083900,NIBPO,7,34,100,670.0,67000.0
2016-11-22,201611224083969,NICA,5,43,12,545.0,6540.0
2016-11-22,201611224083963,NICA,55,43,12,546.0,6552.0
2016-11-22,201611224083958,NICA,55,43,149,546.0,81354.0
2016-11-22,201611224083953,NICA,1,1,600,548.0,328800.0
2016-11-22,201611224083952,NICA,1,53,400,548.0,219200.0
2016-11-22,201611224083912,NICA,5,43,20,545.0,10900.0
2016-11-22,201611224083877,NICA,55,53,50,548.0,27400.0
2016-11-22,201611224083792,NICA,29,48,362,545.0,197290.0
2016-11-22,201611224083779,NICA,48,48,743,544.0,404192.0
2016-11-22,201611224083761,NICA,6,53,50,548.0,27400.0
2016-11-22,201611224083635,NICA,45,17,100,550.0,55000.0
2016-11-22,201611224083911,NICA,55,43,200,546.0,109200.0
2016-11-22,201611224083888,NICA,5,43,40,545.0,21800.0
2016-11-22,201611224083887,NICA,55,43,200,546.0,109200.0
2016-11-22,201611224083886,NICA,42,43,50,546.0,27300.0
2016-11-22,201611224083885,NICA,42,43,50,546.0,27300.0
2016-11-22,201611224083884,NICA,14,43,50,547.0,27350.0
2016-11-22,201611224083991,NIL,41,59,19,1960.0,37240.0
2016-11-22,201611224083978,NIL,40,59,90,1961.0,176490.0
2016-11-22,201611224083977,NIL,40,59,100,1961.0,196100.0
2016-11-22,201611224083907,NLBBL,45,6,50,1680.0,84000.0
2016-11-22,201611224083927,NLG,45,55,30,1890.0,56700.0
2016-11-22,201611224083780,NLIC,57,26,200,3370.0,674000.0
2016-11-22,201611224083999,NLICL,49,46,14,3350.0,46900.0
2016-11-22,201611224083876,NLICL,49,42,70,3350.0,234500.0
2016-11-22,201611224083875,NLICL,19,42,10,3350.0,33500.0
2016-11-22,201611224083874,NLICL,45,42,200,3351.0,670200.0
2016-11-22,201611224083873,NLICL,36,42,70,3351.0,234570.0
2016-11-22,201611224083872,NLICL,37,42,60,3352.0,201120.0
2016-11-22,201611224083871,NLICL,53,42,300,3352.0,1005600.0
2016-11-22,201611224083870,NLICL,37,42,150,3353.0,502950.0
2016-11-22,201611224083869,NLICL,32,42,40,3353.0,134120.0
2016-11-22,201611224083868,NLICL,19,42,30,3354.0,100620.0
2016-11-22,201611224083867,NLICL,19,42,20,3355.0,67100.0
2016-11-22,201611224083866,NLICL,46,42,150,3355.0,503250.0
2016-11-22,201611224084032,NMB,25,48,250,640.0,160000.0
2016-11-22,201611224084031,NMB,25,48,200,640.0,128000.0
2016-11-22,201611224084030,NMB,34,48,500,640.0,320000.0
2016-11-22,201611224084029,NMB,59,48,50,640.0,32000.0
2016-11-22,201611224084028,NMB,58,48,1000,641.0,641000.0
2016-11-22,201611224084027,NMB,29,48,500,641.0,320500.0
2016-11-22,201611224083623,NMB,7,49,100,650.0,65000.0
2016-11-22,201611224083622,NMB,11,49,100,650.0,65000.0
2016-11-22,201611224083646,NMB,7,49,100,649.0,64900.0
2016-11-22,201611224083640,NMB,45,50,100,650.0,65000.0
2016-11-22,201611224083627,NMB,47,49,200,650.0,130000.0
2016-11-22,201611224083626,NMB,50,49,200,650.0,130000.0
2016-11-22,201611224083625,NMB,25,49,200,650.0,130000.0
2016-11-22,201611224083624,NMB,50,49,1000,650.0,650000.0
2016-11-22,201611224084020,NMB,38,48,200,646.0,129200.0
2016-11-22,201611224084005,NMB,45,38,100,649.0,64900.0
2016-11-22,201611224083654,NMB,25,50,200,650.0,130000.0
2016-11-22,201611224083649,NMB,25,49,200,649.0,129800.0
2016-11-22,201611224083648,NMB,58,49,1000,649.0,649000.0
2016-11-22,201611224083647,NMB,47,49,200,649.0,129800.0
2016-11-22,201611224084026,NMB,51,48,150,641.0,96150.0
2016-11-22,201611224084025,NMB,41,48,50,641.0,32050.0
2016-11-22,201611224084024,NMB,6,48,30,643.0,19290.0
2016-11-22,201611224084023,NMB,34,48,100,645.0,64500.0
2016-11-22,201611224084022,NMB,38,48,200,645.0,129000.0
2016-11-22,201611224084021,NMB,43,48,200,646.0,129200.0
2016-11-22,201611224084017,OHL,44,59,1000,490.0,490000.0
2016-11-22,201611224083970,OHL,44,25,248,500.0,124000.0
2016-11-22,201611224083956,OHL,44,49,13,510.0,6630.0
2016-11-22,201611224084079,PCBL,52,28,200,547.0,109400.0
2016-11-22,201611224084078,PCBL,10,28,100,547.0,54700.0
2016-11-22,201611224084077,PCBL,10,28,100,547.0,54700.0
2016-11-22,201611224084076,PCBL,10,28,10,547.0,5470.0
2016-11-22,201611224083693,PCBL,10,41,90,547.0,49230.0
2016-11-22,201611224083954,PIC,45,50,30,1850.0,55500.0
2016-11-22,201611224083961,PICL,45,49,30,1399.0,41970.0
2016-11-22,201611224083750,PICL,34,34,150,1398.0,209700.0
2016-11-22,201611224084009,PLIC,16,16,13,2010.0,26130.0
2016-11-22,201611224083881,RBCL,45,44,10,11444.0,114440.0
2016-11-22,201611224083971,RHPC,25,51,87,245.0,21315.0
2016-11-22,201611224083845,RHPC,1,16,11,245.0,2695.0
2016-11-22,201611224083837,RHPC,1,16,12,245.0,2940.0
2016-11-22,201611224083814,RHPC,49,49,11,244.0,2684.0
2016-11-22,201611224083752,RHPC,49,49,20,244.0,4880.0
2016-11-22,201611224084047,SAFL,17,1,52,450.0,23400.0
2016-11-22,201611224084001,SAFL,41,33,100,450.0,45000.0
2016-11-22,201611224083854,SAJHA,19,36,100,283.0,28300.0
2016-11-22,201611224083853,SAJHA,17,36,10,283.0,2830.0
2016-11-22,201611224083852,SAJHA,22,36,50,283.0,14150.0
2016-11-22,201611224084099,SANIMA,38,35,500,565.0,282500.0
2016-11-22,201611224084075,SANIMA,38,38,10,567.0,5670.0
2016-11-22,201611224084059,SANIMA,38,38,20,565.0,11300.0
2016-11-22,201611224084013,SANIMA,38,6,170,565.0,96050.0
2016-11-22,201611224084012,SANIMA,29,6,60,566.0,33960.0
2016-11-22,201611224083986,SANIMA,29,53,100,566.0,56600.0
2016-11-22,201611224083795,SANIMA,17,53,100,566.0,56600.0
2016-11-22,201611224083794,SANIMA,50,53,50,566.0,28300.0
2016-11-22,201611224083793,SANIMA,52,53,100,566.0,56600.0
2016-11-22,201611224083704,SANIMA,29,37,200,566.0,113200.0
2016-11-22,201611224083847,SANIMA,29,53,40,566.0,22640.0
2016-11-22,201611224083823,SANIMA,38,38,200,565.0,113000.0
2016-11-22,201611224083817,SANIMA,37,53,130,566.0,73580.0
2016-11-22,201611224083816,SANIMA,37,42,270,566.0,152820.0
2016-11-22,201611224083797,SANIMA,37,53,30,566.0,16980.0
2016-11-22,201611224083796,SANIMA,46,53,50,566.0,28300.0
2016-11-22,201611224083777,SBI,17,1,200,1500.0,300000.0
2016-11-22,201611224084102,SBL,42,39,100,1009.0,100900.0
2016-11-22,201611224084062,SBL,16,39,100,1009.0,100900.0
2016-11-22,201611224083960,SBL,39,39,200,1009.0,201800.0
2016-11-22,201611224083758,SBL,34,44,200,1010.0,202000.0
2016-11-22,201611224083757,SBL,34,44,200,1010.0,202000.0
2016-11-22,201611224083756,SBL,37,44,200,1010.0,202000.0
2016-11-22,201611224083755,SBL,45,44,50,1010.0,50500.0
2016-11-22,201611224083754,SBL,39,44,200,1010.0,202000.0
2016-11-22,201611224083653,SBL,42,26,100,1013.0,101300.0
2016-11-22,201611224083738,SCB,11,17,30,2900.0,87000.0
2016-11-22,201611224084104,SDBL,5,17,200,470.0,94000.0
2016-11-22,201611224084101,SDBL,5,17,180,470.0,84600.0
2016-11-22,201611224084100,SDBL,5,1,710,470.0,333700.0
2016-11-22,201611224084072,SDBL,29,38,17,468.0,7956.0
2016-11-22,201611224084067,SDBL,29,38,260,468.0,121680.0
2016-11-22,201611224084066,SDBL,5,38,50,468.0,23400.0
2016-11-22,201611224083737,SDBL,49,49,3000,470.0,1410000.0
2016-11-22,201611224083735,SDBL,37,58,99,469.0,46431.0
2016-11-22,201611224083733,SDBL,10,17,500,470.0,235000.0
2016-11-22,201611224083712,SDBL,29,17,50,470.0,23500.0
2016-11-22,201611224083677,SDBL,5,17,990,470.0,465300.0
2016-11-22,201611224083652,SDBL,5,17,10,470.0,4700.0
2016-11-22,201611224083955,SDBL,56,59,500,468.0,234000.0
2016-11-22,201611224083878,SDBL,39,1,190,470.0,89300.0
2016-11-22,201611224083851,SDBL,39,42,111,470.0,52170.0
2016-11-22,201611224083850,SDBL,39,17,200,470.0,94000.0
2016-11-22,201611224083825,SDBL,5,17,200,470.0,94000.0
2016-11-22,201611224083751,SDBL,10,17,50,470.0,23500.0
2016-11-22,201611224084065,SDBL,56,38,500,468.0,234000.0
2016-11-22,201611224084064,SDBL,34,38,100,468.0,46800.0
2016-11-22,201611224084063,SDBL,25,38,50,469.0,23450.0
2016-11-22,201611224084054,SDBL,44,1,100,470.0,47000.0
2016-11-22,201611224084053,SDBL,44,40,600,470.0,282000.0
2016-11-22,201611224084045,SDBL,44,5,300,469.0,140700.0
2016-11-22,201611224084006,SEWA,14,6,100,320.0,32000.0
2016-11-22,201611224083633,SFFIL,59,14,10,757.0,7570.0
2016-11-22,201611224083631,SFFIL,14,14,36,757.0,27252.0
2016-11-22,201611224083719,SHINE,43,41,69,505.0,34845.0
2016-11-22,201611224083742,SHPC,14,32,20,845.0,16900.0
2016-11-22,201611224083741,SHPC,17,32,200,845.0,169000.0
2016-11-22,201611224083740,SHPC,53,32,150,845.0,126750.0
2016-11-22,201611224083739,SHPC,47,32,100,846.0,84600.0
2016-11-22,201611224083718,SICL,56,28,200,3799.0,759800.0
2016-11-22,201611224083717,SICL,59,59,27,3780.0,102060.0
2016-11-22,201611224083713,SICL,56,26,28,3798.0,106344.0
2016-11-22,201611224083703,SICL,56,21,12,3797.0,45564.0
2016-11-22,201611224083675,SICL,56,42,257,3795.0,975315.0
2016-11-22,201611224083674,SICL,56,35,100,3792.0,379200.0
2016-11-22,201611224083776,SIGS1,6,21,5000,25.0,125000.0
2016-11-22,201611224083775,SIGS1,6,21,5000,25.0,125000.0
2016-11-22,201611224083687,SIL,21,49,50,2300.0,115000.0
2016-11-22,201611224083994,SRBL,28,21,150,499.0,74850.0
2016-11-22,201611224083831,SRBL,40,45,500,492.0,246000.0
2016-11-22,201611224083830,SRBL,56,45,300,492.0,147600.0
2016-11-22,201611224083829,SRBL,56,45,300,493.0,147900.0
2016-11-22,201611224083828,SRBL,22,45,100,493.0,49300.0
2016-11-22,201611224083827,SRBL,42,45,100,495.0,49500.0
2016-11-22,201611224083826,SRBL,41,45,200,497.0,99400.0
2016-11-22,201611224084083,SYFL,29,57,300,169.0,50700.0
2016-11-22,201611224083863,SYFL,29,25,200,172.0,34400.0
2016-11-22,201611224083860,TRH,20,32,400,240.0,96000.0
2016-11-22,201611224083799,TRH,20,32,2260,240.0,542400.0
2016-11-22,201611224083965,UFCL,48,17,500,172.0,86000.0
2016-11-22,201611224083964,UFCL,48,25,530,170.0,90100.0
2016-11-22,201611224083859,VSDBL,26,17,150,199.0,29850.0
2016-11-22,201611224083858,VSDBL,45,17,30,199.0,5970.0
2016-11-22,201611224083897,VSDBL,32,59,50,197.0,9850.0
2016-11-22,201611224083896,VSDBL,47,59,200,198.0,39600.0
2016-11-22,201611224083976,VSDBL,45,29,180,199.0,35820.0
2016-11-22,201611224083975,VSDBL,45,17,320,199.0,63680.0
2016-11-22,201611224083950,WDBL,32,16,250,284.0,71000.0
2016-11-22,201611224083980,YETI,42,33,60,300.0,18000.0
2016-11-22,201611224083979,YETI,42,33,90,300.0,27000.0
2016-11-22,201611224082469,ADBL,50,34,150,548.0,82200.0
2016-11-22,201611224082462,ADBL,45,34,50,548.0,27400.0
2016-11-22,201611224082320,ADBL,10,42,319,538.0,171622.0
2016-11-22,201611224082298,ADBL,40,42,319,538.0,171622.0
2016-11-22,201611224082531,AHPC,10,42,114,275.0,31350.0
2016-11-22,201611224082525,AHPC,10,49,82,274.0,22468.0
2016-11-22,201611224082479,AHPC,53,1,500,270.0,135000.0
2016-11-22,201611224082426,AHPC,7,38,500,270.0,135000.0
2016-11-22,201611224082457,ALICL,41,25,10,1700.0,17000.0
2016-11-22,201611224082616,API,19,39,100,540.0,54000.0
2016-11-22,201611224082575,API,29,26,126,540.0,68040.0
2016-11-22,201611224082408,API,33,37,100,545.0,54500.0
2016-11-22,201611224082599,BOKL,21,1,70,647.0,45290.0
2016-11-22,201611224082590,BOKL,47,1,30,647.0,19410.0
2016-11-22,201611224082584,BOKL,49,1,100,647.0,64700.0
2016-11-22,201611224082563,BOKL,36,48,500,650.0,325000.0
2016-11-22,201611224082562,BOKL,36,48,20,650.0,13000.0
2016-11-22,201611224082561,BOKL,8,48,100,650.0,65000.0
2016-11-22,201611224082194,BOKL,19,43,50,645.0,32250.0
2016-11-22,201611224082166,BOKL,3,43,50,645.0,32250.0
2016-11-22,201611224082131,BOKL,34,37,465,645.0,299925.0
2016-11-22,201611224082123,BOKL,34,16,385,645.0,248325.0
2016-11-22,201611224082343,BOKL,57,1,172,650.0,111800.0
2016-11-22,201611224082342,BOKL,57,28,200,650.0,130000.0
2016-11-22,201611224082341,BOKL,57,32,200,649.0,129800.0
2016-11-22,201611224082304,BOKL,32,32,400,645.0,258000.0
2016-11-22,201611224082302,BOKL,14,21,95,649.0,61655.0
2016-11-22,201611224082245,BOKL,21,46,19,641.0,12179.0
2016-11-22,201611224082539,BOKL,45,36,10,659.0,6590.0
2016-11-22,201611224082530,BOKL,56,43,200,658.0,131600.0
2016-11-22,201611224082380,BOKL,1,43,450,655.0,294750.0
2016-11-22,201611224082371,BOKL,1,43,50,655.0,32750.0
2016-11-22,201611224082366,BOKL,6,34,300,655.0,196500.0
2016-11-22,201611224082356,BOKL,57,34,200,655.0,131000.0
2016-11-22,201611224082554,BOKL,48,48,500,655.0,327500.0
2016-11-22,201611224082553,BOKL,38,48,200,655.0,131000.0
2016-11-22,201611224082552,BOKL,1,48,200,655.0,131000.0
2016-11-22,201611224082551,BOKL,21,48,100,655.0,65500.0
2016-11-22,201611224082550,BOKL,40,48,500,656.0,328000.0
2016-11-22,201611224082549,BOKL,33,48,200,656.0,131200.0
2016-11-22,201611224082560,BOKL,11,48,100,650.0,65000.0
2016-11-22,201611224082559,BOKL,51,48,500,650.0,325000.0
2016-11-22,201611224082558,BOKL,45,48,50,651.0,32550.0
2016-11-22,201611224082557,BOKL,6,48,500,651.0,325500.0
2016-11-22,201611224082556,BOKL,6,48,100,652.0,65200.0
2016-11-22,201611224082555,BOKL,45,48,200,655.0,131000.0
2016-11-22,201611224082615,CBBL,6,6,50,1850.0,92500.0
2016-11-22,201611224082613,CBBL,37,6,50,1850.0,92500.0
2016-11-22,201611224082538,CBBL,37,1,50,1870.0,93500.0
2016-11-22,201611224082565,CBL,50,50,400,280.0,112000.0
2016-11-22,201611224082548,CBL,39,26,200,280.0,56000.0
2016-11-22,201611224082386,CBL,29,39,276,279.0,77004.0
2016-11-22,201611224082334,CBL,19,39,100,280.0,28000.0
2016-11-22,201611224082325,CBL,19,1,200,280.0,56000.0
2016-11-22,201611224082300,CBL,6,50,63,275.0,17325.0
2016-11-22,201611224082125,CBL,58,25,200,273.0,54600.0
2016-11-22,201611224082124,CBL,11,25,50,273.0,13650.0
2016-11-22,201611224082269,CBL,46,25,100,274.0,27400.0
2016-11-22,201611224082252,CBL,49,35,532,274.0,145768.0
2016-11-22,201611224082241,CBL,38,25,100,274.0,27400.0
2016-11-22,201611224082200,CBL,29,25,250,273.0,68250.0
2016-11-22,201611224082179,CBL,19,25,250,273.0,68250.0
2016-11-22,201611224082172,CBL,41,25,500,273.0,136500.0
2016-11-22,201611224082432,CCBL,29,45,12,380.0,4560.0
2016-11-22,201611224082425,CCBL,7,44,310,380.0,117800.0
2016-11-22,201611224082411,CCBL,29,45,12,380.0,4560.0
2016-11-22,201611224082403,CCBL,48,45,12,380.0,4560.0
2016-11-22,201611224082295,CCBL,56,16,388,382.0,148216.0
2016-11-22,201611224082134,CCBL,7,57,200,378.0,75600.0
2016-11-22,201611224082139,CCBL,17,57,10,375.0,3750.0
2016-11-22,201611224082138,CCBL,11,57,200,375.0,75000.0
2016-11-22,201611224082137,CCBL,22,57,60,375.0,22500.0
2016-11-22,201611224082136,CCBL,16,57,100,377.0,37700.0
2016-11-22,201611224082135,CCBL,11,57,30,377.0,11310.0
2016-11-22,201611224082588,CHCL,40,42,20,1073.0,21460.0
2016-11-22,201611224082594,CZBIL,11,34,380,504.0,191520.0
2016-11-22,201611224082589,CZBIL,11,8,148,503.0,74444.0
2016-11-22,201611224082534,CZBIL,42,34,20,504.0,10080.0
2016-11-22,201611224082498,CZBIL,14,34,100,500.0,50000.0
2016-11-22,201611224082360,CZBIL,46,29,350,500.0,175000.0
2016-11-22,201611224082350,CZBIL,45,34,500,499.0,249500.0
2016-11-22,201611224082186,CZBIL,29,48,50,485.0,24250.0
2016-11-22,201611224082185,CZBIL,49,48,500,486.0,243000.0
2016-11-22,201611224082192,CZBIL,19,48,100,480.0,48000.0
2016-11-22,201611224082191,CZBIL,22,48,150,481.0,72150.0
2016-11-22,201611224082190,CZBIL,29,48,100,483.0,48300.0
2016-11-22,201611224082189,CZBIL,19,48,50,483.0,24150.0
2016-11-22,201611224082188,CZBIL,33,48,50,483.0,24150.0
2016-11-22,201611224082187,CZBIL,50,48,500,485.0,242500.0
2016-11-22,201611224082236,CZBIL,56,48,32,480.0,15360.0
2016-11-22,201611224082235,CZBIL,56,48,100,480.0,48000.0
2016-11-22,201611224082232,CZBIL,33,48,1000,480.0,480000.0
2016-11-22,201611224082231,CZBIL,49,48,100,480.0,48000.0
2016-11-22,201611224082209,CZBIL,33,48,100,480.0,48000.0
2016-11-22,201611224082204,CZBIL,58,48,200,480.0,96000.0
2016-11-22,201611224082349,CZBIL,45,13,72,495.0,35640.0
2016-11-22,201611224082318,CZBIL,16,34,300,490.0,147000.0
2016-11-22,201611224082317,CZBIL,57,42,354,490.0,173460.0
2016-11-22,201611224082299,CZBIL,57,35,661,490.0,323890.0
2016-11-22,201611224082297,CZBIL,16,45,205,490.0,100450.0
2016-11-22,201611224082251,CZBIL,26,17,500,485.0,242500.0
2016-11-22,201611224082620,EBL,49,33,100,3505.0,350500.0
2016-11-22,201611224082619,EBL,45,33,20,3505.0,70100.0
2016-11-22,201611224082618,EBL,19,33,20,3505.0,70100.0
2016-11-22,201611224082617,EBL,34,33,40,3505.0,140200.0
2016-11-22,201611224082597,EBL,42,33,10,3515.0,35150.0
2016-11-22,201611224082544,EBL,34,5,10,3505.0,35050.0
2016-11-22,201611224082202,EBL,11,55,100,3445.0,344500.0
2016-11-22,201611224082193,EBL,40,25,437,3445.0,1505465.0
2016-11-22,201611224082143,EBL,45,49,15,3445.0,51675.0
2016-11-22,201611224082140,EBL,50,28,200,3440.0,688000.0
2016-11-22,201611224082394,EBL,6,33,50,3470.0,173500.0
2016-11-22,201611224082393,EBL,28,33,30,3480.0,104400.0
2016-11-22,201611224082336,EBL,22,47,50,3490.0,174500.0
2016-11-22,201611224082292,EBL,40,40,390,3455.0,1347450.0
2016-11-22,201611224082279,EBL,34,33,200,3453.0,690600.0
2016-11-22,201611224082478,EBL,38,38,20,3500.0,70000.0
2016-11-22,201611224082477,EBL,38,33,50,3500.0,175000.0
2016-11-22,201611224082420,EBL,14,33,200,3500.0,700000.0
2016-11-22,201611224082416,EBL,14,38,50,3500.0,175000.0
2016-11-22,201611224082405,EBL,57,44,200,3499.0,699800.0
2016-11-22,201611224082395,EBL,4,33,300,3470.0,1041000.0
2016-11-22,201611224082543,EBL,33,48,159,3505.0,557295.0
2016-11-22,201611224082505,EBL,45,33,100,3500.0,350000.0
2016-11-22,201611224082504,EBL,16,33,200,3500.0,700000.0
2016-11-22,201611224082503,EBL,16,33,20,3500.0,70000.0
2016-11-22,201611224082482,EBL,16,5,100,3500.0,350000.0
2016-11-22,201611224082481,EBL,16,38,80,3500.0,280000.0
2016-11-22,201611224082612,GBBL,34,41,500,393.0,196500.0
2016-11-22,201611224082608,GBBL,34,11,13,400.0,5200.0
2016-11-22,201611224082607,GBBL,34,41,30,399.0,11970.0
2016-11-22,201611224082582,GBBL,29,41,250,399.0,99750.0
2016-11-22,201611224082472,GBBL,1,41,20,397.0,7940.0
2016-11-22,201611224082471,GBBL,1,32,280,396.0,110880.0
2016-11-22,201611224082177,GBBL,32,18,100,377.0,37700.0
2016-11-22,201611224082414,GBBL,39,21,77,391.0,30107.0
2016-11-22,201611224082330,GBBL,8,41,79,384.0,30336.0
2016-11-22,201611224082324,GBBL,8,41,100,384.0,38400.0
2016-11-22,201611224082323,GBBL,19,41,100,384.0,38400.0
2016-11-22,201611224082322,GBBL,19,41,500,384.0,192000.0
2016-11-22,201611224082181,GBBL,32,32,20,377.0,7540.0
2016-11-22,201611224082182,GBIME,43,28,172,445.0,76540.0
2016-11-22,201611224082178,GBIME,34,57,44,440.0,19360.0
2016-11-22,201611224082173,GBIME,43,50,121,443.0,53603.0
2016-11-22,201611224082171,GBIME,43,57,160,438.0,70080.0
2016-11-22,201611224082170,GBIME,37,57,200,438.0,87600.0
2016-11-22,201611224082169,GBIME,59,57,100,440.0,44000.0
2016-11-22,201611224082168,GBIME,49,57,40,440.0,17600.0
2016-11-22,201611224082524,GLICL,36,42,500,810.0,405000.0
2016-11-22,201611224082225,GLICL,36,39,50,816.0,40800.0
2016-11-22,201611224082291,HBL,1,25,350,1200.0,420000.0
2016-11-22,201611224082237,HBL,7,8,60,1196.0,71760.0
2016-11-22,201611224082162,HBL,6,17,180,1193.0,214740.0
2016-11-22,201611224082158,HBL,6,46,200,1193.0,238600.0
2016-11-22,201611224082141,HBL,45,46,15,1170.0,17550.0
2016-11-22,201611224082133,HBL,45,46,30,1170.0,35100.0
2016-11-22,201611224082132,HBL,20,46,60,1175.0,70500.0
2016-11-22,201611224082595,HIDCL,19,19,509,270.0,137430.0
2016-11-22,201611224082572,HIDCL,14,14,56,274.0,15344.0
2016-11-22,201611224082520,HIDCL,42,53,87,275.0,23925.0
2016-11-22,201611224082480,HIDCL,14,14,56,274.0,15344.0
2016-11-22,201611224082443,HIDCL,32,45,56,274.0,15344.0
2016-11-22,201611224082314,HIDCL,14,14,56,273.0,15288.0
2016-11-22,201611224082271,HIDCL,11,44,100,270.0,27000.0
2016-11-22,201611224082145,HIDCL,11,45,10,269.0,2690.0
2016-11-22,201611224082198,ILFCM,14,18,11,692.0,7612.0
2016-11-22,201611224082165,ILFCM,18,18,10,701.0,7010.0
2016-11-22,201611224082536,JBBL,26,49,34,327.0,11118.0
2016-11-22,201611224082244,JBBL,47,43,24,321.0,7704.0
2016-11-22,201611224082197,JBBL,34,36,2440,315.0,768600.0
2016-11-22,201611224082180,JBBL,39,36,200,315.0,63000.0
2016-11-22,201611224082614,JSLBB,17,55,10,2200.0,22000.0
2016-11-22,201611224082126,JSLBB,29,55,10,2201.0,22010.0
2016-11-22,201611224082206,JSLBB,29,36,10,2157.0,21570.0
2016-11-22,201611224082596,KBBL,41,49,300,545.0,163500.0
2016-11-22,201611224082397,KBBL,7,1,200,535.0,107000.0
2016-11-22,201611224082602,KBL,21,29,100,565.0,56500.0
2016-11-22,201611224082522,KBL,21,43,50,565.0,28250.0
2016-11-22,201611224082364,KBL,10,21,111,562.0,62382.0
2016-11-22,201611224082363,KBL,43,26,100,560.0,56000.0
2016-11-22,201611224082329,KBL,48,48,336,556.0,186816.0
2016-11-22,201611224082308,KBL,48,48,500,551.0,275500.0
2016-11-22,201611224082303,KBL,26,48,500,552.0,276000.0
2016-11-22,201611224082249,KBL,20,48,260,550.0,143000.0
2016-11-22,201611224082519,KMFL,44,44,10,3700.0,37000.0
2016-11-22,201611224082518,KMFL,44,44,10,3700.0,37000.0
2016-11-22,201611224082517,KMFL,44,44,10,3700.0,37000.0
2016-11-22,201611224082516,KMFL,44,44,10,3700.0,37000.0
2016-11-22,201611224082515,KMFL,44,44,10,3700.0,37000.0
2016-11-22,201611224082514,KMFL,44,44,10,3700.0,37000.0
2016-11-22,201611224082507,KMFL,44,44,10,3700.0,37000.0
2016-11-22,201611224082506,KMFL,44,16,10,3690.0,36900.0
2016-11-22,201611224082513,KMFL,44,44,10,3700.0,37000.0
2016-11-22,201611224082512,KMFL,44,44,10,3700.0,37000.0
2016-11-22,201611224082511,KMFL,44,44,10,3700.0,37000.0
2016-11-22,201611224082510,KMFL,44,44,10,3700.0,37000.0
2016-11-22,201611224082509,KMFL,44,44,10,3700.0,37000.0
2016-11-22,201611224082508,KMFL,44,44,10,3700.0,37000.0
2016-11-22,201611224082448,LBL,11,34,150,756.0,113400.0
2016-11-22,201611224082424,LBL,34,34,200,756.0,151200.0
2016-11-22,201611224082274,LBL,42,34,50,756.0,37800.0
2016-11-22,201611224082242,LBL,45,16,1079,750.0,809250.0
2016-11-22,201611224082160,LBL,19,17,10,740.0,7400.0
2016-11-22,201611224082474,LGIL,29,51,200,1650.0,330000.0
2016-11-22,201611224082465,LGIL,37,35,200,1640.0,328000.0
2016-11-22,201611224082447,LGIL,56,32,10,1640.0,16400.0
2016-11-22,201611224082446,LGIL,56,16,80,1638.0,131040.0
2016-11-22,201611224082435,LGIL,52,35,200,1630.0,326000.0
2016-11-22,201611224082376,LGIL,28,35,200,1622.0,324400.0
2016-11-22,201611224082375,LGIL,28,16,420,1620.0,680400.0
2016-11-22,201611224082365,LGIL,26,16,30,1620.0,48600.0
2016-11-22,201611224082361,LGIL,19,16,50,1620.0,81000.0
2016-11-22,201611224082529,LLBS,58,10,200,1240.0,248000.0
2016-11-22,201611224082528,LLBS,58,42,20,1240.0,24800.0
2016-11-22,201611224082527,LLBS,58,25,140,1240.0,173600.0
2016-11-22,201611224082499,LLBS,37,25,10,1240.0,12400.0
2016-11-22,201611224082489,LLBS,8,25,10,1240.0,12400.0
2016-11-22,201611224082473,LLBS,40,25,100,1240.0,124000.0
2016-11-22,201611224082164,LLBS,58,10,100,1240.0,124000.0
2016-11-22,201611224082144,LLBS,55,10,34,1240.0,42160.0
2016-11-22,201611224082358,LLBS,14,43,11,1240.0,13640.0
2016-11-22,201611224082357,LLBS,14,10,20,1240.0,24800.0
2016-11-22,201611224082273,LLBS,46,10,20,1240.0,24800.0
2016-11-22,201611224082267,LLBS,11,10,10,1240.0,12400.0
2016-11-22,201611224082253,LLBS,46,10,20,1240.0,24800.0
2016-11-22,201611224082230,LLBS,17,10,20,1240.0,24800.0
2016-11-22,201611224082418,LLBS,48,7,10,1240.0,12400.0
2016-11-22,201611224082417,LLBS,55,7,70,1240.0,86800.0
2016-11-22,201611224082409,LLBS,19,7,20,1240.0,24800.0
2016-11-22,201611224082407,LLBS,55,43,11,1240.0,13640.0
2016-11-22,201611224082401,LLBS,55,43,11,1240.0,13640.0
2016-11-22,201611224082369,LLBS,55,43,11,1240.0,13640.0
2016-11-22,201611224082449,LLBS,17,25,20,1240.0,24800.0
2016-11-22,201611224082431,LLBS,44,10,11,1240.0,13640.0
2016-11-22,201611224082430,LLBS,44,36,20,1240.0,24800.0
2016-11-22,201611224082429,LLBS,44,43,50,1240.0,62000.0
2016-11-22,201611224082428,LLBS,44,45,110,1240.0,136400.0
2016-11-22,201611224082419,LLBS,48,45,190,1240.0,235600.0
2016-11-22,201611224082535,MBL,47,49,50,495.0,24750.0
2016-11-22,201611224082492,MBL,42,49,300,495.0,148500.0
2016-11-22,201611224082491,MBL,43,49,50,495.0,24750.0
2016-11-22,201611224082490,MBL,7,49,100,495.0,49500.0
2016-11-22,201611224082352,MBL,10,16,300,489.0,146700.0
2016-11-22,201611224082268,MBL,50,48,1260,480.0,604800.0
2016-11-22,201611224082213,MBL,59,48,40,492.0,19680.0
2016-11-22,201611224082219,MBL,37,48,150,482.0,72300.0
2016-11-22,201611224082218,MBL,19,48,100,482.0,48200.0
2016-11-22,201611224082217,MBL,49,48,500,483.0,241500.0
2016-11-22,201611224082216,MBL,49,48,100,485.0,48500.0
2016-11-22,201611224082215,MBL,40,48,300,490.0,147000.0
2016-11-22,201611224082214,MBL,49,48,200,490.0,98000.0
2016-11-22,201611224082229,MBL,39,48,100,480.0,48000.0
2016-11-22,201611224082224,MBL,13,48,200,482.0,96400.0
2016-11-22,201611224082223,MBL,40,48,300,482.0,144600.0
2016-11-22,201611224082222,MBL,11,48,100,482.0,48200.0
2016-11-22,201611224082221,MBL,43,48,50,482.0,24100.0
2016-11-22,201611224082220,MBL,57,48,500,482.0,241000.0
2016-11-22,201611224082264,MBL,25,48,300,480.0,144000.0
2016-11-22,201611224082262,MBL,50,48,1000,480.0,480000.0
2016-11-22,201611224082261,MBL,57,48,500,480.0,240000.0
2016-11-22,201611224082260,MBL,50,48,500,480.0,240000.0
2016-11-22,201611224082250,MBL,45,48,100,480.0,48000.0
2016-11-22,201611224082248,MBL,57,48,500,480.0,240000.0
2016-11-22,201611224082246,MDB,21,16,140,529.0,74060.0
2016-11-22,201611224082228,MDB,21,16,50,529.0,26450.0
2016-11-22,201611224082526,MEGA,19,56,113,469.0,52997.0
2016-11-22,201611224082327,MEGA,8,1,500,460.0,230000.0
2016-11-22,201611224082326,MEGA,8,1,760,457.0,347320.0
2016-11-22,201611224082263,MEGA,41,1,50,457.0,22850.0
2016-11-22,201611224082537,MFIL,34,49,200,396.0,79200.0
2016-11-22,201611224082476,MIDBL,38,39,10,558.0,5580.0
2016-11-22,201611224082436,MIDBL,38,26,10,569.0,5690.0
2016-11-22,201611224082586,MNBBL,45,44,20,900.0,18000.0
2016-11-22,201611224082574,MNBBL,58,28,70,894.0,62580.0
2016-11-22,201611224082546,MNBBL,34,28,130,894.0,116220.0
2016-11-22,201611224082412,MNBBL,47,28,300,894.0,268200.0
2016-11-22,201611224082390,MNBBL,47,1,17,893.0,15181.0
2016-11-22,201611224082321,MNBBL,34,28,50,880.0,44000.0
2016-11-22,201611224082289,MNBBL,13,32,16,878.0,14048.0
2016-11-22,201611224082284,MNBBL,13,32,20,878.0,17560.0
2016-11-22,201611224082283,MNBBL,19,32,100,878.0,87800.0
2016-11-22,201611224082542,NABIL,45,54,40,1640.0,65600.0
2016-11-22,201611224082501,NABIL,35,54,40,1640.0,65600.0
2016-11-22,201611224082383,NABIL,36,41,20,1611.0,32220.0
2016-11-22,201611224082265,NABILP,16,6,200,1200.0,240000.0
2016-11-22,201611224082583,NBB,57,49,100,760.0,76000.0
2016-11-22,201611224082579,NBB,47,49,100,760.0,76000.0
2016-11-22,201611224082578,NBB,49,49,100,761.0,76100.0
2016-11-22,201611224082464,NBB,49,49,200,752.0,150400.0
2016-11-22,201611224082461,NBB,45,49,20,750.0,15000.0
2016-11-22,201611224082445,NBB,49,49,1801,736.0,1325536.0
2016-11-22,201611224082120,NBB,40,46,40,728.0,29120.0
2016-11-22,201611224082119,NBB,43,46,50,730.0,36500.0
2016-11-22,201611224082367,NBB,47,49,100,750.0,75000.0
2016-11-22,201611224082306,NBB,5,1,86,738.0,63468.0
2016-11-22,201611224082239,NBB,38,46,12,731.0,8772.0
2016-11-22,201611224082128,NBB,41,46,16,727.0,11632.0
2016-11-22,201611224082122,NBB,17,46,120,726.0,87120.0
2016-11-22,201611224082121,NBB,32,46,100,726.0,72600.0
2016-11-22,201611224082523,NBL,59,22,300,461.0,138300.0
2016-11-22,201611224082377,NBL,59,1,56,452.0,25312.0
2016-11-22,201611224082374,NBL,59,44,966,450.0,434700.0
2016-11-22,201611224082373,NBL,59,43,440,448.0,197120.0
2016-11-22,201611224082337,NBL,7,43,60,448.0,26880.0
2016-11-22,201611224082277,NBL,48,38,450,440.0,198000.0
2016-11-22,201611224082276,NBL,59,38,500,440.0,220000.0
2016-11-22,201611224082275,NBL,3,38,50,442.0,22100.0
2016-11-22,201611224082142,NBL,59,54,173,445.0,76985.0
2016-11-22,201611224082130,NBL,35,46,500,440.0,220000.0
2016-11-22,201611224082533,NHPC,46,52,100,157.0,15700.0
2016-11-22,201611224082487,NIB,42,54,106,754.0,79924.0
2016-11-22,201611224082396,NIB,47,54,800,740.0,592000.0
2016-11-22,201611224082384,NIB,34,21,26,737.0,19162.0
2016-11-22,201611224082159,NIB,19,45,10,723.0,7230.0
2016-11-22,201611224082593,NICA,29,49,38,549.0,20862.0
2016-11-22,201611224082585,NICA,19,19,132,543.0,71676.0
2016-11-22,201611224082475,NICA,36,19,750,540.0,405000.0
2016-11-22,201611224082468,NICA,28,1,98,535.0,52430.0
2016-11-22,201611224082157,NICA,5,25,190,525.0,99750.0
2016-11-22,201611224082156,NICA,11,25,200,526.0,105200.0
2016-11-22,201611224082149,NICA,25,25,100,530.0,53000.0
2016-11-22,201611224082148,NICA,17,25,30,530.0,15900.0
2016-11-22,201611224082147,NICA,6,25,250,532.0,133000.0
2016-11-22,201611224082146,NICA,19,25,500,533.0,266500.0
2016-11-22,201611224082129,NICA,11,19,50,540.0,27000.0
2016-11-22,201611224082155,NICA,56,25,400,527.0,210800.0
2016-11-22,201611224082154,NICA,40,25,500,528.0,264000.0
2016-11-22,201611224082153,NICA,22,25,100,528.0,52800.0
2016-11-22,201611224082152,NICA,20,25,100,528.0,52800.0
2016-11-22,201611224082151,NICA,17,25,80,528.0,42240.0
2016-11-22,201611224082150,NICA,56,25,50,529.0,26450.0
2016-11-22,201611224082351,NIL,53,41,23,1980.0,45540.0
2016-11-22,201611224082201,NIL,35,1,200,1960.0,392000.0
2016-11-22,201611224082581,NLBBL,53,41,90,1670.0,150300.0
2016-11-22,201611224082455,NLBBL,51,16,17,1670.0,28390.0
2016-11-22,201611224082434,NLBBL,17,41,50,1670.0,83500.0
2016-11-22,201611224082370,NLBBL,36,41,100,1670.0,167000.0
2016-11-22,201611224082382,NLG,17,34,200,1875.0,375000.0
2016-11-22,201611224082203,NLIC,53,46,14,3355.0,46970.0
2016-11-22,201611224082610,NLICL,53,14,50,3400.0,170000.0
2016-11-22,201611224082609,NLICL,53,38,100,3400.0,340000.0
2016-11-22,201611224082576,NLICL,52,44,100,3400.0,340000.0
2016-11-22,201611224082547,NLICL,16,26,390,3390.0,1322100.0
2016-11-22,201611224082502,NLICL,41,26,10,3390.0,33900.0
2016-11-22,201611224082392,NLICL,16,16,300,3380.0,1014000.0
2016-11-22,201611224082195,NLICL,11,25,60,3323.0,199380.0
2016-11-22,201611224082391,NLICL,16,35,250,3375.0,843750.0
2016-11-22,201611224082348,NLICL,41,45,181,3370.0,609970.0
2016-11-22,201611224082347,NLICL,41,44,200,3369.0,673800.0
2016-11-22,201611224082301,NLICL,16,44,240,3350.0,804000.0
2016-11-22,201611224082270,NLICL,59,25,20,3323.0,66460.0
2016-11-22,201611224082207,NLICL,59,50,60,3310.0,198600.0
2016-11-22,201611224082437,NMB,57,54,500,662.0,331000.0
2016-11-22,201611224082355,NMB,33,25,500,659.0,329500.0
2016-11-22,201611224082307,NMB,25,16,750,650.0,487500.0
2016-11-22,201611224082296,NMB,50,16,500,650.0,325000.0
2016-11-22,201611224082281,NMB,49,16,200,650.0,130000.0
2016-11-22,201611224082240,NMB,6,18,16,648.0,10368.0
2016-11-22,201611224082174,NMB,13,45,64,647.0,41408.0
2016-11-22,201611224082127,NMB,58,18,1500,636.0,954000.0
2016-11-22,201611224082183,OHL,57,17,10,520.0,5200.0
2016-11-22,201611224082573,PCBL,1,17,35,545.0,19075.0
2016-11-22,201611224082458,PCBL,29,17,24,545.0,13080.0
2016-11-22,201611224082399,PCBL,6,25,100,550.0,55000.0
2016-11-22,201611224082339,PCBL,6,38,200,540.0,108000.0
2016-11-22,201611224082333,PCBL,13,38,200,540.0,108000.0
2016-11-22,201611224082331,PCBL,7,38,300,540.0,162000.0
2016-11-22,201611224082176,PCBL,48,57,1000,537.0,537000.0
2016-11-22,201611224082328,PCBL,17,38,500,540.0,270000.0
2016-11-22,201611224082319,PCBL,45,38,300,540.0,162000.0
2016-11-22,201611224082311,PCBL,7,38,300,540.0,162000.0
2016-11-22,201611224082309,PCBL,52,38,200,540.0,108000.0
2016-11-22,201611224082305,PCBL,20,28,503,538.0,270614.0
2016-11-22,201611224082294,PCBL,20,48,491,538.0,264158.0
2016-11-22,201611224082540,PICL,21,41,18,1410.0,25380.0
2016-11-22,201611224082488,PICL,13,35,100,1400.0,140000.0
2016-11-22,201611224082451,PICL,37,34,36,1410.0,50760.0
2016-11-22,201611224082450,PICL,37,35,100,1409.0,140900.0
2016-11-22,201611224082310,PICL,49,35,100,1400.0,140000.0
2016-11-22,201611224082226,PICL,57,26,200,1400.0,280000.0
2016-11-22,201611224082442,PLIC,37,13,54,2030.0,109620.0
2016-11-22,201611224082439,PLIC,34,42,100,2020.0,202000.0
2016-11-22,201611224082438,PLIC,34,13,40,2011.0,80440.0
2016-11-22,201611224082387,PLIC,17,1,100,2010.0,201000.0
2016-11-22,201611224082313,PRIN,53,21,100,1304.0,130400.0
2016-11-22,201611224082415,RBCLPO,42,59,10,10859.0,108590.0
2016-11-22,201611224082243,RBCLPO,42,32,10,11080.0,110800.0
2016-11-22,201611224082427,RHPC,41,1,27,242.0,6534.0
2016-11-22,201611224082467,RMDC,19,26,25,680.0,17000.0
2016-11-22,201611224082463,RMDC,19,26,25,680.0,17000.0
2016-11-22,201611224082454,RMDC,19,26,25,680.0,17000.0
2016-11-22,201611224082441,RMDC,19,26,25,680.0,17000.0
2016-11-22,201611224082381,SADBL,39,51,100,416.0,41600.0
2016-11-22,201611224082606,SAFL,47,33,500,450.0,225000.0
2016-11-22,201611224082605,SAFL,45,33,500,450.0,225000.0
2016-11-22,201611224082604,SAFL,47,33,300,452.0,135600.0
2016-11-22,201611224082603,SAFL,51,33,10,452.0,4520.0
2016-11-22,201611224082571,SAFL,57,33,500,455.0,227500.0
2016-11-22,201611224082293,SAFL,47,48,480,455.0,218400.0
2016-11-22,201611224082266,SAFL,41,48,20,455.0,9100.0
2016-11-22,201611224082601,SANIMA,35,54,250,565.0,141250.0
2016-11-22,201611224082600,SANIMA,22,54,100,565.0,56500.0
2016-11-22,201611224082587,SANIMA,45,54,50,561.0,28050.0
2016-11-22,201611224082500,SANIMA,57,13,100,558.0,55800.0
2016-11-22,201611224082495,SANIMA,17,36,200,556.0,111200.0
2016-11-22,201611224082494,SANIMA,57,36,200,556.0,111200.0
2016-11-22,201611224082210,SANIMA,10,13,182,548.0,99736.0
2016-11-22,201611224082493,SANIMA,45,36,100,556.0,55600.0
2016-11-22,201611224082278,SANIMA,33,25,77,546.0,42042.0
2016-11-22,201611224082272,SANIMA,33,57,240,546.0,131040.0
2016-11-22,201611224082256,SANIMA,54,57,100,546.0,54600.0
2016-11-22,201611224082255,SANIMA,6,57,100,546.0,54600.0
2016-11-22,201611224082254,SANIMA,26,57,500,547.0,273500.0
2016-11-22,201611224082346,SBI,49,49,75,1501.0,112575.0
2016-11-22,201611224082234,SBI,59,50,35,1500.0,52500.0
2016-11-22,201611224082167,SBI,16,32,100,1509.0,150900.0
2016-11-22,201611224082592,SBL,45,33,300,1020.0,306000.0
2016-11-22,201611224082591,SBL,25,33,20,1020.0,20400.0
2016-11-22,201611224082521,SBL,45,39,300,1022.0,306600.0
2016-11-22,201611224082484,SBL,6,39,200,1022.0,204400.0
2016-11-22,201611224082413,SBL,58,44,100,1025.0,102500.0
2016-11-22,201611224082406,SBL,48,1,32,1021.0,32672.0
2016-11-22,201611224082227,SBL,35,48,50,1000.0,50000.0
2016-11-22,201611224082208,SBL,32,48,100,1000.0,100000.0
2016-11-22,201611224082205,SBL,28,48,150,1000.0,150000.0
2016-11-22,201611224082196,SBL,59,48,100,1000.0,100000.0
2016-11-22,201611224082175,SBL,35,48,100,1000.0,100000.0
2016-11-22,201611224082163,SBL,28,48,500,1000.0,500000.0
2016-11-22,201611224082389,SBL,16,50,100,1020.0,102000.0
2016-11-22,201611224082388,SBL,44,50,200,1020.0,204000.0
2016-11-22,201611224082287,SBL,45,45,500,1020.0,510000.0
2016-11-22,201611224082282,SBL,59,37,490,1015.0,497350.0
2016-11-22,201611224082280,SBL,45,38,37,1008.0,37296.0
2016-11-22,201611224082233,SBL,35,38,300,1000.0,300000.0
2016-11-22,201611224082433,SCB,53,41,11,2940.0,32340.0
2016-11-22,201611224082385,SCB,56,25,373,2899.0,1081327.0
2016-11-22,201611224082372,SCB,53,28,288,2890.0,832320.0
2016-11-22,201611224082368,SCB,40,58,200,2880.0,576000.0
2016-11-22,201611224082359,SCB,6,58,10,2856.0,28560.0
2016-11-22,201611224082611,SDBL,22,11,41,470.0,19270.0
2016-11-22,201611224082545,SDBL,11,52,200,469.0,93800.0
2016-11-22,201611224082496,SDBL,28,52,1000,469.0,469000.0
2016-11-22,201611224082486,SDBL,51,52,800,469.0,375200.0
2016-11-22,201611224082485,SDBL,28,26,37,469.0,17353.0
2016-11-22,201611224082466,SDBL,45,26,37,465.0,17205.0
2016-11-22,201611224082247,SDBL,20,52,1850,468.0,865800.0
2016-11-22,201611224082199,SDBL,8,52,150,468.0,70200.0
2016-11-22,201611224082422,SDBL,39,26,37,465.0,17205.0
2016-11-22,201611224082344,SDBL,48,26,37,464.0,17168.0
2016-11-22,201611224082340,SDBL,22,26,37,465.0,17205.0
2016-11-22,201611224082335,SDBL,41,26,37,465.0,17205.0
2016-11-22,201611224082332,SDBL,53,26,37,466.0,17242.0
2016-11-22,201611224082315,SDBL,39,52,148,468.0,69264.0
2016-11-22,201611224082353,SFFIL,43,35,20,729.0,14580.0
2016-11-22,201611224082338,SFFIL,35,16,100,728.0,72800.0
2016-11-22,201611224082312,SFFIL,8,16,100,728.0,72800.0
2016-11-22,201611224082345,SHINE,29,29,55,520.0,28600.0
2016-11-22,201611224082423,SHL,48,48,100,386.0,38600.0
2016-11-22,201611224082259,SHL,28,22,200,389.0,77800.0
2016-11-22,201611224082258,SHL,38,22,100,390.0,39000.0
2016-11-22,201611224082257,SHL,38,22,100,390.0,39000.0
2016-11-22,201611224082567,SHPC,19,49,200,850.0,170000.0
2016-11-22,201611224082566,SHPC,19,49,100,850.0,85000.0
2016-11-22,201611224082532,SICL,44,35,70,3800.0,266000.0
2016-11-22,201611224082497,SICL,41,35,10,3800.0,38000.0
2016-11-22,201611224082483,SICL,13,35,20,3800.0,76000.0
2016-11-22,201611224082421,SICL,58,36,370,3800.0,1406000.0
2016-11-22,201611224082404,SICL,49,35,100,3799.0,379900.0
2016-11-22,201611224082316,SICL,14,50,100,3750.0,375000.0
2016-11-22,201611224082184,SICL,53,53,200,3750.0,750000.0
2016-11-22,201611224082161,SICL,14,53,10,3800.0,38000.0
2016-11-22,201611224082290,SICL,10,36,200,3724.0,744800.0
2016-11-22,201611224082288,SICL,44,36,200,3730.0,746000.0
2016-11-22,201611224082286,SICL,58,36,300,3730.0,1119000.0
2016-11-22,201611224082285,SICL,14,36,50,3741.0,187050.0
2016-11-22,201611224082238,SICL,53,53,180,3740.0,673200.0
2016-11-22,201611224082212,SICL,49,36,170,3740.0,635800.0
2016-11-22,201611224082598,SIL,34,34,137,2319.0,317703.0
2016-11-22,201611224082580,SIL,42,32,200,2318.0,463600.0
2016-11-22,201611224082577,SIL,42,28,55,2310.0,127050.0
2016-11-22,201611224082570,SRBL,34,34,500,500.0,250000.0
2016-11-22,201611224082569,SRBL,33,34,300,500.0,150000.0
2016-11-22,201611224082568,SRBL,59,34,200,501.0,100200.0
2016-11-22,201611224082470,SRBL,34,34,480,504.0,241920.0
2016-11-22,201611224082453,SRBL,45,17,500,499.0,249500.0
2016-11-22,201611224082452,SRBL,19,17,200,500.0,100000.0
2016-11-22,201611224082362,SRBL,34,34,500,500.0,250000.0
2016-11-22,201611224082354,SRBL,14,34,500,499.0,249500.0
2016-11-22,201611224082211,SRBL,34,34,500,497.0,248500.0
2016-11-22,201611224082444,SRBL,18,17,28,501.0,14028.0
2016-11-22,201611224082440,SRBL,32,32,17,501.0,8517.0
2016-11-22,201611224082410,SRBL,22,34,20,504.0,10080.0
2016-11-22,201611224082402,SRBL,34,17,500,500.0,250000.0
2016-11-22,201611224082379,SRBL,34,34,500,500.0,250000.0
2016-11-22,201611224082378,SRBL,34,34,500,500.0,250000.0
2016-11-22,201611224082541,VSDBL,43,42,100,196.0,19600.0
2016-11-22,201611224082398,VSDBL,34,41,1500,195.0,292500.0
2016-11-22,201611224082456,YETI,39,43,40,295.0,11800.0
2016-11-22,201611224084305,ADBL,38,14,50,553.0,27650.0
2016-11-22,201611224084298,ADBL,49,14,150,555.0,83250.0
2016-11-22,201611224084534,AHPC,52,45,250,275.0,68750.0
2016-11-22,201611224084533,AHPC,46,45,10,275.0,2750.0
2016-11-22,201611224084528,AHPC,52,11,50,278.0,13900.0
2016-11-22,201611224084521,AHPC,52,11,100,278.0,27800.0
2016-11-22,201611224084520,AHPC,52,52,150,278.0,41700.0
2016-11-22,201611224084196,AHPC,46,20,90,275.0,24750.0
2016-11-22,201611224084398,ALICL,32,48,106,1680.0,178080.0
2016-11-22,201611224084201,ALICL,41,50,131,1685.0,220735.0
2016-11-22,201611224084492,API,49,49,16,529.0,8464.0
2016-11-22,201611224084277,API,26,8,26,521.0,13546.0
2016-11-22,201611224084273,API,35,8,26,522.0,13572.0
2016-11-22,201611224084266,API,34,8,26,523.0,13598.0
2016-11-22,201611224084249,API,35,8,26,523.0,13598.0
2016-11-22,201611224084244,API,26,8,26,524.0,13624.0
2016-11-22,201611224084233,API,39,8,26,525.0,13650.0
2016-11-22,201611224084207,API,35,50,26,526.0,13676.0
2016-11-22,201611224084194,API,53,8,26,525.0,13650.0
2016-11-22,201611224084381,BARUN,43,50,10,348.0,3480.0
2016-11-22,201611224084594,BOKL,19,5,200,648.0,129600.0
2016-11-22,201611224084477,BOKL,40,6,100,649.0,64900.0
2016-11-22,201611224084473,BOKL,17,6,50,649.0,32450.0
2016-11-22,201611224084206,BOKL,35,25,100,650.0,65000.0
2016-11-22,201611224084136,BOKL,35,25,200,650.0,130000.0
2016-11-22,201611224084597,CBL,59,42,500,275.0,137500.0
2016-11-22,201611224084493,CBL,37,6,120,274.0,32880.0
2016-11-22,201611224084480,CBL,44,6,70,274.0,19180.0
2016-11-22,201611224084457,CBL,39,6,250,274.0,68500.0
2016-11-22,201611224084432,CBL,47,6,500,274.0,137000.0
2016-11-22,201611224084421,CBL,49,6,60,274.0,16440.0
2016-11-22,201611224084187,CBL,25,28,100,274.0,27400.0
2016-11-22,201611224084179,CBL,41,28,400,274.0,109600.0
2016-11-22,201611224084178,CBL,26,28,200,274.0,54800.0
2016-11-22,201611224084420,CBL,44,6,300,274.0,82200.0
2016-11-22,201611224084384,CBL,56,6,200,274.0,54800.0
2016-11-22,201611224084313,CBL,44,14,107,274.0,29318.0
2016-11-22,201611224084312,CBL,44,28,400,274.0,109600.0
2016-11-22,201611224084308,CBL,25,29,500,274.0,137000.0
2016-11-22,201611224084188,CBL,25,29,100,274.0,27400.0
2016-11-22,201611224084347,CCBL,32,40,50,380.0,19000.0
2016-11-22,201611224084346,CCBL,55,40,90,380.0,34200.0
2016-11-22,201611224084345,CCBL,49,40,100,381.0,38100.0
2016-11-22,201611224084344,CCBL,42,40,50,382.0,19100.0
2016-11-22,201611224084378,CHCL,53,41,20,1110.0,22200.0
2016-11-22,201611224084306,CHCL,13,14,60,1095.0,65700.0
2016-11-22,201611224084296,CHCL,36,14,200,1095.0,219000.0
2016-11-22,201611224084259,CHCL,59,33,100,1090.0,109000.0
2016-11-22,201611224084258,CHCL,41,33,100,1090.0,109000.0
2016-11-22,201611224084237,CHCL,16,19,34,1091.0,37094.0
2016-11-22,201611224084167,CHCL,7,14,200,1099.0,219800.0
2016-11-22,201611224084166,CHCL,16,14,100,1099.0,109900.0
2016-11-22,201611224084145,CHCL,56,59,100,1100.0,110000.0
2016-11-22,201611224084221,CHCL,26,19,500,1092.0,546000.0
2016-11-22,201611224084172,CHCL,33,14,200,1095.0,219000.0
2016-11-22,201611224084171,CHCL,38,14,100,1095.0,109500.0
2016-11-22,201611224084170,CHCL,38,14,100,1096.0,109600.0
2016-11-22,201611224084169,CHCL,52,14,20,1098.0,21960.0
2016-11-22,201611224084168,CHCL,49,14,20,1098.0,21960.0
2016-11-22,201611224084377,CIT,13,28,50,4092.0,204600.0
2016-11-22,201611224084376,CIT,57,28,100,4100.0,410000.0
2016-11-22,201611224084367,CIT,45,28,100,4150.0,415000.0
2016-11-22,201611224084366,CIT,22,28,10,4166.0,41660.0
2016-11-22,201611224084580,CZBIL,14,46,200,494.0,98800.0
2016-11-22,201611224084555,CZBIL,42,25,100,493.0,49300.0
2016-11-22,201611224084469,CZBIL,42,49,200,495.0,99000.0
2016-11-22,201611224084462,CZBIL,57,32,200,492.0,98400.0
2016-11-22,201611224084461,CZBIL,22,32,100,492.0,49200.0
2016-11-22,201611224084451,CZBIL,14,49,200,495.0,99000.0
2016-11-22,201611224084153,CZBIL,17,38,200,496.0,99200.0
2016-11-22,201611224084447,CZBIL,29,46,300,493.0,147900.0
2016-11-22,201611224084302,CZBIL,19,49,100,495.0,49500.0
2016-11-22,201611224084301,CZBIL,50,49,50,495.0,24750.0
2016-11-22,201611224084300,CZBIL,36,49,50,495.0,24750.0
2016-11-22,201611224084299,CZBIL,8,49,100,495.0,49500.0
2016-11-22,201611224084297,CZBIL,10,14,100,496.0,49600.0
2016-11-22,201611224084584,EBL,10,58,51,3484.0,177684.0
2016-11-22,201611224084536,EBL,21,48,50,3489.0,174450.0
2016-11-22,201611224084529,EBL,58,48,20,3489.0,69780.0
2016-11-22,201611224084472,EBL,49,48,50,3493.0,174650.0
2016-11-22,201611224084471,EBL,41,48,10,3493.0,34930.0
2016-11-22,201611224084395,EBL,50,48,110,3485.0,383350.0
2016-11-22,201611224084164,EBL,17,48,30,3498.0,104940.0
2016-11-22,201611224084283,EBL,16,16,49,3494.0,171206.0
2016-11-22,201611224084236,EBL,16,59,200,3490.0,698000.0
2016-11-22,201611224084235,EBL,11,59,50,3490.0,174500.0
2016-11-22,201611224084191,EBL,11,35,100,3496.0,349600.0
2016-11-22,201611224084337,EBL,17,48,100,3486.0,348600.0
2016-11-22,201611224084336,EBL,19,48,80,3486.0,278880.0
2016-11-22,201611224084335,EBL,13,48,50,3487.0,174350.0
2016-11-22,201611224084334,EBL,6,48,30,3487.0,104610.0
2016-11-22,201611224084332,EBL,41,35,100,3494.0,349400.0
2016-11-22,201611224084321,EBL,41,59,100,3494.0,349400.0
2016-11-22,201611224084394,EBL,19,48,100,3486.0,348600.0
2016-11-22,201611224084349,EBL,19,35,100,3494.0,349400.0
2016-11-22,201611224084341,EBL,50,48,10,3485.0,34850.0
2016-11-22,201611224084340,EBL,42,48,10,3485.0,34850.0
2016-11-22,201611224084339,EBL,22,48,100,3485.0,348500.0
2016-11-22,201611224084338,EBL,6,48,30,3485.0,104550.0
2016-11-22,201611224084613,GBBL,32,57,200,396.0,79200.0
2016-11-22,201611224084596,GBBL,16,33,100,395.0,39500.0
2016-11-22,201611224084572,GBBL,36,7,165,394.0,65010.0
2016-11-22,201611224084391,GBBL,33,45,200,393.0,78600.0
2016-11-22,201611224084362,GBBL,32,5,50,394.0,19700.0
2016-11-22,201611224084361,GBBL,32,5,200,394.0,78800.0
2016-11-22,201611224084609,GBIME,49,38,221,446.0,98566.0
2016-11-22,201611224084599,GBIME,52,38,90,448.0,40320.0
2016-11-22,201611224084593,GBIME,58,38,889,447.0,397383.0
2016-11-22,201611224084589,GBIME,59,25,46,453.0,20838.0
2016-11-22,201611224084582,GBIME,59,38,367,453.0,166251.0
2016-11-22,201611224084567,GBIME,52,7,110,448.0,49280.0
2016-11-22,201611224084328,GBIME,49,49,54,450.0,24300.0
2016-11-22,201611224084323,GBIME,58,49,54,450.0,24300.0
2016-11-22,201611224084314,GBIME,14,49,54,450.0,24300.0
2016-11-22,201611224084190,GBIME,10,20,41,450.0,18450.0
2016-11-22,201611224084566,GBIME,59,7,500,448.0,224000.0
2016-11-22,201611224084565,GBIME,14,7,500,450.0,225000.0
2016-11-22,201611224084564,GBIME,1,7,50,450.0,22500.0
2016-11-22,201611224084563,GBIME,6,7,40,452.0,18080.0
2016-11-22,201611224084387,GBIME,49,26,250,452.0,113000.0
2016-11-22,201611224084383,GBIME,49,43,475,451.0,214225.0
2016-11-22,201611224084427,GFCL,44,34,33,371.0,12243.0
2016-11-22,201611224084524,GLICL,36,42,1000,790.0,790000.0
2016-11-22,201611224084512,GLICL,13,13,13,787.0,10231.0
2016-11-22,201611224084256,GLICL,39,6,14,789.0,11046.0
2016-11-22,201611224084247,GLICL,55,16,50,785.0,39250.0
2016-11-22,201611224084129,GLICL,34,48,30,776.0,23280.0
2016-11-22,201611224084128,GLICL,6,48,100,777.0,77700.0
2016-11-22,201611224084127,GLICL,44,48,150,778.0,116700.0
2016-11-22,201611224084454,HAMRO,42,32,50,490.0,24500.0
2016-11-22,201611224084507,HBL,51,50,100,1217.0,121700.0
2016-11-22,201611224084315,HBL,45,26,20,1218.0,24360.0
2016-11-22,201611224084255,HBL,51,50,100,1220.0,122000.0
2016-11-22,201611224084251,HBL,42,1,32,1220.0,39040.0
2016-11-22,201611224084495,HGI,22,35,20,1700.0,34000.0
2016-11-22,201611224084156,HGI,41,5,50,1700.0,85000.0
2016-11-22,201611224084155,HGI,41,5,80,1700.0,136000.0
2016-11-22,201611224084588,HIDCL,45,57,1294,278.0,359732.0
2016-11-22,201611224084587,HIDCL,45,58,271,278.0,75338.0
2016-11-22,201611224084586,HIDCL,45,37,56,277.0,15512.0
2016-11-22,201611224084518,HIDCL,45,49,5159,277.0,1429043.0
2016-11-22,201611224084515,HIDCL,45,46,385,278.0,107030.0
2016-11-22,201611224084513,HIDCL,49,49,56,277.0,15512.0
2016-11-22,201611224084222,HIDCL,39,39,56,274.0,15344.0
2016-11-22,201611224084216,HIDCL,39,39,56,274.0,15344.0
2016-11-22,201611224084126,HIDCL,21,22,56,275.0,15400.0
2016-11-22,201611224084228,HIDCL,25,48,500,270.0,135000.0
2016-11-22,201611224084227,HIDCL,19,48,100,270.0,27000.0
2016-11-22,201611224084226,HIDCL,52,48,200,270.0,54000.0
2016-11-22,201611224084225,HIDCL,55,48,500,271.0,135500.0
2016-11-22,201611224084224,HIDCL,21,48,300,272.0,81600.0
2016-11-22,201611224084223,HIDCL,45,48,200,273.0,54600.0
2016-11-22,201611224084239,HIDCL,39,39,56,274.0,15344.0
2016-11-22,201611224084231,HIDCL,29,48,290,270.0,78300.0
2016-11-22,201611224084230,HIDCL,17,48,200,270.0,54000.0
2016-11-22,201611224084229,HIDCL,25,48,100,270.0,27000.0
2016-11-22,201611224084441,HIDCL,45,21,29,275.0,7975.0
2016-11-22,201611224084439,HIDCL,45,21,29,275.0,7975.0
2016-11-22,201611224084463,HIDCL,45,40,145,278.0,40310.0
2016-11-22,201611224084456,HIDCL,45,55,236,277.0,65372.0
2016-11-22,201611224084452,HIDCL,45,10,29,277.0,8033.0
2016-11-22,201611224084450,HIDCL,45,6,43,276.0,11868.0
2016-11-22,201611224084449,HIDCL,45,45,29,276.0,8004.0
2016-11-22,201611224084442,HIDCL,45,21,29,275.0,7975.0
2016-11-22,201611224084470,HIDCL,45,6,300,278.0,83400.0
2016-11-22,201611224084465,HIDCL,45,40,72,278.0,20016.0
2016-11-22,201611224084464,HIDCL,45,40,72,278.0,20016.0
2016-11-22,201611224084123,ICFC,22,25,200,275.0,55000.0
2016-11-22,201611224084149,ILFCM,10,34,300,713.0,213900.0
2016-11-22,201611224084504,JBBL,6,21,212,330.0,69960.0
2016-11-22,201611224084482,JBBL,17,17,10,334.0,3340.0
2016-11-22,201611224084407,JBBL,45,45,112,329.0,36848.0
2016-11-22,201611224084218,JBBL,13,13,32,328.0,10496.0
2016-11-22,201611224084591,JSLBB,6,49,20,2244.0,44880.0
2016-11-22,201611224084590,JSLBB,17,49,10,2244.0,22440.0
2016-11-22,201611224084248,JSLBB,17,55,10,2280.0,22800.0
2016-11-22,201611224084331,JSLBB,17,36,10,2250.0,22500.0
2016-11-22,201611224084571,KADBL,5,32,500,530.0,265000.0
2016-11-22,201611224084491,KBL,45,49,30,565.0,16950.0
2016-11-22,201611224084490,KBL,45,54,500,565.0,282500.0
2016-11-22,201611224084484,KBL,45,16,152,565.0,85880.0
2016-11-22,201611224084483,KBL,45,44,320,564.0,180480.0
2016-11-22,201611224084476,KBL,11,44,50,564.0,28200.0
2016-11-22,201611224084425,KBL,14,52,488,563.0,274744.0
2016-11-22,201611224084329,KBL,38,14,63,561.0,35343.0
2016-11-22,201611224084184,KBL,52,52,500,561.0,280500.0
2016-11-22,201611224084183,KBL,52,52,100,561.0,56100.0
2016-11-22,201611224084581,KMCDB,49,49,74,1785.0,132090.0
2016-11-22,201611224084460,KMFL,17,17,10,3725.0,37250.0
2016-11-22,201611224084459,KMFL,17,17,10,3725.0,37250.0
2016-11-22,201611224084511,KNBL,20,7,200,645.0,129000.0
2016-11-22,201611224084426,KNBL,57,7,200,645.0,129000.0
2016-11-22,201611224084322,KNBL,48,7,200,645.0,129000.0
2016-11-22,201611224084294,LBL,26,14,210,767.0,161070.0
2016-11-22,201611224084443,LFLC,28,59,139,377.0,52403.0
2016-11-22,201611224084598,LGIL,34,16,200,1615.0,323000.0
2016-11-22,201611224084585,LGIL,46,16,100,1615.0,161500.0
2016-11-22,201611224084573,LGIL,33,16,200,1615.0,323000.0
2016-11-22,201611224084569,LGIL,41,49,134,1615.0,216410.0
2016-11-22,201611224084506,LLBS,21,10,10,1265.0,12650.0
2016-11-22,201611224084479,LLBS,49,16,11,1271.0,13981.0
2016-11-22,201611224084423,LLBS,28,10,200,1290.0,258000.0
2016-11-22,201611224084254,LLBS,28,57,111,1300.0,144300.0
2016-11-22,201611224084604,MBL,16,16,100,492.0,49200.0
2016-11-22,201611224084577,MBL,35,16,100,492.0,49200.0
2016-11-22,201611224084568,MBL,41,16,300,492.0,147600.0
2016-11-22,201611224084547,MBL,36,16,850,492.0,418200.0
2016-11-22,201611224084546,MBL,29,16,300,492.0,147600.0
2016-11-22,201611224084545,MBL,47,16,50,492.0,24600.0
2016-11-22,201611224084316,MBL,45,5,20,498.0,9960.0
2016-11-22,201611224084234,MBL,16,16,50,500.0,25000.0
2016-11-22,201611224084138,MBL,44,16,200,499.0,99800.0
2016-11-22,201611224084538,MBL,33,16,500,496.0,248000.0
2016-11-22,201611224084537,MBL,33,16,50,497.0,24850.0
2016-11-22,201611224084392,MBL,52,49,200,499.0,99800.0
2016-11-22,201611224084319,MBL,45,5,50,497.0,24850.0
2016-11-22,201611224084318,MBL,45,5,100,497.0,49700.0
2016-11-22,201611224084317,MBL,22,5,50,497.0,24850.0
2016-11-22,201611224084544,MBL,47,16,50,492.0,24600.0
2016-11-22,201611224084543,MBL,19,16,30,495.0,14850.0
2016-11-22,201611224084542,MBL,19,16,20,495.0,9900.0
2016-11-22,201611224084541,MBL,57,16,200,495.0,99000.0
2016-11-22,201611224084540,MBL,1,16,100,495.0,49500.0
2016-11-22,201611224084539,MBL,44,16,350,495.0,173250.0
2016-11-22,201611224084327,MDB,45,17,10,520.0,5200.0
2016-11-22,201611224084326,MDB,8,17,200,521.0,104200.0
2016-11-22,201611224084325,MDB,51,17,50,522.0,26100.0
2016-11-22,201611224084605,MEGA,13,40,80,455.0,36400.0
2016-11-22,201611224084475,MEGA,26,40,190,452.0,85880.0
2016-11-22,201611224084195,MEGA,40,40,500,453.0,226500.0
2016-11-22,201611224084173,MEGA,45,20,240,450.0,108000.0
2016-11-22,201611224084561,MFIL,8,38,100,397.0,39700.0
2016-11-22,201611224084614,MNBBL,26,59,10,900.0,9000.0
2016-11-22,201611224084574,MNBBL,32,59,200,900.0,180000.0
2016-11-22,201611224084535,MNBBL,20,43,30,900.0,27000.0
2016-11-22,201611224084527,MNBBL,14,43,50,900.0,45000.0
2016-11-22,201611224084523,MNBBL,20,38,400,899.0,359600.0
2016-11-22,201611224084509,MNBBL,14,45,100,896.0,89600.0
2016-11-22,201611224084360,MNBBL,49,42,200,895.0,179000.0
2016-11-22,201611224084359,MNBBL,45,42,100,895.0,89500.0
2016-11-22,201611224084358,MNBBL,42,42,20,895.0,17900.0
2016-11-22,201611224084357,MNBBL,22,42,80,895.0,71600.0
2016-11-22,201611224084192,MNBBL,48,38,150,899.0,134850.0
2016-11-22,201611224084399,MSMBS,47,50,20,790.0,15800.0
2016-11-22,201611224084257,MSMBS,47,50,20,790.0,15800.0
2016-11-22,201611224084560,NABIL,45,49,61,1630.0,99430.0
2016-11-22,201611224084552,NABIL,50,49,80,1630.0,130400.0
2016-11-22,201611224084551,NABIL,6,49,200,1631.0,326200.0
2016-11-22,201611224084550,NABIL,8,49,50,1632.0,81600.0
2016-11-22,201611224084549,NABIL,45,49,70,1635.0,114450.0
2016-11-22,201611224084510,NABIL,45,14,30,1635.0,49050.0
2016-11-22,201611224084351,NABIL,6,49,250,1640.0,410000.0
2016-11-22,201611224084350,NABIL,26,49,200,1641.0,328200.0
2016-11-22,201611224084508,NABIL,58,36,100,1640.0,164000.0
2016-11-22,201611224084481,NABIL,48,36,150,1640.0,246000.0
2016-11-22,201611224084440,NABIL,28,36,420,1640.0,688800.0
2016-11-22,201611224084410,NABIL,32,42,80,1645.0,131600.0
2016-11-22,201611224084356,NABIL,49,42,20,1645.0,32900.0
2016-11-22,201611224084352,NABIL,28,49,80,1640.0,131200.0
2016-11-22,201611224084125,NABILP,44,28,200,1184.0,236800.0
2016-11-22,201611224084124,NABILP,28,28,100,1185.0,118500.0
2016-11-22,201611224084199,NABILP,49,17,60,1180.0,70800.0
2016-11-22,201611224084198,NABILP,13,17,200,1182.0,236400.0
2016-11-22,201611224084519,NBB,38,38,50,762.0,38100.0
2016-11-22,201611224084232,NBB,16,38,50,762.0,38100.0
2016-11-22,201611224084143,NBB,38,38,20,762.0,15240.0
2016-11-22,201611224084142,NBB,38,38,30,762.0,22860.0
2016-11-22,201611224084137,NBB,55,49,10,760.0,7600.0
2016-11-22,201611224084200,NBF1,25,43,10000,20.65,206500.0
2016-11-22,201611224084295,NBIL,45,42,10,179.0,1790.0
2016-11-22,201611224084619,NBL,42,5,335,449.0,150415.0
2016-11-22,201611224084548,NBL,42,46,150,449.0,67350.0
2016-11-22,201611224084494,NGPL,17,17,10,300.0,3000.0
2016-11-22,201611224084601,NHPC,17,25,100,159.0,15900.0
2016-11-22,201611224084600,NHPC,51,25,300,159.0,47700.0
2016-11-22,201611224084615,NIB,33,21,26,750.0,19500.0
2016-11-22,201611224084606,NIB,33,21,26,750.0,19500.0
2016-11-22,201611224084583,NIB,54,21,26,748.0,19448.0
2016-11-22,201611224084579,NIB,45,21,26,748.0,19448.0
2016-11-22,201611224084485,NIB,14,21,26,750.0,19500.0
2016-11-22,201611224084453,NIB,14,6,20,750.0,15000.0
2016-11-22,201611224084276,NIB,50,14,100,751.0,75100.0
2016-11-22,201611224084146,NIB,19,37,141,752.0,106032.0
2016-11-22,201611224084446,NIB,45,6,33,750.0,24750.0
2016-11-22,201611224084437,NIB,41,6,70,751.0,52570.0
2016-11-22,201611224084436,NIB,41,6,10,751.0,7510.0
2016-11-22,201611224084348,NIB,11,11,300,752.0,225600.0
2016-11-22,201611224084285,NIB,41,14,60,751.0,45060.0
2016-11-22,201611224084284,NIB,25,14,40,751.0,30040.0
2016-11-22,201611224084620,NIL,53,11,64,1974.0,126336.0
2016-11-22,201611224084382,NIL,48,35,10,1975.0,19750.0
2016-11-22,201611224084514,NLBBL,52,41,10,1680.0,16800.0
2016-11-22,201611224084379,NLBBL,45,45,270,1680.0,453600.0
2016-11-22,201611224084575,NLG,55,45,36,1885.0,67860.0
2016-11-22,201611224084372,NLG,42,50,50,1890.0,94500.0
2016-11-22,201611224084371,NLG,42,55,70,1890.0,132300.0
2016-11-22,201611224084177,NLICL,17,28,20,3385.0,67700.0
2016-11-22,201611224084531,NMB,42,49,100,643.0,64300.0
2016-11-22,201611224084478,NMB,49,49,500,643.0,321500.0
2016-11-22,201611224084438,NMB,38,47,20,640.0,12800.0
2016-11-22,201611224084405,NMB,49,47,100,640.0,64000.0
2016-11-22,201611224084393,NMB,1,47,80,640.0,51200.0
2016-11-22,201611224084389,NMB,25,47,100,640.0,64000.0
2016-11-22,201611224084242,NMB,32,48,500,640.0,320000.0
2016-11-22,201611224084241,NMB,58,48,30,640.0,19200.0
2016-11-22,201611224084388,NMB,48,47,100,640.0,64000.0
2016-11-22,201611224084343,NMB,25,48,51,640.0,32640.0
2016-11-22,201611224084342,NMB,25,48,200,640.0,128000.0
2016-11-22,201611224084309,NMB,38,48,40,640.0,25600.0
2016-11-22,201611224084303,NMB,56,48,100,640.0,64000.0
2016-11-22,201611224084278,NMB,29,48,100,640.0,64000.0
2016-11-22,201611224084311,NUBL,22,55,110,1400.0,154000.0
2016-11-22,201611224084185,OHL,44,38,2500,481.0,1202500.0
2016-11-22,201611224084610,PCBL,16,25,100,546.0,54600.0
2016-11-22,201611224084522,PCBL,22,32,50,547.0,27350.0
2016-11-22,201611224084516,PCBL,45,32,50,547.0,27350.0
2016-11-22,201611224084293,PCBL,10,32,70,545.0,38150.0
2016-11-22,201611224084292,PCBL,54,32,200,545.0,109000.0
2016-11-22,201611224084291,PCBL,1,32,200,545.0,109000.0
2016-11-22,201611224084290,PCBL,54,32,500,545.0,272500.0
2016-11-22,201611224084272,PCBL,1,48,26,545.0,14170.0
2016-11-22,201611224084270,PCBL,1,48,120,545.0,65400.0
2016-11-22,201611224084269,PCBL,47,48,200,545.0,109000.0
2016-11-22,201611224084268,PCBL,34,48,100,545.0,54500.0
2016-11-22,201611224084267,PCBL,34,48,80,545.0,43600.0
2016-11-22,201611224084526,PIC,28,32,110,1835.0,201850.0
2016-11-22,201611224084375,PIC,28,32,20,1841.0,36820.0
2016-11-22,201611224084374,PIC,44,32,100,1842.0,184200.0
2016-11-22,201611224084517,PICL,40,34,100,1397.0,139700.0
2016-11-22,201611224084501,PICL,48,34,100,1397.0,139700.0
2016-11-22,201611224084500,PICL,48,35,100,1395.0,139500.0
2016-11-22,201611224084141,PICL,3,34,100,1390.0,139000.0
2016-11-22,201611224084140,PICL,47,34,50,1395.0,69750.0
2016-11-22,201611224084139,PICL,34,34,50,1398.0,69900.0
2016-11-22,201611224084333,PLIC,38,49,20,2020.0,40400.0
2016-11-22,201611224084275,PLIC,16,48,17,2012.0,34204.0
2016-11-22,201611224084144,RHPC,49,49,11,247.0,2717.0
2016-11-22,201611224084617,SADBL,28,38,100,405.0,40500.0
2016-11-22,201611224084608,SADBL,58,38,169,406.0,68614.0
2016-11-22,201611224084486,SADBL,17,16,13,410.0,5330.0
2016-11-22,201611224084474,SADBL,28,16,52,412.0,21424.0
2016-11-22,201611224084468,SADBL,8,38,500,413.0,206500.0
2016-11-22,201611224084458,SADBL,8,38,500,413.0,206500.0
2016-11-22,201611224084595,SAFL,42,33,150,450.0,67500.0
2016-11-22,201611224084612,SANIMA,33,55,200,565.0,113000.0
2016-11-22,201611224084611,SANIMA,26,55,10,565.0,5650.0
2016-11-22,201611224084418,SANIMA,26,46,240,565.0,135600.0
2016-11-22,201611224084417,SANIMA,29,46,300,565.0,169500.0
2016-11-22,201611224084416,SANIMA,19,46,100,565.0,56500.0
2016-11-22,201611224084415,SANIMA,45,46,410,565.0,231650.0
2016-11-22,201611224084176,SANIMA,45,38,90,565.0,50850.0
2016-11-22,201611224084175,SANIMA,38,38,110,565.0,62150.0
2016-11-22,201611224084122,SANIMA,38,52,95,568.0,53960.0
2016-11-22,201611224084121,SANIMA,38,52,500,568.0,284000.0
2016-11-22,201611224084414,SANIMA,11,46,100,566.0,56600.0
2016-11-22,201611224084413,SANIMA,50,46,100,566.0,56600.0
2016-11-22,201611224084412,SANIMA,26,46,100,567.0,56700.0
2016-11-22,201611224084411,SANIMA,34,46,50,567.0,28350.0
2016-11-22,201611224084250,SANIMA,11,59,100,570.0,57000.0
2016-11-22,201611224084182,SANIMA,38,38,10,569.0,5690.0
2016-11-22,201611224084252,SBI,28,1,300,1500.0,450000.0
2016-11-22,201611224084578,SBL,20,57,300,1014.0,304200.0
2016-11-22,201611224084505,SBL,58,50,100,1015.0,101500.0
2016-11-22,201611224084365,SBL,13,43,100,1010.0,101000.0
2016-11-22,201611224084364,SBL,13,43,100,1010.0,101000.0
2016-11-22,201611224084289,SBL,34,43,50,1009.0,50450.0
2016-11-22,201611224084288,SBL,45,43,150,1010.0,151500.0
2016-11-22,201611224084243,SBL,45,26,200,1014.0,202800.0
2016-11-22,201611224084197,SBL,45,26,68,1013.0,68884.0
2016-11-22,201611224084165,SBL,1,39,100,1009.0,100900.0
2016-11-22,201611224084320,SCB,53,17,120,2900.0,348000.0
2016-11-22,201611224084618,SDBL,26,40,50,467.0,23350.0
2016-11-22,201611224084603,SDBL,49,49,100,469.0,46900.0
2016-11-22,201611224084602,SDBL,48,49,200,469.0,93800.0
2016-11-22,201611224084562,SDBL,26,17,150,470.0,70500.0
2016-11-22,201611224084532,SDBL,26,17,50,470.0,23500.0
2016-11-22,201611224084132,SDBL,26,29,50,467.0,23350.0
2016-11-22,201611224084131,SDBL,37,29,200,467.0,93400.0
2016-11-22,201611224084130,SDBL,41,29,200,469.0,93800.0
2016-11-22,201611224084154,SDBL,37,29,200,467.0,93400.0
2016-11-22,201611224084147,SDBL,5,17,10,470.0,4700.0
2016-11-22,201611224084135,SDBL,37,29,200,467.0,93400.0
2016-11-22,201611224084134,SDBL,8,29,1000,467.0,467000.0
2016-11-22,201611224084133,SDBL,42,29,50,467.0,23350.0
2016-11-22,201611224084424,SDBL,42,43,200,469.0,93800.0
2016-11-22,201611224084401,SDBL,40,43,100,469.0,46900.0
2016-11-22,201611224084310,SDBL,45,43,300,469.0,140700.0
2016-11-22,201611224084287,SDBL,10,43,200,469.0,93800.0
2016-11-22,201611224084203,SDBL,5,43,100,469.0,46900.0
2016-11-22,201611224084502,SDBL,26,10,50,469.0,23450.0
2016-11-22,201611224084488,SDBL,57,10,150,469.0,70350.0
2016-11-22,201611224084487,SDBL,57,43,100,469.0,46900.0
2016-11-22,201611224084448,SDBL,14,41,78,466.0,36348.0
2016-11-22,201611224084445,SDBL,14,41,300,466.0,139800.0
2016-11-22,201611224084444,SDBL,34,41,200,467.0,93400.0
2016-11-22,201611224084570,SHL,33,1,100,399.0,39900.0
2016-11-22,201611224084489,SHL,11,32,100,393.0,39300.0
2016-11-22,201611224084238,SHL,49,49,1000,386.0,386000.0
2016-11-22,201611224084181,SHL,22,48,100,393.0,39300.0
2016-11-22,201611224084215,SHPC,6,55,50,840.0,42000.0
2016-11-22,201611224084214,SHPC,14,55,300,842.0,252600.0
2016-11-22,201611224084213,SHPC,42,55,100,845.0,84500.0
2016-11-22,201611224084212,SHPC,34,55,20,845.0,16900.0
2016-11-22,201611224084211,SHPC,52,55,200,845.0,169000.0
2016-11-22,201611224084210,SHPC,14,55,80,845.0,67600.0
2016-11-22,201611224084209,SHPC,45,55,100,846.0,84600.0
2016-11-22,201611224084208,SHPC,19,55,500,847.0,423500.0
2016-11-22,201611224084408,SICL,58,36,700,3800.0,2660000.0
2016-11-22,201611224084404,SICL,58,25,203,3800.0,771400.0
2016-11-22,201611224084403,SICL,58,35,20,3800.0,76000.0
2016-11-22,201611224084402,SICL,58,35,100,3799.0,379900.0
2016-11-22,201611224084286,SICL,21,35,100,3798.0,379800.0
2016-11-22,201611224084274,SICL,51,25,40,3799.0,151960.0
2016-11-22,201611224084245,SICL,14,36,100,3795.0,379500.0
2016-11-22,201611224084205,SICL,56,25,110,3799.0,417890.0
2016-11-22,201611224084204,SICL,56,35,100,3795.0,379500.0
2016-11-22,201611224084496,SIL,5,16,18,2280.0,41040.0
2016-11-22,201611224084435,SIL,33,16,18,2280.0,41040.0
2016-11-22,201611224084434,SIL,33,38,100,2280.0,228000.0
2016-11-22,201611224084431,SIL,22,38,40,2280.0,91200.0
2016-11-22,201611224084430,SIL,50,38,50,2280.0,114000.0
2016-11-22,201611224084429,SIL,39,38,60,2280.0,136800.0
2016-11-22,201611224084428,SIL,44,38,200,2280.0,456000.0
2016-11-22,201611224084422,SIL,58,16,18,2281.0,41058.0
2016-11-22,201611224084406,SIL,33,16,11,2282.0,25102.0
2016-11-22,201611224084390,SIL,56,16,18,2281.0,41058.0
2016-11-22,201611224084592,SKBBL,25,25,100,1500.0,150000.0
2016-11-22,201611224084157,SKBBL,55,25,50,1507.0,75350.0
2016-11-22,201611224084163,SKBBL,6,25,50,1500.0,75000.0
2016-11-22,201611224084162,SKBBL,13,25,100,1500.0,150000.0
2016-11-22,201611224084161,SKBBL,57,25,150,1500.0,225000.0
2016-11-22,201611224084160,SKBBL,44,25,500,1501.0,750500.0
2016-11-22,201611224084159,SKBBL,26,25,50,1506.0,75300.0
2016-11-22,201611224084158,SKBBL,58,25,20,1506.0,30120.0
2016-11-22,201611224084217,SKBBL,25,49,23,1491.0,34293.0
2016-11-22,201611224084530,SMFDB,6,19,100,2450.0,245000.0
2016-11-22,201611224084525,SMFDB,36,19,30,2455.0,73650.0
2016-11-22,201611224084324,SRBL,19,5,200,493.0,98600.0
2016-11-22,201611224084246,SRBL,17,21,10,499.0,4990.0
2016-11-22,201611224084152,SWBBL,56,17,40,2071.0,82840.0
2016-11-22,201611224084151,SWBBL,26,17,50,2074.0,103700.0
2016-11-22,201611224084150,SWBBL,26,17,50,2075.0,103750.0
2016-11-22,201611224084607,TRH,8,40,100,238.0,23800.0
2016-11-22,201611224084193,UFCL,48,17,500,174.0,87000.0
2016-11-22,201611224084554,UIC,29,36,50,1305.0,65250.0
2016-11-22,201611224084553,UIC,29,36,150,1314.0,197100.0
2016-11-22,201611224084271,VLBS,18,45,10,917.0,9170.0
2016-11-22,201611224084220,VSDBL,41,20,50,197.0,9850.0
2016-11-22,201611224084219,VSDBL,32,20,450,197.0,88650.0
2016-11-22,201611224084260,VSDBL,43,59,700,196.0,137200.0
2016-11-22,201611224084253,VSDBL,41,59,350,197.0,68950.0
2016-11-22,201611224084279,VSDBL,45,59,50,195.0,9750.0
2016-11-22,201611224084265,VSDBL,45,59,950,195.0,185250.0
2016-11-22,201611224084264,VSDBL,34,59,500,195.0,97500.0
2016-11-22,201611224084263,VSDBL,22,59,1000,196.0,196000.0
2016-11-22,201611224084262,VSDBL,48,59,800,196.0,156800.0
2016-11-22,201611224084261,VSDBL,8,59,50,196.0,9800.0
2016-11-22,201611224084400,VSDBL,45,55,300,198.0,59400.0
2016-11-22,201611224084282,VSDBL,25,59,200,195.0,39000.0
2016-11-22,201611224084281,VSDBL,14,59,100,195.0,19500.0
2016-11-22,201611224084280,VSDBL,34,59,100,195.0,19500.0
2016-11-22,201611224084499,VSDBL,56,5,100,195.0,19500.0
2016-11-22,201611224084498,VSDBL,50,5,50,195.0,9750.0
2016-11-22,201611224084497,VSDBL,59,5,20,195.0,3900.0
2016-11-22,201611224084576,WOMI,41,14,24,1780.0,42720.0
2016-11-22,201611224084397,WOMI,17,17,12,1785.0,21420.0
2016-11-22,201611224084354,WOMI,41,25,12,1790.0,21480.0
2016-11-22,201611224084330,WOMI,17,17,12,1785.0,21420.0
2016-11-22,201611224084202,WOMI,17,17,12,1790.0,21480.0
2016-11-22,201611224084189,WOMI,17,17,12,1790.0,21480.0
2016-11-22,201611224084180,WOMI,17,17,12,1790.0,21480.0
2016-11-22,201611224084148,WOMI,17,17,12,1790.0,21480.0
2016-11-22,201611224084559,YETI,38,58,50,300.0,15000.0
2016-11-22,201611224084558,YETI,7,58,50,300.0,15000.0
2016-11-22,201611224084557,YETI,45,58,20,300.0,6000.0
2016-11-22,201611224084556,YETI,29,58,100,300.0,30000.0
2016-11-22,201611224084409,YETI,42,50,11,300.0,3300.0
2016-11-22,201611224085774,ADBL,34,43,32,550.0,17600.0
2016-11-22,201611224086095,AHPC,8,5,352,270.0,95040.0
2016-11-22,201611224085909,AHPC,8,5,40,270.0,10800.0
2016-11-22,201611224085908,AHPC,28,5,500,270.0,135000.0
2016-11-22,201611224085907,AHPC,10,5,60,270.0,16200.0
2016-11-22,201611224085692,AHPC,25,38,718,270.0,193860.0
2016-11-22,201611224085906,ALICL,44,50,75,1667.0,125025.0
2016-11-22,201611224085721,ALICL,17,17,19,1670.0,31730.0
2016-11-22,201611224085939,API,56,58,160,511.0,81760.0
2016-11-22,201611224085938,API,29,58,100,511.0,51100.0
2016-11-22,201611224085937,API,59,58,100,511.0,51100.0
2016-11-22,201611224085936,API,43,58,100,511.0,51100.0
2016-11-22,201611224085935,API,17,58,100,515.0,51500.0
2016-11-22,201611224085934,API,39,58,20,520.0,10400.0
2016-11-22,201611224085698,API,56,56,26,521.0,13546.0
2016-11-22,201611224085690,API,8,56,26,522.0,13572.0
2016-11-22,201611224085933,API,43,58,20,521.0,10420.0
2016-11-22,201611224085910,API,13,56,26,516.0,13416.0
2016-11-22,201611224085818,API,14,56,26,520.0,13520.0
2016-11-22,201611224085794,API,17,56,26,520.0,13520.0
2016-11-22,201611224085779,API,26,56,26,520.0,13520.0
2016-11-22,201611224085771,API,8,56,26,522.0,13572.0
2016-11-22,201611224085915,BARUN,45,39,10,347.0,3470.0
2016-11-22,201611224086044,BOKL,1,25,100,648.0,64800.0
2016-11-22,201611224086033,BOKL,57,25,150,648.0,97200.0
2016-11-22,201611224085975,BOKL,44,25,200,648.0,129600.0
2016-11-22,201611224085945,BOKL,36,36,126,648.0,81648.0
2016-11-22,201611224085821,BOKL,41,28,353,645.0,227685.0
2016-11-22,201611224086105,CBL,43,50,790,278.0,219620.0
2016-11-22,201611224086096,CBL,7,50,10,278.0,2780.0
2016-11-22,201611224086094,CBL,43,42,197,276.0,54372.0
2016-11-22,201611224086086,CBL,43,34,314,277.0,86978.0
2016-11-22,201611224086085,CBL,59,5,114,276.0,31464.0
2016-11-22,201611224086058,CBL,1,32,144,277.0,39888.0
2016-11-22,201611224085974,CBL,1,32,144,277.0,39888.0
2016-11-22,201611224085958,CBL,20,50,200,278.0,55600.0
2016-11-22,201611224086041,CCBL,43,34,53,375.0,19875.0
2016-11-22,201611224085983,CCBL,56,32,32,376.0,12032.0
2016-11-22,201611224086034,CHCL,4,21,668,1084.0,724112.0
2016-11-22,201611224085851,CHCL,4,6,70,1084.0,75880.0
2016-11-22,201611224085831,CHCL,4,39,50,1084.0,54200.0
2016-11-22,201611224085686,CIT,19,25,100,4100.0,410000.0
2016-11-22,201611224085685,CIT,37,25,100,4101.0,410100.0
2016-11-22,201611224086101,CZBIL,43,50,100,494.0,49400.0
2016-11-22,201611224086100,CZBIL,1,50,20,494.0,9880.0
2016-11-22,201611224086099,CZBIL,1,50,10,494.0,4940.0
2016-11-22,201611224086047,CZBIL,1,55,10,494.0,4940.0
2016-11-22,201611224086016,CZBIL,1,6,50,494.0,24700.0
2016-11-22,201611224085987,CZBIL,28,38,100,494.0,49400.0
2016-11-22,201611224085960,CZBIL,37,54,30,495.0,14850.0
2016-11-22,201611224085713,CZBIL,41,54,20,495.0,9900.0
2016-11-22,201611224085703,CZBIL,38,54,10,495.0,4950.0
2016-11-22,201611224086109,EBL,1,6,20,3470.0,69400.0
2016-11-22,201611224086009,EBL,49,6,20,3470.0,69400.0
2016-11-22,201611224085916,EBL,11,6,50,3470.0,173500.0
2016-11-22,201611224085889,EBL,43,28,150,3461.0,519150.0
2016-11-22,201611224085888,EBL,57,28,200,3462.0,692400.0
2016-11-22,201611224085665,EBL,43,43,160,3469.0,555040.0
2016-11-22,201611224085631,EBL,38,28,50,3470.0,173500.0
2016-11-22,201611224085765,EBL,19,14,100,3469.0,346900.0
2016-11-22,201611224085691,EBL,52,28,20,3470.0,69400.0
2016-11-22,201611224085683,EBL,1,28,20,3470.0,69400.0
2016-11-22,201611224085830,EBL,53,6,100,3470.0,347000.0
2016-11-22,201611224085823,EBL,10,6,60,3470.0,208200.0
2016-11-22,201611224085822,EBL,10,28,140,3470.0,485800.0
2016-11-22,201611224085798,EBL,55,28,10,3470.0,34700.0
2016-11-22,201611224085770,EBL,1,26,20,3467.0,69340.0
2016-11-22,201611224085887,EBL,43,28,50,3462.0,173100.0
2016-11-22,201611224085886,EBL,47,28,50,3465.0,173250.0
2016-11-22,201611224085885,EBL,18,28,40,3465.0,138600.0
2016-11-22,201611224085884,EBL,41,28,100,3466.0,346600.0
2016-11-22,201611224085883,EBL,55,28,100,3466.0,346600.0
2016-11-22,201611224085882,EBL,1,28,10,3467.0,34670.0
2016-11-22,201611224085796,EDBL,44,10,1000,584.0,584000.0
2016-11-22,201611224086060,EIC,38,34,100,1776.0,177600.0
2016-11-22,201611224086059,EIC,49,34,200,1776.0,355200.0
2016-11-22,201611224085832,GBBL,44,37,100,398.0,39800.0
2016-11-22,201611224085772,GBBL,44,37,500,398.0,199000.0
2016-11-22,201611224085747,GBBL,44,21,287,397.0,113939.0
2016-11-22,201611224085733,GBBL,44,45,151,396.0,59796.0
2016-11-22,201611224085718,GBBL,41,47,67,396.0,26532.0
2016-11-22,201611224085715,GBBL,58,45,200,396.0,79200.0
2016-11-22,201611224085705,GBBL,45,45,500,396.0,198000.0
2016-11-22,201611224085693,GBBL,45,47,67,398.0,26666.0
2016-11-22,201611224085778,GBIME,36,43,380,454.0,172520.0
2016-11-22,201611224085651,GBIME,49,45,48,449.0,21552.0
2016-11-22,201611224086002,GLICL,1,42,190,781.0,148390.0
2016-11-22,201611224086001,GLICL,7,42,10,782.0,7820.0
2016-11-22,201611224085789,GLICL,36,42,440,780.0,343200.0
2016-11-22,201611224085788,GLICL,57,42,160,780.0,124800.0
2016-11-22,201611224085787,GLICL,52,42,100,781.0,78100.0
2016-11-22,201611224085786,GLICL,18,42,100,781.0,78100.0
2016-11-22,201611224085951,HBL,28,50,49,1205.0,59045.0
2016-11-22,201611224085676,HBL,38,8,19,1224.0,23256.0
2016-11-22,201611224086110,HIDCL,55,49,56,275.0,15400.0
2016-11-22,201611224086093,HIDCL,55,49,56,275.0,15400.0
2016-11-22,201611224086084,HIDCL,55,49,56,275.0,15400.0
2016-11-22,201611224086083,HIDCL,38,7,17,273.0,4641.0
2016-11-22,201611224086082,HIDCL,55,55,56,278.0,15568.0
2016-11-22,201611224086069,HIDCL,55,55,56,278.0,15568.0
2016-11-22,201611224085623,HIDCL,55,55,56,276.0,15456.0
2016-11-22,201611224085621,HIDCL,55,55,56,276.0,15456.0
2016-11-22,201611224085649,HIDCL,55,55,56,276.0,15456.0
2016-11-22,201611224085645,HIDCL,55,55,56,276.0,15456.0
2016-11-22,201611224085643,HIDCL,55,55,56,276.0,15456.0
2016-11-22,201611224085636,HIDCL,55,55,56,276.0,15456.0
2016-11-22,201611224085634,HIDCL,55,55,56,276.0,15456.0
2016-11-22,201611224085633,HIDCL,55,55,56,276.0,15456.0
2016-11-22,201611224085666,HIDCL,55,55,56,276.0,15456.0
2016-11-22,201611224085662,HIDCL,55,55,56,276.0,15456.0
2016-11-22,201611224085661,HIDCL,41,45,56,273.0,15288.0
2016-11-22,201611224085660,HIDCL,55,55,56,276.0,15456.0
2016-11-22,201611224085653,HIDCL,55,55,56,276.0,15456.0
2016-11-22,201611224085697,HIDCL,55,55,56,276.0,15456.0
2016-11-22,201611224085694,HIDCL,55,55,56,276.0,15456.0
2016-11-22,201611224085684,HIDCL,55,55,56,276.0,15456.0
2016-11-22,201611224085682,HIDCL,55,55,56,276.0,15456.0
2016-11-22,201611224085680,HIDCL,55,55,56,276.0,15456.0
2016-11-22,201611224085667,HIDCL,55,55,56,276.0,15456.0
2016-11-22,201611224085716,HIDCL,45,55,56,276.0,15456.0
2016-11-22,201611224085711,HIDCL,55,55,56,276.0,15456.0
2016-11-22,201611224085708,HIDCL,45,55,56,276.0,15456.0
2016-11-22,201611224085707,HIDCL,45,55,56,276.0,15456.0
2016-11-22,201611224085706,HIDCL,45,16,203,272.0,55216.0
2016-11-22,201611224085701,HIDCL,55,55,56,276.0,15456.0
2016-11-22,201611224085737,HIDCL,45,20,56,278.0,15568.0
2016-11-22,201611224085736,HIDCL,45,20,56,278.0,15568.0
2016-11-22,201611224085735,HIDCL,45,20,56,278.0,15568.0
2016-11-22,201611224085724,HIDCL,45,55,56,276.0,15456.0
2016-11-22,201611224085723,HIDCL,55,55,56,276.0,15456.0
2016-11-22,201611224085717,HIDCL,55,55,56,276.0,15456.0
2016-11-22,201611224085800,HIDCL,55,55,56,276.0,15456.0
2016-11-22,201611224085795,HIDCL,55,55,56,276.0,15456.0
2016-11-22,201611224085793,HIDCL,55,34,56,276.0,15456.0
2016-11-22,201611224085783,HIDCL,55,34,29,279.0,8091.0
2016-11-22,201611224085776,HIDCL,55,20,56,278.0,15568.0
2016-11-22,201611224085745,HIDCL,45,20,56,278.0,15568.0
2016-11-22,201611224085881,HIDCL,55,55,56,276.0,15456.0
2016-11-22,201611224085820,HIDCL,42,55,56,277.0,15512.0
2016-11-22,201611224085950,HIDCL,38,16,56,273.0,15288.0
2016-11-22,201611224085982,HIDCL,39,39,56,273.0,15288.0
2016-11-22,201611224085980,HIDCL,17,7,17,275.0,4675.0
2016-11-22,201611224085973,HIDCL,39,39,56,273.0,15288.0
2016-11-22,201611224086015,HIDCL,55,56,56,277.0,15512.0
2016-11-22,201611224086005,HIDCL,39,7,17,273.0,4641.0
2016-11-22,201611224086003,HIDCL,39,39,56,273.0,15288.0
2016-11-22,201611224085997,HIDCL,39,39,56,273.0,15288.0
2016-11-22,201611224085988,HIDCL,17,7,17,275.0,4675.0
2016-11-22,201611224085986,HIDCL,39,39,56,273.0,15288.0
2016-11-22,201611224086040,HIDCL,55,55,56,278.0,15568.0
2016-11-22,201611224086037,HIDCL,55,55,56,278.0,15568.0
2016-11-22,201611224086035,HIDCL,55,49,58,273.0,15834.0
2016-11-22,201611224086032,HIDCL,55,55,56,278.0,15568.0
2016-11-22,201611224086031,HIDCL,38,7,12,273.0,3276.0
2016-11-22,201611224086024,HIDCL,55,55,56,278.0,15568.0
2016-11-22,201611224086055,HIDCL,55,7,17,275.0,4675.0
2016-11-22,201611224086053,HIDCL,55,55,56,278.0,15568.0
2016-11-22,201611224086052,HIDCL,55,55,56,278.0,15568.0
2016-11-22,201611224086048,HIDCL,55,7,17,275.0,4675.0
2016-11-22,201611224086046,HIDCL,55,55,56,278.0,15568.0
2016-11-22,201611224086042,HIDCL,55,55,56,278.0,15568.0
2016-11-22,201611224085750,ICFC,11,39,11,270.0,2970.0
2016-11-22,201611224086118,JBBL,8,1,100,329.0,32900.0
2016-11-22,201611224086117,JBBL,43,1,100,329.0,32900.0
2016-11-22,201611224085658,JBBL,29,17,100,331.0,33100.0
2016-11-22,201611224086039,JSLBB,21,55,10,2163.0,21630.0
2016-11-22,201611224085817,JSLBB,39,39,10,2165.0,21650.0
2016-11-22,201611224086079,KBBL,25,34,100,530.0,53000.0
2016-11-22,201611224086078,KBBL,14,34,50,530.0,26500.0
2016-11-22,201611224086077,KBBL,42,34,100,530.0,53000.0
2016-11-22,201611224086076,KBBL,26,34,500,530.0,265000.0
2016-11-22,201611224086075,KBBL,1,34,100,531.0,53100.0
2016-11-22,201611224086074,KBBL,46,34,300,531.0,159300.0
2016-11-22,201611224086073,KBBL,32,34,90,532.0,47880.0
2016-11-22,201611224086072,KBBL,5,34,100,532.0,53200.0
2016-11-22,201611224086071,KBBL,42,34,20,533.0,10660.0
2016-11-22,201611224086070,KBBL,32,34,80,533.0,42640.0
2016-11-22,201611224086115,KBL,22,42,100,565.0,56500.0
2016-11-22,201611224085967,KBL,20,42,1000,565.0,565000.0
2016-11-22,201611224085966,KBL,17,42,200,565.0,113000.0
2016-11-22,201611224085965,KBL,33,42,100,565.0,56500.0
2016-11-22,201611224085964,KBL,1,42,350,569.0,199150.0
2016-11-22,201611224085963,KBL,18,42,110,570.0,62700.0
2016-11-22,201611224085962,KBL,1,42,200,570.0,114000.0
2016-11-22,201611224085961,KBL,14,42,100,570.0,57000.0
2016-11-22,201611224085704,KBL,41,22,612,570.0,348840.0
2016-11-22,201611224086000,KNBL,1,17,50,634.0,31700.0
2016-11-22,201611224085947,LBL,26,34,280,780.0,218400.0
2016-11-22,201611224085919,LBL,26,29,237,775.0,183675.0
2016-11-22,201611224085845,LBL,17,16,100,769.0,76900.0
2016-11-22,201611224085664,LBL,38,34,100,770.0,77000.0
2016-11-22,201611224086116,LGIL,33,26,100,1625.0,162500.0
2016-11-22,201611224086104,LGIL,57,45,1500,1610.0,2415000.0
2016-11-22,201611224086089,LGIL,32,45,100,1617.0,161700.0
2016-11-22,201611224086088,LGIL,54,45,300,1620.0,486000.0
2016-11-22,201611224086087,LGIL,29,45,100,1621.0,162100.0
2016-11-22,201611224085979,LGIL,5,45,40,1617.0,64680.0
2016-11-22,201611224085978,LGIL,37,45,100,1618.0,161800.0
2016-11-22,201611224085977,LGIL,38,45,10,1618.0,16180.0
2016-11-22,201611224085976,LGIL,28,45,50,1620.0,81000.0
2016-11-22,201611224085654,LGIL,38,28,259,1613.0,417767.0
2016-11-22,201611224085743,LICN,17,49,32,2980.0,95360.0
2016-11-22,201611224085702,LICN,35,10,100,2960.0,296000.0
2016-11-22,201611224086018,MBL,25,35,100,494.0,49400.0
2016-11-22,201611224085838,MBL,41,42,100,495.0,49500.0
2016-11-22,201611224085837,MBL,43,42,200,495.0,99000.0
2016-11-22,201611224085836,MBL,5,42,100,495.0,49500.0
2016-11-22,201611224085835,MBL,45,42,300,495.0,148500.0
2016-11-22,201611224085834,MBL,14,42,100,496.0,49600.0
2016-11-22,201611224085833,MBL,22,42,100,496.0,49600.0
2016-11-22,201611224085689,MBL,8,35,800,497.0,397600.0
2016-11-22,201611224085996,MEGA,56,14,192,449.0,86208.0
2016-11-22,201611224085914,MEGA,6,42,20,450.0,9000.0
2016-11-22,201611224085814,MEGA,38,42,250,450.0,112500.0
2016-11-22,201611224085813,MEGA,26,42,100,450.0,45000.0
2016-11-22,201611224085812,MEGA,8,42,100,450.0,45000.0
2016-11-22,201611224085811,MEGA,19,42,100,450.0,45000.0
2016-11-22,201611224085804,MEGA,56,42,300,451.0,135300.0
2016-11-22,201611224085803,MEGA,19,42,40,451.0,18040.0
2016-11-22,201611224085785,MEGA,48,35,500,452.0,226000.0
2016-11-22,201611224085720,MEGA,19,59,40,451.0,18040.0
2016-11-22,201611224085710,MEGA,22,59,160,452.0,72320.0
2016-11-22,201611224085709,MEGA,17,59,100,454.0,45400.0
2016-11-22,201611224085810,MEGA,38,42,100,450.0,45000.0
2016-11-22,201611224085809,MEGA,48,42,200,450.0,90000.0
2016-11-22,201611224085808,MEGA,32,42,100,450.0,45000.0
2016-11-22,201611224085807,MEGA,45,42,460,450.0,207000.0
2016-11-22,201611224085806,MEGA,26,42,150,450.0,67500.0
2016-11-22,201611224085805,MEGA,5,42,100,450.0,45000.0
2016-11-22,201611224085955,MFIL,8,1,126,397.0,50022.0
2016-11-22,201611224085846,MFIL,8,38,100,397.0,39700.0
2016-11-22,201611224086092,MNBBL,48,13,350,900.0,315000.0
2016-11-22,201611224086091,MNBBL,48,46,100,900.0,90000.0
2016-11-22,201611224086090,MNBBL,48,45,50,900.0,45000.0
2016-11-22,201611224085688,MNBBL,42,45,30,900.0,27000.0
2016-11-22,201611224085687,MNBBL,17,45,20,900.0,18000.0
2016-11-22,201611224085659,MNBBL,11,42,298,895.0,266710.0
2016-11-22,201611224085648,MNBBL,33,14,50,901.0,45050.0
2016-11-22,201611224085847,NABIL,55,32,10,1649.0,16490.0
2016-11-22,201611224086111,NABILP,28,28,50,1190.0,59500.0
2016-11-22,201611224086106,NBB,11,40,500,760.0,380000.0
2016-11-22,201611224085841,NBB,45,6,79,760.0,60040.0
2016-11-22,201611224085759,NBB,45,58,60,760.0,45600.0
2016-11-22,201611224085758,NBB,22,58,150,760.0,114000.0
2016-11-22,201611224085757,NBB,42,58,50,762.0,38100.0
2016-11-22,201611224085756,NBB,5,58,100,762.0,76200.0
2016-11-22,201611224085755,NBB,42,58,20,762.0,15240.0
2016-11-22,201611224085754,NBB,28,58,20,764.0,15280.0
2016-11-22,201611224085753,NBB,33,58,50,764.0,38200.0
2016-11-22,201611224086081,NBIL,45,42,10,182.0,1820.0
2016-11-22,201611224085999,NBL,43,52,200,445.0,89000.0
2016-11-22,201611224085984,NBL,55,29,100,438.0,43800.0
2016-11-22,201611224085969,NBL,43,46,750,440.0,330000.0
2016-11-22,201611224085943,NBL,58,46,500,440.0,220000.0
2016-11-22,201611224085942,NBL,40,46,100,440.0,44000.0
2016-11-22,201611224085941,NBL,7,46,100,440.0,44000.0
2016-11-22,201611224085940,NBL,17,46,50,440.0,22000.0
2016-11-22,201611224085842,NBL,22,42,200,440.0,88000.0
2016-11-22,201611224085650,NBL,1,5,400,443.0,177200.0
2016-11-22,201611224085815,NBSL,21,32,14,750.0,10500.0
2016-11-22,201611224085760,NBSL,13,43,32,750.0,24000.0
2016-11-22,201611224085746,NBSL,13,43,20,750.0,15000.0
2016-11-22,201611224085739,NBSL,13,43,20,750.0,15000.0
2016-11-22,201611224085732,NBSL,13,43,20,750.0,15000.0
2016-11-22,201611224085840,NGPL,42,17,585,294.0,171990.0
2016-11-22,201611224085751,NHPC,10,32,900,158.0,142200.0
2016-11-22,201611224085657,NHPC,10,32,1000,158.0,158000.0
2016-11-22,201611224085970,NIB,45,16,26,755.0,19630.0
2016-11-22,201611224085968,NIB,45,43,50,754.0,37700.0
2016-11-22,201611224085959,NIB,1,6,76,750.0,57000.0
2016-11-22,201611224085946,NIB,37,35,100,752.0,75200.0
2016-11-22,201611224085879,NIB,40,40,26,751.0,19526.0
2016-11-22,201611224085819,NIB,40,40,26,751.0,19526.0
2016-11-22,201611224085675,NIB,38,14,120,750.0,90000.0
2016-11-22,201611224085674,NIB,13,14,50,750.0,37500.0
2016-11-22,201611224085673,NIB,13,14,280,750.0,210000.0
2016-11-22,201611224085672,NIB,8,14,350,750.0,262500.0
2016-11-22,201611224085671,NIB,19,14,20,750.0,15000.0
2016-11-22,201611224085792,NIB,40,40,26,751.0,19526.0
2016-11-22,201611224085782,NIB,39,39,26,750.0,19500.0
2016-11-22,201611224085767,NIB,49,55,200,750.0,150000.0
2016-11-22,201611224085766,NIB,19,55,400,750.0,300000.0
2016-11-22,201611224085695,NIB,19,45,102,750.0,76500.0
2016-11-22,201611224085677,NIB,38,14,16,750.0,12000.0
2016-11-22,201611224086098,NICA,11,3,200,545.0,109000.0
2016-11-22,201611224086097,NICA,32,3,100,545.0,54500.0
2016-11-22,201611224086013,NICA,11,32,73,545.0,39785.0
2016-11-22,201611224086007,NICA,11,32,200,545.0,109000.0
2016-11-22,201611224086006,NICA,29,32,300,545.0,163500.0
2016-11-22,201611224086004,NICA,57,42,520,545.0,283400.0
2016-11-22,201611224085656,NICA,26,26,178,548.0,97544.0
2016-11-22,201611224085912,NICA,45,42,88,545.0,47960.0
2016-11-22,201611224085895,NICA,45,42,330,545.0,179850.0
2016-11-22,201611224085894,NICA,1,42,50,546.0,27300.0
2016-11-22,201611224085893,NICA,5,42,170,546.0,92820.0
2016-11-22,201611224085892,NICA,26,42,50,546.0,27300.0
2016-11-22,201611224085891,NICA,14,42,100,547.0,54700.0
2016-11-22,201611224085731,NICL,34,32,400,1000.0,400000.0
2016-11-22,201611224085730,NICL,1,32,150,1000.0,150000.0
2016-11-22,201611224085729,NICL,57,32,200,1002.0,200400.0
2016-11-22,201611224085728,NICL,17,32,100,1003.0,100300.0
2016-11-22,201611224085727,NICL,51,32,50,1003.0,50150.0
2016-11-22,201611224085726,NICL,17,32,100,1010.0,101000.0
2016-11-22,201611224085918,NIL,45,26,300,1965.0,589500.0
2016-11-22,201611224085911,NIL,1,35,75,1961.0,147075.0
2016-11-22,201611224085802,NIL,33,35,100,1961.0,196100.0
2016-11-22,201611224086008,NLG,37,45,40,1863.0,74520.0
2016-11-22,201611224085681,NLIC,25,28,12,3370.0,40440.0
2016-11-22,201611224085625,NLIC,6,44,100,3375.0,337500.0
2016-11-22,201611224085624,NLIC,6,44,100,3375.0,337500.0
2016-11-22,201611224086068,NLICL,20,35,100,3375.0,337500.0
2016-11-22,201611224086067,NLICL,20,35,150,3375.0,506250.0
2016-11-22,201611224086066,NLICL,41,35,200,3376.0,675200.0
2016-11-22,201611224086065,NLICL,52,35,50,3377.0,168850.0
2016-11-22,201611224085953,NLICL,45,35,240,3380.0,811200.0
2016-11-22,201611224085932,NLICL,35,35,100,3380.0,338000.0
2016-11-22,201611224085824,NLICL,55,6,10,3390.0,33900.0
2016-11-22,201611224086014,NMB,1,39,22,651.0,14322.0
2016-11-22,201611224085972,NMB,38,50,163,650.0,105950.0
2016-11-22,201611224085971,NMB,38,50,100,650.0,65000.0
2016-11-22,201611224085775,NMB,59,50,100,650.0,65000.0
2016-11-22,201611224085632,NMBMF,14,55,20,1892.0,37840.0
2016-11-22,201611224085748,NMBSF1,22,39,47000,12.6,592200.0
2016-11-22,201611224085635,NMBSF1,45,39,3000,12.6,37800.0
2016-11-22,201611224085700,NTC,17,52,400,675.0,270000.0
2016-11-22,201611224085699,NTC,45,52,100,680.0,68000.0
2016-11-22,201611224086050,NUBL,47,5,50,1410.0,70500.0
2016-11-22,201611224085768,OHL,57,34,10,490.0,4900.0
2016-11-22,201611224085749,PCBL,33,35,100,542.0,54200.0
2016-11-22,201611224085679,PCBL,47,35,100,542.0,54200.0
2016-11-22,201611224086023,PIC,33,45,100,1786.0,178600.0
2016-11-22,201611224086022,PIC,48,45,100,1790.0,179000.0
2016-11-22,201611224086021,PIC,38,45,100,1791.0,179100.0
2016-11-22,201611224086020,PIC,5,45,100,1792.0,179200.0
2016-11-22,201611224086019,PIC,25,45,100,1800.0,180000.0
2016-11-22,201611224085998,PLIC,35,17,27,2000.0,54000.0
2016-11-22,201611224085777,PLIC,59,42,330,1985.0,655050.0
2016-11-22,201611224086114,PRIN,28,33,80,1310.0,104800.0
2016-11-22,201611224086043,PRIN,22,33,50,1310.0,65500.0
2016-11-22,201611224086038,PRIN,22,17,50,1310.0,65500.0
2016-11-22,201611224085799,PRIN,28,33,20,1328.0,26560.0
2016-11-22,201611224085790,PRIN,28,37,24,1320.0,31680.0
2016-11-22,201611224085985,RBBBL,18,16,85,437.0,37145.0
2016-11-22,201611224085839,RBBBL,38,34,13,445.0,5785.0
2016-11-22,201611224086056,RHPC,39,25,111,250.0,27750.0
2016-11-22,201611224086017,RHPC,47,32,11,246.0,2706.0
2016-11-22,201611224085904,RMDC,17,34,100,680.0,68000.0
2016-11-22,201611224085903,RMDC,41,34,100,680.0,68000.0
2016-11-22,201611224085902,RMDC,58,34,200,680.0,136000.0
2016-11-22,201611224085901,RMDC,17,34,150,682.0,102300.0
2016-11-22,201611224085900,RMDC,29,34,100,683.0,68300.0
2016-11-22,201611224085899,RMDC,11,34,100,684.0,68400.0
2016-11-22,201611224085722,RMDC,38,21,100,685.0,68500.0
2016-11-22,201611224085714,RMDC,43,21,100,685.0,68500.0
2016-11-22,201611224085678,RMDC,43,21,100,685.0,68500.0
2016-11-22,201611224085646,RMDC,18,7,319,685.0,218515.0
2016-11-22,201611224085898,RMDC,7,34,110,684.0,75240.0
2016-11-22,201611224085897,RMDC,10,34,130,685.0,89050.0
2016-11-22,201611224085852,RMDC,47,34,70,689.0,48230.0
2016-11-22,201611224085752,RMDC,18,21,300,685.0,205500.0
2016-11-22,201611224085742,RMDC,19,21,200,685.0,137000.0
2016-11-22,201611224085738,RMDC,7,42,90,684.0,61560.0
2016-11-22,201611224085725,SAJHA,18,45,10,278.0,2780.0
2016-11-22,201611224085994,SANIMA,26,34,300,559.0,167700.0
2016-11-22,201611224085993,SANIMA,56,34,40,559.0,22360.0
2016-11-22,201611224085992,SANIMA,14,34,50,559.0,27950.0
2016-11-22,201611224085991,SANIMA,38,34,500,559.0,279500.0
2016-11-22,201611224085990,SANIMA,39,34,180,560.0,100800.0
2016-11-22,201611224085989,SANIMA,49,34,180,563.0,101340.0
2016-11-22,201611224085853,SANIMA,26,48,320,565.0,180800.0
2016-11-22,201611224085712,SANIMA,38,7,10,569.0,5690.0
2016-11-22,201611224085859,SANIMA,28,48,50,564.0,28200.0
2016-11-22,201611224085858,SANIMA,14,48,200,565.0,113000.0
2016-11-22,201611224085857,SANIMA,10,48,150,565.0,84750.0
2016-11-22,201611224085856,SANIMA,1,48,20,565.0,11300.0
2016-11-22,201611224085855,SANIMA,1,48,20,565.0,11300.0
2016-11-22,201611224085854,SANIMA,1,48,50,565.0,28250.0
2016-11-22,201611224085865,SANIMA,38,48,250,561.0,140250.0
2016-11-22,201611224085864,SANIMA,56,48,100,562.0,56200.0
2016-11-22,201611224085863,SANIMA,1,48,10,563.0,5630.0
2016-11-22,201611224085862,SANIMA,1,48,50,563.0,28150.0
2016-11-22,201611224085861,SANIMA,37,48,100,563.0,56300.0
2016-11-22,201611224085860,SANIMA,38,48,200,564.0,112800.0
2016-11-22,201611224085871,SANIMA,29,48,500,560.0,280000.0
2016-11-22,201611224085870,SANIMA,47,48,50,560.0,28000.0
2016-11-22,201611224085869,SANIMA,49,48,50,560.0,28000.0
2016-11-22,201611224085868,SANIMA,54,48,500,561.0,280500.0
2016-11-22,201611224085867,SANIMA,10,48,500,561.0,280500.0
2016-11-22,201611224085866,SANIMA,14,48,50,561.0,28050.0
2016-11-22,201611224085877,SANIMA,39,48,320,560.0,179200.0
2016-11-22,201611224085876,SANIMA,32,48,100,560.0,56000.0
2016-11-22,201611224085875,SANIMA,17,48,60,560.0,33600.0
2016-11-22,201611224085874,SANIMA,42,48,50,560.0,28000.0
2016-11-22,201611224085873,SANIMA,1,48,500,560.0,280000.0
2016-11-22,201611224085872,SANIMA,34,48,300,560.0,168000.0
2016-11-22,201611224085663,SBI,28,36,100,1494.0,149400.0
2016-11-22,201611224085652,SBI,13,36,100,1498.0,149800.0
2016-11-22,201611224086108,SBL,45,34,10,1015.0,10150.0
2016-11-22,201611224086107,SBL,45,33,110,1010.0,111100.0
2016-11-22,201611224086064,SBL,37,22,50,1005.0,50250.0
2016-11-22,201611224086063,SBL,10,22,100,1006.0,100600.0
2016-11-22,201611224086062,SBL,39,22,50,1006.0,50300.0
2016-11-22,201611224086061,SBL,17,22,100,1007.0,100700.0
2016-11-22,201611224085627,SBL,25,36,110,1012.0,111320.0
2016-11-22,201611224085626,SBL,47,36,50,1014.0,50700.0
2016-11-22,201611224085622,SBL,5,32,43,1012.0,43516.0
2016-11-22,201611224085734,SBL,5,1,144,1010.0,145440.0
2016-11-22,201611224085644,SBL,37,36,90,1010.0,90900.0
2016-11-22,201611224085637,SBL,51,41,290,1009.0,292610.0
2016-11-22,201611224085630,SBL,48,36,100,1011.0,101100.0
2016-11-22,201611224085629,SBL,48,36,100,1011.0,101100.0
2016-11-22,201611224085628,SBL,56,36,50,1012.0,50600.0
2016-11-22,201611224085944,SBL,57,42,12,1010.0,12120.0
2016-11-22,201611224085925,SBL,19,42,470,1010.0,474700.0
2016-11-22,201611224085923,SBL,57,42,50,1010.0,50500.0
2016-11-22,201611224085922,SBL,6,42,20,1010.0,20200.0
2016-11-22,201611224085921,SBL,37,42,10,1010.0,10100.0
2016-11-22,201611224085920,SBL,33,42,50,1010.0,50500.0
2016-11-22,201611224086030,SBL,34,33,200,1008.0,201600.0
2016-11-22,201611224086029,SBL,1,33,300,1008.0,302400.0
2016-11-22,201611224086028,SBL,33,33,500,1009.0,504500.0
2016-11-22,201611224086027,SBL,51,33,210,1009.0,211890.0
2016-11-22,201611224086026,SBL,34,33,150,1009.0,151350.0
2016-11-22,201611224086025,SBL,19,33,30,1010.0,30300.0
2016-11-22,201611224085952,SCB,6,42,62,2882.0,178684.0
2016-11-22,201611224085949,SCB,39,42,200,2886.0,577200.0
2016-11-22,201611224085948,SCB,38,42,200,2890.0,578000.0
2016-11-22,201611224085829,SCB,21,58,100,2890.0,289000.0
2016-11-22,201611224085828,SCB,54,58,260,2891.0,751660.0
2016-11-22,201611224085827,SCB,19,58,200,2891.0,578200.0
2016-11-22,201611224085826,SCB,6,58,90,2892.0,260280.0
2016-11-22,201611224085825,SCB,19,58,50,2893.0,144650.0
2016-11-22,201611224086121,SDBL,36,51,200,469.0,93800.0
2016-11-22,201611224086113,SDBL,36,47,410,469.0,192290.0
2016-11-22,201611224086112,SDBL,36,21,1000,468.0,468000.0
2016-11-22,201611224086103,SDBL,49,47,50,469.0,23450.0
2016-11-22,201611224086102,SDBL,45,47,40,469.0,18760.0
2016-11-22,201611224085844,SDBL,17,49,90,468.0,42120.0
2016-11-22,201611224085843,SDBL,8,49,100,468.0,46800.0
2016-11-22,201611224085784,SDBL,5,49,200,469.0,93800.0
2016-11-22,201611224085791,SFFIL,37,22,200,785.0,157000.0
2016-11-22,201611224085668,SHINE,19,42,500,515.0,257500.0
2016-11-22,201611224085696,SHINE,59,34,1000,520.0,520000.0
2016-11-22,201611224085670,SHINE,11,42,300,515.0,154500.0
2016-11-22,201611224085669,SHINE,14,42,200,515.0,103000.0
2016-11-22,201611224085878,SHINE,59,34,100,525.0,52500.0
2016-11-22,201611224085890,SHPC,41,16,18,840.0,15120.0
2016-11-22,201611224085780,SHPC,41,16,18,840.0,15120.0
2016-11-22,201611224086120,SICL,58,16,28,3830.0,107240.0
2016-11-22,201611224085816,SICL,56,5,100,3825.0,382500.0
2016-11-22,201611224085801,SICL,56,17,28,3825.0,107100.0
2016-11-22,201611224086012,SIL,42,35,100,2276.0,227600.0
2016-11-22,201611224086011,SIL,10,35,50,2277.0,113850.0
2016-11-22,201611224086010,SIL,50,35,100,2280.0,228000.0
2016-11-22,201611224086080,SKBBL,37,1,33,1490.0,49170.0
2016-11-22,201611224086054,SKBBL,37,10,11,1485.0,16335.0
2016-11-22,201611224085880,SRBL,51,28,68,492.0,33456.0
2016-11-22,201611224085769,SRBL,1,42,14,492.0,6888.0
2016-11-22,201611224085763,SRBL,1,42,40,492.0,19680.0
2016-11-22,201611224085762,SRBL,29,42,500,492.0,246000.0
2016-11-22,201611224085761,SRBL,34,42,100,492.0,49200.0
2016-11-22,201611224085741,SRBL,34,28,100,492.0,49200.0
2016-11-22,201611224085638,SRBL,14,32,100,499.0,49900.0
2016-11-22,201611224085740,SRBL,56,28,800,493.0,394400.0
2016-11-22,201611224085647,SRBL,48,32,17,493.0,8381.0
2016-11-22,201611224085642,SRBL,48,32,80,493.0,39440.0
2016-11-22,201611224085641,SRBL,42,32,200,495.0,99000.0
2016-11-22,201611224085640,SRBL,43,32,200,495.0,99000.0
2016-11-22,201611224085639,SRBL,17,32,20,495.0,9900.0
2016-11-22,201611224086045,UFCL,48,28,1000,174.0,174000.0
2016-11-22,201611224085995,UFCL,48,17,1000,171.0,171000.0
2016-11-22,201611224085981,UIC,50,16,100,1300.0,130000.0
2016-11-22,201611224085655,VSDBL,1,32,40,194.0,7760.0
2016-11-22,201611224085926,VSDBL,48,55,1680,198.0,332640.0
2016-11-22,201611224085917,VSDBL,48,49,313,197.0,61661.0
2016-11-22,201611224085913,VSDBL,48,58,741,196.0,145236.0
2016-11-22,201611224085905,VSDBL,48,45,1079,195.0,210405.0
2016-11-22,201611224085931,VSDBL,48,39,500,200.0,100000.0
2016-11-22,201611224085930,VSDBL,48,14,150,200.0,30000.0
2016-11-22,201611224085929,VSDBL,48,59,900,200.0,180000.0
2016-11-22,201611224085928,VSDBL,48,17,1000,199.0,199000.0
2016-11-22,201611224085927,VSDBL,48,29,320,199.0,63680.0
2016-11-22,201611224085957,VSDBL,48,19,3050,201.0,613050.0
2016-11-22,201611224085956,VSDBL,48,59,50,200.0,10000.0
2016-11-22,201611224085954,VSDBL,48,59,450,200.0,90000.0
2016-11-22,201611224086036,WDBL,22,28,100,289.0,28900.0
2016-11-22,201611224083596,ADBL,38,32,130,555.0,72150.0
2016-11-22,201611224083392,ADBL,17,14,80,555.0,44400.0
2016-11-22,201611224083274,ADBL,11,13,32,555.0,17760.0
2016-11-22,201611224083256,ADBL,11,13,32,555.0,17760.0
2016-11-22,201611224083557,AHPC,32,16,416,278.0,115648.0
2016-11-22,201611224083563,API,49,49,16,529.0,8464.0
2016-11-22,201611224083536,API,45,16,16,530.0,8480.0
2016-11-22,201611224083245,API,56,16,16,530.0,8480.0
2016-11-22,201611224083240,API,39,16,16,530.0,8480.0
2016-11-22,201611224083523,BARUN,45,41,10,347.0,3470.0
2016-11-22,201611224083522,BARUN,45,49,10,347.0,3470.0
2016-11-22,201611224083521,BARUN,45,16,10,347.0,3470.0
2016-11-22,201611224083425,BHBL,1,16,100,520.0,52000.0
2016-11-22,201611224083586,BOKL,16,16,100,651.0,65100.0
2016-11-22,201611224083495,BOKL,32,19,100,648.0,64800.0
2016-11-22,201611224083494,BOKL,13,19,250,648.0,162000.0
2016-11-22,201611224083493,BOKL,36,19,100,650.0,65000.0
2016-11-22,201611224083462,BOKL,52,40,1000,648.0,648000.0
2016-11-22,201611224083443,BOKL,26,16,201,649.0,130449.0
2016-11-22,201611224083124,BOKL,49,1,200,650.0,130000.0
2016-11-22,201611224083123,BOKL,11,1,100,652.0,65200.0
2016-11-22,201611224083331,BOKL,39,44,13,652.0,8476.0
2016-11-22,201611224083319,BOKL,17,36,50,653.0,32650.0
2016-11-22,201611224083304,BOKL,59,40,108,652.0,70416.0
2016-11-22,201611224083224,BOKL,17,45,50,653.0,32650.0
2016-11-22,201611224083223,BOKL,8,39,500,653.0,326500.0
2016-11-22,201611224083125,BOKL,37,1,200,650.0,130000.0
2016-11-22,201611224083378,BOKL,14,44,500,650.0,325000.0
2016-11-22,201611224083377,BOKL,40,44,100,651.0,65100.0
2016-11-22,201611224083376,BOKL,33,44,50,652.0,32600.0
2016-11-22,201611224083374,BOKL,33,29,50,652.0,32600.0
2016-11-22,201611224083363,BOKL,21,42,100,652.0,65200.0
2016-11-22,201611224083333,BOKL,34,29,150,652.0,97800.0
2016-11-22,201611224083430,BOKL,33,26,137,650.0,89050.0
2016-11-22,201611224083421,BOKL,48,26,100,651.0,65100.0
2016-11-22,201611224083387,BOKL,33,26,50,650.0,32500.0
2016-11-22,201611224083383,BOKL,25,26,50,650.0,32500.0
2016-11-22,201611224083380,BOKL,25,44,50,650.0,32500.0
2016-11-22,201611224083379,BOKL,14,44,500,650.0,325000.0
2016-11-22,201611224083555,CBL,17,34,100,274.0,27400.0
2016-11-22,201611224083551,CBL,47,34,20,274.0,5480.0
2016-11-22,201611224083448,CBL,47,34,100,274.0,27400.0
2016-11-22,201611224083445,CBL,57,34,20,274.0,5480.0
2016-11-22,201611224083444,CBL,44,45,95,273.0,25935.0
2016-11-22,201611224083433,CBL,29,45,34,273.0,9282.0
2016-11-22,201611224083278,CBL,56,26,300,277.0,83100.0
2016-11-22,201611224083262,CBL,6,26,200,277.0,55400.0
2016-11-22,201611224083232,CBL,7,32,18,276.0,4968.0
2016-11-22,201611224083179,CBL,57,26,500,277.0,138500.0
2016-11-22,201611224083169,CBL,7,17,24,276.0,6624.0
2016-11-22,201611224083316,CBL,59,42,100,275.0,27500.0
2016-11-22,201611224083315,CBL,41,42,1000,275.0,275000.0
2016-11-22,201611224083314,CBL,8,42,100,275.0,27500.0
2016-11-22,201611224083313,CBL,29,42,200,275.0,55000.0
2016-11-22,201611224083312,CBL,29,42,640,275.0,176000.0
2016-11-22,201611224083311,CBL,7,42,100,276.0,27600.0
2016-11-22,201611224083367,CBL,48,42,20,275.0,5500.0
2016-11-22,201611224083354,CBL,1,34,940,274.0,257560.0
2016-11-22,201611224083353,CBL,10,34,300,274.0,82200.0
2016-11-22,201611224083352,CBL,43,34,200,274.0,54800.0
2016-11-22,201611224083351,CBL,19,34,150,274.0,41100.0
2016-11-22,201611224083329,CBL,57,42,100,275.0,27500.0
2016-11-22,201611224083431,CBL,29,45,148,273.0,40404.0
2016-11-22,201611224083393,CBL,14,34,500,274.0,137000.0
2016-11-22,201611224083384,CBL,32,34,100,274.0,27400.0
2016-11-22,201611224083381,CBL,14,34,200,274.0,54800.0
2016-11-22,201611224083371,CBL,33,34,150,274.0,41100.0
2016-11-22,201611224083370,CBL,1,34,60,274.0,16440.0
2016-11-22,201611224083544,CCBL,45,40,100,383.0,38300.0
2016-11-22,201611224083497,CCBL,48,26,200,382.0,76400.0
2016-11-22,201611224083366,CCBL,48,49,220,381.0,83820.0
2016-11-22,201611224083365,CCBL,17,49,120,382.0,45840.0
2016-11-22,201611224083341,CCBL,29,41,42,381.0,16002.0
2016-11-22,201611224083454,CHCL,53,29,12,1100.0,13200.0
2016-11-22,201611224083150,CIT,22,42,100,4175.0,417500.0
2016-11-22,201611224083149,CIT,34,42,50,4180.0,209000.0
2016-11-22,201611224083590,CZBIL,29,45,200,498.0,99600.0
2016-11-22,201611224083579,CZBIL,29,42,110,498.0,54780.0
2016-11-22,201611224083578,CZBIL,47,42,100,498.0,49800.0
2016-11-22,201611224083420,CZBIL,48,41,62,500.0,31000.0
2016-11-22,201611224083419,CZBIL,48,26,50,500.0,25000.0
2016-11-22,201611224083156,CZBIL,36,13,70,497.0,34790.0
2016-11-22,201611224083154,CZBIL,36,38,30,497.0,14910.0
2016-11-22,201611224083153,CZBIL,32,38,100,497.0,49700.0
2016-11-22,201611224083152,CZBIL,37,38,170,497.0,84490.0
2016-11-22,201611224083151,CZBIL,16,38,100,498.0,49800.0
2016-11-22,201611224083411,CZBIL,48,38,345,500.0,172500.0
2016-11-22,201611224083345,CZBIL,45,34,530,497.0,263410.0
2016-11-22,201611224083310,CZBIL,22,34,200,497.0,99400.0
2016-11-22,201611224083309,CZBIL,38,34,200,497.0,99400.0
2016-11-22,201611224083308,CZBIL,1,34,70,497.0,34790.0
2016-11-22,201611224083157,CZBIL,1,13,330,497.0,164010.0
2016-11-22,201611224083585,EBL,57,35,200,3492.0,698400.0
2016-11-22,201611224083543,EBL,54,48,60,3499.0,209940.0
2016-11-22,201611224083538,EBL,54,19,40,3499.0,139960.0
2016-11-22,201611224083526,EBL,54,44,24,3499.0,83976.0
2016-11-22,201611224083525,EBL,54,33,50,3495.0,174750.0
2016-11-22,201611224083175,EBL,41,38,50,3495.0,174750.0
2016-11-22,201611224083178,EBL,37,38,150,3495.0,524250.0
2016-11-22,201611224083177,EBL,17,38,50,3495.0,174750.0
2016-11-22,201611224083176,EBL,29,38,30,3495.0,104850.0
2016-11-22,201611224083237,EBL,41,42,100,3490.0,349000.0
2016-11-22,201611224083236,EBL,37,42,200,3490.0,698000.0
2016-11-22,201611224083235,EBL,6,42,300,3491.0,1047300.0
2016-11-22,201611224083234,EBL,38,42,100,3492.0,349200.0
2016-11-22,201611224083233,EBL,28,42,100,3495.0,349500.0
2016-11-22,201611224083287,EBL,6,26,25,3485.0,87125.0
2016-11-22,201611224083275,EBL,47,42,10,3490.0,34900.0
2016-11-22,201611224083239,EBL,25,42,100,3490.0,349000.0
2016-11-22,201611224083238,EBL,43,42,70,3490.0,244300.0
2016-11-22,201611224083460,EBL,50,43,82,3491.0,286262.0
2016-11-22,201611224083396,EBL,45,38,120,3494.0,419280.0
2016-11-22,201611224083389,EBL,13,38,150,3494.0,524100.0
2016-11-22,201611224083369,EBL,8,38,30,3494.0,104820.0
2016-11-22,201611224083360,EBL,26,33,50,3495.0,174750.0
2016-11-22,201611224083326,EBL,21,42,20,3490.0,69800.0
2016-11-22,201611224083470,EBL,28,42,100,3487.0,348700.0
2016-11-22,201611224083469,EBL,10,42,150,3490.0,523500.0
2016-11-22,201611224083468,EBL,48,42,50,3490.0,174500.0
2016-11-22,201611224083467,EBL,34,42,50,3490.0,174500.0
2016-11-22,201611224083466,EBL,32,42,60,3490.0,209400.0
2016-11-22,201611224083465,EBL,26,42,20,3490.0,69800.0
2016-11-22,201611224083482,EBL,18,42,100,3485.0,348500.0
2016-11-22,201611224083475,EBL,6,42,20,3485.0,69700.0
2016-11-22,201611224083474,EBL,43,42,100,3485.0,348500.0
2016-11-22,201611224083473,EBL,54,42,50,3485.0,174250.0
2016-11-22,201611224083472,EBL,22,42,200,3486.0,697200.0
2016-11-22,201611224083471,EBL,21,42,90,3486.0,313740.0
2016-11-22,201611224083502,EBL,11,42,10,3485.0,34850.0
2016-11-22,201611224083144,EDBL,44,16,307,595.0,182665.0
2016-11-22,201611224083133,EDBL,44,26,430,595.0,255850.0
2016-11-22,201611224083600,GBBL,1,32,599,398.0,238402.0
2016-11-22,201611224083429,GBBL,39,21,100,398.0,39800.0
2016-11-22,201611224083375,GBBL,33,41,100,395.0,39500.0
2016-11-22,201611224083297,GBBL,28,16,16,393.0,6288.0
2016-11-22,201611224083286,GBBL,35,50,200,399.0,79800.0
2016-11-22,201611224083268,GBBL,33,43,130,399.0,51870.0
2016-11-22,201611224083139,GBBL,21,47,101,397.0,40097.0
2016-11-22,201611224083249,GBBL,33,11,70,399.0,27930.0
2016-11-22,201611224083248,GBBL,14,11,30,399.0,11970.0
2016-11-22,201611224083228,GBBL,33,43,17,399.0,6783.0
2016-11-22,201611224083222,GBBL,33,43,50,399.0,19950.0
2016-11-22,201611224083221,GBBL,7,43,50,399.0,19950.0
2016-11-22,201611224083220,GBBL,45,43,100,399.0,39900.0
2016-11-22,201611224083382,GBIME,59,49,61,448.0,27328.0
2016-11-22,201611224083291,GBIME,50,49,54,450.0,24300.0
2016-11-22,201611224083588,GLICL,7,42,40,784.0,31360.0
2016-11-22,201611224083519,GLICL,36,42,610,784.0,478240.0
2016-11-22,201611224083518,GLICL,39,42,20,785.0,15700.0
2016-11-22,201611224083292,GLICL,36,42,670,800.0,536000.0
2016-11-22,201611224083277,GLICL,58,42,200,800.0,160000.0
2016-11-22,201611224083192,GLICL,25,42,50,800.0,40000.0
2016-11-22,201611224083191,GLICL,40,42,60,805.0,48300.0
2016-11-22,201611224083190,GLICL,34,42,20,806.0,16120.0
2016-11-22,201611224083137,GLICL,22,48,50,807.0,40350.0
2016-11-22,201611224083136,GLICL,21,48,200,807.0,161400.0
2016-11-22,201611224083135,GLICL,38,48,100,808.0,80800.0
2016-11-22,201611224083545,HBL,7,8,60,1219.0,73140.0
2016-11-22,201611224083372,HBL,21,26,200,1205.0,241000.0
2016-11-22,201611224083364,HBL,32,26,150,1209.0,181350.0
2016-11-22,201611224083359,HBL,57,8,150,1219.0,182850.0
2016-11-22,201611224083317,HBL,10,8,300,1219.0,365700.0
2016-11-22,201611224083171,HBL,28,8,60,1219.0,73140.0
2016-11-22,201611224083610,HIDCL,45,22,56,275.0,15400.0
2016-11-22,201611224083581,HIDCL,49,49,29,274.0,7946.0
2016-11-22,201611224083575,HIDCL,45,41,145,275.0,39875.0
2016-11-22,201611224083461,HIDCL,17,45,56,274.0,15344.0
2016-11-22,201611224083385,HIDCL,45,41,56,275.0,15400.0
2016-11-22,201611224083594,ICFC,17,25,90,265.0,23850.0
2016-11-22,201611224083593,ICFC,51,25,200,265.0,53000.0
2016-11-22,201611224083592,ICFC,40,25,300,266.0,79800.0
2016-11-22,201611224083591,ICFC,42,25,100,270.0,27000.0
2016-11-22,201611224083574,ICFC,5,42,366,270.0,98820.0
2016-11-22,201611224083556,ICFC,42,25,10,275.0,2750.0
2016-11-22,201611224083147,ICFC,40,25,200,280.0,56000.0
2016-11-22,201611224083146,ILFCM,34,34,500,700.0,350000.0
2016-11-22,201611224083506,JBBL,57,8,50,339.0,16950.0
2016-11-22,201611224083323,JFL,57,57,957,313.0,299541.0
2016-11-22,201611224083584,JSLBB,29,38,10,2245.0,22450.0
2016-11-22,201611224083583,JSLBB,29,38,10,2245.0,22450.0
2016-11-22,201611224083580,JSLBB,17,29,10,2244.0,22440.0
2016-11-22,201611224083492,KBBL,11,34,200,535.0,107000.0
2016-11-22,201611224083491,KBBL,1,34,100,540.0,54000.0
2016-11-22,201611224083453,KBBL,57,41,129,535.0,69015.0
2016-11-22,201611224083390,KBBL,57,41,110,535.0,58850.0
2016-11-22,201611224083517,KBL,29,44,30,564.0,16920.0
2016-11-22,201611224083418,KBL,13,49,152,560.0,85120.0
2016-11-22,201611224083344,KBL,7,44,100,560.0,56000.0
2016-11-22,201611224083343,KBL,49,44,100,560.0,56000.0
2016-11-22,201611224083342,KBL,17,44,250,562.0,140500.0
2016-11-22,201611224083336,KBL,57,57,250,562.0,140500.0
2016-11-22,201611224083320,KBL,57,38,229,562.0,128698.0
2016-11-22,201611224083130,KBL,37,57,70,558.0,39060.0
2016-11-22,201611224083183,KMFL,10,13,10,3725.0,37250.0
2016-11-22,201611224083182,KMFL,10,13,10,3725.0,37250.0
2016-11-22,201611224083181,KMFL,10,16,10,3700.0,37000.0
2016-11-22,201611224083322,KNBL,42,7,100,640.0,64000.0
2016-11-22,201611224083321,KNBL,48,7,10,640.0,6400.0
2016-11-22,201611224083305,KNBL,41,16,10,647.0,6470.0
2016-11-22,201611224083265,KNBL,17,17,150,650.0,97500.0
2016-11-22,201611224083184,KNBL,41,16,10,647.0,6470.0
2016-11-22,201611224083131,KNBL,7,22,50,647.0,32350.0
2016-11-22,201611224083122,KNBL,6,22,50,648.0,32400.0
2016-11-22,201611224083121,KNBL,19,22,20,648.0,12960.0
2016-11-22,201611224083205,LBL,11,14,60,775.0,46500.0
2016-11-22,201611224083409,LGIL,19,35,20,1620.0,32400.0
2016-11-22,201611224083408,LGIL,43,35,30,1620.0,48600.0
2016-11-22,201611224083404,LGIL,40,35,100,1621.0,162100.0
2016-11-22,201611224083403,LGIL,28,35,80,1622.0,129760.0
2016-11-22,201611224083402,LGIL,6,35,50,1623.0,81150.0
2016-11-22,201611224083401,LGIL,47,35,100,1624.0,162400.0
2016-11-22,201611224083400,LGIL,26,35,200,1625.0,325000.0
2016-11-22,201611224083185,LGIL,48,35,51,1630.0,83130.0
2016-11-22,201611224083145,LICN,42,34,10,2980.0,29800.0
2016-11-22,201611224083172,LLBS,41,41,20,1280.0,25600.0
2016-11-22,201611224083398,MBL,57,57,403,499.0,201097.0
2016-11-22,201611224083264,MBL,57,28,81,500.0,40500.0
2016-11-22,201611224083520,MDB,49,38,50,530.0,26500.0
2016-11-22,201611224083573,MEGA,59,38,150,456.0,68400.0
2016-11-22,201611224083560,MEGA,43,43,890,451.0,401390.0
2016-11-22,201611224083559,MEGA,53,43,110,452.0,49720.0
2016-11-22,201611224083558,MEGA,53,43,500,452.0,226000.0
2016-11-22,201611224083554,MEGA,6,40,500,453.0,226500.0
2016-11-22,201611224083553,MEGA,17,40,120,454.0,54480.0
2016-11-22,201611224083552,MEGA,45,40,100,455.0,45500.0
2016-11-22,201611224083357,MEGA,45,40,200,455.0,91000.0
2016-11-22,201611224083356,MEGA,48,40,260,455.0,118300.0
2016-11-22,201611224083257,MEGA,55,17,20,459.0,9180.0
2016-11-22,201611224083134,MFIL,42,56,100,400.0,40000.0
2016-11-22,201611224083164,MIDBL,38,26,10,547.0,5470.0
2016-11-22,201611224083514,MNBBL,48,21,80,900.0,72000.0
2016-11-22,201611224083505,MNBBL,48,21,34,900.0,30600.0
2016-11-22,201611224083498,MNBBL,6,21,50,900.0,45000.0
2016-11-22,201611224083447,MNBBL,10,26,50,900.0,45000.0
2016-11-22,201611224083251,MNBBL,25,37,20,900.0,18000.0
2016-11-22,201611224083348,MNBBL,21,51,50,904.0,45200.0
2016-11-22,201611224083318,MNBBL,10,29,100,900.0,90000.0
2016-11-22,201611224083254,MNBBL,10,37,100,900.0,90000.0
2016-11-22,201611224083252,MNBBL,10,37,250,900.0,225000.0
2016-11-22,201611224083602,MSMBS,39,50,20,786.0,15720.0
2016-11-22,201611224083503,NABIL,59,19,104,1645.0,171080.0
2016-11-22,201611224083501,NABIL,18,6,100,1648.0,164800.0
2016-11-22,201611224083464,NABIL,26,1,57,1650.0,94050.0
2016-11-22,201611224083335,NABIL,22,22,40,1654.0,66160.0
2016-11-22,201611224083213,NABIL,22,41,40,1640.0,65600.0
2016-11-22,201611224083202,NABIL,22,8,160,1640.0,262400.0
2016-11-22,201611224083201,NABIL,45,8,90,1640.0,147600.0
2016-11-22,201611224083200,NABIL,41,8,40,1641.0,65640.0
2016-11-22,201611224083587,NBB,38,35,200,760.0,152000.0
2016-11-22,201611224083572,NBB,11,38,200,762.0,152400.0
2016-11-22,201611224083539,NBB,17,38,100,762.0,76200.0
2016-11-22,201611224083490,NBB,20,38,500,760.0,380000.0
2016-11-22,201611224083489,NBB,20,45,200,760.0,152000.0
2016-11-22,201611224083325,NBB,41,25,50,759.0,37950.0
2016-11-22,201611224083195,NBB,17,26,50,758.0,37900.0
2016-11-22,201611224083174,NBB,11,21,100,760.0,76000.0
2016-11-22,201611224083601,NBF1,6,51,4000,20.6,82400.0
2016-11-22,201611224083434,NBL,43,42,200,446.0,89200.0
2016-11-22,201611224083417,NBL,43,43,400,450.0,180000.0
2016-11-22,201611224083358,NBL,25,37,300,450.0,135000.0
2016-11-22,201611224083595,NGPL,49,49,10,304.0,3040.0
2016-11-22,201611224083606,NIB,16,25,100,750.0,75000.0
2016-11-22,201611224083533,NIB,42,34,270,750.0,202500.0
2016-11-22,201611224083532,NIB,32,34,70,750.0,52500.0
2016-11-22,201611224083531,NIB,37,34,200,750.0,150000.0
2016-11-22,201611224083530,NIB,19,34,50,750.0,37500.0
2016-11-22,201611224083529,NIB,45,34,100,750.0,75000.0
2016-11-22,201611224083199,NIB,38,33,100,763.0,76300.0
2016-11-22,201611224083513,NIB,58,22,26,752.0,19552.0
2016-11-22,201611224083500,NIB,49,22,126,751.0,94626.0
2016-11-22,201611224083476,NIB,58,22,73,752.0,54896.0
2016-11-22,201611224083340,NIB,58,57,150,752.0,112800.0
2016-11-22,201611224083339,NIB,51,57,50,752.0,37600.0
2016-11-22,201611224083230,NIB,38,16,26,755.0,19630.0
2016-11-22,201611224083463,NIBPO,49,41,133,670.0,89110.0
2016-11-22,201611224083582,NICA,29,43,75,550.0,41250.0
2016-11-22,201611224083564,NICA,29,38,52,550.0,28600.0
2016-11-22,201611224083546,NICA,26,16,131,548.0,71788.0
2016-11-22,201611224083347,NICA,1,41,142,546.0,77532.0
2016-11-22,201611224083261,NICA,48,17,900,550.0,495000.0
2016-11-22,201611224083260,NICA,48,17,500,550.0,275000.0
2016-11-22,201611224083140,NICA,11,17,100,546.0,54600.0
2016-11-22,201611224083259,NICA,48,52,100,550.0,55000.0
2016-11-22,201611224083258,NICA,48,53,250,549.0,137250.0
2016-11-22,201611224083163,NICA,40,20,100,549.0,54900.0
2016-11-22,201611224083162,NICA,40,16,50,548.0,27400.0
2016-11-22,201611224083142,NICA,42,17,300,545.0,163500.0
2016-11-22,201611224083141,NICA,37,17,100,545.0,54500.0
2016-11-22,201611224083337,NIL,57,35,200,1970.0,394000.0
2016-11-22,201611224083397,NLG,42,36,50,1890.0,94500.0
2016-11-22,201611224083167,NLG,43,36,50,1890.0,94500.0
2016-11-22,201611224083355,NLIC,6,26,100,3380.0,338000.0
2016-11-22,201611224083496,NLICL,19,42,10,3350.0,33500.0
2016-11-22,201611224083452,NLICL,53,42,50,3350.0,167500.0
2016-11-22,201611224083451,NLICL,16,42,920,3350.0,3082000.0
2016-11-22,201611224083450,NLICL,29,42,20,3360.0,67200.0
2016-11-22,201611224083442,NLICL,16,42,280,3350.0,938000.0
2016-11-22,201611224083441,NLICL,53,42,100,3350.0,335000.0
2016-11-22,201611224083216,NLICL,52,42,200,3385.0,677000.0
2016-11-22,201611224083215,NLICL,52,42,120,3385.0,406200.0
2016-11-22,201611224083214,NLICL,13,42,20,3386.0,67720.0
2016-11-22,201611224083170,NLICL,13,42,30,3390.0,101700.0
2016-11-22,201611224083155,NLICL,59,42,100,3390.0,339000.0
2016-11-22,201611224083138,NLICL,38,42,250,3390.0,847500.0
2016-11-22,201611224083391,NLICL,53,41,65,3370.0,219050.0
2016-11-22,201611224083285,NLICL,16,42,120,3380.0,405600.0
2016-11-22,201611224083226,NLICL,33,42,100,3380.0,338000.0
2016-11-22,201611224083219,NLICL,8,42,300,3380.0,1014000.0
2016-11-22,201611224083218,NLICL,47,42,50,3380.0,169000.0
2016-11-22,201611224083217,NLICL,19,42,90,3385.0,304650.0
2016-11-22,201611224083440,NLICL,19,42,20,3350.0,67000.0
2016-11-22,201611224083439,NLICL,54,42,200,3355.0,671000.0
2016-11-22,201611224083438,NLICL,51,42,300,3360.0,1008000.0
2016-11-22,201611224083437,NLICL,19,42,50,3375.0,168750.0
2016-11-22,201611224083436,NLICL,32,42,20,3375.0,67500.0
2016-11-22,201611224083435,NLICL,46,42,30,3376.0,101280.0
2016-11-22,201611224083620,NMB,56,49,100,651.0,65100.0
2016-11-22,201611224083619,NMB,6,49,100,652.0,65200.0
2016-11-22,201611224083618,NMB,17,49,100,653.0,65300.0
2016-11-22,201611224083617,NMB,13,49,200,655.0,131000.0
2016-11-22,201611224083616,NMB,18,49,100,655.0,65500.0
2016-11-22,201611224083615,NMB,38,49,500,655.0,327500.0
2016-11-22,201611224083603,NMB,11,58,10,660.0,6600.0
2016-11-22,201611224083282,NMB,14,21,100,664.0,66400.0
2016-11-22,201611224083614,NMB,43,49,200,656.0,131200.0
2016-11-22,201611224083613,NMB,37,49,100,656.0,65600.0
2016-11-22,201611224083612,NMB,6,49,500,657.0,328500.0
2016-11-22,201611224083611,NMB,56,49,100,658.0,65800.0
2016-11-22,201611224083609,NMB,35,58,200,659.0,131800.0
2016-11-22,201611224083604,NMB,47,58,100,660.0,66000.0
2016-11-22,201611224083283,NMBSF1,48,8,20500,12.59,258095.0
2016-11-22,201611224083225,NNLB,40,40,10,1310.0,13100.0
2016-11-22,201611224083395,NTC,19,42,500,684.0,342000.0
2016-11-22,201611224083507,PCBL,47,43,252,548.0,138096.0
2016-11-22,201611224083459,PCBL,47,46,700,548.0,383600.0
2016-11-22,201611224083458,PCBL,13,46,100,549.0,54900.0
2016-11-22,201611224083405,PCBL,41,40,50,550.0,27500.0
2016-11-22,201611224083273,PCBL,10,34,300,550.0,165000.0
2016-11-22,201611224083272,PCBL,41,34,50,550.0,27500.0
2016-11-22,201611224083271,PCBL,11,34,300,551.0,165300.0
2016-11-22,201611224083197,PCBL,11,44,18,554.0,9972.0
2016-11-22,201611224083194,PCBL,11,44,190,554.0,105260.0
2016-11-22,201611224083193,PCBL,17,44,10,554.0,5540.0
2016-11-22,201611224083189,PCBL,11,25,20,553.0,11060.0
2016-11-22,201611224083571,PIC,44,40,100,1842.0,184200.0
2016-11-22,201611224083535,PIC,1,50,50,1850.0,92500.0
2016-11-22,201611224083410,PIC,42,49,203,1879.0,381437.0
2016-11-22,201611224083328,PIC,28,34,100,1880.0,188000.0
2016-11-22,201611224083327,PIC,28,49,300,1875.0,562500.0
2016-11-22,201611224083289,PIC,41,34,70,1880.0,131600.0
2016-11-22,201611224083288,PIC,41,32,30,1879.0,56370.0
2016-11-22,201611224083180,PIC,28,39,100,1878.0,187800.0
2016-11-22,201611224083576,PICL,14,36,50,1373.0,68650.0
2016-11-22,201611224083550,PICL,32,35,10,1382.0,13820.0
2016-11-22,201611224083549,PICL,28,35,500,1382.0,691000.0
2016-11-22,201611224083548,PICL,32,35,100,1385.0,138500.0
2016-11-22,201611224083547,PICL,19,35,500,1386.0,693000.0
2016-11-22,201611224083457,PICL,5,34,50,1390.0,69500.0
2016-11-22,201611224083456,PICL,13,34,100,1391.0,139100.0
2016-11-22,201611224083455,PICL,13,34,100,1393.0,139300.0
2016-11-22,201611224083186,PICL,49,34,100,1400.0,140000.0
2016-11-22,201611224083394,PLIC,28,41,44,2000.0,88000.0
2016-11-22,201611224083516,PRIN,32,50,190,1303.0,247570.0
2016-11-22,201611224083515,PRIN,19,50,10,1304.0,13040.0
2016-11-22,201611224083504,PRIN,53,38,40,1305.0,52200.0
2016-11-22,201611224083416,PRIN,49,38,500,1305.0,652500.0
2016-11-22,201611224083415,PRIN,48,38,150,1305.0,195750.0
2016-11-22,201611224083414,PRIN,37,38,200,1306.0,261200.0
2016-11-22,201611224083413,PRIN,13,38,100,1307.0,130700.0
2016-11-22,201611224083412,PRIN,47,38,10,1310.0,13100.0
2016-11-22,201611224083231,PRIN,22,17,200,1320.0,264000.0
2016-11-22,201611224083227,PRIN,22,26,57,1315.0,74955.0
2016-11-22,201611224083338,PURBL,26,21,20,469.0,9380.0
2016-11-22,201611224083426,RBBBL,29,16,13,460.0,5980.0
2016-11-22,201611224083424,RBBBL,29,16,13,460.0,5980.0
2016-11-22,201611224083423,RBBBL,29,16,13,460.0,5980.0
2016-11-22,201611224083422,RBBBL,29,16,13,460.0,5980.0
2016-11-22,201611224083210,RMDC,29,26,50,677.0,33850.0
2016-11-22,201611224083203,RMDC,1,34,100,680.0,68000.0
2016-11-22,201611224083528,SANIMA,48,35,500,565.0,282500.0
2016-11-22,201611224083527,SANIMA,48,34,250,565.0,141250.0
2016-11-22,201611224083524,SANIMA,48,38,464,564.0,261696.0
2016-11-22,201611224083386,SANIMA,26,54,200,563.0,112600.0
2016-11-22,201611224083307,SANIMA,41,34,50,565.0,28250.0
2016-11-22,201611224083255,SANIMA,57,34,100,565.0,56500.0
2016-11-22,201611224083253,SANIMA,22,34,100,565.0,56500.0
2016-11-22,201611224083187,SANIMA,22,34,100,565.0,56500.0
2016-11-22,201611224083303,SBI,28,42,750,1490.0,1117500.0
2016-11-22,201611224083302,SBI,59,42,100,1490.0,149000.0
2016-11-22,201611224083301,SBI,10,42,50,1491.0,74550.0
2016-11-22,201611224083300,SBI,19,42,300,1492.0,447600.0
2016-11-22,201611224083299,SBI,52,42,100,1500.0,150000.0
2016-11-22,201611224083298,SBI,6,42,200,1502.0,300400.0
2016-11-22,201611224083290,SBI,8,36,77,1503.0,115731.0
2016-11-22,201611224083608,SBL,5,34,100,1014.0,101400.0
2016-11-22,201611224083607,SBL,5,32,150,1014.0,152100.0
2016-11-22,201611224083542,SBL,34,32,200,1011.0,202200.0
2016-11-22,201611224083541,SBL,6,32,100,1012.0,101200.0
2016-11-22,201611224083540,SBL,26,32,50,1012.0,50600.0
2016-11-22,201611224083480,SBL,59,50,500,1015.0,507500.0
2016-11-22,201611224083293,SBL,26,50,100,1013.0,101300.0
2016-11-22,201611224083229,SBL,37,50,10,1015.0,10150.0
2016-11-22,201611224083211,SBL,34,38,200,1016.0,203200.0
2016-11-22,201611224083479,SBL,57,50,100,1015.0,101500.0
2016-11-22,201611224083428,SBL,57,50,82,1020.0,83640.0
2016-11-22,201611224083388,SBL,16,45,100,1020.0,102000.0
2016-11-22,201611224083361,SBL,16,25,100,1020.0,102000.0
2016-11-22,201611224083346,SBL,57,50,400,1015.0,406000.0
2016-11-22,201611224083294,SBL,26,50,100,1013.0,101300.0
2016-11-22,201611224083373,SCB,47,28,160,2925.0,468000.0
2016-11-22,201611224083241,SCB,57,26,100,2930.0,293000.0
2016-11-22,201611224083196,SCB,7,40,200,2920.0,584000.0
2016-11-22,201611224083161,SCB,11,58,50,2900.0,145000.0
2016-11-22,201611224083160,SCB,22,58,50,2900.0,145000.0
2016-11-22,201611224083159,SCB,22,58,50,2900.0,145000.0
2016-11-22,201611224083158,SCB,41,58,10,2925.0,29250.0
2016-11-22,201611224083599,SDBL,5,17,190,470.0,89300.0
2016-11-22,201611224083598,SDBL,5,7,1100,470.0,517000.0
2016-11-22,201611224083589,SDBL,5,41,225,470.0,105750.0
2016-11-22,201611224083562,SDBL,59,17,100,470.0,47000.0
2016-11-22,201611224083561,SDBL,41,17,200,470.0,94000.0
2016-11-22,201611224083537,SDBL,5,26,128,469.0,60032.0
2016-11-22,201611224083173,SDBL,20,17,100,470.0,47000.0
2016-11-22,201611224083165,SDBL,42,17,100,470.0,47000.0
2016-11-22,201611224083143,SDBL,8,7,400,469.0,187600.0
2016-11-22,201611224083132,SDBL,57,17,250,470.0,117500.0
2016-11-22,201611224083270,SDBL,22,17,50,470.0,23500.0
2016-11-22,201611224083269,SDBL,22,6,50,470.0,23500.0
2016-11-22,201611224083243,SDBL,57,6,150,470.0,70500.0
2016-11-22,201611224083242,SDBL,57,17,50,470.0,23500.0
2016-11-22,201611224083406,SDBL,6,17,50,470.0,23500.0
2016-11-22,201611224083362,SDBL,5,17,50,470.0,23500.0
2016-11-22,201611224083350,SDBL,14,17,100,470.0,47000.0
2016-11-22,201611224083349,SDBL,42,17,60,470.0,28200.0
2016-11-22,201611224083334,SDBL,42,17,100,470.0,47000.0
2016-11-22,201611224083330,SDBL,49,49,1200,469.0,562800.0
2016-11-22,201611224083512,SDBL,1,53,100,469.0,46900.0
2016-11-22,201611224083511,SDBL,1,53,100,469.0,46900.0
2016-11-22,201611224083510,SDBL,1,53,100,469.0,46900.0
2016-11-22,201611224083509,SDBL,33,53,100,469.0,46900.0
2016-11-22,201611224083481,SDBL,47,17,100,470.0,47000.0
2016-11-22,201611224083407,SDBL,8,40,100,469.0,46900.0
2016-11-22,201611224083188,SEWA,11,16,16,314.0,5024.0
2016-11-22,201611224083534,SHINE,41,22,74,510.0,37740.0
2016-11-22,201611224083208,SHINE,51,42,200,517.0,103400.0
2016-11-22,201611224083207,SHINE,11,42,200,518.0,103600.0
2016-11-22,201611224083206,SHINE,21,42,500,518.0,259000.0
2016-11-22,201611224083209,SHINE,51,42,30,517.0,15510.0
2016-11-22,201611224083306,SHINE,14,16,13,517.0,6721.0
2016-11-22,201611224083247,SHINE,29,42,70,517.0,36190.0
2016-11-22,201611224083487,SHINE,41,42,230,510.0,117300.0
2016-11-22,201611224083486,SHINE,29,42,100,511.0,51100.0
2016-11-22,201611224083485,SHINE,19,42,400,511.0,204400.0
2016-11-22,201611224083484,SHINE,43,42,70,511.0,35770.0
2016-11-22,201611224083483,SHINE,22,42,200,512.0,102400.0
2016-11-22,201611224083577,SHPC,39,57,49,845.0,41405.0
2016-11-22,201611224083570,SHPC,39,57,100,845.0,84500.0
2016-11-22,201611224083569,SHPC,53,57,400,846.0,338400.0
2016-11-22,201611224083568,SHPC,13,57,300,848.0,254400.0
2016-11-22,201611224083332,SHPC,13,26,138,855.0,117990.0
2016-11-22,201611224083324,SHPC,13,49,200,850.0,170000.0
2016-11-22,201611224083296,SHPC,13,49,150,850.0,127500.0
2016-11-22,201611224083295,SHPC,26,49,150,851.0,127650.0
2016-11-22,201611224083198,SHPC,35,49,40,855.0,34200.0
2016-11-22,201611224083168,SHPC,35,49,100,850.0,85000.0
2016-11-22,201611224083166,SHPC,19,49,100,850.0,85000.0
2016-11-22,201611224083478,SIC,53,6,90,2056.0,185040.0
2016-11-22,201611224083266,SIC,53,6,100,2097.0,209700.0
2016-11-22,201611224083605,SICL,56,50,124,3790.0,469960.0
2016-11-22,201611224083567,SICL,38,53,128,3794.0,485632.0
2016-11-22,201611224083566,SICL,38,35,70,3790.0,265300.0
2016-11-22,201611224083565,SICL,59,59,27,3772.0,101844.0
2016-11-22,201611224083508,SIL,48,34,11,2300.0,25300.0
2016-11-22,201611224083499,SIL,22,34,11,2300.0,25300.0
2016-11-22,201611224083488,SIL,48,16,100,2300.0,230000.0
2016-11-22,201611224083368,SIL,48,28,83,2300.0,190900.0
2016-11-22,201611224083148,SKBBL,6,50,30,1518.0,45540.0
2016-11-22,201611224083250,SKBBL,58,55,33,1510.0,49830.0
2016-11-22,201611224083246,SKBBL,58,55,150,1510.0,226500.0
2016-11-22,201611224083427,SRBL,34,6,200,498.0,99600.0
2016-11-22,201611224083281,SRBL,16,42,50,491.0,24550.0
2016-11-22,201611224083280,SRBL,56,42,300,492.0,147600.0
2016-11-22,201611224083279,SRBL,21,42,50,496.0,24800.0
2016-11-22,201611224083204,SRBL,5,44,100,500.0,50000.0
2016-11-22,201611224083597,SYFL,32,26,100,169.0,16900.0
2016-11-22,201611224083449,SYFL,26,26,100,169.0,16900.0
2016-11-22,201611224083446,SYFL,26,26,95,168.0,15960.0
2016-11-22,201611224083432,SYFL,14,49,120,165.0,19800.0
2016-11-22,201611224083399,TRH,20,26,200,240.0,48000.0
2016-11-22,201611224083263,TRH,20,40,140,240.0,33600.0
2016-11-22,201611224083477,VSDBL,32,48,1000,197.0,197000.0
2016-11-22,201611224083284,VSDBL,29,17,500,199.0,99500.0
2016-11-22,201611224083267,VSDBL,43,18,200,196.0,39200.0
2016-11-22,201611224083276,WDBL,29,16,150,279.0,41850.0
2016-11-22,201611224083129,WDBL,1,16,100,284.0,28400.0
2016-11-22,201611224083128,WDBL,47,16,200,284.0,56800.0
2016-11-22,201611224083127,WDBL,48,16,200,286.0,57200.0
2016-11-22,201611224083126,WDBL,6,16,200,287.0,57400.0
