date,transaction_no,symbol,buyer,seller,quantity,rate,amount
2020-02-19,2020021901014951,ADBL,57,58,150,397.0,59550.0
2020-02-19,2020021901014950,ADBL,57,18,236,397.0,93692.0
2020-02-19,2020021901014949,ADBL,57,49,300,396.0,118800.0
2020-02-19,2020021901014948,ADBL,57,35,401,395.0,158395.0
2020-02-19,2020021901014906,ADBL,42,34,300,394.0,118200.0
2020-02-19,2020021901014905,ADBL,22,34,200,395.0,79000.0
2020-02-19,2020021901014732,ALBSL,34,36,11,858.0,9438.0
2020-02-19,2020021901014731,ALBSL,34,5,265,858.0,227370.0
2020-02-19,2020021901014730,ALBSL,34,1,69,858.0,59202.0
2020-02-19,2020021901014729,ALBSL,34,45,24,858.0,20592.0
2020-02-19,2020021901014728,ALBSL,34,45,11,858.0,9438.0
2020-02-19,2020021901014727,ALBSL,34,45,11,858.0,9438.0
2020-02-19,2020021901014726,ALBSL,34,45,241,858.0,206778.0
2020-02-19,2020021901014725,ALBSL,34,54,19,858.0,16302.0
2020-02-19,2020021901014724,ALBSL,34,51,41,858.0,35178.0
2020-02-19,2020021901014887,ALICL,59,35,100,633.0,63300.0
2020-02-19,2020021901014782,ALICL,14,44,1000,632.0,632000.0
2020-02-19,2020021901014781,ALICL,14,44,100,632.0,63200.0
2020-02-19,2020021901014836,API,25,8,33,138.0,4554.0
2020-02-19,2020021901014835,API,25,44,67,137.0,9179.0
2020-02-19,2020021901014629,API,5,50,60,136.0,8160.0
2020-02-19,2020021901014885,BBC,43,3,50,1848.0,92400.0
2020-02-19,2020021901014884,BBC,43,3,10,1848.0,18480.0
2020-02-19,2020021901014595,BBC,3,3,10,1848.0,18480.0
2020-02-19,2020021901015004,BOKL,28,17,200,236.0,47200.0
2020-02-19,2020021901014646,BOKL,34,18,500,237.0,118500.0
2020-02-19,2020021901014645,BOKL,42,18,100,237.0,23700.0
2020-02-19,2020021901014644,BOKL,10,18,200,237.0,47400.0
2020-02-19,2020021901014643,BOKL,45,18,100,237.0,23700.0
2020-02-19,2020021901014642,BOKL,19,18,80,237.0,18960.0
2020-02-19,2020021901014641,BOKL,33,18,1000,237.0,237000.0
2020-02-19,2020021901014640,BOKL,19,18,52,237.0,12324.0
2020-02-19,2020021901014796,BPCL,42,39,16,361.0,5776.0
2020-02-19,2020021901014687,BPCL,59,39,11,360.0,3960.0
2020-02-19,2020021901015029,CBBL,36,55,50,1180.0,59000.0
2020-02-19,2020021901015016,CBL,39,25,2500,153.0,382500.0
2020-02-19,2020021901014571,CBL,39,33,27,153.0,4131.0
2020-02-19,2020021901014570,CBL,39,33,473,153.0,72369.0
2020-02-19,2020021901014880,CCBL,13,19,450,184.0,82800.0
2020-02-19,2020021901014879,CCBL,55,19,550,184.0,101200.0
2020-02-19,2020021901014876,CCBL,45,33,300,185.0,55500.0
2020-02-19,2020021901014974,CIT,28,51,20,2820.0,56400.0
2020-02-19,2020021901014973,CIT,28,26,31,2819.0,87389.0
2020-02-19,2020021901014972,CIT,28,42,50,2818.0,140900.0
2020-02-19,2020021901014971,CIT,28,18,375,2815.0,1055625.0
2020-02-19,2020021901014970,CIT,58,39,100,2805.0,280500.0
2020-02-19,2020021901014718,CIT,33,18,25,2815.0,70375.0
2020-02-19,2020021901014660,CIT,58,19,75,2805.0,210375.0
2020-02-19,2020021901014658,CIT,57,19,100,2805.0,280500.0
2020-02-19,2020021901015005,CZBIL,25,35,20,199.0,3980.0
2020-02-19,2020021901014930,CZBIL,46,45,234,197.0,46098.0
2020-02-19,2020021901014929,CZBIL,52,45,216,197.0,42552.0
2020-02-19,2020021901014612,CZBIL,52,11,232,197.0,45704.0
2020-02-19,2020021901014611,CZBIL,56,11,50,198.0,9900.0
2020-02-19,2020021901014610,CZBIL,17,11,218,198.0,43164.0
2020-02-19,2020021901015003,DDBL,33,34,100,925.0,92500.0
2020-02-19,2020021901014957,DDBL,6,10,100,930.0,93000.0
2020-02-19,2020021901014903,DDBL,41,10,80,930.0,74400.0
2020-02-19,2020021901014902,DDBL,41,25,420,930.0,390600.0
2020-02-19,2020021901014901,DDBL,41,33,500,929.0,464500.0
2020-02-19,2020021901014810,DDBL,21,33,500,929.0,464500.0
2020-02-19,2020021901014748,DDBL,25,47,100,929.0,92900.0
2020-02-19,2020021901014714,DDBL,21,57,35,928.0,32480.0
2020-02-19,2020021901014773,DHPL,22,35,11,54.0,594.0
2020-02-19,2020021901014765,EBL,42,43,100,665.0,66500.0
2020-02-19,2020021901015006,EIC,3,50,50,447.0,22350.0
2020-02-19,2020021901014854,FMDBL,26,34,300,511.0,153300.0
2020-02-19,2020021901014825,FMDBL,58,34,42,511.0,21462.0
2020-02-19,2020021901014824,FMDBL,58,43,58,509.0,29522.0
2020-02-19,2020021901014823,FMDBL,58,58,900,508.0,457200.0
2020-02-19,2020021901014798,FMDBL,58,58,100,508.0,50800.0
2020-02-19,2020021901014776,FMDBL,58,43,900,508.0,457200.0
2020-02-19,2020021901014775,FMDBL,29,43,100,509.0,50900.0
2020-02-19,2020021901015007,FOWAD,17,16,49,1650.0,80850.0
2020-02-19,2020021901014853,FOWAD,56,5,50,1650.0,82500.0
2020-02-19,2020021901014852,FOWAD,56,38,50,1650.0,82500.0
2020-02-19,2020021901014851,FOWAD,56,56,10,1640.0,16400.0
2020-02-19,2020021901014850,FOWAD,56,44,10,1640.0,16400.0
2020-02-19,2020021901014849,FOWAD,56,22,19,1640.0,31160.0
2020-02-19,2020021901014848,FOWAD,56,53,17,1638.0,27846.0
2020-02-19,2020021901014599,FOWAD,56,45,50,1635.0,81750.0
2020-02-19,2020021901014598,FOWAD,56,16,100,1634.0,163400.0
2020-02-19,2020021901014925,GBBL,4,42,500,244.0,122000.0
2020-02-19,2020021901015010,GBIME,25,34,10,284.0,2840.0
2020-02-19,2020021901014932,GBIME,38,34,30,284.0,8520.0
2020-02-19,2020021901014826,GBIME,35,34,100,284.0,28400.0
2020-02-19,2020021901014582,GBIME,38,6,40,283.0,11320.0
2020-02-19,2020021901014581,GBIME,8,6,160,283.0,45280.0
2020-02-19,2020021901014580,GBIME,8,11,340,283.0,96220.0
2020-02-19,2020021901014967,GBLBS,40,18,120,529.0,63480.0
2020-02-19,2020021901014966,GBLBS,1,18,80,529.0,42320.0
2020-02-19,2020021901014965,GBLBS,17,42,500,530.0,265000.0
2020-02-19,2020021901014761,GBLBS,44,42,200,530.0,106000.0
2020-02-19,2020021901014659,GBLBS,1,45,20,529.0,10580.0
2020-02-19,2020021901014600,GBLBS,1,51,80,529.0,42320.0
2020-02-19,2020021901014587,GBLBS,45,42,500,530.0,265000.0
2020-02-19,2020021901014579,GBLBS,34,42,320,530.0,169600.0
2020-02-19,2020021901014578,GBLBS,34,45,180,529.0,95220.0
2020-02-19,2020021901014993,GILB,14,42,19,1446.0,27474.0
2020-02-19,2020021901014992,GILB,14,36,200,1445.0,289000.0
2020-02-19,2020021901014933,GILB,14,36,200,1445.0,289000.0
2020-02-19,2020021901014868,GILB,37,36,200,1445.0,289000.0
2020-02-19,2020021901014609,GILB,57,42,81,1446.0,117126.0
2020-02-19,2020021901014608,GILB,57,37,44,1445.0,63580.0
2020-02-19,2020021901014607,GILB,57,42,100,1444.0,144400.0
2020-02-19,2020021901014606,GILB,57,51,25,1443.0,36075.0
2020-02-19,2020021901014866,GLBSL,48,48,10,830.0,8300.0
2020-02-19,2020021901014865,GLBSL,48,42,100,830.0,83000.0
2020-02-19,2020021901015015,GLICL,21,55,323,818.0,264214.0
2020-02-19,2020021901015014,GLICL,21,46,30,817.0,24510.0
2020-02-19,2020021901014942,GLICL,44,53,30,816.0,24480.0
2020-02-19,2020021901014941,GLICL,44,47,400,816.0,326400.0
2020-02-19,2020021901014878,GLICL,44,25,100,815.0,81500.0
2020-02-19,2020021901014584,GLICL,21,46,147,814.0,119658.0
2020-02-19,2020021901014583,GLICL,42,46,11,814.0,8954.0
2020-02-19,2020021901015028,GMFBS,43,1,40,1019.0,40760.0
2020-02-19,2020021901014944,GMFBS,34,16,60,1018.0,61080.0
2020-02-19,2020021901014943,GMFBS,34,1,10,1018.0,10180.0
2020-02-19,2020021901014816,GMFBS,10,28,100,1012.0,101200.0
2020-02-19,2020021901014780,GMFBS,10,28,100,1012.0,101200.0
2020-02-19,2020021901014779,GMFBS,10,19,10,1010.0,10100.0
2020-02-19,2020021901014778,GMFBS,10,28,100,1010.0,101000.0
2020-02-19,2020021901014777,GMFBS,10,28,130,1009.0,131170.0
2020-02-19,2020021901014574,GMFIL,50,43,100,135.0,13500.0
2020-02-19,2020021901015013,GUFL,10,19,300,130.0,39000.0
2020-02-19,2020021901014928,HBL,56,43,421,574.0,241654.0
2020-02-19,2020021901014834,HBL,44,43,40,575.0,23000.0
2020-02-19,2020021901015024,HDL,40,57,100,1550.0,155000.0
2020-02-19,2020021901015012,HDL,47,57,100,1550.0,155000.0
2020-02-19,2020021901014927,HDL,42,45,200,1550.0,310000.0
2020-02-19,2020021901014926,HDL,42,4,15,1550.0,23250.0
2020-02-19,2020021901014845,HDL,46,4,35,1550.0,54250.0
2020-02-19,2020021901014844,HDL,46,58,50,1550.0,77500.0
2020-02-19,2020021901014556,HDL,57,14,120,1551.0,186120.0
2020-02-19,2020021901014555,HDL,42,14,50,1551.0,77550.0
2020-02-19,2020021901014554,HDL,26,14,30,1552.0,46560.0
2020-02-19,2020021901014691,HDL,37,38,30,1550.0,46500.0
2020-02-19,2020021901014651,HDL,53,38,170,1550.0,263500.0
2020-02-19,2020021901014650,HDL,53,17,330,1550.0,511500.0
2020-02-19,2020021901014597,HDL,51,17,50,1550.0,77500.0
2020-02-19,2020021901014596,HDL,57,17,30,1551.0,46530.0
2020-02-19,2020021901014566,HDL,25,48,50,1554.0,77700.0
2020-02-19,2020021901014770,HDL,25,48,45,1549.0,69705.0
2020-02-19,2020021901014768,HDL,45,48,100,1549.0,154900.0
2020-02-19,2020021901014735,HDL,43,53,50,1550.0,77500.0
2020-02-19,2020021901014733,HDL,8,53,100,1550.0,155000.0
2020-02-19,2020021901014723,HDL,40,53,35,1550.0,54250.0
2020-02-19,2020021901014692,HDL,37,53,20,1550.0,31000.0
2020-02-19,2020021901014821,HDL,3,57,40,1550.0,62000.0
2020-02-19,2020021901014820,HDL,3,17,190,1550.0,294500.0
2020-02-19,2020021901014819,HDL,3,46,170,1549.0,263330.0
2020-02-19,2020021901014804,HDL,16,17,50,1550.0,77500.0
2020-02-19,2020021901014772,HDL,25,17,60,1550.0,93000.0
2020-02-19,2020021901014771,HDL,25,53,95,1550.0,147250.0
2020-02-19,2020021901014843,HDL,46,17,300,1550.0,465000.0
2020-02-19,2020021901014842,HDL,46,57,15,1550.0,23250.0
2020-02-19,2020021901014839,HDL,21,57,35,1550.0,54250.0
2020-02-19,2020021901014838,HDL,21,39,15,1550.0,23250.0
2020-02-19,2020021901014833,HDL,26,57,700,1550.0,1085000.0
2020-02-19,2020021901014829,HDL,6,57,10,1550.0,15500.0
2020-02-19,2020021901014934,HGI,35,21,450,444.0,199800.0
2020-02-19,2020021901014708,HGI,58,50,100,446.0,44600.0
2020-02-19,2020021901014704,HIDCL,8,58,31,139.0,4309.0
2020-02-19,2020021901014662,HIDCL,58,43,31,140.0,4340.0
2020-02-19,2020021901015042,IGI,59,34,10,478.0,4780.0
2020-02-19,2020021901014602,IGI,51,34,150,473.0,70950.0
2020-02-19,2020021901014601,IGI,51,34,300,473.0,141900.0
2020-02-19,2020021901014792,ILBS,19,35,10,945.0,9450.0
2020-02-19,2020021901014983,JBBL,20,13,492,192.0,94464.0
2020-02-19,2020021901014807,JBBL,50,19,805,190.0,152950.0
2020-02-19,2020021901014806,JBBL,16,19,185,191.0,35335.0
2020-02-19,2020021901014797,JBBL,5,13,300,192.0,57600.0
2020-02-19,2020021901014569,JBBL,16,34,315,191.0,60165.0
2020-02-19,2020021901014567,JBBL,50,36,300,190.0,57000.0
2020-02-19,2020021901014837,JSLBB,37,44,250,1860.0,465000.0
2020-02-19,2020021901014784,JSLBB,22,29,130,1868.0,242840.0
2020-02-19,2020021901014783,JSLBB,22,45,70,1868.0,130760.0
2020-02-19,2020021901014991,KBL,38,42,169,196.0,33124.0
2020-02-19,2020021901014990,KBL,55,42,171,196.0,33516.0
2020-02-19,2020021901014976,KBL,38,33,150,195.0,29250.0
2020-02-19,2020021901014800,KBL,38,42,100,196.0,19600.0
2020-02-19,2020021901014799,KBL,8,42,120,196.0,23520.0
2020-02-19,2020021901014791,KBL,8,45,280,196.0,54880.0
2020-02-19,2020021901014790,KBL,13,45,420,196.0,82320.0
2020-02-19,2020021901014811,KKHC,42,35,16,53.0,848.0
2020-02-19,2020021901014752,KPCL,59,19,360,104.0,37440.0
2020-02-19,2020021901014675,KSBBL,42,57,116,173.0,20068.0
2020-02-19,2020021901014674,KSBBL,42,22,135,173.0,23355.0
2020-02-19,2020021901014673,KSBBL,42,29,99,173.0,17127.0
2020-02-19,2020021901014672,KSBBL,42,33,150,172.0,25800.0
2020-02-19,2020021901015008,LGIL,38,42,10,533.0,5330.0
2020-02-19,2020021901014857,LGIL,44,42,28,532.0,14896.0
2020-02-19,2020021901014613,LGIL,44,35,500,532.0,266000.0
2020-02-19,2020021901015050,LLBS,26,22,32,1204.0,38528.0
2020-02-19,2020021901014565,LLBS,25,58,79,1200.0,94800.0
2020-02-19,2020021901014564,LLBS,25,41,15,1200.0,18000.0
2020-02-19,2020021901014563,LLBS,25,18,33,1200.0,39600.0
2020-02-19,2020021901015047,MBL,3,34,143,240.0,34320.0
2020-02-19,2020021901014734,MDB,54,53,500,366.0,183000.0
2020-02-19,2020021901015033,MEGA,22,57,150,211.0,31650.0
2020-02-19,2020021901015032,MEGA,57,57,400,211.0,84400.0
2020-02-19,2020021901014895,MEGA,57,25,100,211.0,21100.0
2020-02-19,2020021901014894,MEGA,21,25,100,211.0,21100.0
2020-02-19,2020021901014893,MEGA,35,25,300,211.0,63300.0
2020-02-19,2020021901014592,MEGA,42,38,336,212.0,71232.0
2020-02-19,2020021901014591,MEGA,42,53,164,212.0,34768.0
2020-02-19,2020021901014921,MERO,38,38,163,694.0,113122.0
2020-02-19,2020021901014717,MERO,14,49,33,695.0,22935.0
2020-02-19,2020021901014716,MERO,14,35,25,695.0,17375.0
2020-02-19,2020021901014585,MERO,17,19,100,695.0,69500.0
2020-02-19,2020021901014978,MFIL,43,42,10,196.0,1960.0
2020-02-19,2020021901014669,MFIL,57,3,1000,194.0,194000.0
2020-02-19,2020021901014998,MLBBL,29,45,100,875.0,87500.0
2020-02-19,2020021901014769,MLBL,20,45,507,223.0,113061.0
2020-02-19,2020021901015053,MPFL,25,57,123,123.0,15129.0
2020-02-19,2020021901015052,MPFL,25,29,540,123.0,66420.0
2020-02-19,2020021901015019,MPFL,42,29,100,123.0,12300.0
2020-02-19,2020021901014863,MPFL,18,29,90,123.0,11070.0
2020-02-19,2020021901014862,MPFL,18,29,10,123.0,1230.0
2020-02-19,2020021901014861,MPFL,18,17,600,123.0,73800.0
2020-02-19,2020021901014860,MPFL,18,33,2300,123.0,282900.0
2020-02-19,2020021901014588,MPFL,48,33,10,123.0,1230.0
2020-02-19,2020021901014867,MSMBS,45,1,350,845.0,295750.0
2020-02-19,2020021901014855,MSMBS,32,51,16,858.0,13728.0
2020-02-19,2020021901014738,NABIL,3,45,30,751.0,22530.0
2020-02-19,2020021901014737,NABIL,3,36,20,751.0,15020.0
2020-02-19,2020021901014736,NABIL,3,44,50,750.0,37500.0
2020-02-19,2020021901014649,NABIL,45,32,73,748.0,54604.0
2020-02-19,2020021901014648,NABIL,57,51,50,747.0,37350.0
2020-02-19,2020021901014647,NABIL,17,51,150,747.0,112050.0
2020-02-19,2020021901014624,NABIL,25,32,10,748.0,7480.0
2020-02-19,2020021901014590,NABIL,17,13,141,747.0,105327.0
2020-02-19,2020021901014961,NADEP,18,44,20,789.0,15780.0
2020-02-19,2020021901014960,NADEP,18,45,28,788.0,22064.0
2020-02-19,2020021901014923,NADEP,40,29,90,783.0,70470.0
2020-02-19,2020021901014922,NADEP,40,29,10,783.0,7830.0
2020-02-19,2020021901014896,NADEP,42,45,10,788.0,7880.0
2020-02-19,2020021901015018,NBB,32,41,513,212.0,108756.0
2020-02-19,2020021901015017,NBB,45,41,37,212.0,7844.0
2020-02-19,2020021901014953,NBB,45,48,757,212.0,160484.0
2020-02-19,2020021901014952,NBB,45,42,1206,212.0,255672.0
2020-02-19,2020021901015049,NBL,33,45,10,272.0,2720.0
2020-02-19,2020021901015023,NBL,35,45,500,272.0,136000.0
2020-02-19,2020021901014586,NBL,43,45,10,272.0,2720.0
2020-02-19,2020021901015043,NCCB,8,37,20,197.0,3940.0
2020-02-19,2020021901014593,NCCB,58,37,10,197.0,1970.0
2020-02-19,2020021901014858,NEF,34,45,483,8.88,4289.04
2020-02-19,2020021901014987,NGPL,38,33,250,139.0,34750.0
2020-02-19,2020021901014889,NGPL,57,33,10,139.0,1390.0
2020-02-19,2020021901014888,NGPL,57,41,100,139.0,13900.0
2020-02-19,2020021901014785,NGPL,33,33,10,139.0,1390.0
2020-02-19,2020021901014920,NIB,17,25,12,385.0,4620.0
2020-02-19,2020021901014919,NIB,42,25,106,385.0,40810.0
2020-02-19,2020021901014700,NIB,42,13,54,385.0,20790.0
2020-02-19,2020021901014699,NIB,39,13,100,385.0,38500.0
2020-02-19,2020021901014698,NIB,56,13,746,385.0,287210.0
2020-02-19,2020021901015048,NICA,6,36,100,547.0,54700.0
2020-02-19,2020021901014832,NICA,22,28,105,546.0,57330.0
2020-02-19,2020021901014795,NICA,8,13,434,545.0,236530.0
2020-02-19,2020021901014794,NICA,43,13,110,545.0,59950.0
2020-02-19,2020021901014793,NICA,47,13,29,545.0,15805.0
2020-02-19,2020021901014690,NICA,29,28,400,546.0,218400.0
2020-02-19,2020021901014604,NICA,47,28,900,545.0,490500.0
2020-02-19,2020021901014999,NICL,44,19,10,469.0,4690.0
2020-02-19,2020021901014964,NICL,49,42,50,468.0,23400.0
2020-02-19,2020021901014877,NICL,44,53,10,471.0,4710.0
2020-02-19,2020021901014682,NICL,49,21,90,468.0,42120.0
2020-02-19,2020021901014681,NICL,1,21,130,468.0,60840.0
2020-02-19,2020021901014635,NICL,36,36,1000,470.0,470000.0
2020-02-19,2020021901014634,NICL,36,33,200,470.0,94000.0
2020-02-19,2020021901014633,NICL,36,38,50,470.0,23500.0
2020-02-19,2020021901014632,NICL,36,50,1550,470.0,728500.0
2020-02-19,2020021901014631,NICL,36,50,930,470.0,437100.0
2020-02-19,2020021901014680,NICL,45,21,20,469.0,9380.0
2020-02-19,2020021901014679,NICL,43,21,10,470.0,4700.0
2020-02-19,2020021901014639,NICL,36,5,115,470.0,54050.0
2020-02-19,2020021901014638,NICL,36,28,1000,470.0,470000.0
2020-02-19,2020021901014637,NICL,36,29,1031,470.0,484570.0
2020-02-19,2020021901014636,NICL,36,33,500,470.0,235000.0
2020-02-19,2020021901015031,NIL,34,54,100,609.0,60900.0
2020-02-19,2020021901014739,NIL,5,46,603,606.0,365418.0
2020-02-19,2020021901014722,NIL,50,46,200,606.0,121200.0
2020-02-19,2020021901014664,NIL,6,46,97,606.0,58782.0
2020-02-19,2020021901014630,NIL,26,46,100,606.0,60600.0
2020-02-19,2020021901015011,NLBBL,1,56,100,870.0,87000.0
2020-02-19,2020021901014703,NLBBL,34,1,300,869.0,260700.0
2020-02-19,2020021901014702,NLBBL,34,53,87,869.0,75603.0
2020-02-19,2020021901014981,NLG,34,11,100,727.0,72700.0
2020-02-19,2020021901014677,NLG,22,1,40,725.0,29000.0
2020-02-19,2020021901014676,NLG,22,34,10,724.0,7240.0
2020-02-19,2020021901014760,NLIC,14,13,170,1186.0,201620.0
2020-02-19,2020021901014759,NLIC,47,13,30,1187.0,35610.0
2020-02-19,2020021901014694,NLIC,39,38,100,1190.0,119000.0
2020-02-19,2020021901014693,NLIC,39,16,100,1190.0,119000.0
2020-02-19,2020021901014657,NLIC,45,34,20,1188.0,23760.0
2020-02-19,2020021901014656,NLIC,5,34,178,1188.0,211464.0
2020-02-19,2020021901014625,NLIC,37,58,805,1189.0,957145.0
2020-02-19,2020021901014605,NLIC,5,38,22,1188.0,26136.0
2020-02-19,2020021901014947,NLICL,8,13,250,692.0,173000.0
2020-02-19,2020021901014946,NLICL,49,13,50,692.0,34600.0
2020-02-19,2020021901014758,NLICL,26,50,300,697.0,209100.0
2020-02-19,2020021901014706,NLICL,1,46,28,693.0,19404.0
2020-02-19,2020021901014678,NLICL,49,34,50,692.0,34600.0
2020-02-19,2020021901014997,NMBMF,58,51,65,962.0,62530.0
2020-02-19,2020021901014959,NMBMF,35,10,130,960.0,124800.0
2020-02-19,2020021901014577,NMFBS,33,38,10,1790.0,17900.0
2020-02-19,2020021901014815,NSEWA,41,5,222,821.0,182262.0
2020-02-19,2020021901014814,NSEWA,43,5,40,821.0,32840.0
2020-02-19,2020021901014813,NSEWA,5,5,30,821.0,24630.0
2020-02-19,2020021901014812,NSEWA,5,5,50,823.0,41150.0
2020-02-19,2020021901014774,NSEWA,36,11,150,830.0,124500.0
2020-02-19,2020021901014594,NSEWA,26,11,100,830.0,83000.0
2020-02-19,2020021901014757,NUBL,56,44,1000,1075.0,1075000.0
2020-02-19,2020021901014756,NUBL,56,16,50,1070.0,53500.0
2020-02-19,2020021901014818,OHL,47,45,100,481.0,48100.0
2020-02-19,2020021901014817,OHL,54,45,100,481.0,48100.0
2020-02-19,2020021901014655,PCBL,13,4,500,287.0,143500.0
2020-02-19,2020021901014654,PCBL,13,29,1000,287.0,287000.0
2020-02-19,2020021901014653,PCBL,13,41,15,287.0,4305.0
2020-02-19,2020021901014603,PCBL,50,1,50,286.0,14300.0
2020-02-19,2020021901015046,PLIC,59,22,70,622.0,43540.0
2020-02-19,2020021901015045,PLIC,59,5,50,620.0,31000.0
2020-02-19,2020021901015044,PLIC,59,59,30,620.0,18600.0
2020-02-19,2020021901014975,PLIC,59,36,100,619.0,61900.0
2020-02-19,2020021901014747,PLIC,26,59,37,620.0,22940.0
2020-02-19,2020021901014746,PLIC,26,35,393,620.0,243660.0
2020-02-19,2020021901014627,PLIC,28,34,40,617.0,24680.0
2020-02-19,2020021901014713,PLIC,26,17,683,620.0,423460.0
2020-02-19,2020021901014712,PLIC,26,5,67,619.0,41473.0
2020-02-19,2020021901014711,PLIC,26,53,50,619.0,30950.0
2020-02-19,2020021901014710,PLIC,26,57,100,618.0,61800.0
2020-02-19,2020021901014709,PLIC,26,38,100,618.0,61800.0
2020-02-19,2020021901014628,PLIC,28,21,30,617.0,18510.0
2020-02-19,2020021901014745,PLIC,26,35,393,620.0,243660.0
2020-02-19,2020021901014744,PLIC,26,53,300,620.0,186000.0
2020-02-19,2020021901014743,PLIC,26,45,200,620.0,124000.0
2020-02-19,2020021901014742,PLIC,26,43,100,620.0,62000.0
2020-02-19,2020021901014741,PLIC,26,16,20,620.0,12400.0
2020-02-19,2020021901014740,PLIC,26,17,57,620.0,35340.0
2020-02-19,2020021901015041,PRIN,44,26,200,499.0,99800.0
2020-02-19,2020021901015040,PRIN,44,47,200,499.0,99800.0
2020-02-19,2020021901015039,PRIN,44,44,300,499.0,149700.0
2020-02-19,2020021901015038,PRIN,44,50,500,498.0,249000.0
2020-02-19,2020021901015037,PRIN,44,44,300,498.0,149400.0
2020-02-19,2020021901015036,PRIN,44,13,100,497.0,49700.0
2020-02-19,2020021901014615,PRIN,17,55,40,494.0,19760.0
2020-02-19,2020021901014614,PRIN,17,35,100,494.0,49400.0
2020-02-19,2020021901015035,PRIN,44,46,200,496.0,99200.0
2020-02-19,2020021901015034,PRIN,44,22,150,496.0,74400.0
2020-02-19,2020021901014980,PRIN,36,46,200,495.0,99000.0
2020-02-19,2020021901014755,PRIN,57,46,100,495.0,49500.0
2020-02-19,2020021901014754,PRIN,57,47,200,495.0,99000.0
2020-02-19,2020021901014697,PRIN,44,57,500,494.0,247000.0
2020-02-19,2020021901014904,PRVU,18,25,200,250.0,50000.0
2020-02-19,2020021901014562,PRVU,46,45,150,249.0,37350.0
2020-02-19,2020021901014822,RBCL,47,14,10,11001.0,110010.0
2020-02-19,2020021901014618,RBCL,44,41,105,11100.0,1165500.0
2020-02-19,2020021901014557,RBCL,44,51,10,11099.0,110990.0
2020-02-19,2020021901014958,RBCLPO,5,33,100,9340.0,934000.0
2020-02-19,2020021901014830,RBCLPO,43,4,50,9350.0,467500.0
2020-02-19,2020021901014720,RHPL,5,16,90,166.0,14940.0
2020-02-19,2020021901014719,RHPL,5,16,410,166.0,68060.0
2020-02-19,2020021901014663,RHPL,5,42,50,166.0,8300.0
2020-02-19,2020021901015009,RLFL,29,25,559,138.0,77142.0
2020-02-19,2020021901014764,RLFL,46,21,63,137.0,8631.0
2020-02-19,2020021901014763,RLFL,39,21,100,137.0,13700.0
2020-02-19,2020021901014671,RLFL,26,25,20,138.0,2760.0
2020-02-19,2020021901015002,RMDC,26,49,200,780.0,156000.0
2020-02-19,2020021901014875,RMDC,5,49,87,780.0,67860.0
2020-02-19,2020021901014874,RMDC,5,21,100,780.0,78000.0
2020-02-19,2020021901014873,RMDC,5,58,100,780.0,78000.0
2020-02-19,2020021901014872,RMDC,5,35,100,780.0,78000.0
2020-02-19,2020021901014871,RMDC,5,37,13,780.0,10140.0
2020-02-19,2020021901014870,RMDC,5,25,50,779.0,38950.0
2020-02-19,2020021901014869,RMDC,5,38,50,779.0,38950.0
2020-02-19,2020021901014670,RMDC,1,21,100,777.0,77700.0
2020-02-19,2020021901014986,RSDC,58,42,146,515.0,75190.0
2020-02-19,2020021901014985,RSDC,58,14,40,515.0,20600.0
2020-02-19,2020021901014984,RSDC,58,25,314,515.0,161710.0
2020-02-19,2020021901014931,RSDC,58,25,100,515.0,51500.0
2020-02-19,2020021901014882,RSDC,55,25,50,515.0,25750.0
2020-02-19,2020021901014881,RSDC,55,5,50,515.0,25750.0
2020-02-19,2020021901014751,RSDC,53,51,100,514.0,51400.0
2020-02-19,2020021901014750,RSDC,53,33,103,514.0,52942.0
2020-02-19,2020021901014749,RSDC,53,39,200,514.0,102800.0
2020-02-19,2020021901015027,SABSL,6,19,25,969.0,24225.0
2020-02-19,2020021901015026,SABSL,6,21,10,969.0,9690.0
2020-02-19,2020021901015025,SABSL,6,26,65,969.0,62985.0
2020-02-19,2020021901014767,SADBL,44,19,1500,169.0,253500.0
2020-02-19,2020021901014766,SADBL,14,19,500,170.0,85000.0
2020-02-19,2020021901014686,SBI,45,19,363,424.0,153912.0
2020-02-19,2020021901014685,SBI,45,19,200,424.0,84800.0
2020-02-19,2020021901014684,SBI,38,19,16,425.0,6800.0
2020-02-19,2020021901014864,SBL,13,35,583,322.0,187726.0
2020-02-19,2020021901014856,SBL,40,35,10,322.0,3220.0
2020-02-19,2020021901014787,SBL,4,35,2397,322.0,771834.0
2020-02-19,2020021901014786,SBL,40,35,10,323.0,3230.0
2020-02-19,2020021901014721,SBL,4,33,500,322.0,161000.0
2020-02-19,2020021901014945,SCB,16,29,56,650.0,36400.0
2020-02-19,2020021901014935,SCB,16,46,64,650.0,41600.0
2020-02-19,2020021901014652,SCB,17,46,50,650.0,32500.0
2020-02-19,2020021901014977,SDESI,14,4,200,983.0,196600.0
2020-02-19,2020021901014802,SDESI,38,4,100,983.0,98300.0
2020-02-19,2020021901014801,SDESI,45,4,30,983.0,29490.0
2020-02-19,2020021901014560,SDESI,45,4,200,985.0,197000.0
2020-02-19,2020021901014559,SDESI,45,4,300,984.0,295200.0
2020-02-19,2020021901014558,SDESI,45,8,197,983.0,193651.0
2020-02-19,2020021901014808,SHINE,21,40,1500,297.0,445500.0
2020-02-19,2020021901015001,SHIVM,35,58,450,640.0,288000.0
2020-02-19,2020021901015000,SHIVM,35,58,50,638.0,31900.0
2020-02-19,2020021901014996,SHIVM,56,58,10,640.0,6400.0
2020-02-19,2020021901014956,SHIVM,25,58,21,640.0,13440.0
2020-02-19,2020021901014955,SHIVM,25,26,100,639.0,63900.0
2020-02-19,2020021901014954,SHIVM,25,45,29,639.0,18531.0
2020-02-19,2020021901014828,SHIVM,55,38,100,638.0,63800.0
2020-02-19,2020021901014707,SHIVM,25,38,220,638.0,140360.0
2020-02-19,2020021901014701,SHIVM,39,45,11,639.0,7029.0
2020-02-19,2020021901014683,SHIVM,25,42,390,638.0,248820.0
2020-02-19,2020021901014568,SHIVM,25,29,390,638.0,248820.0
2020-02-19,2020021901014847,SHIVM,53,14,100,638.0,63800.0
2020-02-19,2020021901014846,SHIVM,53,38,280,638.0,178640.0
2020-02-19,2020021901014940,SHIVM,1,14,579,636.0,368244.0
2020-02-19,2020021901014939,SHIVM,40,14,101,636.0,64236.0
2020-02-19,2020021901014938,SHIVM,45,14,100,637.0,63700.0
2020-02-19,2020021901014937,SHIVM,29,14,100,637.0,63700.0
2020-02-19,2020021901014936,SHIVM,53,14,120,638.0,76560.0
2020-02-19,2020021901014979,SHL,37,11,200,193.0,38600.0
2020-02-19,2020021901014886,SHPC,39,49,10,234.0,2340.0
2020-02-19,2020021901014623,SHPC,57,34,200,233.0,46600.0
2020-02-19,2020021901014622,SHPC,57,17,100,231.0,23100.0
2020-02-19,2020021901014621,SHPC,57,38,1000,231.0,231000.0
2020-02-19,2020021901014620,SHPC,57,51,800,230.0,184000.0
2020-02-19,2020021901014619,SHPC,57,3,450,230.0,103500.0
2020-02-19,2020021901014573,SHPC,57,3,250,230.0,57500.0
2020-02-19,2020021901014918,SIC,42,42,10,786.0,7860.0
2020-02-19,2020021901014831,SIC,28,42,100,786.0,78600.0
2020-02-19,2020021901014705,SIC,34,20,35,782.0,27370.0
2020-02-19,2020021901014576,SIC,42,20,170,782.0,132940.0
2020-02-19,2020021901014575,SIC,40,20,128,785.0,100480.0
2020-02-19,2020021901014809,SICL,44,58,100,1240.0,124000.0
2020-02-19,2020021901014667,SICL,44,41,40,1235.0,49400.0
2020-02-19,2020021901014666,SICL,44,41,200,1235.0,247000.0
2020-02-19,2020021901014665,SICL,44,14,200,1235.0,247000.0
2020-02-19,2020021901014661,SICL,50,14,100,1235.0,123500.0
2020-02-19,2020021901014617,SICL,44,14,500,1235.0,617500.0
2020-02-19,2020021901015051,SJCL,1,42,20,155.0,3100.0
2020-02-19,2020021901014900,SJCL,1,40,30,155.0,4650.0
2020-02-19,2020021901014899,SJCL,11,40,400,155.0,62000.0
2020-02-19,2020021901014898,SJCL,26,40,50,155.0,7750.0
2020-02-19,2020021901014897,SJCL,22,40,380,155.0,58900.0
2020-02-19,2020021901014803,SLBBL,18,45,50,985.0,49250.0
2020-02-19,2020021901014762,SLBSL,43,51,100,1023.0,102300.0
2020-02-19,2020021901015022,SLICL,42,22,220,498.0,109560.0
2020-02-19,2020021901015021,SLICL,42,50,30,498.0,14940.0
2020-02-19,2020021901014989,SLICL,45,38,100,497.0,49700.0
2020-02-19,2020021901014988,SLICL,45,44,50,497.0,24850.0
2020-02-19,2020021901014969,SLICL,25,49,50,497.0,24850.0
2020-02-19,2020021901014968,SLICL,25,17,50,497.0,24850.0
2020-02-19,2020021901014892,SLICL,50,17,50,497.0,24850.0
2020-02-19,2020021901014891,SLICL,50,47,70,497.0,34790.0
2020-02-19,2020021901014890,SLICL,50,57,180,497.0,89460.0
2020-02-19,2020021901014827,SLICL,50,6,76,496.0,37696.0
2020-02-19,2020021901014995,SMATA,41,44,445,870.0,387150.0
2020-02-19,2020021901014994,SMATA,59,44,555,870.0,482850.0
2020-02-19,2020021901014753,SMATA,53,17,400,885.0,354000.0
2020-02-19,2020021901014696,SMATA,53,8,131,884.0,115804.0
2020-02-19,2020021901014695,SMATA,53,16,50,883.0,44150.0
2020-02-19,2020021901014668,SMATA,59,50,50,870.0,43500.0
2020-02-19,2020021901014626,SMFBS,6,45,10,1178.0,11780.0
2020-02-19,2020021901014841,SPARS,34,34,10,1019.0,10190.0
2020-02-19,2020021901014840,SPARS,34,38,20,1010.0,20200.0
2020-02-19,2020021901014589,SPARS,34,45,10,1015.0,10150.0
2020-02-19,2020021901014561,SPARS,34,58,10,1008.0,10080.0
2020-02-19,2020021901014805,STC,53,10,20,2800.0,56000.0
2020-02-19,2020021901014616,STC,55,5,50,2795.0,139750.0
2020-02-19,2020021901015030,SWBBL,35,36,50,1358.0,67900.0
2020-02-19,2020021901014859,SWBBL,20,1,27,1345.0,36315.0
2020-02-19,2020021901014788,SWBBL,18,21,125,1355.0,169375.0
2020-02-19,2020021901014924,UFL,36,32,270,183.0,49410.0
2020-02-19,2020021901014715,UPCL,38,41,440,80.0,35200.0
2020-02-19,2020021901014789,VLBS,34,14,50,1175.0,58750.0
2020-02-19,2020021901014910,VLBS,34,35,100,1189.0,118900.0
2020-02-19,2020021901014909,VLBS,34,58,78,1189.0,92742.0
2020-02-19,2020021901014908,VLBS,34,25,79,1188.0,93852.0
2020-02-19,2020021901014907,VLBS,34,14,787,1175.0,924725.0
2020-02-19,2020021901014916,VLBS,34,36,13,1193.0,15509.0
2020-02-19,2020021901014915,VLBS,34,21,31,1190.0,36890.0
2020-02-19,2020021901014914,VLBS,34,42,13,1190.0,15470.0
2020-02-19,2020021901014913,VLBS,34,46,20,1190.0,23800.0
2020-02-19,2020021901014912,VLBS,34,17,50,1190.0,59500.0
2020-02-19,2020021901014911,VLBS,34,47,210,1190.0,249900.0
2020-02-19,2020021901014917,VLBS,34,45,200,1193.0,238600.0
2020-02-19,2020021901015020,WOMI,34,58,100,1122.0,112200.0
2020-02-19,2020021901014982,WOMI,57,58,13,1122.0,14586.0
2020-02-19,2020021901014963,WOMI,1,33,17,1120.0,19040.0
2020-02-19,2020021901014962,WOMI,55,33,83,1120.0,92960.0
2020-02-19,2020021901014689,WOMI,55,39,100,1120.0,112000.0
2020-02-19,2020021901014688,WOMI,55,14,217,1119.0,242823.0
2020-02-19,2020021901012852,ADBL,29,25,125,395.0,49375.0
2020-02-19,2020021901012767,ADBL,48,14,96,396.0,38016.0
2020-02-19,2020021901012975,AHPC,41,25,665,98.0,65170.0
2020-02-19,2020021901012864,AKPL,36,19,10,135.0,1350.0
2020-02-19,2020021901013002,ALBSL,38,19,100,850.0,85000.0
2020-02-19,2020021901012917,ALBSL,3,39,26,838.0,21788.0
2020-02-19,2020021901012757,ALBSL,55,19,100,850.0,85000.0
2020-02-19,2020021901012601,ALBSL,26,51,19,858.0,16302.0
2020-02-19,2020021901012600,ALBSL,26,45,50,858.0,42900.0
2020-02-19,2020021901012587,ALBSL,22,45,11,850.0,9350.0
2020-02-19,2020021901012586,ALBSL,22,47,11,850.0,9350.0
2020-02-19,2020021901012585,ALBSL,22,39,200,850.0,170000.0
2020-02-19,2020021901012584,ALBSL,22,55,10,850.0,8500.0
2020-02-19,2020021901012555,ALBSL,16,1,211,847.0,178717.0
2020-02-19,2020021901012554,ALBSL,16,25,75,846.0,63450.0
2020-02-19,2020021901012599,ALBSL,26,19,11,856.0,9416.0
2020-02-19,2020021901012598,ALBSL,26,54,100,856.0,85600.0
2020-02-19,2020021901012597,ALBSL,26,8,70,855.0,59850.0
2020-02-19,2020021901012596,ALBSL,26,42,50,855.0,42750.0
2020-02-19,2020021901012595,ALBSL,26,16,100,855.0,85500.0
2020-02-19,2020021901012594,ALBSL,26,5,100,853.0,85300.0
2020-02-19,2020021901012731,ALICL,36,38,500,633.0,316500.0
2020-02-19,2020021901012730,ALICL,36,16,105,632.0,66360.0
2020-02-19,2020021901012647,ALICL,34,16,395,632.0,249640.0
2020-02-19,2020021901012646,ALICL,34,21,80,632.0,50560.0
2020-02-19,2020021901012645,ALICL,34,21,325,632.0,205400.0
2020-02-19,2020021901012644,ALICL,34,35,200,631.0,126200.0
2020-02-19,2020021901012818,API,35,51,950,137.0,130150.0
2020-02-19,2020021901012914,BOKL,48,18,100,238.0,23800.0
2020-02-19,2020021901012900,BOKL,26,18,350,238.0,83300.0
2020-02-19,2020021901012999,BPCL,42,45,200,361.0,72200.0
2020-02-19,2020021901012871,BPCL,56,1,200,362.0,72400.0
2020-02-19,2020021901012870,BPCL,56,26,50,362.0,18100.0
2020-02-19,2020021901012708,CBBL,16,17,100,1140.0,114000.0
2020-02-19,2020021901013049,CBL,14,36,100,152.0,15200.0
2020-02-19,2020021901012658,CCBL,55,45,58,184.0,10672.0
2020-02-19,2020021901012657,CCBL,38,45,200,184.0,36800.0
2020-02-19,2020021901012656,CCBL,29,45,2000,184.0,368000.0
2020-02-19,2020021901012655,CCBL,44,45,1000,184.0,184000.0
2020-02-19,2020021901012654,CCBL,22,45,500,184.0,92000.0
2020-02-19,2020021901012653,CCBL,45,45,853,184.0,156952.0
2020-02-19,2020021901012652,CCBL,42,45,15,185.0,2775.0
2020-02-19,2020021901012651,CCBL,44,45,374,185.0,69190.0
2020-02-19,2020021901012989,CFCL,45,58,10,149.0,1490.0
2020-02-19,2020021901012777,CHCL,41,56,50,429.0,21450.0
2020-02-19,2020021901012977,CIT,55,58,200,2825.0,565000.0
2020-02-19,2020021901012976,CIT,42,58,50,2826.0,141300.0
2020-02-19,2020021901012937,CIT,42,43,100,2826.0,282600.0
2020-02-19,2020021901012916,CIT,42,39,50,2826.0,141300.0
2020-02-19,2020021901012857,CIT,57,42,50,2838.0,141900.0
2020-02-19,2020021901012798,CIT,33,25,30,2838.0,85140.0
2020-02-19,2020021901012830,CZBIL,48,44,80,198.0,15840.0
2020-02-19,2020021901013037,DDBL,34,45,100,919.0,91900.0
2020-02-19,2020021901013036,DDBL,34,45,75,919.0,68925.0
2020-02-19,2020021901012967,DDBL,57,39,50,915.0,45750.0
2020-02-19,2020021901012883,DDBL,29,45,25,919.0,22975.0
2020-02-19,2020021901012882,DDBL,29,32,100,919.0,91900.0
2020-02-19,2020021901012881,DDBL,29,45,100,918.0,91800.0
2020-02-19,2020021901012738,DDBL,46,34,110,915.0,100650.0
2020-02-19,2020021901012737,DDBL,46,17,100,915.0,91500.0
2020-02-19,2020021901012736,DDBL,46,57,260,915.0,237900.0
2020-02-19,2020021901012639,DDBL,6,57,100,915.0,91500.0
2020-02-19,2020021901012880,DDBL,29,51,55,918.0,50490.0
2020-02-19,2020021901012879,DDBL,29,42,50,918.0,45900.0
2020-02-19,2020021901012878,DDBL,29,25,100,917.0,91700.0
2020-02-19,2020021901012877,DDBL,29,39,500,915.0,457500.0
2020-02-19,2020021901012876,DDBL,29,21,70,915.0,64050.0
2020-02-19,2020021901012739,DDBL,46,21,30,915.0,27450.0
2020-02-19,2020021901012928,FMDBL,55,26,100,505.0,50500.0
2020-02-19,2020021901012915,FMDBL,56,42,44,503.0,22132.0
2020-02-19,2020021901012779,FMDBL,55,33,69,507.0,34983.0
2020-02-19,2020021901012778,FMDBL,55,14,31,507.0,15717.0
2020-02-19,2020021901012727,FMDBL,56,14,100,507.0,50700.0
2020-02-19,2020021901012705,FMDBL,38,41,50,506.0,25300.0
2020-02-19,2020021901012698,FMDBL,38,41,400,504.0,201600.0
2020-02-19,2020021901012618,FMDBL,10,44,280,505.0,141400.0
2020-02-19,2020021901012704,FMDBL,38,46,100,506.0,50600.0
2020-02-19,2020021901012703,FMDBL,38,56,93,506.0,47058.0
2020-02-19,2020021901012702,FMDBL,38,56,117,506.0,59202.0
2020-02-19,2020021901012701,FMDBL,38,58,459,506.0,232254.0
2020-02-19,2020021901012700,FMDBL,38,55,500,505.0,252500.0
2020-02-19,2020021901012699,FMDBL,38,44,200,505.0,101000.0
2020-02-19,2020021901012947,GBBL,4,25,42,244.0,10248.0
2020-02-19,2020021901012583,GBBL,4,1,300,244.0,73200.0
2020-02-19,2020021901012964,GBIME,33,43,1515,284.0,430260.0
2020-02-19,2020021901012963,GBIME,34,43,100,284.0,28400.0
2020-02-19,2020021901012962,GBIME,49,43,385,284.0,109340.0
2020-02-19,2020021901012748,GBIME,49,10,78,284.0,22152.0
2020-02-19,2020021901012716,GBIME,51,14,200,285.0,57000.0
2020-02-19,2020021901012985,GBLBS,56,42,200,530.0,106000.0
2020-02-19,2020021901012946,GBLBS,55,42,100,530.0,53000.0
2020-02-19,2020021901012892,GBLBS,6,48,75,529.0,39675.0
2020-02-19,2020021901012862,GBLBS,39,48,100,529.0,52900.0
2020-02-19,2020021901012800,GBLBS,29,48,500,529.0,264500.0
2020-02-19,2020021901012796,GBLBS,44,48,100,529.0,52900.0
2020-02-19,2020021901012795,GBLBS,44,48,100,529.0,52900.0
2020-02-19,2020021901012794,GBLBS,1,48,125,529.0,66125.0
2020-02-19,2020021901012766,GBLBS,38,38,531,531.0,281961.0
2020-02-19,2020021901012684,GBLBS,41,34,20,530.0,10600.0
2020-02-19,2020021901012636,GBLBS,35,39,1315,530.0,696950.0
2020-02-19,2020021901012576,GBLBS,41,39,100,530.0,53000.0
2020-02-19,2020021901012978,GFCL,46,45,419,153.0,64107.0
2020-02-19,2020021901012710,GILB,51,42,100,1443.0,144300.0
2020-02-19,2020021901012575,GILB,51,36,156,1440.0,224640.0
2020-02-19,2020021901012574,GILB,51,17,45,1440.0,64800.0
2020-02-19,2020021901012970,GLICL,45,17,138,814.0,112332.0
2020-02-19,2020021901012969,GLICL,45,50,49,814.0,39886.0
2020-02-19,2020021901012890,GLICL,43,16,335,813.0,272355.0
2020-02-19,2020021901012874,GLICL,16,16,100,813.0,81300.0
2020-02-19,2020021901012765,GLICL,49,42,158,810.0,127980.0
2020-02-19,2020021901012642,GLICL,25,16,20,813.0,16260.0
2020-02-19,2020021901012809,GMFBS,41,43,10,1005.0,10050.0
2020-02-19,2020021901012920,GRDBL,39,26,80,135.0,10800.0
2020-02-19,2020021901012919,GRDBL,19,26,20,135.0,2700.0
2020-02-19,2020021901012887,HBL,35,35,122,575.0,70150.0
2020-02-19,2020021901012886,HBL,49,35,1000,575.0,575000.0
2020-02-19,2020021901012885,HBL,17,35,23,575.0,13225.0
2020-02-19,2020021901012884,HBL,50,35,855,576.0,492480.0
2020-02-19,2020021901013040,HDL,45,8,90,1525.0,137250.0
2020-02-19,2020021901013005,HDL,26,8,10,1525.0,15250.0
2020-02-19,2020021901013000,HDL,14,8,100,1525.0,152500.0
2020-02-19,2020021901012991,HDL,25,45,20,1525.0,30500.0
2020-02-19,2020021901012966,HDL,57,53,40,1524.0,60960.0
2020-02-19,2020021901012868,HDL,46,42,20,1512.0,30240.0
2020-02-19,2020021901012625,HDL,19,4,30,1526.0,45780.0
2020-02-19,2020021901012624,HDL,19,4,170,1526.0,259420.0
2020-02-19,2020021901012593,HDL,41,44,20,1530.0,30600.0
2020-02-19,2020021901012592,HDL,56,44,100,1532.0,153200.0
2020-02-19,2020021901012662,HDL,45,53,100,1524.0,152400.0
2020-02-19,2020021901012661,HDL,33,53,30,1524.0,45720.0
2020-02-19,2020021901012660,HDL,40,53,30,1525.0,45750.0
2020-02-19,2020021901012643,HDL,40,1,10,1525.0,15250.0
2020-02-19,2020021901012638,HDL,40,47,50,1525.0,76250.0
2020-02-19,2020021901012637,HDL,40,4,20,1525.0,30500.0
2020-02-19,2020021901012688,HDL,58,44,1605,1520.0,2439600.0
2020-02-19,2020021901012687,HDL,58,42,20,1520.0,30400.0
2020-02-19,2020021901012686,HDL,58,53,50,1520.0,76000.0
2020-02-19,2020021901012685,HDL,58,38,325,1520.0,494000.0
2020-02-19,2020021901012683,HDL,28,38,300,1520.0,456000.0
2020-02-19,2020021901012666,HDL,25,38,75,1520.0,114000.0
2020-02-19,2020021901012768,HDL,33,58,650,1516.0,985400.0
2020-02-19,2020021901012760,HDL,6,44,175,1520.0,266000.0
2020-02-19,2020021901012759,HDL,33,18,250,1516.0,379000.0
2020-02-19,2020021901012747,HDL,28,44,100,1520.0,152000.0
2020-02-19,2020021901012720,HDL,33,47,50,1516.0,75800.0
2020-02-19,2020021901012711,HDL,33,21,50,1516.0,75800.0
2020-02-19,2020021901012774,HDL,26,58,100,1510.0,151000.0
2020-02-19,2020021901012773,HDL,33,58,20,1511.0,30220.0
2020-02-19,2020021901012772,HDL,14,58,100,1512.0,151200.0
2020-02-19,2020021901012771,HDL,43,58,20,1513.0,30260.0
2020-02-19,2020021901012770,HDL,58,58,100,1515.0,151500.0
2020-02-19,2020021901012769,HDL,58,58,290,1515.0,439350.0
2020-02-19,2020021901012849,HDL,46,58,25,1512.0,37800.0
2020-02-19,2020021901012848,HDL,46,18,100,1512.0,151200.0
2020-02-19,2020021901012847,HDL,42,53,300,1520.0,456000.0
2020-02-19,2020021901012785,HDL,46,58,70,1510.0,105700.0
2020-02-19,2020021901012776,HDL,34,58,100,1510.0,151000.0
2020-02-19,2020021901012775,HDL,17,58,50,1510.0,75500.0
2020-02-19,2020021901012996,HGI,22,18,35,441.0,15435.0
2020-02-19,2020021901012995,HGI,14,18,15,441.0,6615.0
2020-02-19,2020021901012974,HGI,14,16,10,441.0,4410.0
2020-02-19,2020021901012973,HGI,45,16,30,441.0,13230.0
2020-02-19,2020021901012921,HGI,58,56,1000,442.0,442000.0
2020-02-19,2020021901012846,HIDCL,58,6,202,142.0,28684.0
2020-02-19,2020021901012845,HIDCL,58,55,100,142.0,14200.0
2020-02-19,2020021901012844,HIDCL,58,44,61,141.0,8601.0
2020-02-19,2020021901012843,HIDCL,58,44,37,141.0,5217.0
2020-02-19,2020021901012650,HIDCL,59,44,37,141.0,5217.0
2020-02-19,2020021901012649,HIDCL,59,17,30,141.0,4230.0
2020-02-19,2020021901012752,HPPL,16,26,10,153.0,1530.0
2020-02-19,2020021901013045,IGI,6,17,100,477.0,47700.0
2020-02-19,2020021901012867,ILBS,51,38,50,933.0,46650.0
2020-02-19,2020021901012725,ILBS,51,46,10,933.0,9330.0
2020-02-19,2020021901013004,KBL,34,35,320,196.0,62720.0
2020-02-19,2020021901012803,KBL,10,10,2,195.0,390.0
2020-02-19,2020021901013048,KPCL,59,56,10,104.0,1040.0
2020-02-19,2020021901013039,KSBBL,47,17,40,172.0,6880.0
2020-02-19,2020021901012980,KSBBL,47,17,81,172.0,13932.0
2020-02-19,2020021901012979,KSBBL,50,17,19,172.0,3268.0
2020-02-19,2020021901012910,KSBBL,50,45,981,172.0,168732.0
2020-02-19,2020021901012909,KSBBL,45,45,19,172.0,3268.0
2020-02-19,2020021901012854,KSBBL,45,17,981,172.0,168732.0
2020-02-19,2020021901012578,KSBBL,32,17,19,172.0,3268.0
2020-02-19,2020021901012577,KSBBL,32,42,1500,172.0,258000.0
2020-02-19,2020021901012709,LBBL,36,20,70,195.0,13650.0
2020-02-19,2020021901012836,LGIL,39,39,10,540.0,5400.0
2020-02-19,2020021901012835,LGIL,39,42,20,538.0,10760.0
2020-02-19,2020021901012834,LGIL,39,56,40,537.0,21480.0
2020-02-19,2020021901012799,LGIL,44,42,112,532.0,59584.0
2020-02-19,2020021901012756,LLBS,51,21,52,1201.0,62452.0
2020-02-19,2020021901012810,MBL,34,49,428,240.0,102720.0
2020-02-19,2020021901012676,MEGA,32,53,1006,212.0,213272.0
2020-02-19,2020021901012758,MEGA,32,10,14,212.0,2968.0
2020-02-19,2020021901012998,MERO,42,58,18,693.0,12474.0
2020-02-19,2020021901012641,MERO,26,54,200,689.0,137800.0
2020-02-19,2020021901012640,MERO,39,54,30,689.0,20670.0
2020-02-19,2020021901012811,MERO,59,57,50,689.0,34450.0
2020-02-19,2020021901012735,MERO,59,54,20,689.0,13780.0
2020-02-19,2020021901012997,MERO,42,55,82,693.0,56826.0
2020-02-19,2020021901012924,MERO,59,46,42,689.0,28938.0
2020-02-19,2020021901012723,MLBL,4,35,11,221.0,2431.0
2020-02-19,2020021901012722,MLBL,56,35,489,221.0,108069.0
2020-02-19,2020021901012697,MNBBL,32,35,500,330.0,165000.0
2020-02-19,2020021901012956,NABIL,42,53,100,750.0,75000.0
2020-02-19,2020021901012908,NABIL,36,53,100,750.0,75000.0
2020-02-19,2020021901012934,NADEP,18,44,10,789.0,7890.0
2020-02-19,2020021901012933,NADEP,18,55,33,785.0,25905.0
2020-02-19,2020021901012907,NADEP,18,55,19,785.0,14915.0
2020-02-19,2020021901012906,NADEP,18,41,26,785.0,20410.0
2020-02-19,2020021901012905,NADEP,18,18,153,784.0,119952.0
2020-02-19,2020021901012904,NADEP,18,38,11,782.0,8602.0
2020-02-19,2020021901012623,NADEP,18,7,500,777.0,388500.0
2020-02-19,2020021901012622,NADEP,29,7,94,777.0,73038.0
2020-02-19,2020021901012903,NADEP,18,38,11,782.0,8602.0
2020-02-19,2020021901012902,NADEP,18,57,50,780.0,39000.0
2020-02-19,2020021901012901,NADEP,18,34,230,776.0,178480.0
2020-02-19,2020021901012717,NADEP,5,7,206,777.0,160062.0
2020-02-19,2020021901012755,NBB,34,36,17,211.0,3587.0
2020-02-19,2020021901012754,NBB,34,42,810,211.0,170910.0
2020-02-19,2020021901012718,NBB,6,42,300,211.0,63300.0
2020-02-19,2020021901012675,NBB,32,35,300,210.0,63000.0
2020-02-19,2020021901012674,NBB,42,35,100,210.0,21000.0
2020-02-19,2020021901012793,NBF2,48,56,400,9.3,3720.0
2020-02-19,2020021901012721,NBF2,48,57,1000,9.3,9300.0
2020-02-19,2020021901012696,NBL,33,16,300,272.0,81600.0
2020-02-19,2020021901012695,NBL,33,22,100,272.0,27200.0
2020-02-19,2020021901012694,NBL,33,8,100,272.0,27200.0
2020-02-19,2020021901012693,NBL,33,51,300,272.0,81600.0
2020-02-19,2020021901012692,NBL,33,44,200,272.0,54400.0
2020-02-19,2020021901012691,NBL,33,48,100,272.0,27200.0
2020-02-19,2020021901012690,NBL,33,7,350,272.0,95200.0
2020-02-19,2020021901012689,NBL,33,57,345,272.0,93840.0
2020-02-19,2020021901012669,NGPL,35,7,139,139.0,19321.0
2020-02-19,2020021901012673,NIB,38,49,150,386.0,57900.0
2020-02-19,2020021901012582,NIB,45,33,43,386.0,16598.0
2020-02-19,2020021901013038,NICA,14,36,100,546.0,54600.0
2020-02-19,2020021901012954,NICA,14,4,192,546.0,104832.0
2020-02-19,2020021901012953,NICA,25,4,10,546.0,5460.0
2020-02-19,2020021901012952,NICA,34,4,50,546.0,27300.0
2020-02-19,2020021901012951,NICA,33,4,1379,546.0,752934.0
2020-02-19,2020021901012950,NICA,42,4,369,547.0,201843.0
2020-02-19,2020021901012608,NICA,33,25,121,546.0,66066.0
2020-02-19,2020021901012607,NICA,18,25,79,546.0,43134.0
2020-02-19,2020021901012911,NICA,34,34,6,538.0,3228.0
2020-02-19,2020021901012873,NICA,42,47,1000,547.0,547000.0
2020-02-19,2020021901012838,NICA,42,25,91,547.0,49777.0
2020-02-19,2020021901012837,NICA,6,25,309,547.0,169023.0
2020-02-19,2020021901012732,NICA,6,19,30,547.0,16410.0
2020-02-19,2020021901012682,NICA,6,16,61,547.0,33367.0
2020-02-19,2020021901012918,NICL,38,16,50,467.0,23350.0
2020-02-19,2020021901012580,NICL,44,55,300,466.0,139800.0
2020-02-19,2020021901012949,NIL,39,16,40,608.0,24320.0
2020-02-19,2020021901012741,NIL,51,51,200,607.0,121400.0
2020-02-19,2020021901012714,NLG,54,22,590,722.0,425980.0
2020-02-19,2020021901012713,NLG,35,22,100,722.0,72200.0
2020-02-19,2020021901012712,NLG,16,22,100,722.0,72200.0
2020-02-19,2020021901012677,NLG,16,35,100,722.0,72200.0
2020-02-19,2020021901013035,NLIC,41,58,30,1185.0,35550.0
2020-02-19,2020021901013034,NLIC,56,58,200,1185.0,237000.0
2020-02-19,2020021901013033,NLIC,57,58,100,1185.0,118500.0
2020-02-19,2020021901013032,NLIC,45,58,200,1185.0,237000.0
2020-02-19,2020021901013031,NLIC,41,58,130,1185.0,154050.0
2020-02-19,2020021901013030,NLIC,39,58,150,1185.0,177750.0
2020-02-19,2020021901013011,NLIC,48,58,180,1188.0,213840.0
2020-02-19,2020021901012659,NLIC,17,58,25,1189.0,29725.0
2020-02-19,2020021901012635,NLIC,42,58,20,1189.0,23780.0
2020-02-19,2020021901012602,NLIC,6,58,30,1189.0,35670.0
2020-02-19,2020021901013017,NLIC,28,58,200,1186.0,237200.0
2020-02-19,2020021901013016,NLIC,34,58,37,1186.0,43882.0
2020-02-19,2020021901013015,NLIC,45,58,50,1187.0,59350.0
2020-02-19,2020021901013014,NLIC,22,58,100,1187.0,118700.0
2020-02-19,2020021901013013,NLIC,49,58,30,1187.0,35610.0
2020-02-19,2020021901013012,NLIC,38,58,200,1187.0,237400.0
2020-02-19,2020021901013023,NLIC,35,58,100,1186.0,118600.0
2020-02-19,2020021901013022,NLIC,50,58,60,1186.0,71160.0
2020-02-19,2020021901013021,NLIC,44,58,200,1186.0,237200.0
2020-02-19,2020021901013020,NLIC,54,58,100,1186.0,118600.0
2020-02-19,2020021901013019,NLIC,34,58,100,1186.0,118600.0
2020-02-19,2020021901013018,NLIC,35,58,88,1186.0,104368.0
2020-02-19,2020021901013029,NLIC,33,58,100,1185.0,118500.0
2020-02-19,2020021901013028,NLIC,45,58,50,1185.0,59250.0
2020-02-19,2020021901013027,NLIC,49,58,80,1185.0,94800.0
2020-02-19,2020021901013026,NLIC,7,58,100,1185.0,118500.0
2020-02-19,2020021901013025,NLIC,48,58,10,1185.0,11850.0
2020-02-19,2020021901013024,NLIC,48,58,10,1185.0,11850.0
2020-02-19,2020021901013001,NMB,42,44,15,409.0,6135.0
2020-02-19,2020021901012972,NMB,43,44,50,409.0,20450.0
2020-02-19,2020021901012971,NMB,46,44,35,409.0,14315.0
2020-02-19,2020021901012958,NMB,37,14,100,410.0,41000.0
2020-02-19,2020021901013042,NMFBS,33,14,100,1789.0,178900.0
2020-02-19,2020021901013041,NMFBS,33,33,50,1789.0,89450.0
2020-02-19,2020021901012861,NMFBS,44,34,160,1754.0,280640.0
2020-02-19,2020021901012860,NMFBS,44,28,100,1754.0,175400.0
2020-02-19,2020021901012859,NMFBS,44,6,100,1754.0,175400.0
2020-02-19,2020021901012858,NMFBS,44,48,15,1754.0,26310.0
2020-02-19,2020021901012667,NMFBS,33,14,10,1753.0,17530.0
2020-02-19,2020021901012630,NMFBS,44,5,50,1750.0,87500.0
2020-02-19,2020021901012629,NMFBS,44,41,175,1745.0,305375.0
2020-02-19,2020021901012628,NMFBS,44,33,100,1744.0,174400.0
2020-02-19,2020021901012627,NMFBS,44,36,11,1744.0,19184.0
2020-02-19,2020021901012626,NMFBS,44,8,53,1740.0,92220.0
2020-02-19,2020021901012923,NSEWA,50,45,10,829.0,8290.0
2020-02-19,2020021901012751,NTC,25,11,475,620.0,294500.0
2020-02-19,2020021901012806,NUBL,6,22,52,1057.0,54964.0
2020-02-19,2020021901012746,NUBL,6,28,48,1057.0,50736.0
2020-02-19,2020021901012706,NUBL,35,28,60,1057.0,63420.0
2020-02-19,2020021901012679,NUBL,37,44,300,1061.0,318300.0
2020-02-19,2020021901012983,PCBL,50,35,50,286.0,14300.0
2020-02-19,2020021901012982,PCBL,45,35,100,286.0,28600.0
2020-02-19,2020021901012981,PCBL,11,35,50,286.0,14300.0
2020-02-19,2020021901012614,PFL,35,47,54,160.0,8640.0
2020-02-19,2020021901012613,PFL,35,38,26,160.0,4160.0
2020-02-19,2020021901012612,PFL,35,56,39,160.0,6240.0
2020-02-19,2020021901012611,PFL,35,43,39,160.0,6240.0
2020-02-19,2020021901012610,PFL,35,32,25,160.0,4000.0
2020-02-19,2020021901012609,PFL,35,47,39,160.0,6240.0
2020-02-19,2020021901012955,PIC,22,25,110,648.0,71280.0
2020-02-19,2020021901012850,PIC,45,38,60,649.0,38940.0
2020-02-19,2020021901012833,PLIC,59,47,150,616.0,92400.0
2020-02-19,2020021901012784,PLIC,38,5,175,615.0,107625.0
2020-02-19,2020021901012783,PLIC,57,5,89,615.0,54735.0
2020-02-19,2020021901012782,PLIC,49,5,20,615.0,12300.0
2020-02-19,2020021901012832,PRIN,44,42,192,491.0,94272.0
2020-02-19,2020021901012831,PRIN,3,42,100,492.0,49200.0
2020-02-19,2020021901012948,PRVU,1,26,36,250.0,9000.0
2020-02-19,2020021901012573,PRVU,1,54,114,250.0,28500.0
2020-02-19,2020021901012572,PRVU,59,54,200,250.0,50000.0
2020-02-19,2020021901012571,PRVU,1,54,100,250.0,25000.0
2020-02-19,2020021901012570,PRVU,1,54,900,250.0,225000.0
2020-02-19,2020021901012569,PRVU,39,54,500,250.0,125000.0
2020-02-19,2020021901012562,PRVU,38,54,1000,250.0,250000.0
2020-02-19,2020021901012561,PRVU,40,54,1000,250.0,250000.0
2020-02-19,2020021901012560,PRVU,38,54,500,250.0,125000.0
2020-02-19,2020021901012559,PRVU,46,54,400,250.0,100000.0
2020-02-19,2020021901012558,PRVU,35,54,200,250.0,50000.0
2020-02-19,2020021901012557,PRVU,58,54,676,250.0,169000.0
2020-02-19,2020021901012568,PRVU,25,54,250,250.0,62500.0
2020-02-19,2020021901012567,PRVU,58,54,10000,250.0,2500000.0
2020-02-19,2020021901012566,PRVU,26,54,100,250.0,25000.0
2020-02-19,2020021901012565,PRVU,58,54,5000,250.0,1250000.0
2020-02-19,2020021901012564,PRVU,43,54,60,250.0,15000.0
2020-02-19,2020021901012563,PRVU,29,54,500,250.0,125000.0
2020-02-19,2020021901012753,RBCL,29,44,50,11000.0,550000.0
2020-02-19,2020021901012740,RBCL,29,44,50,11000.0,550000.0
2020-02-19,2020021901012913,RBCLPO,45,42,20,9350.0,187000.0
2020-02-19,2020021901013046,RHPL,5,16,40,166.0,6640.0
2020-02-19,2020021901012959,RHPL,5,16,40,166.0,6640.0
2020-02-19,2020021901012938,RHPL,5,16,50,166.0,8300.0
2020-02-19,2020021901012896,RHPL,5,8,100,166.0,16600.0
2020-02-19,2020021901012889,RHPL,5,16,40,166.0,6640.0
2020-02-19,2020021901012863,RHPL,5,16,40,166.0,6640.0
2020-02-19,2020021901012764,RHPL,5,16,40,166.0,6640.0
2020-02-19,2020021901012742,RHPL,5,46,20,166.0,3320.0
2020-02-19,2020021901012715,RHPL,5,28,30,166.0,4980.0
2020-02-19,2020021901012665,RHPL,5,18,20,166.0,3320.0
2020-02-19,2020021901012664,RHPL,56,18,280,166.0,46480.0
2020-02-19,2020021901012579,RHPL,56,28,20,166.0,3320.0
2020-02-19,2020021901012872,RMDC,6,55,44,771.0,33924.0
2020-02-19,2020021901012899,RRHP,45,6,10,102.0,1020.0
2020-02-19,2020021901012987,RSDC,25,59,90,505.0,45450.0
2020-02-19,2020021901012986,RSDC,41,59,110,505.0,55550.0
2020-02-19,2020021901012789,RSDC,58,29,500,507.0,253500.0
2020-02-19,2020021901012788,RSDC,58,34,39,506.0,19734.0
2020-02-19,2020021901012787,RSDC,58,34,38,506.0,19228.0
2020-02-19,2020021901012786,RSDC,58,17,335,506.0,169510.0
2020-02-19,2020021901012604,RSDC,58,17,165,506.0,83490.0
2020-02-19,2020021901012603,RSDC,58,39,335,505.0,169175.0
2020-02-19,2020021901012745,SABSL,40,45,10,954.0,9540.0
2020-02-19,2020021901012744,SABSL,40,7,140,954.0,133560.0
2020-02-19,2020021901012726,SABSL,48,28,10,945.0,9450.0
2020-02-19,2020021901012893,SADBL,26,19,118,170.0,20060.0
2020-02-19,2020021901012621,SADBL,44,19,2000,169.0,338000.0
2020-02-19,2020021901012957,SANIMA,49,42,82,357.0,29274.0
2020-02-19,2020021901012965,SAPDBL,6,26,11,147.0,1617.0
2020-02-19,2020021901013044,SBL,33,42,69,323.0,22287.0
2020-02-19,2020021901013043,SBL,45,42,100,323.0,32300.0
2020-02-19,2020021901012802,SBL,11,6,100,324.0,32400.0
2020-02-19,2020021901012633,SCB,57,1,200,649.0,129800.0
2020-02-19,2020021901012632,SCB,25,1,400,649.0,259600.0
2020-02-19,2020021901012734,SDESI,45,29,100,970.0,97000.0
2020-02-19,2020021901012724,SDESI,25,40,10,989.0,9890.0
2020-02-19,2020021901012855,SHINE,21,41,100,298.0,29800.0
2020-02-19,2020021901012670,SHINE,16,16,485,297.0,144045.0
2020-02-19,2020021901013053,SHIVM,34,42,50,645.0,32250.0
2020-02-19,2020021901013052,SHIVM,34,14,30,645.0,19350.0
2020-02-19,2020021901013051,SHIVM,34,34,100,645.0,64500.0
2020-02-19,2020021901013050,SHIVM,34,38,500,645.0,322500.0
2020-02-19,2020021901012942,SHIVM,59,28,710,645.0,457950.0
2020-02-19,2020021901012941,SHIVM,59,21,100,644.0,64400.0
2020-02-19,2020021901012590,SHIVM,25,53,50,641.0,32050.0
2020-02-19,2020021901012589,SHIVM,25,5,50,640.0,32000.0
2020-02-19,2020021901012588,SHIVM,25,8,100,640.0,64000.0
2020-02-19,2020021901012671,SHIVM,58,58,150,640.0,96000.0
2020-02-19,2020021901012668,SHIVM,1,42,500,641.0,320500.0
2020-02-19,2020021901012617,SHIVM,5,28,1000,641.0,641000.0
2020-02-19,2020021901012616,SHIVM,5,53,500,641.0,320500.0
2020-02-19,2020021901012615,SHIVM,5,53,450,641.0,288450.0
2020-02-19,2020021901012804,SHIVM,53,45,100,642.0,64200.0
2020-02-19,2020021901012780,SHIVM,56,16,500,641.0,320500.0
2020-02-19,2020021901012729,SHIVM,41,45,900,642.0,577800.0
2020-02-19,2020021901012728,SHIVM,41,46,100,642.0,64200.0
2020-02-19,2020021901012707,SHIVM,1,42,150,641.0,96150.0
2020-02-19,2020021901012672,SHIVM,58,42,350,641.0,224350.0
2020-02-19,2020021901012823,SHIVM,25,21,200,642.0,128400.0
2020-02-19,2020021901012822,SHIVM,25,41,50,642.0,32100.0
2020-02-19,2020021901012821,SHIVM,25,25,15,642.0,9630.0
2020-02-19,2020021901012820,SHIVM,25,25,100,642.0,64200.0
2020-02-19,2020021901012819,SHIVM,25,53,300,642.0,192600.0
2020-02-19,2020021901012805,SHIVM,53,53,200,642.0,128400.0
2020-02-19,2020021901012829,SHIVM,6,44,150,641.0,96150.0
2020-02-19,2020021901012828,SHIVM,25,21,100,642.0,64200.0
2020-02-19,2020021901012827,SHIVM,25,51,50,642.0,32100.0
2020-02-19,2020021901012826,SHIVM,25,1,20,642.0,12840.0
2020-02-19,2020021901012825,SHIVM,25,33,100,642.0,64200.0
2020-02-19,2020021901012824,SHIVM,25,48,50,642.0,32100.0
2020-02-19,2020021901012912,SHIVM,50,21,40,643.0,25720.0
2020-02-19,2020021901012897,SHIVM,29,44,150,642.0,96300.0
2020-02-19,2020021901012875,SHIVM,29,59,50,642.0,32100.0
2020-02-19,2020021901012866,SHIVM,57,21,60,643.0,38580.0
2020-02-19,2020021901012865,SHIVM,57,35,40,643.0,25720.0
2020-02-19,2020021901012853,SHIVM,56,35,10,643.0,6430.0
2020-02-19,2020021901012940,SHIVM,59,22,200,644.0,128800.0
2020-02-19,2020021901012939,SHIVM,59,35,990,644.0,637560.0
2020-02-19,2020021901012936,SHIVM,56,35,10,644.0,6440.0
2020-02-19,2020021901012927,SHIVM,56,46,240,642.0,154080.0
2020-02-19,2020021901012926,SHIVM,29,46,300,642.0,192600.0
2020-02-19,2020021901012925,SHIVM,50,46,460,643.0,295780.0
2020-02-19,2020021901012797,SHL,55,58,500,193.0,96500.0
2020-02-19,2020021901012815,SHPC,57,38,359,228.0,81852.0
2020-02-19,2020021901012814,SHPC,22,38,300,229.0,68700.0
2020-02-19,2020021901012813,SHPC,17,38,80,230.0,18400.0
2020-02-19,2020021901012812,SHPC,14,38,261,230.0,60030.0
2020-02-19,2020021901013010,SICL,56,58,10,1230.0,12300.0
2020-02-19,2020021901013009,SICL,53,58,20,1230.0,24600.0
2020-02-19,2020021901013008,SICL,44,58,111,1230.0,136530.0
2020-02-19,2020021901013007,SICL,45,58,200,1231.0,246200.0
2020-02-19,2020021901013006,SICL,44,58,150,1232.0,184800.0
2020-02-19,2020021901012678,SICL,42,19,30,1235.0,37050.0
2020-02-19,2020021901012605,SICL,18,19,100,1235.0,123500.0
2020-02-19,2020021901012792,SICL,40,40,51,1236.0,63036.0
2020-02-19,2020021901012791,SICL,40,6,11,1236.0,13596.0
2020-02-19,2020021901012790,SICL,40,19,38,1235.0,46930.0
2020-02-19,2020021901012761,SICL,34,19,10,1235.0,12350.0
2020-02-19,2020021901012842,SICL,44,58,889,1230.0,1093470.0
2020-02-19,2020021901012841,SICL,51,58,50,1230.0,61500.0
2020-02-19,2020021901012840,SICL,17,58,41,1231.0,50471.0
2020-02-19,2020021901012839,SICL,22,58,20,1231.0,24620.0
2020-02-19,2020021901013003,SJCL,22,16,10,155.0,1550.0
2020-02-19,2020021901012968,SJCL,22,16,20,155.0,3100.0
2020-02-19,2020021901012922,SJCL,22,16,20,155.0,3100.0
2020-02-19,2020021901012895,SJCL,22,16,10,155.0,1550.0
2020-02-19,2020021901012894,SJCL,26,16,10,155.0,1550.0
2020-02-19,2020021901012851,SJCL,26,16,20,155.0,3100.0
2020-02-19,2020021901012591,SJCL,45,28,20,154.0,3080.0
2020-02-19,2020021901012781,SJCL,26,16,20,155.0,3100.0
2020-02-19,2020021901012763,SJCL,43,21,50,156.0,7800.0
2020-02-19,2020021901012762,SJCL,43,8,50,155.0,7750.0
2020-02-19,2020021901012749,SJCL,45,46,20,154.0,3080.0
2020-02-19,2020021901012733,SJCL,45,28,20,154.0,3080.0
2020-02-19,2020021901012994,SKBBL,41,39,136,1266.0,172176.0
2020-02-19,2020021901012993,SKBBL,41,14,50,1265.0,63250.0
2020-02-19,2020021901012992,SKBBL,41,48,14,1265.0,17710.0
2020-02-19,2020021901012990,SKBBL,39,21,65,1260.0,81900.0
2020-02-19,2020021901012961,SKBBL,39,21,14,1259.0,17626.0
2020-02-19,2020021901012856,SKBBL,51,14,100,1255.0,125500.0
2020-02-19,2020021901012801,SLBBL,29,57,500,975.0,487500.0
2020-02-19,2020021901012719,SLBBL,50,29,14,979.0,13706.0
2020-02-19,2020021901012807,SLBSL,43,46,10,1023.0,10230.0
2020-02-19,2020021901012988,SLICL,39,57,100,497.0,49700.0
2020-02-19,2020021901012935,SLICL,22,22,101,496.0,50096.0
2020-02-19,2020021901012663,SLICL,14,55,100,496.0,49600.0
2020-02-19,2020021901012634,SLICL,26,34,15,495.0,7425.0
2020-02-19,2020021901013047,SMATA,50,22,58,853.0,49474.0
2020-02-19,2020021901012932,SMATA,34,45,1000,865.0,865000.0
2020-02-19,2020021901012931,SMATA,34,19,300,865.0,259500.0
2020-02-19,2020021901012930,SMATA,34,51,20,865.0,17300.0
2020-02-19,2020021901012929,SMATA,34,29,10,865.0,8650.0
2020-02-19,2020021901012681,SMATA,40,29,120,865.0,103800.0
2020-02-19,2020021901012680,SMATA,40,58,130,865.0,112450.0
2020-02-19,2020021901012898,SMFBS,49,58,10,1177.0,11770.0
2020-02-19,2020021901012960,SPARS,38,46,10,950.0,9500.0
2020-02-19,2020021901012945,SRBL,4,17,637,255.0,162435.0
2020-02-19,2020021901012944,SRBL,50,17,1000,255.0,255000.0
2020-02-19,2020021901012943,SRBL,48,17,180,255.0,45900.0
2020-02-19,2020021901012817,STC,50,28,150,2775.0,416250.0
2020-02-19,2020021901012816,STC,50,56,160,2770.0,443200.0
2020-02-19,2020021901012648,STC,39,56,40,2770.0,110800.0
2020-02-19,2020021901012556,STC,40,56,60,2765.0,165900.0
2020-02-19,2020021901012888,SWBBL,33,14,150,1345.0,201750.0
2020-02-19,2020021901012606,SWBBL,33,28,62,1345.0,83390.0
2020-02-19,2020021901012984,TMDBL,6,26,13,192.0,2496.0
2020-02-19,2020021901012891,TRH,3,28,150,304.0,45600.0
2020-02-19,2020021901012743,UPCL,1,28,50,80.0,4000.0
2020-02-19,2020021901012869,UPPER,11,33,50,239.0,11950.0
2020-02-19,2020021901012808,UPPER,45,33,500,239.0,119500.0
2020-02-19,2020021901012750,UPPER,55,28,50,238.0,11900.0
2020-02-19,2020021901012619,UPPER,55,28,40,238.0,9520.0
2020-02-19,2020021901012631,VLBS,34,45,13,1175.0,15275.0
2020-02-19,2020021901012581,WOMI,18,58,117,1105.0,129285.0
2020-02-19,2020021901005739,ADBL,58,38,100,398.0,39800.0
2020-02-19,2020021901005738,ADBL,58,26,366,398.0,145668.0
2020-02-19,2020021901005947,AKPL,16,40,50,137.0,6850.0
2020-02-19,2020021901006027,ALBSL,34,16,200,800.0,160000.0
2020-02-19,2020021901006026,ALBSL,34,42,123,795.0,97785.0
2020-02-19,2020021901006025,ALBSL,34,21,50,795.0,39750.0
2020-02-19,2020021901006024,ALBSL,34,57,200,795.0,159000.0
2020-02-19,2020021901006023,ALBSL,34,52,100,795.0,79500.0
2020-02-19,2020021901006022,ALBSL,34,29,18,795.0,14310.0
2020-02-19,2020021901005830,ALBSL,34,35,11,780.0,8580.0
2020-02-19,2020021901005829,ALBSL,34,18,11,779.0,8569.0
2020-02-19,2020021901005786,ALBSL,34,39,11,774.0,8514.0
2020-02-19,2020021901005894,ALBSL,22,40,60,785.0,47100.0
2020-02-19,2020021901005893,ALBSL,22,58,100,784.0,78400.0
2020-02-19,2020021901005892,ALBSL,22,33,100,782.0,78200.0
2020-02-19,2020021901005833,ALBSL,34,53,11,780.0,8580.0
2020-02-19,2020021901005832,ALBSL,34,46,33,780.0,25740.0
2020-02-19,2020021901005831,ALBSL,34,14,11,780.0,8580.0
2020-02-19,2020021901005952,ALBSL,22,26,11,789.0,8679.0
2020-02-19,2020021901005898,ALBSL,22,50,60,785.0,47100.0
2020-02-19,2020021901005897,ALBSL,22,55,200,785.0,157000.0
2020-02-19,2020021901005896,ALBSL,22,57,11,785.0,8635.0
2020-02-19,2020021901005895,ALBSL,22,17,100,785.0,78500.0
2020-02-19,2020021901006021,ALBSL,34,19,100,795.0,79500.0
2020-02-19,2020021901006020,ALBSL,34,39,145,793.0,114985.0
2020-02-19,2020021901006019,ALBSL,34,53,60,792.0,47520.0
2020-02-19,2020021901005955,ALBSL,22,50,199,790.0,157210.0
2020-02-19,2020021901005954,ALBSL,22,58,11,790.0,8690.0
2020-02-19,2020021901005953,ALBSL,22,29,95,790.0,75050.0
2020-02-19,2020021901005727,ALICL,32,42,156,625.0,97500.0
2020-02-19,2020021901005726,ALICL,45,42,200,626.0,125200.0
2020-02-19,2020021901005559,API,49,6,1000,137.0,137000.0
2020-02-19,2020021901005715,BOKL,28,8,230,236.0,54280.0
2020-02-19,2020021901005714,BOKL,14,8,500,236.0,118000.0
2020-02-19,2020021901005713,BOKL,16,8,756,236.0,178416.0
2020-02-19,2020021901005712,BOKL,48,8,200,237.0,47400.0
2020-02-19,2020021901005711,BOKL,26,8,150,237.0,35550.0
2020-02-19,2020021901005710,BOKL,8,8,100,237.0,23700.0
2020-02-19,2020021901005709,BOKL,49,8,118,237.0,27966.0
2020-02-19,2020021901005760,BPCL,45,36,700,359.0,251300.0
2020-02-19,2020021901005736,BPCL,46,57,460,359.0,165140.0
2020-02-19,2020021901005735,BPCL,46,34,200,359.0,71800.0
2020-02-19,2020021901005734,BPCL,46,34,22,359.0,7898.0
2020-02-19,2020021901005733,BPCL,46,57,11,359.0,3949.0
2020-02-19,2020021901005732,BPCL,46,49,103,359.0,36977.0
2020-02-19,2020021901005731,BPCL,46,8,200,359.0,71800.0
2020-02-19,2020021901005601,BPCL,29,6,10,358.0,3580.0
2020-02-19,2020021901005986,CBBL,59,16,110,1152.0,126720.0
2020-02-19,2020021901005985,CBBL,59,25,100,1150.0,115000.0
2020-02-19,2020021901005984,CBBL,59,37,200,1147.0,229400.0
2020-02-19,2020021901005983,CBBL,59,20,30,1147.0,34410.0
2020-02-19,2020021901005982,CBBL,59,49,50,1147.0,57350.0
2020-02-19,2020021901005981,CBBL,59,33,51,1147.0,58497.0
2020-02-19,2020021901005560,CBBL,45,54,10,1125.0,11250.0
2020-02-19,2020021901005779,CBBL,59,45,347,1125.0,390375.0
2020-02-19,2020021901005753,CBBL,59,16,200,1125.0,225000.0
2020-02-19,2020021901005752,CBBL,59,56,58,1125.0,65250.0
2020-02-19,2020021901005751,CBBL,59,6,40,1125.0,45000.0
2020-02-19,2020021901005704,CBBL,8,6,10,1125.0,11250.0
2020-02-19,2020021901005703,CBBL,8,54,90,1125.0,101250.0
2020-02-19,2020021901005799,CBBL,59,34,50,1125.0,56250.0
2020-02-19,2020021901005784,CBBL,59,58,958,1130.0,1082540.0
2020-02-19,2020021901005783,CBBL,59,20,20,1128.0,22560.0
2020-02-19,2020021901005782,CBBL,59,57,100,1128.0,112800.0
2020-02-19,2020021901005781,CBBL,59,34,25,1127.0,28175.0
2020-02-19,2020021901005780,CBBL,59,44,50,1126.0,56300.0
2020-02-19,2020021901005874,CBBL,40,53,100,1133.0,113300.0
2020-02-19,2020021901005873,CBBL,40,19,50,1132.0,56600.0
2020-02-19,2020021901005872,CBBL,40,55,130,1132.0,147160.0
2020-02-19,2020021901005871,CBBL,40,47,15,1131.0,16965.0
2020-02-19,2020021901005802,CBBL,18,8,50,1130.0,56500.0
2020-02-19,2020021901005801,CBBL,18,58,42,1130.0,47460.0
2020-02-19,2020021901005980,CBBL,59,44,33,1146.0,37818.0
2020-02-19,2020021901005914,CBBL,53,41,10,1133.0,11330.0
2020-02-19,2020021901005913,CBBL,53,4,50,1133.0,56650.0
2020-02-19,2020021901005912,CBBL,53,21,50,1133.0,56650.0
2020-02-19,2020021901005911,CBBL,53,42,295,1133.0,334235.0
2020-02-19,2020021901005875,CBBL,40,42,205,1133.0,232265.0
2020-02-19,2020021901005956,CBL,32,45,101,153.0,15453.0
2020-02-19,2020021901005910,CHCL,14,34,100,432.0,43200.0
2020-02-19,2020021901005909,CHCL,14,13,300,430.0,129000.0
2020-02-19,2020021901005908,CHCL,14,49,100,430.0,43000.0
2020-02-19,2020021901005907,CHCL,14,42,27,426.0,11502.0
2020-02-19,2020021901005906,CHCL,14,53,33,425.0,14025.0
2020-02-19,2020021901005849,CHCL,16,53,1455,425.0,618375.0
2020-02-19,2020021901005848,CHCL,16,22,145,424.0,61480.0
2020-02-19,2020021901005616,CZBIL,25,6,40,199.0,7960.0
2020-02-19,2020021901005615,CZBIL,25,57,10,199.0,1990.0
2020-02-19,2020021901005926,DDBL,18,41,11,899.0,9889.0
2020-02-19,2020021901005878,DDBL,45,41,239,899.0,214861.0
2020-02-19,2020021901005877,DDBL,45,16,200,898.0,179600.0
2020-02-19,2020021901005876,DDBL,45,57,61,898.0,54778.0
2020-02-19,2020021901005855,DDBL,41,44,419,897.0,375843.0
2020-02-19,2020021901005749,DDBL,45,44,50,897.0,44850.0
2020-02-19,2020021901005571,DDBL,50,44,31,897.0,27807.0
2020-02-19,2020021901005570,DDBL,50,25,69,896.0,61824.0
2020-02-19,2020021901005860,EBL,29,32,300,665.0,199500.0
2020-02-19,2020021901005852,EIC,38,19,50,444.0,22200.0
2020-02-19,2020021901005644,EIC,13,35,20,443.0,8860.0
2020-02-19,2020021901005643,EIC,36,35,30,443.0,13290.0
2020-02-19,2020021901005798,FMDBL,41,34,56,497.0,27832.0
2020-02-19,2020021901005797,FMDBL,41,35,100,497.0,49700.0
2020-02-19,2020021901005796,FMDBL,41,44,44,497.0,21868.0
2020-02-19,2020021901005795,FMDBL,41,34,100,496.0,49600.0
2020-02-19,2020021901005707,FMDBL,43,44,456,497.0,226632.0
2020-02-19,2020021901005706,FMDBL,43,29,450,497.0,223650.0
2020-02-19,2020021901005564,FMDBL,57,6,500,492.0,246000.0
2020-02-19,2020021901005563,FMDBL,57,53,30,492.0,14760.0
2020-02-19,2020021901005664,FMDBL,29,45,70,494.0,34580.0
2020-02-19,2020021901005598,FMDBL,18,45,130,494.0,64220.0
2020-02-19,2020021901005597,FMDBL,18,42,400,494.0,197600.0
2020-02-19,2020021901005567,FMDBL,57,39,200,493.0,98600.0
2020-02-19,2020021901005566,FMDBL,57,1,100,493.0,49300.0
2020-02-19,2020021901005565,FMDBL,57,36,50,493.0,24650.0
2020-02-19,2020021901005705,FMDBL,43,34,94,497.0,46718.0
2020-02-19,2020021901005669,FMDBL,57,34,411,497.0,204267.0
2020-02-19,2020021901005668,FMDBL,57,39,200,495.0,99000.0
2020-02-19,2020021901005667,FMDBL,29,58,100,494.0,49400.0
2020-02-19,2020021901005666,FMDBL,29,36,121,494.0,59774.0
2020-02-19,2020021901005665,FMDBL,29,25,100,494.0,49400.0
2020-02-19,2020021901006051,FOWAD,38,57,19,1585.0,30115.0
2020-02-19,2020021901006050,FOWAD,38,58,19,1585.0,30115.0
2020-02-19,2020021901006049,FOWAD,38,7,19,1584.0,30096.0
2020-02-19,2020021901006015,GBIME,4,57,100,286.0,28600.0
2020-02-19,2020021901006014,GBIME,4,45,1200,286.0,343200.0
2020-02-19,2020021901006013,GBIME,4,57,100,286.0,28600.0
2020-02-19,2020021901006012,GBIME,4,45,1784,286.0,510224.0
2020-02-19,2020021901005936,GBIME,43,8,666,285.0,189810.0
2020-02-19,2020021901005935,GBIME,13,8,42,285.0,11970.0
2020-02-19,2020021901005594,GBIME,8,1,30,285.0,8550.0
2020-02-19,2020021901005593,GBIME,42,1,28,285.0,7980.0
2020-02-19,2020021901005880,GBIME,49,45,70,286.0,20020.0
2020-02-19,2020021901005645,GBIME,4,45,146,286.0,41756.0
2020-02-19,2020021901005618,GBIME,4,22,182,286.0,52052.0
2020-02-19,2020021901005617,GBIME,4,16,1672,286.0,478192.0
2020-02-19,2020021901005596,GBIME,13,1,58,285.0,16530.0
2020-02-19,2020021901005595,GBIME,11,1,50,285.0,14250.0
2020-02-19,2020021901006034,GBLBS,39,50,85,520.0,44200.0
2020-02-19,2020021901006033,GBLBS,39,37,1000,520.0,520000.0
2020-02-19,2020021901006032,GBLBS,39,44,1800,520.0,936000.0
2020-02-19,2020021901006008,GBLBS,45,36,115,517.0,59455.0
2020-02-19,2020021901005960,GBLBS,16,44,500,518.0,259000.0
2020-02-19,2020021901005903,GBLBS,38,26,50,519.0,25950.0
2020-02-19,2020021901005647,GBLBS,38,43,13,518.0,6734.0
2020-02-19,2020021901005635,GBLBS,38,1,10,518.0,5180.0
2020-02-19,2020021901005600,GBLBS,53,8,100,520.0,52000.0
2020-02-19,2020021901005589,GBLBS,56,8,200,520.0,104000.0
2020-02-19,2020021901005568,GBLBS,49,8,200,520.0,104000.0
2020-02-19,2020021901005558,GBLBS,16,33,350,523.0,183050.0
2020-02-19,2020021901005761,GBLBS,58,26,978,516.0,504648.0
2020-02-19,2020021901005722,GBLBS,38,26,22,517.0,11374.0
2020-02-19,2020021901005694,GBLBS,38,44,478,517.0,247126.0
2020-02-19,2020021901005693,GBLBS,44,44,545,517.0,281765.0
2020-02-19,2020021901005692,GBLBS,38,44,177,518.0,91686.0
2020-02-19,2020021901005651,GBLBS,38,45,300,518.0,155400.0
2020-02-19,2020021901005902,GBLBS,38,28,800,519.0,415200.0
2020-02-19,2020021901005857,GBLBS,34,44,200,520.0,104000.0
2020-02-19,2020021901005772,GBLBS,52,1,50,516.0,25800.0
2020-02-19,2020021901005771,GBLBS,52,40,178,516.0,91848.0
2020-02-19,2020021901005769,GBLBS,53,40,300,516.0,154800.0
2020-02-19,2020021901005762,GBLBS,58,40,22,516.0,11352.0
2020-02-19,2020021901005881,GFCL,29,49,100,153.0,15300.0
2020-02-19,2020021901006042,GILB,50,44,1087,1430.0,1554410.0
2020-02-19,2020021901005838,GILB,7,44,100,1430.0,143000.0
2020-02-19,2020021901005725,GILB,18,17,16,1420.0,22720.0
2020-02-19,2020021901005822,GLBSL,22,39,10,783.0,7830.0
2020-02-19,2020021901005921,GMFBS,32,40,50,971.0,48550.0
2020-02-19,2020021901005785,GMFBS,32,40,50,971.0,48550.0
2020-02-19,2020021901005841,HBL,5,51,40,575.0,23000.0
2020-02-19,2020021901005840,HBL,5,22,160,575.0,92000.0
2020-02-19,2020021901005652,HBL,59,38,500,574.0,287000.0
2020-02-19,2020021901006028,HDL,5,4,1000,1439.0,1439000.0
2020-02-19,2020021901005979,HDL,28,58,50,1440.0,72000.0
2020-02-19,2020021901005937,HDL,54,38,200,1441.0,288200.0
2020-02-19,2020021901005904,HDL,28,38,250,1440.0,360000.0
2020-02-19,2020021901005865,HDL,58,51,100,1438.0,143800.0
2020-02-19,2020021901005750,HDL,49,51,100,1438.0,143800.0
2020-02-19,2020021901005918,HIDCL,59,44,53,138.0,7314.0
2020-02-19,2020021901005853,HIDCL,35,39,61,137.0,8357.0
2020-02-19,2020021901005774,HIDCL,35,35,61,137.0,8357.0
2020-02-19,2020021901005999,ILBS,14,35,10,925.0,9250.0
2020-02-19,2020021901005998,ILBS,14,58,10,925.0,9250.0
2020-02-19,2020021901005997,ILBS,14,41,10,925.0,9250.0
2020-02-19,2020021901005996,ILBS,14,56,100,925.0,92500.0
2020-02-19,2020021901005995,ILBS,14,50,10,925.0,9250.0
2020-02-19,2020021901005994,ILBS,14,32,10,925.0,9250.0
2020-02-19,2020021901005677,ILBS,49,42,10,915.0,9150.0
2020-02-19,2020021901005993,ILBS,14,42,10,924.0,9240.0
2020-02-19,2020021901005992,ILBS,14,57,10,923.0,9230.0
2020-02-19,2020021901005991,ILBS,14,34,10,920.0,9200.0
2020-02-19,2020021901005990,ILBS,14,40,20,920.0,18400.0
2020-02-19,2020021901005679,ILBS,49,28,139,915.0,127185.0
2020-02-19,2020021901005678,ILBS,49,1,10,915.0,9150.0
2020-02-19,2020021901005879,JBBL,49,39,107,191.0,20437.0
2020-02-19,2020021901006031,KBL,58,49,100,197.0,19700.0
2020-02-19,2020021901005922,KBL,58,33,120,197.0,23640.0
2020-02-19,2020021901005905,KBL,58,39,84,197.0,16548.0
2020-02-19,2020021901005708,KBL,58,37,443,197.0,87271.0
2020-02-19,2020021901005794,KKHC,42,35,10,53.0,530.0
2020-02-19,2020021901005973,KSBBL,29,40,100,172.0,17200.0
2020-02-19,2020021901005972,KSBBL,29,59,1000,172.0,172000.0
2020-02-19,2020021901005971,KSBBL,29,51,250,172.0,43000.0
2020-02-19,2020021901005970,KSBBL,29,42,29,172.0,4988.0
2020-02-19,2020021901005969,KSBBL,29,33,500,172.0,86000.0
2020-02-19,2020021901005968,KSBBL,29,40,2000,172.0,344000.0
2020-02-19,2020021901005842,KSBBL,34,16,300,171.0,51300.0
2020-02-19,2020021901005660,KSBBL,34,34,1300,171.0,222300.0
2020-02-19,2020021901005967,KSBBL,29,32,21,172.0,3612.0
2020-02-19,2020021901005966,KSBBL,29,32,28,172.0,4816.0
2020-02-19,2020021901005965,KSBBL,29,22,102,172.0,17544.0
2020-02-19,2020021901005964,KSBBL,29,57,500,172.0,86000.0
2020-02-19,2020021901005963,KSBBL,29,11,500,172.0,86000.0
2020-02-19,2020021901005962,KSBBL,29,56,953,172.0,163916.0
2020-02-19,2020021901005845,LBBL,36,19,117,195.0,22815.0
2020-02-19,2020021901005717,LBBL,36,40,385,195.0,75075.0
2020-02-19,2020021901005716,LBBL,36,40,152,195.0,29640.0
2020-02-19,2020021901005655,LBL,34,1,98,230.0,22540.0
2020-02-19,2020021901005626,LBL,34,58,400,230.0,92000.0
2020-02-19,2020021901005599,LEMF,14,42,2500,8.26,20650.0
2020-02-19,2020021901006053,LGIL,45,33,100,527.0,52700.0
2020-02-19,2020021901006052,LGIL,45,6,293,526.0,154118.0
2020-02-19,2020021901005868,LGIL,35,6,100,526.0,52600.0
2020-02-19,2020021901005890,LLBS,28,26,115,1192.0,137080.0
2020-02-19,2020021901005889,LLBS,28,41,500,1192.0,596000.0
2020-02-19,2020021901005888,LLBS,28,34,28,1192.0,33376.0
2020-02-19,2020021901005887,LLBS,28,45,30,1190.0,35700.0
2020-02-19,2020021901005886,LLBS,28,55,100,1190.0,119000.0
2020-02-19,2020021901005885,LLBS,28,50,40,1190.0,47600.0
2020-02-19,2020021901005625,LLBS,19,34,66,1184.0,78144.0
2020-02-19,2020021901005591,LLBS,19,34,100,1184.0,118400.0
2020-02-19,2020021901005556,LLBS,19,44,27,1180.0,31860.0
2020-02-19,2020021901005555,LLBS,19,22,10,1180.0,11800.0
2020-02-19,2020021901005554,LLBS,19,35,50,1180.0,59000.0
2020-02-19,2020021901005884,LLBS,28,4,40,1190.0,47600.0
2020-02-19,2020021901005846,LLBS,55,39,18,1188.0,21384.0
2020-02-19,2020021901005834,LLBS,55,59,16,1187.0,18992.0
2020-02-19,2020021901005811,LLBS,19,45,58,1185.0,68730.0
2020-02-19,2020021901005810,LLBS,19,34,42,1184.0,49728.0
2020-02-19,2020021901005748,LLBS,19,37,17,1170.0,19890.0
2020-02-19,2020021901005767,MBL,44,47,65,242.0,15730.0
2020-02-19,2020021901005930,MEGA,38,33,106,211.0,22366.0
2020-02-19,2020021901005924,MEGA,38,57,100,211.0,21100.0
2020-02-19,2020021901005718,MEGA,38,57,100,211.0,21100.0
2020-02-19,2020021901005790,MERO,53,38,70,678.0,47460.0
2020-02-19,2020021901005770,MERO,49,38,500,675.0,337500.0
2020-02-19,2020021901005689,MERO,49,38,50,678.0,33900.0
2020-02-19,2020021901005561,MERO,40,22,40,673.0,26920.0
2020-02-19,2020021901005688,MERO,49,11,175,677.0,118475.0
2020-02-19,2020021901005687,MERO,49,58,175,674.0,117950.0
2020-02-19,2020021901005989,MFIL,34,32,500,195.0,97500.0
2020-02-19,2020021901005988,MFIL,34,51,41,195.0,7995.0
2020-02-19,2020021901005867,MLBBL,59,26,50,859.0,42950.0
2020-02-19,2020021901005866,MLBBL,59,26,50,859.0,42950.0
2020-02-19,2020021901005856,MLBL,56,14,469,225.0,105525.0
2020-02-19,2020021901005573,MLBL,34,14,116,224.0,25984.0
2020-02-19,2020021901005572,MLBL,34,59,1000,224.0,224000.0
2020-02-19,2020021901005579,MLBL,34,34,162,225.0,36450.0
2020-02-19,2020021901005578,MLBL,34,34,162,225.0,36450.0
2020-02-19,2020021901005577,MLBL,34,34,162,225.0,36450.0
2020-02-19,2020021901005576,MLBL,34,13,933,225.0,209925.0
2020-02-19,2020021901005575,MLBL,34,10,972,225.0,218700.0
2020-02-19,2020021901005574,MLBL,34,52,300,225.0,67500.0
2020-02-19,2020021901005592,MLBL,34,14,71,225.0,15975.0
2020-02-19,2020021901005581,MLBL,34,42,60,225.0,13500.0
2020-02-19,2020021901005580,MLBL,34,34,162,225.0,36450.0
2020-02-19,2020021901005699,MNBBL,32,14,100,329.0,32900.0
2020-02-19,2020021901005698,MNBBL,36,14,900,329.0,296100.0
2020-02-19,2020021901005697,MNBBL,4,14,3000,329.0,987000.0
2020-02-19,2020021901005606,MNBBL,38,13,30,330.0,9900.0
2020-02-19,2020021901005605,MNBBL,38,13,100,330.0,33000.0
2020-02-19,2020021901005604,MNBBL,49,13,500,330.0,165000.0
2020-02-19,2020021901005603,MNBBL,42,13,50,330.0,16500.0
2020-02-19,2020021901005602,MNBBL,56,13,245,330.0,80850.0
2020-02-19,2020021901005696,MNBBL,56,14,1000,330.0,330000.0
2020-02-19,2020021901005659,MNBBL,18,16,10,331.0,3310.0
2020-02-19,2020021901005610,MNBBL,22,13,60,330.0,19800.0
2020-02-19,2020021901005609,MNBBL,48,13,100,330.0,33000.0
2020-02-19,2020021901005608,MNBBL,35,13,500,330.0,165000.0
2020-02-19,2020021901005607,MNBBL,49,13,100,330.0,33000.0
2020-02-19,2020021901006036,MPFL,38,26,50,124.0,6200.0
2020-02-19,2020021901005938,MPFL,43,39,170,123.0,20910.0
2020-02-19,2020021901005928,MPFL,47,39,709,123.0,87207.0
2020-02-19,2020021901005927,MPFL,47,7,41,123.0,5043.0
2020-02-19,2020021901005686,MPFL,45,7,1567,123.0,192741.0
2020-02-19,2020021901005685,MPFL,45,58,433,123.0,53259.0
2020-02-19,2020021901005828,NADEP,36,41,257,765.0,196605.0
2020-02-19,2020021901005827,NADEP,36,41,10,765.0,7650.0
2020-02-19,2020021901005826,NADEP,18,41,31,768.0,23808.0
2020-02-19,2020021901005695,NADEP,34,14,200,775.0,155000.0
2020-02-19,2020021901005672,NADEP,18,7,96,768.0,73728.0
2020-02-19,2020021901005671,NADEP,18,29,23,765.0,17595.0
2020-02-19,2020021901006000,NBL,38,33,271,269.0,72899.0
2020-02-19,2020021901005812,NBL,59,57,140,270.0,37800.0
2020-02-19,2020021901005755,NCCB,44,40,71,195.0,13845.0
2020-02-19,2020021901005754,NCCB,43,40,456,195.0,88920.0
2020-02-19,2020021901005702,NCCB,43,45,880,195.0,171600.0
2020-02-19,2020021901005701,NCCB,43,45,1336,195.0,260520.0
2020-02-19,2020021901005700,NCCB,35,45,104,195.0,20280.0
2020-02-19,2020021901005613,NCCB,35,40,328,195.0,63960.0
2020-02-19,2020021901005883,NFS,11,45,180,131.0,23580.0
2020-02-19,2020021901005843,NGPL,58,14,225,139.0,31275.0
2020-02-19,2020021901005562,NGPL,58,34,11,139.0,1529.0
2020-02-19,2020021901005825,NIB,8,40,27,385.0,10395.0
2020-02-19,2020021901005824,NIB,26,40,21,385.0,8085.0
2020-02-19,2020021901005729,NIB,26,57,50,385.0,19250.0
2020-02-19,2020021901005680,NIB,26,1,122,385.0,46970.0
2020-02-19,2020021901005741,NIBPO,33,26,500,337.0,168500.0
2020-02-19,2020021901005648,NIBPO,4,4,1500,338.0,507000.0
2020-02-19,2020021901005721,NICA,45,36,916,547.0,501052.0
2020-02-19,2020021901005720,NICA,32,36,100,547.0,54700.0
2020-02-19,2020021901005719,NICA,26,36,723,547.0,395481.0
2020-02-19,2020021901005670,NICL,33,42,2000,461.0,922000.0
2020-02-19,2020021901005654,NICL,36,42,2000,462.0,924000.0
2020-02-19,2020021901005653,NICL,51,42,100,462.0,46200.0
2020-02-19,2020021901006043,NLBBL,29,34,150,849.0,127350.0
2020-02-19,2020021901006030,NLBBL,5,34,300,849.0,254700.0
2020-02-19,2020021901005768,NLBBL,36,57,25,845.0,21125.0
2020-02-19,2020021901005759,NLBBL,28,34,550,849.0,466950.0
2020-02-19,2020021901005758,NLBBL,28,38,381,848.0,323088.0
2020-02-19,2020021901005757,NLBBL,28,51,90,848.0,76320.0
2020-02-19,2020021901005629,NLBBL,34,19,200,841.0,168200.0
2020-02-19,2020021901005628,NLBBL,34,21,100,840.0,84000.0
2020-02-19,2020021901005627,NLBBL,34,29,186,840.0,156240.0
2020-02-19,2020021901005586,NLBBL,53,59,300,838.0,251400.0
2020-02-19,2020021901005756,NLBBL,28,37,500,847.0,423500.0
2020-02-19,2020021901005676,NLBBL,36,44,100,845.0,84500.0
2020-02-19,2020021901005675,NLBBL,36,33,50,845.0,42250.0
2020-02-19,2020021901005674,NLBBL,36,18,105,845.0,88725.0
2020-02-19,2020021901005650,NLBBL,36,37,286,844.0,241384.0
2020-02-19,2020021901005630,NLBBL,34,37,214,844.0,180616.0
2020-02-19,2020021901005862,NLIC,57,35,78,1192.0,92976.0
2020-02-19,2020021901005764,NLIC,57,44,300,1192.0,357600.0
2020-02-19,2020021901005763,NLIC,57,57,22,1191.0,26202.0
2020-02-19,2020021901005773,NLICL,8,32,365,697.0,254405.0
2020-02-19,2020021901005900,NMB,41,58,400,410.0,164000.0
2020-02-19,2020021901005807,NMB,58,36,558,409.0,228222.0
2020-02-19,2020021901005806,NMB,29,36,500,409.0,204500.0
2020-02-19,2020021901005805,NMB,19,36,50,409.0,20450.0
2020-02-19,2020021901005804,NMB,32,36,100,409.0,40900.0
2020-02-19,2020021901005803,NMB,35,36,24,409.0,9816.0
2020-02-19,2020021901005792,NMB,35,14,476,409.0,194684.0
2020-02-19,2020021901005791,NMB,44,14,24,409.0,9816.0
2020-02-19,2020021901005737,NMBMF,58,41,125,945.0,118125.0
2020-02-19,2020021901005925,NSEWA,5,39,10,813.0,8130.0
2020-02-19,2020021901006041,NUBL,59,25,100,1099.0,109900.0
2020-02-19,2020021901006040,NUBL,59,42,10,1099.0,10990.0
2020-02-19,2020021901006039,NUBL,59,5,116,1099.0,127484.0
2020-02-19,2020021901006038,NUBL,59,50,50,1080.0,54000.0
2020-02-19,2020021901006037,NUBL,59,6,10,1080.0,10800.0
2020-02-19,2020021901006011,NUBL,58,47,420,1079.0,453180.0
2020-02-19,2020021901005813,NUBL,35,22,270,1058.0,285660.0
2020-02-19,2020021901005819,NUBL,35,26,100,1060.0,106000.0
2020-02-19,2020021901005818,NUBL,35,14,100,1060.0,106000.0
2020-02-19,2020021901005817,NUBL,35,44,1000,1060.0,1060000.0
2020-02-19,2020021901005816,NUBL,35,14,150,1059.0,158850.0
2020-02-19,2020021901005815,NUBL,35,42,120,1059.0,127080.0
2020-02-19,2020021901005814,NUBL,35,33,89,1059.0,94251.0
2020-02-19,2020021901006010,NUBL,58,44,400,1079.0,431600.0
2020-02-19,2020021901005950,NUBL,58,44,525,1078.0,565950.0
2020-02-19,2020021901005870,NUBL,58,11,200,1078.0,215600.0
2020-02-19,2020021901005851,NUBL,53,11,300,1078.0,323400.0
2020-02-19,2020021901005821,NUBL,35,54,50,1060.0,53000.0
2020-02-19,2020021901005820,NUBL,35,14,100,1060.0,106000.0
2020-02-19,2020021901005809,PCBL,11,57,50,286.0,14300.0
2020-02-19,2020021901005634,PCBL,52,11,100,287.0,28700.0
2020-02-19,2020021901005633,PCBL,52,19,100,287.0,28700.0
2020-02-19,2020021901005730,PFL,1,1,22,157.0,3454.0
2020-02-19,2020021901005901,PIC,45,16,100,653.0,65300.0
2020-02-19,2020021901005837,PIC,42,34,20,652.0,13040.0
2020-02-19,2020021901005836,PIC,42,40,94,652.0,61288.0
2020-02-19,2020021901005835,PIC,42,40,94,652.0,61288.0
2020-02-19,2020021901005723,PIC,45,58,100,650.0,65000.0
2020-02-19,2020021901005728,PICL,36,41,10,527.0,5270.0
2020-02-19,2020021901005923,PLIC,25,6,100,610.0,61000.0
2020-02-19,2020021901005778,PRIN,42,35,13,491.0,6383.0
2020-02-19,2020021901005777,PRIN,44,35,37,491.0,18167.0
2020-02-19,2020021901005585,PRIN,44,50,363,491.0,178233.0
2020-02-19,2020021901005948,PRVU,49,20,104,249.0,25896.0
2020-02-19,2020021901005557,PRVU,44,38,100,250.0,25000.0
2020-02-19,2020021901005978,RHPL,49,28,40,166.0,6640.0
2020-02-19,2020021901005861,RHPL,49,14,40,166.0,6640.0
2020-02-19,2020021901005587,RHPL,49,49,10,166.0,1660.0
2020-02-19,2020021901005793,RMDC,49,19,200,765.0,153000.0
2020-02-19,2020021901005746,RMDC,42,53,48,760.0,36480.0
2020-02-19,2020021901005745,RMDC,42,25,115,760.0,87400.0
2020-02-19,2020021901005744,RMDC,42,54,40,760.0,30400.0
2020-02-19,2020021901005743,RMDC,42,44,263,760.0,199880.0
2020-02-19,2020021901005742,RMDC,42,37,34,759.0,25806.0
2020-02-19,2020021901005684,RMDC,28,37,235,759.0,178365.0
2020-02-19,2020021901005683,RMDC,28,58,265,758.0,200870.0
2020-02-19,2020021901005682,RMDC,28,58,1000,757.0,757000.0
2020-02-19,2020021901005858,RRHP,45,6,10,102.0,1020.0
2020-02-19,2020021901005658,RSDC,58,45,100,493.0,49300.0
2020-02-19,2020021901005657,RSDC,58,35,120,493.0,59160.0
2020-02-19,2020021901005656,RSDC,58,28,400,493.0,197200.0
2020-02-19,2020021901005649,RSDC,45,28,100,493.0,49300.0
2020-02-19,2020021901005632,RSDC,49,52,500,492.0,246000.0
2020-02-19,2020021901005631,RSDC,49,11,90,492.0,44280.0
2020-02-19,2020021901005624,RSDC,58,53,400,490.0,196000.0
2020-02-19,2020021901005623,RSDC,58,14,70,490.0,34300.0
2020-02-19,2020021901005622,RSDC,58,11,90,490.0,44100.0
2020-02-19,2020021901005621,RSDC,58,52,47,490.0,23030.0
2020-02-19,2020021901005620,RSDC,58,51,100,488.0,48800.0
2020-02-19,2020021901005619,RSDC,58,22,180,487.0,87660.0
2020-02-19,2020021901005823,SABSL,1,42,10,931.0,9310.0
2020-02-19,2020021901005917,SANIMA,58,58,1150,358.0,411700.0
2020-02-19,2020021901005916,SANIMA,58,58,50,358.0,17900.0
2020-02-19,2020021901005915,SANIMA,58,53,234,358.0,83772.0
2020-02-19,2020021901005612,SANIMA,46,44,180,357.0,64260.0
2020-02-19,2020021901006029,SBI,44,44,1894,428.0,810632.0
2020-02-19,2020021901005929,SBI,28,44,106,428.0,45368.0
2020-02-19,2020021901005766,SBL,4,1,108,321.0,34668.0
2020-02-19,2020021901005977,SCB,41,34,20,646.0,12920.0
2020-02-19,2020021901005976,SCB,41,40,20,646.0,12920.0
2020-02-19,2020021901005975,SCB,41,35,320,646.0,206720.0
2020-02-19,2020021901005854,SDESI,45,40,190,966.0,183540.0
2020-02-19,2020021901005673,SDESI,41,40,40,965.0,38600.0
2020-02-19,2020021901005951,SHINE,45,39,400,301.0,120400.0
2020-02-19,2020021901005847,SHINE,45,57,100,300.0,30000.0
2020-02-19,2020021901006047,SHIVM,59,28,500,627.0,313500.0
2020-02-19,2020021901006046,SHIVM,59,38,50,627.0,31350.0
2020-02-19,2020021901006045,SHIVM,59,57,10,627.0,6270.0
2020-02-19,2020021901006044,SHIVM,59,35,50,627.0,31350.0
2020-02-19,2020021901005859,SHIVM,5,38,100,626.0,62600.0
2020-02-19,2020021901005569,SHL,19,7,300,194.0,58200.0
2020-02-19,2020021901005949,SHPC,41,39,22,229.0,5038.0
2020-02-19,2020021901006035,SIC,56,45,374,783.0,292842.0
2020-02-19,2020021901005920,SIC,57,26,100,780.0,78000.0
2020-02-19,2020021901005987,SICL,47,16,150,1239.0,185850.0
2020-02-19,2020021901005747,SICL,50,17,80,1235.0,98800.0
2020-02-19,2020021901005582,SICL,45,16,237,1234.0,292458.0
2020-02-19,2020021901005869,SIL,44,46,150,584.0,87600.0
2020-02-19,2020021901006048,SINDU,45,22,200,135.0,27000.0
2020-02-19,2020021901006007,SJCL,5,28,20,157.0,3140.0
2020-02-19,2020021901005839,SJCL,5,14,20,157.0,3140.0
2020-02-19,2020021901005588,SJCL,5,26,20,157.0,3140.0
2020-02-19,2020021901006006,SLBBL,53,48,150,978.0,146700.0
2020-02-19,2020021901006005,SLBBL,53,44,100,978.0,97800.0
2020-02-19,2020021901006004,SLBBL,53,34,50,978.0,48900.0
2020-02-19,2020021901005974,SLBBL,35,17,123,977.0,120171.0
2020-02-19,2020021901005959,SLBBL,55,17,30,977.0,29310.0
2020-02-19,2020021901005919,SLBBL,6,49,200,975.0,195000.0
2020-02-19,2020021901005690,SLBBL,6,54,70,976.0,68320.0
2020-02-19,2020021901005899,SLBSL,58,37,100,990.0,99000.0
2020-02-19,2020021901005891,SLBSL,42,37,20,1003.0,20060.0
2020-02-19,2020021901005882,SLBSL,6,37,90,1004.0,90360.0
2020-02-19,2020021901005740,SLBSL,6,29,10,1004.0,10040.0
2020-02-19,2020021901005614,SLBSL,52,36,10,1004.0,10040.0
2020-02-19,2020021901005934,SLICL,42,57,50,492.0,24600.0
2020-02-19,2020021901005641,SLICL,51,43,30,491.0,14730.0
2020-02-19,2020021901005640,SLICL,38,43,500,491.0,245500.0
2020-02-19,2020021901005639,SLICL,6,43,200,491.0,98200.0
2020-02-19,2020021901005638,SLICL,46,43,50,492.0,24600.0
2020-02-19,2020021901005637,SLICL,45,43,30,492.0,14760.0
2020-02-19,2020021901005636,SLICL,41,43,190,492.0,93480.0
2020-02-19,2020021901006003,SPARS,40,19,120,957.0,114840.0
2020-02-19,2020021901006002,SPARS,40,13,200,957.0,191400.0
2020-02-19,2020021901006001,SPARS,40,45,40,954.0,38160.0
2020-02-19,2020021901005850,SPARS,43,45,50,954.0,47700.0
2020-02-19,2020021901005584,SPARS,26,26,60,950.0,57000.0
2020-02-19,2020021901005583,SPARS,26,49,10,949.0,9490.0
2020-02-19,2020021901005787,SRBL,4,1,172,255.0,43860.0
2020-02-19,2020021901005724,SRBL,44,7,139,257.0,35723.0
2020-02-19,2020021901005864,SWBBL,43,11,24,1365.0,32760.0
2020-02-19,2020021901005863,SWBBL,43,36,10,1364.0,13640.0
2020-02-19,2020021901005844,SWBBL,53,44,290,1360.0,394400.0
2020-02-19,2020021901005800,SWBBL,58,44,10,1360.0,13600.0
2020-02-19,2020021901005789,SWBBL,58,58,10,1359.0,13590.0
2020-02-19,2020021901005775,SWBBL,58,1,120,1355.0,162600.0
2020-02-19,2020021901005765,SWBBL,58,44,130,1351.0,175630.0
2020-02-19,2020021901005590,SWBBL,6,52,200,1350.0,270000.0
2020-02-19,2020021901005642,UFL,49,7,140,180.0,25200.0
2020-02-19,2020021901005961,UIC,34,49,200,441.0,88200.0
2020-02-19,2020021901005691,UMHL,59,43,60,115.0,6900.0
2020-02-19,2020021901005646,UMHL,29,43,200,116.0,23200.0
2020-02-19,2020021901005808,UNHPL,17,14,50,59.0,2950.0
2020-02-19,2020021901006009,UPPER,55,39,50,238.0,11900.0
2020-02-19,2020021901005946,UPPER,55,28,50,238.0,11900.0
2020-02-19,2020021901005788,UPPER,7,14,20,239.0,4780.0
2020-02-19,2020021901005611,UPPER,7,26,40,239.0,9560.0
2020-02-19,2020021901005945,VLBS,52,58,32,1145.0,36640.0
2020-02-19,2020021901005944,VLBS,52,34,100,1145.0,114500.0
2020-02-19,2020021901005661,VLBS,19,19,77,1135.0,87395.0
2020-02-19,2020021901005932,VLBS,52,40,30,1139.0,34170.0
2020-02-19,2020021901005931,VLBS,52,57,10,1135.0,11350.0
2020-02-19,2020021901005681,VLBS,19,40,10,1139.0,11390.0
2020-02-19,2020021901005663,VLBS,19,6,13,1136.0,14768.0
2020-02-19,2020021901005662,VLBS,19,35,100,1135.0,113500.0
2020-02-19,2020021901005943,VLBS,52,13,13,1140.0,14820.0
2020-02-19,2020021901005942,VLBS,52,29,54,1140.0,61560.0
2020-02-19,2020021901005941,VLBS,52,38,55,1140.0,62700.0
2020-02-19,2020021901005940,VLBS,52,17,35,1140.0,39900.0
2020-02-19,2020021901005939,VLBS,52,58,70,1140.0,79800.0
2020-02-19,2020021901005933,VLBS,52,35,13,1139.0,14807.0
2020-02-19,2020021901005776,WOMI,53,32,23,1100.0,25300.0
2020-02-19,2020021901004684,AKJCL,17,26,10,55.0,550.0
2020-02-19,2020021901004670,AKJCL,17,26,10,55.0,550.0
2020-02-19,2020021901004656,AKJCL,17,26,10,55.0,550.0
2020-02-19,2020021901004636,AKJCL,17,48,20,55.0,1100.0
2020-02-19,2020021901004568,AKJCL,17,48,10,55.0,550.0
2020-02-19,2020021901004590,AKPL,49,49,211,136.0,28696.0
2020-02-19,2020021901004589,AKPL,57,49,2000,136.0,272000.0
2020-02-19,2020021901004588,AKPL,42,49,1000,136.0,136000.0
2020-02-19,2020021901004587,AKPL,1,49,407,136.0,55352.0
2020-02-19,2020021901004586,AKPL,41,49,500,137.0,68500.0
2020-02-19,2020021901004585,AKPL,34,49,882,137.0,120834.0
2020-02-19,2020021901005053,ALBSL,21,51,11,775.0,8525.0
2020-02-19,2020021901005052,ALBSL,21,42,11,775.0,8525.0
2020-02-19,2020021901004845,ALBSL,34,40,37,772.0,28564.0
2020-02-19,2020021901004844,ALBSL,21,40,33,773.0,25509.0
2020-02-19,2020021901004628,ALBSL,34,49,11,772.0,8492.0
2020-02-19,2020021901004794,ALICL,38,4,128,629.0,80512.0
2020-02-19,2020021901004782,ALICL,42,4,400,629.0,251600.0
2020-02-19,2020021901004742,ALICL,14,42,180,629.0,113220.0
2020-02-19,2020021901004727,ALICL,14,32,20,629.0,12580.0
2020-02-19,2020021901004584,ALICL,32,42,144,630.0,90720.0
2020-02-19,2020021901004676,BNT,44,44,10,7012.0,70120.0
2020-02-19,2020021901004859,BOKL,11,32,20,237.0,4740.0
2020-02-19,2020021901004828,BOKL,17,33,31,238.0,7378.0
2020-02-19,2020021901004827,BOKL,49,33,201,238.0,47838.0
2020-02-19,2020021901004747,BOKL,49,33,49,238.0,11662.0
2020-02-19,2020021901004746,BOKL,29,33,10,238.0,2380.0
2020-02-19,2020021901004745,BOKL,19,33,625,239.0,149375.0
2020-02-19,2020021901004705,BOKL,19,33,1000,239.0,239000.0
2020-02-19,2020021901004704,BOKL,19,33,375,239.0,89625.0
2020-02-19,2020021901004984,BPCL,34,34,2350,358.0,841300.0
2020-02-19,2020021901004977,BPCL,34,58,650,358.0,232700.0
2020-02-19,2020021901004958,BPCL,40,32,11,357.0,3927.0
2020-02-19,2020021901004837,BPCL,40,32,11,357.0,3927.0
2020-02-19,2020021901004826,BPCL,34,39,11,358.0,3938.0
2020-02-19,2020021901004810,BPCL,34,48,150,358.0,53700.0
2020-02-19,2020021901004735,BPCL,34,32,11,358.0,3938.0
2020-02-19,2020021901004959,CBL,32,48,1000,153.0,153000.0
2020-02-19,2020021901004957,CBL,32,46,41,153.0,6273.0
2020-02-19,2020021901004765,CBL,32,33,26,153.0,3978.0
2020-02-19,2020021901004764,CBL,52,33,108,153.0,16524.0
2020-02-19,2020021901004763,CBL,57,33,342,153.0,52326.0
2020-02-19,2020021901004641,CBL,57,35,11,153.0,1683.0
2020-02-19,2020021901004555,CBL,57,6,1000,153.0,153000.0
2020-02-19,2020021901004975,CCBL,41,46,11,186.0,2046.0
2020-02-19,2020021901004880,CCBL,41,39,29,186.0,5394.0
2020-02-19,2020021901004605,CHL,49,14,166,96.0,15936.0
2020-02-19,2020021901004808,CORBL,29,41,50,130.0,6500.0
2020-02-19,2020021901004897,CZBIL,40,39,50,197.0,9850.0
2020-02-19,2020021901004863,CZBIL,40,22,10,197.0,1970.0
2020-02-19,2020021901004756,DDBL,34,39,100,892.0,89200.0
2020-02-19,2020021901004720,EBL,56,29,50,663.0,33150.0
2020-02-19,2020021901004876,EBL,41,43,600,663.0,397800.0
2020-02-19,2020021901004721,EBL,58,29,450,663.0,298350.0
2020-02-19,2020021901004892,FMDBL,29,7,100,480.0,48000.0
2020-02-19,2020021901004891,FMDBL,20,7,100,480.0,48000.0
2020-02-19,2020021901004835,FMDBL,58,44,82,482.0,39524.0
2020-02-19,2020021901004744,FMDBL,54,7,200,481.0,96200.0
2020-02-19,2020021901004583,FMDBL,33,7,200,481.0,96200.0
2020-02-19,2020021901004902,GBBL,22,55,60,246.0,14760.0
2020-02-19,2020021901004781,GBBL,22,32,20,246.0,4920.0
2020-02-19,2020021901005028,GBIME,6,34,500,286.0,143000.0
2020-02-19,2020021901005027,GBIME,44,34,50,286.0,14300.0
2020-02-19,2020021901005026,GBIME,40,34,10,286.0,2860.0
2020-02-19,2020021901005025,GBIME,57,34,50,286.0,14300.0
2020-02-19,2020021901005024,GBIME,42,34,10,286.0,2860.0
2020-02-19,2020021901005023,GBIME,14,34,1000,286.0,286000.0
2020-02-19,2020021901004687,GBIME,4,32,1000,287.0,287000.0
2020-02-19,2020021901004964,GBIME,4,32,20,287.0,5740.0
2020-02-19,2020021901004874,GBIME,4,13,1000,287.0,287000.0
2020-02-19,2020021901004867,GBIME,4,32,40,287.0,11480.0
2020-02-19,2020021901004787,GBIME,4,32,20,287.0,5740.0
2020-02-19,2020021901004766,GBIME,4,42,90,287.0,25830.0
2020-02-19,2020021901004692,GBIME,4,7,500,287.0,143500.0
2020-02-19,2020021901005022,GBIME,48,34,50,286.0,14300.0
2020-02-19,2020021901005021,GBIME,14,34,100,286.0,28600.0
2020-02-19,2020021901005020,GBIME,44,34,500,286.0,143000.0
2020-02-19,2020021901005019,GBIME,17,34,78,286.0,22308.0
2020-02-19,2020021901005018,GBIME,4,34,180,287.0,51660.0
2020-02-19,2020021901004995,GBIME,4,42,150,287.0,43050.0
2020-02-19,2020021901004971,GBLBS,52,6,150,508.0,76200.0
2020-02-19,2020021901004970,GBLBS,52,35,203,508.0,103124.0
2020-02-19,2020021901004969,GBLBS,52,49,15,508.0,7620.0
2020-02-19,2020021901004968,GBLBS,52,1,90,508.0,45720.0
2020-02-19,2020021901004967,GBLBS,52,41,980,508.0,497840.0
2020-02-19,2020021901004951,GBLBS,39,17,30,507.0,15210.0
2020-02-19,2020021901004570,GBLBS,16,1,190,508.0,96520.0
2020-02-19,2020021901004569,GBLBS,52,1,10,508.0,5080.0
2020-02-19,2020021901004950,GBLBS,39,19,100,507.0,50700.0
2020-02-19,2020021901004940,GBLBS,39,53,60,507.0,30420.0
2020-02-19,2020021901004895,GBLBS,1,53,90,507.0,45630.0
2020-02-19,2020021901004894,GBLBS,5,53,50,507.0,25350.0
2020-02-19,2020021901004843,GBLBS,46,55,100,507.0,50700.0
2020-02-19,2020021901004688,GBLBS,16,35,10,508.0,5080.0
2020-02-19,2020021901004740,GHL,34,26,30,71.0,2130.0
2020-02-19,2020021901004737,GHL,34,26,30,71.0,2130.0
2020-02-19,2020021901004719,GHL,34,26,30,71.0,2130.0
2020-02-19,2020021901004712,GHL,34,26,30,71.0,2130.0
2020-02-19,2020021901004637,GHL,34,49,30,71.0,2130.0
2020-02-19,2020021901004601,GHL,34,39,20,71.0,1420.0
2020-02-19,2020021901004758,GLBSL,51,25,10,783.0,7830.0
2020-02-19,2020021901004906,GLICL,44,6,500,812.0,406000.0
2020-02-19,2020021901004905,GLICL,44,32,10,811.0,8110.0
2020-02-19,2020021901004699,GLICL,5,7,100,811.0,81100.0
2020-02-19,2020021901004952,GMFBS,32,6,10,950.0,9500.0
2020-02-19,2020021901004926,GMFBS,57,39,10,949.0,9490.0
2020-02-19,2020021901004919,GMFBS,43,58,10,960.0,9600.0
2020-02-19,2020021901004903,GMFBS,43,6,10,950.0,9500.0
2020-02-19,2020021901004643,GMFBS,32,48,10,941.0,9410.0
2020-02-19,2020021901004621,GRDBL,39,55,175,136.0,23800.0
2020-02-19,2020021901004852,HBL,50,16,200,572.0,114400.0
2020-02-19,2020021901004726,HBL,50,42,52,572.0,29744.0
2020-02-19,2020021901004599,HBL,11,22,20,575.0,11500.0
2020-02-19,2020021901005038,HDL,42,34,17,1440.0,24480.0
2020-02-19,2020021901005037,HDL,42,34,200,1440.0,288000.0
2020-02-19,2020021901004972,HDL,49,49,1500,1435.0,2152500.0
2020-02-19,2020021901004822,HDL,39,35,200,1436.0,287200.0
2020-02-19,2020021901004762,HDL,56,35,50,1439.0,71950.0
2020-02-19,2020021901004697,HDL,28,49,200,1435.0,287000.0
2020-02-19,2020021901004696,HDL,58,49,300,1436.0,430800.0
2020-02-19,2020021901004695,HDL,58,48,200,1436.0,287200.0
2020-02-19,2020021901004659,HDL,58,48,440,1436.0,631840.0
2020-02-19,2020021901004658,HDL,58,48,300,1436.0,430800.0
2020-02-19,2020021901004657,HDL,26,48,50,1437.0,71850.0
2020-02-19,2020021901004966,HGI,45,44,20,441.0,8820.0
2020-02-19,2020021901004889,HGI,38,44,500,444.0,222000.0
2020-02-19,2020021901004888,HGI,41,44,156,444.0,69264.0
2020-02-19,2020021901004677,HGI,58,57,500,445.0,222500.0
2020-02-19,2020021901005046,HIDCL,59,44,191,138.0,26358.0
2020-02-19,2020021901004908,HIDCL,59,20,31,138.0,4278.0
2020-02-19,2020021901004907,HIDCL,59,20,50,138.0,6900.0
2020-02-19,2020021901004882,HIDCL,35,32,11,137.0,1507.0
2020-02-19,2020021901004836,HIDCL,35,53,31,137.0,4247.0
2020-02-19,2020021901004653,HIDCL,59,34,31,138.0,4278.0
2020-02-19,2020021901004652,HIDCL,59,58,61,138.0,8418.0
2020-02-19,2020021901004651,HIDCL,59,50,50,138.0,6900.0
2020-02-19,2020021901004650,HIDCL,59,44,23,138.0,3174.0
2020-02-19,2020021901004647,HIDCL,35,48,318,137.0,43566.0
2020-02-19,2020021901004646,HIDCL,13,48,269,137.0,36853.0
2020-02-19,2020021901004642,HIDCL,13,32,31,137.0,4247.0
2020-02-19,2020021901004873,HPPL,49,34,10,154.0,1540.0
2020-02-19,2020021901004619,HPPL,49,8,10,154.0,1540.0
2020-02-19,2020021901004575,HPPL,49,48,20,154.0,3080.0
2020-02-19,2020021901005039,HURJA,13,32,20,106.0,2120.0
2020-02-19,2020021901004674,HURJA,13,49,20,106.0,2120.0
2020-02-19,2020021901004775,IGI,6,48,40,478.0,19120.0
2020-02-19,2020021901004750,IGI,6,36,10,478.0,4780.0
2020-02-19,2020021901004804,ILBS,55,32,10,912.0,9120.0
2020-02-19,2020021901004767,ILBS,55,28,10,912.0,9120.0
2020-02-19,2020021901004600,ILBS,55,28,10,912.0,9120.0
2020-02-19,2020021901004947,JSLBB,32,22,72,1815.0,130680.0
2020-02-19,2020021901004918,KBL,58,28,1248,197.0,245856.0
2020-02-19,2020021901004917,KBL,33,28,2000,197.0,394000.0
2020-02-19,2020021901004916,KBL,32,28,2000,197.0,394000.0
2020-02-19,2020021901004915,KBL,54,28,4752,197.0,936144.0
2020-02-19,2020021901004887,KBL,54,32,20,197.0,3940.0
2020-02-19,2020021901004885,KBL,29,14,200,198.0,39600.0
2020-02-19,2020021901004842,KBL,54,26,228,197.0,44916.0
2020-02-19,2020021901004841,KBL,49,26,929,197.0,183013.0
2020-02-19,2020021901004978,KMCDB,1,32,10,844.0,8440.0
2020-02-19,2020021901004634,KMCDB,1,43,10,844.0,8440.0
2020-02-19,2020021901004571,KMCDB,1,48,10,844.0,8440.0
2020-02-19,2020021901004997,KPCL,38,34,10,104.0,1040.0
2020-02-19,2020021901004982,KPCL,38,39,10,104.0,1040.0
2020-02-19,2020021901004949,KPCL,38,22,10,104.0,1040.0
2020-02-19,2020021901004924,KPCL,38,58,10,104.0,1040.0
2020-02-19,2020021901004593,KPCL,38,48,10,104.0,1040.0
2020-02-19,2020021901004673,KPCL,38,39,10,104.0,1040.0
2020-02-19,2020021901004667,KPCL,38,48,10,104.0,1040.0
2020-02-19,2020021901004862,KPCL,38,58,10,104.0,1040.0
2020-02-19,2020021901004691,KSBBL,50,4,56,170.0,9520.0
2020-02-19,2020021901005040,LBBL,36,39,14,195.0,2730.0
2020-02-19,2020021901004927,LBL,29,6,200,231.0,46200.0
2020-02-19,2020021901005049,LGIL,32,6,107,526.0,56282.0
2020-02-19,2020021901005036,LGIL,22,39,67,524.0,35108.0
2020-02-19,2020021901004851,LGIL,14,29,295,525.0,154875.0
2020-02-19,2020021901004748,LICN,34,42,100,1376.0,137600.0
2020-02-19,2020021901004732,LICN,26,25,300,1377.0,413100.0
2020-02-19,2020021901004655,LICN,49,42,100,1379.0,137900.0
2020-02-19,2020021901004654,LICN,5,42,50,1380.0,69000.0
2020-02-19,2020021901004904,LLBS,7,13,15,1180.0,17700.0
2020-02-19,2020021901004554,LLBS,51,47,27,1169.0,31563.0
2020-02-19,2020021901004939,MBL,29,25,200,241.0,48200.0
2020-02-19,2020021901004686,MBL,56,38,16,240.0,3840.0
2020-02-19,2020021901004598,MBL,40,38,500,240.0,120000.0
2020-02-19,2020021901004597,MBL,40,38,1000,240.0,240000.0
2020-02-19,2020021901004596,MBL,56,38,50,240.0,12000.0
2020-02-19,2020021901004595,MBL,58,38,2058,240.0,493920.0
2020-02-19,2020021901004603,MEGA,38,48,500,211.0,105500.0
2020-02-19,2020021901004592,MEGA,38,35,19,211.0,4009.0
2020-02-19,2020021901004579,MEGA,38,47,34,211.0,7174.0
2020-02-19,2020021901004685,MEGA,46,51,100,212.0,21200.0
2020-02-19,2020021901004900,MEGA,51,50,449,211.0,94739.0
2020-02-19,2020021901004909,MERO,22,42,30,670.0,20100.0
2020-02-19,2020021901004864,MLBL,6,53,104,223.0,23192.0
2020-02-19,2020021901004849,MLBL,6,1,104,223.0,23192.0
2020-02-19,2020021901004848,MLBL,49,1,896,223.0,199808.0
2020-02-19,2020021901004768,MLBL,14,59,1000,224.0,224000.0
2020-02-19,2020021901004668,MLBL,49,18,349,223.0,77827.0
2020-02-19,2020021901004623,MNBBL,56,36,11,330.0,3630.0
2020-02-19,2020021901004622,MNBBL,14,36,89,330.0,29370.0
2020-02-19,2020021901004833,MPFL,49,39,100,123.0,12300.0
2020-02-19,2020021901004678,MPFL,29,29,20,123.0,2460.0
2020-02-19,2020021901004884,MSMBS,1,1,18,831.0,14958.0
2020-02-19,2020021901004749,MSMBS,34,21,10,847.0,8470.0
2020-02-19,2020021901004901,NABIL,4,53,1800,749.0,1348200.0
2020-02-19,2020021901004869,NABIL,41,32,50,750.0,37500.0
2020-02-19,2020021901004868,NABIL,41,21,150,750.0,112500.0
2020-02-19,2020021901004988,NADEP,22,19,11,761.0,8371.0
2020-02-19,2020021901004857,NADEP,39,7,100,768.0,76800.0
2020-02-19,2020021901004856,NADEP,6,7,150,769.0,115350.0
2020-02-19,2020021901004855,NADEP,17,7,500,769.0,384500.0
2020-02-19,2020021901004854,NADEP,34,7,50,770.0,38500.0
2020-02-19,2020021901004853,NADEP,17,7,104,770.0,80080.0
2020-02-19,2020021901004757,NADEP,32,21,43,774.0,33282.0
2020-02-19,2020021901004809,NADEP,17,32,23,770.0,17710.0
2020-02-19,2020021901004799,NADEP,17,44,273,770.0,210210.0
2020-02-19,2020021901004798,NADEP,14,44,100,772.0,77200.0
2020-02-19,2020021901004797,NADEP,7,44,87,773.0,67251.0
2020-02-19,2020021901004796,NADEP,32,44,40,774.0,30960.0
2020-02-19,2020021901004778,NADEP,32,33,23,774.0,17802.0
2020-02-19,2020021901004956,NBB,34,50,500,211.0,105500.0
2020-02-19,2020021901004955,NBB,34,54,112,211.0,23632.0
2020-02-19,2020021901004954,NBB,34,37,1000,211.0,211000.0
2020-02-19,2020021901004953,NBB,34,25,125,211.0,26375.0
2020-02-19,2020021901004829,NBL,52,7,730,270.0,197100.0
2020-02-19,2020021901004824,NBL,57,7,50,270.0,13500.0
2020-02-19,2020021901004795,NBL,58,7,100,270.0,27000.0
2020-02-19,2020021901005041,NCCB,26,44,148,195.0,28860.0
2020-02-19,2020021901005029,NCCB,26,51,69,195.0,13455.0
2020-02-19,2020021901004935,NCCB,52,46,300,196.0,58800.0
2020-02-19,2020021901004820,NCCB,56,21,334,196.0,65464.0
2020-02-19,2020021901004773,NCCB,26,7,988,195.0,192660.0
2020-02-19,2020021901004772,NCCB,33,7,12,195.0,2340.0
2020-02-19,2020021901004731,NCCB,56,21,56,196.0,10976.0
2020-02-19,2020021901004730,NCCB,56,3,129,196.0,25284.0
2020-02-19,2020021901004729,NCCB,56,42,115,196.0,22540.0
2020-02-19,2020021901005017,NFS,57,32,10,132.0,1320.0
2020-02-19,2020021901004991,NFS,57,32,20,132.0,2640.0
2020-02-19,2020021901004933,NFS,57,32,20,132.0,2640.0
2020-02-19,2020021901004739,NGPL,53,36,173,138.0,23874.0
2020-02-19,2020021901004693,NGPL,40,36,878,138.0,121164.0
2020-02-19,2020021901004996,NIB,40,40,7,379.0,2653.0
2020-02-19,2020021901004944,NIB,56,25,100,386.0,38600.0
2020-02-19,2020021901004943,NIB,56,16,265,386.0,102290.0
2020-02-19,2020021901004934,NIB,26,53,17,385.0,6545.0
2020-02-19,2020021901004932,NIB,26,50,90,385.0,34650.0
2020-02-19,2020021901004878,NIB,33,16,25,386.0,9650.0
2020-02-19,2020021901004877,NIB,33,34,175,386.0,67550.0
2020-02-19,2020021901004981,NICA,4,43,14,548.0,7672.0
2020-02-19,2020021901004920,NICA,4,7,140,548.0,76720.0
2020-02-19,2020021901004913,NICA,4,4,1509,548.0,826932.0
2020-02-19,2020021901004912,NICA,4,52,100,548.0,54800.0
2020-02-19,2020021901004911,NICA,4,32,1000,548.0,548000.0
2020-02-19,2020021901004910,NICA,4,11,40,548.0,21920.0
2020-02-19,2020021901004899,NICA,49,11,200,548.0,109600.0
2020-02-19,2020021901004698,NICA,26,33,220,547.0,120340.0
2020-02-19,2020021901004648,NICA,49,11,100,548.0,54800.0
2020-02-19,2020021901004645,NICA,26,58,400,547.0,218800.0
2020-02-19,2020021901004974,NIL,59,16,20,607.0,12140.0
2020-02-19,2020021901004680,NIL,52,33,224,604.0,135296.0
2020-02-19,2020021901004669,NLBBL,19,32,10,834.0,8340.0
2020-02-19,2020021901004965,NLIC,40,40,8,1167.0,9336.0
2020-02-19,2020021901004752,NLIC,39,47,22,1190.0,26180.0
2020-02-19,2020021901004751,NLIC,39,16,68,1190.0,80920.0
2020-02-19,2020021901004594,NLIC,6,57,50,1189.0,59450.0
2020-02-19,2020021901004581,NLIC,38,49,16,1193.0,19088.0
2020-02-19,2020021901004580,NLIC,38,16,50,1192.0,59600.0
2020-02-19,2020021901005051,NMB,52,58,200,409.0,81800.0
2020-02-19,2020021901005032,NMB,52,44,613,409.0,250717.0
2020-02-19,2020021901005031,NMB,39,44,387,409.0,158283.0
2020-02-19,2020021901004890,NMB,1,58,10,410.0,4100.0
2020-02-19,2020021901004791,NMB,36,58,448,410.0,183680.0
2020-02-19,2020021901004790,NMB,36,19,37,410.0,15170.0
2020-02-19,2020021901004789,NMB,36,25,85,410.0,34850.0
2020-02-19,2020021901004728,NMB,48,25,100,410.0,41000.0
2020-02-19,2020021901004660,NMB,39,58,100,409.0,40900.0
2020-02-19,2020021901004788,NMBMF,16,57,100,940.0,94000.0
2020-02-19,2020021901004761,NMBMF,38,14,15,940.0,14100.0
2020-02-19,2020021901005015,NSEWA,43,19,10,812.0,8120.0
2020-02-19,2020021901004671,NSEWA,58,48,10,811.0,8110.0
2020-02-19,2020021901004616,NSEWA,58,29,30,811.0,24330.0
2020-02-19,2020021901004615,NSEWA,58,26,10,811.0,8110.0
2020-02-19,2020021901004614,NSEWA,58,17,10,805.0,8050.0
2020-02-19,2020021901004578,NSEWA,42,42,10,810.0,8100.0
2020-02-19,2020021901004577,NSEWA,42,29,10,810.0,8100.0
2020-02-19,2020021901004946,OHL,19,53,89,477.0,42453.0
2020-02-19,2020021901004994,PCBL,39,28,300,286.0,85800.0
2020-02-19,2020021901004993,PCBL,4,28,2516,286.0,719576.0
2020-02-19,2020021901004992,PCBL,29,28,461,287.0,132307.0
2020-02-19,2020021901004898,PCBL,29,50,39,287.0,11193.0
2020-02-19,2020021901004840,PCBL,29,34,200,288.0,57600.0
2020-02-19,2020021901004839,PCBL,29,8,100,288.0,28800.0
2020-02-19,2020021901004838,PCBL,29,16,200,288.0,57600.0
2020-02-19,2020021901004825,PCBL,4,4,948,286.0,271128.0
2020-02-19,2020021901004679,PCBL,46,16,100,288.0,28800.0
2020-02-19,2020021901004582,PCBL,13,4,1000,287.0,287000.0
2020-02-19,2020021901004815,PIC,36,39,11,653.0,7183.0
2020-02-19,2020021901004814,PIC,36,34,11,653.0,7183.0
2020-02-19,2020021901004813,PIC,36,8,20,653.0,13060.0
2020-02-19,2020021901004626,PIC,42,35,66,653.0,43098.0
2020-02-19,2020021901004806,PLIC,21,4,100,608.0,60800.0
2020-02-19,2020021901004805,PLIC,42,4,200,608.0,121600.0
2020-02-19,2020021901004683,PPCL,38,49,10,126.0,1260.0
2020-02-19,2020021901004816,PRIN,44,40,10,494.0,4940.0
2020-02-19,2020021901005044,PRVU,58,38,656,250.0,164000.0
2020-02-19,2020021901005042,PRVU,58,47,15,250.0,3750.0
2020-02-19,2020021901005035,PRVU,58,38,441,250.0,110250.0
2020-02-19,2020021901005034,PRVU,4,38,100,250.0,25000.0
2020-02-19,2020021901005033,PRVU,35,38,39,250.0,9750.0
2020-02-19,2020021901005016,PRVU,35,38,328,250.0,82000.0
2020-02-19,2020021901004561,PRVU,56,35,40,250.0,10000.0
2020-02-19,2020021901004560,PRVU,38,35,500,250.0,125000.0
2020-02-19,2020021901004559,PRVU,58,35,694,250.0,173500.0
2020-02-19,2020021901004784,PRVU,28,39,15,250.0,3750.0
2020-02-19,2020021901004709,PRVU,28,49,58,250.0,14500.0
2020-02-19,2020021901004566,PRVU,28,52,100,250.0,25000.0
2020-02-19,2020021901004564,PRVU,28,35,516,250.0,129000.0
2020-02-19,2020021901004563,PRVU,49,35,250,250.0,62500.0
2020-02-19,2020021901004562,PRVU,25,35,500,250.0,125000.0
2020-02-19,2020021901004999,PRVU,35,38,411,250.0,102750.0
2020-02-19,2020021901004987,PRVU,35,38,222,250.0,55500.0
2020-02-19,2020021901004986,PRVU,20,38,200,250.0,50000.0
2020-02-19,2020021901004985,PRVU,28,38,311,250.0,77750.0
2020-02-19,2020021901004870,PRVU,47,55,1000,251.0,251000.0
2020-02-19,2020021901004629,RBCLPO,59,32,10,9540.0,95400.0
2020-02-19,2020021901004834,RHPC,22,7,300,90.0,27000.0
2020-02-19,2020021901004983,RHPL,58,58,40,167.0,6680.0
2020-02-19,2020021901004960,RHPL,58,48,50,167.0,8350.0
2020-02-19,2020021901004879,RHPL,36,58,40,167.0,6680.0
2020-02-19,2020021901004812,RHPL,36,58,40,167.0,6680.0
2020-02-19,2020021901004779,RHPL,36,58,40,167.0,6680.0
2020-02-19,2020021901004759,RHPL,36,28,40,167.0,6680.0
2020-02-19,2020021901004633,RHPL,36,28,40,167.0,6680.0
2020-02-19,2020021901004632,RHPL,36,34,30,167.0,5010.0
2020-02-19,2020021901004620,RHPL,36,34,30,167.0,5010.0
2020-02-19,2020021901004604,RHPL,36,28,40,167.0,6680.0
2020-02-19,2020021901004556,RHPL,36,28,40,167.0,6680.0
2020-02-19,2020021901004666,RHPL,56,34,40,168.0,6720.0
2020-02-19,2020021901004665,RHPL,56,41,40,168.0,6720.0
2020-02-19,2020021901004664,RHPL,56,41,40,168.0,6720.0
2020-02-19,2020021901004663,RHPL,56,14,20,168.0,3360.0
2020-02-19,2020021901004662,RHPL,56,1,380,168.0,63840.0
2020-02-19,2020021901004661,RHPL,36,8,40,167.0,6680.0
2020-02-19,2020021901004741,RHPL,36,28,40,167.0,6680.0
2020-02-19,2020021901004733,RHPL,36,34,30,167.0,5010.0
2020-02-19,2020021901004717,RHPL,36,34,30,167.0,5010.0
2020-02-19,2020021901004694,RHPL,36,49,20,167.0,3340.0
2020-02-19,2020021901004689,RHPL,36,28,40,167.0,6680.0
2020-02-19,2020021901004681,RHPL,36,48,40,167.0,6680.0
2020-02-19,2020021901004922,RMDC,26,52,36,750.0,27000.0
2020-02-19,2020021901004875,RMDC,19,52,50,750.0,37500.0
2020-02-19,2020021901005030,RRHP,45,58,10,102.0,1020.0
2020-02-19,2020021901004807,RRHP,45,8,10,102.0,1020.0
2020-02-19,2020021901004723,RRHP,45,49,49,102.0,4998.0
2020-02-19,2020021901004713,RRHP,45,14,10,102.0,1020.0
2020-02-19,2020021901004872,RSDC,58,22,120,487.0,58440.0
2020-02-19,2020021901004858,RSDC,58,32,65,487.0,31655.0
2020-02-19,2020021901004823,RSDC,39,49,25,486.0,12150.0
2020-02-19,2020021901004819,RSDC,16,49,10,486.0,4860.0
2020-02-19,2020021901004818,RSDC,6,49,55,486.0,26730.0
2020-02-19,2020021901004821,SABSL,28,47,10,930.0,9300.0
2020-02-19,2020021901004786,SABSL,49,47,90,930.0,83700.0
2020-02-19,2020021901004743,SABSL,49,42,10,930.0,9300.0
2020-02-19,2020021901004627,SABSL,54,48,10,927.0,9270.0
2020-02-19,2020021901004602,SABSL,54,48,10,927.0,9270.0
2020-02-19,2020021901004576,SABSL,54,17,10,927.0,9270.0
2020-02-19,2020021901004938,SADBL,32,7,200,170.0,34000.0
2020-02-19,2020021901004802,SADBL,32,7,50,170.0,8500.0
2020-02-19,2020021901004801,SADBL,35,7,50,170.0,8500.0
2020-02-19,2020021901004800,SADBL,51,7,100,170.0,17000.0
2020-02-19,2020021901004771,SADBL,51,7,200,170.0,34000.0
2020-02-19,2020021901004702,SADBL,46,52,100,171.0,17100.0
2020-02-19,2020021901004682,SADBL,32,7,200,170.0,34000.0
2020-02-19,2020021901004980,SANIMA,29,44,100,357.0,35700.0
2020-02-19,2020021901004861,SBL,44,25,3900,322.0,1255800.0
2020-02-19,2020021901004860,SBL,25,25,100,322.0,32200.0
2020-02-19,2020021901004760,SBL,13,16,1000,322.0,322000.0
2020-02-19,2020021901004831,SDESI,52,7,23,931.0,21413.0
2020-02-19,2020021901005048,SHINE,14,4,40,298.0,11920.0
2020-02-19,2020021901005047,SHINE,33,56,500,297.0,148500.0
2020-02-19,2020021901004937,SHINE,33,4,1970,297.0,585090.0
2020-02-19,2020021901004936,SHINE,44,34,601,296.0,177896.0
2020-02-19,2020021901004931,SHINE,44,7,180,296.0,53280.0
2020-02-19,2020021901004930,SHINE,38,7,50,296.0,14800.0
2020-02-19,2020021901004929,SHINE,59,7,100,296.0,29600.0
2020-02-19,2020021901004928,SHINE,39,7,170,296.0,50320.0
2020-02-19,2020021901004914,SHINE,39,32,20,296.0,5920.0
2020-02-19,2020021901004785,SHINE,5,4,30,297.0,8910.0
2020-02-19,2020021901004941,SHIVM,44,58,300,622.0,186600.0
2020-02-19,2020021901004923,SHIVM,44,57,50,622.0,31100.0
2020-02-19,2020021901004777,SHIVM,49,5,500,623.0,311500.0
2020-02-19,2020021901004776,SHIVM,34,5,350,623.0,218050.0
2020-02-19,2020021901004703,SHIVM,34,49,50,623.0,31150.0
2020-02-19,2020021901004701,SHIVM,34,7,50,623.0,31150.0
2020-02-19,2020021901004640,SHIVM,40,29,260,625.0,162500.0
2020-02-19,2020021901004565,SHIVM,44,28,500,624.0,312000.0
2020-02-19,2020021901004630,SIC,6,16,20,780.0,15600.0
2020-02-19,2020021901004607,SICL,48,48,70,1232.0,86240.0
2020-02-19,2020021901004574,SICL,48,16,15,1232.0,18480.0
2020-02-19,2020021901005014,SJCL,43,58,20,158.0,3160.0
2020-02-19,2020021901005013,SJCL,43,34,20,158.0,3160.0
2020-02-19,2020021901005012,SJCL,43,38,10,158.0,1580.0
2020-02-19,2020021901005011,SJCL,43,38,10,158.0,1580.0
2020-02-19,2020021901005010,SJCL,43,38,10,158.0,1580.0
2020-02-19,2020021901005009,SJCL,43,41,10,158.0,1580.0
2020-02-19,2020021901004606,SJCL,41,48,20,157.0,3140.0
2020-02-19,2020021901004567,SJCL,41,28,20,157.0,3140.0
2020-02-19,2020021901004700,SJCL,5,8,20,157.0,3140.0
2020-02-19,2020021901004690,SJCL,5,48,20,157.0,3140.0
2020-02-19,2020021901004638,SJCL,5,28,20,157.0,3140.0
2020-02-19,2020021901004609,SJCL,5,28,10,157.0,1570.0
2020-02-19,2020021901004608,SJCL,41,28,10,157.0,1570.0
2020-02-19,2020021901004830,SJCL,5,58,20,157.0,3140.0
2020-02-19,2020021901004792,SJCL,5,58,20,157.0,3140.0
2020-02-19,2020021901004774,SJCL,5,28,20,157.0,3140.0
2020-02-19,2020021901004738,SJCL,5,28,20,157.0,3140.0
2020-02-19,2020021901004711,SJCL,5,28,20,157.0,3140.0
2020-02-19,2020021901004710,SJCL,5,49,10,157.0,1570.0
2020-02-19,2020021901004942,SJCL,5,41,20,157.0,3140.0
2020-02-19,2020021901004925,SJCL,5,41,20,157.0,3140.0
2020-02-19,2020021901004893,SJCL,5,58,10,157.0,1570.0
2020-02-19,2020021901004850,SJCL,5,8,20,157.0,3140.0
2020-02-19,2020021901004832,SJCL,5,49,20,157.0,3140.0
2020-02-19,2020021901005002,SJCL,43,39,20,158.0,3160.0
2020-02-19,2020021901005001,SJCL,43,8,20,158.0,3160.0
2020-02-19,2020021901005000,SJCL,43,50,20,158.0,3160.0
2020-02-19,2020021901004998,SJCL,5,58,10,157.0,1570.0
2020-02-19,2020021901004976,SJCL,5,48,20,157.0,3140.0
2020-02-19,2020021901004973,SJCL,5,41,20,157.0,3140.0
2020-02-19,2020021901005008,SJCL,43,38,10,158.0,1580.0
2020-02-19,2020021901005007,SJCL,43,38,10,158.0,1580.0
2020-02-19,2020021901005006,SJCL,43,38,10,158.0,1580.0
2020-02-19,2020021901005005,SJCL,43,38,10,158.0,1580.0
2020-02-19,2020021901005004,SJCL,43,57,10,158.0,1580.0
2020-02-19,2020021901005003,SJCL,43,22,10,158.0,1580.0
2020-02-19,2020021901005045,SKBBL,18,14,435,1210.0,526350.0
2020-02-19,2020021901004945,SKBBL,36,14,65,1210.0,78650.0
2020-02-19,2020021901004921,SKBBL,52,33,312,1210.0,377520.0
2020-02-19,2020021901004847,SKBBL,41,26,100,1210.0,121000.0
2020-02-19,2020021901004846,SKBBL,41,41,50,1209.0,60450.0
2020-02-19,2020021901004707,SKBBL,38,1,50,1208.0,60400.0
2020-02-19,2020021901004591,SKBBL,36,52,25,1201.0,30025.0
2020-02-19,2020021901004557,SKBBL,36,6,50,1201.0,60050.0
2020-02-19,2020021901004706,SKBBL,38,8,100,1208.0,120800.0
2020-02-19,2020021901004635,SKBBL,7,50,50,1205.0,60250.0
2020-02-19,2020021901004613,SKBBL,7,37,100,1204.0,120400.0
2020-02-19,2020021901004612,SKBBL,7,14,300,1204.0,361200.0
2020-02-19,2020021901004611,SKBBL,7,16,10,1204.0,12040.0
2020-02-19,2020021901004610,SKBBL,7,14,100,1202.0,120200.0
2020-02-19,2020021901004886,SLBBL,34,53,40,965.0,38600.0
2020-02-19,2020021901004649,SLBSL,11,5,10,1023.0,10230.0
2020-02-19,2020021901004572,SLBSL,11,22,100,1023.0,102300.0
2020-02-19,2020021901004871,SLICL,11,17,100,494.0,49400.0
2020-02-19,2020021901004672,SMATA,34,50,410,836.0,342760.0
2020-02-19,2020021901004631,SMATA,34,21,100,834.0,83400.0
2020-02-19,2020021901004783,SMFBS,6,28,10,1143.0,11430.0
2020-02-19,2020021901004883,SPARS,39,17,10,935.0,9350.0
2020-02-19,2020021901004734,SPARS,26,28,10,932.0,9320.0
2020-02-19,2020021901004948,SPDL,13,7,29,101.0,2929.0
2020-02-19,2020021901004817,SPDL,13,7,10,101.0,1010.0
2020-02-19,2020021901004715,SPDL,13,7,14,102.0,1428.0
2020-02-19,2020021901005050,SWBBL,58,20,20,1336.0,26720.0
2020-02-19,2020021901005043,SWBBL,58,36,10,1334.0,13340.0
2020-02-19,2020021901004990,SWBBL,57,44,500,1330.0,665000.0
2020-02-19,2020021901004963,SWBBL,43,38,50,1329.0,66450.0
2020-02-19,2020021901004708,SWBBL,59,44,50,1323.0,66150.0
2020-02-19,2020021901004675,SWBBL,7,14,41,1339.0,54899.0
2020-02-19,2020021901004625,SWBBL,59,55,50,1340.0,67000.0
2020-02-19,2020021901004624,SWBBL,59,5,150,1335.0,200250.0
2020-02-19,2020021901004811,TRH,3,32,110,301.0,33110.0
2020-02-19,2020021901004770,TRH,26,32,100,301.0,30100.0
2020-02-19,2020021901004769,TRH,44,32,890,301.0,267890.0
2020-02-19,2020021901004725,TRH,3,32,200,302.0,60400.0
2020-02-19,2020021901004979,UFL,44,26,890,180.0,160200.0
2020-02-19,2020021901004865,UIC,38,25,100,440.0,44000.0
2020-02-19,2020021901004989,UMHL,59,48,14,115.0,1610.0
2020-02-19,2020021901004639,UMHL,59,36,25,115.0,2875.0
2020-02-19,2020021901004881,UNHPL,17,49,50,59.0,2950.0
2020-02-19,2020021901004714,UNHPL,17,49,50,59.0,2950.0
2020-02-19,2020021901004736,UPCL,17,13,50,80.0,4000.0
2020-02-19,2020021901004722,UPCL,17,49,60,80.0,4800.0
2020-02-19,2020021901004962,UPPER,11,7,22,238.0,5236.0
2020-02-19,2020021901004961,UPPER,22,7,178,238.0,42364.0
2020-02-19,2020021901004617,UPPER,36,28,40,239.0,9560.0
2020-02-19,2020021901004573,UPPER,36,28,50,239.0,11950.0
2020-02-19,2020021901004558,UPPER,36,8,40,239.0,9560.0
2020-02-19,2020021901004718,UPPER,44,8,40,239.0,9560.0
2020-02-19,2020021901004716,UPPER,44,28,40,239.0,9560.0
2020-02-19,2020021901004644,UPPER,44,28,50,239.0,11950.0
2020-02-19,2020021901004618,UPPER,44,48,40,239.0,9560.0
2020-02-19,2020021901004755,UPPER,1,36,300,239.0,71700.0
2020-02-19,2020021901004754,UPPER,36,36,200,239.0,47800.0
2020-02-19,2020021901004753,UPPER,44,36,790,239.0,188810.0
2020-02-19,2020021901004724,UPPER,44,28,40,239.0,9560.0
2020-02-19,2020021901004866,UPPER,22,8,50,238.0,11900.0
2020-02-19,2020021901004803,UPPER,56,36,50,239.0,11950.0
2020-02-19,2020021901004793,UPPER,44,36,50,239.0,11950.0
2020-02-19,2020021901004780,UPPER,22,28,50,238.0,11900.0
2020-02-19,2020021901004896,VLBS,38,17,15,1129.0,16935.0
2020-02-19,2020021901014428,ADBL,13,36,300,395.0,118500.0
2020-02-19,2020021901014315,ADBL,13,35,53,395.0,20935.0
2020-02-19,2020021901014314,ADBL,35,35,100,395.0,39500.0
2020-02-19,2020021901014313,ADBL,34,35,50,395.0,19750.0
2020-02-19,2020021901014312,ADBL,36,35,100,395.0,39500.0
2020-02-19,2020021901014311,ADBL,51,35,100,395.0,39500.0
2020-02-19,2020021901014310,ADBL,29,35,97,395.0,38315.0
2020-02-19,2020021901014360,AKJCL,22,56,200,57.0,11400.0
2020-02-19,2020021901014424,AKPL,35,40,500,135.0,67500.0
2020-02-19,2020021901014423,AKPL,50,40,1000,135.0,135000.0
2020-02-19,2020021901014422,AKPL,6,40,500,135.0,67500.0
2020-02-19,2020021901014421,AKPL,43,40,400,135.0,54000.0
2020-02-19,2020021901014420,AKPL,13,40,400,135.0,54000.0
2020-02-19,2020021901014419,AKPL,29,40,200,135.0,27000.0
2020-02-19,2020021901014418,AKPL,49,40,2000,135.0,270000.0
2020-02-19,2020021901014417,AKPL,41,40,1000,135.0,135000.0
2020-02-19,2020021901014416,AKPL,58,40,1380,135.0,186300.0
2020-02-19,2020021901014396,ALBSL,22,14,12,853.0,10236.0
2020-02-19,2020021901014116,ALBSL,22,26,200,850.0,170000.0
2020-02-19,2020021901014115,ALBSL,22,29,11,850.0,9350.0
2020-02-19,2020021901014114,ALBSL,22,19,11,850.0,9350.0
2020-02-19,2020021901014113,ALBSL,22,44,140,848.0,118720.0
2020-02-19,2020021901014399,ALBSL,22,57,500,855.0,427500.0
2020-02-19,2020021901014398,ALBSL,22,6,26,855.0,22230.0
2020-02-19,2020021901014397,ALBSL,22,42,11,853.0,9383.0
2020-02-19,2020021901014091,ALICL,34,44,100,632.0,63200.0
2020-02-19,2020021901014090,ALICL,34,57,100,630.0,63000.0
2020-02-19,2020021901014081,ALICL,33,57,100,630.0,63000.0
2020-02-19,2020021901014497,API,5,40,900,136.0,122400.0
2020-02-19,2020021901014496,API,41,40,100,136.0,13600.0
2020-02-19,2020021901014502,BBC,3,56,20,1838.0,36760.0
2020-02-19,2020021901014471,BBC,3,56,20,1835.0,36700.0
2020-02-19,2020021901014470,BBC,3,57,53,1834.0,97202.0
2020-02-19,2020021901014525,BOKL,42,18,50,238.0,11900.0
2020-02-19,2020021901014479,BOKL,51,18,200,238.0,47600.0
2020-02-19,2020021901014293,BOKL,11,18,100,238.0,23800.0
2020-02-19,2020021901014327,BPCL,59,42,316,360.0,113760.0
2020-02-19,2020021901014326,BPCL,22,42,100,360.0,36000.0
2020-02-19,2020021901014519,CBBL,29,44,30,1183.0,35490.0
2020-02-19,2020021901014515,CBBL,43,44,66,1183.0,78078.0
2020-02-19,2020021901014408,CBBL,43,16,13,1183.0,15379.0
2020-02-19,2020021901014369,CBBL,43,35,10,1183.0,11830.0
2020-02-19,2020021901014367,CBBL,43,55,100,1183.0,118300.0
2020-02-19,2020021901014163,CBBL,43,1,60,1160.0,69600.0
2020-02-19,2020021901014109,CBBL,29,42,19,1170.0,22230.0
2020-02-19,2020021901014108,CBBL,29,20,30,1165.0,34950.0
2020-02-19,2020021901014107,CBBL,29,53,11,1162.0,12782.0
2020-02-19,2020021901014227,CBBL,43,10,200,1173.0,234600.0
2020-02-19,2020021901014226,CBBL,43,28,590,1173.0,692070.0
2020-02-19,2020021901014225,CBBL,43,14,100,1172.0,117200.0
2020-02-19,2020021901014224,CBBL,43,44,100,1170.0,117000.0
2020-02-19,2020021901014223,CBBL,43,42,99,1170.0,115830.0
2020-02-19,2020021901014233,CBBL,43,19,150,1175.0,176250.0
2020-02-19,2020021901014232,CBBL,43,37,200,1175.0,235000.0
2020-02-19,2020021901014231,CBBL,43,26,100,1175.0,117500.0
2020-02-19,2020021901014230,CBBL,43,55,100,1174.0,117400.0
2020-02-19,2020021901014229,CBBL,43,53,100,1174.0,117400.0
2020-02-19,2020021901014228,CBBL,43,20,20,1173.0,23460.0
2020-02-19,2020021901014238,CBBL,43,16,100,1183.0,118300.0
2020-02-19,2020021901014237,CBBL,43,42,100,1180.0,118000.0
2020-02-19,2020021901014236,CBBL,43,54,500,1175.0,587500.0
2020-02-19,2020021901014235,CBBL,43,41,20,1175.0,23500.0
2020-02-19,2020021901014234,CBBL,43,56,20,1175.0,23500.0
2020-02-19,2020021901014552,CBL,43,58,10,154.0,1540.0
2020-02-19,2020021901014498,CBL,39,21,27,153.0,4131.0
2020-02-19,2020021901014130,CBL,17,58,500,154.0,77000.0
2020-02-19,2020021901014057,CFCL,21,40,100,147.0,14700.0
2020-02-19,2020021901014480,CHCL,22,36,300,428.0,128400.0
2020-02-19,2020021901014281,CHCL,41,58,4950,429.0,2123550.0
2020-02-19,2020021901014158,CHCL,42,45,100,430.0,43000.0
2020-02-19,2020021901014462,CIT,14,45,100,2801.0,280100.0
2020-02-19,2020021901014461,CIT,14,1,100,2800.0,280000.0
2020-02-19,2020021901014110,CIT,57,22,60,2815.0,168900.0
2020-02-19,2020021901014340,CZBIL,17,35,180,198.0,35640.0
2020-02-19,2020021901014106,CZBIL,17,42,74,198.0,14652.0
2020-02-19,2020021901014386,DDBL,26,35,194,927.0,179838.0
2020-02-19,2020021901014385,DDBL,26,39,100,925.0,92500.0
2020-02-19,2020021901014384,DDBL,26,28,50,925.0,46250.0
2020-02-19,2020021901014383,DDBL,26,14,100,925.0,92500.0
2020-02-19,2020021901014162,DDBL,10,1,50,925.0,46250.0
2020-02-19,2020021901014493,EBL,16,43,195,665.0,129675.0
2020-02-19,2020021901014492,EBL,16,34,50,664.0,33200.0
2020-02-19,2020021901014491,EBL,16,32,255,664.0,169320.0
2020-02-19,2020021901014154,EBL,57,32,211,663.0,139893.0
2020-02-19,2020021901014153,EBL,21,32,300,663.0,198900.0
2020-02-19,2020021901014152,EBL,33,32,89,663.0,59007.0
2020-02-19,2020021901014069,EBL,14,32,50,664.0,33200.0
2020-02-19,2020021901014068,EBL,42,32,170,664.0,112880.0
2020-02-19,2020021901014290,EIC,25,41,40,446.0,17840.0
2020-02-19,2020021901014529,FMDBL,39,41,50,512.0,25600.0
2020-02-19,2020021901014509,FMDBL,26,53,27,512.0,13824.0
2020-02-19,2020021901014508,FMDBL,26,45,50,512.0,25600.0
2020-02-19,2020021901014507,FMDBL,26,52,200,512.0,102400.0
2020-02-19,2020021901014506,FMDBL,26,14,23,512.0,11776.0
2020-02-19,2020021901014478,FMDBL,58,14,12,512.0,6144.0
2020-02-19,2020021901014088,FMDBL,41,40,100,506.0,50600.0
2020-02-19,2020021901014213,FMDBL,57,51,147,508.0,74676.0
2020-02-19,2020021901014178,FMDBL,28,42,100,507.0,50700.0
2020-02-19,2020021901014177,FMDBL,28,16,60,507.0,30420.0
2020-02-19,2020021901014176,FMDBL,28,26,520,507.0,263640.0
2020-02-19,2020021901014170,FMDBL,36,26,150,507.0,76050.0
2020-02-19,2020021901014128,FMDBL,26,26,100,507.0,50700.0
2020-02-19,2020021901014303,FMDBL,47,32,50,510.0,25500.0
2020-02-19,2020021901014302,FMDBL,47,26,187,510.0,95370.0
2020-02-19,2020021901014217,FMDBL,57,26,13,510.0,6630.0
2020-02-19,2020021901014216,FMDBL,57,40,510,509.0,259590.0
2020-02-19,2020021901014215,FMDBL,57,21,100,509.0,50900.0
2020-02-19,2020021901014214,FMDBL,57,38,30,508.0,15240.0
2020-02-19,2020021901014334,FMDBL,42,42,100,511.0,51100.0
2020-02-19,2020021901014308,FMDBL,47,42,25,510.0,12750.0
2020-02-19,2020021901014307,FMDBL,47,28,500,510.0,255000.0
2020-02-19,2020021901014306,FMDBL,47,45,50,510.0,25500.0
2020-02-19,2020021901014305,FMDBL,47,47,50,510.0,25500.0
2020-02-19,2020021901014304,FMDBL,47,42,50,510.0,25500.0
2020-02-19,2020021901014477,FMDBL,58,43,48,510.0,24480.0
2020-02-19,2020021901014413,FMDBL,58,14,15,512.0,7680.0
2020-02-19,2020021901014412,FMDBL,58,45,23,510.0,11730.0
2020-02-19,2020021901014411,FMDBL,58,33,12,510.0,6120.0
2020-02-19,2020021901014395,FMDBL,29,33,100,510.0,51000.0
2020-02-19,2020021901014355,FMDBL,47,33,88,510.0,44880.0
2020-02-19,2020021901014527,FOWAD,4,45,10,1632.0,16320.0
2020-02-19,2020021901014301,FOWAD,40,57,25,1633.0,40825.0
2020-02-19,2020021901014300,FOWAD,40,55,10,1633.0,16330.0
2020-02-19,2020021901014299,FOWAD,40,55,10,1633.0,16330.0
2020-02-19,2020021901014262,FOWAD,4,41,25,1632.0,40800.0
2020-02-19,2020021901014125,GBBL,4,40,100,244.0,24400.0
2020-02-19,2020021901014510,GBIME,42,34,55,284.0,15620.0
2020-02-19,2020021901014504,GBIME,26,34,159,284.0,45156.0
2020-02-19,2020021901014503,GBIME,26,14,341,284.0,96844.0
2020-02-19,2020021901014494,GBIME,8,36,300,283.0,84900.0
2020-02-19,2020021901014183,GBIME,42,14,110,284.0,31240.0
2020-02-19,2020021901014150,GBIME,38,14,50,284.0,14200.0
2020-02-19,2020021901014542,GBLBS,44,45,200,529.0,105800.0
2020-02-19,2020021901014541,GBLBS,40,45,120,529.0,63480.0
2020-02-19,2020021901014474,GBLBS,40,5,200,529.0,105800.0
2020-02-19,2020021901014392,GBLBS,40,41,15,529.0,7935.0
2020-02-19,2020021901014359,GBLBS,3,42,50,530.0,26500.0
2020-02-19,2020021901014284,GBLBS,40,13,165,529.0,87285.0
2020-02-19,2020021901014283,GBLBS,17,13,35,529.0,18515.0
2020-02-19,2020021901014196,GBLBS,17,57,20,529.0,10580.0
2020-02-19,2020021901014085,GILB,33,42,50,1436.0,71800.0
2020-02-19,2020021901014200,GLBSL,22,5,10,829.0,8290.0
2020-02-19,2020021901014199,GLBSL,22,45,20,825.0,16500.0
2020-02-19,2020021901014198,GLBSL,22,38,10,825.0,8250.0
2020-02-19,2020021901014197,GLBSL,22,38,10,820.0,8200.0
2020-02-19,2020021901014465,GLICL,42,57,17,814.0,13838.0
2020-02-19,2020021901014165,GLICL,42,34,50,814.0,40700.0
2020-02-19,2020021901014164,GLICL,42,16,322,814.0,262108.0
2020-02-19,2020021901014292,GMFIL,1,14,200,133.0,26600.0
2020-02-19,2020021901014148,GMFIL,1,43,20,132.0,2640.0
2020-02-19,2020021901014138,HBL,11,43,50,575.0,28750.0
2020-02-19,2020021901014490,HDL,38,48,105,1554.0,163170.0
2020-02-19,2020021901014464,HDL,26,4,10,1555.0,15550.0
2020-02-19,2020021901014433,HDL,38,36,10,1554.0,15540.0
2020-02-19,2020021901014407,HDL,38,38,200,1554.0,310800.0
2020-02-19,2020021901014403,HDL,26,57,20,1552.0,31040.0
2020-02-19,2020021901014351,HDL,10,14,50,1554.0,77700.0
2020-02-19,2020021901014112,HDL,45,57,50,1549.0,77450.0
2020-02-19,2020021901014074,HDL,58,57,225,1549.0,348525.0
2020-02-19,2020021901014070,HDL,16,57,55,1549.0,85195.0
2020-02-19,2020021901014208,HDL,56,8,200,1550.0,310000.0
2020-02-19,2020021901014207,HDL,56,57,785,1549.0,1215965.0
2020-02-19,2020021901014202,HDL,45,57,20,1549.0,30980.0
2020-02-19,2020021901014191,HDL,38,57,200,1549.0,309800.0
2020-02-19,2020021901014184,HDL,25,57,50,1549.0,77450.0
2020-02-19,2020021901014179,HDL,41,57,50,1549.0,77450.0
2020-02-19,2020021901014350,HDL,10,38,50,1552.0,77600.0
2020-02-19,2020021901014294,HDL,42,41,600,1551.0,930600.0
2020-02-19,2020021901014270,HDL,38,45,185,1550.0,286750.0
2020-02-19,2020021901014269,HDL,48,45,115,1550.0,178250.0
2020-02-19,2020021901014268,HDL,48,41,185,1550.0,286750.0
2020-02-19,2020021901014209,HDL,56,41,15,1550.0,23250.0
2020-02-19,2020021901014309,HGI,35,35,50,443.0,22150.0
2020-02-19,2020021901014536,HIDCL,8,38,61,139.0,8479.0
2020-02-19,2020021901014518,IGI,8,39,497,473.0,235081.0
2020-02-19,2020021901014517,IGI,4,39,24,474.0,11376.0
2020-02-19,2020021901014516,IGI,28,39,79,477.0,37683.0
2020-02-19,2020021901014354,IGI,28,50,86,477.0,41022.0
2020-02-19,2020021901014353,IGI,28,17,35,477.0,16695.0
2020-02-19,2020021901014475,ILBS,47,10,10,935.0,9350.0
2020-02-19,2020021901014260,ILBS,33,39,200,949.0,189800.0
2020-02-19,2020021901014087,ILBS,55,39,10,949.0,9490.0
2020-02-19,2020021901014086,ILBS,55,42,10,945.0,9450.0
2020-02-19,2020021901014210,JBBL,10,13,159,192.0,30528.0
2020-02-19,2020021901014540,KBL,13,36,300,196.0,58800.0
2020-02-19,2020021901014501,KBL,13,54,100,196.0,19600.0
2020-02-19,2020021901014500,KBL,13,54,180,196.0,35280.0
2020-02-19,2020021901014249,KBL,25,54,20,196.0,3920.0
2020-02-19,2020021901014127,KBL,25,36,80,196.0,15680.0
2020-02-19,2020021901014126,KBL,13,36,20,196.0,3920.0
2020-02-19,2020021901014526,KSBBL,29,33,500,171.0,85500.0
2020-02-19,2020021901014272,LBBL,47,28,446,196.0,87416.0
2020-02-19,2020021901014271,LBBL,17,28,154,196.0,30184.0
2020-02-19,2020021901014530,LGIL,44,56,100,532.0,53200.0
2020-02-19,2020021901014488,LGIL,44,41,200,532.0,106400.0
2020-02-19,2020021901014333,LGIL,44,16,460,532.0,244720.0
2020-02-19,2020021901014332,LGIL,40,16,40,533.0,21320.0
2020-02-19,2020021901014067,MBL,3,45,28,239.0,6692.0
2020-02-19,2020021901014066,MBL,51,45,100,240.0,24000.0
2020-02-19,2020021901014065,MBL,34,45,72,240.0,17280.0
2020-02-19,2020021901014523,MDB,4,49,100,367.0,36700.0
2020-02-19,2020021901014522,MDB,4,53,500,366.0,183000.0
2020-02-19,2020021901014521,MDB,4,6,200,365.0,73000.0
2020-02-19,2020021901014520,MDB,4,13,100,364.0,36400.0
2020-02-19,2020021901014291,MEGA,32,53,736,212.0,156032.0
2020-02-19,2020021901014261,MEGA,32,40,250,212.0,53000.0
2020-02-19,2020021901014252,MEGA,32,34,54,212.0,11448.0
2020-02-19,2020021901014251,MEGA,38,34,146,212.0,30952.0
2020-02-19,2020021901014073,MEGA,38,45,100,212.0,21200.0
2020-02-19,2020021901014136,MERO,4,6,445,691.0,307495.0
2020-02-19,2020021901014135,MERO,4,28,100,691.0,69100.0
2020-02-19,2020021901014134,MERO,4,58,182,691.0,125762.0
2020-02-19,2020021901014133,MERO,4,13,120,691.0,82920.0
2020-02-19,2020021901014124,MERO,22,38,10,690.0,6900.0
2020-02-19,2020021901014376,MERO,14,38,147,692.0,101724.0
2020-02-19,2020021901014375,MERO,14,22,14,690.0,9660.0
2020-02-19,2020021901014189,MERO,58,38,100,692.0,69200.0
2020-02-19,2020021901014166,MERO,58,38,80,692.0,55360.0
2020-02-19,2020021901014137,MERO,4,38,153,692.0,105876.0
2020-02-19,2020021901014382,MERO,14,19,124,695.0,86180.0
2020-02-19,2020021901014381,MERO,14,50,131,695.0,91045.0
2020-02-19,2020021901014380,MERO,14,42,299,695.0,207805.0
2020-02-19,2020021901014379,MERO,14,55,50,695.0,34750.0
2020-02-19,2020021901014378,MERO,14,25,85,695.0,59075.0
2020-02-19,2020021901014377,MERO,14,34,150,694.0,104100.0
2020-02-19,2020021901014544,MLBBL,58,26,50,870.0,43500.0
2020-02-19,2020021901014469,MLBL,6,45,11,223.0,2453.0
2020-02-19,2020021901014468,MLBL,6,33,160,222.0,35520.0
2020-02-19,2020021901014467,MLBL,6,45,329,222.0,73038.0
2020-02-19,2020021901014335,MNBBL,45,46,30,330.0,9900.0
2020-02-19,2020021901014347,MSMBS,16,45,250,855.0,213750.0
2020-02-19,2020021901014246,MSMBS,25,43,200,851.0,170200.0
2020-02-19,2020021901014245,MSMBS,25,34,630,850.0,535500.0
2020-02-19,2020021901014258,NABIL,4,32,2000,748.0,1496000.0
2020-02-19,2020021901014257,NABIL,42,32,225,749.0,168525.0
2020-02-19,2020021901014256,NABIL,54,32,120,749.0,89880.0
2020-02-19,2020021901014255,NABIL,17,32,72,749.0,53928.0
2020-02-19,2020021901014482,NADEP,40,13,100,785.0,78500.0
2020-02-19,2020021901014357,NADEP,17,46,575,781.0,449075.0
2020-02-19,2020021901014241,NADEP,14,45,11,788.0,8668.0
2020-02-19,2020021901014240,NADEP,14,39,23,786.0,18078.0
2020-02-19,2020021901014239,NADEP,14,53,17,786.0,13362.0
2020-02-19,2020021901014190,NADEP,44,25,300,781.0,234300.0
2020-02-19,2020021901014430,NBB,45,6,44,211.0,9284.0
2020-02-19,2020021901014429,NBB,32,6,852,211.0,179772.0
2020-02-19,2020021901014499,NBF2,38,58,1500,9.48,14220.0
2020-02-19,2020021901014089,NBL,48,36,100,271.0,27100.0
2020-02-19,2020021901014155,NCCB,5,22,40,195.0,7800.0
2020-02-19,2020021901014123,NCCB,56,54,707,196.0,138572.0
2020-02-19,2020021901014122,NCCB,56,36,889,196.0,174244.0
2020-02-19,2020021901014121,NCCB,56,17,1000,196.0,196000.0
2020-02-19,2020021901014120,NCCB,56,45,138,196.0,27048.0
2020-02-19,2020021901014119,NCCB,56,44,1998,196.0,391608.0
2020-02-19,2020021901014118,NCCB,56,44,200,196.0,39200.0
2020-02-19,2020021901014117,NCCB,56,46,781,196.0,153076.0
2020-02-19,2020021901014111,NCCB,5,36,15,195.0,2925.0
2020-02-19,2020021901014514,NEF,58,58,2366,8.85,20939.1
2020-02-19,2020021901014533,NGPL,16,33,200,138.0,27600.0
2020-02-19,2020021901014366,NGPL,33,33,168,137.0,23016.0
2020-02-19,2020021901014297,NGPL,26,58,11,138.0,1518.0
2020-02-19,2020021901014365,NGPL,41,33,11,137.0,1507.0
2020-02-19,2020021901014364,NGPL,37,33,543,137.0,74391.0
2020-02-19,2020021901014363,NGPL,26,33,100,138.0,13800.0
2020-02-19,2020021901014362,NGPL,26,33,100,138.0,13800.0
2020-02-19,2020021901014361,NGPL,26,33,78,138.0,10764.0
2020-02-19,2020021901014356,NGPL,58,33,11,139.0,1529.0
2020-02-19,2020021901014373,NIB,11,29,37,386.0,14282.0
2020-02-19,2020021901014372,NIB,11,49,63,386.0,24318.0
2020-02-19,2020021901014092,NIB,56,6,100,385.0,38500.0
2020-02-19,2020021901014460,NICA,47,43,71,545.0,38695.0
2020-02-19,2020021901014459,NICA,47,43,1000,545.0,545000.0
2020-02-19,2020021901014458,NICA,28,43,10,545.0,5450.0
2020-02-19,2020021901014457,NICA,42,43,30,545.0,16350.0
2020-02-19,2020021901014456,NICA,35,43,50,545.0,27250.0
2020-02-19,2020021901014455,NICA,50,43,500,545.0,272500.0
2020-02-19,2020021901014436,NICA,51,43,100,547.0,54700.0
2020-02-19,2020021901014435,NICA,16,43,155,547.0,84785.0
2020-02-19,2020021901014203,NICA,16,45,20,547.0,10940.0
2020-02-19,2020021901014175,NICA,16,40,100,547.0,54700.0
2020-02-19,2020021901014062,NICA,16,36,100,547.0,54700.0
2020-02-19,2020021901014442,NICA,17,43,100,545.0,54500.0
2020-02-19,2020021901014441,NICA,14,43,400,546.0,218400.0
2020-02-19,2020021901014440,NICA,22,43,50,546.0,27300.0
2020-02-19,2020021901014439,NICA,22,43,500,546.0,273000.0
2020-02-19,2020021901014438,NICA,14,43,179,546.0,97734.0
2020-02-19,2020021901014437,NICA,45,43,20,547.0,10940.0
2020-02-19,2020021901014448,NICA,44,43,500,545.0,272500.0
2020-02-19,2020021901014447,NICA,48,43,180,545.0,98100.0
2020-02-19,2020021901014446,NICA,35,43,500,545.0,272500.0
2020-02-19,2020021901014445,NICA,35,43,1000,545.0,545000.0
2020-02-19,2020021901014444,NICA,14,43,1005,545.0,547725.0
2020-02-19,2020021901014443,NICA,14,43,1000,545.0,545000.0
2020-02-19,2020021901014454,NICA,6,43,5000,545.0,2725000.0
2020-02-19,2020021901014453,NICA,49,43,500,545.0,272500.0
2020-02-19,2020021901014452,NICA,22,43,50,545.0,27250.0
2020-02-19,2020021901014451,NICA,17,43,100,545.0,54500.0
2020-02-19,2020021901014450,NICA,17,43,2000,545.0,1090000.0
2020-02-19,2020021901014449,NICA,25,43,1000,545.0,545000.0
2020-02-19,2020021901014387,NICL,22,44,639,469.0,299691.0
2020-02-19,2020021901014151,NICL,39,44,50,469.0,23450.0
2020-02-19,2020021901014218,NICL,38,44,200,469.0,93800.0
2020-02-19,2020021901014266,NICL,1,17,50,468.0,23400.0
2020-02-19,2020021901014415,NLBBL,34,53,13,869.0,11297.0
2020-02-19,2020021901014414,NLBBL,34,38,67,867.0,58089.0
2020-02-19,2020021901014296,NLBBL,46,57,10,864.0,8640.0
2020-02-19,2020021901014206,NLBBL,46,40,100,864.0,86400.0
2020-02-19,2020021901014161,NLBBL,38,17,100,865.0,86500.0
2020-02-19,2020021901014160,NLBBL,38,53,100,865.0,86500.0
2020-02-19,2020021901014159,NLBBL,38,32,15,865.0,12975.0
2020-02-19,2020021901014476,NLG,42,26,57,723.0,41211.0
2020-02-19,2020021901014400,NLG,42,41,50,723.0,36150.0
2020-02-19,2020021901014358,NLIC,5,4,100,1188.0,118800.0
2020-02-19,2020021901014100,NLIC,5,25,200,1188.0,237600.0
2020-02-19,2020021901014064,NLIC,5,25,300,1188.0,356400.0
2020-02-19,2020021901014402,NLICL,5,46,500,693.0,346500.0
2020-02-19,2020021901014099,NMB,16,57,215,409.0,87935.0
2020-02-19,2020021901014098,NMB,29,57,81,409.0,33129.0
2020-02-19,2020021901014093,NMB,57,46,200,409.0,81800.0
2020-02-19,2020021901014244,NMBMF,35,57,20,960.0,19200.0
2020-02-19,2020021901014539,NMFBS,41,33,100,1764.0,176400.0
2020-02-19,2020021901014346,NUBL,59,1,24,1060.0,25440.0
2020-02-19,2020021901014056,NUBL,48,44,50,1069.0,53450.0
2020-02-19,2020021901014055,NUBL,55,44,50,1069.0,53450.0
2020-02-19,2020021901014368,PCBL,25,41,10,287.0,2870.0
2020-02-19,2020021901014063,PCBL,26,41,50,287.0,14350.0
2020-02-19,2020021901014486,PIC,55,29,69,654.0,45126.0
2020-02-19,2020021901014485,PIC,55,29,11,652.0,7172.0
2020-02-19,2020021901014484,PIC,55,45,20,652.0,13040.0
2020-02-19,2020021901014483,PIC,55,25,400,651.0,260400.0
2020-02-19,2020021901014394,PICL,26,38,39,520.0,20280.0
2020-02-19,2020021901014329,PICL,36,38,30,520.0,15600.0
2020-02-19,2020021901014410,PLIC,5,17,62,616.0,38192.0
2020-02-19,2020021901014409,PLIC,5,17,16,616.0,9856.0
2020-02-19,2020021901014282,PLIC,14,29,150,615.0,92250.0
2020-02-19,2020021901014180,PLIC,53,29,50,615.0,30750.0
2020-02-19,2020021901014243,PRIN,16,45,100,491.0,49100.0
2020-02-19,2020021901014371,PRVU,46,36,175,249.0,43575.0
2020-02-19,2020021901014505,RBCL,44,55,10,11080.0,110800.0
2020-02-19,2020021901014393,RBCLPO,43,57,35,9300.0,325500.0
2020-02-19,2020021901014338,RBCLPO,43,4,15,9300.0,139500.0
2020-02-19,2020021901014337,RBCLPO,39,4,85,9300.0,790500.0
2020-02-19,2020021901014289,RBCLPO,39,4,15,9300.0,139500.0
2020-02-19,2020021901014288,RBCLPO,58,4,20,9300.0,186000.0
2020-02-19,2020021901014287,RBCLPO,43,4,10,9300.0,93000.0
2020-02-19,2020021901014131,RBCLPO,53,33,30,9330.0,279900.0
2020-02-19,2020021901014286,RBCLPO,19,4,45,9301.0,418545.0
2020-02-19,2020021901014285,RBCLPO,44,4,10,9302.0,93020.0
2020-02-19,2020021901014132,RBCLPO,53,33,10,9325.0,93250.0
2020-02-19,2020021901014259,RHPC,25,45,358,88.0,31504.0
2020-02-19,2020021901014513,RLFL,25,25,50,138.0,6900.0
2020-02-19,2020021901014512,RLFL,29,25,1000,138.0,138000.0
2020-02-19,2020021901014511,RLFL,26,25,371,138.0,51198.0
2020-02-19,2020021901014348,RMDC,5,57,10,774.0,7740.0
2020-02-19,2020021901014077,RMDC,5,53,150,774.0,116100.0
2020-02-19,2020021901014076,RMDC,34,53,50,775.0,38750.0
2020-02-19,2020021901014551,RSDC,58,45,44,514.0,22616.0
2020-02-19,2020021901014550,RSDC,58,47,63,513.0,32319.0
2020-02-19,2020021901014549,RSDC,58,26,200,513.0,102600.0
2020-02-19,2020021901014548,RSDC,58,29,72,512.0,36864.0
2020-02-19,2020021901014547,RSDC,58,57,21,512.0,10752.0
2020-02-19,2020021901014374,RSDC,13,17,43,510.0,21930.0
2020-02-19,2020021901014319,RSDC,58,13,187,511.0,95557.0
2020-02-19,2020021901014318,RSDC,58,39,134,511.0,68474.0
2020-02-19,2020021901014317,RSDC,58,41,120,511.0,61320.0
2020-02-19,2020021901014316,RSDC,58,19,100,511.0,51100.0
2020-02-19,2020021901014195,RSDC,13,33,350,510.0,178500.0
2020-02-19,2020021901014194,RSDC,29,33,150,510.0,76500.0
2020-02-19,2020021901014325,RSDC,58,57,79,512.0,40448.0
2020-02-19,2020021901014324,RSDC,58,25,50,512.0,25600.0
2020-02-19,2020021901014323,RSDC,58,42,90,512.0,46080.0
2020-02-19,2020021901014322,RSDC,58,14,40,512.0,20480.0
2020-02-19,2020021901014321,RSDC,58,53,100,512.0,51200.0
2020-02-19,2020021901014320,RSDC,58,6,100,512.0,51200.0
2020-02-19,2020021901014463,SABSL,34,26,20,969.0,19380.0
2020-02-19,2020021901014344,SABSL,34,53,30,966.0,28980.0
2020-02-19,2020021901014343,SABSL,34,58,10,960.0,9600.0
2020-02-19,2020021901014342,SABSL,34,34,100,960.0,96000.0
2020-02-19,2020021901014182,SABSL,13,44,10,958.0,9580.0
2020-02-19,2020021901014181,SABSL,13,7,100,958.0,95800.0
2020-02-19,2020021901014105,SABSL,13,47,90,955.0,85950.0
2020-02-19,2020021901014104,SABSL,13,5,300,955.0,286500.0
2020-02-19,2020021901014103,SABSL,13,19,170,954.0,162180.0
2020-02-19,2020021901014102,SABSL,13,29,100,954.0,95400.0
2020-02-19,2020021901014495,SADBL,16,13,1000,170.0,170000.0
2020-02-19,2020021901014473,SANIMA,33,39,20,357.0,7140.0
2020-02-19,2020021901014405,SANIMA,25,49,100,357.0,35700.0
2020-02-19,2020021901014157,SANIMA,25,14,300,357.0,107100.0
2020-02-19,2020021901014339,SAPDBL,25,47,10,148.0,1480.0
2020-02-19,2020021901014427,SBI,38,21,34,425.0,14450.0
2020-02-19,2020021901014481,SBL,13,13,423,323.0,136629.0
2020-02-19,2020021901014352,SBL,35,13,1431,323.0,462213.0
2020-02-19,2020021901014220,SBL,35,42,569,323.0,183787.0
2020-02-19,2020021901014219,SBL,54,42,431,323.0,139213.0
2020-02-19,2020021901014147,SBL,8,6,100,324.0,32400.0
2020-02-19,2020021901014295,SCB,42,45,100,651.0,65100.0
2020-02-19,2020021901014129,SCB,19,1,104,646.0,67184.0
2020-02-19,2020021901014341,SHINE,16,40,15,297.0,4455.0
2020-02-19,2020021901014546,SHIVM,5,29,110,638.0,70180.0
2020-02-19,2020021901014538,SHIVM,5,36,400,638.0,255200.0
2020-02-19,2020021901014537,SHIVM,5,34,490,638.0,312620.0
2020-02-19,2020021901014336,SHIVM,56,34,10,638.0,6380.0
2020-02-19,2020021901014280,SHIVM,40,58,199,636.0,126564.0
2020-02-19,2020021901014279,SHIVM,25,58,100,636.0,63600.0
2020-02-19,2020021901014075,SHIVM,21,58,200,640.0,128000.0
2020-02-19,2020021901014061,SHIVM,28,58,240,640.0,153600.0
2020-02-19,2020021901014058,SHIVM,41,58,100,640.0,64000.0
2020-02-19,2020021901014265,SHIVM,6,10,50,637.0,31850.0
2020-02-19,2020021901014222,SHIVM,34,38,1000,638.0,638000.0
2020-02-19,2020021901014221,SHIVM,25,45,60,639.0,38340.0
2020-02-19,2020021901014211,SHIVM,59,57,500,639.0,319500.0
2020-02-19,2020021901014169,SHIVM,14,58,40,640.0,25600.0
2020-02-19,2020021901014082,SHIVM,14,58,460,640.0,294400.0
2020-02-19,2020021901014278,SHIVM,34,58,200,636.0,127200.0
2020-02-19,2020021901014277,SHIVM,1,58,200,636.0,127200.0
2020-02-19,2020021901014276,SHIVM,22,58,100,636.0,63600.0
2020-02-19,2020021901014275,SHIVM,25,58,111,636.0,70596.0
2020-02-19,2020021901014274,SHIVM,16,58,1000,637.0,637000.0
2020-02-19,2020021901014273,SHIVM,6,58,50,637.0,31850.0
2020-02-19,2020021901014331,SHL,51,11,100,193.0,19300.0
2020-02-19,2020021901014201,SHL,56,59,300,194.0,58200.0
2020-02-19,2020021901014084,SHL,51,45,200,193.0,38600.0
2020-02-19,2020021901014187,SHPC,57,38,759,227.0,172293.0
2020-02-19,2020021901014186,SHPC,51,38,500,228.0,114000.0
2020-02-19,2020021901014185,SHPC,57,38,641,228.0,146148.0
2020-02-19,2020021901014553,SICL,38,14,100,1235.0,123500.0
2020-02-19,2020021901014528,SICL,26,58,500,1234.0,617000.0
2020-02-19,2020021901014466,SICL,26,58,500,1234.0,617000.0
2020-02-19,2020021901014060,SICL,44,58,150,1230.0,184500.0
2020-02-19,2020021901014212,SICL,28,58,400,1230.0,492000.0
2020-02-19,2020021901014432,SIL,44,47,390,587.0,228930.0
2020-02-19,2020021901014431,SIL,45,47,30,588.0,17640.0
2020-02-19,2020021901014298,SKBBL,57,22,14,1271.0,17794.0
2020-02-19,2020021901014253,SKBBL,57,14,80,1270.0,101600.0
2020-02-19,2020021901014250,SKBBL,6,14,20,1270.0,25400.0
2020-02-19,2020021901014167,SKBBL,57,19,88,1280.0,112640.0
2020-02-19,2020021901014054,SKBBL,39,37,20,1284.0,25680.0
2020-02-19,2020021901014531,SLBBL,28,5,10,990.0,9900.0
2020-02-19,2020021901014080,SLBBL,54,14,32,990.0,31680.0
2020-02-19,2020021901014079,SLBBL,54,36,188,990.0,186120.0
2020-02-19,2020021901014078,SLBBL,54,22,30,990.0,29700.0
2020-02-19,2020021901014370,SLBBL,34,34,1000,975.0,975000.0
2020-02-19,2020021901014264,SLBBL,22,5,132,990.0,130680.0
2020-02-19,2020021901014263,SLBBL,22,14,68,990.0,67320.0
2020-02-19,2020021901014254,SLBSL,43,36,10,1023.0,10230.0
2020-02-19,2020021901014524,SLICL,26,6,200,496.0,99200.0
2020-02-19,2020021901014434,SLICL,58,6,100,496.0,49600.0
2020-02-19,2020021901014426,SLICL,50,6,120,496.0,59520.0
2020-02-19,2020021901014425,SLICL,50,45,380,496.0,188480.0
2020-02-19,2020021901014330,SLICL,26,34,120,495.0,59400.0
2020-02-19,2020021901014248,SLICL,41,45,50,496.0,24800.0
2020-02-19,2020021901014247,SLICL,37,45,100,496.0,49600.0
2020-02-19,2020021901014156,SLICL,26,57,200,496.0,99200.0
2020-02-19,2020021901014535,SMATA,57,8,69,884.0,60996.0
2020-02-19,2020021901014534,SMATA,57,25,31,883.0,27373.0
2020-02-19,2020021901014487,SMATA,34,25,19,883.0,16777.0
2020-02-19,2020021901014404,SMATA,34,25,100,883.0,88300.0
2020-02-19,2020021901014391,SMATA,34,17,18,883.0,15894.0
2020-02-19,2020021901014204,SMATA,34,14,60,883.0,52980.0
2020-02-19,2020021901014096,SMATA,39,22,400,883.0,353200.0
2020-02-19,2020021901014193,SMATA,59,51,395,870.0,343650.0
2020-02-19,2020021901014192,SMATA,34,51,25,876.0,21900.0
2020-02-19,2020021901014188,SMATA,34,55,30,876.0,26280.0
2020-02-19,2020021901014168,SMATA,34,34,25,872.0,21800.0
2020-02-19,2020021901014149,SMATA,39,55,20,883.0,17660.0
2020-02-19,2020021901014097,SMATA,39,42,80,883.0,70640.0
2020-02-19,2020021901014532,SMB,34,6,10,1120.0,11200.0
2020-02-19,2020021901014349,SMFBS,6,25,100,1178.0,117800.0
2020-02-19,2020021901014101,SPARS,3,38,10,1008.0,10080.0
2020-02-19,2020021901014095,SPARS,3,14,11,1008.0,11088.0
2020-02-19,2020021901014094,SPARS,34,14,10,1008.0,10080.0
2020-02-19,2020021901014083,SRBL,5,44,588,255.0,149940.0
2020-02-19,2020021901014059,SRBL,41,44,10,255.0,2550.0
2020-02-19,2020021901014146,UIC,42,42,196,438.0,85848.0
2020-02-19,2020021901014145,UIC,42,42,200,438.0,87600.0
2020-02-19,2020021901014144,UIC,38,42,500,438.0,219000.0
2020-02-19,2020021901014143,UIC,26,42,20,438.0,8760.0
2020-02-19,2020021901014142,UIC,34,42,100,439.0,43900.0
2020-02-19,2020021901014141,UIC,17,42,39,439.0,17121.0
2020-02-19,2020021901014140,UIC,51,42,120,440.0,52800.0
2020-02-19,2020021901014139,UIC,25,42,175,440.0,77000.0
2020-02-19,2020021901014545,UPCL,38,41,50,80.0,4000.0
2020-02-19,2020021901014543,UPPER,44,56,850,239.0,203150.0
2020-02-19,2020021901014489,UPPER,42,11,50,240.0,12000.0
2020-02-19,2020021901014072,UPPER,57,43,150,239.0,35850.0
2020-02-19,2020021901014071,UPPER,57,45,50,239.0,11950.0
2020-02-19,2020021901014205,UPPER,55,43,139,238.0,33082.0
2020-02-19,2020021901014401,WOMI,55,14,10,1119.0,11190.0
2020-02-19,2020021901014390,WOMI,42,14,73,1119.0,81687.0
2020-02-19,2020021901014389,WOMI,42,38,27,1118.0,30186.0
2020-02-19,2020021901014388,WOMI,42,45,100,1115.0,111500.0
2020-02-19,2020021901014173,WOMI,55,58,190,1117.0,212230.0
2020-02-19,2020021901014172,WOMI,55,1,67,1117.0,74839.0
2020-02-19,2020021901014171,WOMI,55,26,10,1116.0,11160.0
2020-02-19,2020021901014345,WOMI,55,38,10,1118.0,11180.0
2020-02-19,2020021901014328,WOMI,55,38,10,1118.0,11180.0
2020-02-19,2020021901014267,WOMI,55,38,10,1118.0,11180.0
2020-02-19,2020021901014242,WOMI,55,38,10,1118.0,11180.0
2020-02-19,2020021901014174,WOMI,55,38,233,1118.0,260494.0
2020-02-19,2020021901011539,ADBL,6,4,100,398.0,39800.0
2020-02-19,2020021901011432,AHPC,46,3,458,98.0,44884.0
2020-02-19,2020021901011431,AHPC,46,3,42,98.0,4116.0
2020-02-19,2020021901011336,AKPL,19,40,100,136.0,13600.0
2020-02-19,2020021901011499,ALBSL,34,46,10,841.0,8410.0
2020-02-19,2020021901011350,ALBSL,34,55,11,841.0,9251.0
2020-02-19,2020021901011349,ALBSL,34,34,11,841.0,9251.0
2020-02-19,2020021901011348,ALBSL,34,39,210,841.0,176610.0
2020-02-19,2020021901011347,ALBSL,34,25,100,841.0,84100.0
2020-02-19,2020021901011346,ALBSL,34,22,20,840.0,16800.0
2020-02-19,2020021901011102,ALBSL,26,42,11,835.0,9185.0
2020-02-19,2020021901011235,ALBSL,4,22,100,840.0,84000.0
2020-02-19,2020021901011234,ALBSL,4,1,12,839.0,10068.0
2020-02-19,2020021901011233,ALBSL,4,14,172,835.0,143620.0
2020-02-19,2020021901011199,ALBSL,26,14,28,835.0,23380.0
2020-02-19,2020021901011181,ALBSL,26,45,10,837.0,8370.0
2020-02-19,2020021901011180,ALBSL,26,29,10,836.0,8360.0
2020-02-19,2020021901011345,ALBSL,34,36,29,840.0,24360.0
2020-02-19,2020021901011239,ALBSL,4,36,171,840.0,143640.0
2020-02-19,2020021901011238,ALBSL,4,40,12,840.0,10080.0
2020-02-19,2020021901011237,ALBSL,4,44,300,840.0,252000.0
2020-02-19,2020021901011236,ALBSL,4,35,33,840.0,27720.0
2020-02-19,2020021901011355,ALICL,42,40,400,629.0,251600.0
2020-02-19,2020021901011307,ALICL,42,28,100,629.0,62900.0
2020-02-19,2020021901011522,API,40,47,30,139.0,4170.0
2020-02-19,2020021901011521,API,40,33,14,139.0,1946.0
2020-02-19,2020021901011469,API,1,6,60,137.0,8220.0
2020-02-19,2020021901011468,API,49,6,340,138.0,46920.0
2020-02-19,2020021901011344,API,49,45,50,138.0,6900.0
2020-02-19,2020021901011343,API,49,57,150,138.0,20700.0
2020-02-19,2020021901011054,API,49,6,50,138.0,6900.0
2020-02-19,2020021901011322,API,1,17,30,137.0,4110.0
2020-02-19,2020021901011286,API,40,57,200,138.0,27600.0
2020-02-19,2020021901011219,API,35,57,150,138.0,20700.0
2020-02-19,2020021901011218,API,35,44,123,138.0,16974.0
2020-02-19,2020021901011055,API,49,44,50,138.0,6900.0
2020-02-19,2020021901011251,BBC,3,19,10,1800.0,18000.0
2020-02-19,2020021901011415,BNT,7,29,10,7242.0,72420.0
2020-02-19,2020021901011414,BNT,7,25,20,7191.0,143820.0
2020-02-19,2020021901011206,BNT,51,17,10,7165.0,71650.0
2020-02-19,2020021901011205,BNT,51,16,10,7160.0,71600.0
2020-02-19,2020021901011204,BNT,51,7,10,7152.0,71520.0
2020-02-19,2020021901011463,BOKL,19,33,1000,237.0,237000.0
2020-02-19,2020021901011436,BOKL,19,33,230,237.0,54510.0
2020-02-19,2020021901011435,BOKL,5,33,770,237.0,182490.0
2020-02-19,2020021901011552,BPCL,49,59,126,361.0,45486.0
2020-02-19,2020021901011418,BPCL,49,17,200,360.0,72000.0
2020-02-19,2020021901011417,BPCL,49,48,50,360.0,18000.0
2020-02-19,2020021901011342,BPCL,42,17,94,360.0,33840.0
2020-02-19,2020021901011215,BPCL,49,43,93,361.0,33573.0
2020-02-19,2020021901011214,BPCL,49,6,500,360.0,180000.0
2020-02-19,2020021901011213,BPCL,49,43,407,360.0,146520.0
2020-02-19,2020021901011423,BPCL,49,41,300,361.0,108300.0
2020-02-19,2020021901011422,BPCL,49,3,200,361.0,72200.0
2020-02-19,2020021901011421,BPCL,49,43,140,361.0,50540.0
2020-02-19,2020021901011420,BPCL,49,14,100,361.0,36100.0
2020-02-19,2020021901011419,BPCL,49,43,384,361.0,138624.0
2020-02-19,2020021901011374,CBBL,14,42,250,1135.0,283750.0
2020-02-19,2020021901011503,CBL,39,45,220,152.0,33440.0
2020-02-19,2020021901011433,CBL,39,22,730,152.0,110960.0
2020-02-19,2020021901011077,CBL,43,25,50,153.0,7650.0
2020-02-19,2020021901011076,CBL,58,25,48,153.0,7344.0
2020-02-19,2020021901011458,CCBL,44,45,174,185.0,32190.0
2020-02-19,2020021901011293,CCBL,45,57,35,184.0,6440.0
2020-02-19,2020021901011260,CCBL,17,45,200,185.0,37000.0
2020-02-19,2020021901011187,CCBL,56,45,100,185.0,18500.0
2020-02-19,2020021901011094,CCBL,45,55,112,184.0,20608.0
2020-02-19,2020021901011093,CCBL,1,55,61,184.0,11224.0
2020-02-19,2020021901011092,CCBL,1,57,42,184.0,7728.0
2020-02-19,2020021901011338,CIT,59,7,56,2745.0,153720.0
2020-02-19,2020021901011337,CIT,59,19,44,2740.0,120560.0
2020-02-19,2020021901011110,CIT,34,42,134,2730.0,365820.0
2020-02-19,2020021901011091,CZBIL,49,57,10,198.0,1980.0
2020-02-19,2020021901011448,DDBL,50,34,100,910.0,91000.0
2020-02-19,2020021901011302,DDBL,49,38,100,912.0,91200.0
2020-02-19,2020021901011301,DDBL,49,38,50,910.0,45500.0
2020-02-19,2020021901011095,DDBL,42,38,100,910.0,91000.0
2020-02-19,2020021901011404,EBL,33,22,11,663.0,7293.0
2020-02-19,2020021901011403,EBL,33,22,300,663.0,198900.0
2020-02-19,2020021901011313,EBL,44,55,400,664.0,265600.0
2020-02-19,2020021901011424,EIC,11,41,100,443.0,44300.0
2020-02-19,2020021901011318,EIC,11,28,20,443.0,8860.0
2020-02-19,2020021901011317,EIC,50,28,80,443.0,35440.0
2020-02-19,2020021901011142,EIC,35,55,50,444.0,22200.0
2020-02-19,2020021901011057,EIC,21,55,50,444.0,22200.0
2020-02-19,2020021901011505,FMDBL,39,6,35,503.0,17605.0
2020-02-19,2020021901011306,FMDBL,53,6,620,503.0,311860.0
2020-02-19,2020021901011252,FMDBL,43,6,430,503.0,216290.0
2020-02-19,2020021901011222,FMDBL,43,17,70,503.0,35210.0
2020-02-19,2020021901011221,FMDBL,43,29,500,503.0,251500.0
2020-02-19,2020021901011177,FMDBL,21,11,152,502.0,76304.0
2020-02-19,2020021901011176,FMDBL,21,36,200,502.0,100400.0
2020-02-19,2020021901011175,FMDBL,21,33,70,502.0,35140.0
2020-02-19,2020021901011174,FMDBL,21,57,500,502.0,251000.0
2020-02-19,2020021901011148,FMDBL,58,59,57,500.0,28500.0
2020-02-19,2020021901011104,FMDBL,58,14,200,500.0,100000.0
2020-02-19,2020021901011070,FMDBL,58,44,32,500.0,16000.0
2020-02-19,2020021901011370,GBIME,4,28,3387,284.0,961908.0
2020-02-19,2020021901011369,GBIME,4,28,13,284.0,3692.0
2020-02-19,2020021901011248,GBIME,4,14,653,284.0,185452.0
2020-02-19,2020021901011247,GBIME,4,49,4334,284.0,1230856.0
2020-02-19,2020021901011297,GBLBS,17,25,100,526.0,52600.0
2020-02-19,2020021901011272,GBLBS,39,17,100,525.0,52500.0
2020-02-19,2020021901011271,GBLBS,39,49,285,525.0,149625.0
2020-02-19,2020021901011270,GBLBS,39,42,15,525.0,7875.0
2020-02-19,2020021901011269,GBLBS,39,42,15,525.0,7875.0
2020-02-19,2020021901011268,GBLBS,39,56,100,525.0,52500.0
2020-02-19,2020021901011058,GBLBS,17,44,170,524.0,89080.0
2020-02-19,2020021901011167,GBLBS,39,45,100,525.0,52500.0
2020-02-19,2020021901011166,GBLBS,39,42,80,525.0,42000.0
2020-02-19,2020021901011136,GBLBS,35,42,20,525.0,10500.0
2020-02-19,2020021901011116,GBLBS,28,42,500,525.0,262500.0
2020-02-19,2020021901011103,GBLBS,5,42,200,525.0,105000.0
2020-02-19,2020021901011101,GBLBS,6,37,100,524.0,52400.0
2020-02-19,2020021901011267,GBLBS,39,1,480,525.0,252000.0
2020-02-19,2020021901011266,GBLBS,50,1,20,525.0,10500.0
2020-02-19,2020021901011265,GBLBS,50,45,480,525.0,252000.0
2020-02-19,2020021901011210,GBLBS,55,45,100,525.0,52500.0
2020-02-19,2020021901011169,GBLBS,6,37,100,524.0,52400.0
2020-02-19,2020021901011168,GBLBS,39,45,20,525.0,10500.0
2020-02-19,2020021901011537,GILB,46,36,15,1440.0,21600.0
2020-02-19,2020021901011158,GILB,14,36,54,1440.0,77760.0
2020-02-19,2020021901011133,GILB,14,36,200,1440.0,288000.0
2020-02-19,2020021901011335,GLBSL,42,51,10,807.0,8070.0
2020-02-19,2020021901011249,GLBSL,42,48,10,807.0,8070.0
2020-02-19,2020021901011551,GLICL,44,49,900,807.0,726300.0
2020-02-19,2020021901011550,GLICL,26,49,300,808.0,242400.0
2020-02-19,2020021901011549,GLICL,46,49,300,808.0,242400.0
2020-02-19,2020021901011548,GLICL,25,49,500,808.0,404000.0
2020-02-19,2020021901011547,GLICL,58,49,120,809.0,97080.0
2020-02-19,2020021901011546,GLICL,56,49,10,809.0,8090.0
2020-02-19,2020021901011545,GLICL,46,49,20,809.0,16180.0
2020-02-19,2020021901011510,GLICL,39,6,38,810.0,30780.0
2020-02-19,2020021901011509,GLICL,39,58,158,810.0,127980.0
2020-02-19,2020021901011434,GLICL,46,33,80,809.0,64720.0
2020-02-19,2020021901011081,GLICL,49,37,200,809.0,161800.0
2020-02-19,2020021901011487,GMFBS,43,28,10,993.0,9930.0
2020-02-19,2020021901011062,GMFBS,58,47,10,1009.0,10090.0
2020-02-19,2020021901011354,HBL,34,43,13,579.0,7527.0
2020-02-19,2020021901011542,HDL,58,36,30,1515.0,45450.0
2020-02-19,2020021901011536,HDL,58,50,100,1515.0,151500.0
2020-02-19,2020021901011532,HDL,42,50,200,1515.0,303000.0
2020-02-19,2020021901011531,HDL,3,50,100,1515.0,151500.0
2020-02-19,2020021901011530,HDL,22,50,20,1515.0,30300.0
2020-02-19,2020021901011523,HDL,58,50,280,1515.0,424200.0
2020-02-19,2020021901011061,HDL,38,57,50,1500.0,75000.0
2020-02-19,2020021901011060,HDL,58,4,100,1495.0,149500.0
2020-02-19,2020021901011096,HDL,5,48,100,1504.0,150400.0
2020-02-19,2020021901011090,HDL,58,51,20,1501.0,30020.0
2020-02-19,2020021901011088,HDL,58,45,100,1501.0,150100.0
2020-02-19,2020021901011080,HDL,22,45,100,1501.0,150100.0
2020-02-19,2020021901011075,HDL,58,45,200,1500.0,300000.0
2020-02-19,2020021901011074,HDL,58,20,10,1500.0,15000.0
2020-02-19,2020021901011118,HDL,58,7,100,1501.0,150100.0
2020-02-19,2020021901011117,HDL,58,7,80,1501.0,120080.0
2020-02-19,2020021901011113,HDL,40,7,100,1504.0,150400.0
2020-02-19,2020021901011107,HDL,41,47,50,1509.0,75450.0
2020-02-19,2020021901011099,HDL,40,45,200,1504.0,300800.0
2020-02-19,2020021901011097,HDL,5,51,200,1504.0,300800.0
2020-02-19,2020021901011244,HDL,5,53,200,1501.0,300200.0
2020-02-19,2020021901011243,HDL,50,53,100,1502.0,150200.0
2020-02-19,2020021901011242,HDL,56,53,20,1503.0,30060.0
2020-02-19,2020021901011217,HDL,58,45,100,1509.0,150900.0
2020-02-19,2020021901011184,HDL,50,45,100,1509.0,150900.0
2020-02-19,2020021901011140,HDL,58,48,115,1511.0,173765.0
2020-02-19,2020021901011315,HDL,45,45,200,1509.0,301800.0
2020-02-19,2020021901011300,HDL,56,44,500,1508.0,754000.0
2020-02-19,2020021901011298,HDL,38,53,200,1502.0,300400.0
2020-02-19,2020021901011258,HDL,38,53,30,1501.0,45030.0
2020-02-19,2020021901011246,HDL,46,53,200,1501.0,300200.0
2020-02-19,2020021901011245,HDL,14,53,100,1501.0,150100.0
2020-02-19,2020021901011372,HDL,22,35,20,1515.0,30300.0
2020-02-19,2020021901011364,HDL,55,58,200,1510.0,302000.0
2020-02-19,2020021901011363,HDL,55,45,70,1510.0,105700.0
2020-02-19,2020021901011361,HDL,33,45,50,1509.0,75450.0
2020-02-19,2020021901011333,HDL,56,45,55,1510.0,83050.0
2020-02-19,2020021901011332,HDL,56,58,45,1510.0,67950.0
2020-02-19,2020021901011447,HDL,7,4,100,1514.0,151400.0
2020-02-19,2020021901011438,HDL,49,49,500,1515.0,757500.0
2020-02-19,2020021901011401,HDL,10,49,300,1515.0,454500.0
2020-02-19,2020021901011396,HDL,21,49,200,1515.0,303000.0
2020-02-19,2020021901011393,HDL,7,49,200,1515.0,303000.0
2020-02-19,2020021901011383,HDL,56,49,200,1515.0,303000.0
2020-02-19,2020021901011484,HDL,58,48,100,1515.0,151500.0
2020-02-19,2020021901011483,HDL,58,22,1000,1515.0,1515000.0
2020-02-19,2020021901011482,HDL,58,49,100,1515.0,151500.0
2020-02-19,2020021901011481,HDL,58,4,20,1514.0,30280.0
2020-02-19,2020021901011474,HDL,7,4,380,1514.0,575320.0
2020-02-19,2020021901011473,HDL,7,34,20,1513.0,30260.0
2020-02-19,2020021901011508,HDL,58,47,500,1519.0,759500.0
2020-02-19,2020021901011507,HDL,58,8,110,1519.0,167090.0
2020-02-19,2020021901011506,HDL,58,8,65,1519.0,98735.0
2020-02-19,2020021901011496,HDL,42,8,235,1519.0,356965.0
2020-02-19,2020021901011495,HDL,42,51,40,1519.0,60760.0
2020-02-19,2020021901011494,HDL,42,40,25,1518.0,37950.0
2020-02-19,2020021901011320,HGI,45,58,200,441.0,88200.0
2020-02-19,2020021901011126,HGI,45,16,750,441.0,330750.0
2020-02-19,2020021901011125,HGI,26,16,150,442.0,66300.0
2020-02-19,2020021901011124,HGI,45,16,50,442.0,22100.0
2020-02-19,2020021901011389,HIDCL,1,57,50,138.0,6900.0
2020-02-19,2020021901011334,HIDCL,1,57,50,138.0,6900.0
2020-02-19,2020021901011278,HIDCL,1,21,31,138.0,4278.0
2020-02-19,2020021901011263,HIDCL,1,57,51,138.0,7038.0
2020-02-19,2020021901011262,HIDCL,50,57,10,138.0,1380.0
2020-02-19,2020021901011185,HIDCL,26,57,50,138.0,6900.0
2020-02-19,2020021901011138,HIDCL,26,57,61,138.0,8418.0
2020-02-19,2020021901011106,HIDCL,26,57,14,138.0,1932.0
2020-02-19,2020021901011056,HIDCL,26,57,50,138.0,6900.0
2020-02-19,2020021901011543,HPPL,49,40,10,154.0,1540.0
2020-02-19,2020021901011493,HPPL,49,26,10,154.0,1540.0
2020-02-19,2020021901011461,ILBS,5,28,10,935.0,9350.0
2020-02-19,2020021901011430,ILBS,5,28,10,935.0,9350.0
2020-02-19,2020021901011387,ILBS,5,28,10,935.0,9350.0
2020-02-19,2020021901011314,ILBS,5,48,60,935.0,56100.0
2020-02-19,2020021901011220,ILBS,5,35,70,935.0,65450.0
2020-02-19,2020021901011409,JOSHI,42,38,10,64.0,640.0
2020-02-19,2020021901011408,JOSHI,42,29,20,64.0,1280.0
2020-02-19,2020021901011378,JOSHI,42,56,20,63.0,1260.0
2020-02-19,2020021901011377,JOSHI,42,39,500,63.0,31500.0
2020-02-19,2020021901011376,JOSHI,42,39,20,63.0,1260.0
2020-02-19,2020021901011375,JOSHI,42,39,20,63.0,1260.0
2020-02-19,2020021901011353,JOSHI,42,41,20,62.0,1240.0
2020-02-19,2020021901011098,KBL,53,22,177,196.0,34692.0
2020-02-19,2020021901011084,KBL,39,22,62,196.0,12152.0
2020-02-19,2020021901011083,KBL,39,45,18,196.0,3528.0
2020-02-19,2020021901011082,KBL,39,42,420,196.0,82320.0
2020-02-19,2020021901011371,KSBBL,54,29,10,173.0,1730.0
2020-02-19,2020021901011211,KSBBL,32,17,1000,172.0,172000.0
2020-02-19,2020021901011450,LBBL,36,14,643,195.0,125385.0
2020-02-19,2020021901011449,LBBL,36,46,577,195.0,112515.0
2020-02-19,2020021901011186,LBBL,45,46,50,195.0,9750.0
2020-02-19,2020021901011518,LGIL,39,38,100,530.0,53000.0
2020-02-19,2020021901011517,LGIL,39,54,500,530.0,265000.0
2020-02-19,2020021901011516,LGIL,39,58,50,530.0,26500.0
2020-02-19,2020021901011515,LGIL,39,29,200,530.0,106000.0
2020-02-19,2020021901011514,LGIL,39,34,290,530.0,153700.0
2020-02-19,2020021901011513,LGIL,39,49,55,530.0,29150.0
2020-02-19,2020021901011512,LGIL,39,26,100,529.0,52900.0
2020-02-19,2020021901011462,LGIL,1,43,200,528.0,105600.0
2020-02-19,2020021901011308,LGIL,39,43,460,527.0,242420.0
2020-02-19,2020021901011519,LICN,41,48,25,1389.0,34725.0
2020-02-19,2020021901011492,MBL,3,10,29,239.0,6931.0
2020-02-19,2020021901011491,MBL,26,10,1000,239.0,239000.0
2020-02-19,2020021901011490,MBL,51,10,250,239.0,59750.0
2020-02-19,2020021901011489,MBL,17,10,500,239.0,119500.0
2020-02-19,2020021901011488,MBL,10,10,221,239.0,52819.0
2020-02-19,2020021901011367,MBL,36,49,100,240.0,24000.0
2020-02-19,2020021901011366,MBL,36,42,200,240.0,48000.0
2020-02-19,2020021901011470,MEGA,58,53,500,212.0,106000.0
2020-02-19,2020021901011399,MEGA,58,45,500,212.0,106000.0
2020-02-19,2020021901011392,MEGA,58,7,963,212.0,204156.0
2020-02-19,2020021901011391,MEGA,41,7,37,212.0,7844.0
2020-02-19,2020021901011170,MEGA,53,11,263,212.0,55756.0
2020-02-19,2020021901011312,MEGA,41,53,263,212.0,55756.0
2020-02-19,2020021901011311,MEGA,53,53,401,212.0,85012.0
2020-02-19,2020021901011485,MERO,14,49,100,688.0,68800.0
2020-02-19,2020021901011416,MERO,7,7,5,688.0,3440.0
2020-02-19,2020021901011208,MERO,26,44,200,686.0,137200.0
2020-02-19,2020021901011179,MERO,26,54,15,686.0,10290.0
2020-02-19,2020021901011444,MFIL,57,43,1000,195.0,195000.0
2020-02-19,2020021901011365,MNBBL,48,48,200,330.0,66000.0
2020-02-19,2020021901011289,MNBBL,48,45,222,330.0,73260.0
2020-02-19,2020021901011288,MNBBL,48,45,75,330.0,24750.0
2020-02-19,2020021901011089,MPFL,34,33,500,123.0,61500.0
2020-02-19,2020021901011165,MSMBS,32,54,200,835.0,167000.0
2020-02-19,2020021901011321,NADEP,3,7,200,780.0,156000.0
2020-02-19,2020021901011281,NADEP,39,16,23,779.0,17917.0
2020-02-19,2020021901011295,NBB,58,45,300,211.0,63300.0
2020-02-19,2020021901011157,NBB,58,44,435,211.0,91785.0
2020-02-19,2020021901011129,NBB,50,44,100,211.0,21100.0
2020-02-19,2020021901011128,NBB,36,44,300,211.0,63300.0
2020-02-19,2020021901011127,NBB,33,44,681,211.0,143691.0
2020-02-19,2020021901011114,NBB,33,10,182,211.0,38402.0
2020-02-19,2020021901011467,NBF2,48,58,1000,9.3,9300.0
2020-02-19,2020021901011524,NBL,28,6,148,271.0,40108.0
2020-02-19,2020021901011501,NBL,28,14,194,271.0,52574.0
2020-02-19,2020021901011406,NBL,39,14,306,271.0,82926.0
2020-02-19,2020021901011405,NBL,39,34,194,271.0,52574.0
2020-02-19,2020021901011198,NBL,59,34,50,271.0,13550.0
2020-02-19,2020021901011059,NBL,46,34,3000,271.0,813000.0
2020-02-19,2020021901011256,NCCB,42,6,260,195.0,50700.0
2020-02-19,2020021901011502,NGPL,28,17,11,138.0,1518.0
2020-02-19,2020021901011296,NGPL,28,21,11,138.0,1518.0
2020-02-19,2020021901011261,NGPL,28,7,11,138.0,1518.0
2020-02-19,2020021901011480,NHDL,25,56,10,140.0,1400.0
2020-02-19,2020021901011063,NHPC,49,45,100,60.0,6000.0
2020-02-19,2020021901011135,NIB,42,33,19,386.0,7334.0
2020-02-19,2020021901011134,NIB,42,49,281,386.0,108466.0
2020-02-19,2020021901011520,NIBPO,34,28,1000,338.0,338000.0
2020-02-19,2020021901011465,NIBPO,49,38,1000,338.0,338000.0
2020-02-19,2020021901011478,NICA,39,28,689,547.0,376883.0
2020-02-19,2020021901011477,NICA,39,45,175,547.0,95725.0
2020-02-19,2020021901011476,NICA,39,34,136,547.0,74392.0
2020-02-19,2020021901011457,NICA,50,22,219,546.0,119574.0
2020-02-19,2020021901011456,NICA,14,22,50,546.0,27300.0
2020-02-19,2020021901011455,NICA,42,22,56,546.0,30576.0
2020-02-19,2020021901011287,NICA,49,34,100,547.0,54700.0
2020-02-19,2020021901011273,NICA,45,34,40,547.0,21880.0
2020-02-19,2020021901011137,NICA,22,34,77,547.0,42119.0
2020-02-19,2020021901011087,NICA,42,34,100,547.0,54700.0
2020-02-19,2020021901011086,NICA,19,34,55,547.0,30085.0
2020-02-19,2020021901011197,NICL,45,43,500,466.0,233000.0
2020-02-19,2020021901011139,NICL,44,47,250,466.0,116500.0
2020-02-19,2020021901011112,NICL,44,29,400,465.0,186000.0
2020-02-19,2020021901011294,NIL,49,46,500,606.0,303000.0
2020-02-19,2020021901011368,NLBBL,34,46,100,858.0,85800.0
2020-02-19,2020021901011529,NLG,54,17,459,722.0,331398.0
2020-02-19,2020021901011528,NLG,54,49,50,721.0,36050.0
2020-02-19,2020021901011527,NLG,54,35,125,721.0,90125.0
2020-02-19,2020021901011526,NLG,54,35,100,720.0,72000.0
2020-02-19,2020021901011525,NLG,54,21,200,720.0,144000.0
2020-02-19,2020021901011073,NLG,59,25,100,718.0,71800.0
2020-02-19,2020021901011500,NLG,42,45,500,718.0,359000.0
2020-02-19,2020021901011352,NLIC,50,6,90,1188.0,106920.0
2020-02-19,2020021901011351,NLIC,59,6,10,1190.0,11900.0
2020-02-19,2020021901011264,NLIC,59,36,128,1190.0,152320.0
2020-02-19,2020021901011250,NLIC,59,40,162,1190.0,192780.0
2020-02-19,2020021901011193,NLIC,50,22,200,1188.0,237600.0
2020-02-19,2020021901011192,NLIC,34,22,100,1188.0,118800.0
2020-02-19,2020021901011141,NLIC,42,58,70,1192.0,83440.0
2020-02-19,2020021901011191,NLIC,29,22,200,1189.0,237800.0
2020-02-19,2020021901011190,NLIC,39,22,80,1189.0,95120.0
2020-02-19,2020021901011189,NLIC,44,22,100,1189.0,118900.0
2020-02-19,2020021901011188,NLIC,50,22,187,1189.0,222343.0
2020-02-19,2020021901011153,NLIC,41,40,100,1190.0,119000.0
2020-02-19,2020021901011152,NLIC,48,40,38,1190.0,45220.0
2020-02-19,2020021901011413,NMB,3,17,48,409.0,19632.0
2020-02-19,2020021901011412,NMB,59,17,50,409.0,20450.0
2020-02-19,2020021901011411,NMB,45,17,137,409.0,56033.0
2020-02-19,2020021901011155,NMB,45,59,50,409.0,20450.0
2020-02-19,2020021901011154,NMB,45,49,63,409.0,25767.0
2020-02-19,2020021901011397,NMBHF1,58,51,10000,9.6,96000.0
2020-02-19,2020021901011428,NTC,4,6,20,618.0,12360.0
2020-02-19,2020021901011427,NTC,35,6,60,618.0,37080.0
2020-02-19,2020021901011426,NTC,48,6,100,618.0,61800.0
2020-02-19,2020021901011425,NTC,45,6,20,618.0,12360.0
2020-02-19,2020021901011194,NTC,50,14,20,619.0,12380.0
2020-02-19,2020021901011553,PCBL,45,16,100,287.0,28700.0
2020-02-19,2020021901011340,PCBL,36,4,256,286.0,73216.0
2020-02-19,2020021901011072,PCBL,36,25,64,286.0,18304.0
2020-02-19,2020021901011071,PCBL,4,25,1936,286.0,553696.0
2020-02-19,2020021901011533,PIC,4,25,500,646.0,323000.0
2020-02-19,2020021901011255,PIC,4,25,370,646.0,239020.0
2020-02-19,2020021901011254,PIC,38,25,331,646.0,213826.0
2020-02-19,2020021901011253,PIC,4,25,20,647.0,12940.0
2020-02-19,2020021901011202,PIC,44,25,30,648.0,19440.0
2020-02-19,2020021901011201,PIC,6,25,70,648.0,45360.0
2020-02-19,2020021901011200,PIC,48,25,29,649.0,18821.0
2020-02-19,2020021901011329,PLIC,16,40,297,613.0,182061.0
2020-02-19,2020021901011328,PLIC,59,40,200,614.0,122800.0
2020-02-19,2020021901011327,PLIC,42,40,203,614.0,124642.0
2020-02-19,2020021901011326,PLIC,18,21,100,615.0,61500.0
2020-02-19,2020021901011240,PLIC,42,41,100,614.0,61400.0
2020-02-19,2020021901011535,PRIN,44,38,900,489.0,440100.0
2020-02-19,2020021901011534,PRIN,36,38,100,490.0,49000.0
2020-02-19,2020021901011069,PRIN,44,39,18,489.0,8802.0
2020-02-19,2020021901011068,PRIN,28,39,800,489.0,391200.0
2020-02-19,2020021901011067,PRIN,10,39,500,490.0,245000.0
2020-02-19,2020021901011066,PRIN,36,39,600,490.0,294000.0
2020-02-19,2020021901011065,PRIN,36,39,40,490.0,19600.0
2020-02-19,2020021901011064,PRIN,14,39,23,491.0,11293.0
2020-02-19,2020021901011466,PRVU,58,49,116,250.0,29000.0
2020-02-19,2020021901011291,PRVU,7,7,2,251.0,502.0
2020-02-19,2020021901011212,PRVU,41,26,400,251.0,100400.0
2020-02-19,2020021901011310,RBCL,59,40,10,11020.0,110200.0
2020-02-19,2020021901011382,RBCLPO,40,33,10,9358.0,93580.0
2020-02-19,2020021901011381,RBCLPO,42,33,10,9359.0,93590.0
2020-02-19,2020021901011380,RBCLPO,51,33,20,9360.0,187200.0
2020-02-19,2020021901011285,RBCLPO,13,33,10,9361.0,93610.0
2020-02-19,2020021901011284,RBCLPO,14,33,10,9361.0,93610.0
2020-02-19,2020021901011283,RBCLPO,14,33,20,9365.0,187300.0
2020-02-19,2020021901011282,RBCLPO,43,33,10,9370.0,93700.0
2020-02-19,2020021901011109,RBCLPO,34,59,100,9375.0,937500.0
2020-02-19,2020021901011108,RBCLPO,39,59,20,9376.0,187520.0
2020-02-19,2020021901011279,RHPC,34,17,18,88.0,1584.0
2020-02-19,2020021901011452,RHPL,34,20,10,167.0,1670.0
2020-02-19,2020021901011305,RHPL,34,17,20,167.0,3340.0
2020-02-19,2020021901011280,RHPL,34,7,30,167.0,5010.0
2020-02-19,2020021901011275,RLFL,47,43,100,139.0,13900.0
2020-02-19,2020021901011479,RRHP,45,20,10,102.0,1020.0
2020-02-19,2020021901011132,RRHP,45,17,10,102.0,1020.0
2020-02-19,2020021901011475,RSDC,22,42,100,504.0,50400.0
2020-02-19,2020021901011454,RSDC,22,42,100,504.0,50400.0
2020-02-19,2020021901011453,RSDC,22,8,1618,504.0,815472.0
2020-02-19,2020021901011390,RSDC,19,8,1000,504.0,504000.0
2020-02-19,2020021901011182,RSDC,38,17,290,504.0,146160.0
2020-02-19,2020021901011173,RSDC,19,17,50,504.0,25200.0
2020-02-19,2020021901011100,RSDC,19,17,100,504.0,50400.0
2020-02-19,2020021901011359,RSDC,38,8,94,504.0,47376.0
2020-02-19,2020021901011331,RSDC,38,28,50,504.0,25200.0
2020-02-19,2020021901011330,RSDC,38,7,56,503.0,28168.0
2020-02-19,2020021901011216,RSDC,55,28,100,504.0,50400.0
2020-02-19,2020021901011203,RSDC,38,28,50,504.0,25200.0
2020-02-19,2020021901011183,RSDC,38,6,20,504.0,10080.0
2020-02-19,2020021901011360,SABSL,42,51,10,938.0,9380.0
2020-02-19,2020021901011274,SABSL,34,34,10,948.0,9480.0
2020-02-19,2020021901011504,SAEF,43,20,1000,9.38,9380.0
2020-02-19,2020021901011388,SANIMA,44,28,1550,358.0,554900.0
2020-02-19,2020021901011362,SANIMA,44,58,466,358.0,166828.0
2020-02-19,2020021901011316,SANIMA,44,45,55,358.0,19690.0
2020-02-19,2020021901011259,SANIMA,44,53,500,358.0,179000.0
2020-02-19,2020021901011498,SBI,40,44,310,427.0,132370.0
2020-02-19,2020021901011497,SBI,14,44,200,427.0,85400.0
2020-02-19,2020021901011410,SBL,35,56,160,323.0,51680.0
2020-02-19,2020021901011386,SBL,35,46,509,323.0,164407.0
2020-02-19,2020021901011159,SCB,6,28,51,650.0,33150.0
2020-02-19,2020021901011131,SCB,6,28,30,650.0,19500.0
2020-02-19,2020021901011130,SCB,43,28,30,650.0,19500.0
2020-02-19,2020021901011115,SCB,26,1,79,651.0,51429.0
2020-02-19,2020021901011538,SEF,48,20,1000,9.45,9450.0
2020-02-19,2020021901011398,SHINE,16,40,41,298.0,12218.0
2020-02-19,2020021901011357,SHINE,37,34,98,299.0,29302.0
2020-02-19,2020021901011356,SHINE,37,4,202,299.0,60398.0
2020-02-19,2020021901011511,SHIVM,45,42,1000,632.0,632000.0
2020-02-19,2020021901011446,SHIVM,25,44,50,633.0,31650.0
2020-02-19,2020021901011379,SHIVM,41,17,20,630.0,12600.0
2020-02-19,2020021901011304,SHIVM,48,44,100,633.0,63300.0
2020-02-19,2020021901011147,SHIVM,41,44,250,633.0,158250.0
2020-02-19,2020021901011146,SHIVM,41,43,200,633.0,126600.0
2020-02-19,2020021901011145,SHIVM,41,36,30,633.0,18990.0
2020-02-19,2020021901011144,SHIVM,41,59,20,633.0,12660.0
2020-02-19,2020021901011143,SHIVM,41,26,50,632.0,31600.0
2020-02-19,2020021901011111,SHIVM,7,46,300,632.0,189600.0
2020-02-19,2020021901011459,SHL,39,56,1000,192.0,192000.0
2020-02-19,2020021901011407,SHL,20,56,100,192.0,19200.0
2020-02-19,2020021901011123,SHL,14,45,175,192.0,33600.0
2020-02-19,2020021901011122,SHL,34,45,100,192.0,19200.0
2020-02-19,2020021901011121,SHL,48,45,300,192.0,57600.0
2020-02-19,2020021901011120,SHL,59,45,1000,192.0,192000.0
2020-02-19,2020021901011119,SHL,34,45,325,192.0,62400.0
2020-02-19,2020021901011323,SHPC,39,6,10,231.0,2310.0
2020-02-19,2020021901011471,SIC,19,29,147,782.0,114954.0
2020-02-19,2020021901011358,SIC,19,40,43,782.0,33626.0
2020-02-19,2020021901011541,SICL,45,58,163,1230.0,200490.0
2020-02-19,2020021901011400,SICL,26,58,100,1230.0,123000.0
2020-02-19,2020021901011395,SICL,45,58,100,1230.0,123000.0
2020-02-19,2020021901011385,SICL,18,58,100,1230.0,123000.0
2020-02-19,2020021901011085,SICL,10,33,150,1230.0,184500.0
2020-02-19,2020021901011384,SICL,48,58,37,1230.0,45510.0
2020-02-19,2020021901011171,SICL,45,19,50,1235.0,61750.0
2020-02-19,2020021901011161,SICL,20,33,5,1230.0,6150.0
2020-02-19,2020021901011160,SICL,26,33,50,1230.0,61500.0
2020-02-19,2020021901011172,SIL,44,29,200,585.0,117000.0
2020-02-19,2020021901011402,SINDU,40,46,100,137.0,13700.0
2020-02-19,2020021901011394,SINDU,45,46,100,137.0,13700.0
2020-02-19,2020021901011303,SINDU,49,49,21769,134.0,2917046.0
2020-02-19,2020021901011472,SJCL,22,17,20,156.0,3120.0
2020-02-19,2020021901011319,SJCL,22,7,20,156.0,3120.0
2020-02-19,2020021901011156,SJCL,22,34,20,156.0,3120.0
2020-02-19,2020021901011207,SJCL,22,34,20,156.0,3120.0
2020-02-19,2020021901011196,SJCL,22,57,10,156.0,1560.0
2020-02-19,2020021901011195,SJCL,22,46,20,156.0,3120.0
2020-02-19,2020021901011178,SJCL,22,34,20,156.0,3120.0
2020-02-19,2020021901011373,SKBBL,51,34,400,1252.0,500800.0
2020-02-19,2020021901011341,SKBBL,35,28,25,1250.0,31250.0
2020-02-19,2020021901011241,SLBBL,55,45,100,978.0,97800.0
2020-02-19,2020021901011257,SLBSL,43,29,10,1023.0,10230.0
2020-02-19,2020021901011486,SLICL,22,57,100,497.0,49700.0
2020-02-19,2020021901011464,SLICL,26,33,47,495.0,23265.0
2020-02-19,2020021901011151,SLICL,45,55,150,495.0,74250.0
2020-02-19,2020021901011150,SLICL,45,57,255,495.0,126225.0
2020-02-19,2020021901011149,SLICL,45,47,50,495.0,24750.0
2020-02-19,2020021901011544,SMFBS,6,46,10,1176.0,11760.0
2020-02-19,2020021901011443,SMFBS,6,42,10,1190.0,11900.0
2020-02-19,2020021901011442,SMFBS,6,42,10,1190.0,11900.0
2020-02-19,2020021901011441,SMFBS,6,42,10,1190.0,11900.0
2020-02-19,2020021901011440,SMFBS,6,16,90,1190.0,107100.0
2020-02-19,2020021901011232,SPARS,16,28,133,937.0,124621.0
2020-02-19,2020021901011231,SPARS,25,28,20,937.0,18740.0
2020-02-19,2020021901011230,SPARS,50,28,300,941.0,282300.0
2020-02-19,2020021901011229,SPARS,41,28,60,941.0,56460.0
2020-02-19,2020021901011228,SPARS,8,28,100,942.0,94200.0
2020-02-19,2020021901011227,SPARS,16,28,167,955.0,159485.0
2020-02-19,2020021901011292,SPDL,38,57,30,101.0,3030.0
2020-02-19,2020021901011209,SPDL,38,17,15,101.0,1515.0
2020-02-19,2020021901011299,SRBL,50,49,100,256.0,25600.0
2020-02-19,2020021901011429,SWBBL,14,57,200,1345.0,269000.0
2020-02-19,2020021901011445,TMDBL,42,47,100,193.0,19300.0
2020-02-19,2020021901011277,TRH,3,45,450,302.0,135900.0
2020-02-19,2020021901011276,TRH,45,45,50,302.0,15100.0
2020-02-19,2020021901011451,UIC,22,39,500,441.0,220500.0
2020-02-19,2020021901011439,UIC,38,41,100,440.0,44000.0
2020-02-19,2020021901011437,UIC,38,8,100,440.0,44000.0
2020-02-19,2020021901011325,UIC,17,49,36,439.0,15804.0
2020-02-19,2020021901011324,UIC,19,49,129,439.0,56631.0
2020-02-19,2020021901011105,UIC,35,8,90,440.0,39600.0
2020-02-19,2020021901011460,UMHL,59,17,14,114.0,1596.0
2020-02-19,2020021901011309,UMHL,59,57,23,114.0,2622.0
2020-02-19,2020021901011339,UNHPL,42,51,10,60.0,600.0
2020-02-19,2020021901011540,UPPER,25,19,50,239.0,11950.0
2020-02-19,2020021901011290,UPPER,25,29,40,239.0,9560.0
2020-02-19,2020021901011164,UPPER,25,45,15,239.0,3585.0
2020-02-19,2020021901011163,UPPER,35,45,100,239.0,23900.0
2020-02-19,2020021901011162,UPPER,29,45,385,239.0,92015.0
2020-02-19,2020021901011079,WOMI,48,38,100,1100.0,110000.0
2020-02-19,2020021901011078,WOMI,1,38,100,1105.0,110500.0
2020-02-19,2020021901012512,AHPC,46,41,42,98.0,4116.0
2020-02-19,2020021901012500,AKJCL,28,56,20,57.0,1140.0
2020-02-19,2020021901012430,AKJCL,34,38,20,56.0,1120.0
2020-02-19,2020021901012553,ALBSL,16,35,40,845.0,33800.0
2020-02-19,2020021901012479,ALBSL,42,38,123,844.0,103812.0
2020-02-19,2020021901012245,ALBSL,34,33,11,842.0,9262.0
2020-02-19,2020021901012126,ALBSL,53,35,10,845.0,8450.0
2020-02-19,2020021901012477,ALICL,4,35,600,631.0,378600.0
2020-02-19,2020021901012476,ALICL,4,40,200,630.0,126000.0
2020-02-19,2020021901012462,ALICL,50,40,400,629.0,251600.0
2020-02-19,2020021901012390,ALICL,59,40,100,630.0,63000.0
2020-02-19,2020021901012312,ALICL,59,40,100,630.0,63000.0
2020-02-19,2020021901012528,API,25,51,50,137.0,6850.0
2020-02-19,2020021901012092,API,10,10,1,136.0,136.0
2020-02-19,2020021901012398,BARUN,11,42,70,96.0,6720.0
2020-02-19,2020021901012397,BARUN,42,42,200,96.0,19200.0
2020-02-19,2020021901012391,BNT,40,16,10,7727.0,77270.0
2020-02-19,2020021901012058,BNT,5,16,10,7603.0,76030.0
2020-02-19,2020021901012338,BPCL,42,14,99,361.0,35739.0
2020-02-19,2020021901012332,BPCL,6,26,50,362.0,18100.0
2020-02-19,2020021901012331,BPCL,6,55,150,362.0,54300.0
2020-02-19,2020021901012328,BPCL,42,17,30,361.0,10830.0
2020-02-19,2020021901012327,BPCL,42,17,19,361.0,6859.0
2020-02-19,2020021901012287,BPCL,1,17,450,361.0,162450.0
2020-02-19,2020021901012118,CBBL,56,17,50,1140.0,57000.0
2020-02-19,2020021901012289,CBL,14,45,54,152.0,8208.0
2020-02-19,2020021901012452,CCBL,44,45,69,185.0,12765.0
2020-02-19,2020021901012374,CCBL,44,45,87,185.0,16095.0
2020-02-19,2020021901012311,CCBL,44,45,98,185.0,18130.0
2020-02-19,2020021901012084,CCBL,44,43,1000,185.0,185000.0
2020-02-19,2020021901012469,CIT,16,58,50,2825.0,141250.0
2020-02-19,2020021901012355,CIT,58,58,98,2805.0,274890.0
2020-02-19,2020021901012354,CIT,33,58,50,2815.0,140750.0
2020-02-19,2020021901012335,CIT,22,25,100,2840.0,284000.0
2020-02-19,2020021901012323,CIT,58,58,50,2805.0,140250.0
2020-02-19,2020021901012290,CIT,33,53,50,2840.0,142000.0
2020-02-19,2020021901012071,CIT,51,55,150,2750.0,412500.0
2020-02-19,2020021901012158,CIT,43,7,20,2784.0,55680.0
2020-02-19,2020021901012121,CIT,43,52,22,2780.0,61160.0
2020-02-19,2020021901012120,CIT,43,58,50,2780.0,139000.0
2020-02-19,2020021901012119,CIT,43,17,48,2770.0,132960.0
2020-02-19,2020021901012097,CIT,49,49,65,2755.0,179075.0
2020-02-19,2020021901012096,CIT,49,53,44,2755.0,121220.0
2020-02-19,2020021901012181,CIT,19,45,110,2800.0,308000.0
2020-02-19,2020021901012180,CIT,19,44,12,2794.0,33528.0
2020-02-19,2020021901012179,CIT,19,46,22,2789.0,61358.0
2020-02-19,2020021901012174,CIT,43,14,50,2780.0,139000.0
2020-02-19,2020021901012160,CIT,43,49,10,2784.0,27840.0
2020-02-19,2020021901012159,CIT,43,57,72,2784.0,200448.0
2020-02-19,2020021901012256,CIT,58,50,18,2805.0,50490.0
2020-02-19,2020021901012243,CIT,57,50,44,2805.0,123420.0
2020-02-19,2020021901012242,CIT,57,46,56,2800.0,156800.0
2020-02-19,2020021901012223,CIT,16,46,44,2800.0,123200.0
2020-02-19,2020021901012190,CIT,16,45,44,2800.0,123200.0
2020-02-19,2020021901012182,CIT,19,45,256,2800.0,716800.0
2020-02-19,2020021901012516,CZBIL,52,40,52,197.0,10244.0
2020-02-19,2020021901012515,CZBIL,51,40,300,197.0,59100.0
2020-02-19,2020021901012514,CZBIL,32,40,148,197.0,29156.0
2020-02-19,2020021901012410,DDBL,43,57,50,915.0,45750.0
2020-02-19,2020021901012389,DDBL,1,57,90,915.0,82350.0
2020-02-19,2020021901012388,DDBL,1,41,30,915.0,27450.0
2020-02-19,2020021901012387,DDBL,1,1,100,915.0,91500.0
2020-02-19,2020021901012386,DDBL,1,37,80,915.0,73200.0
2020-02-19,2020021901012334,DDBL,41,37,20,915.0,18300.0
2020-02-19,2020021901012131,DDBL,45,16,50,909.0,45450.0
2020-02-19,2020021901012281,DDBL,6,21,300,914.0,274200.0
2020-02-19,2020021901012266,DDBL,22,38,75,912.0,68400.0
2020-02-19,2020021901012248,DDBL,21,38,300,912.0,273600.0
2020-02-19,2020021901012222,DDBL,50,45,700,911.0,637700.0
2020-02-19,2020021901012187,DDBL,26,17,50,910.0,45500.0
2020-02-19,2020021901012185,DDBL,29,17,50,910.0,45500.0
2020-02-19,2020021901012407,EBL,55,52,50,664.0,33200.0
2020-02-19,2020021901012495,FMDBL,58,44,40,505.0,20200.0
2020-02-19,2020021901012494,FMDBL,58,20,160,502.0,80320.0
2020-02-19,2020021901012478,FMDBL,14,20,40,502.0,20080.0
2020-02-19,2020021901012221,FMDBL,58,28,300,505.0,151500.0
2020-02-19,2020021901012220,FMDBL,58,35,50,505.0,25250.0
2020-02-19,2020021901012219,FMDBL,58,21,110,505.0,55550.0
2020-02-19,2020021901012148,FMDBL,56,40,42,502.0,21084.0
2020-02-19,2020021901012075,FMDBL,51,40,58,502.0,29116.0
2020-02-19,2020021901012200,FMDBL,58,55,509,504.0,256536.0
2020-02-19,2020021901012199,FMDBL,58,39,600,503.0,301800.0
2020-02-19,2020021901012198,FMDBL,58,40,300,503.0,150900.0
2020-02-19,2020021901012197,FMDBL,58,39,100,503.0,50300.0
2020-02-19,2020021901012196,FMDBL,58,6,565,503.0,284195.0
2020-02-19,2020021901012189,FMDBL,18,6,50,503.0,25150.0
2020-02-19,2020021901012206,FMDBL,58,19,300,505.0,151500.0
2020-02-19,2020021901012205,FMDBL,58,40,500,505.0,252500.0
2020-02-19,2020021901012204,FMDBL,58,11,100,504.0,50400.0
2020-02-19,2020021901012203,FMDBL,58,36,100,504.0,50400.0
2020-02-19,2020021901012202,FMDBL,58,35,50,504.0,25200.0
2020-02-19,2020021901012201,FMDBL,58,45,500,504.0,252000.0
2020-02-19,2020021901012212,FMDBL,58,47,117,505.0,59085.0
2020-02-19,2020021901012211,FMDBL,58,58,50,505.0,25250.0
2020-02-19,2020021901012210,FMDBL,58,53,100,505.0,50500.0
2020-02-19,2020021901012209,FMDBL,58,1,200,505.0,101000.0
2020-02-19,2020021901012208,FMDBL,58,19,200,505.0,101000.0
2020-02-19,2020021901012207,FMDBL,58,42,51,505.0,25755.0
2020-02-19,2020021901012218,FMDBL,58,16,100,505.0,50500.0
2020-02-19,2020021901012217,FMDBL,58,42,25,505.0,12625.0
2020-02-19,2020021901012216,FMDBL,58,48,500,505.0,252500.0
2020-02-19,2020021901012215,FMDBL,58,34,20,505.0,10100.0
2020-02-19,2020021901012214,FMDBL,58,39,50,505.0,25250.0
2020-02-19,2020021901012213,FMDBL,58,53,25,505.0,12625.0
2020-02-19,2020021901012455,FOWAD,5,48,46,1630.0,74980.0
2020-02-19,2020021901012444,FOWAD,5,14,64,1630.0,104320.0
2020-02-19,2020021901012443,FOWAD,5,39,50,1630.0,81500.0
2020-02-19,2020021901012371,FOWAD,5,6,40,1629.0,65160.0
2020-02-19,2020021901012300,FOWAD,41,6,50,1628.0,81400.0
2020-02-19,2020021901012299,FOWAD,41,29,40,1628.0,65120.0
2020-02-19,2020021901012298,FOWAD,41,18,200,1627.0,325400.0
2020-02-19,2020021901012297,FOWAD,41,45,10,1627.0,16270.0
2020-02-19,2020021901012357,GBIME,49,33,37,284.0,10508.0
2020-02-19,2020021901012356,GBIME,35,33,513,284.0,145692.0
2020-02-19,2020021901012342,GBIME,35,43,487,284.0,138308.0
2020-02-19,2020021901012529,GBLBS,41,39,110,530.0,58300.0
2020-02-19,2020021901012451,GBLBS,46,39,100,530.0,53000.0
2020-02-19,2020021901012413,GBLBS,1,39,200,530.0,106000.0
2020-02-19,2020021901012359,GBLBS,1,39,200,530.0,106000.0
2020-02-19,2020021901012339,GBLBS,59,39,100,530.0,53000.0
2020-02-19,2020021901012303,GBLBS,46,39,100,530.0,53000.0
2020-02-19,2020021901012140,GBLBS,1,17,100,530.0,53000.0
2020-02-19,2020021901012139,GBLBS,1,47,75,530.0,39750.0
2020-02-19,2020021901012258,GBLBS,44,39,500,530.0,265000.0
2020-02-19,2020021901012233,GBLBS,44,44,100,530.0,53000.0
2020-02-19,2020021901012191,GBLBS,46,38,300,531.0,159300.0
2020-02-19,2020021901012184,GBLBS,46,46,100,531.0,53100.0
2020-02-19,2020021901012183,GBLBS,46,11,50,531.0,26550.0
2020-02-19,2020021901012175,GBLBS,5,44,300,531.0,159300.0
2020-02-19,2020021901012507,GILB,21,36,44,1440.0,63360.0
2020-02-19,2020021901012481,GILB,21,36,131,1440.0,188640.0
2020-02-19,2020021901012442,GIMES1,42,42,5000,8.69,43450.0
2020-02-19,2020021901012551,GLICL,59,16,45,813.0,36585.0
2020-02-19,2020021901012550,GLICL,59,5,155,813.0,126015.0
2020-02-19,2020021901012365,GMFBS,43,28,30,1009.0,30270.0
2020-02-19,2020021901012322,GMFBS,1,28,20,1009.0,20180.0
2020-02-19,2020021901012274,GMFBS,57,28,40,1009.0,40360.0
2020-02-19,2020021901012273,GMFBS,57,42,10,1009.0,10090.0
2020-02-19,2020021901012272,GMFBS,57,42,10,1009.0,10090.0
2020-02-19,2020021901012095,GMFBS,41,14,30,1005.0,30150.0
2020-02-19,2020021901012094,GMFBS,43,14,20,1005.0,20100.0
2020-02-19,2020021901012531,HDL,42,4,100,1539.0,153900.0
2020-02-19,2020021901012523,HDL,40,50,30,1541.0,46230.0
2020-02-19,2020021901012502,HDL,40,42,70,1541.0,107870.0
2020-02-19,2020021901012501,HDL,28,42,30,1542.0,46260.0
2020-02-19,2020021901012473,HDL,28,45,100,1542.0,154200.0
2020-02-19,2020021901012433,HDL,51,18,100,1545.0,154500.0
2020-02-19,2020021901012090,HDL,56,14,10,1557.0,15570.0
2020-02-19,2020021901012193,HDL,56,5,10,1554.0,15540.0
2020-02-19,2020021901012164,HDL,34,44,26,1545.0,40170.0
2020-02-19,2020021901012163,HDL,40,44,24,1545.0,37080.0
2020-02-19,2020021901012147,HDL,40,53,20,1545.0,30900.0
2020-02-19,2020021901012123,HDL,40,34,86,1545.0,132870.0
2020-02-19,2020021901012122,HDL,42,34,14,1545.0,21630.0
2020-02-19,2020021901012343,HDL,28,5,134,1542.0,206628.0
2020-02-19,2020021901012321,HDL,28,11,36,1542.0,55512.0
2020-02-19,2020021901012320,HDL,34,11,74,1545.0,114330.0
2020-02-19,2020021901012319,HDL,25,11,20,1546.0,30920.0
2020-02-19,2020021901012195,HDL,56,45,10,1555.0,15550.0
2020-02-19,2020021901012194,HDL,56,26,30,1555.0,46650.0
2020-02-19,2020021901012535,HIDCL,59,5,1000,140.0,140000.0
2020-02-19,2020021901012534,HIDCL,59,41,50,140.0,7000.0
2020-02-19,2020021901012533,HIDCL,59,45,80,140.0,11200.0
2020-02-19,2020021901012532,HIDCL,59,41,35,140.0,4900.0
2020-02-19,2020021901012267,HPPL,16,49,10,153.0,1530.0
2020-02-19,2020021901012538,ILBS,51,58,10,933.0,9330.0
2020-02-19,2020021901012537,ILBS,51,14,10,933.0,9330.0
2020-02-19,2020021901012073,ILBS,55,35,50,940.0,47000.0
2020-02-19,2020021901012468,JSLBB,34,28,185,1841.0,340585.0
2020-02-19,2020021901012472,KBL,34,42,200,196.0,39200.0
2020-02-19,2020021901012280,KBL,14,40,368,196.0,72128.0
2020-02-19,2020021901012279,KBL,14,22,591,196.0,115836.0
2020-02-19,2020021901012166,KBL,38,42,100,195.0,19500.0
2020-02-19,2020021901012165,KBL,38,42,300,195.0,58500.0
2020-02-19,2020021901012082,KBL,26,22,50,196.0,9800.0
2020-02-19,2020021901012305,KSBBL,32,22,200,172.0,34400.0
2020-02-19,2020021901012246,KSBBL,32,6,388,172.0,66736.0
2020-02-19,2020021901012117,LBBL,54,43,10,196.0,1960.0
2020-02-19,2020021901012461,LBL,14,45,16,229.0,3664.0
2020-02-19,2020021901012393,LEMF,42,14,5000,8.41,42050.0
2020-02-19,2020021901012392,LEMF,42,39,3000,8.4,25200.0
2020-02-19,2020021901012530,LGIL,39,47,200,536.0,107200.0
2020-02-19,2020021901012522,LGIL,39,44,500,535.0,267500.0
2020-02-19,2020021901012521,LGIL,39,35,350,535.0,187250.0
2020-02-19,2020021901012520,LGIL,39,35,350,535.0,187250.0
2020-02-19,2020021901012519,LGIL,39,4,50,534.0,26700.0
2020-02-19,2020021901012518,LGIL,39,52,85,534.0,45390.0
2020-02-19,2020021901012226,LGIL,44,35,85,533.0,45305.0
2020-02-19,2020021901012232,LGIL,44,52,415,534.0,221610.0
2020-02-19,2020021901012231,LGIL,44,51,500,534.0,267000.0
2020-02-19,2020021901012230,LGIL,44,33,500,534.0,267000.0
2020-02-19,2020021901012229,LGIL,44,37,100,534.0,53400.0
2020-02-19,2020021901012228,LGIL,44,43,500,533.0,266500.0
2020-02-19,2020021901012227,LGIL,44,49,300,533.0,159900.0
2020-02-19,2020021901012411,LICN,25,11,10,1390.0,13900.0
2020-02-19,2020021901012066,LICN,1,48,25,1389.0,34725.0
2020-02-19,2020021901012467,LLBS,51,20,16,1201.0,19216.0
2020-02-19,2020021901012466,LLBS,38,20,11,1202.0,13222.0
2020-02-19,2020021901012302,MBL,5,49,200,240.0,48000.0
2020-02-19,2020021901012301,MBL,5,49,100,240.0,24000.0
2020-02-19,2020021901012171,MBL,54,49,200,240.0,48000.0
2020-02-19,2020021901012254,MDB,5,49,190,367.0,69730.0
2020-02-19,2020021901012253,MDB,5,17,10,367.0,3670.0
2020-02-19,2020021901012286,MEGA,32,44,285,212.0,60420.0
2020-02-19,2020021901012285,MEGA,32,59,890,212.0,188680.0
2020-02-19,2020021901012284,MEGA,32,22,221,212.0,46852.0
2020-02-19,2020021901012143,MEGA,42,59,110,212.0,23320.0
2020-02-19,2020021901012142,MEGA,42,41,20,212.0,4240.0
2020-02-19,2020021901012141,MEGA,42,53,170,212.0,36040.0
2020-02-19,2020021901012288,MERO,10,10,4,700.0,2800.0
2020-02-19,2020021901012275,MFIL,57,6,10,195.0,1950.0
2020-02-19,2020021901012269,MLBBL,17,39,500,866.0,433000.0
2020-02-19,2020021901012513,MLBL,56,44,11,221.0,2431.0
2020-02-19,2020021901012447,MLBL,4,45,171,222.0,37962.0
2020-02-19,2020021901012446,MLBL,4,44,329,222.0,73038.0
2020-02-19,2020021901012101,MLBL,17,44,500,222.0,111000.0
2020-02-19,2020021901012100,MLBL,26,44,50,222.0,11100.0
2020-02-19,2020021901012099,MLBL,29,44,281,222.0,62382.0
2020-02-19,2020021901012552,MNBBL,32,29,726,330.0,239580.0
2020-02-19,2020021901012549,MNBBL,56,29,200,330.0,66000.0
2020-02-19,2020021901012526,MNBBL,56,29,142,330.0,46860.0
2020-02-19,2020021901012525,MNBBL,56,42,58,330.0,19140.0
2020-02-19,2020021901012505,MNBBL,11,42,20,330.0,6600.0
2020-02-19,2020021901012296,MNBBL,56,42,80,330.0,26400.0
2020-02-19,2020021901012250,MNBBL,4,42,377,329.0,124033.0
2020-02-19,2020021901012249,MNBBL,19,42,100,329.0,32900.0
2020-02-19,2020021901012069,MNBBL,56,42,66,330.0,21780.0
2020-02-19,2020021901012068,MNBBL,50,42,200,330.0,66000.0
2020-02-19,2020021901012067,MNBBL,42,42,76,330.0,25080.0
2020-02-19,2020021901012483,NABIL,26,19,416,750.0,312000.0
2020-02-19,2020021901012482,NABIL,26,48,100,750.0,75000.0
2020-02-19,2020021901012432,NABIL,17,55,100,749.0,74900.0
2020-02-19,2020021901012429,NABIL,17,17,304,749.0,227696.0
2020-02-19,2020021901012428,NABIL,35,17,250,749.0,187250.0
2020-02-19,2020021901012173,NADEP,29,21,43,777.0,33411.0
2020-02-19,2020021901012172,NADEP,29,21,13,776.0,10088.0
2020-02-19,2020021901012499,NBB,45,42,100,211.0,21100.0
2020-02-19,2020021901012278,NBB,32,45,202,210.0,42420.0
2020-02-19,2020021901012370,NBL,44,57,15,272.0,4080.0
2020-02-19,2020021901012252,NBL,56,44,900,271.0,243900.0
2020-02-19,2020021901012445,NCCB,42,51,100,195.0,19500.0
2020-02-19,2020021901012369,NCCB,42,38,26,195.0,5070.0
2020-02-19,2020021901012353,NCCB,42,42,200,195.0,39000.0
2020-02-19,2020021901012351,NCCB,42,45,16,195.0,3120.0
2020-02-19,2020021901012306,NCCB,10,10,5,195.0,975.0
2020-02-19,2020021901012271,NCCB,42,38,26,195.0,5070.0
2020-02-19,2020021901012186,NCCB,42,42,300,195.0,58500.0
2020-02-19,2020021901012176,NCCB,42,45,286,195.0,55770.0
2020-02-19,2020021901012307,NHDL,25,21,50,141.0,7050.0
2020-02-19,2020021901012497,NHPC,4,38,100,59.0,5900.0
2020-02-19,2020021901012368,NIB,28,33,100,386.0,38600.0
2020-02-19,2020021901012268,NIB,37,33,151,386.0,58286.0
2020-02-19,2020021901012057,NIB,57,56,44,385.0,16940.0
2020-02-19,2020021901012460,NIBLPF,42,48,10000,8.05,80500.0
2020-02-19,2020021901012459,NIBLPF,42,49,4000,8.05,32200.0
2020-02-19,2020021901012458,NIBLPF,42,11,289,8.0,2312.0
2020-02-19,2020021901012457,NIBLPF,42,16,1098,8.0,8784.0
2020-02-19,2020021901012456,NIBLPF,42,16,1729,8.0,13832.0
2020-02-19,2020021901012492,NICA,18,28,121,546.0,66066.0
2020-02-19,2020021901012491,NICA,34,28,50,546.0,27300.0
2020-02-19,2020021901012490,NICA,51,28,100,546.0,54600.0
2020-02-19,2020021901012489,NICA,26,28,50,546.0,27300.0
2020-02-19,2020021901012488,NICA,28,28,400,546.0,218400.0
2020-02-19,2020021901012465,NICA,45,16,39,547.0,21333.0
2020-02-19,2020021901012464,NICA,45,34,100,547.0,54700.0
2020-02-19,2020021901012463,NICA,45,28,61,547.0,33367.0
2020-02-19,2020021901012504,NICL,54,44,51,469.0,23919.0
2020-02-19,2020021901012454,NICL,54,43,500,469.0,234500.0
2020-02-19,2020021901012441,NICL,54,58,500,469.0,234500.0
2020-02-19,2020021901012350,NICL,54,4,500,469.0,234500.0
2020-02-19,2020021901012349,NICL,54,50,500,469.0,234500.0
2020-02-19,2020021901012348,NICL,54,17,50,469.0,23450.0
2020-02-19,2020021901012347,NICL,54,22,1279,468.0,598572.0
2020-02-19,2020021901012346,NICL,54,43,100,468.0,46800.0
2020-02-19,2020021901012345,NICL,54,4,500,468.0,234000.0
2020-02-19,2020021901012344,NICL,54,6,20,468.0,9360.0
2020-02-19,2020021901012257,NICL,44,43,500,467.0,233500.0
2020-02-19,2020021901012237,NICL,44,45,435,466.0,202710.0
2020-02-19,2020021901012415,NIL,45,28,128,609.0,77952.0
2020-02-19,2020021901012326,NIL,4,28,472,609.0,287448.0
2020-02-19,2020021901012325,NIL,4,16,488,609.0,297192.0
2020-02-19,2020021901012324,NIL,4,14,40,608.0,24320.0
2020-02-19,2020021901012277,NIL,20,14,460,608.0,279680.0
2020-02-19,2020021901012276,NIL,20,46,40,608.0,24320.0
2020-02-19,2020021901012170,NIL,59,39,200,607.0,121400.0
2020-02-19,2020021901012169,NIL,59,39,50,607.0,30350.0
2020-02-19,2020021901012310,NLBBL,14,58,279,854.0,238266.0
2020-02-19,2020021901012309,NLBBL,34,58,100,855.0,85500.0
2020-02-19,2020021901012308,NLBBL,17,58,855,855.0,731025.0
2020-02-19,2020021901012130,NLG,36,21,46,722.0,33212.0
2020-02-19,2020021901012070,NLG,54,21,10,722.0,7220.0
2020-02-19,2020021901012527,NLIC,44,34,22,1187.0,26114.0
2020-02-19,2020021901012380,NLIC,44,14,24,1187.0,28488.0
2020-02-19,2020021901012192,NLIC,22,58,100,1189.0,118900.0
2020-02-19,2020021901012157,NLIC,20,58,100,1188.0,118800.0
2020-02-19,2020021901012156,NLIC,20,58,200,1188.0,237600.0
2020-02-19,2020021901012155,NLIC,57,58,50,1188.0,59400.0
2020-02-19,2020021901012116,NLIC,26,58,20,1189.0,23780.0
2020-02-19,2020021901012154,NLIC,35,58,100,1188.0,118800.0
2020-02-19,2020021901012153,NLIC,42,58,200,1188.0,237600.0
2020-02-19,2020021901012152,NLIC,29,58,100,1188.0,118800.0
2020-02-19,2020021901012151,NLIC,50,58,100,1188.0,118800.0
2020-02-19,2020021901012150,NLIC,25,58,60,1188.0,71280.0
2020-02-19,2020021901012149,NLIC,50,58,150,1188.0,178200.0
2020-02-19,2020021901012439,NMB,49,14,847,410.0,347270.0
2020-02-19,2020021901012438,NMB,49,42,90,410.0,36900.0
2020-02-19,2020021901012437,NMB,49,19,50,410.0,20500.0
2020-02-19,2020021901012436,NMB,49,14,213,410.0,87330.0
2020-02-19,2020021901012333,NMB,46,55,965,409.0,394685.0
2020-02-19,2020021901012315,NMB,46,55,35,409.0,14315.0
2020-02-19,2020021901012314,NMB,46,1,100,409.0,40900.0
2020-02-19,2020021901012313,NMB,46,28,865,409.0,353785.0
2020-02-19,2020021901012239,NMB,45,28,135,409.0,55215.0
2020-02-19,2020021901012238,NMB,45,17,65,409.0,26585.0
2020-02-19,2020021901012255,NMBMF,40,44,100,960.0,96000.0
2020-02-19,2020021901012412,NSEWA,5,14,10,821.0,8210.0
2020-02-19,2020021901012503,NTC,26,11,40,620.0,24800.0
2020-02-19,2020021901012548,NUBL,35,28,40,1057.0,42280.0
2020-02-19,2020021901012547,NUBL,41,28,80,1057.0,84560.0
2020-02-19,2020021901012435,NUBL,45,44,250,1061.0,265250.0
2020-02-19,2020021901012330,NUBL,54,44,31,1061.0,32891.0
2020-02-19,2020021901012162,PCBL,11,22,450,286.0,128700.0
2020-02-19,2020021901012161,PCBL,26,22,50,286.0,14300.0
2020-02-19,2020021901012421,PFL,14,33,44,159.0,6996.0
2020-02-19,2020021901012125,PIC,10,25,500,649.0,324500.0
2020-02-19,2020021901012449,PLIC,49,5,30,615.0,18450.0
2020-02-19,2020021901012448,PLIC,49,21,250,615.0,153750.0
2020-02-19,2020021901012475,PRVU,33,38,1758,251.0,441258.0
2020-02-19,2020021901012474,PRVU,33,49,242,251.0,60742.0
2020-02-19,2020021901012470,PRVU,33,49,180,251.0,45180.0
2020-02-19,2020021901012409,PRVU,46,49,578,251.0,145078.0
2020-02-19,2020021901012408,PRVU,46,58,422,251.0,105922.0
2020-02-19,2020021901012379,PRVU,46,58,1000,251.0,251000.0
2020-02-19,2020021901012098,PRVU,16,58,25,251.0,6275.0
2020-02-19,2020021901012329,RHPL,49,21,40,166.0,6640.0
2020-02-19,2020021901012283,RHPL,49,21,40,166.0,6640.0
2020-02-19,2020021901012486,RMDC,21,35,100,775.0,77500.0
2020-02-19,2020021901012485,RMDC,21,43,250,775.0,193750.0
2020-02-19,2020021901012484,RMDC,21,34,409,775.0,316975.0
2020-02-19,2020021901012178,RMDC,33,17,93,770.0,71610.0
2020-02-19,2020021901012177,RMDC,16,17,50,771.0,38550.0
2020-02-19,2020021901012498,RSDC,3,26,235,504.0,118440.0
2020-02-19,2020021901012247,RSDC,42,28,100,505.0,50500.0
2020-02-19,2020021901012511,SABSL,22,34,540,951.0,513540.0
2020-02-19,2020021901012510,SABSL,22,5,10,950.0,9500.0
2020-02-19,2020021901012509,SABSL,22,5,10,950.0,9500.0
2020-02-19,2020021901012508,SABSL,22,22,130,950.0,123500.0
2020-02-19,2020021901012236,SABSL,35,58,150,949.0,142350.0
2020-02-19,2020021901012235,SABSL,35,17,10,948.0,9480.0
2020-02-19,2020021901012234,SABSL,35,34,90,948.0,85320.0
2020-02-19,2020021901012524,SADBL,4,19,882,170.0,149940.0
2020-02-19,2020021901012251,SAEF,42,42,5000,9.59,47950.0
2020-02-19,2020021901012224,SAEF,42,41,1500,9.54,14310.0
2020-02-19,2020021901012419,SANIMA,49,18,377,357.0,134589.0
2020-02-19,2020021901012265,SANIMA,16,18,1000,357.0,357000.0
2020-02-19,2020021901012264,SANIMA,48,18,500,357.0,178500.0
2020-02-19,2020021901012263,SANIMA,29,18,500,357.0,178500.0
2020-02-19,2020021901012262,SANIMA,4,18,300,357.0,107100.0
2020-02-19,2020021901012261,SANIMA,33,18,500,357.0,178500.0
2020-02-19,2020021901012260,SANIMA,49,18,259,357.0,92463.0
2020-02-19,2020021901012259,SANIMA,44,18,29,358.0,10382.0
2020-02-19,2020021901012132,SBL,16,6,25,324.0,8100.0
2020-02-19,2020021901012059,SDESI,45,25,10,980.0,9800.0
2020-02-19,2020021901012546,SHINE,8,21,50,297.0,14850.0
2020-02-19,2020021901012434,SHINE,16,16,1500,298.0,447000.0
2020-02-19,2020021901012417,SHINE,40,25,700,298.0,208600.0
2020-02-19,2020021901012416,SHINE,57,25,80,298.0,23840.0
2020-02-19,2020021901012545,SHIVM,48,46,15,640.0,9600.0
2020-02-19,2020021901012544,SHIVM,48,41,25,640.0,16000.0
2020-02-19,2020021901012543,SHIVM,48,59,360,640.0,230400.0
2020-02-19,2020021901012542,SHIVM,48,28,100,639.0,63900.0
2020-02-19,2020021901012540,SHIVM,42,28,100,639.0,63900.0
2020-02-19,2020021901012539,SHIVM,34,28,300,639.0,191700.0
2020-02-19,2020021901012086,SHIVM,26,25,50,638.0,31900.0
2020-02-19,2020021901012085,SHIVM,26,19,300,638.0,191400.0
2020-02-19,2020021901012083,SHIVM,41,19,200,638.0,127600.0
2020-02-19,2020021901012056,SHIVM,6,59,300,637.0,191100.0
2020-02-19,2020021901012055,SHIVM,6,6,30,637.0,19110.0
2020-02-19,2020021901012054,SHIVM,6,4,50,637.0,31850.0
2020-02-19,2020021901012105,SHIVM,56,16,50,639.0,31950.0
2020-02-19,2020021901012104,SHIVM,56,49,600,639.0,383400.0
2020-02-19,2020021901012103,SHIVM,56,50,100,639.0,63900.0
2020-02-19,2020021901012089,SHIVM,26,50,500,638.0,319000.0
2020-02-19,2020021901012088,SHIVM,26,42,25,638.0,15950.0
2020-02-19,2020021901012087,SHIVM,26,55,100,638.0,63800.0
2020-02-19,2020021901012111,SHIVM,56,42,200,640.0,128000.0
2020-02-19,2020021901012110,SHIVM,56,53,500,640.0,320000.0
2020-02-19,2020021901012109,SHIVM,56,50,150,640.0,96000.0
2020-02-19,2020021901012108,SHIVM,56,21,50,640.0,32000.0
2020-02-19,2020021901012107,SHIVM,56,59,200,639.0,127800.0
2020-02-19,2020021901012106,SHIVM,56,45,100,639.0,63900.0
2020-02-19,2020021901012135,SHIVM,58,28,200,639.0,127800.0
2020-02-19,2020021901012124,SHIVM,35,28,200,639.0,127800.0
2020-02-19,2020021901012115,SHIVM,56,5,1850,640.0,1184000.0
2020-02-19,2020021901012114,SHIVM,56,36,1000,640.0,640000.0
2020-02-19,2020021901012113,SHIVM,56,37,100,640.0,64000.0
2020-02-19,2020021901012112,SHIVM,56,38,100,640.0,64000.0
2020-02-19,2020021901012352,SHIVM,34,28,500,639.0,319500.0
2020-02-19,2020021901012304,SHIVM,1,28,150,639.0,95850.0
2020-02-19,2020021901012241,SHIVM,58,46,205,638.0,130790.0
2020-02-19,2020021901012240,SHIVM,58,42,475,638.0,303050.0
2020-02-19,2020021901012168,SHIVM,40,42,500,638.0,319000.0
2020-02-19,2020021901012167,SHIVM,26,42,25,638.0,15950.0
2020-02-19,2020021901012395,SHIVM,53,28,130,639.0,83070.0
2020-02-19,2020021901012394,SHIVM,53,28,170,639.0,108630.0
2020-02-19,2020021901012373,SHIVM,34,28,780,639.0,498420.0
2020-02-19,2020021901012372,SHIVM,34,37,220,638.0,140360.0
2020-02-19,2020021901012367,SHIVM,50,37,680,638.0,433840.0
2020-02-19,2020021901012366,SHIVM,29,37,100,638.0,63800.0
2020-02-19,2020021901012425,SHIVM,58,39,50,640.0,32000.0
2020-02-19,2020021901012424,SHIVM,58,7,150,640.0,96000.0
2020-02-19,2020021901012423,SHIVM,58,28,500,640.0,320000.0
2020-02-19,2020021901012422,SHIVM,58,5,150,640.0,96000.0
2020-02-19,2020021901012414,SHIVM,47,28,770,639.0,492030.0
2020-02-19,2020021901012396,SHIVM,58,28,100,639.0,63900.0
2020-02-19,2020021901012536,SHIVM,29,59,50,640.0,32000.0
2020-02-19,2020021901012493,SHIVM,25,59,40,640.0,25600.0
2020-02-19,2020021901012487,SHIVM,34,28,200,639.0,127800.0
2020-02-19,2020021901012453,SHIVM,34,58,500,639.0,319500.0
2020-02-19,2020021901012427,SHIVM,58,59,50,640.0,32000.0
2020-02-19,2020021901012426,SHIVM,58,43,100,640.0,64000.0
2020-02-19,2020021901012378,SHL,39,56,100,192.0,19200.0
2020-02-19,2020021901012377,SHL,8,56,100,192.0,19200.0
2020-02-19,2020021901012376,SHL,59,56,100,192.0,19200.0
2020-02-19,2020021901012146,SHPC,14,39,239,230.0,54970.0
2020-02-19,2020021901012145,SHPC,48,39,161,231.0,37191.0
2020-02-19,2020021901012144,SHPC,6,39,100,231.0,23100.0
2020-02-19,2020021901012091,SHPC,48,21,39,231.0,9009.0
2020-02-19,2020021901012541,SICL,51,58,30,1230.0,36900.0
2020-02-19,2020021901012480,SICL,25,58,50,1230.0,61500.0
2020-02-19,2020021901012340,SICL,34,58,420,1230.0,516600.0
2020-02-19,2020021901012318,SICL,34,45,80,1230.0,98400.0
2020-02-19,2020021901012295,SICL,44,45,500,1230.0,615000.0
2020-02-19,2020021901012294,SICL,48,45,100,1230.0,123000.0
2020-02-19,2020021901012293,SICL,41,45,150,1230.0,184500.0
2020-02-19,2020021901012292,SICL,19,45,100,1231.0,123100.0
2020-02-19,2020021901012291,SICL,16,45,70,1231.0,86170.0
2020-02-19,2020021901012244,SJCL,16,21,20,156.0,3120.0
2020-02-19,2020021901012072,SJCL,16,18,10,156.0,1560.0
2020-02-19,2020021901012134,SKBBL,56,38,17,1251.0,21267.0
2020-02-19,2020021901012133,SKBBL,33,38,103,1255.0,129265.0
2020-02-19,2020021901012102,SKBBL,33,38,350,1255.0,439250.0
2020-02-19,2020021901012081,SKBBL,35,48,36,1265.0,45540.0
2020-02-19,2020021901012080,SKBBL,35,51,20,1264.0,25280.0
2020-02-19,2020021901012079,SKBBL,35,47,400,1262.0,504800.0
2020-02-19,2020021901012078,SKBBL,35,42,25,1262.0,31550.0
2020-02-19,2020021901012077,SKBBL,35,47,19,1261.0,23959.0
2020-02-19,2020021901012076,SKBBL,35,28,200,1260.0,252000.0
2020-02-19,2020021901012440,SLBSL,43,14,10,1023.0,10230.0
2020-02-19,2020021901012093,SLICL,35,10,100,496.0,49600.0
2020-02-19,2020021901012450,SMATA,41,58,20,865.0,17300.0
2020-02-19,2020021901012431,SMATA,21,6,100,864.0,86400.0
2020-02-19,2020021901012406,SMATA,21,41,200,861.0,172200.0
2020-02-19,2020021901012405,SMATA,21,7,50,861.0,43050.0
2020-02-19,2020021901012404,SMATA,21,43,10,861.0,8610.0
2020-02-19,2020021901012385,SMATA,21,39,300,860.0,258000.0
2020-02-19,2020021901012384,SMATA,21,14,100,860.0,86000.0
2020-02-19,2020021901012383,SMATA,21,42,25,860.0,21500.0
2020-02-19,2020021901012382,SMATA,21,17,50,860.0,43000.0
2020-02-19,2020021901012381,SMATA,21,17,10,860.0,8600.0
2020-02-19,2020021901012360,SMATA,41,17,20,860.0,17200.0
2020-02-19,2020021901012282,SMATA,41,17,20,860.0,17200.0
2020-02-19,2020021901012420,SMB,33,28,10,1030.0,10300.0
2020-02-19,2020021901012418,SMFBS,49,22,10,1177.0,11770.0
2020-02-19,2020021901012375,STC,22,51,50,2750.0,137500.0
2020-02-19,2020021901012341,STC,55,51,20,2750.0,55000.0
2020-02-19,2020021901012270,STC,38,51,180,2750.0,495000.0
2020-02-19,2020021901012471,SWBBL,17,49,323,1355.0,437665.0
2020-02-19,2020021901012401,SWBBL,17,39,100,1352.0,135200.0
2020-02-19,2020021901012400,SWBBL,17,17,100,1351.0,135100.0
2020-02-19,2020021901012399,SWBBL,17,4,12,1348.0,16176.0
2020-02-19,2020021901012317,SWBBL,45,4,50,1348.0,67400.0
2020-02-19,2020021901012138,SWBBL,58,35,300,1350.0,405000.0
2020-02-19,2020021901012137,SWBBL,58,35,80,1350.0,108000.0
2020-02-19,2020021901012136,SWBBL,58,44,64,1350.0,86400.0
2020-02-19,2020021901012506,UIC,22,16,75,440.0,33000.0
2020-02-19,2020021901012316,UIC,25,42,150,441.0,66150.0
2020-02-19,2020021901012074,UIC,22,34,25,440.0,11000.0
2020-02-19,2020021901012225,UMHL,59,17,14,114.0,1596.0
2020-02-19,2020021901012337,UPCL,1,45,210,80.0,16800.0
2020-02-19,2020021901012336,UPCL,17,45,290,80.0,23200.0
2020-02-19,2020021901012496,UPPER,43,33,50,239.0,11950.0
2020-02-19,2020021901012358,UPPER,55,56,100,238.0,23800.0
2020-02-19,2020021901012188,UPPER,55,56,40,238.0,9520.0
2020-02-19,2020021901012065,UPPER,29,1,70,239.0,16730.0
2020-02-19,2020021901012064,UPPER,10,1,100,239.0,23900.0
2020-02-19,2020021901012063,UPPER,51,1,100,239.0,23900.0
2020-02-19,2020021901012062,UPPER,39,1,10,239.0,2390.0
2020-02-19,2020021901012061,UPPER,41,1,1000,239.0,239000.0
2020-02-19,2020021901012060,UPPER,25,1,804,239.0,192156.0
2020-02-19,2020021901012403,WOMI,48,28,17,1100.0,18700.0
2020-02-19,2020021901012402,WOMI,55,28,50,1100.0,55000.0
2020-02-19,2020021901012129,WOMI,55,35,100,1100.0,110000.0
2020-02-19,2020021901012128,WOMI,55,35,50,1100.0,55000.0
2020-02-19,2020021901012127,WOMI,1,35,50,1100.0,55000.0
2020-02-19,2020021901009997,ADBL,38,4,35,398.0,13930.0
2020-02-19,2020021901009631,AKJCL,34,6,10,56.0,560.0
2020-02-19,2020021901009630,AKJCL,34,38,10,56.0,560.0
2020-02-19,2020021901009993,AKPL,58,40,1000,136.0,136000.0
2020-02-19,2020021901009792,AKPL,36,21,13,135.0,1755.0
2020-02-19,2020021901009599,AKPL,36,38,13,135.0,1755.0
2020-02-19,2020021901009964,ALBSL,58,16,300,830.0,249000.0
2020-02-19,2020021901009663,ALBSL,53,38,80,831.0,66480.0
2020-02-19,2020021901009662,ALBSL,53,39,11,830.0,9130.0
2020-02-19,2020021901009661,ALBSL,53,57,50,830.0,41500.0
2020-02-19,2020021901009654,ALBSL,53,45,11,828.0,9108.0
2020-02-19,2020021901009653,ALBSL,53,38,11,825.0,9075.0
2020-02-19,2020021901009652,ALBSL,53,48,11,825.0,9075.0
2020-02-19,2020021901009580,ALBSL,35,46,10,826.0,8260.0
2020-02-19,2020021901009579,ALBSL,35,57,10,825.0,8250.0
2020-02-19,2020021901009660,ALBSL,53,48,90,830.0,74700.0
2020-02-19,2020021901009659,ALBSL,53,22,90,830.0,74700.0
2020-02-19,2020021901009658,ALBSL,53,22,60,830.0,49800.0
2020-02-19,2020021901009657,ALBSL,53,43,30,830.0,24900.0
2020-02-19,2020021901009656,ALBSL,53,33,15,830.0,12450.0
2020-02-19,2020021901009655,ALBSL,53,51,60,829.0,49740.0
2020-02-19,2020021901010000,ALICL,42,16,300,630.0,189000.0
2020-02-19,2020021901009801,ALICL,42,35,1000,631.0,631000.0
2020-02-19,2020021901009689,ALICL,42,5,500,630.0,315000.0
2020-02-19,2020021901009688,ALICL,42,35,121,629.0,76109.0
2020-02-19,2020021901009696,API,47,44,19,137.0,2603.0
2020-02-19,2020021901009921,BOKL,14,18,100,238.0,23800.0
2020-02-19,2020021901009920,BOKL,14,18,155,238.0,36890.0
2020-02-19,2020021901009835,BOKL,14,14,45,238.0,10710.0
2020-02-19,2020021901009990,BPCL,16,55,100,360.0,36000.0
2020-02-19,2020021901009989,BPCL,39,55,422,360.0,151920.0
2020-02-19,2020021901009988,BPCL,36,55,231,360.0,83160.0
2020-02-19,2020021901009985,BPCL,36,42,58,360.0,20880.0
2020-02-19,2020021901009984,BPCL,37,42,42,360.0,15120.0
2020-02-19,2020021901009899,BPCL,51,43,500,361.0,180500.0
2020-02-19,2020021901009768,CBBL,25,47,101,1139.0,115039.0
2020-02-19,2020021901009699,CBBL,38,47,30,1140.0,34200.0
2020-02-19,2020021901009843,CBL,39,21,1500,152.0,228000.0
2020-02-19,2020021901010020,CCBL,35,43,500,185.0,92500.0
2020-02-19,2020021901009791,CCBL,35,45,64,185.0,11840.0
2020-02-19,2020021901009790,CCBL,47,45,20,185.0,3700.0
2020-02-19,2020021901009789,CCBL,29,45,200,185.0,37000.0
2020-02-19,2020021901009788,CCBL,55,45,100,185.0,18500.0
2020-02-19,2020021901009787,CCBL,45,45,1616,185.0,298960.0
2020-02-19,2020021901009767,CCBL,45,21,384,185.0,71040.0
2020-02-19,2020021901009766,CCBL,32,21,916,185.0,169460.0
2020-02-19,2020021901009751,CCBL,32,45,84,185.0,15540.0
2020-02-19,2020021901009750,CCBL,28,45,891,185.0,164835.0
2020-02-19,2020021901009878,CIT,57,7,100,2730.0,273000.0
2020-02-19,2020021901009853,CZBIL,17,45,215,198.0,42570.0
2020-02-19,2020021901009775,CZBIL,17,47,25,198.0,4950.0
2020-02-19,2020021901009915,EBL,14,43,89,665.0,59185.0
2020-02-19,2020021901009914,EBL,14,47,11,665.0,7315.0
2020-02-19,2020021901009667,EBL,44,43,330,665.0,219450.0
2020-02-19,2020021901009560,EBL,43,43,70,665.0,46550.0
2020-02-19,2020021901009945,EIC,6,16,20,445.0,8900.0
2020-02-19,2020021901009933,EIC,50,40,100,443.0,44300.0
2020-02-19,2020021901009596,EIC,50,5,20,443.0,8860.0
2020-02-19,2020021901009774,GBBL,19,41,11,246.0,2706.0
2020-02-19,2020021901009931,GBIME,56,37,50,286.0,14300.0
2020-02-19,2020021901009930,GBIME,56,49,150,284.0,42600.0
2020-02-19,2020021901009744,GBIME,14,49,1000,284.0,284000.0
2020-02-19,2020021901009743,GBIME,8,49,500,284.0,142000.0
2020-02-19,2020021901009742,GBIME,55,49,500,284.0,142000.0
2020-02-19,2020021901009741,GBIME,42,49,30,284.0,8520.0
2020-02-19,2020021901009600,GBIME,59,1,300,285.0,85500.0
2020-02-19,2020021901009716,GBIME,6,25,59,285.0,16815.0
2020-02-19,2020021901009715,GBIME,42,25,30,285.0,8550.0
2020-02-19,2020021901009714,GBIME,59,25,43,285.0,12255.0
2020-02-19,2020021901009628,GBIME,6,37,10,286.0,2860.0
2020-02-19,2020021901009614,GBIME,16,37,40,286.0,11440.0
2020-02-19,2020021901009609,GBIME,59,38,28,285.0,7980.0
2020-02-19,2020021901009728,GBIME,6,49,799,284.0,226916.0
2020-02-19,2020021901009727,GBIME,57,49,2350,285.0,669750.0
2020-02-19,2020021901009726,GBIME,42,49,2000,285.0,570000.0
2020-02-19,2020021901009725,GBIME,19,49,200,285.0,57000.0
2020-02-19,2020021901009724,GBIME,45,49,118,285.0,33630.0
2020-02-19,2020021901009723,GBIME,6,49,941,285.0,268185.0
2020-02-19,2020021901009734,GBIME,40,49,20,284.0,5680.0
2020-02-19,2020021901009733,GBIME,39,49,500,284.0,142000.0
2020-02-19,2020021901009732,GBIME,28,49,100,284.0,28400.0
2020-02-19,2020021901009731,GBIME,38,49,500,284.0,142000.0
2020-02-19,2020021901009730,GBIME,11,49,80,284.0,22720.0
2020-02-19,2020021901009729,GBIME,1,49,100,284.0,28400.0
2020-02-19,2020021901009740,GBIME,57,49,1000,284.0,284000.0
2020-02-19,2020021901009739,GBIME,11,49,50,284.0,14200.0
2020-02-19,2020021901009738,GBIME,14,49,50,284.0,14200.0
2020-02-19,2020021901009737,GBIME,37,49,1500,284.0,426000.0
2020-02-19,2020021901009736,GBIME,38,49,30,284.0,8520.0
2020-02-19,2020021901009735,GBIME,25,49,200,284.0,56800.0
2020-02-19,2020021901010019,GBLBS,37,44,355,520.0,184600.0
2020-02-19,2020021901010018,GBLBS,55,44,100,520.0,52000.0
2020-02-19,2020021901010017,GBLBS,38,44,300,520.0,156000.0
2020-02-19,2020021901010016,GBLBS,39,44,20,520.0,10400.0
2020-02-19,2020021901010015,GBLBS,56,44,200,520.0,104000.0
2020-02-19,2020021901010014,GBLBS,59,44,355,520.0,184600.0
2020-02-19,2020021901009641,GBLBS,19,40,10,521.0,5210.0
2020-02-19,2020021901009638,GBLBS,49,44,795,525.0,417375.0
2020-02-19,2020021901009611,GBLBS,18,14,25,524.0,13100.0
2020-02-19,2020021901009906,GBLBS,39,39,80,521.0,41680.0
2020-02-19,2020021901009905,GBLBS,19,39,490,521.0,255290.0
2020-02-19,2020021901009898,GBLBS,4,57,200,522.0,104400.0
2020-02-19,2020021901009897,GBLBS,44,57,50,522.0,26100.0
2020-02-19,2020021901009793,GBLBS,44,4,50,522.0,26100.0
2020-02-19,2020021901009720,GBLBS,49,42,200,525.0,105000.0
2020-02-19,2020021901010013,GBLBS,52,44,500,521.0,260500.0
2020-02-19,2020021901010012,GBLBS,35,44,170,521.0,88570.0
2020-02-19,2020021901009960,GBLBS,35,17,50,521.0,26050.0
2020-02-19,2020021901009937,GBLBS,35,38,80,521.0,41680.0
2020-02-19,2020021901009908,GBLBS,35,39,200,521.0,104200.0
2020-02-19,2020021901009907,GBLBS,47,39,30,521.0,15630.0
2020-02-19,2020021901010046,GGBSL,26,26,10,921.0,9210.0
2020-02-19,2020021901009887,GHL,26,51,30,72.0,2160.0
2020-02-19,2020021901009568,GILB,40,58,45,1439.0,64755.0
2020-02-19,2020021901009745,GLICL,42,40,200,810.0,162000.0
2020-02-19,2020021901010001,GMFBS,43,46,10,1001.0,10010.0
2020-02-19,2020021901009555,GMFBS,34,21,10,1000.0,10000.0
2020-02-19,2020021901009664,GUFL,39,33,11,132.0,1452.0
2020-02-19,2020021901010033,HDL,54,57,320,1446.0,462720.0
2020-02-19,2020021901009618,HDL,16,16,10,1443.0,14430.0
2020-02-19,2020021901009617,HDL,8,39,100,1446.0,144600.0
2020-02-19,2020021901009773,HGI,51,22,100,442.0,44200.0
2020-02-19,2020021901009847,HIDCL,26,38,11,138.0,1518.0
2020-02-19,2020021901009978,HPPL,7,38,20,154.0,3080.0
2020-02-19,2020021901009858,HPPL,39,38,20,153.0,3060.0
2020-02-19,2020021901009671,HPPL,39,38,10,153.0,1530.0
2020-02-19,2020021901009900,HURJA,48,21,20,110.0,2200.0
2020-02-19,2020021901009624,ILBS,55,21,10,935.0,9350.0
2020-02-19,2020021901009623,ILBS,55,57,60,934.0,56040.0
2020-02-19,2020021901009574,ILBS,5,6,10,930.0,9300.0
2020-02-19,2020021901010039,JBBL,59,38,507,192.0,97344.0
2020-02-19,2020021901010029,JBBL,59,39,13,192.0,2496.0
2020-02-19,2020021901009675,JBBL,34,19,10,193.0,1930.0
2020-02-19,2020021901009674,JBBL,59,34,155,192.0,29760.0
2020-02-19,2020021901009670,JBBL,59,46,192,192.0,36864.0
2020-02-19,2020021901009685,JSLBB,16,50,31,1850.0,57350.0
2020-02-19,2020021901010051,KBL,53,18,100,196.0,19600.0
2020-02-19,2020021901009963,KBL,26,49,300,195.0,58500.0
2020-02-19,2020021901009962,KBL,44,49,200,195.0,39000.0
2020-02-19,2020021901009805,KBL,38,18,200,196.0,39200.0
2020-02-19,2020021901009804,KBL,59,18,100,196.0,19600.0
2020-02-19,2020021901009595,KBL,34,34,22,197.0,4334.0
2020-02-19,2020021901009594,KBL,34,34,400,197.0,78800.0
2020-02-19,2020021901009593,KBL,34,33,100,197.0,19700.0
2020-02-19,2020021901009561,KBL,49,10,55,196.0,10780.0
2020-02-19,2020021901009704,KBL,32,33,2000,196.0,392000.0
2020-02-19,2020021901009703,KBL,7,33,1000,196.0,196000.0
2020-02-19,2020021901009702,KBL,40,33,50,196.0,9800.0
2020-02-19,2020021901009701,KBL,49,33,2000,196.0,392000.0
2020-02-19,2020021901009700,KBL,49,33,1755,196.0,343980.0
2020-02-19,2020021901009639,KBL,51,34,100,197.0,19700.0
2020-02-19,2020021901009803,KBL,33,18,2000,196.0,392000.0
2020-02-19,2020021901009802,KBL,45,18,1405,196.0,275380.0
2020-02-19,2020021901009708,KBL,45,33,595,196.0,116620.0
2020-02-19,2020021901009707,KBL,1,33,100,196.0,19600.0
2020-02-19,2020021901009706,KBL,41,33,500,196.0,98000.0
2020-02-19,2020021901009705,KBL,32,33,2000,196.0,392000.0
2020-02-19,2020021901009666,KPCL,38,22,20,105.0,2100.0
2020-02-19,2020021901009875,KSBBL,29,39,17,171.0,2907.0
2020-02-19,2020021901009846,KSBBL,29,57,102,171.0,17442.0
2020-02-19,2020021901009836,KSBBL,29,39,17,171.0,2907.0
2020-02-19,2020021901010050,LBBL,36,43,809,196.0,158564.0
2020-02-19,2020021901009747,LBBL,36,40,191,196.0,37436.0
2020-02-19,2020021901009746,LBBL,14,40,309,196.0,60564.0
2020-02-19,2020021901009852,LBL,49,48,597,230.0,137310.0
2020-02-19,2020021901009851,LBL,49,53,500,230.0,115000.0
2020-02-19,2020021901009622,LBL,32,5,200,229.0,45800.0
2020-02-19,2020021901010004,LGIL,14,25,25,527.0,13175.0
2020-02-19,2020021901010003,LGIL,4,25,155,527.0,81685.0
2020-02-19,2020021901009565,LGIL,4,5,245,527.0,129115.0
2020-02-19,2020021901009850,LLBS,38,45,19,1202.0,22838.0
2020-02-19,2020021901009569,LLBS,51,10,27,1201.0,32427.0
2020-02-19,2020021901009979,MBL,10,44,210,239.0,50190.0
2020-02-19,2020021901009865,MBL,10,45,569,239.0,135991.0
2020-02-19,2020021901009864,MBL,45,45,790,239.0,188810.0
2020-02-19,2020021901009863,MBL,38,45,500,239.0,119500.0
2020-02-19,2020021901009862,MBL,3,45,200,239.0,47800.0
2020-02-19,2020021901009861,MBL,35,45,150,239.0,35850.0
2020-02-19,2020021901009860,MBL,34,45,50,239.0,11950.0
2020-02-19,2020021901009859,MBL,37,45,41,239.0,9799.0
2020-02-19,2020021901009916,MDB,14,49,200,360.0,72000.0
2020-02-19,2020021901009961,MEGA,32,44,25,211.0,5275.0
2020-02-19,2020021901009936,MEGA,45,25,100,212.0,21200.0
2020-02-19,2020021901009935,MEGA,38,25,50,212.0,10600.0
2020-02-19,2020021901009934,MEGA,8,25,300,212.0,63600.0
2020-02-19,2020021901009927,MEGA,8,44,850,212.0,180200.0
2020-02-19,2020021901009794,MEGA,8,47,500,212.0,106000.0
2020-02-19,2020021901009633,MERO,48,16,200,686.0,137200.0
2020-02-19,2020021901009632,MERO,34,16,80,686.0,54880.0
2020-02-19,2020021901009585,MERO,34,10,20,686.0,13720.0
2020-02-19,2020021901009845,MHNL,1,47,30,93.0,2790.0
2020-02-19,2020021901009844,MHNL,1,47,10,94.0,940.0
2020-02-19,2020021901009602,MLBL,44,10,279,222.0,61938.0
2020-02-19,2020021901009583,MLBL,44,58,256,222.0,56832.0
2020-02-19,2020021901009713,MLBL,4,34,674,222.0,149628.0
2020-02-19,2020021901009712,MLBL,44,34,326,222.0,72372.0
2020-02-19,2020021901010002,MNBBL,29,57,200,331.0,66200.0
2020-02-19,2020021901009893,MNBBL,42,58,82,330.0,27060.0
2020-02-19,2020021901009892,MNBBL,21,58,194,330.0,64020.0
2020-02-19,2020021901009891,MNBBL,49,58,224,332.0,74368.0
2020-02-19,2020021901009831,MNBBL,49,57,100,332.0,33200.0
2020-02-19,2020021901009710,MNBBL,38,46,50,331.0,16550.0
2020-02-19,2020021901009695,MNBBL,21,34,56,330.0,18480.0
2020-02-19,2020021901009694,MNBBL,4,34,144,330.0,47520.0
2020-02-19,2020021901009812,MNBBL,49,35,67,331.0,22177.0
2020-02-19,2020021901009811,MNBBL,49,32,700,331.0,231700.0
2020-02-19,2020021901009810,MNBBL,49,13,1000,331.0,331000.0
2020-02-19,2020021901009809,MNBBL,49,46,99,331.0,32769.0
2020-02-19,2020021901009808,MNBBL,49,52,123,331.0,40713.0
2020-02-19,2020021901009749,MNBBL,51,46,100,331.0,33100.0
2020-02-19,2020021901009818,MNBBL,49,16,25,331.0,8275.0
2020-02-19,2020021901009817,MNBBL,49,6,282,331.0,93342.0
2020-02-19,2020021901009816,MNBBL,49,51,400,331.0,132400.0
2020-02-19,2020021901009815,MNBBL,49,54,50,331.0,16550.0
2020-02-19,2020021901009814,MNBBL,49,1,659,331.0,218129.0
2020-02-19,2020021901009813,MNBBL,49,11,300,331.0,99300.0
2020-02-19,2020021901009824,MNBBL,49,4,1000,332.0,332000.0
2020-02-19,2020021901009823,MNBBL,49,14,1500,332.0,498000.0
2020-02-19,2020021901009822,MNBBL,49,17,114,332.0,37848.0
2020-02-19,2020021901009821,MNBBL,49,6,740,332.0,245680.0
2020-02-19,2020021901009820,MNBBL,49,42,280,332.0,92960.0
2020-02-19,2020021901009819,MNBBL,49,13,161,332.0,53452.0
2020-02-19,2020021901009830,MNBBL,49,1,200,332.0,66400.0
2020-02-19,2020021901009829,MNBBL,49,6,110,332.0,36520.0
2020-02-19,2020021901009828,MNBBL,49,6,250,332.0,83000.0
2020-02-19,2020021901009827,MNBBL,49,48,1400,332.0,464800.0
2020-02-19,2020021901009826,MNBBL,49,1,1000,332.0,332000.0
2020-02-19,2020021901009825,MNBBL,49,7,16,332.0,5312.0
2020-02-19,2020021901009944,NABIL,33,42,100,750.0,75000.0
2020-02-19,2020021901009943,NABIL,33,5,50,750.0,37500.0
2020-02-19,2020021901009942,NABIL,33,44,20,750.0,15000.0
2020-02-19,2020021901009941,NABIL,33,32,880,750.0,660000.0
2020-02-19,2020021901009925,NABIL,14,32,50,750.0,37500.0
2020-02-19,2020021901009889,NABIL,54,20,46,749.0,34454.0
2020-02-19,2020021901009888,NABIL,4,20,454,749.0,340046.0
2020-02-19,2020021901009872,NABIL,4,45,90,749.0,67410.0
2020-02-19,2020021901009976,NADEP,17,7,1000,775.0,775000.0
2020-02-19,2020021901009975,NADEP,5,7,1000,776.0,776000.0
2020-02-19,2020021901009974,NADEP,50,7,10,780.0,7800.0
2020-02-19,2020021901009849,NADEP,6,29,57,782.0,44574.0
2020-02-19,2020021901009848,NADEP,6,48,11,781.0,8591.0
2020-02-19,2020021901010021,NBB,44,39,65,212.0,13780.0
2020-02-19,2020021901009764,NBB,44,36,70,212.0,14840.0
2020-02-19,2020021901009619,NBB,32,10,54,211.0,11394.0
2020-02-19,2020021901010034,NBF2,42,14,100,9.4,940.0
2020-02-19,2020021901009601,NBL,16,7,100,271.0,27100.0
2020-02-19,2020021901009913,NCCB,25,36,250,194.0,48500.0
2020-02-19,2020021901009912,NCCB,55,36,4000,194.0,776000.0
2020-02-19,2020021901009911,NCCB,32,36,500,194.0,97000.0
2020-02-19,2020021901009910,NCCB,41,36,200,194.0,38800.0
2020-02-19,2020021901009909,NCCB,38,36,50,194.0,9700.0
2020-02-19,2020021901009709,NCCB,43,38,115,194.0,22310.0
2020-02-19,2020021901009679,NCCB,43,7,75,194.0,14550.0
2020-02-19,2020021901009642,NCCB,25,14,28,195.0,5460.0
2020-02-19,2020021901009637,NCCB,43,10,31,194.0,6014.0
2020-02-19,2020021901009636,NCCB,6,10,123,194.0,23862.0
2020-02-19,2020021901009711,NEF,14,26,10000,8.9,89000.0
2020-02-19,2020021901010035,NGPL,37,46,11,137.0,1507.0
2020-02-19,2020021901009613,NGPL,37,38,156,137.0,21372.0
2020-02-19,2020021901009693,NHPC,7,36,80,58.0,4640.0
2020-02-19,2020021901009692,NHPC,54,36,100,58.0,5800.0
2020-02-19,2020021901009691,NHPC,49,36,300,58.0,17400.0
2020-02-19,2020021901009690,NHPC,29,36,2540,58.0,147320.0
2020-02-19,2020021901009645,NIB,8,10,44,385.0,16940.0
2020-02-19,2020021901009616,NIB,8,38,10,385.0,3850.0
2020-02-19,2020021901009564,NIB,8,39,73,385.0,28105.0
2020-02-19,2020021901009563,NIB,16,39,460,386.0,177560.0
2020-02-19,2020021901010007,NICA,14,44,930,546.0,507780.0
2020-02-19,2020021901009895,NICA,50,4,997,545.0,543365.0
2020-02-19,2020021901009894,NICA,55,4,41,545.0,22345.0
2020-02-19,2020021901009772,NICA,37,44,60,546.0,32760.0
2020-02-19,2020021901009771,NICA,22,44,10,546.0,5460.0
2020-02-19,2020021901009597,NICA,22,4,990,546.0,540540.0
2020-02-19,2020021901010008,NICL,57,51,200,463.0,92600.0
2020-02-19,2020021901009999,NICL,44,34,670,464.0,310880.0
2020-02-19,2020021901009765,NICL,57,14,100,463.0,46300.0
2020-02-19,2020021901009721,NICL,44,34,430,464.0,199520.0
2020-02-19,2020021901009573,NICL,44,26,70,464.0,32480.0
2020-02-19,2020021901009572,NICL,44,26,200,464.0,92800.0
2020-02-19,2020021901009571,NICL,44,26,130,464.0,60320.0
2020-02-19,2020021901009673,NIL,4,16,188,607.0,114116.0
2020-02-19,2020021901009588,NIL,4,26,112,607.0,67984.0
2020-02-19,2020021901009587,NIL,26,26,200,607.0,121400.0
2020-02-19,2020021901009586,NIL,49,26,88,608.0,53504.0
2020-02-19,2020021901010006,NLBBL,38,14,50,860.0,43000.0
2020-02-19,2020021901009992,NLG,34,35,10,714.0,7140.0
2020-02-19,2020021901009627,NLG,47,38,50,714.0,35700.0
2020-02-19,2020021901009857,NLG,47,45,50,715.0,35750.0
2020-02-19,2020021901009855,NLG,34,36,34,714.0,24276.0
2020-02-19,2020021901009854,NLG,47,36,217,714.0,154938.0
2020-02-19,2020021901009807,NLG,47,34,20,714.0,14280.0
2020-02-19,2020021901009668,NLG,47,10,56,714.0,39984.0
2020-02-19,2020021901010032,NLIC,41,47,175,1190.0,208250.0
2020-02-19,2020021901010031,NLIC,45,47,78,1190.0,92820.0
2020-02-19,2020021901010030,NLIC,34,47,10,1191.0,11910.0
2020-02-19,2020021901009868,NLIC,21,47,15,1191.0,17865.0
2020-02-19,2020021901009867,NLIC,19,47,34,1191.0,40494.0
2020-02-19,2020021901009866,NLIC,56,47,20,1192.0,23840.0
2020-02-19,2020021901009680,NLIC,19,10,22,1191.0,26202.0
2020-02-19,2020021901009634,NLIC,19,38,22,1191.0,26202.0
2020-02-19,2020021901009626,NLIC,16,58,15,1191.0,17865.0
2020-02-19,2020021901009625,NLIC,14,58,28,1192.0,33376.0
2020-02-19,2020021901009598,NLICL,37,7,10,694.0,6940.0
2020-02-19,2020021901009982,NMB,1,33,200,408.0,81600.0
2020-02-19,2020021901009981,NMB,55,33,250,408.0,102000.0
2020-02-19,2020021901009980,NMB,22,33,50,408.0,20400.0
2020-02-19,2020021901010005,NMBMF,49,41,92,973.0,89516.0
2020-02-19,2020021901009994,NMBMF,49,14,30,973.0,29190.0
2020-02-19,2020021901009972,NMBMF,49,7,10,969.0,9690.0
2020-02-19,2020021901009971,NMBMF,49,34,100,965.0,96500.0
2020-02-19,2020021901009970,NMBMF,49,14,30,960.0,28800.0
2020-02-19,2020021901009877,NSEWA,10,38,10,825.0,8250.0
2020-02-19,2020021901009922,NTC,57,11,110,620.0,68200.0
2020-02-19,2020021901009996,OHL,21,14,25,489.0,12225.0
2020-02-19,2020021901009995,OHL,21,5,10,489.0,4890.0
2020-02-19,2020021901009871,PCBL,10,10,48,287.0,13776.0
2020-02-19,2020021901009870,PCBL,10,10,100,287.0,28700.0
2020-02-19,2020021901009869,PCBL,29,10,22,287.0,6314.0
2020-02-19,2020021901009687,PCBL,29,34,88,287.0,25256.0
2020-02-19,2020021901009672,PCBL,29,34,20,287.0,5740.0
2020-02-19,2020021901009643,PCBL,29,34,88,287.0,25256.0
2020-02-19,2020021901009620,PCBL,29,34,20,287.0,5740.0
2020-02-19,2020021901009608,PCBL,29,34,20,287.0,5740.0
2020-02-19,2020021901009584,PCBL,29,34,20,287.0,5740.0
2020-02-19,2020021901009577,PCBL,29,34,20,287.0,5740.0
2020-02-19,2020021901010037,PIC,41,25,148,647.0,95756.0
2020-02-19,2020021901010036,PIC,10,25,100,647.0,64700.0
2020-02-19,2020021901009896,PIC,41,41,11,647.0,7117.0
2020-02-19,2020021901009649,PIC,41,25,11,647.0,7117.0
2020-02-19,2020021901010024,PICL,36,10,200,517.0,103400.0
2020-02-19,2020021901010023,PICL,35,10,10,517.0,5170.0
2020-02-19,2020021901010022,PICL,33,10,290,518.0,150220.0
2020-02-19,2020021901009991,PICL,33,10,210,518.0,108780.0
2020-02-19,2020021901009839,PICL,35,36,90,517.0,46530.0
2020-02-19,2020021901009838,PICL,33,36,500,517.0,258500.0
2020-02-19,2020021901009837,PICL,10,36,100,518.0,51800.0
2020-02-19,2020021901010045,PLIC,16,34,100,611.0,61100.0
2020-02-19,2020021901009946,PLIC,49,58,50,613.0,30650.0
2020-02-19,2020021901009592,PLIC,35,16,150,612.0,91800.0
2020-02-19,2020021901009582,PLIC,58,58,10,613.0,6130.0
2020-02-19,2020021901009567,PLIC,35,22,50,612.0,30600.0
2020-02-19,2020021901009566,PLIC,7,22,50,612.0,30600.0
2020-02-19,2020021901009834,PPCL,47,32,10,129.0,1290.0
2020-02-19,2020021901009833,PPCL,47,32,10,129.0,1290.0
2020-02-19,2020021901009832,PPCL,47,32,10,129.0,1290.0
2020-02-19,2020021901009677,PPCL,47,51,30,128.0,3840.0
2020-02-19,2020021901009676,PPCL,47,47,100,128.0,12800.0
2020-02-19,2020021901010047,PRIN,34,49,271,493.0,133603.0
2020-02-19,2020021901010042,PRVU,39,34,500,251.0,125500.0
2020-02-19,2020021901009904,PRVU,58,10,250,250.0,62500.0
2020-02-19,2020021901009903,PRVU,22,10,74,251.0,18574.0
2020-02-19,2020021901009890,PRVU,22,6,876,251.0,219876.0
2020-02-19,2020021901009722,PRVU,22,35,300,251.0,75300.0
2020-02-19,2020021901009669,PRVU,22,1,250,251.0,62750.0
2020-02-19,2020021901009648,PRVU,38,1,500,251.0,125500.0
2020-02-19,2020021901009647,PRVU,58,1,250,251.0,62750.0
2020-02-19,2020021901009770,RBCL,45,41,10,11000.0,110000.0
2020-02-19,2020021901009621,RBCL,11,41,20,11000.0,220000.0
2020-02-19,2020021901009559,RBCL,33,11,20,10995.0,219900.0
2020-02-19,2020021901009929,RBCLPO,34,33,10,9365.0,93650.0
2020-02-19,2020021901010052,RHPL,34,46,30,167.0,5010.0
2020-02-19,2020021901010027,RHPL,38,39,50,169.0,8450.0
2020-02-19,2020021901010026,RHPL,38,47,20,168.0,3360.0
2020-02-19,2020021901009806,RHPL,17,56,100,168.0,16800.0
2020-02-19,2020021901010044,RMDC,19,44,50,773.0,38650.0
2020-02-19,2020021901010043,RMDC,19,25,50,771.0,38550.0
2020-02-19,2020021901009798,RMDC,6,10,11,770.0,8470.0
2020-02-19,2020021901009607,RMDC,6,42,10,770.0,7700.0
2020-02-19,2020021901009606,RMDC,6,53,59,770.0,45430.0
2020-02-19,2020021901009605,RMDC,6,46,10,770.0,7700.0
2020-02-19,2020021901009612,RRHP,45,45,10,102.0,1020.0
2020-02-19,2020021901009926,RSDC,38,8,16,497.0,7952.0
2020-02-19,2020021901009719,RSDC,58,34,90,500.0,45000.0
2020-02-19,2020021901009718,RSDC,58,34,200,500.0,100000.0
2020-02-19,2020021901009717,RSDC,58,5,83,500.0,41500.0
2020-02-19,2020021901009684,RSDC,22,20,400,499.0,199600.0
2020-02-19,2020021901009651,RSDC,22,58,100,499.0,49900.0
2020-02-19,2020021901009977,SABSL,6,26,10,934.0,9340.0
2020-02-19,2020021901009973,SADBL,14,45,105,170.0,17850.0
2020-02-19,2020021901009800,SANIMA,38,45,59,358.0,21122.0
2020-02-19,2020021901009799,SANIMA,38,34,11,358.0,3938.0
2020-02-19,2020021901010053,SBL,4,47,382,322.0,123004.0
2020-02-19,2020021901009919,SBL,35,45,400,323.0,129200.0
2020-02-19,2020021901009918,SBL,35,6,77,323.0,24871.0
2020-02-19,2020021901009917,SBL,35,6,510,323.0,164730.0
2020-02-19,2020021901009969,SCB,14,28,60,652.0,39120.0
2020-02-19,2020021901009968,SCB,14,6,20,650.0,13000.0
2020-02-19,2020021901009842,SCB,11,6,30,650.0,19500.0
2020-02-19,2020021901009841,SCB,11,6,20,650.0,13000.0
2020-02-19,2020021901009591,SCB,33,40,12,648.0,7776.0
2020-02-19,2020021901009578,SCB,16,14,20,647.0,12940.0
2020-02-19,2020021901010011,SDESI,45,4,100,947.0,94700.0
2020-02-19,2020021901009924,SHINE,37,45,250,298.0,74500.0
2020-02-19,2020021901009998,SHIVM,49,6,50,627.0,31350.0
2020-02-19,2020021901009958,SHIVM,4,49,710,629.0,446590.0
2020-02-19,2020021901009957,SHIVM,4,4,150,629.0,94350.0
2020-02-19,2020021901009956,SHIVM,4,48,250,629.0,157250.0
2020-02-19,2020021901009955,SHIVM,4,14,500,629.0,314500.0
2020-02-19,2020021901009954,SHIVM,4,44,100,629.0,62900.0
2020-02-19,2020021901009646,SHIVM,44,44,50,625.0,31250.0
2020-02-19,2020021901009576,SHIVM,44,48,730,625.0,456250.0
2020-02-19,2020021901009575,SHIVM,29,48,270,626.0,169020.0
2020-02-19,2020021901009557,SHIVM,29,39,230,626.0,143980.0
2020-02-19,2020021901009556,SHIVM,29,39,20,626.0,12520.0
2020-02-19,2020021901009881,SHIVM,49,54,1000,626.0,626000.0
2020-02-19,2020021901009880,SHIVM,49,44,50,625.0,31250.0
2020-02-19,2020021901009874,SHIVM,16,42,450,625.0,281250.0
2020-02-19,2020021901009873,SHIVM,44,42,170,625.0,106250.0
2020-02-19,2020021901009683,SHIVM,44,58,1000,625.0,625000.0
2020-02-19,2020021901009678,SHIVM,45,34,500,626.0,313000.0
2020-02-19,2020021901009947,SHIVM,4,44,100,628.0,62800.0
2020-02-19,2020021901009886,SHIVM,49,58,1000,627.0,627000.0
2020-02-19,2020021901009885,SHIVM,49,22,60,627.0,37620.0
2020-02-19,2020021901009884,SHIVM,49,53,1000,627.0,627000.0
2020-02-19,2020021901009883,SHIVM,49,42,830,627.0,520410.0
2020-02-19,2020021901009882,SHIVM,49,42,1000,626.0,626000.0
2020-02-19,2020021901009953,SHIVM,4,49,200,629.0,125800.0
2020-02-19,2020021901009952,SHIVM,4,6,340,628.0,213520.0
2020-02-19,2020021901009951,SHIVM,4,56,500,628.0,314000.0
2020-02-19,2020021901009950,SHIVM,4,28,1000,628.0,628000.0
2020-02-19,2020021901009949,SHIVM,4,4,50,628.0,31400.0
2020-02-19,2020021901009948,SHIVM,4,44,100,628.0,62800.0
2020-02-19,2020021901010049,SHPC,1,38,941,228.0,214548.0
2020-02-19,2020021901010048,SHPC,34,38,56,230.0,12880.0
2020-02-19,2020021901010028,SHPC,57,10,59,227.0,13393.0
2020-02-19,2020021901010009,SIC,19,36,10,782.0,7820.0
2020-02-19,2020021901009983,SIC,35,36,100,783.0,78300.0
2020-02-19,2020021901009959,SIC,18,36,50,784.0,39200.0
2020-02-19,2020021901009902,SIC,18,26,50,784.0,39200.0
2020-02-19,2020021901009901,SIC,58,26,50,784.0,39200.0
2020-02-19,2020021901009879,SICL,6,45,30,1225.0,36750.0
2020-02-19,2020021901009856,SICL,47,45,70,1225.0,85750.0
2020-02-19,2020021901009786,SICL,47,58,430,1225.0,526750.0
2020-02-19,2020021901009785,SICL,28,58,200,1225.0,245000.0
2020-02-19,2020021901009784,SICL,34,58,20,1225.0,24500.0
2020-02-19,2020021901009783,SICL,37,58,50,1225.0,61250.0
2020-02-19,2020021901009644,SICL,11,55,20,1231.0,24620.0
2020-02-19,2020021901009752,SICL,46,58,63,1230.0,77490.0
2020-02-19,2020021901009686,SICL,46,55,20,1230.0,24600.0
2020-02-19,2020021901009682,SICL,46,57,69,1230.0,84870.0
2020-02-19,2020021901009681,SICL,11,57,30,1231.0,36930.0
2020-02-19,2020021901009758,SICL,44,58,116,1229.0,142564.0
2020-02-19,2020021901009757,SICL,38,58,50,1230.0,61500.0
2020-02-19,2020021901009756,SICL,26,58,50,1230.0,61500.0
2020-02-19,2020021901009755,SICL,4,58,100,1230.0,123000.0
2020-02-19,2020021901009754,SICL,54,58,100,1230.0,123000.0
2020-02-19,2020021901009753,SICL,51,58,10,1230.0,12300.0
2020-02-19,2020021901009776,SICL,47,58,500,1227.0,613500.0
2020-02-19,2020021901009763,SICL,37,58,500,1228.0,614000.0
2020-02-19,2020021901009762,SICL,44,58,300,1228.0,368400.0
2020-02-19,2020021901009761,SICL,14,58,100,1228.0,122800.0
2020-02-19,2020021901009760,SICL,49,58,200,1228.0,245600.0
2020-02-19,2020021901009759,SICL,47,58,200,1229.0,245800.0
2020-02-19,2020021901009782,SICL,34,58,200,1225.0,245000.0
2020-02-19,2020021901009781,SICL,54,58,100,1225.0,122500.0
2020-02-19,2020021901009780,SICL,55,58,200,1225.0,245000.0
2020-02-19,2020021901009779,SICL,34,58,300,1225.0,367500.0
2020-02-19,2020021901009778,SICL,52,58,200,1225.0,245000.0
2020-02-19,2020021901009777,SICL,44,58,500,1226.0,613000.0
2020-02-19,2020021901009665,SIL,44,34,750,586.0,439500.0
2020-02-19,2020021901010025,SINDU,45,42,10,136.0,1360.0
2020-02-19,2020021901009876,SJCL,45,33,15,156.0,2340.0
2020-02-19,2020021901009650,SJCL,45,17,20,156.0,3120.0
2020-02-19,2020021901009986,SKBBL,41,49,23,1250.0,28750.0
2020-02-19,2020021901009797,SKBBL,41,38,177,1250.0,221250.0
2020-02-19,2020021901009796,SKBBL,33,38,10,1250.0,12500.0
2020-02-19,2020021901009795,SKBBL,41,38,83,1251.0,103833.0
2020-02-19,2020021901009748,SKBBL,41,38,30,1251.0,37530.0
2020-02-19,2020021901009698,SKBBL,41,38,175,1251.0,218925.0
2020-02-19,2020021901009697,SKBBL,14,38,40,1251.0,50040.0
2020-02-19,2020021901009581,SKBBL,57,21,30,1260.0,37800.0
2020-02-19,2020021901009923,SLBSL,43,26,50,1023.0,51150.0
2020-02-19,2020021901009840,SLBSL,43,20,10,1023.0,10230.0
2020-02-19,2020021901009640,SLBSL,43,39,10,1023.0,10230.0
2020-02-19,2020021901010010,SLICL,43,47,150,494.0,74100.0
2020-02-19,2020021901009635,SLICL,1,5,200,493.0,98600.0
2020-02-19,2020021901009928,SMATA,34,34,193,848.0,163664.0
2020-02-19,2020021901009610,SMATA,34,22,100,848.0,84800.0
2020-02-19,2020021901009604,SMATA,34,14,200,848.0,169600.0
2020-02-19,2020021901009570,SMATA,29,22,50,849.0,42450.0
2020-02-19,2020021901009987,SMFBS,6,39,10,1176.0,11760.0
2020-02-19,2020021901009603,SMFBS,42,41,10,1178.0,11780.0
2020-02-19,2020021901009558,SMFBS,42,38,10,1178.0,11780.0
2020-02-19,2020021901009590,SPDL,38,22,441,101.0,44541.0
2020-02-19,2020021901009589,SPDL,37,22,59,101.0,5959.0
2020-02-19,2020021901010041,SRBL,20,41,100,256.0,25600.0
2020-02-19,2020021901009769,SRBL,20,57,29,256.0,7424.0
2020-02-19,2020021901009615,SRBL,20,56,328,256.0,83968.0
2020-02-19,2020021901010040,STC,19,51,50,2750.0,137500.0
2020-02-19,2020021901009554,STC,21,56,40,2765.0,110600.0
2020-02-19,2020021901009967,SWBBL,50,33,100,1335.0,133500.0
2020-02-19,2020021901009966,SWBBL,41,33,100,1335.0,133500.0
2020-02-19,2020021901009965,SWBBL,43,33,197,1338.0,263586.0
2020-02-19,2020021901010038,UIC,35,17,143,440.0,62920.0
2020-02-19,2020021901009629,UIC,19,20,35,439.0,15365.0
2020-02-19,2020021901009562,UMHL,29,17,14,115.0,1610.0
2020-02-19,2020021901009932,UPPER,29,47,50,239.0,11950.0
2020-02-19,2020021901009940,WOMI,25,34,100,1106.0,110600.0
2020-02-19,2020021901009939,WOMI,39,34,100,1107.0,110700.0
2020-02-19,2020021901009938,WOMI,56,34,17,1108.0,18836.0
2020-02-19,2020021901007087,AHPC,46,41,50,98.0,4900.0
2020-02-19,2020021901007086,AHPC,46,37,1408,98.0,137984.0
2020-02-19,2020021901007392,AKPL,43,40,487,137.0,66719.0
2020-02-19,2020021901007391,AKPL,43,11,13,137.0,1781.0
2020-02-19,2020021901007459,ALBSL,58,45,500,810.0,405000.0
2020-02-19,2020021901007406,ALBSL,34,40,11,800.0,8800.0
2020-02-19,2020021901007388,ALBSL,22,45,200,810.0,162000.0
2020-02-19,2020021901007253,ALICL,28,35,500,630.0,315000.0
2020-02-19,2020021901007068,BARUN,53,26,10,98.0,980.0
2020-02-19,2020021901007333,BFC,17,49,13,114.0,1482.0
2020-02-19,2020021901007413,BNT,47,17,10,7012.0,70120.0
2020-02-19,2020021901007412,BNT,7,17,10,7013.0,70130.0
2020-02-19,2020021901007280,BOKL,46,18,1490,237.0,353130.0
2020-02-19,2020021901007219,BOKL,46,29,10,237.0,2370.0
2020-02-19,2020021901007424,BPCL,57,3,117,360.0,42120.0
2020-02-19,2020021901007370,BPCL,57,47,33,360.0,11880.0
2020-02-19,2020021901007259,BPCL,46,49,500,360.0,180000.0
2020-02-19,2020021901007258,BPCL,46,39,50,360.0,18000.0
2020-02-19,2020021901007257,BPCL,46,49,500,360.0,180000.0
2020-02-19,2020021901007256,BPCL,46,52,33,360.0,11880.0
2020-02-19,2020021901007255,BPCL,46,22,50,360.0,18000.0
2020-02-19,2020021901007254,BPCL,46,34,102,360.0,36720.0
2020-02-19,2020021901007471,CBL,44,55,220,152.0,33440.0
2020-02-19,2020021901007153,CHL,52,58,10,96.0,960.0
2020-02-19,2020021901007457,CZBIL,8,55,346,199.0,68854.0
2020-02-19,2020021901007060,CZBIL,45,38,320,200.0,64000.0
2020-02-19,2020021901007235,DDBL,51,5,10,915.0,9150.0
2020-02-19,2020021901007128,DDBL,25,44,400,907.0,362800.0
2020-02-19,2020021901007115,DDBL,25,44,500,907.0,453500.0
2020-02-19,2020021901007114,DDBL,22,44,100,908.0,90800.0
2020-02-19,2020021901007059,DDBL,25,25,100,914.0,91400.0
2020-02-19,2020021901007325,EDBL,11,17,14,368.0,5152.0
2020-02-19,2020021901007450,EIC,26,22,50,447.0,22350.0
2020-02-19,2020021901007449,EIC,26,47,30,447.0,13410.0
2020-02-19,2020021901007314,EIC,44,16,440,443.0,194920.0
2020-02-19,2020021901007313,EIC,38,16,60,443.0,26580.0
2020-02-19,2020021901007437,FMDBL,26,35,500,502.0,251000.0
2020-02-19,2020021901007423,FMDBL,34,45,200,503.0,100600.0
2020-02-19,2020021901007411,FMDBL,46,6,500,503.0,251500.0
2020-02-19,2020021901007371,FMDBL,46,45,100,503.0,50300.0
2020-02-19,2020021901007356,FMDBL,40,44,200,504.0,100800.0
2020-02-19,2020021901007324,FMDBL,46,6,300,503.0,150900.0
2020-02-19,2020021901007080,FMDBL,36,32,100,506.0,50600.0
2020-02-19,2020021901007062,FMDBL,59,29,50,505.0,25250.0
2020-02-19,2020021901007054,FMDBL,38,41,108,506.0,54648.0
2020-02-19,2020021901007160,FMDBL,48,34,100,506.0,50600.0
2020-02-19,2020021901007159,FMDBL,48,32,351,506.0,177606.0
2020-02-19,2020021901007158,FMDBL,48,53,23,505.0,11615.0
2020-02-19,2020021901007157,FMDBL,48,49,117,505.0,59085.0
2020-02-19,2020021901007156,FMDBL,48,39,350,504.0,176400.0
2020-02-19,2020021901007155,FMDBL,48,40,500,503.0,251500.0
2020-02-19,2020021901007323,FMDBL,34,44,200,504.0,100800.0
2020-02-19,2020021901007322,FMDBL,46,21,100,503.0,50300.0
2020-02-19,2020021901007265,FMDBL,17,59,93,505.0,46965.0
2020-02-19,2020021901007264,FMDBL,17,45,107,504.0,53928.0
2020-02-19,2020021901007162,FMDBL,48,58,541,506.0,273746.0
2020-02-19,2020021901007161,FMDBL,48,14,18,506.0,9108.0
2020-02-19,2020021901007312,GBBL,52,42,100,247.0,24700.0
2020-02-19,2020021901007541,GBIME,21,16,500,287.0,143500.0
2020-02-19,2020021901007524,GBIME,16,16,500,287.0,143500.0
2020-02-19,2020021901007433,GBIME,57,16,200,287.0,57400.0
2020-02-19,2020021901007316,GBIME,26,16,600,287.0,172200.0
2020-02-19,2020021901007315,GBIME,26,11,400,287.0,114800.0
2020-02-19,2020021901007109,GBIME,22,11,200,287.0,57400.0
2020-02-19,2020021901007085,GBIME,32,11,200,287.0,57400.0
2020-02-19,2020021901007470,GBLBS,58,58,15,520.0,7800.0
2020-02-19,2020021901007451,GBLBS,58,1,500,520.0,260000.0
2020-02-19,2020021901007427,GBLBS,58,52,100,520.0,52000.0
2020-02-19,2020021901007421,GBLBS,44,58,15,518.0,7770.0
2020-02-19,2020021901007410,GBLBS,49,56,585,520.0,304200.0
2020-02-19,2020021901007384,GBLBS,42,56,410,519.0,212790.0
2020-02-19,2020021901007286,GBLBS,1,25,43,525.0,22575.0
2020-02-19,2020021901007283,GBLBS,1,5,100,525.0,52500.0
2020-02-19,2020021901007211,GBLBS,1,56,15,525.0,7875.0
2020-02-19,2020021901007165,GBLBS,49,32,149,528.0,78672.0
2020-02-19,2020021901007124,GBLBS,49,56,25,528.0,13200.0
2020-02-19,2020021901007064,GBLBS,49,55,16,528.0,8448.0
2020-02-19,2020021901007329,GBLBS,58,56,50,520.0,26000.0
2020-02-19,2020021901007321,GBLBS,25,44,1000,524.0,524000.0
2020-02-19,2020021901007320,GBLBS,46,44,200,524.0,104800.0
2020-02-19,2020021901007319,GBLBS,28,44,35,524.0,18340.0
2020-02-19,2020021901007318,GBLBS,39,44,143,525.0,75075.0
2020-02-19,2020021901007287,GBLBS,39,25,57,525.0,29925.0
2020-02-19,2020021901007361,GBLBS,58,56,100,519.0,51900.0
2020-02-19,2020021901007360,GBLBS,44,56,150,519.0,77850.0
2020-02-19,2020021901007359,GBLBS,26,56,240,519.0,124560.0
2020-02-19,2020021901007332,GBLBS,44,56,500,520.0,260000.0
2020-02-19,2020021901007331,GBLBS,46,56,100,520.0,52000.0
2020-02-19,2020021901007330,GBLBS,52,56,1000,520.0,520000.0
2020-02-19,2020021901007063,GFCL,55,41,200,163.0,32600.0
2020-02-19,2020021901007260,GGBSL,56,51,10,903.0,9030.0
2020-02-19,2020021901007093,GHL,38,38,30,72.0,2160.0
2020-02-19,2020021901007387,GLBSL,48,58,10,805.0,8050.0
2020-02-19,2020021901007210,GLICL,45,38,45,815.0,36675.0
2020-02-19,2020021901007209,GLICL,6,38,25,815.0,20375.0
2020-02-19,2020021901007177,GLICL,25,38,130,815.0,105950.0
2020-02-19,2020021901007176,GLICL,25,35,500,815.0,407500.0
2020-02-19,2020021901007175,GLICL,25,36,80,815.0,65200.0
2020-02-19,2020021901007174,GLICL,25,43,90,814.0,73260.0
2020-02-19,2020021901007523,GMFBS,34,25,100,980.0,98000.0
2020-02-19,2020021901007430,GMFBS,43,26,10,980.0,9800.0
2020-02-19,2020021901007395,HBL,49,45,271,575.0,155825.0
2020-02-19,2020021901007522,HDL,58,39,1000,1441.0,1441000.0
2020-02-19,2020021901007441,HDL,44,48,340,1442.0,490280.0
2020-02-19,2020021901007358,HDL,21,53,500,1443.0,721500.0
2020-02-19,2020021901007168,HDL,17,44,40,1445.0,57800.0
2020-02-19,2020021901007070,HDL,56,45,55,1446.0,79530.0
2020-02-19,2020021901007069,HDL,56,39,85,1446.0,122910.0
2020-02-19,2020021901007289,HGI,16,26,100,442.0,44200.0
2020-02-19,2020021901007251,HGI,16,34,100,442.0,44200.0
2020-02-19,2020021901007250,HGI,17,34,100,442.0,44200.0
2020-02-19,2020021901007404,HPPL,45,13,10,156.0,1560.0
2020-02-19,2020021901007403,HPPL,45,13,10,156.0,1560.0
2020-02-19,2020021901007402,HPPL,45,43,50,156.0,7800.0
2020-02-19,2020021901007401,HPPL,45,41,10,155.0,1550.0
2020-02-19,2020021901007400,HPPL,45,1,100,155.0,15500.0
2020-02-19,2020021901007399,HPPL,45,7,10,154.0,1540.0
2020-02-19,2020021901007398,HPPL,45,8,10,154.0,1540.0
2020-02-19,2020021901007442,ILBS,34,26,30,926.0,27780.0
2020-02-19,2020021901007355,ILBS,55,16,10,940.0,9400.0
2020-02-19,2020021901007246,JSLBB,51,4,15,1862.0,27930.0
2020-02-19,2020021901007230,JSLBB,37,4,30,1862.0,55860.0
2020-02-19,2020021901007220,JSLBB,51,36,15,1860.0,27900.0
2020-02-19,2020021901007189,JSLBB,51,36,15,1860.0,27900.0
2020-02-19,2020021901007167,JSLBB,51,14,15,1850.0,27750.0
2020-02-19,2020021901007509,KBL,42,28,433,198.0,85734.0
2020-02-19,2020021901007508,KBL,42,50,110,198.0,21780.0
2020-02-19,2020021901007507,KBL,42,8,200,198.0,39600.0
2020-02-19,2020021901007506,KBL,42,14,257,198.0,50886.0
2020-02-19,2020021901007409,KBL,32,14,950,197.0,187150.0
2020-02-19,2020021901007282,KBL,32,45,474,197.0,93378.0
2020-02-19,2020021901007281,KBL,32,4,10,197.0,1970.0
2020-02-19,2020021901007233,KBL,45,4,590,197.0,116230.0
2020-02-19,2020021901007181,KBL,32,32,1000,197.0,197000.0
2020-02-19,2020021901007397,KPCL,53,42,10,106.0,1060.0
2020-02-19,2020021901007199,KPCL,16,11,10,106.0,1060.0
2020-02-19,2020021901007302,KRBL,6,25,50,121.0,6050.0
2020-02-19,2020021901007301,KRBL,6,25,100,121.0,12100.0
2020-02-19,2020021901007407,KSBBL,57,29,100,173.0,17300.0
2020-02-19,2020021901007390,KSBBL,34,59,500,172.0,86000.0
2020-02-19,2020021901007389,KSBBL,50,59,500,172.0,86000.0
2020-02-19,2020021901007111,LBBL,36,35,197,196.0,38612.0
2020-02-19,2020021901007327,LBL,32,45,1100,231.0,254100.0
2020-02-19,2020021901007248,LBL,22,35,17,230.0,3910.0
2020-02-19,2020021901007247,LBL,32,35,183,230.0,42090.0
2020-02-19,2020021901007293,LICN,5,40,200,1374.0,274800.0
2020-02-19,2020021901007285,LICN,34,40,100,1374.0,137400.0
2020-02-19,2020021901007232,LICN,8,58,20,1393.0,27860.0
2020-02-19,2020021901007231,LICN,8,16,30,1392.0,41760.0
2020-02-19,2020021901007489,LLBS,47,58,20,1218.0,24360.0
2020-02-19,2020021901007317,MBL,45,10,210,240.0,50400.0
2020-02-19,2020021901007249,MBL,1,1,3618,240.0,868320.0
2020-02-19,2020021901007526,MEGA,14,34,111,212.0,23532.0
2020-02-19,2020021901007525,MEGA,14,42,389,212.0,82468.0
2020-02-19,2020021901007517,MEGA,36,42,111,212.0,23532.0
2020-02-19,2020021901007516,MEGA,36,29,89,212.0,18868.0
2020-02-19,2020021901007511,MEGA,21,29,311,212.0,65932.0
2020-02-19,2020021901007510,MEGA,21,11,189,212.0,40068.0
2020-02-19,2020021901007058,MEGA,32,56,334,211.0,70474.0
2020-02-19,2020021901007057,MEGA,58,56,500,211.0,105500.0
2020-02-19,2020021901007056,MEGA,57,56,25,211.0,5275.0
2020-02-19,2020021901007055,MEGA,38,56,141,211.0,29751.0
2020-02-19,2020021901007493,MEGA,32,34,500,211.0,105500.0
2020-02-19,2020021901007368,MEGA,54,57,1000,212.0,212000.0
2020-02-19,2020021901007505,MERO,56,56,37,690.0,25530.0
2020-02-19,2020021901007469,MERO,19,42,25,695.0,17375.0
2020-02-19,2020021901007136,MERO,21,57,169,700.0,118300.0
2020-02-19,2020021901007135,MERO,21,16,131,698.0,91438.0
2020-02-19,2020021901007092,MERO,58,28,61,696.0,42456.0
2020-02-19,2020021901007061,MERO,58,16,139,696.0,96744.0
2020-02-19,2020021901007234,MLBL,6,36,10,225.0,2250.0
2020-02-19,2020021901007126,MLBL,45,36,10,225.0,2250.0
2020-02-19,2020021901007527,MNBBL,36,16,200,331.0,66200.0
2020-02-19,2020021901007448,MNBBL,45,14,30,330.0,9900.0
2020-02-19,2020021901007224,MNBBL,53,13,10,330.0,3300.0
2020-02-19,2020021901007223,MNBBL,45,13,3000,330.0,990000.0
2020-02-19,2020021901007222,MNBBL,17,13,20,330.0,6600.0
2020-02-19,2020021901007252,NABIL,4,36,83,749.0,62167.0
2020-02-19,2020021901007227,NABIL,4,56,12,749.0,8988.0
2020-02-19,2020021901007147,NABIL,4,49,92,749.0,68908.0
2020-02-19,2020021901007146,NABIL,14,49,50,749.0,37450.0
2020-02-19,2020021901007145,NABIL,50,49,500,749.0,374500.0
2020-02-19,2020021901007144,NABIL,29,49,100,749.0,74900.0
2020-02-19,2020021901007143,NABIL,19,49,258,749.0,193242.0
2020-02-19,2020021901007436,NADEP,18,25,50,774.0,38700.0
2020-02-19,2020021901007422,NADEP,59,40,23,773.0,17779.0
2020-02-19,2020021901007262,NADEP,17,43,291,780.0,226980.0
2020-02-19,2020021901007261,NADEP,17,44,500,779.0,389500.0
2020-02-19,2020021901007326,NBB,51,37,85,212.0,18020.0
2020-02-19,2020021901007514,NBL,5,50,400,270.0,108000.0
2020-02-19,2020021901007513,NBL,57,50,100,270.0,27000.0
2020-02-19,2020021901007512,NBL,5,50,1000,270.0,270000.0
2020-02-19,2020021901007367,NBL,34,58,1000,270.0,270000.0
2020-02-19,2020021901007366,NBL,41,58,150,270.0,40500.0
2020-02-19,2020021901007365,NBL,37,58,300,270.0,81000.0
2020-02-19,2020021901007364,NBL,26,58,500,270.0,135000.0
2020-02-19,2020021901007363,NBL,58,58,100,270.0,27000.0
2020-02-19,2020021901007362,NBL,5,58,1000,270.0,270000.0
2020-02-19,2020021901007208,NBL,5,34,236,271.0,63956.0
2020-02-19,2020021901007547,NCCB,48,48,381,195.0,74295.0
2020-02-19,2020021901007546,NCCB,56,48,300,195.0,58500.0
2020-02-19,2020021901007545,NCCB,36,48,500,195.0,97500.0
2020-02-19,2020021901007544,NCCB,56,48,200,195.0,39000.0
2020-02-19,2020021901007543,NCCB,44,48,129,195.0,25155.0
2020-02-19,2020021901007241,NGPL,33,7,1000,138.0,138000.0
2020-02-19,2020021901007180,NHDL,11,7,10,138.0,1380.0
2020-02-19,2020021901007179,NHDL,11,45,110,138.0,15180.0
2020-02-19,2020021901007178,NHDL,11,57,10,138.0,1380.0
2020-02-19,2020021901007298,NIB,6,13,430,387.0,166410.0
2020-02-19,2020021901007297,NIB,6,8,70,387.0,27090.0
2020-02-19,2020021901007288,NIB,35,8,10,387.0,3870.0
2020-02-19,2020021901007284,NIB,56,1,44,386.0,16984.0
2020-02-19,2020021901007067,NIB,57,8,50,387.0,19350.0
2020-02-19,2020021901007393,NICA,3,28,40,548.0,21920.0
2020-02-19,2020021901007521,NICL,41,44,200,464.0,92800.0
2020-02-19,2020021901007405,NICL,34,17,100,462.0,46200.0
2020-02-19,2020021901007300,NICL,34,45,100,462.0,46200.0
2020-02-19,2020021901007198,NICL,22,42,500,462.0,231000.0
2020-02-19,2020021901007197,NICL,44,42,500,462.0,231000.0
2020-02-19,2020021901007196,NICL,14,42,150,462.0,69300.0
2020-02-19,2020021901007195,NICL,26,42,100,462.0,46200.0
2020-02-19,2020021901007538,NIL,45,54,1132,612.0,692784.0
2020-02-19,2020021901007537,NIL,45,46,50,611.0,30550.0
2020-02-19,2020021901007536,NIL,45,34,1000,611.0,611000.0
2020-02-19,2020021901007535,NIL,45,33,300,611.0,183300.0
2020-02-19,2020021901007534,NIL,45,29,50,611.0,30550.0
2020-02-19,2020021901007533,NIL,45,35,1000,610.0,610000.0
2020-02-19,2020021901007164,NIL,42,59,43,610.0,26230.0
2020-02-19,2020021901007131,NIL,42,59,457,610.0,278770.0
2020-02-19,2020021901007130,NIL,42,34,43,610.0,26230.0
2020-02-19,2020021901007118,NIL,42,34,500,610.0,305000.0
2020-02-19,2020021901007096,NIL,42,34,10,610.0,6100.0
2020-02-19,2020021901007462,NIL,42,17,10,609.0,6090.0
2020-02-19,2020021901007461,NIL,42,17,10,609.0,6090.0
2020-02-19,2020021901007242,NIL,49,53,800,608.0,486400.0
2020-02-19,2020021901007200,NIL,49,49,112,608.0,68096.0
2020-02-19,2020021901007532,NIL,45,44,468,609.0,285012.0
2020-02-19,2020021901007531,NIL,58,44,178,609.0,108402.0
2020-02-19,2020021901007466,NIL,58,17,22,609.0,13398.0
2020-02-19,2020021901007465,NIL,37,17,50,609.0,30450.0
2020-02-19,2020021901007464,NIL,42,17,10,609.0,6090.0
2020-02-19,2020021901007463,NIL,42,17,10,609.0,6090.0
2020-02-19,2020021901007376,NLBBL,34,45,12,856.0,10272.0
2020-02-19,2020021901007237,NLBBL,34,45,30,856.0,25680.0
2020-02-19,2020021901007202,NLBBL,44,33,1000,860.0,860000.0
2020-02-19,2020021901007458,NLG,58,45,200,720.0,144000.0
2020-02-19,2020021901007336,NLG,47,49,150,720.0,108000.0
2020-02-19,2020021901007335,NLG,8,49,50,720.0,36000.0
2020-02-19,2020021901007133,NLG,41,55,100,720.0,72000.0
2020-02-19,2020021901007132,NLG,26,55,100,721.0,72100.0
2020-02-19,2020021901007134,NLG,8,55,50,720.0,36000.0
2020-02-19,2020021901007473,NLIC,25,45,22,1193.0,26246.0
2020-02-19,2020021901007420,NLIC,10,57,170,1193.0,202810.0
2020-02-19,2020021901007419,NLIC,25,57,85,1193.0,101405.0
2020-02-19,2020021901007328,NLIC,40,48,200,1194.0,238800.0
2020-02-19,2020021901007303,NLIC,25,45,22,1194.0,26268.0
2020-02-19,2020021901007243,NLIC,25,56,15,1193.0,17895.0
2020-02-19,2020021901007217,NLIC,8,21,12,1195.0,14340.0
2020-02-19,2020021901007216,NLIC,8,33,100,1195.0,119500.0
2020-02-19,2020021901007215,NLIC,8,49,43,1195.0,51385.0
2020-02-19,2020021901007435,NLICL,37,5,1140,695.0,792300.0
2020-02-19,2020021901007456,NMB,57,49,87,410.0,35670.0
2020-02-19,2020021901007455,NMB,57,58,63,410.0,25830.0
2020-02-19,2020021901007454,NMB,57,57,50,410.0,20500.0
2020-02-19,2020021901007299,NMB,49,57,50,410.0,20500.0
2020-02-19,2020021901007240,NMB,34,57,300,410.0,123000.0
2020-02-19,2020021901007238,NMB,57,38,1000,410.0,410000.0
2020-02-19,2020021901007117,NMB,32,57,100,410.0,41000.0
2020-02-19,2020021901007504,NMBMF,26,47,200,963.0,192600.0
2020-02-19,2020021901007221,NMBMF,26,26,150,963.0,144450.0
2020-02-19,2020021901007214,NMBMF,26,26,50,964.0,48200.0
2020-02-19,2020021901007386,NMFBS,33,47,13,1705.0,22165.0
2020-02-19,2020021901007553,NTC,1,7,75,621.0,46575.0
2020-02-19,2020021901007552,NTC,26,7,150,622.0,93300.0
2020-02-19,2020021901007551,NTC,57,7,40,622.0,24880.0
2020-02-19,2020021901007084,NTC,57,14,10,622.0,6220.0
2020-02-19,2020021901007218,OHL,36,37,44,480.0,21120.0
2020-02-19,2020021901007306,PCBL,25,47,10,290.0,2900.0
2020-02-19,2020021901007276,PCBL,45,17,1000,289.0,289000.0
2020-02-19,2020021901007275,PCBL,45,22,500,289.0,144500.0
2020-02-19,2020021901007274,PCBL,45,4,1000,289.0,289000.0
2020-02-19,2020021901007273,PCBL,45,56,200,289.0,57800.0
2020-02-19,2020021901007272,PCBL,45,48,2000,289.0,578000.0
2020-02-19,2020021901007212,PCBL,45,4,150,288.0,43200.0
2020-02-19,2020021901007271,PCBL,45,49,100,289.0,28900.0
2020-02-19,2020021901007270,PCBL,45,6,200,289.0,57800.0
2020-02-19,2020021901007269,PCBL,45,34,1300,288.0,374400.0
2020-02-19,2020021901007268,PCBL,45,39,100,288.0,28800.0
2020-02-19,2020021901007267,PCBL,45,11,1000,288.0,288000.0
2020-02-19,2020021901007266,PCBL,45,4,670,288.0,192960.0
2020-02-19,2020021901007292,PFL,1,17,13,157.0,2041.0
2020-02-19,2020021901007542,PICL,22,14,200,520.0,104000.0
2020-02-19,2020021901007487,PLIC,45,36,47,618.0,29046.0
2020-02-19,2020021901007486,PLIC,45,48,257,617.0,158569.0
2020-02-19,2020021901007485,PLIC,45,55,120,617.0,74040.0
2020-02-19,2020021901007484,PLIC,45,58,300,616.0,184800.0
2020-02-19,2020021901007483,PLIC,45,50,37,616.0,22792.0
2020-02-19,2020021901007482,PLIC,45,37,300,615.0,184500.0
2020-02-19,2020021901007171,PLIC,45,49,112,610.0,68320.0
2020-02-19,2020021901007481,PLIC,45,16,120,615.0,73800.0
2020-02-19,2020021901007480,PLIC,45,7,105,615.0,64575.0
2020-02-19,2020021901007479,PLIC,45,59,195,615.0,119925.0
2020-02-19,2020021901007478,PLIC,45,26,40,612.0,24480.0
2020-02-19,2020021901007477,PLIC,45,59,225,612.0,137700.0
2020-02-19,2020021901007476,PLIC,45,58,254,612.0,155448.0
2020-02-19,2020021901007426,PPCL,38,42,20,126.0,2520.0
2020-02-19,2020021901007519,PRIN,37,43,500,495.0,247500.0
2020-02-19,2020021901007518,PRIN,37,5,281,495.0,139095.0
2020-02-19,2020021901007453,PRIN,44,22,100,493.0,49300.0
2020-02-19,2020021901007452,PRIN,44,22,400,494.0,197600.0
2020-02-19,2020021901007460,PRVU,14,55,300,251.0,75300.0
2020-02-19,2020021901007263,PRVU,58,36,172,250.0,43000.0
2020-02-19,2020021901007207,PRVU,6,55,10,251.0,2510.0
2020-02-19,2020021901007549,RBCL,45,42,10,11100.0,111000.0
2020-02-19,2020021901007239,RBCL,45,13,15,11000.0,165000.0
2020-02-19,2020021901007120,RBCL,45,13,10,11010.0,110100.0
2020-02-19,2020021901007119,RBCL,43,13,10,11011.0,110110.0
2020-02-19,2020021901007173,RBCLPO,13,32,10,9540.0,95400.0
2020-02-19,2020021901007172,RBCLPO,13,57,25,9539.0,238475.0
2020-02-19,2020021901007494,RHPL,25,45,40,167.0,6680.0
2020-02-19,2020021901007432,RHPL,25,42,10,167.0,1670.0
2020-02-19,2020021901007310,RHPL,25,11,20,167.0,3340.0
2020-02-19,2020021901007201,RHPL,49,39,10,166.0,1660.0
2020-02-19,2020021901007166,RHPL,49,39,20,166.0,3320.0
2020-02-19,2020021901007081,RHPL,49,50,40,166.0,6640.0
2020-02-19,2020021901007373,RLFL,4,11,29,139.0,4031.0
2020-02-19,2020021901007372,RLFL,29,11,119,139.0,16541.0
2020-02-19,2020021901007540,RSDC,41,20,50,507.0,25350.0
2020-02-19,2020021901007539,RSDC,32,20,141,507.0,71487.0
2020-02-19,2020021901007472,RSDC,32,19,55,507.0,27885.0
2020-02-19,2020021901007440,RSDC,32,35,10,507.0,5070.0
2020-02-19,2020021901007439,RSDC,32,55,79,507.0,40053.0
2020-02-19,2020021901007438,RSDC,34,55,21,507.0,10647.0
2020-02-19,2020021901007353,RSDC,57,53,50,505.0,25250.0
2020-02-19,2020021901007334,RSDC,57,32,10,505.0,5050.0
2020-02-19,2020021901007414,RSDC,22,36,250,508.0,127000.0
2020-02-19,2020021901007408,RSDC,34,17,20,507.0,10140.0
2020-02-19,2020021901007375,RSDC,34,52,285,507.0,144495.0
2020-02-19,2020021901007374,RSDC,34,44,174,505.0,87870.0
2020-02-19,2020021901007357,RSDC,22,44,376,505.0,189880.0
2020-02-19,2020021901007354,RSDC,22,53,124,505.0,62620.0
2020-02-19,2020021901007428,RSDC,22,59,297,510.0,151470.0
2020-02-19,2020021901007425,RSDC,17,17,50,511.0,25550.0
2020-02-19,2020021901007418,RSDC,22,44,200,510.0,102000.0
2020-02-19,2020021901007417,RSDC,22,17,200,510.0,102000.0
2020-02-19,2020021901007416,RSDC,22,53,500,510.0,255000.0
2020-02-19,2020021901007415,RSDC,22,25,50,509.0,25450.0
2020-02-19,2020021901007110,SABSL,34,19,500,952.0,476000.0
2020-02-19,2020021901007091,SABSL,34,7,150,954.0,143100.0
2020-02-19,2020021901007090,SABSL,34,28,10,953.0,9530.0
2020-02-19,2020021901007089,SABSL,34,22,320,953.0,304960.0
2020-02-19,2020021901007088,SABSL,34,21,20,951.0,19020.0
2020-02-19,2020021901007083,SABSL,34,36,10,950.0,9500.0
2020-02-19,2020021901007082,SABSL,34,7,310,950.0,294500.0
2020-02-19,2020021901007066,SABSL,34,7,490,950.0,465500.0
2020-02-19,2020021901007065,SABSL,34,39,10,945.0,9450.0
2020-02-19,2020021901007520,SANIMA,26,11,90,358.0,32220.0
2020-02-19,2020021901007170,SBI,44,6,50,425.0,21250.0
2020-02-19,2020021901007099,SBI,44,55,4371,425.0,1857675.0
2020-02-19,2020021901007098,SBI,44,55,200,425.0,85000.0
2020-02-19,2020021901007097,SBI,44,55,200,425.0,85000.0
2020-02-19,2020021901007515,SBL,14,35,15,323.0,4845.0
2020-02-19,2020021901007447,SBL,14,49,210,323.0,67830.0
2020-02-19,2020021901007369,SBL,45,40,1169,323.0,377587.0
2020-02-19,2020021901007279,SCB,57,35,20,645.0,12900.0
2020-02-19,2020021901007278,SCB,41,35,480,645.0,309600.0
2020-02-19,2020021901007213,SDESI,14,55,10,1000.0,10000.0
2020-02-19,2020021901007205,SDESI,14,25,83,992.0,82336.0
2020-02-19,2020021901007204,SDESI,14,18,90,990.0,89100.0
2020-02-19,2020021901007203,SDESI,14,56,13,990.0,12870.0
2020-02-19,2020021901007194,SDESI,14,40,50,985.0,49250.0
2020-02-19,2020021901007193,SDESI,14,57,27,985.0,26595.0
2020-02-19,2020021901007139,SDESI,14,58,300,980.0,294000.0
2020-02-19,2020021901007138,SDESI,14,6,50,975.0,48750.0
2020-02-19,2020021901007192,SDESI,14,48,27,985.0,26595.0
2020-02-19,2020021901007191,SDESI,14,39,23,983.0,22609.0
2020-02-19,2020021901007190,SDESI,14,40,42,980.0,41160.0
2020-02-19,2020021901007142,SDESI,14,40,158,980.0,154840.0
2020-02-19,2020021901007141,SDESI,14,57,62,980.0,60760.0
2020-02-19,2020021901007140,SDESI,14,21,30,980.0,29400.0
2020-02-19,2020021901007396,SEF,57,17,10000,9.5,95000.0
2020-02-19,2020021901007492,SHINE,17,34,500,301.0,150500.0
2020-02-19,2020021901007491,SHINE,17,39,250,301.0,75250.0
2020-02-19,2020021901007468,SHINE,17,39,750,301.0,225750.0
2020-02-19,2020021901007446,SHINE,57,39,1000,300.0,300000.0
2020-02-19,2020021901007445,SHINE,44,39,1000,300.0,300000.0
2020-02-19,2020021901007444,SHINE,7,39,123,300.0,36900.0
2020-02-19,2020021901007225,SHINE,7,26,377,300.0,113100.0
2020-02-19,2020021901007071,SHIVM,48,48,110,625.0,68750.0
2020-02-19,2020021901007077,SHIVM,44,48,600,622.0,373200.0
2020-02-19,2020021901007076,SHIVM,44,48,2000,623.0,1246000.0
2020-02-19,2020021901007075,SHIVM,49,48,500,623.0,311500.0
2020-02-19,2020021901007074,SHIVM,5,48,50,623.0,31150.0
2020-02-19,2020021901007073,SHIVM,34,48,200,624.0,124800.0
2020-02-19,2020021901007072,SHIVM,50,48,240,624.0,149760.0
2020-02-19,2020021901007394,SHIVM,40,42,50,623.0,31150.0
2020-02-19,2020021901007079,SHIVM,38,48,200,622.0,124400.0
2020-02-19,2020021901007078,SHIVM,53,48,100,622.0,62200.0
2020-02-19,2020021901007129,SHL,40,33,500,195.0,97500.0
2020-02-19,2020021901007113,SHL,57,17,100,194.0,19400.0
2020-02-19,2020021901007112,SHL,38,17,200,194.0,38800.0
2020-02-19,2020021901007229,SICL,44,17,60,1246.0,74760.0
2020-02-19,2020021901007163,SICL,10,14,311,1245.0,387195.0
2020-02-19,2020021901007548,SIL,44,53,325,590.0,191750.0
2020-02-19,2020021901007467,SIL,44,59,200,589.0,117800.0
2020-02-19,2020021901007443,SJCL,5,42,10,157.0,1570.0
2020-02-19,2020021901007188,SJCL,5,39,10,157.0,1570.0
2020-02-19,2020021901007137,SJCL,5,39,20,157.0,3140.0
2020-02-19,2020021901007116,SJCL,5,50,20,157.0,3140.0
2020-02-19,2020021901007475,SKBBL,41,10,12,1227.0,14724.0
2020-02-19,2020021901007474,SKBBL,41,10,50,1230.0,61500.0
2020-02-19,2020021901007431,SKBBL,49,39,300,1238.0,371400.0
2020-02-19,2020021901007352,SKBBL,57,39,200,1238.0,247600.0
2020-02-19,2020021901007311,SKBBL,40,39,500,1238.0,619000.0
2020-02-19,2020021901007094,SLBBL,34,57,100,985.0,98500.0
2020-02-19,2020021901007169,SLBBL,29,57,30,985.0,29550.0
2020-02-19,2020021901007127,SLBBL,6,57,200,985.0,197000.0
2020-02-19,2020021901007295,SLBBL,18,44,320,989.0,316480.0
2020-02-19,2020021901007245,SLBBL,51,44,180,989.0,178020.0
2020-02-19,2020021901007244,SLBBL,51,6,20,984.0,19680.0
2020-02-19,2020021901007296,SLBBL,18,48,10,989.0,9890.0
2020-02-19,2020021901007550,SLICL,51,36,400,495.0,198000.0
2020-02-19,2020021901007488,SLICL,45,36,300,495.0,148500.0
2020-02-19,2020021901007429,SLICL,6,36,25,495.0,12375.0
2020-02-19,2020021901007385,SLICL,47,36,100,495.0,49500.0
2020-02-19,2020021901007309,SLICL,33,36,100,495.0,49500.0
2020-02-19,2020021901007308,SLICL,59,36,100,495.0,49500.0
2020-02-19,2020021901007307,SLICL,58,36,50,495.0,24750.0
2020-02-19,2020021901007294,SLICL,58,34,300,495.0,148500.0
2020-02-19,2020021901007291,SLICL,58,46,150,495.0,74250.0
2020-02-19,2020021901007290,SLICL,28,46,100,495.0,49500.0
2020-02-19,2020021901007154,SLICL,6,57,110,497.0,54670.0
2020-02-19,2020021901007125,SMATA,34,46,39,845.0,32955.0
2020-02-19,2020021901007434,SMFBS,32,25,10,1196.0,11960.0
2020-02-19,2020021901007383,SMFBS,32,25,100,1196.0,119600.0
2020-02-19,2020021901007382,SMFBS,32,48,50,1190.0,59500.0
2020-02-19,2020021901007381,SMFBS,32,51,20,1190.0,23800.0
2020-02-19,2020021901007380,SMFBS,32,49,10,1189.0,11890.0
2020-02-19,2020021901007379,SMFBS,32,48,50,1189.0,59450.0
2020-02-19,2020021901007104,SMFBS,32,13,100,1170.0,117000.0
2020-02-19,2020021901007103,SMFBS,32,54,10,1170.0,11700.0
2020-02-19,2020021901007102,SMFBS,32,35,10,1169.0,11690.0
2020-02-19,2020021901007378,SMFBS,32,25,50,1173.0,58650.0
2020-02-19,2020021901007377,SMFBS,32,35,10,1173.0,11730.0
2020-02-19,2020021901007108,SMFBS,32,41,50,1173.0,58650.0
2020-02-19,2020021901007107,SMFBS,32,29,10,1171.0,11710.0
2020-02-19,2020021901007106,SMFBS,32,29,10,1170.0,11700.0
2020-02-19,2020021901007105,SMFBS,32,35,10,1170.0,11700.0
2020-02-19,2020021901007187,SPDL,17,26,647,100.0,64700.0
2020-02-19,2020021901007186,SPDL,44,26,2000,100.0,200000.0
2020-02-19,2020021901007185,SPDL,28,26,500,100.0,50000.0
2020-02-19,2020021901007184,SPDL,8,26,161,100.0,16100.0
2020-02-19,2020021901007183,SPDL,51,26,875,100.0,87500.0
2020-02-19,2020021901007182,SPDL,13,26,51,101.0,5151.0
2020-02-19,2020021901007305,SWBBL,22,56,20,1340.0,26800.0
2020-02-19,2020021901007304,SWBBL,29,56,100,1340.0,134000.0
2020-02-19,2020021901007150,SWBBL,6,44,130,1350.0,175500.0
2020-02-19,2020021901007149,SWBBL,53,44,10,1351.0,13510.0
2020-02-19,2020021901007148,SWBBL,14,44,46,1352.0,62192.0
2020-02-19,2020021901007151,TMDBL,16,22,15,194.0,2910.0
2020-02-19,2020021901007236,TRH,3,36,170,304.0,51680.0
2020-02-19,2020021901007530,UIC,58,49,200,441.0,88200.0
2020-02-19,2020021901007529,UIC,25,49,100,441.0,44100.0
2020-02-19,2020021901007528,UIC,45,49,200,441.0,88200.0
2020-02-19,2020021901007228,UIC,52,5,150,442.0,66300.0
2020-02-19,2020021901007206,UIC,20,5,20,444.0,8880.0
2020-02-19,2020021901007095,UMHL,59,58,14,115.0,1610.0
2020-02-19,2020021901007490,UPPER,11,45,50,240.0,12000.0
2020-02-19,2020021901007351,UPPER,29,11,1000,240.0,240000.0
2020-02-19,2020021901007350,UPPER,29,7,40,240.0,9600.0
2020-02-19,2020021901007349,UPPER,29,21,40,240.0,9600.0
2020-02-19,2020021901007348,UPPER,29,21,30,240.0,7200.0
2020-02-19,2020021901007152,UPPER,28,50,40,239.0,9560.0
2020-02-19,2020021901007123,UPPER,28,8,332,239.0,79348.0
2020-02-19,2020021901007122,UPPER,44,8,100,239.0,23900.0
2020-02-19,2020021901007121,UPPER,19,8,68,239.0,16252.0
2020-02-19,2020021901007277,UPPER,28,50,40,239.0,9560.0
2020-02-19,2020021901007226,UPPER,28,51,40,239.0,9560.0
2020-02-19,2020021901007341,UPPER,29,38,50,240.0,12000.0
2020-02-19,2020021901007340,UPPER,29,41,50,240.0,12000.0
2020-02-19,2020021901007339,UPPER,29,41,283,240.0,67920.0
2020-02-19,2020021901007338,UPPER,29,8,40,240.0,9600.0
2020-02-19,2020021901007337,UPPER,29,57,57,240.0,13680.0
2020-02-19,2020021901007347,UPPER,29,7,50,240.0,12000.0
2020-02-19,2020021901007346,UPPER,29,34,40,240.0,9600.0
2020-02-19,2020021901007345,UPPER,29,47,50,240.0,12000.0
2020-02-19,2020021901007344,UPPER,29,38,50,240.0,12000.0
2020-02-19,2020021901007343,UPPER,29,38,50,240.0,12000.0
2020-02-19,2020021901007342,UPPER,29,41,40,240.0,9600.0
2020-02-19,2020021901007503,VLBS,34,34,100,1167.0,116700.0
2020-02-19,2020021901007502,VLBS,34,46,128,1167.0,149376.0
2020-02-19,2020021901007501,VLBS,34,4,100,1165.0,116500.0
2020-02-19,2020021901007500,VLBS,34,42,120,1162.0,139440.0
2020-02-19,2020021901007499,VLBS,34,7,100,1162.0,116200.0
2020-02-19,2020021901007498,VLBS,34,52,30,1162.0,34860.0
2020-02-19,2020021901007497,VLBS,34,35,100,1161.0,116100.0
2020-02-19,2020021901007496,VLBS,34,49,13,1161.0,15093.0
2020-02-19,2020021901007495,VLBS,34,41,300,1159.0,347700.0
2020-02-19,2020021901007101,WOMI,25,58,13,1125.0,14625.0
2020-02-19,2020021901007100,WOMI,10,58,60,1126.0,67560.0
2020-02-19,2020021901011957,AKJCL,34,17,10,56.0,560.0
2020-02-19,2020021901011811,AKJCL,55,56,500,57.0,28500.0
2020-02-19,2020021901011560,ALBSL,53,1,60,844.0,50640.0
2020-02-19,2020021901012029,ALICL,33,40,100,630.0,63000.0
2020-02-19,2020021901012028,ALICL,33,58,200,629.0,125800.0
2020-02-19,2020021901012039,API,34,17,30,136.0,4080.0
2020-02-19,2020021901011944,API,34,40,761,136.0,103496.0
2020-02-19,2020021901011935,API,11,40,100,137.0,13700.0
2020-02-19,2020021901011934,API,1,40,626,137.0,85762.0
2020-02-19,2020021901011836,BNT,44,55,10,7454.0,74540.0
2020-02-19,2020021901011700,BNT,37,29,10,7308.0,73080.0
2020-02-19,2020021901011684,BNT,37,16,10,7300.0,73000.0
2020-02-19,2020021901011687,BOKL,19,39,500,237.0,118500.0
2020-02-19,2020021901011996,BPCL,1,11,50,361.0,18050.0
2020-02-19,2020021901011933,CBBL,56,29,50,1140.0,57000.0
2020-02-19,2020021901011932,CBBL,56,25,50,1140.0,57000.0
2020-02-19,2020021901012032,CBL,14,8,38,152.0,5776.0
2020-02-19,2020021901011889,CBL,33,8,1000,152.0,152000.0
2020-02-19,2020021901011723,CBL,39,33,6089,152.0,925528.0
2020-02-19,2020021901011668,CBL,47,17,635,151.0,95885.0
2020-02-19,2020021901011667,CBL,52,17,108,151.0,16308.0
2020-02-19,2020021901011666,CBL,43,17,50,151.0,7550.0
2020-02-19,2020021901011645,CBL,39,33,5402,152.0,821104.0
2020-02-19,2020021901011644,CBL,36,33,1000,152.0,152000.0
2020-02-19,2020021901011643,CBL,16,33,1000,152.0,152000.0
2020-02-19,2020021901011642,CBL,7,33,1500,152.0,228000.0
2020-02-19,2020021901011641,CBL,39,33,309,152.0,46968.0
2020-02-19,2020021901011651,CBL,16,33,200,152.0,30400.0
2020-02-19,2020021901011650,CBL,33,33,500,152.0,76000.0
2020-02-19,2020021901011649,CBL,36,33,500,152.0,76000.0
2020-02-19,2020021901011648,CBL,35,33,2000,152.0,304000.0
2020-02-19,2020021901011647,CBL,49,33,500,152.0,76000.0
2020-02-19,2020021901011646,CBL,34,33,1000,152.0,152000.0
2020-02-19,2020021901011695,CCBL,44,44,23,185.0,4255.0
2020-02-19,2020021901011678,CCBL,44,17,100,185.0,18500.0
2020-02-19,2020021901011593,CCBL,44,18,75,185.0,13875.0
2020-02-19,2020021901011982,CIT,49,55,93,2750.0,255750.0
2020-02-19,2020021901011981,CIT,49,45,300,2750.0,825000.0
2020-02-19,2020021901011980,CIT,49,36,10,2750.0,27500.0
2020-02-19,2020021901011979,CIT,49,58,10,2750.0,27500.0
2020-02-19,2020021901011978,CIT,49,46,10,2750.0,27500.0
2020-02-19,2020021901011977,CIT,49,41,100,2750.0,275000.0
2020-02-19,2020021901011970,CIT,49,44,150,2748.0,412200.0
2020-02-19,2020021901011969,CIT,49,51,20,2745.0,54900.0
2020-02-19,2020021901011968,CIT,49,7,144,2745.0,395280.0
2020-02-19,2020021901011976,CIT,49,44,35,2750.0,96250.0
2020-02-19,2020021901011975,CIT,49,43,148,2750.0,407000.0
2020-02-19,2020021901011974,CIT,49,28,315,2750.0,866250.0
2020-02-19,2020021901011973,CIT,49,28,325,2750.0,893750.0
2020-02-19,2020021901011972,CIT,49,7,200,2749.0,549800.0
2020-02-19,2020021901011971,CIT,49,51,100,2748.0,274800.0
2020-02-19,2020021901011895,CZBIL,32,17,10,197.0,1970.0
2020-02-19,2020021901011852,CZBIL,32,18,10,197.0,1970.0
2020-02-19,2020021901011618,CZBIL,32,18,10,197.0,1970.0
2020-02-19,2020021901011925,DDBL,29,16,50,910.0,45500.0
2020-02-19,2020021901011556,DDBL,45,58,30,909.0,27270.0
2020-02-19,2020021901011555,DDBL,22,58,300,909.0,272700.0
2020-02-19,2020021901011705,DHPL,14,42,100,54.0,5400.0
2020-02-19,2020021901011704,DHPL,14,42,80,54.0,4320.0
2020-02-19,2020021901011559,EIC,22,16,50,445.0,22250.0
2020-02-19,2020021901012047,FMDBL,51,42,42,502.0,21084.0
2020-02-19,2020021901012036,FMDBL,56,44,258,502.0,129516.0
2020-02-19,2020021901012025,FMDBL,51,44,42,502.0,21084.0
2020-02-19,2020021901011820,FMDBL,51,5,58,502.0,29116.0
2020-02-19,2020021901011819,FMDBL,51,33,100,502.0,50200.0
2020-02-19,2020021901011783,FMDBL,58,5,185,500.0,92500.0
2020-02-19,2020021901011697,FMDBL,58,17,238,500.0,119000.0
2020-02-19,2020021901011696,FMDBL,41,17,110,501.0,55110.0
2020-02-19,2020021901011807,GBBL,14,22,232,245.0,56840.0
2020-02-19,2020021901011732,GBBL,4,17,474,244.0,115656.0
2020-02-19,2020021901011731,GBBL,42,17,50,245.0,12250.0
2020-02-19,2020021901011730,GBBL,44,17,50,245.0,12250.0
2020-02-19,2020021901011729,GBBL,48,17,50,245.0,12250.0
2020-02-19,2020021901011728,GBBL,4,17,100,245.0,24500.0
2020-02-19,2020021901011727,GBBL,14,17,100,245.0,24500.0
2020-02-19,2020021901011726,GBBL,50,17,200,245.0,49000.0
2020-02-19,2020021901011725,GBBL,43,17,100,245.0,24500.0
2020-02-19,2020021901011724,GBBL,44,17,124,245.0,30380.0
2020-02-19,2020021901011888,GBIME,22,38,100,283.0,28300.0
2020-02-19,2020021901011887,GBIME,19,38,100,283.0,28300.0
2020-02-19,2020021901011886,GBIME,38,38,200,283.0,56600.0
2020-02-19,2020021901011885,GBIME,5,38,170,283.0,48110.0
2020-02-19,2020021901011884,GBIME,4,38,50,283.0,14150.0
2020-02-19,2020021901011883,GBIME,42,38,500,283.0,141500.0
2020-02-19,2020021901011791,GBIME,4,43,1213,284.0,344492.0
2020-02-19,2020021901011733,GBIME,4,26,400,284.0,113600.0
2020-02-19,2020021901011864,GBIME,32,38,200,283.0,56600.0
2020-02-19,2020021901011863,GBIME,38,38,100,283.0,28300.0
2020-02-19,2020021901011862,GBIME,26,38,1000,283.0,283000.0
2020-02-19,2020021901011861,GBIME,57,38,500,283.0,141500.0
2020-02-19,2020021901011860,GBIME,1,38,200,283.0,56600.0
2020-02-19,2020021901011859,GBIME,8,38,384,283.0,108672.0
2020-02-19,2020021901011882,GBIME,25,38,484,283.0,136972.0
2020-02-19,2020021901011869,GBIME,42,43,300,284.0,85200.0
2020-02-19,2020021901011868,GBIME,25,38,16,283.0,4528.0
2020-02-19,2020021901011867,GBIME,17,38,50,283.0,14150.0
2020-02-19,2020021901011866,GBIME,11,38,50,283.0,14150.0
2020-02-19,2020021901011865,GBIME,22,38,500,283.0,141500.0
2020-02-19,2020021901011951,GBLBS,33,47,25,530.0,13250.0
2020-02-19,2020021901011950,GBLBS,33,44,15,530.0,7950.0
2020-02-19,2020021901011949,GBLBS,33,33,200,530.0,106000.0
2020-02-19,2020021901011948,GBLBS,33,56,30,530.0,15900.0
2020-02-19,2020021901011947,GBLBS,33,41,515,530.0,272950.0
2020-02-19,2020021901011946,GBLBS,33,36,15,530.0,7950.0
2020-02-19,2020021901011554,GBLBS,45,21,15,526.0,7890.0
2020-02-19,2020021901011777,GBLBS,35,39,345,529.0,182505.0
2020-02-19,2020021901011741,GBLBS,5,39,500,528.0,264000.0
2020-02-19,2020021901011737,GBLBS,5,39,500,528.0,264000.0
2020-02-19,2020021901011721,GBLBS,5,34,765,527.0,403155.0
2020-02-19,2020021901011653,GBLBS,43,34,235,527.0,123845.0
2020-02-19,2020021901011652,GBLBS,43,53,15,527.0,7905.0
2020-02-19,2020021901011945,GBLBS,33,49,200,530.0,106000.0
2020-02-19,2020021901011909,GBLBS,5,42,295,529.0,156055.0
2020-02-19,2020021901011893,GBLBS,59,56,100,528.0,52800.0
2020-02-19,2020021901011850,GBLBS,59,5,300,528.0,158400.0
2020-02-19,2020021901011840,GBLBS,22,42,500,529.0,264500.0
2020-02-19,2020021901011778,GBLBS,35,42,655,529.0,346495.0
2020-02-19,2020021901011898,GLBSL,21,44,10,810.0,8100.0
2020-02-19,2020021901011897,GLBSL,21,44,10,810.0,8100.0
2020-02-19,2020021901011896,GLBSL,21,44,10,810.0,8100.0
2020-02-19,2020021901011573,GLBSL,42,14,70,807.0,56490.0
2020-02-19,2020021901011670,GLICL,44,46,400,807.0,322800.0
2020-02-19,2020021901011669,GLICL,6,46,100,810.0,81000.0
2020-02-19,2020021901011603,GLICL,6,59,100,810.0,81000.0
2020-02-19,2020021901011841,HBL,17,11,50,575.0,28750.0
2020-02-19,2020021901011702,HBL,17,39,127,575.0,73025.0
2020-02-19,2020021901011701,HBL,49,39,29,575.0,16675.0
2020-02-19,2020021901012004,HDL,58,4,248,1549.0,384152.0
2020-02-19,2020021901012003,HDL,25,4,40,1550.0,62000.0
2020-02-19,2020021901012002,HDL,28,4,12,1550.0,18600.0
2020-02-19,2020021901011995,HDL,28,44,100,1560.0,156000.0
2020-02-19,2020021901011942,HDL,48,3,13,1557.0,20241.0
2020-02-19,2020021901011880,HDL,39,46,130,1570.0,204100.0
2020-02-19,2020021901011596,HDL,33,53,20,1522.0,30440.0
2020-02-19,2020021901011595,HDL,33,45,50,1522.0,76100.0
2020-02-19,2020021901011594,HDL,34,16,75,1520.0,114000.0
2020-02-19,2020021901011572,HDL,42,50,50,1520.0,76000.0
2020-02-19,2020021901011571,HDL,42,45,100,1519.0,151900.0
2020-02-19,2020021901011570,HDL,42,49,50,1519.0,75950.0
2020-02-19,2020021901011605,HDL,56,34,90,1525.0,137250.0
2020-02-19,2020021901011601,HDL,56,28,10,1525.0,15250.0
2020-02-19,2020021901011600,HDL,56,42,100,1525.0,152500.0
2020-02-19,2020021901011599,HDL,33,44,1000,1524.0,1524000.0
2020-02-19,2020021901011598,HDL,33,14,100,1524.0,152400.0
2020-02-19,2020021901011597,HDL,33,58,800,1523.0,1218400.0
2020-02-19,2020021901011637,HDL,28,1,35,1528.0,53480.0
2020-02-19,2020021901011619,HDL,4,1,75,1528.0,114600.0
2020-02-19,2020021901011614,HDL,6,1,90,1528.0,137520.0
2020-02-19,2020021901011613,HDL,6,25,100,1528.0,152800.0
2020-02-19,2020021901011608,HDL,58,46,300,1527.0,458100.0
2020-02-19,2020021901011606,HDL,6,34,10,1525.0,15250.0
2020-02-19,2020021901011677,HDL,3,50,30,1530.0,45900.0
2020-02-19,2020021901011658,HDL,19,55,100,1531.0,153100.0
2020-02-19,2020021901011654,HDL,40,45,35,1527.0,53445.0
2020-02-19,2020021901011640,HDL,48,45,100,1528.0,152800.0
2020-02-19,2020021901011639,HDL,28,45,65,1528.0,99320.0
2020-02-19,2020021901011638,HDL,19,25,100,1530.0,153000.0
2020-02-19,2020021901011686,HDL,55,45,80,1530.0,122400.0
2020-02-19,2020021901011685,HDL,55,50,120,1530.0,183600.0
2020-02-19,2020021901011683,HDL,40,50,300,1530.0,459000.0
2020-02-19,2020021901011682,HDL,28,50,300,1530.0,459000.0
2020-02-19,2020021901011681,HDL,56,50,50,1530.0,76500.0
2020-02-19,2020021901011679,HDL,33,50,200,1530.0,306000.0
2020-02-19,2020021901011715,HDL,39,36,50,1540.0,77000.0
2020-02-19,2020021901011709,HDL,28,36,230,1540.0,354200.0
2020-02-19,2020021901011694,HDL,28,1,170,1538.0,261460.0
2020-02-19,2020021901011692,HDL,58,45,200,1531.0,306200.0
2020-02-19,2020021901011690,HDL,58,10,50,1531.0,76550.0
2020-02-19,2020021901011689,HDL,58,45,20,1530.0,30600.0
2020-02-19,2020021901011739,HDL,5,50,300,1549.0,464700.0
2020-02-19,2020021901011738,HDL,42,57,20,1545.0,30900.0
2020-02-19,2020021901011735,HDL,42,1,100,1545.0,154500.0
2020-02-19,2020021901011734,HDL,42,34,30,1545.0,46350.0
2020-02-19,2020021901011719,HDL,58,33,200,1540.0,308000.0
2020-02-19,2020021901011718,HDL,58,36,220,1540.0,338800.0
2020-02-19,2020021901011790,HDL,28,46,200,1568.0,313600.0
2020-02-19,2020021901011775,HDL,56,14,100,1557.0,155700.0
2020-02-19,2020021901011766,HDL,28,39,128,1550.0,198400.0
2020-02-19,2020021901011765,HDL,14,39,12,1550.0,18600.0
2020-02-19,2020021901011743,HDL,58,50,700,1549.0,1084300.0
2020-02-19,2020021901011742,HDL,42,6,36,1545.0,55620.0
2020-02-19,2020021901011824,HDL,28,47,140,1570.0,219800.0
2020-02-19,2020021901011823,HDL,28,25,60,1570.0,94200.0
2020-02-19,2020021901011814,HDL,40,48,37,1568.0,58016.0
2020-02-19,2020021901011813,HDL,5,48,100,1569.0,156900.0
2020-02-19,2020021901011812,HDL,5,48,200,1569.0,313800.0
2020-02-19,2020021901011806,HDL,51,46,100,1568.0,156800.0
2020-02-19,2020021901011879,HDL,39,50,10,1570.0,15700.0
2020-02-19,2020021901011878,HDL,39,47,360,1570.0,565200.0
2020-02-19,2020021901011851,HDL,8,19,37,1557.0,57609.0
2020-02-19,2020021901011839,HDL,22,19,100,1557.0,155700.0
2020-02-19,2020021901011838,HDL,40,19,63,1568.0,98784.0
2020-02-19,2020021901011830,HDL,40,48,200,1568.0,313600.0
2020-02-19,2020021901011876,HGI,54,50,100,442.0,44200.0
2020-02-19,2020021901011875,HGI,54,34,50,442.0,22100.0
2020-02-19,2020021901011589,HPPL,42,21,170,152.0,25840.0
2020-02-19,2020021901011588,HPPL,49,21,50,153.0,7650.0
2020-02-19,2020021901011587,HPPL,39,21,40,153.0,6120.0
2020-02-19,2020021901011586,HPPL,49,21,30,154.0,4620.0
2020-02-19,2020021901012043,HURJA,16,29,10,110.0,1100.0
2020-02-19,2020021901012042,HURJA,16,46,20,110.0,2200.0
2020-02-19,2020021901011894,ILBS,36,35,10,940.0,9400.0
2020-02-19,2020021901011800,ILBS,55,53,10,940.0,9400.0
2020-02-19,2020021901011799,ILBS,55,58,10,940.0,9400.0
2020-02-19,2020021901011659,ILBS,5,18,10,935.0,9350.0
2020-02-19,2020021901011816,JFL,43,17,480,176.0,84480.0
2020-02-19,2020021901011815,JFL,34,17,20,176.0,3520.0
2020-02-19,2020021901011937,KBL,57,22,300,196.0,58800.0
2020-02-19,2020021901011922,KBL,38,25,66,195.0,12870.0
2020-02-19,2020021901011921,KBL,26,25,200,195.0,39000.0
2020-02-19,2020021901011905,KBL,14,22,100,196.0,19600.0
2020-02-19,2020021901011924,KPCL,59,17,10,104.0,1040.0
2020-02-19,2020021901011907,KSBBL,32,14,100,172.0,17200.0
2020-02-19,2020021901011829,KSBBL,32,1,217,172.0,37324.0
2020-02-19,2020021901011710,KSBBL,32,51,50,172.0,8600.0
2020-02-19,2020021901011912,LBL,14,43,364,229.0,83356.0
2020-02-19,2020021901011911,LBL,58,43,100,229.0,22900.0
2020-02-19,2020021901011910,LBL,16,43,185,229.0,42365.0
2020-02-19,2020021901011872,LGIL,44,43,500,532.0,266000.0
2020-02-19,2020021901011871,LGIL,44,29,100,532.0,53200.0
2020-02-19,2020021901011774,LGIL,39,29,400,532.0,212800.0
2020-02-19,2020021901011773,LGIL,39,41,100,531.0,53100.0
2020-02-19,2020021901011772,LGIL,39,38,500,531.0,265500.0
2020-02-19,2020021901011771,LGIL,39,43,1000,530.0,530000.0
2020-02-19,2020021901011938,MEGA,32,25,101,211.0,21311.0
2020-02-19,2020021901011788,MEGA,58,53,2469,212.0,523428.0
2020-02-19,2020021901011782,MEGA,58,45,170,212.0,36040.0
2020-02-19,2020021901011691,MEGA,58,36,398,212.0,84376.0
2020-02-19,2020021901012041,MERO,22,39,100,690.0,69000.0
2020-02-19,2020021901012040,MERO,22,26,66,690.0,45540.0
2020-02-19,2020021901011994,MERO,22,26,34,690.0,23460.0
2020-02-19,2020021901011952,MERO,40,26,200,690.0,138000.0
2020-02-19,2020021901011941,MERO,14,21,42,688.0,28896.0
2020-02-19,2020021901011736,MFIL,50,6,200,195.0,39000.0
2020-02-19,2020021901012006,MLBL,29,45,19,222.0,4218.0
2020-02-19,2020021901012005,MLBL,4,45,429,222.0,95238.0
2020-02-19,2020021901011943,MLBL,10,10,4,220.0,880.0
2020-02-19,2020021901011822,MNBBL,42,42,24,330.0,7920.0
2020-02-19,2020021901011821,MNBBL,32,42,976,330.0,322080.0
2020-02-19,2020021901011576,MNBBL,32,57,1024,330.0,337920.0
2020-02-19,2020021901011575,MNBBL,48,57,378,330.0,124740.0
2020-02-19,2020021901011997,NADEP,41,21,10,776.0,7760.0
2020-02-19,2020021901011842,NADEP,5,21,23,776.0,17848.0
2020-02-19,2020021901011837,NADEP,5,33,23,776.0,17848.0
2020-02-19,2020021901011616,NADEP,42,21,20,777.0,15540.0
2020-02-19,2020021901011955,NBB,17,42,300,211.0,63300.0
2020-02-19,2020021901011954,NBB,56,42,1500,211.0,316500.0
2020-02-19,2020021901011953,NBB,58,42,1990,211.0,419890.0
2020-02-19,2020021901011620,NBB,58,42,275,211.0,58025.0
2020-02-19,2020021901011855,NBL,56,38,342,271.0,92682.0
2020-02-19,2020021901011854,NBL,28,38,158,271.0,42818.0
2020-02-19,2020021901011856,NCCB,42,26,500,195.0,97500.0
2020-02-19,2020021901011787,NHDL,55,21,145,141.0,20445.0
2020-02-19,2020021901011786,NHDL,55,57,10,141.0,1410.0
2020-02-19,2020021901011785,NHDL,55,56,345,141.0,48645.0
2020-02-19,2020021901011602,NHPC,56,36,20,59.0,1180.0
2020-02-19,2020021901012026,NIB,57,21,44,385.0,16940.0
2020-02-19,2020021901011926,NIB,1,33,25,386.0,9650.0
2020-02-19,2020021901011781,NIB,11,33,150,386.0,57900.0
2020-02-19,2020021901011617,NIB,8,39,194,385.0,74690.0
2020-02-19,2020021901011740,NIBPO,34,35,328,338.0,110864.0
2020-02-19,2020021901011574,NIBPO,34,35,172,338.0,58136.0
2020-02-19,2020021901011960,NICA,41,28,939,547.0,513633.0
2020-02-19,2020021901011959,NICA,41,28,2561,547.0,1400867.0
2020-02-19,2020021901011930,NICA,51,38,50,546.0,27300.0
2020-02-19,2020021901011929,NICA,6,38,20,546.0,10920.0
2020-02-19,2020021901011928,NICA,14,38,1005,546.0,548730.0
2020-02-19,2020021901011927,NICA,50,38,81,546.0,44226.0
2020-02-19,2020021901011708,NICA,51,28,50,547.0,27350.0
2020-02-19,2020021901011609,NICA,11,28,300,547.0,164100.0
2020-02-19,2020021901011584,NICL,44,4,500,465.0,232500.0
2020-02-19,2020021901011604,NIL,10,16,324,607.0,196668.0
2020-02-19,2020021901011874,NLG,54,21,56,722.0,40432.0
2020-02-19,2020021901011789,NLIC,50,28,60,1188.0,71280.0
2020-02-19,2020021901011636,NLICL,44,36,294,691.0,203154.0
2020-02-19,2020021901011635,NLICL,49,36,100,691.0,69100.0
2020-02-19,2020021901011634,NLICL,58,36,10,691.0,6910.0
2020-02-19,2020021901011633,NLICL,41,36,10,692.0,6920.0
2020-02-19,2020021901011632,NLICL,35,36,342,692.0,236664.0
2020-02-19,2020021901011631,NLICL,19,36,25,692.0,17300.0
2020-02-19,2020021901011624,NLICL,37,36,219,694.0,151986.0
2020-02-19,2020021901011623,NLICL,49,36,100,695.0,69500.0
2020-02-19,2020021901011622,NLICL,55,36,300,695.0,208500.0
2020-02-19,2020021901011621,NLICL,42,36,400,696.0,278400.0
2020-02-19,2020021901011630,NLICL,52,36,200,693.0,138600.0
2020-02-19,2020021901011629,NLICL,44,36,100,693.0,69300.0
2020-02-19,2020021901011628,NLICL,16,36,100,693.0,69300.0
2020-02-19,2020021901011627,NLICL,57,36,200,694.0,138800.0
2020-02-19,2020021901011626,NLICL,8,36,500,694.0,347000.0
2020-02-19,2020021901011625,NLICL,35,36,100,694.0,69400.0
2020-02-19,2020021901011958,NTC,51,11,150,620.0,93000.0
2020-02-19,2020021901011680,NTC,58,11,100,620.0,62000.0
2020-02-19,2020021901011835,PCBL,29,18,172,285.0,49020.0
2020-02-19,2020021901011834,PCBL,33,18,400,285.0,114000.0
2020-02-19,2020021901011833,PCBL,45,18,1000,285.0,285000.0
2020-02-19,2020021901011832,PCBL,13,18,748,285.0,213180.0
2020-02-19,2020021901011722,PCBL,13,39,100,285.0,28500.0
2020-02-19,2020021901011675,PCBL,13,19,152,285.0,43320.0
2020-02-19,2020021901011562,PCBL,7,21,500,286.0,143000.0
2020-02-19,2020021901011561,PCBL,36,21,180,286.0,51480.0
2020-02-19,2020021901011674,PCBL,4,19,100,285.0,28500.0
2020-02-19,2020021901011673,PCBL,55,19,100,285.0,28500.0
2020-02-19,2020021901011672,PCBL,8,19,30,285.0,8550.0
2020-02-19,2020021901011671,PCBL,48,19,13,285.0,3705.0
2020-02-19,2020021901011615,PCBL,48,44,87,285.0,24795.0
2020-02-19,2020021901011580,PCBL,45,16,100,287.0,28700.0
2020-02-19,2020021901012024,PIC,22,25,190,648.0,123120.0
2020-02-19,2020021901011906,PIC,50,25,100,648.0,64800.0
2020-02-19,2020021901011745,PIC,56,25,10,648.0,6480.0
2020-02-19,2020021901011873,PICL,36,5,93,524.0,48732.0
2020-02-19,2020021901011798,PICL,1,16,300,517.0,155100.0
2020-02-19,2020021901011797,PICL,51,16,200,518.0,103600.0
2020-02-19,2020021901011825,PLIC,57,46,11,614.0,6754.0
2020-02-19,2020021901011591,PLIC,16,36,13,613.0,7969.0
2020-02-19,2020021901011956,PRVU,58,25,116,250.0,29000.0
2020-02-19,2020021901011611,PRVU,59,58,253,251.0,63503.0
2020-02-19,2020021901011610,PRVU,59,26,247,251.0,61997.0
2020-02-19,2020021901011853,RBCL,18,45,40,11000.0,440000.0
2020-02-19,2020021901011908,RHPC,34,17,18,88.0,1584.0
2020-02-19,2020021901011998,RHPL,49,17,20,166.0,3320.0
2020-02-19,2020021901011796,RHPL,49,18,10,166.0,1660.0
2020-02-19,2020021901011714,RHPL,42,21,1900,167.0,317300.0
2020-02-19,2020021901011713,RHPL,17,21,400,167.0,66800.0
2020-02-19,2020021901011712,RHPL,3,21,500,167.0,83500.0
2020-02-19,2020021901011711,RHPL,34,21,410,167.0,68470.0
2020-02-19,2020021901011698,RHPL,34,18,30,167.0,5010.0
2020-02-19,2020021901011809,RLFL,38,43,100,139.0,13900.0
2020-02-19,2020021901011962,RMDC,56,34,50,775.0,38750.0
2020-02-19,2020021901011961,RMDC,56,59,50,774.0,38700.0
2020-02-19,2020021901011792,RSDC,19,38,10,505.0,5050.0
2020-02-19,2020021901011568,RSDC,38,38,34,505.0,17170.0
2020-02-19,2020021901011567,RSDC,38,58,100,505.0,50500.0
2020-02-19,2020021901011566,RSDC,38,33,556,505.0,280780.0
2020-02-19,2020021901011565,RSDC,38,35,50,505.0,25250.0
2020-02-19,2020021901011564,RSDC,38,57,70,505.0,35350.0
2020-02-19,2020021901011563,RSDC,38,33,16,504.0,8064.0
2020-02-19,2020021901011558,SBI,44,6,29,426.0,12354.0
2020-02-19,2020021901011768,SBL,4,17,369,322.0,118818.0
2020-02-19,2020021901011767,SBL,35,17,31,323.0,10013.0
2020-02-19,2020021901011657,SBL,35,39,500,323.0,161500.0
2020-02-19,2020021901011744,SCB,6,34,119,650.0,77350.0
2020-02-19,2020021901011583,SCB,16,34,109,652.0,71068.0
2020-02-19,2020021901011582,SCB,16,38,50,652.0,32600.0
2020-02-19,2020021901011581,SCB,16,1,21,651.0,13671.0
2020-02-19,2020021901012030,SDESI,29,46,13,965.0,12545.0
2020-02-19,2020021901011770,SHINE,57,50,20,298.0,5960.0
2020-02-19,2020021901011612,SHINE,16,10,50,298.0,14900.0
2020-02-19,2020021901012053,SHIVM,6,46,124,637.0,78988.0
2020-02-19,2020021901012052,SHIVM,6,44,100,637.0,63700.0
2020-02-19,2020021901012051,SHIVM,6,58,50,637.0,31850.0
2020-02-19,2020021901012050,SHIVM,6,34,200,637.0,127400.0
2020-02-19,2020021901012049,SHIVM,6,53,1000,637.0,637000.0
2020-02-19,2020021901012048,SHIVM,6,35,50,637.0,31850.0
2020-02-19,2020021901011607,SHIVM,25,44,50,633.0,31650.0
2020-02-19,2020021901011802,SHIVM,41,16,200,633.0,126600.0
2020-02-19,2020021901011801,SHIVM,41,44,450,633.0,284850.0
2020-02-19,2020021901011784,SHIVM,41,44,100,633.0,63300.0
2020-02-19,2020021901011699,SHIVM,45,34,300,632.0,189600.0
2020-02-19,2020021901011656,SHIVM,45,45,25,632.0,15800.0
2020-02-19,2020021901011655,SHIVM,45,58,15,631.0,9465.0
2020-02-19,2020021901011826,SHIVM,41,19,100,633.0,63300.0
2020-02-19,2020021901011818,SHIVM,25,28,200,634.0,126800.0
2020-02-19,2020021901011817,SHIVM,25,42,100,634.0,63400.0
2020-02-19,2020021901011805,SHIVM,41,44,300,633.0,189900.0
2020-02-19,2020021901011804,SHIVM,41,35,50,633.0,31650.0
2020-02-19,2020021901011803,SHIVM,41,42,350,633.0,221550.0
2020-02-19,2020021901011902,SHIVM,59,42,1000,634.0,634000.0
2020-02-19,2020021901011901,SHIVM,59,22,300,634.0,190200.0
2020-02-19,2020021901011900,SHIVM,59,22,300,634.0,190200.0
2020-02-19,2020021901011899,SHIVM,59,28,100,634.0,63400.0
2020-02-19,2020021901011881,SHIVM,41,28,500,634.0,317000.0
2020-02-19,2020021901011831,SHIVM,16,28,200,634.0,126800.0
2020-02-19,2020021901011939,SHIVM,41,8,15,635.0,9525.0
2020-02-19,2020021901011936,SHIVM,42,8,100,635.0,63500.0
2020-02-19,2020021901011923,SHIVM,25,8,75,635.0,47625.0
2020-02-19,2020021901011904,SHIVM,59,48,100,634.0,63400.0
2020-02-19,2020021901011903,SHIVM,59,14,500,634.0,317000.0
2020-02-19,2020021901011983,SHIVM,41,45,410,635.0,260350.0
2020-02-19,2020021901011967,SHIVM,49,45,70,635.0,44450.0
2020-02-19,2020021901011966,SHIVM,49,42,20,635.0,12700.0
2020-02-19,2020021901011965,SHIVM,49,10,200,635.0,127000.0
2020-02-19,2020021901011964,SHIVM,49,42,210,635.0,133350.0
2020-02-19,2020021901011940,SHIVM,41,42,485,635.0,307975.0
2020-02-19,2020021901011989,SHIVM,41,52,70,635.0,44450.0
2020-02-19,2020021901011988,SHIVM,41,41,50,635.0,31750.0
2020-02-19,2020021901011987,SHIVM,41,48,100,635.0,63500.0
2020-02-19,2020021901011986,SHIVM,41,11,50,635.0,31750.0
2020-02-19,2020021901011985,SHIVM,41,44,200,635.0,127000.0
2020-02-19,2020021901011984,SHIVM,41,19,100,635.0,63500.0
2020-02-19,2020021901012000,SHIVM,51,42,50,635.0,31750.0
2020-02-19,2020021901011999,SHIVM,51,36,200,635.0,127000.0
2020-02-19,2020021901011993,SHIVM,41,42,50,635.0,31750.0
2020-02-19,2020021901011992,SHIVM,41,6,20,635.0,12700.0
2020-02-19,2020021901011991,SHIVM,41,52,30,635.0,19050.0
2020-02-19,2020021901011990,SHIVM,41,35,400,635.0,254000.0
2020-02-19,2020021901012011,SHIVM,5,43,800,635.0,508000.0
2020-02-19,2020021901012010,SHIVM,46,43,200,635.0,127000.0
2020-02-19,2020021901012009,SHIVM,46,39,50,635.0,31750.0
2020-02-19,2020021901012008,SHIVM,46,25,500,635.0,317500.0
2020-02-19,2020021901012007,SHIVM,46,45,250,635.0,158750.0
2020-02-19,2020021901012001,SHIVM,51,45,250,635.0,158750.0
2020-02-19,2020021901012027,SHIVM,21,58,200,636.0,127200.0
2020-02-19,2020021901012016,SHIVM,5,57,50,635.0,31750.0
2020-02-19,2020021901012015,SHIVM,5,38,100,635.0,63500.0
2020-02-19,2020021901012014,SHIVM,5,59,300,635.0,190500.0
2020-02-19,2020021901012013,SHIVM,5,29,500,635.0,317500.0
2020-02-19,2020021901012012,SHIVM,5,57,170,635.0,107950.0
2020-02-19,2020021901012046,SHIVM,25,28,89,636.0,56604.0
2020-02-19,2020021901012045,SHIVM,41,28,911,636.0,579396.0
2020-02-19,2020021901012044,SHIVM,41,58,89,636.0,56604.0
2020-02-19,2020021901012037,SHIVM,25,58,500,636.0,318000.0
2020-02-19,2020021901012034,SHIVM,39,58,10,636.0,6360.0
2020-02-19,2020021901012033,SHIVM,41,58,201,636.0,127836.0
2020-02-19,2020021901011716,SHL,5,56,200,192.0,38400.0
2020-02-19,2020021901012031,SHPC,48,33,100,232.0,23200.0
2020-02-19,2020021901011688,SIC,54,29,53,782.0,41446.0
2020-02-19,2020021901011769,SICL,45,45,90,1230.0,110700.0
2020-02-19,2020021901011585,SICL,51,45,10,1230.0,12300.0
2020-02-19,2020021901012035,SJCL,37,21,1920,155.0,297600.0
2020-02-19,2020021901011764,SJCL,25,21,50,155.0,7750.0
2020-02-19,2020021901011763,SJCL,1,21,300,155.0,46500.0
2020-02-19,2020021901011579,SJCL,22,20,10,156.0,1560.0
2020-02-19,2020021901011750,SJCL,47,21,50,156.0,7800.0
2020-02-19,2020021901011749,SJCL,50,21,200,156.0,31200.0
2020-02-19,2020021901011748,SJCL,22,21,840,156.0,131040.0
2020-02-19,2020021901011747,SJCL,47,21,40,156.0,6240.0
2020-02-19,2020021901011720,SJCL,22,18,20,156.0,3120.0
2020-02-19,2020021901011756,SJCL,1,21,50,155.0,7750.0
2020-02-19,2020021901011755,SJCL,1,21,50,155.0,7750.0
2020-02-19,2020021901011754,SJCL,56,21,500,155.0,77500.0
2020-02-19,2020021901011753,SJCL,56,21,500,155.0,77500.0
2020-02-19,2020021901011752,SJCL,26,21,350,156.0,54600.0
2020-02-19,2020021901011751,SJCL,26,21,100,156.0,15600.0
2020-02-19,2020021901011762,SJCL,11,21,100,155.0,15500.0
2020-02-19,2020021901011761,SJCL,52,21,500,155.0,77500.0
2020-02-19,2020021901011760,SJCL,57,21,100,155.0,15500.0
2020-02-19,2020021901011759,SJCL,58,21,100,155.0,15500.0
2020-02-19,2020021901011758,SJCL,49,21,1000,155.0,155000.0
2020-02-19,2020021901011757,SJCL,1,21,50,155.0,7750.0
2020-02-19,2020021901012023,SKBBL,35,47,381,1261.0,480441.0
2020-02-19,2020021901012022,SKBBL,35,57,100,1260.0,126000.0
2020-02-19,2020021901012021,SKBBL,35,17,250,1260.0,315000.0
2020-02-19,2020021901012020,SKBBL,35,46,15,1260.0,18900.0
2020-02-19,2020021901012019,SKBBL,35,39,70,1259.0,88130.0
2020-02-19,2020021901012018,SKBBL,35,21,84,1258.0,105672.0
2020-02-19,2020021901011844,SKBBL,59,7,20,1255.0,25100.0
2020-02-19,2020021901011843,SKBBL,59,22,800,1253.0,1002400.0
2020-02-19,2020021901011795,SKBBL,25,50,350,1252.0,438200.0
2020-02-19,2020021901011794,SKBBL,25,33,25,1252.0,31300.0
2020-02-19,2020021901011793,SKBBL,25,28,200,1252.0,250400.0
2020-02-19,2020021901011779,SKBBL,33,57,47,1250.0,58750.0
2020-02-19,2020021901012017,SKBBL,35,6,100,1257.0,125700.0
2020-02-19,2020021901011849,SKBBL,59,39,930,1259.0,1170870.0
2020-02-19,2020021901011848,SKBBL,59,29,40,1259.0,50360.0
2020-02-19,2020021901011847,SKBBL,59,21,90,1259.0,113310.0
2020-02-19,2020021901011846,SKBBL,59,34,100,1258.0,125800.0
2020-02-19,2020021901011845,SKBBL,59,45,20,1255.0,25100.0
2020-02-19,2020021901011703,SLBBL,45,29,400,979.0,391600.0
2020-02-19,2020021901011569,SLICL,26,59,191,495.0,94545.0
2020-02-19,2020021901011892,SMATA,41,22,43,860.0,36980.0
2020-02-19,2020021901011891,SMATA,41,51,20,860.0,17200.0
2020-02-19,2020021901011890,SMATA,41,44,37,860.0,31820.0
2020-02-19,2020021901011870,SMATA,49,44,35,860.0,30100.0
2020-02-19,2020021901011776,SPDL,17,17,15,100.0,1500.0
2020-02-19,2020021901011919,SRBL,39,21,500,256.0,128000.0
2020-02-19,2020021901011918,SRBL,39,48,57,256.0,14592.0
2020-02-19,2020021901011917,SRBL,39,49,76,256.0,19456.0
2020-02-19,2020021901011931,SWBBL,22,34,500,1348.0,674000.0
2020-02-19,2020021901011916,SWBBL,22,44,50,1350.0,67500.0
2020-02-19,2020021901011915,SWBBL,22,47,360,1349.0,485640.0
2020-02-19,2020021901011914,SWBBL,22,55,90,1349.0,121410.0
2020-02-19,2020021901011857,SWBBL,35,35,6538,1337.0,8741306.0
2020-02-19,2020021901011828,SWBBL,33,38,190,1345.0,255550.0
2020-02-19,2020021901011827,SWBBL,51,38,110,1345.0,147950.0
2020-02-19,2020021901011557,SWBBL,51,47,90,1345.0,121050.0
2020-02-19,2020021901011717,TMDBL,26,22,1000,195.0,195000.0
2020-02-19,2020021901011693,TMDBL,26,16,903,194.0,175182.0
2020-02-19,2020021901011665,TMDBL,26,35,100,194.0,19400.0
2020-02-19,2020021901011664,TMDBL,26,22,285,194.0,55290.0
2020-02-19,2020021901011663,TMDBL,26,47,47,194.0,9118.0
2020-02-19,2020021901011662,TMDBL,26,41,50,194.0,9700.0
2020-02-19,2020021901011661,TMDBL,26,6,57,193.0,11001.0
2020-02-19,2020021901011660,TMDBL,26,47,58,193.0,11194.0
2020-02-19,2020021901011590,TMDBL,26,22,168,191.0,32088.0
2020-02-19,2020021901011913,TRH,3,28,500,304.0,152000.0
2020-02-19,2020021901011707,TRH,57,45,300,300.0,90000.0
2020-02-19,2020021901011706,TRH,3,45,200,301.0,60200.0
2020-02-19,2020021901011578,TRH,14,28,300,302.0,90600.0
2020-02-19,2020021901011577,TRH,3,28,50,302.0,15100.0
2020-02-19,2020021901012038,UIC,42,42,50,441.0,22050.0
2020-02-19,2020021901011877,UIC,35,58,80,442.0,35360.0
2020-02-19,2020021901011780,UIC,49,58,20,442.0,8840.0
2020-02-19,2020021901011592,UMHL,59,20,50,114.0,5700.0
2020-02-19,2020021901011963,UNHPL,46,37,100,61.0,6100.0
2020-02-19,2020021901011810,UPCL,42,45,50,82.0,4100.0
2020-02-19,2020021901011858,UPPER,25,33,40,239.0,9560.0
2020-02-19,2020021901011808,UPPER,25,21,11,239.0,2629.0
2020-02-19,2020021901011746,UPPER,49,11,100,240.0,24000.0
2020-02-19,2020021901011676,UPPER,25,20,40,239.0,9560.0
2020-02-19,2020021901011920,VLBS,34,14,200,1170.0,234000.0
2020-02-19,2020021901005336,AHPC,41,37,392,98.0,38416.0
2020-02-19,2020021901005335,AHPC,41,45,108,98.0,10584.0
2020-02-19,2020021901005100,ALBSL,39,8,11,778.0,8558.0
2020-02-19,2020021901005494,ALICL,32,5,127,625.0,79375.0
2020-02-19,2020021901005493,ALICL,50,5,73,625.0,45625.0
2020-02-19,2020021901005373,ALICL,50,42,227,625.0,141875.0
2020-02-19,2020021901005179,ALICL,49,42,300,625.0,187500.0
2020-02-19,2020021901005178,ALICL,52,42,1000,625.0,625000.0
2020-02-19,2020021901005144,ALICL,38,21,100,626.0,62600.0
2020-02-19,2020021901005143,ALICL,50,21,300,627.0,188100.0
2020-02-19,2020021901005142,ALICL,6,21,100,627.0,62700.0
2020-02-19,2020021901005177,ALICL,34,42,100,625.0,62500.0
2020-02-19,2020021901005176,ALICL,36,42,1280,625.0,800000.0
2020-02-19,2020021901005175,ALICL,26,42,200,625.0,125000.0
2020-02-19,2020021901005174,ALICL,21,42,100,625.0,62500.0
2020-02-19,2020021901005173,ALICL,32,42,50,625.0,31250.0
2020-02-19,2020021901005145,ALICL,49,21,500,626.0,313000.0
2020-02-19,2020021901005159,BARUN,53,45,16,98.0,1568.0
2020-02-19,2020021901005513,BOKL,49,37,329,237.0,77973.0
2020-02-19,2020021901005507,BOKL,49,18,53,237.0,12561.0
2020-02-19,2020021901005506,BOKL,17,18,80,237.0,18960.0
2020-02-19,2020021901005472,BOKL,17,29,220,237.0,52140.0
2020-02-19,2020021901005471,BOKL,11,29,280,237.0,66360.0
2020-02-19,2020021901005418,BPCL,45,43,147,358.0,52626.0
2020-02-19,2020021901005319,BPCL,40,26,11,357.0,3927.0
2020-02-19,2020021901005237,BPCL,35,43,53,358.0,18974.0
2020-02-19,2020021901005089,BPCL,40,41,55,357.0,19635.0
2020-02-19,2020021901005550,CBBL,46,54,100,1125.0,112500.0
2020-02-19,2020021901005549,CBBL,46,53,100,1125.0,112500.0
2020-02-19,2020021901005538,CBBL,59,49,200,1124.0,224800.0
2020-02-19,2020021901005537,CBBL,59,19,65,1124.0,73060.0
2020-02-19,2020021901005536,CBBL,59,44,100,1124.0,112400.0
2020-02-19,2020021901005535,CBBL,59,32,250,1124.0,281000.0
2020-02-19,2020021901005498,CBBL,28,35,200,1123.0,224600.0
2020-02-19,2020021901005377,CBBL,18,32,200,1124.0,224800.0
2020-02-19,2020021901005339,CBBL,46,32,50,1124.0,56200.0
2020-02-19,2020021901005338,CBBL,46,54,50,1123.0,56150.0
2020-02-19,2020021901005337,CBBL,46,29,100,1123.0,112300.0
2020-02-19,2020021901005316,CBBL,18,58,200,1120.0,224000.0
2020-02-19,2020021901005546,CBL,32,57,50,153.0,7650.0
2020-02-19,2020021901005289,CBL,32,45,10,153.0,1530.0
2020-02-19,2020021901005286,CBL,32,25,1000,153.0,153000.0
2020-02-19,2020021901005099,CCBL,44,33,98,186.0,18228.0
2020-02-19,2020021901005068,CCBL,44,29,53,186.0,9858.0
2020-02-19,2020021901005403,CHCL,50,8,306,421.0,128826.0
2020-02-19,2020021901005402,CHCL,59,8,100,421.0,42100.0
2020-02-19,2020021901005401,CHCL,28,8,200,422.0,84400.0
2020-02-19,2020021901005400,CHCL,22,8,200,422.0,84400.0
2020-02-19,2020021901005399,CHCL,56,8,300,423.0,126900.0
2020-02-19,2020021901005302,CZBIL,40,45,120,197.0,23640.0
2020-02-19,2020021901005077,CZBIL,13,54,86,198.0,17028.0
2020-02-19,2020021901005076,CZBIL,13,49,86,198.0,17028.0
2020-02-19,2020021901005075,CZBIL,13,49,122,198.0,24156.0
2020-02-19,2020021901005074,CZBIL,13,17,950,198.0,188100.0
2020-02-19,2020021901005073,CZBIL,13,1,280,198.0,55440.0
2020-02-19,2020021901005438,DDBL,22,22,159,891.0,141669.0
2020-02-19,2020021901005431,DDBL,35,22,40,891.0,35640.0
2020-02-19,2020021901005430,DDBL,26,22,100,891.0,89100.0
2020-02-19,2020021901005517,FMDBL,58,42,500,490.0,245000.0
2020-02-19,2020021901005516,FMDBL,58,29,514,490.0,251860.0
2020-02-19,2020021901005512,FMDBL,18,29,286,490.0,140140.0
2020-02-19,2020021901005511,FMDBL,18,17,500,490.0,245000.0
2020-02-19,2020021901005510,FMDBL,18,38,100,490.0,49000.0
2020-02-19,2020021901005509,FMDBL,18,46,100,490.0,49000.0
2020-02-19,2020021901005433,FMDBL,18,7,234,485.0,113490.0
2020-02-19,2020021901005458,FMDBL,41,34,500,487.0,243500.0
2020-02-19,2020021901005454,FMDBL,41,34,100,487.0,48700.0
2020-02-19,2020021901005453,FMDBL,41,34,900,487.0,438300.0
2020-02-19,2020021901005442,FMDBL,18,7,300,486.0,145800.0
2020-02-19,2020021901005441,FMDBL,18,34,100,486.0,48600.0
2020-02-19,2020021901005434,FMDBL,18,5,100,485.0,48500.0
2020-02-19,2020021901005508,FMDBL,18,26,14,490.0,6860.0
2020-02-19,2020021901005487,FMDBL,42,49,80,489.0,39120.0
2020-02-19,2020021901005464,FMDBL,58,49,20,489.0,9780.0
2020-02-19,2020021901005463,FMDBL,58,16,500,489.0,244500.0
2020-02-19,2020021901005462,FMDBL,58,58,100,488.0,48800.0
2020-02-19,2020021901005461,FMDBL,58,5,1380,488.0,673440.0
2020-02-19,2020021901005109,GBBL,4,13,173,246.0,42558.0
2020-02-19,2020021901005058,GBBL,22,47,15,246.0,3690.0
2020-02-19,2020021901005542,GBIME,42,40,22,285.0,6270.0
2020-02-19,2020021901005541,GBIME,36,40,100,285.0,28500.0
2020-02-19,2020021901005540,GBIME,41,40,1000,285.0,285000.0
2020-02-19,2020021901005539,GBIME,4,40,413,285.0,117705.0
2020-02-19,2020021901005254,GBIME,4,45,203,285.0,57855.0
2020-02-19,2020021901005158,GBIME,4,16,28,286.0,8008.0
2020-02-19,2020021901005118,GBIME,4,34,2472,286.0,706992.0
2020-02-19,2020021901005066,GBIME,4,46,902,285.0,257070.0
2020-02-19,2020021901005534,GBLBS,44,5,455,517.0,235235.0
2020-02-19,2020021901005533,GBLBS,37,5,45,520.0,23400.0
2020-02-19,2020021901005532,GBLBS,37,42,15,520.0,7800.0
2020-02-19,2020021901005503,GBLBS,33,33,100,523.0,52300.0
2020-02-19,2020021901005502,GBLBS,33,55,100,523.0,52300.0
2020-02-19,2020021901005473,GBLBS,38,50,200,520.0,104000.0
2020-02-19,2020021901005147,GBLBS,28,37,100,508.0,50800.0
2020-02-19,2020021901005096,GBLBS,39,34,10,509.0,5090.0
2020-02-19,2020021901005095,GBLBS,39,26,300,509.0,152700.0
2020-02-19,2020021901005094,GBLBS,39,33,500,509.0,254500.0
2020-02-19,2020021901005093,GBLBS,39,44,1000,509.0,509000.0
2020-02-19,2020021901005069,GBLBS,28,48,10,508.0,5080.0
2020-02-19,2020021901005222,GBLBS,52,57,500,509.0,254500.0
2020-02-19,2020021901005221,GBLBS,52,52,1390,509.0,707510.0
2020-02-19,2020021901005220,GBLBS,52,41,200,509.0,101800.0
2020-02-19,2020021901005167,GBLBS,52,52,10,509.0,5090.0
2020-02-19,2020021901005166,GBLBS,52,34,490,509.0,249410.0
2020-02-19,2020021901005153,GBLBS,28,34,500,509.0,254500.0
2020-02-19,2020021901005242,GBLBS,58,17,100,510.0,51000.0
2020-02-19,2020021901005241,GBLBS,58,26,25,510.0,12750.0
2020-02-19,2020021901005240,GBLBS,58,56,15,510.0,7650.0
2020-02-19,2020021901005239,GBLBS,58,47,15,510.0,7650.0
2020-02-19,2020021901005238,GBLBS,58,44,1000,510.0,510000.0
2020-02-19,2020021901005223,GBLBS,52,1,81,509.0,41229.0
2020-02-19,2020021901005248,GBLBS,58,44,2000,510.0,1020000.0
2020-02-19,2020021901005247,GBLBS,58,5,500,510.0,255000.0
2020-02-19,2020021901005246,GBLBS,58,36,1000,510.0,510000.0
2020-02-19,2020021901005245,GBLBS,58,21,10,510.0,5100.0
2020-02-19,2020021901005244,GBLBS,58,1,100,510.0,51000.0
2020-02-19,2020021901005243,GBLBS,58,46,100,510.0,51000.0
2020-02-19,2020021901005266,GBLBS,28,51,100,511.0,51100.0
2020-02-19,2020021901005253,GBLBS,58,6,10,510.0,5100.0
2020-02-19,2020021901005252,GBLBS,58,6,10,510.0,5100.0
2020-02-19,2020021901005251,GBLBS,58,34,10,510.0,5100.0
2020-02-19,2020021901005250,GBLBS,58,58,150,510.0,76500.0
2020-02-19,2020021901005249,GBLBS,58,25,50,510.0,25500.0
2020-02-19,2020021901005278,GBLBS,52,33,50,511.0,25550.0
2020-02-19,2020021901005277,GBLBS,52,19,250,511.0,127750.0
2020-02-19,2020021901005276,GBLBS,52,13,420,511.0,214620.0
2020-02-19,2020021901005269,GBLBS,28,13,80,511.0,40880.0
2020-02-19,2020021901005268,GBLBS,28,45,300,511.0,153300.0
2020-02-19,2020021901005267,GBLBS,28,56,20,511.0,10220.0
2020-02-19,2020021901005300,GBLBS,49,44,315,512.0,161280.0
2020-02-19,2020021901005299,GBLBS,49,44,15,512.0,7680.0
2020-02-19,2020021901005298,GBLBS,53,44,500,512.0,256000.0
2020-02-19,2020021901005297,GBLBS,39,44,500,512.0,256000.0
2020-02-19,2020021901005291,GBLBS,28,44,500,512.0,256000.0
2020-02-19,2020021901005279,GBLBS,52,34,500,511.0,255500.0
2020-02-19,2020021901005323,GBLBS,39,40,100,512.0,51200.0
2020-02-19,2020021901005322,GBLBS,39,44,300,512.0,153600.0
2020-02-19,2020021901005321,GBLBS,39,44,330,512.0,168960.0
2020-02-19,2020021901005315,GBLBS,13,44,670,512.0,343040.0
2020-02-19,2020021901005314,GBLBS,13,44,330,512.0,168960.0
2020-02-19,2020021901005301,GBLBS,49,44,170,512.0,87040.0
2020-02-19,2020021901005333,GBLBS,26,10,170,513.0,87210.0
2020-02-19,2020021901005332,GBLBS,21,10,90,513.0,46170.0
2020-02-19,2020021901005329,GBLBS,21,34,10,513.0,5130.0
2020-02-19,2020021901005328,GBLBS,21,57,100,513.0,51300.0
2020-02-19,2020021901005327,GBLBS,21,1,100,513.0,51300.0
2020-02-19,2020021901005324,GBLBS,39,42,30,512.0,15360.0
2020-02-19,2020021901005355,GBLBS,39,41,35,515.0,18025.0
2020-02-19,2020021901005354,GBLBS,39,33,100,515.0,51500.0
2020-02-19,2020021901005353,GBLBS,39,25,10,515.0,5150.0
2020-02-19,2020021901005352,GBLBS,39,13,500,515.0,257500.0
2020-02-19,2020021901005341,GBLBS,13,17,100,514.0,51400.0
2020-02-19,2020021901005340,GBLBS,13,43,400,514.0,205600.0
2020-02-19,2020021901005361,GBLBS,39,6,150,515.0,77250.0
2020-02-19,2020021901005360,GBLBS,39,37,50,515.0,25750.0
2020-02-19,2020021901005359,GBLBS,39,25,50,515.0,25750.0
2020-02-19,2020021901005358,GBLBS,39,37,500,515.0,257500.0
2020-02-19,2020021901005357,GBLBS,39,36,1000,515.0,515000.0
2020-02-19,2020021901005356,GBLBS,39,44,500,515.0,257500.0
2020-02-19,2020021901005371,GBLBS,58,14,12,516.0,6192.0
2020-02-19,2020021901005370,GBLBS,58,22,125,516.0,64500.0
2020-02-19,2020021901005369,GBLBS,58,49,340,516.0,175440.0
2020-02-19,2020021901005366,GBLBS,19,49,100,516.0,51600.0
2020-02-19,2020021901005363,GBLBS,39,17,100,515.0,51500.0
2020-02-19,2020021901005362,GBLBS,39,38,150,515.0,77250.0
2020-02-19,2020021901005390,GBLBS,19,40,265,516.0,136740.0
2020-02-19,2020021901005382,GBLBS,28,47,10,517.0,5170.0
2020-02-19,2020021901005381,GBLBS,28,28,500,517.0,258500.0
2020-02-19,2020021901005380,GBLBS,28,29,290,516.0,149640.0
2020-02-19,2020021901005378,GBLBS,6,29,200,516.0,103200.0
2020-02-19,2020021901005372,GBLBS,58,56,15,516.0,7740.0
2020-02-19,2020021901005397,GBLBS,14,34,20,517.0,10340.0
2020-02-19,2020021901005396,GBLBS,14,46,100,517.0,51700.0
2020-02-19,2020021901005395,GBLBS,14,47,500,517.0,258500.0
2020-02-19,2020021901005393,GBLBS,53,53,200,517.0,103400.0
2020-02-19,2020021901005392,GBLBS,53,42,105,517.0,54285.0
2020-02-19,2020021901005391,GBLBS,53,47,190,517.0,98230.0
2020-02-19,2020021901005419,GBLBS,28,1,50,519.0,25950.0
2020-02-19,2020021901005414,GBLBS,28,43,215,519.0,111585.0
2020-02-19,2020021901005413,GBLBS,28,6,15,518.0,7770.0
2020-02-19,2020021901005411,GBLBS,19,6,35,518.0,18130.0
2020-02-19,2020021901005410,GBLBS,19,14,100,518.0,51800.0
2020-02-19,2020021901005409,GBLBS,19,25,100,518.0,51800.0
2020-02-19,2020021901005446,GBLBS,6,52,500,518.0,259000.0
2020-02-19,2020021901005445,GBLBS,6,52,200,518.0,103600.0
2020-02-19,2020021901005443,GBLBS,39,44,90,519.0,46710.0
2020-02-19,2020021901005429,GBLBS,28,44,520,519.0,269880.0
2020-02-19,2020021901005428,GBLBS,49,44,390,520.0,202800.0
2020-02-19,2020021901005421,GBLBS,49,34,10,520.0,5200.0
2020-02-19,2020021901005497,GILB,50,34,15,1415.0,21225.0
2020-02-19,2020021901005496,GILB,50,40,45,1410.0,63450.0
2020-02-19,2020021901005417,GILB,54,38,15,1392.0,20880.0
2020-02-19,2020021901005474,GLICL,7,42,100,812.0,81200.0
2020-02-19,2020021901005466,GLICL,7,42,200,812.0,162400.0
2020-02-19,2020021901005317,GLICL,45,33,137,811.0,111107.0
2020-02-19,2020021901005416,GMFBS,57,6,10,952.0,9520.0
2020-02-19,2020021901005218,GUFL,28,38,91,128.0,11648.0
2020-02-19,2020021901005217,GUFL,44,38,300,128.0,38400.0
2020-02-19,2020021901005216,GUFL,14,38,109,128.0,13952.0
2020-02-19,2020021901005202,HBL,4,25,1000,571.0,571000.0
2020-02-19,2020021901005201,HBL,50,25,248,572.0,141856.0
2020-02-19,2020021901005108,HIDCL,35,33,61,137.0,8357.0
2020-02-19,2020021901005149,HPPL,41,48,10,152.0,1520.0
2020-02-19,2020021901005151,IGI,28,44,100,472.0,47200.0
2020-02-19,2020021901005351,ILBS,51,26,10,911.0,9110.0
2020-02-19,2020021901005215,ILBS,55,49,10,912.0,9120.0
2020-02-19,2020021901005188,JBBL,49,33,91,191.0,17381.0
2020-02-19,2020021901005135,JBBL,29,58,200,192.0,38400.0
2020-02-19,2020021901005134,JBBL,59,58,500,192.0,96000.0
2020-02-19,2020021901005303,KBL,58,8,500,197.0,98500.0
2020-02-19,2020021901005168,KMCDB,1,48,10,844.0,8440.0
2020-02-19,2020021901005083,KPCL,38,58,10,104.0,1040.0
2020-02-19,2020021901005141,KPCL,38,29,10,104.0,1040.0
2020-02-19,2020021901005115,KPCL,38,41,10,104.0,1040.0
2020-02-19,2020021901005334,KPCL,38,58,10,104.0,1040.0
2020-02-19,2020021901005070,KSBBL,50,45,500,170.0,85000.0
2020-02-19,2020021901005407,LBBL,36,45,204,195.0,39780.0
2020-02-19,2020021901005231,LBBL,14,5,500,196.0,98000.0
2020-02-19,2020021901005296,LGIL,28,20,183,523.0,95709.0
2020-02-19,2020021901005295,LGIL,55,20,10,524.0,5240.0
2020-02-19,2020021901005294,LGIL,38,20,10,524.0,5240.0
2020-02-19,2020021901005293,LGIL,22,20,297,524.0,155628.0
2020-02-19,2020021901005553,LLBS,19,39,57,1180.0,67260.0
2020-02-19,2020021901005367,LVF1,42,4,500,9.65,4825.0
2020-02-19,2020021901005379,MBL,58,47,49,242.0,11858.0
2020-02-19,2020021901005064,MBL,58,26,1040,241.0,250640.0
2020-02-19,2020021901005063,MBL,36,26,960,241.0,231360.0
2020-02-19,2020021901005531,MEGA,41,11,66,212.0,13992.0
2020-02-19,2020021901005530,MEGA,41,38,109,212.0,23108.0
2020-02-19,2020021901005529,MEGA,41,51,25,212.0,5300.0
2020-02-19,2020021901005528,MERO,41,55,101,672.0,67872.0
2020-02-19,2020021901005500,MFIL,26,32,1500,194.0,291000.0
2020-02-19,2020021901005477,MLBBL,58,6,10,850.0,8500.0
2020-02-19,2020021901005476,MLBBL,58,6,34,850.0,28900.0
2020-02-19,2020021901005470,MNBBL,14,16,25,331.0,8275.0
2020-02-19,2020021901005469,MNBBL,14,53,150,331.0,49650.0
2020-02-19,2020021901005468,MNBBL,14,13,425,331.0,140675.0
2020-02-19,2020021901005347,MNBBL,56,52,191,330.0,63030.0
2020-02-19,2020021901005281,MNBBL,56,21,53,330.0,17490.0
2020-02-19,2020021901005440,MSMBS,32,34,530,840.0,445200.0
2020-02-19,2020021901005439,MSMBS,32,17,20,835.0,16700.0
2020-02-19,2020021901005133,NABIL,1,32,100,750.0,75000.0
2020-02-19,2020021901005213,NADEP,39,39,91,760.0,69160.0
2020-02-19,2020021901005212,NADEP,1,39,30,760.0,22800.0
2020-02-19,2020021901005199,NADEP,22,39,139,761.0,105779.0
2020-02-19,2020021901005169,NBB,21,50,1500,212.0,318000.0
2020-02-19,2020021901005062,NBB,34,39,22,211.0,4642.0
2020-02-19,2020021901005376,NBL,45,57,40,270.0,10800.0
2020-02-19,2020021901005375,NBL,45,7,10,270.0,2700.0
2020-02-19,2020021901005214,NBL,45,7,30,270.0,8100.0
2020-02-19,2020021901005193,NBL,45,7,50,270.0,13500.0
2020-02-19,2020021901005190,NBL,45,7,130,270.0,35100.0
2020-02-19,2020021901005130,NBL,45,7,200,270.0,54000.0
2020-02-19,2020021901005131,NCCB,58,46,200,196.0,39200.0
2020-02-19,2020021901005129,NCCB,35,5,68,195.0,13260.0
2020-02-19,2020021901005128,NCCB,58,5,2000,195.0,390000.0
2020-02-19,2020021901005127,NCCB,1,5,400,195.0,78000.0
2020-02-19,2020021901005126,NCCB,17,5,100,195.0,19500.0
2020-02-19,2020021901005125,NCCB,59,5,1000,195.0,195000.0
2020-02-19,2020021901005124,NCCB,36,5,300,195.0,58500.0
2020-02-19,2020021901005123,NCCB,42,5,400,195.0,78000.0
2020-02-19,2020021901005122,NCCB,18,5,500,195.0,97500.0
2020-02-19,2020021901005121,NCCB,25,5,1000,195.0,195000.0
2020-02-19,2020021901005120,NCCB,44,5,100,195.0,19500.0
2020-02-19,2020021901005119,NCCB,26,5,795,195.0,155025.0
2020-02-19,2020021901005408,NGPL,33,26,156,137.0,21372.0
2020-02-19,2020021901005226,NGPL,33,22,172,137.0,23564.0
2020-02-19,2020021901005180,NHDL,28,56,90,140.0,12600.0
2020-02-19,2020021901005082,NHDL,28,39,10,140.0,1400.0
2020-02-19,2020021901005114,NHPC,58,5,290,58.0,16820.0
2020-02-19,2020021901005113,NHPC,16,5,500,59.0,29500.0
2020-02-19,2020021901005112,NHPC,57,5,200,59.0,11800.0
2020-02-19,2020021901005486,NIB,45,25,100,386.0,38600.0
2020-02-19,2020021901005197,NIB,56,25,100,386.0,38600.0
2020-02-19,2020021901005165,NIB,45,25,100,386.0,38600.0
2020-02-19,2020021901005490,NIBPO,4,4,2000,337.0,674000.0
2020-02-19,2020021901005482,NIBPO,4,4,3000,337.0,1011000.0
2020-02-19,2020021901005459,NIBPO,4,4,5000,337.0,1685000.0
2020-02-19,2020021901005432,NIBPO,33,4,100,337.0,33700.0
2020-02-19,2020021901005524,NICA,26,52,100,547.0,54700.0
2020-02-19,2020021901005485,NICA,26,22,160,547.0,87520.0
2020-02-19,2020021901005436,NICA,26,33,347,547.0,189809.0
2020-02-19,2020021901005318,NICA,26,42,50,547.0,27350.0
2020-02-19,2020021901005117,NICA,14,8,50,548.0,27400.0
2020-02-19,2020021901005116,NICA,4,8,101,548.0,55348.0
2020-02-19,2020021901005071,NICA,4,56,96,548.0,52608.0
2020-02-19,2020021901005233,NICL,55,34,170,464.0,78880.0
2020-02-19,2020021901005208,NICL,45,34,30,464.0,13920.0
2020-02-19,2020021901005412,NIL,52,38,40,604.0,24160.0
2020-02-19,2020021901005230,NIL,45,16,30,607.0,18210.0
2020-02-19,2020021901005522,NLG,48,29,50,720.0,36000.0
2020-02-19,2020021901005521,NLG,37,29,50,720.0,36000.0
2020-02-19,2020021901005523,NLIC,46,35,60,1190.0,71400.0
2020-02-19,2020021901005505,NLIC,46,42,40,1190.0,47600.0
2020-02-19,2020021901005475,NLIC,43,42,10,1190.0,11900.0
2020-02-19,2020021901005272,NLIC,34,35,50,1191.0,59550.0
2020-02-19,2020021901005200,NLIC,58,29,22,1189.0,26158.0
2020-02-19,2020021901005084,NLIC,58,35,50,1190.0,59500.0
2020-02-19,2020021901005478,NLICL,35,35,58,695.0,40310.0
2020-02-19,2020021901005345,NLICL,19,37,75,692.0,51900.0
2020-02-19,2020021901005457,NMB,44,19,200,409.0,81800.0
2020-02-19,2020021901005368,NMB,44,44,37,409.0,15133.0
2020-02-19,2020021901005155,NMB,44,17,239,409.0,97751.0
2020-02-19,2020021901005154,NMB,52,17,61,409.0,24949.0
2020-02-19,2020021901005139,NMB,52,41,126,409.0,51534.0
2020-02-19,2020021901005331,NMBMF,16,41,40,945.0,37800.0
2020-02-19,2020021901005067,NMFBS,38,32,10,1690.0,16900.0
2020-02-19,2020021901005489,OHL,6,1,11,476.0,5236.0
2020-02-19,2020021901005488,OHL,19,1,11,477.0,5247.0
2020-02-19,2020021901005320,PCBL,13,28,1723,286.0,492778.0
2020-02-19,2020021901005543,PFL,1,21,222,158.0,35076.0
2020-02-19,2020021901005394,PFL,22,57,11,158.0,1738.0
2020-02-19,2020021901005234,PFL,22,57,11,158.0,1738.0
2020-02-19,2020021901005092,PFL,22,39,26,158.0,4108.0
2020-02-19,2020021901005501,PIC,38,55,100,646.0,64600.0
2020-02-19,2020021901005415,PIC,42,26,11,649.0,7139.0
2020-02-19,2020021901005287,PIC,35,16,100,650.0,65000.0
2020-02-19,2020021901005514,PICL,57,55,100,519.0,51900.0
2020-02-19,2020021901005081,PICL,57,19,30,528.0,15840.0
2020-02-19,2020021901005307,PRIN,21,37,75,492.0,36900.0
2020-02-19,2020021901005306,PRIN,42,37,163,492.0,80196.0
2020-02-19,2020021901005229,PRIN,42,51,37,492.0,18204.0
2020-02-19,2020021901005228,PRIN,41,51,50,492.0,24600.0
2020-02-19,2020021901005227,PRIN,44,51,13,492.0,6396.0
2020-02-19,2020021901005211,PRIN,44,5,87,492.0,42804.0
2020-02-19,2020021901005210,PRIN,25,5,100,492.0,49200.0
2020-02-19,2020021901005107,PRIN,38,6,20,493.0,9860.0
2020-02-19,2020021901005456,PRVU,49,52,100,249.0,24900.0
2020-02-19,2020021901005273,PRVU,49,33,720,249.0,179280.0
2020-02-19,2020021901005106,PRVU,45,38,60,250.0,15000.0
2020-02-19,2020021901005105,PRVU,58,38,3000,250.0,750000.0
2020-02-19,2020021901005065,PRVU,58,38,678,250.0,169500.0
2020-02-19,2020021901005104,PRVU,58,38,593,250.0,148250.0
2020-02-19,2020021901005086,PRVU,58,38,2088,250.0,522000.0
2020-02-19,2020021901005085,PRVU,58,29,87,250.0,21750.0
2020-02-19,2020021901005080,PRVU,58,38,232,250.0,58000.0
2020-02-19,2020021901005079,PRVU,17,38,200,250.0,50000.0
2020-02-19,2020021901005078,PRVU,58,38,210,250.0,52500.0
2020-02-19,2020021901005350,RHPC,55,49,49,89.0,4361.0
2020-02-19,2020021901005455,RHPL,49,45,10,166.0,1660.0
2020-02-19,2020021901005424,RHPL,49,26,40,166.0,6640.0
2020-02-19,2020021901005236,RHPL,49,58,40,166.0,6640.0
2020-02-19,2020021901005235,RHPL,58,49,10,167.0,1670.0
2020-02-19,2020021901005198,RHPL,58,48,50,167.0,8350.0
2020-02-19,2020021901005148,RHPL,58,58,40,167.0,6680.0
2020-02-19,2020021901005110,RHPL,58,39,10,167.0,1670.0
2020-02-19,2020021901005209,RLFL,29,21,187,139.0,25993.0
2020-02-19,2020021901005495,RMDC,28,55,100,745.0,74500.0
2020-02-19,2020021901005423,RMDC,53,28,200,755.0,151000.0
2020-02-19,2020021901005422,RMDC,53,49,300,754.0,226200.0
2020-02-19,2020021901005288,RMDC,19,21,46,750.0,34500.0
2020-02-19,2020021901005460,RRHP,45,1,10,102.0,1020.0
2020-02-19,2020021901005374,RRHP,45,1,10,102.0,1020.0
2020-02-19,2020021901005444,RSDC,39,26,40,486.0,19440.0
2020-02-19,2020021901005365,SABSL,34,58,10,929.0,9290.0
2020-02-19,2020021901005484,SAEF,41,26,2000,9.45,18900.0
2020-02-19,2020021901005483,SAEF,41,22,1000,9.45,9450.0
2020-02-19,2020021901005526,SAND2085,11,25,25,935.0,23375.0
2020-02-19,2020021901005232,SANIMA,52,21,11,356.0,3916.0
2020-02-19,2020021901005132,SANIMA,52,39,25,356.0,8900.0
2020-02-19,2020021901005087,SANIMA,29,44,100,357.0,35700.0
2020-02-19,2020021901005405,SBI,13,44,525,427.0,224175.0
2020-02-19,2020021901005072,SBI,17,58,200,427.0,85400.0
2020-02-19,2020021901005098,SBL,13,1,100,322.0,32200.0
2020-02-19,2020021901005097,SBL,44,1,1100,322.0,354200.0
2020-02-19,2020021901005527,SCB,11,39,30,643.0,19290.0
2020-02-19,2020021901005305,SCB,11,57,20,643.0,12860.0
2020-02-19,2020021901005271,SCB,11,29,20,643.0,12860.0
2020-02-19,2020021901005146,SCB,32,39,30,644.0,19320.0
2020-02-19,2020021901005465,SDESI,45,22,200,949.0,189800.0
2020-02-19,2020021901005420,SDESI,45,35,27,946.0,25542.0
2020-02-19,2020021901005325,SDESI,21,35,50,946.0,47300.0
2020-02-19,2020021901005164,SDESI,34,35,23,946.0,21758.0
2020-02-19,2020021901005163,SDESI,34,17,27,946.0,25542.0
2020-02-19,2020021901005467,SFCL,20,45,10,103.0,1030.0
2020-02-19,2020021901005265,SHINE,56,51,446,302.0,134692.0
2020-02-19,2020021901005264,SHINE,56,26,30,302.0,9060.0
2020-02-19,2020021901005263,SHINE,56,14,200,300.0,60000.0
2020-02-19,2020021901005262,SHINE,56,37,411,300.0,123300.0
2020-02-19,2020021901005261,SHINE,56,44,1000,300.0,300000.0
2020-02-19,2020021901005260,SHINE,56,59,690,300.0,207000.0
2020-02-19,2020021901005259,SHINE,56,4,1000,299.0,299000.0
2020-02-19,2020021901005258,SHINE,56,26,263,299.0,78637.0
2020-02-19,2020021901005257,SHINE,56,4,1000,298.0,298000.0
2020-02-19,2020021901005256,SHINE,56,4,960,298.0,286080.0
2020-02-19,2020021901005544,SHIVM,36,32,50,625.0,31250.0
2020-02-19,2020021901005398,SHIVM,36,58,100,625.0,62500.0
2020-02-19,2020021901005346,SHIVM,36,59,50,625.0,31250.0
2020-02-19,2020021901005308,SHIVM,45,1,50,627.0,31350.0
2020-02-19,2020021901005304,SHIVM,36,5,150,625.0,93750.0
2020-02-19,2020021901005274,SHIVM,36,50,200,625.0,125000.0
2020-02-19,2020021901005102,SHIVM,53,8,50,624.0,31200.0
2020-02-19,2020021901005184,SHIVM,36,25,500,625.0,312500.0
2020-02-19,2020021901005183,SHIVM,36,8,50,625.0,31250.0
2020-02-19,2020021901005182,SHIVM,36,44,50,625.0,31250.0
2020-02-19,2020021901005181,SHIVM,36,29,140,625.0,87500.0
2020-02-19,2020021901005162,SHIVM,44,41,50,622.0,31100.0
2020-02-19,2020021901005103,SHIVM,53,22,50,624.0,31200.0
2020-02-19,2020021901005515,SHL,33,7,100,194.0,19400.0
2020-02-19,2020021901005310,SHPC,41,43,22,229.0,5038.0
2020-02-19,2020021901005343,SIC,38,38,22,778.0,17116.0
2020-02-19,2020021901005342,SIC,36,38,50,779.0,38950.0
2020-02-19,2020021901005172,SICL,1,44,26,1232.0,32032.0
2020-02-19,2020021901005138,SICL,1,41,48,1232.0,59136.0
2020-02-19,2020021901005137,SICL,48,41,42,1233.0,51786.0
2020-02-19,2020021901005136,SICL,32,41,10,1235.0,12350.0
2020-02-19,2020021901005547,SJCL,5,45,20,157.0,3140.0
2020-02-19,2020021901005545,SJCL,5,49,10,157.0,1570.0
2020-02-19,2020021901005435,SJCL,5,35,20,157.0,3140.0
2020-02-19,2020021901005280,SJCL,5,58,20,157.0,3140.0
2020-02-19,2020021901005275,SJCL,5,49,10,157.0,1570.0
2020-02-19,2020021901005219,SJCL,5,48,10,157.0,1570.0
2020-02-19,2020021901005171,SJCL,5,58,20,157.0,3140.0
2020-02-19,2020021901005170,SJCL,5,39,10,157.0,1570.0
2020-02-19,2020021901005406,SKBBL,14,41,156,1230.0,191880.0
2020-02-19,2020021901005344,SKBBL,19,40,80,1235.0,98800.0
2020-02-19,2020021901005326,SKBBL,59,37,200,1234.0,246800.0
2020-02-19,2020021901005285,SKBBL,59,45,712,1225.0,872200.0
2020-02-19,2020021901005284,SKBBL,59,28,400,1224.0,489600.0
2020-02-19,2020021901005283,SKBBL,59,26,100,1224.0,122400.0
2020-02-19,2020021901005186,SKBBL,22,53,50,1220.0,61000.0
2020-02-19,2020021901005185,SKBBL,22,25,100,1219.0,121900.0
2020-02-19,2020021901005157,SKBBL,7,39,500,1215.0,607500.0
2020-02-19,2020021901005156,SKBBL,7,22,175,1214.0,212450.0
2020-02-19,2020021901005140,SKBBL,59,6,300,1213.0,363900.0
2020-02-19,2020021901005282,SKBBL,59,7,100,1223.0,122300.0
2020-02-19,2020021901005206,SKBBL,59,6,400,1220.0,488000.0
2020-02-19,2020021901005205,SKBBL,59,25,150,1220.0,183000.0
2020-02-19,2020021901005204,SKBBL,59,39,500,1220.0,610000.0
2020-02-19,2020021901005203,SKBBL,59,42,146,1220.0,178120.0
2020-02-19,2020021901005187,SKBBL,22,42,50,1220.0,61000.0
2020-02-19,2020021901005481,SLBBL,34,54,130,976.0,126880.0
2020-02-19,2020021901005480,SLBBL,34,34,191,975.0,186225.0
2020-02-19,2020021901005479,SLBBL,34,48,179,974.0,174346.0
2020-02-19,2020021901005452,SLBBL,28,48,321,974.0,312654.0
2020-02-19,2020021901005451,SLBBL,28,57,50,974.0,48700.0
2020-02-19,2020021901005425,SLBBL,7,38,20,964.0,19280.0
2020-02-19,2020021901005450,SLBBL,28,57,50,973.0,48650.0
2020-02-19,2020021901005449,SLBBL,28,44,200,970.0,194000.0
2020-02-19,2020021901005448,SLBBL,28,35,160,970.0,155200.0
2020-02-19,2020021901005447,SLBBL,28,39,20,965.0,19300.0
2020-02-19,2020021901005427,SLBBL,7,39,280,965.0,270200.0
2020-02-19,2020021901005426,SLBBL,7,53,460,965.0,443900.0
2020-02-19,2020021901005330,SLICL,41,42,50,492.0,24600.0
2020-02-19,2020021901005057,SLICL,41,16,60,492.0,29520.0
2020-02-19,2020021901005056,SLICL,57,16,10,493.0,4930.0
2020-02-19,2020021901005055,SLICL,41,16,20,493.0,9860.0
2020-02-19,2020021901005054,SLICL,19,16,10,493.0,4930.0
2020-02-19,2020021901005207,SPARS,39,39,10,935.0,9350.0
2020-02-19,2020021901005552,SRBL,49,34,757,256.0,193792.0
2020-02-19,2020021901005551,SRBL,49,32,1000,256.0,256000.0
2020-02-19,2020021901005090,SRBL,4,50,50,255.0,12750.0
2020-02-19,2020021901005520,SWBBL,6,44,200,1360.0,272000.0
2020-02-19,2020021901005519,SWBBL,6,34,100,1360.0,136000.0
2020-02-19,2020021901005518,SWBBL,6,58,200,1360.0,272000.0
2020-02-19,2020021901005504,SWBBL,6,26,35,1359.0,47565.0
2020-02-19,2020021901005492,SWBBL,6,26,15,1359.0,20385.0
2020-02-19,2020021901005491,SWBBL,43,34,15,1355.0,20325.0
2020-02-19,2020021901005189,SWBBL,59,55,50,1340.0,67000.0
2020-02-19,2020021901005160,SWBBL,43,20,30,1339.0,40170.0
2020-02-19,2020021901005088,SWBBL,7,44,340,1338.0,454920.0
2020-02-19,2020021901005225,SWBBL,28,37,80,1348.0,107840.0
2020-02-19,2020021901005196,SWBBL,28,49,20,1348.0,26960.0
2020-02-19,2020021901005195,SWBBL,28,37,200,1348.0,269600.0
2020-02-19,2020021901005194,SWBBL,28,44,300,1347.0,404100.0
2020-02-19,2020021901005192,SWBBL,29,39,75,1340.0,100500.0
2020-02-19,2020021901005191,SWBBL,59,39,50,1340.0,67000.0
2020-02-19,2020021901005385,SWBBL,7,56,10,1349.0,13490.0
2020-02-19,2020021901005384,SWBBL,7,25,45,1349.0,60705.0
2020-02-19,2020021901005383,SWBBL,7,11,15,1349.0,20235.0
2020-02-19,2020021901005348,SWBBL,58,11,15,1349.0,20235.0
2020-02-19,2020021901005311,SWBBL,7,48,10,1341.0,13410.0
2020-02-19,2020021901005270,SWBBL,43,37,20,1348.0,26960.0
2020-02-19,2020021901005389,SWBBL,7,45,125,1355.0,169375.0
2020-02-19,2020021901005388,SWBBL,7,21,100,1352.0,135200.0
2020-02-19,2020021901005387,SWBBL,7,57,100,1350.0,135000.0
2020-02-19,2020021901005386,SWBBL,7,22,100,1349.0,134900.0
2020-02-19,2020021901005499,UIC,38,11,50,440.0,22000.0
2020-02-19,2020021901005161,UIC,38,44,153,440.0,67320.0
2020-02-19,2020021901005312,UMHL,59,34,14,115.0,1610.0
2020-02-19,2020021901005255,UMHL,59,48,14,115.0,1610.0
2020-02-19,2020021901005437,UPCL,17,58,440,80.0,35200.0
2020-02-19,2020021901005525,UPPER,7,49,20,239.0,4780.0
2020-02-19,2020021901005091,UPPER,22,36,500,239.0,119500.0
2020-02-19,2020021901005292,UPPER,55,38,40,238.0,9520.0
2020-02-19,2020021901005224,UPPER,55,41,50,238.0,11900.0
2020-02-19,2020021901005152,UPPER,11,29,20,238.0,4760.0
2020-02-19,2020021901005404,UPPER,7,36,10,239.0,2390.0
2020-02-19,2020021901005364,UPPER,45,36,100,239.0,23900.0
2020-02-19,2020021901005313,UPPER,55,58,40,238.0,9520.0
2020-02-19,2020021901005309,UPPER,55,39,50,238.0,11900.0
2020-02-19,2020021901005548,WOMI,45,55,103,1094.0,112682.0
2020-02-19,2020021901005349,WOMI,34,34,200,1099.0,219800.0
2020-02-19,2020021901005290,WOMI,40,58,190,1095.0,208050.0
2020-02-19,2020021901005150,WOMI,20,58,10,1095.0,10950.0
2020-02-19,2020021901005111,WOMI,40,58,200,1095.0,219000.0
2020-02-19,2020021901005101,WOMI,45,58,100,1095.0,109500.0
2020-02-19,2020021901005061,WOMI,45,49,80,1092.0,87360.0
2020-02-19,2020021901005060,WOMI,45,56,120,1090.0,130800.0
2020-02-19,2020021901005059,WOMI,45,46,50,1090.0,54500.0
2020-02-19,2020021901006959,AHPC,42,26,49,97.0,4753.0
2020-02-19,2020021901006958,AHPC,57,26,50,97.0,4850.0
2020-02-19,2020021901006965,ALBSL,22,45,50,816.0,40800.0
2020-02-19,2020021901006964,ALBSL,22,1,50,816.0,40800.0
2020-02-19,2020021901006963,ALBSL,22,25,300,815.0,244500.0
2020-02-19,2020021901006962,ALBSL,22,33,208,812.0,168896.0
2020-02-19,2020021901006911,ALBSL,26,25,100,810.0,81000.0
2020-02-19,2020021901006910,ALBSL,26,32,200,810.0,162000.0
2020-02-19,2020021901006909,ALBSL,26,16,100,809.0,80900.0
2020-02-19,2020021901006908,ALBSL,26,17,11,808.0,8888.0
2020-02-19,2020021901006907,ALBSL,26,49,10,808.0,8080.0
2020-02-19,2020021901006906,ALBSL,26,45,11,800.0,8800.0
2020-02-19,2020021901007025,ALICL,38,5,67,633.0,42411.0
2020-02-19,2020021901007024,ALICL,38,57,200,633.0,126600.0
2020-02-19,2020021901007023,ALICL,38,50,100,633.0,63300.0
2020-02-19,2020021901007022,ALICL,38,33,133,633.0,84189.0
2020-02-19,2020021901006998,BOKL,39,29,300,237.0,71100.0
2020-02-19,2020021901006997,BOKL,52,29,190,237.0,45030.0
2020-02-19,2020021901007035,BPCL,26,3,50,359.0,17950.0
2020-02-19,2020021901006889,BPCL,45,34,898,360.0,323280.0
2020-02-19,2020021901006888,BPCL,45,35,33,360.0,11880.0
2020-02-19,2020021901006887,BPCL,45,21,50,359.0,17950.0
2020-02-19,2020021901006886,BPCL,45,32,22,359.0,7898.0
2020-02-19,2020021901006611,CBBL,14,44,300,1150.0,345000.0
2020-02-19,2020021901006610,CBBL,14,51,200,1149.0,229800.0
2020-02-19,2020021901006776,CBL,44,58,500,153.0,76500.0
2020-02-19,2020021901006775,CBL,45,58,422,153.0,64566.0
2020-02-19,2020021901007026,CCBL,46,13,183,186.0,34038.0
2020-02-19,2020021901006835,CCBL,46,7,121,186.0,22506.0
2020-02-19,2020021901006786,CIT,45,48,50,2730.0,136500.0
2020-02-19,2020021901006785,CIT,19,48,50,2731.0,136550.0
2020-02-19,2020021901006699,CIT,52,34,50,2748.0,137400.0
2020-02-19,2020021901006698,CIT,52,17,80,2744.0,219520.0
2020-02-19,2020021901006756,CZBIL,46,7,913,199.0,181687.0
2020-02-19,2020021901006705,CZBIL,45,45,101,198.0,19998.0
2020-02-19,2020021901006685,DDBL,41,45,100,918.0,91800.0
2020-02-19,2020021901006684,DDBL,41,46,50,918.0,45900.0
2020-02-19,2020021901006683,DDBL,41,33,500,918.0,459000.0
2020-02-19,2020021901006682,DDBL,41,25,50,918.0,45900.0
2020-02-19,2020021901006661,DDBL,41,49,500,916.0,458000.0
2020-02-19,2020021901006660,DDBL,41,37,100,916.0,91600.0
2020-02-19,2020021901006569,DDBL,25,48,10,909.0,9090.0
2020-02-19,2020021901006575,DDBL,25,43,100,915.0,91500.0
2020-02-19,2020021901006574,DDBL,25,41,500,915.0,457500.0
2020-02-19,2020021901006573,DDBL,25,54,100,914.0,91400.0
2020-02-19,2020021901006572,DDBL,25,41,30,914.0,27420.0
2020-02-19,2020021901006571,DDBL,25,32,100,913.0,91300.0
2020-02-19,2020021901006570,DDBL,25,51,10,910.0,9100.0
2020-02-19,2020021901006700,EBL,50,32,300,666.0,199800.0
2020-02-19,2020021901006681,EBL,50,32,87,666.0,57942.0
2020-02-19,2020021901006809,EIC,38,56,940,443.0,416420.0
2020-02-19,2020021901006808,EIC,13,56,80,443.0,35440.0
2020-02-19,2020021901006807,EIC,19,56,100,444.0,44400.0
2020-02-19,2020021901006806,EIC,38,56,150,444.0,66600.0
2020-02-19,2020021901007053,FMDBL,38,44,186,505.0,93930.0
2020-02-19,2020021901007038,FMDBL,36,44,50,505.0,25250.0
2020-02-19,2020021901007030,FMDBL,36,41,100,506.0,50600.0
2020-02-19,2020021901006995,FMDBL,36,26,50,505.0,25250.0
2020-02-19,2020021901006846,FMDBL,29,59,300,505.0,151500.0
2020-02-19,2020021901006805,FMDBL,50,39,50,506.0,25300.0
2020-02-19,2020021901006702,FMDBL,38,26,200,502.0,100400.0
2020-02-19,2020021901006701,FMDBL,38,55,500,502.0,251000.0
2020-02-19,2020021901006711,FMDBL,57,26,148,504.0,74592.0
2020-02-19,2020021901006710,FMDBL,57,4,234,504.0,117936.0
2020-02-19,2020021901006709,FMDBL,57,39,200,503.0,100600.0
2020-02-19,2020021901006708,FMDBL,57,37,300,503.0,150900.0
2020-02-19,2020021901006707,FMDBL,57,13,20,501.0,10020.0
2020-02-19,2020021901006704,FMDBL,13,28,500,500.0,250000.0
2020-02-19,2020021901006717,FMDBL,57,28,386,505.0,194930.0
2020-02-19,2020021901006716,FMDBL,57,17,100,505.0,50500.0
2020-02-19,2020021901006715,FMDBL,57,45,100,505.0,50500.0
2020-02-19,2020021901006714,FMDBL,57,42,12,505.0,6060.0
2020-02-19,2020021901006713,FMDBL,57,48,300,504.0,151200.0
2020-02-19,2020021901006712,FMDBL,57,40,200,504.0,100800.0
2020-02-19,2020021901006804,FMDBL,50,42,205,506.0,103730.0
2020-02-19,2020021901006803,FMDBL,50,17,50,506.0,25300.0
2020-02-19,2020021901006802,FMDBL,50,17,20,506.0,10120.0
2020-02-19,2020021901006801,FMDBL,50,49,63,506.0,31878.0
2020-02-19,2020021901006760,FMDBL,29,28,64,505.0,32320.0
2020-02-19,2020021901006733,FMDBL,57,28,50,505.0,25250.0
2020-02-19,2020021901006567,FOWAD,43,25,150,1632.0,244800.0
2020-02-19,2020021901006566,FOWAD,43,49,10,1632.0,16320.0
2020-02-19,2020021901006565,FOWAD,43,51,40,1632.0,65280.0
2020-02-19,2020021901006564,FOWAD,43,29,100,1630.0,163000.0
2020-02-19,2020021901006563,FOWAD,43,55,100,1630.0,163000.0
2020-02-19,2020021901006562,FOWAD,43,41,10,1630.0,16300.0
2020-02-19,2020021901006555,FOWAD,43,22,27,1620.0,43740.0
2020-02-19,2020021901006554,FOWAD,43,35,19,1607.0,30533.0
2020-02-19,2020021901006561,FOWAD,43,40,15,1630.0,24450.0
2020-02-19,2020021901006560,FOWAD,43,53,30,1629.0,48870.0
2020-02-19,2020021901006559,FOWAD,43,53,50,1621.0,81050.0
2020-02-19,2020021901006558,FOWAD,43,40,38,1621.0,61598.0
2020-02-19,2020021901006557,FOWAD,43,49,50,1621.0,81050.0
2020-02-19,2020021901006556,FOWAD,43,10,200,1620.0,324000.0
2020-02-19,2020021901006718,GBIME,58,45,10,286.0,2860.0
2020-02-19,2020021901006568,GBIME,58,56,55,286.0,15730.0
2020-02-19,2020021901007021,GBLBS,49,44,510,528.0,269280.0
2020-02-19,2020021901007020,GBLBS,49,38,300,527.0,158100.0
2020-02-19,2020021901006942,GBLBS,49,44,100,528.0,52800.0
2020-02-19,2020021901006941,GBLBS,49,47,200,528.0,105600.0
2020-02-19,2020021901006922,GBLBS,19,44,90,528.0,47520.0
2020-02-19,2020021901006853,GBLBS,19,4,10,528.0,5280.0
2020-02-19,2020021901006777,GBLBS,41,4,90,528.0,47520.0
2020-02-19,2020021901006769,GBLBS,38,4,50,528.0,26400.0
2020-02-19,2020021901006647,GBLBS,1,33,42,525.0,22050.0
2020-02-19,2020021901006646,GBLBS,39,33,150,526.0,78900.0
2020-02-19,2020021901006604,GBLBS,52,44,140,529.0,74060.0
2020-02-19,2020021901006603,GBLBS,52,17,60,529.0,31740.0
2020-02-19,2020021901006999,GFCL,55,41,200,160.0,32000.0
2020-02-19,2020021901006794,GFCL,55,20,50,157.0,7850.0
2020-02-19,2020021901006793,GFCL,55,59,30,157.0,4710.0
2020-02-19,2020021901006792,GFCL,55,50,470,155.0,72850.0
2020-02-19,2020021901006791,GFCL,55,11,100,155.0,15500.0
2020-02-19,2020021901006790,GFCL,55,13,275,154.0,42350.0
2020-02-19,2020021901006616,GFCL,29,13,900,154.0,138600.0
2020-02-19,2020021901006882,GGBSL,22,42,10,903.0,9030.0
2020-02-19,2020021901006822,GLBSL,48,25,10,805.0,8050.0
2020-02-19,2020021901007042,GLICL,45,42,25,812.0,20300.0
2020-02-19,2020021901007041,GLICL,45,5,100,811.0,81100.0
2020-02-19,2020021901007040,GLICL,45,5,45,811.0,36495.0
2020-02-19,2020021901006979,GLICL,45,38,18,811.0,14598.0
2020-02-19,2020021901007014,GMFBS,14,28,10,999.0,9990.0
2020-02-19,2020021901007013,GMFBS,14,52,10,999.0,9990.0
2020-02-19,2020021901007012,GMFBS,14,39,100,995.0,99500.0
2020-02-19,2020021901007011,GMFBS,14,54,10,995.0,9950.0
2020-02-19,2020021901007010,GMFBS,14,35,120,995.0,119400.0
2020-02-19,2020021901007009,GMFBS,14,28,50,995.0,49750.0
2020-02-19,2020021901007008,GMFBS,14,25,100,994.0,99400.0
2020-02-19,2020021901007007,GMFBS,14,22,50,993.0,49650.0
2020-02-19,2020021901007006,GMFBS,14,7,10,990.0,9900.0
2020-02-19,2020021901007005,GMFBS,14,14,10,990.0,9900.0
2020-02-19,2020021901007004,GMFBS,14,58,10,990.0,9900.0
2020-02-19,2020021901007003,GMFBS,14,1,20,989.0,19780.0
2020-02-19,2020021901006983,GRDBL,34,47,50,135.0,6750.0
2020-02-19,2020021901006720,HBL,59,33,105,574.0,60270.0
2020-02-19,2020021901006696,HBL,49,45,1000,576.0,576000.0
2020-02-19,2020021901006695,HBL,49,52,400,576.0,230400.0
2020-02-19,2020021901006694,HBL,49,59,100,575.0,57500.0
2020-02-19,2020021901006693,HBL,49,17,100,575.0,57500.0
2020-02-19,2020021901006692,HBL,49,21,500,575.0,287500.0
2020-02-19,2020021901006691,HBL,49,51,10,575.0,5750.0
2020-02-19,2020021901007029,HDL,42,39,115,1446.0,166290.0
2020-02-19,2020021901007019,HDL,53,39,300,1446.0,433800.0
2020-02-19,2020021901006994,HDL,17,45,60,1445.0,86700.0
2020-02-19,2020021901006851,HDL,38,51,500,1446.0,723000.0
2020-02-19,2020021901006721,HDL,59,51,100,1446.0,144600.0
2020-02-19,2020021901006706,HDL,53,51,400,1446.0,578400.0
2020-02-19,2020021901006648,HDL,56,39,50,1446.0,72300.0
2020-02-19,2020021901006620,HDL,29,39,450,1446.0,650700.0
2020-02-19,2020021901006619,HDL,29,17,50,1446.0,72300.0
2020-02-19,2020021901006895,HGI,52,50,150,443.0,66450.0
2020-02-19,2020021901006920,HIDCL,35,52,31,137.0,4247.0
2020-02-19,2020021901006940,HPPL,39,10,10,153.0,1530.0
2020-02-19,2020021901007034,HURJA,26,26,20,107.0,2140.0
2020-02-19,2020021901007033,HURJA,26,51,20,107.0,2140.0
2020-02-19,2020021901006896,ICFC,52,28,10,187.0,1870.0
2020-02-19,2020021901006788,ICFC,52,50,500,185.0,92500.0
2020-02-19,2020021901006787,ICFC,52,4,1000,185.0,185000.0
2020-02-19,2020021901006871,ILBS,19,41,20,943.0,18860.0
2020-02-19,2020021901006855,ILBS,55,14,100,940.0,94000.0
2020-02-19,2020021901006845,ILBS,55,41,10,943.0,9430.0
2020-02-19,2020021901006844,ILBS,55,57,10,936.0,9360.0
2020-02-19,2020021901006843,ILBS,55,41,550,936.0,514800.0
2020-02-19,2020021901006637,ILBS,55,14,100,935.0,93500.0
2020-02-19,2020021901006624,ILBS,55,6,10,930.0,9300.0
2020-02-19,2020021901006623,ILBS,55,49,20,930.0,18600.0
2020-02-19,2020021901006622,ILBS,55,43,40,929.0,37160.0
2020-02-19,2020021901006621,ILBS,55,40,60,928.0,55680.0
2020-02-19,2020021901006630,ILBS,55,48,50,934.0,46700.0
2020-02-19,2020021901006629,ILBS,55,38,100,930.0,93000.0
2020-02-19,2020021901006628,ILBS,55,50,10,930.0,9300.0
2020-02-19,2020021901006627,ILBS,55,28,10,930.0,9300.0
2020-02-19,2020021901006626,ILBS,55,54,10,930.0,9300.0
2020-02-19,2020021901006625,ILBS,55,39,10,930.0,9300.0
2020-02-19,2020021901006636,ILBS,55,19,10,935.0,9350.0
2020-02-19,2020021901006635,ILBS,55,21,10,935.0,9350.0
2020-02-19,2020021901006634,ILBS,55,33,50,935.0,46750.0
2020-02-19,2020021901006633,ILBS,55,39,100,935.0,93500.0
2020-02-19,2020021901006632,ILBS,55,54,10,935.0,9350.0
2020-02-19,2020021901006631,ILBS,55,28,50,935.0,46750.0
2020-02-19,2020021901006840,JBBL,59,7,89,192.0,17088.0
2020-02-19,2020021901006591,JBBL,59,57,100,192.0,19200.0
2020-02-19,2020021901006590,JBBL,59,58,300,192.0,57600.0
2020-02-19,2020021901006961,JSLBB,56,57,70,1845.0,129150.0
2020-02-19,2020021901006874,JSLBB,7,57,100,1845.0,184500.0
2020-02-19,2020021901006831,JSLBB,48,57,70,1845.0,129150.0
2020-02-19,2020021901006830,JSLBB,48,29,30,1840.0,55200.0
2020-02-19,2020021901006642,JSLBB,51,29,70,1840.0,128800.0
2020-02-19,2020021901006970,KBL,43,4,1000,197.0,197000.0
2020-02-19,2020021901006754,KBL,11,19,1000,197.0,197000.0
2020-02-19,2020021901006747,KBL,58,45,5,197.0,985.0
2020-02-19,2020021901006746,KBL,59,45,70,197.0,13790.0
2020-02-19,2020021901006638,KPCL,16,42,10,106.0,1060.0
2020-02-19,2020021901006607,KPCL,16,42,10,106.0,1060.0
2020-02-19,2020021901006596,KPCL,16,26,10,106.0,1060.0
2020-02-19,2020021901006592,KPCL,16,42,10,106.0,1060.0
2020-02-19,2020021901006828,KSBBL,21,29,726,173.0,125598.0
2020-02-19,2020021901006827,KSBBL,21,22,135,173.0,23355.0
2020-02-19,2020021901006826,KSBBL,21,14,522,173.0,90306.0
2020-02-19,2020021901006825,KSBBL,21,57,17,172.0,2924.0
2020-02-19,2020021901006765,LBL,32,45,423,230.0,97290.0
2020-02-19,2020021901006842,LLBS,47,28,100,1223.0,122300.0
2020-02-19,2020021901006884,LVF1,22,11,20000,9.63,192600.0
2020-02-19,2020021901006745,MBL,46,51,1000,240.0,240000.0
2020-02-19,2020021901006673,MDB,4,37,200,363.0,72600.0
2020-02-19,2020021901006672,MDB,4,17,150,363.0,54450.0
2020-02-19,2020021901006671,MDB,4,35,50,363.0,18150.0
2020-02-19,2020021901006670,MDB,4,1,100,361.0,36100.0
2020-02-19,2020021901006669,MDB,4,49,500,361.0,180500.0
2020-02-19,2020021901006668,MDB,4,37,71,358.0,25418.0
2020-02-19,2020021901007016,MERO,56,46,100,695.0,69500.0
2020-02-19,2020021901006981,MERO,56,46,200,695.0,139000.0
2020-02-19,2020021901006969,MERO,40,43,500,690.0,345000.0
2020-02-19,2020021901006968,MERO,40,48,50,690.0,34500.0
2020-02-19,2020021901006967,MERO,40,46,200,690.0,138000.0
2020-02-19,2020021901006850,MERO,34,19,200,685.0,137000.0
2020-02-19,2020021901006680,MERO,43,8,87,686.0,59682.0
2020-02-19,2020021901006679,MERO,43,34,13,686.0,8918.0
2020-02-19,2020021901006933,MERO,56,44,100,689.0,68900.0
2020-02-19,2020021901006900,MERO,29,44,100,689.0,68900.0
2020-02-19,2020021901006883,MERO,38,8,752,686.0,515872.0
2020-02-19,2020021901006881,MERO,49,8,400,686.0,274400.0
2020-02-19,2020021901006870,MERO,56,8,200,686.0,137200.0
2020-02-19,2020021901006869,MERO,49,8,500,686.0,343000.0
2020-02-19,2020021901006949,MLBBL,58,48,50,883.0,44150.0
2020-02-19,2020021901006948,MLBBL,58,50,250,868.0,217000.0
2020-02-19,2020021901006947,MLBBL,58,52,17,868.0,14756.0
2020-02-19,2020021901006946,MLBBL,58,32,10,868.0,8680.0
2020-02-19,2020021901006945,MLBBL,58,28,50,868.0,43400.0
2020-02-19,2020021901006912,MLBBL,49,39,30,867.0,26010.0
2020-02-19,2020021901006877,MLBBL,49,35,50,867.0,43350.0
2020-02-19,2020021901006650,MLBBL,49,5,100,866.0,86600.0
2020-02-19,2020021901006649,MLBBL,49,38,10,860.0,8600.0
2020-02-19,2020021901006867,MNBBL,46,16,645,331.0,213495.0
2020-02-19,2020021901006866,MNBBL,46,32,355,331.0,117505.0
2020-02-19,2020021901006609,MNBBL,6,16,100,331.0,33100.0
2020-02-19,2020021901006849,MPFL,42,17,100,123.0,12300.0
2020-02-19,2020021901006848,MPFL,58,17,1417,123.0,174291.0
2020-02-19,2020021901006839,MPFL,58,6,483,123.0,59409.0
2020-02-19,2020021901006757,MPFL,58,58,100,123.0,12300.0
2020-02-19,2020021901006753,MSMBS,26,21,70,847.0,59290.0
2020-02-19,2020021901006752,MSMBS,26,45,25,845.0,21125.0
2020-02-19,2020021901007028,NABIL,25,32,50,750.0,37500.0
2020-02-19,2020021901006726,NABIL,19,43,242,749.0,181258.0
2020-02-19,2020021901006725,NABIL,54,43,958,749.0,717542.0
2020-02-19,2020021901006724,NABIL,57,43,100,750.0,75000.0
2020-02-19,2020021901006640,NABIL,56,44,120,750.0,90000.0
2020-02-19,2020021901006639,NABIL,56,32,80,750.0,60000.0
2020-02-19,2020021901006606,NABIL,45,32,100,750.0,75000.0
2020-02-19,2020021901006586,NABIL,22,32,10,750.0,7500.0
2020-02-19,2020021901006990,NADEP,59,54,100,780.0,78000.0
2020-02-19,2020021901006989,NADEP,59,59,20,780.0,15600.0
2020-02-19,2020021901006988,NADEP,59,42,20,780.0,15600.0
2020-02-19,2020021901006987,NADEP,59,41,23,780.0,17940.0
2020-02-19,2020021901006986,NADEP,59,38,30,780.0,23400.0
2020-02-19,2020021901006985,NADEP,59,56,23,780.0,17940.0
2020-02-19,2020021901006984,NADEP,59,44,13,779.0,10127.0
2020-02-19,2020021901006834,NADEP,17,44,267,779.0,207993.0
2020-02-19,2020021901006833,NADEP,17,21,13,778.0,10114.0
2020-02-19,2020021901006868,NBL,5,34,2264,270.0,611280.0
2020-02-19,2020021901006841,NBL,5,34,1500,270.0,405000.0
2020-02-19,2020021901006823,NBL,4,34,100,270.0,27000.0
2020-02-19,2020021901006778,NBL,34,34,500,270.0,135000.0
2020-02-19,2020021901006690,NBL,50,34,100,270.0,27000.0
2020-02-19,2020021901006678,NBL,33,34,200,270.0,54000.0
2020-02-19,2020021901007039,NCCB,44,48,300,195.0,58500.0
2020-02-19,2020021901006880,NCCB,21,46,50,196.0,9800.0
2020-02-19,2020021901006956,NGPL,37,52,101,137.0,13837.0
2020-02-19,2020021901006955,NGPL,6,52,55,137.0,7535.0
2020-02-19,2020021901006903,NGPL,6,52,95,137.0,13015.0
2020-02-19,2020021901006902,NGPL,33,52,61,137.0,8357.0
2020-02-19,2020021901006859,NGPL,58,7,764,139.0,106196.0
2020-02-19,2020021901006795,NHPC,36,45,10,60.0,600.0
2020-02-19,2020021901006772,NHPC,36,45,10,60.0,600.0
2020-02-19,2020021901006763,NHPC,36,45,10,60.0,600.0
2020-02-19,2020021901006930,NIB,56,45,243,386.0,93798.0
2020-02-19,2020021901006929,NIB,56,45,968,386.0,373648.0
2020-02-19,2020021901006928,NIB,48,45,32,386.0,12352.0
2020-02-19,2020021901006927,NIB,48,25,100,386.0,38600.0
2020-02-19,2020021901007037,NICA,50,36,330,547.0,180510.0
2020-02-19,2020021901007036,NICA,48,36,1170,547.0,639990.0
2020-02-19,2020021901006982,NICA,46,28,100,548.0,54800.0
2020-02-19,2020021901006966,NICA,45,28,100,548.0,54800.0
2020-02-19,2020021901006932,NICA,48,36,1830,547.0,1001010.0
2020-02-19,2020021901006931,NICA,35,36,170,547.0,92990.0
2020-02-19,2020021901006667,NICA,32,49,50,548.0,27400.0
2020-02-19,2020021901006665,NICA,45,45,80,547.0,43760.0
2020-02-19,2020021901006767,NICA,57,29,332,548.0,181936.0
2020-02-19,2020021901006744,NICA,14,29,140,548.0,76720.0
2020-02-19,2020021901006743,NICA,14,19,1200,548.0,657600.0
2020-02-19,2020021901006742,NICA,14,11,100,548.0,54800.0
2020-02-19,2020021901006741,NICA,14,21,10,548.0,5480.0
2020-02-19,2020021901006740,NICA,14,49,550,548.0,301400.0
2020-02-19,2020021901006924,NICA,35,5,80,547.0,43760.0
2020-02-19,2020021901006923,NICA,45,5,338,547.0,184886.0
2020-02-19,2020021901006885,NICA,45,45,166,547.0,90802.0
2020-02-19,2020021901006873,NICA,41,28,472,548.0,258656.0
2020-02-19,2020021901006872,NICA,41,29,28,548.0,15344.0
2020-02-19,2020021901006824,NICA,41,29,500,548.0,274000.0
2020-02-19,2020021901006594,NICGF,42,55,5000,9.51,47550.0
2020-02-19,2020021901007052,NIL,42,34,447,610.0,272670.0
2020-02-19,2020021901007051,NIL,42,49,200,610.0,122000.0
2020-02-19,2020021901007050,NIL,42,5,11,610.0,6710.0
2020-02-19,2020021901007049,NIL,42,42,30,610.0,18300.0
2020-02-19,2020021901007048,NIL,42,48,112,610.0,68320.0
2020-02-19,2020021901007047,NIL,42,42,200,610.0,122000.0
2020-02-19,2020021901006588,NIL,14,46,300,606.0,181800.0
2020-02-19,2020021901006751,NIL,56,7,700,607.0,424900.0
2020-02-19,2020021901006750,NIL,56,53,157,607.0,95299.0
2020-02-19,2020021901006749,NIL,56,16,950,607.0,576650.0
2020-02-19,2020021901006664,NIL,5,35,900,606.0,545400.0
2020-02-19,2020021901006651,NIL,37,35,100,606.0,60600.0
2020-02-19,2020021901006589,NIL,14,46,500,606.0,303000.0
2020-02-19,2020021901006976,NIL,49,48,500,608.0,304000.0
2020-02-19,2020021901006975,NIL,49,59,500,608.0,304000.0
2020-02-19,2020021901006926,NIL,42,53,500,608.0,304000.0
2020-02-19,2020021901006904,NIL,42,53,500,608.0,304000.0
2020-02-19,2020021901006829,NIL,42,35,500,607.0,303500.0
2020-02-19,2020021901006784,NIL,42,35,500,607.0,303500.0
2020-02-19,2020021901006925,NLBBL,49,49,596,856.0,510176.0
2020-02-19,2020021901006764,NLBBL,34,40,200,864.0,172800.0
2020-02-19,2020021901006659,NLBBL,44,53,70,865.0,60550.0
2020-02-19,2020021901006643,NLBBL,44,58,50,865.0,43250.0
2020-02-19,2020021901006602,NLBBL,44,56,10,865.0,8650.0
2020-02-19,2020021901006601,NLBBL,44,16,200,865.0,173000.0
2020-02-19,2020021901006600,NLBBL,44,32,10,861.0,8610.0
2020-02-19,2020021901006599,NLBBL,44,37,500,860.0,430000.0
2020-02-19,2020021901006598,NLBBL,44,4,300,860.0,258000.0
2020-02-19,2020021901006597,NLBBL,44,56,10,860.0,8600.0
2020-02-19,2020021901006856,NLG,10,44,25,725.0,18125.0
2020-02-19,2020021901006847,NLG,14,38,750,724.0,543000.0
2020-02-19,2020021901006774,NLG,10,7,140,723.0,101220.0
2020-02-19,2020021901006773,NLG,10,1,60,723.0,43380.0
2020-02-19,2020021901006993,NLIC,34,49,57,1195.0,68115.0
2020-02-19,2020021901006992,NLIC,34,47,35,1195.0,41825.0
2020-02-19,2020021901006991,NLIC,34,53,108,1195.0,129060.0
2020-02-19,2020021901006858,NLIC,45,53,150,1195.0,179250.0
2020-02-19,2020021901006857,NLIC,45,35,50,1194.0,59700.0
2020-02-19,2020021901006821,NLIC,10,35,50,1194.0,59700.0
2020-02-19,2020021901006738,NLIC,17,53,110,1195.0,131450.0
2020-02-19,2020021901006688,NLIC,35,53,60,1195.0,71700.0
2020-02-19,2020021901006645,NLIC,45,53,72,1195.0,86040.0
2020-02-19,2020021901006644,NLIC,45,37,28,1194.0,33432.0
2020-02-19,2020021901006618,NLIC,57,57,10,1194.0,11940.0
2020-02-19,2020021901006617,NLIC,57,57,22,1194.0,26268.0
2020-02-19,2020021901006974,NMB,58,1,1000,410.0,410000.0
2020-02-19,2020021901006954,NMB,54,19,50,410.0,20500.0
2020-02-19,2020021901006953,NMB,54,11,150,410.0,61500.0
2020-02-19,2020021901006952,NMB,54,21,150,410.0,61500.0
2020-02-19,2020021901006951,NMB,54,52,41,410.0,16810.0
2020-02-19,2020021901006950,NMB,54,6,108,410.0,44280.0
2020-02-19,2020021901006703,NMB,58,45,19,409.0,7771.0
2020-02-19,2020021901006852,NMBMF,26,16,150,963.0,144450.0
2020-02-19,2020021901006585,NMBMF,56,10,10,963.0,9630.0
2020-02-19,2020021901006584,NMBMF,56,28,91,961.0,87451.0
2020-02-19,2020021901006583,NMBMF,56,34,300,961.0,288300.0
2020-02-19,2020021901006582,NMBMF,56,10,100,961.0,96100.0
2020-02-19,2020021901006581,NMBMF,56,34,10,961.0,9610.0
2020-02-19,2020021901006580,NMBMF,56,14,10,961.0,9610.0
2020-02-19,2020021901006579,NMBMF,56,48,131,961.0,125891.0
2020-02-19,2020021901006578,NMBMF,56,14,200,960.0,192000.0
2020-02-19,2020021901006577,NMBMF,56,38,83,955.0,79265.0
2020-02-19,2020021901007018,NMFBS,36,14,15,1700.0,25500.0
2020-02-19,2020021901007017,NMFBS,36,7,95,1700.0,161500.0
2020-02-19,2020021901006944,NMFBS,33,52,15,1699.0,25485.0
2020-02-19,2020021901006943,NMFBS,33,40,13,1698.0,22074.0
2020-02-19,2020021901006897,NSEWA,43,42,10,814.0,8140.0
2020-02-19,2020021901007032,PCBL,8,4,180,288.0,51840.0
2020-02-19,2020021901007031,PCBL,8,34,820,288.0,236160.0
2020-02-19,2020021901007015,PCBL,10,34,70,288.0,20160.0
2020-02-19,2020021901006918,PCBL,10,34,70,288.0,20160.0
2020-02-19,2020021901006727,PCBL,4,45,64,286.0,18304.0
2020-02-19,2020021901006723,PCBL,13,1,100,287.0,28700.0
2020-02-19,2020021901006722,PCBL,13,11,900,287.0,258300.0
2020-02-19,2020021901006593,PCBL,11,34,50,286.0,14300.0
2020-02-19,2020021901006854,PIC,17,16,300,659.0,197700.0
2020-02-19,2020021901006737,PIC,41,16,112,659.0,73808.0
2020-02-19,2020021901006736,PIC,41,26,108,659.0,71172.0
2020-02-19,2020021901006735,PIC,41,59,40,657.0,26280.0
2020-02-19,2020021901006980,PRIN,35,40,490,494.0,242060.0
2020-02-19,2020021901006662,PRIN,14,6,330,493.0,162690.0
2020-02-19,2020021901006641,PRIN,22,6,150,493.0,73950.0
2020-02-19,2020021901006905,PRVU,58,46,17,250.0,4250.0
2020-02-19,2020021901006739,PRVU,58,10,145,250.0,36250.0
2020-02-19,2020021901006894,RHPC,55,7,18,89.0,1602.0
2020-02-19,2020021901006595,RHPL,49,41,10,166.0,1660.0
2020-02-19,2020021901006936,RMDC,49,37,168,780.0,131040.0
2020-02-19,2020021901006935,RMDC,49,42,20,780.0,15600.0
2020-02-19,2020021901006934,RMDC,49,13,12,775.0,9300.0
2020-02-19,2020021901006879,RMDC,7,8,100,770.0,77000.0
2020-02-19,2020021901006878,RMDC,7,21,20,770.0,15400.0
2020-02-19,2020021901006782,RMDC,7,21,230,770.0,177100.0
2020-02-19,2020021901006781,RMDC,7,46,20,770.0,15400.0
2020-02-19,2020021901006780,RMDC,7,28,50,770.0,38500.0
2020-02-19,2020021901006779,RMDC,7,16,200,770.0,154000.0
2020-02-19,2020021901006771,RMDC,26,16,300,770.0,231000.0
2020-02-19,2020021901006770,RMDC,26,19,200,768.0,153600.0
2020-02-19,2020021901006755,RMDC,34,52,201,767.0,154167.0
2020-02-19,2020021901006608,RRHP,45,41,10,102.0,1020.0
2020-02-19,2020021901006663,RSDC,19,59,250,512.0,128000.0
2020-02-19,2020021901006658,RSDC,58,59,50,512.0,25600.0
2020-02-19,2020021901006657,RSDC,58,14,50,505.0,25250.0
2020-02-19,2020021901006615,RSDC,56,45,100,502.0,50200.0
2020-02-19,2020021901006614,RSDC,56,32,50,502.0,25100.0
2020-02-19,2020021901006613,RSDC,56,16,100,502.0,50200.0
2020-02-19,2020021901006612,RSDC,56,41,110,499.0,54890.0
2020-02-19,2020021901006719,SABSL,16,7,100,950.0,95000.0
2020-02-19,2020021901006917,SADBL,32,45,92,170.0,15640.0
2020-02-19,2020021901006916,SADBL,49,45,213,171.0,36423.0
2020-02-19,2020021901006937,SANIMA,49,45,305,357.0,108885.0
2020-02-19,2020021901006836,SANIMA,57,52,500,359.0,179500.0
2020-02-19,2020021901006697,SANIMA,38,55,55,358.0,19690.0
2020-02-19,2020021901006899,SBI,13,28,1000,426.0,426000.0
2020-02-19,2020021901006898,SBI,52,28,100,426.0,42600.0
2020-02-19,2020021901007046,SBL,28,40,138,323.0,44574.0
2020-02-19,2020021901007045,SBL,28,19,2000,323.0,646000.0
2020-02-19,2020021901007044,SBL,28,6,805,323.0,260015.0
2020-02-19,2020021901007043,SBL,28,50,57,323.0,18411.0
2020-02-19,2020021901006973,SBL,44,28,296,321.0,95016.0
2020-02-19,2020021901006972,SBL,4,28,721,321.0,231441.0
2020-02-19,2020021901006939,SBL,4,28,1124,321.0,360804.0
2020-02-19,2020021901006938,SBL,36,28,200,322.0,64400.0
2020-02-19,2020021901006783,SBL,36,1,800,322.0,257600.0
2020-02-19,2020021901006759,SBL,46,1,700,322.0,225400.0
2020-02-19,2020021901006758,SBL,46,1,300,322.0,96600.0
2020-02-19,2020021901006748,SBL,4,45,10,321.0,3210.0
2020-02-19,2020021901006996,SCB,41,56,20,645.0,12900.0
2020-02-19,2020021901006838,SDESI,43,40,200,973.0,194600.0
2020-02-19,2020021901006837,SDESI,43,51,100,973.0,97300.0
2020-02-19,2020021901006811,SHINE,39,13,100,300.0,30000.0
2020-02-19,2020021901006810,SHINE,39,13,200,300.0,60000.0
2020-02-19,2020021901006677,SHIVM,50,52,360,624.0,224640.0
2020-02-19,2020021901006676,SHIVM,36,52,840,624.0,524160.0
2020-02-19,2020021901006675,SHIVM,34,52,500,625.0,312500.0
2020-02-19,2020021901007027,SICL,11,14,50,1245.0,62250.0
2020-02-19,2020021901006768,SICL,43,32,730,1240.0,905200.0
2020-02-19,2020021901006960,SIL,44,20,100,588.0,58800.0
2020-02-19,2020021901006921,SKBBL,14,35,100,1240.0,124000.0
2020-02-19,2020021901006914,SKBBL,14,35,110,1240.0,136400.0
2020-02-19,2020021901006913,SKBBL,21,35,100,1240.0,124000.0
2020-02-19,2020021901006876,SKBBL,5,35,290,1240.0,359600.0
2020-02-19,2020021901006875,SKBBL,5,21,10,1235.0,12350.0
2020-02-19,2020021901006734,SLBBL,51,48,200,980.0,196000.0
2020-02-19,2020021901006587,SLBBL,6,38,200,988.0,197600.0
2020-02-19,2020021901006800,SLBSL,6,40,10,1018.0,10180.0
2020-02-19,2020021901006799,SLBSL,6,47,10,1015.0,10150.0
2020-02-19,2020021901006798,SLBSL,6,46,100,1015.0,101500.0
2020-02-19,2020021901006797,SLBSL,6,39,10,1010.0,10100.0
2020-02-19,2020021901006796,SLBSL,6,11,100,1009.0,100900.0
2020-02-19,2020021901006789,SLBSL,6,34,10,1008.0,10080.0
2020-02-19,2020021901006689,SLBSL,34,37,17,989.0,16813.0
2020-02-19,2020021901006919,SLICL,54,57,300,497.0,149100.0
2020-02-19,2020021901006762,SLICL,54,57,210,497.0,104370.0
2020-02-19,2020021901006761,SLICL,54,40,90,497.0,44730.0
2020-02-19,2020021901006820,SMATA,26,16,155,855.0,132525.0
2020-02-19,2020021901006819,SMATA,26,36,55,852.0,46860.0
2020-02-19,2020021901006818,SMATA,26,41,100,851.0,85100.0
2020-02-19,2020021901006817,SMATA,26,29,10,851.0,8510.0
2020-02-19,2020021901006816,SMATA,26,42,10,851.0,8510.0
2020-02-19,2020021901006815,SMATA,26,28,50,851.0,42550.0
2020-02-19,2020021901006654,SMATA,16,19,18,845.0,15210.0
2020-02-19,2020021901006653,SMATA,16,17,300,842.0,252600.0
2020-02-19,2020021901006652,SMATA,16,21,10,840.0,8400.0
2020-02-19,2020021901006605,SMATA,49,35,100,841.0,84100.0
2020-02-19,2020021901006576,SMATA,34,48,10,840.0,8400.0
2020-02-19,2020021901006729,SMATA,41,42,100,850.0,85000.0
2020-02-19,2020021901006728,SMATA,41,25,82,850.0,69700.0
2020-02-19,2020021901006687,SMATA,34,54,50,849.0,42450.0
2020-02-19,2020021901006686,SMATA,34,28,28,847.0,23716.0
2020-02-19,2020021901006656,SMATA,16,28,72,847.0,60984.0
2020-02-19,2020021901006655,SMATA,16,21,100,845.0,84500.0
2020-02-19,2020021901006814,SMATA,26,54,50,851.0,42550.0
2020-02-19,2020021901006813,SMATA,26,34,58,850.0,49300.0
2020-02-19,2020021901006812,SMATA,26,18,12,850.0,10200.0
2020-02-19,2020021901006732,SMATA,41,18,188,850.0,159800.0
2020-02-19,2020021901006731,SMATA,41,56,90,850.0,76500.0
2020-02-19,2020021901006730,SMATA,41,35,40,850.0,34000.0
2020-02-19,2020021901006978,SMFBS,6,14,31,1165.0,36115.0
2020-02-19,2020021901006977,SMFBS,6,34,20,1165.0,23300.0
2020-02-19,2020021901006893,SPARS,16,39,100,970.0,97000.0
2020-02-19,2020021901006892,SPARS,16,13,200,969.0,193800.0
2020-02-19,2020021901006891,SPARS,16,45,10,965.0,9650.0
2020-02-19,2020021901006890,SPARS,16,50,10,965.0,9650.0
2020-02-19,2020021901006832,SPARS,56,13,200,956.0,191200.0
2020-02-19,2020021901006766,SPARS,38,6,10,958.0,9580.0
2020-02-19,2020021901006674,SPDL,13,42,10,101.0,1010.0
2020-02-19,2020021901007002,SWBBL,14,44,274,1352.0,370448.0
2020-02-19,2020021901007001,SWBBL,28,44,126,1353.0,170478.0
2020-02-19,2020021901007000,SWBBL,41,44,200,1354.0,270800.0
2020-02-19,2020021901006915,SWBBL,28,6,174,1353.0,235422.0
2020-02-19,2020021901006901,UFL,49,1,360,180.0,64800.0
2020-02-19,2020021901006666,UIC,20,49,30,444.0,13320.0
2020-02-19,2020021901006971,UMHL,29,18,300,116.0,34800.0
2020-02-19,2020021901006860,UMHL,29,18,200,116.0,23200.0
2020-02-19,2020021901006957,UPCL,17,39,100,80.0,8000.0
2020-02-19,2020021901006865,WOMI,25,37,250,1125.0,281250.0
2020-02-19,2020021901006864,WOMI,25,41,60,1122.0,67320.0
2020-02-19,2020021901006863,WOMI,25,54,67,1122.0,75174.0
2020-02-19,2020021901006862,WOMI,25,42,10,1120.0,11200.0
2020-02-19,2020021901006861,WOMI,25,44,100,1120.0,112000.0
2020-02-19,2020021901008531,ADBL,58,3,104,400.0,41600.0
2020-02-19,2020021901008530,ADBL,58,58,88,399.0,35112.0
2020-02-19,2020021901008486,ADBL,29,58,912,399.0,363888.0
2020-02-19,2020021901008485,ADBL,29,52,338,399.0,134862.0
2020-02-19,2020021901008484,ADBL,29,38,250,399.0,99750.0
2020-02-19,2020021901008444,ADBL,7,7,3,398.0,1194.0
2020-02-19,2020021901008434,ADBL,7,7,3,398.0,1194.0
2020-02-19,2020021901008117,ADBL,22,38,250,399.0,99750.0
2020-02-19,2020021901008504,AKPL,17,40,500,136.0,68000.0
2020-02-19,2020021901008503,AKPL,6,40,500,136.0,68000.0
2020-02-19,2020021901008502,AKPL,58,40,5000,136.0,680000.0
2020-02-19,2020021901008501,AKPL,49,40,227,136.0,30872.0
2020-02-19,2020021901008175,AKPL,49,35,10,136.0,1360.0
2020-02-19,2020021901008177,AKPL,49,41,13,136.0,1768.0
2020-02-19,2020021901008474,ALBSL,34,25,200,825.0,165000.0
2020-02-19,2020021901008473,ALBSL,34,58,93,825.0,76725.0
2020-02-19,2020021901008139,ALBSL,34,54,11,810.0,8910.0
2020-02-19,2020021901008147,ALBSL,34,58,22,815.0,17930.0
2020-02-19,2020021901008146,ALBSL,34,45,540,814.0,439560.0
2020-02-19,2020021901008145,ALBSL,34,29,100,812.0,81200.0
2020-02-19,2020021901008144,ALBSL,34,29,100,812.0,81200.0
2020-02-19,2020021901008143,ALBSL,34,49,11,812.0,8932.0
2020-02-19,2020021901008370,ALBSL,34,59,11,813.0,8943.0
2020-02-19,2020021901008286,ALBSL,1,11,11,815.0,8965.0
2020-02-19,2020021901008285,ALBSL,1,58,28,815.0,22820.0
2020-02-19,2020021901008284,ALBSL,1,41,50,815.0,40750.0
2020-02-19,2020021901008283,ALBSL,1,45,11,814.0,8954.0
2020-02-19,2020021901008392,ALBSL,34,22,100,815.0,81500.0
2020-02-19,2020021901008375,ALBSL,34,39,46,816.0,37536.0
2020-02-19,2020021901008374,ALBSL,34,34,11,816.0,8976.0
2020-02-19,2020021901008373,ALBSL,34,5,11,815.0,8965.0
2020-02-19,2020021901008372,ALBSL,34,45,11,815.0,8965.0
2020-02-19,2020021901008371,ALBSL,34,55,10,813.0,8130.0
2020-02-19,2020021901008438,ALBSL,34,21,11,819.0,9009.0
2020-02-19,2020021901008437,ALBSL,34,7,74,819.0,60606.0
2020-02-19,2020021901008436,ALBSL,34,56,11,818.0,8998.0
2020-02-19,2020021901008406,ALBSL,34,7,226,819.0,185094.0
2020-02-19,2020021901008405,ALBSL,34,1,100,819.0,81900.0
2020-02-19,2020021901008393,ALBSL,34,43,324,818.0,265032.0
2020-02-19,2020021901008451,ALBSL,39,45,10,820.0,8200.0
2020-02-19,2020021901008450,ALBSL,37,58,69,825.0,56925.0
2020-02-19,2020021901008449,ALBSL,37,39,11,825.0,9075.0
2020-02-19,2020021901008441,ALBSL,34,58,51,820.0,41820.0
2020-02-19,2020021901008440,ALBSL,34,59,100,820.0,82000.0
2020-02-19,2020021901008439,ALBSL,34,39,299,820.0,245180.0
2020-02-19,2020021901008545,ALICL,45,35,224,630.0,141120.0
2020-02-19,2020021901008495,ALICL,45,54,26,630.0,16380.0
2020-02-19,2020021901008261,ALICL,45,54,50,630.0,31500.0
2020-02-19,2020021901008073,ALICL,49,5,233,630.0,146790.0
2020-02-19,2020021901008072,ALICL,49,45,116,630.0,73080.0
2020-02-19,2020021901008071,ALICL,49,35,100,630.0,63000.0
2020-02-19,2020021901008357,API,49,25,400,137.0,54800.0
2020-02-19,2020021901008165,API,49,25,500,137.0,68500.0
2020-02-19,2020021901008163,BBC,43,38,10,1777.0,17770.0
2020-02-19,2020021901008360,BFC,45,21,200,112.0,22400.0
2020-02-19,2020021901008277,BOKL,35,44,264,238.0,62832.0
2020-02-19,2020021901008540,BPCL,37,45,221,360.0,79560.0
2020-02-19,2020021901008471,BPCL,45,43,640,361.0,231040.0
2020-02-19,2020021901008470,BPCL,45,43,140,361.0,50540.0
2020-02-19,2020021901008469,BPCL,45,57,220,361.0,79420.0
2020-02-19,2020021901008456,BPCL,37,6,22,360.0,7920.0
2020-02-19,2020021901008172,BPCL,54,35,11,359.0,3949.0
2020-02-19,2020021901008455,BPCL,37,51,459,360.0,165240.0
2020-02-19,2020021901008431,BPCL,37,51,141,360.0,50760.0
2020-02-19,2020021901008430,BPCL,37,3,359,360.0,129240.0
2020-02-19,2020021901008376,BPCL,36,34,211,359.0,75749.0
2020-02-19,2020021901008288,BPCL,54,34,289,359.0,103751.0
2020-02-19,2020021901008338,CBBL,45,6,30,1135.0,34050.0
2020-02-19,2020021901008214,CBL,17,38,11,153.0,1683.0
2020-02-19,2020021901008213,CBL,17,39,300,153.0,45900.0
2020-02-19,2020021901008212,CBL,17,50,300,153.0,45900.0
2020-02-19,2020021901008130,CBL,39,4,4598,153.0,703494.0
2020-02-19,2020021901008113,CBL,44,49,50,152.0,7600.0
2020-02-19,2020021901008184,CCBL,8,50,200,186.0,37200.0
2020-02-19,2020021901008181,CCBL,8,41,29,186.0,5394.0
2020-02-19,2020021901008129,CCBL,46,22,93,186.0,17298.0
2020-02-19,2020021901008294,CHL,49,55,50,97.0,4850.0
2020-02-19,2020021901008516,CZBIL,8,34,200,198.0,39600.0
2020-02-19,2020021901008515,CZBIL,1,34,500,198.0,99000.0
2020-02-19,2020021901008514,CZBIL,46,34,1000,198.0,198000.0
2020-02-19,2020021901008513,CZBIL,32,34,100,198.0,19800.0
2020-02-19,2020021901008492,DDBL,57,6,50,915.0,45750.0
2020-02-19,2020021901008491,DDBL,57,49,100,915.0,91500.0
2020-02-19,2020021901008490,DDBL,57,17,50,915.0,45750.0
2020-02-19,2020021901008411,DDBL,57,17,100,915.0,91500.0
2020-02-19,2020021901008315,DDBL,39,43,291,915.0,266265.0
2020-02-19,2020021901008314,DDBL,39,47,59,915.0,53985.0
2020-02-19,2020021901008313,DDBL,39,43,100,914.0,91400.0
2020-02-19,2020021901008312,DDBL,39,43,50,914.0,45700.0
2020-02-19,2020021901008110,DDBL,25,29,100,910.0,91000.0
2020-02-19,2020021901008067,DDBL,25,38,100,910.0,91000.0
2020-02-19,2020021901008066,DDBL,34,38,100,910.0,91000.0
2020-02-19,2020021901008335,EBL,19,32,200,666.0,133200.0
2020-02-19,2020021901008534,FMDBL,58,53,894,496.0,443424.0
2020-02-19,2020021901008533,FMDBL,38,53,106,497.0,52682.0
2020-02-19,2020021901008494,FMDBL,26,52,50,499.0,24950.0
2020-02-19,2020021901008493,FMDBL,26,40,450,499.0,224550.0
2020-02-19,2020021901008295,FMDBL,38,40,50,499.0,24950.0
2020-02-19,2020021901008156,FMDBL,45,25,50,495.0,24750.0
2020-02-19,2020021901008138,FMDBL,45,45,375,495.0,185625.0
2020-02-19,2020021901008137,FMDBL,35,45,100,496.0,49600.0
2020-02-19,2020021901008136,FMDBL,36,45,25,496.0,12400.0
2020-02-19,2020021901008064,FMDBL,17,11,30,500.0,15000.0
2020-02-19,2020021901008063,FMDBL,6,26,50,500.0,25000.0
2020-02-19,2020021901008420,FOWAD,58,34,19,1625.0,30875.0
2020-02-19,2020021901008346,FOWAD,56,33,100,1633.0,163300.0
2020-02-19,2020021901008345,FOWAD,56,58,13,1632.0,21216.0
2020-02-19,2020021901008344,FOWAD,56,34,100,1632.0,163200.0
2020-02-19,2020021901008343,FOWAD,56,47,19,1632.0,31008.0
2020-02-19,2020021901008342,FOWAD,56,42,80,1632.0,130560.0
2020-02-19,2020021901008341,FOWAD,56,56,19,1632.0,31008.0
2020-02-19,2020021901008340,FOWAD,56,57,300,1630.0,489000.0
2020-02-19,2020021901008339,FOWAD,56,44,50,1629.0,81450.0
2020-02-19,2020021901008417,GBIME,4,38,896,286.0,256256.0
2020-02-19,2020021901008403,GBIME,4,38,1104,286.0,315744.0
2020-02-19,2020021901008402,GBIME,32,38,200,286.0,57200.0
2020-02-19,2020021901008401,GBIME,52,38,433,286.0,123838.0
2020-02-19,2020021901008395,GBIME,52,38,50,286.0,14300.0
2020-02-19,2020021901008382,GBIME,52,38,17,286.0,4862.0
2020-02-19,2020021901008381,GBIME,58,38,233,286.0,66638.0
2020-02-19,2020021901008377,GBIME,58,26,450,286.0,128700.0
2020-02-19,2020021901008095,GBIME,58,41,225,286.0,64350.0
2020-02-19,2020021901008478,GBLBS,50,37,100,525.0,52500.0
2020-02-19,2020021901008246,GFCL,55,17,50,160.0,8000.0
2020-02-19,2020021901008160,GFCL,55,59,100,160.0,16000.0
2020-02-19,2020021901008350,GGBSL,3,43,10,902.0,9020.0
2020-02-19,2020021901008349,GHL,38,38,30,72.0,2160.0
2020-02-19,2020021901008510,GLBSL,59,1,200,840.0,168000.0
2020-02-19,2020021901008368,GLBSL,22,38,10,845.0,8450.0
2020-02-19,2020021901008245,GLBSL,26,45,20,829.0,16580.0
2020-02-19,2020021901008112,GLBSL,26,58,125,829.0,103625.0
2020-02-19,2020021901008111,GLBSL,26,14,10,829.0,8290.0
2020-02-19,2020021901008107,GLBSL,16,50,400,821.0,328400.0
2020-02-19,2020021901008106,GLBSL,36,50,100,821.0,82100.0
2020-02-19,2020021901008259,GLICL,57,16,500,811.0,405500.0
2020-02-19,2020021901008258,GLICL,5,16,100,812.0,81200.0
2020-02-19,2020021901008257,GLICL,42,16,105,812.0,85260.0
2020-02-19,2020021901008256,GLICL,42,16,120,812.0,97440.0
2020-02-19,2020021901008255,GLICL,45,16,75,812.0,60900.0
2020-02-19,2020021901008544,GMFBS,43,1,20,1028.0,20560.0
2020-02-19,2020021901008543,GMFBS,43,1,40,1028.0,41120.0
2020-02-19,2020021901008477,GMFBS,58,50,100,1017.0,101700.0
2020-02-19,2020021901008367,GMFBS,58,1,10,1028.0,10280.0
2020-02-19,2020021901008366,GMFBS,58,18,50,1018.0,50900.0
2020-02-19,2020021901008365,GMFBS,58,14,20,1018.0,20360.0
2020-02-19,2020021901008223,GMFBS,58,47,10,997.0,9970.0
2020-02-19,2020021901008222,GMFBS,58,47,10,997.0,9970.0
2020-02-19,2020021901008221,GMFBS,58,1,10,996.0,9960.0
2020-02-19,2020021901008355,GMFBS,34,14,115,1017.0,116955.0
2020-02-19,2020021901008354,GMFBS,34,55,210,1016.0,213360.0
2020-02-19,2020021901008232,GMFBS,58,58,90,1008.0,90720.0
2020-02-19,2020021901008231,GMFBS,58,39,140,1008.0,141120.0
2020-02-19,2020021901008230,GMFBS,58,58,100,1008.0,100800.0
2020-02-19,2020021901008229,GMFBS,58,16,10,1008.0,10080.0
2020-02-19,2020021901008305,GRDBL,34,59,50,135.0,6750.0
2020-02-19,2020021901008140,GRDBL,34,29,170,135.0,22950.0
2020-02-19,2020021901008169,GUFL,45,13,826,130.0,107380.0
2020-02-19,2020021901008168,GUFL,45,5,273,130.0,35490.0
2020-02-19,2020021901008409,HDL,28,45,50,1443.0,72150.0
2020-02-19,2020021901008398,HDL,28,53,250,1443.0,360750.0
2020-02-19,2020021901008379,HDL,28,53,250,1443.0,360750.0
2020-02-19,2020021901008378,HDL,28,57,250,1442.0,360500.0
2020-02-19,2020021901008164,HDL,42,21,200,1442.0,288400.0
2020-02-19,2020021901008152,HDL,38,57,200,1442.0,288400.0
2020-02-19,2020021901008090,HDL,19,57,50,1442.0,72100.0
2020-02-19,2020021901008388,HGI,58,26,10,447.0,4470.0
2020-02-19,2020021901008387,HGI,58,42,30,445.0,13350.0
2020-02-19,2020021901008386,HGI,58,6,80,445.0,35600.0
2020-02-19,2020021901008385,HGI,58,25,100,445.0,44500.0
2020-02-19,2020021901008384,HGI,58,57,16,445.0,7120.0
2020-02-19,2020021901008264,HGI,58,57,10,445.0,4450.0
2020-02-19,2020021901008263,HGI,58,44,95,444.0,42180.0
2020-02-19,2020021901008254,HGI,58,44,113,444.0,50172.0
2020-02-19,2020021901008253,HGI,58,54,100,443.0,44300.0
2020-02-19,2020021901008252,HGI,58,14,28,443.0,12404.0
2020-02-19,2020021901008251,HGI,58,50,279,443.0,123597.0
2020-02-19,2020021901008126,HGI,19,50,200,443.0,88600.0
2020-02-19,2020021901008454,HIDCL,35,45,30,140.0,4200.0
2020-02-19,2020021901008453,HIDCL,35,44,220,140.0,30800.0
2020-02-19,2020021901008452,HIDCL,35,55,100,140.0,14000.0
2020-02-19,2020021901008333,HIDCL,37,16,425,139.0,59075.0
2020-02-19,2020021901008332,HIDCL,37,41,61,139.0,8479.0
2020-02-19,2020021901008331,HIDCL,37,57,17,139.0,2363.0
2020-02-19,2020021901008330,HIDCL,37,57,17,139.0,2363.0
2020-02-19,2020021901008329,HIDCL,37,57,31,139.0,4309.0
2020-02-19,2020021901008161,HIDCL,35,35,61,137.0,8357.0
2020-02-19,2020021901008087,HIDCL,42,53,100,139.0,13900.0
2020-02-19,2020021901008185,HPPL,39,41,10,153.0,1530.0
2020-02-19,2020021901008290,HURJA,48,22,20,110.0,2200.0
2020-02-19,2020021901008400,IGI,34,48,56,478.0,26768.0
2020-02-19,2020021901008399,IGI,34,14,144,478.0,68832.0
2020-02-19,2020021901008337,IGI,28,49,310,477.0,147870.0
2020-02-19,2020021901008336,IGI,28,58,32,477.0,15264.0
2020-02-19,2020021901008081,IGI,1,40,200,474.0,94800.0
2020-02-19,2020021901008080,IGI,51,40,200,475.0,95000.0
2020-02-19,2020021901008148,IGI,59,58,20,477.0,9540.0
2020-02-19,2020021901008364,ILBS,39,43,10,926.0,9260.0
2020-02-19,2020021901008310,ILBS,55,56,10,925.0,9250.0
2020-02-19,2020021901008094,JSLBB,54,44,83,1876.0,155708.0
2020-02-19,2020021901008082,JSLBB,54,10,17,1870.0,31790.0
2020-02-19,2020021901008476,KBL,22,28,200,198.0,39600.0
2020-02-19,2020021901008088,KBL,49,28,100,198.0,19800.0
2020-02-19,2020021901008086,KBL,6,28,100,198.0,19800.0
2020-02-19,2020021901008287,KPCL,59,16,10,104.0,1040.0
2020-02-19,2020021901008537,KSBBL,34,14,160,172.0,27520.0
2020-02-19,2020021901008532,KSBBL,34,51,500,172.0,86000.0
2020-02-19,2020021901008319,KSBBL,34,19,580,172.0,99760.0
2020-02-19,2020021901008318,KSBBL,34,19,220,172.0,37840.0
2020-02-19,2020021901008101,LBBL,14,35,1013,196.0,198548.0
2020-02-19,2020021901008100,LBBL,36,35,387,196.0,75852.0
2020-02-19,2020021901008166,LBL,57,58,327,230.0,75210.0
2020-02-19,2020021901008093,LBL,46,58,480,230.0,110400.0
2020-02-19,2020021901008092,LBL,50,58,100,230.0,23000.0
2020-02-19,2020021901008091,LBL,49,58,903,230.0,207690.0
2020-02-19,2020021901008074,LBL,49,41,100,231.0,23100.0
2020-02-19,2020021901008058,LBL,49,45,1097,230.0,252310.0
2020-02-19,2020021901008057,LBL,38,45,20,230.0,4600.0
2020-02-19,2020021901008056,LBL,22,45,183,230.0,42090.0
2020-02-19,2020021901008442,LEMF,53,42,5000,8.3,41500.0
2020-02-19,2020021901008423,LGIL,59,45,132,529.0,69828.0
2020-02-19,2020021901008422,LGIL,19,45,168,529.0,88872.0
2020-02-19,2020021901008151,LGIL,19,34,32,529.0,16928.0
2020-02-19,2020021901008425,LICN,1,38,74,1373.0,101602.0
2020-02-19,2020021901008062,MEGA,51,49,20,212.0,4240.0
2020-02-19,2020021901008061,MEGA,32,49,58,212.0,12296.0
2020-02-19,2020021901008391,MERO,41,59,42,690.0,28980.0
2020-02-19,2020021901008353,MERO,56,16,10,689.0,6890.0
2020-02-19,2020021901008352,MERO,56,16,100,689.0,68900.0
2020-02-19,2020021901008351,MERO,42,16,78,690.0,53820.0
2020-02-19,2020021901008238,MERO,56,25,50,693.0,34650.0
2020-02-19,2020021901008237,MERO,45,55,40,690.0,27600.0
2020-02-19,2020021901008127,MERO,22,54,13,695.0,9035.0
2020-02-19,2020021901008125,MERO,22,56,287,695.0,199465.0
2020-02-19,2020021901008124,MERO,54,56,113,695.0,78535.0
2020-02-19,2020021901008293,MERO,42,5,52,690.0,35880.0
2020-02-19,2020021901008292,MERO,45,5,148,690.0,102120.0
2020-02-19,2020021901008291,MERO,34,5,100,691.0,69100.0
2020-02-19,2020021901008267,MERO,56,48,27,694.0,18738.0
2020-02-19,2020021901008248,MERO,21,48,150,694.0,104100.0
2020-02-19,2020021901008475,MNBBL,45,51,629,330.0,207570.0
2020-02-19,2020021901008396,MNBBL,45,14,141,330.0,46530.0
2020-02-19,2020021901008250,MNBBL,45,43,200,330.0,66000.0
2020-02-19,2020021901008070,MNBBL,42,16,50,331.0,16550.0
2020-02-19,2020021901008328,MPFL,18,17,483,124.0,59892.0
2020-02-19,2020021901008327,MPFL,18,53,100,124.0,12400.0
2020-02-19,2020021901008326,MPFL,18,26,530,124.0,65720.0
2020-02-19,2020021901008325,MPFL,18,29,17,123.0,2091.0
2020-02-19,2020021901008324,MPFL,18,54,303,123.0,37269.0
2020-02-19,2020021901008323,MPFL,18,7,975,123.0,119925.0
2020-02-19,2020021901008157,MSMBS,34,54,50,845.0,42250.0
2020-02-19,2020021901008483,NABIL,42,32,20,750.0,15000.0
2020-02-19,2020021901008226,NABIL,4,21,150,749.0,112350.0
2020-02-19,2020021901008069,NABIL,4,22,200,749.0,149800.0
2020-02-19,2020021901008529,NADEP,17,58,200,790.0,158000.0
2020-02-19,2020021901008528,NADEP,17,52,15,790.0,11850.0
2020-02-19,2020021901008527,NADEP,17,52,15,790.0,11850.0
2020-02-19,2020021901008526,NADEP,17,55,50,790.0,39500.0
2020-02-19,2020021901008525,NADEP,17,39,23,790.0,18170.0
2020-02-19,2020021901008524,NADEP,17,45,15,790.0,11850.0
2020-02-19,2020021901008218,NADEP,36,45,23,774.0,17802.0
2020-02-19,2020021901008179,NADEP,36,45,23,774.0,17802.0
2020-02-19,2020021901008275,NADEP,17,19,115,780.0,89700.0
2020-02-19,2020021901008274,NADEP,17,44,400,780.0,312000.0
2020-02-19,2020021901008273,NADEP,17,6,20,780.0,15600.0
2020-02-19,2020021901008272,NADEP,17,39,23,779.0,17917.0
2020-02-19,2020021901008271,NADEP,17,39,23,779.0,17917.0
2020-02-19,2020021901008270,NADEP,17,39,23,779.0,17917.0
2020-02-19,2020021901008447,NADEP,39,42,23,783.0,18009.0
2020-02-19,2020021901008446,NADEP,39,44,16,783.0,12528.0
2020-02-19,2020021901008427,NADEP,38,44,30,783.0,23490.0
2020-02-19,2020021901008390,NADEP,38,43,13,780.0,10140.0
2020-02-19,2020021901008303,NADEP,17,18,377,781.0,294437.0
2020-02-19,2020021901008302,NADEP,17,45,23,780.0,17940.0
2020-02-19,2020021901008517,NADEP,17,45,100,786.0,78600.0
2020-02-19,2020021901008482,NADEP,17,57,93,785.0,73005.0
2020-02-19,2020021901008481,NADEP,17,53,23,785.0,18055.0
2020-02-19,2020021901008480,NADEP,17,58,23,785.0,18055.0
2020-02-19,2020021901008479,NADEP,17,10,200,785.0,157000.0
2020-02-19,2020021901008448,NADEP,39,55,50,784.0,39200.0
2020-02-19,2020021901008523,NADEP,17,44,787,790.0,621730.0
2020-02-19,2020021901008522,NADEP,17,41,100,788.0,78800.0
2020-02-19,2020021901008521,NADEP,17,57,23,788.0,18124.0
2020-02-19,2020021901008520,NADEP,17,32,23,788.0,18124.0
2020-02-19,2020021901008519,NADEP,17,26,50,788.0,39400.0
2020-02-19,2020021901008518,NADEP,17,16,402,787.0,316374.0
2020-02-19,2020021901008538,NBB,17,57,100,211.0,21100.0
2020-02-19,2020021901008433,NBB,17,21,243,211.0,51273.0
2020-02-19,2020021901008432,NBB,14,21,11,211.0,2321.0
2020-02-19,2020021901008155,NBF2,42,3,110,9.32,1025.2
2020-02-19,2020021901008421,NBL,37,34,20,271.0,5420.0
2020-02-19,2020021901008414,NBL,37,34,20,271.0,5420.0
2020-02-19,2020021901008308,NCCB,8,39,200,195.0,39000.0
2020-02-19,2020021901008307,NCCB,48,39,300,195.0,58500.0
2020-02-19,2020021901008105,NCCB,6,3,785,195.0,153075.0
2020-02-19,2020021901008278,NHPC,38,36,200,59.0,11800.0
2020-02-19,2020021901008466,NIB,8,26,130,385.0,50050.0
2020-02-19,2020021901008465,NIB,58,26,50,386.0,19300.0
2020-02-19,2020021901008464,NIB,14,26,438,386.0,169068.0
2020-02-19,2020021901008463,NIB,42,26,200,386.0,77200.0
2020-02-19,2020021901008462,NIB,49,26,182,386.0,70252.0
2020-02-19,2020021901008445,NIB,38,13,50,387.0,19350.0
2020-02-19,2020021901008404,NIB,1,13,100,387.0,38700.0
2020-02-19,2020021901008217,NIB,49,41,18,386.0,6948.0
2020-02-19,2020021901008216,NIB,1,41,10,386.0,3860.0
2020-02-19,2020021901008207,NIB,1,39,90,386.0,34740.0
2020-02-19,2020021901008206,NIB,56,39,10,386.0,3860.0
2020-02-19,2020021901008186,NIB,56,35,39,386.0,15054.0
2020-02-19,2020021901008383,NICA,1,28,100,548.0,54800.0
2020-02-19,2020021901008119,NICA,14,57,500,547.0,273500.0
2020-02-19,2020021901008118,NICA,14,14,500,547.0,273500.0
2020-02-19,2020021901008109,NICL,40,4,383,467.0,178861.0
2020-02-19,2020021901008099,NICL,43,4,117,467.0,54639.0
2020-02-19,2020021901008098,NICL,43,34,183,467.0,85461.0
2020-02-19,2020021901008443,NIL,26,45,200,611.0,122200.0
2020-02-19,2020021901008243,NIL,59,10,10,613.0,6130.0
2020-02-19,2020021901008108,NIL,16,34,300,614.0,184200.0
2020-02-19,2020021901008472,NLBBL,6,14,100,862.0,86200.0
2020-02-19,2020021901008426,NLBBL,57,33,270,863.0,233010.0
2020-02-19,2020021901008304,NLBBL,57,53,100,863.0,86300.0
2020-02-19,2020021901008300,NLBBL,57,43,30,863.0,25890.0
2020-02-19,2020021901008296,NLBBL,6,1,100,862.0,86200.0
2020-02-19,2020021901008279,NLBBL,57,43,100,863.0,86300.0
2020-02-19,2020021901008276,NLBBL,34,43,370,863.0,319310.0
2020-02-19,2020021901008159,NLBBL,34,37,1000,862.0,862000.0
2020-02-19,2020021901008158,NLBBL,34,53,130,862.0,112060.0
2020-02-19,2020021901008104,NLBBL,45,19,100,860.0,86000.0
2020-02-19,2020021901008065,NLBBL,34,44,500,860.0,430000.0
2020-02-19,2020021901008505,NLG,46,45,490,715.0,350350.0
2020-02-19,2020021901008204,NLG,14,45,200,717.0,143400.0
2020-02-19,2020021901008150,NLG,59,45,100,717.0,71700.0
2020-02-19,2020021901008116,NLG,17,11,100,715.0,71500.0
2020-02-19,2020021901008115,NLG,19,11,100,716.0,71600.0
2020-02-19,2020021901008306,NLG,46,35,10,715.0,7150.0
2020-02-19,2020021901008487,NLIC,16,58,500,1191.0,595500.0
2020-02-19,2020021901008416,NLIC,16,54,20,1192.0,23840.0
2020-02-19,2020021901008394,NLIC,16,45,130,1192.0,154960.0
2020-02-19,2020021901008241,NLIC,1,1,5,1185.0,5925.0
2020-02-19,2020021901008234,NLIC,1,1,5,1185.0,5925.0
2020-02-19,2020021901008228,NLIC,16,41,22,1191.0,26202.0
2020-02-19,2020021901008227,NLIC,1,1,5,1185.0,5925.0
2020-02-19,2020021901008224,NLIC,1,1,5,1185.0,5925.0
2020-02-19,2020021901008205,NLIC,34,45,40,1192.0,47680.0
2020-02-19,2020021901008203,NLIC,1,1,5,1185.0,5925.0
2020-02-19,2020021901008131,NLIC,45,58,400,1190.0,476000.0
2020-02-19,2020021901008120,NLIC,45,58,500,1190.0,595000.0
2020-02-19,2020021901008410,NLICL,37,45,50,694.0,34700.0
2020-02-19,2020021901008461,NMB,58,36,108,409.0,44172.0
2020-02-19,2020021901008316,NMB,21,14,100,410.0,41000.0
2020-02-19,2020021901008266,NMB,14,14,187,410.0,76670.0
2020-02-19,2020021901008265,NMB,14,49,313,410.0,128330.0
2020-02-19,2020021901008153,NMB,58,16,1296,409.0,530064.0
2020-02-19,2020021901008553,NMBMF,25,14,100,963.0,96300.0
2020-02-19,2020021901008435,NUBL,41,44,20,1078.0,21560.0
2020-02-19,2020021901008322,OHL,57,25,442,482.0,213044.0
2020-02-19,2020021901008321,OHL,43,25,50,486.0,24300.0
2020-02-19,2020021901008174,OHL,45,14,300,487.0,146100.0
2020-02-19,2020021901008512,PCBL,10,45,100,288.0,28800.0
2020-02-19,2020021901008511,PCBL,10,45,50,288.0,14400.0
2020-02-19,2020021901008397,PCBL,10,35,100,288.0,28800.0
2020-02-19,2020021901008178,PCBL,49,36,50,289.0,14450.0
2020-02-19,2020021901008173,PCBL,49,53,500,289.0,144500.0
2020-02-19,2020021901008171,PCBL,49,51,500,289.0,144500.0
2020-02-19,2020021901008460,PIC,51,25,200,655.0,131000.0
2020-02-19,2020021901008459,PIC,57,25,100,655.0,65500.0
2020-02-19,2020021901008458,PIC,45,25,20,656.0,13120.0
2020-02-19,2020021901008457,PIC,45,25,49,656.0,32144.0
2020-02-19,2020021901008240,PIC,42,47,50,657.0,32850.0
2020-02-19,2020021901008149,PIC,45,39,20,656.0,13120.0
2020-02-19,2020021901008134,PIC,6,25,74,657.0,48618.0
2020-02-19,2020021901008128,PIC,6,39,20,657.0,13140.0
2020-02-19,2020021901008068,PIC,6,22,100,657.0,65700.0
2020-02-19,2020021901008500,PICL,22,16,300,520.0,156000.0
2020-02-19,2020021901008550,PLIC,38,22,209,613.0,128117.0
2020-02-19,2020021901008347,PLIC,7,10,100,615.0,61500.0
2020-02-19,2020021901008552,PPCL,41,45,10,127.0,1270.0
2020-02-19,2020021901008551,PPCL,41,41,10,127.0,1270.0
2020-02-19,2020021901008135,PRIN,34,13,211,493.0,104023.0
2020-02-19,2020021901008123,PRIN,45,13,250,493.0,123250.0
2020-02-19,2020021901008122,PRIN,44,13,900,493.0,443700.0
2020-02-19,2020021901008121,PRIN,26,13,200,494.0,98800.0
2020-02-19,2020021901008424,PRVU,58,29,11,251.0,2761.0
2020-02-19,2020021901008311,PRVU,58,47,10,251.0,2510.0
2020-02-19,2020021901008235,PRVU,38,38,6,246.0,1476.0
2020-02-19,2020021901008225,PRVU,38,38,7,246.0,1722.0
2020-02-19,2020021901008187,PRVU,38,38,5,246.0,1230.0
2020-02-19,2020021901008076,PRVU,58,14,289,251.0,72539.0
2020-02-19,2020021901008075,PRVU,19,14,266,251.0,66766.0
2020-02-19,2020021901008059,PRVU,19,17,34,251.0,8534.0
2020-02-19,2020021901008542,RBCL,19,7,10,11000.0,110000.0
2020-02-19,2020021901008541,RBCL,40,7,10,11000.0,110000.0
2020-02-19,2020021901008418,RBCL,45,41,45,11100.0,499500.0
2020-02-19,2020021901008359,RBCLPO,34,19,10,9370.0,93700.0
2020-02-19,2020021901008413,RHPC,5,7,300,90.0,27000.0
2020-02-19,2020021901008488,RHPL,22,38,40,167.0,6680.0
2020-02-19,2020021901008242,RHPL,25,41,10,167.0,1670.0
2020-02-19,2020021901008202,RHPL,19,14,30,169.0,5070.0
2020-02-19,2020021901008201,RHPL,19,11,40,169.0,6760.0
2020-02-19,2020021901008200,RHPL,19,45,30,169.0,5070.0
2020-02-19,2020021901008199,RHPL,19,47,40,169.0,6760.0
2020-02-19,2020021901008084,RHPL,25,6,40,167.0,6680.0
2020-02-19,2020021901008192,RHPL,19,41,30,168.0,5040.0
2020-02-19,2020021901008191,RHPL,19,41,30,168.0,5040.0
2020-02-19,2020021901008190,RHPL,19,41,30,168.0,5040.0
2020-02-19,2020021901008189,RHPL,19,58,40,168.0,6720.0
2020-02-19,2020021901008188,RHPL,19,8,40,168.0,6720.0
2020-02-19,2020021901008176,RHPL,25,14,10,167.0,1670.0
2020-02-19,2020021901008198,RHPL,19,33,20,169.0,3380.0
2020-02-19,2020021901008197,RHPL,19,33,20,169.0,3380.0
2020-02-19,2020021901008196,RHPL,19,33,30,169.0,5070.0
2020-02-19,2020021901008195,RHPL,19,53,40,168.0,6720.0
2020-02-19,2020021901008194,RHPL,19,53,40,168.0,6720.0
2020-02-19,2020021901008193,RHPL,19,41,40,168.0,6720.0
2020-02-19,2020021901008429,RMDC,7,44,200,774.0,154800.0
2020-02-19,2020021901008419,RMDC,59,44,300,774.0,232200.0
2020-02-19,2020021901008180,RMDC,43,53,100,772.0,77200.0
2020-02-19,2020021901008142,RMDC,45,6,30,775.0,23250.0
2020-02-19,2020021901008141,RMDC,45,22,50,774.0,38700.0
2020-02-19,2020021901008549,RSDC,58,19,90,496.0,44640.0
2020-02-19,2020021901008548,RSDC,55,19,100,497.0,49700.0
2020-02-19,2020021901008547,RSDC,59,19,60,497.0,29820.0
2020-02-19,2020021901008389,RSDC,55,58,100,502.0,50200.0
2020-02-19,2020021901008060,RSDC,6,14,100,505.0,50500.0
2020-02-19,2020021901008233,SABSL,42,42,20,945.0,18900.0
2020-02-19,2020021901008358,SAEF,29,55,10000,9.41,94100.0
2020-02-19,2020021901008408,SANIMA,29,36,500,359.0,179500.0
2020-02-19,2020021901008407,SANIMA,33,36,400,359.0,143600.0
2020-02-19,2020021901008154,SANIMA,33,22,100,359.0,35900.0
2020-02-19,2020021901008309,SAPDBL,52,50,50,146.0,7300.0
2020-02-19,2020021901008247,SCB,32,39,100,646.0,64600.0
2020-02-19,2020021901008097,SCB,11,44,10,648.0,6480.0
2020-02-19,2020021901008096,SCB,11,16,10,646.0,6460.0
2020-02-19,2020021901008299,SFCL,26,48,230,106.0,24380.0
2020-02-19,2020021901008298,SFCL,26,11,100,106.0,10600.0
2020-02-19,2020021901008297,SFCL,26,52,38,106.0,4028.0
2020-02-19,2020021901008489,SHINE,25,43,119,300.0,35700.0
2020-02-19,2020021901008133,SHINE,25,58,93,300.0,27900.0
2020-02-19,2020021901008132,SHINE,42,58,300,300.0,90000.0
2020-02-19,2020021901008085,SHINE,42,42,200,300.0,60000.0
2020-02-19,2020021901008083,SHINE,25,42,1000,300.0,300000.0
2020-02-19,2020021901008546,SHIVM,41,21,10,625.0,6250.0
2020-02-19,2020021901008268,SHIVM,41,19,200,625.0,125000.0
2020-02-19,2020021901008244,SHIVM,41,41,50,625.0,31250.0
2020-02-19,2020021901008215,SHIVM,41,45,140,625.0,87500.0
2020-02-19,2020021901008182,SHIVM,41,22,50,625.0,31250.0
2020-02-19,2020021901008114,SHIVM,35,42,200,626.0,125200.0
2020-02-19,2020021901008055,SHIVM,41,57,50,625.0,31250.0
2020-02-19,2020021901008054,SHIVM,29,42,400,626.0,250400.0
2020-02-19,2020021901008369,SHPC,37,1,100,232.0,23200.0
2020-02-19,2020021901008348,SHPC,37,6,250,231.0,57750.0
2020-02-19,2020021901008236,SIC,56,22,20,780.0,15600.0
2020-02-19,2020021901008428,SICL,21,54,25,1236.0,30900.0
2020-02-19,2020021901008380,SICL,45,14,100,1239.0,123900.0
2020-02-19,2020021901008167,SICL,42,45,50,1239.0,61950.0
2020-02-19,2020021901008239,SICL,45,45,50,1239.0,61950.0
2020-02-19,2020021901008356,SJCL,5,8,20,157.0,3140.0
2020-02-19,2020021901008249,SJCL,5,41,10,157.0,1570.0
2020-02-19,2020021901008183,SJCL,5,14,10,157.0,1570.0
2020-02-19,2020021901008539,SKBBL,42,39,989,1249.0,1235261.0
2020-02-19,2020021901008499,SKBBL,42,44,500,1250.0,625000.0
2020-02-19,2020021901008498,SKBBL,42,44,500,1250.0,625000.0
2020-02-19,2020021901008497,SKBBL,42,44,500,1250.0,625000.0
2020-02-19,2020021901008496,SKBBL,42,44,500,1250.0,625000.0
2020-02-19,2020021901008282,SKBBL,25,39,11,1253.0,13783.0
2020-02-19,2020021901008281,SKBBL,25,21,72,1250.0,90000.0
2020-02-19,2020021901008280,SKBBL,25,16,17,1245.0,21165.0
2020-02-19,2020021901008412,SLBBL,14,19,30,988.0,29640.0
2020-02-19,2020021901008334,SLBBL,8,56,100,985.0,98500.0
2020-02-19,2020021901008317,SLBBL,19,1,101,980.0,98980.0
2020-02-19,2020021901008289,SLBBL,29,16,100,980.0,98000.0
2020-02-19,2020021901008320,SLBSL,39,16,500,1001.0,500500.0
2020-02-19,2020021901008269,SLBSL,34,32,10,1000.0,10000.0
2020-02-19,2020021901008468,SLICL,44,45,50,494.0,24700.0
2020-02-19,2020021901008467,SLICL,42,45,50,494.0,24700.0
2020-02-19,2020021901008536,SPARS,8,13,100,957.0,95700.0
2020-02-19,2020021901008535,SPARS,16,13,100,958.0,95800.0
2020-02-19,2020021901008415,SPDL,37,8,15,101.0,1515.0
2020-02-19,2020021901008162,STC,56,54,40,2765.0,110600.0
2020-02-19,2020021901008509,SWBBL,43,53,101,1340.0,135340.0
2020-02-19,2020021901008508,SWBBL,43,56,30,1340.0,40200.0
2020-02-19,2020021901008507,SWBBL,43,17,100,1339.0,133900.0
2020-02-19,2020021901008506,SWBBL,43,14,62,1335.0,82770.0
2020-02-19,2020021901008301,SWBBL,7,44,50,1338.0,66900.0
2020-02-19,2020021901008260,SWBBL,59,17,27,1320.0,35640.0
2020-02-19,2020021901008211,SWBBL,22,17,20,1320.0,26400.0
2020-02-19,2020021901008210,SWBBL,6,17,135,1321.0,178335.0
2020-02-19,2020021901008209,SWBBL,1,17,150,1322.0,198300.0
2020-02-19,2020021901008208,SWBBL,16,17,70,1323.0,92610.0
2020-02-19,2020021901008170,UFL,49,13,950,181.0,171950.0
2020-02-19,2020021901008089,UIC,13,37,10,440.0,4400.0
2020-02-19,2020021901008103,UMHL,59,35,192,114.0,21888.0
2020-02-19,2020021901008102,UMHL,59,35,808,115.0,92920.0
2020-02-19,2020021901008220,UNHPL,1,22,10,60.0,600.0
2020-02-19,2020021901008219,UNHPL,58,22,40,60.0,2400.0
2020-02-19,2020021901008079,UPCL,39,34,100,83.0,8300.0
2020-02-19,2020021901008078,UPCL,39,41,500,83.0,41500.0
2020-02-19,2020021901008077,UPCL,39,14,500,83.0,41500.0
2020-02-19,2020021901008363,UPPER,29,8,40,239.0,9560.0
2020-02-19,2020021901008262,UPPER,29,41,50,239.0,11950.0
2020-02-19,2020021901008362,VLBS,38,29,20,1167.0,23340.0
2020-02-19,2020021901008361,VLBS,38,21,113,1166.0,131758.0
2020-02-19,2020021901014031,ADBL,29,6,50,395.0,19750.0
2020-02-19,2020021901013721,AHPC,41,45,1000,98.0,98000.0
2020-02-19,2020021901013963,ALBSL,34,35,11,845.0,9295.0
2020-02-19,2020021901013653,ALICL,59,32,300,630.0,189000.0
2020-02-19,2020021901013573,ALICL,59,19,40,630.0,25200.0
2020-02-19,2020021901013953,API,25,8,11,138.0,1518.0
2020-02-19,2020021901013952,API,25,43,29,136.0,3944.0
2020-02-19,2020021901013659,API,25,8,20,138.0,2760.0
2020-02-19,2020021901013633,API,47,25,146,136.0,19856.0
2020-02-19,2020021901013908,BPCL,45,44,300,362.0,108600.0
2020-02-19,2020021901013907,BPCL,45,33,100,362.0,36200.0
2020-02-19,2020021901013906,BPCL,45,59,100,362.0,36200.0
2020-02-19,2020021901013888,CBBL,43,55,100,1160.0,116000.0
2020-02-19,2020021901013887,CBBL,43,35,100,1160.0,116000.0
2020-02-19,2020021901013886,CBBL,43,25,500,1160.0,580000.0
2020-02-19,2020021901013885,CBBL,43,53,100,1159.0,115900.0
2020-02-19,2020021901013884,CBBL,43,33,100,1157.0,115700.0
2020-02-19,2020021901013767,CBBL,18,57,100,1138.0,113800.0
2020-02-19,2020021901013766,CBBL,18,35,50,1137.0,56850.0
2020-02-19,2020021901013688,CBBL,41,6,35,1129.0,39515.0
2020-02-19,2020021901013677,CBBL,41,5,18,1129.0,20322.0
2020-02-19,2020021901013865,CBBL,43,33,20,1142.0,22840.0
2020-02-19,2020021901013864,CBBL,43,6,50,1140.0,57000.0
2020-02-19,2020021901013863,CBBL,43,5,99,1140.0,112860.0
2020-02-19,2020021901013862,CBBL,43,44,200,1140.0,228000.0
2020-02-19,2020021901013861,CBBL,43,17,50,1140.0,57000.0
2020-02-19,2020021901013871,CBBL,43,48,50,1149.0,57450.0
2020-02-19,2020021901013870,CBBL,43,4,200,1145.0,229000.0
2020-02-19,2020021901013869,CBBL,43,53,90,1145.0,103050.0
2020-02-19,2020021901013868,CBBL,43,34,200,1143.0,228600.0
2020-02-19,2020021901013867,CBBL,43,49,600,1143.0,685800.0
2020-02-19,2020021901013866,CBBL,43,28,300,1142.0,342600.0
2020-02-19,2020021901013877,CBBL,43,52,50,1150.0,57500.0
2020-02-19,2020021901013876,CBBL,43,21,50,1150.0,57500.0
2020-02-19,2020021901013875,CBBL,43,49,50,1150.0,57500.0
2020-02-19,2020021901013874,CBBL,43,46,118,1150.0,135700.0
2020-02-19,2020021901013873,CBBL,43,58,200,1149.0,229800.0
2020-02-19,2020021901013872,CBBL,43,37,100,1149.0,114900.0
2020-02-19,2020021901013883,CBBL,43,38,200,1157.0,231400.0
2020-02-19,2020021901013882,CBBL,43,16,10,1155.0,11550.0
2020-02-19,2020021901013881,CBBL,43,57,100,1155.0,115500.0
2020-02-19,2020021901013880,CBBL,43,6,10,1152.0,11520.0
2020-02-19,2020021901013879,CBBL,43,42,100,1150.0,115000.0
2020-02-19,2020021901013878,CBBL,43,47,50,1150.0,57500.0
2020-02-19,2020021901013934,CBL,39,33,500,153.0,76500.0
2020-02-19,2020021901013895,CBL,39,48,100,153.0,15300.0
2020-02-19,2020021901013894,CBL,39,45,601,153.0,91953.0
2020-02-19,2020021901013893,CBL,39,25,4602,153.0,704106.0
2020-02-19,2020021901013850,CBL,28,25,1000,153.0,153000.0
2020-02-19,2020021901013753,CBL,6,25,100,153.0,15300.0
2020-02-19,2020021901014027,CCBL,55,18,500,184.0,92000.0
2020-02-19,2020021901013973,CCBL,55,33,500,184.0,92000.0
2020-02-19,2020021901013676,CCBL,55,21,46,184.0,8464.0
2020-02-19,2020021901013715,CFCL,45,32,460,148.0,68080.0
2020-02-19,2020021901013579,CHCL,16,45,190,430.0,81700.0
2020-02-19,2020021901013578,CHCL,16,50,310,430.0,133300.0
2020-02-19,2020021901013790,CIT,58,19,175,2801.0,490175.0
2020-02-19,2020021901013761,CIT,28,22,34,2800.0,95200.0
2020-02-19,2020021901013760,CIT,28,19,175,2800.0,490000.0
2020-02-19,2020021901013759,CIT,28,19,300,2799.0,839700.0
2020-02-19,2020021901013758,CIT,28,13,41,2790.0,114390.0
2020-02-19,2020021901013575,CIT,28,13,500,2790.0,1395000.0
2020-02-19,2020021901013849,CZBIL,17,13,386,198.0,76428.0
2020-02-19,2020021901013980,DDBL,57,38,50,925.0,46250.0
2020-02-19,2020021901013846,DDBL,41,38,100,925.0,92500.0
2020-02-19,2020021901013845,DDBL,41,44,300,925.0,277500.0
2020-02-19,2020021901013844,DDBL,41,47,200,925.0,185000.0
2020-02-19,2020021901013843,DDBL,41,45,50,925.0,46250.0
2020-02-19,2020021901013842,DDBL,41,45,200,924.0,184800.0
2020-02-19,2020021901013796,DDBL,33,43,52,920.0,47840.0
2020-02-19,2020021901013740,DDBL,21,43,248,920.0,228160.0
2020-02-19,2020021901013739,DDBL,21,19,127,920.0,116840.0
2020-02-19,2020021901013738,DDBL,21,51,20,920.0,18400.0
2020-02-19,2020021901013737,DDBL,21,47,105,920.0,96600.0
2020-02-19,2020021901013613,DDBL,50,19,100,919.0,91900.0
2020-02-19,2020021901013841,DDBL,41,36,50,923.0,46150.0
2020-02-19,2020021901013840,DDBL,41,25,100,922.0,92200.0
2020-02-19,2020021901013821,DDBL,21,28,52,920.0,47840.0
2020-02-19,2020021901013799,DDBL,33,28,48,920.0,44160.0
2020-02-19,2020021901013798,DDBL,33,39,50,920.0,46000.0
2020-02-19,2020021901013797,DDBL,33,21,100,920.0,92000.0
2020-02-19,2020021901013889,EBL,50,43,58,665.0,38570.0
2020-02-19,2020021901013602,EBL,34,32,70,664.0,46480.0
2020-02-19,2020021901013601,EBL,48,32,200,664.0,132800.0
2020-02-19,2020021901013600,EBL,25,32,100,664.0,66400.0
2020-02-19,2020021901013599,EBL,55,32,50,664.0,33200.0
2020-02-19,2020021901013603,EBL,42,32,580,664.0,385120.0
2020-02-19,2020021901013652,EBL,50,16,100,665.0,66500.0
2020-02-19,2020021901013651,EBL,50,43,92,665.0,61180.0
2020-02-19,2020021901013820,EIC,45,1,120,448.0,53760.0
2020-02-19,2020021901013819,EIC,45,38,380,447.0,169860.0
2020-02-19,2020021901014035,FMDBL,38,26,230,507.0,116610.0
2020-02-19,2020021901014034,FMDBL,38,38,175,507.0,88725.0
2020-02-19,2020021901014033,FMDBL,38,33,595,507.0,301665.0
2020-02-19,2020021901013993,FMDBL,56,33,36,507.0,18252.0
2020-02-19,2020021901013970,FMDBL,41,26,181,506.0,91586.0
2020-02-19,2020021901013857,FMDBL,41,45,50,506.0,25300.0
2020-02-19,2020021901013746,FMDBL,41,45,100,506.0,50600.0
2020-02-19,2020021901014038,FOWAD,4,34,50,1632.0,81600.0
2020-02-19,2020021901013748,FOWAD,41,53,100,1632.0,163200.0
2020-02-19,2020021901013776,GBBL,18,42,200,245.0,49000.0
2020-02-19,2020021901013650,GBBL,18,42,116,245.0,28420.0
2020-02-19,2020021901013577,GBBL,4,42,84,245.0,20580.0
2020-02-19,2020021901013576,GBBL,4,16,116,245.0,28420.0
2020-02-19,2020021901014009,GBIME,35,14,100,284.0,28400.0
2020-02-19,2020021901014007,GBIME,8,14,899,284.0,255316.0
2020-02-19,2020021901013825,GBIME,8,45,101,284.0,28684.0
2020-02-19,2020021901013692,GBIME,8,33,200,283.0,56600.0
2020-02-19,2020021901013691,GBIME,26,33,250,283.0,70750.0
2020-02-19,2020021901013690,GBIME,35,33,50,284.0,14200.0
2020-02-19,2020021901013583,GBIME,35,35,50,284.0,14200.0
2020-02-19,2020021901013947,GBLBS,17,58,15,529.0,7935.0
2020-02-19,2020021901013801,GBLBS,41,45,60,529.0,31740.0
2020-02-19,2020021901013762,GBLBS,17,45,200,529.0,105800.0
2020-02-19,2020021901013674,GBLBS,41,45,50,529.0,26450.0
2020-02-19,2020021901013673,GBLBS,41,25,150,529.0,79350.0
2020-02-19,2020021901013654,GFCL,46,21,44,153.0,6732.0
2020-02-19,2020021901013645,GGBSL,39,48,10,938.0,9380.0
2020-02-19,2020021901013644,GGBSL,39,48,30,938.0,28140.0
2020-02-19,2020021901013643,GGBSL,39,59,10,935.0,9350.0
2020-02-19,2020021901013685,GHL,16,48,30,74.0,2220.0
2020-02-19,2020021901013890,GILB,57,36,200,1445.0,289000.0
2020-02-19,2020021901013747,GILB,21,36,200,1445.0,289000.0
2020-02-19,2020021901013614,GILB,51,42,100,1435.0,143500.0
2020-02-19,2020021901014012,GLICL,41,16,178,814.0,144892.0
2020-02-19,2020021901014011,GLICL,41,17,22,814.0,17908.0
2020-02-19,2020021901013839,GMFBS,34,26,50,1008.0,50400.0
2020-02-19,2020021901013961,HBL,42,43,30,575.0,17250.0
2020-02-19,2020021901013960,HBL,45,43,100,575.0,57500.0
2020-02-19,2020021901013959,HBL,50,43,359,575.0,206425.0
2020-02-19,2020021901013892,HBL,6,11,96,577.0,55392.0
2020-02-19,2020021901013818,HBL,50,45,50,575.0,28750.0
2020-02-19,2020021901013757,HBL,50,6,39,575.0,22425.0
2020-02-19,2020021901014042,HDL,58,57,250,1549.0,387250.0
2020-02-19,2020021901014026,HDL,58,37,25,1548.0,38700.0
2020-02-19,2020021901014005,HDL,10,57,15,1549.0,23235.0
2020-02-19,2020021901014004,HDL,10,44,385,1548.0,595980.0
2020-02-19,2020021901013983,HDL,26,14,190,1543.0,293170.0
2020-02-19,2020021901013982,HDL,57,14,10,1545.0,15450.0
2020-02-19,2020021901013554,HDL,38,3,50,1548.0,77400.0
2020-02-19,2020021901013905,HDL,26,16,110,1543.0,169730.0
2020-02-19,2020021901013804,HDL,48,14,200,1548.0,309600.0
2020-02-19,2020021901013795,HDL,16,6,15,1542.0,23130.0
2020-02-19,2020021901013764,HDL,16,53,20,1542.0,30840.0
2020-02-19,2020021901013702,HDL,17,14,25,1548.0,38700.0
2020-02-19,2020021901013557,HDL,38,14,20,1548.0,30960.0
2020-02-19,2020021901013979,HDL,34,44,100,1548.0,154800.0
2020-02-19,2020021901013969,HDL,10,44,400,1548.0,619200.0
2020-02-19,2020021901013945,HDL,42,44,10,1548.0,15480.0
2020-02-19,2020021901013911,HDL,47,58,25,1548.0,38700.0
2020-02-19,2020021901013910,HDL,47,45,20,1548.0,30960.0
2020-02-19,2020021901013909,HDL,47,14,55,1548.0,85140.0
2020-02-19,2020021901013741,HIDCL,8,39,50,140.0,7000.0
2020-02-19,2020021901013995,ICFC,51,4,100,185.0,18500.0
2020-02-19,2020021901014045,IGI,4,39,976,474.0,462624.0
2020-02-19,2020021901014044,IGI,59,39,50,476.0,23800.0
2020-02-19,2020021901014043,IGI,16,39,120,476.0,57120.0
2020-02-19,2020021901013988,ILBS,47,58,10,935.0,9350.0
2020-02-19,2020021901013816,JBBL,45,13,1000,191.0,191000.0
2020-02-19,2020021901013815,JBBL,57,13,533,191.0,101803.0
2020-02-19,2020021901013814,JBBL,32,13,1000,191.0,191000.0
2020-02-19,2020021901013813,JBBL,36,13,500,191.0,95500.0
2020-02-19,2020021901013812,JBBL,49,13,960,191.0,183360.0
2020-02-19,2020021901013755,JBBL,49,10,500,191.0,95500.0
2020-02-19,2020021901013640,JBBL,16,13,500,192.0,96000.0
2020-02-19,2020021901014024,JSLBB,41,45,50,1868.0,93400.0
2020-02-19,2020021901014023,JSLBB,41,57,150,1865.0,279750.0
2020-02-19,2020021901014022,JSLBB,41,44,100,1860.0,186000.0
2020-02-19,2020021901013848,JSLBB,34,47,30,1859.0,55770.0
2020-02-19,2020021901013987,KBL,13,54,980,196.0,192080.0
2020-02-19,2020021901013986,KBL,51,54,1000,196.0,196000.0
2020-02-19,2020021901013985,KBL,49,54,20,196.0,3920.0
2020-02-19,2020021901013914,KBL,18,6,350,197.0,68950.0
2020-02-19,2020021901013913,KBL,18,45,100,197.0,19700.0
2020-02-19,2020021901013912,KBL,18,1,950,197.0,187150.0
2020-02-19,2020021901013642,KBL,29,21,11,196.0,2156.0
2020-02-19,2020021901013768,KBL,56,1,50,197.0,9850.0
2020-02-19,2020021901013656,KBL,49,45,80,196.0,15680.0
2020-02-19,2020021901013655,KBL,29,45,39,196.0,7644.0
2020-02-19,2020021901013853,KSBBL,50,33,350,172.0,60200.0
2020-02-19,2020021901013968,LBBL,17,36,100,196.0,19600.0
2020-02-19,2020021901013964,LBBL,17,43,65,196.0,12740.0
2020-02-19,2020021901013722,LGIL,51,45,50,535.0,26750.0
2020-02-19,2020021901014053,LICN,5,25,50,1390.0,69500.0
2020-02-19,2020021901014052,LICN,45,25,50,1390.0,69500.0
2020-02-19,2020021901013902,LICN,45,36,50,1392.0,69600.0
2020-02-19,2020021901013563,LICN,25,58,10,1393.0,13930.0
2020-02-19,2020021901014049,MEGA,38,36,19,212.0,4028.0
2020-02-19,2020021901013769,MEGA,38,58,100,212.0,21200.0
2020-02-19,2020021901013729,MEGA,38,33,135,212.0,28620.0
2020-02-19,2020021901013728,MEGA,57,33,100,212.0,21200.0
2020-02-19,2020021901013727,MEGA,48,33,100,212.0,21200.0
2020-02-19,2020021901013726,MEGA,32,33,84,212.0,17808.0
2020-02-19,2020021901013752,MERO,22,38,20,692.0,13840.0
2020-02-19,2020021901013817,MFIL,38,6,41,195.0,7995.0
2020-02-19,2020021901013824,MLBBL,45,26,90,865.0,77850.0
2020-02-19,2020021901013823,MLBBL,45,38,80,865.0,69200.0
2020-02-19,2020021901014029,MNBBL,5,46,60,330.0,19800.0
2020-02-19,2020021901013958,MNBBL,17,13,200,330.0,66000.0
2020-02-19,2020021901013859,MNBBL,32,42,750,331.0,248250.0
2020-02-19,2020021901013858,MNBBL,32,57,722,331.0,238982.0
2020-02-19,2020021901013835,MNBBL,32,16,202,330.0,66660.0
2020-02-19,2020021901013944,MPFL,35,33,1000,123.0,123000.0
2020-02-19,2020021901013803,MSMBS,42,34,20,850.0,17000.0
2020-02-19,2020021901013598,MSMBS,38,39,11,850.0,9350.0
2020-02-19,2020021901013597,MSMBS,38,56,11,850.0,9350.0
2020-02-19,2020021901014030,NABIL,17,36,24,749.0,17976.0
2020-02-19,2020021901013926,NABIL,5,34,100,750.0,75000.0
2020-02-19,2020021901013925,NABIL,5,41,333,750.0,249750.0
2020-02-19,2020021901013675,NABIL,8,59,200,750.0,150000.0
2020-02-19,2020021901014051,NADEP,40,53,23,786.0,18078.0
2020-02-19,2020021901013787,NBB,10,42,109,212.0,23108.0
2020-02-19,2020021901013708,NBB,32,26,1000,211.0,211000.0
2020-02-19,2020021901013707,NBB,32,17,148,211.0,31228.0
2020-02-19,2020021901013706,NBB,34,17,973,211.0,205303.0
2020-02-19,2020021901013935,NBF2,38,39,100,9.47,947.0
2020-02-19,2020021901013754,NBL,34,55,172,271.0,46612.0
2020-02-19,2020021901013582,NBL,34,33,21,271.0,5691.0
2020-02-19,2020021901013581,NBL,58,33,30,271.0,8130.0
2020-02-19,2020021901013580,NBL,46,33,349,271.0,94579.0
2020-02-19,2020021901013701,NCCB,5,45,268,195.0,52260.0
2020-02-19,2020021901013700,NCCB,47,45,20,195.0,3900.0
2020-02-19,2020021901013699,NCCB,48,45,10,195.0,1950.0
2020-02-19,2020021901013698,NCCB,57,45,202,195.0,39390.0
2020-02-19,2020021901013678,NCCB,57,45,100,195.0,19500.0
2020-02-19,2020021901013595,NCCB,57,21,54,195.0,10530.0
2020-02-19,2020021901014018,NHPC,58,41,200,59.0,11800.0
2020-02-19,2020021901013736,NIB,56,29,154,385.0,59290.0
2020-02-19,2020021901013735,NIB,42,29,51,385.0,19635.0
2020-02-19,2020021901013731,NIB,19,49,500,386.0,193000.0
2020-02-19,2020021901013609,NIB,22,49,250,386.0,96500.0
2020-02-19,2020021901013568,NIB,42,39,113,385.0,43505.0
2020-02-19,2020021901013932,NIBPO,8,26,200,337.0,67400.0
2020-02-19,2020021901013931,NIBPO,6,26,300,338.0,101400.0
2020-02-19,2020021901013928,NIBPO,6,4,2000,338.0,676000.0
2020-02-19,2020021901013805,NIBSF1,41,43,10444,9.6,100262.4
2020-02-19,2020021901014041,NICA,11,4,100,548.0,54800.0
2020-02-19,2020021901013996,NICA,55,4,500,548.0,274000.0
2020-02-19,2020021901013939,NICA,16,32,625,547.0,341875.0
2020-02-19,2020021901013938,NICA,8,32,100,547.0,54700.0
2020-02-19,2020021901013937,NICA,29,32,275,547.0,150425.0
2020-02-19,2020021901013918,NICA,29,28,225,547.0,123075.0
2020-02-19,2020021901013610,NICA,14,13,209,546.0,114114.0
2020-02-19,2020021901013917,NICA,19,28,25,547.0,13675.0
2020-02-19,2020021901013744,NICA,19,11,75,547.0,41025.0
2020-02-19,2020021901013661,NICA,19,11,400,547.0,218800.0
2020-02-19,2020021901013658,NICA,47,11,140,547.0,76580.0
2020-02-19,2020021901013657,NICA,47,25,10,547.0,5470.0
2020-02-19,2020021901013612,NICA,34,25,90,547.0,49230.0
2020-02-19,2020021901013919,NICL,35,44,50,469.0,23450.0
2020-02-19,2020021901013777,NICL,38,44,10,469.0,4690.0
2020-02-19,2020021901014048,NIL,5,16,300,606.0,181800.0
2020-02-19,2020021901013992,NIL,41,16,100,606.0,60600.0
2020-02-19,2020021901013991,NIL,49,16,100,606.0,60600.0
2020-02-19,2020021901013974,NIL,59,59,60,607.0,36420.0
2020-02-19,2020021901013852,NIL,59,59,200,607.0,121400.0
2020-02-19,2020021901013851,NIL,51,59,239,607.0,145073.0
2020-02-19,2020021901013720,NIL,51,6,61,607.0,37027.0
2020-02-19,2020021901013719,NIL,43,6,100,608.0,60800.0
2020-02-19,2020021901013718,NIL,18,6,22,608.0,13376.0
2020-02-19,2020021901013705,NIL,39,54,154,609.0,93786.0
2020-02-19,2020021901013562,NIL,18,14,50,608.0,30400.0
2020-02-19,2020021901013930,NLBBL,34,35,100,864.0,86400.0
2020-02-19,2020021901013929,NLBBL,34,40,500,863.0,431500.0
2020-02-19,2020021901013800,NLBBL,51,25,100,861.0,86100.0
2020-02-19,2020021901013711,NLBBL,28,43,500,862.0,431000.0
2020-02-19,2020021901013710,NLBBL,28,4,232,861.0,199752.0
2020-02-19,2020021901013709,NLBBL,28,5,50,861.0,43050.0
2020-02-19,2020021901013646,NLBBL,57,5,50,861.0,43050.0
2020-02-19,2020021901013596,NLG,54,4,100,722.0,72200.0
2020-02-19,2020021901013924,NLIC,57,58,500,1188.0,594000.0
2020-02-19,2020021901013717,NLIC,57,58,500,1188.0,594000.0
2020-02-19,2020021901013558,NLIC,42,43,22,1183.0,26026.0
2020-02-19,2020021901014008,NMB,29,36,100,409.0,40900.0
2020-02-19,2020021901013891,NMB,29,45,19,409.0,7771.0
2020-02-19,2020021901013716,NMB,44,45,30,409.0,12270.0
2020-02-19,2020021901013679,NMB,44,57,470,409.0,192230.0
2020-02-19,2020021901013916,NMBMF,35,58,300,960.0,288000.0
2020-02-19,2020021901013775,NMBMF,35,29,50,960.0,48000.0
2020-02-19,2020021901013774,NMBMF,35,44,368,960.0,353280.0
2020-02-19,2020021901013773,NMBMF,46,58,150,954.0,143100.0
2020-02-19,2020021901013772,NMBMF,21,58,100,955.0,95500.0
2020-02-19,2020021901013771,NMBMF,50,58,200,955.0,191000.0
2020-02-19,2020021901013770,NMBMF,14,58,50,955.0,47750.0
2020-02-19,2020021901013984,NUBL,6,53,100,1070.0,107000.0
2020-02-19,2020021901014039,PCBL,1,41,60,287.0,17220.0
2020-02-19,2020021901014050,PIC,21,58,20,651.0,13020.0
2020-02-19,2020021901013810,PIC,6,44,218,650.0,141700.0
2020-02-19,2020021901013809,PIC,6,6,20,650.0,13000.0
2020-02-19,2020021901013808,PIC,6,35,50,650.0,32500.0
2020-02-19,2020021901013807,PIC,6,57,112,650.0,72800.0
2020-02-19,2020021901013751,PIC,25,57,12,650.0,7800.0
2020-02-19,2020021901013639,PIC,4,56,20,646.0,12920.0
2020-02-19,2020021901013564,PIC,6,40,11,645.0,7095.0
2020-02-19,2020021901013756,PICL,39,50,100,525.0,52500.0
2020-02-19,2020021901013567,PICL,5,50,300,525.0,157500.0
2020-02-19,2020021901013566,PICL,5,44,100,524.0,52400.0
2020-02-19,2020021901013565,PICL,5,44,100,524.0,52400.0
2020-02-19,2020021901013971,PLIC,25,45,700,615.0,430500.0
2020-02-19,2020021901013904,PLIC,22,45,200,615.0,123000.0
2020-02-19,2020021901013780,PLIC,38,16,60,615.0,36900.0
2020-02-19,2020021901013611,PLIC,38,19,45,615.0,27675.0
2020-02-19,2020021901013689,PRIN,44,16,808,491.0,396728.0
2020-02-19,2020021901013966,PRVU,21,21,4,249.0,996.0
2020-02-19,2020021901013856,PRVU,46,36,54,249.0,13446.0
2020-02-19,2020021901013855,PRVU,29,36,150,249.0,37350.0
2020-02-19,2020021901013745,PRVU,49,21,76,249.0,18924.0
2020-02-19,2020021901013687,PRVU,39,25,34,250.0,8500.0
2020-02-19,2020021901013686,PRVU,39,26,16,250.0,4000.0
2020-02-19,2020021901013962,RBCL,45,19,10,11020.0,110200.0
2020-02-19,2020021901013789,RBCL,52,42,10,10984.0,109840.0
2020-02-19,2020021901013788,RBCL,46,42,10,10984.0,109840.0
2020-02-19,2020021901013560,RBCL,50,19,10,11020.0,110200.0
2020-02-19,2020021901013927,RBCLPO,42,59,300,9326.0,2797800.0
2020-02-19,2020021901013811,RBCLPO,5,57,30,9350.0,280500.0
2020-02-19,2020021901013786,RHPC,29,45,32,88.0,2816.0
2020-02-19,2020021901013785,RHPC,41,45,500,88.0,44000.0
2020-02-19,2020021901013784,RHPC,34,45,110,88.0,9680.0
2020-02-19,2020021901013559,RLFL,29,21,37,139.0,5143.0
2020-02-19,2020021901013994,RMDC,5,1,60,774.0,46440.0
2020-02-19,2020021901013942,RMDC,19,37,50,780.0,39000.0
2020-02-19,2020021901013854,RMDC,25,38,500,779.0,389500.0
2020-02-19,2020021901013638,RRHP,38,57,10,103.0,1030.0
2020-02-19,2020021901013637,RRHP,38,59,10,103.0,1030.0
2020-02-19,2020021901013981,RSDC,58,58,40,509.0,20360.0
2020-02-19,2020021901013936,RSDC,58,21,20,509.0,10180.0
2020-02-19,2020021901013802,RSDC,19,19,370,510.0,188700.0
2020-02-19,2020021901013749,RSDC,41,19,130,510.0,66300.0
2020-02-19,2020021901013704,RSDC,22,19,200,510.0,102000.0
2020-02-19,2020021901013571,RSDC,29,6,140,508.0,71120.0
2020-02-19,2020021901013570,RSDC,29,46,50,508.0,25400.0
2020-02-19,2020021901013569,RSDC,29,41,300,507.0,152100.0
2020-02-19,2020021901013620,RSDC,42,46,100,510.0,51000.0
2020-02-19,2020021901013619,RSDC,42,32,10,510.0,5100.0
2020-02-19,2020021901013618,RSDC,42,17,500,509.0,254500.0
2020-02-19,2020021901013617,RSDC,42,45,250,509.0,127250.0
2020-02-19,2020021901013616,RSDC,42,40,290,508.0,147320.0
2020-02-19,2020021901013615,RSDC,42,6,60,508.0,30480.0
2020-02-19,2020021901013626,RSDC,42,53,500,510.0,255000.0
2020-02-19,2020021901013625,RSDC,42,20,300,510.0,153000.0
2020-02-19,2020021901013624,RSDC,42,58,100,510.0,51000.0
2020-02-19,2020021901013623,RSDC,42,13,20,510.0,10200.0
2020-02-19,2020021901013622,RSDC,42,36,100,510.0,51000.0
2020-02-19,2020021901013621,RSDC,42,57,137,510.0,69870.0
2020-02-19,2020021901013660,RSDC,41,16,70,508.0,35560.0
2020-02-19,2020021901013631,RSDC,42,6,100,510.0,51000.0
2020-02-19,2020021901013630,RSDC,42,28,533,510.0,271830.0
2020-02-19,2020021901013629,RSDC,42,50,500,510.0,255000.0
2020-02-19,2020021901013628,RSDC,42,44,500,510.0,255000.0
2020-02-19,2020021901013627,RSDC,42,35,100,510.0,51000.0
2020-02-19,2020021901013901,SAPDBL,6,43,34,147.0,4998.0
2020-02-19,2020021901013933,SBI,5,29,100,425.0,42500.0
2020-02-19,2020021901013703,SBI,44,44,221,427.0,94367.0
2020-02-19,2020021901013957,SBL,29,6,100,324.0,32400.0
2020-02-19,2020021901013555,SBL,54,6,69,323.0,22287.0
2020-02-19,2020021901014021,SDESI,51,4,200,970.0,194000.0
2020-02-19,2020021901014020,SDESI,29,4,200,975.0,195000.0
2020-02-19,2020021901013920,SDESI,45,4,200,985.0,197000.0
2020-02-19,2020021901013834,SDESI,45,34,29,992.0,28768.0
2020-02-19,2020021901013833,SDESI,45,34,300,991.0,297300.0
2020-02-19,2020021901013832,SDESI,45,38,200,991.0,198200.0
2020-02-19,2020021901013831,SDESI,45,39,51,989.0,50439.0
2020-02-19,2020021901013830,SDESI,45,34,200,989.0,197800.0
2020-02-19,2020021901013829,SDESI,45,40,70,989.0,69230.0
2020-02-19,2020021901013828,SDESI,45,16,100,988.0,98800.0
2020-02-19,2020021901013827,SDESI,45,26,50,987.0,49350.0
2020-02-19,2020021901013683,SHINE,39,4,500,297.0,148500.0
2020-02-19,2020021901013682,SHINE,17,4,150,297.0,44550.0
2020-02-19,2020021901013681,SHINE,17,4,150,297.0,44550.0
2020-02-19,2020021901013680,SHINE,8,4,93,297.0,27621.0
2020-02-19,2020021901013684,SHINE,51,4,100,297.0,29700.0
2020-02-19,2020021901014047,SHIVM,25,42,450,641.0,288450.0
2020-02-19,2020021901014046,SHIVM,25,4,50,640.0,32000.0
2020-02-19,2020021901014040,SHIVM,46,4,400,640.0,256000.0
2020-02-19,2020021901014037,SHIVM,46,19,100,640.0,64000.0
2020-02-19,2020021901014036,SHIVM,59,19,200,640.0,128000.0
2020-02-19,2020021901014032,SHIVM,47,58,1000,640.0,640000.0
2020-02-19,2020021901013663,SHIVM,40,51,100,645.0,64500.0
2020-02-19,2020021901013647,SHIVM,40,55,100,645.0,64500.0
2020-02-19,2020021901013572,SHIVM,6,11,96,645.0,61920.0
2020-02-19,2020021901013783,SHIVM,59,38,100,645.0,64500.0
2020-02-19,2020021901013782,SHIVM,59,16,200,645.0,129000.0
2020-02-19,2020021901013781,SHIVM,59,51,200,645.0,129000.0
2020-02-19,2020021901013923,SHIVM,56,17,50,642.0,32100.0
2020-02-19,2020021901013898,SHIVM,56,14,50,642.0,32100.0
2020-02-19,2020021901013838,SHIVM,3,16,300,643.0,192900.0
2020-02-19,2020021901013837,SHIVM,14,16,500,643.0,321500.0
2020-02-19,2020021901013806,SHIVM,40,3,15,644.0,9660.0
2020-02-19,2020021901014025,SHIVM,1,42,100,641.0,64100.0
2020-02-19,2020021901014019,SHIVM,34,42,340,641.0,217940.0
2020-02-19,2020021901013978,SHIVM,34,38,160,641.0,102560.0
2020-02-19,2020021901013977,SHIVM,6,38,350,641.0,224350.0
2020-02-19,2020021901013976,SHIVM,51,38,50,642.0,32100.0
2020-02-19,2020021901013975,SHIVM,56,38,110,642.0,70620.0
2020-02-19,2020021901013990,SHL,1,45,300,193.0,57900.0
2020-02-19,2020021901013989,SHL,1,58,200,193.0,38600.0
2020-02-19,2020021901014028,SICL,45,58,100,1230.0,123000.0
2020-02-19,2020021901014017,SICL,35,58,100,1230.0,123000.0
2020-02-19,2020021901014010,SICL,44,58,250,1230.0,307500.0
2020-02-19,2020021901013967,SICL,44,58,190,1230.0,233700.0
2020-02-19,2020021901013922,SICL,26,58,500,1230.0,615000.0
2020-02-19,2020021901013921,SICL,44,58,10,1231.0,12310.0
2020-02-19,2020021901013585,SICL,14,40,600,1236.0,741600.0
2020-02-19,2020021901013584,SICL,14,58,400,1235.0,494000.0
2020-02-19,2020021901013763,SICL,50,5,15,1232.0,18480.0
2020-02-19,2020021901013734,SICL,50,48,75,1232.0,92400.0
2020-02-19,2020021901013733,SICL,45,48,40,1233.0,49320.0
2020-02-19,2020021901013732,SICL,5,48,50,1236.0,61800.0
2020-02-19,2020021901013632,SICL,14,40,49,1236.0,60564.0
2020-02-19,2020021901013915,SICL,20,44,200,1233.0,246600.0
2020-02-19,2020021901013826,SICL,46,14,100,1235.0,123500.0
2020-02-19,2020021901013794,SICL,44,14,990,1231.0,1218690.0
2020-02-19,2020021901013793,SICL,58,14,300,1232.0,369600.0
2020-02-19,2020021901013792,SICL,42,14,100,1232.0,123200.0
2020-02-19,2020021901013791,SICL,50,14,110,1232.0,135520.0
2020-02-19,2020021901013897,SINDU,57,51,97,136.0,13192.0
2020-02-19,2020021901013896,SINDU,57,56,103,136.0,14008.0
2020-02-19,2020021901013836,SINDU,45,56,497,136.0,67592.0
2020-02-19,2020021901013649,SINDU,45,46,503,136.0,68408.0
2020-02-19,2020021901013648,SINDU,45,46,197,136.0,26792.0
2020-02-19,2020021901013956,SKBBL,43,57,65,1283.0,83395.0
2020-02-19,2020021901013955,SKBBL,43,10,50,1283.0,64150.0
2020-02-19,2020021901013954,SKBBL,43,54,50,1283.0,64150.0
2020-02-19,2020021901013730,SKBBL,51,54,50,1283.0,64150.0
2020-02-19,2020021901013672,SKBBL,57,14,10,1280.0,12800.0
2020-02-19,2020021901013671,SKBBL,57,20,150,1275.0,191250.0
2020-02-19,2020021901013587,SKBBL,58,17,50,1272.0,63600.0
2020-02-19,2020021901013586,SKBBL,58,14,516,1270.0,655320.0
2020-02-19,2020021901013574,SKBBL,34,14,250,1270.0,317500.0
2020-02-19,2020021901013561,SKBBL,39,14,50,1270.0,63500.0
2020-02-19,2020021901013664,SKBBL,57,28,125,1270.0,158750.0
2020-02-19,2020021901013592,SKBBL,58,29,73,1273.0,92929.0
2020-02-19,2020021901013591,SKBBL,58,47,200,1273.0,254600.0
2020-02-19,2020021901013590,SKBBL,58,47,100,1273.0,127300.0
2020-02-19,2020021901013589,SKBBL,58,45,11,1272.0,13992.0
2020-02-19,2020021901013588,SKBBL,58,21,50,1272.0,63600.0
2020-02-19,2020021901013670,SKBBL,57,41,200,1275.0,255000.0
2020-02-19,2020021901013669,SKBBL,57,5,100,1275.0,127500.0
2020-02-19,2020021901013668,SKBBL,57,45,90,1275.0,114750.0
2020-02-19,2020021901013667,SKBBL,57,44,10,1273.0,12730.0
2020-02-19,2020021901013666,SKBBL,57,29,27,1273.0,34371.0
2020-02-19,2020021901013665,SKBBL,57,43,200,1272.0,254400.0
2020-02-19,2020021901014016,SLBBL,42,22,120,990.0,118800.0
2020-02-19,2020021901014015,SLBBL,42,57,100,989.0,98900.0
2020-02-19,2020021901014014,SLBBL,42,35,250,989.0,247250.0
2020-02-19,2020021901014013,SLBBL,42,45,30,988.0,29640.0
2020-02-19,2020021901014006,SLBBL,22,45,70,988.0,69160.0
2020-02-19,2020021901013965,SLBBL,22,17,30,986.0,29580.0
2020-02-19,2020021901013946,SLICL,5,39,81,496.0,40176.0
2020-02-19,2020021901013743,SLICL,6,39,100,496.0,49600.0
2020-02-19,2020021901013742,SLICL,59,39,19,496.0,9424.0
2020-02-19,2020021901013594,SLICL,59,29,81,496.0,40176.0
2020-02-19,2020021901013593,SLICL,22,29,19,496.0,9424.0
2020-02-19,2020021901013999,SMATA,34,41,25,882.0,22050.0
2020-02-19,2020021901013998,SMATA,34,51,70,882.0,61740.0
2020-02-19,2020021901013997,SMATA,34,57,100,881.0,88100.0
2020-02-19,2020021901013951,SMATA,13,41,500,867.0,433500.0
2020-02-19,2020021901013950,SMATA,38,41,100,868.0,86800.0
2020-02-19,2020021901013949,SMATA,34,41,100,868.0,86800.0
2020-02-19,2020021901013948,SMATA,21,41,100,870.0,87000.0
2020-02-19,2020021901013900,SMATA,34,51,376,872.0,327872.0
2020-02-19,2020021901013899,SMATA,34,14,300,872.0,261600.0
2020-02-19,2020021901013822,SMATA,34,20,38,870.0,33060.0
2020-02-19,2020021901013765,SMB,34,43,10,1102.0,11020.0
2020-02-19,2020021901013750,SMB,34,43,10,1081.0,10810.0
2020-02-19,2020021901013725,SMB,34,43,10,1081.0,10810.0
2020-02-19,2020021901013724,SMB,34,43,20,1071.0,21420.0
2020-02-19,2020021901013723,SMB,34,57,60,1070.0,64200.0
2020-02-19,2020021901013608,SMB,34,6,10,1049.0,10490.0
2020-02-19,2020021901013607,SMB,34,43,20,1048.0,20960.0
2020-02-19,2020021901013606,SMB,34,41,10,1045.0,10450.0
2020-02-19,2020021901013605,SMB,34,56,10,1040.0,10400.0
2020-02-19,2020021901013604,SMB,34,6,50,1040.0,52000.0
2020-02-19,2020021901013697,SMB,34,53,50,1060.0,53000.0
2020-02-19,2020021901013696,SMB,34,58,10,1050.0,10500.0
2020-02-19,2020021901013695,SMB,34,41,150,1050.0,157500.0
2020-02-19,2020021901013694,SMB,34,19,100,1050.0,105000.0
2020-02-19,2020021901013693,SMB,34,48,20,1050.0,21000.0
2020-02-19,2020021901014003,SPARS,34,38,10,1008.0,10080.0
2020-02-19,2020021901014002,SPARS,34,54,10,994.0,9940.0
2020-02-19,2020021901014001,SPARS,34,47,50,989.0,49450.0
2020-02-19,2020021901014000,SPARS,34,38,20,985.0,19700.0
2020-02-19,2020021901013779,SPDL,47,21,15,102.0,1530.0
2020-02-19,2020021901013778,SPDL,47,39,200,102.0,20400.0
2020-02-19,2020021901013662,STC,10,28,150,2799.0,419850.0
2020-02-19,2020021901013972,SWBBL,18,40,75,1343.0,100725.0
2020-02-19,2020021901013641,SWBBL,33,6,98,1358.0,133084.0
2020-02-19,2020021901013941,UNHPL,19,22,450,62.0,27900.0
2020-02-19,2020021901013940,UNHPL,19,48,50,62.0,3100.0
2020-02-19,2020021901013860,UPCL,38,55,60,80.0,4800.0
2020-02-19,2020021901013714,VLBS,34,58,200,1185.0,237000.0
2020-02-19,2020021901013713,VLBS,34,42,110,1180.0,129800.0
2020-02-19,2020021901013712,VLBS,34,14,127,1175.0,149225.0
2020-02-19,2020021901013847,VLBS,34,14,163,1185.0,193155.0
2020-02-19,2020021901013943,WOMI,36,50,120,1115.0,133800.0
2020-02-19,2020021901013903,WOMI,57,50,100,1115.0,111500.0
2020-02-19,2020021901013556,WOMI,51,17,100,1113.0,111300.0
2020-02-19,2020021901010616,ADBL,5,4,20,398.0,7960.0
2020-02-19,2020021901010560,AKJCL,34,57,10,56.0,560.0
2020-02-19,2020021901010555,AKJCL,34,42,20,56.0,1120.0
2020-02-19,2020021901011033,AKPL,49,40,100,136.0,13600.0
2020-02-19,2020021901011053,ALBSL,26,17,11,835.0,9185.0
2020-02-19,2020021901010970,ALBSL,39,55,100,834.0,83400.0
2020-02-19,2020021901010662,ALBSL,39,14,148,835.0,123580.0
2020-02-19,2020021901010661,ALBSL,39,17,32,834.0,26688.0
2020-02-19,2020021901010878,ALICL,1,41,500,630.0,315000.0
2020-02-19,2020021901010868,ALICL,57,35,100,631.0,63100.0
2020-02-19,2020021901010648,ALICL,1,16,500,630.0,315000.0
2020-02-19,2020021901010618,ALICL,1,56,500,630.0,315000.0
2020-02-19,2020021901011040,API,1,22,100,137.0,13700.0
2020-02-19,2020021901011039,API,1,38,292,137.0,40004.0
2020-02-19,2020021901011038,API,1,44,892,137.0,122204.0
2020-02-19,2020021901010716,BARUN,56,45,990,97.0,96030.0
2020-02-19,2020021901010989,BOKL,5,40,230,237.0,54510.0
2020-02-19,2020021901010988,BOKL,45,40,270,237.0,63990.0
2020-02-19,2020021901010977,BOKL,45,34,625,237.0,148125.0
2020-02-19,2020021901010587,BOKL,45,36,1105,237.0,261885.0
2020-02-19,2020021901011007,BPCL,49,43,93,360.0,33480.0
2020-02-19,2020021901010879,BPCL,49,49,100,360.0,36000.0
2020-02-19,2020021901010857,BPCL,49,46,100,360.0,36000.0
2020-02-19,2020021901010728,BPCL,49,51,10,360.0,3600.0
2020-02-19,2020021901010727,BPCL,49,55,97,360.0,34920.0
2020-02-19,2020021901010872,CCBL,49,45,26,185.0,4810.0
2020-02-19,2020021901010871,CCBL,49,1,384,185.0,71040.0
2020-02-19,2020021901010847,CCBL,55,1,1000,185.0,185000.0
2020-02-19,2020021901010846,CCBL,35,1,245,185.0,45325.0
2020-02-19,2020021901010738,CCBL,35,57,42,185.0,7770.0
2020-02-19,2020021901010584,CCBL,35,45,29,185.0,5365.0
2020-02-19,2020021901010592,CHCL,49,50,50,430.0,21500.0
2020-02-19,2020021901011006,CIT,3,42,20,2730.0,54600.0
2020-02-19,2020021901010994,CZBIL,49,51,485,198.0,96030.0
2020-02-19,2020021901010591,CZBIL,32,45,12,197.0,2364.0
2020-02-19,2020021901010987,DDBL,19,38,50,910.0,45500.0
2020-02-19,2020021901010968,DDBL,6,38,50,910.0,45500.0
2020-02-19,2020021901010866,DDBL,21,38,100,912.0,91200.0
2020-02-19,2020021901010855,DDBL,21,58,100,913.0,91300.0
2020-02-19,2020021901010854,DDBL,21,53,150,912.0,136800.0
2020-02-19,2020021901010853,DDBL,21,16,11,912.0,10032.0
2020-02-19,2020021901010667,DDBL,45,56,200,908.0,181600.0
2020-02-19,2020021901010666,DDBL,34,56,200,908.0,181600.0
2020-02-19,2020021901010554,DDBL,42,56,100,910.0,91000.0
2020-02-19,2020021901010756,EBL,26,43,50,665.0,33250.0
2020-02-19,2020021901010669,EBL,5,43,51,665.0,33915.0
2020-02-19,2020021901011032,FMDBL,58,44,43,500.0,21500.0
2020-02-19,2020021901010932,FMDBL,58,43,318,500.0,159000.0
2020-02-19,2020021901010931,FMDBL,58,39,606,500.0,303000.0
2020-02-19,2020021901010827,FMDBL,16,43,150,500.0,75000.0
2020-02-19,2020021901010786,FMDBL,16,17,300,500.0,150000.0
2020-02-19,2020021901010785,FMDBL,16,42,25,500.0,12500.0
2020-02-19,2020021901010784,FMDBL,16,58,25,500.0,12500.0
2020-02-19,2020021901010769,FMDBL,58,51,200,500.0,100000.0
2020-02-19,2020021901010765,FMDBL,41,51,200,500.0,100000.0
2020-02-19,2020021901010588,FMDBL,40,43,350,499.0,174650.0
2020-02-19,2020021901010586,FMDBL,40,43,100,498.0,49800.0
2020-02-19,2020021901010559,FMDBL,29,43,150,499.0,74850.0
2020-02-19,2020021901010575,GBBL,44,40,136,245.0,33320.0
2020-02-19,2020021901010574,GBBL,4,40,200,246.0,49200.0
2020-02-19,2020021901010573,GBBL,51,40,50,246.0,12300.0
2020-02-19,2020021901010572,GBBL,4,40,16,246.0,3936.0
2020-02-19,2020021901010930,GBIME,42,49,40,284.0,11360.0
2020-02-19,2020021901010906,GBIME,42,49,10,284.0,2840.0
2020-02-19,2020021901010886,GBIME,37,49,100,284.0,28400.0
2020-02-19,2020021901010779,GBIME,7,49,37,284.0,10508.0
2020-02-19,2020021901010725,GBIME,8,7,37,283.0,10471.0
2020-02-19,2020021901010678,GBIME,41,49,30,284.0,8520.0
2020-02-19,2020021901010664,GBIME,8,14,69,283.0,19527.0
2020-02-19,2020021901011044,GBLBS,49,44,100,524.0,52400.0
2020-02-19,2020021901011036,GBLBS,28,44,360,524.0,188640.0
2020-02-19,2020021901010905,GBLBS,16,44,1370,524.0,717880.0
2020-02-19,2020021901010904,GBLBS,16,25,100,524.0,52400.0
2020-02-19,2020021901010903,GBLBS,16,36,15,524.0,7860.0
2020-02-19,2020021901010902,GBLBS,16,25,15,524.0,7860.0
2020-02-19,2020021901010749,GBLBS,17,55,100,523.0,52300.0
2020-02-19,2020021901010658,GBLBS,28,57,140,522.0,73080.0
2020-02-19,2020021901010623,GBLBS,16,57,110,522.0,57420.0
2020-02-19,2020021901010590,GBLBS,16,57,150,522.0,78300.0
2020-02-19,2020021901010582,GBLBS,3,17,50,521.0,26050.0
2020-02-19,2020021901010561,GBLBS,55,17,50,521.0,26050.0
2020-02-19,2020021901010764,GILB,51,28,41,1435.0,58835.0
2020-02-19,2020021901010701,GILB,22,42,50,1443.0,72150.0
2020-02-19,2020021901010700,GILB,22,16,300,1442.0,432600.0
2020-02-19,2020021901010699,GILB,22,44,50,1442.0,72100.0
2020-02-19,2020021901010698,GILB,22,34,100,1441.0,144100.0
2020-02-19,2020021901010585,GILB,33,36,100,1440.0,144000.0
2020-02-19,2020021901010612,GLBSL,26,14,10,813.0,8130.0
2020-02-19,2020021901010663,GLICL,6,56,57,810.0,46170.0
2020-02-19,2020021901011043,GMFBS,58,34,10,1000.0,10000.0
2020-02-19,2020021901011042,GMFBS,58,49,290,1000.0,290000.0
2020-02-19,2020021901010901,HBL,49,55,500,575.0,287500.0
2020-02-19,2020021901010835,HBL,39,6,150,578.0,86700.0
2020-02-19,2020021901010783,HBL,39,45,20,577.0,11540.0
2020-02-19,2020021901010696,HBL,34,35,50,578.0,28900.0
2020-02-19,2020021901010695,HBL,34,42,500,578.0,289000.0
2020-02-19,2020021901010694,HBL,34,34,40,578.0,23120.0
2020-02-19,2020021901010693,HBL,34,7,20,577.0,11540.0
2020-02-19,2020021901010692,HBL,34,21,150,577.0,86550.0
2020-02-19,2020021901010691,HBL,34,17,237,576.0,136512.0
2020-02-19,2020021901011051,HDL,42,38,20,1500.0,30000.0
2020-02-19,2020021901011050,HDL,42,45,200,1500.0,300000.0
2020-02-19,2020021901011049,HDL,42,4,300,1500.0,450000.0
2020-02-19,2020021901011048,HDL,42,59,10,1500.0,15000.0
2020-02-19,2020021901011047,HDL,42,49,1220,1500.0,1830000.0
2020-02-19,2020021901011046,HDL,42,33,100,1499.0,149900.0
2020-02-19,2020021901010562,HDL,10,14,100,1463.0,146300.0
2020-02-19,2020021901010600,HDL,58,42,100,1465.0,146500.0
2020-02-19,2020021901010599,HDL,42,42,300,1465.0,439500.0
2020-02-19,2020021901010598,HDL,42,41,500,1465.0,732500.0
2020-02-19,2020021901010597,HDL,42,14,100,1464.0,146400.0
2020-02-19,2020021901010579,HDL,58,48,100,1464.0,146400.0
2020-02-19,2020021901010563,HDL,10,42,100,1465.0,146500.0
2020-02-19,2020021901010630,HDL,25,49,30,1468.0,44040.0
2020-02-19,2020021901010629,HDL,46,49,170,1468.0,249560.0
2020-02-19,2020021901010628,HDL,46,34,80,1468.0,117440.0
2020-02-19,2020021901010627,HDL,46,43,100,1466.0,146600.0
2020-02-19,2020021901010626,HDL,46,14,100,1466.0,146600.0
2020-02-19,2020021901010625,HDL,46,45,50,1465.0,73250.0
2020-02-19,2020021901010652,HDL,42,1,200,1470.0,294000.0
2020-02-19,2020021901010651,HDL,42,47,100,1470.0,147000.0
2020-02-19,2020021901010634,HDL,25,54,200,1469.0,293800.0
2020-02-19,2020021901010633,HDL,25,46,20,1469.0,29380.0
2020-02-19,2020021901010632,HDL,25,5,50,1469.0,73450.0
2020-02-19,2020021901010631,HDL,25,6,10,1469.0,14690.0
2020-02-19,2020021901010675,HDL,56,49,30,1471.0,44130.0
2020-02-19,2020021901010674,HDL,56,28,26,1471.0,38246.0
2020-02-19,2020021901010668,HDL,42,14,50,1470.0,73500.0
2020-02-19,2020021901010655,HDL,42,1,220,1470.0,323400.0
2020-02-19,2020021901010654,HDL,42,45,200,1470.0,294000.0
2020-02-19,2020021901010653,HDL,42,44,150,1470.0,220500.0
2020-02-19,2020021901010688,HDL,28,48,250,1473.0,368250.0
2020-02-19,2020021901010687,HDL,28,29,50,1473.0,73650.0
2020-02-19,2020021901010686,HDL,28,4,30,1473.0,44190.0
2020-02-19,2020021901010685,HDL,41,14,100,1472.0,147200.0
2020-02-19,2020021901010684,HDL,41,56,100,1472.0,147200.0
2020-02-19,2020021901010683,HDL,41,25,50,1471.0,73550.0
2020-02-19,2020021901010713,HDL,28,53,1000,1475.0,1475000.0
2020-02-19,2020021901010712,HDL,28,49,200,1475.0,295000.0
2020-02-19,2020021901010706,HDL,56,43,50,1474.0,73700.0
2020-02-19,2020021901010705,HDL,56,33,50,1474.0,73700.0
2020-02-19,2020021901010704,HDL,56,38,125,1474.0,184250.0
2020-02-19,2020021901010689,HDL,28,47,50,1473.0,73650.0
2020-02-19,2020021901010722,HDL,5,46,200,1476.0,295200.0
2020-02-19,2020021901010721,HDL,5,33,25,1476.0,36900.0
2020-02-19,2020021901010720,HDL,5,47,50,1476.0,73800.0
2020-02-19,2020021901010717,HDL,53,19,20,1475.0,29500.0
2020-02-19,2020021901010715,HDL,28,19,50,1475.0,73750.0
2020-02-19,2020021901010714,HDL,28,16,10,1475.0,14750.0
2020-02-19,2020021901010736,HDL,56,16,265,1479.0,391935.0
2020-02-19,2020021901010735,HDL,5,16,35,1479.0,51765.0
2020-02-19,2020021901010734,HDL,5,58,15,1479.0,22185.0
2020-02-19,2020021901010733,HDL,5,34,200,1479.0,295800.0
2020-02-19,2020021901010732,HDL,5,25,50,1479.0,73950.0
2020-02-19,2020021901010723,HDL,5,47,20,1476.0,29520.0
2020-02-19,2020021901010760,HDL,56,45,100,1485.0,148500.0
2020-02-19,2020021901010754,HDL,22,48,63,1482.0,93366.0
2020-02-19,2020021901010753,HDL,4,48,100,1482.0,148200.0
2020-02-19,2020021901010743,HDL,38,1,50,1480.0,74000.0
2020-02-19,2020021901010742,HDL,56,1,50,1480.0,74000.0
2020-02-19,2020021901010737,HDL,56,45,50,1480.0,74000.0
2020-02-19,2020021901010778,HDL,41,28,100,1493.0,149300.0
2020-02-19,2020021901010773,HDL,6,28,150,1493.0,223950.0
2020-02-19,2020021901010772,HDL,6,1,100,1493.0,149300.0
2020-02-19,2020021901010771,HDL,6,1,50,1493.0,74650.0
2020-02-19,2020021901010770,HDL,6,37,200,1493.0,298600.0
2020-02-19,2020021901010768,HDL,56,1,200,1490.0,298000.0
2020-02-19,2020021901010799,HDL,56,28,10,1499.0,14990.0
2020-02-19,2020021901010798,HDL,56,47,49,1499.0,73451.0
2020-02-19,2020021901010789,HDL,53,14,100,1498.0,149800.0
2020-02-19,2020021901010788,HDL,56,48,100,1498.0,149800.0
2020-02-19,2020021901010787,HDL,56,8,300,1490.0,447000.0
2020-02-19,2020021901010782,HDL,58,28,50,1493.0,74650.0
2020-02-19,2020021901010816,HDL,37,5,20,1500.0,30000.0
2020-02-19,2020021901010815,HDL,37,8,80,1498.0,119840.0
2020-02-19,2020021901010803,HDL,56,5,100,1500.0,150000.0
2020-02-19,2020021901010802,HDL,56,5,41,1500.0,61500.0
2020-02-19,2020021901010801,HDL,56,4,200,1500.0,300000.0
2020-02-19,2020021901010800,HDL,56,58,200,1499.0,299800.0
2020-02-19,2020021901010892,HDL,34,3,20,1498.0,29960.0
2020-02-19,2020021901010861,HDL,56,5,100,1500.0,150000.0
2020-02-19,2020021901010852,HDL,34,6,80,1498.0,119840.0
2020-02-19,2020021901010851,HDL,56,6,20,1498.0,29960.0
2020-02-19,2020021901010845,HDL,56,48,80,1498.0,119840.0
2020-02-19,2020021901010817,HDL,38,38,50,1493.0,74650.0
2020-02-19,2020021901010936,HDL,46,5,79,1500.0,118500.0
2020-02-19,2020021901010929,HDL,56,5,60,1500.0,90000.0
2020-02-19,2020021901010928,HDL,56,58,40,1499.0,59960.0
2020-02-19,2020021901010913,HDL,50,58,50,1499.0,74950.0
2020-02-19,2020021901010896,HDL,40,58,200,1499.0,299800.0
2020-02-19,2020021901010893,HDL,53,3,80,1498.0,119840.0
2020-02-19,2020021901011000,HDL,26,38,20,1498.0,29960.0
2020-02-19,2020021901010999,HDL,26,45,200,1495.0,299000.0
2020-02-19,2020021901010941,HDL,56,59,199,1500.0,298500.0
2020-02-19,2020021901010940,HDL,46,59,21,1500.0,31500.0
2020-02-19,2020021901010938,HDL,46,35,300,1500.0,450000.0
2020-02-19,2020021901010937,HDL,46,51,100,1500.0,150000.0
2020-02-19,2020021901011045,HDL,42,55,50,1498.0,74900.0
2020-02-19,2020021901011030,HDL,19,49,50,1500.0,75000.0
2020-02-19,2020021901011025,HDL,58,49,130,1500.0,195000.0
2020-02-19,2020021901011024,HDL,58,48,70,1499.0,104930.0
2020-02-19,2020021901011002,HDL,26,48,180,1499.0,269820.0
2020-02-19,2020021901011001,HDL,26,22,100,1499.0,149900.0
2020-02-19,2020021901010895,HIDCL,26,57,50,138.0,6900.0
2020-02-19,2020021901010637,HIDCL,26,57,61,138.0,8418.0
2020-02-19,2020021901010859,HPPL,45,44,10,155.0,1550.0
2020-02-19,2020021901010858,HPPL,45,38,571,154.0,87934.0
2020-02-19,2020021901010808,IGI,47,29,133,479.0,63707.0
2020-02-19,2020021901010807,IGI,47,42,10,479.0,4790.0
2020-02-19,2020021901010806,IGI,47,45,157,478.0,75046.0
2020-02-19,2020021901010624,IGI,28,45,343,477.0,163611.0
2020-02-19,2020021901010921,ILBS,5,45,10,935.0,9350.0
2020-02-19,2020021901010578,JOSHI,42,57,10,61.0,610.0
2020-02-19,2020021901010577,JOSHI,34,57,10,61.0,610.0
2020-02-19,2020021901010894,JSLBB,49,28,15,1867.0,28005.0
2020-02-19,2020021901010752,JSLBB,49,50,100,1867.0,186700.0
2020-02-19,2020021901010751,JSLBB,49,45,71,1866.0,132486.0
2020-02-19,2020021901010750,JSLBB,49,44,14,1860.0,26040.0
2020-02-19,2020021901010731,JSLBB,40,40,2,1829.0,3658.0
2020-02-19,2020021901010900,KBL,59,42,280,196.0,54880.0
2020-02-19,2020021901010899,KBL,25,42,1000,196.0,196000.0
2020-02-19,2020021901011035,KPCL,47,22,10,105.0,1050.0
2020-02-19,2020021901010596,KPCL,59,57,10,104.0,1040.0
2020-02-19,2020021901010951,KSBBL,32,41,123,172.0,21156.0
2020-02-19,2020021901010950,KSBBL,32,16,1003,172.0,172516.0
2020-02-19,2020021901010949,KSBBL,32,22,400,172.0,68800.0
2020-02-19,2020021901010958,LBBL,7,7,6,195.0,1170.0
2020-02-19,2020021901010889,LBL,16,25,15,229.0,3435.0
2020-02-19,2020021901010888,LBL,57,25,85,229.0,19465.0
2020-02-19,2020021901010805,LBL,57,43,415,229.0,95035.0
2020-02-19,2020021901010804,LBL,32,43,1585,229.0,362965.0
2020-02-19,2020021901010643,LGIL,22,43,40,527.0,21080.0
2020-02-19,2020021901010642,LGIL,22,25,10,527.0,5270.0
2020-02-19,2020021901010659,LICN,55,25,12,1389.0,16668.0
2020-02-19,2020021901010922,LLBS,16,21,42,1205.0,50610.0
2020-02-19,2020021901010946,MEGA,53,21,106,212.0,22472.0
2020-02-19,2020021901010945,MEGA,53,45,230,212.0,48760.0
2020-02-19,2020021901010615,MFIL,57,43,200,194.0,38800.0
2020-02-19,2020021901010614,MFIL,44,43,200,194.0,38800.0
2020-02-19,2020021901010748,MLBBL,5,49,44,866.0,38104.0
2020-02-19,2020021901010657,MNBBL,48,35,25,330.0,8250.0
2020-02-19,2020021901010656,MNBBL,11,35,75,330.0,24750.0
2020-02-19,2020021901010558,MPFL,56,58,90,123.0,11070.0
2020-02-19,2020021901011026,NADEP,18,6,10,779.0,7790.0
2020-02-19,2020021901010746,NADEP,5,48,23,776.0,17848.0
2020-02-19,2020021901010739,NADEP,5,41,23,776.0,17848.0
2020-02-19,2020021901010665,NADEP,38,38,3,776.0,2328.0
2020-02-19,2020021901010576,NADEP,39,48,100,776.0,77600.0
2020-02-19,2020021901010818,NBB,33,29,15,211.0,3165.0
2020-02-19,2020021901010647,NBB,33,14,122,211.0,25742.0
2020-02-19,2020021901010646,NBB,51,14,500,211.0,105500.0
2020-02-19,2020021901010645,NBB,32,14,603,211.0,127233.0
2020-02-19,2020021901011011,NBL,6,34,100,271.0,27100.0
2020-02-19,2020021901010767,NBL,1,55,55,270.0,14850.0
2020-02-19,2020021901010766,NBL,44,55,245,270.0,66150.0
2020-02-19,2020021901010708,NBL,22,34,100,271.0,27100.0
2020-02-19,2020021901010707,NBL,22,42,100,271.0,27100.0
2020-02-19,2020021901010960,NCCB,6,42,250,194.0,48500.0
2020-02-19,2020021901010959,NCCB,25,42,750,194.0,145500.0
2020-02-19,2020021901011041,NGPL,28,17,11,138.0,1518.0
2020-02-19,2020021901010601,NGPL,58,22,500,138.0,69000.0
2020-02-19,2020021901010870,NHPC,56,41,100,59.0,5900.0
2020-02-19,2020021901010933,NIB,7,49,100,386.0,38600.0
2020-02-19,2020021901010792,NIB,26,49,300,386.0,115800.0
2020-02-19,2020021901010791,NIB,1,49,718,386.0,277148.0
2020-02-19,2020021901010790,NIB,1,36,232,386.0,89552.0
2020-02-19,2020021901011027,NICA,58,28,10,548.0,5480.0
2020-02-19,2020021901010920,NICA,34,34,583,547.0,318901.0
2020-02-19,2020021901010719,NICA,17,50,70,547.0,38290.0
2020-02-19,2020021901010718,NICA,17,34,440,547.0,240680.0
2020-02-19,2020021901010564,NICBF,41,42,2000,9.16,18320.0
2020-02-19,2020021901010943,NIL,49,16,400,606.0,242400.0
2020-02-19,2020021901010942,NIL,36,16,100,606.0,60600.0
2020-02-19,2020021901010607,NIL,5,43,55,605.0,33275.0
2020-02-19,2020021901010606,NIL,11,43,200,605.0,121000.0
2020-02-19,2020021901010605,NIL,14,43,505,605.0,305525.0
2020-02-19,2020021901010604,NIL,44,43,100,605.0,60500.0
2020-02-19,2020021901010603,NIL,14,43,100,605.0,60500.0
2020-02-19,2020021901010602,NIL,14,43,40,606.0,24240.0
2020-02-19,2020021901010976,NLG,19,41,50,715.0,35750.0
2020-02-19,2020021901010864,NLG,29,41,140,714.0,99960.0
2020-02-19,2020021901010863,NLG,17,41,50,714.0,35700.0
2020-02-19,2020021901010862,NLG,26,41,30,714.0,21420.0
2020-02-19,2020021901010680,NLG,26,45,154,714.0,109956.0
2020-02-19,2020021901010671,NLG,42,45,30,714.0,21420.0
2020-02-19,2020021901010966,NLIC,48,49,100,1190.0,119000.0
2020-02-19,2020021901010965,NLIC,48,39,62,1190.0,73780.0
2020-02-19,2020021901010948,NLIC,21,39,50,1190.0,59500.0
2020-02-19,2020021901010890,NLIC,36,39,100,1190.0,119000.0
2020-02-19,2020021901011012,NMB,4,49,100,409.0,40900.0
2020-02-19,2020021901010947,NMB,25,4,37,408.0,15096.0
2020-02-19,2020021901010617,NMB,35,49,100,409.0,40900.0
2020-02-19,2020021901011004,NMBHF1,58,50,4161,9.6,39945.6
2020-02-19,2020021901011003,NMBHF1,58,44,4161,9.6,39945.6
2020-02-19,2020021901010755,NMBMF,14,38,41,960.0,39360.0
2020-02-19,2020021901010834,NMFBS,33,37,15,1734.0,26010.0
2020-02-19,2020021901010833,NMFBS,33,52,50,1734.0,86700.0
2020-02-19,2020021901010832,NMFBS,33,56,100,1733.0,173300.0
2020-02-19,2020021901010831,NMFBS,33,45,100,1720.0,172000.0
2020-02-19,2020021901010830,NMFBS,33,34,10,1715.0,17150.0
2020-02-19,2020021901010829,NMFBS,33,45,15,1715.0,25725.0
2020-02-19,2020021901010797,NSEWA,5,43,10,821.0,8210.0
2020-02-19,2020021901010796,NSEWA,10,43,10,825.0,8250.0
2020-02-19,2020021901010594,NSEWA,10,43,20,825.0,16500.0
2020-02-19,2020021901010697,NUBL,34,44,50,1058.0,52900.0
2020-02-19,2020021901010975,PCBL,57,16,500,287.0,143500.0
2020-02-19,2020021901010974,PCBL,4,16,122,287.0,35014.0
2020-02-19,2020021901010973,PCBL,45,16,117,287.0,33579.0
2020-02-19,2020021901010869,PCBL,45,16,120,287.0,34440.0
2020-02-19,2020021901010762,PCBL,45,4,122,287.0,35014.0
2020-02-19,2020021901010747,PCBL,21,50,108,288.0,31104.0
2020-02-19,2020021901010681,PCBL,45,4,122,287.0,35014.0
2020-02-19,2020021901010611,PCBL,45,46,171,287.0,49077.0
2020-02-19,2020021901010610,PCBL,45,45,100,287.0,28700.0
2020-02-19,2020021901010609,PCBL,45,14,248,287.0,71176.0
2020-02-19,2020021901011031,PLIC,42,5,197,614.0,120958.0
2020-02-19,2020021901011028,PLIC,45,5,50,614.0,30700.0
2020-02-19,2020021901010702,PLIC,16,58,552,613.0,338376.0
2020-02-19,2020021901010670,PLIC,16,55,100,612.0,61200.0
2020-02-19,2020021901010758,PRIN,14,16,482,491.0,236662.0
2020-02-19,2020021901010757,PRIN,34,16,18,493.0,8874.0
2020-02-19,2020021901010978,PRVU,6,26,100,251.0,25100.0
2020-02-19,2020021901010925,PRVU,7,7,8,251.0,2008.0
2020-02-19,2020021901010887,PRVU,58,57,506,250.0,126500.0
2020-02-19,2020021901010781,PRVU,58,41,91,250.0,22750.0
2020-02-19,2020021901010635,RBCL,48,45,10,11040.0,110400.0
2020-02-19,2020021901010992,RHPL,7,58,200,169.0,33800.0
2020-02-19,2020021901010991,RHPL,7,39,110,169.0,18590.0
2020-02-19,2020021901010990,RHPL,7,35,40,169.0,6760.0
2020-02-19,2020021901010865,RHPL,34,57,20,167.0,3340.0
2020-02-19,2020021901010793,RHPL,34,41,20,167.0,3340.0
2020-02-19,2020021901010710,RHPL,34,14,20,167.0,3340.0
2020-02-19,2020021901010709,RHPL,49,14,20,168.0,3360.0
2020-02-19,2020021901010557,RHPL,49,34,50,168.0,8400.0
2020-02-19,2020021901010556,RHPL,49,47,30,168.0,5040.0
2020-02-19,2020021901010844,RMDC,39,34,185,775.0,143375.0
2020-02-19,2020021901010843,RMDC,39,53,100,775.0,77500.0
2020-02-19,2020021901010842,RMDC,39,16,40,775.0,31000.0
2020-02-19,2020021901010841,RMDC,39,57,41,775.0,31775.0
2020-02-19,2020021901010840,RMDC,39,6,10,775.0,7750.0
2020-02-19,2020021901010839,RMDC,39,6,63,774.0,48762.0
2020-02-19,2020021901010838,RMDC,39,22,100,774.0,77400.0
2020-02-19,2020021901010837,RMDC,39,10,11,773.0,8503.0
2020-02-19,2020021901010836,RMDC,39,39,250,773.0,193250.0
2020-02-19,2020021901010962,RSDC,19,19,100,503.0,50300.0
2020-02-19,2020021901010884,RSDC,19,17,60,504.0,30240.0
2020-02-19,2020021901010883,RSDC,19,26,100,504.0,50400.0
2020-02-19,2020021901010882,RSDC,19,36,90,504.0,45360.0
2020-02-19,2020021901010881,RSDC,19,17,250,504.0,126000.0
2020-02-19,2020021901010860,RSDC,19,17,100,504.0,50400.0
2020-02-19,2020021901010814,RSDC,38,47,500,503.0,251500.0
2020-02-19,2020021901010777,RSDC,38,45,210,497.0,104370.0
2020-02-19,2020021901010776,RSDC,51,45,50,498.0,24900.0
2020-02-19,2020021901010775,RSDC,51,45,20,498.0,9960.0
2020-02-19,2020021901010774,RSDC,51,45,20,500.0,10000.0
2020-02-19,2020021901010761,SABSL,39,48,10,940.0,9400.0
2020-02-19,2020021901010672,SABSL,39,45,40,940.0,37600.0
2020-02-19,2020021901010660,SABSL,19,45,10,940.0,9400.0
2020-02-19,2020021901010730,SADBL,4,10,105,170.0,17850.0
2020-02-19,2020021901010729,SADBL,14,10,95,170.0,16150.0
2020-02-19,2020021901010919,SANIMA,44,55,100,358.0,35800.0
2020-02-19,2020021901010595,SANIMA,35,41,110,358.0,39380.0
2020-02-19,2020021901011009,SBL,4,39,52,322.0,16744.0
2020-02-19,2020021901010967,SBL,28,46,791,323.0,255493.0
2020-02-19,2020021901010964,SBL,28,45,16,323.0,5168.0
2020-02-19,2020021901010569,SBL,28,49,52,323.0,16796.0
2020-02-19,2020021901010912,SCB,26,21,21,651.0,13671.0
2020-02-19,2020021901010911,SCB,41,21,50,651.0,32550.0
2020-02-19,2020021901010910,SCB,49,21,24,651.0,15624.0
2020-02-19,2020021901010939,SDESI,1,22,20,961.0,19220.0
2020-02-19,2020021901010759,SDESI,57,25,10,965.0,9650.0
2020-02-19,2020021901010644,SDESI,52,44,23,960.0,22080.0
2020-02-19,2020021901010639,SDESI,29,25,10,965.0,9650.0
2020-02-19,2020021901010583,SDESI,34,4,200,960.0,192000.0
2020-02-19,2020021901010891,SHINE,49,4,100,299.0,29900.0
2020-02-19,2020021901010826,SHINE,38,4,298,299.0,89102.0
2020-02-19,2020021901010918,SHIVM,34,59,180,633.0,113940.0
2020-02-19,2020021901010917,SHIVM,34,58,500,633.0,316500.0
2020-02-19,2020021901010916,SHIVM,34,8,520,633.0,329160.0
2020-02-19,2020021901010915,SHIVM,34,58,300,632.0,189600.0
2020-02-19,2020021901010914,SHIVM,34,46,500,630.0,315000.0
2020-02-19,2020021901010909,SHIVM,44,46,2000,630.0,1260000.0
2020-02-19,2020021901010640,SHIVM,49,3,100,634.0,63400.0
2020-02-19,2020021901010638,SHIVM,16,42,200,632.0,126400.0
2020-02-19,2020021901010619,SHIVM,4,49,100,633.0,63300.0
2020-02-19,2020021901010608,SHIVM,45,17,300,631.0,189300.0
2020-02-19,2020021901010593,SHIVM,40,42,200,633.0,126600.0
2020-02-19,2020021901010744,SHIVM,53,42,30,632.0,18960.0
2020-02-19,2020021901010682,SHIVM,34,42,500,634.0,317000.0
2020-02-19,2020021901010673,SHIVM,16,42,30,632.0,18960.0
2020-02-19,2020021901010650,SHIVM,26,17,1430,631.0,902330.0
2020-02-19,2020021901010649,SHIVM,45,17,70,631.0,44170.0
2020-02-19,2020021901010641,SHIVM,49,42,400,634.0,253600.0
2020-02-19,2020021901010822,SHIVM,38,42,500,632.0,316000.0
2020-02-19,2020021901010821,SHIVM,28,42,100,632.0,63200.0
2020-02-19,2020021901010820,SHIVM,53,42,210,632.0,132720.0
2020-02-19,2020021901010795,SHIVM,42,8,30,633.0,18990.0
2020-02-19,2020021901010763,SHIVM,53,42,30,632.0,18960.0
2020-02-19,2020021901010745,SHIVM,53,42,30,632.0,18960.0
2020-02-19,2020021901010875,SHIVM,34,56,280,631.0,176680.0
2020-02-19,2020021901010856,SHIVM,34,34,100,631.0,63100.0
2020-02-19,2020021901010825,SHIVM,34,42,120,631.0,75720.0
2020-02-19,2020021901010824,SHIVM,38,42,500,631.0,315500.0
2020-02-19,2020021901010823,SHIVM,26,42,70,631.0,44170.0
2020-02-19,2020021901010908,SHIVM,56,46,480,630.0,302400.0
2020-02-19,2020021901010907,SHIVM,43,46,20,631.0,12620.0
2020-02-19,2020021901010898,SHIVM,38,8,350,633.0,221550.0
2020-02-19,2020021901010897,SHIVM,38,49,50,632.0,31600.0
2020-02-19,2020021901010877,SHIVM,56,56,520,630.0,327600.0
2020-02-19,2020021901010876,SHIVM,25,56,200,631.0,126200.0
2020-02-19,2020021901010971,SHL,34,14,175,192.0,33600.0
2020-02-19,2020021901010813,SHL,1,58,500,193.0,96500.0
2020-02-19,2020021901010812,SHL,8,58,500,193.0,96500.0
2020-02-19,2020021901010811,SHL,34,58,100,193.0,19300.0
2020-02-19,2020021901010810,SHL,57,58,100,193.0,19300.0
2020-02-19,2020021901010809,SHL,21,58,100,193.0,19300.0
2020-02-19,2020021901011037,SICL,37,33,30,1230.0,36900.0
2020-02-19,2020021901011008,SICL,20,56,95,1230.0,116850.0
2020-02-19,2020021901010969,SICL,28,41,39,1228.0,47892.0
2020-02-19,2020021901010963,SICL,39,33,50,1230.0,61500.0
2020-02-19,2020021901010850,SICL,41,33,88,1229.0,108152.0
2020-02-19,2020021901010740,SICL,45,33,12,1229.0,14748.0
2020-02-19,2020021901010677,SICL,26,45,34,1225.0,41650.0
2020-02-19,2020021901010676,SICL,26,45,66,1225.0,80850.0
2020-02-19,2020021901010571,SICL,26,45,14,1225.0,17150.0
2020-02-19,2020021901010570,SICL,41,45,86,1225.0,105350.0
2020-02-19,2020021901011005,SIL,44,41,68,585.0,39780.0
2020-02-19,2020021901010622,SIL,44,34,95,585.0,55575.0
2020-02-19,2020021901010621,SIL,44,34,655,585.0,383175.0
2020-02-19,2020021901011010,SJCL,41,41,20,156.0,3120.0
2020-02-19,2020021901010794,SJCL,49,50,10,157.0,1570.0
2020-02-19,2020021901010741,SJCL,49,17,20,157.0,3140.0
2020-02-19,2020021901010724,SJCL,49,14,20,157.0,3140.0
2020-02-19,2020021901010567,SJCL,49,34,20,157.0,3140.0
2020-02-19,2020021901010566,SJCL,49,39,10,157.0,1570.0
2020-02-19,2020021901010565,SJCL,49,39,20,157.0,3140.0
2020-02-19,2020021901011034,SKBBL,59,41,250,1248.0,312000.0
2020-02-19,2020021901010961,SLICL,16,39,288,494.0,142272.0
2020-02-19,2020021901010880,SLICL,28,39,500,494.0,247000.0
2020-02-19,2020021901010874,SLICL,42,39,100,494.0,49400.0
2020-02-19,2020021901010828,SLICL,36,39,100,494.0,49400.0
2020-02-19,2020021901010580,SLICL,58,35,42,493.0,20706.0
2020-02-19,2020021901011023,SMATA,34,44,428,860.0,368080.0
2020-02-19,2020021901011022,SMATA,34,34,50,860.0,43000.0
2020-02-19,2020021901011021,SMATA,34,34,50,860.0,43000.0
2020-02-19,2020021901011020,SMATA,34,14,100,860.0,86000.0
2020-02-19,2020021901011019,SMATA,34,37,90,860.0,77400.0
2020-02-19,2020021901011018,SMATA,34,45,100,859.0,85900.0
2020-02-19,2020021901010997,SMATA,34,22,50,854.0,42700.0
2020-02-19,2020021901010996,SMATA,34,1,80,851.0,68080.0
2020-02-19,2020021901010995,SMATA,34,42,25,850.0,21250.0
2020-02-19,2020021901010935,SMATA,49,34,65,845.0,54925.0
2020-02-19,2020021901010613,SMATA,34,45,200,845.0,169000.0
2020-02-19,2020021901011017,SMATA,34,1,50,858.0,42900.0
2020-02-19,2020021901011016,SMATA,34,51,20,858.0,17160.0
2020-02-19,2020021901011015,SMATA,34,58,50,855.0,42750.0
2020-02-19,2020021901011014,SMATA,34,1,12,855.0,10260.0
2020-02-19,2020021901011013,SMATA,34,17,50,850.0,42500.0
2020-02-19,2020021901010998,SMATA,34,51,50,854.0,42700.0
2020-02-19,2020021901010620,SMB,37,46,10,1022.0,10220.0
2020-02-19,2020021901010957,SPARS,16,25,33,955.0,31515.0
2020-02-19,2020021901010956,SPARS,45,25,100,955.0,95500.0
2020-02-19,2020021901010955,SPARS,47,25,50,955.0,47750.0
2020-02-19,2020021901010954,SPARS,16,25,100,956.0,95600.0
2020-02-19,2020021901010953,SPARS,56,25,100,956.0,95600.0
2020-02-19,2020021901010952,SPARS,8,25,47,957.0,44979.0
2020-02-19,2020021901010927,SPARS,8,33,53,957.0,50721.0
2020-02-19,2020021901010926,SPARS,16,33,147,958.0,140826.0
2020-02-19,2020021901010780,SPARS,16,48,10,958.0,9580.0
2020-02-19,2020021901011029,SRBL,48,39,12,255.0,3060.0
2020-02-19,2020021901010849,SRBL,50,49,1000,256.0,256000.0
2020-02-19,2020021901010589,SRBL,20,49,57,256.0,14592.0
2020-02-19,2020021901010726,SWBBL,41,51,15,1336.0,20040.0
2020-02-19,2020021901010636,SWBBL,14,45,100,1340.0,134000.0
2020-02-19,2020021901010568,TMDBL,41,47,50,193.0,9650.0
2020-02-19,2020021901010819,UIC,25,8,50,440.0,22000.0
2020-02-19,2020021901010703,UIC,57,8,100,440.0,44000.0
2020-02-19,2020021901010711,UMHL,59,17,14,114.0,1596.0
2020-02-19,2020021901011052,UPPER,29,41,50,239.0,11950.0
2020-02-19,2020021901010993,UPPER,29,45,293,239.0,70027.0
2020-02-19,2020021901010972,UPPER,29,45,10,239.0,2390.0
2020-02-19,2020021901010885,UPPER,48,11,150,240.0,36000.0
2020-02-19,2020021901010581,UPPER,49,11,100,240.0,24000.0
2020-02-19,2020021901010690,UPPER,29,42,40,239.0,9560.0
2020-02-19,2020021901010679,UPPER,29,14,40,239.0,9560.0
2020-02-19,2020021901010867,VLBS,55,59,13,1160.0,15080.0
2020-02-19,2020021901010934,WOMI,26,45,500,1105.0,552500.0
2020-02-19,2020021901010873,WOMI,33,19,400,1110.0,444000.0
2020-02-19,2020021901007777,AHPC,19,45,1000,99.0,99000.0
2020-02-19,2020021901007702,AKJCL,17,44,10,55.0,550.0
2020-02-19,2020021901007980,AKPL,19,45,487,137.0,66719.0
2020-02-19,2020021901007979,AKPL,19,40,1513,137.0,207281.0
2020-02-19,2020021901007715,AKPL,49,44,39,136.0,5304.0
2020-02-19,2020021901007954,ALBSL,34,22,11,810.0,8910.0
2020-02-19,2020021901007823,ALBSL,58,39,50,812.0,40600.0
2020-02-19,2020021901007822,ALBSL,58,45,500,812.0,406000.0
2020-02-19,2020021901007821,ALBSL,58,25,100,810.0,81000.0
2020-02-19,2020021901007587,ALBSL,41,58,11,810.0,8910.0
2020-02-19,2020021901007586,ALBSL,41,51,12,810.0,9720.0
2020-02-19,2020021901007585,ALBSL,41,58,11,810.0,8910.0
2020-02-19,2020021901007806,ALBSL,34,39,11,809.0,8899.0
2020-02-19,2020021901007722,ALBSL,45,42,11,803.0,8833.0
2020-02-19,2020021901007652,ALBSL,58,16,11,802.0,8822.0
2020-02-19,2020021901007628,ALBSL,34,45,500,810.0,405000.0
2020-02-19,2020021901007627,ALBSL,34,49,10,809.0,8090.0
2020-02-19,2020021901008016,ALICL,17,35,200,630.0,126000.0
2020-02-19,2020021901007957,ALICL,19,35,200,630.0,126000.0
2020-02-19,2020021901007727,API,5,59,30,136.0,4080.0
2020-02-19,2020021901007634,API,5,36,13,136.0,1768.0
2020-02-19,2020021901007633,API,34,36,787,136.0,107032.0
2020-02-19,2020021901007632,API,38,36,200,137.0,27400.0
2020-02-19,2020021901007631,API,49,36,1000,137.0,137000.0
2020-02-19,2020021901007751,BARUN,56,59,10,97.0,970.0
2020-02-19,2020021901007563,BOKL,21,44,190,238.0,45220.0
2020-02-19,2020021901007562,BOKL,21,18,10,237.0,2370.0
2020-02-19,2020021901007952,BPCL,34,35,11,358.0,3938.0
2020-02-19,2020021901007773,BPCL,34,59,22,358.0,7876.0
2020-02-19,2020021901007738,BPCL,13,48,299,360.0,107640.0
2020-02-19,2020021901007724,BPCL,13,44,11,360.0,3960.0
2020-02-19,2020021901007716,BPCL,13,43,500,361.0,180500.0
2020-02-19,2020021901007651,BPCL,13,43,140,360.0,50400.0
2020-02-19,2020021901007650,BPCL,13,35,50,360.0,18000.0
2020-02-19,2020021901007778,CBBL,55,4,500,1137.0,568500.0
2020-02-19,2020021901007636,CBBL,35,43,100,1132.0,113200.0
2020-02-19,2020021901007626,CBBL,34,43,100,1133.0,113300.0
2020-02-19,2020021901007617,CBBL,26,56,400,1135.0,454000.0
2020-02-19,2020021901008006,CBL,44,4,30,153.0,4590.0
2020-02-19,2020021901007769,CBL,19,4,372,153.0,56916.0
2020-02-19,2020021901007754,CBL,19,42,500,153.0,76500.0
2020-02-19,2020021901007753,CBL,19,21,50,153.0,7650.0
2020-02-19,2020021901007752,CBL,19,58,78,153.0,11934.0
2020-02-19,2020021901007972,CMF1,42,50,1000,9.68,9680.0
2020-02-19,2020021901007933,CMF1,42,6,500,9.65,4825.0
2020-02-19,2020021901007913,CORBL,21,1,100,129.0,12900.0
2020-02-19,2020021901007564,CZBIL,8,40,154,199.0,30646.0
2020-02-19,2020021901007755,DDBL,57,43,250,911.0,227750.0
2020-02-19,2020021901007711,DDBL,41,13,100,915.0,91500.0
2020-02-19,2020021901007710,DDBL,41,5,400,915.0,366000.0
2020-02-19,2020021901007623,DDBL,41,5,459,915.0,419985.0
2020-02-19,2020021901007622,DDBL,41,45,107,914.0,97798.0
2020-02-19,2020021901007621,DDBL,41,26,134,914.0,122476.0
2020-02-19,2020021901007966,DHPL,14,35,10,54.0,540.0
2020-02-19,2020021901008041,FMDBL,6,45,450,500.0,225000.0
2020-02-19,2020021901008040,FMDBL,3,45,50,500.0,25000.0
2020-02-19,2020021901008030,FMDBL,4,49,100,501.0,50100.0
2020-02-19,2020021901008021,FMDBL,57,26,119,502.0,59738.0
2020-02-19,2020021901007969,FMDBL,57,53,222,502.0,111444.0
2020-02-19,2020021901007941,FMDBL,57,47,12,503.0,6036.0
2020-02-19,2020021901007750,FMDBL,59,6,130,503.0,65390.0
2020-02-19,2020021901007657,FMDBL,59,34,100,503.0,50300.0
2020-02-19,2020021901007656,FMDBL,59,22,91,503.0,45773.0
2020-02-19,2020021901007603,FMDBL,3,34,201,502.0,100902.0
2020-02-19,2020021901007572,FMDBL,3,51,58,502.0,29116.0
2020-02-19,2020021901007940,FMDBL,57,18,88,503.0,44264.0
2020-02-19,2020021901007932,FMDBL,57,16,159,502.0,79818.0
2020-02-19,2020021901007931,FMDBL,36,16,141,502.0,70782.0
2020-02-19,2020021901007887,FMDBL,36,45,59,502.0,29618.0
2020-02-19,2020021901007886,FMDBL,3,45,41,502.0,20582.0
2020-02-19,2020021901007824,FMDBL,59,18,29,503.0,14587.0
2020-02-19,2020021901007999,GBIME,58,49,450,286.0,128700.0
2020-02-19,2020021901007909,GBIME,58,45,500,286.0,143000.0
2020-02-19,2020021901007805,GBIME,58,39,450,286.0,128700.0
2020-02-19,2020021901008042,GBLBS,6,33,15,523.0,7845.0
2020-02-19,2020021901008022,GBLBS,6,33,15,523.0,7845.0
2020-02-19,2020021901007991,GBLBS,6,35,15,523.0,7845.0
2020-02-19,2020021901007965,GBLBS,45,39,100,529.0,52900.0
2020-02-19,2020021901007882,GBLBS,42,32,485,530.0,257050.0
2020-02-19,2020021901007881,GBLBS,42,38,75,530.0,39750.0
2020-02-19,2020021901007706,GBLBS,36,14,200,527.0,105400.0
2020-02-19,2020021901007677,GBLBS,19,59,150,525.0,78750.0
2020-02-19,2020021901007635,GBLBS,44,44,247,524.0,129428.0
2020-02-19,2020021901007590,GBLBS,34,44,235,524.0,123140.0
2020-02-19,2020021901007589,GBLBS,34,48,65,523.0,33995.0
2020-02-19,2020021901007785,GBLBS,22,56,10,527.0,5270.0
2020-02-19,2020021901007749,GBLBS,58,1,50,525.0,26250.0
2020-02-19,2020021901007740,GBLBS,49,56,50,527.0,26350.0
2020-02-19,2020021901007709,GBLBS,58,53,200,525.0,105000.0
2020-02-19,2020021901007708,GBLBS,36,56,200,527.0,105400.0
2020-02-19,2020021901007707,GBLBS,36,34,100,527.0,52700.0
2020-02-19,2020021901007862,GBLBS,42,50,100,528.0,52800.0
2020-02-19,2020021901007861,GBLBS,42,58,500,528.0,264000.0
2020-02-19,2020021901007860,GBLBS,42,32,41,528.0,21648.0
2020-02-19,2020021901007859,GBLBS,19,39,350,524.0,183400.0
2020-02-19,2020021901007839,GBLBS,58,39,135,525.0,70875.0
2020-02-19,2020021901007829,GBLBS,22,56,27,527.0,14229.0
2020-02-19,2020021901007868,GBLBS,42,29,100,529.0,52900.0
2020-02-19,2020021901007867,GBLBS,42,56,500,529.0,264500.0
2020-02-19,2020021901007866,GBLBS,42,13,15,529.0,7935.0
2020-02-19,2020021901007865,GBLBS,42,21,15,528.0,7920.0
2020-02-19,2020021901007864,GBLBS,42,45,1000,528.0,528000.0
2020-02-19,2020021901007863,GBLBS,42,41,50,528.0,26400.0
2020-02-19,2020021901007874,GBLBS,42,34,10,530.0,5300.0
2020-02-19,2020021901007873,GBLBS,42,50,300,530.0,159000.0
2020-02-19,2020021901007872,GBLBS,42,35,115,530.0,60950.0
2020-02-19,2020021901007871,GBLBS,42,28,500,530.0,265000.0
2020-02-19,2020021901007870,GBLBS,42,56,725,529.0,383525.0
2020-02-19,2020021901007869,GBLBS,42,48,65,529.0,34385.0
2020-02-19,2020021901007880,GBLBS,42,25,100,530.0,53000.0
2020-02-19,2020021901007879,GBLBS,42,57,25,530.0,13250.0
2020-02-19,2020021901007878,GBLBS,42,52,190,530.0,100700.0
2020-02-19,2020021901007877,GBLBS,42,13,15,530.0,7950.0
2020-02-19,2020021901007876,GBLBS,42,42,50,530.0,26500.0
2020-02-19,2020021901007875,GBLBS,42,48,15,530.0,7950.0
2020-02-19,2020021901008014,GFCL,55,59,100,160.0,16000.0
2020-02-19,2020021901007802,GFCL,55,1,200,160.0,32000.0
2020-02-19,2020021901007910,GGBSL,3,26,10,902.0,9020.0
2020-02-19,2020021901007891,GGBSL,39,18,100,910.0,91000.0
2020-02-19,2020021901007796,GILB,41,42,41,1431.0,58671.0
2020-02-19,2020021901008051,GLBSL,36,21,10,821.0,8210.0
2020-02-19,2020021901008050,GLBSL,36,4,10,821.0,8210.0
2020-02-19,2020021901008049,GLBSL,36,1,20,820.0,16400.0
2020-02-19,2020021901008048,GLBSL,36,53,100,820.0,82000.0
2020-02-19,2020021901008047,GLBSL,36,38,10,815.0,8150.0
2020-02-19,2020021901007649,GLICL,45,8,665,815.0,541975.0
2020-02-19,2020021901007606,GLICL,45,8,25,815.0,20375.0
2020-02-19,2020021901007964,GMFBS,34,22,10,980.0,9800.0
2020-02-19,2020021901007930,GMFBS,14,1,10,999.0,9990.0
2020-02-19,2020021901007852,GMFBS,14,1,50,999.0,49950.0
2020-02-19,2020021901007851,GMFBS,14,35,10,999.0,9990.0
2020-02-19,2020021901007850,GMFBS,14,28,190,999.0,189810.0
2020-02-19,2020021901007849,GMFBS,14,58,10,997.0,9970.0
2020-02-19,2020021901007848,GMFBS,14,1,30,996.0,29880.0
2020-02-19,2020021901007892,GMFIL,1,39,505,131.0,66155.0
2020-02-19,2020021901007810,GMFIL,40,39,500,131.0,65500.0
2020-02-19,2020021901007809,GMFIL,1,39,480,131.0,62880.0
2020-02-19,2020021901007808,GMFIL,44,39,200,132.0,26400.0
2020-02-19,2020021901007807,GMFIL,17,39,200,133.0,26600.0
2020-02-19,2020021901007747,HBL,49,4,500,578.0,289000.0
2020-02-19,2020021901007746,HBL,49,53,191,578.0,110398.0
2020-02-19,2020021901007745,HBL,49,5,350,578.0,202300.0
2020-02-19,2020021901007744,HBL,49,29,100,578.0,57800.0
2020-02-19,2020021901007743,HBL,49,17,50,578.0,28900.0
2020-02-19,2020021901007742,HBL,49,35,730,578.0,421940.0
2020-02-19,2020021901007741,HBL,49,35,100,577.0,57700.0
2020-02-19,2020021901008002,HDL,49,32,150,1442.0,216300.0
2020-02-19,2020021901007988,HDL,49,39,150,1441.0,216150.0
2020-02-19,2020021901007588,HDL,48,39,100,1441.0,144100.0
2020-02-19,2020021901007946,HGI,26,50,10,443.0,4430.0
2020-02-19,2020021901007566,HGI,45,17,46,442.0,20332.0
2020-02-19,2020021901007565,HGI,16,17,54,442.0,23868.0
2020-02-19,2020021901008003,HIDCL,35,35,61,137.0,8357.0
2020-02-19,2020021901007945,HIDCL,35,44,63,138.0,8694.0
2020-02-19,2020021901007944,HIDCL,35,43,31,138.0,4278.0
2020-02-19,2020021901007943,HIDCL,35,16,61,138.0,8418.0
2020-02-19,2020021901007831,HIDCL,35,49,95,137.0,13015.0
2020-02-19,2020021901007786,HIDCL,35,59,61,137.0,8357.0
2020-02-19,2020021901008019,HURJA,48,47,20,110.0,2200.0
2020-02-19,2020021901008018,HURJA,48,14,220,110.0,24200.0
2020-02-19,2020021901008005,HURJA,48,14,20,109.0,2180.0
2020-02-19,2020021901007922,HURJA,26,26,20,107.0,2140.0
2020-02-19,2020021901007834,HURJA,26,26,20,107.0,2140.0
2020-02-19,2020021901007776,HURJA,45,1,500,108.0,54000.0
2020-02-19,2020021901007775,HURJA,45,49,20,108.0,2160.0
2020-02-19,2020021901007774,HURJA,45,22,20,108.0,2160.0
2020-02-19,2020021901007748,HURJA,26,26,20,107.0,2140.0
2020-02-19,2020021901007574,ILBS,55,58,10,925.0,9250.0
2020-02-19,2020021901007814,JBBL,57,46,13,193.0,2509.0
2020-02-19,2020021901007681,JOSHI,33,26,20,62.0,1240.0
2020-02-19,2020021901007680,JOSHI,33,41,20,62.0,1240.0
2020-02-19,2020021901007679,JOSHI,33,34,10,62.0,620.0
2020-02-19,2020021901007962,JSLBB,51,1,40,1870.0,74800.0
2020-02-19,2020021901007961,JSLBB,25,1,10,1870.0,18700.0
2020-02-19,2020021901007900,JSLBB,25,52,500,1866.0,933000.0
2020-02-19,2020021901007899,JSLBB,25,58,50,1866.0,93300.0
2020-02-19,2020021901007898,JSLBB,25,44,200,1865.0,373000.0
2020-02-19,2020021901007897,JSLBB,25,42,20,1865.0,37300.0
2020-02-19,2020021901007896,JSLBB,25,35,100,1865.0,186500.0
2020-02-19,2020021901007895,JSLBB,25,6,20,1864.0,37280.0
2020-02-19,2020021901007894,JSLBB,25,16,10,1863.0,18630.0
2020-02-19,2020021901007893,JSLBB,25,4,25,1862.0,46550.0
2020-02-19,2020021901007971,KBL,44,28,30,198.0,5940.0
2020-02-19,2020021901007771,KBL,32,44,116,197.0,22852.0
2020-02-19,2020021901007682,KPCL,59,16,10,104.0,1040.0
2020-02-19,2020021901007904,KSBBL,34,45,78,172.0,13416.0
2020-02-19,2020021901007841,KSBBL,34,29,1000,173.0,173000.0
2020-02-19,2020021901007840,KSBBL,34,19,1000,173.0,173000.0
2020-02-19,2020021901007725,KSBBL,34,45,200,172.0,34400.0
2020-02-19,2020021901007640,KSBBL,10,29,200,173.0,34600.0
2020-02-19,2020021901007912,LBBL,36,11,299,196.0,58604.0
2020-02-19,2020021901007911,LBBL,32,11,201,197.0,39597.0
2020-02-19,2020021901007827,LBBL,32,6,100,197.0,19700.0
2020-02-19,2020021901007826,LBBL,32,46,1200,197.0,236400.0
2020-02-19,2020021901007825,LBBL,32,7,499,197.0,98303.0
2020-02-19,2020021901008001,LBL,22,49,100,230.0,23000.0
2020-02-19,2020021901007997,LBL,44,41,30,231.0,6930.0
2020-02-19,2020021901007858,LBL,22,41,100,231.0,23100.0
2020-02-19,2020021901007906,LICN,41,40,100,1373.0,137300.0
2020-02-19,2020021901007905,LICN,44,40,200,1373.0,274600.0
2020-02-19,2020021901007613,MEGA,32,45,24,212.0,5088.0
2020-02-19,2020021901007577,MEGA,32,34,389,212.0,82468.0
2020-02-19,2020021901007576,MEGA,32,41,529,212.0,112148.0
2020-02-19,2020021901007767,MERO,56,55,13,690.0,8970.0
2020-02-19,2020021901007792,MERO,45,55,12,690.0,8280.0
2020-02-19,2020021901007890,MERO,54,14,60,697.0,41820.0
2020-02-19,2020021901007889,MERO,54,42,195,694.0,135330.0
2020-02-19,2020021901007888,MERO,54,51,32,694.0,22208.0
2020-02-19,2020021901007787,MHNL,1,8,40,94.0,3760.0
2020-02-19,2020021901007770,MHNL,1,8,30,94.0,2820.0
2020-02-19,2020021901007739,MHNL,1,8,30,94.0,2820.0
2020-02-19,2020021901007714,MHNL,1,8,20,94.0,1880.0
2020-02-19,2020021901007673,MHNL,1,8,30,94.0,2820.0
2020-02-19,2020021901007653,MHNL,1,49,40,94.0,3760.0
2020-02-19,2020021901007779,MLBL,22,36,20,225.0,4500.0
2020-02-19,2020021901007842,MLBL,34,59,110,224.0,24640.0
2020-02-19,2020021901007799,MLBL,34,59,790,224.0,176960.0
2020-02-19,2020021901007798,MLBL,50,59,200,224.0,44800.0
2020-02-19,2020021901007797,MLBL,45,59,10,224.0,2240.0
2020-02-19,2020021901007780,MLBL,22,49,980,225.0,220500.0
2020-02-19,2020021901007847,MLBL,49,59,1575,223.0,351225.0
2020-02-19,2020021901007846,MLBL,56,59,500,223.0,111500.0
2020-02-19,2020021901007845,MLBL,6,59,1000,223.0,223000.0
2020-02-19,2020021901007844,MLBL,57,59,25,223.0,5575.0
2020-02-19,2020021901007843,MLBL,6,59,790,223.0,176170.0
2020-02-19,2020021901007924,MNBBL,42,14,17,331.0,5627.0
2020-02-19,2020021901007923,MNBBL,42,16,20,331.0,6620.0
2020-02-19,2020021901008027,NADEP,36,55,23,774.0,17802.0
2020-02-19,2020021901007978,NADEP,45,25,23,772.0,17756.0
2020-02-19,2020021901007977,NADEP,59,25,200,772.0,154400.0
2020-02-19,2020021901007976,NADEP,59,25,177,773.0,136821.0
2020-02-19,2020021901007975,NADEP,41,25,100,774.0,77400.0
2020-02-19,2020021901007819,NADEP,36,48,23,775.0,17825.0
2020-02-19,2020021901007655,NADEP,34,48,23,775.0,17825.0
2020-02-19,2020021901007571,NBB,14,43,89,211.0,18779.0
2020-02-19,2020021901007570,NBB,29,43,241,211.0,50851.0
2020-02-19,2020021901007989,NBL,44,34,30,271.0,8130.0
2020-02-19,2020021901007625,NBL,5,5,623,270.0,168210.0
2020-02-19,2020021901007624,NBL,5,5,600,270.0,162000.0
2020-02-19,2020021901007580,NBL,5,34,400,270.0,108000.0
2020-02-19,2020021901007579,NBL,5,34,1000,270.0,270000.0
2020-02-19,2020021901007578,NBL,5,34,600,270.0,162000.0
2020-02-19,2020021901007956,NCCB,1,14,90,195.0,17550.0
2020-02-19,2020021901007955,NCCB,1,26,170,195.0,33150.0
2020-02-19,2020021901007854,NCCB,48,26,100,195.0,19500.0
2020-02-19,2020021901007795,NCCB,59,26,100,195.0,19500.0
2020-02-19,2020021901007794,NCCB,49,26,100,195.0,19500.0
2020-02-19,2020021901007793,NCCB,43,26,30,195.0,5850.0
2020-02-19,2020021901007561,NCCB,43,37,40,195.0,7800.0
2020-02-19,2020021901007560,NCCB,55,37,25,195.0,4875.0
2020-02-19,2020021901007559,NCCB,48,37,19,195.0,3705.0
2020-02-19,2020021901007670,NHDL,33,45,10,136.0,1360.0
2020-02-19,2020021901008017,NIB,56,35,39,386.0,15054.0
2020-02-19,2020021901008039,NICA,58,25,43,547.0,23521.0
2020-02-19,2020021901008038,NICA,1,25,200,547.0,109400.0
2020-02-19,2020021901008037,NICA,26,25,1000,547.0,547000.0
2020-02-19,2020021901008036,NICA,45,25,200,547.0,109400.0
2020-02-19,2020021901008035,NICA,46,25,100,547.0,54700.0
2020-02-19,2020021901008034,NICA,50,25,57,547.0,31179.0
2020-02-19,2020021901007986,NICA,45,28,100,548.0,54800.0
2020-02-19,2020021901007833,NICA,45,28,30,548.0,16440.0
2020-02-19,2020021901007768,NICA,50,45,113,547.0,61811.0
2020-02-19,2020021901007766,NICL,55,6,300,466.0,139800.0
2020-02-19,2020021901007695,NICL,44,40,200,465.0,93000.0
2020-02-19,2020021901007694,NICL,44,4,500,465.0,232500.0
2020-02-19,2020021901007669,NICL,32,4,500,463.0,231500.0
2020-02-19,2020021901007668,NICL,41,4,500,463.0,231500.0
2020-02-19,2020021901007959,NIL,59,48,10,615.0,6150.0
2020-02-19,2020021901007958,NIL,59,59,200,614.0,122800.0
2020-02-19,2020021901007883,NIL,45,54,313,612.0,191556.0
2020-02-19,2020021901008013,NLG,34,11,100,717.0,71700.0
2020-02-19,2020021901007687,NLG,5,11,100,717.0,71700.0
2020-02-19,2020021901007686,NLG,59,11,100,717.0,71700.0
2020-02-19,2020021901007685,NLG,6,11,100,718.0,71800.0
2020-02-19,2020021901008045,NLIC,42,58,100,1190.0,119000.0
2020-02-19,2020021901008012,NLIC,41,58,300,1190.0,357000.0
2020-02-19,2020021901008011,NLIC,33,58,500,1190.0,595000.0
2020-02-19,2020021901008010,NLIC,22,58,100,1190.0,119000.0
2020-02-19,2020021901008009,NLIC,26,58,12,1190.0,14280.0
2020-02-19,2020021901008008,NLIC,22,58,100,1191.0,119100.0
2020-02-19,2020021901008007,NLIC,45,58,259,1191.0,308469.0
2020-02-19,2020021901007791,NLIC,45,40,22,1191.0,26202.0
2020-02-19,2020021901007772,NLIC,45,40,22,1191.0,26202.0
2020-02-19,2020021901007705,NLIC,45,43,197,1191.0,234627.0
2020-02-19,2020021901007688,NLIC,22,43,200,1192.0,238400.0
2020-02-19,2020021901008029,NLICL,1,45,300,695.0,208500.0
2020-02-19,2020021901008004,NMB,45,49,100,410.0,41000.0
2020-02-19,2020021901007855,NMB,6,49,100,410.0,41000.0
2020-02-19,2020021901007717,NMB,17,49,100,410.0,41000.0
2020-02-19,2020021901007713,NMB,6,49,300,410.0,123000.0
2020-02-19,2020021901008044,NMFBS,33,39,29,1720.0,49880.0
2020-02-19,2020021901008043,NMFBS,33,7,15,1720.0,25800.0
2020-02-19,2020021901007920,NMFBS,36,7,100,1700.0,170000.0
2020-02-19,2020021901007937,NSEWA,50,14,50,830.0,41500.0
2020-02-19,2020021901007936,NSEWA,50,58,10,830.0,8300.0
2020-02-19,2020021901007951,NTC,25,11,300,620.0,186000.0
2020-02-19,2020021901007950,NTC,17,11,200,620.0,124000.0
2020-02-19,2020021901007790,NTC,59,11,10,625.0,6250.0
2020-02-19,2020021901007569,NTC,5,7,75,620.0,46500.0
2020-02-19,2020021901007558,NTC,5,7,325,620.0,201500.0
2020-02-19,2020021901007557,NTC,10,7,10,620.0,6200.0
2020-02-19,2020021901007556,NTC,49,7,50,620.0,31000.0
2020-02-19,2020021901007555,NTC,19,7,50,620.0,31000.0
2020-02-19,2020021901007554,NTC,25,7,700,621.0,434700.0
2020-02-19,2020021901007816,OHL,45,45,100,485.0,48500.0
2020-02-19,2020021901007815,OHL,45,45,37,485.0,17945.0
2020-02-19,2020021901007567,OHL,36,16,65,483.0,31395.0
2020-02-19,2020021901007607,OHL,14,52,50,484.0,24200.0
2020-02-19,2020021901007949,PCBL,49,11,400,289.0,115600.0
2020-02-19,2020021901007948,PCBL,49,19,50,289.0,14450.0
2020-02-19,2020021901007935,PIC,45,57,31,656.0,20336.0
2020-02-19,2020021901007934,PIC,32,57,69,656.0,45264.0
2020-02-19,2020021901007853,PIC,45,16,30,659.0,19770.0
2020-02-19,2020021901007804,PIC,32,59,11,656.0,7216.0
2020-02-19,2020021901007953,PPCL,38,26,30,126.0,3780.0
2020-02-19,2020021901007719,PPCL,38,6,20,126.0,2520.0
2020-02-19,2020021901007575,PRIN,37,49,219,495.0,108405.0
2020-02-19,2020021901008046,PRVU,33,17,200,251.0,50200.0
2020-02-19,2020021901007926,PRVU,50,17,100,251.0,25100.0
2020-02-19,2020021901007925,PRVU,58,17,166,251.0,41666.0
2020-02-19,2020021901007921,PRVU,58,51,300,251.0,75300.0
2020-02-19,2020021901007760,PRVU,58,11,300,251.0,75300.0
2020-02-19,2020021901007759,PRVU,58,29,175,251.0,43925.0
2020-02-19,2020021901007758,PRVU,58,40,15,251.0,3765.0
2020-02-19,2020021901007757,PRVU,58,6,320,251.0,80320.0
2020-02-19,2020021901007756,PRVU,58,55,392,251.0,98392.0
2020-02-19,2020021901007781,PRVU,58,45,1692,252.0,426384.0
2020-02-19,2020021901007765,PRVU,58,45,500,251.0,125500.0
2020-02-19,2020021901007764,PRVU,58,45,300,251.0,75300.0
2020-02-19,2020021901007763,PRVU,58,7,800,251.0,200800.0
2020-02-19,2020021901007762,PRVU,58,38,500,251.0,125500.0
2020-02-19,2020021901007761,PRVU,58,38,232,251.0,58232.0
2020-02-19,2020021901007811,PRVU,58,17,1000,251.0,251000.0
2020-02-19,2020021901007801,PRVU,58,48,92,252.0,23184.0
2020-02-19,2020021901007800,PRVU,58,34,4908,252.0,1236816.0
2020-02-19,2020021901007784,PRVU,58,34,308,252.0,77616.0
2020-02-19,2020021901007783,PRVU,58,19,1000,252.0,252000.0
2020-02-19,2020021901007782,PRVU,58,34,2000,252.0,504000.0
2020-02-19,2020021901007835,RBCL,45,56,10,11100.0,111000.0
2020-02-19,2020021901007832,RBCL,45,41,10,11100.0,111000.0
2020-02-19,2020021901007573,RBCL,45,11,10,11190.0,111900.0
2020-02-19,2020021901007968,RBCLPO,49,33,50,9372.0,468600.0
2020-02-19,2020021901007967,RBCLPO,19,33,10,9373.0,93730.0
2020-02-19,2020021901007903,RBCLPO,34,59,10,9400.0,94000.0
2020-02-19,2020021901007902,RBCLPO,45,59,15,9400.0,141000.0
2020-02-19,2020021901007837,RBCLPO,45,41,10,9400.0,94000.0
2020-02-19,2020021901008020,RHPL,25,45,50,167.0,8350.0
2020-02-19,2020021901007963,RHPL,25,26,40,167.0,6680.0
2020-02-19,2020021901007938,RHPL,25,8,40,167.0,6680.0
2020-02-19,2020021901007838,RHPL,25,26,50,167.0,8350.0
2020-02-19,2020021901007830,RHPL,25,59,40,167.0,6680.0
2020-02-19,2020021901007812,RHPL,25,26,50,167.0,8350.0
2020-02-19,2020021901007684,RRHP,45,48,10,102.0,1020.0
2020-02-19,2020021901007683,RRHP,45,45,10,102.0,1020.0
2020-02-19,2020021901007998,RSDC,17,20,500,500.0,250000.0
2020-02-19,2020021901007990,RSDC,57,14,100,505.0,50500.0
2020-02-19,2020021901007987,RSDC,36,20,500,504.0,252000.0
2020-02-19,2020021901007929,RSDC,19,14,440,505.0,222200.0
2020-02-19,2020021901007919,RSDC,19,51,60,505.0,30300.0
2020-02-19,2020021901007918,RSDC,32,51,40,505.0,20200.0
2020-02-19,2020021901007701,RSDC,32,42,60,505.0,30300.0
2020-02-19,2020021901007700,RSDC,17,42,20,506.0,10120.0
2020-02-19,2020021901007699,RSDC,17,42,20,506.0,10120.0
2020-02-19,2020021901007698,RSDC,45,42,50,507.0,25350.0
2020-02-19,2020021901007581,RSDC,17,41,30,506.0,15180.0
2020-02-19,2020021901007901,SABSL,34,58,10,950.0,9500.0
2020-02-19,2020021901007789,SABSL,34,16,10,945.0,9450.0
2020-02-19,2020021901007712,SADBL,14,36,1992,170.0,338640.0
2020-02-19,2020021901007676,SADBL,10,36,100,170.0,17000.0
2020-02-19,2020021901007675,SADBL,32,36,1000,170.0,170000.0
2020-02-19,2020021901007674,SADBL,32,36,408,170.0,69360.0
2020-02-19,2020021901007917,SANIMA,49,48,152,359.0,54568.0
2020-02-19,2020021901007916,SANIMA,49,3,45,359.0,16155.0
2020-02-19,2020021901007915,SANIMA,49,34,241,359.0,86519.0
2020-02-19,2020021901007914,SANIMA,49,19,100,359.0,35900.0
2020-02-19,2020021901007678,SANIMA,33,34,50,359.0,17950.0
2020-02-19,2020021901007605,SANIMA,49,34,25,359.0,8975.0
2020-02-19,2020021901007604,SANIMA,49,52,918,359.0,329562.0
2020-02-19,2020021901007995,SBL,34,6,215,323.0,69445.0
2020-02-19,2020021901007994,SBL,14,6,275,323.0,88825.0
2020-02-19,2020021901007813,SFCL,20,14,247,104.0,25688.0
2020-02-19,2020021901007788,SHINE,18,42,300,300.0,90000.0
2020-02-19,2020021901007723,SHINE,41,42,500,300.0,150000.0
2020-02-19,2020021901007594,SHINE,57,42,1000,300.0,300000.0
2020-02-19,2020021901008053,SHIVM,29,45,50,626.0,31300.0
2020-02-19,2020021901008052,SHIVM,29,58,50,626.0,31300.0
2020-02-19,2020021901007992,SHIVM,7,8,50,625.0,31250.0
2020-02-19,2020021901007928,SHIVM,45,8,500,625.0,312500.0
2020-02-19,2020021901007927,SHIVM,45,8,500,625.0,312500.0
2020-02-19,2020021901007639,SHIVM,44,46,25,625.0,15625.0
2020-02-19,2020021901007638,SHIVM,44,34,500,625.0,312500.0
2020-02-19,2020021901007612,SHIVM,4,14,100,624.0,62400.0
2020-02-19,2020021901007907,SHL,42,17,700,194.0,135800.0
2020-02-19,2020021901008032,SHPC,42,1,161,231.0,37191.0
2020-02-19,2020021901008031,SHPC,42,29,39,231.0,9009.0
2020-02-19,2020021901008026,SICL,21,44,175,1236.0,216300.0
2020-02-19,2020021901008025,SICL,59,44,200,1236.0,247200.0
2020-02-19,2020021901008024,SICL,21,44,125,1236.0,154500.0
2020-02-19,2020021901007996,SICL,38,58,170,1239.0,210630.0
2020-02-19,2020021901007985,SICL,38,58,330,1239.0,408870.0
2020-02-19,2020021901007984,SICL,43,58,270,1240.0,334800.0
2020-02-19,2020021901007704,SICL,26,58,300,1247.0,374100.0
2020-02-19,2020021901007703,SICL,26,45,100,1246.0,124600.0
2020-02-19,2020021901007884,SICL,21,58,200,1247.0,249400.0
2020-02-19,2020021901007983,SICL,10,58,200,1241.0,248200.0
2020-02-19,2020021901007982,SICL,45,58,100,1241.0,124100.0
2020-02-19,2020021901007981,SICL,35,58,100,1242.0,124200.0
2020-02-19,2020021901007648,SIL,44,36,65,590.0,38350.0
2020-02-19,2020021901007647,SIL,44,53,67,590.0,39530.0
2020-02-19,2020021901007630,SIL,44,53,200,590.0,118000.0
2020-02-19,2020021901008023,SJCL,5,45,20,157.0,3140.0
2020-02-19,2020021901007974,SJCL,5,26,10,157.0,1570.0
2020-02-19,2020021901007856,SJCL,5,26,20,157.0,3140.0
2020-02-19,2020021901007836,SJCL,5,59,20,157.0,3140.0
2020-02-19,2020021901007803,SJCL,5,44,10,157.0,1570.0
2020-02-19,2020021901007718,SJCL,5,10,20,157.0,3140.0
2020-02-19,2020021901007654,SJCL,5,10,20,157.0,3140.0
2020-02-19,2020021901007637,SJCL,5,10,20,157.0,3140.0
2020-02-19,2020021901008000,SKBBL,49,43,300,1250.0,375000.0
2020-02-19,2020021901007942,SKBBL,25,43,100,1250.0,125000.0
2020-02-19,2020021901007737,SKBBL,59,51,154,1259.0,193886.0
2020-02-19,2020021901007736,SKBBL,59,4,100,1259.0,125900.0
2020-02-19,2020021901007735,SKBBL,59,37,200,1259.0,251800.0
2020-02-19,2020021901007734,SKBBL,59,22,100,1259.0,125900.0
2020-02-19,2020021901007641,SKBBL,42,10,50,1239.0,61950.0
2020-02-19,2020021901007611,SKBBL,42,49,275,1238.0,340450.0
2020-02-19,2020021901007610,SKBBL,42,46,15,1238.0,18570.0
2020-02-19,2020021901007609,SKBBL,42,39,1000,1238.0,1238000.0
2020-02-19,2020021901007608,SKBBL,42,53,73,1238.0,90374.0
2020-02-19,2020021901007671,SKBBL,59,44,50,1245.0,62250.0
2020-02-19,2020021901007646,SKBBL,42,44,150,1245.0,186750.0
2020-02-19,2020021901007645,SKBBL,42,5,100,1244.0,124400.0
2020-02-19,2020021901007644,SKBBL,42,55,550,1242.0,683100.0
2020-02-19,2020021901007643,SKBBL,42,42,50,1240.0,62000.0
2020-02-19,2020021901007642,SKBBL,42,35,400,1240.0,496000.0
2020-02-19,2020021901007693,SKBBL,59,14,975,1250.0,1218750.0
2020-02-19,2020021901007692,SKBBL,59,45,200,1250.0,250000.0
2020-02-19,2020021901007691,SKBBL,59,10,200,1250.0,250000.0
2020-02-19,2020021901007690,SKBBL,59,6,175,1250.0,218750.0
2020-02-19,2020021901007689,SKBBL,59,28,50,1247.0,62350.0
2020-02-19,2020021901007672,SKBBL,59,28,250,1247.0,311750.0
2020-02-19,2020021901007733,SKBBL,59,45,10,1255.0,12550.0
2020-02-19,2020021901007732,SKBBL,59,25,100,1254.0,125400.0
2020-02-19,2020021901007731,SKBBL,59,17,100,1254.0,125400.0
2020-02-19,2020021901007730,SKBBL,59,6,200,1254.0,250800.0
2020-02-19,2020021901007729,SKBBL,59,45,11,1250.0,13750.0
2020-02-19,2020021901007728,SKBBL,59,14,25,1250.0,31250.0
2020-02-19,2020021901007697,SLBSL,11,1,100,1015.0,101500.0
2020-02-19,2020021901007696,SLBSL,11,25,20,1014.0,20280.0
2020-02-19,2020021901007970,SLICL,6,57,100,497.0,49700.0
2020-02-19,2020021901007993,SMATA,43,42,50,855.0,42750.0
2020-02-19,2020021901007947,SMATA,41,58,50,860.0,43000.0
2020-02-19,2020021901007828,SMATA,43,10,50,855.0,42750.0
2020-02-19,2020021901007726,SMATA,34,18,100,865.0,86500.0
2020-02-19,2020021901007720,SMATA,34,14,300,865.0,259500.0
2020-02-19,2020021901007667,SMATA,34,46,200,865.0,173000.0
2020-02-19,2020021901007660,SMATA,34,35,100,855.0,85500.0
2020-02-19,2020021901007659,SMATA,34,16,45,855.0,38475.0
2020-02-19,2020021901007658,SMATA,34,14,150,854.0,128100.0
2020-02-19,2020021901007593,SMATA,39,14,100,853.0,85300.0
2020-02-19,2020021901007592,SMATA,39,35,100,853.0,85300.0
2020-02-19,2020021901007591,SMATA,39,45,20,853.0,17060.0
2020-02-19,2020021901007666,SMATA,34,16,100,865.0,86500.0
2020-02-19,2020021901007665,SMATA,34,59,24,865.0,20760.0
2020-02-19,2020021901007664,SMATA,34,51,500,861.0,430500.0
2020-02-19,2020021901007663,SMATA,34,45,200,856.0,171200.0
2020-02-19,2020021901007662,SMATA,34,48,50,856.0,42800.0
2020-02-19,2020021901007661,SMATA,34,1,110,855.0,94050.0
2020-02-19,2020021901007973,SPARS,42,6,10,970.0,9700.0
2020-02-19,2020021901007820,SPDL,37,44,31,101.0,3131.0
2020-02-19,2020021901007960,SRBL,44,7,30,256.0,7680.0
2020-02-19,2020021901007721,SRBL,47,7,150,256.0,38400.0
2020-02-19,2020021901007619,SRBL,49,7,300,256.0,76800.0
2020-02-19,2020021901007602,SRBL,26,7,200,256.0,51200.0
2020-02-19,2020021901007568,SRBL,44,7,300,256.0,76800.0
2020-02-19,2020021901008015,STC,45,11,131,2760.0,361560.0
2020-02-19,2020021901007616,SWBBL,16,55,30,1323.0,39690.0
2020-02-19,2020021901007615,SWBBL,43,55,50,1323.0,66150.0
2020-02-19,2020021901007614,SWBBL,22,55,20,1324.0,26480.0
2020-02-19,2020021901007939,TRH,3,4,515,304.0,156560.0
2020-02-19,2020021901007818,TRH,3,4,485,304.0,147440.0
2020-02-19,2020021901007817,TRH,3,36,330,304.0,100320.0
2020-02-19,2020021901007908,UIC,19,8,300,443.0,132900.0
2020-02-19,2020021901007584,UIC,13,41,33,440.0,14520.0
2020-02-19,2020021901007583,UIC,38,41,147,440.0,64680.0
2020-02-19,2020021901007582,UIC,21,41,20,441.0,8820.0
2020-02-19,2020021901007885,UNHPL,17,26,50,59.0,2950.0
2020-02-19,2020021901007618,UPCL,4,34,100,82.0,8200.0
2020-02-19,2020021901007601,UPCL,4,26,110,81.0,8910.0
2020-02-19,2020021901007600,UPCL,4,57,200,81.0,16200.0
2020-02-19,2020021901007599,UPCL,4,37,20,81.0,1620.0
2020-02-19,2020021901007598,UPCL,4,57,100,81.0,8100.0
2020-02-19,2020021901007597,UPCL,4,47,200,81.0,16200.0
2020-02-19,2020021901007596,UPCL,4,34,190,81.0,15390.0
2020-02-19,2020021901007595,UPCL,4,22,50,81.0,4050.0
2020-02-19,2020021901008033,UPPER,28,45,40,239.0,9560.0
2020-02-19,2020021901008028,UPPER,29,35,50,239.0,11950.0
2020-02-19,2020021901007857,UPPER,29,44,50,239.0,11950.0
2020-02-19,2020021901007629,UPPER,11,35,85,240.0,20400.0
2020-02-19,2020021901007620,UPPER,11,33,100,240.0,24000.0
2020-02-19,2020021901009397,ADBL,43,40,200,396.0,79200.0
2020-02-19,2020021901009363,ADBL,43,46,300,396.0,118800.0
2020-02-19,2020021901009362,ADBL,51,46,200,396.0,79200.0
2020-02-19,2020021901009361,ADBL,58,46,500,396.0,198000.0
2020-02-19,2020021901009213,ADBL,51,35,542,397.0,215174.0
2020-02-19,2020021901009130,ADBL,51,50,791,397.0,314027.0
2020-02-19,2020021901009545,AHPC,46,41,22,100.0,2200.0
2020-02-19,2020021901009197,AHPC,33,7,500,99.0,49500.0
2020-02-19,2020021901009196,AHPC,33,57,1000,99.0,99000.0
2020-02-19,2020021901009195,AHPC,33,45,100,99.0,9900.0
2020-02-19,2020021901009458,AKPL,36,38,13,135.0,1755.0
2020-02-19,2020021901009345,AKPL,58,40,1000,136.0,136000.0
2020-02-19,2020021901009295,AKPL,36,39,13,135.0,1755.0
2020-02-19,2020021901009149,ALBSL,51,16,64,825.0,52800.0
2020-02-19,2020021901009074,ALBSL,26,16,48,825.0,39600.0
2020-02-19,2020021901009358,ALICL,38,21,175,632.0,110600.0
2020-02-19,2020021901009357,ALICL,38,43,412,632.0,260384.0
2020-02-19,2020021901009356,ALICL,38,14,200,630.0,126000.0
2020-02-19,2020021901009355,ALICL,38,35,46,630.0,28980.0
2020-02-19,2020021901009354,ALICL,38,58,167,628.0,104876.0
2020-02-19,2020021901009529,API,34,17,30,136.0,4080.0
2020-02-19,2020021901009466,API,34,10,410,136.0,55760.0
2020-02-19,2020021901009153,API,5,17,30,136.0,4080.0
2020-02-19,2020021901009243,API,34,25,73,136.0,9928.0
2020-02-19,2020021901009242,API,55,25,1000,136.0,136000.0
2020-02-19,2020021901009241,API,5,25,927,136.0,126072.0
2020-02-19,2020021901009113,BBC,43,19,20,1812.0,36240.0
2020-02-19,2020021901009301,BFC,36,56,100,110.0,11000.0
2020-02-19,2020021901009140,BNT,7,43,10,7050.0,70500.0
2020-02-19,2020021901009063,BNT,58,51,10,7050.0,70500.0
2020-02-19,2020021901009548,BPCL,37,6,45,360.0,16200.0
2020-02-19,2020021901009336,BPCL,11,43,23,361.0,8303.0
2020-02-19,2020021901009265,BPCL,43,55,30,362.0,10860.0
2020-02-19,2020021901009263,BPCL,11,4,15,361.0,5415.0
2020-02-19,2020021901009214,BPCL,11,6,12,361.0,4332.0
2020-02-19,2020021901009119,BPCL,37,38,11,360.0,3960.0
2020-02-19,2020021901009431,CBBL,25,56,50,1139.0,56950.0
2020-02-19,2020021901009107,CBBL,25,11,200,1139.0,227800.0
2020-02-19,2020021901009481,CBL,39,10,273,152.0,41496.0
2020-02-19,2020021901009421,CBL,39,25,6871,152.0,1044392.0
2020-02-19,2020021901009420,CBL,26,25,100,152.0,15200.0
2020-02-19,2020021901009419,CBL,33,25,1000,152.0,152000.0
2020-02-19,2020021901009418,CBL,45,25,80,152.0,12160.0
2020-02-19,2020021901009417,CBL,16,25,10,152.0,1520.0
2020-02-19,2020021901009410,CBL,44,25,1730,152.0,262960.0
2020-02-19,2020021901009409,CBL,59,25,30,153.0,4590.0
2020-02-19,2020021901009408,CBL,39,25,5000,153.0,765000.0
2020-02-19,2020021901009407,CBL,17,25,389,153.0,59517.0
2020-02-19,2020021901009416,CBL,26,25,500,152.0,76000.0
2020-02-19,2020021901009415,CBL,32,25,2000,152.0,304000.0
2020-02-19,2020021901009414,CBL,50,25,500,152.0,76000.0
2020-02-19,2020021901009413,CBL,22,25,500,152.0,76000.0
2020-02-19,2020021901009412,CBL,44,25,1000,152.0,152000.0
2020-02-19,2020021901009411,CBL,39,25,290,152.0,44080.0
2020-02-19,2020021901009489,CCBL,28,10,109,185.0,20165.0
2020-02-19,2020021901009488,CCBL,5,10,177,185.0,32745.0
2020-02-19,2020021901009469,CCBL,5,38,23,185.0,4255.0
2020-02-19,2020021901009482,CFCL,45,25,24,148.0,3552.0
2020-02-19,2020021901009307,CFCL,21,44,130,147.0,19110.0
2020-02-19,2020021901009306,CFCL,26,44,20,147.0,2940.0
2020-02-19,2020021901009305,CFCL,42,44,50,147.0,7350.0
2020-02-19,2020021901009100,CHCL,22,42,10,432.0,4320.0
2020-02-19,2020021901009473,CHL,51,51,86,96.0,8256.0
2020-02-19,2020021901009472,CHL,52,51,14,96.0,1344.0
2020-02-19,2020021901009240,CIT,53,42,20,2728.0,54560.0
2020-02-19,2020021901009239,CIT,11,42,21,2728.0,57288.0
2020-02-19,2020021901009238,CIT,54,42,100,2729.0,272900.0
2020-02-19,2020021901009083,CIT,36,40,50,2730.0,136500.0
2020-02-19,2020021901009082,CIT,45,40,50,2730.0,136500.0
2020-02-19,2020021901009081,CIT,25,40,30,2730.0,81900.0
2020-02-19,2020021901009080,CIT,25,40,30,2730.0,81900.0
2020-02-19,2020021901009079,CIT,38,40,180,2730.0,491400.0
2020-02-19,2020021901009078,CIT,55,40,20,2735.0,54700.0
2020-02-19,2020021901009537,CZBIL,46,10,123,197.0,24231.0
2020-02-19,2020021901009391,DDBL,34,59,105,910.0,95550.0
2020-02-19,2020021901009546,EIC,34,5,180,443.0,79740.0
2020-02-19,2020021901009293,EIC,6,16,30,445.0,13350.0
2020-02-19,2020021901009169,EIC,34,39,30,443.0,13290.0
2020-02-19,2020021901009396,FMDBL,56,53,239,497.0,118783.0
2020-02-19,2020021901009233,FMDBL,56,53,100,497.0,49700.0
2020-02-19,2020021901009486,FOWAD,58,38,42,1628.0,68376.0
2020-02-19,2020021901009479,FOWAD,58,14,19,1625.0,30875.0
2020-02-19,2020021901009470,FOWAD,58,14,10,1624.0,16240.0
2020-02-19,2020021901009174,FOWAD,40,38,158,1628.0,257224.0
2020-02-19,2020021901009173,FOWAD,40,57,32,1627.0,52064.0
2020-02-19,2020021901009172,FOWAD,40,35,10,1626.0,16260.0
2020-02-19,2020021901009422,GBIME,38,37,20,286.0,5720.0
2020-02-19,2020021901009340,GBIME,59,21,29,285.0,8265.0
2020-02-19,2020021901009339,GBIME,6,21,100,285.0,28500.0
2020-02-19,2020021901009338,GBIME,40,21,500,285.0,142500.0
2020-02-19,2020021901009337,GBIME,14,21,371,285.0,105735.0
2020-02-19,2020021901009292,GBIME,14,55,129,285.0,36765.0
2020-02-19,2020021901009285,GBIME,42,55,50,285.0,14250.0
2020-02-19,2020021901009284,GBIME,43,55,321,285.0,91485.0
2020-02-19,2020021901009291,GBIME,42,55,500,285.0,142500.0
2020-02-19,2020021901009290,GBIME,48,55,100,285.0,28500.0
2020-02-19,2020021901009289,GBIME,46,55,50,285.0,14250.0
2020-02-19,2020021901009288,GBIME,4,55,2000,285.0,570000.0
2020-02-19,2020021901009287,GBIME,36,55,100,285.0,28500.0
2020-02-19,2020021901009286,GBIME,42,55,150,285.0,42750.0
2020-02-19,2020021901009480,GBLBS,5,44,500,523.0,261500.0
2020-02-19,2020021901009424,GBLBS,35,44,1500,523.0,784500.0
2020-02-19,2020021901009300,GBLBS,38,44,205,525.0,107625.0
2020-02-19,2020021901009299,GBLBS,38,1,50,524.0,26200.0
2020-02-19,2020021901009298,GBLBS,38,38,15,524.0,7860.0
2020-02-19,2020021901009297,GBLBS,38,58,730,524.0,382520.0
2020-02-19,2020021901009191,GBLBS,59,42,100,520.0,52000.0
2020-02-19,2020021901009187,GBLBS,41,58,30,524.0,15720.0
2020-02-19,2020021901009154,GBLBS,44,46,100,521.0,52100.0
2020-02-19,2020021901009148,GBLBS,44,42,100,521.0,52100.0
2020-02-19,2020021901009077,GBLBS,17,38,243,524.0,127332.0
2020-02-19,2020021901009551,GGBSL,42,45,10,939.0,9390.0
2020-02-19,2020021901009550,GGBSL,42,56,10,939.0,9390.0
2020-02-19,2020021901009147,GGBSL,45,57,340,921.0,313140.0
2020-02-19,2020021901009146,GGBSL,45,55,20,921.0,18420.0
2020-02-19,2020021901009145,GGBSL,45,48,20,921.0,18420.0
2020-02-19,2020021901009144,GGBSL,45,17,10,921.0,9210.0
2020-02-19,2020021901009123,GGBSL,45,46,50,920.0,46000.0
2020-02-19,2020021901009101,GGBSL,45,42,70,915.0,64050.0
2020-02-19,2020021901009106,GLBSL,26,38,340,829.0,281860.0
2020-02-19,2020021901009105,GLBSL,14,38,90,830.0,74700.0
2020-02-19,2020021901009072,GLBSL,14,4,10,830.0,8300.0
2020-02-19,2020021901009359,GLICL,42,56,30,810.0,24300.0
2020-02-19,2020021901009137,GLICL,14,56,40,810.0,32400.0
2020-02-19,2020021901009136,GLICL,6,56,30,810.0,24300.0
2020-02-19,2020021901009135,GLICL,21,56,500,810.0,405000.0
2020-02-19,2020021901009483,GMFBS,34,38,10,1000.0,10000.0
2020-02-19,2020021901009376,GMFBS,34,40,10,1000.0,10000.0
2020-02-19,2020021901009178,GMFBS,34,38,10,1000.0,10000.0
2020-02-19,2020021901009177,GMFBS,34,26,180,1000.0,180000.0
2020-02-19,2020021901009221,HBL,49,59,200,575.0,115000.0
2020-02-19,2020021901009467,HDL,34,28,135,1447.0,195345.0
2020-02-19,2020021901009389,HDL,4,22,300,1446.0,433800.0
2020-02-19,2020021901009388,HDL,4,53,50,1446.0,72300.0
2020-02-19,2020021901009387,HDL,4,34,10,1445.0,14450.0
2020-02-19,2020021901009129,HDL,53,53,150,1446.0,216900.0
2020-02-19,2020021901009128,HDL,53,42,100,1446.0,144600.0
2020-02-19,2020021901009127,HDL,53,1,100,1446.0,144600.0
2020-02-19,2020021901009126,HDL,53,50,100,1446.0,144600.0
2020-02-19,2020021901009125,HDL,53,22,200,1445.0,289000.0
2020-02-19,2020021901009539,HGI,26,16,50,443.0,22150.0
2020-02-19,2020021901009237,IGI,43,43,4,478.0,1912.0
2020-02-19,2020021901009117,IGI,43,48,4,478.0,1912.0
2020-02-19,2020021901009538,ILBS,5,8,10,930.0,9300.0
2020-02-19,2020021901009302,ILBS,55,40,10,927.0,9270.0
2020-02-19,2020021901009171,ILBS,39,26,60,926.0,55560.0
2020-02-19,2020021901009170,ILBS,39,38,10,926.0,9260.0
2020-02-19,2020021901009552,JBBL,59,10,66,192.0,12672.0
2020-02-19,2020021901009491,JBBL,59,38,78,192.0,14976.0
2020-02-19,2020021901009352,KBL,22,33,100,197.0,19700.0
2020-02-19,2020021901009088,KBL,59,33,90,197.0,17730.0
2020-02-19,2020021901009087,KBL,32,33,350,197.0,68950.0
2020-02-19,2020021901009091,KBL,54,33,1000,197.0,197000.0
2020-02-19,2020021901009090,KBL,8,33,200,197.0,39400.0
2020-02-19,2020021901009089,KBL,58,33,160,197.0,31520.0
2020-02-19,2020021901009456,KKHC,42,59,10,53.0,530.0
2020-02-19,2020021901009343,KMCDB,1,38,10,844.0,8440.0
2020-02-19,2020021901009402,KPCL,38,59,10,105.0,1050.0
2020-02-19,2020021901009549,KSBBL,34,45,40,172.0,6880.0
2020-02-19,2020021901009528,KSBBL,34,56,1500,172.0,258000.0
2020-02-19,2020021901009527,KSBBL,34,33,1000,172.0,172000.0
2020-02-19,2020021901009526,KSBBL,34,54,297,172.0,51084.0
2020-02-19,2020021901009525,KSBBL,34,21,143,172.0,24596.0
2020-02-19,2020021901009141,KSBBL,38,21,20,172.0,3440.0
2020-02-19,2020021901009116,KSBBL,38,21,10,172.0,1720.0
2020-02-19,2020021901009071,KSBBL,29,54,2700,171.0,461700.0
2020-02-19,2020021901009497,LBBL,14,38,51,196.0,9996.0
2020-02-19,2020021901009448,LBBL,14,34,184,196.0,36064.0
2020-02-19,2020021901009202,LBBL,14,14,409,196.0,80164.0
2020-02-19,2020021901009122,LBL,32,46,201,229.0,46029.0
2020-02-19,2020021901009121,LBL,18,46,310,229.0,70990.0
2020-02-19,2020021901009120,LBL,38,46,489,229.0,111981.0
2020-02-19,2020021901009432,LGIL,4,16,100,527.0,52700.0
2020-02-19,2020021901009380,LGIL,20,43,300,528.0,158400.0
2020-02-19,2020021901009296,LGIL,22,41,250,529.0,132250.0
2020-02-19,2020021901009190,LGIL,20,26,200,528.0,105600.0
2020-02-19,2020021901009536,LICN,41,36,64,1372.0,87808.0
2020-02-19,2020021901009535,LICN,38,36,10,1372.0,13720.0
2020-02-19,2020021901009534,LICN,34,36,100,1373.0,137300.0
2020-02-19,2020021901009533,LICN,41,36,100,1373.0,137300.0
2020-02-19,2020021901009532,LICN,1,36,26,1373.0,35698.0
2020-02-19,2020021901009531,LICN,44,36,200,1374.0,274800.0
2020-02-19,2020021901009530,LICN,55,36,500,1375.0,687500.0
2020-02-19,2020021901009342,LLBS,51,56,100,1201.0,120100.0
2020-02-19,2020021901009070,LLBS,16,42,10,1200.0,12000.0
2020-02-19,2020021901009485,MBL,37,8,150,239.0,35850.0
2020-02-19,2020021901009484,MBL,40,8,150,240.0,36000.0
2020-02-19,2020021901009386,MEGA,8,34,450,212.0,95400.0
2020-02-19,2020021901009207,MEGA,8,34,100,212.0,21200.0
2020-02-19,2020021901009264,MEGA,8,56,800,212.0,169600.0
2020-02-19,2020021901009272,MERO,48,6,50,690.0,34500.0
2020-02-19,2020021901009271,MERO,51,6,15,690.0,10350.0
2020-02-19,2020021901009270,MERO,41,6,16,690.0,11040.0
2020-02-19,2020021901009092,MERO,41,4,42,690.0,28980.0
2020-02-19,2020021901009438,MNBBL,4,25,400,330.0,132000.0
2020-02-19,2020021901009383,MNBBL,38,46,50,331.0,16550.0
2020-02-19,2020021901009382,MNBBL,38,16,50,331.0,16550.0
2020-02-19,2020021901009381,MNBBL,41,16,900,331.0,297900.0
2020-02-19,2020021901009216,MNBBL,4,25,100,330.0,33000.0
2020-02-19,2020021901009215,MNBBL,4,51,1356,330.0,447480.0
2020-02-19,2020021901009124,MNBBL,26,51,15,330.0,4950.0
2020-02-19,2020021901009374,MPFL,56,33,10,123.0,1230.0
2020-02-19,2020021901009076,MPFL,41,33,60,123.0,7380.0
2020-02-19,2020021901009075,MPFL,47,33,100,123.0,12300.0
2020-02-19,2020021901009280,MSMBS,48,54,100,840.0,84000.0
2020-02-19,2020021901009514,NABIL,4,25,74,749.0,55426.0
2020-02-19,2020021901009310,NADEP,35,40,23,781.0,17963.0
2020-02-19,2020021901009367,NBL,25,26,35,270.0,9450.0
2020-02-19,2020021901009366,NBL,34,26,665,270.0,179550.0
2020-02-19,2020021901009321,NBL,34,33,300,270.0,81000.0
2020-02-19,2020021901009278,NBL,7,34,36,271.0,9756.0
2020-02-19,2020021901009277,NBL,7,34,464,271.0,125744.0
2020-02-19,2020021901009062,NBL,34,56,35,270.0,9450.0
2020-02-19,2020021901009061,NBL,45,56,507,270.0,136890.0
2020-02-19,2020021901009282,NCCB,56,14,300,195.0,58500.0
2020-02-19,2020021901009436,NEF,19,29,9989,8.8,87903.2
2020-02-19,2020021901009435,NEF,29,29,758,8.82,6685.56
2020-02-19,2020021901009434,NEF,19,29,3853,8.85,34099.05
2020-02-19,2020021901009360,NEF,19,47,966,8.85,8549.1
2020-02-19,2020021901009429,NGPL,33,59,11,138.0,1518.0
2020-02-19,2020021901009400,NGPL,37,59,11,137.0,1507.0
2020-02-19,2020021901009232,NGPL,37,17,11,137.0,1507.0
2020-02-19,2020021901009294,NHDL,33,59,10,137.0,1370.0
2020-02-19,2020021901009465,NHPC,29,36,70,58.0,4060.0
2020-02-19,2020021901009464,NHPC,57,36,200,58.0,11600.0
2020-02-19,2020021901009463,NHPC,38,36,1000,58.0,58000.0
2020-02-19,2020021901009462,NHPC,47,36,20,58.0,1160.0
2020-02-19,2020021901009461,NHPC,21,36,1000,58.0,58000.0
2020-02-19,2020021901009460,NHPC,58,36,710,58.0,41180.0
2020-02-19,2020021901009379,NIB,16,25,40,386.0,15440.0
2020-02-19,2020021901009139,NIBLPF,6,11,10000,8.0,80000.0
2020-02-19,2020021901009350,NIBPO,26,35,500,337.0,168500.0
2020-02-19,2020021901009349,NIBPO,6,35,1000,337.0,337000.0
2020-02-19,2020021901009348,NIBPO,33,35,400,337.0,134800.0
2020-02-19,2020021901009403,NICA,7,40,150,546.0,81900.0
2020-02-19,2020021901009392,NICA,55,38,108,545.0,58860.0
2020-02-19,2020021901009375,NICA,22,40,50,546.0,27300.0
2020-02-19,2020021901009553,NICL,22,26,290,465.0,134850.0
2020-02-19,2020021901009499,NICL,26,26,10,465.0,4650.0
2020-02-19,2020021901009205,NICL,44,26,70,464.0,32480.0
2020-02-19,2020021901009204,NICL,35,26,100,464.0,46400.0
2020-02-19,2020021901009093,NICL,22,22,500,465.0,232500.0
2020-02-19,2020021901009513,NIL,51,26,100,610.0,61000.0
2020-02-19,2020021901009512,NIL,51,34,200,610.0,122000.0
2020-02-19,2020021901009309,NIL,45,25,333,609.0,202797.0
2020-02-19,2020021901009506,NLG,47,38,50,714.0,35700.0
2020-02-19,2020021901009406,NLG,41,45,100,715.0,71500.0
2020-02-19,2020021901009405,NLG,10,45,10,715.0,7150.0
2020-02-19,2020021901009175,NLG,10,25,10,715.0,7150.0
2020-02-19,2020021901009520,NLIC,14,38,22,1192.0,26224.0
2020-02-19,2020021901009312,NLICL,37,6,581,694.0,403214.0
2020-02-19,2020021901009507,NMB,44,4,100,409.0,40900.0
2020-02-19,2020021901009364,NMB,7,4,500,409.0,204500.0
2020-02-19,2020021901009341,NMB,22,4,50,409.0,20450.0
2020-02-19,2020021901009086,NMB,20,4,100,409.0,40900.0
2020-02-19,2020021901009085,NMB,39,4,150,409.0,61350.0
2020-02-19,2020021901009104,NSEWA,10,34,40,825.0,33000.0
2020-02-19,2020021901009368,PCBL,29,21,302,287.0,86674.0
2020-02-19,2020021901009322,PCBL,29,57,200,287.0,57400.0
2020-02-19,2020021901009194,PCBL,29,42,200,287.0,57400.0
2020-02-19,2020021901009193,PCBL,32,42,300,287.0,86100.0
2020-02-19,2020021901009344,PIC,57,57,10,650.0,6500.0
2020-02-19,2020021901009203,PIC,38,38,69,646.0,44574.0
2020-02-19,2020021901009069,PIC,47,57,10,650.0,6500.0
2020-02-19,2020021901009068,PIC,25,57,40,650.0,26000.0
2020-02-19,2020021901009468,PICL,57,16,78,518.0,40404.0
2020-02-19,2020021901009385,PICL,35,16,200,518.0,103600.0
2020-02-19,2020021901009384,PICL,35,16,172,518.0,89096.0
2020-02-19,2020021901009168,PICL,35,10,128,518.0,66304.0
2020-02-19,2020021901009167,PICL,19,10,72,518.0,37296.0
2020-02-19,2020021901009064,PICL,36,16,300,520.0,156000.0
2020-02-19,2020021901009487,PLIC,7,16,300,612.0,183600.0
2020-02-19,2020021901009450,PLIC,38,25,80,613.0,49040.0
2020-02-19,2020021901009377,PLIC,42,21,150,615.0,92250.0
2020-02-19,2020021901009437,PPCL,38,41,10,126.0,1260.0
2020-02-19,2020021901009220,PPCL,7,56,30,127.0,3810.0
2020-02-19,2020021901009219,PPCL,7,45,20,127.0,2540.0
2020-02-19,2020021901009065,PPCL,38,59,10,126.0,1260.0
2020-02-19,2020021901009390,PRIN,33,50,100,494.0,49400.0
2020-02-19,2020021901009500,PRVU,58,57,168,251.0,42168.0
2020-02-19,2020021901009317,PRVU,58,25,48,251.0,12048.0
2020-02-19,2020021901009067,PRVU,58,1,116,251.0,29116.0
2020-02-19,2020021901009315,RBCL,18,41,10,11000.0,110000.0
2020-02-19,2020021901009279,RBCL,19,41,40,11000.0,440000.0
2020-02-19,2020021901009478,RHPC,34,17,18,88.0,1584.0
2020-02-19,2020021901009099,RHPC,34,17,18,88.0,1584.0
2020-02-19,2020021901009540,RHPL,34,38,50,167.0,8350.0
2020-02-19,2020021901009498,RHPL,34,17,20,167.0,3340.0
2020-02-19,2020021901009393,RHPL,34,40,40,167.0,6680.0
2020-02-19,2020021901009316,RHPL,34,40,40,167.0,6680.0
2020-02-19,2020021901009236,RHPL,34,39,10,167.0,1670.0
2020-02-19,2020021901009142,RHPL,34,14,60,167.0,10020.0
2020-02-19,2020021901009118,RHPL,34,17,20,167.0,3340.0
2020-02-19,2020021901009114,RHPL,34,40,40,167.0,6680.0
2020-02-19,2020021901009066,RHPL,34,39,40,167.0,6680.0
2020-02-19,2020021901009544,RMDC,25,38,50,766.0,38300.0
2020-02-19,2020021901009492,RMDC,7,21,200,767.0,153400.0
2020-02-19,2020021901009449,RMDC,53,53,2,760.0,1520.0
2020-02-19,2020021901009209,RMDC,34,46,10,770.0,7700.0
2020-02-19,2020021901009208,RMDC,50,46,10,770.0,7700.0
2020-02-19,2020021901009517,RRHP,45,6,10,102.0,1020.0
2020-02-19,2020021901009276,RRHP,45,17,10,102.0,1020.0
2020-02-19,2020021901009457,RSDC,22,20,200,500.0,100000.0
2020-02-19,2020021901009319,RSDC,58,43,500,500.0,250000.0
2020-02-19,2020021901009318,RSDC,58,41,82,500.0,41000.0
2020-02-19,2020021901009303,RSDC,58,16,254,498.0,126492.0
2020-02-19,2020021901009226,RSDC,58,14,150,498.0,74700.0
2020-02-19,2020021901009225,RSDC,26,14,10,498.0,4980.0
2020-02-19,2020021901009218,RSDC,8,41,10,500.0,5000.0
2020-02-19,2020021901009477,SABSL,42,42,10,940.0,9400.0
2020-02-19,2020021901009459,SABSL,42,42,10,940.0,9400.0
2020-02-19,2020021901009369,SABSL,1,5,10,940.0,9400.0
2020-02-19,2020021901009217,SABSL,34,38,10,943.0,9430.0
2020-02-19,2020021901009188,SABSL,42,6,10,949.0,9490.0
2020-02-19,2020021901009516,SANIMA,8,34,148,358.0,52984.0
2020-02-19,2020021901009515,SANIMA,8,45,52,358.0,18616.0
2020-02-19,2020021901009471,SANIMA,49,34,200,357.0,71400.0
2020-02-19,2020021901009143,SANIMA,49,17,37,357.0,13209.0
2020-02-19,2020021901009110,SANIMA,49,4,144,357.0,51408.0
2020-02-19,2020021901009103,SBI,19,4,200,426.0,85200.0
2020-02-19,2020021901009152,SCB,33,40,88,648.0,57024.0
2020-02-19,2020021901009447,SDESI,16,4,300,947.0,284100.0
2020-02-19,2020021901009446,SDESI,43,4,200,950.0,190000.0
2020-02-19,2020021901009445,SDESI,45,4,50,950.0,47500.0
2020-02-19,2020021901009444,SDESI,59,4,10,950.0,9500.0
2020-02-19,2020021901009443,SDESI,6,4,20,951.0,19020.0
2020-02-19,2020021901009442,SDESI,45,4,500,951.0,475500.0
2020-02-19,2020021901009441,SDESI,40,4,200,955.0,191000.0
2020-02-19,2020021901009440,SDESI,49,4,50,960.0,48000.0
2020-02-19,2020021901009439,SDESI,49,4,100,960.0,96000.0
2020-02-19,2020021901009425,SDESI,34,4,62,961.0,59582.0
2020-02-19,2020021901009496,SFCL,39,11,100,110.0,11000.0
2020-02-19,2020021901009474,SFCL,11,39,100,108.0,10800.0
2020-02-19,2020021901009505,SHINE,8,39,280,297.0,83160.0
2020-02-19,2020021901009504,SHINE,45,39,300,297.0,89100.0
2020-02-19,2020021901009503,SHINE,56,39,2000,297.0,594000.0
2020-02-19,2020021901009502,SHINE,29,39,200,297.0,59400.0
2020-02-19,2020021901009501,SHINE,33,39,1530,297.0,454410.0
2020-02-19,2020021901009112,SHINE,17,34,250,299.0,74750.0
2020-02-19,2020021901009111,SHINE,17,34,750,299.0,224250.0
2020-02-19,2020021901009223,SHINE,37,4,400,299.0,119600.0
2020-02-19,2020021901009222,SHINE,57,34,500,299.0,149500.0
2020-02-19,2020021901009151,SHINE,57,34,500,299.0,149500.0
2020-02-19,2020021901009150,SHINE,58,34,500,299.0,149500.0
2020-02-19,2020021901009132,SHINE,58,34,500,299.0,149500.0
2020-02-19,2020021901009131,SHINE,17,34,500,299.0,149500.0
2020-02-19,2020021901009395,SHINE,57,39,1000,298.0,298000.0
2020-02-19,2020021901009394,SHINE,58,39,150,298.0,44700.0
2020-02-19,2020021901009320,SHINE,58,56,500,298.0,149000.0
2020-02-19,2020021901009268,SHINE,58,4,350,298.0,104300.0
2020-02-19,2020021901009267,SHINE,49,4,150,298.0,44700.0
2020-02-19,2020021901009266,SHINE,14,4,500,298.0,149000.0
2020-02-19,2020021901009543,SHIVM,29,42,170,627.0,106590.0
2020-02-19,2020021901009542,SHIVM,29,22,500,627.0,313500.0
2020-02-19,2020021901009541,SHIVM,29,58,330,627.0,206910.0
2020-02-19,2020021901009490,SHIVM,29,19,30,626.0,18780.0
2020-02-19,2020021901009476,SHIVM,29,28,500,626.0,313000.0
2020-02-19,2020021901009475,SHIVM,29,42,450,626.0,281700.0
2020-02-19,2020021901009183,SHIVM,45,44,100,625.0,62500.0
2020-02-19,2020021901009182,SHIVM,45,56,1400,625.0,875000.0
2020-02-19,2020021901009181,SHIVM,45,21,540,625.0,337500.0
2020-02-19,2020021901009180,SHIVM,45,14,500,624.0,312000.0
2020-02-19,2020021901009179,SHIVM,45,34,500,624.0,312000.0
2020-02-19,2020021901009186,SHIVM,45,39,540,626.0,338040.0
2020-02-19,2020021901009185,SHIVM,45,42,1000,626.0,626000.0
2020-02-19,2020021901009184,SHIVM,45,42,400,626.0,250400.0
2020-02-19,2020021901009371,SHIVM,38,7,250,626.0,156500.0
2020-02-19,2020021901009370,SHIVM,38,6,30,626.0,18780.0
2020-02-19,2020021901009353,SHIVM,45,6,20,626.0,12520.0
2020-02-19,2020021901009275,SHIVM,42,56,450,627.0,282150.0
2020-02-19,2020021901009274,SHIVM,42,28,500,627.0,313500.0
2020-02-19,2020021901009273,SHIVM,42,41,50,627.0,31350.0
2020-02-19,2020021901009433,SHIVM,44,44,50,625.0,31250.0
2020-02-19,2020021901009428,SHIVM,40,42,500,626.0,313000.0
2020-02-19,2020021901009427,SHIVM,58,42,50,626.0,31300.0
2020-02-19,2020021901009426,SHIVM,58,44,50,626.0,31300.0
2020-02-19,2020021901009373,SHIVM,38,58,670,627.0,420090.0
2020-02-19,2020021901009372,SHIVM,38,56,50,627.0,31350.0
2020-02-19,2020021901009378,SHL,45,45,251,194.0,48694.0
2020-02-19,2020021901009519,SHPC,34,58,944,230.0,217120.0
2020-02-19,2020021901009518,SHPC,41,58,56,230.0,12880.0
2020-02-19,2020021901009511,SHPC,11,35,50,232.0,11600.0
2020-02-19,2020021901009510,SHPC,11,42,1000,232.0,232000.0
2020-02-19,2020021901009509,SHPC,11,10,50,232.0,11600.0
2020-02-19,2020021901009508,SHPC,11,1,100,232.0,23200.0
2020-02-19,2020021901009494,SHPC,41,3,900,230.0,207000.0
2020-02-19,2020021901009493,SHPC,51,3,100,230.0,23000.0
2020-02-19,2020021901009115,SIC,34,36,40,785.0,31400.0
2020-02-19,2020021901009084,SIC,34,51,10,785.0,7850.0
2020-02-19,2020021901009109,SICL,42,58,200,1236.0,247200.0
2020-02-19,2020021901009108,SIFC,56,59,20,165.0,3300.0
2020-02-19,2020021901009097,SIFC,57,59,60,166.0,9960.0
2020-02-19,2020021901009102,SINDU,45,34,823,136.0,111928.0
2020-02-19,2020021901009547,SJCL,45,38,20,156.0,3120.0
2020-02-19,2020021901009404,SJCL,45,40,20,156.0,3120.0
2020-02-19,2020021901009332,SJCL,45,40,20,156.0,3120.0
2020-02-19,2020021901009304,SJCL,45,39,20,156.0,3120.0
2020-02-19,2020021901009281,SJCL,45,39,10,156.0,1560.0
2020-02-19,2020021901009227,SJCL,22,20,240,157.0,37680.0
2020-02-19,2020021901009192,SJCL,22,17,20,157.0,3140.0
2020-02-19,2020021901009138,SJCL,22,40,20,157.0,3140.0
2020-02-19,2020021901009269,SJCL,45,39,10,156.0,1560.0
2020-02-19,2020021901009231,SJCL,45,20,60,156.0,9360.0
2020-02-19,2020021901009230,SJCL,52,20,40,156.0,6240.0
2020-02-19,2020021901009229,SJCL,52,20,500,156.0,78000.0
2020-02-19,2020021901009228,SJCL,56,20,160,156.0,24960.0
2020-02-19,2020021901009524,SKBBL,57,35,870,1260.0,1096200.0
2020-02-19,2020021901009523,SKBBL,57,39,1000,1259.0,1259000.0
2020-02-19,2020021901009522,SKBBL,57,45,50,1258.0,62900.0
2020-02-19,2020021901009521,SKBBL,57,14,50,1258.0,62900.0
2020-02-19,2020021901009495,SKBBL,57,14,200,1258.0,251600.0
2020-02-19,2020021901009401,SKBBL,6,14,50,1258.0,62900.0
2020-02-19,2020021901009055,SKBBL,57,47,500,1258.0,629000.0
2020-02-19,2020021901009054,SKBBL,57,35,200,1255.0,251000.0
2020-02-19,2020021901009166,SKBBL,41,35,130,1260.0,163800.0
2020-02-19,2020021901009060,SKBBL,57,41,17,1260.0,21420.0
2020-02-19,2020021901009059,SKBBL,57,39,50,1260.0,63000.0
2020-02-19,2020021901009058,SKBBL,57,6,1000,1260.0,1260000.0
2020-02-19,2020021901009057,SKBBL,57,51,41,1259.0,51619.0
2020-02-19,2020021901009056,SKBBL,57,45,195,1258.0,245310.0
2020-02-19,2020021901009346,SLBBL,35,44,30,977.0,29310.0
2020-02-19,2020021901009325,SLBBL,34,44,100,978.0,97800.0
2020-02-19,2020021901009324,SLBBL,8,44,400,978.0,391200.0
2020-02-19,2020021901009096,SLBBL,50,39,402,979.0,393558.0
2020-02-19,2020021901009095,SLBBL,45,39,200,980.0,196000.0
2020-02-19,2020021901009094,SLBBL,19,39,99,980.0,97020.0
2020-02-19,2020021901009323,SLBBL,51,44,200,978.0,195600.0
2020-02-19,2020021901009313,SLBBL,50,44,90,979.0,88110.0
2020-02-19,2020021901009455,SLBSL,6,25,20,1023.0,20460.0
2020-02-19,2020021901009454,SLBSL,6,35,110,1023.0,112530.0
2020-02-19,2020021901009453,SLBSL,6,43,110,1023.0,112530.0
2020-02-19,2020021901009452,SLBSL,6,59,10,1023.0,10230.0
2020-02-19,2020021901009156,SLBSL,6,26,10,1014.0,10140.0
2020-02-19,2020021901009162,SLBSL,6,16,50,1019.0,50950.0
2020-02-19,2020021901009161,SLBSL,6,57,100,1018.0,101800.0
2020-02-19,2020021901009160,SLBSL,6,45,10,1018.0,10180.0
2020-02-19,2020021901009159,SLBSL,6,59,20,1018.0,20360.0
2020-02-19,2020021901009158,SLBSL,6,53,50,1015.0,50750.0
2020-02-19,2020021901009157,SLBSL,6,59,10,1015.0,10150.0
2020-02-19,2020021901009200,SLBSL,6,55,10,1022.0,10220.0
2020-02-19,2020021901009199,SLBSL,6,22,100,1022.0,102200.0
2020-02-19,2020021901009198,SLBSL,6,40,10,1020.0,10200.0
2020-02-19,2020021901009165,SLBSL,6,19,50,1020.0,51000.0
2020-02-19,2020021901009164,SLBSL,6,54,100,1020.0,102000.0
2020-02-19,2020021901009163,SLBSL,6,48,100,1019.0,101900.0
2020-02-19,2020021901009245,SLBSL,38,48,20,1023.0,20460.0
2020-02-19,2020021901009244,SLBSL,38,51,40,1023.0,40920.0
2020-02-19,2020021901009201,SLBSL,6,51,10,1023.0,10230.0
2020-02-19,2020021901009251,SLBSL,38,47,200,1023.0,204600.0
2020-02-19,2020021901009250,SLBSL,38,14,20,1023.0,20460.0
2020-02-19,2020021901009249,SLBSL,38,51,70,1023.0,71610.0
2020-02-19,2020021901009248,SLBSL,38,42,20,1023.0,20460.0
2020-02-19,2020021901009247,SLBSL,38,1,110,1023.0,112530.0
2020-02-19,2020021901009246,SLBSL,38,32,70,1023.0,71610.0
2020-02-19,2020021901009257,SLBSL,38,14,10,1023.0,10230.0
2020-02-19,2020021901009256,SLBSL,38,46,10,1023.0,10230.0
2020-02-19,2020021901009255,SLBSL,38,46,10,1023.0,10230.0
2020-02-19,2020021901009254,SLBSL,38,48,100,1023.0,102300.0
2020-02-19,2020021901009253,SLBSL,38,13,10,1023.0,10230.0
2020-02-19,2020021901009252,SLBSL,38,19,40,1023.0,40920.0
2020-02-19,2020021901009451,SLBSL,6,14,10,1022.0,10220.0
2020-02-19,2020021901009262,SLBSL,38,34,10,1023.0,10230.0
2020-02-19,2020021901009261,SLBSL,38,58,10,1023.0,10230.0
2020-02-19,2020021901009260,SLBSL,38,1,100,1023.0,102300.0
2020-02-19,2020021901009259,SLBSL,38,47,10,1023.0,10230.0
2020-02-19,2020021901009258,SLBSL,38,59,100,1023.0,102300.0
2020-02-19,2020021901009399,SLICL,22,5,20,492.0,9840.0
2020-02-19,2020021901009398,SLICL,45,5,10,493.0,4930.0
2020-02-19,2020021901009283,SMATA,34,16,45,848.0,38160.0
2020-02-19,2020021901009189,SMATA,34,14,194,848.0,164512.0
2020-02-19,2020021901009155,SMATA,34,37,200,848.0,169600.0
2020-02-19,2020021901009098,SMATA,34,41,68,848.0,57664.0
2020-02-19,2020021901009430,SMB,50,4,10,1021.0,10210.0
2020-02-19,2020021901009331,SMFBS,6,26,10,1200.0,12000.0
2020-02-19,2020021901009330,SMFBS,6,47,50,1199.0,59950.0
2020-02-19,2020021901009329,SMFBS,6,29,10,1195.0,11950.0
2020-02-19,2020021901009328,SMFBS,6,58,10,1190.0,11900.0
2020-02-19,2020021901009327,SMFBS,6,48,10,1190.0,11900.0
2020-02-19,2020021901009326,SMFBS,6,41,10,1190.0,11900.0
2020-02-19,2020021901009347,SPARS,38,26,50,960.0,48000.0
2020-02-19,2020021901009073,SPARS,19,52,10,975.0,9750.0
2020-02-19,2020021901009365,SPDL,37,17,15,101.0,1515.0
2020-02-19,2020021901009311,SPDL,37,17,15,101.0,1515.0
2020-02-19,2020021901009206,SPDL,37,7,15,101.0,1515.0
2020-02-19,2020021901009335,SRBL,44,34,433,256.0,110848.0
2020-02-19,2020021901009334,SRBL,44,7,444,256.0,113664.0
2020-02-19,2020021901009333,SRBL,44,39,300,256.0,76800.0
2020-02-19,2020021901009234,SRBL,48,38,23,255.0,5865.0
2020-02-19,2020021901009308,UIC,48,17,50,440.0,22000.0
2020-02-19,2020021901009224,UIC,19,38,36,439.0,15804.0
2020-02-19,2020021901009176,UMHL,29,17,14,115.0,1610.0
2020-02-19,2020021901009314,UNHPL,1,51,40,60.0,2400.0
2020-02-19,2020021901009423,UPPER,29,40,50,239.0,11950.0
2020-02-19,2020021901009351,UPPER,29,40,50,239.0,11950.0
2020-02-19,2020021901009134,UPPER,58,38,195,240.0,46800.0
2020-02-19,2020021901009133,UPPER,58,11,175,240.0,42000.0
2020-02-19,2020021901009212,VLBS,22,1,15,1180.0,17700.0
2020-02-19,2020021901009211,VLBS,22,1,15,1180.0,17700.0
2020-02-19,2020021901009210,VLBS,22,39,100,1180.0,118000.0
2020-02-19,2020021901009235,WOMI,56,17,60,1108.0,66480.0
2020-02-19,2020021901000011,GBIME,48,48,169,289.0,48841.0
2020-02-19,2020021901000031,GBLBS,16,26,50,508.0,25400.0
2020-02-19,2020021901000024,GBLBS,17,49,94,507.0,47658.0
2020-02-19,2020021901000012,GBLBS,1,26,100,506.0,50600.0
2020-02-19,2020021901000010,GBLBS,52,26,100,505.0,50500.0
2020-02-19,2020021901000001,HBL,39,39,450,558.0,251100.0
2020-02-19,2020021901000003,KMCDB,32,32,10,806.0,8060.0
2020-02-19,2020021901000019,KPCL,56,22,10,108.0,1080.0
2020-02-19,2020021901000014,KPCL,38,19,10,106.0,1060.0
2020-02-19,2020021901000042,LICN,54,35,10,1406.0,14060.0
2020-02-19,2020021901000009,MEGA,48,48,104,213.0,22152.0
2020-02-19,2020021901000005,MNBBL,48,48,4853,330.0,1601490.0
2020-02-19,2020021901000025,NADEP,5,1,10,784.0,7840.0
2020-02-19,2020021901000008,NCCB,52,39,48,194.0,9312.0
2020-02-19,2020021901000007,NCCB,43,39,50,194.0,9700.0
2020-02-19,2020021901000046,NGPL,50,42,11,138.0,1518.0
2020-02-19,2020021901000026,NGPL,50,42,11,138.0,1518.0
2020-02-19,2020021901000044,NHDL,33,56,10,134.0,1340.0
2020-02-19,2020021901000027,NIB,25,25,10,394.0,3940.0
2020-02-19,2020021901000029,NICA,1,58,25,550.0,13750.0
2020-02-19,2020021901000028,NICA,6,58,75,550.0,41250.0
2020-02-19,2020021901000049,NLBBL,43,38,300,850.0,255000.0
2020-02-19,2020021901000016,NLBBL,49,49,100,852.0,85200.0
2020-02-19,2020021901000023,NLG,14,35,40,723.0,28920.0
2020-02-19,2020021901000022,NLIC,54,35,10,1214.0,12140.0
2020-02-19,2020021901000053,NMB,55,58,513,417.0,213921.0
2020-02-19,2020021901000052,NMB,55,1,150,416.0,62400.0
2020-02-19,2020021901000051,NMB,55,38,37,412.0,15244.0
2020-02-19,2020021901000043,NTC,59,16,100,648.0,64800.0
2020-02-19,2020021901000039,NTC,59,39,300,636.0,190800.0
2020-02-19,2020021901000038,NTC,59,43,30,636.0,19080.0
2020-02-19,2020021901000037,NTC,59,25,200,635.0,127000.0
2020-02-19,2020021901000036,NTC,59,3,30,634.0,19020.0
2020-02-19,2020021901000035,NTC,59,13,100,633.0,63300.0
2020-02-19,2020021901000047,PLIC,54,53,50,619.0,30950.0
2020-02-19,2020021901000021,PLIC,54,17,10,620.0,6200.0
2020-02-19,2020021901000048,RHPL,59,42,20,165.0,3300.0
2020-02-19,2020021901000030,RHPL,56,42,20,164.0,3280.0
2020-02-19,2020021901000006,SANIMA,48,48,1430,352.0,503360.0
2020-02-19,2020021901000041,SHINE,3,56,110,307.0,33770.0
2020-02-19,2020021901000034,SHINE,39,48,147,307.0,45129.0
2020-02-19,2020021901000020,SHINE,43,42,49,305.0,14945.0
2020-02-19,2020021901000018,SHINE,49,49,200,307.0,61400.0
2020-02-19,2020021901000004,SHINE,3,20,20,304.0,6080.0
2020-02-19,2020021901000045,SHIVM,58,58,50000,610.0,30500000.0
2020-02-19,2020021901000017,SHIVM,34,57,100,615.0,61500.0
2020-02-19,2020021901000013,SHPC,16,43,25,235.0,5875.0
2020-02-19,2020021901000040,SICL,29,44,1000,1250.0,1250000.0
2020-02-19,2020021901000015,SICL,54,42,10,1270.0,12700.0
2020-02-19,2020021901000050,SJCL,26,42,10,156.0,1560.0
2020-02-19,2020021901000033,SJCL,26,42,10,156.0,1560.0
2020-02-19,2020021901000032,TRH,39,44,10,296.0,2960.0
2020-02-19,2020021901000002,TRH,3,3,12,291.0,3492.0
2020-02-19,2020021901006509,ADBL,51,3,20,400.0,8000.0
2020-02-19,2020021901006195,ADBL,14,40,75,399.0,29925.0
2020-02-19,2020021901006194,ADBL,14,49,500,399.0,199500.0
2020-02-19,2020021901006193,ADBL,14,11,1000,399.0,399000.0
2020-02-19,2020021901006192,ADBL,14,11,500,399.0,199500.0
2020-02-19,2020021901006191,ADBL,14,25,140,399.0,55860.0
2020-02-19,2020021901006190,ADBL,14,34,10,399.0,3990.0
2020-02-19,2020021901006189,ADBL,14,49,14,399.0,5586.0
2020-02-19,2020021901006188,ADBL,14,48,100,399.0,39900.0
2020-02-19,2020021901006352,AHPC,48,37,200,98.0,19600.0
2020-02-19,2020021901006484,AKPL,17,40,1450,137.0,198650.0
2020-02-19,2020021901006437,AKPL,28,40,500,137.0,68500.0
2020-02-19,2020021901006068,ALBSL,34,17,40,800.0,32000.0
2020-02-19,2020021901006067,ALBSL,34,56,19,800.0,15200.0
2020-02-19,2020021901006066,ALBSL,34,39,200,800.0,160000.0
2020-02-19,2020021901006065,ALBSL,34,50,181,800.0,144800.0
2020-02-19,2020021901006331,ALICL,32,33,67,633.0,42411.0
2020-02-19,2020021901006330,ALICL,32,20,150,632.0,94800.0
2020-02-19,2020021901006302,ALICL,52,51,450,630.0,283500.0
2020-02-19,2020021901006122,ALICL,45,51,50,630.0,31500.0
2020-02-19,2020021901006121,ALICL,45,5,300,629.0,188700.0
2020-02-19,2020021901006120,ALICL,45,22,50,628.0,31400.0
2020-02-19,2020021901006419,API,45,51,18,137.0,2466.0
2020-02-19,2020021901006418,API,45,7,15,137.0,2055.0
2020-02-19,2020021901006360,BOKL,52,45,10,237.0,2370.0
2020-02-19,2020021901006322,BOKL,17,44,1242,238.0,295596.0
2020-02-19,2020021901006321,BOKL,17,33,758,238.0,180404.0
2020-02-19,2020021901006231,BOKL,34,33,10,238.0,2380.0
2020-02-19,2020021901006181,CBBL,59,55,17,1152.0,19584.0
2020-02-19,2020021901006521,CBL,45,4,1078,153.0,164934.0
2020-02-19,2020021901006520,CBL,42,4,100,153.0,15300.0
2020-02-19,2020021901006519,CBL,26,4,50,153.0,7650.0
2020-02-19,2020021901006518,CBL,32,4,1000,153.0,153000.0
2020-02-19,2020021901006517,CBL,32,4,2772,153.0,424116.0
2020-02-19,2020021901006391,CCBL,36,45,10,185.0,1850.0
2020-02-19,2020021901006059,CCBL,19,57,25,186.0,4650.0
2020-02-19,2020021901006058,CCBL,40,57,2000,186.0,372000.0
2020-02-19,2020021901006057,CCBL,32,57,2000,186.0,372000.0
2020-02-19,2020021901006056,CCBL,32,57,2000,186.0,372000.0
2020-02-19,2020021901006055,CCBL,44,57,349,186.0,64914.0
2020-02-19,2020021901006144,CHCL,14,8,10,440.0,4400.0
2020-02-19,2020021901006247,CIT,54,7,200,2740.0,548000.0
2020-02-19,2020021901006246,CIT,54,8,20,2740.0,54800.0
2020-02-19,2020021901006245,CIT,54,7,100,2739.0,273900.0
2020-02-19,2020021901006319,CMF1,33,55,5000,9.55,47750.0
2020-02-19,2020021901006539,CZBIL,45,8,79,198.0,15642.0
2020-02-19,2020021901006334,CZBIL,44,7,103,199.0,20497.0
2020-02-19,2020021901006333,CZBIL,44,39,37,199.0,7363.0
2020-02-19,2020021901006332,CZBIL,44,6,60,199.0,11940.0
2020-02-19,2020021901006524,DDBL,6,26,20,905.0,18100.0
2020-02-19,2020021901006234,DDBL,35,28,100,906.0,90600.0
2020-02-19,2020021901006233,DDBL,35,29,50,905.0,45250.0
2020-02-19,2020021901006232,DDBL,49,45,100,902.0,90200.0
2020-02-19,2020021901006202,DDBL,25,29,93,903.0,83979.0
2020-02-19,2020021901006139,DDBL,49,42,300,902.0,270600.0
2020-02-19,2020021901006071,DDBL,41,19,50,900.0,45000.0
2020-02-19,2020021901006070,DDBL,41,42,31,900.0,27900.0
2020-02-19,2020021901006095,DDBL,35,32,100,901.0,90100.0
2020-02-19,2020021901006076,DDBL,41,38,350,900.0,315000.0
2020-02-19,2020021901006075,DDBL,41,21,200,900.0,180000.0
2020-02-19,2020021901006074,DDBL,41,41,200,900.0,180000.0
2020-02-19,2020021901006073,DDBL,41,16,175,900.0,157500.0
2020-02-19,2020021901006072,DDBL,41,5,50,900.0,45000.0
2020-02-19,2020021901006138,DDBL,49,38,443,902.0,399586.0
2020-02-19,2020021901006137,DDBL,49,17,35,901.0,31535.0
2020-02-19,2020021901006102,DDBL,45,17,200,901.0,180200.0
2020-02-19,2020021901006098,DDBL,35,17,65,901.0,58565.0
2020-02-19,2020021901006097,DDBL,35,3,110,901.0,99110.0
2020-02-19,2020021901006096,DDBL,35,7,225,901.0,202725.0
2020-02-19,2020021901006417,EBL,50,41,113,666.0,75258.0
2020-02-19,2020021901006316,EBL,41,58,250,665.0,166250.0
2020-02-19,2020021901006315,EBL,41,32,135,665.0,89775.0
2020-02-19,2020021901006313,EIC,26,42,20,445.0,8900.0
2020-02-19,2020021901006312,EIC,26,41,504,445.0,224280.0
2020-02-19,2020021901006209,EIC,38,41,60,445.0,26700.0
2020-02-19,2020021901006208,EIC,38,50,140,445.0,62300.0
2020-02-19,2020021901006531,FMDBL,18,45,250,502.0,125500.0
2020-02-19,2020021901006530,FMDBL,18,53,30,502.0,15060.0
2020-02-19,2020021901006529,FMDBL,18,16,100,502.0,50200.0
2020-02-19,2020021901006514,FMDBL,18,43,30,497.0,14910.0
2020-02-19,2020021901006500,FMDBL,34,48,100,500.0,50000.0
2020-02-19,2020021901006499,FMDBL,34,52,100,500.0,50000.0
2020-02-19,2020021901006383,FMDBL,18,48,300,499.0,149700.0
2020-02-19,2020021901006372,FMDBL,18,38,710,497.0,352870.0
2020-02-19,2020021901006371,FMDBL,18,34,208,497.0,103376.0
2020-02-19,2020021901006361,FMDBL,50,34,30,497.0,14910.0
2020-02-19,2020021901006498,FMDBL,34,6,100,500.0,50000.0
2020-02-19,2020021901006497,FMDBL,34,42,10,500.0,5000.0
2020-02-19,2020021901006496,FMDBL,34,5,100,500.0,50000.0
2020-02-19,2020021901006449,FMDBL,18,25,90,499.0,44910.0
2020-02-19,2020021901006448,FMDBL,18,25,119,499.0,59381.0
2020-02-19,2020021901006396,FMDBL,52,55,491,500.0,245500.0
2020-02-19,2020021901006553,FOWAD,43,50,15,1607.0,24105.0
2020-02-19,2020021901006552,FOWAD,43,44,10,1605.0,16050.0
2020-02-19,2020021901006551,FOWAD,43,28,49,1605.0,78645.0
2020-02-19,2020021901006550,FOWAD,43,19,49,1603.0,78547.0
2020-02-19,2020021901006248,FOWAD,49,45,100,1600.0,160000.0
2020-02-19,2020021901006180,FOWAD,14,39,132,1600.0,211200.0
2020-02-19,2020021901006130,FOWAD,34,7,49,1590.0,77910.0
2020-02-19,2020021901006129,FOWAD,34,7,49,1590.0,77910.0
2020-02-19,2020021901006128,FOWAD,34,7,49,1590.0,77910.0
2020-02-19,2020021901006179,FOWAD,14,33,100,1600.0,160000.0
2020-02-19,2020021901006178,FOWAD,14,39,70,1600.0,112000.0
2020-02-19,2020021901006177,FOWAD,14,6,190,1599.0,303810.0
2020-02-19,2020021901006133,FOWAD,34,57,15,1590.0,23850.0
2020-02-19,2020021901006132,FOWAD,34,17,18,1590.0,28620.0
2020-02-19,2020021901006131,FOWAD,34,38,17,1590.0,27030.0
2020-02-19,2020021901006216,GBBL,46,59,1000,247.0,247000.0
2020-02-19,2020021901006215,GBBL,46,32,100,247.0,24700.0
2020-02-19,2020021901006477,GBIME,58,35,43,286.0,12298.0
2020-02-19,2020021901006476,GBIME,58,35,584,286.0,167024.0
2020-02-19,2020021901006350,GBIME,17,35,200,286.0,57200.0
2020-02-19,2020021901006258,GBIME,44,35,100,286.0,28600.0
2020-02-19,2020021901006148,GBIME,4,35,316,286.0,90376.0
2020-02-19,2020021901006494,GBLBS,41,17,40,529.0,21160.0
2020-02-19,2020021901006493,GBLBS,41,26,75,527.0,39525.0
2020-02-19,2020021901006492,GBLBS,41,26,300,527.0,158100.0
2020-02-19,2020021901006491,GBLBS,41,42,85,527.0,44795.0
2020-02-19,2020021901006393,GBLBS,16,42,115,527.0,60605.0
2020-02-19,2020021901006387,GBLBS,16,34,85,526.0,44710.0
2020-02-19,2020021901006150,GBLBS,13,47,10,522.0,5220.0
2020-02-19,2020021901006149,GBLBS,13,26,50,522.0,26100.0
2020-02-19,2020021901006134,GBLBS,58,37,276,520.0,143520.0
2020-02-19,2020021901006104,GBLBS,45,37,50,520.0,26000.0
2020-02-19,2020021901006069,GBLBS,26,50,160,519.0,83040.0
2020-02-19,2020021901006063,GBLBS,32,50,190,519.0,98610.0
2020-02-19,2020021901006165,GBLBS,38,5,30,523.0,15690.0
2020-02-19,2020021901006164,GBLBS,38,56,1000,523.0,523000.0
2020-02-19,2020021901006163,GBLBS,38,33,50,523.0,26150.0
2020-02-19,2020021901006162,GBLBS,38,28,500,522.0,261000.0
2020-02-19,2020021901006152,GBLBS,13,34,150,522.0,78300.0
2020-02-19,2020021901006151,GBLBS,13,38,100,522.0,52200.0
2020-02-19,2020021901006303,GBLBS,52,32,90,523.0,47070.0
2020-02-19,2020021901006250,GBLBS,45,32,100,523.0,52300.0
2020-02-19,2020021901006187,GBLBS,26,45,480,522.0,250560.0
2020-02-19,2020021901006186,GBLBS,38,45,220,523.0,115060.0
2020-02-19,2020021901006167,GBLBS,38,52,100,523.0,52300.0
2020-02-19,2020021901006166,GBLBS,38,50,200,523.0,104600.0
2020-02-19,2020021901006309,GBLBS,52,42,30,525.0,15750.0
2020-02-19,2020021901006308,GBLBS,52,25,50,525.0,26250.0
2020-02-19,2020021901006307,GBLBS,52,46,200,525.0,105000.0
2020-02-19,2020021901006306,GBLBS,52,25,260,525.0,136500.0
2020-02-19,2020021901006305,GBLBS,52,44,1000,524.0,524000.0
2020-02-19,2020021901006304,GBLBS,52,26,45,523.0,23535.0
2020-02-19,2020021901006385,GBLBS,46,34,50,526.0,26300.0
2020-02-19,2020021901006359,GBLBS,52,17,50,525.0,26250.0
2020-02-19,2020021901006358,GBLBS,52,41,75,525.0,39375.0
2020-02-19,2020021901006347,GBLBS,28,13,15,524.0,7860.0
2020-02-19,2020021901006346,GBLBS,28,26,750,524.0,393000.0
2020-02-19,2020021901006310,GBLBS,52,41,825,525.0,433125.0
2020-02-19,2020021901006549,GHL,59,26,100,72.0,7200.0
2020-02-19,2020021901006409,GHL,37,7,30,72.0,2160.0
2020-02-19,2020021901006455,GILB,7,44,100,1443.0,144300.0
2020-02-19,2020021901006145,GILB,7,32,35,1443.0,50505.0
2020-02-19,2020021901006142,GILB,57,42,100,1443.0,144300.0
2020-02-19,2020021901006124,GILB,7,49,20,1438.0,28760.0
2020-02-19,2020021901006123,GILB,7,44,27,1438.0,38826.0
2020-02-19,2020021901006107,GILB,55,44,23,1438.0,33074.0
2020-02-19,2020021901006106,GILB,55,56,27,1435.0,38745.0
2020-02-19,2020021901006301,GLBSL,22,21,10,813.0,8130.0
2020-02-19,2020021901006300,GLBSL,22,32,10,813.0,8130.0
2020-02-19,2020021901006299,GLBSL,22,49,20,813.0,16260.0
2020-02-19,2020021901006298,GLBSL,22,54,100,812.0,81200.0
2020-02-19,2020021901006297,GLBSL,22,42,100,810.0,81000.0
2020-02-19,2020021901006254,GLBSL,48,51,10,798.0,7980.0
2020-02-19,2020021901006109,GLBSL,14,47,30,790.0,23700.0
2020-02-19,2020021901006253,GLBSL,48,51,10,798.0,7980.0
2020-02-19,2020021901006252,GLBSL,48,22,10,797.0,7970.0
2020-02-19,2020021901006251,GLBSL,48,41,10,795.0,7950.0
2020-02-19,2020021901006111,GLBSL,14,48,100,790.0,79000.0
2020-02-19,2020021901006110,GLBSL,14,45,30,790.0,23700.0
2020-02-19,2020021901006532,GMFBS,32,1,10,989.0,9890.0
2020-02-19,2020021901006207,GMFBS,32,16,200,989.0,197800.0
2020-02-19,2020021901006206,GMFBS,32,1,10,988.0,9880.0
2020-02-19,2020021901006205,GMFBS,32,40,10,987.0,9870.0
2020-02-19,2020021901006204,GMFBS,32,51,60,985.0,59100.0
2020-02-19,2020021901006203,GMFBS,32,57,10,980.0,9800.0
2020-02-19,2020021901006171,GMFIL,1,49,181,133.0,24073.0
2020-02-19,2020021901006386,GRDBL,32,59,300,136.0,40800.0
2020-02-19,2020021901006406,HDL,58,53,500,1445.0,722500.0
2020-02-19,2020021901006405,HDL,58,21,150,1445.0,216750.0
2020-02-19,2020021901006404,HDL,58,52,100,1445.0,144500.0
2020-02-19,2020021901006403,HDL,58,39,400,1444.0,577600.0
2020-02-19,2020021901006402,HDL,58,38,10,1444.0,14440.0
2020-02-19,2020021901006401,HDL,58,37,340,1442.0,490280.0
2020-02-19,2020021901006146,HDL,35,37,500,1442.0,721000.0
2020-02-19,2020021901006141,HDL,42,5,815,1440.0,1173600.0
2020-02-19,2020021901006125,HDL,19,37,100,1442.0,144200.0
2020-02-19,2020021901006341,HGI,11,44,400,444.0,177600.0
2020-02-19,2020021901006311,HGI,22,44,200,444.0,88800.0
2020-02-19,2020021901006143,HIDCL,35,45,61,137.0,8357.0
2020-02-19,2020021901006495,JOSHI,34,34,10,62.0,620.0
2020-02-19,2020021901006277,JSLBB,32,51,28,1840.0,51520.0
2020-02-19,2020021901006276,JSLBB,32,55,250,1840.0,460000.0
2020-02-19,2020021901006275,JSLBB,32,4,12,1839.0,22068.0
2020-02-19,2020021901006105,JSLBB,57,37,22,1835.0,40370.0
2020-02-19,2020021901006407,KBL,49,45,10,196.0,1960.0
2020-02-19,2020021901006280,KBL,13,13,1000,197.0,197000.0
2020-02-19,2020021901006279,KBL,13,13,1000,197.0,197000.0
2020-02-19,2020021901006278,KBL,58,13,500,197.0,98500.0
2020-02-19,2020021901006140,KBL,58,42,500,197.0,98500.0
2020-02-19,2020021901006523,KPCL,16,41,10,106.0,1060.0
2020-02-19,2020021901006478,KPCL,16,46,10,106.0,1060.0
2020-02-19,2020021901006080,KPCL,16,48,10,105.0,1050.0
2020-02-19,2020021901006086,KPCL,16,25,360,106.0,38160.0
2020-02-19,2020021901006085,KPCL,16,53,10,106.0,1060.0
2020-02-19,2020021901006084,KPCL,16,1,10,105.0,1050.0
2020-02-19,2020021901006083,KPCL,16,1,10,105.0,1050.0
2020-02-19,2020021901006082,KPCL,16,1,10,105.0,1050.0
2020-02-19,2020021901006081,KPCL,16,1,10,105.0,1050.0
2020-02-19,2020021901006087,KPCL,16,44,10,106.0,1060.0
2020-02-19,2020021901006464,KSBBL,34,21,30,171.0,5130.0
2020-02-19,2020021901006526,LBBL,44,7,2000,197.0,394000.0
2020-02-19,2020021901006525,LBBL,36,7,101,197.0,19897.0
2020-02-19,2020021901006271,LBBL,36,51,117,197.0,23049.0
2020-02-19,2020021901006270,LBBL,36,34,2700,197.0,531900.0
2020-02-19,2020021901006269,LBBL,36,54,500,197.0,98500.0
2020-02-19,2020021901006268,LBBL,36,57,130,197.0,25610.0
2020-02-19,2020021901006267,LBBL,36,47,1000,197.0,197000.0
2020-02-19,2020021901006266,LBBL,36,52,150,196.0,29400.0
2020-02-19,2020021901006265,LBBL,36,57,100,196.0,19600.0
2020-02-19,2020021901006264,LBBL,36,41,1202,196.0,235592.0
2020-02-19,2020021901006488,LBL,14,45,200,231.0,46200.0
2020-02-19,2020021901006487,LBL,14,17,500,231.0,115500.0
2020-02-19,2020021901006486,LBL,14,6,300,231.0,69300.0
2020-02-19,2020021901006384,LBL,32,45,10,230.0,2300.0
2020-02-19,2020021901006236,LBL,32,39,384,230.0,88320.0
2020-02-19,2020021901006235,LBL,34,39,116,230.0,26680.0
2020-02-19,2020021901006376,LGIL,45,34,99,529.0,52371.0
2020-02-19,2020021901006373,LGIL,49,34,100,529.0,52900.0
2020-02-19,2020021901006541,LLBS,45,26,10,1224.0,12240.0
2020-02-19,2020021901006522,LLBS,6,42,96,1200.0,115200.0
2020-02-19,2020021901006392,LLBS,25,42,104,1200.0,124800.0
2020-02-19,2020021901006343,LLBS,25,45,100,1215.0,121500.0
2020-02-19,2020021901006342,LLBS,25,44,27,1212.0,32724.0
2020-02-19,2020021901006318,LLBS,25,11,100,1208.0,120800.0
2020-02-19,2020021901006296,LLBS,25,42,142,1202.0,170684.0
2020-02-19,2020021901006288,LLBS,25,25,12,1200.0,14400.0
2020-02-19,2020021901006287,LLBS,25,29,200,1200.0,240000.0
2020-02-19,2020021901006286,LLBS,25,52,19,1200.0,22800.0
2020-02-19,2020021901006285,LLBS,25,34,15,1200.0,18000.0
2020-02-19,2020021901006284,LLBS,25,53,50,1193.0,59650.0
2020-02-19,2020021901006377,MBL,49,8,1769,240.0,424560.0
2020-02-19,2020021901006212,MBL,38,8,300,240.0,72000.0
2020-02-19,2020021901006211,MBL,41,8,200,240.0,48000.0
2020-02-19,2020021901006210,MBL,56,8,284,240.0,68160.0
2020-02-19,2020021901006468,MERO,28,38,200,683.0,136600.0
2020-02-19,2020021901006451,MERO,53,52,25,682.0,17050.0
2020-02-19,2020021901006432,MERO,53,34,13,680.0,8840.0
2020-02-19,2020021901006431,MERO,53,25,100,680.0,68000.0
2020-02-19,2020021901006379,MERO,28,17,42,679.0,28518.0
2020-02-19,2020021901006378,MERO,28,11,175,679.0,118825.0
2020-02-19,2020021901006430,MERO,53,17,100,680.0,68000.0
2020-02-19,2020021901006429,MERO,53,49,15,680.0,10200.0
2020-02-19,2020021901006428,MERO,53,45,13,680.0,8840.0
2020-02-19,2020021901006427,MERO,53,56,150,680.0,102000.0
2020-02-19,2020021901006426,MERO,53,42,42,680.0,28560.0
2020-02-19,2020021901006516,MHNL,34,35,10,95.0,950.0
2020-02-19,2020021901006515,MHNL,34,35,40,95.0,3800.0
2020-02-19,2020021901006362,MLBL,45,36,500,225.0,112500.0
2020-02-19,2020021901006183,MLBL,56,45,400,225.0,90000.0
2020-02-19,2020021901006465,MPFL,42,17,218,123.0,26814.0
2020-02-19,2020021901006238,MPFL,42,33,282,123.0,34686.0
2020-02-19,2020021901006474,NABIL,41,32,60,750.0,45000.0
2020-02-19,2020021901006424,NABIL,54,45,12,749.0,8988.0
2020-02-19,2020021901006411,NABIL,41,32,100,750.0,75000.0
2020-02-19,2020021901006389,NABIL,54,55,30,749.0,22470.0
2020-02-19,2020021901006388,NABIL,4,55,26,749.0,19474.0
2020-02-19,2020021901006416,NADEP,53,44,200,779.0,155800.0
2020-02-19,2020021901006317,NADEP,39,28,23,770.0,17710.0
2020-02-19,2020021901006454,NBB,16,37,625,212.0,132500.0
2020-02-19,2020021901006453,NBB,16,13,75,212.0,15900.0
2020-02-19,2020021901006452,NBB,16,50,500,212.0,106000.0
2020-02-19,2020021901006294,NBB,29,45,500,211.0,105500.0
2020-02-19,2020021901006255,NBB,29,14,259,211.0,54649.0
2020-02-19,2020021901006240,NBB,34,14,741,211.0,156351.0
2020-02-19,2020021901006199,NBB,34,39,500,211.0,105500.0
2020-02-19,2020021901006540,NBL,22,34,250,270.0,67500.0
2020-02-19,2020021901006422,NBL,13,34,86,270.0,23220.0
2020-02-19,2020021901006421,NBL,13,59,914,270.0,246780.0
2020-02-19,2020021901006291,NBL,43,59,190,270.0,51300.0
2020-02-19,2020021901006290,NBL,43,57,310,270.0,83700.0
2020-02-19,2020021901006201,NFS,39,32,30,132.0,3960.0
2020-02-19,2020021901006390,NGPL,21,4,300,140.0,42000.0
2020-02-19,2020021901006103,NHPC,58,36,80,59.0,4720.0
2020-02-19,2020021901006450,NIB,8,45,10,385.0,3850.0
2020-02-19,2020021901006490,NICA,19,49,50,548.0,27400.0
2020-02-19,2020021901006434,NICA,32,49,100,548.0,54800.0
2020-02-19,2020021901006397,NICA,32,49,100,548.0,54800.0
2020-02-19,2020021901006289,NICA,33,49,100,548.0,54800.0
2020-02-19,2020021901006283,NICA,38,25,145,548.0,79460.0
2020-02-19,2020021901006257,NICA,32,49,50,548.0,27400.0
2020-02-19,2020021901006256,NICA,32,8,150,548.0,82200.0
2020-02-19,2020021901006239,NICA,45,21,300,547.0,164100.0
2020-02-19,2020021901006108,NICA,45,45,200,547.0,109400.0
2020-02-19,2020021901006447,NIL,26,46,200,606.0,121200.0
2020-02-19,2020021901006545,NLBBL,7,6,300,859.0,257700.0
2020-02-19,2020021901006544,NLBBL,7,10,200,858.0,171600.0
2020-02-19,2020021901006528,NLBBL,56,26,78,857.0,66846.0
2020-02-19,2020021901006463,NLBBL,7,40,200,856.0,171200.0
2020-02-19,2020021901006399,NLBBL,34,26,200,857.0,171400.0
2020-02-19,2020021901006348,NLBBL,56,53,100,857.0,85700.0
2020-02-19,2020021901006112,NLBBL,7,38,29,850.0,24650.0
2020-02-19,2020021901006061,NLBBL,38,38,200,850.0,170000.0
2020-02-19,2020021901006118,NLBBL,7,37,39,850.0,33150.0
2020-02-19,2020021901006117,NLBBL,7,34,116,850.0,98600.0
2020-02-19,2020021901006116,NLBBL,7,48,15,850.0,12750.0
2020-02-19,2020021901006115,NLBBL,7,38,200,850.0,170000.0
2020-02-19,2020021901006114,NLBBL,7,44,64,850.0,54400.0
2020-02-19,2020021901006113,NLBBL,7,59,37,850.0,31450.0
2020-02-19,2020021901006314,NLBBL,48,53,100,857.0,85700.0
2020-02-19,2020021901006244,NLBBL,53,44,200,854.0,170800.0
2020-02-19,2020021901006160,NLBBL,57,53,200,852.0,170400.0
2020-02-19,2020021901006159,NLBBL,57,56,10,851.0,8510.0
2020-02-19,2020021901006158,NLBBL,57,37,261,850.0,221850.0
2020-02-19,2020021901006136,NLBBL,6,37,200,850.0,170000.0
2020-02-19,2020021901006502,NLG,26,29,200,722.0,144400.0
2020-02-19,2020021901006339,NLG,48,51,23,720.0,16560.0
2020-02-19,2020021901006242,NLG,48,51,27,720.0,19440.0
2020-02-19,2020021901006335,NLIC,57,57,22,1193.0,26246.0
2020-02-19,2020021901006338,NLICL,35,50,200,698.0,139600.0
2020-02-19,2020021901006466,NMB,34,52,59,410.0,24190.0
2020-02-19,2020021901006461,NMB,34,8,100,410.0,41000.0
2020-02-19,2020021901006460,NMB,34,59,12,410.0,4920.0
2020-02-19,2020021901006459,NMB,34,22,380,410.0,155800.0
2020-02-19,2020021901006458,NMB,34,42,100,410.0,41000.0
2020-02-19,2020021901006457,NMB,34,34,46,410.0,18860.0
2020-02-19,2020021901006456,NMB,34,44,803,410.0,329230.0
2020-02-19,2020021901006282,NMB,58,34,54,410.0,22140.0
2020-02-19,2020021901006281,NMB,58,58,246,410.0,100860.0
2020-02-19,2020021901006262,NMB,58,45,10,409.0,4090.0
2020-02-19,2020021901006161,NMB,58,58,1000,409.0,409000.0
2020-02-19,2020021901006537,NMBMF,56,38,75,955.0,71625.0
2020-02-19,2020021901006536,NMBMF,56,52,235,951.0,223485.0
2020-02-19,2020021901006535,NMBMF,56,33,50,950.0,47500.0
2020-02-19,2020021901006534,NMBMF,56,14,100,950.0,95000.0
2020-02-19,2020021901006533,NMBMF,56,34,40,947.0,37880.0
2020-02-19,2020021901006548,NSEWA,34,57,10,827.0,8270.0
2020-02-19,2020021901006547,NSEWA,34,42,10,827.0,8270.0
2020-02-19,2020021901006436,PIC,41,50,50,656.0,32800.0
2020-02-19,2020021901006435,PIC,41,39,190,656.0,124640.0
2020-02-19,2020021901006273,PIC,4,33,433,655.0,283615.0
2020-02-19,2020021901006272,PIC,4,13,17,654.0,11118.0
2020-02-19,2020021901006249,PIC,4,45,10,651.0,6510.0
2020-02-19,2020021901006221,PIC,4,13,380,654.0,248520.0
2020-02-19,2020021901006220,PIC,4,14,150,654.0,98100.0
2020-02-19,2020021901006219,PIC,4,49,220,654.0,143880.0
2020-02-19,2020021901006218,PIC,4,55,200,653.0,130600.0
2020-02-19,2020021901006217,PIC,4,16,250,653.0,163250.0
2020-02-19,2020021901006182,PIC,45,16,50,653.0,32650.0
2020-02-19,2020021901006185,PLIC,34,34,500,610.0,305000.0
2020-02-19,2020021901006184,PLIC,34,6,382,610.0,233020.0
2020-02-19,2020021901006501,PPCL,38,41,30,126.0,3780.0
2020-02-19,2020021901006295,PRIN,38,37,205,492.0,100860.0
2020-02-19,2020021901006119,PRIN,49,37,57,492.0,28044.0
2020-02-19,2020021901006329,PRVU,58,1,87,250.0,21750.0
2020-02-19,2020021901006328,PRVU,58,49,463,250.0,115750.0
2020-02-19,2020021901006327,PRVU,58,38,591,250.0,147750.0
2020-02-19,2020021901006326,PRVU,58,38,330,250.0,82500.0
2020-02-19,2020021901006325,PRVU,58,38,907,250.0,226750.0
2020-02-19,2020021901006324,PRVU,58,38,247,250.0,61750.0
2020-02-19,2020021901006237,RHPC,55,44,600,89.0,53400.0
2020-02-19,2020021901006336,RHPL,49,28,40,166.0,6640.0
2020-02-19,2020021901006054,RHPL,49,28,40,166.0,6640.0
2020-02-19,2020021901006446,RSDC,58,50,100,496.0,49600.0
2020-02-19,2020021901006445,RSDC,58,41,500,496.0,248000.0
2020-02-19,2020021901006444,RSDC,58,26,50,496.0,24800.0
2020-02-19,2020021901006443,RSDC,58,49,1000,496.0,496000.0
2020-02-19,2020021901006442,RSDC,58,39,300,495.0,148500.0
2020-02-19,2020021901006441,RSDC,58,44,200,495.0,99000.0
2020-02-19,2020021901006440,RSDC,58,42,20,495.0,9900.0
2020-02-19,2020021901006433,RSDC,1,19,100,490.0,49000.0
2020-02-19,2020021901006408,RSDC,58,41,27,487.0,13149.0
2020-02-19,2020021901006127,RSDC,1,28,53,485.0,25705.0
2020-02-19,2020021901006126,RSDC,58,28,113,490.0,55370.0
2020-02-19,2020021901006382,SABSL,34,26,85,949.0,80665.0
2020-02-19,2020021901006381,SABSL,34,1,100,949.0,94900.0
2020-02-19,2020021901006380,SABSL,34,34,100,948.0,94800.0
2020-02-19,2020021901006168,SABSL,1,7,10,940.0,9400.0
2020-02-19,2020021901006483,SADBL,49,51,600,171.0,102600.0
2020-02-19,2020021901006482,SADBL,49,17,492,171.0,84132.0
2020-02-19,2020021901006481,SADBL,49,28,312,171.0,53352.0
2020-02-19,2020021901006480,SADBL,49,52,383,171.0,65493.0
2020-02-19,2020021901006196,SADBL,32,16,500,170.0,85000.0
2020-02-19,2020021901006153,SANIMA,58,52,12,359.0,4308.0
2020-02-19,2020021901006099,SANIMA,49,8,2065,357.0,737205.0
2020-02-19,2020021901006089,SANIMA,59,8,200,357.0,71400.0
2020-02-19,2020021901006088,SANIMA,46,8,120,357.0,42840.0
2020-02-19,2020021901006261,SBI,44,37,1000,430.0,430000.0
2020-02-19,2020021901006260,SBI,44,13,402,429.0,172458.0
2020-02-19,2020021901006259,SBI,44,34,62,429.0,26598.0
2020-02-19,2020021901006475,SBL,4,45,10,321.0,3210.0
2020-02-19,2020021901006094,SCB,11,28,180,652.0,117360.0
2020-02-19,2020021901006093,SCB,11,49,300,650.0,195000.0
2020-02-19,2020021901006092,SCB,11,58,20,647.0,12940.0
2020-02-19,2020021901006513,SDESI,45,40,40,967.0,38680.0
2020-02-19,2020021901006512,SDESI,57,40,50,968.0,48400.0
2020-02-19,2020021901006511,SDESI,6,40,30,969.0,29070.0
2020-02-19,2020021901006374,SDESI,45,28,40,967.0,38680.0
2020-02-19,2020021901006340,SDESI,42,28,50,967.0,48350.0
2020-02-19,2020021901006320,SEF,29,55,10000,9.4,94000.0
2020-02-19,2020021901006485,SHINE,34,39,300,300.0,90000.0
2020-02-19,2020021901006170,SHINE,44,32,300,301.0,90300.0
2020-02-19,2020021901006169,SHINE,44,39,600,301.0,180600.0
2020-02-19,2020021901006412,SHIVM,18,43,250,626.0,156500.0
2020-02-19,2020021901006241,SHIVM,21,1,50,625.0,31250.0
2020-02-19,2020021901006230,SHIVM,34,44,400,628.0,251200.0
2020-02-19,2020021901006229,SHIVM,34,44,100,628.0,62800.0
2020-02-19,2020021901006228,SHIVM,34,44,800,628.0,502400.0
2020-02-19,2020021901006227,SHIVM,34,38,400,628.0,251200.0
2020-02-19,2020021901006173,SHIVM,21,1,40,625.0,25000.0
2020-02-19,2020021901006172,SHIVM,36,1,10,625.0,6250.0
2020-02-19,2020021901006226,SHIVM,34,8,50,628.0,31400.0
2020-02-19,2020021901006225,SHIVM,34,55,50,628.0,31400.0
2020-02-19,2020021901006224,SHIVM,34,42,50,628.0,31400.0
2020-02-19,2020021901006223,SHIVM,34,42,50,628.0,31400.0
2020-02-19,2020021901006222,SHIVM,34,55,100,627.0,62700.0
2020-02-19,2020021901006200,SHIVM,21,1,50,625.0,31250.0
2020-02-19,2020021901006467,SHPC,1,58,1857,230.0,427110.0
2020-02-19,2020021901006079,SIC,57,45,10,784.0,7840.0
2020-02-19,2020021901006078,SIC,57,42,100,784.0,78400.0
2020-02-19,2020021901006542,SICL,44,58,200,1239.0,247800.0
2020-02-19,2020021901006505,SICL,44,58,100,1239.0,123900.0
2020-02-19,2020021901006077,SICL,50,11,100,1235.0,123500.0
2020-02-19,2020021901006400,SICL,21,16,75,1236.0,92700.0
2020-02-19,2020021901006349,SICL,50,37,129,1235.0,159315.0
2020-02-19,2020021901006410,SICL,45,32,60,1240.0,74400.0
2020-02-19,2020021901006489,SIL,10,33,500,588.0,294000.0
2020-02-19,2020021901006473,SIL,10,14,300,587.0,176100.0
2020-02-19,2020021901006472,SIL,10,14,450,587.0,264150.0
2020-02-19,2020021901006423,SIL,10,52,200,586.0,117200.0
2020-02-19,2020021901006510,SINDU,45,34,30,138.0,4140.0
2020-02-19,2020021901006214,SINDU,45,41,500,137.0,68500.0
2020-02-19,2020021901006213,SINDU,45,41,500,137.0,68500.0
2020-02-19,2020021901006538,SJCL,5,41,10,157.0,1570.0
2020-02-19,2020021901006345,SJCL,5,28,20,157.0,3140.0
2020-02-19,2020021901006100,SJCL,5,28,10,157.0,1570.0
2020-02-19,2020021901006508,SKBBL,59,41,50,1249.0,62450.0
2020-02-19,2020021901006507,SKBBL,59,14,200,1240.0,248000.0
2020-02-19,2020021901006506,SKBBL,59,43,26,1240.0,32240.0
2020-02-19,2020021901006470,SKBBL,43,39,50,1233.0,61650.0
2020-02-19,2020021901006469,SKBBL,43,49,200,1230.0,246000.0
2020-02-19,2020021901006415,SKBBL,59,39,692,1233.0,853236.0
2020-02-19,2020021901006243,SKBBL,6,39,1000,1230.0,1230000.0
2020-02-19,2020021901006355,SKBBL,59,32,661,1238.0,818318.0
2020-02-19,2020021901006354,SKBBL,59,14,700,1235.0,864500.0
2020-02-19,2020021901006353,SKBBL,59,35,500,1234.0,617000.0
2020-02-19,2020021901006323,SKBBL,6,14,200,1235.0,247000.0
2020-02-19,2020021901006293,SKBBL,6,14,200,1235.0,247000.0
2020-02-19,2020021901006292,SKBBL,6,45,100,1234.0,123400.0
2020-02-19,2020021901006414,SKBBL,59,49,50,1230.0,61500.0
2020-02-19,2020021901006395,SKBBL,41,49,200,1220.0,244000.0
2020-02-19,2020021901006394,SKBBL,7,49,50,1220.0,61000.0
2020-02-19,2020021901006375,SKBBL,49,39,258,1233.0,318114.0
2020-02-19,2020021901006357,SKBBL,59,43,14,1240.0,17360.0
2020-02-19,2020021901006356,SKBBL,59,39,125,1239.0,154875.0
2020-02-19,2020021901006263,SLBBL,14,59,100,986.0,98600.0
2020-02-19,2020021901006155,SLBBL,57,48,152,984.0,149568.0
2020-02-19,2020021901006154,SLBBL,57,28,50,984.0,49200.0
2020-02-19,2020021901006147,SLBBL,51,43,100,982.0,98200.0
2020-02-19,2020021901006091,SLBBL,53,48,90,980.0,88200.0
2020-02-19,2020021901006090,SLBBL,53,44,50,980.0,49000.0
2020-02-19,2020021901006198,SLBBL,14,58,100,985.0,98500.0
2020-02-19,2020021901006197,SLBBL,14,48,200,985.0,197000.0
2020-02-19,2020021901006157,SLBBL,57,45,298,985.0,293530.0
2020-02-19,2020021901006156,SLBBL,57,25,500,985.0,492500.0
2020-02-19,2020021901006176,SLBSL,34,26,20,989.0,19780.0
2020-02-19,2020021901006135,SLBSL,34,37,90,989.0,89010.0
2020-02-19,2020021901006101,SLBSL,34,37,300,989.0,296700.0
2020-02-19,2020021901006064,SLBSL,34,37,60,989.0,59340.0
2020-02-19,2020021901006543,SLICL,28,34,400,495.0,198000.0
2020-02-19,2020021901006527,SLICL,14,33,200,495.0,99000.0
2020-02-19,2020021901006479,SLICL,42,44,400,494.0,197600.0
2020-02-19,2020021901006471,SLICL,45,44,100,494.0,49400.0
2020-02-19,2020021901006274,SLICL,45,44,500,494.0,247000.0
2020-02-19,2020021901006413,SMATA,34,18,200,840.0,168000.0
2020-02-19,2020021901006370,SMATA,34,34,100,840.0,84000.0
2020-02-19,2020021901006369,SMATA,34,18,200,840.0,168000.0
2020-02-19,2020021901006368,SMATA,34,39,180,840.0,151200.0
2020-02-19,2020021901006367,SMATA,34,22,70,839.0,58730.0
2020-02-19,2020021901006366,SMATA,34,16,10,839.0,8390.0
2020-02-19,2020021901006365,SMATA,34,45,90,835.0,75150.0
2020-02-19,2020021901006364,SMATA,34,7,100,835.0,83500.0
2020-02-19,2020021901006363,SMATA,34,6,40,835.0,33400.0
2020-02-19,2020021901006062,SMB,22,7,10,1040.0,10400.0
2020-02-19,2020021901006060,SMFBS,49,45,10,1150.0,11500.0
2020-02-19,2020021901006546,SPARS,47,29,100,955.0,95500.0
2020-02-19,2020021901006439,SRBL,48,17,379,255.0,96645.0
2020-02-19,2020021901006438,SRBL,4,17,621,255.0,158355.0
2020-02-19,2020021901006504,SWBBL,14,14,180,1352.0,243360.0
2020-02-19,2020021901006503,SWBBL,22,14,20,1352.0,27040.0
2020-02-19,2020021901006425,SWBBL,43,55,50,1353.0,67650.0
2020-02-19,2020021901006337,UIC,26,6,100,442.0,44200.0
2020-02-19,2020021901006462,UPPER,19,32,50,239.0,11950.0
2020-02-19,2020021901006420,UPPER,19,55,50,239.0,11950.0
2020-02-19,2020021901006351,UPPER,19,28,52,239.0,12428.0
2020-02-19,2020021901006175,UPPER,19,57,50,239.0,11950.0
2020-02-19,2020021901006174,UPPER,19,14,30,239.0,7170.0
2020-02-19,2020021901006398,WOMI,59,17,100,1115.0,111500.0
2020-02-19,2020021901006344,WOMI,38,38,423,1111.0,469953.0
2020-02-19,2020021901013156,ADBL,29,42,68,395.0,26860.0
2020-02-19,2020021901013155,ADBL,35,45,100,396.0,39600.0
2020-02-19,2020021901013132,AHPC,41,22,110,98.0,10780.0
2020-02-19,2020021901013318,AKPL,58,50,1009,135.0,136215.0
2020-02-19,2020021901013272,AKPL,58,25,500,135.0,67500.0
2020-02-19,2020021901013229,AKPL,58,48,111,135.0,14985.0
2020-02-19,2020021901013228,AKPL,38,48,500,135.0,67500.0
2020-02-19,2020021901013227,AKPL,36,48,389,135.0,52515.0
2020-02-19,2020021901013463,ALBSL,1,44,10,850.0,8500.0
2020-02-19,2020021901013319,ALBSL,1,14,90,850.0,76500.0
2020-02-19,2020021901013509,ALICL,59,16,120,630.0,75600.0
2020-02-19,2020021901013508,ALICL,20,16,200,630.0,126000.0
2020-02-19,2020021901013507,ALICL,33,16,300,630.0,189000.0
2020-02-19,2020021901013506,ALICL,38,16,200,631.0,126200.0
2020-02-19,2020021901013505,ALICL,57,16,100,631.0,63100.0
2020-02-19,2020021901013270,ALICL,36,6,100,632.0,63200.0
2020-02-19,2020021901013349,API,58,29,1709,135.0,230715.0
2020-02-19,2020021901013348,API,17,29,500,136.0,68000.0
2020-02-19,2020021901013347,API,49,29,500,136.0,68000.0
2020-02-19,2020021901013346,API,38,29,100,136.0,13600.0
2020-02-19,2020021901013345,API,44,29,25,136.0,3400.0
2020-02-19,2020021901013344,API,28,29,1000,136.0,136000.0
2020-02-19,2020021901013343,API,34,29,166,136.0,22576.0
2020-02-19,2020021901013126,BNT,50,17,10,7727.0,77270.0
2020-02-19,2020021901013312,BOKL,19,18,300,238.0,71400.0
2020-02-19,2020021901013307,BOKL,19,33,50,237.0,11850.0
2020-02-19,2020021901013202,BOKL,19,42,168,237.0,39816.0
2020-02-19,2020021901013260,BPCL,42,50,150,361.0,54150.0
2020-02-19,2020021901013143,CBBL,41,59,30,1129.0,33870.0
2020-02-19,2020021901013142,CBBL,26,59,30,1130.0,33900.0
2020-02-19,2020021901013141,CBBL,22,59,100,1130.0,113000.0
2020-02-19,2020021901013140,CBBL,16,59,20,1130.0,22600.0
2020-02-19,2020021901013311,CBL,29,25,200,153.0,30600.0
2020-02-19,2020021901013441,CCBL,29,33,42,185.0,7770.0
2020-02-19,2020021901013239,CCBL,55,39,246,184.0,45264.0
2020-02-19,2020021901013066,CCBL,55,36,100,184.0,18400.0
2020-02-19,2020021901013444,CHCL,6,50,200,430.0,86000.0
2020-02-19,2020021901013250,CIT,58,53,50,2805.0,140250.0
2020-02-19,2020021901013242,CIT,58,10,117,2805.0,328185.0
2020-02-19,2020021901013174,CIT,58,46,115,2805.0,322575.0
2020-02-19,2020021901013173,CIT,34,46,100,2806.0,280600.0
2020-02-19,2020021901013152,CZBIL,17,42,1142,198.0,226116.0
2020-02-19,2020021901013151,CZBIL,34,42,25,198.0,4950.0
2020-02-19,2020021901013487,DDBL,50,44,200,919.0,183800.0
2020-02-19,2020021901013325,DDBL,4,47,135,920.0,124200.0
2020-02-19,2020021901013324,DDBL,4,47,100,920.0,92000.0
2020-02-19,2020021901013323,DDBL,4,45,15,920.0,13800.0
2020-02-19,2020021901013322,DDBL,4,19,50,920.0,46000.0
2020-02-19,2020021901013294,DDBL,25,59,25,919.0,22975.0
2020-02-19,2020021901013293,DDBL,25,1,500,919.0,459500.0
2020-02-19,2020021901013292,DDBL,25,36,100,919.0,91900.0
2020-02-19,2020021901013291,DDBL,25,43,280,919.0,257320.0
2020-02-19,2020021901013246,DDBL,38,43,200,919.0,183800.0
2020-02-19,2020021901013197,DDBL,39,43,20,919.0,18380.0
2020-02-19,2020021901013458,EBL,26,43,100,665.0,66500.0
2020-02-19,2020021901013420,EBL,6,43,200,665.0,133000.0
2020-02-19,2020021901013326,EIC,25,6,250,446.0,111500.0
2020-02-19,2020021901013145,EIC,19,38,120,447.0,53640.0
2020-02-19,2020021901013144,EIC,19,39,50,447.0,22350.0
2020-02-19,2020021901013056,EIC,19,35,30,446.0,13380.0
2020-02-19,2020021901013482,FMDBL,56,33,200,507.0,101400.0
2020-02-19,2020021901013427,FMDBL,58,33,100,507.0,50700.0
2020-02-19,2020021901013426,FMDBL,58,53,500,506.0,253000.0
2020-02-19,2020021901013425,FMDBL,58,42,100,506.0,50600.0
2020-02-19,2020021901013399,FMDBL,57,1,100,505.0,50500.0
2020-02-19,2020021901013397,FMDBL,36,42,40,505.0,20200.0
2020-02-19,2020021901013169,FMDBL,56,26,50,505.0,25250.0
2020-02-19,2020021901013083,FMDBL,58,26,50,505.0,25250.0
2020-02-19,2020021901013055,FMDBL,56,21,20,503.0,10060.0
2020-02-19,2020021901013391,FMDBL,36,33,56,505.0,28280.0
2020-02-19,2020021901013383,FMDBL,13,39,500,505.0,252500.0
2020-02-19,2020021901013245,FMDBL,56,33,300,505.0,151500.0
2020-02-19,2020021901013196,FMDBL,56,33,114,505.0,57570.0
2020-02-19,2020021901013185,FMDBL,56,42,36,505.0,18180.0
2020-02-19,2020021901013170,FMDBL,56,6,200,505.0,101000.0
2020-02-19,2020021901013520,FOWAD,29,58,10,1620.0,16200.0
2020-02-19,2020021901013327,FOWAD,17,46,50,1625.0,81250.0
2020-02-19,2020021901013105,FOWAD,43,48,54,1630.0,88020.0
2020-02-19,2020021901013104,FOWAD,43,6,68,1625.0,110500.0
2020-02-19,2020021901013103,FOWAD,43,28,100,1624.0,162400.0
2020-02-19,2020021901013493,GBIME,55,18,200,285.0,57000.0
2020-02-19,2020021901013492,GBIME,55,14,100,285.0,28500.0
2020-02-19,2020021901013460,GBIME,35,14,428,284.0,121552.0
2020-02-19,2020021901013459,GBIME,34,14,100,284.0,28400.0
2020-02-19,2020021901013249,GBIME,35,39,891,284.0,253044.0
2020-02-19,2020021901013167,GBIME,56,39,100,284.0,28400.0
2020-02-19,2020021901013166,GBIME,42,39,24,284.0,6816.0
2020-02-19,2020021901013165,GBIME,51,39,500,284.0,142000.0
2020-02-19,2020021901013164,GBIME,33,39,485,284.0,137740.0
2020-02-19,2020021901013094,GBIME,36,14,200,285.0,57000.0
2020-02-19,2020021901013407,GBLBS,17,44,45,529.0,23805.0
2020-02-19,2020021901013381,GBLBS,36,44,100,529.0,52900.0
2020-02-19,2020021901013334,GBLBS,17,45,15,528.0,7920.0
2020-02-19,2020021901013125,GBLBS,19,42,290,530.0,153700.0
2020-02-19,2020021901013119,GBLBS,44,42,50,530.0,26500.0
2020-02-19,2020021901013087,GBLBS,19,6,10,529.0,5290.0
2020-02-19,2020021901013222,GILB,51,36,150,1445.0,216750.0
2020-02-19,2020021901013154,GILB,34,36,50,1445.0,72250.0
2020-02-19,2020021901013442,GLBSL,34,45,200,819.0,163800.0
2020-02-19,2020021901013355,GLBSL,39,38,120,808.0,96960.0
2020-02-19,2020021901013184,GLBSL,58,38,100,810.0,81000.0
2020-02-19,2020021901013365,GLICL,43,55,80,813.0,65040.0
2020-02-19,2020021901013317,GLICL,43,40,20,813.0,16260.0
2020-02-19,2020021901013411,GMFBS,26,28,170,1000.0,170000.0
2020-02-19,2020021901013410,GMFBS,36,28,30,1000.0,30000.0
2020-02-19,2020021901013075,GMFBS,41,58,10,1005.0,10050.0
2020-02-19,2020021901013255,HBL,50,43,552,575.0,317400.0
2020-02-19,2020021901013254,HBL,55,43,20,575.0,11500.0
2020-02-19,2020021901013253,HBL,55,43,50,575.0,28750.0
2020-02-19,2020021901013252,HBL,35,43,378,575.0,217350.0
2020-02-19,2020021901013553,HDL,40,36,20,1547.0,30940.0
2020-02-19,2020021901013454,HDL,53,38,100,1545.0,154500.0
2020-02-19,2020021901013453,HDL,53,25,100,1545.0,154500.0
2020-02-19,2020021901013447,HDL,39,6,90,1540.0,138600.0
2020-02-19,2020021901013446,HDL,39,4,150,1540.0,231000.0
2020-02-19,2020021901013428,HDL,25,4,50,1540.0,77000.0
2020-02-19,2020021901013102,HDL,17,50,25,1540.0,38500.0
2020-02-19,2020021901013065,HDL,39,4,20,1526.0,30520.0
2020-02-19,2020021901013409,HDL,56,44,130,1540.0,200200.0
2020-02-19,2020021901013385,HDL,47,44,50,1540.0,77000.0
2020-02-19,2020021901013375,HDL,19,44,50,1540.0,77000.0
2020-02-19,2020021901013368,HDL,42,44,300,1540.0,462000.0
2020-02-19,2020021901013149,HDL,19,44,55,1540.0,84700.0
2020-02-19,2020021901013148,HDL,19,50,945,1540.0,1455300.0
2020-02-19,2020021901013256,HGI,16,21,500,444.0,222000.0
2020-02-19,2020021901013201,HGI,42,29,50,442.0,22100.0
2020-02-19,2020021901013062,HGI,53,16,250,443.0,110750.0
2020-02-19,2020021901013525,IGI,13,17,15,477.0,7155.0
2020-02-19,2020021901013455,IGI,59,17,50,477.0,23850.0
2020-02-19,2020021901013216,IGI,34,46,100,476.0,47600.0
2020-02-19,2020021901013541,ILBS,39,48,100,945.0,94500.0
2020-02-19,2020021901013540,ILBS,39,21,50,945.0,47250.0
2020-02-19,2020021901013539,ILBS,39,38,200,945.0,189000.0
2020-02-19,2020021901013538,ILBS,39,35,10,943.0,9430.0
2020-02-19,2020021901013537,ILBS,39,34,10,943.0,9430.0
2020-02-19,2020021901013536,ILBS,39,25,50,943.0,47150.0
2020-02-19,2020021901013529,ILBS,39,6,190,941.0,178790.0
2020-02-19,2020021901013528,ILBS,39,34,100,941.0,94100.0
2020-02-19,2020021901013527,ILBS,39,35,200,940.0,188000.0
2020-02-19,2020021901013526,ILBS,39,35,40,940.0,37600.0
2020-02-19,2020021901013114,ILBS,51,58,10,933.0,9330.0
2020-02-19,2020021901013535,ILBS,39,56,35,943.0,33005.0
2020-02-19,2020021901013534,ILBS,39,14,100,943.0,94300.0
2020-02-19,2020021901013533,ILBS,39,41,70,943.0,66010.0
2020-02-19,2020021901013532,ILBS,39,39,100,942.0,94200.0
2020-02-19,2020021901013531,ILBS,39,39,100,942.0,94200.0
2020-02-19,2020021901013530,ILBS,39,45,200,942.0,188400.0
2020-02-19,2020021901013100,JBBL,16,37,60,192.0,11520.0
2020-02-19,2020021901013093,JBBL,16,45,569,192.0,109248.0
2020-02-19,2020021901013092,JBBL,16,6,194,192.0,37248.0
2020-02-19,2020021901013091,JBBL,16,45,54,192.0,10368.0
2020-02-19,2020021901013090,JBBL,16,43,47,192.0,9024.0
2020-02-19,2020021901013180,JSLBB,16,50,400,1840.0,736000.0
2020-02-19,2020021901013179,JSLBB,49,50,100,1840.0,184000.0
2020-02-19,2020021901013178,JSLBB,34,50,65,1841.0,119665.0
2020-02-19,2020021901013406,KBL,29,58,50,196.0,9800.0
2020-02-19,2020021901013361,KBL,38,58,500,196.0,98000.0
2020-02-19,2020021901013350,KBL,53,33,520,196.0,101920.0
2020-02-19,2020021901013059,KBL,34,33,480,196.0,94080.0
2020-02-19,2020021901013452,KKHC,42,40,10,53.0,530.0
2020-02-19,2020021901013552,LBBL,17,46,1000,196.0,196000.0
2020-02-19,2020021901013551,LBBL,17,43,681,196.0,133476.0
2020-02-19,2020021901013225,LBBL,36,45,85,195.0,16575.0
2020-02-19,2020021901013057,LBL,44,43,1000,230.0,230000.0
2020-02-19,2020021901013424,LICN,44,38,110,1390.0,152900.0
2020-02-19,2020021901013423,LICN,44,42,113,1390.0,157070.0
2020-02-19,2020021901013422,LICN,44,11,159,1390.0,221010.0
2020-02-19,2020021901013421,LICN,44,11,149,1390.0,207110.0
2020-02-19,2020021901013089,MBL,44,45,800,241.0,192800.0
2020-02-19,2020021901013088,MBL,44,49,200,240.0,48000.0
2020-02-19,2020021901013251,MDB,4,53,500,366.0,183000.0
2020-02-19,2020021901013081,MDB,4,56,300,366.0,109800.0
2020-02-19,2020021901013203,MEGA,32,58,1000,212.0,212000.0
2020-02-19,2020021901013162,MEGA,32,26,500,212.0,106000.0
2020-02-19,2020021901013437,MERO,58,38,200,692.0,138400.0
2020-02-19,2020021901013342,MERO,37,54,87,689.0,59943.0
2020-02-19,2020021901013341,MERO,59,54,88,689.0,60632.0
2020-02-19,2020021901013329,MERO,41,38,200,692.0,138400.0
2020-02-19,2020021901013147,MNBBL,47,57,25,331.0,8275.0
2020-02-19,2020021901013298,MPFL,6,33,10,123.0,1230.0
2020-02-19,2020021901013127,MPFL,6,33,10,123.0,1230.0
2020-02-19,2020021901013340,MSMBS,16,21,11,848.0,9328.0
2020-02-19,2020021901013339,MSMBS,16,21,11,848.0,9328.0
2020-02-19,2020021901013338,MSMBS,16,21,11,848.0,9328.0
2020-02-19,2020021901013337,MSMBS,16,21,11,848.0,9328.0
2020-02-19,2020021901013336,MSMBS,16,21,11,848.0,9328.0
2020-02-19,2020021901013335,MSMBS,16,34,44,848.0,37312.0
2020-02-19,2020021901013199,MSMBS,45,29,100,845.0,84500.0
2020-02-19,2020021901013198,MSMBS,45,54,50,845.0,42250.0
2020-02-19,2020021901013177,MSMBS,32,1,50,842.0,42100.0
2020-02-19,2020021901013176,MSMBS,32,6,140,840.0,117600.0
2020-02-19,2020021901013175,MSMBS,32,25,100,840.0,84000.0
2020-02-19,2020021901013138,NABIL,26,55,100,750.0,75000.0
2020-02-19,2020021901013305,NBB,32,42,685,212.0,145220.0
2020-02-19,2020021901013304,NBB,32,51,118,212.0,25016.0
2020-02-19,2020021901013303,NBB,32,18,1000,212.0,212000.0
2020-02-19,2020021901013302,NBB,32,39,601,212.0,127412.0
2020-02-19,2020021901013396,NBL,46,38,151,271.0,40921.0
2020-02-19,2020021901013395,NBL,56,38,758,271.0,205418.0
2020-02-19,2020021901013394,NBL,33,38,205,272.0,55760.0
2020-02-19,2020021901013284,NCCB,57,11,30,195.0,5850.0
2020-02-19,2020021901013269,NCCB,57,36,614,195.0,119730.0
2020-02-19,2020021901013268,NCCB,42,36,286,195.0,55770.0
2020-02-19,2020021901013514,NGPL,26,55,200,138.0,27600.0
2020-02-19,2020021901013513,NGPL,58,55,200,138.0,27600.0
2020-02-19,2020021901013512,NGPL,25,55,100,138.0,13800.0
2020-02-19,2020021901013443,NGPL,42,7,500,139.0,69500.0
2020-02-19,2020021901013098,NHPC,56,36,150,58.0,8700.0
2020-02-19,2020021901013097,NHPC,38,36,500,58.0,29000.0
2020-02-19,2020021901013483,NIB,8,49,400,386.0,154400.0
2020-02-19,2020021901013172,NIB,26,49,200,386.0,77200.0
2020-02-19,2020021901013086,NIB,42,55,36,385.0,13860.0
2020-02-19,2020021901013085,NIB,57,55,12,385.0,4620.0
2020-02-19,2020021901013502,NIBPO,6,4,2000,338.0,676000.0
2020-02-19,2020021901013321,NIBPO,59,35,500,338.0,169000.0
2020-02-19,2020021901013523,NICA,14,32,825,546.0,450450.0
2020-02-19,2020021901013522,NICA,42,32,200,547.0,109400.0
2020-02-19,2020021901013521,NICA,33,32,845,547.0,462215.0
2020-02-19,2020021901013431,NICA,18,32,30,548.0,16440.0
2020-02-19,2020021901013362,NICA,11,32,100,548.0,54800.0
2020-02-19,2020021901013183,NICA,33,47,155,547.0,84785.0
2020-02-19,2020021901013111,NICA,34,47,845,547.0,462215.0
2020-02-19,2020021901013106,NICA,34,4,2000,547.0,1094000.0
2020-02-19,2020021901013080,NICA,34,55,155,547.0,84785.0
2020-02-19,2020021901013221,NICL,38,17,50,468.0,23400.0
2020-02-19,2020021901013462,NIL,18,20,40,608.0,24320.0
2020-02-19,2020021901013461,NIL,20,20,160,608.0,97280.0
2020-02-19,2020021901013392,NIL,56,54,100,609.0,60900.0
2020-02-19,2020021901013374,NIL,28,13,130,610.0,79300.0
2020-02-19,2020021901013353,NIL,48,13,584,610.0,356240.0
2020-02-19,2020021901013352,NIL,48,10,200,610.0,122000.0
2020-02-19,2020021901013351,NIL,48,10,216,610.0,131760.0
2020-02-19,2020021901013310,NIL,18,41,88,609.0,53592.0
2020-02-19,2020021901013299,NIL,56,41,40,609.0,24360.0
2020-02-19,2020021901013248,NIL,25,41,100,609.0,60900.0
2020-02-19,2020021901013124,NIL,20,46,40,608.0,24320.0
2020-02-19,2020021901013123,NIL,39,46,460,608.0,279680.0
2020-02-19,2020021901013137,NLBBL,51,26,157,860.0,135020.0
2020-02-19,2020021901013136,NLBBL,51,26,50,860.0,43000.0
2020-02-19,2020021901013135,NLBBL,51,43,150,860.0,129000.0
2020-02-19,2020021901013134,NLBBL,51,14,30,860.0,25800.0
2020-02-19,2020021901013133,NLBBL,51,45,82,859.0,70438.0
2020-02-19,2020021901013370,NLG,54,11,60,722.0,43320.0
2020-02-19,2020021901013290,NLG,34,26,43,725.0,31175.0
2020-02-19,2020021901013289,NLG,34,35,95,725.0,68875.0
2020-02-19,2020021901013288,NLG,34,19,50,725.0,36250.0
2020-02-19,2020021901013287,NLG,34,26,52,725.0,37700.0
2020-02-19,2020021901013286,NLG,34,41,60,725.0,43500.0
2020-02-19,2020021901013498,NLIC,39,38,110,1188.0,130680.0
2020-02-19,2020021901013497,NLIC,39,42,100,1188.0,118800.0
2020-02-19,2020021901013496,NLIC,39,8,150,1188.0,178200.0
2020-02-19,2020021901013475,NLIC,53,40,12,1183.0,14196.0
2020-02-19,2020021901013474,NLIC,43,40,10,1184.0,11840.0
2020-02-19,2020021901013262,NLIC,59,8,50,1188.0,59400.0
2020-02-19,2020021901013118,NLIC,1,8,100,1188.0,118800.0
2020-02-19,2020021901013504,NMB,36,57,30,409.0,12270.0
2020-02-19,2020021901013503,NMB,36,49,470,409.0,192230.0
2020-02-19,2020021901013470,NMB,42,44,39,408.0,15912.0
2020-02-19,2020021901013469,NMB,25,44,200,408.0,81600.0
2020-02-19,2020021901013468,NMB,45,44,40,408.0,16320.0
2020-02-19,2020021901013467,NMB,19,44,200,408.0,81600.0
2020-02-19,2020021901013466,NMB,26,44,100,408.0,40800.0
2020-02-19,2020021901013465,NMB,25,44,234,408.0,95472.0
2020-02-19,2020021901013331,NMB,25,26,100,408.0,40800.0
2020-02-19,2020021901013241,NMB,25,49,100,409.0,40900.0
2020-02-19,2020021901013240,NMB,42,49,430,409.0,175870.0
2020-02-19,2020021901013191,NMB,42,42,40,409.0,16360.0
2020-02-19,2020021901013471,NMFBS,33,17,15,1800.0,27000.0
2020-02-19,2020021901013099,NSEWA,58,11,50,830.0,41500.0
2020-02-19,2020021901013244,NTC,59,45,10,624.0,6240.0
2020-02-19,2020021901013243,NTC,59,11,50,620.0,31000.0
2020-02-19,2020021901013208,NTC,43,39,25,619.0,15475.0
2020-02-19,2020021901013190,NTC,25,11,50,620.0,31000.0
2020-02-19,2020021901013161,NTC,25,11,300,620.0,186000.0
2020-02-19,2020021901013214,NTC,17,39,695,617.0,428815.0
2020-02-19,2020021901013213,NTC,59,39,200,617.0,123400.0
2020-02-19,2020021901013212,NTC,58,39,50,617.0,30850.0
2020-02-19,2020021901013211,NTC,14,39,50,618.0,30900.0
2020-02-19,2020021901013210,NTC,55,39,400,618.0,247200.0
2020-02-19,2020021901013209,NTC,4,39,10,618.0,6180.0
2020-02-19,2020021901013380,NUBL,34,59,100,1065.0,106500.0
2020-02-19,2020021901013379,NUBL,34,56,36,1064.0,38304.0
2020-02-19,2020021901013309,NUBL,50,41,500,1063.0,531500.0
2020-02-19,2020021901013308,NUBL,50,44,309,1061.0,327849.0
2020-02-19,2020021901013131,NUBL,45,44,90,1061.0,95490.0
2020-02-19,2020021901013130,NUBL,45,19,10,1060.0,10600.0
2020-02-19,2020021901013367,PCBL,21,41,165,287.0,47355.0
2020-02-19,2020021901013366,PCBL,21,16,335,287.0,96145.0
2020-02-19,2020021901013107,PCBL,17,16,200,287.0,57400.0
2020-02-19,2020021901013544,PFL,14,40,26,159.0,4134.0
2020-02-19,2020021901013548,PIC,6,25,27,645.0,17415.0
2020-02-19,2020021901013372,PIC,29,25,500,644.0,322000.0
2020-02-19,2020021901013285,PIC,35,25,100,645.0,64500.0
2020-02-19,2020021901013276,PIC,45,25,763,645.0,492135.0
2020-02-19,2020021901013220,PIC,45,41,237,645.0,152865.0
2020-02-19,2020021901013219,PIC,17,41,50,645.0,32250.0
2020-02-19,2020021901013218,PIC,57,41,50,645.0,32250.0
2020-02-19,2020021901013217,PIC,57,41,163,645.0,105135.0
2020-02-19,2020021901013069,PIC,57,38,310,645.0,199950.0
2020-02-19,2020021901013068,PIC,16,38,300,645.0,193500.0
2020-02-19,2020021901013067,PIC,4,38,130,646.0,83980.0
2020-02-19,2020021901013457,PICL,26,38,50,522.0,26100.0
2020-02-19,2020021901013113,PICL,26,16,40,522.0,20880.0
2020-02-19,2020021901013282,PLIC,14,17,46,616.0,28336.0
2020-02-19,2020021901013281,PLIC,14,35,354,616.0,218064.0
2020-02-19,2020021901013511,PRIN,28,35,100,494.0,49400.0
2020-02-19,2020021901013510,PRIN,28,50,500,494.0,247000.0
2020-02-19,2020021901013096,PRVU,37,26,30,250.0,7500.0
2020-02-19,2020021901013060,RBCL,42,49,10,11020.0,110200.0
2020-02-19,2020021901013233,RBCLPO,43,42,30,9350.0,280500.0
2020-02-19,2020021901013139,RHPL,5,16,40,166.0,6640.0
2020-02-19,2020021901013120,RHPL,5,16,40,166.0,6640.0
2020-02-19,2020021901013058,RHPL,5,16,40,166.0,6640.0
2020-02-19,2020021901013440,RMDC,5,36,65,772.0,50180.0
2020-02-19,2020021901013439,RMDC,6,36,50,778.0,38900.0
2020-02-19,2020021901013436,RMDC,6,6,450,778.0,350100.0
2020-02-19,2020021901013417,RMDC,6,6,50,778.0,38900.0
2020-02-19,2020021901013416,RMDC,6,26,200,778.0,155600.0
2020-02-19,2020021901013415,RMDC,6,43,250,778.0,194500.0
2020-02-19,2020021901013387,RMDC,13,1,50,777.0,38850.0
2020-02-19,2020021901013386,RMDC,13,45,250,777.0,194250.0
2020-02-19,2020021901013369,RMDC,6,11,150,775.0,116250.0
2020-02-19,2020021901013301,RSDC,58,46,50,508.0,25400.0
2020-02-19,2020021901013300,RSDC,58,16,50,507.0,25350.0
2020-02-19,2020021901013384,SANIMA,25,25,100,357.0,35700.0
2020-02-19,2020021901013206,SANIMA,28,59,841,358.0,301078.0
2020-02-19,2020021901013205,SANIMA,28,28,1359,357.0,485163.0
2020-02-19,2020021901013189,SANIMA,25,28,200,357.0,71400.0
2020-02-19,2020021901013188,SANIMA,26,28,500,357.0,178500.0
2020-02-19,2020021901013187,SANIMA,11,28,100,357.0,35700.0
2020-02-19,2020021901013186,SANIMA,49,28,41,357.0,14637.0
2020-02-19,2020021901013477,SBI,13,6,185,426.0,78810.0
2020-02-19,2020021901013515,SBL,33,6,1931,323.0,623713.0
2020-02-19,2020021901013382,SBL,22,6,450,324.0,145800.0
2020-02-19,2020021901013435,SCB,16,34,218,647.0,141046.0
2020-02-19,2020021901013434,SCB,55,34,300,647.0,194100.0
2020-02-19,2020021901013433,SCB,53,34,200,647.0,129400.0
2020-02-19,2020021901013432,SCB,33,34,218,648.0,141264.0
2020-02-19,2020021901013419,SCB,45,11,20,649.0,12980.0
2020-02-19,2020021901013418,SCB,6,11,200,649.0,129800.0
2020-02-19,2020021901013146,SDESI,45,40,20,989.0,19780.0
2020-02-19,2020021901013280,SFCL,20,34,200,108.0,21600.0
2020-02-19,2020021901013320,SHINE,17,41,80,298.0,23840.0
2020-02-19,2020021901013549,SHIVM,40,41,25,644.0,16100.0
2020-02-19,2020021901013547,SHIVM,33,46,15,645.0,9675.0
2020-02-19,2020021901013524,SHIVM,40,19,50,644.0,32200.0
2020-02-19,2020021901013499,SHIVM,40,41,50,644.0,32200.0
2020-02-19,2020021901013481,SHIVM,45,5,10,646.0,6460.0
2020-02-19,2020021901013480,SHIVM,41,5,10,646.0,6460.0
2020-02-19,2020021901013071,SHIVM,55,29,50,645.0,32250.0
2020-02-19,2020021901013070,SHIVM,55,39,680,645.0,438600.0
2020-02-19,2020021901013061,SHIVM,47,39,1000,645.0,645000.0
2020-02-19,2020021901013054,SHIVM,34,39,320,645.0,206400.0
2020-02-19,2020021901013078,SHIVM,5,20,50,645.0,32250.0
2020-02-19,2020021901013077,SHIVM,5,26,100,645.0,64500.0
2020-02-19,2020021901013076,SHIVM,5,43,480,645.0,309600.0
2020-02-19,2020021901013074,SHIVM,55,43,20,645.0,12900.0
2020-02-19,2020021901013073,SHIVM,55,25,200,645.0,129000.0
2020-02-19,2020021901013072,SHIVM,55,29,50,645.0,32250.0
2020-02-19,2020021901013128,SHIVM,25,34,500,645.0,322500.0
2020-02-19,2020021901013122,SHIVM,43,26,100,643.0,64300.0
2020-02-19,2020021901013121,SHIVM,25,42,2000,644.0,1288000.0
2020-02-19,2020021901013095,SHIVM,1,34,250,645.0,161250.0
2020-02-19,2020021901013082,SHIVM,25,34,200,645.0,129000.0
2020-02-19,2020021901013079,SHIVM,5,34,370,645.0,238650.0
2020-02-19,2020021901013181,SHIVM,53,44,50,645.0,32250.0
2020-02-19,2020021901013168,SHIVM,14,44,400,645.0,258000.0
2020-02-19,2020021901013160,SHIVM,48,44,50,645.0,32250.0
2020-02-19,2020021901013159,SHIVM,48,33,20,645.0,12900.0
2020-02-19,2020021901013158,SHIVM,48,29,50,645.0,32250.0
2020-02-19,2020021901013157,SHIVM,48,34,180,645.0,116100.0
2020-02-19,2020021901013204,SHIVM,5,38,130,646.0,83980.0
2020-02-19,2020021901013195,SHIVM,48,38,250,646.0,161500.0
2020-02-19,2020021901013194,SHIVM,48,21,100,645.0,64500.0
2020-02-19,2020021901013193,SHIVM,48,41,100,645.0,64500.0
2020-02-19,2020021901013192,SHIVM,48,28,50,645.0,32250.0
2020-02-19,2020021901013182,SHIVM,53,28,950,645.0,612750.0
2020-02-19,2020021901013247,SHIVM,34,29,500,647.0,323500.0
2020-02-19,2020021901013237,SHIVM,25,28,180,646.0,116280.0
2020-02-19,2020021901013236,SHIVM,25,28,820,646.0,529720.0
2020-02-19,2020021901013235,SHIVM,25,44,60,646.0,38760.0
2020-02-19,2020021901013234,SHIVM,25,38,120,646.0,77520.0
2020-02-19,2020021901013224,SHIVM,48,38,500,646.0,323000.0
2020-02-19,2020021901013333,SHIVM,40,10,10,644.0,6440.0
2020-02-19,2020021901013332,SHIVM,29,10,40,646.0,25840.0
2020-02-19,2020021901013283,SHIVM,29,17,10,646.0,6460.0
2020-02-19,2020021901013267,SHIVM,56,10,50,642.0,32100.0
2020-02-19,2020021901013261,SHIVM,56,17,10,646.0,6460.0
2020-02-19,2020021901013258,SHIVM,45,17,30,646.0,19380.0
2020-02-19,2020021901013430,SHIVM,56,48,10,647.0,6470.0
2020-02-19,2020021901013429,SHIVM,56,45,50,645.0,32250.0
2020-02-19,2020021901013408,SHIVM,40,10,50,644.0,32200.0
2020-02-19,2020021901013390,SIC,40,35,372,785.0,292020.0
2020-02-19,2020021901013550,SICL,56,58,500,1234.0,617000.0
2020-02-19,2020021901013516,SICL,28,58,100,1235.0,123500.0
2020-02-19,2020021901013448,SICL,39,58,500,1235.0,617500.0
2020-02-19,2020021901013115,SICL,44,6,30,1229.0,36870.0
2020-02-19,2020021901013112,SICL,16,58,50,1230.0,61500.0
2020-02-19,2020021901013064,SICL,44,58,470,1229.0,577630.0
2020-02-19,2020021901013063,SICL,40,58,30,1230.0,36900.0
2020-02-19,2020021901013257,SICL,34,58,100,1229.0,122900.0
2020-02-19,2020021901013226,SICL,38,58,450,1230.0,553500.0
2020-02-19,2020021901013150,SICL,38,6,81,1228.0,99468.0
2020-02-19,2020021901013117,SICL,28,6,50,1228.0,61400.0
2020-02-19,2020021901013116,SICL,28,6,61,1228.0,74908.0
2020-02-19,2020021901013501,SIL,44,20,20,587.0,11740.0
2020-02-19,2020021901013479,SIL,50,14,400,589.0,235600.0
2020-02-19,2020021901013478,SIL,50,21,200,588.0,117600.0
2020-02-19,2020021901013371,SIL,44,20,600,587.0,352200.0
2020-02-19,2020021901013354,SIL,44,20,627,587.0,368049.0
2020-02-19,2020021901013153,SJCL,22,16,20,155.0,3100.0
2020-02-19,2020021901013101,SJCL,22,16,20,155.0,3100.0
2020-02-19,2020021901013084,SJCL,22,16,20,155.0,3100.0
2020-02-19,2020021901013500,SKBBL,33,14,284,1270.0,360680.0
2020-02-19,2020021901013451,SKBBL,3,17,50,1272.0,63600.0
2020-02-19,2020021901013414,SKBBL,33,21,50,1270.0,63500.0
2020-02-19,2020021901013413,SKBBL,33,21,20,1270.0,25400.0
2020-02-19,2020021901013412,SKBBL,33,13,100,1270.0,127000.0
2020-02-19,2020021901013389,SKBBL,43,37,50,1269.0,63450.0
2020-02-19,2020021901013238,SKBBL,33,6,46,1260.0,57960.0
2020-02-19,2020021901013388,SKBBL,43,18,279,1269.0,354051.0
2020-02-19,2020021901013378,SKBBL,39,18,156,1269.0,197964.0
2020-02-19,2020021901013377,SKBBL,39,44,44,1268.0,55792.0
2020-02-19,2020021901013364,SKBBL,41,44,456,1268.0,578208.0
2020-02-19,2020021901013363,SKBBL,41,48,44,1268.0,55792.0
2020-02-19,2020021901013330,SKBBL,39,39,240,1266.0,303840.0
2020-02-19,2020021901013473,SLBBL,37,58,25,985.0,24625.0
2020-02-19,2020021901013472,SLBBL,37,19,175,983.0,172025.0
2020-02-19,2020021901013110,SLBBL,55,39,40,980.0,39200.0
2020-02-19,2020021901013109,SLBBL,55,57,50,980.0,49000.0
2020-02-19,2020021901013108,SLBBL,55,5,10,980.0,9800.0
2020-02-19,2020021901013207,SLICL,22,44,80,496.0,39680.0
2020-02-19,2020021901013129,SLICL,51,57,100,497.0,49700.0
2020-02-19,2020021901013486,SMATA,34,51,164,872.0,143008.0
2020-02-19,2020021901013485,SMATA,34,43,36,872.0,31392.0
2020-02-19,2020021901013476,SMATA,50,43,14,872.0,12208.0
2020-02-19,2020021901013297,SMATA,21,25,100,870.0,87000.0
2020-02-19,2020021901013296,SMATA,21,42,58,870.0,50460.0
2020-02-19,2020021901013295,SMATA,21,46,90,870.0,78300.0
2020-02-19,2020021901013275,SMATA,41,46,10,870.0,8700.0
2020-02-19,2020021901013274,SMATA,41,42,50,870.0,43500.0
2020-02-19,2020021901013273,SMATA,41,51,20,868.0,17360.0
2020-02-19,2020021901013264,SMATA,41,1,20,867.0,17340.0
2020-02-19,2020021901013223,SMATA,50,34,50,866.0,43300.0
2020-02-19,2020021901013163,SMATA,50,14,100,866.0,86600.0
2020-02-19,2020021901013491,SMB,38,39,10,1039.0,10390.0
2020-02-19,2020021901013456,SMB,38,49,10,1038.0,10380.0
2020-02-19,2020021901013405,SPARS,34,47,150,989.0,148350.0
2020-02-19,2020021901013404,SPARS,34,28,40,989.0,39560.0
2020-02-19,2020021901013403,SPARS,34,25,10,989.0,9890.0
2020-02-19,2020021901013402,SPARS,34,38,10,989.0,9890.0
2020-02-19,2020021901013401,SPARS,34,55,90,984.0,88560.0
2020-02-19,2020021901013400,SPARS,34,45,200,979.0,195800.0
2020-02-19,2020021901013315,SPARS,34,39,10,965.0,9650.0
2020-02-19,2020021901013314,SPARS,34,45,50,965.0,48250.0
2020-02-19,2020021901013313,SPARS,34,45,50,964.0,48200.0
2020-02-19,2020021901013398,SPARS,34,38,30,975.0,29250.0
2020-02-19,2020021901013360,SPARS,34,45,100,975.0,97500.0
2020-02-19,2020021901013359,SPARS,34,59,10,975.0,9750.0
2020-02-19,2020021901013358,SPARS,34,19,100,974.0,97400.0
2020-02-19,2020021901013357,SPARS,34,38,10,970.0,9700.0
2020-02-19,2020021901013356,SPARS,34,26,195,970.0,189150.0
2020-02-19,2020021901013519,SRBL,39,44,1000,255.0,255000.0
2020-02-19,2020021901013518,SRBL,4,44,2363,255.0,602565.0
2020-02-19,2020021901013517,SRBL,45,44,400,256.0,102400.0
2020-02-19,2020021901013445,SRBL,50,34,10,257.0,2570.0
2020-02-19,2020021901013306,STC,55,34,10,2815.0,28150.0
2020-02-19,2020021901013271,STC,55,42,10,2800.0,28000.0
2020-02-19,2020021901013259,STC,39,42,10,2800.0,28000.0
2020-02-19,2020021901013200,STC,25,28,150,2775.0,416250.0
2020-02-19,2020021901013546,SWBBL,51,21,50,1355.0,67750.0
2020-02-19,2020021901013545,SWBBL,51,49,277,1355.0,375335.0
2020-02-19,2020021901013542,UIC,25,17,125,440.0,55000.0
2020-02-19,2020021901013495,UIC,42,17,25,440.0,11000.0
2020-02-19,2020021901013494,UIC,22,17,100,440.0,44000.0
2020-02-19,2020021901013373,UIC,57,17,200,441.0,88200.0
2020-02-19,2020021901013543,UPCL,38,48,50,80.0,4000.0
2020-02-19,2020021901013484,UPCL,38,42,100,80.0,8000.0
2020-02-19,2020021901013266,UPCL,13,39,720,79.0,56880.0
2020-02-19,2020021901013265,UPCL,4,39,80,79.0,6320.0
2020-02-19,2020021901013263,UPCL,1,55,240,80.0,19200.0
2020-02-19,2020021901013464,UPPER,45,11,400,240.0,96000.0
2020-02-19,2020021901013438,UPPER,45,11,100,240.0,24000.0
2020-02-19,2020021901013450,VLBS,34,14,110,1175.0,129250.0
2020-02-19,2020021901013449,VLBS,34,14,250,1170.0,292500.0
2020-02-19,2020021901013376,VLBS,51,14,250,1170.0,292500.0
2020-02-19,2020021901013328,WOMI,57,45,300,1110.0,333000.0
2020-02-19,2020021901013316,WOMI,34,45,200,1110.0,222000.0
2020-02-19,2020021901013215,WOMI,50,58,100,1109.0,110900.0
2020-02-19,2020021901013171,WOMI,35,33,100,1108.0,110800.0
2020-02-19,2020021901002857,ADBL,58,49,300,398.0,119400.0
2020-02-19,2020021901002856,ADBL,58,14,178,398.0,70844.0
2020-02-19,2020021901002625,ADBL,42,14,74,398.0,29452.0
2020-02-19,2020021901002675,AKJCL,17,58,20,55.0,1100.0
2020-02-19,2020021901002674,AKJCL,10,58,30,55.0,1650.0
2020-02-19,2020021901002875,AKPL,19,13,200,137.0,27400.0
2020-02-19,2020021901002855,AKPL,19,13,300,137.0,41100.0
2020-02-19,2020021901002740,AKPL,26,13,500,137.0,68500.0
2020-02-19,2020021901002920,ALICL,47,35,200,634.0,126800.0
2020-02-19,2020021901002864,ALICL,36,35,430,634.0,272620.0
2020-02-19,2020021901002863,ALICL,36,21,20,634.0,12680.0
2020-02-19,2020021901002822,ALICL,36,35,550,634.0,348700.0
2020-02-19,2020021901002713,ALICL,38,35,200,634.0,126800.0
2020-02-19,2020021901002632,ALICL,34,35,100,634.0,63400.0
2020-02-19,2020021901002595,ALICL,41,35,50,634.0,31700.0
2020-02-19,2020021901002577,ALICL,34,16,490,632.0,309680.0
2020-02-19,2020021901002576,ALICL,14,16,10,632.0,6320.0
2020-02-19,2020021901003012,BFC,59,41,113,116.0,13108.0
2020-02-19,2020021901003011,BFC,59,36,200,116.0,23200.0
2020-02-19,2020021901002902,BFC,34,36,550,114.0,62700.0
2020-02-19,2020021901002901,BFC,34,36,500,114.0,57000.0
2020-02-19,2020021901002900,BFC,34,22,30,114.0,3420.0
2020-02-19,2020021901002899,BFC,34,39,400,114.0,45600.0
2020-02-19,2020021901002898,BFC,34,49,400,113.0,45200.0
2020-02-19,2020021901002897,BFC,34,38,100,110.0,11000.0
2020-02-19,2020021901002726,BFC,39,36,500,112.0,56000.0
2020-02-19,2020021901002725,BFC,39,52,50,112.0,5600.0
2020-02-19,2020021901002654,BFC,59,13,116,111.0,12876.0
2020-02-19,2020021901002883,BNT,7,51,10,7020.0,70200.0
2020-02-19,2020021901002877,BOKL,44,25,230,239.0,54970.0
2020-02-19,2020021901002637,BOKL,59,29,250,238.0,59500.0
2020-02-19,2020021901002636,BOKL,59,29,250,238.0,59500.0
2020-02-19,2020021901002570,BOKL,21,25,500,239.0,119500.0
2020-02-19,2020021901002839,BPCL,48,43,500,361.0,180500.0
2020-02-19,2020021901002809,BPCL,49,32,100,360.0,36000.0
2020-02-19,2020021901002808,BPCL,49,22,50,360.0,18000.0
2020-02-19,2020021901002804,BPCL,22,54,280,360.0,100800.0
2020-02-19,2020021901002803,BPCL,22,38,15,359.0,5385.0
2020-02-19,2020021901002596,BPCL,14,29,11,356.0,3916.0
2020-02-19,2020021901002953,CBBL,28,55,10,1110.0,11100.0
2020-02-19,2020021901002748,CBBL,11,19,10,1109.0,11090.0
2020-02-19,2020021901002667,CBBL,19,16,28,1108.0,31024.0
2020-02-19,2020021901002666,CBBL,19,16,22,1108.0,24376.0
2020-02-19,2020021901002665,CBBL,35,16,50,1108.0,55400.0
2020-02-19,2020021901002968,CBL,57,34,930,153.0,142290.0
2020-02-19,2020021901002967,CBL,16,34,937,154.0,144298.0
2020-02-19,2020021901002815,CBL,16,58,55,154.0,8470.0
2020-02-19,2020021901002752,CBL,16,38,200,154.0,30800.0
2020-02-19,2020021901002724,CBL,16,34,1500,154.0,231000.0
2020-02-19,2020021901002723,CBL,16,37,602,154.0,92708.0
2020-02-19,2020021901002722,CBL,16,13,1206,154.0,185724.0
2020-02-19,2020021901002721,CBL,16,45,1000,154.0,154000.0
2020-02-19,2020021901002720,CBL,16,25,500,154.0,77000.0
2020-02-19,2020021901002788,CCBL,21,33,50,187.0,9350.0
2020-02-19,2020021901002687,CCBL,21,47,12,187.0,2244.0
2020-02-19,2020021901002759,CHCL,50,53,10,429.0,4290.0
2020-02-19,2020021901002989,CIT,34,17,20,2744.0,54880.0
2020-02-19,2020021901002860,CIT,21,5,10,2745.0,27450.0
2020-02-19,2020021901002697,CIT,34,5,30,2745.0,82350.0
2020-02-19,2020021901002680,CIT,22,28,100,2750.0,275000.0
2020-02-19,2020021901002678,CIT,5,42,24,2735.0,65640.0
2020-02-19,2020021901002677,CIT,11,42,65,2735.0,177775.0
2020-02-19,2020021901002676,CIT,49,42,11,2735.0,30085.0
2020-02-19,2020021901002558,CIT,5,19,25,2749.0,68725.0
2020-02-19,2020021901002557,CIT,5,54,20,2748.0,54960.0
2020-02-19,2020021901002556,CIT,5,5,20,2740.0,54800.0
2020-02-19,2020021901002813,CMF1,43,55,500,9.55,4775.0
2020-02-19,2020021901002706,CMF1,26,42,100,9.37,937.0
2020-02-19,2020021901003031,CZBIL,46,39,200,199.0,39800.0
2020-02-19,2020021901003030,CZBIL,46,50,457,199.0,90943.0
2020-02-19,2020021901003010,CZBIL,46,50,443,199.0,88157.0
2020-02-19,2020021901003009,CZBIL,46,11,557,199.0,110843.0
2020-02-19,2020021901002951,CZBIL,20,46,10,198.0,1980.0
2020-02-19,2020021901002925,CZBIL,55,26,1000,198.0,198000.0
2020-02-19,2020021901002924,CZBIL,26,26,1000,198.0,198000.0
2020-02-19,2020021901002794,CZBIL,33,50,100,199.0,19900.0
2020-02-19,2020021901003023,DDBL,38,42,69,900.0,62100.0
2020-02-19,2020021901003022,DDBL,38,57,31,900.0,27900.0
2020-02-19,2020021901002810,DDBL,34,57,200,900.0,180000.0
2020-02-19,2020021901002642,DDBL,57,57,60,900.0,54000.0
2020-02-19,2020021901002641,DDBL,57,35,40,900.0,36000.0
2020-02-19,2020021901002640,DDBL,57,5,100,899.0,89900.0
2020-02-19,2020021901002945,DHPL,17,35,500,54.0,27000.0
2020-02-19,2020021901002992,EBL,35,34,40,667.0,26680.0
2020-02-19,2020021901002782,EIC,42,34,121,450.0,54450.0
2020-02-19,2020021901002781,EIC,42,45,79,450.0,35550.0
2020-02-19,2020021901002588,EIC,47,45,121,450.0,54450.0
2020-02-19,2020021901002587,EIC,47,44,120,449.0,53880.0
2020-02-19,2020021901002586,EIC,47,16,40,449.0,17960.0
2020-02-19,2020021901002585,EIC,47,5,29,447.0,12963.0
2020-02-19,2020021901002946,FMDBL,33,48,300,485.0,145500.0
2020-02-19,2020021901002796,FOWAD,34,35,20,1599.0,31980.0
2020-02-19,2020021901002753,FOWAD,34,46,100,1605.0,160500.0
2020-02-19,2020021901002747,FOWAD,34,33,100,1600.0,160000.0
2020-02-19,2020021901002746,FOWAD,34,39,49,1600.0,78400.0
2020-02-19,2020021901002614,FOWAD,38,53,130,1599.0,207870.0
2020-02-19,2020021901002566,FOWAD,38,39,140,1598.0,223720.0
2020-02-19,2020021901003042,GBBL,49,43,20,248.0,4960.0
2020-02-19,2020021901003037,GBBL,44,49,146,245.0,35770.0
2020-02-19,2020021901002922,GBBL,44,38,25,245.0,6125.0
2020-02-19,2020021901002814,GBBL,55,32,171,247.0,42237.0
2020-02-19,2020021901002807,GBBL,22,6,20,247.0,4940.0
2020-02-19,2020021901002669,GBBL,44,58,69,245.0,16905.0
2020-02-19,2020021901002619,GBBL,1,39,146,246.0,35916.0
2020-02-19,2020021901002950,GBIME,35,35,100,288.0,28800.0
2020-02-19,2020021901002949,GBIME,29,35,30,288.0,8640.0
2020-02-19,2020021901002948,GBIME,6,35,495,288.0,142560.0
2020-02-19,2020021901002896,GBIME,6,49,400,288.0,115200.0
2020-02-19,2020021901002853,GBIME,4,42,22,288.0,6336.0
2020-02-19,2020021901002851,GBIME,35,1,100,289.0,28900.0
2020-02-19,2020021901002776,GBIME,42,1,100,289.0,28900.0
2020-02-19,2020021901002775,GBIME,42,33,900,289.0,260100.0
2020-02-19,2020021901002757,GBIME,4,57,500,288.0,144000.0
2020-02-19,2020021901002756,GBIME,4,11,822,288.0,236736.0
2020-02-19,2020021901002755,GBIME,4,45,90,288.0,25920.0
2020-02-19,2020021901002754,GBIME,4,53,563,288.0,162144.0
2020-02-19,2020021901002963,GBLBS,38,45,200,507.0,101400.0
2020-02-19,2020021901002916,GBLBS,19,45,80,507.0,40560.0
2020-02-19,2020021901002915,GBLBS,19,41,20,507.0,10140.0
2020-02-19,2020021901002820,GBLBS,38,54,15,506.0,7590.0
2020-02-19,2020021901002819,GBLBS,38,54,15,506.0,7590.0
2020-02-19,2020021901002818,GBLBS,38,51,60,506.0,30360.0
2020-02-19,2020021901002715,GBLBS,16,44,185,505.0,93425.0
2020-02-19,2020021901002624,GBLBS,1,8,10,504.0,5040.0
2020-02-19,2020021901002792,GBLBS,52,51,440,506.0,222640.0
2020-02-19,2020021901002791,GBLBS,52,5,60,506.0,30360.0
2020-02-19,2020021901002779,GBLBS,52,44,200,506.0,101200.0
2020-02-19,2020021901002772,GBLBS,39,19,10,505.0,5050.0
2020-02-19,2020021901002771,GBLBS,39,44,615,505.0,310575.0
2020-02-19,2020021901002766,GBLBS,52,44,200,505.0,101000.0
2020-02-19,2020021901002894,GHL,34,14,30,71.0,2130.0
2020-02-19,2020021901002842,GILB,37,44,20,1415.0,28300.0
2020-02-19,2020021901002832,GILB,37,44,80,1415.0,113200.0
2020-02-19,2020021901002693,GILB,16,57,100,1415.0,141500.0
2020-02-19,2020021901002738,GLICL,37,56,100,817.0,81700.0
2020-02-19,2020021901002737,GLICL,21,56,100,817.0,81700.0
2020-02-19,2020021901002736,GLICL,51,56,66,817.0,53922.0
2020-02-19,2020021901002709,GMFBS,10,6,49,980.0,48020.0
2020-02-19,2020021901002708,GMFBS,10,49,10,980.0,9800.0
2020-02-19,2020021901003027,HBL,49,14,30,578.0,17340.0
2020-02-19,2020021901003026,HBL,49,52,100,578.0,57800.0
2020-02-19,2020021901003025,HBL,49,46,300,578.0,173400.0
2020-02-19,2020021901002991,HBL,59,34,100,575.0,57500.0
2020-02-19,2020021901002904,HBL,59,6,330,575.0,189750.0
2020-02-19,2020021901002903,HBL,49,6,170,575.0,97750.0
2020-02-19,2020021901002580,HBL,59,26,167,572.0,95524.0
2020-02-19,2020021901002638,HBL,5,46,200,578.0,115600.0
2020-02-19,2020021901002600,HBL,49,49,500,575.0,287500.0
2020-02-19,2020021901002599,HBL,49,49,500,574.0,287000.0
2020-02-19,2020021901002598,HBL,49,22,1000,573.0,573000.0
2020-02-19,2020021901002597,HBL,49,13,330,573.0,189090.0
2020-02-19,2020021901002581,HBL,59,55,100,572.0,57200.0
2020-02-19,2020021901003039,HDL,28,6,105,1434.0,150570.0
2020-02-19,2020021901003019,HDL,28,53,200,1434.0,286800.0
2020-02-19,2020021901003000,HDL,28,6,195,1434.0,279630.0
2020-02-19,2020021901002998,HDL,55,53,184,1433.0,263672.0
2020-02-19,2020021901002994,HDL,19,6,25,1434.0,35850.0
2020-02-19,2020021901002972,HDL,26,6,100,1434.0,143400.0
2020-02-19,2020021901002970,HDL,26,53,100,1434.0,143400.0
2020-02-19,2020021901002837,HDL,55,53,100,1440.0,144000.0
2020-02-19,2020021901002645,HDL,42,53,40,1447.0,57880.0
2020-02-19,2020021901002644,HDL,42,48,100,1447.0,144700.0
2020-02-19,2020021901002643,HDL,42,40,60,1447.0,86820.0
2020-02-19,2020021901002579,HDL,29,53,16,1448.0,23168.0
2020-02-19,2020021901003043,HGI,50,58,350,447.0,156450.0
2020-02-19,2020021901002965,HIDCL,50,46,55,137.0,7535.0
2020-02-19,2020021901002908,HPPL,26,14,10,151.0,1510.0
2020-02-19,2020021901002833,HURJA,3,22,20,106.0,2120.0
2020-02-19,2020021901002711,HURJA,3,22,20,106.0,2120.0
2020-02-19,2020021901002852,ILBS,6,52,10,925.0,9250.0
2020-02-19,2020021901002561,JBBL,56,7,89,192.0,17088.0
2020-02-19,2020021901002907,KBL,55,4,716,198.0,141768.0
2020-02-19,2020021901002906,KBL,55,45,84,198.0,16632.0
2020-02-19,2020021901002905,KBL,55,50,200,198.0,39600.0
2020-02-19,2020021901002893,KBL,52,38,100,197.0,19700.0
2020-02-19,2020021901002589,KBL,1,38,70,198.0,13860.0
2020-02-19,2020021901002993,KPCL,33,46,10,105.0,1050.0
2020-02-19,2020021901002847,KRBL,50,45,169,123.0,20787.0
2020-02-19,2020021901002952,KSBBL,47,56,1000,172.0,172000.0
2020-02-19,2020021901002888,KSBBL,49,56,300,172.0,51600.0
2020-02-19,2020021901002786,KSBBL,40,39,237,171.0,40527.0
2020-02-19,2020021901002785,KSBBL,40,34,68,171.0,11628.0
2020-02-19,2020021901002734,KSBBL,38,34,432,171.0,73872.0
2020-02-19,2020021901002733,KSBBL,38,21,500,171.0,85500.0
2020-02-19,2020021901002732,KSBBL,38,57,400,171.0,68400.0
2020-02-19,2020021901002731,KSBBL,38,57,500,171.0,85500.0
2020-02-19,2020021901002729,KSBBL,21,47,1000,171.0,171000.0
2020-02-19,2020021901002702,KSBBL,40,25,200,170.0,34000.0
2020-02-19,2020021901002701,KSBBL,40,37,332,170.0,56440.0
2020-02-19,2020021901002700,KSBBL,40,45,480,170.0,81600.0
2020-02-19,2020021901002663,LBBL,36,54,62,195.0,12090.0
2020-02-19,2020021901002816,LBBL,25,38,50,201.0,10050.0
2020-02-19,2020021901002770,LBBL,25,34,100,198.0,19800.0
2020-02-19,2020021901002769,LBBL,25,34,100,197.0,19700.0
2020-02-19,2020021901002768,LBBL,25,42,1000,197.0,197000.0
2020-02-19,2020021901002555,LBL,38,41,93,231.0,21483.0
2020-02-19,2020021901002554,LBL,7,41,265,231.0,61215.0
2020-02-19,2020021901003036,LGIL,38,44,100,525.0,52500.0
2020-02-19,2020021901003035,LGIL,59,44,300,525.0,157500.0
2020-02-19,2020021901003034,LGIL,16,44,50,525.0,26250.0
2020-02-19,2020021901003033,LGIL,39,44,47,526.0,24722.0
2020-02-19,2020021901003032,LGIL,39,44,25,526.0,13150.0
2020-02-19,2020021901002958,LGIL,22,49,50,533.0,26650.0
2020-02-19,2020021901002956,LGIL,22,8,100,533.0,53300.0
2020-02-19,2020021901002879,LGIL,37,38,300,530.0,159000.0
2020-02-19,2020021901002584,LGIL,1,51,20,533.0,10660.0
2020-02-19,2020021901002583,LGIL,1,44,100,533.0,53300.0
2020-02-19,2020021901002582,LGIL,1,53,50,533.0,26650.0
2020-02-19,2020021901002560,LGIL,1,8,100,533.0,53300.0
2020-02-19,2020021901002824,LICN,28,56,10,1396.0,13960.0
2020-02-19,2020021901002664,MBL,56,42,250,242.0,60500.0
2020-02-19,2020021901003018,MEGA,1,58,100,211.0,21100.0
2020-02-19,2020021901002673,MFIL,32,32,100,193.0,19300.0
2020-02-19,2020021901002672,MFIL,16,32,2000,193.0,386000.0
2020-02-19,2020021901002671,MFIL,38,32,200,193.0,38600.0
2020-02-19,2020021901002670,MFIL,1,32,100,194.0,19400.0
2020-02-19,2020021901002730,MHNL,34,22,40,96.0,3840.0
2020-02-19,2020021901003051,MNBBL,39,1,50,331.0,16550.0
2020-02-19,2020021901003050,MNBBL,57,1,500,331.0,165500.0
2020-02-19,2020021901003049,MNBBL,42,1,100,331.0,33100.0
2020-02-19,2020021901003048,MNBBL,8,1,200,331.0,66200.0
2020-02-19,2020021901003047,MNBBL,4,1,385,331.0,127435.0
2020-02-19,2020021901003015,MNBBL,52,13,44,332.0,14608.0
2020-02-19,2020021901002620,MNBBL,4,48,17,331.0,5627.0
2020-02-19,2020021901002578,MNBBL,4,38,26,331.0,8606.0
2020-02-19,2020021901002572,MNBBL,4,34,100,331.0,33100.0
2020-02-19,2020021901002909,MNBBL,4,38,20,331.0,6620.0
2020-02-19,2020021901002799,MNBBL,22,13,10,332.0,3320.0
2020-02-19,2020021901002923,MPFL,44,11,10,132.0,1320.0
2020-02-19,2020021901002862,MPFL,44,44,10,134.0,1340.0
2020-02-19,2020021901002942,NABIL,13,38,15,750.0,11250.0
2020-02-19,2020021901002940,NABIL,29,38,10,752.0,7520.0
2020-02-19,2020021901002793,NABIL,13,41,112,750.0,84000.0
2020-02-19,2020021901002653,NABIL,7,6,200,753.0,150600.0
2020-02-19,2020021901002618,NABIL,5,6,180,753.0,135540.0
2020-02-19,2020021901002617,NABIL,5,19,20,753.0,15060.0
2020-02-19,2020021901002850,NADEP,7,18,13,773.0,10049.0
2020-02-19,2020021901002849,NADEP,1,18,10,773.0,7730.0
2020-02-19,2020021901002928,NBB,40,50,2000,210.0,420000.0
2020-02-19,2020021901002927,NBB,40,54,50,210.0,10500.0
2020-02-19,2020021901002929,NBF2,17,42,150,9.22,1383.0
2020-02-19,2020021901003006,NBL,26,58,500,271.0,135500.0
2020-02-19,2020021901003005,NBL,28,58,1000,271.0,271000.0
2020-02-19,2020021901003004,NBL,39,58,185,271.0,50135.0
2020-02-19,2020021901002957,NBL,39,38,15,271.0,4065.0
2020-02-19,2020021901002783,NBL,35,57,500,272.0,136000.0
2020-02-19,2020021901002712,NBL,49,57,1000,272.0,272000.0
2020-02-19,2020021901002921,NCCB,34,43,30,195.0,5850.0
2020-02-19,2020021901002800,NCCB,1,47,300,196.0,58800.0
2020-02-19,2020021901002778,NCCB,1,47,200,196.0,39200.0
2020-02-19,2020021901002777,NCCB,1,53,300,196.0,58800.0
2020-02-19,2020021901002688,NCCB,26,53,500,196.0,98000.0
2020-02-19,2020021901002562,NCCB,34,32,75,195.0,14625.0
2020-02-19,2020021901002739,NEF,28,29,20000,9.0,180000.0
2020-02-19,2020021901003024,NIB,42,46,44,388.0,17072.0
2020-02-19,2020021901002973,NIB,42,55,150,388.0,58200.0
2020-02-19,2020021901002696,NIB,52,39,44,388.0,17072.0
2020-02-19,2020021901002695,NIB,52,16,403,388.0,156364.0
2020-02-19,2020021901002694,NIB,52,51,170,388.0,65960.0
2020-02-19,2020021901002571,NIB,34,57,50,386.0,19300.0
2020-02-19,2020021901002719,NIBPO,59,4,1000,340.0,340000.0
2020-02-19,2020021901002718,NIBPO,59,4,1000,339.0,339000.0
2020-02-19,2020021901002717,NIBPO,59,4,1000,338.0,338000.0
2020-02-19,2020021901003029,NICA,28,4,80,549.0,43920.0
2020-02-19,2020021901002987,NICA,4,4,911,549.0,500139.0
2020-02-19,2020021901002986,NICA,4,26,500,549.0,274500.0
2020-02-19,2020021901002985,NICA,4,49,1200,549.0,658800.0
2020-02-19,2020021901002984,NICA,4,21,77,549.0,42273.0
2020-02-19,2020021901002983,NICA,4,48,300,549.0,164700.0
2020-02-19,2020021901002652,NICA,6,36,200,548.0,109600.0
2020-02-19,2020021901002651,NICA,52,36,150,548.0,82200.0
2020-02-19,2020021901002650,NICA,44,36,145,548.0,79460.0
2020-02-19,2020021901002604,NICA,44,33,355,548.0,194540.0
2020-02-19,2020021901002603,NICA,52,33,50,548.0,27400.0
2020-02-19,2020021901002602,NICA,56,33,95,548.0,52060.0
2020-02-19,2020021901002865,NICA,38,32,500,549.0,274500.0
2020-02-19,2020021901002765,NICA,32,57,119,547.0,65093.0
2020-02-19,2020021901002764,NICA,14,57,81,547.0,44307.0
2020-02-19,2020021901002763,NICA,16,7,160,548.0,87680.0
2020-02-19,2020021901002762,NICA,16,36,486,548.0,266328.0
2020-02-19,2020021901002686,NICA,7,36,160,548.0,87680.0
2020-02-19,2020021901002982,NICA,4,48,300,549.0,164700.0
2020-02-19,2020021901002981,NICA,4,44,50,549.0,27450.0
2020-02-19,2020021901002980,NICA,4,32,362,549.0,198738.0
2020-02-19,2020021901002979,NICA,4,4,1000,548.0,548000.0
2020-02-19,2020021901002978,NICA,4,36,300,548.0,164400.0
2020-02-19,2020021901002914,NICA,28,36,200,548.0,109600.0
2020-02-19,2020021901003003,NICBF,41,42,100,8.99,899.0
2020-02-19,2020021901003002,NICBF,41,21,300,8.99,2697.0
2020-02-19,2020021901002751,NICGF,6,42,100,9.33,933.0
2020-02-19,2020021901002919,NICL,35,6,80,468.0,37440.0
2020-02-19,2020021901002854,NICL,41,46,100,465.0,46500.0
2020-02-19,2020021901002780,NICL,41,17,500,465.0,232500.0
2020-02-19,2020021901002749,NICL,11,50,70,470.0,32900.0
2020-02-19,2020021901002649,NICL,22,38,120,473.0,56760.0
2020-02-19,2020021901002648,NICL,22,14,150,473.0,70950.0
2020-02-19,2020021901002635,NICL,11,44,130,470.0,61100.0
2020-02-19,2020021901002917,NIL,57,34,500,610.0,305000.0
2020-02-19,2020021901002939,NLBBL,28,18,10,845.0,8450.0
2020-02-19,2020021901002836,NLG,42,44,70,725.0,50750.0
2020-02-19,2020021901002835,NLG,42,48,65,725.0,47125.0
2020-02-19,2020021901002834,NLG,42,19,30,724.0,21720.0
2020-02-19,2020021901003008,NLIC,38,53,431,1198.0,516338.0
2020-02-19,2020021901002971,NLIC,14,53,69,1198.0,82662.0
2020-02-19,2020021901002962,NLIC,14,6,100,1198.0,119800.0
2020-02-19,2020021901002938,NLIC,14,21,100,1198.0,119800.0
2020-02-19,2020021901002937,NLIC,14,26,31,1198.0,37138.0
2020-02-19,2020021901002936,NLIC,14,6,100,1198.0,119800.0
2020-02-19,2020021901002606,NLIC,34,32,33,1199.0,39567.0
2020-02-19,2020021901002605,NLIC,34,14,22,1198.0,26356.0
2020-02-19,2020021901002592,NLIC,34,14,22,1198.0,26356.0
2020-02-19,2020021901002591,NLIC,34,6,39,1198.0,46722.0
2020-02-19,2020021901002574,NLIC,34,40,22,1198.0,26356.0
2020-02-19,2020021901002573,NLIC,34,58,300,1198.0,359400.0
2020-02-19,2020021901002935,NLIC,14,35,100,1197.0,119700.0
2020-02-19,2020021901002867,NLIC,51,11,49,1195.0,58555.0
2020-02-19,2020021901002866,NLIC,49,11,50,1195.0,59750.0
2020-02-19,2020021901002710,NLIC,34,33,75,1198.0,89850.0
2020-02-19,2020021901002608,NLIC,34,17,95,1199.0,113905.0
2020-02-19,2020021901002607,NLIC,34,17,350,1199.0,419650.0
2020-02-19,2020021901002575,NLICL,1,38,325,697.0,226525.0
2020-02-19,2020021901003017,NMB,42,4,25,411.0,10275.0
2020-02-19,2020021901003016,NMB,18,4,1975,411.0,811725.0
2020-02-19,2020021901002871,NMB,18,18,25,411.0,10275.0
2020-02-19,2020021901002727,NMB,8,57,100,412.0,41200.0
2020-02-19,2020021901002655,NMB,47,33,150,411.0,61650.0
2020-02-19,2020021901002647,NMB,6,33,100,411.0,41100.0
2020-02-19,2020021901002613,NMB,17,33,250,411.0,102750.0
2020-02-19,2020021901003038,NSEWA,13,22,14,800.0,11200.0
2020-02-19,2020021901003014,NTC,59,29,15,629.0,9435.0
2020-02-19,2020021901003013,NTC,59,29,90,625.0,56250.0
2020-02-19,2020021901002966,NTC,1,38,15,621.0,9315.0
2020-02-19,2020021901002744,NTC,28,7,400,623.0,249200.0
2020-02-19,2020021901002743,NTC,57,7,250,623.0,155750.0
2020-02-19,2020021901002742,NTC,19,7,80,623.0,49840.0
2020-02-19,2020021901002741,NTC,41,7,20,623.0,12460.0
2020-02-19,2020021901002964,NUBL,28,49,10,1050.0,10500.0
2020-02-19,2020021901002681,OHL,6,21,35,476.0,16660.0
2020-02-19,2020021901002943,PCBL,13,32,250,288.0,72000.0
2020-02-19,2020021901002930,PCBL,29,32,150,288.0,43200.0
2020-02-19,2020021901002707,PCBL,6,39,400,287.0,114800.0
2020-02-19,2020021901002704,PCBL,6,39,500,287.0,143500.0
2020-02-19,2020021901002703,PCBL,16,39,100,288.0,28800.0
2020-02-19,2020021901002634,PCBL,59,11,200,289.0,57800.0
2020-02-19,2020021901002565,PCBL,6,55,78,287.0,22386.0
2020-02-19,2020021901002564,PCBL,18,55,500,287.0,143500.0
2020-02-19,2020021901002563,PCBL,42,55,422,287.0,121114.0
2020-02-19,2020021901003041,PIC,42,46,20,656.0,13120.0
2020-02-19,2020021901002881,PIC,42,25,500,658.0,329000.0
2020-02-19,2020021901002874,PIC,42,43,100,657.0,65700.0
2020-02-19,2020021901002873,PIC,42,26,500,657.0,328500.0
2020-02-19,2020021901002758,PIC,42,6,363,656.0,238128.0
2020-02-19,2020021901002610,PIC,16,37,200,655.0,131000.0
2020-02-19,2020021901002559,PIC,42,8,100,653.0,65300.0
2020-02-19,2020021901003007,PICL,57,19,20,525.0,10500.0
2020-02-19,2020021901002988,PICL,57,16,100,523.0,52300.0
2020-02-19,2020021901002805,PLIC,42,55,80,617.0,49360.0
2020-02-19,2020021901002767,PLIC,50,58,137,616.0,84392.0
2020-02-19,2020021901003046,PPCL,7,22,30,125.0,3750.0
2020-02-19,2020021901003045,PPCL,7,22,10,125.0,1250.0
2020-02-19,2020021901003044,PPCL,7,22,10,125.0,1250.0
2020-02-19,2020021901002745,PPCL,11,22,10,123.0,1230.0
2020-02-19,2020021901003028,PRVU,44,34,541,251.0,135791.0
2020-02-19,2020021901002876,PRVU,41,34,300,251.0,75300.0
2020-02-19,2020021901002846,PRVU,58,57,206,250.0,51500.0
2020-02-19,2020021901003052,RBCL,7,58,10,11370.0,113700.0
2020-02-19,2020021901002934,RBCL,1,28,20,11208.0,224160.0
2020-02-19,2020021901002933,RBCL,56,28,10,11208.0,112080.0
2020-02-19,2020021901002932,RBCL,58,28,10,11208.0,112080.0
2020-02-19,2020021901002931,RBCL,35,28,20,11220.0,224400.0
2020-02-19,2020021901002825,RBCL,58,18,10,11208.0,112080.0
2020-02-19,2020021901002918,RBCLPO,39,35,15,9600.0,144000.0
2020-02-19,2020021901002913,RBCLPO,39,44,10,9600.0,96000.0
2020-02-19,2020021901002912,RBCLPO,39,59,20,9599.0,191980.0
2020-02-19,2020021901002911,RBCLPO,39,34,40,9591.0,383640.0
2020-02-19,2020021901002910,RBCLPO,39,59,50,9580.0,479000.0
2020-02-19,2020021901002892,RBCLPO,28,35,20,9450.0,189000.0
2020-02-19,2020021901002891,RBCLPO,11,35,20,9451.0,189020.0
2020-02-19,2020021901002890,RBCLPO,14,35,10,9452.0,94520.0
2020-02-19,2020021901002889,RBCLPO,40,35,10,9453.0,94530.0
2020-02-19,2020021901002955,RHPC,55,58,40,89.0,3560.0
2020-02-19,2020021901002954,RHPC,19,58,10,89.0,890.0
2020-02-19,2020021901002812,RHPC,19,49,150,88.0,13200.0
2020-02-19,2020021901002811,RHPC,19,28,1000,88.0,88000.0
2020-02-19,2020021901002594,RHPC,52,25,50,87.0,4350.0
2020-02-19,2020021901002593,RHPC,26,25,100,87.0,8700.0
2020-02-19,2020021901002961,RHPL,25,39,30,167.0,5010.0
2020-02-19,2020021901002960,RHPL,25,44,40,167.0,6680.0
2020-02-19,2020021901002959,RHPL,25,39,30,167.0,5010.0
2020-02-19,2020021901002880,RHPL,29,1,40,166.0,6640.0
2020-02-19,2020021901002861,RHPL,29,1,40,166.0,6640.0
2020-02-19,2020021901002831,RHPL,29,1,40,166.0,6640.0
2020-02-19,2020021901002806,RHPL,29,1,40,166.0,6640.0
2020-02-19,2020021901002761,RHPL,29,22,10,166.0,1660.0
2020-02-19,2020021901002633,RHPL,29,8,40,166.0,6640.0
2020-02-19,2020021901002612,RMDC,6,48,90,755.0,67950.0
2020-02-19,2020021901002639,RRHP,45,8,10,102.0,1020.0
2020-02-19,2020021901002827,RSDC,6,41,16,486.0,7776.0
2020-02-19,2020021901002623,RSDC,6,21,10,486.0,4860.0
2020-02-19,2020021901002622,RSDC,6,41,30,485.0,14550.0
2020-02-19,2020021901002621,RSDC,6,48,89,485.0,43165.0
2020-02-19,2020021901002798,SABSL,41,39,10,945.0,9450.0
2020-02-19,2020021901002797,SABSL,41,39,10,945.0,9450.0
2020-02-19,2020021901002774,SAEF,56,42,200,9.3,1860.0
2020-02-19,2020021901002689,SANIMA,1,58,60,356.0,21360.0
2020-02-19,2020021901002699,SBI,42,58,20,429.0,8580.0
2020-02-19,2020021901002947,SBL,19,37,33,323.0,10659.0
2020-02-19,2020021901002801,SBL,49,49,26494,319.0,8451586.0
2020-02-19,2020021901002790,SBL,48,11,245,324.0,79380.0
2020-02-19,2020021901002728,SBL,19,18,217,323.0,70091.0
2020-02-19,2020021901002631,SBL,13,6,1000,323.0,323000.0
2020-02-19,2020021901002630,SBL,13,1,800,323.0,258400.0
2020-02-19,2020021901002629,SBL,13,41,100,322.0,32200.0
2020-02-19,2020021901002628,SBL,13,17,351,322.0,113022.0
2020-02-19,2020021901002627,SBL,13,45,189,322.0,60858.0
2020-02-19,2020021901002626,SBL,13,17,439,322.0,141358.0
2020-02-19,2020021901002668,SCB,16,43,190,652.0,123880.0
2020-02-19,2020021901002662,SCB,41,28,200,650.0,130000.0
2020-02-19,2020021901002969,SDESI,41,40,10,966.0,9660.0
2020-02-19,2020021901002941,SDESI,34,28,10,967.0,9670.0
2020-02-19,2020021901002895,SDESI,47,21,200,974.0,194800.0
2020-02-19,2020021901002848,SEF,10,7,400,9.5,3800.0
2020-02-19,2020021901002784,SEF,10,42,100,9.5,950.0
2020-02-19,2020021901002990,SHINE,57,59,200,300.0,60000.0
2020-02-19,2020021901002977,SHINE,50,59,950,298.0,283100.0
2020-02-19,2020021901002976,SHINE,58,59,500,298.0,149000.0
2020-02-19,2020021901002975,SHINE,33,59,50,299.0,14950.0
2020-02-19,2020021901002974,SHINE,40,59,1000,299.0,299000.0
2020-02-19,2020021901002823,SHINE,6,59,20,300.0,6000.0
2020-02-19,2020021901002795,SHINE,16,59,10,300.0,3000.0
2020-02-19,2020021901002609,SHINE,38,59,30,300.0,9000.0
2020-02-19,2020021901002601,SHINE,38,59,50,300.0,15000.0
2020-02-19,2020021901002999,SHIVM,16,39,100,625.0,62500.0
2020-02-19,2020021901002870,SHIVM,17,49,400,627.0,250800.0
2020-02-19,2020021901002869,SHIVM,32,49,50,627.0,31350.0
2020-02-19,2020021901002826,SHIVM,32,41,50,627.0,31350.0
2020-02-19,2020021901002691,SHIVM,6,58,900,630.0,567000.0
2020-02-19,2020021901002661,SHIVM,21,28,1000,628.0,628000.0
2020-02-19,2020021901002859,SHPC,36,58,243,232.0,56376.0
2020-02-19,2020021901002838,SICL,34,58,300,1250.0,375000.0
2020-02-19,2020021901002887,SJCL,56,1,20,156.0,3120.0
2020-02-19,2020021901002872,SJCL,56,1,20,156.0,3120.0
2020-02-19,2020021901002841,SJCL,56,1,20,156.0,3120.0
2020-02-19,2020021901002817,SJCL,56,1,20,156.0,3120.0
2020-02-19,2020021901002787,SJCL,11,22,10,157.0,1570.0
2020-02-19,2020021901002716,SLBBL,7,34,100,970.0,97000.0
2020-02-19,2020021901002997,SLBSL,34,42,41,961.0,39401.0
2020-02-19,2020021901002996,SLBSL,34,6,29,961.0,27869.0
2020-02-19,2020021901002995,SLBSL,34,32,10,960.0,9600.0
2020-02-19,2020021901002882,SLBSL,6,50,500,960.0,480000.0
2020-02-19,2020021901002878,SLBSL,41,6,50,959.0,47950.0
2020-02-19,2020021901002830,SLBSL,34,57,10,950.0,9500.0
2020-02-19,2020021901002829,SLBSL,6,57,100,950.0,95000.0
2020-02-19,2020021901002828,SLBSL,29,57,200,950.0,190000.0
2020-02-19,2020021901002944,SLICL,42,38,56,500.0,28000.0
2020-02-19,2020021901002926,SLICL,42,33,300,500.0,150000.0
2020-02-19,2020021901002845,SLICL,42,51,144,500.0,72000.0
2020-02-19,2020021901002844,SLICL,52,51,50,500.0,25000.0
2020-02-19,2020021901002843,SLICL,58,51,124,500.0,62000.0
2020-02-19,2020021901002658,SLICL,41,11,100,505.0,50500.0
2020-02-19,2020021901002657,SLICL,41,53,70,504.0,35280.0
2020-02-19,2020021901002656,SLICL,41,34,100,502.0,50200.0
2020-02-19,2020021901002569,SLICL,58,51,106,500.0,53000.0
2020-02-19,2020021901002568,SLICL,58,40,50,500.0,25000.0
2020-02-19,2020021901002567,SLICL,58,57,20,500.0,10000.0
2020-02-19,2020021901002705,SLICL,41,43,30,505.0,15150.0
2020-02-19,2020021901002685,SLICL,17,17,101,506.0,51106.0
2020-02-19,2020021901002660,SLICL,41,21,100,505.0,50500.0
2020-02-19,2020021901002659,SLICL,41,43,100,505.0,50500.0
2020-02-19,2020021901002679,SMATA,34,41,100,835.0,83500.0
2020-02-19,2020021901003053,SMFBS,6,6,10,1150.0,11500.0
2020-02-19,2020021901003021,SPDL,13,57,384,102.0,39168.0
2020-02-19,2020021901002789,SPDL,51,19,10,100.0,1000.0
2020-02-19,2020021901002692,SPDL,51,19,15,100.0,1500.0
2020-02-19,2020021901002760,SRBL,26,26,17,257.0,4369.0
2020-02-19,2020021901002684,SRBL,19,53,887,258.0,228846.0
2020-02-19,2020021901002683,SRBL,19,57,49,258.0,12642.0
2020-02-19,2020021901002682,SRBL,19,25,64,257.0,16448.0
2020-02-19,2020021901002858,SWBBL,56,19,100,1300.0,130000.0
2020-02-19,2020021901002735,SWBBL,50,19,100,1300.0,130000.0
2020-02-19,2020021901002868,UIC,38,37,90,443.0,39870.0
2020-02-19,2020021901002773,UIC,38,16,100,445.0,44500.0
2020-02-19,2020021901002616,UIC,38,37,300,441.0,132300.0
2020-02-19,2020021901002615,UIC,44,37,300,441.0,132300.0
2020-02-19,2020021901002802,UMHL,59,19,10,115.0,1150.0
2020-02-19,2020021901002750,UMHL,59,26,14,115.0,1610.0
2020-02-19,2020021901002886,UMHL,59,13,200,117.0,23400.0
2020-02-19,2020021901002885,UMHL,59,42,14,117.0,1638.0
2020-02-19,2020021901002884,UMHL,59,45,32,117.0,3744.0
2020-02-19,2020021901003020,UPCL,17,22,60,80.0,4800.0
2020-02-19,2020021901002590,UPCL,17,56,50,80.0,4000.0
2020-02-19,2020021901002698,UPPER,43,8,50,239.0,11950.0
2020-02-19,2020021901002690,UPPER,55,41,50,238.0,11900.0
2020-02-19,2020021901002646,UPPER,43,38,30,239.0,7170.0
2020-02-19,2020021901003040,VLBS,19,34,300,1136.0,340800.0
2020-02-19,2020021901003001,VLBS,38,58,198,1135.0,224730.0
2020-02-19,2020021901002840,VLBS,22,58,10,1135.0,11350.0
2020-02-19,2020021901002821,WOMI,57,53,80,1092.0,87360.0
2020-02-19,2020021901002714,WOMI,53,58,350,1090.0,381500.0
2020-02-19,2020021901004434,ADBL,58,42,300,396.0,118800.0
2020-02-19,2020021901004384,ADBL,58,16,100,396.0,39600.0
2020-02-19,2020021901004471,AKJCL,17,48,20,55.0,1100.0
2020-02-19,2020021901004459,AKJCL,17,48,20,55.0,1100.0
2020-02-19,2020021901004167,AKJCL,34,56,220,56.0,12320.0
2020-02-19,2020021901004234,AKPL,34,56,118,137.0,16166.0
2020-02-19,2020021901004334,ALBSL,34,49,11,772.0,8492.0
2020-02-19,2020021901004315,ALBSL,22,36,201,775.0,155775.0
2020-02-19,2020021901004381,ALICL,14,6,50,630.0,31500.0
2020-02-19,2020021901004252,API,56,56,29,137.0,3973.0
2020-02-19,2020021901004476,API,56,58,20,137.0,2740.0
2020-02-19,2020021901004200,BARUN,53,41,10,98.0,980.0
2020-02-19,2020021901004056,BNT,22,55,10,7011.0,70110.0
2020-02-19,2020021901004504,BOKL,21,33,75,239.0,17925.0
2020-02-19,2020021901004447,BOKL,39,33,500,239.0,119500.0
2020-02-19,2020021901004147,BOKL,40,35,1500,238.0,357000.0
2020-02-19,2020021901004119,BOKL,40,25,314,238.0,74732.0
2020-02-19,2020021901004413,BPCL,6,13,100,359.0,35900.0
2020-02-19,2020021901004358,BPCL,34,11,235,358.0,84130.0
2020-02-19,2020021901004357,BPCL,34,8,88,358.0,31504.0
2020-02-19,2020021901004356,BPCL,34,1,400,357.0,142800.0
2020-02-19,2020021901004174,BPCL,16,1,100,357.0,35700.0
2020-02-19,2020021901004054,BPCL,14,13,131,356.0,46636.0
2020-02-19,2020021901004431,CCBL,41,58,24,186.0,4464.0
2020-02-19,2020021901004193,CCBL,41,26,200,186.0,37200.0
2020-02-19,2020021901004305,CHL,52,55,50,96.0,4800.0
2020-02-19,2020021901004414,CIT,11,58,100,2730.0,273000.0
2020-02-19,2020021901004308,DDBL,6,41,47,887.0,41689.0
2020-02-19,2020021901004307,DDBL,35,41,50,890.0,44500.0
2020-02-19,2020021901004306,DDBL,11,41,10,892.0,8920.0
2020-02-19,2020021901004153,DDBL,34,16,25,892.0,22300.0
2020-02-19,2020021901004099,DDBL,20,57,199,898.0,178702.0
2020-02-19,2020021901004098,DDBL,20,36,101,897.0,90597.0
2020-02-19,2020021901004090,DDBL,28,36,10,897.0,8970.0
2020-02-19,2020021901004338,EDBL,4,34,74,365.0,27010.0
2020-02-19,2020021901004197,EDBL,4,11,600,366.0,219600.0
2020-02-19,2020021901004175,EDBL,4,17,354,365.0,129210.0
2020-02-19,2020021901004393,FMDBL,33,6,60,481.0,28860.0
2020-02-19,2020021901004375,FMDBL,21,44,50,482.0,24100.0
2020-02-19,2020021901004374,FMDBL,48,44,23,482.0,11086.0
2020-02-19,2020021901004363,FMDBL,48,6,275,482.0,132550.0
2020-02-19,2020021901004288,FMDBL,48,41,202,482.0,97364.0
2020-02-19,2020021901004126,GBBL,46,17,318,247.0,78546.0
2020-02-19,2020021901004483,GBIME,17,47,93,286.0,26598.0
2020-02-19,2020021901004427,GBIME,33,36,21,287.0,6027.0
2020-02-19,2020021901004426,GBIME,33,58,204,287.0,58548.0
2020-02-19,2020021901004422,GBIME,17,42,29,286.0,8294.0
2020-02-19,2020021901004415,GBIME,40,58,10,287.0,2870.0
2020-02-19,2020021901004347,GBIME,29,58,10,287.0,2870.0
2020-02-19,2020021901004162,GBIME,32,58,200,287.0,57400.0
2020-02-19,2020021901004161,GBIME,51,58,76,287.0,21812.0
2020-02-19,2020021901004081,GBIME,51,44,90,287.0,25830.0
2020-02-19,2020021901004080,GBIME,51,38,134,287.0,38458.0
2020-02-19,2020021901004535,GBLBS,52,33,45,507.0,22815.0
2020-02-19,2020021901004489,GBLBS,13,48,15,506.0,7590.0
2020-02-19,2020021901004473,GBLBS,13,34,15,506.0,7590.0
2020-02-19,2020021901004472,GBLBS,13,8,15,506.0,7590.0
2020-02-19,2020021901004420,GBLBS,39,33,100,507.0,50700.0
2020-02-19,2020021901004418,GBLBS,52,29,135,505.0,68175.0
2020-02-19,2020021901004089,GBLBS,39,1,200,506.0,101200.0
2020-02-19,2020021901004143,GBLBS,25,33,20,505.0,10100.0
2020-02-19,2020021901004142,GBLBS,44,33,500,505.0,252500.0
2020-02-19,2020021901004141,GBLBS,39,33,200,505.0,101000.0
2020-02-19,2020021901004140,GBLBS,49,33,100,505.0,50500.0
2020-02-19,2020021901004139,GBLBS,20,33,35,505.0,17675.0
2020-02-19,2020021901004105,GBLBS,20,57,15,505.0,7575.0
2020-02-19,2020021901004417,GBLBS,17,29,375,505.0,189375.0
2020-02-19,2020021901004370,GBLBS,17,51,25,505.0,12625.0
2020-02-19,2020021901004293,GBLBS,1,56,10,504.0,5040.0
2020-02-19,2020021901004220,GBLBS,52,51,10,508.0,5080.0
2020-02-19,2020021901004199,GBLBS,52,48,200,507.0,101400.0
2020-02-19,2020021901004198,GBLBS,52,8,200,507.0,101400.0
2020-02-19,2020021901004545,GGBSL,22,34,20,903.0,18060.0
2020-02-19,2020021901004299,GHL,34,34,30,71.0,2130.0
2020-02-19,2020021901004550,GLBSL,19,28,10,784.0,7840.0
2020-02-19,2020021901004410,GLICL,42,43,10,814.0,8140.0
2020-02-19,2020021901004332,GLICL,14,16,10,809.0,8090.0
2020-02-19,2020021901004203,GLICL,29,16,30,809.0,24270.0
2020-02-19,2020021901004438,GMFBS,40,40,10,930.0,9300.0
2020-02-19,2020021901004235,GMFBS,47,48,10,942.0,9420.0
2020-02-19,2020021901004096,GMFBS,56,35,10,961.0,9610.0
2020-02-19,2020021901004437,HBL,57,51,50,573.0,28650.0
2020-02-19,2020021901004328,HBL,50,33,500,572.0,286000.0
2020-02-19,2020021901004327,HBL,50,33,145,572.0,82940.0
2020-02-19,2020021901004236,HBL,50,33,855,572.0,489060.0
2020-02-19,2020021901004094,HBL,51,35,200,578.0,115600.0
2020-02-19,2020021901004547,HDL,58,49,60,1436.0,86160.0
2020-02-19,2020021901004530,HDL,41,49,100,1436.0,143600.0
2020-02-19,2020021901004529,HDL,38,49,20,1437.0,28740.0
2020-02-19,2020021901004451,HDL,28,48,50,1437.0,71850.0
2020-02-19,2020021901004450,HDL,13,48,100,1437.0,143700.0
2020-02-19,2020021901004449,HDL,13,48,60,1437.0,86220.0
2020-02-19,2020021901004172,HDL,50,51,100,1437.0,143700.0
2020-02-19,2020021901004171,HDL,58,51,25,1438.0,35950.0
2020-02-19,2020021901004170,HDL,21,51,50,1438.0,71900.0
2020-02-19,2020021901004168,HDL,21,53,50,1438.0,71900.0
2020-02-19,2020021901004127,HDL,21,49,65,1438.0,93470.0
2020-02-19,2020021901004069,HDL,21,53,100,1438.0,143800.0
2020-02-19,2020021901004448,HDL,28,48,50,1437.0,71850.0
2020-02-19,2020021901004268,HDL,34,57,100,1440.0,144000.0
2020-02-19,2020021901004267,HDL,34,58,185,1440.0,266400.0
2020-02-19,2020021901004266,HDL,34,26,50,1440.0,72000.0
2020-02-19,2020021901004264,HDL,28,17,25,1437.0,35925.0
2020-02-19,2020021901004173,HDL,28,51,425,1437.0,610725.0
2020-02-19,2020021901004248,HGI,41,58,99,444.0,43956.0
2020-02-19,2020021901004507,HIDCL,26,47,11,137.0,1507.0
2020-02-19,2020021901004304,HIDCL,26,56,95,137.0,13015.0
2020-02-19,2020021901004116,HIDCL,13,44,40,138.0,5520.0
2020-02-19,2020021901004553,HPPL,49,48,10,154.0,1540.0
2020-02-19,2020021901004501,HPPL,49,48,10,154.0,1540.0
2020-02-19,2020021901004474,HPPL,29,38,900,155.0,139500.0
2020-02-19,2020021901004465,HPPL,29,48,20,155.0,3100.0
2020-02-19,2020021901004463,HPPL,29,8,10,155.0,1550.0
2020-02-19,2020021901004331,HPPL,29,56,10,155.0,1550.0
2020-02-19,2020021901004263,HPPL,29,48,10,155.0,1550.0
2020-02-19,2020021901004359,HURJA,13,36,20,106.0,2120.0
2020-02-19,2020021901004397,ICFC,29,4,400,182.0,72800.0
2020-02-19,2020021901004396,ICFC,51,4,500,182.0,91000.0
2020-02-19,2020021901004395,ICFC,52,4,100,182.0,18200.0
2020-02-19,2020021901004371,ICFC,52,4,1000,183.0,183000.0
2020-02-19,2020021901004524,ILBS,55,17,10,912.0,9120.0
2020-02-19,2020021901004503,ILBS,40,40,10,915.0,9150.0
2020-02-19,2020021901004322,ILBS,51,38,10,911.0,9110.0
2020-02-19,2020021901004372,JBBL,49,8,31,191.0,5921.0
2020-02-19,2020021901004226,JBBL,32,46,53,193.0,10229.0
2020-02-19,2020021901004160,JBBL,49,49,311,191.0,59401.0
2020-02-19,2020021901004159,JBBL,56,49,100,191.0,19100.0
2020-02-19,2020021901004158,JBBL,7,49,89,191.0,16999.0
2020-02-19,2020021901004107,JBBL,13,35,500,192.0,96000.0
2020-02-19,2020021901004339,JSLBB,29,46,230,1816.0,417680.0
2020-02-19,2020021901004262,JSLBB,38,40,100,1812.0,181200.0
2020-02-19,2020021901004187,JSLBB,46,46,10,1816.0,18160.0
2020-02-19,2020021901004132,JSLBB,34,46,50,1816.0,90800.0
2020-02-19,2020021901004103,JSLBB,5,46,100,1816.0,181600.0
2020-02-19,2020021901004233,KBL,49,35,71,197.0,13987.0
2020-02-19,2020021901004232,KBL,52,35,29,197.0,5713.0
2020-02-19,2020021901004055,KKHC,42,35,10,53.0,530.0
2020-02-19,2020021901004512,KMCDB,1,48,10,844.0,8440.0
2020-02-19,2020021901004518,KPCL,38,48,10,104.0,1040.0
2020-02-19,2020021901004484,KPCL,38,48,10,104.0,1040.0
2020-02-19,2020021901004109,KPCL,38,40,10,104.0,1040.0
2020-02-19,2020021901004383,KPCL,38,48,10,104.0,1040.0
2020-02-19,2020021901004502,KSBBL,42,29,12,170.0,2040.0
2020-02-19,2020021901004316,KSBBL,42,7,38,170.0,6460.0
2020-02-19,2020021901004112,KSBBL,49,16,901,170.0,153170.0
2020-02-19,2020021901004084,KSBBL,49,40,507,170.0,86190.0
2020-02-19,2020021901004317,LBBL,6,29,125,196.0,24500.0
2020-02-19,2020021901004411,LEMF,53,42,1000,8.2,8200.0
2020-02-19,2020021901004441,LGIL,22,28,36,524.0,18864.0
2020-02-19,2020021901004440,LGIL,28,28,90,524.0,47160.0
2020-02-19,2020021901004423,LGIL,28,28,216,524.0,113184.0
2020-02-19,2020021901004405,LGIL,28,28,194,524.0,101656.0
2020-02-19,2020021901004404,LGIL,17,28,20,525.0,10500.0
2020-02-19,2020021901004386,LGIL,17,28,80,525.0,42000.0
2020-02-19,2020021901004062,LICN,34,34,100,1399.0,139900.0
2020-02-19,2020021901004336,LLBS,51,8,74,1169.0,86506.0
2020-02-19,2020021901004182,LLBS,51,14,15,1169.0,17535.0
2020-02-19,2020021901004215,MDB,26,49,50,356.0,17800.0
2020-02-19,2020021901004214,MDB,57,49,50,356.0,17800.0
2020-02-19,2020021901004490,MEGA,39,50,100,211.0,21100.0
2020-02-19,2020021901004464,MEGA,39,50,100,211.0,21100.0
2020-02-19,2020021901004063,MEGA,32,51,900,211.0,189900.0
2020-02-19,2020021901004351,MEGA,10,8,24,210.0,5040.0
2020-02-19,2020021901004533,MERO,22,35,30,670.0,20100.0
2020-02-19,2020021901004532,MERO,18,35,20,671.0,13420.0
2020-02-19,2020021901004485,MERO,49,55,12,672.0,8064.0
2020-02-19,2020021901004461,MERO,49,58,38,672.0,25536.0
2020-02-19,2020021901004454,MLBL,49,11,233,223.0,51959.0
2020-02-19,2020021901004453,MLBL,49,34,10,223.0,2230.0
2020-02-19,2020021901004452,MLBL,49,25,12,223.0,2676.0
2020-02-19,2020021901004326,MNBBL,14,34,111,330.0,36630.0
2020-02-19,2020021901004325,MNBBL,25,34,31,330.0,10230.0
2020-02-19,2020021901004057,MNBBL,14,13,200,331.0,66200.0
2020-02-19,2020021901004286,MPFL,59,29,10,123.0,1230.0
2020-02-19,2020021901004285,MPFL,44,29,10,123.0,1230.0
2020-02-19,2020021901004223,MPFL,6,26,300,124.0,37200.0
2020-02-19,2020021901004542,NABIL,38,21,20,750.0,15000.0
2020-02-19,2020021901004470,NABIL,38,21,30,750.0,22500.0
2020-02-19,2020021901004085,NABIL,26,32,1000,750.0,750000.0
2020-02-19,2020021901004500,NADEP,32,48,23,774.0,17802.0
2020-02-19,2020021901004482,NADEP,32,28,23,774.0,17802.0
2020-02-19,2020021901004337,NADEP,32,32,25,774.0,19350.0
2020-02-19,2020021901004128,NADEP,32,43,323,774.0,250002.0
2020-02-19,2020021901004104,NBF2,26,6,100,9.26,926.0
2020-02-19,2020021901004403,NBL,39,58,1000,270.0,270000.0
2020-02-19,2020021901004402,NBL,1,58,30,270.0,8100.0
2020-02-19,2020021901004382,NBL,1,38,70,270.0,18900.0
2020-02-19,2020021901004310,NBL,32,34,10,271.0,2710.0
2020-02-19,2020021901004155,NBL,35,34,50,271.0,13550.0
2020-02-19,2020021901004400,NCCB,33,42,88,195.0,17160.0
2020-02-19,2020021901004399,NCCB,50,42,500,195.0,97500.0
2020-02-19,2020021901004398,NCCB,34,42,77,195.0,15015.0
2020-02-19,2020021901004282,NCCB,56,3,664,196.0,130144.0
2020-02-19,2020021901004216,NCCB,56,35,100,196.0,19600.0
2020-02-19,2020021901004115,NCCB,56,29,34,196.0,6664.0
2020-02-19,2020021901004078,NCCB,56,33,28,196.0,5488.0
2020-02-19,2020021901004144,NGPL,40,11,100,138.0,13800.0
2020-02-19,2020021901004540,NHDL,49,13,10,142.0,1420.0
2020-02-19,2020021901004539,NHDL,49,56,200,142.0,28400.0
2020-02-19,2020021901004509,NHDL,28,40,100,140.0,14000.0
2020-02-19,2020021901004428,NHDL,33,56,20,140.0,2800.0
2020-02-19,2020021901004113,NHDL,49,57,10,138.0,1380.0
2020-02-19,2020021901004217,NIB,35,34,74,386.0,28564.0
2020-02-19,2020021901004108,NIB,11,34,75,386.0,28950.0
2020-02-19,2020021901004349,NIBPO,33,4,1000,340.0,340000.0
2020-02-19,2020021901004497,NICA,53,44,500,547.0,273500.0
2020-02-19,2020021901004462,NICA,39,44,500,547.0,273500.0
2020-02-19,2020021901004202,NICA,41,11,660,548.0,361680.0
2020-02-19,2020021901004201,NICA,41,36,840,548.0,460320.0
2020-02-19,2020021901004121,NICA,41,46,300,547.0,164100.0
2020-02-19,2020021901004106,NICA,51,46,200,547.0,109400.0
2020-02-19,2020021901004101,NICA,55,8,51,545.0,27795.0
2020-02-19,2020021901004100,NICA,44,8,49,545.0,26705.0
2020-02-19,2020021901004060,NICA,39,17,500,546.0,273000.0
2020-02-19,2020021901004318,NICL,50,17,150,463.0,69450.0
2020-02-19,2020021901004225,NICL,35,4,30,465.0,13950.0
2020-02-19,2020021901004224,NICL,28,4,850,465.0,395250.0
2020-02-19,2020021901004148,NICL,28,55,150,465.0,69750.0
2020-02-19,2020021901004508,NIL,52,49,85,604.0,51340.0
2020-02-19,2020021901004390,NIL,59,47,369,606.0,223614.0
2020-02-19,2020021901004251,NIL,33,33,63,602.0,37926.0
2020-02-19,2020021901004250,NIL,38,33,200,603.0,120600.0
2020-02-19,2020021901004118,NIL,51,14,100,603.0,60300.0
2020-02-19,2020021901004117,NIL,59,14,200,603.0,120600.0
2020-02-19,2020021901004498,NLIC,41,35,100,1190.0,119000.0
2020-02-19,2020021901004180,NLIC,34,32,63,1186.0,74718.0
2020-02-19,2020021901004179,NLIC,1,32,22,1186.0,26092.0
2020-02-19,2020021901004178,NLIC,50,32,225,1187.0,267075.0
2020-02-19,2020021901004177,NLIC,6,32,10,1194.0,11940.0
2020-02-19,2020021901004079,NLIC,32,32,280,1188.0,332640.0
2020-02-19,2020021901004059,NLIC,41,57,50,1187.0,59350.0
2020-02-19,2020021901004528,NLICL,7,14,100,693.0,69300.0
2020-02-19,2020021901004380,NLICL,26,7,200,694.0,138800.0
2020-02-19,2020021901004379,NLICL,28,7,100,694.0,69400.0
2020-02-19,2020021901004378,NLICL,54,7,100,695.0,69500.0
2020-02-19,2020021901004377,NLICL,54,7,92,696.0,64032.0
2020-02-19,2020021901004076,NLICL,54,34,408,696.0,283968.0
2020-02-19,2020021901004075,NLICL,26,34,300,697.0,209100.0
2020-02-19,2020021901004425,NMB,39,42,13,409.0,5317.0
2020-02-19,2020021901004424,NMB,41,42,24,409.0,9816.0
2020-02-19,2020021901004362,NMB,41,54,200,409.0,81800.0
2020-02-19,2020021901004361,NMB,41,22,41,409.0,16769.0
2020-02-19,2020021901004360,NMB,41,58,215,409.0,87935.0
2020-02-19,2020021901004342,NMB,13,58,25,409.0,10225.0
2020-02-19,2020021901004218,NMB,22,16,50,408.0,20400.0
2020-02-19,2020021901004196,NMB,22,36,400,408.0,163200.0
2020-02-19,2020021901004195,NMB,52,36,50,408.0,20400.0
2020-02-19,2020021901004194,NMB,25,36,50,408.0,20400.0
2020-02-19,2020021901004176,NMB,40,58,10,409.0,4090.0
2020-02-19,2020021901004097,NMB,25,6,200,408.0,81600.0
2020-02-19,2020021901004123,NTC,57,3,90,628.0,56520.0
2020-02-19,2020021901004551,NUBL,1,33,24,1059.0,25416.0
2020-02-19,2020021901004291,NUBL,1,36,88,1059.0,93192.0
2020-02-19,2020021901004229,NUBL,6,36,12,1059.0,12708.0
2020-02-19,2020021901004228,NUBL,6,58,12,1059.0,12708.0
2020-02-19,2020021901004227,NUBL,6,16,76,1058.0,80408.0
2020-02-19,2020021901004066,NUBL,59,16,24,1058.0,25392.0
2020-02-19,2020021901004515,PCBL,13,13,1134,287.0,325458.0
2020-02-19,2020021901004433,PCBL,13,16,630,287.0,180810.0
2020-02-19,2020021901004416,PCBL,13,55,870,287.0,249690.0
2020-02-19,2020021901004340,PCBL,13,58,500,287.0,143500.0
2020-02-19,2020021901004297,PCBL,13,58,200,287.0,57400.0
2020-02-19,2020021901004296,PCBL,13,28,478,287.0,137186.0
2020-02-19,2020021901004230,PCBL,4,16,50,286.0,14300.0
2020-02-19,2020021901004221,PCBL,4,35,100,286.0,28600.0
2020-02-19,2020021901004531,PFL,1,36,926,159.0,147234.0
2020-02-19,2020021901004366,PFL,1,57,11,159.0,1749.0
2020-02-19,2020021901004156,PFL,1,57,11,159.0,1749.0
2020-02-19,2020021901004231,PIC,42,21,40,653.0,26120.0
2020-02-19,2020021901004205,PICL,48,16,35,527.0,18445.0
2020-02-19,2020021901004204,PICL,48,11,85,527.0,44795.0
2020-02-19,2020021901004125,PICL,48,11,20,527.0,10540.0
2020-02-19,2020021901004439,PLIC,49,6,18,610.0,10980.0
2020-02-19,2020021901004294,PLIC,49,19,82,610.0,50020.0
2020-02-19,2020021901004543,PPCL,41,47,20,128.0,2560.0
2020-02-19,2020021901004189,PRIN,44,34,300,494.0,148200.0
2020-02-19,2020021901004188,PRIN,28,34,50,496.0,24800.0
2020-02-19,2020021901004114,PRIN,28,8,500,496.0,248000.0
2020-02-19,2020021901004061,PRIN,28,16,450,496.0,223200.0
2020-02-19,2020021901004511,PROFL,38,36,200,110.0,22000.0
2020-02-19,2020021901004510,PROFL,17,36,300,110.0,33000.0
2020-02-19,2020021901004475,PROFL,17,7,200,110.0,22000.0
2020-02-19,2020021901004458,PRVU,22,55,100,251.0,25100.0
2020-02-19,2020021901004443,PRVU,58,38,1265,250.0,316250.0
2020-02-19,2020021901004408,PRVU,44,55,148,251.0,37148.0
2020-02-19,2020021901004407,PRVU,44,25,43,251.0,10793.0
2020-02-19,2020021901004406,PRVU,44,7,77,251.0,19327.0
2020-02-19,2020021901004391,PRVU,58,8,11,250.0,2750.0
2020-02-19,2020021901004067,PRVU,58,25,652,250.0,163000.0
2020-02-19,2020021901004186,PRVU,58,38,14,250.0,3500.0
2020-02-19,2020021901004163,PRVU,58,38,35,250.0,8750.0
2020-02-19,2020021901004152,PRVU,58,38,124,250.0,31000.0
2020-02-19,2020021901004146,PRVU,16,38,151,250.0,37750.0
2020-02-19,2020021901004077,PRVU,7,6,77,251.0,19327.0
2020-02-19,2020021901004068,PRVU,16,25,348,250.0,87000.0
2020-02-19,2020021901004300,PRVU,58,16,50,250.0,12500.0
2020-02-19,2020021901004298,PRVU,58,38,51,250.0,12750.0
2020-02-19,2020021901004289,PRVU,58,38,18,250.0,4500.0
2020-02-19,2020021901004281,PRVU,58,41,85,250.0,21250.0
2020-02-19,2020021901004265,PRVU,58,38,55,250.0,13750.0
2020-02-19,2020021901004206,PRVU,58,51,10,250.0,2500.0
2020-02-19,2020021901004355,PRVU,38,25,57,251.0,14307.0
2020-02-19,2020021901004354,PRVU,38,6,74,251.0,18574.0
2020-02-19,2020021901004353,PRVU,38,6,869,251.0,218119.0
2020-02-19,2020021901004323,PRVU,58,42,464,250.0,116000.0
2020-02-19,2020021901004314,PRVU,58,38,81,250.0,20250.0
2020-02-19,2020021901004303,PRVU,58,38,43,250.0,10750.0
2020-02-19,2020021901004284,RBCLPO,39,32,60,9370.0,562200.0
2020-02-19,2020021901004283,RBCLPO,34,32,20,9371.0,187420.0
2020-02-19,2020021901004517,RHPC,55,34,50,89.0,4450.0
2020-02-19,2020021901004376,RHPC,55,34,200,89.0,17800.0
2020-02-19,2020021901004522,RHPL,36,34,30,167.0,5010.0
2020-02-19,2020021901004520,RHPL,36,48,40,167.0,6680.0
2020-02-19,2020021901004519,RHPL,36,8,40,167.0,6680.0
2020-02-19,2020021901004505,RHPL,36,34,30,167.0,5010.0
2020-02-19,2020021901004491,RHPL,36,28,40,167.0,6680.0
2020-02-19,2020021901004446,RHPL,6,1,20,168.0,3360.0
2020-02-19,2020021901004309,RHPL,36,4,40,167.0,6680.0
2020-02-19,2020021901004295,RHPL,36,4,40,167.0,6680.0
2020-02-19,2020021901004208,RHPL,36,8,50,167.0,8350.0
2020-02-19,2020021901004445,RHPL,6,26,30,168.0,5040.0
2020-02-19,2020021901004409,RHPL,36,48,40,167.0,6680.0
2020-02-19,2020021901004385,RHPL,36,34,10,167.0,1670.0
2020-02-19,2020021901004348,RHPL,36,34,10,167.0,1670.0
2020-02-19,2020021901004341,RHPL,36,49,40,167.0,6680.0
2020-02-19,2020021901004333,RHPL,36,34,10,167.0,1670.0
2020-02-19,2020021901004149,RLFL,29,1,560,139.0,77840.0
2020-02-19,2020021901004526,RRHP,45,48,10,102.0,1020.0
2020-02-19,2020021901004521,RRHP,45,48,10,102.0,1020.0
2020-02-19,2020021901004364,RSDC,36,49,20,487.0,9740.0
2020-02-19,2020021901004387,SABSL,6,34,10,931.0,9310.0
2020-02-19,2020021901004145,SABSL,57,57,10,950.0,9500.0
2020-02-19,2020021901004238,SADBL,32,57,300,170.0,51000.0
2020-02-19,2020021901004169,SADBL,4,57,100,170.0,17000.0
2020-02-19,2020021901004534,SANIMA,38,44,30,357.0,10710.0
2020-02-19,2020021901004444,SANIMA,38,44,100,357.0,35700.0
2020-02-19,2020021901004302,SANIMA,52,7,14,356.0,4984.0
2020-02-19,2020021901004301,SANIMA,1,7,20,356.0,7120.0
2020-02-19,2020021901004154,SANIMA,8,44,190,357.0,67830.0
2020-02-19,2020021901004344,SBI,13,22,90,429.0,38610.0
2020-02-19,2020021901004343,SBI,13,48,29,429.0,12441.0
2020-02-19,2020021901004165,SBL,35,50,30,323.0,9690.0
2020-02-19,2020021901004124,SBL,28,50,13,323.0,4199.0
2020-02-19,2020021901004394,SCB,32,57,20,644.0,12880.0
2020-02-19,2020021901004290,SCB,32,17,50,644.0,32200.0
2020-02-19,2020021901004249,SCB,44,5,174,645.0,112230.0
2020-02-19,2020021901004164,SCB,44,41,50,645.0,32250.0
2020-02-19,2020021901004157,SCB,44,39,333,645.0,214785.0
2020-02-19,2020021901004488,SDESI,19,21,50,928.0,46400.0
2020-02-19,2020021901004487,SDESI,49,21,200,930.0,186000.0
2020-02-19,2020021901004486,SDESI,6,21,50,931.0,46550.0
2020-02-19,2020021901004102,SDESI,21,21,50,940.0,47000.0
2020-02-19,2020021901004365,SEF,3,56,500,9.33,4665.0
2020-02-19,2020021901004514,SHINE,5,39,210,297.0,62370.0
2020-02-19,2020021901004513,SHINE,35,39,30,297.0,8910.0
2020-02-19,2020021901004442,SHINE,7,7,8,297.0,2376.0
2020-02-19,2020021901004527,SHIVM,34,8,50,623.0,31150.0
2020-02-19,2020021901004523,SHIVM,34,28,500,623.0,311500.0
2020-02-19,2020021901004419,SHIVM,40,39,10,621.0,6210.0
2020-02-19,2020021901004401,SHIVM,40,28,152,621.0,94392.0
2020-02-19,2020021901004392,SHIVM,40,39,10,621.0,6210.0
2020-02-19,2020021901004313,SHIVM,26,48,500,622.0,311000.0
2020-02-19,2020021901004166,SHIVM,29,56,100,624.0,62400.0
2020-02-19,2020021901004312,SHIVM,34,48,500,622.0,311000.0
2020-02-19,2020021901004311,SHIVM,16,48,1000,622.0,622000.0
2020-02-19,2020021901004271,SHIVM,34,28,1000,623.0,623000.0
2020-02-19,2020021901004270,SHIVM,34,28,10,623.0,6230.0
2020-02-19,2020021901004219,SHIVM,34,33,200,623.0,124600.0
2020-02-19,2020021901004207,SHIVM,34,1,95,623.0,59185.0
2020-02-19,2020021901004430,SHPC,14,36,10,225.0,2250.0
2020-02-19,2020021901004185,SHPC,53,44,500,224.0,112000.0
2020-02-19,2020021901004134,SHPC,56,58,100,228.0,22800.0
2020-02-19,2020021901004111,SHPC,58,38,2000,229.0,458000.0
2020-02-19,2020021901004110,SHPC,56,38,100,229.0,22900.0
2020-02-19,2020021901004184,SHPC,50,44,300,225.0,67500.0
2020-02-19,2020021901004183,SHPC,39,44,300,225.0,67500.0
2020-02-19,2020021901004138,SHPC,37,58,500,228.0,114000.0
2020-02-19,2020021901004137,SHPC,25,58,500,228.0,114000.0
2020-02-19,2020021901004136,SHPC,53,58,800,228.0,182400.0
2020-02-19,2020021901004135,SHPC,43,58,1000,228.0,228000.0
2020-02-19,2020021901004240,SICL,28,58,100,1236.0,123600.0
2020-02-19,2020021901004239,SICL,32,58,300,1238.0,371400.0
2020-02-19,2020021901004222,SICL,38,58,150,1239.0,185850.0
2020-02-19,2020021901004181,SICL,38,41,50,1239.0,61950.0
2020-02-19,2020021901004151,SICL,49,32,10,1240.0,12400.0
2020-02-19,2020021901004150,SICL,41,32,250,1241.0,310250.0
2020-02-19,2020021901004246,SICL,56,58,300,1235.0,370500.0
2020-02-19,2020021901004245,SICL,1,58,200,1235.0,247000.0
2020-02-19,2020021901004244,SICL,1,58,100,1235.0,123500.0
2020-02-19,2020021901004243,SICL,39,58,300,1235.0,370500.0
2020-02-19,2020021901004242,SICL,36,58,300,1235.0,370500.0
2020-02-19,2020021901004241,SICL,50,58,32,1235.0,39520.0
2020-02-19,2020021901004257,SICL,1,58,100,1230.0,123000.0
2020-02-19,2020021901004256,SICL,45,58,100,1231.0,123100.0
2020-02-19,2020021901004255,SICL,44,58,1000,1232.0,1232000.0
2020-02-19,2020021901004254,SICL,14,58,200,1233.0,246600.0
2020-02-19,2020021901004253,SICL,44,58,132,1234.0,162888.0
2020-02-19,2020021901004247,SICL,44,58,868,1234.0,1071112.0
2020-02-19,2020021901004269,SICL,52,58,46,1230.0,56580.0
2020-02-19,2020021901004261,SICL,55,58,200,1230.0,246000.0
2020-02-19,2020021901004260,SICL,36,58,100,1230.0,123000.0
2020-02-19,2020021901004259,SICL,8,58,47,1230.0,57810.0
2020-02-19,2020021901004258,SICL,44,58,500,1230.0,615000.0
2020-02-19,2020021901004369,SIL,44,34,25,584.0,14600.0
2020-02-19,2020021901004335,SIL,41,14,50,587.0,29350.0
2020-02-19,2020021901004544,SJCL,41,8,20,157.0,3140.0
2020-02-19,2020021901004536,SJCL,41,48,20,157.0,3140.0
2020-02-19,2020021901004499,SJCL,41,28,20,157.0,3140.0
2020-02-19,2020021901004460,SJCL,6,50,50,158.0,7900.0
2020-02-19,2020021901004237,SJCL,41,8,20,157.0,3140.0
2020-02-19,2020021901004457,SJCL,43,50,30,158.0,4740.0
2020-02-19,2020021901004456,SJCL,43,39,20,158.0,3160.0
2020-02-19,2020021901004455,SJCL,43,39,20,158.0,3160.0
2020-02-19,2020021901004421,SJCL,41,48,20,157.0,3140.0
2020-02-19,2020021901004352,SJCL,41,49,20,157.0,3140.0
2020-02-19,2020021901004389,SKBBL,47,36,50,1200.0,60000.0
2020-02-19,2020021901004388,SKBBL,47,22,50,1200.0,60000.0
2020-02-19,2020021901004368,SKBBL,49,57,500,1199.0,599500.0
2020-02-19,2020021901004367,SKBBL,49,43,242,1198.0,289916.0
2020-02-19,2020021901004192,SKBBL,43,22,820,1200.0,984000.0
2020-02-19,2020021901004191,SKBBL,43,43,400,1199.0,479600.0
2020-02-19,2020021901004073,SKBBL,43,39,500,1190.0,595000.0
2020-02-19,2020021901004072,SKBBL,43,35,450,1190.0,535500.0
2020-02-19,2020021901004071,SKBBL,43,19,300,1185.0,355500.0
2020-02-19,2020021901004070,SKBBL,43,43,300,1184.0,355200.0
2020-02-19,2020021901004058,SKBBL,43,11,15,1183.0,17745.0
2020-02-19,2020021901004190,SKBBL,43,29,100,1198.0,119800.0
2020-02-19,2020021901004088,SKBBL,43,22,130,1200.0,156000.0
2020-02-19,2020021901004087,SKBBL,43,53,50,1197.0,59850.0
2020-02-19,2020021901004086,SKBBL,43,20,20,1197.0,23940.0
2020-02-19,2020021901004082,SKBBL,59,11,50,1195.0,59750.0
2020-02-19,2020021901004074,SKBBL,43,11,450,1195.0,537750.0
2020-02-19,2020021901004095,SLBBL,48,33,100,955.0,95500.0
2020-02-19,2020021901004516,SLBSL,11,16,10,1023.0,10230.0
2020-02-19,2020021901004496,SLBSL,11,52,150,1023.0,153450.0
2020-02-19,2020021901004495,SLBSL,11,14,20,1023.0,20460.0
2020-02-19,2020021901004494,SLBSL,11,13,100,1023.0,102300.0
2020-02-19,2020021901004493,SLBSL,11,32,100,1020.0,102000.0
2020-02-19,2020021901004492,SLBSL,11,35,10,1019.0,10190.0
2020-02-19,2020021901004275,SLBSL,34,41,100,1008.0,100800.0
2020-02-19,2020021901004274,SLBSL,34,1,10,1000.0,10000.0
2020-02-19,2020021901004273,SLBSL,34,11,50,1000.0,50000.0
2020-02-19,2020021901004272,SLBSL,34,57,10,1000.0,10000.0
2020-02-19,2020021901004280,SLBSL,34,21,10,1009.0,10090.0
2020-02-19,2020021901004279,SLBSL,34,55,10,1009.0,10090.0
2020-02-19,2020021901004278,SLBSL,34,21,10,1009.0,10090.0
2020-02-19,2020021901004277,SLBSL,34,1,60,1009.0,60540.0
2020-02-19,2020021901004276,SLBSL,34,43,50,1008.0,50400.0
2020-02-19,2020021901004350,SLICL,41,49,14,495.0,6930.0
2020-02-19,2020021901004122,SLICL,41,49,100,492.0,49200.0
2020-02-19,2020021901004541,SMFBS,6,48,10,1143.0,11430.0
2020-02-19,2020021901004093,SMFBS,6,48,50,1166.0,58300.0
2020-02-19,2020021901004092,SMFBS,6,53,10,1160.0,11600.0
2020-02-19,2020021901004091,SMFBS,6,44,10,1160.0,11600.0
2020-02-19,2020021901004432,SPDL,13,8,15,102.0,1530.0
2020-02-19,2020021901004287,SPDL,13,8,587,102.0,59874.0
2020-02-19,2020021901004552,SRBL,4,49,157,255.0,40035.0
2020-02-19,2020021901004481,SRBL,4,32,1000,255.0,255000.0
2020-02-19,2020021901004480,SRBL,50,32,1000,255.0,255000.0
2020-02-19,2020021901004373,SRBL,50,49,28,256.0,7168.0
2020-02-19,2020021901004321,SRBL,50,7,972,256.0,248832.0
2020-02-19,2020021901004320,SRBL,25,7,100,256.0,25600.0
2020-02-19,2020021901004319,SRBL,4,7,928,256.0,237568.0
2020-02-19,2020021901004549,SWBBL,43,21,200,1330.0,266000.0
2020-02-19,2020021901004548,SWBBL,38,21,10,1331.0,13310.0
2020-02-19,2020021901004538,SWBBL,3,5,50,1335.0,66750.0
2020-02-19,2020021901004292,SWBBL,59,58,25,1326.0,33150.0
2020-02-19,2020021901004469,TMDBL,56,51,100,191.0,19100.0
2020-02-19,2020021901004468,TMDBL,56,22,41,191.0,7831.0
2020-02-19,2020021901004467,TMDBL,56,39,356,191.0,67996.0
2020-02-19,2020021901004466,TMDBL,56,41,66,191.0,12606.0
2020-02-19,2020021901004435,TMDBL,16,41,15,191.0,2865.0
2020-02-19,2020021901004324,TMDBL,44,7,10,189.0,1890.0
2020-02-19,2020021901004133,TMDBL,37,41,600,190.0,114000.0
2020-02-19,2020021901004537,TRH,43,36,100,304.0,30400.0
2020-02-19,2020021901004412,UIC,38,13,50,437.0,21850.0
2020-02-19,2020021901004131,UIC,57,11,300,437.0,131100.0
2020-02-19,2020021901004130,UIC,13,11,100,437.0,43700.0
2020-02-19,2020021901004129,UIC,56,11,100,437.0,43700.0
2020-02-19,2020021901004346,UMHL,59,56,27,115.0,3105.0
2020-02-19,2020021901004345,UMHL,29,56,86,116.0,9976.0
2020-02-19,2020021901004429,UPCL,17,48,50,80.0,4000.0
2020-02-19,2020021901004213,UPCL,17,34,10,81.0,810.0
2020-02-19,2020021901004212,UPCL,17,21,200,81.0,16200.0
2020-02-19,2020021901004211,UPCL,17,56,40,81.0,3240.0
2020-02-19,2020021901004210,UPCL,17,36,150,81.0,12150.0
2020-02-19,2020021901004209,UPCL,17,34,100,81.0,8100.0
2020-02-19,2020021901004120,UPCL,17,26,50,80.0,4000.0
2020-02-19,2020021901004065,UPCL,17,58,10,80.0,800.0
2020-02-19,2020021901004064,UPCL,17,58,40,80.0,3200.0
2020-02-19,2020021901004546,UPPER,36,48,50,239.0,11950.0
2020-02-19,2020021901004525,UPPER,36,48,40,239.0,9560.0
2020-02-19,2020021901004506,UPPER,36,28,40,239.0,9560.0
2020-02-19,2020021901004479,UPPER,6,41,10,240.0,2400.0
2020-02-19,2020021901004083,UPPER,22,58,40,238.0,9520.0
2020-02-19,2020021901004478,UPPER,6,57,40,240.0,9600.0
2020-02-19,2020021901004477,UPPER,6,57,50,240.0,12000.0
2020-02-19,2020021901004436,UPPER,36,48,40,239.0,9560.0
2020-02-19,2020021901004330,UPPER,22,38,22,238.0,5236.0
2020-02-19,2020021901004329,UPPER,6,38,18,239.0,4302.0
2020-02-19,2020021901003476,ADBL,21,57,196,399.0,78204.0
2020-02-19,2020021901003092,AKJCL,17,39,100,55.0,5500.0
2020-02-19,2020021901003359,AKPL,49,11,13,136.0,1768.0
2020-02-19,2020021901003057,AKPL,49,42,13,136.0,1768.0
2020-02-19,2020021901003459,ALBSL,42,40,30,785.0,23550.0
2020-02-19,2020021901003355,ALBSL,22,40,10,785.0,7850.0
2020-02-19,2020021901003354,ALBSL,22,33,20,783.0,15660.0
2020-02-19,2020021901003353,ALBSL,22,51,11,781.0,8591.0
2020-02-19,2020021901003352,ALBSL,22,6,20,780.0,15600.0
2020-02-19,2020021901003101,ALBSL,5,22,11,777.0,8547.0
2020-02-19,2020021901003096,ALBSL,57,40,11,771.0,8481.0
2020-02-19,2020021901003351,ALBSL,22,34,11,780.0,8580.0
2020-02-19,2020021901003350,ALBSL,22,59,100,780.0,78000.0
2020-02-19,2020021901003349,ALBSL,22,39,10,780.0,7800.0
2020-02-19,2020021901003348,ALBSL,22,38,11,779.0,8569.0
2020-02-19,2020021901003347,ALBSL,22,1,40,779.0,31160.0
2020-02-19,2020021901003269,ALBSL,57,40,11,771.0,8481.0
2020-02-19,2020021901003319,ALICL,52,39,89,632.0,56248.0
2020-02-19,2020021901003318,ALICL,34,39,10,632.0,6320.0
2020-02-19,2020021901003180,ALICL,38,35,100,634.0,63400.0
2020-02-19,2020021901003121,ALICL,57,50,200,633.0,126600.0
2020-02-19,2020021901003542,API,49,57,10,137.0,1370.0
2020-02-19,2020021901003527,API,49,56,505,137.0,69185.0
2020-02-19,2020021901003505,API,38,56,65,137.0,8905.0
2020-02-19,2020021901003504,API,56,56,400,137.0,54800.0
2020-02-19,2020021901003503,API,56,25,500,137.0,68500.0
2020-02-19,2020021901003077,API,56,41,100,137.0,13700.0
2020-02-19,2020021901003335,API,35,32,124,137.0,16988.0
2020-02-19,2020021901003334,API,35,22,25,137.0,3425.0
2020-02-19,2020021901003333,API,35,46,10,137.0,1370.0
2020-02-19,2020021901003142,BOKL,59,28,10,240.0,2400.0
2020-02-19,2020021901003539,BPCL,13,29,15,357.0,5355.0
2020-02-19,2020021901003358,BPCL,13,51,200,357.0,71400.0
2020-02-19,2020021901003183,BPCL,49,34,595,358.0,213010.0
2020-02-19,2020021901003120,BPCL,49,34,125,358.0,44750.0
2020-02-19,2020021901003104,BPCL,22,34,180,358.0,64440.0
2020-02-19,2020021901003103,BPCL,39,34,100,358.0,35800.0
2020-02-19,2020021901003413,CBBL,35,33,100,1110.0,111000.0
2020-02-19,2020021901003306,CBBL,35,55,40,1110.0,44400.0
2020-02-19,2020021901003305,CBBL,35,41,27,1110.0,29970.0
2020-02-19,2020021901003356,CBL,28,49,157,154.0,24178.0
2020-02-19,2020021901003285,CBL,28,26,1500,154.0,231000.0
2020-02-19,2020021901003284,CBL,11,26,500,154.0,77000.0
2020-02-19,2020021901003380,CCBL,41,49,65,186.0,12090.0
2020-02-19,2020021901003379,CCBL,21,49,28,187.0,5236.0
2020-02-19,2020021901003168,CCBL,21,53,10,187.0,1870.0
2020-02-19,2020021901003439,CHCL,56,4,99,423.0,41877.0
2020-02-19,2020021901003393,CHCL,10,53,202,424.0,85648.0
2020-02-19,2020021901003332,CHCL,10,29,98,424.0,41552.0
2020-02-19,2020021901003123,CHCL,49,42,72,426.0,30672.0
2020-02-19,2020021901003390,CHL,52,14,38,96.0,3648.0
2020-02-19,2020021901003485,CIT,14,19,200,2730.0,546000.0
2020-02-19,2020021901003242,CIT,5,22,75,2735.0,205125.0
2020-02-19,2020021901003241,CIT,33,22,25,2736.0,68400.0
2020-02-19,2020021901003468,CZBIL,34,17,50,198.0,9900.0
2020-02-19,2020021901003409,CZBIL,40,49,188,197.0,37036.0
2020-02-19,2020021901003322,CZBIL,40,38,118,197.0,23246.0
2020-02-19,2020021901003321,CZBIL,42,38,882,197.0,173754.0
2020-02-19,2020021901003220,CZBIL,42,20,39,197.0,7683.0
2020-02-19,2020021901003219,CZBIL,20,20,280,198.0,55440.0
2020-02-19,2020021901003145,CZBIL,20,51,10,198.0,1980.0
2020-02-19,2020021901003249,DDBL,22,41,20,899.0,17980.0
2020-02-19,2020021901003482,EBL,36,6,100,668.0,66800.0
2020-02-19,2020021901003117,EDBL,42,17,50,365.0,18250.0
2020-02-19,2020021901003486,EIC,36,32,100,448.0,44800.0
2020-02-19,2020021901003246,EIC,19,34,220,450.0,99000.0
2020-02-19,2020021901003147,FOWAD,38,7,49,1590.0,77910.0
2020-02-19,2020021901003364,GBBL,43,14,500,248.0,124000.0
2020-02-19,2020021901003363,GBBL,43,49,84,248.0,20832.0
2020-02-19,2020021901003259,GBBL,46,41,162,247.0,40014.0
2020-02-19,2020021901003254,GBBL,38,49,216,248.0,53568.0
2020-02-19,2020021901003253,GBBL,38,43,584,248.0,144832.0
2020-02-19,2020021901003093,GBBL,5,43,10,248.0,2480.0
2020-02-19,2020021901003517,GBIME,4,55,3,288.0,864.0
2020-02-19,2020021901003516,GBIME,41,55,100,288.0,28800.0
2020-02-19,2020021901003203,GBIME,33,57,1000,288.0,288000.0
2020-02-19,2020021901003530,GBLBS,39,33,300,509.0,152700.0
2020-02-19,2020021901003529,GBLBS,39,36,697,509.0,354773.0
2020-02-19,2020021901003396,GBLBS,39,44,200,509.0,101800.0
2020-02-19,2020021901003376,GBLBS,39,44,800,509.0,407200.0
2020-02-19,2020021901003375,GBLBS,39,57,500,509.0,254500.0
2020-02-19,2020021901003374,GBLBS,39,33,200,508.0,101600.0
2020-02-19,2020021901003125,GBLBS,38,13,200,509.0,101800.0
2020-02-19,2020021901003124,GBLBS,38,43,300,509.0,152700.0
2020-02-19,2020021901003108,GBLBS,39,46,100,508.0,50800.0
2020-02-19,2020021901003107,GBLBS,39,26,50,508.0,25400.0
2020-02-19,2020021901003069,GBLBS,39,32,300,507.0,152100.0
2020-02-19,2020021901003068,GBLBS,39,45,720,507.0,365040.0
2020-02-19,2020021901003286,GBLBS,39,5,15,508.0,7620.0
2020-02-19,2020021901003221,GBLBS,39,4,132,509.0,67188.0
2020-02-19,2020021901003199,GBLBS,53,56,800,508.0,406400.0
2020-02-19,2020021901003167,GBLBS,7,44,1000,509.0,509000.0
2020-02-19,2020021901003166,GBLBS,7,13,15,509.0,7635.0
2020-02-19,2020021901003156,GBLBS,52,56,200,507.0,101400.0
2020-02-19,2020021901003436,GGBSL,22,34,70,901.0,63070.0
2020-02-19,2020021901003435,GGBSL,22,34,100,902.0,90200.0
2020-02-19,2020021901003362,GHL,34,28,30,71.0,2130.0
2020-02-19,2020021901003337,GHL,34,28,30,71.0,2130.0
2020-02-19,2020021901003331,GHL,34,28,30,71.0,2130.0
2020-02-19,2020021901003323,GHL,34,28,30,71.0,2130.0
2020-02-19,2020021901003548,GILB,51,21,200,1392.0,278400.0
2020-02-19,2020021901003547,GILB,44,21,200,1393.0,278600.0
2020-02-19,2020021901003546,GILB,51,21,50,1394.0,69700.0
2020-02-19,2020021901003545,GILB,34,21,10,1394.0,13940.0
2020-02-19,2020021901003544,GILB,26,21,100,1395.0,139500.0
2020-02-19,2020021901003543,GILB,40,21,25,1400.0,35000.0
2020-02-19,2020021901003538,GLBSL,51,40,10,783.0,7830.0
2020-02-19,2020021901003297,GRDBL,40,41,85,134.0,11390.0
2020-02-19,2020021901003296,GRDBL,38,41,300,134.0,40200.0
2020-02-19,2020021901003295,GRDBL,52,41,100,135.0,13500.0
2020-02-19,2020021901003292,HBL,49,35,70,578.0,40460.0
2020-02-19,2020021901003481,HDL,36,53,60,1440.0,86400.0
2020-02-19,2020021901003460,HDL,50,41,35,1438.0,50330.0
2020-02-19,2020021901003414,HDL,19,49,25,1442.0,36050.0
2020-02-19,2020021901003392,HDL,19,58,10,1442.0,14420.0
2020-02-19,2020021901003391,HDL,19,4,115,1442.0,165830.0
2020-02-19,2020021901003173,HDL,58,34,210,1438.0,301980.0
2020-02-19,2020021901003090,HDL,43,6,334,1433.0,478622.0
2020-02-19,2020021901003089,HDL,55,6,100,1433.0,143300.0
2020-02-19,2020021901003088,HDL,55,6,16,1433.0,22928.0
2020-02-19,2020021901003087,HDL,29,6,50,1434.0,71700.0
2020-02-19,2020021901003060,HDL,28,22,175,1434.0,250950.0
2020-02-19,2020021901003054,HDL,28,6,25,1434.0,35850.0
2020-02-19,2020021901003433,HGI,50,38,200,445.0,89000.0
2020-02-19,2020021901003432,HGI,50,38,500,445.0,222500.0
2020-02-19,2020021901003431,HGI,1,38,300,446.0,133800.0
2020-02-19,2020021901003329,HGI,58,22,470,447.0,210090.0
2020-02-19,2020021901003158,HGI,58,26,30,447.0,13410.0
2020-02-19,2020021901003157,HGI,50,26,150,447.0,67050.0
2020-02-19,2020021901003394,HIDCL,26,32,61,137.0,8357.0
2020-02-19,2020021901003211,HIDCL,26,46,33,137.0,4521.0
2020-02-19,2020021901003210,HIDCL,50,46,22,137.0,3014.0
2020-02-19,2020021901003182,HPPL,49,33,10,155.0,1550.0
2020-02-19,2020021901003178,HPPL,49,36,10,154.0,1540.0
2020-02-19,2020021901003177,HPPL,49,44,10,153.0,1530.0
2020-02-19,2020021901003176,HPPL,49,7,10,152.0,1520.0
2020-02-19,2020021901003126,HPPL,26,48,10,151.0,1510.0
2020-02-19,2020021901003308,HURJA,56,42,20,107.0,2140.0
2020-02-19,2020021901003159,HURJA,13,51,20,106.0,2120.0
2020-02-19,2020021901003315,ICFC,52,36,188,185.0,34780.0
2020-02-19,2020021901003314,ICFC,52,17,564,185.0,104340.0
2020-02-19,2020021901003164,ICFC,56,17,200,185.0,37000.0
2020-02-19,2020021901003134,ICFC,52,17,546,185.0,101010.0
2020-02-19,2020021901003133,ICFC,52,13,100,185.0,18500.0
2020-02-19,2020021901003132,ICFC,52,43,29,184.0,5336.0
2020-02-19,2020021901003131,ICFC,52,48,100,184.0,18400.0
2020-02-19,2020021901003130,ICFC,52,50,194,184.0,35696.0
2020-02-19,2020021901003129,ICFC,52,4,31,184.0,5704.0
2020-02-19,2020021901003552,JBBL,28,8,150,193.0,28950.0
2020-02-19,2020021901003508,JBBL,28,34,20,193.0,3860.0
2020-02-19,2020021901003100,JBBL,28,29,138,193.0,26634.0
2020-02-19,2020021901003340,JOSHI,56,1,20,63.0,1260.0
2020-02-19,2020021901003083,JOSHI,56,22,20,63.0,1260.0
2020-02-19,2020021901003181,JSLBB,42,46,10,1830.0,18300.0
2020-02-19,2020021901003537,KBL,41,6,100,199.0,19900.0
2020-02-19,2020021901003343,KBL,33,6,550,199.0,109450.0
2020-02-19,2020021901003342,KBL,33,1,200,199.0,39800.0
2020-02-19,2020021901003205,KBL,28,16,216,198.0,42768.0
2020-02-19,2020021901003204,KBL,28,4,284,198.0,56232.0
2020-02-19,2020021901003106,KBL,52,50,84,197.0,16548.0
2020-02-19,2020021901003274,KMCDB,1,41,10,844.0,8440.0
2020-02-19,2020021901003457,KPCL,33,11,10,105.0,1050.0
2020-02-19,2020021901003141,KPCL,33,48,10,105.0,1050.0
2020-02-19,2020021901003098,KPCL,33,39,90,105.0,9450.0
2020-02-19,2020021901003174,KPCL,33,51,10,105.0,1050.0
2020-02-19,2020021901003218,KPCL,33,46,10,105.0,1050.0
2020-02-19,2020021901003309,KPCL,33,52,10,105.0,1050.0
2020-02-19,2020021901003307,KPCL,33,46,10,105.0,1050.0
2020-02-19,2020021901003277,KPCL,33,41,10,105.0,1050.0
2020-02-19,2020021901003234,KPCL,33,57,10,105.0,1050.0
2020-02-19,2020021901003511,KSBBL,22,51,500,170.0,85000.0
2020-02-19,2020021901003438,KSBBL,47,1,200,171.0,34200.0
2020-02-19,2020021901003437,KSBBL,34,1,607,171.0,103797.0
2020-02-19,2020021901003410,KSBBL,34,51,304,171.0,51984.0
2020-02-19,2020021901003381,KSBBL,34,47,89,171.0,15219.0
2020-02-19,2020021901003257,KSBBL,20,56,187,172.0,32164.0
2020-02-19,2020021901003266,LGIL,1,39,214,529.0,113206.0
2020-02-19,2020021901003059,LGIL,32,44,78,525.0,40950.0
2020-02-19,2020021901003455,LICN,55,49,45,1393.0,62685.0
2020-02-19,2020021901003454,LICN,7,49,100,1394.0,139400.0
2020-02-19,2020021901003453,LICN,26,49,55,1394.0,76670.0
2020-02-19,2020021901003067,LICN,7,34,150,1401.0,210150.0
2020-02-19,2020021901003066,LICN,7,7,10,1400.0,14000.0
2020-02-19,2020021901003065,LICN,7,13,500,1400.0,700000.0
2020-02-19,2020021901003064,LICN,7,50,50,1400.0,70000.0
2020-02-19,2020021901003063,LICN,7,8,50,1399.0,69950.0
2020-02-19,2020021901003062,LICN,7,56,40,1396.0,55840.0
2020-02-19,2020021901003193,LLBS,57,34,10,1184.0,11840.0
2020-02-19,2020021901003169,LLBS,41,17,20,1183.0,23660.0
2020-02-19,2020021901003201,MBL,56,55,350,242.0,84700.0
2020-02-19,2020021901003200,MBL,56,55,450,242.0,108900.0
2020-02-19,2020021901003149,MEGA,57,48,50,211.0,10550.0
2020-02-19,2020021901003209,MEGA,48,56,50,211.0,10550.0
2020-02-19,2020021901003208,MEGA,32,56,441,211.0,93051.0
2020-02-19,2020021901003150,MEGA,32,48,59,211.0,12449.0
2020-02-19,2020021901003456,MHNL,34,8,10,96.0,960.0
2020-02-19,2020021901003451,MLBBL,22,42,100,850.0,85000.0
2020-02-19,2020021901003416,MLBL,6,25,50,223.0,11150.0
2020-02-19,2020021901003339,MLBL,6,59,250,223.0,55750.0
2020-02-19,2020021901003338,MLBL,6,59,250,223.0,55750.0
2020-02-19,2020021901003310,MLBL,6,25,50,223.0,11150.0
2020-02-19,2020021901003227,MLBL,44,28,64,222.0,14208.0
2020-02-19,2020021901003226,MLBL,32,28,16,222.0,3552.0
2020-02-19,2020021901003214,MLBL,6,44,250,224.0,56000.0
2020-02-19,2020021901003213,MLBL,6,19,46,223.0,10258.0
2020-02-19,2020021901003212,MLBL,6,48,50,223.0,11150.0
2020-02-19,2020021901003446,MNBBL,57,34,93,330.0,30690.0
2020-02-19,2020021901003445,MNBBL,36,34,407,330.0,134310.0
2020-02-19,2020021901003367,MNBBL,38,13,200,332.0,66400.0
2020-02-19,2020021901003273,MNBBL,36,41,93,330.0,30690.0
2020-02-19,2020021901003272,MNBBL,28,41,235,331.0,77785.0
2020-02-19,2020021901003151,MNBBL,28,26,200,331.0,66200.0
2020-02-19,2020021901003118,MNBBL,28,1,265,331.0,87715.0
2020-02-19,2020021901003480,MPFL,44,29,10,130.0,1300.0
2020-02-19,2020021901003291,NABIL,39,32,50,750.0,37500.0
2020-02-19,2020021901003290,NABIL,26,32,130,750.0,97500.0
2020-02-19,2020021901003289,NABIL,13,32,573,750.0,429750.0
2020-02-19,2020021901003288,NABIL,55,32,100,751.0,75100.0
2020-02-19,2020021901003109,NABIL,55,38,50,751.0,37550.0
2020-02-19,2020021901003377,NADEP,17,53,10,783.0,7830.0
2020-02-19,2020021901003304,NADEP,17,29,190,783.0,148770.0
2020-02-19,2020021901003235,NADEP,58,29,10,783.0,7830.0
2020-02-19,2020021901003540,NBB,22,26,200,210.0,42000.0
2020-02-19,2020021901003528,NBB,32,26,1300,210.0,273000.0
2020-02-19,2020021901003424,NBB,29,26,390,210.0,81900.0
2020-02-19,2020021901003423,NBB,29,22,80,210.0,16800.0
2020-02-19,2020021901003422,NBB,29,34,2030,210.0,426300.0
2020-02-19,2020021901003153,NBF2,17,17,200,9.3,1860.0
2020-02-19,2020021901003152,NBF2,17,38,100,9.3,930.0
2020-02-19,2020021901003139,NBF2,17,17,500,9.3,4650.0
2020-02-19,2020021901003512,NBL,43,34,216,270.0,58320.0
2020-02-19,2020021901003500,NBL,14,34,50,270.0,13500.0
2020-02-19,2020021901003499,NBL,25,34,100,270.0,27000.0
2020-02-19,2020021901003498,NBL,51,34,300,270.0,81000.0
2020-02-19,2020021901003497,NBL,4,34,50,270.0,13500.0
2020-02-19,2020021901003496,NBL,4,34,50,270.0,13500.0
2020-02-19,2020021901003489,NBL,21,34,100,270.0,27000.0
2020-02-19,2020021901003488,NBL,49,34,200,270.0,54000.0
2020-02-19,2020021901003487,NBL,45,34,484,270.0,130680.0
2020-02-19,2020021901003417,NBL,58,58,250,271.0,67750.0
2020-02-19,2020021901003250,NBL,37,58,300,271.0,81300.0
2020-02-19,2020021901003495,NBL,49,34,250,270.0,67500.0
2020-02-19,2020021901003494,NBL,20,34,400,270.0,108000.0
2020-02-19,2020021901003493,NBL,40,34,1000,270.0,270000.0
2020-02-19,2020021901003492,NBL,45,34,200,270.0,54000.0
2020-02-19,2020021901003491,NBL,26,34,500,270.0,135000.0
2020-02-19,2020021901003490,NBL,36,34,100,270.0,27000.0
2020-02-19,2020021901003467,NCCB,56,40,35,196.0,6860.0
2020-02-19,2020021901003442,NCCB,34,40,40,196.0,7840.0
2020-02-19,2020021901003441,NCCB,34,29,10,196.0,1960.0
2020-02-19,2020021901003143,NCCB,34,57,75,195.0,14625.0
2020-02-19,2020021901003328,NFS,14,5,81,132.0,10692.0
2020-02-19,2020021901003240,NGPL,33,11,11,138.0,1518.0
2020-02-19,2020021901003239,NGPL,33,36,11,138.0,1518.0
2020-02-19,2020021901003137,NGPL,33,50,11,137.0,1507.0
2020-02-19,2020021901003115,NHDL,33,56,100,138.0,13800.0
2020-02-19,2020021901003515,NIB,35,8,50,387.0,19350.0
2020-02-19,2020021901003514,NIB,25,8,56,387.0,21672.0
2020-02-19,2020021901003395,NIB,25,46,44,387.0,17028.0
2020-02-19,2020021901003373,NIB,41,26,30,389.0,11670.0
2020-02-19,2020021901003341,NIB,42,26,150,389.0,58350.0
2020-02-19,2020021901003260,NIB,28,39,234,389.0,91026.0
2020-02-19,2020021901003256,NIB,28,46,44,389.0,17116.0
2020-02-19,2020021901003222,NIB,28,42,28,389.0,10892.0
2020-02-19,2020021901003136,NIB,28,50,44,389.0,17116.0
2020-02-19,2020021901003127,NIB,28,39,30,389.0,11670.0
2020-02-19,2020021901003055,NIB,26,49,35,387.0,13545.0
2020-02-19,2020021901003510,NIBPO,6,42,500,341.0,170500.0
2020-02-19,2020021901003472,NIBPO,6,28,1000,340.0,340000.0
2020-02-19,2020021901003534,NICA,17,33,150,547.0,82050.0
2020-02-19,2020021901003526,NICA,17,59,219,547.0,119793.0
2020-02-19,2020021901003525,NICA,32,59,81,547.0,44307.0
2020-02-19,2020021901003524,NICA,29,28,395,549.0,216855.0
2020-02-19,2020021901003523,NICA,29,49,105,548.0,57540.0
2020-02-19,2020021901003330,NICA,50,36,500,548.0,274000.0
2020-02-19,2020021901003311,NICA,17,44,2000,548.0,1096000.0
2020-02-19,2020021901003140,NICA,40,22,100,550.0,55000.0
2020-02-19,2020021901003079,NICA,28,1,100,550.0,55000.0
2020-02-19,2020021901003236,NICL,41,17,350,465.0,162750.0
2020-02-19,2020021901003536,NIL,59,59,50,607.0,30350.0
2020-02-19,2020021901003535,NIL,59,16,150,607.0,91050.0
2020-02-19,2020021901003532,NIL,59,16,700,607.0,424900.0
2020-02-19,2020021901003521,NIL,44,16,200,606.0,121200.0
2020-02-19,2020021901003317,NIL,38,16,50,607.0,30350.0
2020-02-19,2020021901003316,NIL,55,16,100,607.0,60700.0
2020-02-19,2020021901003102,NIL,39,57,500,608.0,304000.0
2020-02-19,2020021901003078,NIL,6,57,100,608.0,60800.0
2020-02-19,2020021901003474,NLBBL,51,29,100,835.0,83500.0
2020-02-19,2020021901003086,NLG,51,51,51,720.0,36720.0
2020-02-19,2020021901003465,NLIC,50,32,367,1194.0,438198.0
2020-02-19,2020021901003464,NLIC,34,32,100,1194.0,119400.0
2020-02-19,2020021901003463,NLIC,44,32,100,1195.0,119500.0
2020-02-19,2020021901003462,NLIC,14,32,100,1195.0,119500.0
2020-02-19,2020021901003461,NLIC,14,32,33,1195.0,39435.0
2020-02-19,2020021901003313,NLIC,14,1,107,1195.0,127865.0
2020-02-19,2020021901003155,NLIC,14,21,50,1195.0,59750.0
2020-02-19,2020021901003061,NLIC,14,29,60,1195.0,71700.0
2020-02-19,2020021901003471,NMB,14,49,150,409.0,61350.0
2020-02-19,2020021901003371,NMB,34,44,1500,410.0,615000.0
2020-02-19,2020021901003370,NMB,25,44,200,410.0,82000.0
2020-02-19,2020021901003369,NMB,25,44,200,410.0,82000.0
2020-02-19,2020021901003368,NMB,38,44,40,410.0,16400.0
2020-02-19,2020021901003303,NMB,38,59,355,410.0,145550.0
2020-02-19,2020021901003280,NMB,6,32,200,410.0,82000.0
2020-02-19,2020021901003279,NMB,49,32,447,410.0,183270.0
2020-02-19,2020021901003278,NMB,37,32,50,411.0,20550.0
2020-02-19,2020021901003302,NMB,36,59,300,410.0,123000.0
2020-02-19,2020021901003301,NMB,14,59,100,410.0,41000.0
2020-02-19,2020021901003300,NMB,32,59,100,410.0,41000.0
2020-02-19,2020021901003299,NMB,36,59,100,410.0,41000.0
2020-02-19,2020021901003298,NMB,42,59,45,410.0,18450.0
2020-02-19,2020021901003281,NMB,42,32,455,410.0,186550.0
2020-02-19,2020021901003255,NMBMF,58,40,12,940.0,11280.0
2020-02-19,2020021901003365,NUBL,6,53,50,1050.0,52500.0
2020-02-19,2020021901003287,NUBL,6,57,100,1055.0,105500.0
2020-02-19,2020021901003270,NUBL,6,55,70,1050.0,73500.0
2020-02-19,2020021901003261,NUBL,6,49,78,1050.0,81900.0
2020-02-19,2020021901003484,PCBL,21,49,142,289.0,41038.0
2020-02-19,2020021901003429,PCBL,21,38,1000,289.0,289000.0
2020-02-19,2020021901003389,PCBL,13,53,1000,289.0,289000.0
2020-02-19,2020021901003388,PCBL,13,46,1000,289.0,289000.0
2020-02-19,2020021901003387,PCBL,13,42,800,289.0,231200.0
2020-02-19,2020021901003386,PCBL,13,1,250,289.0,72250.0
2020-02-19,2020021901003385,PCBL,13,11,300,289.0,86700.0
2020-02-19,2020021901003263,PCBL,33,11,200,289.0,57800.0
2020-02-19,2020021901003262,PCBL,33,11,800,289.0,231200.0
2020-02-19,2020021901003119,PCBL,21,38,750,288.0,216000.0
2020-02-19,2020021901003080,PCBL,52,38,250,288.0,72000.0
2020-02-19,2020021901003501,PIC,42,49,100,652.0,65200.0
2020-02-19,2020021901003238,PIC,57,40,12,651.0,7812.0
2020-02-19,2020021901003207,PIC,42,13,117,656.0,76752.0
2020-02-19,2020021901003502,PICL,17,7,91,525.0,47775.0
2020-02-19,2020021901003206,PICL,6,7,300,518.0,155400.0
2020-02-19,2020021901003225,PLIC,59,39,50,615.0,30750.0
2020-02-19,2020021901003224,PLIC,14,39,100,615.0,61500.0
2020-02-19,2020021901003135,PLIC,50,50,63,616.0,38808.0
2020-02-19,2020021901003412,PPCL,41,1,10,125.0,1250.0
2020-02-19,2020021901003264,PPCL,7,42,10,125.0,1250.0
2020-02-19,2020021901003509,PRIN,41,16,200,497.0,99400.0
2020-02-19,2020021901003506,PRVU,43,49,262,251.0,65762.0
2020-02-19,2020021901003466,PRVU,43,25,200,251.0,50200.0
2020-02-19,2020021901003112,PRVU,28,45,308,252.0,77616.0
2020-02-19,2020021901003111,PRVU,28,57,64,252.0,16128.0
2020-02-19,2020021901003110,PRVU,28,57,428,252.0,107856.0
2020-02-19,2020021901003415,RBCL,48,6,10,11348.0,113480.0
2020-02-19,2020021901003372,RBCL,20,28,20,11220.0,224400.0
2020-02-19,2020021901003473,RBCLPO,16,59,50,9550.0,477500.0
2020-02-19,2020021901003450,RBCLPO,19,33,50,9370.0,468500.0
2020-02-19,2020021901003449,RBCLPO,58,33,20,9370.0,187400.0
2020-02-19,2020021901003448,RBCLPO,49,33,30,9371.0,281130.0
2020-02-19,2020021901003447,RBCLPO,40,33,10,9373.0,93730.0
2020-02-19,2020021901003085,RBCLPO,39,41,50,9450.0,472500.0
2020-02-19,2020021901003084,RBCLPO,28,41,20,9450.0,189000.0
2020-02-19,2020021901003327,RBCLPO,39,59,100,9400.0,940000.0
2020-02-19,2020021901003326,RBCLPO,14,59,100,9402.0,940200.0
2020-02-19,2020021901003325,RBCLPO,49,59,20,9403.0,188060.0
2020-02-19,2020021901003324,RBCLPO,43,59,10,9408.0,94080.0
2020-02-19,2020021901003116,RBCLPO,39,59,50,9450.0,472500.0
2020-02-19,2020021901003520,RHPL,49,48,40,166.0,6640.0
2020-02-19,2020021901003469,RHPL,49,1,10,166.0,1660.0
2020-02-19,2020021901003428,RHPL,49,32,40,166.0,6640.0
2020-02-19,2020021901003411,RHPL,49,46,40,166.0,6640.0
2020-02-19,2020021901003336,RHPL,49,46,40,166.0,6640.0
2020-02-19,2020021901003294,RHPL,49,42,40,166.0,6640.0
2020-02-19,2020021901003076,RHPL,11,39,200,167.0,33400.0
2020-02-19,2020021901003271,RHPL,49,46,40,166.0,6640.0
2020-02-19,2020021901003237,RHPL,49,18,40,166.0,6640.0
2020-02-19,2020021901003217,RHPL,49,51,30,166.0,4980.0
2020-02-19,2020021901003095,RHPL,49,46,40,166.0,6640.0
2020-02-19,2020021901003082,RHPL,49,42,10,166.0,1660.0
2020-02-19,2020021901003081,RHPL,29,42,490,166.0,81340.0
2020-02-19,2020021901003427,RMDC,34,22,50,750.0,37500.0
2020-02-19,2020021901003426,RMDC,47,22,20,750.0,15000.0
2020-02-19,2020021901003425,RMDC,51,22,25,750.0,18750.0
2020-02-19,2020021901003383,RMDC,51,38,25,750.0,18750.0
2020-02-19,2020021901003382,RMDC,16,38,38,750.0,28500.0
2020-02-19,2020021901003265,RMDC,6,53,200,751.0,150200.0
2020-02-19,2020021901003293,RRHP,45,41,10,102.0,1020.0
2020-02-19,2020021901003275,RRHP,45,11,10,102.0,1020.0
2020-02-19,2020021901003198,RRHP,45,51,10,102.0,1020.0
2020-02-19,2020021901003148,RRHP,45,46,10,102.0,1020.0
2020-02-19,2020021901003114,RRHP,45,39,10,102.0,1020.0
2020-02-19,2020021901003058,SABSL,54,40,10,940.0,9400.0
2020-02-19,2020021901003483,SADBL,32,1,50,170.0,8500.0
2020-02-19,2020021901003268,SADBL,44,34,500,170.0,85000.0
2020-02-19,2020021901003267,SADBL,44,44,292,170.0,49640.0
2020-02-19,2020021901003248,SADBL,14,20,458,169.0,77402.0
2020-02-19,2020021901003247,SADBL,42,20,582,169.0,98358.0
2020-02-19,2020021901003184,SADBL,42,20,418,169.0,70642.0
2020-02-19,2020021901003154,SADBL,28,44,50,170.0,8500.0
2020-02-19,2020021901003113,SADBL,32,44,100,170.0,17000.0
2020-02-19,2020021901003165,SAEF,41,46,4000,9.31,37240.0
2020-02-19,2020021901003312,SANIMA,29,58,10,357.0,3570.0
2020-02-19,2020021901003216,SANIMA,26,17,1000,357.0,357000.0
2020-02-19,2020021901003513,SBI,29,41,363,430.0,156090.0
2020-02-19,2020021901003407,SBL,34,29,200,323.0,64600.0
2020-02-19,2020021901003179,SBL,41,29,300,323.0,96900.0
2020-02-19,2020021901003138,SBL,7,37,267,323.0,86241.0
2020-02-19,2020021901003408,SCB,32,32,50,646.0,32300.0
2020-02-19,2020021901003223,SCB,44,51,43,645.0,27735.0
2020-02-19,2020021901003146,SCB,44,20,400,645.0,258000.0
2020-02-19,2020021901003479,SDESI,39,40,200,947.0,189400.0
2020-02-19,2020021901003478,SDESI,47,40,50,947.0,47350.0
2020-02-19,2020021901003477,SDESI,45,40,50,955.0,47750.0
2020-02-19,2020021901003276,SEF,14,7,1300,9.5,12350.0
2020-02-19,2020021901003232,SHIVM,36,58,850,625.0,531250.0
2020-02-19,2020021901003231,SHIVM,16,58,1900,625.0,1187500.0
2020-02-19,2020021901003230,SHIVM,19,58,250,626.0,156500.0
2020-02-19,2020021901003194,SHIVM,19,34,250,627.0,156750.0
2020-02-19,2020021901003122,SHIVM,39,39,150,626.0,93900.0
2020-02-19,2020021901003097,SHIVM,49,58,3155,624.0,1968720.0
2020-02-19,2020021901003470,SICL,37,49,52,1248.0,64896.0
2020-02-19,2020021901003346,SICL,34,59,12,1241.0,14892.0
2020-02-19,2020021901003452,SIL,36,59,26,592.0,15392.0
2020-02-19,2020021901003430,SIL,44,26,10,588.0,5880.0
2020-02-19,2020021901003531,SJCL,56,48,20,156.0,3120.0
2020-02-19,2020021901003458,SJCL,56,32,20,156.0,3120.0
2020-02-19,2020021901003440,SJCL,56,53,20,156.0,3120.0
2020-02-19,2020021901003418,SJCL,56,46,20,156.0,3120.0
2020-02-19,2020021901003345,SJCL,56,46,20,156.0,3120.0
2020-02-19,2020021901003282,SJCL,56,46,20,156.0,3120.0
2020-02-19,2020021901003128,SJCL,56,39,20,156.0,3120.0
2020-02-19,2020021901003228,SJCL,56,51,20,156.0,3120.0
2020-02-19,2020021901003175,SJCL,56,46,20,156.0,3120.0
2020-02-19,2020021901003160,SJCL,56,22,10,156.0,1560.0
2020-02-19,2020021901003533,SLBSL,34,32,60,970.0,58200.0
2020-02-19,2020021901003072,SLBSL,34,21,20,965.0,19300.0
2020-02-19,2020021901003071,SLBSL,34,21,10,963.0,9630.0
2020-02-19,2020021901003070,SLBSL,34,55,50,962.0,48100.0
2020-02-19,2020021901003099,SLBSL,26,13,20,979.0,19580.0
2020-02-19,2020021901003094,SLBSL,34,45,50,970.0,48500.0
2020-02-19,2020021901003075,SLBSL,34,45,40,969.0,38760.0
2020-02-19,2020021901003074,SLBSL,34,25,20,966.0,19320.0
2020-02-19,2020021901003073,SLBSL,34,14,50,965.0,48250.0
2020-02-19,2020021901003444,SLBSL,57,32,30,970.0,29100.0
2020-02-19,2020021901003384,SLBSL,34,32,100,970.0,97000.0
2020-02-19,2020021901003105,SLBSL,34,37,150,970.0,145500.0
2020-02-19,2020021901003519,SLICL,34,34,6,496.0,2976.0
2020-02-19,2020021901003475,SLICL,4,49,500,495.0,247500.0
2020-02-19,2020021901003443,SLICL,4,49,200,495.0,99000.0
2020-02-19,2020021901003378,SLICL,4,52,300,495.0,148500.0
2020-02-19,2020021901003244,SLICL,34,4,500,495.0,247500.0
2020-02-19,2020021901003243,SLICL,58,4,110,496.0,54560.0
2020-02-19,2020021901003197,SLICL,42,40,100,497.0,49700.0
2020-02-19,2020021901003196,SLICL,45,40,70,497.0,34790.0
2020-02-19,2020021901003195,SLICL,34,40,200,498.0,99600.0
2020-02-19,2020021901003366,SLICL,4,41,200,495.0,99000.0
2020-02-19,2020021901003283,SLICL,4,4,700,495.0,346500.0
2020-02-19,2020021901003258,SLICL,4,4,900,495.0,445500.0
2020-02-19,2020021901003252,SLICL,4,4,190,495.0,94050.0
2020-02-19,2020021901003251,SLICL,38,4,710,495.0,351450.0
2020-02-19,2020021901003245,SLICL,38,4,290,495.0,143550.0
2020-02-19,2020021901003215,SPARS,38,57,10,940.0,9400.0
2020-02-19,2020021901003202,SPARS,38,8,10,939.0,9390.0
2020-02-19,2020021901003522,SRBL,26,40,126,257.0,32382.0
2020-02-19,2020021901003434,SRBL,26,25,100,257.0,25700.0
2020-02-19,2020021901003421,SRBL,26,25,100,257.0,25700.0
2020-02-19,2020021901003229,SRBL,26,1,220,257.0,56540.0
2020-02-19,2020021901003162,SRBL,33,6,887,258.0,228846.0
2020-02-19,2020021901003161,SRBL,33,53,113,258.0,29154.0
2020-02-19,2020021901003144,STC,19,59,25,2769.0,69225.0
2020-02-19,2020021901003553,SWBBL,43,58,100,1292.0,129200.0
2020-02-19,2020021901003056,SWBBL,57,44,50,1300.0,65000.0
2020-02-19,2020021901003507,UIC,38,49,48,445.0,21360.0
2020-02-19,2020021901003163,UIC,38,39,315,445.0,140175.0
2020-02-19,2020021901003541,UMHL,29,48,14,116.0,1624.0
2020-02-19,2020021901003344,UMHL,29,1,100,117.0,11700.0
2020-02-19,2020021901003518,UPCL,17,1,50,80.0,4000.0
2020-02-19,2020021901003406,UPPER,57,50,50,241.0,12050.0
2020-02-19,2020021901003405,UPPER,57,41,236,241.0,56876.0
2020-02-19,2020021901003404,UPPER,57,32,670,241.0,161470.0
2020-02-19,2020021901003403,UPPER,57,59,40,241.0,9640.0
2020-02-19,2020021901003402,UPPER,57,45,50,241.0,12050.0
2020-02-19,2020021901003170,UPPER,1,49,50,240.0,12000.0
2020-02-19,2020021901003187,UPPER,42,11,50,240.0,12000.0
2020-02-19,2020021901003186,UPPER,42,41,50,240.0,12000.0
2020-02-19,2020021901003185,UPPER,42,45,50,240.0,12000.0
2020-02-19,2020021901003172,UPPER,1,38,40,240.0,9600.0
2020-02-19,2020021901003171,UPPER,1,53,70,240.0,16800.0
2020-02-19,2020021901003192,UPPER,42,11,45,240.0,10800.0
2020-02-19,2020021901003191,UPPER,42,52,40,240.0,9600.0
2020-02-19,2020021901003190,UPPER,42,38,500,240.0,120000.0
2020-02-19,2020021901003189,UPPER,42,17,40,240.0,9600.0
2020-02-19,2020021901003188,UPPER,42,33,50,240.0,12000.0
2020-02-19,2020021901003360,UPPER,55,46,20,238.0,4760.0
2020-02-19,2020021901003320,UPPER,55,42,40,238.0,9520.0
2020-02-19,2020021901003401,UPPER,57,48,50,240.0,12000.0
2020-02-19,2020021901003400,UPPER,57,48,50,240.0,12000.0
2020-02-19,2020021901003399,UPPER,57,57,40,240.0,9600.0
2020-02-19,2020021901003398,UPPER,57,14,50,240.0,12000.0
2020-02-19,2020021901003397,UPPER,57,11,955,240.0,229200.0
2020-02-19,2020021901003361,UPPER,22,46,30,238.0,7140.0
2020-02-19,2020021901003551,WOMI,26,34,89,1086.0,96654.0
2020-02-19,2020021901003550,WOMI,38,34,200,1087.0,217400.0
2020-02-19,2020021901003549,WOMI,26,34,100,1087.0,108700.0
2020-02-19,2020021901003357,WOMI,39,19,200,1088.0,217600.0
2020-02-19,2020021901003233,WOMI,37,38,200,1092.0,218400.0
2020-02-19,2020021901003091,WOMI,37,58,97,1093.0,106021.0
2020-02-19,2020021901003792,AKJCL,17,48,20,55.0,1100.0
2020-02-19,2020021901003572,AKJCL,17,58,20,55.0,1100.0
2020-02-19,2020021901003899,AKPL,49,38,11,137.0,1507.0
2020-02-19,2020021901003898,AKPL,49,13,2811,137.0,385107.0
2020-02-19,2020021901003849,AKPL,1,3,593,136.0,80648.0
2020-02-19,2020021901003848,AKPL,49,3,407,136.0,55352.0
2020-02-19,2020021901003700,AKPL,49,4,67,136.0,9112.0
2020-02-19,2020021901003822,ALBSL,34,48,11,772.0,8492.0
2020-02-19,2020021901003862,ALICL,14,36,46,630.0,28980.0
2020-02-19,2020021901003861,ALICL,22,36,275,630.0,173250.0
2020-02-19,2020021901003860,ALICL,52,36,11,632.0,6952.0
2020-02-19,2020021901003877,API,49,17,3000,138.0,414000.0
2020-02-19,2020021901003876,API,49,56,30,137.0,4110.0
2020-02-19,2020021901003684,API,32,55,100,136.0,13600.0
2020-02-19,2020021901003683,API,1,55,500,136.0,68000.0
2020-02-19,2020021901003682,API,7,55,30,136.0,4080.0
2020-02-19,2020021901003681,API,7,55,100,136.0,13600.0
2020-02-19,2020021901003680,API,57,55,50,136.0,6800.0
2020-02-19,2020021901003679,API,17,55,207,136.0,28152.0
2020-02-19,2020021901003685,API,34,55,213,136.0,28968.0
2020-02-19,2020021901003641,BNT,7,33,10,7020.0,70200.0
2020-02-19,2020021901004015,BOKL,40,1,180,238.0,42840.0
2020-02-19,2020021901004014,BOKL,34,1,20,238.0,4760.0
2020-02-19,2020021901004013,BOKL,34,14,180,238.0,42840.0
2020-02-19,2020021901004012,BOKL,34,14,200,238.0,47600.0
2020-02-19,2020021901004011,BOKL,34,14,100,238.0,23800.0
2020-02-19,2020021901003924,BOKL,57,33,50,239.0,11950.0
2020-02-19,2020021901003774,BPCL,13,13,85,357.0,30345.0
2020-02-19,2020021901003846,CBBL,59,28,40,1125.0,45000.0
2020-02-19,2020021901003845,CBBL,59,16,100,1125.0,112500.0
2020-02-19,2020021901003844,CBBL,59,58,10,1122.0,11220.0
2020-02-19,2020021901003776,CBL,57,39,157,153.0,24021.0
2020-02-19,2020021901003775,CBL,28,39,343,154.0,52822.0
2020-02-19,2020021901003949,CCBL,21,47,15,187.0,2805.0
2020-02-19,2020021901003592,CCBL,41,26,87,186.0,16182.0
2020-02-19,2020021901003850,CHL,48,55,100,95.0,9500.0
2020-02-19,2020021901003809,CHL,48,1,30,95.0,2850.0
2020-02-19,2020021901003698,CIT,5,5,10,2730.0,27300.0
2020-02-19,2020021901003618,CZBIL,40,40,10,197.0,1970.0
2020-02-19,2020021901003609,CZBIL,40,51,10,197.0,1970.0
2020-02-19,2020021901004050,EBL,36,32,15,665.0,9975.0
2020-02-19,2020021901004049,EBL,33,32,750,665.0,498750.0
2020-02-19,2020021901004048,EBL,26,32,300,666.0,199800.0
2020-02-19,2020021901003967,EBL,35,39,56,667.0,37352.0
2020-02-19,2020021901003589,EBL,44,6,100,668.0,66800.0
2020-02-19,2020021901003853,EBL,44,32,635,668.0,424180.0
2020-02-19,2020021901003768,EBL,19,41,100,669.0,66900.0
2020-02-19,2020021901003855,EDBL,29,17,20,365.0,7300.0
2020-02-19,2020021901003824,EIC,6,50,60,445.0,26700.0
2020-02-19,2020021901003759,EIC,6,16,30,445.0,13350.0
2020-02-19,2020021901003758,EIC,21,16,200,445.0,89000.0
2020-02-19,2020021901003757,EIC,32,16,70,446.0,31220.0
2020-02-19,2020021901003756,EIC,21,16,400,446.0,178400.0
2020-02-19,2020021901003653,EIC,29,50,500,448.0,224000.0
2020-02-19,2020021901003831,FMDBL,29,44,20,484.0,9680.0
2020-02-19,2020021901003789,FMDBL,33,34,18,481.0,8658.0
2020-02-19,2020021901003751,FMDBL,33,36,63,481.0,30303.0
2020-02-19,2020021901003750,FMDBL,18,36,99,481.0,47619.0
2020-02-19,2020021901003749,FMDBL,39,36,100,482.0,48200.0
2020-02-19,2020021901003748,FMDBL,14,36,10,482.0,4820.0
2020-02-19,2020021901004038,GBIME,57,38,300,287.0,86100.0
2020-02-19,2020021901004037,GBIME,35,38,110,287.0,31570.0
2020-02-19,2020021901004036,GBIME,20,38,123,287.0,35301.0
2020-02-19,2020021901003965,GBIME,20,32,40,287.0,11480.0
2020-02-19,2020021901003964,GBIME,20,41,137,287.0,39319.0
2020-02-19,2020021901003963,GBIME,14,41,31,287.0,8897.0
2020-02-19,2020021901003925,GBIME,14,38,44,287.0,12628.0
2020-02-19,2020021901003921,GBIME,14,56,25,287.0,7175.0
2020-02-19,2020021901003946,GBLBS,52,16,200,505.0,101000.0
2020-02-19,2020021901003863,GBLBS,22,40,15,505.0,7575.0
2020-02-19,2020021901003813,GBLBS,39,33,200,505.0,101000.0
2020-02-19,2020021901003697,GBLBS,39,5,985,506.0,498410.0
2020-02-19,2020021901003696,GBLBS,39,5,300,506.0,151800.0
2020-02-19,2020021901003632,GBLBS,39,55,15,506.0,7590.0
2020-02-19,2020021901003631,GBLBS,39,55,500,507.0,253500.0
2020-02-19,2020021901003591,GBLBS,39,52,100,509.0,50900.0
2020-02-19,2020021901003608,GILB,37,21,17,1388.0,23596.0
2020-02-19,2020021901003583,GILB,50,21,200,1388.0,277600.0
2020-02-19,2020021901003582,GILB,51,21,15,1390.0,20850.0
2020-02-19,2020021901003581,GILB,34,21,15,1391.0,20865.0
2020-02-19,2020021901003567,GLBSL,29,47,20,790.0,15800.0
2020-02-19,2020021901003854,GLICL,21,33,100,809.0,80900.0
2020-02-19,2020021901003629,GUFL,14,43,18,128.0,2304.0
2020-02-19,2020021901004041,HDL,21,16,235,1438.0,337930.0
2020-02-19,2020021901004040,HDL,50,16,65,1438.0,93470.0
2020-02-19,2020021901004039,HDL,40,16,200,1439.0,287800.0
2020-02-19,2020021901003920,HDL,58,29,100,1440.0,144000.0
2020-02-19,2020021901003897,HDL,49,29,200,1440.0,288000.0
2020-02-19,2020021901003714,HDL,29,38,170,1444.0,245480.0
2020-02-19,2020021901003713,HDL,29,48,30,1443.0,43290.0
2020-02-19,2020021901003712,HDL,29,51,200,1442.0,288400.0
2020-02-19,2020021901003639,HDL,28,49,140,1442.0,201880.0
2020-02-19,2020021901003621,HDL,28,51,160,1440.0,230400.0
2020-02-19,2020021901003576,HDL,36,51,40,1440.0,57600.0
2020-02-19,2020021901003947,HGI,41,57,245,444.0,108780.0
2020-02-19,2020021901003804,HGI,50,57,300,445.0,133500.0
2020-02-19,2020021901003803,HGI,50,57,800,445.0,356000.0
2020-02-19,2020021901003918,HPPL,29,38,50,155.0,7750.0
2020-02-19,2020021901003917,HPPL,39,38,40,156.0,6240.0
2020-02-19,2020021901003638,HPPL,39,58,10,156.0,1560.0
2020-02-19,2020021901003575,HPPL,39,35,20,158.0,3160.0
2020-02-19,2020021901003574,HPPL,39,52,20,158.0,3160.0
2020-02-19,2020021901003573,HPPL,39,8,10,157.0,1570.0
2020-02-19,2020021901003966,HURJA,13,38,20,106.0,2120.0
2020-02-19,2020021901003622,HURJA,13,51,20,106.0,2120.0
2020-02-19,2020021901004052,ILBS,4,51,200,912.0,182400.0
2020-02-19,2020021901003856,JBBL,28,46,742,193.0,143206.0
2020-02-19,2020021901003977,KBL,26,14,185,198.0,36630.0
2020-02-19,2020021901003955,KBL,26,58,100,198.0,19800.0
2020-02-19,2020021901003746,KBL,26,19,155,198.0,30690.0
2020-02-19,2020021901003745,KBL,51,19,10,198.0,1980.0
2020-02-19,2020021901003652,KKHC,25,58,16,52.0,832.0
2020-02-19,2020021901004044,KPCL,38,35,10,104.0,1040.0
2020-02-19,2020021901003881,KPCL,38,34,10,104.0,1040.0
2020-02-19,2020021901003670,KPCL,38,58,10,104.0,1040.0
2020-02-19,2020021901003640,KPCL,38,51,10,104.0,1040.0
2020-02-19,2020021901003578,KPCL,33,57,10,105.0,1050.0
2020-02-19,2020021901003556,KPCL,33,43,10,105.0,1050.0
2020-02-19,2020021901003734,KRBL,50,41,150,123.0,18450.0
2020-02-19,2020021901004026,KSBBL,49,59,47,170.0,7990.0
2020-02-19,2020021901003930,KSBBL,49,41,545,170.0,92650.0
2020-02-19,2020021901003777,KSBBL,22,41,455,170.0,77350.0
2020-02-19,2020021901003593,KSBBL,22,49,45,170.0,7650.0
2020-02-19,2020021901003564,KSBBL,59,46,1000,171.0,171000.0
2020-02-19,2020021901003563,KSBBL,59,1,100,171.0,17100.0
2020-02-19,2020021901003626,LBBL,25,33,100,197.0,19700.0
2020-02-19,2020021901003885,LGIL,32,16,422,525.0,221550.0
2020-02-19,2020021901003830,LGIL,53,34,50,526.0,26300.0
2020-02-19,2020021901004034,LICN,34,57,143,1393.0,199199.0
2020-02-19,2020021901003839,LICN,55,57,37,1393.0,51541.0
2020-02-19,2020021901003823,LICN,55,34,18,1393.0,25074.0
2020-02-19,2020021901003953,LLBS,16,14,200,1175.0,235000.0
2020-02-19,2020021901003997,MBL,58,34,2942,240.0,706080.0
2020-02-19,2020021901003996,MBL,25,34,100,240.0,24000.0
2020-02-19,2020021901003940,MBL,56,34,100,241.0,24100.0
2020-02-19,2020021901003939,MBL,33,34,50,241.0,12050.0
2020-02-19,2020021901003938,MBL,56,34,500,241.0,120500.0
2020-02-19,2020021901003937,MBL,22,34,700,241.0,168700.0
2020-02-19,2020021901003911,MBL,22,47,50,242.0,12100.0
2020-02-19,2020021901003910,MBL,56,47,22,242.0,5324.0
2020-02-19,2020021901003655,MBL,56,43,128,242.0,30976.0
2020-02-19,2020021901003554,MBL,22,34,200,243.0,48600.0
2020-02-19,2020021901004022,MEGA,32,51,100,211.0,21100.0
2020-02-19,2020021901004021,MEGA,34,51,200,211.0,42200.0
2020-02-19,2020021901004020,MEGA,57,51,50,211.0,10550.0
2020-02-19,2020021901004019,MEGA,48,51,50,211.0,10550.0
2020-02-19,2020021901004018,MEGA,48,51,100,211.0,21100.0
2020-02-19,2020021901003724,MFIL,17,34,200,193.0,38600.0
2020-02-19,2020021901004033,MNBBL,25,34,69,330.0,22770.0
2020-02-19,2020021901004032,MNBBL,57,34,407,330.0,134310.0
2020-02-19,2020021901004023,MNBBL,42,13,200,331.0,66200.0
2020-02-19,2020021901003733,MNBBL,6,13,100,331.0,33100.0
2020-02-19,2020021901003669,MNBBL,1,13,50,331.0,16550.0
2020-02-19,2020021901003633,MNBBL,42,13,25,331.0,8275.0
2020-02-19,2020021901003943,MPFL,39,26,100,124.0,12400.0
2020-02-19,2020021901003941,MPFL,35,26,20,124.0,2480.0
2020-02-19,2020021901003833,MPFL,35,39,10,126.0,1260.0
2020-02-19,2020021901003832,MPFL,44,39,10,126.0,1260.0
2020-02-19,2020021901003651,MPFL,44,29,10,128.0,1280.0
2020-02-19,2020021901003635,NABIL,26,1,112,750.0,84000.0
2020-02-19,2020021901003634,NABIL,26,49,447,750.0,335250.0
2020-02-19,2020021901003625,NABIL,42,49,53,750.0,39750.0
2020-02-19,2020021901003624,NABIL,42,32,147,750.0,110250.0
2020-02-19,2020021901003755,NADEP,36,44,20,779.0,15580.0
2020-02-19,2020021901003646,NBB,32,37,1500,211.0,316500.0
2020-02-19,2020021901003645,NBB,32,50,490,211.0,103390.0
2020-02-19,2020021901003644,NBB,32,41,404,211.0,85244.0
2020-02-19,2020021901003557,NBB,32,26,110,210.0,23100.0
2020-02-19,2020021901003836,NBF2,52,1,100,9.25,925.0
2020-02-19,2020021901003747,NBL,33,58,765,271.0,207315.0
2020-02-19,2020021901003736,NCCB,56,49,553,196.0,108388.0
2020-02-19,2020021901003661,NCCB,56,50,86,196.0,16856.0
2020-02-19,2020021901003711,NFS,11,13,48,132.0,6336.0
2020-02-19,2020021901003710,NFS,14,13,169,132.0,22308.0
2020-02-19,2020021901003753,NGPL,40,58,11,138.0,1518.0
2020-02-19,2020021901003613,NGPL,40,11,11,138.0,1518.0
2020-02-19,2020021901003761,NHDL,33,58,10,136.0,1360.0
2020-02-19,2020021901003659,NHDL,49,56,100,140.0,14000.0
2020-02-19,2020021901003658,NHDL,49,33,10,140.0,1400.0
2020-02-19,2020021901004024,NIB,35,49,101,385.0,38885.0
2020-02-19,2020021901003872,NIB,35,29,525,385.0,202125.0
2020-02-19,2020021901003871,NIB,17,29,200,385.0,77000.0
2020-02-19,2020021901003870,NIB,42,29,50,385.0,19250.0
2020-02-19,2020021901003869,NIB,35,29,10,385.0,3850.0
2020-02-19,2020021901003868,NIB,49,29,150,385.0,57750.0
2020-02-19,2020021901003867,NIB,1,29,100,386.0,38600.0
2020-02-19,2020021901003866,NIB,51,29,50,386.0,19300.0
2020-02-19,2020021901003865,NIB,56,29,50,386.0,19300.0
2020-02-19,2020021901003864,NIB,41,29,10,386.0,3860.0
2020-02-19,2020021901004031,NICA,50,17,500,546.0,273000.0
2020-02-19,2020021901004028,NICA,50,46,500,546.0,273000.0
2020-02-19,2020021901003907,NICA,44,26,51,545.0,27795.0
2020-02-19,2020021901003906,NICA,57,26,300,546.0,163800.0
2020-02-19,2020021901003905,NICA,1,26,100,546.0,54600.0
2020-02-19,2020021901003904,NICA,41,26,50,546.0,27300.0
2020-02-19,2020021901003715,NICA,17,8,131,547.0,71657.0
2020-02-19,2020021901003612,NICA,36,36,100,548.0,54800.0
2020-02-19,2020021901003743,NICA,57,36,100,547.0,54700.0
2020-02-19,2020021901003742,NICA,59,36,130,547.0,71110.0
2020-02-19,2020021901003741,NICA,50,36,500,547.0,273500.0
2020-02-19,2020021901003740,NICA,25,36,50,547.0,27350.0
2020-02-19,2020021901003739,NICA,44,36,131,547.0,71657.0
2020-02-19,2020021901003716,NICA,44,8,869,547.0,475343.0
2020-02-19,2020021901003788,NICA,59,36,81,546.0,44226.0
2020-02-19,2020021901003787,NICA,22,36,1000,546.0,546000.0
2020-02-19,2020021901003786,NICA,59,36,1000,546.0,546000.0
2020-02-19,2020021901003785,NICA,13,36,11,547.0,6017.0
2020-02-19,2020021901003767,NICA,11,36,60,548.0,32880.0
2020-02-19,2020021901003744,NICA,13,36,89,547.0,48683.0
2020-02-19,2020021901003903,NICA,59,26,20,546.0,10920.0
2020-02-19,2020021901003902,NICA,21,26,79,546.0,43134.0
2020-02-19,2020021901003880,NICA,21,39,200,546.0,109200.0
2020-02-19,2020021901003835,NICA,21,34,1140,546.0,622440.0
2020-02-19,2020021901003826,NICA,21,46,581,546.0,317226.0
2020-02-19,2020021901003825,NICA,59,46,419,546.0,228774.0
2020-02-19,2020021901004025,NIL,44,53,843,605.0,510015.0
2020-02-19,2020021901003995,NIL,44,53,157,605.0,94985.0
2020-02-19,2020021901003994,NIL,40,53,43,606.0,26058.0
2020-02-19,2020021901003989,NIL,40,38,40,606.0,24240.0
2020-02-19,2020021901003936,NIL,40,52,72,606.0,43632.0
2020-02-19,2020021901003935,NIL,36,52,28,606.0,16968.0
2020-02-19,2020021901003694,NIL,59,49,200,607.0,121400.0
2020-02-19,2020021901003667,NIL,44,58,100,606.0,60600.0
2020-02-19,2020021901003643,NIL,44,53,800,606.0,484800.0
2020-02-19,2020021901003642,NIL,44,53,200,606.0,121200.0
2020-02-19,2020021901003577,NIL,51,53,100,607.0,60700.0
2020-02-19,2020021901003919,NIL,36,39,12,606.0,7272.0
2020-02-19,2020021901003852,NIL,36,50,100,606.0,60600.0
2020-02-19,2020021901003851,NIL,36,41,220,606.0,133320.0
2020-02-19,2020021901003837,NIL,44,50,100,606.0,60600.0
2020-02-19,2020021901003695,NIL,59,7,500,607.0,303500.0
2020-02-19,2020021901003818,NLBBL,34,36,29,833.0,24157.0
2020-02-19,2020021901003817,NLBBL,52,36,50,834.0,41700.0
2020-02-19,2020021901003816,NLBBL,42,36,220,834.0,183480.0
2020-02-19,2020021901004035,NLG,22,21,100,721.0,72100.0
2020-02-19,2020021901003922,NLG,22,51,10,721.0,7210.0
2020-02-19,2020021901004043,NLIC,49,57,14,1188.0,16632.0
2020-02-19,2020021901004009,NLIC,49,32,86,1188.0,102168.0
2020-02-19,2020021901004008,NLIC,28,32,400,1188.0,475200.0
2020-02-19,2020021901004007,NLIC,28,32,400,1188.0,475200.0
2020-02-19,2020021901004006,NLIC,1,32,20,1188.0,23760.0
2020-02-19,2020021901004005,NLIC,32,32,300,1189.0,356700.0
2020-02-19,2020021901003580,NLIC,34,51,220,1197.0,263340.0
2020-02-19,2020021901003579,NLIC,34,42,80,1197.0,95760.0
2020-02-19,2020021901003895,NLIC,38,58,106,1196.0,126776.0
2020-02-19,2020021901003894,NLIC,38,58,124,1195.0,148180.0
2020-02-19,2020021901003884,NLIC,34,26,89,1193.0,106177.0
2020-02-19,2020021901003883,NLIC,50,26,11,1194.0,13134.0
2020-02-19,2020021901003703,NLIC,11,58,40,1196.0,47840.0
2020-02-19,2020021901003623,NLIC,50,26,22,1194.0,26268.0
2020-02-19,2020021901004004,NLIC,34,32,300,1189.0,356700.0
2020-02-19,2020021901004003,NLIC,37,32,194,1190.0,230860.0
2020-02-19,2020021901004002,NLIC,34,32,200,1190.0,238000.0
2020-02-19,2020021901004001,NLIC,46,32,100,1190.0,119000.0
2020-02-19,2020021901004000,NLIC,29,32,100,1190.0,119000.0
2020-02-19,2020021901003962,NLIC,34,57,11,1193.0,13123.0
2020-02-19,2020021901003916,NLICL,57,50,130,698.0,90740.0
2020-02-19,2020021901003900,NLICL,57,44,100,698.0,69800.0
2020-02-19,2020021901003847,NLICL,57,35,270,698.0,188460.0
2020-02-19,2020021901003732,NMB,36,58,100,409.0,40900.0
2020-02-19,2020021901003731,NMB,26,58,350,409.0,143150.0
2020-02-19,2020021901003730,NMB,21,58,1600,409.0,654400.0
2020-02-19,2020021901003729,NMB,34,58,200,409.0,81800.0
2020-02-19,2020021901003728,NMB,46,58,100,409.0,40900.0
2020-02-19,2020021901003727,NMB,14,58,200,409.0,81800.0
2020-02-19,2020021901003726,NMB,13,58,200,409.0,81800.0
2020-02-19,2020021901003707,NMB,29,25,315,410.0,129150.0
2020-02-19,2020021901003637,NMB,29,46,185,410.0,75850.0
2020-02-19,2020021901003636,NMB,40,46,15,410.0,6150.0
2020-02-19,2020021901003829,NSEWA,5,58,10,796.0,7960.0
2020-02-19,2020021901003915,NTC,1,34,10,621.0,6210.0
2020-02-19,2020021901003699,NTC,34,3,10,628.0,6280.0
2020-02-19,2020021901003901,NUBL,59,11,16,1058.0,16928.0
2020-02-19,2020021901003888,NUBL,59,1,100,1058.0,105800.0
2020-02-19,2020021901003887,NUBL,59,16,100,1055.0,105500.0
2020-02-19,2020021901003886,NUBL,59,43,60,1050.0,63000.0
2020-02-19,2020021901003929,PCBL,4,28,7000,287.0,2009000.0
2020-02-19,2020021901003808,PCBL,16,28,1000,287.0,287000.0
2020-02-19,2020021901003807,PCBL,22,28,500,287.0,143500.0
2020-02-19,2020021901003806,PCBL,13,28,1000,287.0,287000.0
2020-02-19,2020021901003805,PCBL,6,28,22,287.0,6314.0
2020-02-19,2020021901003630,PCBL,26,58,300,288.0,86400.0
2020-02-19,2020021901003570,PCBL,26,37,200,288.0,57600.0
2020-02-19,2020021901003838,PFL,1,58,13,159.0,2067.0
2020-02-19,2020021901003616,PFL,1,26,39,159.0,6201.0
2020-02-19,2020021901003951,PIC,36,16,80,654.0,52320.0
2020-02-19,2020021901003889,PIC,17,33,45,655.0,29475.0
2020-02-19,2020021901003769,PIC,29,33,20,655.0,13100.0
2020-02-19,2020021901003668,PIC,36,29,20,654.0,13080.0
2020-02-19,2020021901003961,PICL,36,22,620,526.0,326120.0
2020-02-19,2020021901003948,PICL,36,34,200,525.0,105000.0
2020-02-19,2020021901003878,PICL,36,11,50,527.0,26350.0
2020-02-19,2020021901003841,PICL,36,11,50,527.0,26350.0
2020-02-19,2020021901003827,PICL,36,7,59,525.0,30975.0
2020-02-19,2020021901003784,PICL,36,58,100,524.0,52400.0
2020-02-19,2020021901003959,PLIC,14,19,500,610.0,305000.0
2020-02-19,2020021901003958,PLIC,50,19,500,610.0,305000.0
2020-02-19,2020021901003931,PLIC,57,19,255,611.0,155805.0
2020-02-19,2020021901003705,PLIC,45,58,500,612.0,306000.0
2020-02-19,2020021901003704,PLIC,49,58,100,613.0,61300.0
2020-02-19,2020021901003620,PLIC,49,50,400,613.0,245200.0
2020-02-19,2020021901003619,PLIC,1,50,100,614.0,61400.0
2020-02-19,2020021901003562,PLIC,7,59,105,615.0,64575.0
2020-02-19,2020021901003957,PPCL,38,38,10,126.0,1260.0
2020-02-19,2020021901003896,PPCL,38,58,10,126.0,1260.0
2020-02-19,2020021901003783,PPCL,38,22,10,127.0,1270.0
2020-02-19,2020021901003782,PPCL,38,45,10,127.0,1270.0
2020-02-19,2020021901003781,PPCL,38,17,30,127.0,3810.0
2020-02-19,2020021901003780,PPCL,38,47,20,127.0,2540.0
2020-02-19,2020021901003779,PPCL,38,43,10,127.0,1270.0
2020-02-19,2020021901003778,PPCL,38,32,20,127.0,2540.0
2020-02-19,2020021901003942,PRIN,44,41,100,494.0,49400.0
2020-02-19,2020021901003812,PRIN,44,35,390,494.0,192660.0
2020-02-19,2020021901003811,PRIN,14,35,10,495.0,4950.0
2020-02-19,2020021901003810,PRIN,34,35,100,495.0,49500.0
2020-02-19,2020021901003701,PRIN,32,16,50,496.0,24800.0
2020-02-19,2020021901004053,PRVU,58,5,100,250.0,25000.0
2020-02-19,2020021901004030,PRVU,21,6,10,251.0,2510.0
2020-02-19,2020021901003909,PRVU,58,47,52,250.0,13000.0
2020-02-19,2020021901003875,PRVU,58,6,500,250.0,125000.0
2020-02-19,2020021901003840,PRVU,55,6,100,251.0,25100.0
2020-02-19,2020021901003821,PRVU,58,25,696,250.0,174000.0
2020-02-19,2020021901003820,PRVU,38,25,200,250.0,50000.0
2020-02-19,2020021901003819,PRVU,58,25,104,250.0,26000.0
2020-02-19,2020021901003568,PRVU,43,6,38,251.0,9538.0
2020-02-19,2020021901003678,RBCL,46,52,10,10984.0,109840.0
2020-02-19,2020021901003677,RBCL,22,52,10,10984.0,109840.0
2020-02-19,2020021901003676,RBCL,11,52,20,11000.0,220000.0
2020-02-19,2020021901003675,RBCL,20,52,10,11101.0,111010.0
2020-02-19,2020021901003628,RBCL,22,59,10,11208.0,112080.0
2020-02-19,2020021901003627,RBCL,22,59,20,11210.0,224200.0
2020-02-19,2020021901003617,RBCL,6,48,30,11340.0,340200.0
2020-02-19,2020021901003607,RBCL,6,48,40,11340.0,453600.0
2020-02-19,2020021901003585,RBCL,48,48,10,11340.0,113400.0
2020-02-19,2020021901003569,RBCL,6,48,40,11340.0,453600.0
2020-02-19,2020021901003650,RBCLPO,39,59,20,9370.0,187400.0
2020-02-19,2020021901004042,RHPC,21,29,10,90.0,900.0
2020-02-19,2020021901003950,RHPL,49,38,40,166.0,6640.0
2020-02-19,2020021901003945,RHPL,49,58,40,166.0,6640.0
2020-02-19,2020021901003934,RHPL,17,50,10,168.0,1680.0
2020-02-19,2020021901003933,RHPL,17,40,40,167.0,6680.0
2020-02-19,2020021901003815,RHPL,49,21,10,166.0,1660.0
2020-02-19,2020021901003772,RHPL,49,21,20,166.0,3320.0
2020-02-19,2020021901003599,RHPL,34,57,40,167.0,6680.0
2020-02-19,2020021901003598,RHPL,34,11,20,167.0,3340.0
2020-02-19,2020021901003597,RHPL,34,22,10,167.0,1670.0
2020-02-19,2020021901003596,RHPL,34,39,30,167.0,5010.0
2020-02-19,2020021901003595,RHPL,34,22,40,167.0,6680.0
2020-02-19,2020021901003594,RHPL,34,44,50,167.0,8350.0
2020-02-19,2020021901003766,RHPL,49,57,40,166.0,6640.0
2020-02-19,2020021901003709,RHPL,49,51,30,166.0,4980.0
2020-02-19,2020021901003603,RHPL,34,42,10,168.0,1680.0
2020-02-19,2020021901003602,RHPL,34,57,2000,168.0,336000.0
2020-02-19,2020021901003601,RHPL,34,57,10,167.0,1670.0
2020-02-19,2020021901003600,RHPL,34,11,20,167.0,3340.0
2020-02-19,2020021901004016,RMDC,42,32,100,754.0,75400.0
2020-02-19,2020021901003990,RMDC,21,59,10,754.0,7540.0
2020-02-19,2020021901003687,RRHP,45,51,10,102.0,1020.0
2020-02-19,2020021901003657,RSDC,36,34,30,487.0,14610.0
2020-02-19,2020021901003656,RSDC,16,34,10,487.0,4870.0
2020-02-19,2020021901003738,SABSL,13,7,100,948.0,94800.0
2020-02-19,2020021901003737,SABSL,13,19,230,945.0,217350.0
2020-02-19,2020021901003615,SABSL,54,1,30,940.0,28200.0
2020-02-19,2020021901003702,SADBL,32,43,222,170.0,37740.0
2020-02-19,2020021901004047,SANIMA,8,58,110,357.0,39270.0
2020-02-19,2020021901004046,SANIMA,29,58,90,357.0,32130.0
2020-02-19,2020021901003725,SBI,33,48,71,429.0,30459.0
2020-02-19,2020021901003691,SBI,33,56,279,429.0,119691.0
2020-02-19,2020021901003690,SBI,42,56,34,429.0,14586.0
2020-02-19,2020021901003614,SBI,29,56,137,430.0,58910.0
2020-02-19,2020021901003979,SBL,28,58,50,323.0,16150.0
2020-02-19,2020021901003960,SBL,21,6,10,324.0,3240.0
2020-02-19,2020021901003893,SBL,28,13,1823,323.0,588829.0
2020-02-19,2020021901003892,SBL,28,32,750,323.0,242250.0
2020-02-19,2020021901003891,SBL,28,8,200,323.0,64600.0
2020-02-19,2020021901003890,SBL,28,17,1164,323.0,375972.0
2020-02-19,2020021901003566,SBL,46,17,336,323.0,108528.0
2020-02-19,2020021901003565,SBL,46,29,14,323.0,4522.0
2020-02-19,2020021901003954,SCB,44,32,1000,645.0,645000.0
2020-02-19,2020021901003663,SCB,39,35,80,646.0,51680.0
2020-02-19,2020021901003662,SCB,32,35,100,646.0,64600.0
2020-02-19,2020021901003611,SCB,39,26,20,646.0,12920.0
2020-02-19,2020021901003976,SDESI,42,21,50,929.0,46450.0
2020-02-19,2020021901003975,SDESI,39,21,54,929.0,50166.0
2020-02-19,2020021901003974,SDESI,6,21,50,930.0,46500.0
2020-02-19,2020021901003973,SDESI,58,21,100,930.0,93000.0
2020-02-19,2020021901003972,SDESI,6,21,20,931.0,18620.0
2020-02-19,2020021901003971,SDESI,6,21,100,931.0,93100.0
2020-02-19,2020021901003970,SDESI,25,21,25,935.0,23375.0
2020-02-19,2020021901003969,SDESI,38,21,189,935.0,176715.0
2020-02-19,2020021901003968,SDESI,16,21,50,936.0,46800.0
2020-02-19,2020021901003956,SDESI,38,58,11,935.0,10285.0
2020-02-19,2020021901003978,SHINE,39,34,10,296.0,2960.0
2020-02-19,2020021901003923,SHINE,44,25,1209,297.0,359073.0
2020-02-19,2020021901003648,SHINE,13,25,300,298.0,89400.0
2020-02-19,2020021901003647,SHINE,50,25,40,298.0,11920.0
2020-02-19,2020021901003610,SHINE,50,4,10,298.0,2980.0
2020-02-19,2020021901003814,SHINE,44,39,1291,297.0,383427.0
2020-02-19,2020021901003790,SHINE,44,4,500,297.0,148500.0
2020-02-19,2020021901003708,SHINE,18,4,500,297.0,148500.0
2020-02-19,2020021901003649,SHINE,38,25,250,298.0,74500.0
2020-02-19,2020021901003765,SHIVM,34,5,695,623.0,432985.0
2020-02-19,2020021901003764,SHIVM,32,5,200,623.0,124600.0
2020-02-19,2020021901003763,SHIVM,6,5,105,624.0,65520.0
2020-02-19,2020021901003754,SHIVM,36,4,150,625.0,93750.0
2020-02-19,2020021901003874,SHPC,58,49,500,230.0,115000.0
2020-02-19,2020021901003873,SHPC,7,49,400,230.0,92000.0
2020-02-19,2020021901003988,SICL,56,14,200,1240.0,248000.0
2020-02-19,2020021901003987,SICL,28,14,25,1240.0,31000.0
2020-02-19,2020021901003986,SICL,21,14,100,1240.0,124000.0
2020-02-19,2020021901003985,SICL,32,14,50,1240.0,62000.0
2020-02-19,2020021901003984,SICL,55,14,200,1240.0,248000.0
2020-02-19,2020021901003983,SICL,5,14,100,1240.0,124000.0
2020-02-19,2020021901003605,SICL,59,49,148,1248.0,184704.0
2020-02-19,2020021901003604,SICL,59,36,150,1245.0,186750.0
2020-02-19,2020021901003561,SICL,34,42,144,1241.0,178704.0
2020-02-19,2020021901003560,SICL,52,42,154,1242.0,191268.0
2020-02-19,2020021901003559,SICL,33,42,100,1242.0,124200.0
2020-02-19,2020021901003558,SICL,36,42,100,1243.0,124300.0
2020-02-19,2020021901003982,SICL,39,14,100,1240.0,124000.0
2020-02-19,2020021901003981,SICL,1,14,20,1240.0,24800.0
2020-02-19,2020021901003980,SICL,34,14,344,1241.0,426904.0
2020-02-19,2020021901003914,SICL,53,8,12,1242.0,14904.0
2020-02-19,2020021901003913,SICL,21,8,100,1242.0,124200.0
2020-02-19,2020021901003606,SICL,59,19,200,1248.0,249600.0
2020-02-19,2020021901003999,SJCL,41,58,20,157.0,3140.0
2020-02-19,2020021901003660,SJCL,56,51,20,156.0,3120.0
2020-02-19,2020021901003952,SJCL,41,38,10,157.0,1570.0
2020-02-19,2020021901003791,SJCL,56,21,10,156.0,1560.0
2020-02-19,2020021901003762,SJCL,56,21,20,156.0,3120.0
2020-02-19,2020021901003674,SJCL,43,11,20,157.0,3140.0
2020-02-19,2020021901003673,SJCL,43,57,20,157.0,3140.0
2020-02-19,2020021901003672,SJCL,43,50,10,157.0,1570.0
2020-02-19,2020021901003928,SKBBL,43,7,50,1183.0,59150.0
2020-02-19,2020021901004017,SLBSL,6,32,160,990.0,158400.0
2020-02-19,2020021901003752,SLBSL,34,6,40,989.0,39560.0
2020-02-19,2020021901003723,SLBSL,34,6,10,989.0,9890.0
2020-02-19,2020021901003722,SLBSL,34,48,50,989.0,49450.0
2020-02-19,2020021901003721,SLBSL,34,14,30,989.0,29670.0
2020-02-19,2020021901003720,SLBSL,34,6,40,980.0,39200.0
2020-02-19,2020021901003719,SLBSL,34,13,80,979.0,78320.0
2020-02-19,2020021901003718,SLBSL,34,37,80,978.0,78240.0
2020-02-19,2020021901003717,SLBSL,34,17,10,975.0,9750.0
2020-02-19,2020021901003993,SLICL,41,52,100,492.0,49200.0
2020-02-19,2020021901003992,SLICL,21,52,100,492.0,49200.0
2020-02-19,2020021901003932,SLICL,35,6,102,495.0,50490.0
2020-02-19,2020021901003834,SLICL,4,6,10,495.0,4950.0
2020-02-19,2020021901003926,SMATA,29,22,20,835.0,16700.0
2020-02-19,2020021901004027,SPARS,47,57,10,931.0,9310.0
2020-02-19,2020021901004010,SPARS,47,35,10,931.0,9310.0
2020-02-19,2020021901003843,SPARS,47,57,10,931.0,9310.0
2020-02-19,2020021901003688,SPARS,21,41,10,932.0,9320.0
2020-02-19,2020021901004045,SPDL,37,58,15,103.0,1545.0
2020-02-19,2020021901003998,SPDL,37,53,83,103.0,8549.0
2020-02-19,2020021901003991,SRBL,4,3,62,256.0,15872.0
2020-02-19,2020021901003927,SRBL,4,48,10,256.0,2560.0
2020-02-19,2020021901003912,SRBL,26,7,337,257.0,86609.0
2020-02-19,2020021901003773,SRBL,26,25,50,257.0,12850.0
2020-02-19,2020021901003689,SRBL,26,57,50,257.0,12850.0
2020-02-19,2020021901003908,STC,29,54,10,2760.0,27600.0
2020-02-19,2020021901004029,SWBBL,28,44,10,1350.0,13500.0
2020-02-19,2020021901003944,SWBBL,26,28,50,1352.0,67600.0
2020-02-19,2020021901003882,SWBBL,59,37,20,1379.0,27580.0
2020-02-19,2020021901003842,SWBBL,59,42,100,1352.0,135200.0
2020-02-19,2020021901003802,SWBBL,59,44,50,1326.0,66300.0
2020-02-19,2020021901003693,SWBBL,59,35,420,1300.0,546000.0
2020-02-19,2020021901003692,SWBBL,59,57,80,1300.0,104000.0
2020-02-19,2020021901003666,SWBBL,59,57,20,1300.0,26000.0
2020-02-19,2020021901003665,SWBBL,59,44,450,1300.0,585000.0
2020-02-19,2020021901003664,SWBBL,59,57,30,1299.0,38970.0
2020-02-19,2020021901003795,SWBBL,59,44,235,1310.0,307850.0
2020-02-19,2020021901003794,SWBBL,59,54,42,1310.0,55020.0
2020-02-19,2020021901003793,SWBBL,59,26,50,1309.0,65450.0
2020-02-19,2020021901003771,SWBBL,59,37,998,1304.0,1301392.0
2020-02-19,2020021901003770,SWBBL,59,59,62,1303.0,80786.0
2020-02-19,2020021901003760,SWBBL,59,35,3980,1300.0,5174000.0
2020-02-19,2020021901003801,SWBBL,59,25,10,1326.0,13260.0
2020-02-19,2020021901003800,SWBBL,59,21,100,1326.0,132600.0
2020-02-19,2020021901003799,SWBBL,59,59,250,1325.0,331250.0
2020-02-19,2020021901003798,SWBBL,59,28,100,1315.0,131500.0
2020-02-19,2020021901003797,SWBBL,59,45,200,1315.0,263000.0
2020-02-19,2020021901003796,SWBBL,59,42,500,1313.0,656500.0
2020-02-19,2020021901003879,TRH,44,3,10,301.0,3010.0
2020-02-19,2020021901004051,UFL,40,13,50,183.0,9150.0
2020-02-19,2020021901003859,UIC,25,53,100,442.0,44200.0
2020-02-19,2020021901003858,UIC,25,53,100,442.0,44200.0
2020-02-19,2020021901003857,UIC,47,53,40,442.0,17680.0
2020-02-19,2020021901003671,UIC,38,53,147,446.0,65562.0
2020-02-19,2020021901003654,UIC,38,58,20,446.0,8920.0
2020-02-19,2020021901003590,UIC,38,37,80,445.0,35600.0
2020-02-19,2020021901003828,UPCL,17,22,50,80.0,4000.0
2020-02-19,2020021901003555,UPCL,17,48,50,80.0,4000.0
2020-02-19,2020021901003735,UPPER,22,21,40,238.0,9520.0
2020-02-19,2020021901003706,UPPER,22,21,50,238.0,11900.0
2020-02-19,2020021901003571,UPPER,22,48,40,238.0,9520.0
2020-02-19,2020021901003686,WOMI,26,58,92,1085.0,99820.0
2020-02-19,2020021901003588,WOMI,37,58,200,1085.0,217000.0
2020-02-19,2020021901003587,WOMI,48,58,100,1085.0,108500.0
2020-02-19,2020021901003586,WOMI,26,58,11,1086.0,11946.0
2020-02-19,2020021901003584,WOMI,29,49,20,1092.0,21840.0
2020-02-19,2020021901002040,ADBL,58,8,950,397.0,377150.0
2020-02-19,2020021901001985,ADBL,14,8,50,397.0,19850.0
2020-02-19,2020021901001984,ADBL,14,55,50,396.0,19800.0
2020-02-19,2020021901001866,AKJCL,10,48,10,55.0,550.0
2020-02-19,2020021901001943,AKPL,49,13,1000,137.0,137000.0
2020-02-19,2020021901001720,AKPL,49,3,23,136.0,3128.0
2020-02-19,2020021901001704,AKPL,35,3,500,136.0,68000.0
2020-02-19,2020021901001590,AKPL,1,3,477,136.0,64872.0
2020-02-19,2020021901001589,AKPL,1,52,23,136.0,3128.0
2020-02-19,2020021901001788,ALBSL,34,52,100,768.0,76800.0
2020-02-19,2020021901001565,ALBSL,22,52,100,768.0,76800.0
2020-02-19,2020021901001564,ALBSL,22,1,50,768.0,38400.0
2020-02-19,2020021901001562,ALBSL,34,1,50,768.0,38400.0
2020-02-19,2020021901002051,ALICL,6,35,500,629.0,314500.0
2020-02-19,2020021901001955,ALICL,52,35,400,629.0,251600.0
2020-02-19,2020021901001920,ALICL,32,35,500,629.0,314500.0
2020-02-19,2020021901001860,ALICL,50,5,508,629.0,319532.0
2020-02-19,2020021901001804,ALICL,14,5,492,629.0,309468.0
2020-02-19,2020021901001803,ALICL,14,58,188,629.0,118252.0
2020-02-19,2020021901001802,ALICL,14,35,400,628.0,251200.0
2020-02-19,2020021901001801,ALICL,14,35,120,628.0,75360.0
2020-02-19,2020021901001714,ALICL,32,35,480,628.0,301440.0
2020-02-19,2020021901001713,ALICL,32,48,20,628.0,12560.0
2020-02-19,2020021901001677,ALICL,6,25,50,627.0,31350.0
2020-02-19,2020021901001676,ALICL,33,25,100,627.0,62700.0
2020-02-19,2020021901001964,BOKL,36,45,200,238.0,47600.0
2020-02-19,2020021901001745,BOKL,28,45,10,239.0,2390.0
2020-02-19,2020021901002002,BPCL,45,49,211,358.0,75538.0
2020-02-19,2020021901002001,BPCL,45,42,69,358.0,24702.0
2020-02-19,2020021901002000,BPCL,45,3,100,357.0,35700.0
2020-02-19,2020021901001999,BPCL,45,39,30,356.0,10680.0
2020-02-19,2020021901001998,BPCL,45,35,50,356.0,17800.0
2020-02-19,2020021901001997,BPCL,45,35,40,356.0,14240.0
2020-02-19,2020021901001663,BPCL,36,49,22,352.0,7744.0
2020-02-19,2020021901001657,BPCL,36,52,200,352.0,70400.0
2020-02-19,2020021901001934,CBBL,59,11,93,1103.0,102579.0
2020-02-19,2020021901001877,CBBL,19,11,25,1103.0,27575.0
2020-02-19,2020021901001812,CBBL,59,19,46,1102.0,50692.0
2020-02-19,2020021901001811,CBBL,53,26,16,1100.0,17600.0
2020-02-19,2020021901001674,CBBL,18,51,20,1095.0,21900.0
2020-02-19,2020021901001850,CBL,22,33,500,153.0,76500.0
2020-02-19,2020021901001696,CBL,57,22,70,152.0,10640.0
2020-02-19,2020021901001950,CCBL,29,26,1400,185.0,259000.0
2020-02-19,2020021901001949,CCBL,29,45,824,185.0,152440.0
2020-02-19,2020021901001948,CCBL,29,49,886,185.0,163910.0
2020-02-19,2020021901001864,CCBL,7,49,1000,185.0,185000.0
2020-02-19,2020021901001706,CCBL,58,49,114,185.0,21090.0
2020-02-19,2020021901001705,CCBL,58,37,56,185.0,10360.0
2020-02-19,2020021901001944,CIT,54,45,50,2735.0,136750.0
2020-02-19,2020021901001829,CIT,7,45,20,2735.0,54700.0
2020-02-19,2020021901001827,CIT,53,45,20,2735.0,54700.0
2020-02-19,2020021901001826,CIT,53,7,30,2735.0,82050.0
2020-02-19,2020021901001646,CIT,43,7,20,2735.0,54700.0
2020-02-19,2020021901001620,CIT,17,26,91,2720.0,247520.0
2020-02-19,2020021901002006,CZBIL,26,51,10,197.0,1970.0
2020-02-19,2020021901001700,CZBIL,56,39,116,197.0,22852.0
2020-02-19,2020021901001603,CZBIL,26,39,50,197.0,9850.0
2020-02-19,2020021901001602,CZBIL,53,39,100,197.0,19700.0
2020-02-19,2020021901001601,CZBIL,45,39,53,197.0,10441.0
2020-02-19,2020021901001573,CZBIL,28,57,10,198.0,1980.0
2020-02-19,2020021901001876,DDBL,32,45,100,888.0,88800.0
2020-02-19,2020021901001800,DDBL,45,58,100,885.0,88500.0
2020-02-19,2020021901001744,DHPL,19,46,11,55.0,605.0
2020-02-19,2020021901001563,DHPL,41,33,380,55.0,20900.0
2020-02-19,2020021901001642,EBL,6,49,175,663.0,116025.0
2020-02-19,2020021901001641,EBL,6,54,50,662.0,33100.0
2020-02-19,2020021901001621,EBL,6,36,40,660.0,26400.0
2020-02-19,2020021901001584,EBL,28,36,10,660.0,6600.0
2020-02-19,2020021901001835,EIC,45,56,143,445.0,63635.0
2020-02-19,2020021901001834,EIC,45,14,100,445.0,44500.0
2020-02-19,2020021901001805,EIC,52,56,100,444.0,44400.0
2020-02-19,2020021901001756,EIC,36,25,100,443.0,44300.0
2020-02-19,2020021901001611,EIC,54,56,100,440.0,44000.0
2020-02-19,2020021901001610,EIC,38,56,500,440.0,220000.0
2020-02-19,2020021901001609,EIC,34,56,100,440.0,44000.0
2020-02-19,2020021901001608,EIC,38,56,100,440.0,44000.0
2020-02-19,2020021901001607,EIC,28,56,20,440.0,8800.0
2020-02-19,2020021901001606,EIC,37,56,100,440.0,44000.0
2020-02-19,2020021901001605,EIC,45,56,200,441.0,88200.0
2020-02-19,2020021901001604,EIC,26,56,12,442.0,5304.0
2020-02-19,2020021901002019,FMDBL,57,41,81,484.0,39204.0
2020-02-19,2020021901002018,FMDBL,57,49,528,483.0,255024.0
2020-02-19,2020021901002017,FMDBL,57,18,99,482.0,47718.0
2020-02-19,2020021901001957,FMDBL,18,44,200,481.0,96200.0
2020-02-19,2020021901001896,FMDBL,14,56,300,479.0,143700.0
2020-02-19,2020021901001865,FMDBL,38,56,1000,479.0,479000.0
2020-02-19,2020021901001751,FMDBL,14,22,100,477.0,47700.0
2020-02-19,2020021901001947,GBIME,6,17,27,286.0,7722.0
2020-02-19,2020021901001891,GBIME,59,42,10,287.0,2870.0
2020-02-19,2020021901001832,GBIME,4,20,482,285.0,137370.0
2020-02-19,2020021901001831,GBIME,4,20,199,285.0,56715.0
2020-02-19,2020021901001799,GBIME,14,48,200,286.0,57200.0
2020-02-19,2020021901001666,GBIME,4,39,261,285.0,74385.0
2020-02-19,2020021901001631,GBIME,4,16,490,285.0,139650.0
2020-02-19,2020021901001630,GBIME,28,16,10,286.0,2860.0
2020-02-19,2020021901001574,GBIME,4,16,500,285.0,142500.0
2020-02-19,2020021901002007,GBLBS,8,26,40,504.0,20160.0
2020-02-19,2020021901001868,GBLBS,44,36,490,503.0,246470.0
2020-02-19,2020021901001837,GBLBS,41,36,10,503.0,5030.0
2020-02-19,2020021901001757,GBLBS,40,36,500,503.0,251500.0
2020-02-19,2020021901001645,GBLBS,1,52,10,502.0,5020.0
2020-02-19,2020021901001644,GBLBS,1,39,400,502.0,200800.0
2020-02-19,2020021901001634,GBLBS,45,39,100,502.0,50200.0
2020-02-19,2020021901001583,GBLBS,16,34,1300,501.0,651300.0
2020-02-19,2020021901001580,GBLBS,42,38,15,500.0,7500.0
2020-02-19,2020021901001942,GGBSL,22,16,10,901.0,9010.0
2020-02-19,2020021901001703,GLBSL,51,52,43,783.0,33669.0
2020-02-19,2020021901001906,GLICL,38,37,500,815.0,407500.0
2020-02-19,2020021901001905,GLICL,38,58,250,814.0,203500.0
2020-02-19,2020021901001904,GLICL,38,44,70,813.0,56910.0
2020-02-19,2020021901001763,GLICL,45,45,46,810.0,37260.0
2020-02-19,2020021901001762,GLICL,45,22,40,809.0,32360.0
2020-02-19,2020021901001983,HBL,48,41,500,570.0,285000.0
2020-02-19,2020021901001982,HBL,48,41,500,570.0,285000.0
2020-02-19,2020021901001624,HBL,28,26,10,572.0,5720.0
2020-02-19,2020021901001867,HDL,26,16,193,1430.0,275990.0
2020-02-19,2020021901001849,HDL,38,16,20,1430.0,28600.0
2020-02-19,2020021901001833,HDL,29,16,340,1430.0,486200.0
2020-02-19,2020021901001772,HDL,10,22,90,1429.0,128610.0
2020-02-19,2020021901001771,HDL,10,38,10,1429.0,14290.0
2020-02-19,2020021901001767,HDL,45,38,40,1429.0,57160.0
2020-02-19,2020021901001760,HDL,38,38,30,1429.0,42870.0
2020-02-19,2020021901001728,HDL,56,54,70,1428.0,99960.0
2020-02-19,2020021901001790,HGI,58,35,100,444.0,44400.0
2020-02-19,2020021901001689,HGI,45,48,100,442.0,44200.0
2020-02-19,2020021901001582,HGI,16,19,500,440.0,220000.0
2020-02-19,2020021901001581,HGI,16,38,25,440.0,11000.0
2020-02-19,2020021901001555,HIDCL,1,55,150,138.0,20700.0
2020-02-19,2020021901001554,HIDCL,1,51,26,138.0,3588.0
2020-02-19,2020021901002035,HPPL,26,51,10,151.0,1510.0
2020-02-19,2020021901001750,HPPL,26,39,20,151.0,3020.0
2020-02-19,2020021901001912,IGI,21,42,75,479.0,35925.0
2020-02-19,2020021901001911,IGI,21,5,160,478.0,76480.0
2020-02-19,2020021901001910,IGI,21,26,65,477.0,31005.0
2020-02-19,2020021901001732,ILBS,44,44,24,910.0,21840.0
2020-02-19,2020021901001731,ILBS,44,44,24,910.0,21840.0
2020-02-19,2020021901001730,ILBS,44,44,38,910.0,34580.0
2020-02-19,2020021901001729,ILBS,44,44,24,910.0,21840.0
2020-02-19,2020021901001710,JBBL,45,49,89,190.0,16910.0
2020-02-19,2020021901001671,JBBL,56,49,240,190.0,45600.0
2020-02-19,2020021901001670,JBBL,56,42,160,190.0,30400.0
2020-02-19,2020021901001678,JFL,28,17,100,179.0,17900.0
2020-02-19,2020021901001635,KBL,28,28,10,197.0,1970.0
2020-02-19,2020021901001952,KKHC,25,58,50,52.0,2600.0
2020-02-19,2020021901001927,KPCL,33,58,30,105.0,3150.0
2020-02-19,2020021901001926,KPCL,38,58,20,105.0,2100.0
2020-02-19,2020021901002043,KSBBL,44,19,649,169.0,109681.0
2020-02-19,2020021901002042,KSBBL,44,19,25,169.0,4225.0
2020-02-19,2020021901001889,KSBBL,44,19,203,169.0,34307.0
2020-02-19,2020021901001888,KSBBL,44,19,1000,169.0,169000.0
2020-02-19,2020021901001887,KSBBL,44,14,55,169.0,9295.0
2020-02-19,2020021901001886,KSBBL,44,7,178,169.0,30082.0
2020-02-19,2020021901001863,KSBBL,57,7,25,169.0,4225.0
2020-02-19,2020021901001766,KSBBL,44,32,66,168.0,11088.0
2020-02-19,2020021901001578,KSBBL,49,32,1062,168.0,178416.0
2020-02-19,2020021901001577,KSBBL,49,44,438,168.0,73584.0
2020-02-19,2020021901001902,LBL,34,22,350,230.0,80500.0
2020-02-19,2020021901001901,LBL,34,41,36,230.0,8280.0
2020-02-19,2020021901001873,LBL,46,14,20,229.0,4580.0
2020-02-19,2020021901001643,LBL,28,14,10,229.0,2290.0
2020-02-19,2020021901002053,LGIL,34,44,70,527.0,36890.0
2020-02-19,2020021901001996,LGIL,34,44,200,527.0,105400.0
2020-02-19,2020021901001915,LGIL,1,44,330,527.0,173910.0
2020-02-19,2020021901001914,LGIL,1,19,100,526.0,52600.0
2020-02-19,2020021901001874,LGIL,16,58,450,525.0,236250.0
2020-02-19,2020021901001752,LGIL,6,58,100,525.0,52500.0
2020-02-19,2020021901001576,LGIL,36,1,112,522.0,58464.0
2020-02-19,2020021901001787,LLBS,51,22,79,1169.0,92351.0
2020-02-19,2020021901001993,MBL,58,13,2273,241.0,547793.0
2020-02-19,2020021901001992,MBL,58,34,400,241.0,96400.0
2020-02-19,2020021901001991,MBL,58,13,50,241.0,12050.0
2020-02-19,2020021901001940,MEGA,10,13,40,212.0,8480.0
2020-02-19,2020021901001939,MEGA,10,21,201,212.0,42612.0
2020-02-19,2020021901001938,MEGA,10,33,100,212.0,21200.0
2020-02-19,2020021901001937,MEGA,10,57,50,212.0,10600.0
2020-02-19,2020021901001936,MEGA,10,45,202,212.0,42824.0
2020-02-19,2020021901001935,MEGA,10,36,251,212.0,53212.0
2020-02-19,2020021901001681,MEGA,10,49,67,210.0,14070.0
2020-02-19,2020021901001650,MEGA,28,49,10,211.0,2110.0
2020-02-19,2020021901001900,MEGA,10,39,11,210.0,2310.0
2020-02-19,2020021901001871,MEGA,1,36,200,212.0,42400.0
2020-02-19,2020021901001836,MEGA,41,49,480,211.0,101280.0
2020-02-19,2020021901001560,MFIL,41,19,25,196.0,4900.0
2020-02-19,2020021901001559,MFIL,39,19,50,196.0,9800.0
2020-02-19,2020021901001558,MFIL,57,19,100,196.0,19600.0
2020-02-19,2020021901001986,MNBBL,45,58,200,329.0,65800.0
2020-02-19,2020021901001946,MNBBL,14,39,190,328.0,62320.0
2020-02-19,2020021901001945,MNBBL,53,39,10,328.0,3280.0
2020-02-19,2020021901001664,MNBBL,52,29,200,327.0,65400.0
2020-02-19,2020021901001622,MNBBL,34,34,1,323.0,323.0
2020-02-19,2020021901002033,NABIL,56,19,10,751.0,7510.0
2020-02-19,2020021901001916,NABIL,36,22,15,750.0,11250.0
2020-02-19,2020021901001777,NABIL,4,22,685,750.0,513750.0
2020-02-19,2020021901001776,NABIL,4,42,200,750.0,150000.0
2020-02-19,2020021901001775,NABIL,4,7,625,750.0,468750.0
2020-02-19,2020021901001774,NABIL,4,22,490,749.0,367010.0
2020-02-19,2020021901001675,NABIL,28,22,10,749.0,7490.0
2020-02-19,2020021901001632,NADEP,17,39,23,769.0,17687.0
2020-02-19,2020021901001933,NADEP,5,42,20,775.0,15500.0
2020-02-19,2020021901001932,NADEP,5,41,48,775.0,37200.0
2020-02-19,2020021901001931,NADEP,5,28,11,774.0,8514.0
2020-02-19,2020021901001813,NADEP,25,44,53,770.0,40810.0
2020-02-19,2020021901001789,NBB,32,16,500,210.0,105000.0
2020-02-19,2020021901002039,NBL,40,45,500,271.0,135500.0
2020-02-19,2020021901001894,NBL,28,45,10,271.0,2710.0
2020-02-19,2020021901001862,NBL,39,45,500,271.0,135500.0
2020-02-19,2020021901001825,NBL,46,45,250,271.0,67750.0
2020-02-19,2020021901001596,NBL,45,28,16,270.0,4320.0
2020-02-19,2020021901001595,NBL,39,28,200,270.0,54000.0
2020-02-19,2020021901001594,NBL,22,28,100,270.0,27000.0
2020-02-19,2020021901001593,NBL,45,28,200,270.0,54000.0
2020-02-19,2020021901001592,NBL,33,28,300,270.0,81000.0
2020-02-19,2020021901001591,NBL,37,28,184,270.0,49680.0
2020-02-19,2020021901001990,NCCB,43,14,129,196.0,25284.0
2020-02-19,2020021901001989,NCCB,43,7,147,196.0,28812.0
2020-02-19,2020021901001699,NCCB,28,7,10,196.0,1960.0
2020-02-19,2020021901001648,NCCB,38,7,79,196.0,15484.0
2020-02-19,2020021901001662,NGPL,28,52,900,136.0,122400.0
2020-02-19,2020021901001661,NGPL,13,52,500,136.0,68000.0
2020-02-19,2020021901001660,NGPL,42,52,400,136.0,54400.0
2020-02-19,2020021901001659,NGPL,26,52,200,136.0,27200.0
2020-02-19,2020021901001588,NGPL,41,41,892,137.0,122204.0
2020-02-19,2020021901001702,NHDL,26,41,30,134.0,4020.0
2020-02-19,2020021901001974,NHPC,38,58,50,59.0,2950.0
2020-02-19,2020021901001709,NIB,17,16,10,387.0,3870.0
2020-02-19,2020021901002022,NIBPO,35,57,1474,336.0,495264.0
2020-02-19,2020021901001917,NIBPO,35,28,790,335.0,264650.0
2020-02-19,2020021901001895,NIBPO,14,28,200,335.0,67000.0
2020-02-19,2020021901001629,NIBPO,28,28,1000,332.0,332000.0
2020-02-19,2020021901001708,NIBPO,28,28,10,335.0,3350.0
2020-02-19,2020021901002038,NICA,57,17,200,548.0,109600.0
2020-02-19,2020021901002024,NICA,38,17,58,548.0,31784.0
2020-02-19,2020021901002023,NICA,38,17,242,548.0,132616.0
2020-02-19,2020021901002005,NICA,49,17,200,548.0,109600.0
2020-02-19,2020021901002003,NICA,14,22,19,547.0,10393.0
2020-02-19,2020021901001892,NICA,50,17,100,548.0,54800.0
2020-02-19,2020021901001626,NICA,1,11,105,545.0,57225.0
2020-02-19,2020021901001625,NICA,6,45,108,545.0,58860.0
2020-02-19,2020021901001598,NICA,43,56,100,545.0,54500.0
2020-02-19,2020021901001556,NICA,26,56,100,545.0,54500.0
2020-02-19,2020021901001652,NICA,6,8,300,544.0,163200.0
2020-02-19,2020021901001651,NICA,50,8,285,544.0,155040.0
2020-02-19,2020021901001640,NICA,1,28,300,546.0,163800.0
2020-02-19,2020021901001639,NICA,1,37,200,546.0,109200.0
2020-02-19,2020021901001628,NICA,50,11,303,544.0,164832.0
2020-02-19,2020021901001627,NICA,6,11,92,545.0,50140.0
2020-02-19,2020021901001693,NICA,44,41,100,545.0,54500.0
2020-02-19,2020021901001691,NICA,36,41,100,545.0,54500.0
2020-02-19,2020021901001669,NICA,1,35,100,546.0,54600.0
2020-02-19,2020021901001668,NICA,1,28,200,546.0,109200.0
2020-02-19,2020021901001654,NICA,57,8,168,543.0,91224.0
2020-02-19,2020021901001653,NICA,22,8,247,543.0,134121.0
2020-02-19,2020021901001859,NICA,49,17,100,548.0,54800.0
2020-02-19,2020021901001841,NICA,10,17,10,548.0,5480.0
2020-02-19,2020021901001840,NICA,10,58,190,548.0,104120.0
2020-02-19,2020021901001806,NICA,1,58,200,548.0,109600.0
2020-02-19,2020021901001725,NICA,28,58,10,548.0,5480.0
2020-02-19,2020021901001694,NICA,44,28,1000,545.0,545000.0
2020-02-19,2020021901001941,NICL,41,17,200,469.0,93800.0
2020-02-19,2020021901001899,NICL,41,28,200,467.0,93400.0
2020-02-19,2020021901001898,NICL,41,28,200,467.0,93400.0
2020-02-19,2020021901001897,NICL,41,5,450,467.0,210150.0
2020-02-19,2020021901002037,NIL,59,53,500,608.0,304000.0
2020-02-19,2020021901001963,NIL,59,7,500,607.0,303500.0
2020-02-19,2020021901001962,NIL,59,7,450,607.0,273150.0
2020-02-19,2020021901001918,NIL,59,7,50,607.0,30350.0
2020-02-19,2020021901001817,NIL,4,14,80,606.0,48480.0
2020-02-19,2020021901001816,NIL,4,43,50,606.0,30300.0
2020-02-19,2020021901001698,NIL,8,58,200,602.0,120400.0
2020-02-19,2020021901001815,NIL,4,22,24,606.0,14544.0
2020-02-19,2020021901001814,NIL,4,49,43,606.0,26058.0
2020-02-19,2020021901001794,NIL,4,47,900,605.0,544500.0
2020-02-19,2020021901001755,NIL,33,57,180,602.0,108360.0
2020-02-19,2020021901001754,NIL,59,57,320,602.0,192640.0
2020-02-19,2020021901001701,NIL,59,58,180,602.0,108360.0
2020-02-19,2020021901001808,NLBBL,42,11,10,842.0,8420.0
2020-02-19,2020021901001721,NLG,47,18,107,714.0,76398.0
2020-02-19,2020021901002041,NLIC,41,38,21,1196.0,25116.0
2020-02-19,2020021901002004,NLIC,6,58,22,1195.0,26290.0
2020-02-19,2020021901001988,NLIC,55,58,100,1195.0,119500.0
2020-02-19,2020021901001967,NLIC,6,58,150,1195.0,179250.0
2020-02-19,2020021901001956,NLIC,19,58,100,1195.0,119500.0
2020-02-19,2020021901001954,NLIC,14,58,100,1195.0,119500.0
2020-02-19,2020021901001566,NLIC,29,41,50,1190.0,59500.0
2020-02-19,2020021901001913,NLIC,59,58,28,1195.0,33460.0
2020-02-19,2020021901001875,NLIC,59,17,22,1195.0,26290.0
2020-02-19,2020021901001851,NLIC,6,33,100,1194.0,119400.0
2020-02-19,2020021901001810,NLIC,46,45,80,1193.0,95440.0
2020-02-19,2020021901001809,NLIC,7,45,20,1193.0,23860.0
2020-02-19,2020021901001726,NLIC,50,22,275,1192.0,327800.0
2020-02-19,2020021901002031,NLICL,45,22,85,701.0,59585.0
2020-02-19,2020021901002030,NLICL,45,46,65,700.0,45500.0
2020-02-19,2020021901002032,NMB,6,44,1000,411.0,411000.0
2020-02-19,2020021901001953,NMB,49,39,405,410.0,166050.0
2020-02-19,2020021901001885,NMB,49,57,40,410.0,16400.0
2020-02-19,2020021901001884,NMB,49,34,120,410.0,49200.0
2020-02-19,2020021901001858,NMB,57,34,243,410.0,99630.0
2020-02-19,2020021901001857,NMB,57,48,495,410.0,202950.0
2020-02-19,2020021901001722,NMB,50,22,800,409.0,327200.0
2020-02-19,2020021901001649,NMB,57,4,128,408.0,52224.0
2020-02-19,2020021901001638,NMB,5,4,500,408.0,204000.0
2020-02-19,2020021901001636,NMB,6,22,200,409.0,81800.0
2020-02-19,2020021901001819,NMB,26,40,200,409.0,81800.0
2020-02-19,2020021901001795,NMB,57,28,200,408.0,81600.0
2020-02-19,2020021901001786,NMB,45,40,100,409.0,40900.0
2020-02-19,2020021901001753,NMB,50,25,100,409.0,40900.0
2020-02-19,2020021901001743,NMB,28,25,10,410.0,4100.0
2020-02-19,2020021901001723,NMB,50,46,100,409.0,40900.0
2020-02-19,2020021901001856,NMB,57,43,300,410.0,123000.0
2020-02-19,2020021901001855,NMB,57,40,500,410.0,205000.0
2020-02-19,2020021901001854,NMB,57,42,50,410.0,20500.0
2020-02-19,2020021901001853,NMB,57,48,165,410.0,67650.0
2020-02-19,2020021901001852,NMB,57,25,419,410.0,171790.0
2020-02-19,2020021901001828,NMB,14,40,150,409.0,61350.0
2020-02-19,2020021901001966,NUBL,16,28,100,1045.0,104500.0
2020-02-19,2020021901001965,NUBL,16,14,200,1045.0,209000.0
2020-02-19,2020021901001768,PCBL,28,4,10,286.0,2860.0
2020-02-19,2020021901001718,PCBL,32,34,103,285.0,29355.0
2020-02-19,2020021901001697,PCBL,18,34,500,285.0,142500.0
2020-02-19,2020021901001973,PIC,39,42,200,650.0,130000.0
2020-02-19,2020021901001972,PIC,41,42,50,650.0,32500.0
2020-02-19,2020021901001742,PIC,4,55,292,650.0,189800.0
2020-02-19,2020021901001741,PIC,4,42,141,650.0,91650.0
2020-02-19,2020021901001740,PIC,4,5,128,650.0,83200.0
2020-02-19,2020021901001739,PIC,4,44,100,649.0,64900.0
2020-02-19,2020021901001738,PIC,4,19,100,648.0,64800.0
2020-02-19,2020021901001737,PIC,4,41,11,647.0,7117.0
2020-02-19,2020021901002016,PICL,58,34,100,517.0,51700.0
2020-02-19,2020021901002015,PICL,1,34,100,517.0,51700.0
2020-02-19,2020021901002036,PLIC,6,22,100,615.0,61500.0
2020-02-19,2020021901002014,PLIC,32,22,200,615.0,123000.0
2020-02-19,2020021901002013,PLIC,32,50,100,615.0,61500.0
2020-02-19,2020021901001919,PLIC,57,25,83,611.0,50713.0
2020-02-19,2020021901001879,PLIC,41,25,17,611.0,10387.0
2020-02-19,2020021901001878,PLIC,41,51,33,611.0,20163.0
2020-02-19,2020021901001665,PLIC,14,1,120,608.0,72960.0
2020-02-19,2020021901001647,PLIC,52,58,50,609.0,30450.0
2020-02-19,2020021901001872,PLIC,14,38,25,610.0,15250.0
2020-02-19,2020021901001717,PLIC,14,6,155,610.0,94550.0
2020-02-19,2020021901001716,PLIC,14,14,15,610.0,9150.0
2020-02-19,2020021901001715,PLIC,14,16,500,610.0,305000.0
2020-02-19,2020021901001673,PLIC,45,6,20,609.0,12180.0
2020-02-19,2020021901001672,PLIC,45,58,100,609.0,60900.0
2020-02-19,2020021901001975,PRIN,19,14,10,494.0,4940.0
2020-02-19,2020021901001765,PRIN,46,22,100,486.0,48600.0
2020-02-19,2020021901001759,PRIN,45,57,100,493.0,49300.0
2020-02-19,2020021901001724,PRIN,19,57,10,493.0,4930.0
2020-02-19,2020021901001667,PRIN,45,17,100,489.0,48900.0
2020-02-19,2020021901001658,PRIN,45,17,100,489.0,48900.0
2020-02-19,2020021901001807,PRVU,58,40,200,250.0,50000.0
2020-02-19,2020021901001758,PRVU,28,55,10,251.0,2510.0
2020-02-19,2020021901002034,RBCLPO,14,59,10,9550.0,95500.0
2020-02-19,2020021901001870,RBCLPO,14,34,10,9591.0,95910.0
2020-02-19,2020021901001839,RBCLPO,56,34,50,9590.0,479500.0
2020-02-19,2020021901001692,RHPL,29,4,40,166.0,6640.0
2020-02-19,2020021901001633,RHPL,29,39,30,166.0,4980.0
2020-02-19,2020021901001557,RHPL,29,39,30,166.0,4980.0
2020-02-19,2020021901001969,RMDC,16,38,362,750.0,271500.0
2020-02-19,2020021901001968,RMDC,16,4,200,749.0,149800.0
2020-02-19,2020021901001883,RMDC,6,17,200,745.0,149000.0
2020-02-19,2020021901001882,RMDC,6,53,40,745.0,29800.0
2020-02-19,2020021901001736,RMDC,57,22,15,736.0,11040.0
2020-02-19,2020021901001735,RMDC,52,22,10,736.0,7360.0
2020-02-19,2020021901001734,RMDC,19,22,25,736.0,18400.0
2020-02-19,2020021901001733,RMDC,48,22,50,740.0,37000.0
2020-02-19,2020021901001585,RRHP,45,33,10,102.0,1020.0
2020-02-19,2020021901001961,SABSL,13,18,100,945.0,94500.0
2020-02-19,2020021901001960,SABSL,13,57,10,940.0,9400.0
2020-02-19,2020021901001959,SABSL,13,37,10,940.0,9400.0
2020-02-19,2020021901001958,SABSL,13,33,10,936.0,9360.0
2020-02-19,2020021901001869,SABSL,11,42,100,930.0,93000.0
2020-02-19,2020021901001761,SABSL,13,35,200,925.0,185000.0
2020-02-19,2020021901001785,SADBL,49,44,64,170.0,10880.0
2020-02-19,2020021901001784,SADBL,49,45,16,170.0,2720.0
2020-02-19,2020021901001783,SADBL,49,45,66,170.0,11220.0
2020-02-19,2020021901001727,SADBL,49,53,104,169.0,17576.0
2020-02-19,2020021901001637,SADBL,4,33,13,168.0,2184.0
2020-02-19,2020021901001951,SANIMA,1,53,200,357.0,71400.0
2020-02-19,2020021901001823,SANIMA,4,1,1000,355.0,355000.0
2020-02-19,2020021901001822,SANIMA,4,43,990,355.0,351450.0
2020-02-19,2020021901001782,SANIMA,28,43,10,355.0,3550.0
2020-02-19,2020021901001687,SANIMA,59,56,14,353.0,4942.0
2020-02-19,2020021901001686,SANIMA,34,56,50,353.0,17650.0
2020-02-19,2020021901001685,SANIMA,42,56,280,353.0,98840.0
2020-02-19,2020021901001925,SBL,4,33,41,320.0,13120.0
2020-02-19,2020021901001924,SBL,4,43,500,320.0,160000.0
2020-02-19,2020021901001923,SBL,4,29,379,319.0,120901.0
2020-02-19,2020021901001922,SBL,4,29,1536,319.0,489984.0
2020-02-19,2020021901001921,SBL,4,6,1340,317.0,424780.0
2020-02-19,2020021901001798,SBL,28,6,10,317.0,3170.0
2020-02-19,2020021901001684,SBL,13,6,1000,317.0,317000.0
2020-02-19,2020021901001683,SBL,41,6,500,317.0,158500.0
2020-02-19,2020021901001682,SBL,26,6,150,317.0,47550.0
2020-02-19,2020021901002049,SCB,44,43,250,652.0,163000.0
2020-02-19,2020021901002048,SCB,44,25,50,651.0,32550.0
2020-02-19,2020021901002010,SCB,44,43,410,652.0,267320.0
2020-02-19,2020021901002009,SCB,44,22,90,651.0,58590.0
2020-02-19,2020021901001971,SCB,44,22,410,651.0,266910.0
2020-02-19,2020021901001970,SCB,44,44,90,650.0,58500.0
2020-02-19,2020021901001781,SCB,21,41,30,647.0,19410.0
2020-02-19,2020021901001861,SCB,28,44,10,650.0,6500.0
2020-02-19,2020021901001830,SCB,21,35,50,649.0,32450.0
2020-02-19,2020021901001688,SHINE,58,28,1000,299.0,299000.0
2020-02-19,2020021901002052,SHIVM,40,28,350,628.0,219800.0
2020-02-19,2020021901002047,SHIVM,48,28,450,628.0,282600.0
2020-02-19,2020021901002046,SHIVM,48,58,500,628.0,314000.0
2020-02-19,2020021901002045,SHIVM,48,28,50,628.0,31400.0
2020-02-19,2020021901002029,SHIVM,40,28,450,628.0,282600.0
2020-02-19,2020021901002028,SHIVM,40,28,50,628.0,31400.0
2020-02-19,2020021901001570,SHIVM,22,17,150,620.0,93000.0
2020-02-19,2020021901001569,SHIVM,52,17,50,620.0,31000.0
2020-02-19,2020021901001568,SHIVM,16,17,543,620.0,336660.0
2020-02-19,2020021901001567,SHIVM,34,32,100,622.0,62200.0
2020-02-19,2020021901001597,SHIVM,49,28,150,623.0,93450.0
2020-02-19,2020021901001587,SHIVM,16,17,157,620.0,97340.0
2020-02-19,2020021901001586,SHIVM,34,17,343,621.0,213003.0
2020-02-19,2020021901001579,SHIVM,58,28,300,623.0,186900.0
2020-02-19,2020021901001572,SHIVM,34,17,57,620.0,35340.0
2020-02-19,2020021901001571,SHIVM,16,17,200,620.0,124000.0
2020-02-19,2020021901001844,SHIVM,36,45,50,625.0,31250.0
2020-02-19,2020021901001843,SHIVM,36,28,500,624.0,312000.0
2020-02-19,2020021901001842,SHIVM,36,1,200,624.0,124800.0
2020-02-19,2020021901001797,SHIVM,25,34,950,623.0,591850.0
2020-02-19,2020021901001770,SHIVM,6,34,50,623.0,31150.0
2020-02-19,2020021901001769,SHIVM,6,28,50,623.0,31150.0
2020-02-19,2020021901001881,SHIVM,25,56,240,626.0,150240.0
2020-02-19,2020021901001880,SHIVM,25,58,10,626.0,6260.0
2020-02-19,2020021901001848,SHIVM,36,21,50,625.0,31250.0
2020-02-19,2020021901001847,SHIVM,36,28,500,625.0,312500.0
2020-02-19,2020021901001846,SHIVM,36,45,50,625.0,31250.0
2020-02-19,2020021901001845,SHIVM,36,43,640,625.0,400000.0
2020-02-19,2020021901002008,SHIVM,29,28,200,628.0,125600.0
2020-02-19,2020021901001987,SHIVM,40,58,1000,627.0,627000.0
2020-02-19,2020021901001930,SHIVM,40,22,20,627.0,12540.0
2020-02-19,2020021901001929,SHIVM,40,14,450,627.0,282150.0
2020-02-19,2020021901001928,SHIVM,40,33,20,627.0,12540.0
2020-02-19,2020021901001903,SHIVM,40,56,217,626.0,135842.0
2020-02-19,2020021901001796,SHL,7,57,500,193.0,96500.0
2020-02-19,2020021901002044,SHPC,56,33,10,229.0,2290.0
2020-02-19,2020021901001612,SIC,55,5,279,785.0,219015.0
2020-02-19,2020021901001909,SICL,53,52,100,1249.0,124900.0
2020-02-19,2020021901001690,SICL,44,19,50,1245.0,62250.0
2020-02-19,2020021901001617,SICL,53,28,100,1240.0,124000.0
2020-02-19,2020021901001764,SIL,13,26,10,577.0,5770.0
2020-02-19,2020021901001623,SJCL,37,39,20,157.0,3140.0
2020-02-19,2020021901001561,SJCL,37,39,20,157.0,3140.0
2020-02-19,2020021901001908,SJCL,11,58,40,157.0,6280.0
2020-02-19,2020021901001907,SJCL,37,58,10,157.0,1570.0
2020-02-19,2020021901001719,SJCL,37,4,20,157.0,3140.0
2020-02-19,2020021901001773,SKBBL,14,29,50,1180.0,59000.0
2020-02-19,2020021901002027,SLBSL,11,21,224,948.0,212352.0
2020-02-19,2020021901002026,SLBSL,11,14,20,948.0,18960.0
2020-02-19,2020021901002025,SLBSL,11,49,165,948.0,156420.0
2020-02-19,2020021901001995,SLBSL,11,49,35,948.0,33180.0
2020-02-19,2020021901001994,SLBSL,11,50,15,948.0,14220.0
2020-02-19,2020021901001981,SLBSL,11,6,50,947.0,47350.0
2020-02-19,2020021901001600,SLBSL,34,21,50,940.0,47000.0
2020-02-19,2020021901001599,SLBSL,34,16,10,939.0,9390.0
2020-02-19,2020021901001980,SLBSL,11,35,10,945.0,9450.0
2020-02-19,2020021901001979,SLBSL,11,46,150,945.0,141750.0
2020-02-19,2020021901001978,SLBSL,11,43,110,944.0,103840.0
2020-02-19,2020021901001977,SLBSL,11,13,100,943.0,94300.0
2020-02-19,2020021901001976,SLBSL,11,17,30,941.0,28230.0
2020-02-19,2020021901001778,SLBSL,34,8,140,940.0,131600.0
2020-02-19,2020021901001893,SLICL,45,28,450,497.0,223650.0
2020-02-19,2020021901001890,SLICL,45,28,100,497.0,49700.0
2020-02-19,2020021901001838,SLICL,53,28,100,497.0,49700.0
2020-02-19,2020021901001614,SLICL,40,46,106,496.0,52576.0
2020-02-19,2020021901001613,SLICL,40,1,582,495.0,288090.0
2020-02-19,2020021901001575,SLICL,45,1,100,495.0,49500.0
2020-02-19,2020021901001655,SLICL,42,43,100,498.0,49800.0
2020-02-19,2020021901001619,SLICL,21,17,200,490.0,98000.0
2020-02-19,2020021901001618,SLICL,43,17,700,493.0,345100.0
2020-02-19,2020021901001616,SLICL,40,37,298,497.0,148106.0
2020-02-19,2020021901001615,SLICL,40,52,100,496.0,49600.0
2020-02-19,2020021901001793,SLICL,55,28,200,497.0,99400.0
2020-02-19,2020021901001695,SLICL,42,28,150,498.0,74700.0
2020-02-19,2020021901001680,SLICL,42,47,350,498.0,174300.0
2020-02-19,2020021901001679,SLICL,42,47,150,498.0,74700.0
2020-02-19,2020021901001656,SLICL,42,45,250,498.0,124500.0
2020-02-19,2020021901002050,SMATA,59,41,188,831.0,156228.0
2020-02-19,2020021901001821,SMATA,59,45,12,831.0,9972.0
2020-02-19,2020021901001820,SMATA,59,41,100,831.0,83100.0
2020-02-19,2020021901001824,SRBL,28,53,10,257.0,2570.0
2020-02-19,2020021901001749,SRBL,4,7,500,256.0,128000.0
2020-02-19,2020021901001748,SRBL,4,32,250,256.0,64000.0
2020-02-19,2020021901001747,SRBL,4,57,550,256.0,140800.0
2020-02-19,2020021901001746,SRBL,4,36,1000,255.0,255000.0
2020-02-19,2020021901001818,TRH,6,36,100,305.0,30500.0
2020-02-19,2020021901001779,TRH,3,28,700,302.0,211400.0
2020-02-19,2020021901001712,TRH,3,28,100,302.0,30200.0
2020-02-19,2020021901001711,TRH,3,28,100,302.0,30200.0
2020-02-19,2020021901002012,UPCL,4,58,50,79.0,3950.0
2020-02-19,2020021901002011,UPCL,42,58,50,79.0,3950.0
2020-02-19,2020021901001792,UPPER,29,28,1000,239.0,239000.0
2020-02-19,2020021901001791,UPPER,29,49,50,239.0,11950.0
2020-02-19,2020021901001780,UPPER,55,55,300,238.0,71400.0
2020-02-19,2020021901001707,UPPER,45,48,50,237.0,11850.0
2020-02-19,2020021901002495,ADBL,42,14,326,398.0,129748.0
2020-02-19,2020021901002494,ADBL,28,14,10,398.0,3980.0
2020-02-19,2020021901002287,AHPC,57,42,50,97.0,4850.0
2020-02-19,2020021901002218,AKPL,46,40,600,138.0,82800.0
2020-02-19,2020021901002217,AKPL,46,42,200,138.0,27600.0
2020-02-19,2020021901002216,AKPL,46,58,200,138.0,27600.0
2020-02-19,2020021901002140,AKPL,43,58,500,138.0,69000.0
2020-02-19,2020021901002131,AKPL,57,58,500,138.0,69000.0
2020-02-19,2020021901002541,ALICL,14,35,490,631.0,309190.0
2020-02-19,2020021901002505,ALICL,22,41,225,630.0,141750.0
2020-02-19,2020021901002445,ALICL,57,35,500,631.0,315500.0
2020-02-19,2020021901002410,ALICL,28,35,10,632.0,6320.0
2020-02-19,2020021901002388,ALICL,49,35,500,631.0,315500.0
2020-02-19,2020021901002357,ALICL,49,35,500,631.0,315500.0
2020-02-19,2020021901002097,ALICL,16,37,350,630.0,220500.0
2020-02-19,2020021901002071,ALICL,14,35,600,629.0,377400.0
2020-02-19,2020021901002280,ALICL,14,8,200,629.0,125800.0
2020-02-19,2020021901002213,ALICL,49,16,390,630.0,245700.0
2020-02-19,2020021901002122,ALICL,49,26,100,630.0,63000.0
2020-02-19,2020021901002121,ALICL,49,16,10,630.0,6300.0
2020-02-19,2020021901002099,ALICL,16,16,90,630.0,56700.0
2020-02-19,2020021901002098,ALICL,16,5,560,630.0,352800.0
2020-02-19,2020021901002427,API,49,22,25,137.0,3425.0
2020-02-19,2020021901002196,BFC,11,52,60,110.0,6600.0
2020-02-19,2020021901002506,BOKL,50,49,9906,236.0,2337816.0
2020-02-19,2020021901002444,BOKL,38,45,43,238.0,10234.0
2020-02-19,2020021901002437,BPCL,28,55,10,362.0,3620.0
2020-02-19,2020021901002409,BPCL,57,59,100,361.0,36100.0
2020-02-19,2020021901002349,BPCL,53,55,310,362.0,112220.0
2020-02-19,2020021901002348,BPCL,53,20,50,362.0,18100.0
2020-02-19,2020021901002336,BPCL,49,20,50,362.0,18100.0
2020-02-19,2020021901002146,BPCL,7,29,1238,359.0,444442.0
2020-02-19,2020021901002126,BPCL,45,29,511,359.0,183449.0
2020-02-19,2020021901002125,BPCL,45,14,200,359.0,71800.0
2020-02-19,2020021901002124,BPCL,45,51,289,359.0,103751.0
2020-02-19,2020021901002070,BPCL,45,51,211,359.0,75749.0
2020-02-19,2020021901002069,BPCL,45,49,789,358.0,282462.0
2020-02-19,2020021901002152,BPCL,7,50,100,360.0,36000.0
2020-02-19,2020021901002151,BPCL,7,17,300,360.0,108000.0
2020-02-19,2020021901002150,BPCL,7,32,500,360.0,180000.0
2020-02-19,2020021901002149,BPCL,7,35,100,360.0,36000.0
2020-02-19,2020021901002148,BPCL,7,59,100,360.0,36000.0
2020-02-19,2020021901002147,BPCL,7,43,700,359.0,251300.0
2020-02-19,2020021901002335,BPCL,49,1,150,362.0,54300.0
2020-02-19,2020021901002332,BPCL,53,55,150,360.0,54000.0
2020-02-19,2020021901002331,BPCL,53,34,290,360.0,104400.0
2020-02-19,2020021901002330,BPCL,53,55,200,360.0,72000.0
2020-02-19,2020021901002256,BPCL,5,55,300,360.0,108000.0
2020-02-19,2020021901002153,BPCL,7,41,100,360.0,36000.0
2020-02-19,2020021901002402,CBBL,16,19,30,1109.0,33270.0
2020-02-19,2020021901002267,CBBL,59,6,100,1103.0,110300.0
2020-02-19,2020021901002242,CBBL,52,6,100,1103.0,110300.0
2020-02-19,2020021901002540,CBL,41,25,1000,154.0,154000.0
2020-02-19,2020021901002285,CBL,14,33,3800,153.0,581400.0
2020-02-19,2020021901002265,CBL,57,49,157,152.0,23864.0
2020-02-19,2020021901002406,CCBL,41,42,76,186.0,14136.0
2020-02-19,2020021901002195,CCBL,36,34,500,186.0,93000.0
2020-02-19,2020021901002078,CCBL,34,34,500,186.0,93000.0
2020-02-19,2020021901002077,CCBL,34,35,500,186.0,93000.0
2020-02-19,2020021901002434,CHCL,50,45,123,429.0,52767.0
2020-02-19,2020021901002433,CHCL,28,45,10,429.0,4290.0
2020-02-19,2020021901002375,CHCL,7,58,857,428.0,366796.0
2020-02-19,2020021901002374,CHCL,7,22,284,426.0,120984.0
2020-02-19,2020021901002325,CHCL,49,16,158,426.0,67308.0
2020-02-19,2020021901002324,CHCL,49,17,70,425.0,29750.0
2020-02-19,2020021901002284,CIT,48,54,30,2738.0,82140.0
2020-02-19,2020021901002278,CIT,49,45,189,2735.0,516915.0
2020-02-19,2020021901002233,CIT,36,1,10,2734.0,27340.0
2020-02-19,2020021901002086,CIT,11,45,30,2735.0,82050.0
2020-02-19,2020021901002064,CIT,54,45,27,2735.0,73845.0
2020-02-19,2020021901002320,CZBIL,18,45,899,198.0,178002.0
2020-02-19,2020021901002319,CZBIL,18,45,200,198.0,39600.0
2020-02-19,2020021901002318,CZBIL,18,33,80,198.0,15840.0
2020-02-19,2020021901002283,CZBIL,42,49,79,197.0,15563.0
2020-02-19,2020021901002282,CZBIL,47,49,100,197.0,19700.0
2020-02-19,2020021901002281,CZBIL,26,49,90,197.0,17730.0
2020-02-19,2020021901002230,DDBL,26,48,30,899.0,26970.0
2020-02-19,2020021901002193,DDBL,34,44,380,892.0,338960.0
2020-02-19,2020021901002192,DDBL,34,22,200,891.0,178200.0
2020-02-19,2020021901002191,DDBL,34,8,195,890.0,173550.0
2020-02-19,2020021901002190,DDBL,34,14,200,890.0,178000.0
2020-02-19,2020021901002167,DDBL,21,14,165,889.0,146685.0
2020-02-19,2020021901002396,EBL,44,42,65,665.0,43225.0
2020-02-19,2020021901002239,EBL,58,58,45,663.0,29835.0
2020-02-19,2020021901002504,EIC,38,26,970,446.0,432620.0
2020-02-19,2020021901002441,EIC,54,26,200,446.0,89200.0
2020-02-19,2020021901002347,EIC,57,26,30,446.0,13380.0
2020-02-19,2020021901002531,FOWAD,34,4,49,1597.0,78253.0
2020-02-19,2020021901002523,FOWAD,34,41,15,1590.0,23850.0
2020-02-19,2020021901002522,FOWAD,34,41,15,1590.0,23850.0
2020-02-19,2020021901002183,FOWAD,38,53,200,1589.0,317800.0
2020-02-19,2020021901002422,GBBL,46,21,50,246.0,12300.0
2020-02-19,2020021901002395,GBBL,46,36,100,246.0,24600.0
2020-02-19,2020021901002549,GBIME,6,56,11,287.0,3157.0
2020-02-19,2020021901002519,GBIME,59,53,10,288.0,2880.0
2020-02-19,2020021901002306,GBIME,6,39,67,286.0,19162.0
2020-02-19,2020021901002275,GBIME,4,53,827,288.0,238176.0
2020-02-19,2020021901002274,GBIME,4,44,350,288.0,100800.0
2020-02-19,2020021901002273,GBIME,4,52,2000,288.0,576000.0
2020-02-19,2020021901002272,GBIME,4,44,100,288.0,28800.0
2020-02-19,2020021901002271,GBIME,4,45,200,288.0,57600.0
2020-02-19,2020021901002270,GBIME,4,35,123,288.0,35424.0
2020-02-19,2020021901002269,GBIME,4,44,200,287.0,57400.0
2020-02-19,2020021901002268,GBIME,4,13,200,287.0,57400.0
2020-02-19,2020021901002515,GBLBS,16,36,335,504.0,168840.0
2020-02-19,2020021901002490,GBLBS,4,36,490,504.0,246960.0
2020-02-19,2020021901002303,GBLBS,57,36,175,504.0,88200.0
2020-02-19,2020021901002302,GBLBS,57,38,150,504.0,75600.0
2020-02-19,2020021901002301,GBLBS,57,34,175,504.0,88200.0
2020-02-19,2020021901002293,GBLBS,28,34,25,504.0,12600.0
2020-02-19,2020021901002292,GBLBS,28,26,15,504.0,7560.0
2020-02-19,2020021901002551,GFCL,59,13,30,154.0,4620.0
2020-02-19,2020021901002317,GFCL,57,29,329,152.0,50008.0
2020-02-19,2020021901002201,GILB,26,42,196,1410.0,276360.0
2020-02-19,2020021901002305,GLICL,51,57,67,817.0,54739.0
2020-02-19,2020021901002234,GLICL,51,53,300,817.0,245100.0
2020-02-19,2020021901002179,GLICL,51,36,367,817.0,299839.0
2020-02-19,2020021901002054,GLICL,51,57,200,817.0,163400.0
2020-02-19,2020021901002155,HBL,49,49,500,571.0,285500.0
2020-02-19,2020021901002548,HDL,29,51,84,1448.0,121632.0
2020-02-19,2020021901002543,HDL,42,51,20,1448.0,28960.0
2020-02-19,2020021901002542,HDL,42,28,280,1448.0,405440.0
2020-02-19,2020021901002536,HDL,34,28,20,1448.0,28960.0
2020-02-19,2020021901002535,HDL,34,45,100,1448.0,144800.0
2020-02-19,2020021901002534,HDL,34,50,30,1448.0,43440.0
2020-02-19,2020021901002241,HDL,32,21,15,1435.0,21525.0
2020-02-19,2020021901002499,HDL,28,6,345,1444.0,498180.0
2020-02-19,2020021901002496,HDL,28,48,200,1443.0,288600.0
2020-02-19,2020021901002447,HDL,28,49,100,1443.0,144300.0
2020-02-19,2020021901002435,HDL,28,37,100,1443.0,144300.0
2020-02-19,2020021901002354,HDL,42,55,500,1443.0,721500.0
2020-02-19,2020021901002313,HDL,28,54,10,1440.0,14400.0
2020-02-19,2020021901002533,HDL,34,21,150,1447.0,217050.0
2020-02-19,2020021901002532,HDL,34,33,100,1447.0,144700.0
2020-02-19,2020021901002520,HDL,26,53,300,1446.0,433800.0
2020-02-19,2020021901002514,HDL,28,48,45,1443.0,64935.0
2020-02-19,2020021901002512,HDL,28,41,192,1445.0,277440.0
2020-02-19,2020021901002511,HDL,28,7,150,1445.0,216750.0
2020-02-19,2020021901002413,HGI,58,17,250,450.0,112500.0
2020-02-19,2020021901002412,HGI,58,49,100,450.0,45000.0
2020-02-19,2020021901002261,HGI,49,49,500,449.0,224500.0
2020-02-19,2020021901002133,HGI,58,49,50,448.0,22400.0
2020-02-19,2020021901002132,HGI,58,7,200,448.0,89600.0
2020-02-19,2020021901002127,HGI,58,34,100,447.0,44700.0
2020-02-19,2020021901002384,HIDCL,50,40,61,137.0,8357.0
2020-02-19,2020021901002076,HURJA,3,51,20,106.0,2120.0
2020-02-19,2020021901002510,ILBS,34,42,10,919.0,9190.0
2020-02-19,2020021901002448,ILBS,34,34,40,918.0,36720.0
2020-02-19,2020021901002420,ILBS,34,32,10,917.0,9170.0
2020-02-19,2020021901002419,ILBS,34,29,10,917.0,9170.0
2020-02-19,2020021901002198,ILBS,39,48,10,904.0,9040.0
2020-02-19,2020021901002513,JBBL,7,11,99,192.0,19008.0
2020-02-19,2020021901002416,JBBL,56,45,231,191.0,44121.0
2020-02-19,2020021901002415,JBBL,56,14,499,191.0,95309.0
2020-02-19,2020021901002139,JSLBB,42,57,10,1845.0,18450.0
2020-02-19,2020021901002362,KBL,52,51,54,197.0,10638.0
2020-02-19,2020021901002194,KBL,56,28,560,197.0,110320.0
2020-02-19,2020021901002173,KBL,56,28,1000,197.0,197000.0
2020-02-19,2020021901002165,KBL,39,28,500,197.0,98500.0
2020-02-19,2020021901002058,KBL,33,28,1000,197.0,197000.0
2020-02-19,2020021901002227,KMCDB,1,38,10,844.0,8440.0
2020-02-19,2020021901002498,KPCL,33,17,300,105.0,31500.0
2020-02-19,2020021901002214,KPCL,33,48,10,105.0,1050.0
2020-02-19,2020021901002120,KPCL,33,51,10,105.0,1050.0
2020-02-19,2020021901002340,KSBBL,33,54,600,170.0,102000.0
2020-02-19,2020021901002339,KSBBL,33,34,1900,170.0,323000.0
2020-02-19,2020021901002338,KSBBL,33,50,500,170.0,85000.0
2020-02-19,2020021901002244,LBBL,36,16,51,195.0,9945.0
2020-02-19,2020021901002243,LBBL,36,13,1552,195.0,302640.0
2020-02-19,2020021901002087,LBL,7,51,35,231.0,8085.0
2020-02-19,2020021901002263,LGIL,19,4,100,532.0,53200.0
2020-02-19,2020021901002262,LGIL,19,59,100,532.0,53200.0
2020-02-19,2020021901002260,LGIL,59,59,100,532.0,53200.0
2020-02-19,2020021901002253,LGIL,37,50,100,530.0,53000.0
2020-02-19,2020021901002136,LGIL,57,50,100,530.0,53000.0
2020-02-19,2020021901002079,LGIL,6,43,162,528.0,85536.0
2020-02-19,2020021901002300,LICN,1,56,50,1392.0,69600.0
2020-02-19,2020021901002455,MBL,58,42,500,245.0,122500.0
2020-02-19,2020021901002454,MBL,58,29,500,245.0,122500.0
2020-02-19,2020021901002453,MBL,58,11,1000,245.0,245000.0
2020-02-19,2020021901002452,MBL,58,22,473,245.0,115885.0
2020-02-19,2020021901002451,MBL,58,11,1000,245.0,245000.0
2020-02-19,2020021901002432,MBL,58,48,1271,244.0,310124.0
2020-02-19,2020021901002377,MBL,58,34,1000,243.0,243000.0
2020-02-19,2020021901002376,MBL,58,39,11,242.0,2662.0
2020-02-19,2020021901002360,MBL,58,32,2000,242.0,484000.0
2020-02-19,2020021901002138,MBL,56,53,100,242.0,24200.0
2020-02-19,2020021901002137,MBL,56,35,114,242.0,27588.0
2020-02-19,2020021901002431,MBL,58,25,300,244.0,73200.0
2020-02-19,2020021901002430,MBL,58,49,105,244.0,25620.0
2020-02-19,2020021901002429,MBL,58,11,1000,244.0,244000.0
2020-02-19,2020021901002404,MBL,58,37,11,243.0,2673.0
2020-02-19,2020021901002403,MBL,58,37,489,243.0,118827.0
2020-02-19,2020021901002378,MBL,58,22,200,243.0,48600.0
2020-02-19,2020021901002249,MEGA,35,56,200,212.0,42400.0
2020-02-19,2020021901002484,MLBL,4,6,1649,223.0,367727.0
2020-02-19,2020021901002483,MLBL,4,4,100,223.0,22300.0
2020-02-19,2020021901002482,MLBL,4,4,100,223.0,22300.0
2020-02-19,2020021901002481,MLBL,4,4,100,223.0,22300.0
2020-02-19,2020021901002181,MLBL,4,25,100,222.0,22200.0
2020-02-19,2020021901002160,MLBL,4,16,2000,221.0,442000.0
2020-02-19,2020021901002159,MLBL,4,43,400,221.0,88400.0
2020-02-19,2020021901002456,MLBL,4,4,100,223.0,22300.0
2020-02-19,2020021901002246,MLBL,32,13,284,222.0,63048.0
2020-02-19,2020021901002245,MLBL,4,13,400,222.0,88800.0
2020-02-19,2020021901002182,MLBL,4,4,2500,222.0,555000.0
2020-02-19,2020021901002462,MLBL,4,4,200,223.0,44600.0
2020-02-19,2020021901002461,MLBL,4,4,50,223.0,11150.0
2020-02-19,2020021901002460,MLBL,4,4,491,223.0,109493.0
2020-02-19,2020021901002459,MLBL,4,4,100,223.0,22300.0
2020-02-19,2020021901002458,MLBL,4,4,100,223.0,22300.0
2020-02-19,2020021901002457,MLBL,4,4,100,223.0,22300.0
2020-02-19,2020021901002468,MLBL,4,4,200,223.0,44600.0
2020-02-19,2020021901002467,MLBL,4,4,100,223.0,22300.0
2020-02-19,2020021901002466,MLBL,4,4,200,223.0,44600.0
2020-02-19,2020021901002465,MLBL,4,4,100,223.0,22300.0
2020-02-19,2020021901002464,MLBL,4,4,50,223.0,11150.0
2020-02-19,2020021901002463,MLBL,4,4,200,223.0,44600.0
2020-02-19,2020021901002474,MLBL,4,4,100,223.0,22300.0
2020-02-19,2020021901002473,MLBL,4,4,200,223.0,44600.0
2020-02-19,2020021901002472,MLBL,4,4,200,223.0,44600.0
2020-02-19,2020021901002471,MLBL,4,4,50,223.0,11150.0
2020-02-19,2020021901002470,MLBL,4,4,100,223.0,22300.0
2020-02-19,2020021901002469,MLBL,4,4,100,223.0,22300.0
2020-02-19,2020021901002480,MLBL,4,4,100,223.0,22300.0
2020-02-19,2020021901002479,MLBL,4,4,50,223.0,11150.0
2020-02-19,2020021901002478,MLBL,4,4,100,223.0,22300.0
2020-02-19,2020021901002477,MLBL,4,4,100,223.0,22300.0
2020-02-19,2020021901002476,MLBL,4,4,250,223.0,55750.0
2020-02-19,2020021901002475,MLBL,4,4,404,223.0,90092.0
2020-02-19,2020021901002367,MNBBL,8,13,585,332.0,194220.0
2020-02-19,2020021901002366,MNBBL,8,45,415,332.0,137780.0
2020-02-19,2020021901002309,MNBBL,6,45,25,332.0,8300.0
2020-02-19,2020021901002247,MNBBL,49,45,60,332.0,19920.0
2020-02-19,2020021901002065,MNBBL,36,58,500,329.0,164500.0
2020-02-19,2020021901002085,MNBBL,4,13,300,331.0,99300.0
2020-02-19,2020021901002084,MNBBL,4,1,1000,331.0,331000.0
2020-02-19,2020021901002083,MNBBL,4,45,199,330.0,65670.0
2020-02-19,2020021901002082,MNBBL,4,16,1000,330.0,330000.0
2020-02-19,2020021901002081,MNBBL,4,58,776,330.0,256080.0
2020-02-19,2020021901002080,MNBBL,4,58,177,329.0,58233.0
2020-02-19,2020021901002387,NABIL,46,49,350,752.0,263200.0
2020-02-19,2020021901002386,NABIL,46,14,195,752.0,146640.0
2020-02-19,2020021901002346,NABIL,13,32,300,750.0,225000.0
2020-02-19,2020021901002312,NABIL,1,32,200,750.0,150000.0
2020-02-19,2020021901002311,NABIL,38,32,500,750.0,375000.0
2020-02-19,2020021901002310,NABIL,50,32,500,751.0,375500.0
2020-02-19,2020021901002252,NABIL,33,6,500,751.0,375500.0
2020-02-19,2020021901002204,NABIL,4,58,174,749.0,130326.0
2020-02-19,2020021901002157,NABIL,36,6,185,750.0,138750.0
2020-02-19,2020021901002156,NABIL,17,49,100,752.0,75200.0
2020-02-19,2020021901002547,NADEP,51,17,20,785.0,15700.0
2020-02-19,2020021901002546,NADEP,51,1,50,785.0,39250.0
2020-02-19,2020021901002545,NADEP,51,8,23,785.0,18055.0
2020-02-19,2020021901002296,NADEP,36,26,23,785.0,18055.0
2020-02-19,2020021901002295,NADEP,36,8,23,785.0,18055.0
2020-02-19,2020021901002254,NADEP,36,1,50,784.0,39200.0
2020-02-19,2020021901002238,NADEP,51,48,23,780.0,17940.0
2020-02-19,2020021901002135,NADEP,51,57,50,780.0,39000.0
2020-02-19,2020021901002134,NADEP,51,58,23,780.0,17940.0
2020-02-19,2020021901002128,NADEP,17,6,100,770.0,77000.0
2020-02-19,2020021901002539,NBB,34,14,400,210.0,84000.0
2020-02-19,2020021901002229,NBB,7,58,20,209.0,4180.0
2020-02-19,2020021901002169,NBB,38,28,20,210.0,4200.0
2020-02-19,2020021901002103,NBB,32,28,330,210.0,69300.0
2020-02-19,2020021901002102,NBB,36,28,100,210.0,21000.0
2020-02-19,2020021901002101,NBB,28,28,10,210.0,2100.0
2020-02-19,2020021901002100,NBB,6,28,100,210.0,21000.0
2020-02-19,2020021901002446,NBF2,56,21,1000,9.22,9220.0
2020-02-19,2020021901002501,NBL,33,58,1190,271.0,322490.0
2020-02-19,2020021901002401,NBL,57,58,100,271.0,27100.0
2020-02-19,2020021901002400,NBL,47,58,500,271.0,135500.0
2020-02-19,2020021901002399,NBL,46,58,210,271.0,56910.0
2020-02-19,2020021901002215,NBL,10,57,1000,272.0,272000.0
2020-02-19,2020021901002075,NBL,46,48,100,271.0,27100.0
2020-02-19,2020021901002074,NBL,46,45,690,271.0,186990.0
2020-02-19,2020021901002538,NCCB,46,40,135,196.0,26460.0
2020-02-19,2020021901002408,NCCB,48,58,50,196.0,9800.0
2020-02-19,2020021901002361,NCCB,21,58,500,196.0,98000.0
2020-02-19,2020021901002145,NCCB,54,58,170,196.0,33320.0
2020-02-19,2020021901002067,NCCB,43,58,1103,196.0,216188.0
2020-02-19,2020021901002210,NGPL,26,56,11,135.0,1485.0
2020-02-19,2020021901002359,NHDL,33,41,10,136.0,1360.0
2020-02-19,2020021901002537,NIB,33,54,150,387.0,58050.0
2020-02-19,2020021901002258,NIB,13,54,150,387.0,58050.0
2020-02-19,2020021901002209,NIB,52,6,50,385.0,19250.0
2020-02-19,2020021901002073,NIB,52,17,14,385.0,5390.0
2020-02-19,2020021901002072,NIB,25,17,30,386.0,11580.0
2020-02-19,2020021901002056,NIB,8,39,110,387.0,42570.0
2020-02-19,2020021901002055,NIB,8,16,290,387.0,112230.0
2020-02-19,2020021901002390,NICA,44,32,138,549.0,75762.0
2020-02-19,2020021901002389,NICA,44,48,862,549.0,473238.0
2020-02-19,2020021901002315,NICA,56,49,105,548.0,57540.0
2020-02-19,2020021901002208,NICA,56,14,409,548.0,224132.0
2020-02-19,2020021901002206,NICA,33,14,41,548.0,22468.0
2020-02-19,2020021901002205,NICA,33,17,159,548.0,87132.0
2020-02-19,2020021901002197,NICA,37,17,100,548.0,54800.0
2020-02-19,2020021901002158,NICA,42,17,100,548.0,54800.0
2020-02-19,2020021901002308,NICL,50,44,70,470.0,32900.0
2020-02-19,2020021901002226,NICL,16,50,230,470.0,108100.0
2020-02-19,2020021901002212,NICL,57,50,200,470.0,94000.0
2020-02-19,2020021901002060,NICL,16,50,70,470.0,32900.0
2020-02-19,2020021901002517,NIL,59,36,500,609.0,304500.0
2020-02-19,2020021901002516,NIL,59,49,214,609.0,130326.0
2020-02-19,2020021901002417,NIL,28,53,300,607.0,182100.0
2020-02-19,2020021901002397,NIL,28,52,200,607.0,121400.0
2020-02-19,2020021901002337,NIL,28,49,10,609.0,6090.0
2020-02-19,2020021901002123,NIL,57,34,500,610.0,305000.0
2020-02-19,2020021901002063,NIL,14,45,116,608.0,70528.0
2020-02-19,2020021901002062,NIL,14,36,56,608.0,34048.0
2020-02-19,2020021901002061,NIL,14,53,500,608.0,304000.0
2020-02-19,2020021901002326,NLBBL,56,46,100,845.0,84500.0
2020-02-19,2020021901002203,NLBBL,22,37,317,844.0,267548.0
2020-02-19,2020021901002202,NLBBL,22,11,25,842.0,21050.0
2020-02-19,2020021901002068,NLBBL,42,11,15,842.0,12630.0
2020-02-19,2020021901002414,NLG,16,48,80,725.0,58000.0
2020-02-19,2020021901002552,NLIC,34,53,72,1195.0,86040.0
2020-02-19,2020021901002508,NLIC,6,53,78,1195.0,93210.0
2020-02-19,2020021901002507,NLIC,10,53,50,1195.0,59750.0
2020-02-19,2020021901002489,NLIC,34,49,100,1196.0,119600.0
2020-02-19,2020021901002436,NLIC,22,58,200,1198.0,239600.0
2020-02-19,2020021901002373,NLIC,28,32,10,1199.0,11990.0
2020-02-19,2020021901002117,NLIC,14,38,13,1196.0,15548.0
2020-02-19,2020021901002365,NLIC,44,32,100,1199.0,119900.0
2020-02-19,2020021901002355,NLIC,43,32,40,1199.0,47960.0
2020-02-19,2020021901002351,NLIC,34,33,93,1198.0,111414.0
2020-02-19,2020021901002276,NLIC,35,33,50,1198.0,59900.0
2020-02-19,2020021901002119,NLIC,14,33,157,1198.0,188086.0
2020-02-19,2020021901002118,NLIC,14,54,30,1196.0,35880.0
2020-02-19,2020021901002553,NLICL,57,7,200,702.0,140400.0
2020-02-19,2020021901002500,NLICL,55,7,100,702.0,70200.0
2020-02-19,2020021901002443,NLICL,54,7,180,702.0,126360.0
2020-02-19,2020021901002442,NLICL,54,57,20,701.0,14020.0
2020-02-19,2020021901002385,NLICL,28,7,10,702.0,7020.0
2020-02-19,2020021901002333,NLICL,54,22,165,701.0,115665.0
2020-02-19,2020021901002321,NLICL,41,22,50,701.0,35050.0
2020-02-19,2020021901002189,NLICL,54,17,121,700.0,84700.0
2020-02-19,2020021901002130,NLICL,52,17,65,700.0,45500.0
2020-02-19,2020021901002524,NMB,33,33,500,411.0,205500.0
2020-02-19,2020021901002370,NMB,53,57,158,412.0,65096.0
2020-02-19,2020021901002369,NMB,53,13,317,412.0,130604.0
2020-02-19,2020021901002368,NMB,53,32,25,412.0,10300.0
2020-02-19,2020021901002358,NMB,49,56,150,410.0,61500.0
2020-02-19,2020021901002342,NMB,33,58,95,411.0,39045.0
2020-02-19,2020021901002057,NMB,55,58,100,411.0,41100.0
2020-02-19,2020021901002334,NMB,49,49,326,410.0,133660.0
2020-02-19,2020021901002231,NMB,8,58,300,411.0,123300.0
2020-02-19,2020021901002154,NMB,49,58,12,410.0,4920.0
2020-02-19,2020021901002142,NMB,58,58,42,411.0,17262.0
2020-02-19,2020021901002141,NMB,58,1,300,411.0,123300.0
2020-02-19,2020021901002088,NMB,49,34,100,410.0,41000.0
2020-02-19,2020021901002108,NMBMF,26,28,93,943.0,87699.0
2020-02-19,2020021901002439,PCBL,42,17,343,287.0,98441.0
2020-02-19,2020021901002426,PCBL,13,41,156,288.0,44928.0
2020-02-19,2020021901002425,PCBL,13,33,56,288.0,16128.0
2020-02-19,2020021901002424,PCBL,13,13,255,288.0,73440.0
2020-02-19,2020021901002423,PCBL,13,28,7800,288.0,2246400.0
2020-02-19,2020021901002391,PCBL,6,28,200,288.0,57600.0
2020-02-19,2020021901002222,PCBL,4,47,500,287.0,143500.0
2020-02-19,2020021901002211,PCBL,4,4,1386,286.0,396396.0
2020-02-19,2020021901002207,PCBL,36,4,3500,286.0,1001000.0
2020-02-19,2020021901002188,PCBL,14,4,200,286.0,57200.0
2020-02-19,2020021901002343,PCBL,42,49,235,287.0,67445.0
2020-02-19,2020021901002314,PCBL,11,28,1000,288.0,288000.0
2020-02-19,2020021901002304,PCBL,11,28,1000,288.0,288000.0
2020-02-19,2020021901002225,PCBL,4,34,1000,287.0,287000.0
2020-02-19,2020021901002224,PCBL,4,53,500,287.0,143500.0
2020-02-19,2020021901002223,PCBL,4,53,1000,287.0,287000.0
2020-02-19,2020021901002345,PIC,28,6,10,656.0,6560.0
2020-02-19,2020021901002116,PIC,28,42,150,650.0,97500.0
2020-02-19,2020021901002257,PICL,10,34,621,521.0,323541.0
2020-02-19,2020021901002180,PICL,16,34,200,521.0,104200.0
2020-02-19,2020021901002168,PICL,10,34,200,521.0,104200.0
2020-02-19,2020021901002096,PLIC,25,36,16,615.0,9840.0
2020-02-19,2020021901002298,PRIN,19,16,10,502.0,5020.0
2020-02-19,2020021901002199,PRIN,44,57,40,495.0,19800.0
2020-02-19,2020021901002177,PRIN,14,57,100,495.0,49500.0
2020-02-19,2020021901002176,PRIN,14,3,200,494.0,98800.0
2020-02-19,2020021901002175,PRIN,14,50,200,494.0,98800.0
2020-02-19,2020021901002174,PRIN,14,44,90,494.0,44460.0
2020-02-19,2020021901002107,PRIN,21,44,110,494.0,54340.0
2020-02-19,2020021901002106,PRIN,21,37,100,494.0,49400.0
2020-02-19,2020021901002105,PRIN,21,14,90,494.0,44460.0
2020-02-19,2020021901002350,PRVU,58,49,636,250.0,159000.0
2020-02-19,2020021901002291,PRVU,13,39,300,251.0,75300.0
2020-02-19,2020021901002290,PRVU,13,35,87,251.0,21837.0
2020-02-19,2020021901002289,PRVU,13,38,16,251.0,4016.0
2020-02-19,2020021901002288,PRVU,13,55,790,251.0,198290.0
2020-02-19,2020021901002364,RBCLPO,13,59,20,9550.0,191000.0
2020-02-19,2020021901002294,RBCLPO,40,59,20,9550.0,191000.0
2020-02-19,2020021901002509,RHPC,26,40,34,88.0,2992.0
2020-02-19,2020021901002493,RHPC,34,40,100,88.0,8800.0
2020-02-19,2020021901002492,RHPC,50,40,300,88.0,26400.0
2020-02-19,2020021901002491,RHPC,51,40,986,88.0,86768.0
2020-02-19,2020021901002228,RHPC,14,33,200,89.0,17800.0
2020-02-19,2020021901002438,RHPL,29,25,40,166.0,6640.0
2020-02-19,2020021901002344,RHPL,29,48,40,166.0,6640.0
2020-02-19,2020021901002307,RHPL,29,51,30,166.0,4980.0
2020-02-19,2020021901002259,RHPL,29,48,40,166.0,6640.0
2020-02-19,2020021901002297,RRHP,45,44,10,102.0,1020.0
2020-02-19,2020021901002178,RRHP,45,51,10,102.0,1020.0
2020-02-19,2020021901002316,SADBL,52,52,50,169.0,8450.0
2020-02-19,2020021901002279,SAND2085,47,58,25,934.0,23350.0
2020-02-19,2020021901002421,SANIMA,38,16,70,357.0,24990.0
2020-02-19,2020021901002240,SANIMA,1,58,20,356.0,7120.0
2020-02-19,2020021901002398,SBL,4,4,27,321.0,8667.0
2020-02-19,2020021901002550,SCB,11,43,150,652.0,97800.0
2020-02-19,2020021901002170,SFCL,39,14,200,104.0,20800.0
2020-02-19,2020021901002497,SHINE,14,39,500,301.0,150500.0
2020-02-19,2020021901002418,SHINE,6,26,400,301.0,120400.0
2020-02-19,2020021901002353,SHINE,50,26,100,301.0,30100.0
2020-02-19,2020021901002255,SHINE,59,39,11,301.0,3311.0
2020-02-19,2020021901002248,SHINE,39,38,176,299.0,52624.0
2020-02-19,2020021901002187,SHINE,59,28,126,301.0,37926.0
2020-02-19,2020021901002186,SHINE,59,42,53,300.0,15900.0
2020-02-19,2020021901002185,SHINE,59,6,101,300.0,30300.0
2020-02-19,2020021901002144,SHINE,57,6,99,300.0,29700.0
2020-02-19,2020021901002143,SHINE,57,38,201,300.0,60300.0
2020-02-19,2020021901002544,SHIVM,44,58,1000,630.0,630000.0
2020-02-19,2020021901002521,SHIVM,40,3,250,630.0,157500.0
2020-02-19,2020021901002428,SHIVM,40,52,200,630.0,126000.0
2020-02-19,2020021901002341,SHIVM,34,48,350,630.0,220500.0
2020-02-19,2020021901002328,SHIVM,44,48,150,630.0,94500.0
2020-02-19,2020021901002327,SHIVM,44,46,100,630.0,63000.0
2020-02-19,2020021901002090,SHIVM,59,22,50,629.0,31450.0
2020-02-19,2020021901002104,SHIVM,40,48,150,628.0,94200.0
2020-02-19,2020021901002095,SHIVM,59,42,150,629.0,94350.0
2020-02-19,2020021901002094,SHIVM,59,45,200,629.0,125800.0
2020-02-19,2020021901002093,SHIVM,59,22,500,629.0,314500.0
2020-02-19,2020021901002092,SHIVM,59,55,50,629.0,31450.0
2020-02-19,2020021901002091,SHIVM,59,45,50,629.0,31450.0
2020-02-19,2020021901002114,SHIVM,19,41,200,630.0,126000.0
2020-02-19,2020021901002113,SHIVM,19,41,100,630.0,63000.0
2020-02-19,2020021901002112,SHIVM,19,41,50,630.0,31500.0
2020-02-19,2020021901002111,SHIVM,19,11,300,630.0,189000.0
2020-02-19,2020021901002110,SHIVM,19,22,50,630.0,31500.0
2020-02-19,2020021901002109,SHIVM,19,46,100,630.0,63000.0
2020-02-19,2020021901002277,SHIVM,6,46,100,630.0,63000.0
2020-02-19,2020021901002172,SHIVM,49,7,100,630.0,63000.0
2020-02-19,2020021901002171,SHIVM,49,58,400,630.0,252000.0
2020-02-19,2020021901002129,SHIVM,45,58,400,630.0,252000.0
2020-02-19,2020021901002115,SHIVM,19,58,200,630.0,126000.0
2020-02-19,2020021901002526,SHPC,35,39,300,234.0,70200.0
2020-02-19,2020021901002503,SHPC,36,37,100,232.0,23200.0
2020-02-19,2020021901002502,SHPC,36,36,657,232.0,152424.0
2020-02-19,2020021901002405,SHPC,35,48,585,231.0,135135.0
2020-02-19,2020021901002232,SHPC,39,48,15,231.0,3465.0
2020-02-19,2020021901002486,SICL,47,58,300,1250.0,375000.0
2020-02-19,2020021901002485,SICL,47,58,300,1250.0,375000.0
2020-02-19,2020021901002407,SICL,44,55,50,1249.0,62450.0
2020-02-19,2020021901002329,SICL,57,55,200,1249.0,249800.0
2020-02-19,2020021901002449,SJCL,11,22,20,157.0,3140.0
2020-02-19,2020021901002352,SJCL,11,48,20,157.0,3140.0
2020-02-19,2020021901002322,SJCL,11,51,20,157.0,3140.0
2020-02-19,2020021901002264,SJCL,11,48,20,157.0,3140.0
2020-02-19,2020021901002200,SKBBL,14,11,100,1185.0,118500.0
2020-02-19,2020021901002323,SLBSL,34,58,10,950.0,9500.0
2020-02-19,2020021901002184,SLBSL,6,6,50,951.0,47550.0
2020-02-19,2020021901002411,SLICL,45,52,200,497.0,99400.0
2020-02-19,2020021901002372,SLICL,41,42,26,498.0,12948.0
2020-02-19,2020021901002371,SLICL,40,42,70,498.0,34860.0
2020-02-19,2020021901002299,SLICL,44,28,706,499.0,352294.0
2020-02-19,2020021901002251,SLICL,54,28,20,499.0,9980.0
2020-02-19,2020021901002221,SLICL,40,10,121,498.0,60258.0
2020-02-19,2020021901002220,SLICL,41,10,50,498.0,24900.0
2020-02-19,2020021901002219,SLICL,38,10,20,498.0,9960.0
2020-02-19,2020021901002089,SLICL,45,41,80,497.0,39760.0
2020-02-19,2020021901002066,SLICL,45,41,200,497.0,99400.0
2020-02-19,2020021901002237,SMFBS,6,52,10,1150.0,11500.0
2020-02-19,2020021901002236,SMFBS,6,6,10,1150.0,11500.0
2020-02-19,2020021901002356,SPDL,51,42,15,99.0,1485.0
2020-02-19,2020021901002266,SPDL,44,39,15,98.0,1470.0
2020-02-19,2020021901002383,SRBL,4,25,146,257.0,37522.0
2020-02-19,2020021901002382,SRBL,4,49,1000,257.0,257000.0
2020-02-19,2020021901002381,SRBL,4,53,90,257.0,23130.0
2020-02-19,2020021901002380,SRBL,4,7,500,256.0,128000.0
2020-02-19,2020021901002379,SRBL,4,14,264,256.0,67584.0
2020-02-19,2020021901002363,SRBL,34,49,200,255.0,51000.0
2020-02-19,2020021901002166,SRBL,48,36,1000,256.0,256000.0
2020-02-19,2020021901002059,SRBL,37,53,500,257.0,128500.0
2020-02-19,2020021901002525,SWBBL,59,44,500,1300.0,650000.0
2020-02-19,2020021901002450,SWBBL,59,10,500,1300.0,650000.0
2020-02-19,2020021901002164,SWBBL,14,35,600,1301.0,780600.0
2020-02-19,2020021901002163,SWBBL,14,37,150,1300.0,195000.0
2020-02-19,2020021901002162,SWBBL,14,57,150,1300.0,195000.0
2020-02-19,2020021901002161,SWBBL,14,42,15,1298.0,19470.0
2020-02-19,2020021901002394,UPCL,44,56,10,80.0,800.0
2020-02-19,2020021901002393,UPCL,44,45,50,80.0,4000.0
2020-02-19,2020021901002392,UPCL,44,38,100,80.0,8000.0
2020-02-19,2020021901002518,UPPER,55,16,40,238.0,9520.0
2020-02-19,2020021901002286,UPPER,55,48,50,238.0,11900.0
2020-02-19,2020021901002235,VLBS,49,35,200,1134.0,226800.0
2020-02-19,2020021901002488,WOMI,54,58,50,1090.0,54500.0
2020-02-19,2020021901002487,WOMI,4,58,100,1090.0,109000.0
2020-02-19,2020021901002440,WOMI,5,58,384,1092.0,419328.0
2020-02-19,2020021901002250,WOMI,57,34,105,1094.0,114870.0
2020-02-19,2020021901000678,ADBL,39,3,75,400.0,30000.0
2020-02-19,2020021901000985,AKJCL,10,41,20,55.0,1100.0
2020-02-19,2020021901000926,AKJCL,10,56,10,55.0,550.0
2020-02-19,2020021901000962,AKPL,16,3,710,136.0,96560.0
2020-02-19,2020021901000961,AKPL,26,3,290,136.0,39440.0
2020-02-19,2020021901000893,AKPL,26,34,10,136.0,1360.0
2020-02-19,2020021901000561,AKPL,58,16,10,138.0,1380.0
2020-02-19,2020021901000614,AKPL,11,58,20,138.0,2760.0
2020-02-19,2020021901000613,AKPL,38,58,500,138.0,69000.0
2020-02-19,2020021901000612,AKPL,45,58,280,138.0,38640.0
2020-02-19,2020021901000570,AKPL,45,42,220,138.0,30360.0
2020-02-19,2020021901000569,AKPL,58,42,780,138.0,107640.0
2020-02-19,2020021901000696,AKPL,38,13,689,137.0,94393.0
2020-02-19,2020021901000663,AKPL,38,42,11,137.0,1507.0
2020-02-19,2020021901000658,AKPL,38,10,500,137.0,68500.0
2020-02-19,2020021901000645,AKPL,38,50,1000,137.0,137000.0
2020-02-19,2020021901000628,AKPL,38,50,800,137.0,109600.0
2020-02-19,2020021901000615,AKPL,58,58,500,138.0,69000.0
2020-02-19,2020021901001036,ALBSL,42,45,10,770.0,7700.0
2020-02-19,2020021901001035,ALBSL,21,45,10,770.0,7700.0
2020-02-19,2020021901000975,ALBSL,17,1,10,780.0,7800.0
2020-02-19,2020021901000575,ALBSL,17,45,20,780.0,15600.0
2020-02-19,2020021901001017,ALICL,22,42,200,620.0,124000.0
2020-02-19,2020021901000989,ALICL,14,36,100,619.0,61900.0
2020-02-19,2020021901000951,ALICL,50,36,100,619.0,61900.0
2020-02-19,2020021901000890,ALICL,10,42,100,620.0,62000.0
2020-02-19,2020021901000889,ALICL,38,42,300,620.0,186000.0
2020-02-19,2020021901000888,ALICL,36,42,300,622.0,186600.0
2020-02-19,2020021901000887,ALICL,36,42,100,623.0,62300.0
2020-02-19,2020021901000638,ALICL,5,14,83,623.0,51709.0
2020-02-19,2020021901000637,ALICL,57,14,50,625.0,31250.0
2020-02-19,2020021901000636,ALICL,50,14,67,626.0,41942.0
2020-02-19,2020021901000584,ALICL,50,54,132,626.0,82632.0
2020-02-19,2020021901000924,API,17,56,802,136.0,109072.0
2020-02-19,2020021901000923,API,45,56,72,137.0,9864.0
2020-02-19,2020021901000822,API,45,42,400,137.0,54800.0
2020-02-19,2020021901000567,API,45,16,10,137.0,1370.0
2020-02-19,2020021901000808,BFC,5,36,500,109.0,54500.0
2020-02-19,2020021901000807,BFC,25,36,136,109.0,14824.0
2020-02-19,2020021901000825,BOKL,16,28,44,236.0,10384.0
2020-02-19,2020021901000824,BOKL,4,28,56,237.0,13272.0
2020-02-19,2020021901000806,BOKL,4,35,94,237.0,22278.0
2020-02-19,2020021901000805,BOKL,4,35,80,237.0,18960.0
2020-02-19,2020021901000804,BOKL,45,35,346,237.0,82002.0
2020-02-19,2020021901000803,BOKL,4,35,80,237.0,18960.0
2020-02-19,2020021901000669,BPCL,41,42,55,350.0,19250.0
2020-02-19,2020021901000927,BPCL,14,49,22,349.0,7678.0
2020-02-19,2020021901000903,BPCL,41,13,145,350.0,50750.0
2020-02-19,2020021901000964,CBL,57,45,11,152.0,1672.0
2020-02-19,2020021901000661,CBL,53,33,100,153.0,15300.0
2020-02-19,2020021901000621,CBL,34,33,1000,153.0,153000.0
2020-02-19,2020021901000583,CBL,22,33,10,153.0,1530.0
2020-02-19,2020021901001039,CCBL,33,37,23,185.0,4255.0
2020-02-19,2020021901000896,CCBL,33,49,77,185.0,14245.0
2020-02-19,2020021901000895,CCBL,22,49,44,185.0,8140.0
2020-02-19,2020021901000695,CCBL,22,45,25,185.0,4625.0
2020-02-19,2020021901000685,CCBL,22,22,29,185.0,5365.0
2020-02-19,2020021901000595,CCBL,22,41,14,185.0,2590.0
2020-02-19,2020021901000579,CCBL,22,28,34,185.0,6290.0
2020-02-19,2020021901001049,CIT,38,58,33,2711.0,89463.0
2020-02-19,2020021901001048,CIT,14,58,50,2712.0,135600.0
2020-02-19,2020021901000758,CIT,35,58,10,2715.0,27150.0
2020-02-19,2020021901000757,CIT,14,58,100,2715.0,271500.0
2020-02-19,2020021901000756,CIT,7,58,217,2715.0,589155.0
2020-02-19,2020021901000755,CIT,38,58,200,2716.0,543200.0
2020-02-19,2020021901000754,CIT,8,58,140,2716.0,380240.0
2020-02-19,2020021901000753,CIT,18,58,100,2717.0,271700.0
2020-02-19,2020021901000752,CIT,17,58,30,2717.0,81510.0
2020-02-19,2020021901000751,CIT,3,58,19,2718.0,51642.0
2020-02-19,2020021901000627,CIT,3,13,81,2718.0,220158.0
2020-02-19,2020021901000626,CIT,58,13,50,2718.0,135900.0
2020-02-19,2020021901000802,CMF1,43,44,2000,9.5,19000.0
2020-02-19,2020021901000715,CMF1,6,44,500,9.5,4750.0
2020-02-19,2020021901000974,CORBL,32,46,21,130.0,2730.0
2020-02-19,2020021901000622,CORBL,38,46,49,130.0,6370.0
2020-02-19,2020021901000925,CZBIL,42,49,875,197.0,172375.0
2020-02-19,2020021901000568,CZBIL,48,49,500,198.0,99000.0
2020-02-19,2020021901000560,DDBL,25,14,50,890.0,44500.0
2020-02-19,2020021901000680,EBL,14,6,10,671.0,6710.0
2020-02-19,2020021901000591,EBL,14,6,22,671.0,14762.0
2020-02-19,2020021901000823,EBL,17,32,90,670.0,60300.0
2020-02-19,2020021901000793,EBL,17,34,10,670.0,6700.0
2020-02-19,2020021901000694,EBL,14,32,113,671.0,75823.0
2020-02-19,2020021901001010,EIC,17,17,88,442.0,38896.0
2020-02-19,2020021901001009,EIC,32,17,112,443.0,49616.0
2020-02-19,2020021901000718,EIC,32,7,100,445.0,44500.0
2020-02-19,2020021901000717,EIC,32,6,50,445.0,22250.0
2020-02-19,2020021901000681,EIC,52,6,50,445.0,22250.0
2020-02-19,2020021901000991,FMDBL,34,56,100,479.0,47900.0
2020-02-19,2020021901000990,FMDBL,3,56,400,479.0,191600.0
2020-02-19,2020021901000892,FMDBL,3,3,100,479.0,47900.0
2020-02-19,2020021901000891,FMDBL,45,3,100,480.0,48000.0
2020-02-19,2020021901001053,GBBL,40,51,150,243.0,36450.0
2020-02-19,2020021901000960,GBBL,4,49,134,242.0,32428.0
2020-02-19,2020021901000959,GBBL,41,49,100,242.0,24200.0
2020-02-19,2020021901000958,GBBL,4,49,100,242.0,24200.0
2020-02-19,2020021901000957,GBBL,4,49,150,242.0,36300.0
2020-02-19,2020021901000956,GBBL,4,49,100,242.0,24200.0
2020-02-19,2020021901000955,GBBL,4,49,158,242.0,38236.0
2020-02-19,2020021901000954,GBBL,4,49,58,242.0,14036.0
2020-02-19,2020021901001032,GBIME,58,45,30,285.0,8550.0
2020-02-19,2020021901001031,GBIME,28,45,73,285.0,20805.0
2020-02-19,2020021901000795,GBIME,28,17,27,285.0,7695.0
2020-02-19,2020021901000729,GBIME,42,13,395,286.0,112970.0
2020-02-19,2020021901000728,GBIME,6,13,500,286.0,143000.0
2020-02-19,2020021901000727,GBIME,19,13,80,286.0,22880.0
2020-02-19,2020021901000726,GBIME,6,13,30,286.0,8580.0
2020-02-19,2020021901001022,GBLBS,52,53,100,500.0,50000.0
2020-02-19,2020021901001021,GBLBS,52,45,15,500.0,7500.0
2020-02-19,2020021901000953,GBLBS,44,17,15,497.0,7455.0
2020-02-19,2020021901000750,GBLBS,52,49,50,498.0,24900.0
2020-02-19,2020021901000738,GBLBS,52,49,1000,498.0,498000.0
2020-02-19,2020021901000737,GBLBS,52,49,300,498.0,149400.0
2020-02-19,2020021901000671,GBLBS,44,58,820,501.0,410820.0
2020-02-19,2020021901000670,GBLBS,50,58,700,502.0,351400.0
2020-02-19,2020021901000643,GBLBS,44,50,1180,501.0,591180.0
2020-02-19,2020021901000642,GBLBS,16,50,185,501.0,92685.0
2020-02-19,2020021901000641,GBLBS,8,50,200,502.0,100400.0
2020-02-19,2020021901000640,GBLBS,52,50,435,502.0,218370.0
2020-02-19,2020021901000736,GBLBS,52,53,200,500.0,100000.0
2020-02-19,2020021901000676,GBLBS,50,58,800,500.0,400000.0
2020-02-19,2020021901000675,GBLBS,52,58,400,500.0,200000.0
2020-02-19,2020021901000674,GBLBS,52,58,100,500.0,50000.0
2020-02-19,2020021901000673,GBLBS,7,58,200,500.0,100000.0
2020-02-19,2020021901000672,GBLBS,52,58,200,500.0,100000.0
2020-02-19,2020021901000856,GGBSL,22,28,10,901.0,9010.0
2020-02-19,2020021901000848,GLICL,34,45,35,802.0,28070.0
2020-02-19,2020021901000662,GLICL,3,45,20,801.0,16020.0
2020-02-19,2020021901000657,GLICL,21,45,20,809.0,16180.0
2020-02-19,2020021901000859,GMFIL,1,36,20,131.0,2620.0
2020-02-19,2020021901000782,GMFIL,17,41,100,132.0,13200.0
2020-02-19,2020021901000845,GUFL,57,36,73,128.0,9344.0
2020-02-19,2020021901001025,HBL,4,25,1000,562.0,562000.0
2020-02-19,2020021901000919,HDL,48,29,50,1416.0,70800.0
2020-02-19,2020021901000883,HDL,34,6,50,1425.0,71250.0
2020-02-19,2020021901000878,HDL,48,41,20,1416.0,28320.0
2020-02-19,2020021901000821,HDL,59,53,100,1420.0,142000.0
2020-02-19,2020021901000794,HDL,59,53,100,1420.0,142000.0
2020-02-19,2020021901000733,HDL,4,53,250,1425.0,356250.0
2020-02-19,2020021901000572,HDL,59,16,25,1430.0,35750.0
2020-02-19,2020021901000571,HDL,50,16,205,1430.0,293150.0
2020-02-19,2020021901000725,HDL,4,6,150,1425.0,213750.0
2020-02-19,2020021901000714,HDL,4,1,100,1425.0,142500.0
2020-02-19,2020021901000699,HDL,38,38,1320,1429.0,1886280.0
2020-02-19,2020021901000677,HDL,38,45,30,1429.0,42870.0
2020-02-19,2020021901000619,HDL,38,25,100,1429.0,142900.0
2020-02-19,2020021901000593,HDL,38,53,50,1429.0,71450.0
2020-02-19,2020021901000863,HGI,50,54,300,440.0,132000.0
2020-02-19,2020021901000862,HGI,50,54,124,440.0,54560.0
2020-02-19,2020021901000797,HGI,50,44,176,440.0,77440.0
2020-02-19,2020021901000772,HGI,50,49,200,441.0,88200.0
2020-02-19,2020021901000771,HGI,45,49,250,441.0,110250.0
2020-02-19,2020021901000689,HGI,45,46,750,441.0,330750.0
2020-02-19,2020021901000769,HIDCL,51,49,31,137.0,4247.0
2020-02-19,2020021901000721,HIDCL,51,42,31,137.0,4247.0
2020-02-19,2020021901000702,HIDCL,51,22,34,137.0,4658.0
2020-02-19,2020021901000651,HIDCL,51,16,61,137.0,8357.0
2020-02-19,2020021901000578,HIDCL,51,16,16,137.0,2192.0
2020-02-19,2020021901000697,HPPL,26,42,10,151.0,1510.0
2020-02-19,2020021901000703,HURJA,3,42,20,106.0,2120.0
2020-02-19,2020021901000706,IGI,45,42,15,479.0,7185.0
2020-02-19,2020021901001052,ILBS,22,42,130,901.0,117130.0
2020-02-19,2020021901001051,ILBS,36,42,90,901.0,81090.0
2020-02-19,2020021901001050,ILBS,38,42,80,902.0,72160.0
2020-02-19,2020021901000984,ILBS,38,51,10,902.0,9020.0
2020-02-19,2020021901000928,ILBS,38,51,10,902.0,9020.0
2020-02-19,2020021901000815,ILBS,36,28,10,901.0,9010.0
2020-02-19,2020021901000582,ILBS,22,8,100,901.0,90100.0
2020-02-19,2020021901000851,JBBL,56,17,55,190.0,10450.0
2020-02-19,2020021901000592,JBBL,56,17,55,190.0,10450.0
2020-02-19,2020021901000576,JBBL,56,22,50,190.0,9500.0
2020-02-19,2020021901000983,JFL,6,6,200,181.0,36200.0
2020-02-19,2020021901000712,JOSHI,56,42,20,63.0,1260.0
2020-02-19,2020021901000930,KBL,52,7,27,196.0,5292.0
2020-02-19,2020021901000929,KBL,42,7,133,196.0,26068.0
2020-02-19,2020021901000708,KBL,42,22,17,196.0,3332.0
2020-02-19,2020021901000700,KBL,42,33,50,196.0,9800.0
2020-02-19,2020021901000655,KBL,53,28,110,197.0,21670.0
2020-02-19,2020021901000648,KBL,26,28,1000,197.0,197000.0
2020-02-19,2020021901000647,KBL,17,28,300,197.0,59100.0
2020-02-19,2020021901000646,KBL,17,28,250,197.0,49250.0
2020-02-19,2020021901000601,KMCDB,1,32,10,844.0,8440.0
2020-02-19,2020021901000562,KMCDB,1,32,10,844.0,8440.0
2020-02-19,2020021901000993,KPCL,38,41,10,105.0,1050.0
2020-02-19,2020021901000978,KPCL,38,7,10,105.0,1050.0
2020-02-19,2020021901000905,KPCL,38,42,10,105.0,1050.0
2020-02-19,2020021901000719,KPCL,38,42,10,105.0,1050.0
2020-02-19,2020021901000940,KSBBL,54,45,200,168.0,33600.0
2020-02-19,2020021901000847,KSBBL,57,7,100,169.0,16900.0
2020-02-19,2020021901000972,LBL,25,41,141,230.0,32430.0
2020-02-19,2020021901000971,LBL,4,41,200,230.0,46000.0
2020-02-19,2020021901000970,LBL,4,41,100,230.0,23000.0
2020-02-19,2020021901001005,LGIL,32,53,36,523.0,18828.0
2020-02-19,2020021901000994,LGIL,32,29,100,523.0,52300.0
2020-02-19,2020021901000945,LGIL,32,50,200,523.0,104600.0
2020-02-19,2020021901000849,LGIL,32,53,64,523.0,33472.0
2020-02-19,2020021901000780,LGIL,32,45,100,523.0,52300.0
2020-02-19,2020021901000732,LLBS,47,37,39,1170.0,45630.0
2020-02-19,2020021901000709,MBL,37,49,309,239.0,73851.0
2020-02-19,2020021901000969,MEGA,10,26,781,210.0,164010.0
2020-02-19,2020021901000968,MEGA,40,26,400,210.0,84000.0
2020-02-19,2020021901000967,MEGA,11,26,500,211.0,105500.0
2020-02-19,2020021901000966,MEGA,51,26,100,211.0,21100.0
2020-02-19,2020021901000965,MEGA,25,26,219,211.0,46209.0
2020-02-19,2020021901000947,MEGA,25,51,500,211.0,105500.0
2020-02-19,2020021901000902,MEGA,25,7,281,211.0,59291.0
2020-02-19,2020021901000901,MEGA,17,7,33,211.0,6963.0
2020-02-19,2020021901000977,MERO,19,54,100,666.0,66600.0
2020-02-19,2020021901000690,MERO,19,45,10,670.0,6700.0
2020-02-19,2020021901000939,MLBL,34,36,38,219.0,8322.0
2020-02-19,2020021901000938,MLBL,57,36,50,219.0,10950.0
2020-02-19,2020021901000937,MLBL,21,36,200,220.0,44000.0
2020-02-19,2020021901000936,MLBL,56,36,289,221.0,63869.0
2020-02-19,2020021901000814,MLBL,56,36,11,221.0,2431.0
2020-02-19,2020021901001018,MNBBL,45,6,100,329.0,32900.0
2020-02-19,2020021901000574,MNBBL,26,58,400,330.0,132000.0
2020-02-19,2020021901000605,NABIL,4,16,100,750.0,75000.0
2020-02-19,2020021901000604,NABIL,57,16,18,750.0,13500.0
2020-02-19,2020021901000603,NABIL,11,16,100,750.0,75000.0
2020-02-19,2020021901000602,NABIL,11,22,200,750.0,150000.0
2020-02-19,2020021901000598,NABIL,57,45,20,750.0,15000.0
2020-02-19,2020021901001006,NADEP,39,16,100,772.0,77200.0
2020-02-19,2020021901000934,NADEP,44,52,228,773.0,176244.0
2020-02-19,2020021901000860,NADEP,44,53,100,773.0,77300.0
2020-02-19,2020021901000839,NADEP,44,52,30,773.0,23190.0
2020-02-19,2020021901000801,NADEP,44,7,142,773.0,109766.0
2020-02-19,2020021901000800,NADEP,42,7,34,773.0,26282.0
2020-02-19,2020021901000799,NADEP,40,7,10,774.0,7740.0
2020-02-19,2020021901000798,NADEP,40,7,10,774.0,7740.0
2020-02-19,2020021901001038,NBB,7,45,342,209.0,71478.0
2020-02-19,2020021901000886,NBB,13,36,200,210.0,42000.0
2020-02-19,2020021901000885,NBB,11,36,50,210.0,10500.0
2020-02-19,2020021901000884,NBB,57,36,500,210.0,105000.0
2020-02-19,2020021901000812,NBB,49,50,10,211.0,2110.0
2020-02-19,2020021901000963,NBL,41,57,50,272.0,13600.0
2020-02-19,2020021901000735,NBL,59,57,90,272.0,24480.0
2020-02-19,2020021901000734,NBL,59,6,10,272.0,2720.0
2020-02-19,2020021901000705,NBL,51,49,124,271.0,33604.0
2020-02-19,2020021901000611,NBL,51,25,300,271.0,81300.0
2020-02-19,2020021901000610,NBL,41,25,300,271.0,81300.0
2020-02-19,2020021901000555,NBL,4,25,100,271.0,27100.0
2020-02-19,2020021901000554,NBL,4,25,100,271.0,27100.0
2020-02-19,2020021901001026,NCCB,39,59,500,196.0,98000.0
2020-02-19,2020021901000731,NCCB,22,32,500,196.0,98000.0
2020-02-19,2020021901000730,NCCB,58,32,2421,196.0,474516.0
2020-02-19,2020021901000713,NCCB,58,22,45,196.0,8820.0
2020-02-19,2020021901000704,NCCB,45,37,200,197.0,39400.0
2020-02-19,2020021901000682,NCCB,53,37,110,197.0,21670.0
2020-02-19,2020021901000624,NCCB,19,37,172,197.0,33884.0
2020-02-19,2020021901001001,NGPL,11,36,200,138.0,27600.0
2020-02-19,2020021901001000,NGPL,21,36,100,138.0,13800.0
2020-02-19,2020021901000999,NGPL,50,36,149,138.0,20562.0
2020-02-19,2020021901000739,NGPL,50,42,11,138.0,1518.0
2020-02-19,2020021901000620,NGPL,50,16,18,138.0,2484.0
2020-02-19,2020021901000759,NHDL,33,42,10,134.0,1340.0
2020-02-19,2020021901000741,NHDL,33,42,10,134.0,1340.0
2020-02-19,2020021901000988,NIB,52,45,114,384.0,43776.0
2020-02-19,2020021901000840,NIB,52,17,44,384.0,16896.0
2020-02-19,2020021901000788,NIB,52,22,35,384.0,13440.0
2020-02-19,2020021901000787,NIB,26,26,30,385.0,11550.0
2020-02-19,2020021901000650,NIB,52,26,50,386.0,19300.0
2020-02-19,2020021901001023,NICA,16,45,11,544.0,5984.0
2020-02-19,2020021901000998,NICA,16,22,140,544.0,76160.0
2020-02-19,2020021901000917,NICA,33,17,200,545.0,109000.0
2020-02-19,2020021901000916,NICA,17,17,200,545.0,109000.0
2020-02-19,2020021901000915,NICA,7,17,200,546.0,109200.0
2020-02-19,2020021901000817,NICA,33,14,200,547.0,109400.0
2020-02-19,2020021901000816,NICA,17,14,138,547.0,75486.0
2020-02-19,2020021901000781,NICA,45,57,200,548.0,109600.0
2020-02-19,2020021901000687,NICA,35,48,300,549.0,164700.0
2020-02-19,2020021901000625,NICA,17,21,62,547.0,33914.0
2020-02-19,2020021901001024,NICL,43,29,500,462.0,231000.0
2020-02-19,2020021901000943,NICL,4,17,90,461.0,41490.0
2020-02-19,2020021901000942,NICL,45,17,200,462.0,92400.0
2020-02-19,2020021901001012,NIL,43,29,276,598.0,165048.0
2020-02-19,2020021901001011,NIL,50,29,24,598.0,14352.0
2020-02-19,2020021901000904,NIL,50,45,30,598.0,17940.0
2020-02-19,2020021901000858,NIL,50,43,446,598.0,266708.0
2020-02-19,2020021901000857,NIL,5,43,115,599.0,68885.0
2020-02-19,2020021901000589,NIL,5,36,50,598.0,29900.0
2020-02-19,2020021901000588,NIL,56,36,200,599.0,119800.0
2020-02-19,2020021901000587,NIL,17,36,100,599.0,59900.0
2020-02-19,2020021901000586,NIL,45,36,390,602.0,234780.0
2020-02-19,2020021901000710,NLBBL,28,52,494,845.0,417430.0
2020-02-19,2020021901000594,NLBBL,28,53,307,845.0,259415.0
2020-02-19,2020021901001016,NLG,26,48,20,720.0,14400.0
2020-02-19,2020021901001004,NLG,26,28,30,720.0,21600.0
2020-02-19,2020021901000992,NLG,55,20,100,725.0,72500.0
2020-02-19,2020021901000987,NLG,37,48,200,720.0,144000.0
2020-02-19,2020021901000986,NLG,6,48,50,721.0,36050.0
2020-02-19,2020021901000950,NLG,51,45,100,723.0,72300.0
2020-02-19,2020021901000850,NLG,49,29,45,730.0,32850.0
2020-02-19,2020021901000556,NLG,39,26,10,733.0,7330.0
2020-02-19,2020021901000918,NLG,17,14,100,726.0,72600.0
2020-02-19,2020021901000899,NLG,49,48,145,730.0,105850.0
2020-02-19,2020021901000898,NLG,49,29,55,730.0,40150.0
2020-02-19,2020021901000868,NLG,49,29,100,730.0,73000.0
2020-02-19,2020021901000935,NLIC,21,17,22,1195.0,26290.0
2020-02-19,2020021901000778,NLIC,21,49,22,1195.0,26290.0
2020-02-19,2020021901000701,NLIC,32,38,16,1196.0,19136.0
2020-02-19,2020021901000684,NLIC,21,51,10,1195.0,11950.0
2020-02-19,2020021901000683,NLIC,21,49,22,1195.0,26290.0
2020-02-19,2020021901000666,NLIC,21,16,172,1195.0,205540.0
2020-02-19,2020021901000665,NLIC,42,16,28,1195.0,33460.0
2020-02-19,2020021901000656,NLIC,50,32,317,1196.0,379132.0
2020-02-19,2020021901000623,NLICL,10,37,300,705.0,211500.0
2020-02-19,2020021901001019,NMB,40,57,500,409.0,204500.0
2020-02-19,2020021901000920,NMB,40,33,500,409.0,204500.0
2020-02-19,2020021901000855,NMB,10,59,639,407.0,260073.0
2020-02-19,2020021901000854,NMB,29,59,100,407.0,40700.0
2020-02-19,2020021901000853,NMB,44,59,200,407.0,81400.0
2020-02-19,2020021901000852,NMB,45,59,61,408.0,24888.0
2020-02-19,2020021901000698,NMB,57,49,136,408.0,55488.0
2020-02-19,2020021901000566,NMB,11,25,250,410.0,102500.0
2020-02-19,2020021901000565,NMB,11,25,271,410.0,111110.0
2020-02-19,2020021901000768,NMB,10,55,290,408.0,118320.0
2020-02-19,2020021901000745,NMB,10,36,74,408.0,30192.0
2020-02-19,2020021901000744,NMB,17,36,200,408.0,81600.0
2020-02-19,2020021901000743,NMB,51,36,500,408.0,204000.0
2020-02-19,2020021901000742,NMB,57,36,26,408.0,10608.0
2020-02-19,2020021901000707,NMB,49,25,50,410.0,20500.0
2020-02-19,2020021901000829,NMB,45,54,139,408.0,56712.0
2020-02-19,2020021901000828,NMB,33,54,200,408.0,81600.0
2020-02-19,2020021901000827,NMB,45,54,200,408.0,81600.0
2020-02-19,2020021901000826,NMB,10,54,461,408.0,188088.0
2020-02-19,2020021901000785,NMB,10,49,25,408.0,10200.0
2020-02-19,2020021901000773,NMB,10,36,150,408.0,61200.0
2020-02-19,2020021901000667,NSEWA,33,28,10,785.0,7850.0
2020-02-19,2020021901001014,PCBL,13,5,2000,283.0,566000.0
2020-02-19,2020021901001013,PCBL,33,5,1000,283.0,283000.0
2020-02-19,2020021901000720,PCBL,11,4,550,284.0,156200.0
2020-02-19,2020021901000976,PIC,38,16,525,637.0,334425.0
2020-02-19,2020021901000914,PIC,38,58,475,637.0,302575.0
2020-02-19,2020021901000913,PIC,22,58,200,641.0,128200.0
2020-02-19,2020021901000912,PIC,34,58,25,641.0,16025.0
2020-02-19,2020021901000911,PIC,53,58,100,642.0,64200.0
2020-02-19,2020021901000910,PIC,19,58,200,642.0,128400.0
2020-02-19,2020021901000909,PIC,37,58,100,645.0,64500.0
2020-02-19,2020021901000660,PIC,48,50,100,646.0,64600.0
2020-02-19,2020021901000906,PICL,34,35,150,520.0,78000.0
2020-02-19,2020021901000879,PICL,22,34,20,522.0,10440.0
2020-02-19,2020021901000573,PICL,49,14,20,532.0,10640.0
2020-02-19,2020021901001047,PLIC,57,56,450,603.0,271350.0
2020-02-19,2020021901001046,PLIC,38,56,800,603.0,482400.0
2020-02-19,2020021901001045,PLIC,1,56,200,603.0,120600.0
2020-02-19,2020021901001044,PLIC,14,56,100,604.0,60400.0
2020-02-19,2020021901001043,PLIC,57,56,100,604.0,60400.0
2020-02-19,2020021901001042,PLIC,57,56,50,604.0,30200.0
2020-02-19,2020021901000688,PLIC,14,50,200,611.0,122200.0
2020-02-19,2020021901000664,PLIC,14,50,100,611.0,61100.0
2020-02-19,2020021901000599,PLIC,45,57,150,611.0,91650.0
2020-02-19,2020021901000809,PLIC,38,58,100,608.0,60800.0
2020-02-19,2020021901000749,PLIC,57,56,500,610.0,305000.0
2020-02-19,2020021901000748,PLIC,7,56,100,610.0,61000.0
2020-02-19,2020021901000740,PLIC,34,16,500,610.0,305000.0
2020-02-19,2020021901000724,PLIC,50,45,500,610.0,305000.0
2020-02-19,2020021901000952,PLIC,57,41,50,604.0,30200.0
2020-02-19,2020021901000941,PLIC,5,6,100,607.0,60700.0
2020-02-19,2020021901000830,PLIC,5,14,100,607.0,60700.0
2020-02-19,2020021901000635,PMHPL,59,59,980,97.0,95060.0
2020-02-19,2020021901000634,PMHPL,59,16,10,97.0,970.0
2020-02-19,2020021901000633,PMHPL,59,22,10,97.0,970.0
2020-02-19,2020021901000783,PPCL,11,42,30,125.0,3750.0
2020-02-19,2020021901000982,PRIN,38,17,743,485.0,360355.0
2020-02-19,2020021901000981,PRIN,14,17,1005,485.0,487425.0
2020-02-19,2020021901000980,PRIN,39,17,200,486.0,97200.0
2020-02-19,2020021901000979,PRIN,38,17,52,486.0,25272.0
2020-02-19,2020021901000908,PRIN,38,53,148,486.0,71928.0
2020-02-19,2020021901000907,PRIN,26,53,200,487.0,97400.0
2020-02-19,2020021901000864,PRIN,44,17,1000,488.0,488000.0
2020-02-19,2020021901000843,PRIN,32,17,500,489.0,244500.0
2020-02-19,2020021901001027,PRVU,57,45,100,250.0,25000.0
2020-02-19,2020021901000882,PRVU,57,7,190,250.0,47500.0
2020-02-19,2020021901000881,PRVU,26,7,10,250.0,2500.0
2020-02-19,2020021901000832,PRVU,45,55,200,251.0,50200.0
2020-02-19,2020021901000831,PRVU,45,33,100,251.0,25100.0
2020-02-19,2020021901000711,PRVU,47,57,150,252.0,37800.0
2020-02-19,2020021901000921,RBCL,16,43,10,11213.0,112130.0
2020-02-19,2020021901000760,RBCL,38,35,20,11213.0,224260.0
2020-02-19,2020021901000618,RBCLPO,32,59,10,9546.0,95460.0
2020-02-19,2020021901000617,RBCLPO,34,59,40,9546.0,381840.0
2020-02-19,2020021901000609,RBCLPO,58,33,20,9547.0,190940.0
2020-02-19,2020021901000608,RBCLPO,14,33,10,9547.0,95470.0
2020-02-19,2020021901000597,RBCLPO,51,35,20,9561.0,191220.0
2020-02-19,2020021901000596,RBCLPO,14,35,20,9562.0,191240.0
2020-02-19,2020021901000997,RHPL,32,41,40,166.0,6640.0
2020-02-19,2020021901000922,RHPL,47,42,40,166.0,6640.0
2020-02-19,2020021901000861,RHPL,47,42,20,166.0,3320.0
2020-02-19,2020021901000786,RHPL,47,42,30,166.0,4980.0
2020-02-19,2020021901000668,RHPL,56,29,40,167.0,6680.0
2020-02-19,2020021901000946,RLFL,29,38,220,139.0,30580.0
2020-02-19,2020021901000900,RMDC,25,58,636,740.0,470640.0
2020-02-19,2020021901000838,RMDC,43,58,100,740.0,74000.0
2020-02-19,2020021901000837,RMDC,6,58,200,740.0,148000.0
2020-02-19,2020021901000836,RMDC,6,58,100,741.0,74100.0
2020-02-19,2020021901000835,RMDC,16,58,400,745.0,298000.0
2020-02-19,2020021901000834,RMDC,43,58,200,745.0,149000.0
2020-02-19,2020021901000833,RMDC,53,58,364,745.0,271180.0
2020-02-19,2020021901000820,RMDC,53,53,136,745.0,101320.0
2020-02-19,2020021901000819,RMDC,57,53,14,746.0,10444.0
2020-02-19,2020021901000775,RMDC,57,41,186,746.0,138756.0
2020-02-19,2020021901000774,RMDC,16,41,100,746.0,74600.0
2020-02-19,2020021901000659,RMDC,57,53,150,750.0,112500.0
2020-02-19,2020021901000716,RRHP,45,28,10,102.0,1020.0
2020-02-19,2020021901000973,RRHP,45,7,10,102.0,1020.0
2020-02-19,2020021901000944,RRHP,45,42,10,102.0,1020.0
2020-02-19,2020021901000880,RRHP,45,42,10,102.0,1020.0
2020-02-19,2020021901001037,SABSL,48,51,10,918.0,9180.0
2020-02-19,2020021901000649,SABSL,48,49,10,930.0,9300.0
2020-02-19,2020021901001041,SANIMA,57,53,100,357.0,35700.0
2020-02-19,2020021901000866,SANIMA,44,53,100,358.0,35800.0
2020-02-19,2020021901000865,SANIMA,45,53,166,358.0,59428.0
2020-02-19,2020021901000639,SDESI,49,40,50,985.0,49250.0
2020-02-19,2020021901000590,SDESI,49,45,100,985.0,98500.0
2020-02-19,2020021901000867,SFCL,20,14,100,102.0,10200.0
2020-02-19,2020021901000679,SFCL,39,14,100,102.0,10200.0
2020-02-19,2020021901001030,SHINE,39,57,1000,294.0,294000.0
2020-02-19,2020021901001029,SHINE,33,57,500,294.0,147000.0
2020-02-19,2020021901000873,SHINE,33,57,500,295.0,147500.0
2020-02-19,2020021901000872,SHINE,57,57,200,295.0,59000.0
2020-02-19,2020021901000871,SHINE,34,57,150,295.0,44250.0
2020-02-19,2020021901000870,SHINE,44,57,50,297.0,14850.0
2020-02-19,2020021901000644,SHINE,3,49,50,299.0,14950.0
2020-02-19,2020021901000585,SHINE,39,57,100,300.0,30000.0
2020-02-19,2020021901000581,SHINE,3,21,51,299.0,15249.0
2020-02-19,2020021901000580,SHINE,6,21,20,299.0,5980.0
2020-02-19,2020021901000869,SHINE,14,57,200,297.0,59400.0
2020-02-19,2020021901000811,SHINE,3,57,100,299.0,29900.0
2020-02-19,2020021901000810,SHINE,3,57,99,299.0,29601.0
2020-02-19,2020021901000897,SHIVM,6,33,200,622.0,124400.0
2020-02-19,2020021901000876,SHIVM,38,42,200,623.0,124600.0
2020-02-19,2020021901000875,SHIVM,16,42,1000,623.0,623000.0
2020-02-19,2020021901000874,SHIVM,54,42,900,623.0,560700.0
2020-02-19,2020021901000846,SHIVM,42,56,500,625.0,312500.0
2020-02-19,2020021901000813,SHIVM,54,45,50,623.0,31150.0
2020-02-19,2020021901000558,SHIVM,14,28,200,626.0,125200.0
2020-02-19,2020021901000557,SHIVM,14,28,80,626.0,50080.0
2020-02-19,2020021901000691,SHIVM,48,42,500,627.0,313500.0
2020-02-19,2020021901000686,SHIVM,1,25,500,627.0,313500.0
2020-02-19,2020021901000616,SHIVM,40,45,10,626.0,6260.0
2020-02-19,2020021901000600,SHIVM,40,28,250,628.0,157000.0
2020-02-19,2020021901000577,SHIVM,25,45,100,625.0,62500.0
2020-02-19,2020021901000559,SHIVM,19,28,120,626.0,75120.0
2020-02-19,2020021901000761,SHIVM,6,7,100,625.0,62500.0
2020-02-19,2020021901000747,SHIVM,47,58,400,626.0,250400.0
2020-02-19,2020021901000746,SHIVM,40,58,90,626.0,56340.0
2020-02-19,2020021901000693,SHIVM,40,42,10,626.0,6260.0
2020-02-19,2020021901000692,SHIVM,40,42,490,626.0,306740.0
2020-02-19,2020021901000767,SHIVM,36,5,700,625.0,437500.0
2020-02-19,2020021901000766,SHIVM,44,5,100,625.0,62500.0
2020-02-19,2020021901000765,SHIVM,45,5,200,625.0,125000.0
2020-02-19,2020021901000764,SHIVM,45,7,200,625.0,125000.0
2020-02-19,2020021901000763,SHIVM,14,7,200,625.0,125000.0
2020-02-19,2020021901000762,SHIVM,25,7,500,625.0,312500.0
2020-02-19,2020021901000792,SHIVM,36,14,1000,624.0,624000.0
2020-02-19,2020021901000791,SHIVM,25,14,750,624.0,468000.0
2020-02-19,2020021901000790,SHIVM,19,14,200,625.0,125000.0
2020-02-19,2020021901000789,SHIVM,36,14,200,625.0,125000.0
2020-02-19,2020021901000784,SHIVM,36,49,100,625.0,62500.0
2020-02-19,2020021901000948,SHPC,57,50,50,233.0,11650.0
2020-02-19,2020021901001028,SICL,45,4,42,1241.0,52122.0
2020-02-19,2020021901000996,SICL,5,53,50,1245.0,62250.0
2020-02-19,2020021901001015,SJCL,56,41,20,156.0,3120.0
2020-02-19,2020021901000844,SLBSL,11,6,40,945.0,37800.0
2020-02-19,2020021901000777,SLBSL,11,6,100,940.0,94000.0
2020-02-19,2020021901000776,SLBSL,11,43,10,940.0,9400.0
2020-02-19,2020021901000723,SLBSL,42,41,10,935.0,9350.0
2020-02-19,2020021901001034,SLICL,43,16,100,489.0,48900.0
2020-02-19,2020021901001033,SLICL,4,16,500,489.0,244500.0
2020-02-19,2020021901001003,SLICL,21,45,200,490.0,98000.0
2020-02-19,2020021901001002,SLICL,6,45,100,490.0,49000.0
2020-02-19,2020021901000933,SLICL,6,44,100,490.0,49000.0
2020-02-19,2020021901000932,SLICL,4,44,400,490.0,196000.0
2020-02-19,2020021901000931,SLICL,4,44,500,491.0,245500.0
2020-02-19,2020021901000842,SLICL,57,57,500,492.0,246000.0
2020-02-19,2020021901000841,SLICL,4,56,100,490.0,49000.0
2020-02-19,2020021901000818,SLICL,4,45,500,490.0,245000.0
2020-02-19,2020021901001040,SMATA,39,41,100,830.0,83000.0
2020-02-19,2020021901000949,SPDL,51,42,15,98.0,1470.0
2020-02-19,2020021901000632,SRBL,49,50,1522,256.0,389632.0
2020-02-19,2020021901000631,SRBL,49,38,965,256.0,247040.0
2020-02-19,2020021901000630,SRBL,49,4,607,256.0,155392.0
2020-02-19,2020021901000629,SRBL,49,49,49,254.0,12446.0
2020-02-19,2020021901000894,SWBBL,43,44,50,1290.0,64500.0
2020-02-19,2020021901000877,SWBBL,43,44,50,1290.0,64500.0
2020-02-19,2020021901000564,TRH,3,36,500,305.0,152500.0
2020-02-19,2020021901001020,UIC,21,34,20,438.0,8760.0
2020-02-19,2020021901000607,UIC,13,1,205,439.0,89995.0
2020-02-19,2020021901000606,UIC,13,6,80,439.0,35120.0
2020-02-19,2020021901000995,UPCL,42,42,50,79.0,3950.0
2020-02-19,2020021901001008,UPPER,42,42,50,236.0,11800.0
2020-02-19,2020021901001007,UPPER,40,42,20,236.0,4720.0
2020-02-19,2020021901000796,UPPER,40,49,40,236.0,9440.0
2020-02-19,2020021901000770,UPPER,40,28,40,236.0,9440.0
2020-02-19,2020021901000722,VLBS,43,26,100,1140.0,114000.0
2020-02-19,2020021901000779,VLBS,43,58,30,1140.0,34200.0
2020-02-19,2020021901001354,ADBL,58,19,500,394.0,197000.0
2020-02-19,2020021901001313,ADBL,58,49,14,394.0,5516.0
2020-02-19,2020021901001054,ADBL,20,40,100,394.0,39400.0
2020-02-19,2020021901001495,AKJCL,41,45,20,56.0,1120.0
2020-02-19,2020021901001494,AKJCL,41,42,10,56.0,560.0
2020-02-19,2020021901001265,AKJCL,10,42,10,55.0,550.0
2020-02-19,2020021901001247,AKJCL,10,57,20,55.0,1100.0
2020-02-19,2020021901001306,AKPL,53,52,477,136.0,64872.0
2020-02-19,2020021901001241,AKPL,53,11,13,136.0,1768.0
2020-02-19,2020021901001230,AKPL,53,3,510,136.0,69360.0
2020-02-19,2020021901001229,AKPL,45,3,200,136.0,27200.0
2020-02-19,2020021901001228,AKPL,16,3,290,136.0,39440.0
2020-02-19,2020021901001220,ALBSL,34,58,150,768.0,115200.0
2020-02-19,2020021901001487,ALICL,14,37,200,625.0,125000.0
2020-02-19,2020021901001486,ALICL,14,14,78,625.0,48750.0
2020-02-19,2020021901001407,ALICL,22,14,22,625.0,13750.0
2020-02-19,2020021901001252,ALICL,50,59,200,620.0,124000.0
2020-02-19,2020021901001492,API,17,25,500,136.0,68000.0
2020-02-19,2020021901001483,API,17,56,400,136.0,54400.0
2020-02-19,2020021901001457,API,17,7,15,136.0,2040.0
2020-02-19,2020021901001279,API,17,29,76,136.0,10336.0
2020-02-19,2020021901001421,BNT,57,42,10,7050.0,70500.0
2020-02-19,2020021901001162,BNT,7,16,20,7050.0,141000.0
2020-02-19,2020021901001362,BOKL,16,40,200,236.0,47200.0
2020-02-19,2020021901001243,BOKL,49,49,10000,239.0,2390000.0
2020-02-19,2020021901001543,BPCL,7,36,500,356.0,178000.0
2020-02-19,2020021901001542,BPCL,7,41,150,356.0,53400.0
2020-02-19,2020021901001541,BPCL,7,4,100,355.0,35500.0
2020-02-19,2020021901001272,BPCL,14,42,10,349.0,3490.0
2020-02-19,2020021901001314,BPCL,14,49,22,349.0,7678.0
2020-02-19,2020021901001540,BPCL,7,45,11,355.0,3905.0
2020-02-19,2020021901001539,BPCL,7,6,200,355.0,71000.0
2020-02-19,2020021901001499,BPCL,36,41,100,354.0,35400.0
2020-02-19,2020021901001402,CBBL,18,17,16,1095.0,17520.0
2020-02-19,2020021901001397,CBBL,42,17,20,1100.0,22000.0
2020-02-19,2020021901001396,CBBL,42,17,50,1100.0,55000.0
2020-02-19,2020021901001095,CBBL,42,17,450,1100.0,495000.0
2020-02-19,2020021901001318,CBL,57,49,95,152.0,14440.0
2020-02-19,2020021901001527,CCBL,1,7,56,184.0,10304.0
2020-02-19,2020021901001351,CCBL,1,49,21,184.0,3864.0
2020-02-19,2020021901001350,CCBL,16,49,100,184.0,18400.0
2020-02-19,2020021901001317,CFCL,4,28,40,150.0,6000.0
2020-02-19,2020021901001223,CFCL,32,26,1273,152.0,193496.0
2020-02-19,2020021901001222,CFCL,32,42,1400,152.0,212800.0
2020-02-19,2020021901001356,CHCL,10,49,127,420.0,53340.0
2020-02-19,2020021901001353,CIT,14,25,189,2700.0,510300.0
2020-02-19,2020021901001337,CIT,51,25,10,2700.0,27000.0
2020-02-19,2020021901001336,CIT,37,25,100,2700.0,270000.0
2020-02-19,2020021901001335,CIT,52,25,50,2700.0,135000.0
2020-02-19,2020021901001334,CIT,19,25,100,2700.0,270000.0
2020-02-19,2020021901001333,CIT,17,25,10,2700.0,27000.0
2020-02-19,2020021901001170,CIT,38,41,67,2711.0,181637.0
2020-02-19,2020021901001169,CIT,51,41,10,2712.0,27120.0
2020-02-19,2020021901001326,CIT,41,25,50,2711.0,135550.0
2020-02-19,2020021901001325,CIT,35,25,10,2711.0,27110.0
2020-02-19,2020021901001256,CIT,41,45,100,2711.0,271100.0
2020-02-19,2020021901001225,CIT,18,26,61,2715.0,165615.0
2020-02-19,2020021901001205,CIT,59,7,47,2711.0,127417.0
2020-02-19,2020021901001171,CIT,59,41,23,2711.0,62353.0
2020-02-19,2020021901001332,CIT,45,25,100,2701.0,270100.0
2020-02-19,2020021901001331,CIT,22,25,200,2703.0,540600.0
2020-02-19,2020021901001330,CIT,18,25,100,2703.0,270300.0
2020-02-19,2020021901001329,CIT,3,25,100,2704.0,270400.0
2020-02-19,2020021901001328,CIT,29,25,25,2704.0,67600.0
2020-02-19,2020021901001327,CIT,14,25,50,2705.0,135250.0
2020-02-19,2020021901001401,CMF1,43,57,2500,9.5,23750.0
2020-02-19,2020021901001392,CZBIL,45,49,947,197.0,186559.0
2020-02-19,2020021901001391,CZBIL,42,49,53,197.0,10441.0
2020-02-19,2020021901001218,CZBIL,42,45,29,197.0,5713.0
2020-02-19,2020021901001419,DDBL,22,35,50,881.0,44050.0
2020-02-19,2020021901001062,DDBL,6,57,149,882.0,131418.0
2020-02-19,2020021901001061,DDBL,45,57,50,882.0,44100.0
2020-02-19,2020021901001305,DHPL,41,39,10,55.0,550.0
2020-02-19,2020021901001304,DHPL,41,54,100,55.0,5500.0
2020-02-19,2020021901001303,DHPL,41,19,10,54.0,540.0
2020-02-19,2020021901001458,EBL,44,34,500,659.0,329500.0
2020-02-19,2020021901001426,EBL,44,54,50,660.0,33000.0
2020-02-19,2020021901001425,EBL,44,32,50,660.0,33000.0
2020-02-19,2020021901001273,EBL,57,49,25,661.0,16525.0
2020-02-19,2020021901001108,EBL,44,56,100,660.0,66000.0
2020-02-19,2020021901001069,EBL,33,49,300,661.0,198300.0
2020-02-19,2020021901001388,EBL,44,13,100,660.0,66000.0
2020-02-19,2020021901001236,EIC,26,13,38,442.0,16796.0
2020-02-19,2020021901001235,EIC,6,13,12,442.0,5304.0
2020-02-19,2020021901001177,EIC,6,37,88,442.0,38896.0
2020-02-19,2020021901001176,EIC,17,37,12,442.0,5304.0
2020-02-19,2020021901001195,FMDBL,6,18,200,479.0,95800.0
2020-02-19,2020021901001345,GBBL,7,51,442,243.0,107406.0
2020-02-19,2020021901001071,GBBL,4,29,200,242.0,48400.0
2020-02-19,2020021901001529,GBIME,4,39,200,285.0,57000.0
2020-02-19,2020021901001528,GBIME,4,57,350,285.0,99750.0
2020-02-19,2020021901001479,GBIME,51,57,50,285.0,14250.0
2020-02-19,2020021901001460,GBIME,51,57,100,285.0,28500.0
2020-02-19,2020021901001389,GBIME,6,19,141,284.0,40044.0
2020-02-19,2020021901001361,GBIME,6,49,45,284.0,12780.0
2020-02-19,2020021901001094,GBIME,19,57,200,285.0,57000.0
2020-02-19,2020021901001093,GBIME,4,57,200,285.0,57000.0
2020-02-19,2020021901001092,GBIME,21,57,100,285.0,28500.0
2020-02-19,2020021901001358,GBIME,6,52,15,284.0,4260.0
2020-02-19,2020021901001357,GBIME,49,52,105,284.0,29820.0
2020-02-19,2020021901001341,GBIME,49,19,95,284.0,26980.0
2020-02-19,2020021901001340,GBIME,14,19,968,284.0,274912.0
2020-02-19,2020021901001264,GBIME,14,26,32,284.0,9088.0
2020-02-19,2020021901001263,GBIME,10,26,50,284.0,14200.0
2020-02-19,2020021901001491,GBLBS,3,16,300,500.0,150000.0
2020-02-19,2020021901001490,GBLBS,3,11,15,500.0,7500.0
2020-02-19,2020021901001430,GBLBS,38,50,500,500.0,250000.0
2020-02-19,2020021901001429,GBLBS,38,49,105,500.0,52500.0
2020-02-19,2020021901001364,GBLBS,51,35,100,498.0,49800.0
2020-02-19,2020021901001308,GBLBS,52,45,50,500.0,25000.0
2020-02-19,2020021901001307,GBLBS,52,37,150,500.0,75000.0
2020-02-19,2020021901001140,GBLBS,44,58,1984,497.0,986048.0
2020-02-19,2020021901001129,GBLBS,52,21,50,500.0,25000.0
2020-02-19,2020021901001070,GBLBS,52,17,15,500.0,7500.0
2020-02-19,2020021901001372,GLICL,44,56,200,802.0,160400.0
2020-02-19,2020021901001371,GLICL,6,56,200,803.0,160600.0
2020-02-19,2020021901001370,GLICL,21,56,100,803.0,80300.0
2020-02-19,2020021901001089,GLICL,3,34,360,801.0,288360.0
2020-02-19,2020021901001088,GLICL,6,34,100,802.0,80200.0
2020-02-19,2020021901001087,GLICL,25,34,75,802.0,60150.0
2020-02-19,2020021901001086,GLICL,34,34,65,802.0,52130.0
2020-02-19,2020021901001274,GRDBL,39,55,425,136.0,57800.0
2020-02-19,2020021901001266,GRDBL,39,17,50,136.0,6800.0
2020-02-19,2020021901001138,GRDBL,39,36,525,136.0,71400.0
2020-02-19,2020021901001298,GUFL,14,17,373,128.0,47744.0
2020-02-19,2020021901001297,GUFL,57,17,27,128.0,3456.0
2020-02-19,2020021901001532,HBL,19,50,400,569.0,227600.0
2020-02-19,2020021901001531,HBL,19,26,200,568.0,113600.0
2020-02-19,2020021901001450,HBL,50,32,50,564.0,28200.0
2020-02-19,2020021901001390,HBL,50,36,95,564.0,53580.0
2020-02-19,2020021901001292,HBL,35,29,50,563.0,28150.0
2020-02-19,2020021901001526,HGI,16,54,46,438.0,20148.0
2020-02-19,2020021901001516,HGI,8,54,500,438.0,219000.0
2020-02-19,2020021901001501,HGI,50,40,300,439.0,131700.0
2020-02-19,2020021901001500,HGI,50,6,50,439.0,21950.0
2020-02-19,2020021901001277,HGI,17,6,100,439.0,43900.0
2020-02-19,2020021901001276,HGI,57,38,50,440.0,22000.0
2020-02-19,2020021901001477,HIDCL,50,42,31,137.0,4247.0
2020-02-19,2020021901001476,HIDCL,50,45,31,137.0,4247.0
2020-02-19,2020021901001403,HIDCL,58,52,13,136.0,1768.0
2020-02-19,2020021901001115,HIDCL,51,13,18,137.0,2466.0
2020-02-19,2020021901001405,HPPL,26,39,10,151.0,1510.0
2020-02-19,2020021901001283,HPPL,26,42,10,151.0,1510.0
2020-02-19,2020021901001118,HPPL,26,39,10,151.0,1510.0
2020-02-19,2020021901001063,HPPL,26,42,10,151.0,1510.0
2020-02-19,2020021901001293,HURJA,3,42,20,106.0,2120.0
2020-02-19,2020021901001474,ILBS,39,16,10,900.0,9000.0
2020-02-19,2020021901001132,ILBS,22,51,10,901.0,9010.0
2020-02-19,2020021901001127,ILBS,22,49,10,901.0,9010.0
2020-02-19,2020021901001060,ILBS,17,17,4105,900.0,3694500.0
2020-02-19,2020021901001524,JBBL,45,42,840,190.0,159600.0
2020-02-19,2020021901001519,JBBL,45,55,660,190.0,125400.0
2020-02-19,2020021901001518,JBBL,35,55,500,190.0,95000.0
2020-02-19,2020021901001517,JBBL,56,55,340,190.0,64600.0
2020-02-19,2020021901001300,JOSHI,56,42,20,63.0,1260.0
2020-02-19,2020021901001447,KBL,52,28,200,197.0,39400.0
2020-02-19,2020021901001412,KBL,52,39,206,196.0,40376.0
2020-02-19,2020021901001404,KBL,41,28,70,197.0,13790.0
2020-02-19,2020021901001251,KMCDB,1,38,10,844.0,8440.0
2020-02-19,2020021901001504,KPCL,38,33,10,105.0,1050.0
2020-02-19,2020021901001493,KPCL,38,11,10,106.0,1060.0
2020-02-19,2020021901001465,KPCL,38,41,10,106.0,1060.0
2020-02-19,2020021901001347,KPCL,11,38,10,107.0,1070.0
2020-02-19,2020021901001323,KPCL,11,6,10,107.0,1070.0
2020-02-19,2020021901001312,KPCL,38,42,10,105.0,1050.0
2020-02-19,2020021901001301,KPCL,38,57,10,105.0,1050.0
2020-02-19,2020021901001203,KPCL,38,53,10,106.0,1060.0
2020-02-19,2020021901001456,KSBBL,47,39,7,167.0,1169.0
2020-02-19,2020021901001455,KSBBL,57,39,14,167.0,2338.0
2020-02-19,2020021901001373,KSBBL,41,44,97,168.0,16296.0
2020-02-19,2020021901001315,KSBBL,41,50,203,168.0,34104.0
2020-02-19,2020021901001119,KSBBL,47,19,193,167.0,32231.0
2020-02-19,2020021901001434,LBL,46,14,500,229.0,114500.0
2020-02-19,2020021901001433,LBL,50,14,470,229.0,107630.0
2020-02-19,2020021901001217,LBL,50,29,430,229.0,98470.0
2020-02-19,2020021901001216,LBL,45,29,1200,229.0,274800.0
2020-02-19,2020021901001056,LBL,45,36,800,229.0,183200.0
2020-02-19,2020021901001055,LBL,45,36,200,229.0,45800.0
2020-02-19,2020021901001394,LGIL,36,58,80,522.0,41760.0
2020-02-19,2020021901001393,LGIL,32,58,70,523.0,36610.0
2020-02-19,2020021901001271,LGIL,32,26,106,523.0,55438.0
2020-02-19,2020021901001227,LGIL,32,57,100,523.0,52300.0
2020-02-19,2020021901001180,LGIL,32,49,60,523.0,31380.0
2020-02-19,2020021901001107,LGIL,32,53,164,523.0,85772.0
2020-02-19,2020021901001482,LLBS,47,49,30,1170.0,35100.0
2020-02-19,2020021901001082,LLBS,7,45,13,1189.0,15457.0
2020-02-19,2020021901001068,LLBS,7,25,12,1188.0,14256.0
2020-02-19,2020021901001436,MDB,41,49,437,354.0,154698.0
2020-02-19,2020021901001435,MDB,43,49,300,355.0,106500.0
2020-02-19,2020021901001090,MDB,41,37,63,354.0,22302.0
2020-02-19,2020021901001363,MEGA,10,49,65,210.0,13650.0
2020-02-19,2020021901001384,MERO,53,1,36,674.0,24264.0
2020-02-19,2020021901001147,MERO,53,54,24,674.0,16176.0
2020-02-19,2020021901001146,MERO,53,45,40,670.0,26800.0
2020-02-19,2020021901001145,MERO,41,45,10,670.0,6700.0
2020-02-19,2020021901001084,MERO,39,55,50,670.0,33500.0
2020-02-19,2020021901001083,MERO,39,45,140,670.0,93800.0
2020-02-19,2020021901001523,MFIL,45,34,100,197.0,19700.0
2020-02-19,2020021901001502,MHNL,34,42,40,97.0,3880.0
2020-02-19,2020021901001424,MNBBL,41,58,200,329.0,65800.0
2020-02-19,2020021901001150,MNBBL,39,20,200,326.0,65200.0
2020-02-19,2020021901001149,MNBBL,14,20,500,326.0,163000.0
2020-02-19,2020021901001077,MNBBL,59,6,200,327.0,65400.0
2020-02-19,2020021901001076,MNBBL,6,6,200,327.0,65400.0
2020-02-19,2020021901001075,MNBBL,45,6,50,329.0,16450.0
2020-02-19,2020021901001538,NABIL,36,6,28,746.0,20888.0
2020-02-19,2020021901001522,NABIL,57,6,84,746.0,62664.0
2020-02-19,2020021901001489,NABIL,57,6,16,746.0,11936.0
2020-02-19,2020021901001488,NABIL,33,6,284,746.0,211864.0
2020-02-19,2020021901001484,NABIL,33,22,300,746.0,223800.0
2020-02-19,2020021901001378,NABIL,33,8,16,746.0,11936.0
2020-02-19,2020021901001178,NABIL,41,53,200,750.0,150000.0
2020-02-19,2020021901001377,NABIL,21,8,10,746.0,7460.0
2020-02-19,2020021901001322,NABIL,4,25,100,747.0,74700.0
2020-02-19,2020021901001321,NABIL,42,25,20,748.0,14960.0
2020-02-19,2020021901001320,NABIL,22,25,50,748.0,37400.0
2020-02-19,2020021901001319,NABIL,22,25,20,748.0,14960.0
2020-02-19,2020021901001242,NABIL,57,7,25,750.0,18750.0
2020-02-19,2020021901001466,NADEP,1,45,30,760.0,22800.0
2020-02-19,2020021901001134,NADEP,39,48,23,771.0,17733.0
2020-02-19,2020021901001133,NADEP,39,52,69,770.0,53130.0
2020-02-19,2020021901001091,NADEP,38,52,31,770.0,23870.0
2020-02-19,2020021901001085,NADEP,38,25,19,770.0,14630.0
2020-02-19,2020021901001379,NBB,38,36,100,210.0,21000.0
2020-02-19,2020021901001346,NBB,54,36,150,210.0,31500.0
2020-02-19,2020021901001288,NBB,7,59,100,209.0,20900.0
2020-02-19,2020021901001428,NBL,37,58,316,270.0,85320.0
2020-02-19,2020021901001427,NBL,7,58,1508,270.0,407160.0
2020-02-19,2020021901001423,NBL,57,45,50,271.0,13550.0
2020-02-19,2020021901001360,NBL,7,36,30,270.0,8100.0
2020-02-19,2020021901001270,NBL,7,56,462,270.0,124740.0
2020-02-19,2020021901001269,NBL,10,56,20,270.0,5400.0
2020-02-19,2020021901001268,NBL,38,56,500,270.0,135000.0
2020-02-19,2020021901001267,NBL,26,56,18,270.0,4860.0
2020-02-19,2020021901001209,NBL,34,58,200,271.0,54200.0
2020-02-19,2020021901001208,NBL,36,58,476,271.0,128996.0
2020-02-19,2020021901001121,NBL,36,25,424,271.0,114904.0
2020-02-19,2020021901001120,NBL,51,25,176,271.0,47696.0
2020-02-19,2020021901001186,NCCB,34,39,11,195.0,2145.0
2020-02-19,2020021901001131,NCCB,34,40,232,195.0,45240.0
2020-02-19,2020021901001130,NCCB,10,40,300,195.0,58500.0
2020-02-19,2020021901001109,NCCB,57,7,100,196.0,19600.0
2020-02-19,2020021901001446,NGPL,39,11,200,136.0,27200.0
2020-02-19,2020021901001478,NHDL,33,41,70,134.0,9380.0
2020-02-19,2020021901001461,NHDL,33,39,10,134.0,1340.0
2020-02-19,2020021901001257,NIB,14,4,18,383.0,6894.0
2020-02-19,2020021901001190,NIB,14,14,44,383.0,16852.0
2020-02-19,2020021901001551,NICA,50,4,412,544.0,224128.0
2020-02-19,2020021901001534,NICA,26,4,750,544.0,408000.0
2020-02-19,2020021901001511,NICA,35,4,100,544.0,54400.0
2020-02-19,2020021901001510,NICA,14,4,500,544.0,272000.0
2020-02-19,2020021901001480,NICA,22,58,50,543.0,27150.0
2020-02-19,2020021901001454,NICA,22,14,200,543.0,108600.0
2020-02-19,2020021901001112,NICA,36,14,12,547.0,6564.0
2020-02-19,2020021901001081,NICA,10,33,100,545.0,54500.0
2020-02-19,2020021901001254,NICA,35,33,100,545.0,54500.0
2020-02-19,2020021901001253,NICA,42,33,80,545.0,43600.0
2020-02-19,2020021901001191,NICA,4,36,2000,545.0,1090000.0
2020-02-19,2020021901001141,NICA,36,48,138,549.0,75762.0
2020-02-19,2020021901001114,NICA,36,46,100,549.0,54900.0
2020-02-19,2020021901001113,NICA,36,33,50,549.0,27450.0
2020-02-19,2020021901001311,NICA,34,14,951,544.0,517344.0
2020-02-19,2020021901001310,NICA,7,14,100,544.0,54400.0
2020-02-19,2020021901001309,NICA,16,14,649,544.0,353056.0
2020-02-19,2020021901001295,NICA,34,19,100,545.0,54500.0
2020-02-19,2020021901001284,NICA,49,36,500,545.0,272500.0
2020-02-19,2020021901001262,NICA,49,17,300,545.0,163500.0
2020-02-19,2020021901001453,NICA,13,29,100,545.0,54500.0
2020-02-19,2020021901001452,NICA,13,36,426,545.0,232170.0
2020-02-19,2020021901001400,NICA,22,33,503,543.0,273129.0
2020-02-19,2020021901001399,NICA,46,33,20,544.0,10880.0
2020-02-19,2020021901001398,NICA,34,33,14,544.0,7616.0
2020-02-19,2020021901001359,NICA,34,33,35,544.0,19040.0
2020-02-19,2020021901001221,NICL,44,18,10,458.0,4580.0
2020-02-19,2020021901001161,NICL,44,51,30,458.0,13740.0
2020-02-19,2020021901001126,NICL,36,17,100,460.0,46000.0
2020-02-19,2020021901001125,NICL,26,17,200,460.0,92000.0
2020-02-19,2020021901001124,NICL,4,17,500,460.0,230000.0
2020-02-19,2020021901001123,NICL,4,17,310,461.0,142910.0
2020-02-19,2020021901001535,NIL,57,14,220,602.0,132440.0
2020-02-19,2020021901001530,NIL,57,38,80,602.0,48160.0
2020-02-19,2020021901001497,NIL,59,59,100,601.0,60100.0
2020-02-19,2020021901001496,NIL,4,59,500,601.0,300500.0
2020-02-19,2020021901001422,NIL,4,51,110,602.0,66220.0
2020-02-19,2020021901001409,NIL,53,51,50,602.0,30100.0
2020-02-19,2020021901001239,NIL,4,16,500,606.0,303000.0
2020-02-19,2020021901001073,NIL,59,53,10,609.0,6090.0
2020-02-19,2020021901001072,NIL,59,58,150,603.0,90450.0
2020-02-19,2020021901001546,NLG,44,18,193,714.0,137802.0
2020-02-19,2020021901001545,NLG,44,14,20,710.0,14200.0
2020-02-19,2020021901001544,NLG,44,35,37,707.0,26159.0
2020-02-19,2020021901001099,NLG,6,18,91,716.0,65156.0
2020-02-19,2020021901001098,NLG,49,18,209,717.0,149853.0
2020-02-19,2020021901001057,NLG,5,48,200,718.0,143600.0
2020-02-19,2020021901001240,NLG,11,48,200,715.0,143000.0
2020-02-19,2020021901001238,NLG,14,48,116,710.0,82360.0
2020-02-19,2020021901001153,NLG,38,6,65,709.0,46085.0
2020-02-19,2020021901001152,NLG,25,6,50,709.0,35450.0
2020-02-19,2020021901001151,NLG,26,6,10,710.0,7100.0
2020-02-19,2020021901001122,NLG,11,48,39,717.0,27963.0
2020-02-19,2020021901001299,NLG,36,48,30,709.0,21270.0
2020-02-19,2020021901001260,NLG,36,26,31,709.0,21979.0
2020-02-19,2020021901001259,NLG,38,26,35,709.0,24815.0
2020-02-19,2020021901001258,NLG,14,26,34,710.0,24140.0
2020-02-19,2020021901001246,NLG,14,5,50,710.0,35500.0
2020-02-19,2020021901001437,NLG,17,18,14,706.0,9884.0
2020-02-19,2020021901001411,NLG,14,35,63,707.0,44541.0
2020-02-19,2020021901001410,NLG,14,48,237,707.0,167559.0
2020-02-19,2020021901001395,NLG,51,48,20,707.0,14140.0
2020-02-19,2020021901001382,NLG,17,14,26,706.0,18356.0
2020-02-19,2020021901001443,NLG,25,18,50,700.0,35000.0
2020-02-19,2020021901001442,NLG,41,18,50,702.0,35100.0
2020-02-19,2020021901001441,NLG,36,18,200,704.0,140800.0
2020-02-19,2020021901001440,NLG,4,18,50,704.0,35200.0
2020-02-19,2020021901001439,NLG,38,18,50,705.0,35250.0
2020-02-19,2020021901001438,NLG,21,18,50,705.0,35250.0
2020-02-19,2020021901001512,NLG,45,28,30,703.0,21090.0
2020-02-19,2020021901001445,NLG,57,18,136,700.0,95200.0
2020-02-19,2020021901001444,NLG,51,18,100,700.0,70000.0
2020-02-19,2020021901001451,NLIC,1,52,10,1193.0,11930.0
2020-02-19,2020021901001294,NLIC,50,20,100,1187.0,118700.0
2020-02-19,2020021901001550,NMB,5,1,151,407.0,61457.0
2020-02-19,2020021901001549,NMB,42,1,150,407.0,61050.0
2020-02-19,2020021901001548,NMB,38,1,100,407.0,40700.0
2020-02-19,2020021901001547,NMB,40,1,212,407.0,86284.0
2020-02-19,2020021901001525,NMB,14,52,189,408.0,77112.0
2020-02-19,2020021901001467,NMB,40,38,126,407.0,51282.0
2020-02-19,2020021901001207,NMB,42,8,100,408.0,40800.0
2020-02-19,2020021901001206,NMB,42,8,30,408.0,12240.0
2020-02-19,2020021901001204,NMB,42,49,20,408.0,8160.0
2020-02-19,2020021901001117,NMB,10,45,73,407.0,29711.0
2020-02-19,2020021901001464,NMB,40,58,50,407.0,20350.0
2020-02-19,2020021901001415,NMB,40,14,112,407.0,45584.0
2020-02-19,2020021901001414,NMB,46,14,200,407.0,81400.0
2020-02-19,2020021901001413,NMB,10,14,188,407.0,76516.0
2020-02-19,2020021901001250,NMB,51,8,20,408.0,8160.0
2020-02-19,2020021901001219,NMB,10,8,100,407.0,40700.0
2020-02-19,2020021901001287,NMBHF1,58,42,216,9.5,2052.0
2020-02-19,2020021901001286,NMBHF1,58,42,216,9.5,2052.0
2020-02-19,2020021901001285,NMBHF1,58,42,7256,9.5,68932.0
2020-02-19,2020021901001536,NTC,41,50,10,623.0,6230.0
2020-02-19,2020021901001106,NTC,59,50,10,630.0,6300.0
2020-02-19,2020021901001080,NTC,19,43,40,625.0,25000.0
2020-02-19,2020021901001079,NTC,11,43,85,625.0,53125.0
2020-02-19,2020021901001078,NTC,57,43,80,625.0,50000.0
2020-02-19,2020021901001185,NUBL,56,41,240,1030.0,247200.0
2020-02-19,2020021901001184,NUBL,44,41,200,1031.0,206200.0
2020-02-19,2020021901001183,NUBL,53,41,60,1035.0,62100.0
2020-02-19,2020021901001249,OHL,39,42,200,475.0,95000.0
2020-02-19,2020021901001224,PFL,32,10,500,159.0,79500.0
2020-02-19,2020021901001278,PIC,21,36,43,640.0,27520.0
2020-02-19,2020021901001192,PIC,39,45,10,640.0,6400.0
2020-02-19,2020021901001181,PIC,47,41,200,630.0,126000.0
2020-02-19,2020021901001139,PIC,57,34,40,636.0,25440.0
2020-02-19,2020021901001103,PIC,25,34,100,636.0,63600.0
2020-02-19,2020021901001102,PIC,58,34,300,637.0,191100.0
2020-02-19,2020021901001101,PIC,29,34,10,637.0,6370.0
2020-02-19,2020021901001100,PIC,37,34,50,637.0,31850.0
2020-02-19,2020021901001386,PICL,22,14,220,517.0,113740.0
2020-02-19,2020021901001385,PICL,22,49,80,517.0,41360.0
2020-02-19,2020021901001280,PICL,57,5,50,517.0,25850.0
2020-02-19,2020021901001187,PICL,34,11,50,520.0,26000.0
2020-02-19,2020021901001431,PLIC,50,58,63,606.0,38178.0
2020-02-19,2020021901001255,PLIC,57,52,100,604.0,60400.0
2020-02-19,2020021901001234,PLIC,38,37,200,603.0,120600.0
2020-02-19,2020021901001233,PLIC,34,37,50,603.0,30150.0
2020-02-19,2020021901001232,PLIC,57,37,250,603.0,150750.0
2020-02-19,2020021901001514,PPCL,11,25,50,123.0,6150.0
2020-02-19,2020021901001513,PPCL,52,25,50,123.0,6150.0
2020-02-19,2020021901001537,PRIN,14,36,200,486.0,97200.0
2020-02-19,2020021901001074,PRIN,38,56,50,485.0,24250.0
2020-02-19,2020021901001553,PRVU,58,46,854,250.0,213500.0
2020-02-19,2020021901001552,PRVU,16,46,146,250.0,36500.0
2020-02-19,2020021901001503,PRVU,16,28,164,250.0,41000.0
2020-02-19,2020021901001348,PRVU,16,47,190,250.0,47500.0
2020-02-19,2020021901001324,PRVU,57,47,10,250.0,2500.0
2020-02-19,2020021901001128,RBCL,57,11,10,10989.0,109890.0
2020-02-19,2020021901001448,RHPC,19,29,10,90.0,900.0
2020-02-19,2020021901001468,RHPL,29,39,10,166.0,1660.0
2020-02-19,2020021901001463,RHPL,59,41,110,167.0,18370.0
2020-02-19,2020021901001316,RHPL,29,42,20,166.0,3320.0
2020-02-19,2020021901001291,RHPL,29,38,10,166.0,1660.0
2020-02-19,2020021901001212,RHPL,29,39,10,166.0,1660.0
2020-02-19,2020021901001211,RHPL,25,39,20,166.0,3320.0
2020-02-19,2020021901001116,RHPL,32,4,40,166.0,6640.0
2020-02-19,2020021901001485,RLFL,29,32,594,139.0,82566.0
2020-02-19,2020021901001296,RMDC,22,53,10,745.0,7450.0
2020-02-19,2020021901001342,RRHP,45,42,10,102.0,1020.0
2020-02-19,2020021901001408,RSDC,57,50,10,477.0,4770.0
2020-02-19,2020021901001167,SABSL,48,51,10,918.0,9180.0
2020-02-19,2020021901001201,SANIMA,42,57,220,353.0,77660.0
2020-02-19,2020021901001200,SANIMA,16,57,1000,353.0,353000.0
2020-02-19,2020021901001199,SANIMA,59,57,200,354.0,70800.0
2020-02-19,2020021901001198,SANIMA,11,57,80,354.0,28320.0
2020-02-19,2020021901001197,SANIMA,19,57,500,355.0,177500.0
2020-02-19,2020021901001160,SANIMA,41,40,395,356.0,140620.0
2020-02-19,2020021901001137,SANIMA,41,53,105,356.0,37380.0
2020-02-19,2020021901001196,SBL,49,49,5000,321.0,1605000.0
2020-02-19,2020021901001509,SCB,41,43,100,642.0,64200.0
2020-02-19,2020021901001355,SCB,7,33,60,640.0,38400.0
2020-02-19,2020021901001215,SCB,22,28,20,650.0,13000.0
2020-02-19,2020021901001214,SCB,11,28,50,651.0,32550.0
2020-02-19,2020021901001231,SFCL,20,17,1000,104.0,104000.0
2020-02-19,2020021901001508,SHINE,36,38,650,300.0,195000.0
2020-02-19,2020021901001507,SHINE,36,57,350,300.0,105000.0
2020-02-19,2020021901001432,SHINE,44,28,906,297.0,269082.0
2020-02-19,2020021901001344,SHINE,36,57,100,295.0,29500.0
2020-02-19,2020021901001343,SHINE,3,57,100,295.0,29500.0
2020-02-19,2020021901001135,SHINE,3,37,74,292.0,21608.0
2020-02-19,2020021901001418,SHINE,39,28,94,297.0,27918.0
2020-02-19,2020021901001406,SHINE,52,38,24,296.0,7104.0
2020-02-19,2020021901001381,SHINE,58,58,300,296.0,88800.0
2020-02-19,2020021901001375,SHINE,40,58,500,296.0,148000.0
2020-02-19,2020021901001352,SHINE,17,58,200,296.0,59200.0
2020-02-19,2020021901001475,SHIVM,16,28,500,621.0,310500.0
2020-02-19,2020021901001459,SHIVM,16,4,50,620.0,31000.0
2020-02-19,2020021901001449,SHIVM,48,57,250,621.0,155250.0
2020-02-19,2020021901001420,SHIVM,40,57,150,621.0,93150.0
2020-02-19,2020021901001417,SHIVM,40,33,150,621.0,93150.0
2020-02-19,2020021901001416,SHIVM,40,34,200,621.0,124200.0
2020-02-19,2020021901001111,SHIVM,40,28,450,622.0,279900.0
2020-02-19,2020021901001110,SHIVM,6,28,50,622.0,31100.0
2020-02-19,2020021901001104,SHIVM,6,7,50,622.0,31100.0
2020-02-19,2020021901001226,SHIVM,29,57,50,621.0,31050.0
2020-02-19,2020021901001210,SHIVM,29,6,100,621.0,62100.0
2020-02-19,2020021901001194,SHIVM,29,7,150,621.0,93150.0
2020-02-19,2020021901001193,SHIVM,38,7,350,621.0,217350.0
2020-02-19,2020021901001168,SHIVM,38,29,150,621.0,93150.0
2020-02-19,2020021901001163,SHIVM,40,28,50,622.0,31100.0
2020-02-19,2020021901001289,SHIVM,40,28,150,622.0,93300.0
2020-02-19,2020021901001282,SHIVM,48,7,50,621.0,31050.0
2020-02-19,2020021901001281,SHIVM,48,7,50,621.0,31050.0
2020-02-19,2020021901001245,SHIVM,16,5,407,620.0,252340.0
2020-02-19,2020021901001244,SHIVM,29,5,70,621.0,43470.0
2020-02-19,2020021901001237,SHIVM,29,57,130,621.0,80730.0
2020-02-19,2020021901001387,SHIVM,16,48,300,623.0,186900.0
2020-02-19,2020021901001368,SHIVM,16,45,50,623.0,31150.0
2020-02-19,2020021901001367,SHIVM,16,45,50,623.0,31150.0
2020-02-19,2020021901001366,SHIVM,16,45,50,623.0,31150.0
2020-02-19,2020021901001365,SHIVM,16,45,50,623.0,31150.0
2020-02-19,2020021901001290,SHIVM,40,7,50,622.0,31100.0
2020-02-19,2020021901001339,SIC,6,26,50,775.0,38750.0
2020-02-19,2020021901001338,SIC,52,26,100,775.0,77500.0
2020-02-19,2020021901001533,SICL,50,17,18,1235.0,22230.0
2020-02-19,2020021901001189,SICL,37,40,34,1240.0,42160.0
2020-02-19,2020021901001188,SICL,42,40,26,1241.0,32266.0
2020-02-19,2020021901001179,SICL,42,6,103,1241.0,127823.0
2020-02-19,2020021901001059,SICL,42,19,371,1241.0,460411.0
2020-02-19,2020021901001058,SICL,45,19,158,1241.0,196078.0
2020-02-19,2020021901001473,SJCL,11,42,10,159.0,1590.0
2020-02-19,2020021901001472,SJCL,11,47,10,159.0,1590.0
2020-02-19,2020021901001471,SJCL,11,16,20,159.0,3180.0
2020-02-19,2020021901001470,SJCL,11,6,20,158.0,3160.0
2020-02-19,2020021901001469,SJCL,11,4,20,158.0,3160.0
2020-02-19,2020021901001462,SJCL,37,35,10,157.0,1570.0
2020-02-19,2020021901001143,SJCL,43,45,20,157.0,3140.0
2020-02-19,2020021901001142,SJCL,43,29,20,157.0,3140.0
2020-02-19,2020021901001374,SJCL,37,38,10,157.0,1570.0
2020-02-19,2020021901001349,SJCL,37,42,10,157.0,1570.0
2020-02-19,2020021901001159,SJCL,43,58,10,158.0,1580.0
2020-02-19,2020021901001158,SJCL,43,58,10,158.0,1580.0
2020-02-19,2020021901001144,SJCL,43,47,20,157.0,3140.0
2020-02-19,2020021901001136,SLBBL,26,34,100,967.0,96700.0
2020-02-19,2020021901001213,SLBBL,56,19,50,966.0,48300.0
2020-02-19,2020021901001515,SLICL,43,45,100,493.0,49300.0
2020-02-19,2020021901001506,SLICL,42,16,438,489.0,214182.0
2020-02-19,2020021901001505,SLICL,42,29,200,488.0,97600.0
2020-02-19,2020021901001498,SLICL,6,42,10,485.0,4850.0
2020-02-19,2020021901001175,SLICL,10,17,50,476.0,23800.0
2020-02-19,2020021901001174,SLICL,56,17,50,476.0,23800.0
2020-02-19,2020021901001173,SLICL,56,17,50,480.0,24000.0
2020-02-19,2020021901001172,SLICL,58,17,600,483.0,289800.0
2020-02-19,2020021901001166,SLICL,58,34,400,483.0,193200.0
2020-02-19,2020021901001165,SLICL,45,34,100,484.0,48400.0
2020-02-19,2020021901001097,SLICL,4,40,500,485.0,242500.0
2020-02-19,2020021901001096,SLICL,4,40,500,486.0,243000.0
2020-02-19,2020021901001383,SMATA,37,45,20,815.0,16300.0
2020-02-19,2020021901001376,SMATA,57,45,10,819.0,8190.0
2020-02-19,2020021901001067,SMATA,39,41,650,820.0,533000.0
2020-02-19,2020021901001066,SMATA,32,41,200,824.0,164800.0
2020-02-19,2020021901001065,SMATA,46,41,50,824.0,41200.0
2020-02-19,2020021901001064,SMATA,51,41,10,825.0,8250.0
2020-02-19,2020021901001148,SPARS,38,36,10,939.0,9390.0
2020-02-19,2020021901001302,SRBL,49,52,100,252.0,25200.0
2020-02-19,2020021901001521,SWBBL,59,49,989,1286.0,1271854.0
2020-02-19,2020021901001520,SWBBL,56,49,10,1286.0,12860.0
2020-02-19,2020021901001380,SWBBL,59,17,11,1285.0,14135.0
2020-02-19,2020021901001369,SWBBL,56,17,190,1286.0,244340.0
2020-02-19,2020021901001275,UIC,45,42,19,433.0,8227.0
2020-02-19,2020021901001164,UIC,19,42,20,433.0,8660.0
2020-02-19,2020021901001105,UIC,38,42,50,438.0,21900.0
2020-02-19,2020021901001261,UMHL,29,5,11,113.0,1243.0
2020-02-19,2020021901001182,UMHL,29,42,11,115.0,1265.0
2020-02-19,2020021901001481,UPPER,45,39,50,237.0,11850.0
2020-02-19,2020021901001157,UPPER,7,36,50,237.0,11850.0
2020-02-19,2020021901001156,UPPER,7,57,50,237.0,11850.0
2020-02-19,2020021901001155,UPPER,7,57,60,237.0,14220.0
2020-02-19,2020021901001154,UPPER,7,41,40,237.0,9480.0
2020-02-19,2020021901001248,UPPER,7,39,50,237.0,11850.0
2020-02-19,2020021901001202,UPPER,7,40,250,237.0,59250.0
2020-02-19,2020021901000307,ADBL,14,26,10,404.0,4040.0
2020-02-19,2020021901000259,AKJCL,19,19,20,56.0,1120.0
2020-02-19,2020021901000553,AKPL,58,39,210,138.0,28980.0
2020-02-19,2020021901000552,AKPL,58,39,300,138.0,41400.0
2020-02-19,2020021901000503,AKPL,33,56,512,139.0,71168.0
2020-02-19,2020021901000502,AKPL,33,56,488,139.0,67832.0
2020-02-19,2020021901000453,AKPL,58,46,700,138.0,96600.0
2020-02-19,2020021901000282,AKPL,45,7,300,139.0,41700.0
2020-02-19,2020021901000279,AKPL,45,32,1000,140.0,140000.0
2020-02-19,2020021901000245,AKPL,38,34,500,141.0,70500.0
2020-02-19,2020021901000235,AKPL,38,51,500,141.0,70500.0
2020-02-19,2020021901000234,AKPL,38,51,1000,140.0,140000.0
2020-02-19,2020021901000199,AKPL,38,48,300,139.0,41700.0
2020-02-19,2020021901000452,AKPL,38,46,500,138.0,69000.0
2020-02-19,2020021901000419,AKPL,52,56,200,139.0,27800.0
2020-02-19,2020021901000418,AKPL,52,28,1000,139.0,139000.0
2020-02-19,2020021901000417,AKPL,52,19,300,139.0,41700.0
2020-02-19,2020021901000335,AKPL,45,19,500,139.0,69500.0
2020-02-19,2020021901000334,AKPL,45,19,200,139.0,27800.0
2020-02-19,2020021901000462,ALBSL,17,3,17,780.0,13260.0
2020-02-19,2020021901000501,ALICL,50,45,86,626.0,53836.0
2020-02-19,2020021901000437,ALICL,50,50,215,629.0,135235.0
2020-02-19,2020021901000436,ALICL,59,50,100,630.0,63000.0
2020-02-19,2020021901000427,ALICL,59,54,100,630.0,63000.0
2020-02-19,2020021901000286,ALICL,5,50,100,638.0,63800.0
2020-02-19,2020021901000285,ALICL,5,43,100,638.0,63800.0
2020-02-19,2020021901000163,ALICL,54,50,10,639.0,6390.0
2020-02-19,2020021901000406,API,45,44,18,137.0,2466.0
2020-02-19,2020021901000213,API,49,14,100,137.0,13700.0
2020-02-19,2020021901000212,API,21,14,50,138.0,6900.0
2020-02-19,2020021901000409,BARUN,53,33,10,98.0,980.0
2020-02-19,2020021901000538,BPCL,14,48,265,349.0,92485.0
2020-02-19,2020021901000537,BPCL,6,48,500,350.0,175000.0
2020-02-19,2020021901000536,BPCL,33,48,50,353.0,17650.0
2020-02-19,2020021901000535,BPCL,13,48,212,353.0,74836.0
2020-02-19,2020021901000534,BPCL,59,48,50,354.0,17700.0
2020-02-19,2020021901000491,BPCL,49,49,100,355.0,35500.0
2020-02-19,2020021901000126,BPCL,20,49,800,352.0,281600.0
2020-02-19,2020021901000125,BPCL,20,42,100,351.0,35100.0
2020-02-19,2020021901000124,BPCL,20,49,100,350.0,35000.0
2020-02-19,2020021901000217,BPCL,45,49,200,358.0,71600.0
2020-02-19,2020021901000216,BPCL,45,17,500,357.0,178500.0
2020-02-19,2020021901000195,BPCL,13,35,288,353.0,101664.0
2020-02-19,2020021901000148,BPCL,1,37,400,352.0,140800.0
2020-02-19,2020021901000147,BPCL,1,49,200,352.0,70400.0
2020-02-19,2020021901000298,BPCL,45,6,300,360.0,108000.0
2020-02-19,2020021901000257,BPCL,45,37,157,360.0,56520.0
2020-02-19,2020021901000233,BPCL,45,37,500,359.0,179500.0
2020-02-19,2020021901000232,BPCL,45,43,343,359.0,123137.0
2020-02-19,2020021901000219,BPCL,45,43,157,359.0,56363.0
2020-02-19,2020021901000218,BPCL,45,39,143,359.0,51337.0
2020-02-19,2020021901000490,BPCL,49,49,277,355.0,98335.0
2020-02-19,2020021901000465,BPCL,37,49,17,355.0,6035.0
2020-02-19,2020021901000365,BPCL,37,17,33,355.0,11715.0
2020-02-19,2020021901000319,BPCL,45,49,190,360.0,68400.0
2020-02-19,2020021901000312,BPCL,45,1,500,360.0,180000.0
2020-02-19,2020021901000300,BPCL,45,6,10,360.0,3600.0
2020-02-19,2020021901000391,CBL,57,49,95,152.0,14440.0
2020-02-19,2020021901000352,CBL,57,49,95,152.0,14440.0
2020-02-19,2020021901000267,CBL,57,17,37,152.0,5624.0
2020-02-19,2020021901000185,CBL,36,33,500,153.0,76500.0
2020-02-19,2020021901000377,CCBL,22,17,54,185.0,9990.0
2020-02-19,2020021901000337,CCBL,22,33,72,186.0,13392.0
2020-02-19,2020021901000127,CFCL,4,42,50,153.0,7650.0
2020-02-19,2020021901000533,CIT,7,17,83,2715.0,225345.0
2020-02-19,2020021901000532,CIT,14,17,50,2716.0,135800.0
2020-02-19,2020021901000474,CIT,16,7,100,2720.0,272000.0
2020-02-19,2020021901000473,CIT,56,7,50,2721.0,136050.0
2020-02-19,2020021901000435,CIT,42,17,50,2725.0,136250.0
2020-02-19,2020021901000347,CMF1,6,57,2500,9.5,23750.0
2020-02-19,2020021901000506,CZBIL,45,38,173,200.0,34600.0
2020-02-19,2020021901000505,CZBIL,45,45,327,199.0,65073.0
2020-02-19,2020021901000494,CZBIL,25,4,10,199.0,1990.0
2020-02-19,2020021901000264,CZBIL,42,17,33,197.0,6501.0
2020-02-19,2020021901000256,CZBIL,42,49,10,197.0,1970.0
2020-02-19,2020021901000515,EBL,6,6,18,672.0,12096.0
2020-02-19,2020021901000514,EBL,6,55,60,672.0,40320.0
2020-02-19,2020021901000393,EBL,17,56,200,670.0,134000.0
2020-02-19,2020021901000463,EIC,34,5,500,447.0,223500.0
2020-02-19,2020021901000098,EIC,1,16,210,449.0,94290.0
2020-02-19,2020021901000527,FMDBL,6,26,10,485.0,4850.0
2020-02-19,2020021901000376,FOWAD,50,33,100,1576.0,157600.0
2020-02-19,2020021901000369,FOWAD,58,33,100,1580.0,158000.0
2020-02-19,2020021901000237,GBBL,43,4,100,242.0,24200.0
2020-02-19,2020021901000524,GBIME,22,42,50,287.0,14350.0
2020-02-19,2020021901000523,GBIME,50,42,265,287.0,76055.0
2020-02-19,2020021901000499,GBIME,50,52,500,287.0,143500.0
2020-02-19,2020021901000482,GBIME,50,32,85,287.0,24395.0
2020-02-19,2020021901000481,GBIME,10,32,15,287.0,4305.0
2020-02-19,2020021901000421,GBIME,45,35,877,288.0,252576.0
2020-02-19,2020021901000193,GBIME,45,42,101,289.0,29189.0
2020-02-19,2020021901000160,GBIME,10,49,90,288.0,25920.0
2020-02-19,2020021901000131,GBIME,10,44,100,288.0,28800.0
2020-02-19,2020021901000130,GBIME,10,4,15,287.0,4305.0
2020-02-19,2020021901000060,GBIME,55,57,900,288.0,259200.0
2020-02-19,2020021901000059,GBIME,55,49,100,288.0,28800.0
2020-02-19,2020021901000364,GBIME,10,49,45,288.0,12960.0
2020-02-19,2020021901000326,GBIME,10,6,1000,288.0,288000.0
2020-02-19,2020021901000278,GBIME,10,49,90,288.0,25920.0
2020-02-19,2020021901000266,GBIME,10,1,1000,288.0,288000.0
2020-02-19,2020021901000258,GBIME,10,57,150,288.0,43200.0
2020-02-19,2020021901000194,GBIME,45,33,100,289.0,28900.0
2020-02-19,2020021901000416,GBIME,45,49,68,288.0,19584.0
2020-02-19,2020021901000414,GBIME,45,1,255,288.0,73440.0
2020-02-19,2020021901000413,GBIME,34,1,245,288.0,70560.0
2020-02-19,2020021901000401,GBIME,34,49,35,288.0,10080.0
2020-02-19,2020021901000400,GBIME,10,49,10,288.0,2880.0
2020-02-19,2020021901000366,GBIME,10,59,500,288.0,144000.0
2020-02-19,2020021901000550,GBLBS,52,34,65,502.0,32630.0
2020-02-19,2020021901000546,GBLBS,37,34,120,502.0,60240.0
2020-02-19,2020021901000545,GBLBS,37,51,50,502.0,25100.0
2020-02-19,2020021901000544,GBLBS,37,46,30,502.0,15060.0
2020-02-19,2020021901000526,GBLBS,16,17,15,501.0,7515.0
2020-02-19,2020021901000517,GBLBS,38,46,185,502.0,92870.0
2020-02-19,2020021901000100,GBLBS,52,5,300,508.0,152400.0
2020-02-19,2020021901000088,GBLBS,52,44,200,508.0,101600.0
2020-02-19,2020021901000087,GBLBS,38,44,300,508.0,152400.0
2020-02-19,2020021901000086,GBLBS,48,44,500,509.0,254500.0
2020-02-19,2020021901000078,GBLBS,52,28,700,511.0,357700.0
2020-02-19,2020021901000065,GBLBS,38,44,1000,510.0,510000.0
2020-02-19,2020021901000132,GBLBS,38,6,200,507.0,101400.0
2020-02-19,2020021901000119,GBLBS,17,14,100,506.0,50600.0
2020-02-19,2020021901000118,GBLBS,1,14,400,506.0,202400.0
2020-02-19,2020021901000111,GBLBS,44,5,250,507.0,126750.0
2020-02-19,2020021901000110,GBLBS,17,5,100,507.0,50700.0
2020-02-19,2020021901000109,GBLBS,43,5,200,507.0,101400.0
2020-02-19,2020021901000338,GBLBS,29,45,30,504.0,15120.0
2020-02-19,2020021901000332,GBLBS,3,46,100,505.0,50500.0
2020-02-19,2020021901000331,GBLBS,3,25,100,505.0,50500.0
2020-02-19,2020021901000260,GBLBS,28,46,200,505.0,101000.0
2020-02-19,2020021901000162,GBLBS,17,44,300,506.0,151800.0
2020-02-19,2020021901000149,GBLBS,17,42,600,506.0,303600.0
2020-02-19,2020021901000504,GBLBS,38,51,100,502.0,50200.0
2020-02-19,2020021901000478,GBLBS,38,22,15,502.0,7530.0
2020-02-19,2020021901000432,GBLBS,38,3,200,502.0,100400.0
2020-02-19,2020021901000420,GBLBS,29,26,145,504.0,73080.0
2020-02-19,2020021901000371,GBLBS,29,17,10,504.0,5040.0
2020-02-19,2020021901000368,GBLBS,29,49,15,504.0,7560.0
2020-02-19,2020021901000488,GHL,6,41,30,70.0,2100.0
2020-02-19,2020021901000273,GLICL,53,6,10,825.0,8250.0
2020-02-19,2020021901000269,GMFBS,26,16,280,989.0,276920.0
2020-02-19,2020021901000268,GMFBS,26,42,200,980.0,196000.0
2020-02-19,2020021901000454,HBL,45,56,100,569.0,56900.0
2020-02-19,2020021901000485,HDL,50,45,50,1430.0,71500.0
2020-02-19,2020021901000408,HDL,50,54,45,1430.0,64350.0
2020-02-19,2020021901000390,HDL,54,34,100,1430.0,143000.0
2020-02-19,2020021901000389,HDL,54,34,70,1431.0,100170.0
2020-02-19,2020021901000388,HDL,11,34,100,1432.0,143200.0
2020-02-19,2020021901000387,HDL,18,34,25,1432.0,35800.0
2020-02-19,2020021901000271,HDL,54,10,30,1431.0,42930.0
2020-02-19,2020021901000208,HDL,48,50,170,1448.0,246160.0
2020-02-19,2020021901000207,HDL,48,38,230,1448.0,333040.0
2020-02-19,2020021901000206,HDL,48,45,100,1447.0,144700.0
2020-02-19,2020021901000072,HDL,50,34,100,1450.0,145000.0
2020-02-19,2020021901000412,HGI,58,50,300,444.0,133200.0
2020-02-19,2020021901000304,HGI,58,45,700,444.0,310800.0
2020-02-19,2020021901000509,HIDCL,48,49,35,137.0,4795.0
2020-02-19,2020021901000443,HIDCL,4,49,60,137.0,8220.0
2020-02-19,2020021901000422,HIDCL,48,49,95,137.0,13015.0
2020-02-19,2020021901000362,HIDCL,39,42,61,135.0,8235.0
2020-02-19,2020021901000196,HIDCL,59,50,50,137.0,6850.0
2020-02-19,2020021901000181,HIDCL,58,50,100,137.0,13700.0
2020-02-19,2020021901000542,JBBL,54,49,178,191.0,33998.0
2020-02-19,2020021901000342,JBBL,26,57,500,194.0,97000.0
2020-02-19,2020021901000291,JBBL,54,17,72,191.0,13752.0
2020-02-19,2020021901000074,JOSHI,56,19,20,63.0,1260.0
2020-02-19,2020021901000303,KBL,49,38,10,198.0,1980.0
2020-02-19,2020021901000302,KBL,29,38,100,198.0,19800.0
2020-02-19,2020021901000301,KBL,47,38,200,198.0,39600.0
2020-02-19,2020021901000511,KKHC,25,19,10,52.0,520.0
2020-02-19,2020021901000459,KMCDB,1,26,10,844.0,8440.0
2020-02-19,2020021901000173,KMCDB,47,29,10,838.0,8380.0
2020-02-19,2020021901000143,KMCDB,57,49,10,822.0,8220.0
2020-02-19,2020021901000492,KPCL,38,22,10,105.0,1050.0
2020-02-19,2020021901000058,KPCL,38,42,10,106.0,1060.0
2020-02-19,2020021901000057,KPCL,38,42,10,106.0,1060.0
2020-02-19,2020021901000510,LGIL,47,37,100,525.0,52500.0
2020-02-19,2020021901000211,LICN,1,5,20,1381.0,27620.0
2020-02-19,2020021901000070,LICN,54,34,50,1407.0,70350.0
2020-02-19,2020021901000062,LICN,54,53,50,1406.0,70300.0
2020-02-19,2020021901000061,LICN,54,35,10,1406.0,14060.0
2020-02-19,2020021901000353,LLBS,47,56,21,1167.0,24507.0
2020-02-19,2020021901000346,LLBS,47,4,10,1167.0,11670.0
2020-02-19,2020021901000493,LVF1,21,6,1000,9.62,9620.0
2020-02-19,2020021901000239,MBL,38,7,23,240.0,5520.0
2020-02-19,2020021901000215,MBL,47,7,200,240.0,48000.0
2020-02-19,2020021901000472,MEGA,17,38,67,211.0,14137.0
2020-02-19,2020021901000471,MEGA,10,38,933,211.0,196863.0
2020-02-19,2020021901000411,MEGA,10,49,67,211.0,14137.0
2020-02-19,2020021901000410,MEGA,57,36,50,212.0,10600.0
2020-02-19,2020021901000350,MEGA,22,44,1000,212.0,212000.0
2020-02-19,2020021901000349,MEGA,37,44,500,212.0,106000.0
2020-02-19,2020021901000348,MEGA,54,44,300,213.0,63900.0
2020-02-19,2020021901000325,MEGA,54,34,200,213.0,42600.0
2020-02-19,2020021901000446,MFIL,46,6,10,200.0,2000.0
2020-02-19,2020021901000089,MHNL,19,19,30,97.0,2910.0
2020-02-19,2020021901000274,MLBL,57,25,50,222.0,11100.0
2020-02-19,2020021901000079,MLBL,6,4,100,223.0,22300.0
2020-02-19,2020021901000458,MNBBL,28,55,130,330.0,42900.0
2020-02-19,2020021901000457,MNBBL,1,55,90,330.0,29700.0
2020-02-19,2020021901000354,MNBBL,1,57,10,330.0,3300.0
2020-02-19,2020021901000333,MNBBL,17,36,125,330.0,41250.0
2020-02-19,2020021901000328,MNBBL,36,14,250,329.0,82250.0
2020-02-19,2020021901000306,MNBBL,36,49,84,329.0,27636.0
2020-02-19,2020021901000299,MNBBL,34,36,50,330.0,16500.0
2020-02-19,2020021901000270,MNBBL,36,43,247,329.0,81263.0
2020-02-19,2020021901000184,MNBBL,37,36,500,330.0,165000.0
2020-02-19,2020021901000167,MNBBL,36,36,120,330.0,39600.0
2020-02-19,2020021901000128,MNBBL,28,57,155,333.0,51615.0
2020-02-19,2020021901000367,NABIL,57,46,100,750.0,75000.0
2020-02-19,2020021901000190,NABIL,33,46,70,750.0,52500.0
2020-02-19,2020021901000189,NABIL,33,46,30,750.0,22500.0
2020-02-19,2020021901000188,NABIL,6,46,50,750.0,37500.0
2020-02-19,2020021901000187,NABIL,21,46,10,752.0,7520.0
2020-02-19,2020021901000186,NABIL,21,46,10,752.0,7520.0
2020-02-19,2020021901000508,NADEP,14,53,23,775.0,17825.0
2020-02-19,2020021901000500,NADEP,14,22,23,775.0,17825.0
2020-02-19,2020021901000305,NADEP,50,16,10,787.0,7870.0
2020-02-19,2020021901000252,NADEP,29,16,88,787.0,69256.0
2020-02-19,2020021901000225,NADEP,29,39,100,787.0,78700.0
2020-02-19,2020021901000120,NADEP,14,36,25,780.0,19500.0
2020-02-19,2020021901000094,NADEP,14,17,23,780.0,17940.0
2020-02-19,2020021901000055,NADEP,1,1,40,784.0,31360.0
2020-02-19,2020021901000224,NADEP,29,38,312,787.0,245544.0
2020-02-19,2020021901000182,NADEP,26,16,500,786.0,393000.0
2020-02-19,2020021901000144,NADEP,42,10,16,773.0,12368.0
2020-02-19,2020021901000123,NADEP,49,18,87,788.0,68556.0
2020-02-19,2020021901000122,NADEP,49,7,63,788.0,49644.0
2020-02-19,2020021901000121,NADEP,49,1,50,787.0,39350.0
2020-02-19,2020021901000415,NBL,38,57,500,271.0,135500.0
2020-02-19,2020021901000345,NBL,14,6,30,272.0,8160.0
2020-02-19,2020021901000344,NBL,14,6,30,272.0,8160.0
2020-02-19,2020021901000343,NBL,38,6,500,272.0,136000.0
2020-02-19,2020021901000071,NBL,45,25,200,273.0,54600.0
2020-02-19,2020021901000476,NCCB,58,37,34,196.0,6664.0
2020-02-19,2020021901000475,NCCB,44,37,19,196.0,3724.0
2020-02-19,2020021901000434,NCCB,32,37,38,197.0,7486.0
2020-02-19,2020021901000433,NCCB,32,50,62,197.0,12214.0
2020-02-19,2020021901000277,NCCB,38,50,88,197.0,17336.0
2020-02-19,2020021901000276,NCCB,38,34,235,197.0,46295.0
2020-02-19,2020021901000165,NCCB,57,53,50,196.0,9800.0
2020-02-19,2020021901000164,NCCB,57,53,433,196.0,84868.0
2020-02-19,2020021901000156,NCCB,32,51,30,197.0,5910.0
2020-02-19,2020021901000141,NCCB,57,50,67,196.0,13132.0
2020-02-19,2020021901000261,NCCB,44,34,205,197.0,40385.0
2020-02-19,2020021901000255,NCCB,44,28,187,197.0,36839.0
2020-02-19,2020021901000253,NCCB,44,57,69,197.0,13593.0
2020-02-19,2020021901000171,NCCB,44,53,19,197.0,3743.0
2020-02-19,2020021901000170,NCCB,44,51,20,197.0,3940.0
2020-02-19,2020021901000166,NCCB,44,53,51,196.0,9996.0
2020-02-19,2020021901000169,NGPL,55,33,100,140.0,14000.0
2020-02-19,2020021901000351,NIB,44,51,30,388.0,11640.0
2020-02-19,2020021901000318,NIB,44,57,100,387.0,38700.0
2020-02-19,2020021901000317,NIB,44,56,70,387.0,27090.0
2020-02-19,2020021901000288,NIB,56,56,60,387.0,23220.0
2020-02-19,2020021901000275,NIB,52,17,44,388.0,17072.0
2020-02-19,2020021901000541,NICA,46,21,100,549.0,54900.0
2020-02-19,2020021901000484,NICA,17,21,338,549.0,185562.0
2020-02-19,2020021901000464,NICA,17,16,500,548.0,274000.0
2020-02-19,2020021901000336,NICA,33,48,700,548.0,383600.0
2020-02-19,2020021901000323,NICA,22,54,100,550.0,55000.0
2020-02-19,2020021901000322,NICA,1,54,25,550.0,13750.0
2020-02-19,2020021901000290,NICA,56,50,430,551.0,236930.0
2020-02-19,2020021901000289,NICA,56,46,70,551.0,38570.0
2020-02-19,2020021901000227,NICA,32,46,30,551.0,16530.0
2020-02-19,2020021901000205,NICA,19,44,65,552.0,35880.0
2020-02-19,2020021901000204,NICA,19,38,85,552.0,46920.0
2020-02-19,2020021901000093,NICA,55,58,500,553.0,276500.0
2020-02-19,2020021901000525,NICL,4,34,100,461.0,46100.0
2020-02-19,2020021901000402,NICL,44,17,500,466.0,233000.0
2020-02-19,2020021901000551,NIL,45,53,10,602.0,6020.0
2020-02-19,2020021901000467,NIL,59,34,200,611.0,122200.0
2020-02-19,2020021901000428,NIL,1,29,50,612.0,30600.0
2020-02-19,2020021901000375,NIL,57,54,50,611.0,30550.0
2020-02-19,2020021901000374,NIL,39,54,200,611.0,122200.0
2020-02-19,2020021901000287,NIL,59,53,700,612.0,428400.0
2020-02-19,2020021901000114,NIL,59,28,200,614.0,122800.0
2020-02-19,2020021901000113,NIL,59,53,500,613.0,306500.0
2020-02-19,2020021901000272,NIL,59,46,300,612.0,183600.0
2020-02-19,2020021901000192,NIL,16,53,500,613.0,306500.0
2020-02-19,2020021901000172,NIL,59,44,1000,612.0,612000.0
2020-02-19,2020021901000117,NIL,59,42,500,614.0,307000.0
2020-02-19,2020021901000116,NIL,59,59,250,614.0,153500.0
2020-02-19,2020021901000115,NIL,59,48,602,614.0,369628.0
2020-02-19,2020021901000498,NLBBL,36,20,74,829.0,61346.0
2020-02-19,2020021901000445,NLBBL,1,20,185,845.0,156325.0
2020-02-19,2020021901000438,NLBBL,1,53,100,845.0,84500.0
2020-02-19,2020021901000424,NLBBL,1,49,15,845.0,12675.0
2020-02-19,2020021901000399,NLBBL,1,54,200,845.0,169000.0
2020-02-19,2020021901000133,NLBBL,26,26,50,845.0,42250.0
2020-02-19,2020021901000174,NLG,19,53,10,735.0,7350.0
2020-02-19,2020021901000519,NLIC,50,36,61,1196.0,72956.0
2020-02-19,2020021901000516,NLIC,50,50,100,1196.0,119600.0
2020-02-19,2020021901000512,NLIC,50,17,22,1196.0,26312.0
2020-02-19,2020021901000480,NLIC,42,34,972,1195.0,1161540.0
2020-02-19,2020021901000479,NLIC,10,34,28,1196.0,33488.0
2020-02-19,2020021901000429,NLIC,10,49,22,1196.0,26312.0
2020-02-19,2020021901000104,NLIC,34,42,22,1200.0,26400.0
2020-02-19,2020021901000103,NLIC,34,58,20,1200.0,24000.0
2020-02-19,2020021901000327,NLIC,1,39,50,1203.0,60150.0
2020-02-19,2020021901000297,NLIC,59,53,300,1205.0,361500.0
2020-02-19,2020021901000201,NLIC,42,35,70,1205.0,84350.0
2020-02-19,2020021901000158,NLIC,14,32,500,1205.0,602500.0
2020-02-19,2020021901000157,NLIC,14,32,600,1205.0,723000.0
2020-02-19,2020021901000105,NLIC,34,53,500,1204.0,602000.0
2020-02-19,2020021901000321,NLICL,1,51,458,706.0,323348.0
2020-02-19,2020021901000309,NLICL,1,51,500,706.0,353000.0
2020-02-19,2020021901000226,NLICL,1,25,42,706.0,29652.0
2020-02-19,2020021901000483,NMB,11,29,100,410.0,41000.0
2020-02-19,2020021901000470,NMB,11,53,500,410.0,205000.0
2020-02-19,2020021901000469,NMB,11,36,29,410.0,11890.0
2020-02-19,2020021901000468,NMB,11,1,100,410.0,41000.0
2020-02-19,2020021901000461,NMB,57,17,73,408.0,29784.0
2020-02-19,2020021901000361,NMB,57,48,265,408.0,108120.0
2020-02-19,2020021901000102,NMB,58,42,96,412.0,39552.0
2020-02-19,2020021901000292,NMB,19,4,26,410.0,10660.0
2020-02-19,2020021901000251,NMB,19,32,24,410.0,9840.0
2020-02-19,2020021901000221,NMB,39,36,450,412.0,185400.0
2020-02-19,2020021901000220,NMB,22,36,62,412.0,25544.0
2020-02-19,2020021901000198,NMB,22,36,138,412.0,56856.0
2020-02-19,2020021901000197,NMB,58,36,62,412.0,25544.0
2020-02-19,2020021901000311,NMB,51,36,63,410.0,25830.0
2020-02-19,2020021901000310,NMB,10,36,1000,410.0,410000.0
2020-02-19,2020021901000296,NMB,51,4,37,410.0,15170.0
2020-02-19,2020021901000295,NMB,37,4,300,410.0,123000.0
2020-02-19,2020021901000294,NMB,52,4,100,410.0,41000.0
2020-02-19,2020021901000293,NMB,25,4,37,410.0,15170.0
2020-02-19,2020021901000360,NMB,13,48,150,409.0,61350.0
2020-02-19,2020021901000359,NMB,57,48,500,409.0,204500.0
2020-02-19,2020021901000358,NMB,52,48,163,409.0,66667.0
2020-02-19,2020021901000339,NMB,52,42,137,409.0,56033.0
2020-02-19,2020021901000314,NMB,10,42,63,410.0,25830.0
2020-02-19,2020021901000313,NMB,10,36,937,410.0,384170.0
2020-02-19,2020021901000460,NTC,19,38,17,632.0,10744.0
2020-02-19,2020021901000228,NTC,34,47,10,636.0,6360.0
2020-02-19,2020021901000442,OHL,39,10,706,481.0,339586.0
2020-02-19,2020021901000441,OHL,39,10,1200,480.0,576000.0
2020-02-19,2020021901000548,PCBL,11,54,450,284.0,127800.0
2020-02-19,2020021901000547,PCBL,42,54,50,284.0,14200.0
2020-02-19,2020021901000539,PCBL,22,34,50,285.0,14250.0
2020-02-19,2020021901000522,PCBL,4,34,80,285.0,22800.0
2020-02-19,2020021901000521,PCBL,54,34,150,285.0,42750.0
2020-02-19,2020021901000520,PCBL,4,34,35,285.0,9975.0
2020-02-19,2020021901000466,PCBL,4,55,115,285.0,32775.0
2020-02-19,2020021901000329,PCBL,4,4,4000,284.0,1136000.0
2020-02-19,2020021901000513,PIC,42,22,20,648.0,12960.0
2020-02-19,2020021901000183,PIC,39,17,50,655.0,32750.0
2020-02-19,2020021901000153,PIC,51,17,450,655.0,294750.0
2020-02-19,2020021901000152,PIC,51,14,50,654.0,32700.0
2020-02-19,2020021901000385,PLIC,57,6,25,615.0,15375.0
2020-02-19,2020021901000330,PLIC,25,7,82,615.0,50430.0
2020-02-19,2020021901000540,PRVU,21,57,600,251.0,150600.0
2020-02-19,2020021901000455,PRVU,37,16,700,251.0,175700.0
2020-02-19,2020021901000398,PRVU,38,34,867,252.0,218484.0
2020-02-19,2020021901000281,PRVU,38,34,1000,254.0,254000.0
2020-02-19,2020021901000066,PRVU,55,52,500,254.0,127000.0
2020-02-19,2020021901000138,PRVU,10,42,348,255.0,88740.0
2020-02-19,2020021901000137,PRVU,10,54,1000,255.0,255000.0
2020-02-19,2020021901000136,PRVU,10,25,500,255.0,127500.0
2020-02-19,2020021901000135,PRVU,10,21,149,254.0,37846.0
2020-02-19,2020021901000134,PRVU,10,25,128,254.0,32512.0
2020-02-19,2020021901000067,PRVU,55,25,500,254.0,127000.0
2020-02-19,2020021901000280,PRVU,38,25,133,254.0,33782.0
2020-02-19,2020021901000154,PRVU,48,49,300,255.0,76500.0
2020-02-19,2020021901000146,PRVU,10,49,75,255.0,19125.0
2020-02-19,2020021901000145,PRVU,10,52,200,255.0,51000.0
2020-02-19,2020021901000140,PRVU,10,42,500,255.0,127500.0
2020-02-19,2020021901000139,PRVU,10,48,100,255.0,25500.0
2020-02-19,2020021901000073,RBCL,35,33,10,11441.0,114410.0
2020-02-19,2020021901000489,RBCLPO,7,44,40,9600.0,384000.0
2020-02-19,2020021901000386,RBCLPO,11,35,20,9600.0,192000.0
2020-02-19,2020021901000191,RBCLPO,7,17,60,9741.0,584460.0
2020-02-19,2020021901000180,RBCLPO,57,35,20,9741.0,194820.0
2020-02-19,2020021901000179,RBCLPO,57,56,40,9740.0,389600.0
2020-02-19,2020021901000063,RBCLPO,59,56,10,9740.0,97400.0
2020-02-19,2020021901000487,RHPC,42,25,100,89.0,8900.0
2020-02-19,2020021901000486,RHPC,42,45,1000,89.0,89000.0
2020-02-19,2020021901000384,RHPC,51,17,14,88.0,1232.0
2020-02-19,2020021901000549,RHPL,47,16,50,166.0,8300.0
2020-02-19,2020021901000439,RHPL,47,45,40,166.0,6640.0
2020-02-19,2020021901000254,RHPL,47,51,10,166.0,1660.0
2020-02-19,2020021901000246,RHPL,47,49,10,166.0,1660.0
2020-02-19,2020021901000178,RHPL,56,58,20,166.0,3320.0
2020-02-19,2020021901000177,RHPL,56,58,30,166.0,4980.0
2020-02-19,2020021901000176,RHPL,56,47,10,166.0,1660.0
2020-02-19,2020021901000142,SABSL,28,58,10,930.0,9300.0
2020-02-19,2020021901000315,SANIMA,45,49,19,358.0,6802.0
2020-02-19,2020021901000161,SANIMA,45,43,15,358.0,5370.0
2020-02-19,2020021901000092,SANIMA,52,49,100,355.0,35500.0
2020-02-19,2020021901000477,SCB,46,35,20,660.0,13200.0
2020-02-19,2020021901000456,SFCL,20,45,100,101.0,10100.0
2020-02-19,2020021901000497,SHINE,17,57,50,300.0,15000.0
2020-02-19,2020021901000496,SHINE,17,49,100,300.0,30000.0
2020-02-19,2020021901000405,SHINE,38,44,500,299.0,149500.0
2020-02-19,2020021901000404,SHINE,33,44,500,299.0,149500.0
2020-02-19,2020021901000075,SHINE,39,39,10,306.0,3060.0
2020-02-19,2020021901000054,SHINE,3,32,100,306.0,30600.0
2020-02-19,2020021901000106,SHINE,3,28,180,304.0,54720.0
2020-02-19,2020021901000096,SHINE,39,14,149,305.0,45445.0
2020-02-19,2020021901000095,SHINE,57,14,51,305.0,15555.0
2020-02-19,2020021901000091,SHINE,57,56,449,305.0,136945.0
2020-02-19,2020021901000090,SHINE,43,56,51,305.0,15555.0
2020-02-19,2020021901000080,SHINE,3,28,10,306.0,3060.0
2020-02-19,2020021901000203,SHINE,54,4,90,304.0,27360.0
2020-02-19,2020021901000202,SHINE,54,28,110,304.0,33440.0
2020-02-19,2020021901000155,SHINE,44,28,100,304.0,30400.0
2020-02-19,2020021901000151,SHINE,3,17,130,303.0,39390.0
2020-02-19,2020021901000150,SHINE,3,17,180,303.0,54540.0
2020-02-19,2020021901000107,SHINE,3,28,100,304.0,30400.0
2020-02-19,2020021901000231,SHINE,58,28,128,303.0,38784.0
2020-02-19,2020021901000230,SHINE,58,25,882,305.0,269010.0
2020-02-19,2020021901000229,SHINE,58,49,118,304.0,35872.0
2020-02-19,2020021901000223,SHINE,49,49,100,304.0,30400.0
2020-02-19,2020021901000210,SHINE,42,49,82,304.0,24928.0
2020-02-19,2020021901000209,SHINE,42,4,118,304.0,35872.0
2020-02-19,2020021901000383,SHINE,34,21,326,301.0,98126.0
2020-02-19,2020021901000373,SHINE,34,33,674,301.0,202874.0
2020-02-19,2020021901000370,SHINE,32,49,150,302.0,45300.0
2020-02-19,2020021901000248,SHINE,58,57,10,305.0,3050.0
2020-02-19,2020021901000247,SHINE,58,25,118,305.0,35990.0
2020-02-19,2020021901000236,SHINE,58,28,872,303.0,264216.0
2020-02-19,2020021901000397,SHINE,44,49,300,300.0,90000.0
2020-02-19,2020021901000396,SHINE,33,49,100,300.0,30000.0
2020-02-19,2020021901000395,SHINE,34,49,100,300.0,30000.0
2020-02-19,2020021901000394,SHINE,53,49,900,300.0,270000.0
2020-02-19,2020021901000392,SHINE,53,10,100,300.0,30000.0
2020-02-19,2020021901000543,SHIVM,25,13,700,628.0,439600.0
2020-02-19,2020021901000531,SHIVM,14,5,20,626.0,12520.0
2020-02-19,2020021901000530,SHIVM,25,5,500,626.0,313000.0
2020-02-19,2020021901000529,SHIVM,19,5,480,626.0,300480.0
2020-02-19,2020021901000518,SHIVM,19,45,20,626.0,12520.0
2020-02-19,2020021901000426,SHIVM,19,34,150,630.0,94500.0
2020-02-19,2020021901000064,SHIVM,43,35,14,622.0,8708.0
2020-02-19,2020021901000083,SHIVM,48,47,200,635.0,127000.0
2020-02-19,2020021901000082,SHIVM,48,52,100,634.0,63400.0
2020-02-19,2020021901000081,SHIVM,48,28,500,633.0,316500.0
2020-02-19,2020021901000077,SHIVM,25,52,100,630.0,63000.0
2020-02-19,2020021901000069,SHIVM,29,39,1000,627.0,627000.0
2020-02-19,2020021901000068,SHIVM,29,17,50,627.0,31350.0
2020-02-19,2020021901000112,SHIVM,54,42,50,623.0,31150.0
2020-02-19,2020021901000108,SHIVM,56,14,50,635.0,31750.0
2020-02-19,2020021901000101,SHIVM,48,28,500,637.0,318500.0
2020-02-19,2020021901000097,SHIVM,56,28,450,635.0,285750.0
2020-02-19,2020021901000085,SHIVM,48,3,100,635.0,63500.0
2020-02-19,2020021901000084,SHIVM,48,38,200,635.0,127000.0
2020-02-19,2020021901000283,SHIVM,48,16,500,626.0,313000.0
2020-02-19,2020021901000263,SHIVM,36,53,136,625.0,85000.0
2020-02-19,2020021901000262,SHIVM,38,53,164,625.0,102500.0
2020-02-19,2020021901000250,SHIVM,38,44,836,625.0,522500.0
2020-02-19,2020021901000249,SHIVM,25,44,450,626.0,281700.0
2020-02-19,2020021901000222,SHIVM,25,14,50,626.0,31300.0
2020-02-19,2020021901000425,SHIVM,19,34,100,630.0,63000.0
2020-02-19,2020021901000407,SHIVM,25,44,500,630.0,315000.0
2020-02-19,2020021901000403,SHIVM,25,44,500,630.0,315000.0
2020-02-19,2020021901000340,SHIVM,45,8,500,629.0,314500.0
2020-02-19,2020021901000320,SHIVM,53,50,200,628.0,125600.0
2020-02-19,2020021901000308,SHIVM,25,16,100,626.0,62600.0
2020-02-19,2020021901000244,SHL,43,10,600,190.0,114000.0
2020-02-19,2020021901000243,SHL,34,10,100,190.0,19000.0
2020-02-19,2020021901000242,SHL,57,10,100,191.0,19100.0
2020-02-19,2020021901000241,SHL,49,10,100,192.0,19200.0
2020-02-19,2020021901000240,SHL,36,10,500,192.0,96000.0
2020-02-19,2020021901000159,SHPC,45,13,50,231.0,11550.0
2020-02-19,2020021901000495,SIC,52,45,10,770.0,7700.0
2020-02-19,2020021901000341,SIC,37,45,200,785.0,157000.0
2020-02-19,2020021901000382,SICL,39,5,100,1241.0,124100.0
2020-02-19,2020021901000381,SICL,44,5,100,1242.0,124200.0
2020-02-19,2020021901000380,SICL,49,5,50,1245.0,62250.0
2020-02-19,2020021901000379,SICL,17,5,100,1248.0,124800.0
2020-02-19,2020021901000378,SICL,6,5,35,1248.0,43680.0
2020-02-19,2020021901000099,SICL,54,58,10,1265.0,12650.0
2020-02-19,2020021901000528,SJCL,26,16,20,156.0,3120.0
2020-02-19,2020021901000265,SJCL,26,49,10,156.0,1560.0
2020-02-19,2020021901000440,SLBBL,56,39,50,966.0,48300.0
2020-02-19,2020021901000076,SLBBL,53,49,200,950.0,190000.0
2020-02-19,2020021901000507,SLBSL,56,6,100,943.0,94300.0
2020-02-19,2020021901000175,SLBSL,42,58,10,930.0,9300.0
2020-02-19,2020021901000357,SLICL,29,21,200,498.0,99600.0
2020-02-19,2020021901000356,SLICL,57,21,25,498.0,12450.0
2020-02-19,2020021901000355,SLICL,25,21,100,498.0,49800.0
2020-02-19,2020021901000444,SMATA,41,35,10,840.0,8400.0
2020-02-19,2020021901000316,SMATA,34,34,300,825.0,247500.0
2020-02-19,2020021901000284,SRBL,45,38,35,255.0,8925.0
2020-02-19,2020021901000238,SRBL,4,4,3023,256.0,773888.0
2020-02-19,2020021901000451,STC,49,57,10,2728.0,27280.0
2020-02-19,2020021901000450,STC,51,57,50,2728.0,136400.0
2020-02-19,2020021901000449,STC,38,57,100,2729.0,272900.0
2020-02-19,2020021901000448,STC,25,57,100,2730.0,273000.0
2020-02-19,2020021901000447,STC,39,57,20,2730.0,54600.0
2020-02-19,2020021901000129,SWBBL,25,59,100,1265.0,126500.0
2020-02-19,2020021901000363,TMDBL,44,1,246,188.0,46248.0
2020-02-19,2020021901000214,TRH,44,28,100,301.0,30100.0
2020-02-19,2020021901000324,UIC,22,6,50,439.0,21950.0
2020-02-19,2020021901000431,UMHL,59,59,27,117.0,3159.0
2020-02-19,2020021901000430,UMHL,59,13,80,117.0,9360.0
2020-02-19,2020021901000423,UMHL,59,13,20,117.0,2340.0
2020-02-19,2020021901000200,UMHL,59,7,514,115.0,59110.0
2020-02-19,2020021901000168,UPCL,4,19,100,80.0,8000.0
2020-02-19,2020021901000372,UPPER,11,53,30,240.0,7200.0
2020-02-19,2020021901000056,UPPER,1,38,10,244.0,2440.0
2020-02-19,2020021901009025,ADBL,51,4,1500,397.0,595500.0
2020-02-19,2020021901008935,ADBL,51,42,100,397.0,39700.0
2020-02-19,2020021901008699,ADBL,51,10,67,397.0,26599.0
2020-02-19,2020021901008698,ADBL,53,10,50,398.0,19900.0
2020-02-19,2020021901008727,AKPL,36,1,10,135.0,1350.0
2020-02-19,2020021901008686,AKPL,36,38,13,135.0,1755.0
2020-02-19,2020021901008875,AKPL,36,38,13,135.0,1755.0
2020-02-19,2020021901009024,ALBSL,26,16,52,825.0,42900.0
2020-02-19,2020021901009023,ALBSL,26,16,48,825.0,39600.0
2020-02-19,2020021901008937,ALBSL,55,25,200,825.0,165000.0
2020-02-19,2020021901008936,ALBSL,55,59,500,825.0,412500.0
2020-02-19,2020021901008926,ALBSL,26,59,11,825.0,9075.0
2020-02-19,2020021901008925,ALBSL,26,25,11,825.0,9075.0
2020-02-19,2020021901008602,ALBSL,39,16,200,820.0,164000.0
2020-02-19,2020021901008760,ALBSL,39,34,100,824.0,82400.0
2020-02-19,2020021901008635,ALBSL,34,22,290,820.0,237800.0
2020-02-19,2020021901008634,ALBSL,34,25,100,820.0,82000.0
2020-02-19,2020021901008633,ALBSL,34,16,780,820.0,639600.0
2020-02-19,2020021901008924,ALBSL,26,16,30,825.0,24750.0
2020-02-19,2020021901008821,ALBSL,39,41,11,821.0,9031.0
2020-02-19,2020021901008808,ALBSL,8,25,50,825.0,41250.0
2020-02-19,2020021901008807,ALBSL,7,25,89,825.0,73425.0
2020-02-19,2020021901008780,ALBSL,7,6,11,825.0,9075.0
2020-02-19,2020021901008882,ALICL,41,25,60,625.0,37500.0
2020-02-19,2020021901008881,ALICL,50,25,1000,626.0,626000.0
2020-02-19,2020021901008880,ALICL,43,25,100,627.0,62700.0
2020-02-19,2020021901008879,ALICL,46,25,1000,627.0,627000.0
2020-02-19,2020021901008878,ALICL,50,25,500,627.0,313500.0
2020-02-19,2020021901008877,ALICL,39,25,300,627.0,188100.0
2020-02-19,2020021901008876,ALICL,45,25,40,628.0,25120.0
2020-02-19,2020021901008624,ALICL,45,42,60,628.0,37680.0
2020-02-19,2020021901008767,API,49,44,89,137.0,12193.0
2020-02-19,2020021901008690,API,49,38,11,137.0,1507.0
2020-02-19,2020021901008970,BFC,17,56,10,111.0,1110.0
2020-02-19,2020021901008992,BPCL,11,6,198,361.0,71478.0
2020-02-19,2020021901008978,BPCL,11,1,33,361.0,11913.0
2020-02-19,2020021901008886,BPCL,11,39,169,361.0,61009.0
2020-02-19,2020021901008885,BPCL,40,39,491,361.0,177251.0
2020-02-19,2020021901008868,BPCL,40,17,100,361.0,36100.0
2020-02-19,2020021901008867,BPCL,40,40,321,361.0,115881.0
2020-02-19,2020021901008601,BPCL,7,43,200,361.0,72200.0
2020-02-19,2020021901008695,BPCL,37,58,200,360.0,72000.0
2020-02-19,2020021901008621,BPCL,11,40,840,361.0,303240.0
2020-02-19,2020021901008620,BPCL,11,43,160,361.0,57760.0
2020-02-19,2020021901009052,CBBL,44,59,25,1140.0,28500.0
2020-02-19,2020021901009051,CBBL,44,3,200,1140.0,228000.0
2020-02-19,2020021901009050,CBBL,44,21,150,1140.0,171000.0
2020-02-19,2020021901008943,CBBL,25,6,20,1139.0,22780.0
2020-02-19,2020021901008942,CBBL,25,44,700,1139.0,797300.0
2020-02-19,2020021901008941,CBBL,25,43,70,1138.0,79660.0
2020-02-19,2020021901008645,CBBL,58,6,44,1130.0,49720.0
2020-02-19,2020021901008644,CBBL,58,14,11,1130.0,12430.0
2020-02-19,2020021901008707,CBBL,59,39,250,1134.0,283500.0
2020-02-19,2020021901008668,CBBL,44,6,11,1130.0,12430.0
2020-02-19,2020021901008646,CBBL,38,6,10,1130.0,11300.0
2020-02-19,2020021901008749,CBBL,59,59,51,1135.0,57885.0
2020-02-19,2020021901008708,CBBL,59,42,99,1135.0,112365.0
2020-02-19,2020021901008940,CBBL,25,4,100,1137.0,113700.0
2020-02-19,2020021901008939,CBBL,25,22,50,1137.0,56850.0
2020-02-19,2020021901008934,CBBL,25,59,100,1136.0,113600.0
2020-02-19,2020021901008933,CBBL,25,6,105,1135.0,119175.0
2020-02-19,2020021901008979,CCBL,14,39,105,185.0,19425.0
2020-02-19,2020021901008958,CCBL,14,38,48,185.0,8880.0
2020-02-19,2020021901008713,CCBL,14,4,10,185.0,1850.0
2020-02-19,2020021901008712,CCBL,36,4,990,185.0,183150.0
2020-02-19,2020021901008580,CCBL,8,51,271,186.0,50406.0
2020-02-19,2020021901008572,CCBL,7,47,24,187.0,4488.0
2020-02-19,2020021901008571,CCBL,7,29,106,187.0,19822.0
2020-02-19,2020021901008570,CCBL,7,35,47,187.0,8789.0
2020-02-19,2020021901008874,CHL,52,1,13,96.0,1248.0
2020-02-19,2020021901008797,CHL,52,1,13,96.0,1248.0
2020-02-19,2020021901008839,CZBIL,46,34,89,197.0,17533.0
2020-02-19,2020021901008838,CZBIL,19,34,100,197.0,19700.0
2020-02-19,2020021901008837,CZBIL,18,34,500,197.0,98500.0
2020-02-19,2020021901008836,CZBIL,11,34,1000,197.0,197000.0
2020-02-19,2020021901008835,CZBIL,40,34,1794,197.0,353418.0
2020-02-19,2020021901008770,CZBIL,40,10,200,197.0,39400.0
2020-02-19,2020021901009042,DDBL,57,44,500,909.0,454500.0
2020-02-19,2020021901008918,DDBL,54,16,12,907.0,10884.0
2020-02-19,2020021901008844,DDBL,48,59,200,910.0,182000.0
2020-02-19,2020021901008843,DDBL,44,59,300,910.0,273000.0
2020-02-19,2020021901008842,DDBL,25,59,50,910.0,45500.0
2020-02-19,2020021901008841,DDBL,25,59,345,911.0,314295.0
2020-02-19,2020021901008627,DDBL,22,33,100,915.0,91500.0
2020-02-19,2020021901008626,DDBL,22,59,75,915.0,68625.0
2020-02-19,2020021901008625,DDBL,22,14,50,915.0,45750.0
2020-02-19,2020021901008574,DDBL,22,14,450,915.0,411750.0
2020-02-19,2020021901008573,DDBL,22,45,50,915.0,45750.0
2020-02-19,2020021901008840,DDBL,25,45,155,911.0,141205.0
2020-02-19,2020021901008824,DDBL,36,45,45,915.0,41175.0
2020-02-19,2020021901008820,DDBL,36,44,200,915.0,183000.0
2020-02-19,2020021901008768,DDBL,36,37,200,915.0,183000.0
2020-02-19,2020021901008753,DDBL,36,45,55,915.0,50325.0
2020-02-19,2020021901008628,DDBL,22,45,200,915.0,183000.0
2020-02-19,2020021901008790,EBL,57,10,100,664.0,66400.0
2020-02-19,2020021901008719,EBL,45,53,500,664.0,332000.0
2020-02-19,2020021901008561,EDBL,32,17,500,365.0,182500.0
2020-02-19,2020021901008560,EDBL,4,17,72,365.0,26280.0
2020-02-19,2020021901008559,EDBL,11,17,52,366.0,19032.0
2020-02-19,2020021901008558,EDBL,46,17,100,366.0,36600.0
2020-02-19,2020021901008894,EIC,34,38,140,443.0,62020.0
2020-02-19,2020021901008893,EIC,8,38,280,443.0,124040.0
2020-02-19,2020021901008892,EIC,58,38,200,443.0,88600.0
2020-02-19,2020021901008891,EIC,54,38,100,443.0,44300.0
2020-02-19,2020021901008890,EIC,44,38,60,443.0,26580.0
2020-02-19,2020021901008889,EIC,19,38,220,444.0,97680.0
2020-02-19,2020021901008823,EIC,19,56,80,444.0,35520.0
2020-02-19,2020021901008822,EIC,38,56,50,445.0,22250.0
2020-02-19,2020021901008888,FMDBL,6,6,18,499.0,8982.0
2020-02-19,2020021901008887,FMDBL,6,40,312,499.0,155688.0
2020-02-19,2020021901008869,FMDBL,56,36,200,498.0,99600.0
2020-02-19,2020021901008825,FMDBL,56,40,200,499.0,99800.0
2020-02-19,2020021901008576,FMDBL,22,52,50,499.0,24950.0
2020-02-19,2020021901008569,FOWAD,58,55,50,1628.0,81400.0
2020-02-19,2020021901008980,GBBL,42,42,600,247.0,148200.0
2020-02-19,2020021901008791,GBBL,42,42,400,247.0,98800.0
2020-02-19,2020021901008782,GBBL,19,5,473,246.0,116358.0
2020-02-19,2020021901008781,GBBL,4,5,27,246.0,6642.0
2020-02-19,2020021901008989,GBIME,43,1,13,285.0,3705.0
2020-02-19,2020021901008630,GBIME,33,37,410,286.0,117260.0
2020-02-19,2020021901008629,GBIME,33,51,590,286.0,168740.0
2020-02-19,2020021901008600,GBIME,16,51,10,286.0,2860.0
2020-02-19,2020021901008694,GBLBS,59,35,45,520.0,23400.0
2020-02-19,2020021901008693,GBLBS,44,35,10,520.0,5200.0
2020-02-19,2020021901008692,GBLBS,57,35,10,520.0,5200.0
2020-02-19,2020021901008691,GBLBS,53,35,50,521.0,26050.0
2020-02-19,2020021901008666,GBLBS,57,56,90,520.0,46800.0
2020-02-19,2020021901008665,GBLBS,6,56,150,520.0,78000.0
2020-02-19,2020021901008658,GBLBS,39,56,100,523.0,52300.0
2020-02-19,2020021901008657,GBLBS,44,56,100,523.0,52300.0
2020-02-19,2020021901008656,GBLBS,44,56,100,523.0,52300.0
2020-02-19,2020021901008655,GBLBS,6,56,105,523.0,54915.0
2020-02-19,2020021901008603,GBLBS,39,17,100,524.0,52400.0
2020-02-19,2020021901008590,GBLBS,50,17,400,524.0,209600.0
2020-02-19,2020021901008664,GBLBS,50,56,130,520.0,67600.0
2020-02-19,2020021901008663,GBLBS,40,56,1000,520.0,520000.0
2020-02-19,2020021901008662,GBLBS,56,56,50,520.0,26000.0
2020-02-19,2020021901008661,GBLBS,49,56,1000,521.0,521000.0
2020-02-19,2020021901008660,GBLBS,39,56,200,521.0,104200.0
2020-02-19,2020021901008659,GBLBS,44,56,100,523.0,52300.0
2020-02-19,2020021901008792,GFCL,58,41,100,157.0,15700.0
2020-02-19,2020021901008726,GHL,38,38,30,73.0,2190.0
2020-02-19,2020021901008986,GILB,33,58,45,1439.0,64755.0
2020-02-19,2020021901008863,GILB,46,44,85,1431.0,121635.0
2020-02-19,2020021901008862,GILB,55,44,100,1432.0,143200.0
2020-02-19,2020021901008812,GLBSL,44,54,100,835.0,83500.0
2020-02-19,2020021901008718,GLICL,17,56,22,810.0,17820.0
2020-02-19,2020021901008687,GLICL,17,42,28,810.0,22680.0
2020-02-19,2020021901008578,GLICL,47,56,400,810.0,324000.0
2020-02-19,2020021901008577,GLICL,35,56,50,810.0,40500.0
2020-02-19,2020021901008990,GMFBS,43,6,10,1020.0,10200.0
2020-02-19,2020021901008591,GMFBS,34,59,10,1035.0,10350.0
2020-02-19,2020021901008565,GMFBS,43,42,10,1025.0,10250.0
2020-02-19,2020021901008832,GRDBL,19,36,480,135.0,64800.0
2020-02-19,2020021901008831,GRDBL,34,36,80,135.0,10800.0
2020-02-19,2020021901008796,GRDBL,34,46,150,135.0,20250.0
2020-02-19,2020021901008773,HBL,29,42,100,577.0,57700.0
2020-02-19,2020021901008772,HBL,19,42,185,577.0,106745.0
2020-02-19,2020021901008771,HBL,36,42,200,577.0,115400.0
2020-02-19,2020021901008710,HBL,19,22,15,577.0,8655.0
2020-02-19,2020021901008709,HBL,49,22,85,577.0,49045.0
2020-02-19,2020021901008618,HBL,49,38,15,577.0,8655.0
2020-02-19,2020021901009032,HDL,53,45,138,1446.0,199548.0
2020-02-19,2020021901009031,HDL,53,51,20,1445.0,28900.0
2020-02-19,2020021901009030,HDL,53,38,10,1445.0,14450.0
2020-02-19,2020021901009029,HDL,53,54,85,1445.0,122825.0
2020-02-19,2020021901009028,HDL,53,44,10,1445.0,14450.0
2020-02-19,2020021901009027,HDL,53,57,250,1444.0,361000.0
2020-02-19,2020021901008683,HDL,58,50,500,1442.0,721000.0
2020-02-19,2020021901008800,HDL,28,48,150,1440.0,216000.0
2020-02-19,2020021901008799,HDL,28,48,350,1440.0,504000.0
2020-02-19,2020021901008789,HDL,28,48,150,1440.0,216000.0
2020-02-19,2020021901008788,HDL,37,48,50,1440.0,72000.0
2020-02-19,2020021901008787,HDL,11,48,100,1440.0,144000.0
2020-02-19,2020021901008761,HDL,54,42,200,1441.0,288200.0
2020-02-19,2020021901009026,HDL,53,53,137,1443.0,197691.0
2020-02-19,2020021901008984,HDL,53,53,363,1443.0,523809.0
2020-02-19,2020021901008983,HDL,53,39,287,1443.0,414141.0
2020-02-19,2020021901008854,HDL,53,39,530,1443.0,764790.0
2020-02-19,2020021901008853,HDL,53,55,100,1443.0,144300.0
2020-02-19,2020021901008852,HDL,53,16,20,1442.0,28840.0
2020-02-19,2020021901008907,IGI,28,40,110,477.0,52470.0
2020-02-19,2020021901008906,IGI,51,40,50,478.0,23900.0
2020-02-19,2020021901008584,ILBS,39,11,10,926.0,9260.0
2020-02-19,2020021901008676,JSLBB,11,48,10,1869.0,18690.0
2020-02-19,2020021901008587,JSLBB,16,14,369,1850.0,682650.0
2020-02-19,2020021901008586,JSLBB,41,14,50,1850.0,92500.0
2020-02-19,2020021901008669,KBL,32,10,100,197.0,19700.0
2020-02-19,2020021901008672,KPCL,38,59,10,105.0,1050.0
2020-02-19,2020021901008671,KPCL,38,44,10,105.0,1050.0
2020-02-19,2020021901009038,KSBBL,38,21,827,172.0,142244.0
2020-02-19,2020021901009037,KSBBL,38,56,570,172.0,98040.0
2020-02-19,2020021901008903,KSBBL,41,56,200,172.0,34400.0
2020-02-19,2020021901008866,KSBBL,57,56,100,172.0,17200.0
2020-02-19,2020021901008865,KSBBL,34,56,130,172.0,22360.0
2020-02-19,2020021901008617,LBBL,14,39,34,196.0,6664.0
2020-02-19,2020021901008632,LBL,38,10,11,229.0,2519.0
2020-02-19,2020021901008631,LBL,47,10,100,229.0,22900.0
2020-02-19,2020021901008858,LGIL,59,51,118,529.0,62422.0
2020-02-19,2020021901008697,LGIL,59,42,50,529.0,26450.0
2020-02-19,2020021901008582,LGIL,59,49,125,530.0,66250.0
2020-02-19,2020021901008581,LGIL,59,49,175,530.0,92750.0
2020-02-19,2020021901009041,MEGA,29,57,142,212.0,30104.0
2020-02-19,2020021901009040,MEGA,19,57,258,212.0,54696.0
2020-02-19,2020021901008857,MEGA,19,59,242,212.0,51304.0
2020-02-19,2020021901008856,MEGA,51,59,58,212.0,12296.0
2020-02-19,2020021901008583,MEGAPO,43,38,10000,101.0,1010000.0
2020-02-19,2020021901008681,MERO,34,6,55,695.0,38225.0
2020-02-19,2020021901008680,MERO,34,34,100,695.0,69500.0
2020-02-19,2020021901008679,MERO,34,54,100,695.0,69500.0
2020-02-19,2020021901008678,MERO,34,55,55,694.0,38170.0
2020-02-19,2020021901008677,MERO,34,58,40,693.0,27720.0
2020-02-19,2020021901008647,MLBL,49,4,425,223.0,94775.0
2020-02-19,2020021901008739,MLBL,44,4,75,222.0,16650.0
2020-02-19,2020021901008758,MNBBL,29,51,50,330.0,16500.0
2020-02-19,2020021901008743,NABIL,4,50,10,749.0,7490.0
2020-02-19,2020021901008742,NABIL,4,10,100,749.0,74900.0
2020-02-19,2020021901008711,NABIL,4,25,735,749.0,550515.0
2020-02-19,2020021901008950,NBB,33,48,20,213.0,4260.0
2020-02-19,2020021901008949,NBB,33,22,25,213.0,5325.0
2020-02-19,2020021901008757,NBB,32,10,400,211.0,84400.0
2020-02-19,2020021901008674,NBB,32,5,843,211.0,177873.0
2020-02-19,2020021901008673,NBB,17,5,157,211.0,33127.0
2020-02-19,2020021901008688,NBF2,36,6,100,9.26,926.0
2020-02-19,2020021901008589,NBF2,42,3,200,9.33,1866.0
2020-02-19,2020021901008608,NBL,45,58,1493,270.0,403110.0
2020-02-19,2020021901008607,NBL,49,58,500,270.0,135000.0
2020-02-19,2020021901008606,NBL,45,58,50,270.0,13500.0
2020-02-19,2020021901008605,NBL,42,58,100,270.0,27000.0
2020-02-19,2020021901008604,NBL,5,58,377,270.0,101790.0
2020-02-19,2020021901008575,NBL,43,34,50,271.0,13550.0
2020-02-19,2020021901008905,NCCB,48,14,100,195.0,19500.0
2020-02-19,2020021901008904,NCCB,6,16,95,194.0,18430.0
2020-02-19,2020021901008722,NCCB,6,42,282,194.0,54708.0
2020-02-19,2020021901008721,NCCB,34,42,50,194.0,9700.0
2020-02-19,2020021901008700,NCCB,42,14,300,195.0,58500.0
2020-02-19,2020021901008652,NCCB,58,14,300,195.0,58500.0
2020-02-19,2020021901008651,NCCB,5,14,1000,195.0,195000.0
2020-02-19,2020021901008741,NEF,19,42,5181,8.82,45696.42
2020-02-19,2020021901008597,NEF,29,42,121,8.82,1067.22
2020-02-19,2020021901008568,NEF,29,42,121,8.82,1067.22
2020-02-19,2020021901008740,NGPL,37,1,11,137.0,1507.0
2020-02-19,2020021901008706,NGPL,37,38,156,137.0,21372.0
2020-02-19,2020021901008929,NHDL,7,21,10,137.0,1370.0
2020-02-19,2020021901009039,NHPC,58,36,1000,58.0,58000.0
2020-02-19,2020021901008974,NIB,8,38,10,385.0,3850.0
2020-02-19,2020021901008883,NIB,55,25,10,386.0,3860.0
2020-02-19,2020021901008746,NIB,19,25,50,386.0,19300.0
2020-02-19,2020021901008745,NIB,19,38,10,386.0,3860.0
2020-02-19,2020021901008622,NIB,19,13,50,387.0,19350.0
2020-02-19,2020021901008917,NICA,33,4,500,546.0,273000.0
2020-02-19,2020021901008916,NICA,50,4,1000,546.0,546000.0
2020-02-19,2020021901008915,NICA,39,4,500,546.0,273000.0
2020-02-19,2020021901008914,NICA,45,4,200,546.0,109200.0
2020-02-19,2020021901008913,NICA,48,4,505,546.0,275730.0
2020-02-19,2020021901008864,NICA,4,4,10,547.0,5470.0
2020-02-19,2020021901008615,NICA,48,17,495,546.0,270270.0
2020-02-19,2020021901008614,NICA,14,17,505,546.0,275730.0
2020-02-19,2020021901008563,NICA,26,4,500,547.0,273500.0
2020-02-19,2020021901008562,NICA,53,4,200,547.0,109400.0
2020-02-19,2020021901008557,NICA,53,38,100,547.0,54700.0
2020-02-19,2020021901008650,NICL,44,17,250,465.0,116250.0
2020-02-19,2020021901008649,NICL,44,17,200,465.0,93000.0
2020-02-19,2020021901008648,NICL,19,17,50,466.0,23300.0
2020-02-19,2020021901008765,NICL,45,43,20,464.0,9280.0
2020-02-19,2020021901008764,NICL,40,43,85,464.0,39440.0
2020-02-19,2020021901008755,NICL,40,5,415,464.0,192560.0
2020-02-19,2020021901008754,NICL,45,5,80,464.0,37120.0
2020-02-19,2020021901008912,NICL,44,43,495,464.0,229680.0
2020-02-19,2020021901008786,NICL,57,14,100,463.0,46300.0
2020-02-19,2020021901008748,NIL,16,25,200,609.0,121800.0
2020-02-19,2020021901008596,NIL,7,34,300,610.0,183000.0
2020-02-19,2020021901008595,NIL,51,34,200,610.0,122000.0
2020-02-19,2020021901008747,NLBBL,44,33,764,860.0,657040.0
2020-02-19,2020021901008829,NLG,10,21,10,715.0,7150.0
2020-02-19,2020021901008643,NLG,29,21,90,715.0,64350.0
2020-02-19,2020021901008642,NLG,29,45,10,715.0,7150.0
2020-02-19,2020021901008932,NLIC,25,58,250,1193.0,298250.0
2020-02-19,2020021901008931,NLIC,14,58,50,1195.0,59750.0
2020-02-19,2020021901008930,NLIC,50,58,50,1195.0,59750.0
2020-02-19,2020021901008855,NLIC,50,42,50,1195.0,59750.0
2020-02-19,2020021901008848,NLIC,25,17,16,1193.0,19088.0
2020-02-19,2020021901008834,NLIC,14,53,500,1195.0,597500.0
2020-02-19,2020021901008813,NLIC,10,4,22,1192.0,26224.0
2020-02-19,2020021901008802,NLIC,25,58,500,1192.0,596000.0
2020-02-19,2020021901008738,NLIC,19,1,22,1191.0,26202.0
2020-02-19,2020021901008735,NLIC,45,38,22,1190.0,26180.0
2020-02-19,2020021901008567,NLIC,16,54,13,1191.0,15483.0
2020-02-19,2020021901008819,NLIC,25,6,234,1193.0,279162.0
2020-02-19,2020021901008818,NLIC,10,6,83,1193.0,99019.0
2020-02-19,2020021901008817,NLIC,10,58,129,1193.0,153897.0
2020-02-19,2020021901008816,NLIC,10,45,22,1193.0,26246.0
2020-02-19,2020021901008815,NLIC,10,4,22,1192.0,26224.0
2020-02-19,2020021901008814,NLIC,10,4,22,1192.0,26224.0
2020-02-19,2020021901009048,NMB,39,4,350,409.0,143150.0
2020-02-19,2020021901009047,NMB,4,4,300,409.0,122700.0
2020-02-19,2020021901009046,NMB,45,4,350,409.0,143150.0
2020-02-19,2020021901008988,NMB,45,44,500,409.0,204500.0
2020-02-19,2020021901008964,NMB,45,41,150,409.0,61350.0
2020-02-19,2020021901008963,NMB,49,41,50,409.0,20450.0
2020-02-19,2020021901008962,NMB,14,41,50,409.0,20450.0
2020-02-19,2020021901008961,NMB,22,41,50,409.0,20450.0
2020-02-19,2020021901008960,NMB,11,41,50,409.0,20450.0
2020-02-19,2020021901008959,NMB,45,41,150,409.0,61350.0
2020-02-19,2020021901008833,NMB,45,41,50,409.0,20450.0
2020-02-19,2020021901009044,NSEWA,5,6,40,830.0,33200.0
2020-02-19,2020021901009043,NSEWA,5,6,10,830.0,8300.0
2020-02-19,2020021901008951,NSEWA,50,5,10,830.0,8300.0
2020-02-19,2020021901008667,OHL,45,45,220,488.0,107360.0
2020-02-19,2020021901008871,PIC,25,25,160,650.0,104000.0
2020-02-19,2020021901008870,PIC,17,25,140,650.0,91000.0
2020-02-19,2020021901008732,PIC,17,38,10,650.0,6500.0
2020-02-19,2020021901008731,PIC,4,38,490,651.0,318990.0
2020-02-19,2020021901008730,PIC,45,38,200,652.0,130400.0
2020-02-19,2020021901008705,PIC,42,42,20,655.0,13100.0
2020-02-19,2020021901008556,PIC,10,42,19,655.0,12445.0
2020-02-19,2020021901008555,PIC,10,25,81,655.0,53055.0
2020-02-19,2020021901008810,PICL,36,58,150,520.0,78000.0
2020-02-19,2020021901008809,PICL,36,34,50,519.0,25950.0
2020-02-19,2020021901008793,PICL,10,34,50,519.0,25950.0
2020-02-19,2020021901008744,PICL,51,34,100,519.0,51900.0
2020-02-19,2020021901008685,PICL,57,16,100,518.0,51800.0
2020-02-19,2020021901008684,PICL,42,16,300,518.0,155400.0
2020-02-19,2020021901008566,PICL,22,34,200,519.0,103800.0
2020-02-19,2020021901008736,PLIC,38,34,100,613.0,61300.0
2020-02-19,2020021901008717,PLIC,38,19,103,613.0,63139.0
2020-02-19,2020021901008811,PPCL,38,1,10,126.0,1260.0
2020-02-19,2020021901008756,PPCL,38,38,10,126.0,1260.0
2020-02-19,2020021901008564,PPCL,38,38,10,126.0,1260.0
2020-02-19,2020021901008588,PRIN,33,39,150,494.0,74100.0
2020-02-19,2020021901008715,PROFL,38,38,100,108.0,10800.0
2020-02-19,2020021901008957,PRVU,58,44,375,251.0,94125.0
2020-02-19,2020021901008682,PRVU,58,10,64,251.0,16064.0
2020-02-19,2020021901008554,PRVU,58,29,48,251.0,12048.0
2020-02-19,2020021901008851,RBCLPO,6,44,21,9368.0,196728.0
2020-02-19,2020021901008850,RBCLPO,11,44,20,9370.0,187400.0
2020-02-19,2020021901008923,RHPC,38,7,100,89.0,8900.0
2020-02-19,2020021901008922,RHPC,7,7,18,89.0,1602.0
2020-02-19,2020021901008921,RHPC,55,7,43,89.0,3827.0
2020-02-19,2020021901008982,RHPL,34,39,10,167.0,1670.0
2020-02-19,2020021901008981,RHPL,22,39,30,167.0,5010.0
2020-02-19,2020021901008849,RHPL,22,41,40,167.0,6680.0
2020-02-19,2020021901008785,RHPL,22,38,40,167.0,6680.0
2020-02-19,2020021901008716,RHPL,22,10,50,167.0,8350.0
2020-02-19,2020021901008973,RLFL,21,19,170,140.0,23800.0
2020-02-19,2020021901008972,RLFL,21,41,182,140.0,25480.0
2020-02-19,2020021901008971,RLFL,21,11,148,140.0,20720.0
2020-02-19,2020021901008969,RSDC,58,43,500,500.0,250000.0
2020-02-19,2020021901008968,RSDC,58,55,50,500.0,25000.0
2020-02-19,2020021901008598,RSDC,34,38,15,500.0,7500.0
2020-02-19,2020021901008611,SABSL,1,22,80,950.0,76000.0
2020-02-19,2020021901008610,SABSL,1,7,10,950.0,9500.0
2020-02-19,2020021901008609,SABSL,1,59,10,949.0,9490.0
2020-02-19,2020021901008734,SADBL,44,4,958,169.0,161902.0
2020-02-19,2020021901008733,SADBL,14,4,42,169.0,7098.0
2020-02-19,2020021901008701,SAEF,43,38,300,9.41,2823.0
2020-02-19,2020021901008927,SANIMA,14,45,10,358.0,3580.0
2020-02-19,2020021901008593,SANIMA,14,10,490,358.0,175420.0
2020-02-19,2020021901008592,SANIMA,26,10,10,358.0,3580.0
2020-02-19,2020021901008803,SCB,33,25,20,648.0,12960.0
2020-02-19,2020021901008798,SCB,33,44,42,648.0,27216.0
2020-02-19,2020021901008830,SDESI,34,1,14,980.0,13720.0
2020-02-19,2020021901008769,SDESI,34,5,24,980.0,23520.0
2020-02-19,2020021901008728,SHINE,39,45,50,300.0,15000.0
2020-02-19,2020021901008720,SHINE,25,45,638,300.0,191400.0
2020-02-19,2020021901008704,SHINE,25,14,362,300.0,108600.0
2020-02-19,2020021901008703,SHINE,25,14,50,300.0,15000.0
2020-02-19,2020021901008702,SHINE,25,14,88,300.0,26400.0
2020-02-19,2020021901009045,SHIVM,17,48,200,624.0,124800.0
2020-02-19,2020021901008987,SHIVM,17,8,500,624.0,312000.0
2020-02-19,2020021901008948,SHIVM,17,39,100,624.0,62400.0
2020-02-19,2020021901008828,SHIVM,50,38,50,624.0,31200.0
2020-02-19,2020021901008827,SHIVM,50,26,50,624.0,31200.0
2020-02-19,2020021901008826,SHIVM,50,26,50,624.0,31200.0
2020-02-19,2020021901009036,SICL,44,14,84,1229.0,103236.0
2020-02-19,2020021901009035,SICL,55,14,100,1229.0,122900.0
2020-02-19,2020021901009034,SICL,44,14,100,1229.0,122900.0
2020-02-19,2020021901009019,SICL,46,58,300,1230.0,369000.0
2020-02-19,2020021901009018,SICL,55,58,300,1230.0,369000.0
2020-02-19,2020021901009017,SICL,55,58,300,1230.0,369000.0
2020-02-19,2020021901008696,SICL,6,44,30,1239.0,37170.0
2020-02-19,2020021901008920,SICL,26,56,12,1236.0,14832.0
2020-02-19,2020021901008897,SICL,26,53,38,1236.0,46968.0
2020-02-19,2020021901008896,SICL,33,53,17,1237.0,21029.0
2020-02-19,2020021901008895,SICL,40,53,35,1237.0,43295.0
2020-02-19,2020021901008714,SICL,40,42,15,1237.0,18555.0
2020-02-19,2020021901008998,SICL,59,58,50,1235.0,61750.0
2020-02-19,2020021901008997,SICL,50,58,71,1235.0,87685.0
2020-02-19,2020021901008996,SICL,34,58,50,1236.0,61800.0
2020-02-19,2020021901008995,SICL,21,58,200,1236.0,247200.0
2020-02-19,2020021901008994,SICL,35,58,200,1236.0,247200.0
2020-02-19,2020021901008993,SICL,26,58,50,1236.0,61800.0
2020-02-19,2020021901009004,SICL,36,58,30,1231.0,36930.0
2020-02-19,2020021901009003,SICL,6,58,50,1232.0,61600.0
2020-02-19,2020021901009002,SICL,52,58,200,1232.0,246400.0
2020-02-19,2020021901009001,SICL,36,58,100,1232.0,123200.0
2020-02-19,2020021901009000,SICL,1,58,26,1232.0,32032.0
2020-02-19,2020021901008999,SICL,14,58,100,1235.0,123500.0
2020-02-19,2020021901009010,SICL,39,58,20,1230.0,24600.0
2020-02-19,2020021901009009,SICL,26,58,50,1230.0,61500.0
2020-02-19,2020021901009008,SICL,26,58,100,1230.0,123000.0
2020-02-19,2020021901009007,SICL,44,58,1000,1231.0,1231000.0
2020-02-19,2020021901009006,SICL,6,58,100,1231.0,123100.0
2020-02-19,2020021901009005,SICL,44,58,200,1231.0,246200.0
2020-02-19,2020021901009016,SICL,59,58,100,1230.0,123000.0
2020-02-19,2020021901009015,SICL,47,58,21,1230.0,25830.0
2020-02-19,2020021901009014,SICL,49,58,10,1230.0,12300.0
2020-02-19,2020021901009013,SICL,32,58,20,1230.0,24600.0
2020-02-19,2020021901009012,SICL,36,58,100,1230.0,123000.0
2020-02-19,2020021901009011,SICL,55,58,100,1230.0,123000.0
2020-02-19,2020021901008908,SIL,44,53,50,586.0,29300.0
2020-02-19,2020021901008794,SIL,44,44,200,586.0,117200.0
2020-02-19,2020021901008860,SINDU,45,46,100,137.0,13700.0
2020-02-19,2020021901009049,SJCL,22,39,20,157.0,3140.0
2020-02-19,2020021901008991,SJCL,14,39,10,157.0,1570.0
2020-02-19,2020021901008967,SJCL,14,55,390,157.0,61230.0
2020-02-19,2020021901008966,SJCL,5,55,110,157.0,17270.0
2020-02-19,2020021901008729,SJCL,5,10,10,157.0,1570.0
2020-02-19,2020021901008859,SJCL,5,41,20,157.0,3140.0
2020-02-19,2020021901008795,SJCL,5,38,20,157.0,3140.0
2020-02-19,2020021901008763,SJCL,5,53,40,157.0,6280.0
2020-02-19,2020021901008737,SJCL,5,53,20,157.0,3140.0
2020-02-19,2020021901009053,SKBBL,57,35,254,1255.0,318770.0
2020-02-19,2020021901008977,SKBBL,57,35,115,1255.0,144325.0
2020-02-19,2020021901008976,SKBBL,57,57,85,1250.0,106250.0
2020-02-19,2020021901008952,SKBBL,57,35,100,1255.0,125500.0
2020-02-19,2020021901008911,SKBBL,57,35,31,1255.0,38905.0
2020-02-19,2020021901008910,SKBBL,57,39,100,1254.0,125400.0
2020-02-19,2020021901008752,SKBBL,59,39,350,1249.0,437150.0
2020-02-19,2020021901008751,SKBBL,59,40,50,1249.0,62450.0
2020-02-19,2020021901008750,SKBBL,59,5,100,1247.0,124700.0
2020-02-19,2020021901008909,SKBBL,57,45,69,1254.0,86526.0
2020-02-19,2020021901008805,SKBBL,35,41,10,1251.0,12510.0
2020-02-19,2020021901008804,SKBBL,35,33,35,1251.0,43785.0
2020-02-19,2020021901008784,SKBBL,59,44,500,1250.0,625000.0
2020-02-19,2020021901008783,SKBBL,59,39,450,1249.0,562050.0
2020-02-19,2020021901008766,SKBBL,59,39,200,1249.0,249800.0
2020-02-19,2020021901008762,SLBBL,45,22,150,990.0,148500.0
2020-02-19,2020021901008599,SLBBL,8,16,100,989.0,98900.0
2020-02-19,2020021901008947,SLICL,22,56,29,492.0,14268.0
2020-02-19,2020021901008946,SLICL,55,56,250,492.0,123000.0
2020-02-19,2020021901008945,SLICL,52,56,50,493.0,24650.0
2020-02-19,2020021901008884,SLICL,48,47,50,494.0,24700.0
2020-02-19,2020021901008594,SLICL,55,19,100,494.0,49400.0
2020-02-19,2020021901008585,SLICL,55,45,100,494.0,49400.0
2020-02-19,2020021901008616,SMATA,43,6,100,855.0,85500.0
2020-02-19,2020021901008861,SMB,50,16,90,1021.0,91890.0
2020-02-19,2020021901008759,SMFBS,47,29,20,1189.0,23780.0
2020-02-19,2020021901008641,SPARS,16,56,10,970.0,9700.0
2020-02-19,2020021901008640,SPARS,16,33,90,970.0,87300.0
2020-02-19,2020021901008639,SPARS,16,32,15,970.0,14550.0
2020-02-19,2020021901008638,SPARS,16,26,50,969.0,48450.0
2020-02-19,2020021901008637,SPARS,16,45,10,969.0,9690.0
2020-02-19,2020021901008636,SPARS,16,39,168,968.0,162624.0
2020-02-19,2020021901008847,SRBL,44,7,80,256.0,20480.0
2020-02-19,2020021901008846,SRBL,44,14,200,256.0,51200.0
2020-02-19,2020021901008845,SRBL,44,7,20,256.0,5120.0
2020-02-19,2020021901008779,SRBL,48,22,375,255.0,95625.0
2020-02-19,2020021901008623,SRBL,48,39,31,255.0,7905.0
2020-02-19,2020021901008985,STC,7,51,51,2770.0,141270.0
2020-02-19,2020021901008956,STC,7,51,149,2770.0,412730.0
2020-02-19,2020021901008955,STC,7,59,39,2769.0,107991.0
2020-02-19,2020021901008954,STC,7,52,66,2768.0,182688.0
2020-02-19,2020021901008953,STC,7,52,66,2767.0,182622.0
2020-02-19,2020021901008725,SWBBL,43,5,50,1349.0,67450.0
2020-02-19,2020021901008724,SWBBL,43,21,50,1349.0,67450.0
2020-02-19,2020021901008723,SWBBL,43,20,20,1349.0,26980.0
2020-02-19,2020021901008675,SWBBL,43,55,10,1338.0,13380.0
2020-02-19,2020021901008670,SWBBL,41,39,100,1335.0,133500.0
2020-02-19,2020021901008899,UFL,44,1,348,182.0,63336.0
2020-02-19,2020021901008898,UFL,44,37,72,182.0,13104.0
2020-02-19,2020021901008654,UIC,38,17,50,440.0,22000.0
2020-02-19,2020021901008653,UIC,13,17,57,440.0,25080.0
2020-02-19,2020021901009033,UPPER,29,39,40,239.0,9560.0
2020-02-19,2020021901008975,UPPER,29,39,40,239.0,9560.0
2020-02-19,2020021901008919,UPPER,29,1,50,239.0,11950.0
2020-02-19,2020021901008806,UPPER,29,46,50,239.0,11950.0
2020-02-19,2020021901008619,UPPER,29,51,293,239.0,70027.0
2020-02-19,2020021901008579,UPPER,29,40,40,239.0,9560.0
2020-02-19,2020021901008801,UPPER,29,38,40,239.0,9560.0
2020-02-19,2020021901008778,UPPER,41,11,825,240.0,198000.0
2020-02-19,2020021901008777,UPPER,41,19,50,240.0,12000.0
2020-02-19,2020021901008776,UPPER,41,48,50,240.0,12000.0
2020-02-19,2020021901008775,UPPER,41,6,40,240.0,9600.0
2020-02-19,2020021901008774,UPPER,41,35,35,240.0,8400.0
2020-02-19,2020021901008965,VLBS,34,7,300,1175.0,352500.0
2020-02-19,2020021901008944,WOMI,56,1,23,1108.0,25484.0
2020-02-19,2020021901008938,WOMI,38,14,50,1119.0,55950.0
2020-02-19,2020021901008928,WOMI,38,53,67,1115.0,74705.0
2020-02-19,2020021901008689,WOMI,25,41,100,1109.0,110900.0
2020-02-19,2020021901008613,WOMI,41,44,100,1110.0,111000.0
2020-02-19,2020021901008612,WOMI,25,44,100,1111.0,111100.0
2020-02-19,2020021901010472,ADBL,29,10,900,395.0,355500.0
2020-02-19,2020021901010401,ADBL,29,49,260,395.0,102700.0
2020-02-19,2020021901010400,ADBL,39,49,290,396.0,114840.0
2020-02-19,2020021901010399,ADBL,39,49,500,396.0,198000.0
2020-02-19,2020021901010398,ADBL,43,49,450,396.0,178200.0
2020-02-19,2020021901010360,ADBL,43,22,50,396.0,19800.0
2020-02-19,2020021901010084,AKJCL,34,20,20,56.0,1120.0
2020-02-19,2020021901010207,AKPL,36,14,13,135.0,1755.0
2020-02-19,2020021901010533,ALBSL,26,14,50,835.0,41750.0
2020-02-19,2020021901010353,ALBSL,14,45,154,837.0,128898.0
2020-02-19,2020021901010352,ALBSL,14,46,10,835.0,8350.0
2020-02-19,2020021901010234,ALBSL,51,14,11,826.0,9086.0
2020-02-19,2020021901010183,ALBSL,19,45,36,837.0,30132.0
2020-02-19,2020021901010059,ALBSL,7,19,11,830.0,9130.0
2020-02-19,2020021901010058,ALBSL,7,48,11,830.0,9130.0
2020-02-19,2020021901010163,ALBSL,19,7,100,832.0,83200.0
2020-02-19,2020021901010086,ALBSL,19,21,14,832.0,11648.0
2020-02-19,2020021901010085,ALBSL,7,21,36,832.0,29952.0
2020-02-19,2020021901010083,ALBSL,7,14,11,832.0,9152.0
2020-02-19,2020021901010061,ALBSL,7,41,11,831.0,9141.0
2020-02-19,2020021901010060,ALBSL,7,38,20,831.0,16620.0
2020-02-19,2020021901010537,ALICL,40,35,100,631.0,63100.0
2020-02-19,2020021901010304,API,34,17,30,136.0,4080.0
2020-02-19,2020021901010129,API,58,44,1000,137.0,137000.0
2020-02-19,2020021901010157,BBC,3,48,10,1800.0,18000.0
2020-02-19,2020021901010361,BNT,7,50,50,7100.0,355000.0
2020-02-19,2020021901010094,BPCL,34,20,33,358.0,11814.0
2020-02-19,2020021901010265,CBBL,59,33,135,1128.0,152280.0
2020-02-19,2020021901010264,CBBL,44,33,100,1129.0,112900.0
2020-02-19,2020021901010263,CBBL,36,33,65,1129.0,73385.0
2020-02-19,2020021901010179,CBBL,36,41,35,1129.0,39515.0
2020-02-19,2020021901010178,CBBL,59,41,64,1129.0,72256.0
2020-02-19,2020021901010164,CBBL,59,40,36,1129.0,40644.0
2020-02-19,2020021901010067,CBL,39,6,97,152.0,14744.0
2020-02-19,2020021901010536,CCBL,49,51,100,186.0,18600.0
2020-02-19,2020021901010202,CCBL,35,43,13,185.0,2405.0
2020-02-19,2020021901010063,CCBL,35,49,107,185.0,19795.0
2020-02-19,2020021901010233,CFCL,45,43,16,148.0,2368.0
2020-02-19,2020021901010144,CMF1,19,20,1000,9.5,9500.0
2020-02-19,2020021901010550,CZBIL,49,51,15,198.0,2970.0
2020-02-19,2020021901010549,CZBIL,49,45,85,198.0,16830.0
2020-02-19,2020021901010505,CZBIL,32,46,10,197.0,1970.0
2020-02-19,2020021901010166,CZBIL,46,50,95,197.0,18715.0
2020-02-19,2020021901010095,DHPL,14,17,10,54.0,540.0
2020-02-19,2020021901010506,EBL,49,43,50,665.0,33250.0
2020-02-19,2020021901010371,EBL,44,56,100,664.0,66400.0
2020-02-19,2020021901010370,EBL,59,56,400,664.0,265600.0
2020-02-19,2020021901010369,EBL,50,56,100,664.0,66400.0
2020-02-19,2020021901010368,EBL,57,56,100,664.0,66400.0
2020-02-19,2020021901010200,EBL,57,22,50,664.0,33200.0
2020-02-19,2020021901010281,EDBL,4,17,602,362.0,217924.0
2020-02-19,2020021901010280,EDBL,47,17,398,363.0,144474.0
2020-02-19,2020021901010255,EDBL,47,17,102,363.0,37026.0
2020-02-19,2020021901010254,EDBL,36,17,60,363.0,21780.0
2020-02-19,2020021901010253,EDBL,42,17,100,364.0,36400.0
2020-02-19,2020021901010148,EIC,35,26,200,444.0,88800.0
2020-02-19,2020021901010381,FMDBL,49,51,60,500.0,30000.0
2020-02-19,2020021901010345,FMDBL,28,51,39,500.0,19500.0
2020-02-19,2020021901010344,FMDBL,28,48,84,500.0,42000.0
2020-02-19,2020021901010343,FMDBL,28,37,149,500.0,74500.0
2020-02-19,2020021901010342,FMDBL,28,45,200,500.0,100000.0
2020-02-19,2020021901010341,FMDBL,28,11,500,500.0,250000.0
2020-02-19,2020021901010101,FMDBL,49,22,100,497.0,49700.0
2020-02-19,2020021901010340,FMDBL,28,11,60,500.0,30000.0
2020-02-19,2020021901010339,FMDBL,28,22,436,499.0,217564.0
2020-02-19,2020021901010338,FMDBL,28,40,400,499.0,199600.0
2020-02-19,2020021901010337,FMDBL,28,6,32,499.0,15968.0
2020-02-19,2020021901010336,FMDBL,28,25,100,498.0,49800.0
2020-02-19,2020021901010169,FMDBL,49,25,400,497.0,198800.0
2020-02-19,2020021901010272,FOWAD,56,45,100,1627.0,162700.0
2020-02-19,2020021901010271,FOWAD,56,41,50,1625.0,81250.0
2020-02-19,2020021901010252,GBBL,4,29,484,246.0,119064.0
2020-02-19,2020021901010251,GBBL,19,29,16,246.0,3936.0
2020-02-19,2020021901010529,GBIME,8,42,10,283.0,2830.0
2020-02-19,2020021901010407,GBIME,39,49,614,284.0,174376.0
2020-02-19,2020021901010406,GBIME,38,49,100,284.0,28400.0
2020-02-19,2020021901010405,GBIME,26,49,200,284.0,56800.0
2020-02-19,2020021901010404,GBIME,17,49,200,284.0,56800.0
2020-02-19,2020021901010403,GBIME,57,49,188,284.0,53392.0
2020-02-19,2020021901010145,GBIME,57,6,12,284.0,3408.0
2020-02-19,2020021901010495,GBLBS,38,57,100,522.0,52200.0
2020-02-19,2020021901010455,GBLBS,35,57,450,522.0,234900.0
2020-02-19,2020021901010454,GBLBS,35,34,50,521.0,26050.0
2020-02-19,2020021901010420,GBLBS,16,34,950,521.0,494950.0
2020-02-19,2020021901010419,GBLBS,16,50,50,521.0,26050.0
2020-02-19,2020021901010236,GBLBS,1,50,100,521.0,52100.0
2020-02-19,2020021901010082,GBLBS,38,38,250,521.0,130250.0
2020-02-19,2020021901010217,GBLBS,1,50,140,521.0,72940.0
2020-02-19,2020021901010198,GBLBS,16,50,10,521.0,5210.0
2020-02-19,2020021901010186,GBLBS,16,34,390,520.0,202800.0
2020-02-19,2020021901010159,GBLBS,39,34,500,520.0,260000.0
2020-02-19,2020021901010141,GBLBS,37,34,110,520.0,57200.0
2020-02-19,2020021901010127,GBLBS,37,40,35,520.0,18200.0
2020-02-19,2020021901010496,GFCL,41,43,30,154.0,4620.0
2020-02-19,2020021901010539,GHL,36,57,30,73.0,2190.0
2020-02-19,2020021901010177,GHL,26,20,30,72.0,2160.0
2020-02-19,2020021901010421,GILB,46,36,100,1440.0,144000.0
2020-02-19,2020021901010365,GILB,50,36,200,1440.0,288000.0
2020-02-19,2020021901010261,GILB,16,42,100,1435.0,143500.0
2020-02-19,2020021901010435,GLICL,55,56,55,810.0,44550.0
2020-02-19,2020021901010434,GLICL,55,16,145,810.0,117450.0
2020-02-19,2020021901010409,GLICL,42,16,55,810.0,44550.0
2020-02-19,2020021901010395,GLICL,42,38,15,810.0,12150.0
2020-02-19,2020021901010211,GLICL,17,56,50,814.0,40700.0
2020-02-19,2020021901010520,GMFBS,34,49,10,1000.0,10000.0
2020-02-19,2020021901010165,GMFBS,7,5,10,990.0,9900.0
2020-02-19,2020021901010143,GMFBS,34,1,70,1000.0,70000.0
2020-02-19,2020021901010142,GMFBS,43,1,20,1001.0,20020.0
2020-02-19,2020021901010175,GMFIL,1,37,10,130.0,1300.0
2020-02-19,2020021901010174,GMFIL,1,6,10,130.0,1300.0
2020-02-19,2020021901010068,HBL,14,21,50,577.0,28850.0
2020-02-19,2020021901010546,HDL,25,35,50,1460.0,73000.0
2020-02-19,2020021901010545,HDL,25,34,300,1460.0,438000.0
2020-02-19,2020021901010544,HDL,25,35,30,1460.0,43800.0
2020-02-19,2020021901010543,HDL,25,33,500,1460.0,730000.0
2020-02-19,2020021901010542,HDL,25,16,10,1460.0,14600.0
2020-02-19,2020021901010535,HDL,16,28,300,1459.0,437700.0
2020-02-19,2020021901010350,HDL,56,28,165,1447.0,238755.0
2020-02-19,2020021901010349,HDL,56,48,50,1446.0,72300.0
2020-02-19,2020021901010289,HDL,58,53,90,1445.0,130050.0
2020-02-19,2020021901010250,HDL,17,53,10,1445.0,14450.0
2020-02-19,2020021901010167,HDL,29,48,50,1446.0,72300.0
2020-02-19,2020021901010414,HDL,28,44,100,1448.0,144800.0
2020-02-19,2020021901010413,HDL,28,34,200,1448.0,289600.0
2020-02-19,2020021901010397,HDL,28,39,315,1447.0,455805.0
2020-02-19,2020021901010392,HDL,28,39,185,1447.0,267695.0
2020-02-19,2020021901010391,HDL,28,54,115,1447.0,166405.0
2020-02-19,2020021901010351,HDL,56,54,85,1447.0,122995.0
2020-02-19,2020021901010437,HDL,28,44,490,1450.0,710500.0
2020-02-19,2020021901010436,HDL,28,16,10,1450.0,14500.0
2020-02-19,2020021901010418,HDL,28,42,300,1449.0,434700.0
2020-02-19,2020021901010417,HDL,28,38,40,1449.0,57960.0
2020-02-19,2020021901010416,HDL,28,57,35,1448.0,50680.0
2020-02-19,2020021901010415,HDL,28,54,200,1448.0,289600.0
2020-02-19,2020021901010443,HDL,58,6,100,1450.0,145000.0
2020-02-19,2020021901010442,HDL,58,59,50,1450.0,72500.0
2020-02-19,2020021901010441,HDL,58,6,25,1450.0,36250.0
2020-02-19,2020021901010440,HDL,58,32,100,1450.0,145000.0
2020-02-19,2020021901010439,HDL,58,34,50,1450.0,72500.0
2020-02-19,2020021901010438,HDL,58,44,10,1450.0,14500.0
2020-02-19,2020021901010449,HDL,58,51,50,1450.0,72500.0
2020-02-19,2020021901010448,HDL,58,16,10,1450.0,14500.0
2020-02-19,2020021901010447,HDL,58,8,200,1450.0,290000.0
2020-02-19,2020021901010446,HDL,58,40,50,1450.0,72500.0
2020-02-19,2020021901010445,HDL,58,6,15,1450.0,21750.0
2020-02-19,2020021901010444,HDL,58,41,20,1450.0,29000.0
2020-02-19,2020021901010483,HDL,58,41,490,1450.0,710500.0
2020-02-19,2020021901010482,HDL,28,41,510,1450.0,739500.0
2020-02-19,2020021901010481,HDL,28,56,100,1450.0,145000.0
2020-02-19,2020021901010480,HDL,28,43,80,1450.0,116000.0
2020-02-19,2020021901010451,HDL,58,43,120,1450.0,174000.0
2020-02-19,2020021901010450,HDL,58,43,200,1450.0,290000.0
2020-02-19,2020021901010501,HDL,58,33,500,1455.0,727500.0
2020-02-19,2020021901010500,HDL,58,47,25,1455.0,36375.0
2020-02-19,2020021901010499,HDL,58,42,100,1452.0,145200.0
2020-02-19,2020021901010498,HDL,58,50,100,1452.0,145200.0
2020-02-19,2020021901010497,HDL,58,19,200,1451.0,290200.0
2020-02-19,2020021901010484,HDL,58,46,10,1450.0,14500.0
2020-02-19,2020021901010516,HDL,28,38,200,1455.0,291000.0
2020-02-19,2020021901010510,HDL,53,43,45,1455.0,65475.0
2020-02-19,2020021901010509,HDL,53,49,10,1455.0,14550.0
2020-02-19,2020021901010508,HDL,53,6,20,1455.0,29100.0
2020-02-19,2020021901010507,HDL,53,25,25,1455.0,36375.0
2020-02-19,2020021901010502,HDL,58,25,75,1455.0,109125.0
2020-02-19,2020021901010534,HDL,16,25,200,1458.0,291600.0
2020-02-19,2020021901010528,HDL,28,32,20,1458.0,29160.0
2020-02-19,2020021901010527,HDL,28,47,50,1457.0,72850.0
2020-02-19,2020021901010526,HDL,28,32,57,1456.0,82992.0
2020-02-19,2020021901010518,HDL,28,45,100,1455.0,145500.0
2020-02-19,2020021901010517,HDL,28,43,155,1455.0,225525.0
2020-02-19,2020021901010188,HPPL,39,20,10,153.0,1530.0
2020-02-19,2020021901010199,IGI,28,20,105,477.0,50085.0
2020-02-19,2020021901010256,ILBS,55,46,10,932.0,9320.0
2020-02-19,2020021901010087,ILBS,58,45,100,932.0,93200.0
2020-02-19,2020021901010380,JBBL,32,16,507,192.0,97344.0
2020-02-19,2020021901010379,JBBL,32,38,493,192.0,94656.0
2020-02-19,2020021901010226,JOSHI,49,20,20,61.0,1220.0
2020-02-19,2020021901010185,JSLBB,48,45,29,1866.0,54114.0
2020-02-19,2020021901010184,JSLBB,48,57,31,1865.0,57815.0
2020-02-19,2020021901010080,JSLBB,45,57,10,1865.0,18650.0
2020-02-19,2020021901010538,KBL,53,34,628,196.0,123088.0
2020-02-19,2020021901010519,KBL,6,34,50,196.0,9800.0
2020-02-19,2020021901010064,KBL,53,18,195,196.0,38220.0
2020-02-19,2020021901010522,KPCL,59,46,10,104.0,1040.0
2020-02-19,2020021901010363,KPCL,59,46,10,104.0,1040.0
2020-02-19,2020021901010313,KPCL,59,20,10,104.0,1040.0
2020-02-19,2020021901010290,KSBBL,29,42,481,171.0,82251.0
2020-02-19,2020021901010270,LBBL,6,46,500,195.0,97500.0
2020-02-19,2020021901010269,LBBL,11,46,300,195.0,58500.0
2020-02-19,2020021901010268,LBBL,44,46,100,195.0,19500.0
2020-02-19,2020021901010267,LBBL,43,46,50,195.0,9750.0
2020-02-19,2020021901010266,LBBL,36,46,115,195.0,22425.0
2020-02-19,2020021901010460,LBL,32,46,14,229.0,3206.0
2020-02-19,2020021901010390,LBL,22,43,351,230.0,80730.0
2020-02-19,2020021901010389,LBL,22,48,149,230.0,34270.0
2020-02-19,2020021901010358,LBL,40,48,100,230.0,23000.0
2020-02-19,2020021901010099,LGIL,41,25,10,527.0,5270.0
2020-02-19,2020021901010373,LICN,28,36,250,1375.0,343750.0
2020-02-19,2020021901010372,LICN,44,36,500,1376.0,688000.0
2020-02-19,2020021901010283,LLBS,47,22,48,1212.0,58176.0
2020-02-19,2020021901010282,LLBS,47,6,40,1212.0,48480.0
2020-02-19,2020021901010081,LLBS,16,21,148,1205.0,178340.0
2020-02-19,2020021901010364,MDB,4,35,423,366.0,154818.0
2020-02-19,2020021901010357,MDB,4,49,500,365.0,182500.0
2020-02-19,2020021901010356,MDB,4,3,500,364.0,182000.0
2020-02-19,2020021901010355,MDB,4,49,500,363.0,181500.0
2020-02-19,2020021901010354,MDB,4,17,66,363.0,23958.0
2020-02-19,2020021901010213,MDB,33,17,30,363.0,10890.0
2020-02-19,2020021901010056,MEGA,5,45,70,212.0,14840.0
2020-02-19,2020021901010055,MEGA,5,25,30,212.0,6360.0
2020-02-19,2020021901010191,MERO,22,6,16,685.0,10960.0
2020-02-19,2020021901010128,MERO,56,45,56,684.0,38304.0
2020-02-19,2020021901010334,MHNL,35,20,30,94.0,2820.0
2020-02-19,2020021901010147,MHNL,35,22,30,94.0,2820.0
2020-02-19,2020021901010090,MHNL,35,22,40,94.0,3760.0
2020-02-19,2020021901010062,MHNL,35,22,40,94.0,3760.0
2020-02-19,2020021901010378,MNBBL,11,57,25,330.0,8250.0
2020-02-19,2020021901010346,MNBBL,14,25,136,330.0,44880.0
2020-02-19,2020021901010232,MNBBL,14,43,94,330.0,31020.0
2020-02-19,2020021901010231,MNBBL,42,43,406,330.0,133980.0
2020-02-19,2020021901010212,MNBBL,42,50,12,330.0,3960.0
2020-02-19,2020021901010319,MPFL,51,58,402,123.0,49446.0
2020-02-19,2020021901010318,MPFL,51,59,98,123.0,12054.0
2020-02-19,2020021901010187,MSMBS,14,45,100,836.0,83600.0
2020-02-19,2020021901010525,NABIL,49,1,50,751.0,37550.0
2020-02-19,2020021901010214,NABIL,35,22,50,749.0,37450.0
2020-02-19,2020021901010348,NBB,32,22,100,211.0,21100.0
2020-02-19,2020021901010384,NBL,44,34,1755,270.0,473850.0
2020-02-19,2020021901010383,NBL,37,34,500,270.0,135000.0
2020-02-19,2020021901010382,NBL,39,34,745,270.0,201150.0
2020-02-19,2020021901010362,NBL,39,20,50,270.0,13500.0
2020-02-19,2020021901010225,NBL,39,46,205,270.0,55350.0
2020-02-19,2020021901010224,NBL,45,46,150,270.0,40500.0
2020-02-19,2020021901010223,NBL,8,46,800,270.0,216000.0
2020-02-19,2020021901010222,NBL,40,46,200,270.0,54000.0
2020-02-19,2020021901010221,NBL,46,46,400,270.0,108000.0
2020-02-19,2020021901010220,NBL,45,46,80,270.0,21600.0
2020-02-19,2020021901010219,NBL,25,46,165,270.0,44550.0
2020-02-19,2020021901010459,NCCB,6,36,1111,195.0,216645.0
2020-02-19,2020021901010458,NCCB,6,45,398,195.0,77610.0
2020-02-19,2020021901010457,NCCB,6,34,599,195.0,116805.0
2020-02-19,2020021901010456,NCCB,6,14,272,195.0,53040.0
2020-02-19,2020021901010504,NFS,22,22,272,132.0,35904.0
2020-02-19,2020021901010492,NHDL,33,46,100,139.0,13900.0
2020-02-19,2020021901010491,NHDL,33,21,10,138.0,1380.0
2020-02-19,2020021901010490,NHDL,33,21,10,138.0,1380.0
2020-02-19,2020021901010323,NIB,1,22,50,386.0,19300.0
2020-02-19,2020021901010069,NIB,49,49,44,386.0,16984.0
2020-02-19,2020021901010242,NIBPO,7,35,113,340.0,38420.0
2020-02-19,2020021901010241,NIBPO,7,45,300,340.0,102000.0
2020-02-19,2020021901010240,NIBPO,7,4,1000,340.0,340000.0
2020-02-19,2020021901010239,NIBPO,7,4,87,339.0,29493.0
2020-02-19,2020021901010057,NIBSF1,22,22,6956,9.66,67194.96
2020-02-19,2020021901010551,NICA,50,57,500,546.0,273000.0
2020-02-19,2020021901010475,NICA,49,34,50,547.0,27350.0
2020-02-19,2020021901010471,NICA,28,34,10,547.0,5470.0
2020-02-19,2020021901010294,NICA,47,47,2,545.0,1090.0
2020-02-19,2020021901010229,NICA,14,8,800,546.0,436800.0
2020-02-19,2020021901010160,NICA,49,8,200,546.0,109200.0
2020-02-19,2020021901010386,NICGF,6,20,1000,9.51,9510.0
2020-02-19,2020021901010393,NICL,37,46,300,463.0,138900.0
2020-02-19,2020021901010206,NICL,45,46,100,463.0,46300.0
2020-02-19,2020021901010205,NICL,29,46,1000,463.0,463000.0
2020-02-19,2020021901010204,NICL,57,46,600,463.0,277800.0
2020-02-19,2020021901010322,NIL,16,42,100,606.0,60600.0
2020-02-19,2020021901010098,NIL,16,34,100,606.0,60600.0
2020-02-19,2020021901010097,NIL,26,34,100,606.0,60600.0
2020-02-19,2020021901010295,NLBBL,25,45,60,854.0,51240.0
2020-02-19,2020021901010276,NLBBL,34,45,58,856.0,49648.0
2020-02-19,2020021901010396,NLG,49,10,56,713.0,39928.0
2020-02-19,2020021901010139,NLG,34,45,156,714.0,111384.0
2020-02-19,2020021901010493,NLIC,6,39,61,1190.0,72590.0
2020-02-19,2020021901010479,NLIC,50,35,13,1189.0,15457.0
2020-02-19,2020021901010478,NLIC,29,35,100,1189.0,118900.0
2020-02-19,2020021901010477,NLIC,45,35,35,1189.0,41615.0
2020-02-19,2020021901010476,NLIC,58,35,23,1189.0,27347.0
2020-02-19,2020021901010424,NLIC,57,39,10,1190.0,11900.0
2020-02-19,2020021901010306,NLIC,41,39,175,1190.0,208250.0
2020-02-19,2020021901010181,NLIC,41,14,125,1190.0,148750.0
2020-02-19,2020021901010180,NLIC,41,14,75,1190.0,89250.0
2020-02-19,2020021901010333,NLIC,34,39,50,1190.0,59500.0
2020-02-19,2020021901010311,NLIC,35,39,100,1190.0,119000.0
2020-02-19,2020021901010310,NLIC,40,39,92,1190.0,109480.0
2020-02-19,2020021901010309,NLIC,39,39,80,1190.0,95200.0
2020-02-19,2020021901010308,NLIC,14,39,50,1190.0,59500.0
2020-02-19,2020021901010307,NLIC,36,39,20,1190.0,23800.0
2020-02-19,2020021901010553,NLICL,14,55,100,697.0,69700.0
2020-02-19,2020021901010530,NLICL,14,57,50,696.0,34800.0
2020-02-19,2020021901010494,NLICL,14,6,100,695.0,69500.0
2020-02-19,2020021901010193,NLICL,37,6,100,695.0,69500.0
2020-02-19,2020021901010548,NMB,42,49,237,409.0,96933.0
2020-02-19,2020021901010547,NMB,42,42,13,409.0,5317.0
2020-02-19,2020021901010532,NMB,25,49,629,408.0,256632.0
2020-02-19,2020021901010531,NMB,44,49,951,408.0,388008.0
2020-02-19,2020021901010512,NMB,42,42,50,409.0,20450.0
2020-02-19,2020021901010411,NMB,44,20,12,408.0,4896.0
2020-02-19,2020021901010278,NMB,40,43,17,408.0,6936.0
2020-02-19,2020021901010158,NMB,39,33,500,409.0,204500.0
2020-02-19,2020021901010149,NMB,49,4,100,409.0,40900.0
2020-02-19,2020021901010387,NMB,28,42,887,409.0,362783.0
2020-02-19,2020021901010335,NMB,47,47,2,408.0,816.0
2020-02-19,2020021901010321,NMB,28,57,113,409.0,46217.0
2020-02-19,2020021901010320,NMB,28,58,1000,409.0,409000.0
2020-02-19,2020021901010298,NMB,44,22,37,408.0,15096.0
2020-02-19,2020021901010297,NMB,40,22,13,408.0,5304.0
2020-02-19,2020021901010474,NSEWA,10,40,20,825.0,16500.0
2020-02-19,2020021901010473,NSEWA,5,40,50,826.0,41300.0
2020-02-19,2020021901010170,NTC,59,11,10,620.0,6200.0
2020-02-19,2020021901010075,NTC,29,7,100,618.0,61800.0
2020-02-19,2020021901010074,NTC,43,7,100,618.0,61800.0
2020-02-19,2020021901010073,NTC,46,7,500,618.0,309000.0
2020-02-19,2020021901010072,NTC,48,7,100,618.0,61800.0
2020-02-19,2020021901010071,NTC,49,7,50,618.0,30900.0
2020-02-19,2020021901010195,PCBL,10,14,52,287.0,14924.0
2020-02-19,2020021901010453,PFL,14,20,39,159.0,6201.0
2020-02-19,2020021901010247,PFL,14,14,500,159.0,79500.0
2020-02-19,2020021901010541,PIC,48,22,51,649.0,33099.0
2020-02-19,2020021901010540,PIC,48,25,20,648.0,12960.0
2020-02-19,2020021901010488,PIC,14,25,30,648.0,19440.0
2020-02-19,2020021901010376,PIC,4,45,40,647.0,25880.0
2020-02-19,2020021901010367,PIC,4,25,200,647.0,129400.0
2020-02-19,2020021901010359,PIC,4,45,740,647.0,478780.0
2020-02-19,2020021901010257,PIC,19,29,30,647.0,19410.0
2020-02-19,2020021901010248,PIC,19,35,20,647.0,12940.0
2020-02-19,2020021901010228,PLIC,45,6,56,610.0,34160.0
2020-02-19,2020021901010227,PLIC,33,6,44,611.0,26884.0
2020-02-19,2020021901010176,PLIC,33,40,56,611.0,34216.0
2020-02-19,2020021901010511,PPCL,41,20,20,127.0,2540.0
2020-02-19,2020021901010469,PPCL,41,26,30,127.0,3810.0
2020-02-19,2020021901010422,PRVU,58,10,286,250.0,71500.0
2020-02-19,2020021901010366,PRVU,39,26,253,251.0,63503.0
2020-02-19,2020021901010302,PRVU,39,45,40,251.0,10040.0
2020-02-19,2020021901010301,PRVU,39,51,120,251.0,30120.0
2020-02-19,2020021901010300,PRVU,39,34,87,251.0,21837.0
2020-02-19,2020021901010138,PRVU,37,34,500,251.0,125500.0
2020-02-19,2020021901010070,PRVU,39,34,500,251.0,125500.0
2020-02-19,2020021901010305,RBCLPO,20,19,10,9366.0,93660.0
2020-02-19,2020021901010190,RHPC,34,17,18,88.0,1584.0
2020-02-19,2020021901010288,RHPL,34,17,20,167.0,3340.0
2020-02-19,2020021901010273,RHPL,34,46,20,167.0,3340.0
2020-02-19,2020021901010197,RHPL,34,14,20,167.0,3340.0
2020-02-19,2020021901010196,RHPL,34,46,20,167.0,3340.0
2020-02-19,2020021901010317,RLFL,26,43,629,138.0,86802.0
2020-02-19,2020021901010316,RLFL,47,43,100,139.0,13900.0
2020-02-19,2020021901010315,RLFL,38,43,100,139.0,13900.0
2020-02-19,2020021901010314,RLFL,4,43,71,139.0,9869.0
2020-02-19,2020021901010515,RMDC,25,45,61,766.0,46726.0
2020-02-19,2020021901010514,RMDC,25,45,28,768.0,21504.0
2020-02-19,2020021901010513,RMDC,51,45,11,773.0,8503.0
2020-02-19,2020021901010274,RMDC,51,1,39,773.0,30147.0
2020-02-19,2020021901010410,RRHP,45,46,10,102.0,1020.0
2020-02-19,2020021901010077,RRHP,45,17,10,102.0,1020.0
2020-02-19,2020021901010452,RSDC,22,17,150,504.0,75600.0
2020-02-19,2020021901010431,RSDC,22,58,48,503.0,24144.0
2020-02-19,2020021901010237,RSDC,54,58,42,503.0,21126.0
2020-02-19,2020021901010230,RSDC,54,22,50,503.0,25150.0
2020-02-19,2020021901010218,RSDC,54,58,90,503.0,45270.0
2020-02-19,2020021901010182,RSDC,54,34,50,503.0,25150.0
2020-02-19,2020021901010131,RSDC,54,17,63,500.0,31500.0
2020-02-19,2020021901010130,RSDC,54,42,40,500.0,20000.0
2020-02-19,2020021901010137,RSDC,54,42,200,503.0,100600.0
2020-02-19,2020021901010136,RSDC,54,39,50,503.0,25150.0
2020-02-19,2020021901010135,RSDC,54,50,90,503.0,45270.0
2020-02-19,2020021901010134,RSDC,54,41,162,502.0,81324.0
2020-02-19,2020021901010133,RSDC,54,58,63,502.0,31626.0
2020-02-19,2020021901010132,RSDC,54,22,100,500.0,50000.0
2020-02-19,2020021901010189,SABSL,26,14,10,935.0,9350.0
2020-02-19,2020021901010065,SABSL,6,46,10,934.0,9340.0
2020-02-19,2020021901010161,SANIMA,33,45,204,358.0,73032.0
2020-02-19,2020021901010093,SANIMA,49,45,55,357.0,19635.0
2020-02-19,2020021901010312,SAPDBL,52,46,50,146.0,7300.0
2020-02-19,2020021901010489,SBI,49,39,50,428.0,21400.0
2020-02-19,2020021901010487,SBI,44,4,71,426.0,30246.0
2020-02-19,2020021901010486,SBI,19,4,29,426.0,12354.0
2020-02-19,2020021901010249,SBI,19,22,50,426.0,21300.0
2020-02-19,2020021901010201,SBI,19,44,21,426.0,8946.0
2020-02-19,2020021901010287,SBL,28,45,1464,323.0,472872.0
2020-02-19,2020021901010286,SBL,28,6,677,323.0,218671.0
2020-02-19,2020021901010279,SBL,4,14,300,322.0,96600.0
2020-02-19,2020021901010552,SCB,49,1,26,651.0,16926.0
2020-02-19,2020021901010260,SCB,33,22,50,648.0,32400.0
2020-02-19,2020021901010092,SCB,33,14,20,648.0,12960.0
2020-02-19,2020021901010470,SDESI,47,47,1,947.0,947.0
2020-02-19,2020021901010432,SDESI,47,47,1,947.0,947.0
2020-02-19,2020021901010408,SDESI,47,47,1,947.0,947.0
2020-02-19,2020021901010299,SHINE,8,50,77,297.0,22869.0
2020-02-19,2020021901010485,SHIVM,56,8,10,635.0,6350.0
2020-02-19,2020021901010468,SHIVM,56,40,50,634.0,31700.0
2020-02-19,2020021901010467,SHIVM,56,58,1000,634.0,634000.0
2020-02-19,2020021901010466,SHIVM,56,1,150,634.0,95100.0
2020-02-19,2020021901010465,SHIVM,56,44,100,634.0,63400.0
2020-02-19,2020021901010464,SHIVM,56,58,500,634.0,317000.0
2020-02-19,2020021901010103,SHIVM,45,49,790,629.0,496910.0
2020-02-19,2020021901010102,SHIVM,45,14,500,628.0,314000.0
2020-02-19,2020021901010089,SHIVM,49,14,490,627.0,307230.0
2020-02-19,2020021901010088,SHIVM,49,14,10,627.0,6270.0
2020-02-19,2020021901010109,SHIVM,45,42,100,630.0,63000.0
2020-02-19,2020021901010108,SHIVM,45,26,130,630.0,81900.0
2020-02-19,2020021901010107,SHIVM,45,58,1100,630.0,693000.0
2020-02-19,2020021901010106,SHIVM,45,42,1600,629.0,1006400.0
2020-02-19,2020021901010105,SHIVM,45,6,50,629.0,31450.0
2020-02-19,2020021901010104,SHIVM,45,58,1000,629.0,629000.0
2020-02-19,2020021901010115,SHIVM,45,52,10,630.0,6300.0
2020-02-19,2020021901010114,SHIVM,45,19,100,630.0,63000.0
2020-02-19,2020021901010113,SHIVM,45,5,40,630.0,25200.0
2020-02-19,2020021901010112,SHIVM,45,22,100,630.0,63000.0
2020-02-19,2020021901010111,SHIVM,45,26,100,630.0,63000.0
2020-02-19,2020021901010110,SHIVM,45,29,50,630.0,31500.0
2020-02-19,2020021901010121,SHIVM,45,20,200,630.0,126000.0
2020-02-19,2020021901010120,SHIVM,45,52,50,630.0,31500.0
2020-02-19,2020021901010119,SHIVM,45,56,100,630.0,63000.0
2020-02-19,2020021901010118,SHIVM,45,57,50,630.0,31500.0
2020-02-19,2020021901010117,SHIVM,45,59,400,630.0,252000.0
2020-02-19,2020021901010116,SHIVM,45,34,50,630.0,31500.0
2020-02-19,2020021901010152,SHIVM,45,36,50,630.0,31500.0
2020-02-19,2020021901010151,SHIVM,45,19,80,630.0,50400.0
2020-02-19,2020021901010150,SHIVM,45,35,870,630.0,548100.0
2020-02-19,2020021901010124,SHIVM,45,35,130,630.0,81900.0
2020-02-19,2020021901010123,SHIVM,45,50,100,630.0,63000.0
2020-02-19,2020021901010122,SHIVM,45,19,250,630.0,157500.0
2020-02-19,2020021901010208,SHIVM,45,6,500,631.0,315500.0
2020-02-19,2020021901010192,SHIVM,48,19,200,630.0,126000.0
2020-02-19,2020021901010156,SHIVM,45,41,50,630.0,31500.0
2020-02-19,2020021901010155,SHIVM,45,11,100,630.0,63000.0
2020-02-19,2020021901010154,SHIVM,45,11,50,630.0,31500.0
2020-02-19,2020021901010153,SHIVM,45,35,150,630.0,94500.0
2020-02-19,2020021901010245,SHIVM,48,38,100,632.0,63200.0
2020-02-19,2020021901010244,SHIVM,48,42,50,632.0,31600.0
2020-02-19,2020021901010243,SHIVM,48,58,500,632.0,316000.0
2020-02-19,2020021901010235,SHIVM,40,8,500,632.0,316000.0
2020-02-19,2020021901010210,SHIVM,45,58,500,631.0,315500.0
2020-02-19,2020021901010209,SHIVM,45,52,100,631.0,63100.0
2020-02-19,2020021901010324,SHIVM,45,56,400,633.0,253200.0
2020-02-19,2020021901010292,SHIVM,25,56,100,633.0,63300.0
2020-02-19,2020021901010277,SHIVM,40,59,200,632.0,126400.0
2020-02-19,2020021901010258,SHIVM,58,58,550,632.0,347600.0
2020-02-19,2020021901010246,SHIVM,48,58,450,632.0,284400.0
2020-02-19,2020021901010375,SHIVM,40,16,100,634.0,63400.0
2020-02-19,2020021901010374,SHIVM,40,44,200,634.0,126800.0
2020-02-19,2020021901010332,SHIVM,57,50,500,633.0,316500.0
2020-02-19,2020021901010327,SHIVM,45,48,500,633.0,316500.0
2020-02-19,2020021901010326,SHIVM,45,38,50,633.0,31650.0
2020-02-19,2020021901010325,SHIVM,45,41,50,633.0,31650.0
2020-02-19,2020021901010463,SHIVM,56,16,50,634.0,31700.0
2020-02-19,2020021901010462,SHIVM,56,58,400,633.0,253200.0
2020-02-19,2020021901010423,SHIVM,29,58,100,633.0,63300.0
2020-02-19,2020021901010402,SHIVM,25,16,50,634.0,31700.0
2020-02-19,2020021901010394,SHIVM,6,54,100,633.0,63300.0
2020-02-19,2020021901010388,SHIVM,45,57,30,631.0,18930.0
2020-02-19,2020021901010523,SHL,14,59,100,194.0,19400.0
2020-02-19,2020021901010503,SICL,41,45,100,1225.0,122500.0
2020-02-19,2020021901010430,SICL,41,14,164,1225.0,200900.0
2020-02-19,2020021901010429,SICL,21,14,100,1225.0,122500.0
2020-02-19,2020021901010428,SICL,36,14,131,1225.0,160475.0
2020-02-19,2020021901010427,SICL,36,44,265,1225.0,324625.0
2020-02-19,2020021901010426,SICL,46,44,30,1225.0,36750.0
2020-02-19,2020021901010168,SICL,45,10,59,1226.0,72334.0
2020-02-19,2020021901010076,SICL,36,42,104,1225.0,127400.0
2020-02-19,2020021901010425,SICL,43,44,25,1225.0,30625.0
2020-02-19,2020021901010385,SICL,1,44,115,1226.0,140990.0
2020-02-19,2020021901010285,SICL,1,22,10,1226.0,12260.0
2020-02-19,2020021901010284,SICL,20,22,40,1227.0,49080.0
2020-02-19,2020021901010259,SICL,1,39,75,1226.0,91950.0
2020-02-19,2020021901010238,SICL,45,39,41,1226.0,50266.0
2020-02-19,2020021901010066,SIL,44,47,345,585.0,201825.0
2020-02-19,2020021901010216,SINDU,45,34,803,136.0,109208.0
2020-02-19,2020021901010215,SINDU,45,34,167,136.0,22712.0
2020-02-19,2020021901010461,SJCL,41,34,20,156.0,3120.0
2020-02-19,2020021901010412,SJCL,41,34,20,156.0,3120.0
2020-02-19,2020021901010203,SJCL,41,46,20,156.0,3120.0
2020-02-19,2020021901010194,SJCL,32,34,10,156.0,1560.0
2020-02-19,2020021901010172,SJCL,32,34,10,156.0,1560.0
2020-02-19,2020021901010146,SJCL,32,34,10,156.0,1560.0
2020-02-19,2020021901010091,SJCL,32,34,10,156.0,1560.0
2020-02-19,2020021901010079,SJCL,32,46,20,156.0,3120.0
2020-02-19,2020021901010078,SJCL,32,47,20,156.0,3120.0
2020-02-19,2020021901010521,SKBBL,59,38,100,1254.0,125400.0
2020-02-19,2020021901010331,SKBBL,57,43,1000,1245.0,1245000.0
2020-02-19,2020021901010330,SKBBL,43,43,1500,1246.0,1869000.0
2020-02-19,2020021901010329,SKBBL,25,43,300,1247.0,374100.0
2020-02-19,2020021901010328,SKBBL,51,43,200,1248.0,249600.0
2020-02-19,2020021901010262,SKBBL,59,49,377,1250.0,471250.0
2020-02-19,2020021901010171,SKBBL,41,49,300,1250.0,375000.0
2020-02-19,2020021901010126,SKBBL,49,49,300,1250.0,375000.0
2020-02-19,2020021901010100,SLBBL,57,5,10,980.0,9800.0
2020-02-19,2020021901010293,SLBSL,43,57,10,1023.0,10230.0
2020-02-19,2020021901010173,SLBSL,43,42,10,1023.0,10230.0
2020-02-19,2020021901010125,SLBSL,43,14,10,1023.0,10230.0
2020-02-19,2020021901010096,SLICL,26,46,10,494.0,4940.0
2020-02-19,2020021901010054,SPARS,38,45,45,960.0,43200.0
2020-02-19,2020021901010524,SPDL,38,40,15,101.0,1515.0
2020-02-19,2020021901010162,SPDL,38,17,15,101.0,1515.0
2020-02-19,2020021901010433,SRBL,20,46,25,256.0,6400.0
2020-02-19,2020021901010347,SRBL,20,50,32,256.0,8192.0
2020-02-19,2020021901010303,SRBL,20,26,150,256.0,38400.0
2020-02-19,2020021901010296,SRBL,20,6,107,256.0,27392.0
2020-02-19,2020021901010275,SRBL,20,10,172,256.0,44032.0
2020-02-19,2020021901010377,TRH,45,6,500,303.0,151500.0
2020-02-19,2020021901010140,UPPER,29,47,50,239.0,11950.0
2020-02-19,2020021901010291,VLBS,34,10,26,1157.0,30082.0
