date,transaction_no,symbol,buyer,seller,quantity,rate,amount
2018-06-25,201806256251377,ADBL,35,28,54,313.0,16902.0
2018-06-25,201806256251376,ADBL,35,13,111,312.0,34632.0
2018-06-25,201806256251323,ADBL,49,42,11,311.0,3421.0
2018-06-25,201806256251251,ADBL,49,47,100,311.0,31100.0
2018-06-25,201806256251188,ADBL,50,13,89,312.0,27768.0
2018-06-25,201806256251176,AKPL,50,53,70,274.0,19180.0
2018-06-25,201806256251175,AKPL,8,53,50,274.0,13700.0
2018-06-25,201806256251162,AKPL,41,53,100,270.0,27000.0
2018-06-25,201806256251159,AKPL,29,53,77,275.0,21175.0
2018-06-25,201806256251158,AKPL,25,53,11,280.0,3080.0
2018-06-25,201806256251101,AKPL,29,41,223,275.0,61325.0
2018-06-25,201806256251100,AKPL,47,41,100,277.0,27700.0
2018-06-25,201806256251099,AKPL,40,41,90,277.0,24930.0
2018-06-25,201806256251098,AKPL,40,41,87,278.0,24186.0
2018-06-25,201806256251043,AKPL,34,34,10,279.0,2790.0
2018-06-25,201806256251095,ALICL,45,57,21,666.0,13986.0
2018-06-25,201806256251094,ALICL,18,57,30,670.0,20100.0
2018-06-25,201806256251011,ALICL,18,38,70,670.0,46900.0
2018-06-25,201806256251010,ALICL,22,38,100,670.0,67000.0
2018-06-25,201806256251009,ALICL,42,38,80,670.0,53600.0
2018-06-25,201806256251077,API,28,25,100,297.0,29700.0
2018-06-25,201806256250974,BARUN,35,39,50,147.0,7350.0
2018-06-25,201806256250925,BARUN,43,58,110,145.0,15950.0
2018-06-25,201806256250921,BHBL,34,21,1000,127.0,127000.0
2018-06-25,201806256251389,BOKL,40,17,500,261.0,130500.0
2018-06-25,201806256251080,BOKL,7,17,100,262.0,26200.0
2018-06-25,201806256251386,BPCL,42,45,10,440.0,4400.0
2018-06-25,201806256251385,BPCL,37,45,100,440.0,44000.0
2018-06-25,201806256251384,BPCL,45,45,190,440.0,83600.0
2018-06-25,201806256251363,BPCL,45,42,20,440.0,8800.0
2018-06-25,201806256251354,BPCL,45,42,20,440.0,8800.0
2018-06-25,201806256251353,BPCL,45,42,20,440.0,8800.0
2018-06-25,201806256251277,BPCL,45,28,50,440.0,22000.0
2018-06-25,201806256251276,BPCL,14,28,50,440.0,22000.0
2018-06-25,201806256251275,BPCL,39,28,300,441.0,132300.0
2018-06-25,201806256251274,BPCL,22,28,100,442.0,44200.0
2018-06-25,201806256251097,CBL,56,14,370,151.0,55870.0
2018-06-25,201806256251076,CBL,16,14,30,151.0,4530.0
2018-06-25,201806256251015,CBL,26,14,100,151.0,15100.0
2018-06-25,201806256251331,CCBL,44,38,7699,164.0,1262636.0
2018-06-25,201806256251330,CCBL,5,38,500,164.0,82000.0
2018-06-25,201806256251329,CCBL,7,38,200,164.0,32800.0
2018-06-25,201806256251321,CCBL,49,38,997,165.0,164505.0
2018-06-25,201806256251317,CCBL,8,38,1000,165.0,165000.0
2018-06-25,201806256251051,CCBL,44,51,129,164.0,21156.0
2018-06-25,201806256251029,CCBL,49,38,200,165.0,33000.0
2018-06-25,201806256251008,CCBL,49,38,500,165.0,82500.0
2018-06-25,201806256251007,CCBL,47,38,176,165.0,29040.0
2018-06-25,201806256251050,CCBL,44,51,500,164.0,82000.0
2018-06-25,201806256251049,CCBL,55,51,500,164.0,82000.0
2018-06-25,201806256251048,CCBL,51,51,300,164.0,49200.0
2018-06-25,201806256251047,CCBL,29,51,50,164.0,8200.0
2018-06-25,201806256251046,CCBL,51,51,500,164.0,82000.0
2018-06-25,201806256251037,CCBL,49,49,6,164.0,984.0
2018-06-25,201806256250948,CFCL,40,47,100,118.0,11800.0
2018-06-25,201806256251300,CHCL,44,10,230,750.0,172500.0
2018-06-25,201806256251248,CHCL,29,42,55,750.0,41250.0
2018-06-25,201806256251140,CHCL,29,53,40,750.0,30000.0
2018-06-25,201806256251139,CHCL,50,53,50,750.0,37500.0
2018-06-25,201806256251134,CHCL,7,53,100,751.0,75100.0
2018-06-25,201806256251133,CHCL,22,53,10,751.0,7510.0
2018-06-25,201806256250953,CHCL,22,56,150,751.0,112650.0
2018-06-25,201806256250933,CHCL,22,54,140,751.0,105140.0
2018-06-25,201806256250932,CHCL,52,54,50,752.0,37600.0
2018-06-25,201806256250931,CHCL,26,54,100,752.0,75200.0
2018-06-25,201806256250930,CHCL,28,54,10,755.0,7550.0
2018-06-25,201806256251374,CZBIL,56,28,1000,242.0,242000.0
2018-06-25,201806256251373,CZBIL,56,19,200,242.0,48400.0
2018-06-25,201806256251054,CZBIL,14,49,100,241.0,24100.0
2018-06-25,201806256251261,DBBL,28,46,10,130.0,1300.0
2018-06-25,201806256250926,DDBL,6,1,230,745.0,171350.0
2018-06-25,201806256251169,DHPL,34,34,10,110.0,1100.0
2018-06-25,201806256251271,EBL,26,58,19,670.0,12730.0
2018-06-25,201806256251270,EBL,26,6,81,669.0,54189.0
2018-06-25,201806256251087,EBL,36,6,30,669.0,20070.0
2018-06-25,201806256251005,EBL,26,53,50,666.0,33300.0
2018-06-25,201806256251362,FOWAD,54,39,98,2200.0,215600.0
2018-06-25,201806256251361,FOWAD,58,39,20,2202.0,44040.0
2018-06-25,201806256251360,FOWAD,28,39,50,2202.0,110100.0
2018-06-25,201806256251359,FOWAD,43,39,50,2205.0,110250.0
2018-06-25,201806256251358,FOWAD,56,39,32,2207.0,70624.0
2018-06-25,201806256251296,FOWAD,26,34,20,2209.0,44180.0
2018-06-25,201806256251295,FOWAD,50,34,10,2210.0,22100.0
2018-06-25,201806256251294,FOWAD,50,34,50,2210.0,110500.0
2018-06-25,201806256251293,FOWAD,3,34,10,2210.0,22100.0
2018-06-25,201806256251292,FOWAD,58,34,10,2211.0,22110.0
2018-06-25,201806256251375,GBLBS,45,58,330,600.0,198000.0
2018-06-25,201806256251328,GBLBS,52,58,100,604.0,60400.0
2018-06-25,201806256251304,GBLBS,52,58,200,604.0,120800.0
2018-06-25,201806256251204,GBLBS,28,11,300,604.0,181200.0
2018-06-25,201806256251115,GBLBS,45,58,670,600.0,402000.0
2018-06-25,201806256251114,GBLBS,11,58,100,600.0,60000.0
2018-06-25,201806256251113,GBLBS,44,58,700,600.0,420000.0
2018-06-25,201806256251112,GBLBS,57,58,200,601.0,120200.0
2018-06-25,201806256251111,GBLBS,49,58,100,601.0,60100.0
2018-06-25,201806256251110,GBLBS,43,58,30,601.0,18030.0
2018-06-25,201806256251109,GBLBS,17,58,100,602.0,60200.0
2018-06-25,201806256250942,GBLBS,43,38,10,601.0,6010.0
2018-06-25,201806256251231,GDBL,56,25,708,188.0,133104.0
2018-06-25,201806256251208,GDBL,35,25,700,189.0,132300.0
2018-06-25,201806256251201,GDBL,35,38,200,189.0,37800.0
2018-06-25,201806256250988,GDBL,14,17,19,189.0,3591.0
2018-06-25,201806256251195,GDBL,35,38,100,189.0,18900.0
2018-06-25,201806256250998,GDBL,34,25,500,188.0,94000.0
2018-06-25,201806256250997,GDBL,35,25,963,188.0,181044.0
2018-06-25,201806256250989,GDBL,14,17,96,189.0,18144.0
2018-06-25,201806256251262,GLICL,56,13,50,869.0,43450.0
2018-06-25,201806256251041,GLICL,56,35,100,875.0,87500.0
2018-06-25,201806256250976,GUFL,28,51,20,109.0,2180.0
2018-06-25,201806256251392,HATH,5,26,10,139.0,1390.0
2018-06-25,201806256251180,HBL,21,17,103,549.0,56547.0
2018-06-25,201806256251123,HBL,28,17,40,549.0,21960.0
2018-06-25,201806256251071,HBL,28,53,160,549.0,87840.0
2018-06-25,201806256251285,HGI,29,41,100,448.0,44800.0
2018-06-25,201806256251283,HIDCL,29,22,92,154.0,14168.0
2018-06-25,201806256251282,HIDCL,22,22,500,154.0,77000.0
2018-06-25,201806256251281,HIDCL,13,22,210,154.0,32340.0
2018-06-25,201806256251280,HIDCL,5,22,103,154.0,15862.0
2018-06-25,201806256251279,HIDCL,16,22,150,155.0,23250.0
2018-06-25,201806256251278,HIDCL,16,42,220,155.0,34100.0
2018-06-25,201806256251026,HIDCL,16,34,130,155.0,20150.0
2018-06-25,201806256250923,HIDCL,1,1,56,155.0,8680.0
2018-06-25,201806256250934,HPPL,1,1,20,292.0,5840.0
2018-06-25,201806256251189,ICFC,28,41,400,172.0,68800.0
2018-06-25,201806256250991,IGI,43,17,30,901.0,27030.0
2018-06-25,201806256250990,IGI,58,17,50,905.0,45250.0
2018-06-25,201806256251388,JBBL,1,1,17,136.0,2312.0
2018-06-25,201806256251387,JBBL,1,56,16,135.0,2160.0
2018-06-25,201806256251406,JBNL,52,38,41,152.0,6232.0
2018-06-25,201806256251320,JBNL,49,51,10,155.0,1550.0
2018-06-25,201806256251290,JBNL,52,33,159,152.0,24168.0
2018-06-25,201806256251130,JBNL,58,11,267,151.0,40317.0
2018-06-25,201806256251040,JBNL,56,17,500,151.0,75500.0
2018-06-25,201806256251028,JBNL,58,1,84,151.0,12684.0
2018-06-25,201806256251014,JBNL,39,33,100,152.0,15200.0
2018-06-25,201806256251013,JBNL,55,33,181,152.0,27512.0
2018-06-25,201806256251012,JBNL,49,33,10,152.0,1520.0
2018-06-25,201806256251136,JFL,47,11,87,165.0,14355.0
2018-06-25,201806256251106,KBBL,35,22,10,224.0,2240.0
2018-06-25,201806256251105,KBBL,14,22,220,224.0,49280.0
2018-06-25,201806256251104,KBBL,28,22,100,224.0,22400.0
2018-06-25,201806256251103,KBBL,10,22,38,226.0,8588.0
2018-06-25,201806256251069,KBBL,10,19,12,226.0,2712.0
2018-06-25,201806256251324,KBL,56,19,80,210.0,16800.0
2018-06-25,201806256251310,KBL,52,19,200,210.0,42000.0
2018-06-25,201806256251184,KBL,58,26,500,209.0,104500.0
2018-06-25,201806256251143,KBL,58,11,381,209.0,79629.0
2018-06-25,201806256251131,KBL,58,28,1000,209.0,209000.0
2018-06-25,201806256251183,KKHC,8,37,200,116.0,23200.0
2018-06-25,201806256251082,KKHC,34,34,10,114.0,1140.0
2018-06-25,201806256250922,KMFL,42,46,60,1636.0,98160.0
2018-06-25,201806256251221,KNBL,8,39,500,122.0,61000.0
2018-06-25,201806256251220,KNBL,19,39,200,122.0,24400.0
2018-06-25,201806256251219,KNBL,25,39,300,123.0,36900.0
2018-06-25,201806256251319,KSBBL,56,19,500,150.0,75000.0
2018-06-25,201806256251410,LBBL,36,34,1000,145.0,145000.0
2018-06-25,201806256251409,LBBL,34,34,52,145.0,7540.0
2018-06-25,201806256251408,LBBL,5,34,200,146.0,29200.0
2018-06-25,201806256251407,LBBL,52,34,68,146.0,9928.0
2018-06-25,201806256251042,LBBL,52,50,432,146.0,63072.0
2018-06-25,201806256251370,LBL,18,38,60,254.0,15240.0
2018-06-25,201806256251366,LBL,52,38,200,255.0,51000.0
2018-06-25,201806256251365,LBL,28,38,10,255.0,2550.0
2018-06-25,201806256251070,LLBS,5,50,50,1080.0,54000.0
2018-06-25,201806256251174,MBL,38,41,100,210.0,21000.0
2018-06-25,201806256251333,MEGA,43,43,5,173.0,865.0
2018-06-25,201806256251230,MEGA,19,51,100,176.0,17600.0
2018-06-25,201806256251227,MEGA,34,43,453,174.0,78822.0
2018-06-25,201806256251226,MEGA,48,43,72,174.0,12528.0
2018-06-25,201806256251225,MEGA,20,43,20,175.0,3500.0
2018-06-25,201806256251224,MEGA,10,43,50,175.0,8750.0
2018-06-25,201806256250946,MEGA,14,39,329,175.0,57575.0
2018-06-25,201806256251182,MEGA,10,43,150,175.0,26250.0
2018-06-25,201806256251181,MEGA,11,43,50,175.0,8750.0
2018-06-25,201806256251157,MEGA,39,39,3,179.0,537.0
2018-06-25,201806256251059,MEGA,38,51,200,176.0,35200.0
2018-06-25,201806256251021,MEGA,40,40,94,175.0,16450.0
2018-06-25,201806256251004,MEGA,40,42,500,175.0,87500.0
2018-06-25,201806256251228,MERO,17,42,22,1050.0,23100.0
2018-06-25,201806256251356,MLBL,4,34,1598,169.0,270062.0
2018-06-25,201806256251355,MLBL,59,34,1000,169.0,169000.0
2018-06-25,201806256251145,MNBBL,1,29,100,378.0,37800.0
2018-06-25,201806256251078,MNBBL,14,42,50,378.0,18900.0
2018-06-25,201806256251379,MSMBS,17,59,32,700.0,22400.0
2018-06-25,201806256251003,MSMBS,1,1,11,714.0,7854.0
2018-06-25,201806256251245,NABIL,3,22,190,932.0,177080.0
2018-06-25,201806256251244,NABIL,10,22,100,932.0,93200.0
2018-06-25,201806256251243,NABIL,41,22,10,932.0,9320.0
2018-06-25,201806256251027,NABIL,28,16,50,932.0,46600.0
2018-06-25,201806256250944,NABIL,55,16,10,932.0,9320.0
2018-06-25,201806256251210,NABILP,19,3,20,729.0,14580.0
2018-06-25,201806256251209,NABILP,19,11,30,729.0,21870.0
2018-06-25,201806256250981,NABILP,39,38,30,728.0,21840.0
2018-06-25,201806256250987,NABILP,39,38,50,728.0,36400.0
2018-06-25,201806256250986,NABILP,39,38,45,728.0,32760.0
2018-06-25,201806256250985,NABILP,39,38,40,728.0,29120.0
2018-06-25,201806256250984,NABILP,39,38,80,728.0,58240.0
2018-06-25,201806256250983,NABILP,39,38,60,728.0,43680.0
2018-06-25,201806256250982,NABILP,39,38,45,728.0,32760.0
2018-06-25,201806256251367,NBB,22,39,100,212.0,21200.0
2018-06-25,201806256251301,NBB,14,39,500,213.0,106500.0
2018-06-25,201806256251156,NBB,38,51,100,213.0,21300.0
2018-06-25,201806256251138,NBB,14,1,300,213.0,63900.0
2018-06-25,201806256251124,NBBL,10,53,14,2450.0,34300.0
2018-06-25,201806256251108,NBBL,53,53,10,2451.0,24510.0
2018-06-25,201806256251107,NBBL,19,53,10,2480.0,24800.0
2018-06-25,201806256251357,NBL,56,52,300,293.0,87900.0
2018-06-25,201806256251308,NBL,25,1,67,292.0,19564.0
2018-06-25,201806256251307,NBL,53,1,250,292.0,73000.0
2018-06-25,201806256251306,NBL,28,1,153,292.0,44676.0
2018-06-25,201806256251178,NBL,56,39,500,292.0,146000.0
2018-06-25,201806256251154,NBL,28,49,50,292.0,14600.0
2018-06-25,201806256251116,NBL,56,29,200,294.0,58800.0
2018-06-25,201806256251019,NBL,42,21,500,292.0,146000.0
2018-06-25,201806256251006,NBL,44,51,300,293.0,87900.0
2018-06-25,201806256250996,NBL,28,51,1700,293.0,498100.0
2018-06-25,201806256250995,NBL,28,1,200,293.0,58600.0
2018-06-25,201806256250994,NBL,28,21,600,292.0,175200.0
2018-06-25,201806256251170,NGPL,1,34,13,170.0,2210.0
2018-06-25,201806256251197,NHPC,58,18,500,84.0,42000.0
2018-06-25,201806256251414,NIB,49,8,89,620.0,55180.0
2018-06-25,201806256251413,NIB,22,8,85,620.0,52700.0
2018-06-25,201806256251412,NIB,22,8,13,620.0,8060.0
2018-06-25,201806256251405,NIB,56,25,100,621.0,62100.0
2018-06-25,201806256251404,NIB,25,25,500,621.0,310500.0
2018-06-25,201806256251403,NIB,22,25,272,623.0,169456.0
2018-06-25,201806256250962,NIB,22,44,327,623.0,203721.0
2018-06-25,201806256251402,NIB,57,25,10,623.0,6230.0
2018-06-25,201806256251250,NIB,22,46,14,623.0,8722.0
2018-06-25,201806256251211,NIB,1,1,37,623.0,23051.0
2018-06-25,201806256251168,NIB,59,34,89,624.0,55536.0
2018-06-25,201806256251142,NIB,57,49,50,623.0,31150.0
2018-06-25,201806256251052,NIB,1,1,37,623.0,23051.0
2018-06-25,201806256251312,NIBSF1,29,43,2000,10.6,21200.0
2018-06-25,201806256251311,NIBSF1,21,43,500,10.7,5350.0
2018-06-25,201806256251126,NICA,22,17,169,313.0,52897.0
2018-06-25,201806256251125,NICA,22,42,50,313.0,15650.0
2018-06-25,201806256251096,NICA,50,17,37,313.0,11581.0
2018-06-25,201806256251075,NICA,50,1,463,313.0,144919.0
2018-06-25,201806256251074,NICA,14,1,126,313.0,39438.0
2018-06-25,201806256251073,NICA,29,1,50,313.0,15650.0
2018-06-25,201806256251018,NICA,14,33,80,313.0,25040.0
2018-06-25,201806256251045,NICL,43,39,500,650.0,325000.0
2018-06-25,201806256251044,NICL,17,39,100,650.0,65000.0
2018-06-25,201806256251291,NIL,50,50,15,550.0,8250.0
2018-06-25,201806256251129,NIL,21,17,170,548.0,93160.0
2018-06-25,201806256251128,NIL,51,17,30,549.0,16470.0
2018-06-25,201806256251127,NIL,21,17,100,549.0,54900.0
2018-06-25,201806256251079,NIL,21,10,209,548.0,114532.0
2018-06-25,201806256251057,NIL,21,38,316,548.0,173168.0
2018-06-25,201806256251025,NIL,29,37,110,550.0,60500.0
2018-06-25,201806256251024,NIL,49,37,100,551.0,55100.0
2018-06-25,201806256251023,NIL,38,37,100,552.0,55200.0
2018-06-25,201806256251039,NIL,47,38,40,550.0,22000.0
2018-06-25,201806256251034,NIL,29,38,90,550.0,49500.0
2018-06-25,201806256251033,NIL,17,38,100,550.0,55000.0
2018-06-25,201806256251032,NIL,54,38,100,550.0,55000.0
2018-06-25,201806256251031,NIL,7,38,60,550.0,33000.0
2018-06-25,201806256251030,NIL,41,38,10,550.0,5500.0
2018-06-25,201806256251380,NLBBL,5,19,100,653.0,65300.0
2018-06-25,201806256251372,NLBBL,7,19,30,654.0,19620.0
2018-06-25,201806256251371,NLBBL,47,19,50,654.0,32700.0
2018-06-25,201806256251196,NLBBL,7,41,100,655.0,65500.0
2018-06-25,201806256251318,NLG,25,49,15,890.0,13350.0
2018-06-25,201806256251232,NLIC,34,34,17,1003.0,17051.0
2018-06-25,201806256251171,NLIC,36,57,30,1005.0,30150.0
2018-06-25,201806256251132,NLIC,1,1,17,1006.0,17102.0
2018-06-25,201806256250993,NLIC,5,53,25,1002.0,25050.0
2018-06-25,201806256250992,NLIC,22,53,100,1002.0,100200.0
2018-06-25,201806256250940,NLIC,32,21,500,1003.0,501500.0
2018-06-25,201806256250939,NLIC,56,21,10,1004.0,10040.0
2018-06-25,201806256250938,NLIC,56,21,50,1005.0,50250.0
2018-06-25,201806256250937,NLIC,29,21,83,1005.0,83415.0
2018-06-25,201806256251303,NLICL,57,47,100,1200.0,120000.0
2018-06-25,201806256251260,NLICL,42,35,230,1200.0,276000.0
2018-06-25,201806256251259,NLICL,39,35,20,1201.0,24020.0
2018-06-25,201806256251258,NLICL,35,35,50,1201.0,60050.0
2018-06-25,201806256251091,NLICL,42,17,550,1200.0,660000.0
2018-06-25,201806256251090,NLICL,47,17,50,1201.0,60050.0
2018-06-25,201806256251089,NLICL,16,17,100,1201.0,120100.0
2018-06-25,201806256251088,NLICL,18,17,100,1202.0,120200.0
2018-06-25,201806256251241,NMB,37,38,100,348.0,34800.0
2018-06-25,201806256251146,NMB,33,49,100,344.0,34400.0
2018-06-25,201806256250961,NMB,33,28,102,344.0,35088.0
2018-06-25,201806256250960,NMB,53,28,50,344.0,17200.0
2018-06-25,201806256250959,NMB,45,28,1000,344.0,344000.0
2018-06-25,201806256250958,NMB,48,28,200,344.0,68800.0
2018-06-25,201806256250957,NMB,33,28,447,344.0,153768.0
2018-06-25,201806256250956,NMB,16,28,297,345.0,102465.0
2018-06-25,201806256251120,NMBMF,35,18,46,1410.0,64860.0
2018-06-25,201806256251119,NMBMF,45,18,20,1410.0,28200.0
2018-06-25,201806256251118,NMBMF,40,18,19,1411.0,26809.0
2018-06-25,201806256251117,NMBMF,21,18,20,1412.0,28240.0
2018-06-25,201806256251121,NMFBS,34,34,12,2259.0,27108.0
2018-06-25,201806256251060,NMFBS,8,22,24,2215.0,53160.0
2018-06-25,201806256250927,NTC,34,8,700,725.0,507500.0
2018-06-25,201806256251229,ODBL,32,59,20,177.0,3540.0
2018-06-25,201806256251257,PCBL,1,19,10,289.0,2890.0
2018-06-25,201806256251194,PCBL,34,19,40,289.0,11560.0
2018-06-25,201806256251193,PCBL,55,19,66,289.0,19074.0
2018-06-25,201806256251192,PCBL,57,19,65,289.0,18785.0
2018-06-25,201806256251191,PCBL,41,19,80,289.0,23120.0
2018-06-25,201806256251190,PCBL,46,19,12,289.0,3468.0
2018-06-25,201806256251172,PCBL,57,29,100,289.0,28900.0
2018-06-25,201806256251061,PCBL,55,54,200,289.0,57800.0
2018-06-25,201806256251020,PCBL,55,20,234,289.0,67626.0
2018-06-25,201806256250941,PCBL,55,20,500,289.0,144500.0
2018-06-25,201806256251415,PIC,58,42,11,1160.0,12760.0
2018-06-25,201806256251327,PIC,58,21,111,1145.0,127095.0
2018-06-25,201806256251326,PIC,43,21,39,1150.0,44850.0
2018-06-25,201806256251239,PIC,41,39,140,1150.0,161000.0
2018-06-25,201806256251238,PIC,28,39,100,1150.0,115000.0
2018-06-25,201806256251237,PIC,57,39,200,1151.0,230200.0
2018-06-25,201806256250951,PIC,5,39,36,1155.0,41580.0
2018-06-25,201806256250924,PIC,43,43,1,1156.0,1156.0
2018-06-25,201806256251236,PIC,58,39,67,1152.0,77184.0
2018-06-25,201806256251235,PIC,58,39,100,1152.0,115200.0
2018-06-25,201806256251234,PIC,28,39,100,1153.0,115300.0
2018-06-25,201806256251233,PIC,5,39,50,1154.0,57700.0
2018-06-25,201806256251092,PIC,36,17,11,1160.0,12760.0
2018-06-25,201806256250952,PIC,34,39,50,1155.0,57750.0
2018-06-25,201806256251242,PICL,5,28,200,783.0,156600.0
2018-06-25,201806256251167,PICL,5,22,100,785.0,78500.0
2018-06-25,201806256251163,PLIC,5,41,100,556.0,55600.0
2018-06-25,201806256251137,PLIC,5,21,40,556.0,22240.0
2018-06-25,201806256251084,PLIC,5,22,12,556.0,6672.0
2018-06-25,201806256251068,PLIC,34,21,597,557.0,332529.0
2018-06-25,201806256250975,PLIC,34,17,300,557.0,167100.0
2018-06-25,201806256250954,PLIC,34,5,103,557.0,57371.0
2018-06-25,201806256250919,PLIC,34,34,50,556.0,27800.0
2018-06-25,201806256250918,PLIC,58,34,80,556.0,44480.0
2018-06-25,201806256250917,PLIC,41,34,20,556.0,11120.0
2018-06-25,201806256250916,PLIC,49,34,20,556.0,11120.0
2018-06-25,201806256251256,PRIN,22,50,40,507.0,20280.0
2018-06-25,201806256251122,PRIN,53,17,100,506.0,50600.0
2018-06-25,201806256251002,PRIN,56,7,100,506.0,50600.0
2018-06-25,201806256251001,PRIN,51,7,60,506.0,30360.0
2018-06-25,201806256251000,PRIN,57,7,100,506.0,50600.0
2018-06-25,201806256250999,PRIN,11,7,10,507.0,5070.0
2018-06-25,201806256250943,PRIN,57,17,200,507.0,101400.0
2018-06-25,201806256251305,PRVU,42,39,329,187.0,61523.0
2018-06-25,201806256251200,PRVU,13,39,301,188.0,56588.0
2018-06-25,201806256251199,PRVU,36,39,70,189.0,13230.0
2018-06-25,201806256250945,PRVU,55,28,237,188.0,44556.0
2018-06-25,201806256251151,PRVU,36,11,30,189.0,5670.0
2018-06-25,201806256251022,PRVU,40,28,100,188.0,18800.0
2018-06-25,201806256251391,RBCL,38,21,10,11040.0,110400.0
2018-06-25,201806256250936,RHPC,26,58,140,122.0,17080.0
2018-06-25,201806256251396,RMDC,4,10,300,653.0,195900.0
2018-06-25,201806256251395,RMDC,34,10,100,654.0,65400.0
2018-06-25,201806256251394,RMDC,26,10,100,654.0,65400.0
2018-06-25,201806256251393,RMDC,57,10,100,654.0,65400.0
2018-06-25,201806256251350,RMDC,57,19,100,654.0,65400.0
2018-06-25,201806256251335,RMDC,37,19,100,655.0,65500.0
2018-06-25,201806256251322,RSDC,34,34,35,545.0,19075.0
2018-06-25,201806256251102,RSDC,25,50,20,544.0,10880.0
2018-06-25,201806256251053,SADBL,5,21,200,146.0,29200.0
2018-06-25,201806256251417,SANIMA,14,8,20,330.0,6600.0
2018-06-25,201806256251416,SANIMA,14,35,80,329.0,26320.0
2018-06-25,201806256251368,SANIMA,38,38,8,327.0,2616.0
2018-06-25,201806256251249,SANIMA,49,35,1917,325.0,623025.0
2018-06-25,201806256251056,SANIMA,54,22,364,325.0,118300.0
2018-06-25,201806256251055,SANIMA,48,22,36,325.0,11700.0
2018-06-25,201806256251240,SBI,19,16,50,500.0,25000.0
2018-06-25,201806256251383,SBL,14,43,300,304.0,91200.0
2018-06-25,201806256251382,SBL,14,10,200,302.0,60400.0
2018-06-25,201806256251381,SBL,14,1,200,302.0,60400.0
2018-06-25,201806256251325,SBL,29,51,100,301.0,30100.0
2018-06-25,201806256251289,SBL,29,39,450,301.0,135450.0
2018-06-25,201806256251288,SBL,55,39,400,301.0,120400.0
2018-06-25,201806256251287,SBL,38,39,100,301.0,30100.0
2018-06-25,201806256251286,SBL,43,39,50,302.0,15100.0
2018-06-25,201806256250949,SBL,43,43,1,300.0,300.0
2018-06-25,201806256251179,SCB,14,1,20,747.0,14940.0
2018-06-25,201806256251141,SCB,1,10,20,747.0,14940.0
2018-06-25,201806256251067,SCB,28,16,100,750.0,75000.0
2018-06-25,201806256251218,SDESI,28,58,11,1700.0,18700.0
2018-06-25,201806256251217,SDESI,28,17,10,1700.0,17000.0
2018-06-25,201806256251216,SDESI,28,35,13,1700.0,22100.0
2018-06-25,201806256251215,SDESI,28,35,13,1700.0,22100.0
2018-06-25,201806256251214,SDESI,28,19,13,1700.0,22100.0
2018-06-25,201806256251213,SDESI,28,11,13,1695.0,22035.0
2018-06-25,201806256251212,SDESI,28,11,13,1695.0,22035.0
2018-06-25,201806256251207,SDESI,28,37,34,1690.0,57460.0
2018-06-25,201806256251206,SDESI,45,11,13,1661.0,21593.0
2018-06-25,201806256251205,SDESI,45,11,13,1661.0,21593.0
2018-06-25,201806256251198,SDESI,34,11,13,1662.0,21606.0
2018-06-25,201806256251153,SHL,14,28,100,243.0,24300.0
2018-06-25,201806256251058,SHPC,28,17,100,330.0,33000.0
2018-06-25,201806256250971,SHPC,28,36,122,330.0,40260.0
2018-06-25,201806256250970,SHPC,39,36,100,330.0,33000.0
2018-06-25,201806256250963,SHPC,26,36,18,333.0,5994.0
2018-06-25,201806256250969,SHPC,59,36,50,330.0,16500.0
2018-06-25,201806256250968,SHPC,41,36,200,330.0,66000.0
2018-06-25,201806256250967,SHPC,40,36,200,331.0,66200.0
2018-06-25,201806256250966,SHPC,43,36,164,331.0,54284.0
2018-06-25,201806256250965,SHPC,14,36,100,332.0,33200.0
2018-06-25,201806256250964,SHPC,29,36,46,332.0,15272.0
2018-06-25,201806256251166,SICL,28,17,50,965.0,48250.0
2018-06-25,201806256251165,SICL,22,17,373,965.0,359945.0
2018-06-25,201806256251017,SICL,22,17,37,965.0,35705.0
2018-06-25,201806256251016,SICL,4,17,13,970.0,12610.0
2018-06-25,201806256250920,SICL,34,17,1500,962.0,1443000.0
2018-06-25,201806256251177,SIFC,17,1,30,158.0,4740.0
2018-06-25,201806256251252,SIL,58,34,20,686.0,13720.0
2018-06-25,201806256251411,SKBBL,34,34,10,1145.0,11450.0
2018-06-25,201806256251390,SKBBL,4,28,52,1141.0,59332.0
2018-06-25,201806256251272,SKBBL,4,51,390,1141.0,444990.0
2018-06-25,201806256251247,SKBBL,4,34,259,1145.0,296555.0
2018-06-25,201806256251246,SKBBL,59,34,20,1146.0,22920.0
2018-06-25,201806256251066,SKBBL,4,28,741,1145.0,848445.0
2018-06-25,201806256251065,SKBBL,55,28,50,1146.0,57300.0
2018-06-25,201806256251064,SKBBL,22,28,200,1146.0,229200.0
2018-06-25,201806256251063,SKBBL,50,28,30,1146.0,34380.0
2018-06-25,201806256251062,SKBBL,49,28,179,1150.0,205850.0
2018-06-25,201806256250947,SKBBL,49,7,51,1150.0,58650.0
2018-06-25,201806256251352,SLBBL,48,10,50,1609.0,80450.0
2018-06-25,201806256251351,SLBBL,40,10,20,1610.0,32200.0
2018-06-25,201806256251273,SLBS,41,19,30,1580.0,47400.0
2018-06-25,201806256250950,SLICL,8,58,300,665.0,199500.0
2018-06-25,201806256250935,SLICL,17,58,100,665.0,66500.0
2018-06-25,201806256251401,SMATA,49,56,46,2052.0,94392.0
2018-06-25,201806256251400,SMATA,16,56,24,2052.0,49248.0
2018-06-25,201806256251399,SMATA,37,56,50,2053.0,102650.0
2018-06-25,201806256251398,SMATA,6,56,30,2062.0,61860.0
2018-06-25,201806256251349,SMATA,41,56,8,2090.0,16720.0
2018-06-25,201806256251348,SMATA,29,56,100,2051.0,205100.0
2018-06-25,201806256250977,SMATA,40,46,10,2072.0,20720.0
2018-06-25,201806256250955,SMATA,38,8,12,2072.0,24864.0
2018-06-25,201806256250929,SMATA,1,28,12,2072.0,24864.0
2018-06-25,201806256251038,SMATA,57,45,12,2068.0,24816.0
2018-06-25,201806256251036,SMATA,57,45,12,2068.0,24816.0
2018-06-25,201806256251035,SMATA,57,45,12,2068.0,24816.0
2018-06-25,201806256250980,SMATA,21,46,92,2068.0,190256.0
2018-06-25,201806256250979,SMATA,16,46,12,2069.0,24828.0
2018-06-25,201806256250978,SMATA,38,46,88,2072.0,182336.0
2018-06-25,201806256251093,SMATA,45,5,12,2065.0,24780.0
2018-06-25,201806256251086,SMATA,45,40,12,2065.0,24780.0
2018-06-25,201806256251085,SMATA,45,5,12,2065.0,24780.0
2018-06-25,201806256251083,SMATA,48,40,12,2065.0,24780.0
2018-06-25,201806256251081,SMATA,52,5,12,2066.0,24792.0
2018-06-25,201806256251072,SMATA,57,32,12,2068.0,24816.0
2018-06-25,201806256251253,SMATA,51,25,12,2075.0,24900.0
2018-06-25,201806256251222,SMATA,37,58,12,2073.0,24876.0
2018-06-25,201806256251150,SMATA,37,34,12,2079.0,24948.0
2018-06-25,201806256251149,SMATA,37,43,12,2078.0,24936.0
2018-06-25,201806256251148,SMATA,37,45,12,2075.0,24900.0
2018-06-25,201806256251147,SMATA,37,45,12,2075.0,24900.0
2018-06-25,201806256251334,SMATA,39,57,12,2071.0,24852.0
2018-06-25,201806256251299,SMATA,38,53,50,2072.0,103600.0
2018-06-25,201806256251298,SMATA,57,53,50,2073.0,103650.0
2018-06-25,201806256251297,SMATA,37,53,40,2073.0,82920.0
2018-06-25,201806256251255,SMATA,39,39,12,2086.0,25032.0
2018-06-25,201806256251254,SMATA,39,39,12,2086.0,25032.0
2018-06-25,201806256251341,SMATA,43,56,30,2060.0,61800.0
2018-06-25,201806256251340,SMATA,21,56,48,2060.0,98880.0
2018-06-25,201806256251339,SMATA,45,56,64,2065.0,132160.0
2018-06-25,201806256251338,SMATA,45,56,10,2065.0,20650.0
2018-06-25,201806256251337,SMATA,17,56,12,2068.0,24816.0
2018-06-25,201806256251336,SMATA,39,56,38,2071.0,78698.0
2018-06-25,201806256251347,SMATA,48,56,12,2051.0,24612.0
2018-06-25,201806256251346,SMATA,44,56,36,2056.0,74016.0
2018-06-25,201806256251345,SMATA,34,56,12,2057.0,24684.0
2018-06-25,201806256251344,SMATA,57,56,100,2060.0,206000.0
2018-06-25,201806256251343,SMATA,40,56,10,2060.0,20600.0
2018-06-25,201806256251342,SMATA,42,56,20,2060.0,41200.0
2018-06-25,201806256251187,SMFDB,55,7,20,947.0,18940.0
2018-06-25,201806256251186,SMFDB,45,7,40,947.0,37880.0
2018-06-25,201806256251185,SMFDB,46,7,40,947.0,37880.0
2018-06-25,201806256250973,SMFDB,46,7,10,947.0,9470.0
2018-06-25,201806256250972,SMFDB,36,7,80,950.0,76000.0
2018-06-25,201806256251378,SPDL,34,34,12,129.0,1548.0
2018-06-25,201806256251164,SPDL,1,1,15,127.0,1905.0
2018-06-25,201806256251135,SPDL,34,34,10,128.0,1280.0
2018-06-25,201806256251364,SWBBL,45,45,50,1224.0,61200.0
2018-06-25,201806256251302,SWBBL,19,21,100,1221.0,122100.0
2018-06-25,201806256251269,SWBBL,47,45,100,1224.0,122400.0
2018-06-25,201806256251268,SWBBL,47,45,100,1225.0,122500.0
2018-06-25,201806256251267,SWBBL,18,45,100,1226.0,122600.0
2018-06-25,201806256251266,SWBBL,43,45,50,1226.0,61300.0
2018-06-25,201806256251265,SWBBL,56,45,100,1227.0,122700.0
2018-06-25,201806256251264,SWBBL,56,45,100,1227.0,122700.0
2018-06-25,201806256251263,SWBBL,10,45,200,1228.0,245600.0
2018-06-25,201806256250928,SWBBL,57,11,50,1226.0,61300.0
2018-06-25,201806256251397,TRH,14,56,10,279.0,2790.0
2018-06-25,201806256251309,TRH,28,19,500,275.0,137500.0
2018-06-25,201806256251284,UIC,3,13,50,905.0,45250.0
2018-06-25,201806256251155,UIC,51,25,10,910.0,9100.0
2018-06-25,201806256251203,UMHL,13,17,14,172.0,2408.0
2018-06-25,201806256251202,UMHL,13,17,14,172.0,2408.0
2018-06-25,201806256251173,UMHL,1,1,14,169.0,2366.0
2018-06-25,201806256251369,VLBS,41,45,120,758.0,90960.0
2018-06-25,201806256251332,WOMI,40,34,100,1380.0,138000.0
2018-06-25,201806256250802,ADBL,17,17,398,312.0,124176.0
2018-06-25,201806256250799,ADBL,50,34,11,311.0,3421.0
2018-06-25,201806256250798,ADBL,50,34,452,311.0,140572.0
2018-06-25,201806256250797,ADBL,38,34,37,312.0,11544.0
2018-06-25,201806256250545,ADBL,50,49,48,311.0,14928.0
2018-06-25,201806256250463,ADBL,55,28,114,313.0,35682.0
2018-06-25,201806256250455,ADBL,38,39,63,312.0,19656.0
2018-06-25,201806256250454,ADBL,14,39,300,312.0,93600.0
2018-06-25,201806256250453,ADBL,13,39,100,312.0,31200.0
2018-06-25,201806256250452,ADBL,28,39,50,312.0,15600.0
2018-06-25,201806256250438,ADBL,14,25,200,312.0,62400.0
2018-06-25,201806256250852,AHPC,55,17,450,158.0,71100.0
2018-06-25,201806256250527,AKPL,1,1,13,280.0,3640.0
2018-06-25,201806256250800,ALICL,22,28,50,678.0,33900.0
2018-06-25,201806256250525,ALICL,42,25,120,670.0,80400.0
2018-06-25,201806256250691,API,28,19,190,297.0,56430.0
2018-06-25,201806256250680,API,1,1,10,296.0,2960.0
2018-06-25,201806256250676,BARUN,21,39,200,147.0,29400.0
2018-06-25,201806256250675,BARUN,32,39,500,147.0,73500.0
2018-06-25,201806256250674,BARUN,43,39,40,150.0,6000.0
2018-06-25,201806256250618,BHBL,45,47,100,129.0,12900.0
2018-06-25,201806256250769,BOKL,25,17,200,261.0,52200.0
2018-06-25,201806256250882,BPCL,52,28,500,441.0,220500.0
2018-06-25,201806256250881,BPCL,35,28,30,441.0,13230.0
2018-06-25,201806256250880,BPCL,17,28,10,441.0,4410.0
2018-06-25,201806256250879,BPCL,28,28,15,442.0,6630.0
2018-06-25,201806256250416,BPCL,1,58,30,440.0,13200.0
2018-06-25,201806256250758,CBL,44,14,300,151.0,45300.0
2018-06-25,201806256250611,CBL,56,14,53,150.0,7950.0
2018-06-25,201806256250602,CBL,56,14,1976,150.0,296400.0
2018-06-25,201806256250601,CBL,28,14,500,150.0,75000.0
2018-06-25,201806256250600,CBL,41,14,60,150.0,9000.0
2018-06-25,201806256250599,CBL,40,14,300,150.0,45000.0
2018-06-25,201806256250489,CBL,22,38,200,150.0,30000.0
2018-06-25,201806256250488,CBL,43,38,200,150.0,30000.0
2018-06-25,201806256250487,CBL,57,38,300,150.0,45000.0
2018-06-25,201806256250486,CBL,33,38,4671,150.0,700650.0
2018-06-25,201806256250485,CBL,5,38,100,150.0,15000.0
2018-06-25,201806256250484,CBL,5,38,100,150.0,15000.0
2018-06-25,201806256250589,CBL,34,21,200,150.0,30000.0
2018-06-25,201806256250588,CBL,22,21,1829,150.0,274350.0
2018-06-25,201806256250493,CBL,22,38,3171,150.0,475650.0
2018-06-25,201806256250492,CBL,1,38,500,150.0,75000.0
2018-06-25,201806256250491,CBL,17,38,128,150.0,19200.0
2018-06-25,201806256250490,CBL,43,38,10,150.0,1500.0
2018-06-25,201806256250598,CBL,8,14,1000,150.0,150000.0
2018-06-25,201806256250597,CBL,14,14,500,150.0,75000.0
2018-06-25,201806256250596,CBL,43,14,35,150.0,5250.0
2018-06-25,201806256250595,CBL,50,14,529,150.0,79350.0
2018-06-25,201806256250591,CBL,50,21,471,150.0,70650.0
2018-06-25,201806256250590,CBL,14,21,100,150.0,15000.0
2018-06-25,201806256250688,CCBL,47,50,24,165.0,3960.0
2018-06-25,201806256250526,CCBL,44,53,2000,164.0,328000.0
2018-06-25,201806256250436,CCBL,1,1,69,165.0,11385.0
2018-06-25,201806256250677,CHCL,38,38,3,740.0,2220.0
2018-06-25,201806256250670,CHCL,38,38,3,740.0,2220.0
2018-06-25,201806256250667,CHCL,38,38,5,740.0,3700.0
2018-06-25,201806256250666,CHCL,38,38,5,740.0,3700.0
2018-06-25,201806256250604,CHCL,59,10,470,755.0,354850.0
2018-06-25,201806256250566,CHCL,59,10,29,755.0,21895.0
2018-06-25,201806256250565,CHCL,34,10,88,755.0,66440.0
2018-06-25,201806256250564,CHCL,34,10,683,755.0,515665.0
2018-06-25,201806256250472,CHCL,34,10,300,755.0,226500.0
2018-06-25,201806256250471,CHCL,34,14,17,755.0,12835.0
2018-06-25,201806256250694,CHL,1,1,10,145.0,1450.0
2018-06-25,201806256250476,CIT,19,49,100,2488.0,248800.0
2018-06-25,201806256250878,CZBIL,7,49,100,241.0,24100.0
2018-06-25,201806256250681,DDBL,45,1,10,745.0,7450.0
2018-06-25,201806256250524,DHPL,39,8,40,112.0,4480.0
2018-06-25,201806256250431,DHPL,39,58,10,110.0,1100.0
2018-06-25,201806256250783,EBL,28,21,26,666.0,17316.0
2018-06-25,201806256250782,EBL,26,21,50,667.0,33350.0
2018-06-25,201806256250781,EBL,45,21,10,668.0,6680.0
2018-06-25,201806256250780,EBL,20,21,30,668.0,20040.0
2018-06-25,201806256250779,EBL,42,21,64,668.0,42752.0
2018-06-25,201806256250778,EBL,20,21,20,669.0,13380.0
2018-06-25,201806256250439,EBL,35,6,30,672.0,20160.0
2018-06-25,201806256250610,EBL,41,49,24,669.0,16056.0
2018-06-25,201806256250609,EBL,54,49,50,669.0,33450.0
2018-06-25,201806256250608,EBL,18,49,22,669.0,14718.0
2018-06-25,201806256250607,EBL,25,49,50,670.0,33500.0
2018-06-25,201806256250606,EBL,46,49,20,670.0,13400.0
2018-06-25,201806256250605,EBL,14,49,34,670.0,22780.0
2018-06-25,201806256250749,EBL,20,58,30,670.0,20100.0
2018-06-25,201806256250700,EBL,14,50,20,669.0,13380.0
2018-06-25,201806256250673,EBL,41,51,6,669.0,4014.0
2018-06-25,201806256250672,EBL,41,51,222,669.0,148518.0
2018-06-25,201806256250655,EBL,41,17,248,669.0,165912.0
2018-06-25,201806256250616,EBL,28,58,30,670.0,20100.0
2018-06-25,201806256250816,EIC,4,4,4,1357.0,5428.0
2018-06-25,201806256250787,EIC,22,21,38,1356.0,51528.0
2018-06-25,201806256250786,EIC,59,21,12,1356.0,16272.0
2018-06-25,201806256250785,EIC,47,21,10,1357.0,13570.0
2018-06-25,201806256250877,FMDBL,57,25,100,541.0,54100.0
2018-06-25,201806256250498,FOWAD,17,34,91,2209.0,201019.0
2018-06-25,201806256250497,FOWAD,50,34,24,2210.0,53040.0
2018-06-25,201806256250496,FOWAD,37,34,25,2210.0,55250.0
2018-06-25,201806256250886,GBIME,51,40,10,290.0,2900.0
2018-06-25,201806256250885,GBIME,51,40,10,290.0,2900.0
2018-06-25,201806256250449,GBIME,22,29,50,290.0,14500.0
2018-06-25,201806256250710,GBLBS,1,1,10,602.0,6020.0
2018-06-25,201806256250689,GBLBS,43,26,10,601.0,6010.0
2018-06-25,201806256250562,GBLBS,44,58,300,600.0,180000.0
2018-06-25,201806256250561,GBLBS,44,58,100,600.0,60000.0
2018-06-25,201806256250560,GBLBS,21,58,100,600.0,60000.0
2018-06-25,201806256250559,GBLBS,52,58,300,600.0,180000.0
2018-06-25,201806256250552,GBLBS,20,58,300,605.0,181500.0
2018-06-25,201806256250551,GBLBS,20,58,200,606.0,121200.0
2018-06-25,201806256250550,GBLBS,17,58,100,606.0,60600.0
2018-06-25,201806256250549,GBLBS,58,58,920,606.0,557520.0
2018-06-25,201806256250558,GBLBS,41,58,40,600.0,24000.0
2018-06-25,201806256250557,GBLBS,50,58,200,601.0,120200.0
2018-06-25,201806256250556,GBLBS,34,58,100,601.0,60100.0
2018-06-25,201806256250555,GBLBS,43,58,30,601.0,18030.0
2018-06-25,201806256250554,GBLBS,21,58,10,602.0,6020.0
2018-06-25,201806256250553,GBLBS,28,58,300,602.0,180600.0
2018-06-25,201806256250890,GDBL,35,1,37,188.0,6956.0
2018-06-25,201806256250429,GDBL,46,14,500,188.0,94000.0
2018-06-25,201806256250427,GDBL,26,14,1000,188.0,188000.0
2018-06-25,201806256250426,GDBL,51,14,950,188.0,178600.0
2018-06-25,201806256250760,GDBL,14,14,500,189.0,94500.0
2018-06-25,201806256250654,GDBL,21,40,171,189.0,32319.0
2018-06-25,201806256250631,GILB,1,1,19,1145.0,21755.0
2018-06-25,201806256250460,GIMES1,1,1,5000,8.4,42000.0
2018-06-25,201806256250473,GLICL,32,25,100,867.0,86700.0
2018-06-25,201806256250446,GLICL,17,16,33,866.0,28578.0
2018-06-25,201806256250895,HAMRO,35,32,150,134.0,20100.0
2018-06-25,201806256250892,HBL,22,53,200,549.0,109800.0
2018-06-25,201806256250883,HBL,26,53,40,549.0,21960.0
2018-06-25,201806256250908,HGI,41,6,280,448.0,125440.0
2018-06-25,201806256250907,HGI,56,6,75,449.0,33675.0
2018-06-25,201806256250906,HGI,14,6,50,449.0,22450.0
2018-06-25,201806256250905,HGI,56,6,75,450.0,33750.0
2018-06-25,201806256250904,HGI,57,6,20,450.0,9000.0
2018-06-25,201806256250863,HIDCL,5,43,23,154.0,3542.0
2018-06-25,201806256250851,HIDCL,5,43,23,154.0,3542.0
2018-06-25,201806256250461,HIDCL,5,29,28,154.0,4312.0
2018-06-25,201806256250434,HIDCL,5,58,10,154.0,1540.0
2018-06-25,201806256250433,HIDCL,1,58,13,155.0,2015.0
2018-06-25,201806256250432,HIDCL,55,58,33,156.0,5148.0
2018-06-25,201806256250692,HPPL,53,26,10,290.0,2900.0
2018-06-25,201806256250652,HPPL,53,21,110,290.0,31900.0
2018-06-25,201806256250651,HPPL,39,21,20,291.0,5820.0
2018-06-25,201806256250650,HPPL,22,21,170,292.0,49640.0
2018-06-25,201806256250469,HPPL,22,29,10,292.0,2920.0
2018-06-25,201806256250437,HPPL,22,58,20,292.0,5840.0
2018-06-25,201806256250415,HPPL,22,16,10,292.0,2920.0
2018-06-25,201806256250757,ICFC,49,49,5453,175.0,954275.0
2018-06-25,201806256250838,JBBL,58,19,225,134.0,30150.0
2018-06-25,201806256250763,JBBL,1,1,1,132.0,132.0
2018-06-25,201806256250753,JBBL,58,46,126,134.0,16884.0
2018-06-25,201806256250661,JBBL,58,49,50,134.0,6700.0
2018-06-25,201806256250660,JBBL,46,49,10,134.0,1340.0
2018-06-25,201806256250656,JBBL,46,49,61,134.0,8174.0
2018-06-25,201806256250767,JBNL,55,34,19,152.0,2888.0
2018-06-25,201806256250649,JBNL,49,49,35,153.0,5355.0
2018-06-25,201806256250540,JEFL,29,28,100,100.0,10000.0
2018-06-25,201806256250539,JEFL,26,28,40,100.0,4000.0
2018-06-25,201806256250643,JSLBB,58,45,50,2945.0,147250.0
2018-06-25,201806256250642,JSLBB,42,45,30,2950.0,88500.0
2018-06-25,201806256250641,JSLBB,55,45,12,2951.0,35412.0
2018-06-25,201806256250640,JSLBB,1,45,10,2952.0,29520.0
2018-06-25,201806256250483,KBL,56,28,1000,210.0,210000.0
2018-06-25,201806256250774,KSBBL,34,21,259,148.0,38332.0
2018-06-25,201806256250773,KSBBL,13,21,100,148.0,14800.0
2018-06-25,201806256250772,KSBBL,35,21,200,149.0,29800.0
2018-06-25,201806256250771,KSBBL,57,21,341,149.0,50809.0
2018-06-25,201806256250770,KSBBL,25,21,100,150.0,15000.0
2018-06-25,201806256250638,KSBBL,57,39,159,149.0,23691.0
2018-06-25,201806256250619,KSBBL,32,39,31,153.0,4743.0
2018-06-25,201806256250587,KSBBL,32,49,69,153.0,10557.0
2018-06-25,201806256250586,KSBBL,49,49,14,153.0,2142.0
2018-06-25,201806256250585,KSBBL,47,49,17,154.0,2618.0
2018-06-25,201806256250637,KSBBL,42,39,200,149.0,29800.0
2018-06-25,201806256250636,KSBBL,41,39,10,150.0,1500.0
2018-06-25,201806256250623,KSBBL,49,39,2000,151.0,302000.0
2018-06-25,201806256250622,KSBBL,8,39,2000,152.0,304000.0
2018-06-25,201806256250621,KSBBL,57,39,500,152.0,76000.0
2018-06-25,201806256250620,KSBBL,14,39,100,153.0,15300.0
2018-06-25,201806256250653,LBBL,52,56,16,146.0,2336.0
2018-06-25,201806256250903,LBL,49,49,7,255.0,1785.0
2018-06-25,201806256250891,LBL,49,49,7,255.0,1785.0
2018-06-25,201806256250840,LBL,49,16,1560,260.0,405600.0
2018-06-25,201806256250839,LBL,49,48,400,260.0,104000.0
2018-06-25,201806256250835,LBL,49,35,100,258.0,25800.0
2018-06-25,201806256250806,LBL,49,52,43,253.0,10879.0
2018-06-25,201806256250808,LGIL,39,51,112,552.0,61824.0
2018-06-25,201806256250768,LGIL,18,37,112,553.0,61936.0
2018-06-25,201806256250761,LGIL,22,37,56,554.0,31024.0
2018-06-25,201806256250759,LGIL,22,22,15,554.0,8310.0
2018-06-25,201806256250678,LGIL,22,52,49,554.0,27146.0
2018-06-25,201806256250682,LICN,22,39,50,1600.0,80000.0
2018-06-25,201806256250464,LICN,22,39,30,1600.0,48000.0
2018-06-25,201806256250701,MBL,28,50,19,210.0,3990.0
2018-06-25,201806256250827,MDB,43,43,34,283.0,9622.0
2018-06-25,201806256250884,MEGA,34,17,97,174.0,16878.0
2018-06-25,201806256250874,MEGA,48,17,97,174.0,16878.0
2018-06-25,201806256250836,MEGA,48,28,130,174.0,22620.0
2018-06-25,201806256250811,MEGA,45,39,200,175.0,35000.0
2018-06-25,201806256250810,MEGA,33,39,32,175.0,5600.0
2018-06-25,201806256250788,MEGA,33,39,120,175.0,21000.0
2018-06-25,201806256250669,MEGA,57,52,780,175.0,136500.0
2018-06-25,201806256250668,MEGA,45,52,20,175.0,3500.0
2018-06-25,201806256250624,MEGA,49,49,2187,175.0,382725.0
2018-06-25,201806256250583,MEGA,39,58,97,176.0,17072.0
2018-06-25,201806256250776,MEGA,48,42,150,174.0,26100.0
2018-06-25,201806256250705,MEGA,52,39,200,175.0,35000.0
2018-06-25,201806256250704,MEGA,16,39,100,175.0,17500.0
2018-06-25,201806256250703,MEGA,57,39,50,175.0,8750.0
2018-06-25,201806256250702,MEGA,57,39,106,175.0,18550.0
2018-06-25,201806256250685,MEGA,40,58,97,176.0,17072.0
2018-06-25,201806256250910,MERO,17,45,14,1043.0,14602.0
2018-06-25,201806256250740,MERO,1,1,14,1050.0,14700.0
2018-06-25,201806256250706,MERO,34,29,14,1050.0,14700.0
2018-06-25,201806256250501,MERO,56,16,12,1046.0,12552.0
2018-06-25,201806256250738,MLBL,4,52,2000,170.0,340000.0
2018-06-25,201806256250737,MLBL,51,52,390,170.0,66300.0
2018-06-25,201806256250658,MLBL,51,42,500,170.0,85000.0
2018-06-25,201806256250815,MNBBL,14,21,30,378.0,11340.0
2018-06-25,201806256250814,MNBBL,25,21,50,379.0,18950.0
2018-06-25,201806256250813,MNBBL,25,21,10,379.0,3790.0
2018-06-25,201806256250812,MNBBL,58,21,40,380.0,15200.0
2018-06-25,201806256250647,MNBBL,25,34,40,379.0,15160.0
2018-06-25,201806256250646,MNBBL,17,34,10,380.0,3800.0
2018-06-25,201806256250693,MSLB,34,53,30,2645.0,79350.0
2018-06-25,201806256250644,MSLB,32,19,30,2640.0,79200.0
2018-06-25,201806256250506,MSLB,7,54,5,2640.0,13200.0
2018-06-25,201806256250443,MSLB,54,11,100,2630.0,263000.0
2018-06-25,201806256250425,MSMBS,33,34,12,714.0,8568.0
2018-06-25,201806256250765,NABIL,1,16,300,931.0,279300.0
2018-06-25,201806256250764,NABIL,57,16,40,931.0,37240.0
2018-06-25,201806256250635,NABIL,57,49,60,931.0,55860.0
2018-06-25,201806256250634,NABIL,22,49,10,931.0,9310.0
2018-06-25,201806256250633,NABIL,49,49,10,931.0,9310.0
2018-06-25,201806256250632,NABIL,33,49,20,931.0,18620.0
2018-06-25,201806256250617,NABIL,49,56,40,931.0,37240.0
2018-06-25,201806256250512,NABIL,40,59,43,930.0,39990.0
2018-06-25,201806256250477,NABIL,40,29,50,930.0,46500.0
2018-06-25,201806256250445,NABIL,40,16,45,930.0,41850.0
2018-06-25,201806256250872,NBB,14,41,100,212.0,21200.0
2018-06-25,201806256250871,NBB,14,48,392,212.0,83104.0
2018-06-25,201806256250792,NBB,28,28,21432,209.0,4479288.0
2018-06-25,201806256250543,NBB,36,53,50,210.0,10500.0
2018-06-25,201806256250542,NBB,56,53,200,210.0,42000.0
2018-06-25,201806256250541,NBB,28,53,445,210.0,93450.0
2018-06-25,201806256250742,NBB,14,1,500,210.0,105000.0
2018-06-25,201806256250741,NBB,14,50,10,210.0,2100.0
2018-06-25,201806256250739,NBB,14,50,50,210.0,10500.0
2018-06-25,201806256250718,NBB,28,51,6,210.0,1260.0
2018-06-25,201806256250717,NBB,28,51,44,210.0,9240.0
2018-06-25,201806256250612,NBB,40,53,1305,210.0,274050.0
2018-06-25,201806256250538,NBBL,48,58,31,2500.0,77500.0
2018-06-25,201806256250537,NBBL,35,58,10,2511.0,25110.0
2018-06-25,201806256250728,NBL,42,21,300,293.0,87900.0
2018-06-25,201806256250708,NBL,14,21,440,293.0,128920.0
2018-06-25,201806256250615,NBL,56,21,600,293.0,175800.0
2018-06-25,201806256250529,NBL,58,29,100,294.0,29400.0
2018-06-25,201806256250528,NBL,28,29,176,294.0,51744.0
2018-06-25,201806256250639,NCCB,7,17,110,239.0,26290.0
2018-06-25,201806256250494,NCCB,43,21,30,238.0,7140.0
2018-06-25,201806256250752,NEF,4,34,500,8.7,4350.0
2018-06-25,201806256250662,NEF,41,28,3033,8.7,26387.1
2018-06-25,201806256250482,NGPL,1,16,11,170.0,1870.0
2018-06-25,201806256250824,NHPC,1,56,500,85.0,42500.0
2018-06-25,201806256250819,NHPC,1,21,500,85.0,42500.0
2018-06-25,201806256250913,NIB,59,11,53,622.0,32966.0
2018-06-25,201806256250912,NIB,59,14,232,622.0,144304.0
2018-06-25,201806256250911,NIB,59,57,424,622.0,263728.0
2018-06-25,201806256250818,NIB,22,43,50,621.0,31050.0
2018-06-25,201806256250775,NIB,22,21,200,621.0,124200.0
2018-06-25,201806256250750,NIB,22,22,100,621.0,62100.0
2018-06-25,201806256250440,NIB,25,58,37,621.0,22977.0
2018-06-25,201806256250709,NIB,22,19,15,620.0,9300.0
2018-06-25,201806256250659,NIB,1,26,500,621.0,310500.0
2018-06-25,201806256250546,NIB,25,39,13,621.0,8073.0
2018-06-25,201806256250522,NIB,33,57,20,622.0,12440.0
2018-06-25,201806256250513,NIB,54,57,200,622.0,124400.0
2018-06-25,201806256250474,NIB,1,1,37,621.0,22977.0
2018-06-25,201806256250777,NICA,45,11,70,313.0,21910.0
2018-06-25,201806256250762,NICA,45,17,100,314.0,31400.0
2018-06-25,201806256250823,NIL,22,21,99,552.0,54648.0
2018-06-25,201806256250822,NIL,19,21,21,552.0,11592.0
2018-06-25,201806256250821,NIL,53,21,50,553.0,27650.0
2018-06-25,201806256250754,NIL,34,34,351,553.0,194103.0
2018-06-25,201806256250569,NIL,19,58,39,552.0,21528.0
2018-06-25,201806256250503,NIL,19,34,190,552.0,104880.0
2018-06-25,201806256250442,NLG,21,7,10,875.0,8750.0
2018-06-25,201806256250441,NLG,21,22,10,874.0,8740.0
2018-06-25,201806256250909,NLIC,33,35,200,1006.0,201200.0
2018-06-25,201806256250547,NLIC,29,29,17,1005.0,17085.0
2018-06-25,201806256250521,NLIC,33,49,21,1005.0,21105.0
2018-06-25,201806256250520,NLIC,45,49,13,1005.0,13065.0
2018-06-25,201806256250519,NLIC,51,49,10,1005.0,10050.0
2018-06-25,201806256250518,NLIC,21,49,10,1006.0,10060.0
2018-06-25,201806256250500,NLIC,1,1,17,1007.0,17119.0
2018-06-25,201806256250478,NLIC,33,41,17,1005.0,17085.0
2018-06-25,201806256250451,NLIC,33,58,17,1005.0,17085.0
2018-06-25,201806256250428,NLIC,22,22,5,986.0,4930.0
2018-06-25,201806256250421,NLIC,22,29,5,986.0,4930.0
2018-06-25,201806256250793,NLICL,21,37,30,1215.0,36450.0
2018-06-25,201806256250796,NMB,16,44,1703,345.0,587535.0
2018-06-25,201806256250795,NMB,58,44,100,345.0,34500.0
2018-06-25,201806256250794,NMB,35,44,30,345.0,10350.0
2018-06-25,201806256250580,NMB,37,44,193,348.0,67164.0
2018-06-25,201806256250837,NMFBS,8,4,10,2215.0,22150.0
2018-06-25,201806256250826,NTC,34,38,120,725.0,87000.0
2018-06-25,201806256250825,NTC,34,38,20,725.0,14500.0
2018-06-25,201806256250755,NTC,34,29,48,725.0,34800.0
2018-06-25,201806256250731,ODBL,32,38,892,175.0,156100.0
2018-06-25,201806256250730,ODBL,32,38,1000,175.0,175000.0
2018-06-25,201806256250481,ODBL,32,42,1000,175.0,175000.0
2018-06-25,201806256250751,PCBL,50,10,100,290.0,29000.0
2018-06-25,201806256250736,PCBL,50,10,100,290.0,29000.0
2018-06-25,201806256250648,PCBL,35,34,50,290.0,14500.0
2018-06-25,201806256250568,PCBL,56,10,500,290.0,145000.0
2018-06-25,201806256250695,PFL,41,26,10,132.0,1320.0
2018-06-25,201806256250665,PFL,41,56,11,132.0,1452.0
2018-06-25,201806256250467,PFL,48,39,14,133.0,1862.0
2018-06-25,201806256250466,PFL,32,39,100,133.0,13300.0
2018-06-25,201806256250465,PFL,14,39,300,133.0,39900.0
2018-06-25,201806256250834,PIC,5,21,14,1155.0,16170.0
2018-06-25,201806256250833,PIC,19,21,10,1155.0,11550.0
2018-06-25,201806256250832,PIC,32,21,11,1157.0,12727.0
2018-06-25,201806256250831,PIC,11,21,30,1157.0,34710.0
2018-06-25,201806256250830,PIC,58,21,17,1158.0,19686.0
2018-06-25,201806256250829,PIC,41,21,10,1158.0,11580.0
2018-06-25,201806256250828,PIC,51,21,10,1159.0,11590.0
2018-06-25,201806256250697,PIC,18,18,1,1150.0,1150.0
2018-06-25,201806256250657,PIC,33,45,11,1159.0,12749.0
2018-06-25,201806256250579,PIC,33,28,10,1160.0,11600.0
2018-06-25,201806256250505,PIC,1,28,11,1160.0,12760.0
2018-06-25,201806256250897,PICL,36,25,30,784.0,23520.0
2018-06-25,201806256250896,PICL,10,25,20,785.0,15700.0
2018-06-25,201806256250719,PICL,36,25,260,784.0,203840.0
2018-06-25,201806256250915,PLIC,29,34,308,557.0,171556.0
2018-06-25,201806256250914,PLIC,33,34,105,557.0,58485.0
2018-06-25,201806256250848,PLIC,33,21,15,557.0,8355.0
2018-06-25,201806256250847,PLIC,45,21,30,558.0,16740.0
2018-06-25,201806256250846,PLIC,38,21,25,558.0,13950.0
2018-06-25,201806256250845,PLIC,54,21,80,558.0,44640.0
2018-06-25,201806256250687,PLIC,34,8,50,558.0,27900.0
2018-06-25,201806256250844,PLIC,51,21,50,558.0,27900.0
2018-06-25,201806256250843,PLIC,34,21,558,558.0,311364.0
2018-06-25,201806256250842,PLIC,33,21,23,560.0,12880.0
2018-06-25,201806256250801,PLIC,29,52,192,560.0,107520.0
2018-06-25,201806256250743,PLIC,33,21,97,560.0,54320.0
2018-06-25,201806256250722,PLIC,33,17,30,560.0,16800.0
2018-06-25,201806256250663,PRIN,45,20,500,508.0,254000.0
2018-06-25,201806256250809,PROFL,56,22,30,150.0,4500.0
2018-06-25,201806256250876,PRVU,33,28,300,188.0,56400.0
2018-06-25,201806256250875,PRVU,8,28,443,188.0,83284.0
2018-06-25,201806256250862,PRVU,8,21,557,188.0,104716.0
2018-06-25,201806256250861,PRVU,34,21,100,188.0,18800.0
2018-06-25,201806256250860,PRVU,59,21,200,188.0,37600.0
2018-06-25,201806256250447,PRVU,28,25,500,189.0,94500.0
2018-06-25,201806256250853,PRVU,4,21,107,189.0,20223.0
2018-06-25,201806256250766,PRVU,35,33,100,190.0,19000.0
2018-06-25,201806256250748,PRVU,42,33,50,190.0,9500.0
2018-06-25,201806256250499,PRVU,46,33,10,190.0,1900.0
2018-06-25,201806256250859,PRVU,49,21,150,188.0,28200.0
2018-06-25,201806256250858,PRVU,42,21,100,188.0,18800.0
2018-06-25,201806256250857,PRVU,36,21,15,188.0,2820.0
2018-06-25,201806256250856,PRVU,41,21,1000,189.0,189000.0
2018-06-25,201806256250855,PRVU,55,21,1000,189.0,189000.0
2018-06-25,201806256250854,PRVU,28,21,255,189.0,48195.0
2018-06-25,201806256250423,PURBL,7,53,15,175.0,2625.0
2018-06-25,201806256250696,RADHI,18,26,10,226.0,2260.0
2018-06-25,201806256250807,RBCLPO,10,35,10,10000.0,100000.0
2018-06-25,201806256250747,RHPC,1,38,6,122.0,732.0
2018-06-25,201806256250746,RHPC,1,38,59,122.0,7198.0
2018-06-25,201806256250745,RHPC,35,38,50,123.0,6150.0
2018-06-25,201806256250679,RSDC,17,50,10,544.0,5440.0
2018-06-25,201806256250414,RSDC,53,54,35,540.0,18900.0
2018-06-25,201806256250873,SADBL,4,21,200,147.0,29400.0
2018-06-25,201806256250870,SADBL,54,21,200,148.0,29600.0
2018-06-25,201806256250869,SADBL,34,21,200,149.0,29800.0
2018-06-25,201806256250868,SADBL,29,21,100,149.0,14900.0
2018-06-25,201806256250867,SADBL,29,21,100,149.0,14900.0
2018-06-25,201806256250866,SADBL,29,21,50,149.0,7450.0
2018-06-25,201806256250865,SADBL,53,21,900,150.0,135000.0
2018-06-25,201806256250864,SADBL,59,21,50,150.0,7500.0
2018-06-25,201806256250627,SANIMA,48,49,124,325.0,40300.0
2018-06-25,201806256250626,SANIMA,29,49,34,325.0,11050.0
2018-06-25,201806256250625,SANIMA,22,49,66,326.0,21516.0
2018-06-25,201806256250418,SANIMA,14,14,1141,327.0,373107.0
2018-06-25,201806256250417,SANIMA,14,14,300,327.0,98100.0
2018-06-25,201806256250789,SBI,40,16,360,500.0,180000.0
2018-06-25,201806256250614,SBI,37,16,24,500.0,12000.0
2018-06-25,201806256250613,SBI,37,29,50,499.0,24950.0
2018-06-25,201806256250536,SBI,14,56,65,499.0,32435.0
2018-06-25,201806256250511,SBI,38,56,10,499.0,4990.0
2018-06-25,201806256250444,SBI,1,56,40,499.0,19960.0
2018-06-25,201806256250727,SBL,17,11,252,300.0,75600.0
2018-06-25,201806256250726,SBL,55,11,151,300.0,45300.0
2018-06-25,201806256250725,SBL,34,11,200,300.0,60000.0
2018-06-25,201806256250724,SBL,20,11,100,300.0,30000.0
2018-06-25,201806256250723,SBL,28,11,70,300.0,21000.0
2018-06-25,201806256250699,SBL,25,1,160,301.0,48160.0
2018-06-25,201806256250698,SBL,28,1,50,301.0,15050.0
2018-06-25,201806256250535,SBL,35,11,100,301.0,30100.0
2018-06-25,201806256250534,SBL,45,11,500,301.0,150500.0
2018-06-25,201806256250533,SBL,1,11,100,301.0,30100.0
2018-06-25,201806256250532,SBL,52,11,200,302.0,60400.0
2018-06-25,201806256250531,SBL,14,11,200,303.0,60600.0
2018-06-25,201806256250744,SCB,1,16,300,745.0,223500.0
2018-06-25,201806256250508,SCB,1,1,20,745.0,14900.0
2018-06-25,201806256250457,SCB,35,29,20,750.0,15000.0
2018-06-25,201806256250456,SCB,35,16,15,750.0,11250.0
2018-06-25,201806256250684,SDESI,45,21,100,1680.0,168000.0
2018-06-25,201806256250683,SDESI,45,39,11,1670.0,18370.0
2018-06-25,201806256250517,SDESI,45,39,107,1670.0,178690.0
2018-06-25,201806256250516,SDESI,45,25,11,1669.0,18359.0
2018-06-25,201806256250515,SDESI,45,25,11,1669.0,18359.0
2018-06-25,201806256250514,SDESI,45,25,11,1669.0,18359.0
2018-06-25,201806256250502,SDESI,47,39,10,1670.0,16700.0
2018-06-25,201806256250470,SDESI,48,56,11,1669.0,18359.0
2018-06-25,201806256250430,SDESI,28,54,11,1655.0,18205.0
2018-06-25,201806256250424,SDESI,28,54,11,1655.0,18205.0
2018-06-25,201806256250887,SIC,40,21,100,1306.0,130600.0
2018-06-25,201806256250578,SIC,20,53,100,1307.0,130700.0
2018-06-25,201806256250577,SIC,53,53,100,1310.0,131000.0
2018-06-25,201806256250850,SINDU,29,51,500,126.0,63000.0
2018-06-25,201806256250849,SINDU,29,51,500,126.0,63000.0
2018-06-25,201806256250791,SINDU,29,51,50,128.0,6400.0
2018-06-25,201806256250630,SINDU,32,26,300,126.0,37800.0
2018-06-25,201806256250629,SINDU,47,26,68,126.0,8568.0
2018-06-25,201806256250582,SINDU,34,51,495,126.0,62370.0
2018-06-25,201806256250581,SINDU,37,51,50,127.0,6350.0
2018-06-25,201806256250901,SKBBL,49,21,20,1150.0,23000.0
2018-06-25,201806256250900,SKBBL,42,21,10,1150.0,11500.0
2018-06-25,201806256250899,SKBBL,55,21,50,1151.0,57550.0
2018-06-25,201806256250898,SKBBL,50,21,20,1151.0,23020.0
2018-06-25,201806256250817,SKBBL,49,1,50,1155.0,57750.0
2018-06-25,201806256250756,SKBBL,56,1,50,1155.0,57750.0
2018-06-25,201806256250563,SKBBL,29,49,12,1160.0,13920.0
2018-06-25,201806256250735,SLBBL,39,39,50,1605.0,80250.0
2018-06-25,201806256250720,SLBBL,38,39,200,1630.0,326000.0
2018-06-25,201806256250544,SLBBL,55,39,50,1630.0,81500.0
2018-06-25,201806256250690,SLICL,34,58,350,665.0,232750.0
2018-06-25,201806256250664,SLICL,22,58,300,665.0,199500.0
2018-06-25,201806256250628,SLICL,8,58,135,665.0,89775.0
2018-06-25,201806256250576,SLICL,46,58,55,665.0,36575.0
2018-06-25,201806256250575,SLICL,46,58,50,665.0,33250.0
2018-06-25,201806256250574,SLICL,32,58,50,666.0,33300.0
2018-06-25,201806256250573,SLICL,58,58,50,666.0,33300.0
2018-06-25,201806256250572,SLICL,53,58,100,666.0,66600.0
2018-06-25,201806256250571,SLICL,19,58,30,666.0,19980.0
2018-06-25,201806256250570,SLICL,35,58,30,668.0,20040.0
2018-06-25,201806256250804,SMATA,39,32,12,2075.0,24900.0
2018-06-25,201806256250803,SMATA,21,49,12,2075.0,24900.0
2018-06-25,201806256250733,SMATA,21,32,12,2075.0,24900.0
2018-06-25,201806256250721,SMATA,14,32,12,2076.0,24912.0
2018-06-25,201806256250716,SMATA,41,13,12,2090.0,25080.0
2018-06-25,201806256250715,SMATA,41,13,12,2090.0,25080.0
2018-06-25,201806256250422,SMATA,45,21,12,2080.0,24960.0
2018-06-25,201806256250419,SMATA,40,21,12,2080.0,24960.0
2018-06-25,201806256250567,SMATA,1,1,12,2076.0,24912.0
2018-06-25,201806256250548,SMATA,1,1,12,2076.0,24912.0
2018-06-25,201806256250530,SMATA,1,1,12,2076.0,24912.0
2018-06-25,201806256250507,SMATA,1,1,12,2085.0,25020.0
2018-06-25,201806256250475,SMATA,21,38,12,2080.0,24960.0
2018-06-25,201806256250450,SMATA,39,22,12,2080.0,24960.0
2018-06-25,201806256250714,SMATA,41,46,12,2090.0,25080.0
2018-06-25,201806256250713,SMATA,41,43,12,2089.0,25068.0
2018-06-25,201806256250712,SMATA,41,5,12,2088.0,25056.0
2018-06-25,201806256250711,SMATA,41,11,12,2087.0,25044.0
2018-06-25,201806256250645,SMATA,17,11,12,2085.0,25020.0
2018-06-25,201806256250584,SMATA,39,39,11,2081.0,22891.0
2018-06-25,201806256250504,SMFDB,36,22,20,950.0,19000.0
2018-06-25,201806256250732,SPDL,1,1,15,130.0,1950.0
2018-06-25,201806256250894,SWBBL,57,21,50,1226.0,61300.0
2018-06-25,201806256250893,SWBBL,50,21,50,1227.0,61350.0
2018-06-25,201806256250805,UFL,8,21,30,160.0,4800.0
2018-06-25,201806256250790,UFL,8,35,100,162.0,16200.0
2018-06-25,201806256250902,VLBS,46,44,500,760.0,380000.0
2018-06-25,201806256250523,VLBS,34,45,100,754.0,75400.0
2018-06-25,201806256248324,ADBL,49,49,30,314.0,9420.0
2018-06-25,201806256248227,ADBL,4,4,87,313.0,27231.0
2018-06-25,201806256248176,ADBL,4,4,87,316.0,27492.0
2018-06-25,201806256248297,AHPC,41,22,500,159.0,79500.0
2018-06-25,201806256248181,AHPC,4,4,55,161.0,8855.0
2018-06-25,201806256248355,AKPL,38,38,10,282.0,2820.0
2018-06-25,201806256248183,ALICL,4,4,47,692.0,32524.0
2018-06-25,201806256248348,API,33,17,17,294.0,4998.0
2018-06-25,201806256248347,API,33,10,29,294.0,8526.0
2018-06-25,201806256248346,API,33,10,29,294.0,8526.0
2018-06-25,201806256248345,API,33,10,29,294.0,8526.0
2018-06-25,201806256248344,API,33,10,29,294.0,8526.0
2018-06-25,201806256248343,API,33,10,29,294.0,8526.0
2018-06-25,201806256248342,API,33,10,29,294.0,8526.0
2018-06-25,201806256248238,API,28,10,29,289.0,8381.0
2018-06-25,201806256248237,API,28,10,29,289.0,8381.0
2018-06-25,201806256248236,API,39,10,29,289.0,8381.0
2018-06-25,201806256248229,API,22,22,28,293.0,8204.0
2018-06-25,201806256248341,BOKL,36,37,40,265.0,10600.0
2018-06-25,201806256248314,BPCL,39,39,20,449.0,8980.0
2018-06-25,201806256248313,BPCL,39,39,20,449.0,8980.0
2018-06-25,201806256248312,BPCL,39,39,20,449.0,8980.0
2018-06-25,201806256248309,BPCL,39,39,20,449.0,8980.0
2018-06-25,201806256248308,BPCL,39,39,20,449.0,8980.0
2018-06-25,201806256248245,BPCL,40,40,20,449.0,8980.0
2018-06-25,201806256248244,BPCL,40,40,20,449.0,8980.0
2018-06-25,201806256248243,BPCL,40,40,20,449.0,8980.0
2018-06-25,201806256248242,BPCL,40,40,20,449.0,8980.0
2018-06-25,201806256248241,BPCL,40,40,20,448.0,8960.0
2018-06-25,201806256248251,BPCL,40,40,20,449.0,8980.0
2018-06-25,201806256248250,BPCL,40,40,20,449.0,8980.0
2018-06-25,201806256248249,BPCL,40,40,20,449.0,8980.0
2018-06-25,201806256248248,BPCL,40,40,20,449.0,8980.0
2018-06-25,201806256248247,BPCL,40,40,20,449.0,8980.0
2018-06-25,201806256248246,BPCL,40,40,20,449.0,8980.0
2018-06-25,201806256248261,BPCL,5,5,50,447.0,22350.0
2018-06-25,201806256248258,BPCL,5,5,30,447.0,13410.0
2018-06-25,201806256248255,BPCL,5,5,30,447.0,13410.0
2018-06-25,201806256248254,BPCL,40,40,20,449.0,8980.0
2018-06-25,201806256248253,BPCL,40,40,20,449.0,8980.0
2018-06-25,201806256248252,BPCL,40,40,20,449.0,8980.0
2018-06-25,201806256248272,BPCL,5,5,50,449.0,22450.0
2018-06-25,201806256248270,BPCL,5,5,50,449.0,22450.0
2018-06-25,201806256248268,BPCL,5,5,50,449.0,22450.0
2018-06-25,201806256248267,BPCL,5,5,50,449.0,22450.0
2018-06-25,201806256248266,BPCL,5,5,50,449.0,22450.0
2018-06-25,201806256248263,BPCL,40,40,20,449.0,8980.0
2018-06-25,201806256248284,BPCL,5,5,50,449.0,22450.0
2018-06-25,201806256248283,BPCL,5,5,50,449.0,22450.0
2018-06-25,201806256248282,BPCL,36,42,10,449.0,4490.0
2018-06-25,201806256248280,BPCL,5,5,50,449.0,22450.0
2018-06-25,201806256248278,BPCL,5,5,50,449.0,22450.0
2018-06-25,201806256248275,BPCL,5,5,50,449.0,22450.0
2018-06-25,201806256248300,BPCL,5,5,30,449.0,13470.0
2018-06-25,201806256248295,BPCL,5,5,30,449.0,13470.0
2018-06-25,201806256248294,BPCL,5,5,50,449.0,22450.0
2018-06-25,201806256248292,BPCL,5,5,50,449.0,22450.0
2018-06-25,201806256248290,BPCL,5,5,50,449.0,22450.0
2018-06-25,201806256248285,BPCL,5,5,50,449.0,22450.0
2018-06-25,201806256248338,CBL,52,49,33,151.0,4983.0
2018-06-25,201806256248337,CBL,13,49,51,151.0,7701.0
2018-06-25,201806256248319,CBL,13,28,17,151.0,2567.0
2018-06-25,201806256248232,CBL,4,4,20,151.0,3020.0
2018-06-25,201806256248201,CBL,41,41,8,150.0,1200.0
2018-06-25,201806256248317,CCBL,57,49,83,166.0,13778.0
2018-06-25,201806256248311,CCBL,57,49,216,166.0,35856.0
2018-06-25,201806256248310,CCBL,49,49,28,167.0,4676.0
2018-06-25,201806256248307,CCBL,25,25,111,167.0,18537.0
2018-06-25,201806256248301,CCBL,57,49,143,166.0,23738.0
2018-06-25,201806256248298,CCBL,49,49,83,167.0,13861.0
2018-06-25,201806256248276,CCBL,49,49,32,166.0,5312.0
2018-06-25,201806256248269,CCBL,57,51,39,168.0,6552.0
2018-06-25,201806256248184,CCBL,4,4,25,167.0,4175.0
2018-06-25,201806256248289,CZBIL,32,14,100,245.0,24500.0
2018-06-25,201806256248288,CZBIL,57,14,54,245.0,13230.0
2018-06-25,201806256248287,CZBIL,5,14,20,246.0,4920.0
2018-06-25,201806256248230,CZBIL,57,49,246,248.0,61008.0
2018-06-25,201806256248357,EBL,29,49,42,675.0,28350.0
2018-06-25,201806256248259,GBBL,4,4,92,182.0,16744.0
2018-06-25,201806256248185,GBBL,4,4,92,181.0,16652.0
2018-06-25,201806256248376,GBIME,49,49,24,289.0,6936.0
2018-06-25,201806256248375,GBIME,49,49,34,289.0,9826.0
2018-06-25,201806256248372,GBIME,49,49,28,289.0,8092.0
2018-06-25,201806256248370,GBIME,49,49,23,289.0,6647.0
2018-06-25,201806256248340,GBIME,4,4,2,288.0,576.0
2018-06-25,201806256248291,GBIME,25,25,59,290.0,17110.0
2018-06-25,201806256248349,GDBL,4,4,52,189.0,9828.0
2018-06-25,201806256248233,GDBL,1,1,1425,191.0,272175.0
2018-06-25,201806256248186,GDBL,4,4,52,191.0,9932.0
2018-06-25,201806256248328,GFCL,57,57,3860,128.0,494080.0
2018-06-25,201806256248353,HIDCL,17,4,10,158.0,1580.0
2018-06-25,201806256248277,HIDCL,41,58,56,158.0,8848.0
2018-06-25,201806256248195,HIDCL,32,32,10,160.0,1600.0
2018-06-25,201806256248187,HIDCL,4,4,10,159.0,1590.0
2018-06-25,201806256248191,JBBL,32,32,28,136.0,3808.0
2018-06-25,201806256248378,JBNL,38,38,20,154.0,3080.0
2018-06-25,201806256248368,JBNL,41,14,270,153.0,41310.0
2018-06-25,201806256248331,JBNL,49,49,689,150.0,103350.0
2018-06-25,201806256248326,JBNL,41,49,10,153.0,1530.0
2018-06-25,201806256248174,KBL,4,4,1,209.0,209.0
2018-06-25,201806256248339,KEBL,52,52,18,223.0,4014.0
2018-06-25,201806256248385,KNBL,18,49,50,124.0,6200.0
2018-06-25,201806256248356,KRBL,4,4,13,116.0,1508.0
2018-06-25,201806256248350,KSBBL,52,52,82,154.0,12628.0
2018-06-25,201806256248330,KSBBL,32,49,124,155.0,19220.0
2018-06-25,201806256248367,LBL,4,4,7,252.0,1764.0
2018-06-25,201806256248188,MDB,4,4,69,286.0,19734.0
2018-06-25,201806256248391,MEGA,58,21,100,178.0,17800.0
2018-06-25,201806256248390,MEGA,53,21,899,178.0,160022.0
2018-06-25,201806256248387,MEGA,17,45,250,179.0,44750.0
2018-06-25,201806256248386,MEGA,5,45,325,179.0,58175.0
2018-06-25,201806256248374,MEGA,5,34,65,179.0,11635.0
2018-06-25,201806256248373,MEGA,5,52,110,179.0,19690.0
2018-06-25,201806256248228,MEGA,41,22,42,180.0,7560.0
2018-06-25,201806256248200,MEGA,41,45,58,178.0,10324.0
2018-06-25,201806256248333,MEGA,49,39,23,179.0,4117.0
2018-06-25,201806256248329,MEGA,53,28,101,177.0,17877.0
2018-06-25,201806256248296,MEGA,25,25,93,178.0,16554.0
2018-06-25,201806256248274,MEGA,22,8,100,177.0,17700.0
2018-06-25,201806256248235,MEGA,49,45,58,178.0,10324.0
2018-06-25,201806256248234,MEGA,22,49,81,177.0,14337.0
2018-06-25,201806256248334,MFIL,47,32,10,127.0,1270.0
2018-06-25,201806256248316,MFIL,48,47,50,125.0,6250.0
2018-06-25,201806256248371,MLBL,4,4,11,172.0,1892.0
2018-06-25,201806256248198,MNBBL,32,32,10,385.0,3850.0
2018-06-25,201806256248196,MNBBL,32,32,28,385.0,10780.0
2018-06-25,201806256248192,MNBBL,32,32,43,385.0,16555.0
2018-06-25,201806256248332,MSLB,5,5,45,2680.0,120600.0
2018-06-25,201806256248271,NBB,6,16,74,210.0,15540.0
2018-06-25,201806256248189,NCCB,4,4,18,237.0,4266.0
2018-06-25,201806256248388,NIB,40,14,30,629.0,18870.0
2018-06-25,201806256248299,NIB,25,25,37,625.0,23125.0
2018-06-25,201806256248225,NIB,1,1,37,625.0,23125.0
2018-06-25,201806256248224,NIB,1,1,37,625.0,23125.0
2018-06-25,201806256248223,NIB,1,1,37,625.0,23125.0
2018-06-25,201806256248222,NIB,1,1,37,625.0,23125.0
2018-06-25,201806256248203,NIB,1,1,37,625.0,23125.0
2018-06-25,201806256248202,NIB,1,1,37,625.0,23125.0
2018-06-25,201806256248180,NIB,32,32,3,610.0,1830.0
2018-06-25,201806256248179,NIB,32,32,3,610.0,1830.0
2018-06-25,201806256248178,NIB,32,32,3,610.0,1830.0
2018-06-25,201806256248177,NIB,32,32,3,610.0,1830.0
2018-06-25,201806256248209,NIB,1,1,37,625.0,23125.0
2018-06-25,201806256248208,NIB,1,1,37,625.0,23125.0
2018-06-25,201806256248207,NIB,1,1,37,625.0,23125.0
2018-06-25,201806256248206,NIB,1,1,37,625.0,23125.0
2018-06-25,201806256248205,NIB,1,1,37,625.0,23125.0
2018-06-25,201806256248204,NIB,1,1,37,625.0,23125.0
2018-06-25,201806256248215,NIB,1,1,37,625.0,23125.0
2018-06-25,201806256248214,NIB,1,1,37,625.0,23125.0
2018-06-25,201806256248213,NIB,1,1,37,625.0,23125.0
2018-06-25,201806256248212,NIB,1,1,37,625.0,23125.0
2018-06-25,201806256248211,NIB,1,1,37,625.0,23125.0
2018-06-25,201806256248210,NIB,1,1,37,625.0,23125.0
2018-06-25,201806256248221,NIB,1,1,37,625.0,23125.0
2018-06-25,201806256248220,NIB,1,1,37,625.0,23125.0
2018-06-25,201806256248219,NIB,1,1,37,625.0,23125.0
2018-06-25,201806256248218,NIB,1,1,37,625.0,23125.0
2018-06-25,201806256248217,NIB,1,1,37,625.0,23125.0
2018-06-25,201806256248216,NIB,1,1,37,625.0,23125.0
2018-06-25,201806256248377,NLG,4,4,22,891.0,19602.0
2018-06-25,201806256248286,NLIC,36,52,17,1014.0,17238.0
2018-06-25,201806256248197,NMB,32,32,14,349.0,4886.0
2018-06-25,201806256248173,NSEWA,51,22,10,327.0,3270.0
2018-06-25,201806256248182,ODBL,32,32,6,171.0,1026.0
2018-06-25,201806256248273,PCBL,32,32,189,289.0,54621.0
2018-06-25,201806256248304,PLIC,42,26,50,567.0,28350.0
2018-06-25,201806256248303,PLIC,50,26,50,568.0,28400.0
2018-06-25,201806256248226,PLIC,42,42,450,567.0,255150.0
2018-06-25,201806256248382,PRVU,34,4,32,191.0,6112.0
2018-06-25,201806256248190,PRVU,4,4,32,192.0,6144.0
2018-06-25,201806256248380,SANIMA,28,50,100,327.0,32700.0
2018-06-25,201806256248379,SANIMA,28,50,101,326.0,32926.0
2018-06-25,201806256248366,SANIMA,19,50,100,326.0,32600.0
2018-06-25,201806256248365,SANIMA,22,50,100,326.0,32600.0
2018-06-25,201806256248264,SBI,32,32,100,496.0,49600.0
2018-06-25,201806256248262,SBL,32,32,100,305.0,30500.0
2018-06-25,201806256248306,SCB,22,49,20,750.0,15000.0
2018-06-25,201806256248240,SCB,32,32,200,740.0,148000.0
2018-06-25,201806256248305,SHINE,25,25,368,268.0,98624.0
2018-06-25,201806256248384,SHPC,49,4,18,330.0,5940.0
2018-06-25,201806256248381,SLICL,39,58,30,686.0,20580.0
2018-06-25,201806256248364,SLICL,46,58,150,688.0,103200.0
2018-06-25,201806256248336,SLICL,34,58,300,688.0,206400.0
2018-06-25,201806256248302,SLICL,34,7,50,688.0,34400.0
2018-06-25,201806256248293,SLICL,42,39,20,680.0,13600.0
2018-06-25,201806256248175,SLICL,4,4,6,682.0,4092.0
2018-06-25,201806256248354,SMATA,21,57,12,2060.0,24720.0
2018-06-25,201806256248352,SMATA,58,57,12,2061.0,24732.0
2018-06-25,201806256248327,SMATA,22,22,12,2062.0,24744.0
2018-06-25,201806256248325,SMATA,5,5,10,2080.0,20800.0
2018-06-25,201806256248323,SMATA,5,5,10,2080.0,20800.0
2018-06-25,201806256248322,SMATA,22,22,12,2062.0,24744.0
2018-06-25,201806256248320,SMATA,5,5,10,2080.0,20800.0
2018-06-25,201806256248265,SMATA,1,49,12,2095.0,25140.0
2018-06-25,201806256248260,SMATA,39,45,12,2085.0,25020.0
2018-06-25,201806256248256,SMATA,39,45,12,2085.0,25020.0
2018-06-25,201806256248239,SMATA,22,22,12,2086.0,25032.0
2018-06-25,201806256248369,SPDL,38,38,10,126.0,1260.0
2018-06-25,201806256248335,SRBL,19,45,11,221.0,2431.0
2018-06-25,201806256248389,UMHL,59,45,50,168.0,8400.0
2018-06-25,201806256248383,UMHL,38,38,10,171.0,1710.0
2018-06-25,201806256248279,UMHL,36,16,10,171.0,1710.0
2018-06-25,201806256249180,ADBL,43,34,44,314.0,13816.0
2018-06-25,201806256248965,ADBL,43,45,100,313.0,31300.0
2018-06-25,201806256249142,AKPL,54,54,20,279.0,5580.0
2018-06-25,201806256249355,ALICL,17,40,20,679.0,13580.0
2018-06-25,201806256249217,ALICL,17,51,80,679.0,54320.0
2018-06-25,201806256249177,ALICL,4,4,90,681.0,61290.0
2018-06-25,201806256249151,API,54,54,29,293.0,8497.0
2018-06-25,201806256249244,BPCL,13,28,40,440.0,17600.0
2018-06-25,201806256249243,BPCL,58,28,100,440.0,44000.0
2018-06-25,201806256249208,BPCL,41,39,50,445.0,22250.0
2018-06-25,201806256249169,BPCL,54,54,100,446.0,44600.0
2018-06-25,201806256248918,BPCL,43,36,20,444.0,8880.0
2018-06-25,201806256249242,BPCL,20,28,100,441.0,44100.0
2018-06-25,201806256249241,BPCL,59,28,300,441.0,132300.0
2018-06-25,201806256249240,BPCL,53,28,20,442.0,8840.0
2018-06-25,201806256249239,BPCL,29,28,200,442.0,88400.0
2018-06-25,201806256249238,BPCL,51,28,200,443.0,88600.0
2018-06-25,201806256249237,BPCL,43,28,40,444.0,17760.0
2018-06-25,201806256249328,CBBL,49,17,100,895.0,89500.0
2018-06-25,201806256249327,CBBL,6,17,50,895.0,44750.0
2018-06-25,201806256249326,CBBL,45,17,10,900.0,9000.0
2018-06-25,201806256249330,CBL,45,14,1174,151.0,177274.0
2018-06-25,201806256249317,CBL,45,49,242,151.0,36542.0
2018-06-25,201806256249306,CBL,45,22,500,151.0,75500.0
2018-06-25,201806256249272,CBL,45,4,12,151.0,1812.0
2018-06-25,201806256249236,CBL,45,28,100,152.0,15200.0
2018-06-25,201806256249118,CBL,14,11,341,152.0,51832.0
2018-06-25,201806256248924,CBL,45,11,20,151.0,3020.0
2018-06-25,201806256248896,CBL,51,35,100,150.0,15000.0
2018-06-25,201806256249117,CBL,14,8,78,152.0,11856.0
2018-06-25,201806256249089,CBL,17,8,200,152.0,30400.0
2018-06-25,201806256249026,CBL,57,8,60,152.0,9120.0
2018-06-25,201806256249025,CBL,57,16,40,152.0,6080.0
2018-06-25,201806256248987,CBL,45,17,31,151.0,4681.0
2018-06-25,201806256248925,CBL,45,34,21,151.0,3171.0
2018-06-25,201806256249393,CCBL,56,38,400,165.0,66000.0
2018-06-25,201806256249392,CCBL,44,38,2500,165.0,412500.0
2018-06-25,201806256249391,CCBL,17,38,500,165.0,82500.0
2018-06-25,201806256249390,CCBL,44,38,100,165.0,16500.0
2018-06-25,201806256249389,CCBL,52,38,200,165.0,33000.0
2018-06-25,201806256249388,CCBL,5,38,100,165.0,16500.0
2018-06-25,201806256249035,CCBL,57,8,100,167.0,16700.0
2018-06-25,201806256249012,CCBL,5,39,23,166.0,3818.0
2018-06-25,201806256248989,CCBL,5,32,36,166.0,5976.0
2018-06-25,201806256248917,CCBL,5,39,23,166.0,3818.0
2018-06-25,201806256249211,CCBL,57,42,654,166.0,108564.0
2018-06-25,201806256249163,CCBL,57,8,1346,166.0,223436.0
2018-06-25,201806256249105,CCBL,44,57,1177,166.0,195382.0
2018-06-25,201806256249104,CCBL,5,57,223,166.0,37018.0
2018-06-25,201806256249096,CCBL,17,8,100,167.0,16700.0
2018-06-25,201806256249081,CCBL,5,39,23,166.0,3818.0
2018-06-25,201806256249387,CCBL,5,38,100,165.0,16500.0
2018-06-25,201806256249386,CCBL,34,38,275,165.0,45375.0
2018-06-25,201806256249385,CCBL,22,38,20,165.0,3300.0
2018-06-25,201806256249369,CCBL,34,4,25,165.0,4125.0
2018-06-25,201806256249245,CCBL,17,47,500,165.0,82500.0
2018-06-25,201806256249212,CCBL,47,42,100,166.0,16600.0
2018-06-25,201806256249269,CHCL,13,52,100,750.0,75000.0
2018-06-25,201806256249259,CHCL,48,56,107,751.0,80357.0
2018-06-25,201806256249235,CHCL,52,52,200,750.0,150000.0
2018-06-25,201806256249189,CHCL,48,10,93,751.0,69843.0
2018-06-25,201806256249188,CHCL,56,10,25,752.0,18800.0
2018-06-25,201806256249187,CHCL,29,10,326,752.0,245152.0
2018-06-25,201806256249186,CHCL,52,10,46,752.0,34592.0
2018-06-25,201806256249185,CHCL,42,10,10,756.0,7560.0
2018-06-25,201806256248919,CHCL,52,39,13,752.0,9776.0
2018-06-25,201806256248926,CHL,34,17,10,145.0,1450.0
2018-06-25,201806256249325,CZBIL,25,25,8157,241.0,1965837.0
2018-06-25,201806256249309,CZBIL,25,39,510,237.0,120870.0
2018-06-25,201806256249248,CZBIL,49,42,148,234.0,34632.0
2018-06-25,201806256249216,CZBIL,43,42,200,234.0,46800.0
2018-06-25,201806256249178,CZBIL,49,8,16,233.0,3728.0
2018-06-25,201806256249175,CZBIL,35,8,100,236.0,23600.0
2018-06-25,201806256249174,CZBIL,38,8,50,236.0,11800.0
2018-06-25,201806256249173,CZBIL,54,8,500,237.0,118500.0
2018-06-25,201806256249172,CZBIL,4,8,759,240.0,182160.0
2018-06-25,201806256248964,CZBIL,35,35,3000,240.0,720000.0
2018-06-25,201806256249133,DBBL,5,51,50,132.0,6600.0
2018-06-25,201806256249171,DHPL,54,54,10,110.0,1100.0
2018-06-25,201806256249043,DHPL,17,17,10,108.0,1080.0
2018-06-25,201806256249002,DHPL,45,51,10,108.0,1080.0
2018-06-25,201806256249399,EBL,42,47,36,668.0,24048.0
2018-06-25,201806256249398,EBL,18,47,100,668.0,66800.0
2018-06-25,201806256249397,EBL,41,47,500,669.0,334500.0
2018-06-25,201806256249396,EBL,14,47,17,670.0,11390.0
2018-06-25,201806256249336,EBL,35,29,100,670.0,67000.0
2018-06-25,201806256249197,EBL,47,56,18,674.0,12132.0
2018-06-25,201806256249196,EBL,47,19,19,674.0,12806.0
2018-06-25,201806256249195,EBL,47,19,13,674.0,8762.0
2018-06-25,201806256248985,EBL,50,14,50,670.0,33500.0
2018-06-25,201806256248984,EBL,14,14,20,670.0,13400.0
2018-06-25,201806256248983,EBL,38,14,100,670.0,67000.0
2018-06-25,201806256249041,FMDBL,53,39,100,550.0,55000.0
2018-06-25,201806256249182,FOWAD,54,54,26,2220.0,57720.0
2018-06-25,201806256249400,GBBL,4,4,92,181.0,16652.0
2018-06-25,201806256249329,GBBL,5,47,111,179.0,19869.0
2018-06-25,201806256248930,GBBL,5,39,53,179.0,9487.0
2018-06-25,201806256249284,GBIME,34,46,39,287.0,11193.0
2018-06-25,201806256249283,GBIME,49,46,91,287.0,26117.0
2018-06-25,201806256249282,GBIME,55,46,20,287.0,5740.0
2018-06-25,201806256249191,GBIME,55,8,980,287.0,281260.0
2018-06-25,201806256249190,GBIME,55,8,34,288.0,9792.0
2018-06-25,201806256248981,GBIME,55,45,100,288.0,28800.0
2018-06-25,201806256248951,GBIME,55,8,866,288.0,249408.0
2018-06-25,201806256248950,GBIME,34,8,100,288.0,28800.0
2018-06-25,201806256248949,GBIME,52,8,76,288.0,21888.0
2018-06-25,201806256249354,GBLBS,20,17,10,607.0,6070.0
2018-06-25,201806256249353,GBLBS,20,17,10,607.0,6070.0
2018-06-25,201806256249351,GBLBS,20,17,10,607.0,6070.0
2018-06-25,201806256249350,GBLBS,20,17,10,607.0,6070.0
2018-06-25,201806256249349,GBLBS,20,17,10,607.0,6070.0
2018-06-25,201806256248947,GBLBS,58,39,10,606.0,6060.0
2018-06-25,201806256248900,GBLBS,40,40,10,608.0,6080.0
2018-06-25,201806256248977,GDBL,42,14,1000,191.0,191000.0
2018-06-25,201806256248976,GDBL,5,14,500,191.0,95500.0
2018-06-25,201806256248975,GDBL,28,14,500,192.0,96000.0
2018-06-25,201806256248974,GDBL,22,14,50,192.0,9600.0
2018-06-25,201806256249160,GFCL,26,47,100,126.0,12600.0
2018-06-25,201806256249233,GLICL,40,8,32,871.0,27872.0
2018-06-25,201806256249232,GLICL,49,8,100,875.0,87500.0
2018-06-25,201806256249231,GLICL,26,8,84,876.0,73584.0
2018-06-25,201806256249256,HBL,42,17,100,555.0,55500.0
2018-06-25,201806256249361,HDL,55,45,10,1279.0,12790.0
2018-06-25,201806256249323,HIDCL,6,40,500,154.0,77000.0
2018-06-25,201806256249250,HIDCL,6,8,261,154.0,40194.0
2018-06-25,201806256249206,HIDCL,54,54,12,155.0,1860.0
2018-06-25,201806256248986,HIDCL,6,8,11,154.0,1694.0
2018-06-25,201806256248973,HIDCL,6,8,228,154.0,35112.0
2018-06-25,201806256248972,HIDCL,50,8,22,155.0,3410.0
2018-06-25,201806256248893,HIDCL,54,54,23,155.0,3565.0
2018-06-25,201806256249226,HPPL,54,54,10,292.0,2920.0
2018-06-25,201806256249251,JBNL,56,56,7505,147.0,1103235.0
2018-06-25,201806256249193,JBNL,56,56,2000,149.0,298000.0
2018-06-25,201806256249152,JBNL,58,56,4995,148.0,739260.0
2018-06-25,201806256249150,JBNL,58,56,35,151.0,5285.0
2018-06-25,201806256249149,JBNL,37,56,100,152.0,15200.0
2018-06-25,201806256249148,JBNL,41,56,150,153.0,22950.0
2018-06-25,201806256249147,JBNL,41,56,95,153.0,14535.0
2018-06-25,201806256249146,JBNL,57,56,100,154.0,15400.0
2018-06-25,201806256249145,JBNL,35,56,10,154.0,1540.0
2018-06-25,201806256249144,JBNL,29,56,10,154.0,1540.0
2018-06-25,201806256248960,JBNL,29,4,32,154.0,4928.0
2018-06-25,201806256249285,JEFL,26,21,110,103.0,11330.0
2018-06-25,201806256249401,KBL,51,5,1000,210.0,210000.0
2018-06-25,201806256249246,KBL,45,58,100,212.0,21200.0
2018-06-25,201806256248932,KBL,45,43,235,211.0,49585.0
2018-06-25,201806256248931,KBL,45,48,830,211.0,175130.0
2018-06-25,201806256249247,KKHC,54,54,10,112.0,1120.0
2018-06-25,201806256249383,KNBL,48,13,50,124.0,6200.0
2018-06-25,201806256249130,KSBBL,57,47,100,157.0,15700.0
2018-06-25,201806256249129,KSBBL,26,47,290,157.0,45530.0
2018-06-25,201806256249085,KSBBL,26,14,200,157.0,31400.0
2018-06-25,201806256249083,KSBBL,26,39,55,157.0,8635.0
2018-06-25,201806256249023,KSBBL,26,39,55,157.0,8635.0
2018-06-25,201806256249359,LBL,32,8,253,245.0,61985.0
2018-06-25,201806256249346,LBL,53,8,2000,241.0,482000.0
2018-06-25,201806256249345,LBL,58,8,500,245.0,122500.0
2018-06-25,201806256249344,LBL,47,8,50,245.0,12250.0
2018-06-25,201806256249343,LBL,40,8,300,245.0,73500.0
2018-06-25,201806256249342,LBL,45,8,800,246.0,196800.0
2018-06-25,201806256249014,LBL,4,8,400,254.0,101600.0
2018-06-25,201806256249013,LBL,39,8,100,254.0,25400.0
2018-06-25,201806256249289,LBL,42,8,10,253.0,2530.0
2018-06-25,201806256249022,LBL,11,8,500,249.0,124500.0
2018-06-25,201806256249018,LBL,55,8,100,251.0,25100.0
2018-06-25,201806256249017,LBL,34,8,200,251.0,50200.0
2018-06-25,201806256249016,LBL,17,8,100,251.0,25100.0
2018-06-25,201806256249015,LBL,11,8,50,251.0,12550.0
2018-06-25,201806256249310,LBL,38,8,1633,245.0,400085.0
2018-06-25,201806256249305,LBL,35,8,100,245.0,24500.0
2018-06-25,201806256249293,LBL,58,8,500,250.0,125000.0
2018-06-25,201806256249292,LBL,49,8,100,251.0,25100.0
2018-06-25,201806256249291,LBL,45,8,100,253.0,25300.0
2018-06-25,201806256249290,LBL,42,8,10,253.0,2530.0
2018-06-25,201806256249263,MBL,22,49,100,210.0,21000.0
2018-06-25,201806256249164,MDB,51,21,31,282.0,8742.0
2018-06-25,201806256249301,MEGA,28,22,430,176.0,75680.0
2018-06-25,201806256249300,MEGA,46,22,55,176.0,9680.0
2018-06-25,201806256249299,MEGA,19,22,33,176.0,5808.0
2018-06-25,201806256249288,MEGA,28,22,56,176.0,9856.0
2018-06-25,201806256249287,MEGA,57,57,4,175.0,700.0
2018-06-25,201806256249286,MEGA,44,44,4,177.0,708.0
2018-06-25,201806256248980,MEGA,19,4,23,176.0,4048.0
2018-06-25,201806256249209,MEGA,57,57,4,175.0,700.0
2018-06-25,201806256249192,MEGA,57,57,4,175.0,700.0
2018-06-25,201806256249103,MEGA,57,57,4,175.0,700.0
2018-06-25,201806256249087,MEGA,42,45,10,177.0,1770.0
2018-06-25,201806256249086,MEGA,42,28,10,177.0,1770.0
2018-06-25,201806256249021,MEGA,57,28,100,177.0,17700.0
2018-06-25,201806256249275,MEGA,57,57,4,175.0,700.0
2018-06-25,201806256249265,MEGA,42,45,50,177.0,8850.0
2018-06-25,201806256249262,MEGA,57,57,4,175.0,700.0
2018-06-25,201806256249249,MEGA,57,57,4,175.0,700.0
2018-06-25,201806256249229,MEGA,28,42,110,176.0,19360.0
2018-06-25,201806256249228,MEGA,57,57,4,175.0,700.0
2018-06-25,201806256248946,MEGAPO,21,11,13246,110.0,1457060.0
2018-06-25,201806256249170,MERO,21,29,1,1062.0,1062.0
2018-06-25,201806256248978,MERO,47,39,14,1042.0,14588.0
2018-06-25,201806256249322,MLBL,51,47,110,170.0,18700.0
2018-06-25,201806256249320,MLBL,16,47,90,171.0,15390.0
2018-06-25,201806256249048,MLBL,16,41,100,171.0,17100.0
2018-06-25,201806256248982,MMFDB,58,45,13,1590.0,20670.0
2018-06-25,201806256248927,MMFDB,19,44,30,1585.0,47550.0
2018-06-25,201806256248933,MNBBL,20,36,100,380.0,38000.0
2018-06-25,201806256249356,MSLB,7,45,15,2640.0,39600.0
2018-06-25,201806256249111,MSLB,48,25,5,2593.0,12965.0
2018-06-25,201806256249108,MSLB,48,25,5,2593.0,12965.0
2018-06-25,201806256249059,MSLB,29,29,5,2593.0,12965.0
2018-06-25,201806256248921,MSLB,54,54,15,2645.0,39675.0
2018-06-25,201806256249315,NABIL,29,59,20,941.0,18820.0
2018-06-25,201806256249062,NABIL,13,3,20,940.0,18800.0
2018-06-25,201806256249061,NABIL,35,3,70,940.0,65800.0
2018-06-25,201806256249060,NABIL,55,3,50,940.0,47000.0
2018-06-25,201806256248945,NABIL,19,36,20,942.0,18840.0
2018-06-25,201806256249365,NBB,55,8,937,209.0,195833.0
2018-06-25,201806256249057,NBB,55,8,158,209.0,33022.0
2018-06-25,201806256249056,NBB,14,8,100,209.0,20900.0
2018-06-25,201806256249055,NBB,44,8,100,210.0,21000.0
2018-06-25,201806256249054,NBB,34,8,200,210.0,42000.0
2018-06-25,201806256249053,NBB,25,8,500,210.0,105000.0
2018-06-25,201806256249052,NBB,6,8,200,210.0,42000.0
2018-06-25,201806256249051,NBB,6,8,76,210.0,15960.0
2018-06-25,201806256249050,NBB,49,8,200,211.0,42200.0
2018-06-25,201806256249049,NBB,17,8,200,211.0,42200.0
2018-06-25,201806256249110,NBL,42,59,722,292.0,210824.0
2018-06-25,201806256249109,NBL,14,59,50,293.0,14650.0
2018-06-25,201806256249074,NBL,42,8,904,292.0,263968.0
2018-06-25,201806256249073,NBL,53,8,1000,293.0,293000.0
2018-06-25,201806256249072,NBL,36,8,500,293.0,146500.0
2018-06-25,201806256249071,NBL,4,8,100,293.0,29300.0
2018-06-25,201806256249070,NBL,43,8,300,294.0,88200.0
2018-06-25,201806256249069,NBL,32,8,500,294.0,147000.0
2018-06-25,201806256249068,NBL,32,8,300,294.0,88200.0
2018-06-25,201806256249067,NBL,34,8,150,294.0,44100.0
2018-06-25,201806256249066,NBL,28,8,330,295.0,97350.0
2018-06-25,201806256249215,NCCB,48,21,100,236.0,23600.0
2018-06-25,201806256249132,NCCB,38,38,24,238.0,5712.0
2018-06-25,201806256249126,NCCB,58,56,68,235.0,15980.0
2018-06-25,201806256249122,NCCB,28,56,200,236.0,47200.0
2018-06-25,201806256249080,NCCB,28,8,300,236.0,70800.0
2018-06-25,201806256249000,NCCB,56,56,1000,236.0,236000.0
2018-06-25,201806256248999,NCCB,56,56,100,237.0,23700.0
2018-06-25,201806256248997,NCCB,5,56,1000,238.0,238000.0
2018-06-25,201806256248996,NCCB,48,56,100,239.0,23900.0
2018-06-25,201806256248995,NCCB,58,56,32,239.0,7648.0
2018-06-25,201806256248992,NCDB,4,4,13,119.0,1547.0
2018-06-25,201806256248902,NCDB,28,39,100,120.0,12000.0
2018-06-25,201806256249260,NGPL,54,54,11,172.0,1892.0
2018-06-25,201806256249042,NGPL,32,41,100,173.0,17300.0
2018-06-25,201806256248934,NGPL,54,54,11,174.0,1914.0
2018-06-25,201806256249028,NHDL,57,57,10,201.0,2010.0
2018-06-25,201806256249304,NIB,56,41,52,623.0,32396.0
2018-06-25,201806256249303,NIB,56,13,100,623.0,62300.0
2018-06-25,201806256249302,NIB,56,19,37,623.0,23051.0
2018-06-25,201806256249266,NIB,54,54,37,622.0,23014.0
2018-06-25,201806256249141,NIB,57,57,30,622.0,18660.0
2018-06-25,201806256249137,NIB,57,45,18,622.0,11196.0
2018-06-25,201806256248898,NIB,48,17,14,622.0,8708.0
2018-06-25,201806256249136,NIB,53,45,19,622.0,11818.0
2018-06-25,201806256249079,NIB,53,17,14,622.0,8708.0
2018-06-25,201806256248955,NIB,54,54,37,623.0,23051.0
2018-06-25,201806256248954,NIB,53,14,17,622.0,10574.0
2018-06-25,201806256248948,NIB,48,14,186,622.0,115692.0
2018-06-25,201806256248928,NIB,40,40,37,623.0,23051.0
2018-06-25,201806256249367,NIBSF1,21,43,4500,10.7,48150.0
2018-06-25,201806256249352,NICA,25,17,30,316.0,9480.0
2018-06-25,201806256249095,NICA,42,8,134,313.0,41942.0
2018-06-25,201806256249094,NICA,34,8,200,315.0,63000.0
2018-06-25,201806256249093,NICA,50,8,168,315.0,52920.0
2018-06-25,201806256249092,NICA,43,8,100,316.0,31600.0
2018-06-25,201806256249091,NICA,50,8,270,316.0,85320.0
2018-06-25,201806256249082,NICA,50,21,30,316.0,9480.0
2018-06-25,201806256249034,NICA,35,17,10,317.0,3170.0
2018-06-25,201806256249033,NICA,59,17,270,317.0,85590.0
2018-06-25,201806256249032,NICA,49,17,23,317.0,7291.0
2018-06-25,201806256249031,NICA,22,17,100,318.0,31800.0
2018-06-25,201806256249279,NIL,14,49,14,552.0,7728.0
2018-06-25,201806256249278,NIL,14,49,100,553.0,55300.0
2018-06-25,201806256249277,NIL,55,49,18,554.0,9972.0
2018-06-25,201806256249001,NIL,55,1,32,554.0,17728.0
2018-06-25,201806256249268,NLG,42,53,163,885.0,144255.0
2018-06-25,201806256249267,NLG,5,53,24,888.0,21312.0
2018-06-25,201806256249258,NLG,5,53,76,888.0,67488.0
2018-06-25,201806256249257,NLG,53,53,13,890.0,11570.0
2018-06-25,201806256249194,NLG,53,37,27,890.0,24030.0
2018-06-25,201806256249008,NLG,4,4,22,891.0,19602.0
2018-06-25,201806256249357,NLIC,45,38,17,1005.0,17085.0
2018-06-25,201806256249348,NLIC,26,5,4,1005.0,4020.0
2018-06-25,201806256249347,NLIC,26,38,17,1005.0,17085.0
2018-06-25,201806256249308,NLIC,57,5,50,1007.0,50350.0
2018-06-25,201806256249273,NLIC,54,54,17,1006.0,17102.0
2018-06-25,201806256249207,NLIC,29,29,5,986.0,4930.0
2018-06-25,201806256248993,NLIC,34,11,17,1006.0,17102.0
2018-06-25,201806256248988,NLIC,26,39,17,1005.0,17085.0
2018-06-25,201806256249337,NLICL,49,39,1599,1200.0,1918800.0
2018-06-25,201806256249159,NLICL,21,39,70,1215.0,85050.0
2018-06-25,201806256249158,NLICL,58,39,200,1216.0,243200.0
2018-06-25,201806256249157,NLICL,56,39,30,1217.0,36510.0
2018-06-25,201806256249121,NMB,33,8,40,344.0,13760.0
2018-06-25,201806256249120,NMB,49,8,268,345.0,92460.0
2018-06-25,201806256249116,NMB,49,47,732,345.0,252540.0
2018-06-25,201806256249115,NMB,32,47,200,345.0,69000.0
2018-06-25,201806256249114,NMB,33,47,18,345.0,6210.0
2018-06-25,201806256249113,NMB,43,47,300,346.0,103800.0
2018-06-25,201806256249112,NMB,35,47,10,347.0,3470.0
2018-06-25,201806256249371,NMBSF1,17,16,1000,11.55,11550.0
2018-06-25,201806256249370,NMFBS,33,25,12,2230.0,26760.0
2018-06-25,201806256249298,NMFBS,54,54,12,2220.0,26640.0
2018-06-25,201806256248990,NMFBS,54,54,12,2230.0,26760.0
2018-06-25,201806256248929,NTC,45,45,10,725.0,7250.0
2018-06-25,201806256248894,NTC,21,39,100,727.0,72700.0
2018-06-25,201806256249384,NUBL,43,29,90,1100.0,99000.0
2018-06-25,201806256249162,NUBL,42,44,100,1100.0,110000.0
2018-06-25,201806256249368,PCBL,48,59,15,290.0,4350.0
2018-06-25,201806256249360,PCBL,59,8,15,291.0,4365.0
2018-06-25,201806256249128,PCBL,48,8,296,290.0,85840.0
2018-06-25,201806256249127,PCBL,55,8,1000,290.0,290000.0
2018-06-25,201806256249274,PFL,14,44,12,133.0,1596.0
2018-06-25,201806256249271,PFL,14,44,12,133.0,1596.0
2018-06-25,201806256249125,PFL,41,39,138,133.0,18354.0
2018-06-25,201806256249333,PIC,54,54,11,1165.0,12815.0
2018-06-25,201806256249313,PIC,8,49,11,1166.0,12826.0
2018-06-25,201806256249234,PIC,29,29,1,1141.0,1141.0
2018-06-25,201806256249181,PIC,5,32,11,1164.0,12804.0
2018-06-25,201806256249176,PIC,8,8,11,1165.0,12815.0
2018-06-25,201806256249143,PIC,8,8,11,1165.0,12815.0
2018-06-25,201806256248920,PIC,42,41,11,1165.0,12815.0
2018-06-25,201806256249047,PIC,8,8,11,1166.0,12826.0
2018-06-25,201806256249030,PIC,8,8,11,1166.0,12826.0
2018-06-25,201806256249020,PIC,5,40,11,1164.0,12804.0
2018-06-25,201806256249019,PIC,5,40,11,1164.0,12804.0
2018-06-25,201806256249004,PIC,54,54,11,1165.0,12815.0
2018-06-25,201806256249003,PIC,8,8,11,1166.0,12826.0
2018-06-25,201806256249131,PIC,6,8,11,1166.0,12826.0
2018-06-25,201806256249123,PIC,5,25,11,1164.0,12804.0
2018-06-25,201806256249119,PIC,5,25,11,1164.0,12804.0
2018-06-25,201806256249107,PIC,5,25,11,1164.0,12804.0
2018-06-25,201806256249084,PIC,8,8,11,1166.0,12826.0
2018-06-25,201806256249075,PIC,8,8,11,1166.0,12826.0
2018-06-25,201806256249106,PICL,36,45,300,790.0,237000.0
2018-06-25,201806256249046,PICL,5,45,15,780.0,11700.0
2018-06-25,201806256249065,PLIC,50,34,73,560.0,40880.0
2018-06-25,201806256248979,PLIC,42,38,20,567.0,11340.0
2018-06-25,201806256249168,PRIN,47,39,20,510.0,10200.0
2018-06-25,201806256249167,PRIN,39,39,100,510.0,51000.0
2018-06-25,201806256249166,PRIN,7,39,100,511.0,51100.0
2018-06-25,201806256249165,PRIN,26,39,20,512.0,10240.0
2018-06-25,201806256248944,PRIN,35,36,10,512.0,5120.0
2018-06-25,201806256248922,PRIN,49,36,50,512.0,25600.0
2018-06-25,201806256249183,PRVU,14,1,276,191.0,52716.0
2018-06-25,201806256249161,PRVU,29,57,420,190.0,79800.0
2018-06-25,201806256249135,PRVU,14,8,224,191.0,42784.0
2018-06-25,201806256249134,PRVU,34,8,476,191.0,90916.0
2018-06-25,201806256249029,PRVU,25,4,16,192.0,3072.0
2018-06-25,201806256248966,PRVU,42,1,18,192.0,3456.0
2018-06-25,201806256248923,PRVU,26,13,35,193.0,6755.0
2018-06-25,201806256248969,PRVU,25,1,102,192.0,19584.0
2018-06-25,201806256248968,PRVU,41,1,50,192.0,9600.0
2018-06-25,201806256248967,PRVU,41,1,50,192.0,9600.0
2018-06-25,201806256249078,PURBL,25,47,320,174.0,55680.0
2018-06-25,201806256249077,PURBL,25,47,29,174.0,5046.0
2018-06-25,201806256249332,RBCL,13,45,100,11000.0,1100000.0
2018-06-25,201806256249331,RBCL,13,45,30,11000.0,330000.0
2018-06-25,201806256249044,RHPC,4,4,15,124.0,1860.0
2018-06-25,201806256249011,RHPC,54,54,17,126.0,2142.0
2018-06-25,201806256248971,SADBL,29,49,50,149.0,7450.0
2018-06-25,201806256248970,SADBL,4,49,100,149.0,14900.0
2018-06-25,201806256248963,SADBL,45,49,61,150.0,9150.0
2018-06-25,201806256248957,SADBL,45,49,139,150.0,20850.0
2018-06-25,201806256248956,SADBL,49,49,72,150.0,10800.0
2018-06-25,201806256249382,SANIMA,47,57,546,325.0,177450.0
2018-06-25,201806256249381,SANIMA,21,57,200,325.0,65000.0
2018-06-25,201806256249380,SANIMA,4,57,100,325.0,32500.0
2018-06-25,201806256249379,SANIMA,57,57,100,325.0,32500.0
2018-06-25,201806256249378,SANIMA,11,57,500,325.0,162500.0
2018-06-25,201806256249377,SANIMA,13,57,315,326.0,102690.0
2018-06-25,201806256249184,SANIMA,8,25,136,327.0,44472.0
2018-06-25,201806256249140,SANIMA,8,8,364,327.0,119028.0
2018-06-25,201806256249139,SANIMA,13,8,106,327.0,34662.0
2018-06-25,201806256249138,SANIMA,42,8,50,327.0,16350.0
2018-06-25,201806256249005,SANIMA,13,14,94,327.0,30738.0
2018-06-25,201806256249376,SANIMA,58,57,900,326.0,293400.0
2018-06-25,201806256249375,SANIMA,42,57,20,326.0,6520.0
2018-06-25,201806256249374,SANIMA,56,57,50,326.0,16300.0
2018-06-25,201806256249373,SANIMA,57,57,200,326.0,65200.0
2018-06-25,201806256249372,SANIMA,28,57,69,326.0,22494.0
2018-06-25,201806256249334,SANIMA,13,25,364,327.0,119028.0
2018-06-25,201806256249264,SBI,22,22,100,498.0,49800.0
2018-06-25,201806256249045,SBI,54,54,21,499.0,10479.0
2018-06-25,201806256249155,SBL,47,8,955,303.0,289365.0
2018-06-25,201806256249154,SBL,1,8,490,303.0,148470.0
2018-06-25,201806256249153,SBL,35,8,46,304.0,13984.0
2018-06-25,201806256249316,SCB,49,29,100,745.0,74500.0
2018-06-25,201806256249314,SCB,54,54,20,745.0,14900.0
2018-06-25,201806256249280,SCB,59,17,400,746.0,298400.0
2018-06-25,201806256249205,SCB,26,17,100,748.0,74800.0
2018-06-25,201806256249204,SCB,34,17,20,748.0,14960.0
2018-06-25,201806256249203,SCB,57,17,40,748.0,29920.0
2018-06-25,201806256248907,SCB,22,3,20,750.0,15000.0
2018-06-25,201806256248906,SCB,19,3,15,751.0,11265.0
2018-06-25,201806256248905,SCB,48,3,50,751.0,37550.0
2018-06-25,201806256248904,SCB,48,3,200,751.0,150200.0
2018-06-25,201806256248903,SCB,36,3,10,756.0,7560.0
2018-06-25,201806256248899,SCB,36,35,10,754.0,7540.0
2018-06-25,201806256248913,SCB,4,3,500,750.0,375000.0
2018-06-25,201806256248912,SCB,54,3,60,750.0,45000.0
2018-06-25,201806256248911,SCB,14,3,20,750.0,15000.0
2018-06-25,201806256248910,SCB,58,3,50,750.0,37500.0
2018-06-25,201806256248909,SCB,6,3,50,750.0,37500.0
2018-06-25,201806256248908,SCB,41,3,20,750.0,15000.0
2018-06-25,201806256249010,SCB,35,17,500,750.0,375000.0
2018-06-25,201806256249009,SCB,59,17,60,751.0,45060.0
2018-06-25,201806256248958,SCB,42,13,100,750.0,75000.0
2018-06-25,201806256248916,SCB,41,3,10,750.0,7500.0
2018-06-25,201806256248915,SCB,11,3,100,750.0,75000.0
2018-06-25,201806256248914,SCB,48,3,200,750.0,150000.0
2018-06-25,201806256249202,SCB,43,17,300,748.0,224400.0
2018-06-25,201806256249201,SCB,26,17,20,748.0,14960.0
2018-06-25,201806256249200,SCB,39,17,70,749.0,52430.0
2018-06-25,201806256249199,SCB,17,17,130,749.0,97370.0
2018-06-25,201806256249198,SCB,48,17,20,750.0,15000.0
2018-06-25,201806256249063,SCB,54,54,20,750.0,15000.0
2018-06-25,201806256249040,SDESI,29,39,11,1675.0,18425.0
2018-06-25,201806256249039,SDESI,6,39,100,1675.0,167500.0
2018-06-25,201806256249038,SDESI,26,39,39,1675.0,65325.0
2018-06-25,201806256249037,SDESI,39,39,100,1676.0,167600.0
2018-06-25,201806256249036,SDESI,58,39,30,1676.0,50280.0
2018-06-25,201806256249341,SICL,22,17,500,970.0,485000.0
2018-06-25,201806256249340,SICL,25,17,100,970.0,97000.0
2018-06-25,201806256249058,SICL,42,6,40,989.0,39560.0
2018-06-25,201806256249252,SLBS,45,28,50,1600.0,80000.0
2018-06-25,201806256249088,SLBS,54,54,10,1590.0,15900.0
2018-06-25,201806256249024,SLBS,45,28,50,1600.0,80000.0
2018-06-25,201806256249358,SLICL,42,58,20,679.0,13580.0
2018-06-25,201806256249101,SLICL,57,51,15,666.0,9990.0
2018-06-25,201806256249097,SLICL,57,39,280,666.0,186480.0
2018-06-25,201806256249090,SLICL,57,39,200,667.0,133400.0
2018-06-25,201806256249076,SLICL,4,4,2,666.0,1332.0
2018-06-25,201806256248940,SLICL,21,48,100,670.0,67000.0
2018-06-25,201806256248939,SLICL,22,48,30,670.0,20100.0
2018-06-25,201806256248938,SLICL,49,48,100,671.0,67100.0
2018-06-25,201806256248937,SLICL,26,48,100,675.0,67500.0
2018-06-25,201806256248936,SLICL,38,48,100,676.0,67600.0
2018-06-25,201806256248935,SLICL,17,48,20,679.0,13580.0
2018-06-25,201806256249366,SMATA,29,29,12,2096.0,25152.0
2018-06-25,201806256249362,SMATA,29,29,12,2096.0,25152.0
2018-06-25,201806256249339,SMATA,41,48,12,2100.0,25200.0
2018-06-25,201806256249338,SMATA,41,54,20,2100.0,42000.0
2018-06-25,201806256249335,SMATA,41,45,12,2100.0,25200.0
2018-06-25,201806256249324,SMATA,41,21,12,2100.0,25200.0
2018-06-25,201806256249006,SMATA,41,40,12,2100.0,25200.0
2018-06-25,201806256248994,SMATA,41,36,12,2100.0,25200.0
2018-06-25,201806256248952,SMATA,44,54,11,2110.0,23210.0
2018-06-25,201806256249213,SMATA,11,1,12,2101.0,25212.0
2018-06-25,201806256249210,SMATA,11,1,12,2101.0,25212.0
2018-06-25,201806256249179,SMATA,11,54,38,2101.0,79838.0
2018-06-25,201806256249156,SMATA,19,54,12,2102.0,25224.0
2018-06-25,201806256249124,SMATA,57,54,60,2102.0,126120.0
2018-06-25,201806256249007,SMATA,41,40,12,2100.0,25200.0
2018-06-25,201806256249276,SMATA,29,21,12,2102.0,25224.0
2018-06-25,201806256249261,SMATA,21,53,12,2109.0,25308.0
2018-06-25,201806256249230,SMATA,41,1,12,2100.0,25200.0
2018-06-25,201806256249227,SMATA,41,1,12,2100.0,25200.0
2018-06-25,201806256249218,SMATA,41,1,12,2100.0,25200.0
2018-06-25,201806256249214,SMATA,41,1,12,2100.0,25200.0
2018-06-25,201806256249319,SMATA,47,54,10,2101.0,21010.0
2018-06-25,201806256249318,SMATA,29,54,10,2101.0,21010.0
2018-06-25,201806256249312,SMATA,41,21,12,2100.0,25200.0
2018-06-25,201806256249311,SMATA,41,21,12,2100.0,25200.0
2018-06-25,201806256249307,SMATA,29,21,12,2101.0,25212.0
2018-06-25,201806256249281,SMATA,29,29,12,2102.0,25224.0
2018-06-25,201806256249027,SPDL,59,59,30,127.0,3810.0
2018-06-25,201806256249395,SRBL,40,49,42,222.0,9324.0
2018-06-25,201806256249394,SRBL,40,49,60,222.0,13320.0
2018-06-25,201806256249321,SRBL,54,54,2,226.0,452.0
2018-06-25,201806256249270,SWBBL,48,28,100,1225.0,122500.0
2018-06-25,201806256249225,SWBBL,21,34,100,1225.0,122500.0
2018-06-25,201806256249224,SWBBL,29,34,300,1225.0,367500.0
2018-06-25,201806256249223,SWBBL,47,34,50,1226.0,61300.0
2018-06-25,201806256249222,SWBBL,53,34,100,1226.0,122600.0
2018-06-25,201806256249221,SWBBL,28,34,100,1230.0,123000.0
2018-06-25,201806256248942,SWBBL,5,39,200,1241.0,248200.0
2018-06-25,201806256248941,SWBBL,53,39,100,1242.0,124200.0
2018-06-25,201806256249220,SWBBL,42,34,100,1235.0,123500.0
2018-06-25,201806256249219,SWBBL,22,34,100,1236.0,123600.0
2018-06-25,201806256248998,SWBBL,43,39,130,1240.0,161200.0
2018-06-25,201806256248991,SWBBL,53,39,100,1240.0,124000.0
2018-06-25,201806256248953,SWBBL,47,39,20,1240.0,24800.0
2018-06-25,201806256248943,SWBBL,47,39,80,1240.0,99200.0
2018-06-25,201806256249364,VLBS,48,44,200,766.0,153200.0
2018-06-25,201806256249363,VLBS,46,44,200,767.0,153400.0
2018-06-25,201806256249102,WOMI,54,54,25,1410.0,35250.0
2018-06-25,201806256248870,ADBL,6,6,33,313.0,10329.0
2018-06-25,201806256248689,ADBL,13,34,50,314.0,15700.0
2018-06-25,201806256248688,ADBL,13,36,14,314.0,4396.0
2018-06-25,201806256248571,ADBL,28,49,94,312.0,29328.0
2018-06-25,201806256248518,ADBL,35,49,10,313.0,3130.0
2018-06-25,201806256248517,ADBL,49,36,34,314.0,10676.0
2018-06-25,201806256248428,ADBL,49,46,40,312.0,12480.0
2018-06-25,201806256248413,ADBL,4,4,87,312.0,27144.0
2018-06-25,201806256248726,AHPC,40,40,217,159.0,34503.0
2018-06-25,201806256248753,AKPL,59,59,26,279.0,7254.0
2018-06-25,201806256248739,AKPL,17,17,10,280.0,2800.0
2018-06-25,201806256248737,AKPL,54,54,20,282.0,5640.0
2018-06-25,201806256248580,AKPL,40,3,10,277.0,2770.0
2018-06-25,201806256248759,API,59,59,117,292.0,34164.0
2018-06-25,201806256248751,API,54,54,29,292.0,8468.0
2018-06-25,201806256248707,API,41,41,29,293.0,8497.0
2018-06-25,201806256248537,API,41,45,45,293.0,13185.0
2018-06-25,201806256248536,API,41,8,29,292.0,8468.0
2018-06-25,201806256248532,API,34,11,10,291.0,2910.0
2018-06-25,201806256248430,API,13,10,29,291.0,8439.0
2018-06-25,201806256248429,API,13,10,29,291.0,8439.0
2018-06-25,201806256248427,API,13,10,29,291.0,8439.0
2018-06-25,201806256248426,API,13,10,29,291.0,8439.0
2018-06-25,201806256248420,API,13,10,29,291.0,8439.0
2018-06-25,201806256248419,API,13,10,29,291.0,8439.0
2018-06-25,201806256248443,API,34,10,29,291.0,8439.0
2018-06-25,201806256248442,API,34,10,29,291.0,8439.0
2018-06-25,201806256248440,API,13,10,29,291.0,8439.0
2018-06-25,201806256248439,API,13,10,29,291.0,8439.0
2018-06-25,201806256248438,API,13,10,29,291.0,8439.0
2018-06-25,201806256248431,API,13,10,29,291.0,8439.0
2018-06-25,201806256248454,API,22,10,29,290.0,8410.0
2018-06-25,201806256248452,API,22,10,29,290.0,8410.0
2018-06-25,201806256248450,API,34,10,29,291.0,8439.0
2018-06-25,201806256248447,API,34,10,29,291.0,8439.0
2018-06-25,201806256248446,API,34,10,29,291.0,8439.0
2018-06-25,201806256248444,API,34,10,29,291.0,8439.0
2018-06-25,201806256248521,API,13,8,10,291.0,2910.0
2018-06-25,201806256248520,API,33,8,14,294.0,4116.0
2018-06-25,201806256248460,API,22,10,29,290.0,8410.0
2018-06-25,201806256248459,API,22,10,29,290.0,8410.0
2018-06-25,201806256248458,API,22,10,29,290.0,8410.0
2018-06-25,201806256248456,API,22,10,29,290.0,8410.0
2018-06-25,201806256248522,BNT,28,26,10,5916.0,59160.0
2018-06-25,201806256248889,BOKL,29,21,200,266.0,53200.0
2018-06-25,201806256248798,BPCL,5,5,30,446.0,13380.0
2018-06-25,201806256248761,BPCL,54,54,10,445.0,4450.0
2018-06-25,201806256248750,BPCL,39,39,20,445.0,8900.0
2018-06-25,201806256248749,BPCL,39,39,20,445.0,8900.0
2018-06-25,201806256248743,BPCL,39,39,20,445.0,8900.0
2018-06-25,201806256248742,BPCL,39,39,20,445.0,8900.0
2018-06-25,201806256248570,BPCL,43,45,10,444.0,4440.0
2018-06-25,201806256248538,BPCL,43,21,10,444.0,4440.0
2018-06-25,201806256248408,BPCL,42,42,10,450.0,4500.0
2018-06-25,201806256248741,BPCL,39,39,20,445.0,8900.0
2018-06-25,201806256248735,BPCL,21,51,10,445.0,4450.0
2018-06-25,201806256248659,BPCL,43,16,10,444.0,4440.0
2018-06-25,201806256248607,BPCL,43,25,30,444.0,13320.0
2018-06-25,201806256248594,BPCL,43,25,30,444.0,13320.0
2018-06-25,201806256248583,BPCL,43,25,30,444.0,13320.0
2018-06-25,201806256248806,CBL,51,34,490,150.0,73500.0
2018-06-25,201806256248805,CBL,22,34,10,151.0,1510.0
2018-06-25,201806256248734,CBL,6,6,3,150.0,450.0
2018-06-25,201806256248658,CBL,29,11,80,151.0,12080.0
2018-06-25,201806256248655,CBL,29,34,20,151.0,3020.0
2018-06-25,201806256248625,CBL,52,16,100,151.0,15100.0
2018-06-25,201806256248467,CBL,37,14,100,151.0,15100.0
2018-06-25,201806256248466,CBL,56,14,200,151.0,30200.0
2018-06-25,201806256248465,CBL,1,14,500,151.0,75500.0
2018-06-25,201806256248464,CBL,52,14,67,151.0,10117.0
2018-06-25,201806256248463,CBL,13,14,32,151.0,4832.0
2018-06-25,201806256248592,CBL,51,19,506,150.0,75900.0
2018-06-25,201806256248562,CBL,51,29,400,150.0,60000.0
2018-06-25,201806256248486,CBL,4,4,35,151.0,5285.0
2018-06-25,201806256248470,CBL,51,14,1349,150.0,202350.0
2018-06-25,201806256248469,CBL,54,14,330,150.0,49500.0
2018-06-25,201806256248468,CBL,37,14,100,151.0,15100.0
2018-06-25,201806256248875,CCBL,5,49,36,166.0,5976.0
2018-06-25,201806256248872,CCBL,5,49,36,166.0,5976.0
2018-06-25,201806256248835,CCBL,44,8,78,166.0,12948.0
2018-06-25,201806256248834,CCBL,7,8,400,166.0,66400.0
2018-06-25,201806256248833,CCBL,57,8,540,166.0,89640.0
2018-06-25,201806256248702,CCBL,52,41,20,167.0,3340.0
2018-06-25,201806256248643,CCBL,52,35,80,167.0,13360.0
2018-06-25,201806256248596,CCBL,41,56,33,167.0,5511.0
2018-06-25,201806256248498,CCBL,57,19,18,166.0,2988.0
2018-06-25,201806256248832,CCBL,38,8,40,167.0,6680.0
2018-06-25,201806256248831,CCBL,56,8,200,167.0,33400.0
2018-06-25,201806256248830,CCBL,17,8,100,167.0,16700.0
2018-06-25,201806256248829,CCBL,41,8,27,167.0,4509.0
2018-06-25,201806256248828,CCBL,41,8,17,167.0,2839.0
2018-06-25,201806256248757,CCBL,41,39,23,167.0,3841.0
2018-06-25,201806256248863,CHCL,29,58,74,752.0,55648.0
2018-06-25,201806256248858,CHCL,52,58,147,752.0,110544.0
2018-06-25,201806256248851,CHCL,52,58,147,752.0,110544.0
2018-06-25,201806256248843,CHCL,52,58,147,752.0,110544.0
2018-06-25,201806256248838,CHCL,13,58,20,755.0,15100.0
2018-06-25,201806256248837,CHCL,20,58,53,755.0,40015.0
2018-06-25,201806256248809,CHCL,20,39,13,755.0,9815.0
2018-06-25,201806256248682,CHCL,20,49,34,755.0,25670.0
2018-06-25,201806256248416,CHCL,49,36,30,755.0,22650.0
2018-06-25,201806256248878,CZBIL,4,34,62,240.0,14880.0
2018-06-25,201806256248844,CZBIL,4,8,782,240.0,187680.0
2018-06-25,201806256248807,CZBIL,4,34,54,240.0,12960.0
2018-06-25,201806256248770,CZBIL,4,47,343,240.0,82320.0
2018-06-25,201806256248769,CZBIL,4,47,3000,242.0,726000.0
2018-06-25,201806256248768,CZBIL,57,47,30,243.0,7290.0
2018-06-25,201806256248703,CZBIL,57,41,20,243.0,4860.0
2018-06-25,201806256248754,DBBL,5,48,900,132.0,118800.0
2018-06-25,201806256248484,DBBL,14,39,730,132.0,96360.0
2018-06-25,201806256248451,DBBL,48,39,50,132.0,6600.0
2018-06-25,201806256248535,DDBL,6,19,58,730.0,42340.0
2018-06-25,201806256248779,EBL,59,6,103,672.0,69216.0
2018-06-25,201806256248686,EBL,48,35,100,672.0,67200.0
2018-06-25,201806256248560,EBL,39,21,20,673.0,13460.0
2018-06-25,201806256248877,EBLCP,11,26,12,623.0,7476.0
2018-06-25,201806256248856,EBLCP,11,51,12,611.0,7332.0
2018-06-25,201806256248528,EIC,49,33,10,1355.0,13550.0
2018-06-25,201806256248677,FMDBL,37,39,25,550.0,13750.0
2018-06-25,201806256248781,FOWAD,54,54,26,2220.0,57720.0
2018-06-25,201806256248505,FOWAD,36,56,10,2240.0,22400.0
2018-06-25,201806256248812,GBBL,5,39,53,179.0,9487.0
2018-06-25,201806256248507,GBBL,4,4,50,182.0,9100.0
2018-06-25,201806256248890,GBIME,40,40,287,289.0,82943.0
2018-06-25,201806256248867,GBIME,52,34,12,288.0,3456.0
2018-06-25,201806256248865,GBIME,55,48,512,289.0,147968.0
2018-06-25,201806256248852,GBIME,11,48,500,289.0,144500.0
2018-06-25,201806256248815,GBIME,52,34,12,288.0,3456.0
2018-06-25,201806256248519,GBIME,4,4,2,288.0,576.0
2018-06-25,201806256248793,GBLBS,54,54,10,608.0,6080.0
2018-06-25,201806256248762,GBLBS,58,39,10,606.0,6060.0
2018-06-25,201806256248608,GBLBS,26,25,10,610.0,6100.0
2018-06-25,201806256248575,GBLBS,26,26,10,610.0,6100.0
2018-06-25,201806256248542,GBLBS,18,26,10,607.0,6070.0
2018-06-25,201806256248524,GBLBS,39,39,860,596.0,512560.0
2018-06-25,201806256248516,GBLBS,39,39,2356,595.0,1401820.0
2018-06-25,201806256248678,GDBL,4,4,52,192.0,9984.0
2018-06-25,201806256248819,GFCL,8,59,100,126.0,12600.0
2018-06-25,201806256248693,GIMES1,21,21,5000,8.5,42500.0
2018-06-25,201806256248880,GLICL,26,8,16,876.0,14016.0
2018-06-25,201806256248879,GLICL,35,8,200,877.0,175400.0
2018-06-25,201806256248884,HIDCL,50,4,10,155.0,1550.0
2018-06-25,201806256248777,HIDCL,59,59,56,155.0,8680.0
2018-06-25,201806256248733,HIDCL,50,8,56,155.0,8680.0
2018-06-25,201806256248727,HIDCL,50,8,56,155.0,8680.0
2018-06-25,201806256248725,HIDCL,50,8,56,155.0,8680.0
2018-06-25,201806256248635,HIDCL,29,8,56,155.0,8680.0
2018-06-25,201806256248410,HIDCL,41,49,29,158.0,4582.0
2018-06-25,201806256248392,HIDCL,52,22,54,158.0,8532.0
2018-06-25,201806256248626,HIDCL,29,8,56,155.0,8680.0
2018-06-25,201806256248609,HIDCL,29,3,10,155.0,1550.0
2018-06-25,201806256248602,HIDCL,38,19,287,155.0,44485.0
2018-06-25,201806256248593,HIDCL,52,3,15,158.0,2370.0
2018-06-25,201806256248569,HIDCL,41,3,15,158.0,2370.0
2018-06-25,201806256248411,HIDCL,52,49,29,158.0,4582.0
2018-06-25,201806256248883,HPPL,54,54,20,292.0,5840.0
2018-06-25,201806256248758,HPPL,17,17,20,296.0,5920.0
2018-06-25,201806256248692,HPPL,17,17,10,296.0,2960.0
2018-06-25,201806256248404,HPPL,28,28,10,296.0,2960.0
2018-06-25,201806256248396,HPPL,36,56,10,296.0,2960.0
2018-06-25,201806256248888,JBBL,4,4,30,135.0,4050.0
2018-06-25,201806256248676,JBBL,1,34,12,135.0,1620.0
2018-06-25,201806256248647,JBBL,1,35,30,135.0,4050.0
2018-06-25,201806256248639,JBBL,1,35,33,135.0,4455.0
2018-06-25,201806256248610,JBBL,46,25,17,134.0,2278.0
2018-06-25,201806256248603,JBBL,48,35,50,135.0,6750.0
2018-06-25,201806256248825,JBNL,29,34,29,154.0,4466.0
2018-06-25,201806256248684,JBNL,29,34,29,154.0,4466.0
2018-06-25,201806256248611,JBNL,39,39,1,151.0,151.0
2018-06-25,201806256248846,JEFL,5,39,100,104.0,10400.0
2018-06-25,201806256248574,JEFL,22,21,10,106.0,1060.0
2018-06-25,201806256248573,JEFL,22,21,10,106.0,1060.0
2018-06-25,201806256248864,JSLBB,21,29,4,3000.0,12000.0
2018-06-25,201806256248415,JSLBB,58,45,50,3003.0,150150.0
2018-06-25,201806256248604,KBBL,28,40,200,228.0,45600.0
2018-06-25,201806256248800,KBL,39,48,386,211.0,81446.0
2018-06-25,201806256248591,KBL,39,17,14,211.0,2954.0
2018-06-25,201806256248614,KEBL,39,39,2,219.0,438.0
2018-06-25,201806256248792,KKHC,59,59,10,110.0,1100.0
2018-06-25,201806256248405,KMFL,28,28,20,1669.0,33380.0
2018-06-25,201806256248675,KRBL,48,51,50,117.0,5850.0
2018-06-25,201806256248862,KSBBL,26,4,100,157.0,15700.0
2018-06-25,201806256248853,KSBBL,26,57,300,156.0,46800.0
2018-06-25,201806256248821,KSBBL,49,39,55,153.0,8415.0
2018-06-25,201806256248764,KSBBL,49,39,55,153.0,8415.0
2018-06-25,201806256248848,LBBL,36,34,448,146.0,65408.0
2018-06-25,201806256248847,LBBL,1,34,52,146.0,7592.0
2018-06-25,201806256248687,LBBL,1,34,16,146.0,2336.0
2018-06-25,201806256248568,LBBL,1,49,32,146.0,4672.0
2018-06-25,201806256248690,LBL,29,52,457,256.0,116992.0
2018-06-25,201806256248632,LBL,29,19,500,259.0,129500.0
2018-06-25,201806256248628,LBL,29,49,21,258.0,5418.0
2018-06-25,201806256248627,LBL,29,49,22,258.0,5676.0
2018-06-25,201806256248736,MBL,7,51,250,212.0,53000.0
2018-06-25,201806256248698,MBL,20,51,200,212.0,42400.0
2018-06-25,201806256248683,MBL,13,39,100,211.0,21100.0
2018-06-25,201806256248559,MDB,51,29,60,282.0,16920.0
2018-06-25,201806256248525,MDB,38,11,115,281.0,32315.0
2018-06-25,201806256248732,MEGA,19,56,44,176.0,7744.0
2018-06-25,201806256248731,MEGA,49,56,500,176.0,88000.0
2018-06-25,201806256248730,MEGA,52,56,100,176.0,17600.0
2018-06-25,201806256248729,MEGA,1,56,130,176.0,22880.0
2018-06-25,201806256248728,MEGA,34,56,226,176.0,39776.0
2018-06-25,201806256248724,MEGA,34,53,74,176.0,13024.0
2018-06-25,201806256248482,MEGA,58,21,30,178.0,5340.0
2018-06-25,201806256248481,MEGA,21,21,590,178.0,105020.0
2018-06-25,201806256248480,MEGA,21,43,30,178.0,5340.0
2018-06-25,201806256248403,MEGA,26,26,1715,178.0,305270.0
2018-06-25,201806256248401,MEGA,21,21,1,175.0,175.0
2018-06-25,201806256248395,MEGA,21,22,1,175.0,175.0
2018-06-25,201806256248529,MEGA,22,8,12,177.0,2124.0
2018-06-25,201806256248527,MEGA,49,54,270,178.0,48060.0
2018-06-25,201806256248504,MEGA,49,54,20,178.0,3560.0
2018-06-25,201806256248502,MEGA,49,54,20,178.0,3560.0
2018-06-25,201806256248500,MEGA,49,54,20,178.0,3560.0
2018-06-25,201806256248485,MEGA,58,54,170,178.0,30260.0
2018-06-25,201806256248556,MEGA,17,28,550,177.0,97350.0
2018-06-25,201806256248555,MEGA,52,28,100,177.0,17700.0
2018-06-25,201806256248554,MEGA,13,28,100,177.0,17700.0
2018-06-25,201806256248553,MEGA,53,28,81,177.0,14337.0
2018-06-25,201806256248539,MEGA,47,50,475,178.0,84550.0
2018-06-25,201806256248534,MEGA,53,8,12,177.0,2124.0
2018-06-25,201806256248706,MEGA,49,58,500,176.0,88000.0
2018-06-25,201806256248705,MEGA,42,45,100,176.0,17600.0
2018-06-25,201806256248638,MEGA,22,8,12,176.0,2112.0
2018-06-25,201806256248622,MEGA,22,39,28,176.0,4928.0
2018-06-25,201806256248606,MEGA,33,28,59,177.0,10443.0
2018-06-25,201806256248578,MEGA,22,5,57,176.0,10032.0
2018-06-25,201806256248860,MERO,39,51,14,1050.0,14700.0
2018-06-25,201806256248859,MERO,39,17,14,1049.0,14686.0
2018-06-25,201806256248874,MLBL,16,34,20,171.0,3420.0
2018-06-25,201806256248854,MLBL,16,17,50,171.0,8550.0
2018-06-25,201806256248840,MLBL,16,34,20,171.0,3420.0
2018-06-25,201806256248740,MLBL,16,19,20,171.0,3420.0
2018-06-25,201806256248661,MMFDB,51,19,10,1590.0,15900.0
2018-06-25,201806256248882,MNBBL,17,59,50,381.0,19050.0
2018-06-25,201806256248881,MNBBL,42,59,20,381.0,7620.0
2018-06-25,201806256248599,MNBBL,45,37,50,380.0,19000.0
2018-06-25,201806256248752,MSLB,39,25,5,2581.0,12905.0
2018-06-25,201806256248543,MSLB,39,25,5,2576.0,12880.0
2018-06-25,201806256248540,MSLB,39,25,5,2581.0,12905.0
2018-06-25,201806256248530,MSLB,43,25,5,2575.0,12875.0
2018-06-25,201806256248483,MSLB,39,39,300,2627.0,788100.0
2018-06-25,201806256248836,NABIL,5,58,10,942.0,9420.0
2018-06-25,201806256248801,NABIL,48,3,80,943.0,75440.0
2018-06-25,201806256248763,NABIL,48,59,20,943.0,18860.0
2018-06-25,201806256248640,NABIL,29,3,40,945.0,37800.0
2018-06-25,201806256248479,NABIL,13,3,100,945.0,94500.0
2018-06-25,201806256248478,NABIL,42,3,10,945.0,9450.0
2018-06-25,201806256248453,NBB,41,58,56,212.0,11872.0
2018-06-25,201806256248445,NBBL,45,58,25,2530.0,63250.0
2018-06-25,201806256248747,NBL,21,44,300,295.0,88500.0
2018-06-25,201806256248746,NBL,20,44,1000,295.0,295000.0
2018-06-25,201806256248745,NBL,43,44,500,295.0,147500.0
2018-06-25,201806256248744,NBL,43,44,100,295.0,29500.0
2018-06-25,201806256248531,NBL,43,29,200,295.0,59000.0
2018-06-25,201806256248772,NCCB,48,17,1000,242.0,242000.0
2018-06-25,201806256248771,NCCB,48,51,33,241.0,7953.0
2018-06-25,201806256248563,NCCB,58,29,190,239.0,45410.0
2018-06-25,201806256248472,NCCB,58,43,11,239.0,2629.0
2018-06-25,201806256248455,NCCB,58,49,27,239.0,6453.0
2018-06-25,201806256248501,NHDL,58,40,10,201.0,2010.0
2018-06-25,201806256248409,NHDL,28,28,10,198.0,1980.0
2018-06-25,201806256248799,NIB,59,59,189,623.0,117747.0
2018-06-25,201806256248717,NIB,47,34,200,624.0,124800.0
2018-06-25,201806256248624,NIB,28,34,80,624.0,49920.0
2018-06-25,201806256248613,NIB,17,19,49,623.0,30527.0
2018-06-25,201806256248605,NIB,17,8,37,623.0,23051.0
2018-06-25,201806256248598,NIB,17,3,14,623.0,8722.0
2018-06-25,201806256248503,NIB,17,17,7,622.0,4354.0
2018-06-25,201806256248551,NIB,29,49,37,625.0,23125.0
2018-06-25,201806256248533,NIB,28,45,37,627.0,23199.0
2018-06-25,201806256248515,NIB,17,17,7,622.0,4354.0
2018-06-25,201806256248513,NIB,17,17,7,622.0,4354.0
2018-06-25,201806256248512,NIB,17,17,7,622.0,4354.0
2018-06-25,201806256248508,NIB,17,17,7,622.0,4354.0
2018-06-25,201806256248585,NIB,21,34,113,624.0,70512.0
2018-06-25,201806256248584,NIB,52,34,18,624.0,11232.0
2018-06-25,201806256248577,NIB,21,8,37,624.0,23088.0
2018-06-25,201806256248576,NIB,21,45,250,624.0,156000.0
2018-06-25,201806256248567,NIB,50,37,100,625.0,62500.0
2018-06-25,201806256248552,NIB,52,49,37,624.0,23088.0
2018-06-25,201806256248748,NICA,59,40,200,317.0,63400.0
2018-06-25,201806256248691,NICA,59,34,30,317.0,9510.0
2018-06-25,201806256248641,NICA,49,11,77,317.0,24409.0
2018-06-25,201806256248618,NICA,39,39,1,310.0,310.0
2018-06-25,201806256248397,NICL,19,43,20,660.0,13200.0
2018-06-25,201806256248400,NIL,32,32,70,554.0,38780.0
2018-06-25,201806256248475,NLG,42,49,500,890.0,445000.0
2018-06-25,201806256248876,NLIC,36,36,5,985.0,4925.0
2018-06-25,201806256248871,NLIC,48,39,105,1005.0,105525.0
2018-06-25,201806256248857,NLIC,48,36,51,1005.0,51255.0
2018-06-25,201806256248855,NLIC,36,34,5,1000.0,5000.0
2018-06-25,201806256248842,NLIC,26,41,12,1005.0,12060.0
2018-06-25,201806256248808,NLIC,59,59,34,1001.0,34034.0
2018-06-25,201806256248564,NLIC,36,34,100,1010.0,101000.0
2018-06-25,201806256248633,NLIC,35,11,17,1005.0,17085.0
2018-06-25,201806256248630,NLIC,20,39,83,1005.0,83415.0
2018-06-25,201806256248620,NLIC,42,11,17,1006.0,17102.0
2018-06-25,201806256248619,NLIC,28,28,302,1009.0,304718.0
2018-06-25,201806256248616,NLIC,42,42,17,1006.0,17102.0
2018-06-25,201806256248590,NLIC,20,42,17,1005.0,17085.0
2018-06-25,201806256248681,NLIC,55,39,17,1005.0,17085.0
2018-06-25,201806256248680,NLIC,55,11,25,1005.0,25125.0
2018-06-25,201806256248679,NLIC,55,11,28,1005.0,28140.0
2018-06-25,201806256248671,NLIC,39,39,10,1005.0,10050.0
2018-06-25,201806256248653,NLIC,39,35,17,1004.0,17068.0
2018-06-25,201806256248642,NLIC,28,28,302,1001.0,302302.0
2018-06-25,201806256248795,NLIC,6,51,2,1000.0,2000.0
2018-06-25,201806256248794,NLIC,6,39,15,1005.0,15075.0
2018-06-25,201806256248710,NLIC,20,34,100,1000.0,100000.0
2018-06-25,201806256248709,NLIC,36,34,30,1000.0,30000.0
2018-06-25,201806256248708,NLIC,28,34,100,1001.0,100100.0
2018-06-25,201806256248696,NLIC,21,21,17,1003.0,17051.0
2018-06-25,201806256248804,NLICL,47,47,260,1220.0,317200.0
2018-06-25,201806256248582,NMB,49,49,3,345.0,1035.0
2018-06-25,201806256248820,NMBHF1,28,35,8500,9.12,77520.0
2018-06-25,201806256248811,NMBHF1,11,35,1500,9.18,13770.0
2018-06-25,201806256248756,NMBMF,35,35,10,1408.0,14080.0
2018-06-25,201806256248866,NMFBS,36,36,2,2206.0,4412.0
2018-06-25,201806256248514,NMFBS,28,28,10,2250.0,22500.0
2018-06-25,201806256248738,NTC,42,35,300,726.0,217800.0
2018-06-25,201806256248652,NTC,14,37,20,727.0,14540.0
2018-06-25,201806256248814,PCBL,59,59,56,291.0,16296.0
2018-06-25,201806256248776,PCBL,55,42,157,292.0,45844.0
2018-06-25,201806256248775,PCBL,55,28,1000,292.0,292000.0
2018-06-25,201806256248774,PCBL,55,49,10,291.0,2910.0
2018-06-25,201806256248773,PCBL,55,49,10,291.0,2910.0
2018-06-25,201806256248621,PCBL,53,3,10,289.0,2890.0
2018-06-25,201806256248595,PCBL,53,25,10,289.0,2890.0
2018-06-25,201806256248612,PFL,48,25,12,131.0,1572.0
2018-06-25,201806256248597,PFL,48,25,12,131.0,1572.0
2018-06-25,201806256248586,PFL,48,25,12,131.0,1572.0
2018-06-25,201806256248873,PIC,5,8,11,1164.0,12804.0
2018-06-25,201806256248810,PIC,5,40,11,1164.0,12804.0
2018-06-25,201806256248780,PIC,8,8,11,1168.0,12848.0
2018-06-25,201806256248766,PIC,8,8,11,1164.0,12804.0
2018-06-25,201806256248722,PIC,8,8,11,1168.0,12848.0
2018-06-25,201806256248718,PIC,6,6,11,1164.0,12804.0
2018-06-25,201806256248657,PIC,8,8,11,1169.0,12859.0
2018-06-25,201806256248651,PIC,8,8,11,1169.0,12859.0
2018-06-25,201806256248617,PIC,58,25,11,1158.0,12738.0
2018-06-25,201806256248588,PIC,58,25,11,1158.0,12738.0
2018-06-25,201806256248541,PIC,58,21,11,1158.0,12738.0
2018-06-25,201806256248414,PIC,43,42,11,1157.0,12727.0
2018-06-25,201806256248704,PIC,8,8,11,1169.0,12859.0
2018-06-25,201806256248700,PIC,8,8,11,1169.0,12859.0
2018-06-25,201806256248694,PIC,8,8,11,1169.0,12859.0
2018-06-25,201806256248685,PIC,8,8,11,1169.0,12859.0
2018-06-25,201806256248674,PIC,8,8,11,1169.0,12859.0
2018-06-25,201806256248673,PIC,8,8,11,1169.0,12859.0
2018-06-25,201806256248425,PLIC,45,38,200,565.0,113000.0
2018-06-25,201806256248424,PLIC,10,38,25,567.0,14175.0
2018-06-25,201806256248423,PLIC,17,38,50,567.0,28350.0
2018-06-25,201806256248566,PRIN,42,19,50,520.0,26000.0
2018-06-25,201806256248790,PRVU,20,20,155,192.0,29760.0
2018-06-25,201806256248716,PRVU,42,1,32,192.0,6144.0
2018-06-25,201806256248711,PRVU,25,1,78,192.0,14976.0
2018-06-25,201806256248476,PRVU,14,26,723,192.0,138816.0
2018-06-25,201806256248474,PRVU,34,49,27,191.0,5157.0
2018-06-25,201806256248615,PURBL,25,16,73,174.0,12702.0
2018-06-25,201806256248526,PURBL,25,11,62,174.0,10788.0
2018-06-25,201806256248817,RADHI,28,40,10,225.0,2250.0
2018-06-25,201806256248765,RADHI,17,17,10,226.0,2260.0
2018-06-25,201806256248660,RADHI,28,16,10,225.0,2250.0
2018-06-25,201806256248473,RADHI,28,56,10,225.0,2250.0
2018-06-25,201806256248418,RADHI,28,42,11,225.0,2475.0
2018-06-25,201806256248784,RBCLPO,6,39,20,10055.0,201100.0
2018-06-25,201806256248783,RBCLPO,56,39,10,10100.0,101000.0
2018-06-25,201806256248782,RBCLPO,58,39,10,10100.0,101000.0
2018-06-25,201806256248849,RSDC,36,36,1,538.0,538.0
2018-06-25,201806256248755,RSDC,20,25,10,548.0,5480.0
2018-06-25,201806256248720,RSDC,17,26,35,544.0,19040.0
2018-06-25,201806256248887,SANIMA,8,14,250,327.0,81750.0
2018-06-25,201806256248850,SANIMA,28,37,30,326.0,9780.0
2018-06-25,201806256248648,SBI,20,20,200,499.0,99800.0
2018-06-25,201806256248891,SBL,14,25,250,305.0,76250.0
2018-06-25,201806256248827,SBL,59,59,215,304.0,65360.0
2018-06-25,201806256248767,SBL,1,21,10,303.0,3030.0
2018-06-25,201806256248558,SBL,56,25,20,305.0,6100.0
2018-06-25,201806256248885,SCB,42,35,10,752.0,7520.0
2018-06-25,201806256248785,SCB,47,47,260,751.0,195260.0
2018-06-25,201806256248778,SCB,17,17,20,752.0,15040.0
2018-06-25,201806256248699,SCB,17,17,20,752.0,15040.0
2018-06-25,201806256248471,SCB,22,21,20,750.0,15000.0
2018-06-25,201806256248818,SDESI,28,39,50,1678.0,83900.0
2018-06-25,201806256248803,SDESI,29,39,100,1677.0,167700.0
2018-06-25,201806256248623,SDESI,26,25,11,1675.0,18425.0
2018-06-25,201806256248822,SEF,11,25,500,9.04,4520.0
2018-06-25,201806256248697,SEF,59,51,500,9.0,4500.0
2018-06-25,201806256248845,SFFIL,21,21,1,227.0,227.0
2018-06-25,201806256248417,SHINE,18,16,80,270.0,21600.0
2018-06-25,201806256248406,SHINE,49,49,92,266.0,24472.0
2018-06-25,201806256248631,SHPC,19,8,18,333.0,5994.0
2018-06-25,201806256248565,SHPC,43,49,36,331.0,11916.0
2018-06-25,201806256248561,SHPC,49,8,18,332.0,5976.0
2018-06-25,201806256248788,SICL,42,21,48,989.0,47472.0
2018-06-25,201806256248787,SICL,42,51,100,989.0,98900.0
2018-06-25,201806256248786,SICL,42,6,12,989.0,11868.0
2018-06-25,201806256248629,SINDU,19,33,388,129.0,50052.0
2018-06-25,201806256248715,SKBBL,47,51,10,1168.0,11680.0
2018-06-25,201806256248714,SKBBL,47,11,11,1160.0,12760.0
2018-06-25,201806256248523,SKBBL,49,40,500,1150.0,575000.0
2018-06-25,201806256248394,SLBBL,45,37,50,1650.0,82500.0
2018-06-25,201806256248839,SLICL,21,39,20,680.0,13600.0
2018-06-25,201806256248797,SLICL,26,39,100,680.0,68000.0
2018-06-25,201806256248713,SLICL,17,39,50,679.0,33950.0
2018-06-25,201806256248712,SLICL,21,39,10,680.0,6800.0
2018-06-25,201806256248550,SLICL,17,28,230,679.0,156170.0
2018-06-25,201806256248549,SLICL,58,28,15,680.0,10200.0
2018-06-25,201806256248437,SLICL,40,34,30,680.0,20400.0
2018-06-25,201806256248436,SLICL,39,34,70,681.0,47670.0
2018-06-25,201806256248435,SLICL,44,34,55,682.0,37510.0
2018-06-25,201806256248434,SLICL,21,34,15,683.0,10245.0
2018-06-25,201806256248433,SLICL,33,34,300,683.0,204900.0
2018-06-25,201806256248432,SLICL,19,34,30,684.0,20520.0
2018-06-25,201806256248548,SLICL,32,28,100,680.0,68000.0
2018-06-25,201806256248547,SLICL,40,28,70,680.0,47600.0
2018-06-25,201806256248546,SLICL,39,28,75,681.0,51075.0
2018-06-25,201806256248545,SLICL,35,28,10,681.0,6810.0
2018-06-25,201806256248544,SLICL,10,28,20,681.0,13620.0
2018-06-25,201806256248457,SLICL,51,58,10,685.0,6850.0
2018-06-25,201806256248886,SMATA,37,54,40,2101.0,84040.0
2018-06-25,201806256248826,SMATA,37,36,12,2101.0,25212.0
2018-06-25,201806256248824,SMATA,37,36,12,2101.0,25212.0
2018-06-25,201806256248823,SMATA,29,36,12,2102.0,25224.0
2018-06-25,201806256248813,SMATA,29,29,12,2102.0,25224.0
2018-06-25,201806256248802,SMATA,29,25,12,2102.0,25224.0
2018-06-25,201806256248399,SMATA,40,40,12,2085.0,25020.0
2018-06-25,201806256248398,SMATA,40,17,10,2080.0,20800.0
2018-06-25,201806256248393,SMATA,34,47,12,2065.0,24780.0
2018-06-25,201806256248487,SMATA,47,47,1,2030.0,2030.0
2018-06-25,201806256248477,SMATA,47,47,1,2030.0,2030.0
2018-06-25,201806256248461,SMATA,39,4,12,2070.0,24840.0
2018-06-25,201806256248449,SMATA,40,16,12,2068.0,24816.0
2018-06-25,201806256248448,SMATA,51,51,12,2085.0,25020.0
2018-06-25,201806256248441,SMATA,16,16,12,2067.0,24804.0
2018-06-25,201806256248493,SMATA,21,25,12,2100.0,25200.0
2018-06-25,201806256248492,SMATA,21,34,12,2100.0,25200.0
2018-06-25,201806256248491,SMATA,21,25,12,2100.0,25200.0
2018-06-25,201806256248490,SMATA,21,25,12,2100.0,25200.0
2018-06-25,201806256248489,SMATA,21,40,12,2095.0,25140.0
2018-06-25,201806256248488,SMATA,21,40,12,2095.0,25140.0
2018-06-25,201806256248506,SMATA,40,22,21,2135.0,44835.0
2018-06-25,201806256248499,SMATA,40,10,12,2110.0,25320.0
2018-06-25,201806256248497,SMATA,21,16,12,2100.0,25200.0
2018-06-25,201806256248496,SMATA,21,16,12,2100.0,25200.0
2018-06-25,201806256248495,SMATA,21,16,12,2100.0,25200.0
2018-06-25,201806256248494,SMATA,21,32,12,2100.0,25200.0
2018-06-25,201806256248579,SMATA,37,13,12,2090.0,25080.0
2018-06-25,201806256248572,SMATA,41,45,12,2100.0,25200.0
2018-06-25,201806256248557,SMATA,39,39,106,2094.0,221964.0
2018-06-25,201806256248511,SMATA,40,17,12,2136.0,25632.0
2018-06-25,201806256248510,SMATA,40,17,12,2136.0,25632.0
2018-06-25,201806256248509,SMATA,40,17,12,2136.0,25632.0
2018-06-25,201806256248650,SMATA,41,43,12,2100.0,25200.0
2018-06-25,201806256248649,SMATA,41,51,10,2100.0,21000.0
2018-06-25,201806256248601,SMATA,47,17,12,2100.0,25200.0
2018-06-25,201806256248600,SMATA,47,25,12,2099.0,25188.0
2018-06-25,201806256248589,SMATA,37,36,12,2090.0,25080.0
2018-06-25,201806256248581,SMATA,37,13,12,2090.0,25080.0
2018-06-25,201806256248665,SMATA,56,40,12,2125.0,25500.0
2018-06-25,201806256248664,SMATA,56,40,12,2125.0,25500.0
2018-06-25,201806256248663,SMATA,56,41,12,2120.0,25440.0
2018-06-25,201806256248662,SMATA,56,25,12,2110.0,25320.0
2018-06-25,201806256248656,SMATA,37,32,12,2101.0,25212.0
2018-06-25,201806256248654,SMATA,21,21,12,2101.0,25212.0
2018-06-25,201806256248796,SMATA,29,29,12,2102.0,25224.0
2018-06-25,201806256248670,SMATA,56,40,12,2128.0,25536.0
2018-06-25,201806256248669,SMATA,56,40,12,2128.0,25536.0
2018-06-25,201806256248668,SMATA,56,58,36,2127.0,76572.0
2018-06-25,201806256248667,SMATA,56,40,12,2127.0,25524.0
2018-06-25,201806256248666,SMATA,56,40,12,2127.0,25524.0
2018-06-25,201806256248637,SMFDB,45,41,60,966.0,57960.0
2018-06-25,201806256248636,SMFDB,42,41,100,970.0,97000.0
2018-06-25,201806256248760,SPDL,28,28,10,127.0,1270.0
2018-06-25,201806256248719,SPDL,13,36,156,127.0,19812.0
2018-06-25,201806256248462,SPDL,36,21,15,126.0,1890.0
2018-06-25,201806256248412,SPDL,48,56,12,125.0,1500.0
2018-06-25,201806256248869,SRBL,40,57,45,222.0,9990.0
2018-06-25,201806256248723,SRBL,40,26,23,222.0,5106.0
2018-06-25,201806256248721,SRBL,17,48,119,223.0,26537.0
2018-06-25,201806256248587,SRBL,40,43,22,222.0,4884.0
2018-06-25,201806256248789,UMHL,17,17,10,169.0,1690.0
2018-06-25,201806256249819,AKPL,40,16,13,278.0,3614.0
2018-06-25,201806256249573,ALICL,35,25,30,670.0,20100.0
2018-06-25,201806256249572,ALICL,43,25,20,670.0,13400.0
2018-06-25,201806256249476,API,35,43,100,293.0,29300.0
2018-06-25,201806256249824,BARUN,43,16,10,150.0,1500.0
2018-06-25,201806256249550,BOKL,34,1,50,261.0,13050.0
2018-06-25,201806256249549,BOKL,1,1,50,261.0,13050.0
2018-06-25,201806256249543,BOKL,20,17,100,262.0,26200.0
2018-06-25,201806256249542,BOKL,20,17,50,263.0,13150.0
2018-06-25,201806256249541,BOKL,35,17,10,263.0,2630.0
2018-06-25,201806256249540,BOKL,36,17,10,265.0,2650.0
2018-06-25,201806256249907,BPCL,1,38,50,440.0,22000.0
2018-06-25,201806256249624,BPCL,39,39,20,440.0,8800.0
2018-06-25,201806256249621,BPCL,39,39,20,440.0,8800.0
2018-06-25,201806256249619,BPCL,39,39,20,440.0,8800.0
2018-06-25,201806256249738,BPCL,59,7,10,440.0,4400.0
2018-06-25,201806256249628,BPCL,39,39,20,440.0,8800.0
2018-06-25,201806256249626,BPCL,39,39,20,440.0,8800.0
2018-06-25,201806256249826,CBBL,26,53,18,893.0,16074.0
2018-06-25,201806256249681,CBL,56,38,1878,151.0,283578.0
2018-06-25,201806256249680,CBL,14,38,30,151.0,4530.0
2018-06-25,201806256249552,CBL,14,41,70,151.0,10570.0
2018-06-25,201806256249535,CBL,56,14,1122,152.0,170544.0
2018-06-25,201806256249495,CBL,59,14,100,152.0,15200.0
2018-06-25,201806256249494,CBL,59,28,900,152.0,136800.0
2018-06-25,201806256249856,CCBL,51,6,321,165.0,52965.0
2018-06-25,201806256249630,CCBL,18,22,1170,165.0,193050.0
2018-06-25,201806256249511,CCBL,44,22,1200,164.0,196800.0
2018-06-25,201806256249437,CCBL,38,7,113,165.0,18645.0
2018-06-25,201806256249882,CHCL,34,26,60,750.0,45000.0
2018-06-25,201806256249776,CHCL,34,32,18,750.0,13500.0
2018-06-25,201806256249757,CHCL,34,52,150,750.0,112500.0
2018-06-25,201806256249604,CHCL,50,16,80,746.0,59680.0
2018-06-25,201806256249603,CHCL,14,16,100,747.0,74700.0
2018-06-25,201806256249602,CHCL,47,16,100,750.0,75000.0
2018-06-25,201806256249601,CHCL,41,16,50,750.0,37500.0
2018-06-25,201806256249600,CHCL,47,16,20,750.0,15000.0
2018-06-25,201806256249599,CHCL,42,16,30,750.0,22500.0
2018-06-25,201806256249598,CHCL,7,16,20,751.0,15020.0
2018-06-25,201806256249878,CORBL,11,11,50,104.0,5200.0
2018-06-25,201806256249832,CORBL,50,11,50,106.0,5300.0
2018-06-25,201806256249720,CZBIL,55,45,11,240.0,2640.0
2018-06-25,201806256249580,DBBL,5,40,162,134.0,21708.0
2018-06-25,201806256249750,DDBL,59,37,40,744.0,29760.0
2018-06-25,201806256249749,DDBL,59,32,10,744.0,7440.0
2018-06-25,201806256249899,EBL,57,32,50,670.0,33500.0
2018-06-25,201806256249892,EBL,57,53,70,670.0,46900.0
2018-06-25,201806256249884,EBL,38,51,40,671.0,26840.0
2018-06-25,201806256249883,EBL,48,51,30,671.0,20130.0
2018-06-25,201806256249564,EBL,19,13,20,670.0,13400.0
2018-06-25,201806256249534,EBL,29,13,55,670.0,36850.0
2018-06-25,201806256249441,EBL,22,13,20,670.0,13400.0
2018-06-25,201806256249809,EBL,48,13,195,670.0,130650.0
2018-06-25,201806256249808,EBL,48,19,178,670.0,119260.0
2018-06-25,201806256249807,EBL,48,17,97,669.0,64893.0
2018-06-25,201806256249584,EBL,41,13,10,670.0,6700.0
2018-06-25,201806256249567,FMDBL,29,39,200,540.0,108000.0
2018-06-25,201806256249566,FMDBL,17,39,100,545.0,54500.0
2018-06-25,201806256249565,FMDBL,53,39,50,545.0,27250.0
2018-06-25,201806256249806,GBBL,5,35,100,179.0,17900.0
2018-06-25,201806256249639,GBBL,5,26,100,179.0,17900.0
2018-06-25,201806256249761,GBIME,56,38,100,287.0,28700.0
2018-06-25,201806256249759,GBIME,52,38,50,287.0,14350.0
2018-06-25,201806256249740,GBIME,49,38,300,287.0,86100.0
2018-06-25,201806256249737,GBIME,56,38,100,287.0,28700.0
2018-06-25,201806256249730,GBIME,52,38,100,287.0,28700.0
2018-06-25,201806256249729,GBIME,17,38,100,287.0,28700.0
2018-06-25,201806256249554,GBIME,35,7,50,289.0,14450.0
2018-06-25,201806256249413,GBIME,4,4,2,288.0,576.0
2018-06-25,201806256249726,GBIME,34,38,100,287.0,28700.0
2018-06-25,201806256249722,GBIME,34,38,50,287.0,14350.0
2018-06-25,201806256249717,GBIME,48,38,20,288.0,5760.0
2018-06-25,201806256249714,GBIME,22,38,21,288.0,6048.0
2018-06-25,201806256249556,GBIME,22,7,79,288.0,22752.0
2018-06-25,201806256249555,GBIME,55,7,50,288.0,14400.0
2018-06-25,201806256249801,GBLBS,39,48,10,607.0,6070.0
2018-06-25,201806256249755,GBLBS,20,58,120,607.0,72840.0
2018-06-25,201806256249620,GBLBS,20,7,10,607.0,6070.0
2018-06-25,201806256249503,GBLBS,20,57,10,607.0,6070.0
2018-06-25,201806256249489,GBLBS,20,56,10,607.0,6070.0
2018-06-25,201806256249831,GDBL,47,14,100,190.0,19000.0
2018-06-25,201806256249830,GDBL,6,14,76,190.0,14440.0
2018-06-25,201806256249829,GDBL,59,14,100,190.0,19000.0
2018-06-25,201806256249828,GDBL,10,14,30,190.0,5700.0
2018-06-25,201806256249422,GDBL,4,4,52,192.0,9984.0
2018-06-25,201806256249773,GDBL,6,32,124,190.0,23560.0
2018-06-25,201806256249612,GLICL,35,16,20,860.0,17200.0
2018-06-25,201806256249611,GLICL,35,16,30,865.0,25950.0
2018-06-25,201806256249814,GMFIL,48,51,50,130.0,6500.0
2018-06-25,201806256249545,GUFL,21,51,100,108.0,10800.0
2018-06-25,201806256249859,HBL,11,17,10,548.0,5480.0
2018-06-25,201806256249858,HBL,29,17,100,548.0,54800.0
2018-06-25,201806256249711,HBL,22,16,100,550.0,55000.0
2018-06-25,201806256249731,HIDCL,5,57,56,154.0,8624.0
2018-06-25,201806256249629,HIDCL,21,21,34,156.0,5304.0
2018-06-25,201806256249512,HIDCL,13,21,90,155.0,13950.0
2018-06-25,201806256249502,HIDCL,5,51,56,154.0,8624.0
2018-06-25,201806256249433,HIDCL,5,5,272,154.0,41888.0
2018-06-25,201806256249432,HIDCL,38,5,200,154.0,30800.0
2018-06-25,201806256249431,HIDCL,34,5,300,154.0,46200.0
2018-06-25,201806256249867,HPPL,59,59,10,292.0,2920.0
2018-06-25,201806256249798,HPPL,55,35,20,291.0,5820.0
2018-06-25,201806256249733,IGI,35,46,200,900.0,180000.0
2018-06-25,201806256249732,IGI,36,46,10,910.0,9100.0
2018-06-25,201806256249690,JBBL,42,19,15,136.0,2040.0
2018-06-25,201806256249688,JBBL,58,53,500,134.0,67000.0
2018-06-25,201806256249571,JBBL,50,19,100,135.0,13500.0
2018-06-25,201806256249570,JBBL,26,19,200,135.0,27000.0
2018-06-25,201806256249569,JBBL,1,19,25,135.0,3375.0
2018-06-25,201806256249568,JBBL,55,19,73,136.0,9928.0
2018-06-25,201806256249797,JBNL,34,41,10,149.0,1490.0
2018-06-25,201806256249815,JEFL,26,21,100,102.0,10200.0
2018-06-25,201806256249533,KADBL,59,29,632,188.0,118816.0
2018-06-25,201806256249449,KBBL,28,13,200,224.0,44800.0
2018-06-25,201806256249774,KBL,49,28,500,210.0,105000.0
2018-06-25,201806256249640,KBL,56,28,1900,210.0,399000.0
2018-06-25,201806256249551,KBL,56,7,100,210.0,21000.0
2018-06-25,201806256249485,KBL,58,21,50,209.0,10450.0
2018-06-25,201806256249430,KBL,51,28,20,210.0,4200.0
2018-06-25,201806256249429,KBL,38,28,100,210.0,21000.0
2018-06-25,201806256249428,KBL,51,28,100,210.0,21000.0
2018-06-25,201806256249427,KBL,49,28,1000,210.0,210000.0
2018-06-25,201806256249913,KSBBL,47,26,73,154.0,11242.0
2018-06-25,201806256249813,LBBL,34,42,448,145.0,64960.0
2018-06-25,201806256249812,LBBL,58,42,2000,145.0,290000.0
2018-06-25,201806256249811,LBBL,14,42,500,146.0,73000.0
2018-06-25,201806256249810,LBBL,36,42,52,146.0,7592.0
2018-06-25,201806256249724,LBL,58,50,100,249.0,24900.0
2018-06-25,201806256249528,LBL,28,28,78,246.0,19188.0
2018-06-25,201806256249501,LBL,58,28,50,246.0,12300.0
2018-06-25,201806256249827,LICN,5,17,50,1605.0,80250.0
2018-06-25,201806256249866,LLBS,55,7,100,1078.0,107800.0
2018-06-25,201806256249865,LLBS,55,7,100,1080.0,108000.0
2018-06-25,201806256249864,LLBS,28,7,50,1081.0,54050.0
2018-06-25,201806256249863,LLBS,14,7,40,1082.0,43280.0
2018-06-25,201806256249862,LLBS,45,7,10,1100.0,11000.0
2018-06-25,201806256249734,MBL,13,57,55,209.0,11495.0
2018-06-25,201806256249783,MDB,49,38,200,284.0,56800.0
2018-06-25,201806256249848,MEGA,51,45,10,177.0,1770.0
2018-06-25,201806256249842,MEGA,51,45,10,177.0,1770.0
2018-06-25,201806256249777,MEGA,52,41,61,176.0,10736.0
2018-06-25,201806256249704,MEGA,42,45,100,177.0,17700.0
2018-06-25,201806256249561,MEGA,52,7,98,176.0,17248.0
2018-06-25,201806256249557,MEGA,42,45,150,177.0,26550.0
2018-06-25,201806256249536,MEGA,28,45,500,177.0,88500.0
2018-06-25,201806256249513,MEGA,42,45,50,177.0,8850.0
2018-06-25,201806256249500,MEGA,35,35,400,176.0,70400.0
2018-06-25,201806256249477,MEGA,35,35,562,176.0,98912.0
2018-06-25,201806256249835,MERO,48,14,14,1041.0,14574.0
2018-06-25,201806256249696,MERO,47,4,30,1042.0,31260.0
2018-06-25,201806256249843,MLBL,4,52,1000,171.0,171000.0
2018-06-25,201806256249434,MLBL,4,4,11,172.0,1892.0
2018-06-25,201806256249820,MMFDB,56,53,19,1580.0,30020.0
2018-06-25,201806256249901,MNBBL,38,53,100,378.0,37800.0
2018-06-25,201806256249702,MNBBL,5,59,300,379.0,113700.0
2018-06-25,201806256249782,NABIL,16,3,100,938.0,93800.0
2018-06-25,201806256249703,NABIL,41,3,30,932.0,27960.0
2018-06-25,201806256249597,NABIL,57,3,100,930.0,93000.0
2018-06-25,201806256249596,NABIL,49,3,1000,930.0,930000.0
2018-06-25,201806256249595,NABIL,46,3,100,930.0,93000.0
2018-06-25,201806256249594,NABIL,11,3,65,931.0,60515.0
2018-06-25,201806256249587,NABIL,25,3,25,937.0,23425.0
2018-06-25,201806256249586,NABIL,46,3,100,937.0,93700.0
2018-06-25,201806256249585,NABIL,51,3,10,937.0,9370.0
2018-06-25,201806256249581,NABIL,57,22,500,940.0,470000.0
2018-06-25,201806256249469,NABIL,29,59,100,938.0,93800.0
2018-06-25,201806256249421,NABIL,29,22,200,940.0,188000.0
2018-06-25,201806256249593,NABIL,11,3,20,935.0,18700.0
2018-06-25,201806256249592,NABIL,32,3,70,935.0,65450.0
2018-06-25,201806256249591,NABIL,48,3,100,935.0,93500.0
2018-06-25,201806256249590,NABIL,57,3,100,935.0,93500.0
2018-06-25,201806256249589,NABIL,46,3,40,936.0,37440.0
2018-06-25,201806256249588,NABIL,49,3,150,936.0,140400.0
2018-06-25,201806256249855,NABILP,43,59,960,720.0,691200.0
2018-06-25,201806256249854,NABILP,14,59,20,725.0,14500.0
2018-06-25,201806256249583,NABILP,59,3,50,734.0,36700.0
2018-06-25,201806256249838,NABILP,5,17,100,728.0,72800.0
2018-06-25,201806256249837,NABILP,14,17,50,729.0,36450.0
2018-06-25,201806256249853,NABILP,34,59,100,726.0,72600.0
2018-06-25,201806256249852,NABILP,49,59,150,726.0,108900.0
2018-06-25,201806256249846,NABILP,49,17,350,726.0,254100.0
2018-06-25,201806256249841,NABILP,25,17,200,727.0,145400.0
2018-06-25,201806256249840,NABILP,40,17,100,727.0,72700.0
2018-06-25,201806256249839,NABILP,29,17,200,728.0,145600.0
2018-06-25,201806256249708,NBB,25,1,630,208.0,131040.0
2018-06-25,201806256249707,NBB,13,1,400,208.0,83200.0
2018-06-25,201806256249706,NBB,55,1,1029,209.0,215061.0
2018-06-25,201806256249890,NBBL,10,38,20,2530.0,50600.0
2018-06-25,201806256249874,NBBL,10,19,30,2530.0,75900.0
2018-06-25,201806256249743,NBBL,37,45,50,2560.0,128000.0
2018-06-25,201806256249578,NBBL,10,43,41,2550.0,104550.0
2018-06-25,201806256249411,NBBL,45,58,10,2530.0,25300.0
2018-06-25,201806256249638,NBL,28,26,19,292.0,5548.0
2018-06-25,201806256249637,NBL,20,26,500,293.0,146500.0
2018-06-25,201806256249636,NBL,55,26,100,293.0,29300.0
2018-06-25,201806256249462,NBL,28,8,778,292.0,227176.0
2018-06-25,201806256249461,NBL,20,8,50,293.0,14650.0
2018-06-25,201806256249460,NBL,46,8,1000,293.0,293000.0
2018-06-25,201806256249459,NBL,28,8,600,293.0,175800.0
2018-06-25,201806256249472,NCCB,58,20,100,235.0,23500.0
2018-06-25,201806256249470,NCCB,58,8,300,235.0,70500.0
2018-06-25,201806256249406,NCCB,58,47,500,235.0,117500.0
2018-06-25,201806256249405,NCCB,48,47,1000,236.0,236000.0
2018-06-25,201806256249404,NCCB,48,47,200,236.0,47200.0
2018-06-25,201806256249403,NCCB,48,47,100,236.0,23600.0
2018-06-25,201806256249402,NCCB,25,47,200,237.0,47400.0
2018-06-25,201806256249816,NCDB,28,35,100,115.0,11500.0
2018-06-25,201806256249582,NCDB,28,39,100,117.0,11700.0
2018-06-25,201806256249873,NHPC,51,51,1000,85.0,85000.0
2018-06-25,201806256249823,NIB,41,57,19,622.0,11818.0
2018-06-25,201806256249822,NIB,22,57,100,622.0,62200.0
2018-06-25,201806256249821,NIB,56,57,237,622.0,147414.0
2018-06-25,201806256249746,NIB,56,51,37,622.0,23014.0
2018-06-25,201806256249736,NIB,26,44,13,623.0,8099.0
2018-06-25,201806256249735,NIB,26,19,37,623.0,23051.0
2018-06-25,201806256249634,NIB,56,49,37,622.0,23014.0
2018-06-25,201806256249605,NIB,19,44,10,623.0,6230.0
2018-06-25,201806256249805,NIBPO,22,40,100,542.0,54200.0
2018-06-25,201806256249804,NIBPO,40,40,100,543.0,54300.0
2018-06-25,201806256249803,NIBPO,5,40,100,544.0,54400.0
2018-06-25,201806256249825,NICA,46,25,70,315.0,22050.0
2018-06-25,201806256249480,NICA,56,8,448,314.0,140672.0
2018-06-25,201806256249662,NICL,13,39,200,650.0,130000.0
2018-06-25,201806256249691,NIL,14,21,150,551.0,82650.0
2018-06-25,201806256249686,NIL,14,39,50,551.0,27550.0
2018-06-25,201806256249685,NIL,57,39,100,552.0,55200.0
2018-06-25,201806256249684,NIL,14,39,50,552.0,27600.0
2018-06-25,201806256249674,NIL,14,21,25,552.0,13800.0
2018-06-25,201806256249673,NIL,50,21,150,553.0,82950.0
2018-06-25,201806256249672,NIL,29,21,100,553.0,55300.0
2018-06-25,201806256249544,NIL,14,42,55,552.0,30360.0
2018-06-25,201806256249898,NLG,21,49,100,875.0,87500.0
2018-06-25,201806256249897,NLG,55,49,200,875.0,175000.0
2018-06-25,201806256249896,NLG,55,49,300,875.0,262500.0
2018-06-25,201806256249895,NLG,33,49,500,876.0,438000.0
2018-06-25,201806256249894,NLG,19,49,100,877.0,87700.0
2018-06-25,201806256249548,NLG,42,42,12,885.0,10620.0
2018-06-25,201806256249447,NLG,35,35,25,886.0,22150.0
2018-06-25,201806256249893,NLG,44,49,41,880.0,36080.0
2018-06-25,201806256249833,NLG,42,7,19,885.0,16815.0
2018-06-25,201806256249760,NLG,45,7,10,890.0,8900.0
2018-06-25,201806256249860,NLIC,59,59,17,1006.0,17102.0
2018-06-25,201806256249718,NLIC,33,55,21,1005.0,21105.0
2018-06-25,201806256249657,NLIC,59,43,17,1006.0,17102.0
2018-06-25,201806256249515,NLIC,29,8,5,986.0,4930.0
2018-06-25,201806256249497,NLIC,32,5,84,1006.0,84504.0
2018-06-25,201806256249496,NLIC,32,13,27,1006.0,27162.0
2018-06-25,201806256249475,NLIC,13,56,17,1005.0,17085.0
2018-06-25,201806256249416,NLIC,14,13,23,1006.0,23138.0
2018-06-25,201806256249415,NLIC,14,19,17,1006.0,17102.0
2018-06-25,201806256249902,NMB,45,6,234,348.0,81432.0
2018-06-25,201806256249563,NMB,19,49,11,345.0,3795.0
2018-06-25,201806256249488,NMB,19,8,361,345.0,124545.0
2018-06-25,201806256249487,NMB,43,8,200,345.0,69000.0
2018-06-25,201806256249471,NMBSF1,17,16,1000,11.55,11550.0
2018-06-25,201806256249467,NMBSF1,17,16,1000,11.55,11550.0
2018-06-25,201806256249457,NMBSF1,17,16,1000,11.55,11550.0
2018-06-25,201806256249558,NMFBS,29,29,4,2186.0,8744.0
2018-06-25,201806256249553,NMFBS,29,29,4,2186.0,8744.0
2018-06-25,201806256249483,NMFBS,29,29,4,2186.0,8744.0
2018-06-25,201806256249407,NTC,45,59,110,724.0,79640.0
2018-06-25,201806256249576,NUBL,4,44,517,1095.0,566115.0
2018-06-25,201806256249575,NUBL,6,44,50,1095.0,54750.0
2018-06-25,201806256249670,ODBL,32,14,500,176.0,88000.0
2018-06-25,201806256249625,PCBL,7,49,81,289.0,23409.0
2018-06-25,201806256249510,PCBL,7,8,10,289.0,2890.0
2018-06-25,201806256249509,PCBL,55,8,1000,289.0,289000.0
2018-06-25,201806256249508,PCBL,44,8,100,289.0,28900.0
2018-06-25,201806256249507,PCBL,53,8,190,289.0,54910.0
2018-06-25,201806256249506,PCBL,25,8,200,290.0,58000.0
2018-06-25,201806256249505,PCBL,38,8,100,290.0,29000.0
2018-06-25,201806256249504,PCBL,48,8,144,290.0,41760.0
2018-06-25,201806256249478,PCBL,48,21,30,290.0,8700.0
2018-06-25,201806256249436,PCBL,59,59,8,290.0,2320.0
2018-06-25,201806256249423,PCBL,48,59,15,290.0,4350.0
2018-06-25,201806256249420,PCBL,59,8,15,291.0,4365.0
2018-06-25,201806256249861,PFL,32,13,50,135.0,6750.0
2018-06-25,201806256249762,PFL,32,51,200,135.0,27000.0
2018-06-25,201806256249562,PFL,29,29,3,131.0,393.0
2018-06-25,201806256249912,PIC,18,18,1,1150.0,1150.0
2018-06-25,201806256249911,PIC,18,18,1,1150.0,1150.0
2018-06-25,201806256249910,PIC,18,18,1,1150.0,1150.0
2018-06-25,201806256249909,PIC,18,18,1,1150.0,1150.0
2018-06-25,201806256249908,PIC,18,18,1,1150.0,1150.0
2018-06-25,201806256249906,PIC,18,18,1,1150.0,1150.0
2018-06-25,201806256249498,PIC,54,56,11,1165.0,12815.0
2018-06-25,201806256249484,PIC,54,25,11,1165.0,12815.0
2018-06-25,201806256249479,PIC,54,20,11,1165.0,12815.0
2018-06-25,201806256249532,PIC,54,25,11,1161.0,12771.0
2018-06-25,201806256249527,PIC,59,8,100,1163.0,116300.0
2018-06-25,201806256249526,PIC,8,8,11,1164.0,12804.0
2018-06-25,201806256249525,PIC,5,8,12,1164.0,13968.0
2018-06-25,201806256249524,PIC,54,8,17,1165.0,19805.0
2018-06-25,201806256249499,PIC,29,29,1,1142.0,1142.0
2018-06-25,201806256249658,PIC,18,34,1,1158.0,1158.0
2018-06-25,201806256249655,PIC,18,17,1,1150.0,1150.0
2018-06-25,201806256249609,PIC,54,25,11,1161.0,12771.0
2018-06-25,201806256249608,PIC,54,25,11,1161.0,12771.0
2018-06-25,201806256249607,PIC,54,25,11,1161.0,12771.0
2018-06-25,201806256249538,PIC,8,8,11,1166.0,12826.0
2018-06-25,201806256249705,PIC,18,18,1,1150.0,1150.0
2018-06-25,201806256249701,PIC,18,18,1,1150.0,1150.0
2018-06-25,201806256249699,PIC,46,25,11,1160.0,12760.0
2018-06-25,201806256249695,PIC,46,7,11,1160.0,12760.0
2018-06-25,201806256249687,PIC,18,18,1,1150.0,1150.0
2018-06-25,201806256249675,PIC,18,18,1,1150.0,1150.0
2018-06-25,201806256249725,PIC,18,18,1,1150.0,1150.0
2018-06-25,201806256249721,PIC,18,18,1,1150.0,1150.0
2018-06-25,201806256249719,PIC,18,18,1,1150.0,1150.0
2018-06-25,201806256249713,PIC,18,18,1,1150.0,1150.0
2018-06-25,201806256249712,PIC,46,11,11,1160.0,12760.0
2018-06-25,201806256249710,PIC,46,11,11,1160.0,12760.0
2018-06-25,201806256249800,PIC,38,46,11,1165.0,12815.0
2018-06-25,201806256249799,PIC,38,46,11,1165.0,12815.0
2018-06-25,201806256249747,PIC,18,18,1,1150.0,1150.0
2018-06-25,201806256249745,PIC,18,18,1,1150.0,1150.0
2018-06-25,201806256249739,PIC,46,25,11,1160.0,12760.0
2018-06-25,201806256249727,PIC,18,18,1,1150.0,1150.0
2018-06-25,201806256249905,PIC,18,18,1,1150.0,1150.0
2018-06-25,201806256249904,PIC,18,18,1,1150.0,1150.0
2018-06-25,201806256249903,PIC,18,18,1,1150.0,1150.0
2018-06-25,201806256249900,PIC,18,18,1,1150.0,1150.0
2018-06-25,201806256249889,PIC,18,18,1,1150.0,1150.0
2018-06-25,201806256249887,PIC,18,18,1,1150.0,1150.0
2018-06-25,201806256249888,PLIC,34,34,1000,558.0,558000.0
2018-06-25,201806256249886,PLIC,34,38,200,558.0,111600.0
2018-06-25,201806256249802,PLIC,34,38,125,558.0,69750.0
2018-06-25,201806256249623,PLIC,33,16,50,557.0,27850.0
2018-06-25,201806256249622,PLIC,52,16,150,558.0,83700.0
2018-06-25,201806256249539,PLIC,29,38,44,560.0,24640.0
2018-06-25,201806256249455,PLIC,33,57,48,560.0,26880.0
2018-06-25,201806256249442,PLIC,4,4,50,563.0,28150.0
2018-06-25,201806256249531,PLIC,29,38,56,560.0,31360.0
2018-06-25,201806256249530,PLIC,50,38,119,560.0,66640.0
2018-06-25,201806256249529,PLIC,56,38,25,560.0,14000.0
2018-06-25,201806256249490,PLIC,50,43,68,560.0,38080.0
2018-06-25,201806256249474,PLIC,50,26,40,560.0,22400.0
2018-06-25,201806256249456,PLIC,33,29,3,556.0,1668.0
2018-06-25,201806256249663,PRIN,32,50,45,510.0,22950.0
2018-06-25,201806256249660,PRIN,32,50,100,510.0,51000.0
2018-06-25,201806256249659,PRIN,32,11,100,510.0,51000.0
2018-06-25,201806256249560,PRIN,39,20,450,507.0,228150.0
2018-06-25,201806256249559,PRIN,39,20,50,508.0,25400.0
2018-06-25,201806256249880,PRVU,51,28,10,192.0,1920.0
2018-06-25,201806256249870,PRVU,51,28,10,192.0,1920.0
2018-06-25,201806256249418,PRVU,35,49,100,190.0,19000.0
2018-06-25,201806256249417,PRVU,29,49,30,190.0,5700.0
2018-06-25,201806256249414,PRVU,29,49,27,190.0,5130.0
2018-06-25,201806256249412,PRVU,29,49,23,190.0,4370.0
2018-06-25,201806256249614,PRVU,17,8,157,190.0,29830.0
2018-06-25,201806256249491,PRVU,17,21,99,190.0,18810.0
2018-06-25,201806256249452,PRVU,4,4,16,191.0,3056.0
2018-06-25,201806256249425,PRVU,45,45,5,188.0,940.0
2018-06-25,201806256249419,PRVU,17,49,244,190.0,46360.0
2018-06-25,201806256249748,PRVU,46,57,243,190.0,46170.0
2018-06-25,201806256249618,PRVU,4,8,93,189.0,17577.0
2018-06-25,201806256249617,PRVU,35,8,50,189.0,9450.0
2018-06-25,201806256249616,PRVU,49,8,200,190.0,38000.0
2018-06-25,201806256249615,PRVU,32,8,200,190.0,38000.0
2018-06-25,201806256249453,PURBL,25,49,53,174.0,9222.0
2018-06-25,201806256249451,PURBL,34,49,53,174.0,9222.0
2018-06-25,201806256249448,PURBL,34,49,53,174.0,9222.0
2018-06-25,201806256249445,PURBL,34,49,53,174.0,9222.0
2018-06-25,201806256249635,RADHI,28,7,10,225.0,2250.0
2018-06-25,201806256249450,RADHI,39,39,1140,221.0,251940.0
2018-06-25,201806256249446,RADHI,39,39,1740,221.0,384540.0
2018-06-25,201806256249742,RBCL,13,39,10,11000.0,110000.0
2018-06-25,201806256249877,RBCLPO,51,59,80,10000.0,800000.0
2018-06-25,201806256249876,RBCLPO,57,59,20,10000.0,200000.0
2018-06-25,201806256249547,RBCLPO,59,59,50,10055.0,502750.0
2018-06-25,201806256249546,RBCLPO,20,59,10,10060.0,100600.0
2018-06-25,201806256249871,RLFL,48,51,50,123.0,6150.0
2018-06-25,201806256249756,RLFL,5,7,91,121.0,11011.0
2018-06-25,201806256249764,RMDC,57,26,30,661.0,19830.0
2018-06-25,201806256249763,RMDC,57,7,44,660.0,29040.0
2018-06-25,201806256249692,RSDC,6,56,35,544.0,19040.0
2018-06-25,201806256249613,RSDC,6,37,42,544.0,22848.0
2018-06-25,201806256249579,RSDC,6,7,35,544.0,19040.0
2018-06-25,201806256249440,RSDC,6,34,35,544.0,19040.0
2018-06-25,201806256249845,SADBL,59,33,100,150.0,15000.0
2018-06-25,201806256249709,SADBL,59,38,200,150.0,30000.0
2018-06-25,201806256249700,SADBL,59,37,50,150.0,7500.0
2018-06-25,201806256249693,SADBL,59,38,100,150.0,15000.0
2018-06-25,201806256249689,SADBL,59,38,200,150.0,30000.0
2018-06-25,201806256249676,SADBL,59,38,100,150.0,15000.0
2018-06-25,201806256249671,SADBL,59,38,100,150.0,15000.0
2018-06-25,201806256249656,SADBL,59,38,100,150.0,15000.0
2018-06-25,201806256249879,SANIMA,57,57,1000,326.0,326000.0
2018-06-25,201806256249849,SANIMA,48,39,70,325.0,22750.0
2018-06-25,201806256249844,SANIMA,48,39,70,325.0,22750.0
2018-06-25,201806256249633,SANIMA,29,8,16,325.0,5200.0
2018-06-25,201806256249632,SANIMA,56,8,150,325.0,48750.0
2018-06-25,201806256249631,SANIMA,47,8,354,325.0,115050.0
2018-06-25,201806256249465,SANIMA,47,20,100,325.0,32500.0
2018-06-25,201806256249771,SBI,49,57,10643,500.0,5321500.0
2018-06-25,201806256249770,SBI,49,3,30,500.0,15000.0
2018-06-25,201806256249769,SBI,49,28,206,500.0,103000.0
2018-06-25,201806256249768,SBI,49,34,36,500.0,18000.0
2018-06-25,201806256249767,SBI,49,17,62,500.0,31000.0
2018-06-25,201806256249766,SBI,49,45,25,500.0,12500.0
2018-06-25,201806256249765,SBI,49,58,370,499.0,184630.0
2018-06-25,201806256249723,SBI,22,16,100,498.0,49800.0
2018-06-25,201806256249677,SBI,35,58,30,499.0,14970.0
2018-06-25,201806256249444,SBI,21,3,20,499.0,9980.0
2018-06-25,201806256249443,SBI,41,3,50,499.0,24950.0
2018-06-25,201806256249869,SBL,55,51,249,300.0,74700.0
2018-06-25,201806256249682,SBL,14,14,1800,295.0,531000.0
2018-06-25,201806256249648,SBL,28,8,430,300.0,129000.0
2018-06-25,201806256249647,SBL,50,8,1000,300.0,300000.0
2018-06-25,201806256249646,SBL,58,8,100,300.0,30000.0
2018-06-25,201806256249645,SBL,29,8,10,300.0,3000.0
2018-06-25,201806256249644,SBL,16,8,100,302.0,30200.0
2018-06-25,201806256249643,SBL,14,8,300,302.0,90600.0
2018-06-25,201806256249642,SBL,57,8,500,302.0,151000.0
2018-06-25,201806256249641,SBL,47,8,45,303.0,13635.0
2018-06-25,201806256249426,SBL,14,43,300,304.0,91200.0
2018-06-25,201806256249850,SCB,59,59,20,749.0,14980.0
2018-06-25,201806256249775,SCB,54,17,10,753.0,7530.0
2018-06-25,201806256249728,SCB,16,11,100,752.0,75200.0
2018-06-25,201806256249654,SCB,57,39,50,750.0,37500.0
2018-06-25,201806256249653,SCB,57,13,20,750.0,15000.0
2018-06-25,201806256249652,SCB,57,13,50,750.0,37500.0
2018-06-25,201806256249651,SCB,57,13,99,750.0,74250.0
2018-06-25,201806256249650,SCB,57,59,60,749.0,44940.0
2018-06-25,201806256249492,SCB,38,38,20,749.0,14980.0
2018-06-25,201806256249438,SCB,11,29,100,745.0,74500.0
2018-06-25,201806256249408,SCB,48,19,20,744.0,14880.0
2018-06-25,201806256249537,SDESI,28,25,11,1664.0,18304.0
2018-06-25,201806256249435,SDESI,45,45,11,1670.0,18370.0
2018-06-25,201806256249410,SDESI,14,39,100,1670.0,167000.0
2018-06-25,201806256249409,SDESI,28,39,22,1670.0,36740.0
2018-06-25,201806256249698,SICL,22,39,90,962.0,86580.0
2018-06-25,201806256249697,SICL,41,39,10,966.0,9660.0
2018-06-25,201806256249486,SICL,26,17,10,968.0,9680.0
2018-06-25,201806256249481,SICL,14,17,1000,965.0,965000.0
2018-06-25,201806256249463,SICL,35,35,38,970.0,36860.0
2018-06-25,201806256249818,SLBBL,6,39,100,1632.0,163200.0
2018-06-25,201806256249817,SLBBL,7,39,100,1633.0,163300.0
2018-06-25,201806256249454,SLBBL,16,16,80,1633.0,130640.0
2018-06-25,201806256249424,SLBBL,16,16,80,1633.0,130640.0
2018-06-25,201806256249891,SLICL,4,4,60,678.0,40680.0
2018-06-25,201806256249875,SLICL,18,13,50,675.0,33750.0
2018-06-25,201806256249577,SLICL,5,54,150,670.0,100500.0
2018-06-25,201806256249885,SMATA,57,57,12,2107.0,25284.0
2018-06-25,201806256249881,SMATA,41,19,12,2100.0,25200.0
2018-06-25,201806256249784,SMATA,41,16,12,2100.0,25200.0
2018-06-25,201806256249781,SMATA,34,25,12,2102.0,25224.0
2018-06-25,201806256249780,SMATA,34,25,12,2102.0,25224.0
2018-06-25,201806256249779,SMATA,34,57,12,2101.0,25212.0
2018-06-25,201806256249516,SMATA,41,36,12,2100.0,25200.0
2018-06-25,201806256249493,SMATA,47,54,10,2095.0,20950.0
2018-06-25,201806256249473,SMATA,47,19,12,2095.0,25140.0
2018-06-25,201806256249522,SMATA,41,29,10,2100.0,21000.0
2018-06-25,201806256249521,SMATA,41,29,12,2100.0,25200.0
2018-06-25,201806256249520,SMATA,41,29,12,2100.0,25200.0
2018-06-25,201806256249519,SMATA,41,29,12,2100.0,25200.0
2018-06-25,201806256249518,SMATA,41,36,12,2100.0,25200.0
2018-06-25,201806256249517,SMATA,41,36,12,2100.0,25200.0
2018-06-25,201806256249679,SMATA,40,44,12,2100.0,25200.0
2018-06-25,201806256249678,SMATA,40,57,12,2100.0,25200.0
2018-06-25,201806256249661,SMATA,21,16,12,2097.0,25164.0
2018-06-25,201806256249627,SMATA,21,57,10,2097.0,20970.0
2018-06-25,201806256249610,SMATA,21,57,10,2097.0,20970.0
2018-06-25,201806256249523,SMATA,41,29,10,2100.0,21000.0
2018-06-25,201806256249751,SMATA,41,1,12,2100.0,25200.0
2018-06-25,201806256249741,SMATA,16,39,12,2098.0,25176.0
2018-06-25,201806256249716,SMATA,34,1,12,2100.0,25200.0
2018-06-25,201806256249715,SMATA,34,1,12,2100.0,25200.0
2018-06-25,201806256249694,SMATA,21,25,12,2097.0,25164.0
2018-06-25,201806256249683,SMATA,42,1,12,2100.0,25200.0
2018-06-25,201806256249778,SMATA,41,16,12,2100.0,25200.0
2018-06-25,201806256249772,SMATA,41,16,12,2100.0,25200.0
2018-06-25,201806256249758,SMATA,41,48,12,2100.0,25200.0
2018-06-25,201806256249754,SMATA,41,1,12,2100.0,25200.0
2018-06-25,201806256249753,SMATA,41,1,12,2100.0,25200.0
2018-06-25,201806256249752,SMATA,41,1,12,2100.0,25200.0
2018-06-25,201806256249514,SPDL,36,57,15,126.0,1890.0
2018-06-25,201806256249857,SRBL,58,55,148,220.0,32560.0
2018-06-25,201806256249669,SRBL,58,8,190,220.0,41800.0
2018-06-25,201806256249668,SRBL,7,8,400,220.0,88000.0
2018-06-25,201806256249667,SRBL,44,8,100,221.0,22100.0
2018-06-25,201806256249666,SRBL,36,8,500,221.0,110500.0
2018-06-25,201806256249665,SRBL,19,8,189,221.0,41769.0
2018-06-25,201806256249664,SRBL,1,8,16,222.0,3552.0
2018-06-25,201806256249851,UMHL,48,16,14,168.0,2352.0
2018-06-25,201806256249847,UMHL,13,16,42,171.0,7182.0
2018-06-25,201806256249464,UMHL,55,56,14,168.0,2352.0
2018-06-25,201806256249439,VLBS,45,45,12,766.0,9192.0
2018-06-25,201806256249574,WOMI,21,21,100,1400.0,140000.0
2018-06-25,201806256250273,ADBL,40,28,13,313.0,4069.0
2018-06-25,201806256250272,ADBL,43,28,400,313.0,125200.0
2018-06-25,201806256250271,ADBL,58,28,100,314.0,31400.0
2018-06-25,201806256250056,ADBL,45,49,170,314.0,53380.0
2018-06-25,201806256249975,ADBL,45,19,30,314.0,9420.0
2018-06-25,201806256250138,AKPL,39,19,131,282.0,36942.0
2018-06-25,201806256250137,AKPL,39,17,13,282.0,3666.0
2018-06-25,201806256250136,AKPL,39,17,13,280.0,3640.0
2018-06-25,201806256250135,AKPL,39,17,13,280.0,3640.0
2018-06-25,201806256250331,API,42,14,29,295.0,8555.0
2018-06-25,201806256250147,API,39,8,29,298.0,8642.0
2018-06-25,201806256250146,API,39,8,29,298.0,8642.0
2018-06-25,201806256250128,API,39,8,29,297.0,8613.0
2018-06-25,201806256250293,BOKL,45,28,20,261.0,5220.0
2018-06-25,201806256250292,BOKL,19,28,111,261.0,28971.0
2018-06-25,201806256250291,BOKL,14,28,100,261.0,26100.0
2018-06-25,201806256250290,BOKL,11,28,16,261.0,4176.0
2018-06-25,201806256250289,BOKL,34,28,150,261.0,39150.0
2018-06-25,201806256250288,BOKL,45,28,100,262.0,26200.0
2018-06-25,201806256250130,BOKL,45,49,100,264.0,26400.0
2018-06-25,201806256249920,BOKL,7,49,50,264.0,13200.0
2018-06-25,201806256250349,BPCL,39,39,20,445.0,8900.0
2018-06-25,201806256250348,BPCL,39,39,20,445.0,8900.0
2018-06-25,201806256250346,BPCL,39,39,20,445.0,8900.0
2018-06-25,201806256250344,BPCL,39,39,20,445.0,8900.0
2018-06-25,201806256250338,BPCL,39,39,20,445.0,8900.0
2018-06-25,201806256250267,BPCL,38,38,20,445.0,8900.0
2018-06-25,201806256250201,BPCL,1,1,20,441.0,8820.0
2018-06-25,201806256250190,BPCL,1,38,50,441.0,22050.0
2018-06-25,201806256250159,BPCL,1,1,20,440.0,8800.0
2018-06-25,201806256250091,BPCL,38,38,20,445.0,8900.0
2018-06-25,201806256249958,BPCL,1,38,50,440.0,22000.0
2018-06-25,201806256249919,BPCL,1,38,50,440.0,22000.0
2018-06-25,201806256250055,CBBL,38,37,50,910.0,45500.0
2018-06-25,201806256250054,CBBL,38,21,200,908.0,181600.0
2018-06-25,201806256250053,CBBL,38,37,40,900.0,36000.0
2018-06-25,201806256250052,CBBL,38,39,239,899.0,214861.0
2018-06-25,201806256250051,CBBL,38,17,100,899.0,89900.0
2018-06-25,201806256250050,CBBL,38,1,359,898.0,322382.0
2018-06-25,201806256250030,CBBL,38,47,197,893.0,175921.0
2018-06-25,201806256250398,CBL,35,14,200,151.0,30200.0
2018-06-25,201806256250347,CBL,22,14,500,151.0,75500.0
2018-06-25,201806256250186,CBL,56,22,500,151.0,75500.0
2018-06-25,201806256250181,CBL,51,38,153,150.0,22950.0
2018-06-25,201806256250095,CBL,33,55,329,150.0,49350.0
2018-06-25,201806256249989,CBL,59,38,92,151.0,13892.0
2018-06-25,201806256250394,CCBL,44,47,1886,165.0,311190.0
2018-06-25,201806256250393,CCBL,41,47,100,165.0,16500.0
2018-06-25,201806256250392,CCBL,41,47,100,165.0,16500.0
2018-06-25,201806256250391,CCBL,51,47,20,165.0,3300.0
2018-06-25,201806256250025,CCBL,51,26,30,165.0,4950.0
2018-06-25,201806256249984,CCBL,51,26,500,165.0,82500.0
2018-06-25,201806256250333,CCBL,44,58,114,165.0,18810.0
2018-06-25,201806256250277,CCBL,45,42,100,166.0,16600.0
2018-06-25,201806256250226,CCBL,1,42,180,166.0,29880.0
2018-06-25,201806256250157,CCBL,51,26,26,165.0,4290.0
2018-06-25,201806256250154,CCBL,51,58,69,165.0,11385.0
2018-06-25,201806256250098,CCBL,51,33,84,165.0,13860.0
2018-06-25,201806256250354,CFCL,48,49,50,118.0,5900.0
2018-06-25,201806256250231,CHCL,48,19,18,755.0,13590.0
2018-06-25,201806256250230,CHCL,48,43,100,754.0,75400.0
2018-06-25,201806256250078,CHCL,34,38,23,750.0,17250.0
2018-06-25,201806256249942,CHCL,34,38,11,750.0,8250.0
2018-06-25,201806256250377,CHL,34,29,10,143.0,1430.0
2018-06-25,201806256250372,CZBIL,14,14,78,240.0,18720.0
2018-06-25,201806256250371,CZBIL,14,40,211,240.0,50640.0
2018-06-25,201806256250370,CZBIL,14,57,1000,240.0,240000.0
2018-06-25,201806256250294,CZBIL,22,40,50,240.0,12000.0
2018-06-25,201806256249990,CZBIL,4,26,500,237.0,118500.0
2018-06-25,201806256249952,CZBIL,4,42,137,237.0,32469.0
2018-06-25,201806256249951,CZBIL,14,42,100,238.0,23800.0
2018-06-25,201806256249950,CZBIL,53,42,30,238.0,7140.0
2018-06-25,201806256249947,CZBIL,55,26,37,240.0,8880.0
2018-06-25,201806256250258,DBBL,28,29,100,128.0,12800.0
2018-06-25,201806256250220,DBBL,21,22,100,130.0,13000.0
2018-06-25,201806256250219,DBBL,14,22,160,130.0,20800.0
2018-06-25,201806256250218,DBBL,56,22,50,131.0,6550.0
2018-06-25,201806256250215,DBBL,17,22,162,132.0,21384.0
2018-06-25,201806256250214,DBBL,5,22,50,132.0,6600.0
2018-06-25,201806256250033,DBBL,51,28,500,133.0,66500.0
2018-06-25,201806256250307,EBL,14,58,66,670.0,44220.0
2018-06-25,201806256250306,EBL,36,58,20,670.0,13400.0
2018-06-25,201806256250305,EBL,57,58,114,670.0,76380.0
2018-06-25,201806256250301,EBL,45,34,50,672.0,33600.0
2018-06-25,201806256250236,EBL,22,34,50,672.0,33600.0
2018-06-25,201806256250069,EBL,57,56,66,670.0,44220.0
2018-06-25,201806256250004,EBL,57,25,200,670.0,134000.0
2018-06-25,201806256250003,EBL,45,25,100,671.0,67100.0
2018-06-25,201806256249986,EBL,45,51,100,672.0,67200.0
2018-06-25,201806256249980,EBL,45,49,100,671.0,67100.0
2018-06-25,201806256250411,EIC,59,28,18,1356.0,24408.0
2018-06-25,201806256250410,EIC,34,28,50,1356.0,67800.0
2018-06-25,201806256250409,EIC,33,28,14,1357.0,18998.0
2018-06-25,201806256250047,FMDBL,54,17,26,540.0,14040.0
2018-06-25,201806256250046,FMDBL,54,17,50,540.0,27000.0
2018-06-25,201806256250045,FMDBL,11,17,20,540.0,10800.0
2018-06-25,201806256250044,FMDBL,18,17,60,541.0,32460.0
2018-06-25,201806256250043,FMDBL,26,17,20,541.0,10820.0
2018-06-25,201806256250042,FMDBL,39,17,30,542.0,16260.0
2018-06-25,201806256250041,FMDBL,41,17,139,543.0,75477.0
2018-06-25,201806256249914,FOWAD,56,56,18,2207.0,39726.0
2018-06-25,201806256250134,GBBL,29,49,45,179.0,8055.0
2018-06-25,201806256249979,GBBL,49,26,282,178.0,50196.0
2018-06-25,201806256249978,GBBL,42,26,35,179.0,6265.0
2018-06-25,201806256249977,GBBL,13,26,100,179.0,17900.0
2018-06-25,201806256249976,GBBL,5,26,83,179.0,14857.0
2018-06-25,201806256250361,GBLBS,58,53,60,606.0,36360.0
2018-06-25,201806256250360,GBLBS,49,53,440,607.0,267080.0
2018-06-25,201806256250242,GBLBS,49,34,10,607.0,6070.0
2018-06-25,201806256250163,GBLBS,39,25,10,614.0,6140.0
2018-06-25,201806256250162,GBLBS,39,6,10,610.0,6100.0
2018-06-25,201806256250100,GBLBS,49,54,10,607.0,6070.0
2018-06-25,201806256249993,GBLBS,59,59,10,608.0,6080.0
2018-06-25,201806256250083,GBLBS,49,54,10,607.0,6070.0
2018-06-25,201806256250077,GBLBS,49,54,10,607.0,6070.0
2018-06-25,201806256250075,GBLBS,49,54,10,607.0,6070.0
2018-06-25,201806256250031,GBLBS,49,54,10,607.0,6070.0
2018-06-25,201806256250027,GBLBS,39,34,10,607.0,6070.0
2018-06-25,201806256250020,GBLBS,39,54,10,607.0,6070.0
2018-06-25,201806256250259,GDBL,51,19,50,188.0,9400.0
2018-06-25,201806256250251,GDBL,40,14,361,189.0,68229.0
2018-06-25,201806256250119,GDBL,40,49,39,189.0,7371.0
2018-06-25,201806256250257,GUFL,49,51,30,108.0,3240.0
2018-06-25,201806256250189,GUFL,48,34,50,110.0,5500.0
2018-06-25,201806256249970,GUFL,28,34,10,110.0,1100.0
2018-06-25,201806256250356,HAMRO,25,32,300,134.0,40200.0
2018-06-25,201806256250355,HAMRO,56,32,50,134.0,6700.0
2018-06-25,201806256250332,HAMRO,8,32,75,135.0,10125.0
2018-06-25,201806256250079,HATH,5,26,10,137.0,1370.0
2018-06-25,201806256250057,HATH,5,34,70,135.0,9450.0
2018-06-25,201806256250314,HBL,45,16,25,550.0,13750.0
2018-06-25,201806256250126,HGI,38,1,84,455.0,38220.0
2018-06-25,201806256250125,HGI,38,21,200,455.0,91000.0
2018-06-25,201806256250124,HGI,38,34,187,453.0,84711.0
2018-06-25,201806256250123,HGI,38,43,90,452.0,40680.0
2018-06-25,201806256250122,HGI,38,34,69,451.0,31119.0
2018-06-25,201806256250121,HGI,38,41,50,450.0,22500.0
2018-06-25,201806256249962,HGI,56,34,15,451.0,6765.0
2018-06-25,201806256249944,HGI,51,34,16,451.0,7216.0
2018-06-25,201806256249943,HGI,39,50,100,449.0,44900.0
2018-06-25,201806256250387,HIDCL,55,29,17,156.0,2652.0
2018-06-25,201806256250357,HIDCL,1,58,56,155.0,8680.0
2018-06-25,201806256250304,HIDCL,1,34,58,155.0,8990.0
2018-06-25,201806256250228,HIDCL,1,58,23,155.0,3565.0
2018-06-25,201806256250131,HIDCL,5,49,29,154.0,4466.0
2018-06-25,201806256250395,HPPL,22,29,10,292.0,2920.0
2018-06-25,201806256250364,HPPL,22,58,10,292.0,2920.0
2018-06-25,201806256250164,HPPL,22,58,20,292.0,5840.0
2018-06-25,201806256250161,JBBL,46,26,12,134.0,1608.0
2018-06-25,201806256250106,JBBL,1,56,100,135.0,13500.0
2018-06-25,201806256250105,JBBL,26,56,84,135.0,11340.0
2018-06-25,201806256250104,JBBL,26,33,16,135.0,2160.0
2018-06-25,201806256249949,JBBL,51,19,10,136.0,1360.0
2018-06-25,201806256250256,JBNL,40,40,89,153.0,13617.0
2018-06-25,201806256250103,JBNL,57,14,550,153.0,84150.0
2018-06-25,201806256249997,JBNL,45,14,200,153.0,30600.0
2018-06-25,201806256249959,JBNL,58,42,43,151.0,6493.0
2018-06-25,201806256250241,JEFL,26,4,460,100.0,46000.0
2018-06-25,201806256250240,JEFL,11,4,40,100.0,4000.0
2018-06-25,201806256250239,JEFL,13,4,500,100.0,50000.0
2018-06-25,201806256249972,JEFL,26,28,100,102.0,10200.0
2018-06-25,201806256249971,JEFL,26,28,50,102.0,5100.0
2018-06-25,201806256250059,JFL,32,48,80,165.0,13200.0
2018-06-25,201806256250058,JFL,18,48,500,165.0,82500.0
2018-06-25,201806256249963,KADBL,59,49,95,188.0,17860.0
2018-06-25,201806256250269,KBL,56,28,500,210.0,105000.0
2018-06-25,201806256250268,KBL,17,28,100,210.0,21000.0
2018-06-25,201806256250198,KKHC,21,37,200,114.0,22800.0
2018-06-25,201806256250197,KKHC,21,40,16,114.0,1824.0
2018-06-25,201806256250196,KKHC,21,8,100,114.0,11400.0
2018-06-25,201806256250141,KMFL,38,38,8,1670.0,13360.0
2018-06-25,201806256250116,KNBL,55,58,333,124.0,41292.0
2018-06-25,201806256250276,KSBBL,47,19,10,154.0,1540.0
2018-06-25,201806256250016,LGIL,39,11,20,550.0,11000.0
2018-06-25,201806256250015,LGIL,54,11,100,550.0,55000.0
2018-06-25,201806256250014,LGIL,35,11,10,552.0,5520.0
2018-06-25,201806256250013,LGIL,26,11,70,552.0,38640.0
2018-06-25,201806256250120,LICN,17,17,100,1601.0,160100.0
2018-06-25,201806256250279,LLBS,57,34,12,1078.0,12936.0
2018-06-25,201806256250270,MBL,13,19,11,209.0,2299.0
2018-06-25,201806256250378,MEGA,25,25,2367,176.0,416592.0
2018-06-25,201806256250363,MEGA,25,25,946,176.0,166496.0
2018-06-25,201806256250281,MEGA,45,19,30,175.0,5250.0
2018-06-25,201806256250166,MEGA,57,26,114,175.0,19950.0
2018-06-25,201806256250140,MEGA,21,21,620,176.0,109120.0
2018-06-25,201806256250139,MEGA,21,21,620,176.0,109120.0
2018-06-25,201806256249921,MEGA,42,52,50,176.0,8800.0
2018-06-25,201806256249927,MEGA,26,52,500,175.0,87500.0
2018-06-25,201806256249926,MEGA,26,52,505,176.0,88880.0
2018-06-25,201806256249925,MEGA,29,52,150,176.0,26400.0
2018-06-25,201806256249924,MEGA,43,52,100,176.0,17600.0
2018-06-25,201806256249923,MEGA,58,52,200,176.0,35200.0
2018-06-25,201806256249922,MEGA,52,52,41,176.0,7216.0
2018-06-25,201806256249933,MEGA,42,52,500,175.0,87500.0
2018-06-25,201806256249932,MEGA,37,52,100,175.0,17500.0
2018-06-25,201806256249931,MEGA,5,52,100,175.0,17500.0
2018-06-25,201806256249930,MEGA,5,52,100,175.0,17500.0
2018-06-25,201806256249929,MEGA,57,52,500,175.0,87500.0
2018-06-25,201806256249928,MEGA,28,52,400,175.0,70000.0
2018-06-25,201806256249939,MEGA,42,52,1000,175.0,175000.0
2018-06-25,201806256249938,MEGA,46,52,300,175.0,52500.0
2018-06-25,201806256249937,MEGA,57,52,100,175.0,17500.0
2018-06-25,201806256249936,MEGA,13,52,100,175.0,17500.0
2018-06-25,201806256249935,MEGA,17,52,500,175.0,87500.0
2018-06-25,201806256249934,MEGA,34,52,200,175.0,35000.0
2018-06-25,201806256250111,MEGA,52,22,28,176.0,4928.0
2018-06-25,201806256250029,MEGA,57,57,17,176.0,2992.0
2018-06-25,201806256249992,MEGA,45,48,150,175.0,26250.0
2018-06-25,201806256249946,MEGA,48,42,97,174.0,16878.0
2018-06-25,201806256249941,MEGA,48,52,454,174.0,78996.0
2018-06-25,201806256249940,MEGA,35,52,100,174.0,17400.0
2018-06-25,201806256250274,MERO,56,34,14,1046.0,14644.0
2018-06-25,201806256250153,MERO,56,38,14,1046.0,14644.0
2018-06-25,201806256250399,MSLB,43,1,15,2636.0,39540.0
2018-06-25,201806256249948,MSLB,7,47,15,2640.0,39600.0
2018-06-25,201806256250412,MSMBS,48,59,11,728.0,8008.0
2018-06-25,201806256250176,NABIL,46,16,100,930.0,93000.0
2018-06-25,201806256250175,NABIL,59,16,100,930.0,93000.0
2018-06-25,201806256250174,NABIL,56,16,100,930.0,93000.0
2018-06-25,201806256250173,NABIL,45,16,120,930.0,111600.0
2018-06-25,201806256250172,NABIL,26,16,10,931.0,9310.0
2018-06-25,201806256250171,NABIL,10,16,50,932.0,46600.0
2018-06-25,201806256250170,NABIL,46,16,20,932.0,18640.0
2018-06-25,201806256250169,NABIL,45,16,200,935.0,187000.0
2018-06-25,201806256250101,NABIL,8,3,50,938.0,46900.0
2018-06-25,201806256249988,NABIL,45,3,10,938.0,9380.0
2018-06-25,201806256250295,NBB,28,19,10,210.0,2100.0
2018-06-25,201806256250250,NBB,28,42,45,210.0,9450.0
2018-06-25,201806256250118,NBB,22,56,100,210.0,21000.0
2018-06-25,201806256250040,NBB,41,56,200,210.0,42000.0
2018-06-25,201806256250234,NBBL,19,58,50,2520.0,126000.0
2018-06-25,201806256250233,NBBL,40,58,20,2530.0,50600.0
2018-06-25,201806256250165,NBBL,10,53,10,2565.0,25650.0
2018-06-25,201806256250260,NBL,28,42,24,294.0,7056.0
2018-06-25,201806256250185,NBL,35,1,30,295.0,8850.0
2018-06-25,201806256250145,NBL,28,45,300,294.0,88200.0
2018-06-25,201806256250298,NCCB,43,19,15,236.0,3540.0
2018-06-25,201806256249916,NCCB,58,26,109,235.0,25615.0
2018-06-25,201806256250179,NCDB,58,26,33,113.0,3729.0
2018-06-25,201806256250009,NCDB,36,39,1000,111.0,111000.0
2018-06-25,201806256249998,NCDB,38,39,500,111.0,55500.0
2018-06-25,201806256249918,NCDB,38,39,1000,113.0,113000.0
2018-06-25,201806256249917,NCDB,38,39,300,113.0,33900.0
2018-06-25,201806256250386,NEF,58,28,2000,8.7,17400.0
2018-06-25,201806256250385,NEF,49,28,1500,8.7,13050.0
2018-06-25,201806256250049,NEF,58,42,483,8.7,4202.1
2018-06-25,201806256250039,NEF,49,42,483,8.7,4202.1
2018-06-25,201806256249996,NEF,58,42,483,8.7,4202.1
2018-06-25,201806256249981,NEF,58,42,966,8.7,8404.2
2018-06-25,201806256249973,NGPL,32,42,11,169.0,1859.0
2018-06-25,201806256250343,NHDL,58,32,50,197.0,9850.0
2018-06-25,201806256250342,NHDL,43,32,50,198.0,9900.0
2018-06-25,201806256250092,NHPC,47,52,1000,85.0,85000.0
2018-06-25,201806256250374,NIB,22,58,37,620.0,22940.0
2018-06-25,201806256250246,NIB,14,34,37,621.0,22977.0
2018-06-25,201806256250199,NIB,14,38,19,621.0,11799.0
2018-06-25,201806256250192,NIB,42,26,3,609.0,1827.0
2018-06-25,201806256250191,NIB,42,49,18,621.0,11178.0
2018-06-25,201806256250155,NIB,14,38,37,621.0,22977.0
2018-06-25,201806256249956,NIB,59,26,38,621.0,23598.0
2018-06-25,201806256249945,NIB,59,38,37,621.0,22977.0
2018-06-25,201806256249915,NIB,59,38,37,621.0,22977.0
2018-06-25,201806256250087,NIB,44,14,13,621.0,8073.0
2018-06-25,201806256250086,NIB,59,14,14,621.0,8694.0
2018-06-25,201806256250084,NIB,49,38,37,621.0,22977.0
2018-06-25,201806256250063,NIB,38,38,4,621.0,2484.0
2018-06-25,201806256250019,NIB,29,59,3,625.0,1875.0
2018-06-25,201806256249961,NIB,44,38,37,621.0,22977.0
2018-06-25,201806256250127,NIB,38,38,4,621.0,2484.0
2018-06-25,201806256250115,NIB,42,14,179,621.0,111159.0
2018-06-25,201806256250102,NIB,38,38,4,620.0,2480.0
2018-06-25,201806256250090,NIB,1,14,20,621.0,12420.0
2018-06-25,201806256250089,NIB,19,14,348,621.0,216108.0
2018-06-25,201806256250088,NIB,49,14,113,621.0,70173.0
2018-06-25,201806256250323,NICA,45,28,90,313.0,28170.0
2018-06-25,201806256250322,NICA,25,28,150,313.0,46950.0
2018-06-25,201806256250321,NICA,40,28,150,313.0,46950.0
2018-06-25,201806256250320,NICA,48,28,300,313.0,93900.0
2018-06-25,201806256250319,NICA,42,28,58,313.0,18154.0
2018-06-25,201806256250318,NICA,13,28,100,314.0,31400.0
2018-06-25,201806256250317,NICA,56,28,52,314.0,16328.0
2018-06-25,201806256250316,NICA,58,28,100,315.0,31500.0
2018-06-25,201806256250133,NICA,36,17,30,316.0,9480.0
2018-06-25,201806256250299,NIL,18,10,100,555.0,55500.0
2018-06-25,201806256250278,NIL,35,10,191,555.0,106005.0
2018-06-25,201806256250255,NIL,35,42,66,555.0,36630.0
2018-06-25,201806256250195,NIL,35,14,13,555.0,7215.0
2018-06-25,201806256250129,NIL,42,42,560,557.0,311920.0
2018-06-25,201806256250254,NLIC,56,34,17,1006.0,17102.0
2018-06-25,201806256250237,NLIC,56,58,17,1006.0,17102.0
2018-06-25,201806256250225,NLIC,44,28,100,1007.0,100700.0
2018-06-25,201806256250210,NLIC,44,35,100,1007.0,100700.0
2018-06-25,201806256250093,NLIC,56,11,57,1006.0,57342.0
2018-06-25,201806256250073,NLIC,44,11,20,1007.0,20140.0
2018-06-25,201806256250072,NLIC,18,11,20,1007.0,20140.0
2018-06-25,201806256250071,NLIC,36,11,20,1007.0,20140.0
2018-06-25,201806256250070,NLIC,34,11,15,1008.0,15120.0
2018-06-25,201806256249985,NLIC,59,59,17,1008.0,17136.0
2018-06-25,201806256249960,NLIC,18,11,80,1007.0,80560.0
2018-06-25,201806256250244,NLICL,17,42,15,1216.0,18240.0
2018-06-25,201806256250243,NLICL,51,42,10,1216.0,12160.0
2018-06-25,201806256250158,NMB,33,7,13,344.0,4472.0
2018-06-25,201806256250144,NMB,42,7,50,345.0,17250.0
2018-06-25,201806256250143,NMB,16,7,250,345.0,86250.0
2018-06-25,201806256250142,NMB,19,7,128,345.0,44160.0
2018-06-25,201806256250383,NMBSF1,21,47,5000,11.5,57500.0
2018-06-25,201806256250382,NMBSF1,40,47,10000,11.51,115100.0
2018-06-25,201806256250381,NMBSF1,50,47,5000,11.52,57600.0
2018-06-25,201806256250380,NMBSF1,17,47,1000,11.55,11550.0
2018-06-25,201806256250379,NMBSF1,42,47,2000,11.6,23200.0
2018-06-25,201806256250359,ODBL,39,47,1000,175.0,175000.0
2018-06-25,201806256250358,ODBL,42,47,1000,175.0,175000.0
2018-06-25,201806256250297,ODBL,32,53,100,176.0,17600.0
2018-06-25,201806256250249,PCBL,57,38,90,289.0,26010.0
2018-06-25,201806256250232,PCBL,46,38,30,289.0,8670.0
2018-06-25,201806256250224,PCBL,57,38,166,289.0,47974.0
2018-06-25,201806256250216,PCBL,41,38,66,289.0,19074.0
2018-06-25,201806256250209,PCBL,41,38,54,289.0,15606.0
2018-06-25,201806256250204,PCBL,57,38,279,289.0,80631.0
2018-06-25,201806256250193,PCBL,57,38,300,289.0,86700.0
2018-06-25,201806256250184,PCBL,41,38,100,289.0,28900.0
2018-06-25,201806256250180,PCBL,46,38,58,289.0,16762.0
2018-06-25,201806256250178,PCBL,41,38,200,289.0,57800.0
2018-06-25,201806256250112,PCBL,38,38,24,290.0,6960.0
2018-06-25,201806256250074,PFL,38,38,2,134.0,268.0
2018-06-25,201806256250407,PIC,33,29,11,1159.0,12749.0
2018-06-25,201806256250328,PIC,37,39,50,1160.0,58000.0
2018-06-25,201806256250327,PIC,51,39,20,1160.0,23200.0
2018-06-25,201806256250326,PIC,38,39,30,1160.0,34800.0
2018-06-25,201806256250325,PIC,29,39,11,1161.0,12771.0
2018-06-25,201806256250324,PIC,53,39,10,1163.0,11630.0
2018-06-25,201806256249955,PIC,33,49,11,1164.0,12804.0
2018-06-25,201806256250011,PIC,59,59,1,1150.0,1150.0
2018-06-25,201806256250002,PIC,59,8,1,1160.0,1160.0
2018-06-25,201806256249994,PIC,33,25,11,1164.0,12804.0
2018-06-25,201806256250222,PIC,1,1,11,1164.0,12804.0
2018-06-25,201806256250061,PIC,6,6,1,1146.0,1146.0
2018-06-25,201806256250024,PIC,11,52,11,1169.0,12859.0
2018-06-25,201806256250023,PIC,11,19,11,1167.0,12837.0
2018-06-25,201806256250022,PIC,11,41,11,1167.0,12837.0
2018-06-25,201806256250021,PIC,11,25,11,1166.0,12826.0
2018-06-25,201806256250010,PICL,25,3,100,790.0,79000.0
2018-06-25,201806256250396,PLIC,34,8,47,558.0,26226.0
2018-06-25,201806256250389,PLIC,43,8,20,559.0,11180.0
2018-06-25,201806256250229,PLIC,35,35,100,559.0,55900.0
2018-06-25,201806256250194,PLIC,7,19,30,564.0,16920.0
2018-06-25,201806256250168,PLIC,34,17,20,558.0,11160.0
2018-06-25,201806256250167,PLIC,26,17,80,559.0,44720.0
2018-06-25,201806256250156,PLIC,19,19,4,553.0,2212.0
2018-06-25,201806256250068,PLIC,19,19,12,564.0,6768.0
2018-06-25,201806256250235,PRIN,6,56,30,512.0,15360.0
2018-06-25,201806256250107,PRIN,32,44,157,508.0,79756.0
2018-06-25,201806256250099,PRIN,32,44,200,508.0,101600.0
2018-06-25,201806256250160,PRVU,35,33,100,190.0,19000.0
2018-06-25,201806256250132,PRVU,25,33,50,190.0,9500.0
2018-06-25,201806256250094,PRVU,35,34,100,190.0,19000.0
2018-06-25,201806256250067,PRVU,46,1,52,190.0,9880.0
2018-06-25,201806256250402,PURBL,7,58,185,175.0,32375.0
2018-06-25,201806256250401,PURBL,42,58,30,175.0,5250.0
2018-06-25,201806256250397,RADHI,18,49,10,226.0,2260.0
2018-06-25,201806256250183,RADHI,18,26,10,226.0,2260.0
2018-06-25,201806256250151,RADHI,18,54,10,226.0,2260.0
2018-06-25,201806256250150,RADHI,18,54,10,226.0,2260.0
2018-06-25,201806256250149,RADHI,18,54,10,226.0,2260.0
2018-06-25,201806256250006,RADHI,19,26,10,230.0,2300.0
2018-06-25,201806256250005,RADHI,19,51,10,229.0,2290.0
2018-06-25,201806256250263,RBCLPO,54,17,40,10000.0,400000.0
2018-06-25,201806256250253,RBCLPO,28,35,10,9975.0,99750.0
2018-06-25,201806256250252,RBCLPO,28,35,10,9975.0,99750.0
2018-06-25,201806256250114,RBCLPO,4,17,10,10000.0,100000.0
2018-06-25,201806256250275,RHPC,1,40,18,122.0,2196.0
2018-06-25,201806256250261,RHPC,1,34,17,122.0,2074.0
2018-06-25,201806256250373,RLFL,5,51,88,123.0,10824.0
2018-06-25,201806256250413,RSDC,53,54,35,540.0,18900.0
2018-06-25,201806256250406,RSDC,6,14,12,544.0,6528.0
2018-06-25,201806256250066,RSDC,6,54,35,544.0,19040.0
2018-06-25,201806256249987,RSDC,17,48,10,544.0,5440.0
2018-06-25,201806256250282,SADBL,38,42,12,151.0,1812.0
2018-06-25,201806256250048,SADBL,53,38,100,150.0,15000.0
2018-06-25,201806256250037,SADBL,38,38,150,151.0,22650.0
2018-06-25,201806256250028,SADBL,38,38,100,151.0,15100.0
2018-06-25,201806256250026,SADBL,38,38,100,151.0,15100.0
2018-06-25,201806256250012,SADBL,38,38,200,151.0,30200.0
2018-06-25,201806256250008,SADBL,38,38,200,151.0,30200.0
2018-06-25,201806256250000,SADBL,38,38,300,151.0,45300.0
2018-06-25,201806256249995,SADBL,38,38,200,151.0,30200.0
2018-06-25,201806256249991,SADBL,38,38,200,151.0,30200.0
2018-06-25,201806256249983,SADBL,38,38,100,151.0,15100.0
2018-06-25,201806256249974,SADBL,38,38,200,151.0,30200.0
2018-06-25,201806256250245,SANIMA,22,42,34,326.0,11084.0
2018-06-25,201806256250032,SANIMA,14,25,430,326.0,140180.0
2018-06-25,201806256250007,SANIMA,42,25,70,326.0,22820.0
2018-06-25,201806256250384,SBI,7,38,30,498.0,14940.0
2018-06-25,201806256250227,SBI,35,16,16,500.0,8000.0
2018-06-25,201806256250223,SBI,35,16,100,500.0,50000.0
2018-06-25,201806256250064,SBI,42,56,100,499.0,49900.0
2018-06-25,201806256250036,SBI,43,58,200,500.0,100000.0
2018-06-25,201806256249968,SBL,14,49,100,303.0,30300.0
2018-06-25,201806256249967,SBL,14,59,90,302.0,27180.0
2018-06-25,201806256250388,SCB,7,16,15,750.0,11250.0
2018-06-25,201806256250369,SCB,11,16,300,745.0,223500.0
2018-06-25,201806256250368,SCB,17,16,10,745.0,7450.0
2018-06-25,201806256250367,SCB,29,16,200,745.0,149000.0
2018-06-25,201806256250366,SCB,58,16,50,745.0,37250.0
2018-06-25,201806256250365,SCB,41,16,10,745.0,7450.0
2018-06-25,201806256250202,SCB,57,16,55,750.0,41250.0
2018-06-25,201806256250200,SCB,57,5,130,750.0,97500.0
2018-06-25,201806256250117,SCB,57,17,30,750.0,22500.0
2018-06-25,201806256250017,SCB,57,59,506,750.0,379500.0
2018-06-25,201806256249954,SCB,11,42,90,748.0,67320.0
2018-06-25,201806256249953,SCB,49,42,10,748.0,7480.0
2018-06-25,201806256250353,SCB,55,38,20,746.0,14920.0
2018-06-25,201806256250352,SCB,25,38,100,746.0,74600.0
2018-06-25,201806256250351,SCB,25,38,100,746.0,74600.0
2018-06-25,201806256250350,SCB,7,38,200,747.0,149400.0
2018-06-25,201806256250302,SCB,11,47,32,748.0,23936.0
2018-06-25,201806256250221,SCB,11,38,20,748.0,14960.0
2018-06-25,201806256250341,SDESI,28,39,200,1656.0,331200.0
2018-06-25,201806256250340,SDESI,29,39,20,1660.0,33200.0
2018-06-25,201806256250339,SDESI,57,39,30,1660.0,49800.0
2018-06-25,201806256250280,SDESI,50,39,10,1667.0,16670.0
2018-06-25,201806256249969,SEF,59,59,200,9.05,1810.0
2018-06-25,201806256250238,SHINE,5,53,25,269.0,6725.0
2018-06-25,201806256250211,SHPC,29,58,36,332.0,11952.0
2018-06-25,201806256250187,SHPC,29,26,18,332.0,5976.0
2018-06-25,201806256249982,SICL,19,48,10,963.0,9630.0
2018-06-25,201806256250376,SIFC,17,47,200,158.0,31600.0
2018-06-25,201806256250375,SIFC,45,47,150,160.0,24000.0
2018-06-25,201806256250296,SIFC,45,35,50,160.0,8000.0
2018-06-25,201806256250405,SINDU,21,51,4,128.0,512.0
2018-06-25,201806256250404,SINDU,21,51,296,128.0,37888.0
2018-06-25,201806256250403,SINDU,32,51,159,128.0,20352.0
2018-06-25,201806256250213,SINDU,32,51,41,128.0,5248.0
2018-06-25,201806256250208,SINDU,47,51,34,128.0,4352.0
2018-06-25,201806256250207,SINDU,34,51,100,128.0,12800.0
2018-06-25,201806256250206,SINDU,39,51,50,128.0,6400.0
2018-06-25,201806256250205,SINDU,19,51,112,129.0,14448.0
2018-06-25,201806256249999,SINDU,19,17,10,130.0,1300.0
2018-06-25,201806256250390,SLBS,48,19,10,1574.0,15740.0
2018-06-25,201806256250310,SLBS,45,29,10,1590.0,15900.0
2018-06-25,201806256250309,SLBS,45,29,10,1590.0,15900.0
2018-06-25,201806256250308,SLBS,45,29,10,1590.0,15900.0
2018-06-25,201806256250266,SLICL,4,58,100,670.0,67000.0
2018-06-25,201806256250265,SLICL,17,58,50,670.0,33500.0
2018-06-25,201806256250264,SLICL,29,58,95,670.0,63650.0
2018-06-25,201806256250082,SLICL,29,11,55,670.0,36850.0
2018-06-25,201806256250081,SLICL,18,11,50,671.0,33550.0
2018-06-25,201806256250080,SLICL,19,11,20,675.0,13500.0
2018-06-25,201806256250337,SMATA,55,53,60,2090.0,125400.0
2018-06-25,201806256250336,SMATA,47,53,62,2095.0,129890.0
2018-06-25,201806256250335,SMATA,21,53,12,2100.0,25200.0
2018-06-25,201806256250334,SMATA,41,53,10,2102.0,21020.0
2018-06-25,201806256250315,SMATA,47,49,158,2095.0,331010.0
2018-06-25,201806256250313,SMATA,47,49,258,2095.0,540510.0
2018-06-25,201806256250065,SMATA,29,32,12,2103.0,25236.0
2018-06-25,201806256250062,SMATA,29,45,12,2103.0,25236.0
2018-06-25,201806256250060,SMATA,39,45,12,2101.0,25212.0
2018-06-25,201806256250182,SMATA,39,40,12,2101.0,25212.0
2018-06-25,201806256250177,SMATA,39,40,12,2101.0,25212.0
2018-06-25,201806256250148,SMATA,5,5,12,2104.0,25248.0
2018-06-25,201806256250113,SMATA,29,26,12,2103.0,25236.0
2018-06-25,201806256250085,SMATA,29,14,12,2103.0,25236.0
2018-06-25,201806256250076,SMATA,29,14,12,2103.0,25236.0
2018-06-25,201806256250283,SMATA,39,49,64,2101.0,134464.0
2018-06-25,201806256250247,SMATA,39,47,12,2101.0,25212.0
2018-06-25,201806256250217,SMATA,39,40,12,2101.0,25212.0
2018-06-25,201806256250212,SMATA,39,40,12,2101.0,25212.0
2018-06-25,201806256250203,SMATA,39,40,12,2101.0,25212.0
2018-06-25,201806256250188,SMATA,39,40,12,2101.0,25212.0
2018-06-25,201806256250312,SMATA,49,49,50,2097.0,104850.0
2018-06-25,201806256250311,SMATA,21,49,156,2097.0,327132.0
2018-06-25,201806256250303,SMATA,16,57,12,2098.0,25176.0
2018-06-25,201806256250286,SMATA,21,49,12,2100.0,25200.0
2018-06-25,201806256250285,SMATA,41,49,102,2100.0,214200.0
2018-06-25,201806256250284,SMATA,39,49,12,2101.0,25212.0
2018-06-25,201806256250408,SPDL,1,1,15,130.0,1950.0
2018-06-25,201806256250110,SPDL,25,25,10,128.0,1280.0
2018-06-25,201806256250109,SPDL,25,37,200,128.0,25600.0
2018-06-25,201806256250108,SPDL,25,17,10,128.0,1280.0
2018-06-25,201806256250018,SPDL,36,8,100,127.0,12700.0
2018-06-25,201806256250152,SRBL,26,56,100,221.0,22100.0
2018-06-25,201806256250038,SRBL,57,11,831,220.0,182820.0
2018-06-25,201806256250035,SRBL,1,11,100,221.0,22100.0
2018-06-25,201806256250034,SRBL,22,11,100,221.0,22100.0
2018-06-25,201806256250248,UFL,8,29,100,161.0,16100.0
