date,transaction_no,symbol,buyer,seller,quantity,rate,amount
2018-12-12,2018121201002830,ADBL,46,36,20,337.0,6740.0
2018-12-12,2018121201002754,AHPC,10,25,133,110.0,14630.0
2018-12-12,2018121201002753,AHPC,22,25,67,110.0,7370.0
2018-12-12,2018121201002686,AHPC,22,25,233,110.0,25630.0
2018-12-12,2018121201002685,AHPC,58,25,157,110.0,17270.0
2018-12-12,2018121201002649,ALICL,17,57,10,477.0,4770.0
2018-12-12,2018121201002468,ALICL,26,57,85,477.0,40545.0
2018-12-12,2018121201002467,ALICL,26,50,15,476.0,7140.0
2018-12-12,2018121201002763,AMFI,39,55,70,605.0,42350.0
2018-12-12,2018121201002341,AMFI,6,55,30,605.0,18150.0
2018-12-12,2018121201002725,API,25,57,483,147.0,71001.0
2018-12-12,2018121201002724,API,25,38,17,147.0,2499.0
2018-12-12,2018121201002477,API,25,54,112,146.0,16352.0
2018-12-12,2018121201002363,API,25,54,288,147.0,42336.0
2018-12-12,2018121201002362,API,25,57,212,147.0,31164.0
2018-12-12,2018121201002774,BOKL,17,17,236,306.0,72216.0
2018-12-12,2018121201002773,BOKL,19,17,61,307.0,18727.0
2018-12-12,2018121201002769,BOKL,19,1,39,307.0,11973.0
2018-12-12,2018121201002768,BOKL,22,1,10,307.0,3070.0
2018-12-12,2018121201002582,BOKL,32,17,31,308.0,9548.0
2018-12-12,2018121201002578,BOKL,22,58,40,307.0,12280.0
2018-12-12,2018121201002490,BOKL,32,17,500,308.0,154000.0
2018-12-12,2018121201002450,BOKL,39,17,200,308.0,61600.0
2018-12-12,2018121201002429,BOKL,39,17,72,308.0,22176.0
2018-12-12,2018121201002428,BOKL,39,21,128,308.0,39424.0
2018-12-12,2018121201002559,BPCL,33,28,500,431.0,215500.0
2018-12-12,2018121201002358,BPCL,16,21,690,429.0,296010.0
2018-12-12,2018121201002357,BPCL,33,21,40,429.0,17160.0
2018-12-12,2018121201002356,BPCL,1,21,300,429.0,128700.0
2018-12-12,2018121201002355,BPCL,52,21,110,430.0,47300.0
2018-12-12,2018121201002342,BPCL,41,14,10,430.0,4300.0
2018-12-12,2018121201002354,BPCL,43,21,50,430.0,21500.0
2018-12-12,2018121201002353,BPCL,43,21,100,430.0,43000.0
2018-12-12,2018121201002352,BPCL,22,21,50,430.0,21500.0
2018-12-12,2018121201002351,BPCL,55,21,100,430.0,43000.0
2018-12-12,2018121201002350,BPCL,53,21,90,430.0,38700.0
2018-12-12,2018121201002349,BPCL,41,21,60,430.0,25800.0
2018-12-12,2018121201002797,CBBL,7,50,10,830.0,8300.0
2018-12-12,2018121201002735,CBBL,57,50,100,826.0,82600.0
2018-12-12,2018121201002726,CBBL,49,44,880,829.0,729520.0
2018-12-12,2018121201002546,CBBL,44,49,18,825.0,14850.0
2018-12-12,2018121201002545,CBBL,44,49,40,826.0,33040.0
2018-12-12,2018121201002544,CBBL,32,49,131,826.0,108206.0
2018-12-12,2018121201002543,CBBL,54,49,30,827.0,24810.0
2018-12-12,2018121201002800,CBL,49,40,66,158.0,10428.0
2018-12-12,2018121201002667,CBL,33,32,100,160.0,16000.0
2018-12-12,2018121201002666,CBL,33,43,90,160.0,14400.0
2018-12-12,2018121201002665,CBL,33,55,500,159.0,79500.0
2018-12-12,2018121201002664,CBL,33,54,50,159.0,7950.0
2018-12-12,2018121201002663,CBL,33,52,22,159.0,3498.0
2018-12-12,2018121201002505,CBL,49,41,112,158.0,17696.0
2018-12-12,2018121201002465,CBL,49,43,293,158.0,46294.0
2018-12-12,2018121201002464,CBL,17,43,150,158.0,23700.0
2018-12-12,2018121201002463,CBL,19,43,57,158.0,9006.0
2018-12-12,2018121201002440,CBL,19,57,43,158.0,6794.0
2018-12-12,2018121201002439,CBL,25,57,980,158.0,154840.0
2018-12-12,2018121201002568,CCBL,34,51,21,173.0,3633.0
2018-12-12,2018121201002410,CCBL,34,1,37,173.0,6401.0
2018-12-12,2018121201002833,CHCL,38,51,450,649.0,292050.0
2018-12-12,2018121201002832,CHCL,38,43,50,649.0,32450.0
2018-12-12,2018121201002658,CHCL,10,43,100,649.0,64900.0
2018-12-12,2018121201002657,CHCL,10,46,400,649.0,259600.0
2018-12-12,2018121201002583,CHCL,13,40,74,647.0,47878.0
2018-12-12,2018121201002511,CHCL,6,45,100,648.0,64800.0
2018-12-12,2018121201002461,CHCL,51,46,200,649.0,129800.0
2018-12-12,2018121201002344,CHCL,10,45,200,649.0,129800.0
2018-12-12,2018121201002498,CHCL,43,45,50,648.0,32400.0
2018-12-12,2018121201002497,CHCL,16,45,50,648.0,32400.0
2018-12-12,2018121201002496,CHCL,49,45,100,648.0,64800.0
2018-12-12,2018121201002495,CHCL,28,45,60,648.0,38880.0
2018-12-12,2018121201002485,CHCL,25,34,433,650.0,281450.0
2018-12-12,2018121201002484,CHCL,25,47,67,650.0,43550.0
2018-12-12,2018121201002533,CIT,5,19,126,1607.0,202482.0
2018-12-12,2018121201002508,CIT,5,46,54,1607.0,86778.0
2018-12-12,2018121201002507,CIT,43,46,10,1611.0,16110.0
2018-12-12,2018121201002506,CIT,52,46,10,1611.0,16110.0
2018-12-12,2018121201002835,CZBIL,25,17,15,215.0,3225.0
2018-12-12,2018121201002834,CZBIL,25,17,85,215.0,18275.0
2018-12-12,2018121201002805,CZBIL,58,17,20,215.0,4300.0
2018-12-12,2018121201002804,CZBIL,32,25,190,213.0,40470.0
2018-12-12,2018121201002748,CZBIL,32,43,300,213.0,63900.0
2018-12-12,2018121201002723,CZBIL,34,25,100,214.0,21400.0
2018-12-12,2018121201002486,CZBIL,49,6,75,214.0,16050.0
2018-12-12,2018121201002483,CZBIL,32,51,100,213.0,21300.0
2018-12-12,2018121201002480,CZBIL,45,6,240,214.0,51360.0
2018-12-12,2018121201002479,CZBIL,45,28,60,214.0,12840.0
2018-12-12,2018121201002462,CZBIL,35,28,100,214.0,21400.0
2018-12-12,2018121201002722,CZBIL,34,25,100,214.0,21400.0
2018-12-12,2018121201002721,CZBIL,13,25,190,214.0,40660.0
2018-12-12,2018121201002652,CZBIL,13,45,110,214.0,23540.0
2018-12-12,2018121201002651,CZBIL,34,45,200,214.0,42800.0
2018-12-12,2018121201002650,CZBIL,49,45,190,214.0,40660.0
2018-12-12,2018121201002499,CZBIL,49,21,735,214.0,157290.0
2018-12-12,2018121201002808,DBBL,46,47,60,125.0,7500.0
2018-12-12,2018121201002693,DBBL,46,47,120,125.0,15000.0
2018-12-12,2018121201002692,DBBL,41,47,50,125.0,6250.0
2018-12-12,2018121201002691,DBBL,26,47,24,125.0,3000.0
2018-12-12,2018121201002761,DDBL,38,14,132,576.0,76032.0
2018-12-12,2018121201002602,DDBL,5,58,172,575.0,98900.0
2018-12-12,2018121201002601,DDBL,45,58,50,576.0,28800.0
2018-12-12,2018121201002492,DDBL,8,1,30,579.0,17370.0
2018-12-12,2018121201002482,DDBL,35,1,50,579.0,28950.0
2018-12-12,2018121201002451,EBL,49,25,38,523.0,19874.0
2018-12-12,2018121201002425,EBL,49,21,20,523.0,10460.0
2018-12-12,2018121201002396,EBL,22,48,100,527.0,52700.0
2018-12-12,2018121201002395,EBL,22,48,20,527.0,10540.0
2018-12-12,2018121201002387,EBL,42,48,30,528.0,15840.0
2018-12-12,2018121201002478,EBL,20,48,13,528.0,6864.0
2018-12-12,2018121201002831,EIC,34,17,228,735.0,167580.0
2018-12-12,2018121201002793,EIC,34,26,22,735.0,16170.0
2018-12-12,2018121201002781,FMDBL,14,45,30,330.0,9900.0
2018-12-12,2018121201002759,FOWAD,19,38,59,1685.0,99415.0
2018-12-12,2018121201002590,FOWAD,19,7,18,1685.0,30330.0
2018-12-12,2018121201002579,GBIME,35,57,50,317.0,15850.0
2018-12-12,2018121201002577,GBIME,14,57,15,317.0,4755.0
2018-12-12,2018121201002576,GBIME,14,32,15,317.0,4755.0
2018-12-12,2018121201002454,GBIME,33,26,50,316.0,15800.0
2018-12-12,2018121201002453,GBIME,33,8,526,316.0,166216.0
2018-12-12,2018121201002749,GDBL,25,40,389,197.0,76633.0
2018-12-12,2018121201002512,GLICL,50,25,10,579.0,5790.0
2018-12-12,2018121201002562,GUFL,55,26,50,100.0,5000.0
2018-12-12,2018121201002561,GUFL,57,26,100,100.0,10000.0
2018-12-12,2018121201002796,HBL,17,49,10,511.0,5110.0
2018-12-12,2018121201002379,HBL,22,49,83,511.0,42413.0
2018-12-12,2018121201002378,HBL,22,22,17,511.0,8687.0
2018-12-12,2018121201002413,HGI,52,19,50,365.0,18250.0
2018-12-12,2018121201002648,HIDCL,18,7,53,146.0,7738.0
2018-12-12,2018121201002642,HIDCL,18,7,200,146.0,29200.0
2018-12-12,2018121201002641,HIDCL,28,7,50,146.0,7300.0
2018-12-12,2018121201002515,HIDCL,36,7,52,147.0,7644.0
2018-12-12,2018121201002510,HIDCL,36,32,1000,147.0,147000.0
2018-12-12,2018121201002509,HIDCL,36,7,770,147.0,113190.0
2018-12-12,2018121201002385,HIDCL,42,7,230,147.0,33810.0
2018-12-12,2018121201002712,ICFC,45,48,2000,153.0,306000.0
2018-12-12,2018121201002738,IGI,39,42,100,418.0,41800.0
2018-12-12,2018121201002654,IGI,44,38,220,413.0,90860.0
2018-12-12,2018121201002653,IGI,17,38,10,414.0,4140.0
2018-12-12,2018121201002339,IGI,32,55,100,415.0,41500.0
2018-12-12,2018121201002647,JBNL,33,41,2202,175.0,385350.0
2018-12-12,2018121201002623,JBNL,44,26,492,178.0,87576.0
2018-12-12,2018121201002622,JBNL,44,1,500,178.0,89000.0
2018-12-12,2018121201002621,JBNL,44,34,500,178.0,89000.0
2018-12-12,2018121201002620,JBNL,44,34,500,178.0,89000.0
2018-12-12,2018121201002619,JBNL,44,17,27,177.0,4779.0
2018-12-12,2018121201002368,JBNL,41,14,176,175.0,30800.0
2018-12-12,2018121201002367,JBNL,41,43,100,175.0,17500.0
2018-12-12,2018121201002366,JBNL,41,57,24,175.0,4200.0
2018-12-12,2018121201002606,JBNL,44,45,90,176.0,15840.0
2018-12-12,2018121201002605,JBNL,44,55,95,176.0,16720.0
2018-12-12,2018121201002604,JBNL,44,47,1000,176.0,176000.0
2018-12-12,2018121201002573,JBNL,33,57,999,175.0,174825.0
2018-12-12,2018121201002572,JBNL,33,14,276,175.0,48300.0
2018-12-12,2018121201002524,JBNL,32,14,48,175.0,8400.0
2018-12-12,2018121201002612,JBNL,44,7,144,177.0,25488.0
2018-12-12,2018121201002611,JBNL,44,50,500,176.0,88000.0
2018-12-12,2018121201002610,JBNL,44,54,50,176.0,8800.0
2018-12-12,2018121201002609,JBNL,44,17,26,176.0,4576.0
2018-12-12,2018121201002608,JBNL,44,17,26,176.0,4576.0
2018-12-12,2018121201002607,JBNL,44,14,1000,176.0,176000.0
2018-12-12,2018121201002618,JBNL,44,42,30,177.0,5310.0
2018-12-12,2018121201002617,JBNL,44,34,1000,177.0,177000.0
2018-12-12,2018121201002616,JBNL,44,58,140,177.0,24780.0
2018-12-12,2018121201002615,JBNL,44,48,80,177.0,14160.0
2018-12-12,2018121201002614,JBNL,44,51,500,177.0,88500.0
2018-12-12,2018121201002613,JBNL,44,51,300,177.0,53100.0
2018-12-12,2018121201002705,KBBL,47,28,615,236.0,145140.0
2018-12-12,2018121201002704,KBBL,47,28,220,236.0,51920.0
2018-12-12,2018121201002794,KBL,32,1,100,247.0,24700.0
2018-12-12,2018121201002542,KBL,33,47,300,246.0,73800.0
2018-12-12,2018121201002443,KBL,39,35,80,245.0,19600.0
2018-12-12,2018121201002441,KBL,33,36,30,244.0,7320.0
2018-12-12,2018121201002407,KBL,32,34,50,245.0,12250.0
2018-12-12,2018121201002764,KEBL,35,48,92,269.0,24748.0
2018-12-12,2018121201002757,KEBL,19,48,40,270.0,10800.0
2018-12-12,2018121201002827,KMFL,58,17,21,1132.0,23772.0
2018-12-12,2018121201002799,KMFL,59,45,100,1125.0,112500.0
2018-12-12,2018121201002826,KSBBL,33,34,16,137.0,2192.0
2018-12-12,2018121201002437,KSBBL,33,56,108,137.0,14796.0
2018-12-12,2018121201002814,LBL,45,36,20,220.0,4400.0
2018-12-12,2018121201002628,LBL,45,49,300,221.0,66300.0
2018-12-12,2018121201002532,LBL,51,49,100,221.0,22100.0
2018-12-12,2018121201002531,LBL,11,49,70,221.0,15470.0
2018-12-12,2018121201002699,LGIL,25,38,433,435.0,188355.0
2018-12-12,2018121201002698,LGIL,29,38,100,435.0,43500.0
2018-12-12,2018121201002625,LGIL,29,18,18,436.0,7848.0
2018-12-12,2018121201002809,LICN,25,17,10,1445.0,14450.0
2018-12-12,2018121201002589,LICN,40,37,50,1435.0,71750.0
2018-12-12,2018121201002634,LLBS,34,57,70,679.0,47530.0
2018-12-12,2018121201002567,LLBS,45,47,15,680.0,10200.0
2018-12-12,2018121201002787,MBL,33,41,450,210.0,94500.0
2018-12-12,2018121201002786,MBL,33,51,1000,210.0,210000.0
2018-12-12,2018121201002785,MBL,33,32,46,210.0,9660.0
2018-12-12,2018121201002784,MBL,33,32,200,210.0,42000.0
2018-12-12,2018121201002695,MBL,34,44,312,208.0,64896.0
2018-12-12,2018121201002603,MBL,34,57,1800,208.0,374400.0
2018-12-12,2018121201002471,MBL,34,36,20,208.0,4160.0
2018-12-12,2018121201002404,MBL,34,14,100,208.0,20800.0
2018-12-12,2018121201002394,MBL,34,52,250,208.0,52000.0
2018-12-12,2018121201002388,MBL,6,44,39,209.0,8151.0
2018-12-12,2018121201002381,MBL,6,57,500,209.0,104500.0
2018-12-12,2018121201002449,MDB,46,56,43,273.0,11739.0
2018-12-12,2018121201002448,MDB,39,56,44,273.0,12012.0
2018-12-12,2018121201002736,MEGA,28,41,15,188.0,2820.0
2018-12-12,2018121201002539,MEGA,50,47,860,186.0,159960.0
2018-12-12,2018121201002538,MEGA,13,47,100,187.0,18700.0
2018-12-12,2018121201002537,MEGA,44,47,40,187.0,7480.0
2018-12-12,2018121201002435,MEGA,50,47,800,186.0,148800.0
2018-12-12,2018121201002434,MEGA,49,47,300,186.0,55800.0
2018-12-12,2018121201002433,MEGA,57,47,500,187.0,93500.0
2018-12-12,2018121201002432,MEGA,52,47,200,187.0,37400.0
2018-12-12,2018121201002431,MEGA,1,47,200,187.0,37400.0
2018-12-12,2018121201002409,MEGA,19,41,100,188.0,18800.0
2018-12-12,2018121201002408,MEGA,33,41,79,188.0,14852.0
2018-12-12,2018121201002343,MLBL,28,56,48,167.0,8016.0
2018-12-12,2018121201002772,MMFDB,44,37,110,965.0,106150.0
2018-12-12,2018121201002771,MMFDB,6,37,36,966.0,34776.0
2018-12-12,2018121201002597,MNBBL,22,40,171,335.0,57285.0
2018-12-12,2018121201002596,MNBBL,11,40,100,335.0,33500.0
2018-12-12,2018121201002493,MNBBL,42,58,531,340.0,180540.0
2018-12-12,2018121201002371,MNBBL,42,19,85,340.0,28900.0
2018-12-12,2018121201002364,MNBBL,26,19,415,340.0,141100.0
2018-12-12,2018121201002494,MSMBS,46,1,11,475.0,5225.0
2018-12-12,2018121201002683,NABIL,20,3,40,851.0,34040.0
2018-12-12,2018121201002682,NABIL,14,3,10,851.0,8510.0
2018-12-12,2018121201002516,NABIL,14,3,20,851.0,17020.0
2018-12-12,2018121201002747,NABILP,42,54,706,693.0,489258.0
2018-12-12,2018121201002746,NABILP,6,54,1000,694.0,694000.0
2018-12-12,2018121201002745,NABILP,4,54,100,694.0,69400.0
2018-12-12,2018121201002744,NABILP,11,54,26,694.0,18044.0
2018-12-12,2018121201002743,NABILP,7,54,10,695.0,6950.0
2018-12-12,2018121201002742,NABILP,40,54,1000,695.0,695000.0
2018-12-12,2018121201002359,NABILP,11,14,44,694.0,30536.0
2018-12-12,2018121201002741,NABILP,40,54,730,695.0,507350.0
2018-12-12,2018121201002737,NABILP,40,44,300,695.0,208500.0
2018-12-12,2018121201002514,NABILP,19,44,100,698.0,69800.0
2018-12-12,2018121201002470,NABILP,40,54,970,695.0,674150.0
2018-12-12,2018121201002469,NABILP,21,54,30,695.0,20850.0
2018-12-12,2018121201002829,NBB,21,53,100,196.0,19600.0
2018-12-12,2018121201002828,NBB,21,22,500,196.0,98000.0
2018-12-12,2018121201002812,NBB,33,59,500,195.0,97500.0
2018-12-12,2018121201002811,NBB,33,6,61,195.0,11895.0
2018-12-12,2018121201002810,NBB,33,46,33,195.0,6435.0
2018-12-12,2018121201002709,NBB,17,46,10,195.0,1950.0
2018-12-12,2018121201002740,NBL,54,38,50,297.0,14850.0
2018-12-12,2018121201002645,NBL,14,38,30,297.0,8910.0
2018-12-12,2018121201002807,NCCB,22,28,500,205.0,102500.0
2018-12-12,2018121201002806,NCCB,22,28,180,205.0,36900.0
2018-12-12,2018121201002662,NCCB,46,28,10,205.0,2050.0
2018-12-12,2018121201002598,NCCB,45,28,50,205.0,10250.0
2018-12-12,2018121201002473,NCCB,41,22,500,205.0,102500.0
2018-12-12,2018121201002472,NCCB,41,14,500,205.0,102500.0
2018-12-12,2018121201002466,NCCB,45,14,500,205.0,102500.0
2018-12-12,2018121201002419,NCCB,44,5,964,204.0,196656.0
2018-12-12,2018121201002418,NCCB,44,32,100,204.0,20400.0
2018-12-12,2018121201002417,NCCB,44,28,4000,204.0,816000.0
2018-12-12,2018121201002416,NCCB,44,41,810,204.0,165240.0
2018-12-12,2018121201002365,NCCB,19,41,30,204.0,6120.0
2018-12-12,2018121201002640,NHDL,49,6,90,144.0,12960.0
2018-12-12,2018121201002475,NHDL,49,37,10,144.0,1440.0
2018-12-12,2018121201002778,NHPC,32,53,250,71.0,17750.0
2018-12-12,2018121201002777,NHPC,32,53,250,71.0,17750.0
2018-12-12,2018121201002825,NIB,7,54,108,649.0,70092.0
2018-12-12,2018121201002824,NIB,58,54,50,649.0,32450.0
2018-12-12,2018121201002823,NIB,21,54,10,649.0,6490.0
2018-12-12,2018121201002822,NIB,42,54,12,649.0,7788.0
2018-12-12,2018121201002821,NIB,51,54,50,649.0,32450.0
2018-12-12,2018121201002820,NIB,16,54,50,649.0,32450.0
2018-12-12,2018121201002411,NIB,49,44,110,650.0,71500.0
2018-12-12,2018121201002406,NIB,37,39,145,649.0,94105.0
2018-12-12,2018121201002390,NIB,42,44,100,650.0,65000.0
2018-12-12,2018121201002386,NIB,37,39,200,649.0,129800.0
2018-12-12,2018121201002383,NIB,42,44,258,650.0,167700.0
2018-12-12,2018121201002340,NIB,37,37,37,649.0,24013.0
2018-12-12,2018121201002520,NIB,58,44,12,650.0,7800.0
2018-12-12,2018121201002503,NIB,6,44,100,650.0,65000.0
2018-12-12,2018121201002500,NIB,5,44,55,650.0,35750.0
2018-12-12,2018121201002489,NIB,55,44,150,650.0,97500.0
2018-12-12,2018121201002488,NIB,1,44,58,650.0,37700.0
2018-12-12,2018121201002438,NIB,54,44,50,650.0,32500.0
2018-12-12,2018121201002660,NIB,26,18,74,650.0,48100.0
2018-12-12,2018121201002655,NIB,37,33,400,649.0,259600.0
2018-12-12,2018121201002591,NIB,35,18,50,650.0,32500.0
2018-12-12,2018121201002523,NIB,55,18,76,650.0,49400.0
2018-12-12,2018121201002522,NIB,55,41,50,650.0,32500.0
2018-12-12,2018121201002521,NIB,55,44,74,650.0,48100.0
2018-12-12,2018121201002788,NIB,58,55,50,650.0,32500.0
2018-12-12,2018121201002758,NIB,37,53,670,650.0,435500.0
2018-12-12,2018121201002739,NIB,6,53,200,650.0,130000.0
2018-12-12,2018121201002700,NIB,37,53,1000,650.0,650000.0
2018-12-12,2018121201002679,NIB,37,58,10,649.0,6490.0
2018-12-12,2018121201002661,NIB,26,53,126,650.0,81900.0
2018-12-12,2018121201002819,NIB,17,54,200,649.0,129800.0
2018-12-12,2018121201002818,NIB,29,54,150,649.0,97350.0
2018-12-12,2018121201002817,NIB,35,54,20,649.0,12980.0
2018-12-12,2018121201002816,NIB,46,54,50,649.0,32450.0
2018-12-12,2018121201002815,NIB,43,54,300,649.0,194700.0
2018-12-12,2018121201002789,NIB,58,57,50,650.0,32500.0
2018-12-12,2018121201002734,NIBPO,8,53,410,580.0,237800.0
2018-12-12,2018121201002733,NIBPO,57,53,200,580.0,116000.0
2018-12-12,2018121201002732,NIBPO,11,53,300,580.0,174000.0
2018-12-12,2018121201002731,NIBPO,41,53,250,580.0,145000.0
2018-12-12,2018121201002730,NIBPO,22,53,200,580.0,116000.0
2018-12-12,2018121201002595,NIBPO,22,42,100,580.0,58000.0
2018-12-12,2018121201002581,NIBPO,29,47,500,581.0,290500.0
2018-12-12,2018121201002631,NICA,57,42,133,373.0,49609.0
2018-12-12,2018121201002630,NICA,13,42,50,374.0,18700.0
2018-12-12,2018121201002629,NICA,42,42,17,374.0,6358.0
2018-12-12,2018121201002392,NICA,42,54,29,374.0,10846.0
2018-12-12,2018121201002377,NICA,42,13,198,374.0,74052.0
2018-12-12,2018121201002782,NICL,5,37,100,490.0,49000.0
2018-12-12,2018121201002767,NICL,43,25,10,488.0,4880.0
2018-12-12,2018121201002447,NICL,43,47,51,488.0,24888.0
2018-12-12,2018121201002446,NICL,47,47,100,490.0,49000.0
2018-12-12,2018121201002445,NICL,17,47,10,490.0,4900.0
2018-12-12,2018121201002656,NIL,35,16,10,440.0,4400.0
2018-12-12,2018121201002638,NIL,52,59,50,438.0,21900.0
2018-12-12,2018121201002452,NLBBL,13,47,200,493.0,98600.0
2018-12-12,2018121201002713,NLG,25,41,11,774.0,8514.0
2018-12-12,2018121201002803,NLIC,39,36,300,926.0,277800.0
2018-12-12,2018121201002798,NLIC,52,48,110,926.0,101860.0
2018-12-12,2018121201002694,NLIC,34,39,100,925.0,92500.0
2018-12-12,2018121201002684,NLIC,14,17,30,928.0,27840.0
2018-12-12,2018121201002678,NLIC,6,17,326,928.0,302528.0
2018-12-12,2018121201002677,NLIC,6,43,17,928.0,15776.0
2018-12-12,2018121201002361,NLIC,34,37,17,925.0,15725.0
2018-12-12,2018121201002639,NLIC,40,41,17,926.0,15742.0
2018-12-12,2018121201002571,NLIC,34,17,500,925.0,462500.0
2018-12-12,2018121201002474,NLIC,34,17,44,925.0,40700.0
2018-12-12,2018121201002426,NLIC,25,17,138,925.0,127650.0
2018-12-12,2018121201002398,NLIC,34,17,318,925.0,294150.0
2018-12-12,2018121201002370,NLIC,34,32,297,925.0,274725.0
2018-12-12,2018121201002676,NLIC,6,45,92,928.0,85376.0
2018-12-12,2018121201002675,NLIC,6,35,20,928.0,18560.0
2018-12-12,2018121201002674,NLIC,6,3,200,927.0,185400.0
2018-12-12,2018121201002673,NLIC,6,16,65,927.0,60255.0
2018-12-12,2018121201002668,NLIC,40,43,10,926.0,9260.0
2018-12-12,2018121201002643,NLIC,40,17,70,926.0,64820.0
2018-12-12,2018121201002780,NMB,43,16,50,363.0,18150.0
2018-12-12,2018121201002779,NMB,34,16,1950,363.0,707850.0
2018-12-12,2018121201002681,NMB,41,38,392,364.0,142688.0
2018-12-12,2018121201002680,NMB,41,49,608,364.0,221312.0
2018-12-12,2018121201002560,NMB,34,16,50,363.0,18150.0
2018-12-12,2018121201002541,NMB,57,49,225,364.0,81900.0
2018-12-12,2018121201002502,NMB,55,43,200,363.0,72600.0
2018-12-12,2018121201002501,NMB,55,6,270,363.0,98010.0
2018-12-12,2018121201002444,NMB,43,6,500,363.0,181500.0
2018-12-12,2018121201002384,NMB,49,49,1000,363.0,363000.0
2018-12-12,2018121201002570,NMBHF1,58,42,200,8.94,1788.0
2018-12-12,2018121201002564,NMBHF1,51,58,416,8.74,3635.84
2018-12-12,2018121201002456,NMBMF,18,47,10,1001.0,10010.0
2018-12-12,2018121201002420,NMBMF,17,47,10,1021.0,10210.0
2018-12-12,2018121201002415,NMBMF,39,47,30,1001.0,30030.0
2018-12-12,2018121201002414,NMBMF,36,47,10,1002.0,10020.0
2018-12-12,2018121201002635,NNLB,35,21,20,525.0,10500.0
2018-12-12,2018121201002795,NTC,28,11,15,775.0,11625.0
2018-12-12,2018121201002593,NTC,13,52,45,769.0,34605.0
2018-12-12,2018121201002592,NTC,51,52,190,769.0,146110.0
2018-12-12,2018121201002487,NTC,55,52,65,770.0,50050.0
2018-12-12,2018121201002436,NTC,55,44,35,770.0,26950.0
2018-12-12,2018121201002720,NUBL,4,28,500,690.0,345000.0
2018-12-12,2018121201002719,NUBL,47,28,10,690.0,6900.0
2018-12-12,2018121201002718,NUBL,47,28,20,690.0,13800.0
2018-12-12,2018121201002717,NUBL,26,28,200,691.0,138200.0
2018-12-12,2018121201002716,NUBL,42,28,50,691.0,34550.0
2018-12-12,2018121201002715,NUBL,18,28,300,692.0,207600.0
2018-12-12,2018121201002714,NUBL,17,28,10,694.0,6940.0
2018-12-12,2018121201002455,NUBL,55,35,30,695.0,20850.0
2018-12-12,2018121201002711,PCBL,49,16,134,317.0,42478.0
2018-12-12,2018121201002710,PCBL,49,16,1780,317.0,564260.0
2018-12-12,2018121201002644,PCBL,49,26,1190,317.0,377230.0
2018-12-12,2018121201002585,PCBL,32,16,86,318.0,27348.0
2018-12-12,2018121201002584,PCBL,32,46,14,318.0,4452.0
2018-12-12,2018121201002697,PIC,54,42,11,900.0,9900.0
2018-12-12,2018121201002690,PIC,54,43,11,895.0,9845.0
2018-12-12,2018121201002689,PIC,54,43,11,895.0,9845.0
2018-12-12,2018121201002688,PIC,54,21,11,893.0,9823.0
2018-12-12,2018121201002687,PIC,54,43,11,890.0,9790.0
2018-12-12,2018121201002403,PIC,59,21,32,880.0,28160.0
2018-12-12,2018121201002337,PIC,53,37,10,884.0,8840.0
2018-12-12,2018121201002336,PIC,5,37,30,885.0,26550.0
2018-12-12,2018121201002402,PIC,22,21,100,881.0,88100.0
2018-12-12,2018121201002401,PIC,50,21,50,882.0,44100.0
2018-12-12,2018121201002400,PIC,34,21,39,882.0,34398.0
2018-12-12,2018121201002399,PIC,41,21,27,883.0,23841.0
2018-12-12,2018121201002338,PIC,41,37,73,883.0,64459.0
2018-12-12,2018121201002708,PLIC,44,58,30,405.0,12150.0
2018-12-12,2018121201002707,PLIC,44,58,139,405.0,56295.0
2018-12-12,2018121201002517,PLIC,32,58,90,405.0,36450.0
2018-12-12,2018121201002575,PRIN,6,51,50,395.0,19750.0
2018-12-12,2018121201002423,PRIN,33,22,263,393.0,103359.0
2018-12-12,2018121201002422,PRIN,17,22,10,395.0,3950.0
2018-12-12,2018121201002421,PRIN,25,22,27,398.0,10746.0
2018-12-12,2018121201002770,PRVU,57,29,500,245.0,122500.0
2018-12-12,2018121201002752,PRVU,57,29,3892,245.0,953540.0
2018-12-12,2018121201002672,PRVU,57,17,100,245.0,24500.0
2018-12-12,2018121201002671,PRVU,57,17,100,245.0,24500.0
2018-12-12,2018121201002670,PRVU,57,17,258,245.0,63210.0
2018-12-12,2018121201002369,PRVU,25,37,23,244.0,5612.0
2018-12-12,2018121201002345,PRVU,38,48,180,245.0,44100.0
2018-12-12,2018121201002549,PRVU,38,28,500,244.0,122000.0
2018-12-12,2018121201002548,PRVU,28,28,500,244.0,122000.0
2018-12-12,2018121201002547,PRVU,57,28,50,244.0,12200.0
2018-12-12,2018121201002536,PRVU,25,16,150,244.0,36600.0
2018-12-12,2018121201002526,PRVU,26,35,200,245.0,49000.0
2018-12-12,2018121201002525,PRVU,26,17,100,245.0,24500.0
2018-12-12,2018121201002555,PRVU,46,28,1000,243.0,243000.0
2018-12-12,2018121201002554,PRVU,57,28,100,243.0,24300.0
2018-12-12,2018121201002553,PRVU,38,28,185,243.0,44955.0
2018-12-12,2018121201002552,PRVU,41,28,100,243.0,24300.0
2018-12-12,2018121201002551,PRVU,36,28,1000,243.0,243000.0
2018-12-12,2018121201002550,PRVU,28,28,500,243.0,121500.0
2018-12-12,2018121201002669,PRVU,57,35,5650,245.0,1384250.0
2018-12-12,2018121201002624,PRVU,32,35,100,245.0,24500.0
2018-12-12,2018121201002569,PRVU,36,35,50,245.0,12250.0
2018-12-12,2018121201002558,PRVU,45,28,15,243.0,3645.0
2018-12-12,2018121201002557,PRVU,11,28,50,243.0,12150.0
2018-12-12,2018121201002556,PRVU,46,28,1000,243.0,243000.0
2018-12-12,2018121201002540,PURBL,58,11,116,150.0,17400.0
2018-12-12,2018121201002535,PURBL,34,58,57,147.0,8379.0
2018-12-12,2018121201002534,PURBL,34,58,100,148.0,14800.0
2018-12-12,2018121201002376,RADHI,54,37,10,160.0,1600.0
2018-12-12,2018121201002346,RADHI,54,21,11,160.0,1760.0
2018-12-12,2018121201002504,RBCL,11,37,20,9050.0,181000.0
2018-12-12,2018121201002491,RMDC,5,36,95,552.0,52440.0
2018-12-12,2018121201002375,RMDC,5,21,242,552.0,133584.0
2018-12-12,2018121201002374,RMDC,35,21,100,552.0,55200.0
2018-12-12,2018121201002373,RMDC,51,21,50,555.0,27750.0
2018-12-12,2018121201002372,RMDC,11,21,30,555.0,16650.0
2018-12-12,2018121201002348,RRHP,48,14,10,107.0,1070.0
2018-12-12,2018121201002755,RSDC,16,56,34,379.0,12886.0
2018-12-12,2018121201002646,RSDC,33,56,46,379.0,17434.0
2018-12-12,2018121201002527,RSDC,33,29,27,378.0,10206.0
2018-12-12,2018121201002792,SADBL,1,46,460,138.0,63480.0
2018-12-12,2018121201002791,SADBL,25,46,500,139.0,69500.0
2018-12-12,2018121201002790,SADBL,59,46,440,139.0,61160.0
2018-12-12,2018121201002756,SADBL,59,56,108,139.0,15012.0
2018-12-12,2018121201002813,SANIMA,58,16,200,300.0,60000.0
2018-12-12,2018121201002802,SANIMA,56,16,600,300.0,180000.0
2018-12-12,2018121201002760,SANIMA,14,16,179,300.0,53700.0
2018-12-12,2018121201002751,SANIMA,38,37,27,299.0,8073.0
2018-12-12,2018121201002750,SANIMA,49,37,123,299.0,36777.0
2018-12-12,2018121201002626,SANIMA,49,37,877,299.0,262223.0
2018-12-12,2018121201002659,SBBLJ,6,41,200,200.0,40000.0
2018-12-12,2018121201002766,SBI,38,4,152,396.0,60192.0
2018-12-12,2018121201002765,SBI,45,4,20,398.0,7960.0
2018-12-12,2018121201002702,SBI,45,4,30,399.0,11970.0
2018-12-12,2018121201002696,SBI,45,4,30,399.0,11970.0
2018-12-12,2018121201002566,SBI,26,4,100,399.0,39900.0
2018-12-12,2018121201002424,SBI,17,41,100,400.0,40000.0
2018-12-12,2018121201002481,SBL,35,36,20,302.0,6040.0
2018-12-12,2018121201002703,SCB,35,11,60,612.0,36720.0
2018-12-12,2018121201002633,SCB,58,41,10,611.0,6110.0
2018-12-12,2018121201002632,SCB,19,41,10,611.0,6110.0
2018-12-12,2018121201002627,SCB,25,11,15,612.0,9180.0
2018-12-12,2018121201002513,SCB,19,41,20,611.0,12220.0
2018-12-12,2018121201002412,SCB,22,21,20,611.0,12220.0
2018-12-12,2018121201002405,SCB,22,16,72,611.0,43992.0
2018-12-12,2018121201002391,SCB,33,16,50,611.0,30550.0
2018-12-12,2018121201002360,SCB,33,41,20,611.0,12220.0
2018-12-12,2018121201002347,SCB,33,26,20,611.0,12220.0
2018-12-12,2018121201002427,SDESI,58,25,10,578.0,5780.0
2018-12-12,2018121201002565,SEF,39,4,4500,8.69,39105.0
2018-12-12,2018121201002729,SHL,52,55,100,206.0,20600.0
2018-12-12,2018121201002728,SHL,58,55,100,206.0,20600.0
2018-12-12,2018121201002727,SHL,36,55,100,206.0,20600.0
2018-12-12,2018121201002457,SHL,36,13,100,206.0,20600.0
2018-12-12,2018121201002600,SIC,42,35,70,1231.0,86170.0
2018-12-12,2018121201002599,SIC,6,35,230,1232.0,283360.0
2018-12-12,2018121201002588,SIC,6,35,370,1232.0,455840.0
2018-12-12,2018121201002587,SIC,56,35,10,1232.0,12320.0
2018-12-12,2018121201002586,SIC,50,35,50,1232.0,61600.0
2018-12-12,2018121201002801,SICL,36,10,10,778.0,7780.0
2018-12-12,2018121201002637,SICL,4,48,358,773.0,276734.0
2018-12-12,2018121201002636,SICL,4,48,500,774.0,387000.0
2018-12-12,2018121201002783,SIFC,37,57,100,135.0,13500.0
2018-12-12,2018121201002701,SIL,25,59,16,562.0,8992.0
2018-12-12,2018121201002529,SIL,44,43,100,554.0,55400.0
2018-12-12,2018121201002528,SIL,44,58,10,554.0,5540.0
2018-12-12,2018121201002563,SKBBL,5,13,22,1001.0,22022.0
2018-12-12,2018121201002762,SLICL,54,56,25,460.0,11500.0
2018-12-12,2018121201002580,SLICL,32,26,100,460.0,46000.0
2018-12-12,2018121201002476,SLICL,17,25,100,458.0,45800.0
2018-12-12,2018121201002458,SLICL,45,22,14,459.0,6426.0
2018-12-12,2018121201002706,SMATA,51,55,12,1000.0,12000.0
2018-12-12,2018121201002393,SMATA,28,45,100,1000.0,100000.0
2018-12-12,2018121201002380,SMB,57,37,10,580.0,5800.0
2018-12-12,2018121201002442,SMB,57,25,10,580.0,5800.0
2018-12-12,2018121201002594,SRBL,32,56,65,218.0,14170.0
2018-12-12,2018121201002574,SWBBL,18,55,30,1005.0,30150.0
2018-12-12,2018121201002460,SWBBL,18,21,80,1000.0,80000.0
2018-12-12,2018121201002430,SWBBL,22,21,20,1000.0,20000.0
2018-12-12,2018121201002530,WOMI,29,43,50,825.0,41250.0
2018-12-12,2018121201002519,WOMI,29,43,25,825.0,20625.0
2018-12-12,2018121201002518,WOMI,29,43,25,825.0,20625.0
2018-12-12,2018121201002397,WOMI,33,19,33,820.0,27060.0
2018-12-12,2018121201002389,WOMI,8,49,70,811.0,56770.0
2018-12-12,2018121201000220,ADBL,16,17,10,341.0,3410.0
2018-12-12,2018121201000321,BPCL,43,21,10,440.0,4400.0
2018-12-12,2018121201000335,CHCL,19,39,68,645.0,43860.0
2018-12-12,2018121201000334,CHCL,19,52,20,644.0,12880.0
2018-12-12,2018121201000304,CHCL,17,52,100,644.0,64400.0
2018-12-12,2018121201000302,CHCL,42,39,50,645.0,32250.0
2018-12-12,2018121201000256,CHCL,33,11,193,647.0,124871.0
2018-12-12,2018121201000226,CHCL,35,34,200,650.0,130000.0
2018-12-12,2018121201000029,CHCL,51,46,50,632.0,31600.0
2018-12-12,2018121201000009,CHCL,58,42,18,620.0,11160.0
2018-12-12,2018121201000008,CHCL,52,42,20,620.0,12400.0
2018-12-12,2018121201000063,CHCL,51,51,60,640.0,38400.0
2018-12-12,2018121201000062,CHCL,51,56,28,638.0,17864.0
2018-12-12,2018121201000054,CHCL,48,51,40,640.0,25600.0
2018-12-12,2018121201000053,CHCL,48,48,10,639.0,6390.0
2018-12-12,2018121201000048,CHCL,19,46,50,639.0,31950.0
2018-12-12,2018121201000037,CHCL,42,51,20,640.0,12800.0
2018-12-12,2018121201000119,CHCL,19,17,30,647.0,19410.0
2018-12-12,2018121201000108,CHCL,14,48,10,652.0,6520.0
2018-12-12,2018121201000103,CHCL,19,25,12,647.0,7764.0
2018-12-12,2018121201000087,CHCL,19,49,200,646.0,129200.0
2018-12-12,2018121201000086,CHCL,19,49,100,645.0,64500.0
2018-12-12,2018121201000064,CHCL,51,25,201,640.0,128640.0
2018-12-12,2018121201000152,CHCL,37,25,12,647.0,7764.0
2018-12-12,2018121201000145,CHCL,37,34,20,647.0,12940.0
2018-12-12,2018121201000132,CHCL,37,34,142,647.0,91874.0
2018-12-12,2018121201000131,CHCL,19,34,458,647.0,296326.0
2018-12-12,2018121201000126,CHCL,55,34,100,650.0,65000.0
2018-12-12,2018121201000123,CHCL,55,34,100,650.0,65000.0
2018-12-12,2018121201000188,CHCL,13,34,200,646.0,129200.0
2018-12-12,2018121201000187,CHCL,29,34,526,646.0,339796.0
2018-12-12,2018121201000183,CHCL,29,18,74,646.0,47804.0
2018-12-12,2018121201000182,CHCL,37,18,26,647.0,16822.0
2018-12-12,2018121201000169,CHCL,1,13,50,649.0,32450.0
2018-12-12,2018121201000156,CHCL,44,56,200,649.0,129800.0
2018-12-12,2018121201000215,CHCL,59,34,22,650.0,14300.0
2018-12-12,2018121201000214,CHCL,59,13,35,649.0,22715.0
2018-12-12,2018121201000213,CHCL,59,18,43,647.0,27821.0
2018-12-12,2018121201000202,CHCL,19,34,100,643.0,64300.0
2018-12-12,2018121201000200,CHCL,19,25,12,643.0,7716.0
2018-12-12,2018121201000196,CHCL,25,25,1000,648.0,648000.0
2018-12-12,2018121201000192,CIT,34,4,838,1615.0,1353370.0
2018-12-12,2018121201000184,CIT,34,4,362,1615.0,584630.0
2018-12-12,2018121201000121,CIT,6,4,10,1630.0,16300.0
2018-12-12,2018121201000254,CMF1,22,17,1000,8.8,8800.0
2018-12-12,2018121201000319,CZBIL,34,56,300,213.0,63900.0
2018-12-12,2018121201000292,CZBIL,37,56,200,214.0,42800.0
2018-12-12,2018121201000287,CZBIL,6,56,300,214.0,64200.0
2018-12-12,2018121201000268,CZBIL,34,17,100,215.0,21500.0
2018-12-12,2018121201000267,CZBIL,34,19,439,215.0,94385.0
2018-12-12,2018121201000266,CZBIL,34,49,698,215.0,150070.0
2018-12-12,2018121201000005,CZBIL,51,44,200,212.0,42400.0
2018-12-12,2018121201000004,CZBIL,51,44,200,212.0,42400.0
2018-12-12,2018121201000003,CZBIL,58,44,10,212.0,2120.0
2018-12-12,2018121201000002,CZBIL,22,21,200,216.0,43200.0
2018-12-12,2018121201000001,CZBIL,22,34,100,220.0,22000.0
2018-12-12,2018121201000013,CZBIL,50,43,200,213.0,42600.0
2018-12-12,2018121201000012,CZBIL,33,43,300,213.0,63900.0
2018-12-12,2018121201000011,CZBIL,57,43,500,212.0,106000.0
2018-12-12,2018121201000010,CZBIL,49,58,100,214.0,21400.0
2018-12-12,2018121201000007,CZBIL,22,43,110,212.0,23320.0
2018-12-12,2018121201000006,CZBIL,22,44,90,212.0,19080.0
2018-12-12,2018121201000019,CZBIL,22,43,62,213.0,13206.0
2018-12-12,2018121201000018,CZBIL,17,43,162,213.0,34506.0
2018-12-12,2018121201000017,CZBIL,50,43,276,213.0,58788.0
2018-12-12,2018121201000016,CZBIL,17,16,500,214.0,107000.0
2018-12-12,2018121201000015,CZBIL,17,1,176,214.0,37664.0
2018-12-12,2018121201000014,CZBIL,50,16,200,213.0,42600.0
2018-12-12,2018121201000026,CZBIL,33,43,500,216.0,108000.0
2018-12-12,2018121201000025,CZBIL,33,17,100,216.0,21600.0
2018-12-12,2018121201000024,CZBIL,33,21,62,216.0,13392.0
2018-12-12,2018121201000023,CZBIL,1,57,90,213.0,19170.0
2018-12-12,2018121201000022,CZBIL,8,57,200,213.0,42600.0
2018-12-12,2018121201000021,CZBIL,1,1,200,215.0,43000.0
2018-12-12,2018121201000035,CZBIL,52,55,200,216.0,43200.0
2018-12-12,2018121201000034,CZBIL,14,49,800,219.0,175200.0
2018-12-12,2018121201000033,CZBIL,14,35,10,218.0,2180.0
2018-12-12,2018121201000032,CZBIL,14,43,400,218.0,87200.0
2018-12-12,2018121201000030,CZBIL,35,43,100,218.0,21800.0
2018-12-12,2018121201000027,CZBIL,33,1,100,216.0,21600.0
2018-12-12,2018121201000059,CZBIL,6,11,188,213.0,40044.0
2018-12-12,2018121201000058,CZBIL,1,11,210,213.0,44730.0
2018-12-12,2018121201000052,CZBIL,17,26,400,214.0,85600.0
2018-12-12,2018121201000051,CZBIL,52,26,100,214.0,21400.0
2018-12-12,2018121201000050,CZBIL,14,55,100,216.0,21600.0
2018-12-12,2018121201000038,CZBIL,55,55,100,216.0,21600.0
2018-12-12,2018121201000092,CZBIL,53,10,100,212.0,21200.0
2018-12-12,2018121201000091,CZBIL,37,10,500,213.0,106500.0
2018-12-12,2018121201000090,CZBIL,6,10,160,213.0,34080.0
2018-12-12,2018121201000073,CZBIL,5,26,21,214.0,4494.0
2018-12-12,2018121201000066,CZBIL,6,45,40,213.0,8520.0
2018-12-12,2018121201000065,CZBIL,6,45,12,213.0,2556.0
2018-12-12,2018121201000116,CZBIL,49,38,29,212.0,6148.0
2018-12-12,2018121201000104,CZBIL,49,40,448,212.0,94976.0
2018-12-12,2018121201000099,CZBIL,49,10,23,212.0,4876.0
2018-12-12,2018121201000098,CZBIL,1,10,100,212.0,21200.0
2018-12-12,2018121201000097,CZBIL,1,10,10,212.0,2120.0
2018-12-12,2018121201000093,CZBIL,1,10,290,212.0,61480.0
2018-12-12,2018121201000137,CZBIL,19,26,20,212.0,4240.0
2018-12-12,2018121201000136,CZBIL,37,26,346,212.0,73352.0
2018-12-12,2018121201000135,CZBIL,37,26,54,212.0,11448.0
2018-12-12,2018121201000134,CZBIL,19,26,106,212.0,22472.0
2018-12-12,2018121201000122,CZBIL,41,17,114,213.0,24282.0
2018-12-12,2018121201000117,CZBIL,19,38,194,212.0,41128.0
2018-12-12,2018121201000154,CZBIL,34,40,300,211.0,63300.0
2018-12-12,2018121201000153,CZBIL,1,40,476,211.0,100436.0
2018-12-12,2018121201000150,CZBIL,1,26,24,211.0,5064.0
2018-12-12,2018121201000149,CZBIL,17,26,500,211.0,105500.0
2018-12-12,2018121201000139,CZBIL,35,26,100,212.0,21200.0
2018-12-12,2018121201000138,CZBIL,58,26,400,212.0,84800.0
2018-12-12,2018121201000173,CZBIL,37,44,190,211.0,40090.0
2018-12-12,2018121201000168,CZBIL,37,19,10,211.0,2110.0
2018-12-12,2018121201000165,CZBIL,49,26,102,212.0,21624.0
2018-12-12,2018121201000164,CZBIL,49,40,98,211.0,20678.0
2018-12-12,2018121201000163,CZBIL,34,40,126,211.0,26586.0
2018-12-12,2018121201000155,CZBIL,16,56,39,210.0,8190.0
2018-12-12,2018121201000236,CZBIL,17,14,30,212.0,6360.0
2018-12-12,2018121201000190,CZBIL,33,57,308,212.0,65296.0
2018-12-12,2018121201000189,CZBIL,33,26,267,212.0,56604.0
2018-12-12,2018121201000180,CZBIL,49,26,200,212.0,42400.0
2018-12-12,2018121201000175,CZBIL,46,44,160,210.0,33600.0
2018-12-12,2018121201000174,CZBIL,16,44,161,210.0,33810.0
2018-12-12,2018121201000265,CZBIL,34,13,500,215.0,107500.0
2018-12-12,2018121201000264,CZBIL,34,51,500,215.0,107500.0
2018-12-12,2018121201000251,CZBIL,28,44,66,212.0,13992.0
2018-12-12,2018121201000250,CZBIL,17,43,490,214.0,104860.0
2018-12-12,2018121201000249,CZBIL,17,41,10,214.0,2140.0
2018-12-12,2018121201000246,CZBIL,17,44,66,212.0,13992.0
2018-12-12,2018121201000198,DBBL,38,52,11,124.0,1364.0
2018-12-12,2018121201000193,DBBL,57,52,11,125.0,1375.0
2018-12-12,2018121201000186,DBBL,57,52,11,125.0,1375.0
2018-12-12,2018121201000179,DBBL,42,52,11,126.0,1386.0
2018-12-12,2018121201000172,DBBL,42,52,11,126.0,1386.0
2018-12-12,2018121201000166,DBBL,42,52,11,126.0,1386.0
2018-12-12,2018121201000160,DBBL,42,52,11,126.0,1386.0
2018-12-12,2018121201000106,DBBL,57,11,78,125.0,9750.0
2018-12-12,2018121201000274,EBL,44,41,10,522.0,5220.0
2018-12-12,2018121201000230,EBL,16,48,10,532.0,5320.0
2018-12-12,2018121201000223,EBL,20,54,100,522.0,52200.0
2018-12-12,2018121201000216,EBL,19,48,33,525.0,17325.0
2018-12-12,2018121201000195,EBL,51,48,10,531.0,5310.0
2018-12-12,2018121201000277,GBIME,40,44,21,314.0,6594.0
2018-12-12,2018121201000259,GBIME,40,59,14,314.0,4396.0
2018-12-12,2018121201000211,GBIME,44,19,23,317.0,7291.0
2018-12-12,2018121201000197,GBIME,49,1,12,315.0,3780.0
2018-12-12,2018121201000317,GBLBS,14,56,200,403.0,80600.0
2018-12-12,2018121201000207,GDBL,1,1,30,194.0,5820.0
2018-12-12,2018121201000181,HIDCL,34,1,56,147.0,8232.0
2018-12-12,2018121201000159,HIDCL,58,17,56,146.0,8176.0
2018-12-12,2018121201000157,HIDCL,53,58,56,145.0,8120.0
2018-12-12,2018121201000049,HIDCL,42,42,15,145.0,2175.0
2018-12-12,2018121201000144,HPPL,39,39,10,178.0,1780.0
2018-12-12,2018121201000143,HPPL,39,39,10,178.0,1780.0
2018-12-12,2018121201000142,HPPL,39,39,10,178.0,1780.0
2018-12-12,2018121201000141,HPPL,39,39,10,178.0,1780.0
2018-12-12,2018121201000140,HPPL,39,39,10,178.0,1780.0
2018-12-12,2018121201000178,JBBL,58,19,103,135.0,13905.0
2018-12-12,2018121201000171,JBBL,49,58,33,134.0,4422.0
2018-12-12,2018121201000170,JBBL,26,58,183,134.0,24522.0
2018-12-12,2018121201000095,JBBL,26,56,17,134.0,2278.0
2018-12-12,2018121201000309,JBNL,44,53,100,174.0,17400.0
2018-12-12,2018121201000303,JBNL,33,16,100,175.0,17500.0
2018-12-12,2018121201000315,KPCL,13,20,10,102.0,1020.0
2018-12-12,2018121201000297,KPCL,13,20,10,102.0,1020.0
2018-12-12,2018121201000293,KPCL,25,19,10,103.0,1030.0
2018-12-12,2018121201000286,KPCL,13,20,10,102.0,1020.0
2018-12-12,2018121201000273,KPCL,13,20,10,102.0,1020.0
2018-12-12,2018121201000263,KPCL,13,20,10,102.0,1020.0
2018-12-12,2018121201000041,KPCL,45,20,10,101.0,1010.0
2018-12-12,2018121201000040,KPCL,45,20,10,101.0,1010.0
2018-12-12,2018121201000060,KPCL,45,20,10,101.0,1010.0
2018-12-12,2018121201000056,KPCL,45,20,10,101.0,1010.0
2018-12-12,2018121201000047,KPCL,45,20,10,101.0,1010.0
2018-12-12,2018121201000044,KPCL,45,20,10,101.0,1010.0
2018-12-12,2018121201000043,KPCL,45,20,10,101.0,1010.0
2018-12-12,2018121201000042,KPCL,45,20,10,101.0,1010.0
2018-12-12,2018121201000133,KPCL,45,20,10,101.0,1010.0
2018-12-12,2018121201000125,KPCL,45,20,10,101.0,1010.0
2018-12-12,2018121201000118,KPCL,45,20,10,101.0,1010.0
2018-12-12,2018121201000105,KPCL,45,20,10,101.0,1010.0
2018-12-12,2018121201000101,KPCL,45,20,10,101.0,1010.0
2018-12-12,2018121201000088,KPCL,45,20,10,101.0,1010.0
2018-12-12,2018121201000199,KPCL,13,20,10,102.0,1020.0
2018-12-12,2018121201000191,KPCL,45,20,10,101.0,1010.0
2018-12-12,2018121201000177,KPCL,45,20,10,101.0,1010.0
2018-12-12,2018121201000167,KPCL,45,20,10,101.0,1010.0
2018-12-12,2018121201000161,KPCL,45,20,10,101.0,1010.0
2018-12-12,2018121201000151,KPCL,45,20,10,101.0,1010.0
2018-12-12,2018121201000240,KPCL,13,20,10,102.0,1020.0
2018-12-12,2018121201000237,KPCL,13,20,10,102.0,1020.0
2018-12-12,2018121201000227,KPCL,13,20,10,102.0,1020.0
2018-12-12,2018121201000218,KPCL,13,20,10,102.0,1020.0
2018-12-12,2018121201000212,KPCL,13,20,10,102.0,1020.0
2018-12-12,2018121201000205,KPCL,13,20,10,102.0,1020.0
2018-12-12,2018121201000284,LBL,14,51,100,219.0,21900.0
2018-12-12,2018121201000307,MDB,25,57,100,275.0,27500.0
2018-12-12,2018121201000306,MDB,25,19,100,274.0,27400.0
2018-12-12,2018121201000282,MEGA,56,41,88,187.0,16456.0
2018-12-12,2018121201000245,MEGA,57,57,111,190.0,21090.0
2018-12-12,2018121201000232,MEGA,16,41,10,191.0,1910.0
2018-12-12,2018121201000244,MNBBL,16,52,10,348.0,3480.0
2018-12-12,2018121201000330,NABIL,17,17,50,855.0,42750.0
2018-12-12,2018121201000329,NABIL,17,59,25,855.0,21375.0
2018-12-12,2018121201000312,NBL,1,56,500,297.0,148500.0
2018-12-12,2018121201000285,NBL,36,58,500,298.0,149000.0
2018-12-12,2018121201000221,NBL,46,58,120,298.0,35760.0
2018-12-12,2018121201000331,NCCB,44,8,330,204.0,67320.0
2018-12-12,2018121201000320,NCCB,44,8,1180,204.0,240720.0
2018-12-12,2018121201000305,NCCB,44,39,592,204.0,120768.0
2018-12-12,2018121201000272,NCCB,34,19,50,204.0,10200.0
2018-12-12,2018121201000243,NCCB,44,8,15,202.0,3030.0
2018-12-12,2018121201000332,NCCBPO,28,19,1500,130.0,195000.0
2018-12-12,2018121201000333,NIB,38,8,20,651.0,13020.0
2018-12-12,2018121201000328,NIB,6,44,190,650.0,123500.0
2018-12-12,2018121201000327,NIB,50,44,100,650.0,65000.0
2018-12-12,2018121201000326,NIB,59,44,50,650.0,32500.0
2018-12-12,2018121201000325,NIB,41,44,150,650.0,97500.0
2018-12-12,2018121201000324,NIB,8,44,500,650.0,325000.0
2018-12-12,2018121201000094,NIB,7,57,500,653.0,326500.0
2018-12-12,2018121201000045,NIB,35,35,37,653.0,24161.0
2018-12-12,2018121201000147,NIB,6,44,20,651.0,13020.0
2018-12-12,2018121201000146,NIB,1,44,500,651.0,325500.0
2018-12-12,2018121201000114,NIB,45,53,1400,652.0,912800.0
2018-12-12,2018121201000113,NIB,22,53,150,652.0,97800.0
2018-12-12,2018121201000112,NIB,38,53,100,652.0,65200.0
2018-12-12,2018121201000111,NIB,7,53,300,653.0,195900.0
2018-12-12,2018121201000217,NIB,21,14,75,652.0,48900.0
2018-12-12,2018121201000209,NIB,14,14,100,651.0,65100.0
2018-12-12,2018121201000208,NIB,57,14,50,652.0,32600.0
2018-12-12,2018121201000206,NIB,36,54,30,653.0,19590.0
2018-12-12,2018121201000203,NIB,16,54,10,653.0,6530.0
2018-12-12,2018121201000148,NIB,42,42,20,653.0,13060.0
2018-12-12,2018121201000252,NIB,5,45,37,651.0,24087.0
2018-12-12,2018121201000238,NIB,5,59,50,651.0,32550.0
2018-12-12,2018121201000234,NIB,50,21,40,650.0,26000.0
2018-12-12,2018121201000233,NIB,29,21,60,650.0,39000.0
2018-12-12,2018121201000222,NIB,25,14,20,652.0,13040.0
2018-12-12,2018121201000294,NIB,6,8,14,651.0,9114.0
2018-12-12,2018121201000289,NIB,6,45,11,651.0,7161.0
2018-12-12,2018121201000288,NIB,1,45,26,651.0,16926.0
2018-12-12,2018121201000283,NIB,42,14,100,652.0,65200.0
2018-12-12,2018121201000280,NIB,1,45,24,651.0,15624.0
2018-12-12,2018121201000279,NIB,5,45,13,651.0,8463.0
2018-12-12,2018121201000323,NIB,50,44,10,650.0,6500.0
2018-12-12,2018121201000308,NIB,32,8,200,651.0,130200.0
2018-12-12,2018121201000300,NIB,39,8,100,651.0,65100.0
2018-12-12,2018121201000298,NIB,14,8,30,651.0,19530.0
2018-12-12,2018121201000296,NIB,6,8,50,651.0,32550.0
2018-12-12,2018121201000295,NIB,37,8,10,651.0,6510.0
2018-12-12,2018121201000281,NICA,36,58,380,380.0,144400.0
2018-12-12,2018121201000031,NICL,44,37,100,490.0,49000.0
2018-12-12,2018121201000278,NLIC,59,17,17,925.0,15725.0
2018-12-12,2018121201000262,NLIC,59,43,47,925.0,43475.0
2018-12-12,2018121201000261,NLIC,21,43,53,925.0,49025.0
2018-12-12,2018121201000241,NLIC,21,37,50,925.0,46250.0
2018-12-12,2018121201000162,NLIC,35,35,17,927.0,15759.0
2018-12-12,2018121201000130,NLIC,21,17,47,925.0,43475.0
2018-12-12,2018121201000129,NLIC,21,17,53,925.0,49025.0
2018-12-12,2018121201000115,NLIC,21,4,37,925.0,34225.0
2018-12-12,2018121201000028,NLIC,8,8,8215,922.0,7574230.0
2018-12-12,2018121201000020,NLIC,34,26,15,920.0,13800.0
2018-12-12,2018121201000299,NMB,42,34,50,365.0,18250.0
2018-12-12,2018121201000271,NMB,34,57,270,364.0,98280.0
2018-12-12,2018121201000258,NMB,36,57,30,364.0,10920.0
2018-12-12,2018121201000255,NMB,16,34,10,365.0,3650.0
2018-12-12,2018121201000128,NMB,17,22,36,365.0,13140.0
2018-12-12,2018121201000127,NMB,17,8,11,365.0,4015.0
2018-12-12,2018121201000055,NMB,57,57,11,363.0,3993.0
2018-12-12,2018121201000046,NMB,57,57,11,363.0,3993.0
2018-12-12,2018121201000176,NSEWA,44,44,10,530.0,5300.0
2018-12-12,2018121201000061,NSEWA,25,38,10,540.0,5400.0
2018-12-12,2018121201000210,NUBL,44,29,490,686.0,336140.0
2018-12-12,2018121201000096,NUBL,52,29,10,700.0,7000.0
2018-12-12,2018121201000039,PCBL,17,17,445,318.0,141510.0
2018-12-12,2018121201000316,PIC,18,48,90,914.0,82260.0
2018-12-12,2018121201000311,PIC,18,16,50,914.0,45700.0
2018-12-12,2018121201000310,PIC,18,48,50,911.0,45550.0
2018-12-12,2018121201000257,PIC,18,18,10,907.0,9070.0
2018-12-12,2018121201000036,PLIC,5,8,200,410.0,82000.0
2018-12-12,2018121201000322,PMHPL,26,20,10,115.0,1150.0
2018-12-12,2018121201000301,PMHPL,26,20,10,115.0,1150.0
2018-12-12,2018121201000290,PMHPL,26,20,10,115.0,1150.0
2018-12-12,2018121201000275,PMHPL,26,20,10,115.0,1150.0
2018-12-12,2018121201000270,PMHPL,26,20,10,115.0,1150.0
2018-12-12,2018121201000253,PMHPL,43,19,10,117.0,1170.0
2018-12-12,2018121201000072,PMHPL,47,20,10,115.0,1150.0
2018-12-12,2018121201000071,PMHPL,47,20,10,115.0,1150.0
2018-12-12,2018121201000070,PMHPL,47,20,10,115.0,1150.0
2018-12-12,2018121201000069,PMHPL,47,20,10,115.0,1150.0
2018-12-12,2018121201000068,PMHPL,47,20,10,115.0,1150.0
2018-12-12,2018121201000067,PMHPL,47,20,10,115.0,1150.0
2018-12-12,2018121201000235,PMHPL,26,19,10,115.0,1150.0
2018-12-12,2018121201000229,PMHPL,40,20,10,114.0,1140.0
2018-12-12,2018121201000201,PMHPL,40,20,10,114.0,1140.0
2018-12-12,2018121201000120,PMHPL,14,20,10,113.0,1130.0
2018-12-12,2018121201000109,PMHPL,14,20,10,113.0,1130.0
2018-12-12,2018121201000102,PMHPL,14,20,10,113.0,1130.0
2018-12-12,2018121201000089,PROFL,21,37,50,114.0,5700.0
2018-12-12,2018121201000057,PROFL,21,37,50,112.0,5600.0
2018-12-12,2018121201000242,PRVU,57,38,500,246.0,123000.0
2018-12-12,2018121201000124,RMDC,41,34,50,566.0,28300.0
2018-12-12,2018121201000100,RRHP,48,1,10,107.0,1070.0
2018-12-12,2018121201000085,RSDC,39,39,39,379.0,14781.0
2018-12-12,2018121201000084,RSDC,39,39,39,379.0,14781.0
2018-12-12,2018121201000083,RSDC,39,39,39,379.0,14781.0
2018-12-12,2018121201000082,RSDC,39,39,39,379.0,14781.0
2018-12-12,2018121201000081,RSDC,39,39,39,379.0,14781.0
2018-12-12,2018121201000080,RSDC,39,39,39,379.0,14781.0
2018-12-12,2018121201000079,RSDC,39,39,39,379.0,14781.0
2018-12-12,2018121201000078,RSDC,39,39,39,379.0,14781.0
2018-12-12,2018121201000077,RSDC,39,39,39,379.0,14781.0
2018-12-12,2018121201000076,RSDC,39,39,39,379.0,14781.0
2018-12-12,2018121201000075,RSDC,39,39,39,379.0,14781.0
2018-12-12,2018121201000074,RSDC,39,39,39,379.0,14781.0
2018-12-12,2018121201000260,SADBL,26,19,16,140.0,2240.0
2018-12-12,2018121201000110,SADBL,49,19,87,141.0,12267.0
2018-12-12,2018121201000269,SBI,28,17,100,400.0,40000.0
2018-12-12,2018121201000239,SBI,16,4,10,402.0,4020.0
2018-12-12,2018121201000158,SBI,55,17,50,405.0,20250.0
2018-12-12,2018121201000313,SCB,42,7,100,605.0,60500.0
2018-12-12,2018121201000228,SCB,57,54,50,605.0,30250.0
2018-12-12,2018121201000225,SCB,51,7,50,606.0,30300.0
2018-12-12,2018121201000224,SCB,5,7,100,607.0,60700.0
2018-12-12,2018121201000185,SCB,35,35,20,607.0,12140.0
2018-12-12,2018121201000107,SCB,45,42,50,610.0,30500.0
2018-12-12,2018121201000248,SHL,58,40,500,209.0,104500.0
2018-12-12,2018121201000247,SHL,37,40,300,209.0,62700.0
2018-12-12,2018121201000231,SHL,37,49,200,209.0,41800.0
2018-12-12,2018121201000314,SHPC,45,41,36,226.0,8136.0
2018-12-12,2018121201000291,SHPC,45,4,653,226.0,147578.0
2018-12-12,2018121201000276,SHPC,45,52,100,226.0,22600.0
2018-12-12,2018121201000204,SHPC,34,4,300,227.0,68100.0
2018-12-12,2018121201000194,SHPC,29,4,200,227.0,45400.0
2018-12-12,2018121201000219,SICL,10,35,20,775.0,15500.0
2018-12-12,2018121201000318,SIL,43,59,200,552.0,110400.0
2018-12-12,2018121201002294,ADBL,3,45,550,339.0,186450.0
2018-12-12,2018121201002056,ADBL,28,6,160,338.0,54080.0
2018-12-12,2018121201002173,AHPC,58,25,1000,110.0,110000.0
2018-12-12,2018121201002172,AHPC,58,29,1000,110.0,110000.0
2018-12-12,2018121201002127,AHPC,52,55,74,109.0,8066.0
2018-12-12,2018121201001996,AHPC,37,55,100,109.0,10900.0
2018-12-12,2018121201001902,AHPC,58,45,100,108.0,10800.0
2018-12-12,2018121201001914,AKPL,41,26,12,195.0,2340.0
2018-12-12,2018121201001913,AKPL,41,41,10,195.0,1950.0
2018-12-12,2018121201001912,AKPL,41,41,75,193.0,14475.0
2018-12-12,2018121201001856,AKPL,29,43,13,192.0,2496.0
2018-12-12,2018121201002180,ALICL,43,58,20,471.0,9420.0
2018-12-12,2018121201002096,ALICL,43,35,20,471.0,9420.0
2018-12-12,2018121201002095,ALICL,40,35,95,471.0,44745.0
2018-12-12,2018121201002003,ALICL,40,38,905,471.0,426255.0
2018-12-12,2018121201002002,ALICL,7,38,40,472.0,18880.0
2018-12-12,2018121201002001,ALICL,38,38,55,472.0,25960.0
2018-12-12,2018121201001899,ALICL,7,48,110,475.0,52250.0
2018-12-12,2018121201002317,AMFI,11,14,10,602.0,6020.0
2018-12-12,2018121201001991,API,37,57,100,147.0,14700.0
2018-12-12,2018121201001968,API,54,57,23,147.0,3381.0
2018-12-12,2018121201001932,API,25,13,950,146.0,138700.0
2018-12-12,2018121201002124,BHBL,26,45,48,124.0,5952.0
2018-12-12,2018121201002247,BOKL,22,43,50,307.0,15350.0
2018-12-12,2018121201002246,BOKL,32,43,50,307.0,15350.0
2018-12-12,2018121201001896,BOKL,17,45,61,306.0,18666.0
2018-12-12,2018121201001855,BOKL,39,59,32,307.0,9824.0
2018-12-12,2018121201002240,BPCL,41,14,10,430.0,4300.0
2018-12-12,2018121201002217,BPCL,41,14,10,430.0,4300.0
2018-12-12,2018121201002136,BPCL,42,28,100,431.0,43100.0
2018-12-12,2018121201002135,BPCL,45,28,30,431.0,12930.0
2018-12-12,2018121201002134,BPCL,1,28,150,431.0,64650.0
2018-12-12,2018121201002133,BPCL,6,28,20,431.0,8620.0
2018-12-12,2018121201002132,BPCL,51,28,30,432.0,12960.0
2018-12-12,2018121201002073,BPCL,26,26,10,433.0,4330.0
2018-12-12,2018121201002239,CBBL,32,19,69,826.0,56994.0
2018-12-12,2018121201002238,CBBL,56,19,100,827.0,82700.0
2018-12-12,2018121201002237,CBBL,6,19,81,828.0,67068.0
2018-12-12,2018121201002201,CBBL,55,35,161,829.0,133469.0
2018-12-12,2018121201002036,CBBL,38,35,39,829.0,32331.0
2018-12-12,2018121201002035,CBBL,38,35,61,829.0,50569.0
2018-12-12,2018121201001979,CBBL,6,47,119,828.0,98532.0
2018-12-12,2018121201001978,CBBL,26,47,20,828.0,16560.0
2018-12-12,2018121201002220,CBL,25,54,20,158.0,3160.0
2018-12-12,2018121201002152,CBL,25,43,390,158.0,61620.0
2018-12-12,2018121201002131,CBL,16,43,10,158.0,1580.0
2018-12-12,2018121201002112,CBL,44,43,500,157.0,78500.0
2018-12-12,2018121201002280,CCBL,48,1,78,173.0,13494.0
2018-12-12,2018121201002279,CCBL,48,26,22,173.0,3806.0
2018-12-12,2018121201002079,CCBL,26,26,52,173.0,8996.0
2018-12-12,2018121201002075,CCBL,26,13,22,173.0,3806.0
2018-12-12,2018121201002144,CFCL,16,42,10,114.0,1140.0
2018-12-12,2018121201002315,CHCL,38,28,300,649.0,194700.0
2018-12-12,2018121201002231,CHCL,51,47,30,650.0,19500.0
2018-12-12,2018121201002155,CHCL,35,3,200,650.0,130000.0
2018-12-12,2018121201002154,CHCL,35,17,100,650.0,65000.0
2018-12-12,2018121201002153,CHCL,35,57,148,650.0,96200.0
2018-12-12,2018121201002146,CHCL,57,57,93,650.0,60450.0
2018-12-12,2018121201002145,CHCL,57,45,107,650.0,69550.0
2018-12-12,2018121201002126,CHCL,22,45,30,650.0,19500.0
2018-12-12,2018121201002078,CHCL,21,45,20,650.0,13000.0
2018-12-12,2018121201002286,CIT,19,43,20,1616.0,32320.0
2018-12-12,2018121201002037,CMF1,22,45,500,8.8,4400.0
2018-12-12,2018121201002307,CZBIL,45,28,190,214.0,40660.0
2018-12-12,2018121201002304,CZBIL,32,16,100,215.0,21500.0
2018-12-12,2018121201002303,CZBIL,26,16,200,215.0,43000.0
2018-12-12,2018121201002292,CZBIL,45,55,150,214.0,32100.0
2018-12-12,2018121201002291,CZBIL,45,56,660,214.0,141240.0
2018-12-12,2018121201002244,CZBIL,32,32,64,213.0,13632.0
2018-12-12,2018121201001874,CZBIL,22,7,250,213.0,53250.0
2018-12-12,2018121201001857,CZBIL,22,4,530,213.0,112890.0
2018-12-12,2018121201001842,CZBIL,22,29,176,213.0,37488.0
2018-12-12,2018121201001841,CZBIL,49,29,40,213.0,8520.0
2018-12-12,2018121201001840,CZBIL,51,29,100,213.0,21300.0
2018-12-12,2018121201001839,CZBIL,45,29,58,213.0,12354.0
2018-12-12,2018121201002048,CZBIL,58,56,63,213.0,13419.0
2018-12-12,2018121201002028,CZBIL,58,32,37,213.0,7881.0
2018-12-12,2018121201002027,CZBIL,13,32,144,213.0,30672.0
2018-12-12,2018121201001981,CZBIL,13,55,100,213.0,21300.0
2018-12-12,2018121201001963,CZBIL,13,55,56,213.0,11928.0
2018-12-12,2018121201001962,CZBIL,22,55,44,213.0,9372.0
2018-12-12,2018121201002142,CZBIL,22,56,100,214.0,21400.0
2018-12-12,2018121201002089,CZBIL,59,42,10,213.0,2130.0
2018-12-12,2018121201002068,CZBIL,49,32,10,213.0,2130.0
2018-12-12,2018121201002050,CZBIL,49,56,137,213.0,29181.0
2018-12-12,2018121201002049,CZBIL,42,56,200,213.0,42600.0
2018-12-12,2018121201002230,CZBIL,32,32,32,213.0,6816.0
2018-12-12,2018121201002229,CZBIL,59,32,11,213.0,2343.0
2018-12-12,2018121201002227,CZBIL,59,54,10,213.0,2130.0
2018-12-12,2018121201002206,CZBIL,55,56,200,214.0,42800.0
2018-12-12,2018121201002203,CZBIL,59,1,19,213.0,4047.0
2018-12-12,2018121201002170,CZBIL,32,56,40,214.0,8560.0
2018-12-12,2018121201002290,DBBL,51,47,50,126.0,6300.0
2018-12-12,2018121201002157,DBBL,16,47,10,126.0,1260.0
2018-12-12,2018121201002076,DDBL,32,32,100,579.0,57900.0
2018-12-12,2018121201002293,EBL,22,48,80,527.0,42160.0
2018-12-12,2018121201002270,EBL,22,48,20,527.0,10540.0
2018-12-12,2018121201002269,EBL,22,53,80,526.0,42080.0
2018-12-12,2018121201002129,EBL,37,53,20,526.0,10520.0
2018-12-12,2018121201002306,EIC,16,17,39,750.0,29250.0
2018-12-12,2018121201002256,EIC,16,21,11,740.0,8140.0
2018-12-12,2018121201001980,EIC,16,21,50,740.0,37000.0
2018-12-12,2018121201002324,FMDBL,22,45,200,330.0,66000.0
2018-12-12,2018121201002305,FMDBL,32,45,47,330.0,15510.0
2018-12-12,2018121201002053,FMDBL,32,47,53,330.0,17490.0
2018-12-12,2018121201002052,FMDBL,42,47,100,330.0,33000.0
2018-12-12,2018121201002051,FMDBL,25,47,17,331.0,5627.0
2018-12-12,2018121201002045,FOWAD,22,7,10,1690.0,16900.0
2018-12-12,2018121201002161,GBBL,32,7,100,174.0,17400.0
2018-12-12,2018121201002102,GBBL,6,19,1300,173.0,224900.0
2018-12-12,2018121201002101,GBBL,7,19,1000,173.0,173000.0
2018-12-12,2018121201001947,GBBL,53,45,50,173.0,8650.0
2018-12-12,2018121201001946,GBBL,58,45,186,173.0,32178.0
2018-12-12,2018121201002264,GBIME,26,8,50,316.0,15800.0
2018-12-12,2018121201002199,GBIME,33,32,85,317.0,26945.0
2018-12-12,2018121201002105,GBIME,33,45,115,316.0,36340.0
2018-12-12,2018121201002072,GBIME,57,45,100,316.0,31600.0
2018-12-12,2018121201002071,GBIME,22,45,85,316.0,26860.0
2018-12-12,2018121201002018,GBIME,22,44,15,316.0,4740.0
2018-12-12,2018121201001863,GBIME,44,16,240,316.0,75840.0
2018-12-12,2018121201001859,GBIME,32,16,100,316.0,31600.0
2018-12-12,2018121201002310,GBLBS,21,39,10,404.0,4040.0
2018-12-12,2018121201002309,GBLBS,21,38,80,404.0,32320.0
2018-12-12,2018121201002226,GBLBS,22,38,70,404.0,28280.0
2018-12-12,2018121201002212,GBLBS,22,38,50,404.0,20200.0
2018-12-12,2018121201002326,GDBL,14,40,111,197.0,21867.0
2018-12-12,2018121201002024,GDBL,49,45,79,196.0,15484.0
2018-12-12,2018121201002023,GDBL,49,41,26,195.0,5070.0
2018-12-12,2018121201002025,GDBL,49,42,495,197.0,97515.0
2018-12-12,2018121201002233,GFCL,50,47,12,123.0,1476.0
2018-12-12,2018121201002214,GLICL,40,25,10,571.0,5710.0
2018-12-12,2018121201001965,GLICL,32,47,90,568.0,51120.0
2018-12-12,2018121201001964,GLICL,58,47,10,570.0,5700.0
2018-12-12,2018121201001969,HBL,29,22,20,511.0,10220.0
2018-12-12,2018121201002139,HDL,19,22,30,1240.0,37200.0
2018-12-12,2018121201002316,HIDCL,36,37,56,146.0,8176.0
2018-12-12,2018121201002278,HIDCL,36,52,145,146.0,21170.0
2018-12-12,2018121201002091,HIDCL,26,26,56,147.0,8232.0
2018-12-12,2018121201001873,HIDCL,52,58,116,147.0,17052.0
2018-12-12,2018121201001872,HIDCL,52,45,44,147.0,6468.0
2018-12-12,2018121201002327,HPPL,17,37,10,184.0,1840.0
2018-12-12,2018121201002257,HPPL,17,37,10,184.0,1840.0
2018-12-12,2018121201002084,ICFC,49,48,2000,153.0,306000.0
2018-12-12,2018121201002106,IGI,26,26,70,415.0,29050.0
2018-12-12,2018121201002289,IGIPO,42,25,97000,250.0,24250000.0
2018-12-12,2018121201002277,IGIPO,42,25,98000,250.0,24500000.0
2018-12-12,2018121201002163,JBNL,16,57,10,175.0,1750.0
2018-12-12,2018121201002016,JBNL,32,22,52,174.0,9048.0
2018-12-12,2018121201002015,JBNL,38,22,948,174.0,164952.0
2018-12-12,2018121201002204,JEFL,16,22,10,99.0,990.0
2018-12-12,2018121201001949,KBBL,42,28,780,236.0,184080.0
2018-12-12,2018121201002216,KBL,33,8,300,244.0,73200.0
2018-12-12,2018121201002215,KBL,51,8,200,244.0,48800.0
2018-12-12,2018121201002107,KBL,25,52,150,244.0,36600.0
2018-12-12,2018121201001847,KKHC,57,22,410,96.0,39360.0
2018-12-12,2018121201002121,KMCDB,59,47,13,740.0,9620.0
2018-12-12,2018121201001966,KMFL,25,42,15,1133.0,16995.0
2018-12-12,2018121201001854,KMFL,8,38,28,1133.0,31724.0
2018-12-12,2018121201002263,KPCL,29,37,10,103.0,1030.0
2018-12-12,2018121201002005,KRBL,37,28,150,100.0,15000.0
2018-12-12,2018121201002082,KSBBL,16,16,14,137.0,1918.0
2018-12-12,2018121201002014,KSBBL,49,34,464,140.0,64960.0
2018-12-12,2018121201002013,KSBBL,49,11,200,139.0,27800.0
2018-12-12,2018121201002012,KSBBL,49,57,209,139.0,29051.0
2018-12-12,2018121201002011,KSBBL,49,50,127,139.0,17653.0
2018-12-12,2018121201002038,LBBL,52,34,134,160.0,21440.0
2018-12-12,2018121201002308,LBL,11,25,200,221.0,44200.0
2018-12-12,2018121201002254,LBL,11,52,130,221.0,28730.0
2018-12-12,2018121201002171,LBL,16,46,10,222.0,2220.0
2018-12-12,2018121201002054,LBL,45,1,100,220.0,22000.0
2018-12-12,2018121201001895,LBL,45,45,40,219.0,8760.0
2018-12-12,2018121201001894,LBL,1,45,50,219.0,10950.0
2018-12-12,2018121201002302,LGIL,11,6,50,436.0,21800.0
2018-12-12,2018121201002301,LGIL,17,6,500,436.0,218000.0
2018-12-12,2018121201002300,LGIL,54,6,25,436.0,10900.0
2018-12-12,2018121201002143,LGIL,4,6,60,437.0,26220.0
2018-12-12,2018121201002034,LGIL,32,6,100,437.0,43700.0
2018-12-12,2018121201002033,LGIL,11,6,30,437.0,13110.0
2018-12-12,2018121201002032,LGIL,10,6,54,438.0,23652.0
2018-12-12,2018121201002031,LGIL,17,6,10,438.0,4380.0
2018-12-12,2018121201002313,LICN,19,37,50,1440.0,72000.0
2018-12-12,2018121201002334,MBL,6,45,961,209.0,200849.0
2018-12-12,2018121201002236,MBL,34,54,10,208.0,2080.0
2018-12-12,2018121201002191,MBL,34,21,1530,208.0,318240.0
2018-12-12,2018121201002190,MBL,16,21,20,208.0,4160.0
2018-12-12,2018121201002189,MBL,34,21,2000,208.0,416000.0
2018-12-12,2018121201002188,MBL,45,21,150,208.0,31200.0
2018-12-12,2018121201002181,MBL,43,22,440,209.0,91960.0
2018-12-12,2018121201002148,MBL,50,22,60,209.0,12540.0
2018-12-12,2018121201001970,MBL,32,57,800,209.0,167200.0
2018-12-12,2018121201002275,MDB,39,52,56,273.0,15288.0
2018-12-12,2018121201002320,MEGA,13,17,63,189.0,11907.0
2018-12-12,2018121201002319,MEGA,13,22,200,189.0,37800.0
2018-12-12,2018121201002318,MEGA,13,36,30,189.0,5670.0
2018-12-12,2018121201002140,MEGA,33,45,321,188.0,60348.0
2018-12-12,2018121201002113,MEGA,38,26,50,187.0,9350.0
2018-12-12,2018121201002111,MEGA,38,16,10,187.0,1870.0
2018-12-12,2018121201002109,MEGA,26,45,55,188.0,10340.0
2018-12-12,2018121201002064,MEGA,5,45,50,188.0,9400.0
2018-12-12,2018121201001990,MEGA,32,45,100,188.0,18800.0
2018-12-12,2018121201001989,MEGA,32,45,100,188.0,18800.0
2018-12-12,2018121201001988,MEGA,1,45,50,188.0,9400.0
2018-12-12,2018121201001987,MEGA,17,45,10,188.0,1880.0
2018-12-12,2018121201002276,MMFDB,44,25,200,966.0,193200.0
2018-12-12,2018121201002210,MMFDB,6,58,50,975.0,48750.0
2018-12-12,2018121201002209,MMFDB,57,58,50,976.0,48800.0
2018-12-12,2018121201002195,MMFDB,6,37,54,980.0,52920.0
2018-12-12,2018121201002335,MNBBL,26,52,85,340.0,28900.0
2018-12-12,2018121201002265,MNBBL,45,58,100,341.0,34100.0
2018-12-12,2018121201002182,MNBBL,16,8,10,343.0,3430.0
2018-12-12,2018121201001930,MNBBL,54,59,20,342.0,6840.0
2018-12-12,2018121201001911,MSMBS,13,47,22,471.0,10362.0
2018-12-12,2018121201001910,MSMBS,16,47,67,471.0,31557.0
2018-12-12,2018121201001909,MSMBS,17,47,10,473.0,4730.0
2018-12-12,2018121201002156,NABIL,26,45,65,847.0,55055.0
2018-12-12,2018121201001893,NABIL,21,21,376,845.0,317720.0
2018-12-12,2018121201001892,NABIL,1,21,50,845.0,42250.0
2018-12-12,2018121201001891,NABIL,57,21,100,845.0,84500.0
2018-12-12,2018121201001890,NABIL,32,21,500,846.0,423000.0
2018-12-12,2018121201001889,NABIL,58,21,50,846.0,42300.0
2018-12-12,2018121201001888,NABIL,56,21,15,847.0,12705.0
2018-12-12,2018121201001887,NABIL,39,21,23,848.0,19504.0
2018-12-12,2018121201001886,NABIL,45,21,10,848.0,8480.0
2018-12-12,2018121201001885,NABIL,5,21,55,849.0,46695.0
2018-12-12,2018121201002058,NABILP,11,18,10,694.0,6940.0
2018-12-12,2018121201001960,NABILP,11,22,20,694.0,13880.0
2018-12-12,2018121201002009,NADEP,34,17,10,720.0,7200.0
2018-12-12,2018121201002008,NADEP,34,52,10,720.0,7200.0
2018-12-12,2018121201001950,NADEP,44,44,10,719.0,7190.0
2018-12-12,2018121201001941,NADEP,44,44,10,719.0,7190.0
2018-12-12,2018121201002262,NBB,42,52,182,193.0,35126.0
2018-12-12,2018121201002130,NBB,42,51,100,193.0,19300.0
2018-12-12,2018121201002088,NBB,42,58,16,193.0,3088.0
2018-12-12,2018121201001959,NBB,11,58,100,193.0,19300.0
2018-12-12,2018121201001936,NBB,32,58,100,193.0,19300.0
2018-12-12,2018121201001958,NBBL,34,21,17,686.0,11662.0
2018-12-12,2018121201001957,NBBL,58,21,50,686.0,34300.0
2018-12-12,2018121201001956,NBBL,48,21,50,686.0,34300.0
2018-12-12,2018121201001955,NBBL,6,21,100,697.0,69700.0
2018-12-12,2018121201001954,NBBL,14,21,10,699.0,6990.0
2018-12-12,2018121201001953,NBBL,22,21,20,700.0,14000.0
2018-12-12,2018121201001952,NBBL,51,21,50,700.0,35000.0
2018-12-12,2018121201001951,NBBL,42,21,20,700.0,14000.0
2018-12-12,2018121201002267,NBL,49,21,263,296.0,77848.0
2018-12-12,2018121201002266,NBL,50,21,120,296.0,35520.0
2018-12-12,2018121201002208,NBL,10,38,200,297.0,59400.0
2018-12-12,2018121201002177,NBL,50,59,80,296.0,23680.0
2018-12-12,2018121201002176,NBL,26,59,420,296.0,124320.0
2018-12-12,2018121201001935,NBL,26,46,200,296.0,59200.0
2018-12-12,2018121201001934,NBL,26,56,1880,296.0,556480.0
2018-12-12,2018121201001906,NBL,22,55,100,295.0,29500.0
2018-12-12,2018121201001846,NBL,32,56,100,296.0,29600.0
2018-12-12,2018121201002288,NCCB,44,52,25,203.0,5075.0
2018-12-12,2018121201002287,NCCB,26,41,160,204.0,32640.0
2018-12-12,2018121201002251,NCCB,44,21,200,203.0,40600.0
2018-12-12,2018121201002241,NCCB,44,21,250,203.0,50750.0
2018-12-12,2018121201002198,NCCB,44,1,75,203.0,15225.0
2018-12-12,2018121201002179,NCCB,44,8,223,203.0,45269.0
2018-12-12,2018121201001982,NCCB,19,33,100,203.0,20300.0
2018-12-12,2018121201001942,NCCB,32,33,100,204.0,20400.0
2018-12-12,2018121201001882,NCCB,58,55,100,203.0,20300.0
2018-12-12,2018121201001881,NCCB,42,55,50,203.0,10150.0
2018-12-12,2018121201001880,NCCB,37,55,500,203.0,101500.0
2018-12-12,2018121201002178,NCCB,38,8,827,203.0,167881.0
2018-12-12,2018121201002128,NCCB,38,58,100,203.0,20300.0
2018-12-12,2018121201001986,NCCB,38,33,73,203.0,14819.0
2018-12-12,2018121201001985,NCCB,26,33,800,203.0,162400.0
2018-12-12,2018121201001984,NCCB,41,33,200,203.0,40600.0
2018-12-12,2018121201001983,NCCB,25,33,200,203.0,40600.0
2018-12-12,2018121201002029,NCDB,41,45,34,120.0,4080.0
2018-12-12,2018121201002200,NEF,22,45,241,7.92,1908.72
2018-12-12,2018121201002055,NEF,22,45,141,7.92,1116.72
2018-12-12,2018121201002041,NEF,49,45,241,7.91,1906.31
2018-12-12,2018121201001838,NHPC,57,53,250,71.0,17750.0
2018-12-12,2018121201001837,NHPC,57,37,250,71.0,17750.0
2018-12-12,2018121201002297,NIB,26,44,33,650.0,21450.0
2018-12-12,2018121201002296,NIB,26,49,67,650.0,43550.0
2018-12-12,2018121201002271,NIB,37,37,35,649.0,22715.0
2018-12-12,2018121201002253,NIB,42,49,100,650.0,65000.0
2018-12-12,2018121201002245,NIB,37,37,37,649.0,24013.0
2018-12-12,2018121201002169,NIB,51,49,42,650.0,27300.0
2018-12-12,2018121201001948,NIB,54,49,20,650.0,13000.0
2018-12-12,2018121201001944,NIB,11,49,50,650.0,32500.0
2018-12-12,2018121201001931,NIB,39,44,50,649.0,32450.0
2018-12-12,2018121201001908,NIB,26,49,1300,650.0,845000.0
2018-12-12,2018121201002074,NIB,37,45,100,649.0,64900.0
2018-12-12,2018121201002069,NIB,37,45,19,649.0,12331.0
2018-12-12,2018121201002067,NIB,4,49,100,650.0,65000.0
2018-12-12,2018121201002007,NIB,37,47,122,649.0,79178.0
2018-12-12,2018121201002006,NIB,39,47,28,649.0,18172.0
2018-12-12,2018121201002160,NIB,37,26,37,649.0,24013.0
2018-12-12,2018121201002120,NIB,37,45,14,649.0,9086.0
2018-12-12,2018121201002114,NIB,26,49,37,650.0,24050.0
2018-12-12,2018121201002110,NIB,33,49,200,650.0,130000.0
2018-12-12,2018121201002094,NIB,4,49,100,650.0,65000.0
2018-12-12,2018121201002083,NIB,16,49,100,650.0,65000.0
2018-12-12,2018121201002125,NIBLPF,19,45,354,7.11,2516.94
2018-12-12,2018121201002047,NIBLPF,19,45,404,7.11,2872.44
2018-12-12,2018121201002151,NIBPO,22,40,100,580.0,58000.0
2018-12-12,2018121201002150,NIBPO,34,40,400,581.0,232400.0
2018-12-12,2018121201002077,NIBPO,34,45,100,581.0,58100.0
2018-12-12,2018121201002118,NIBSF1,11,45,300,9.0,2700.0
2018-12-12,2018121201002098,NIBSF1,11,45,300,9.0,2700.0
2018-12-12,2018121201002000,NIBSF1,11,45,300,9.0,2700.0
2018-12-12,2018121201002274,NICA,45,39,13,372.0,4836.0
2018-12-12,2018121201002273,NICA,21,39,200,372.0,74400.0
2018-12-12,2018121201002272,NICA,44,39,287,372.0,106764.0
2018-12-12,2018121201002044,NICA,44,8,670,372.0,249240.0
2018-12-12,2018121201002043,NICA,54,8,50,373.0,18650.0
2018-12-12,2018121201002042,NICA,5,8,60,373.0,22380.0
2018-12-12,2018121201001901,NICA,5,47,140,373.0,52220.0
2018-12-12,2018121201001900,NICA,17,47,100,373.0,37300.0
2018-12-12,2018121201002093,NICGF,22,45,500,8.95,4475.0
2018-12-12,2018121201001836,NICGF,22,45,500,9.1,4550.0
2018-12-12,2018121201002065,NIL,8,34,50,438.0,21900.0
2018-12-12,2018121201002026,NIL,11,47,165,434.0,71610.0
2018-12-12,2018121201002250,NLBBL,43,19,50,494.0,24700.0
2018-12-12,2018121201002249,NLBBL,48,19,200,495.0,99000.0
2018-12-12,2018121201002174,NLBBL,42,45,168,497.0,83496.0
2018-12-12,2018121201001878,NLBBL,29,47,200,495.0,99000.0
2018-12-12,2018121201001877,NLBBL,17,47,10,495.0,4950.0
2018-12-12,2018121201002159,NLG,42,45,25,760.0,19000.0
2018-12-12,2018121201002332,NLIC,26,21,17,926.0,15742.0
2018-12-12,2018121201002085,NLIC,10,16,30,927.0,27810.0
2018-12-12,2018121201002039,NLIC,10,16,28,927.0,25956.0
2018-12-12,2018121201001998,NLIC,34,13,50,925.0,46250.0
2018-12-12,2018121201001961,NLIC,34,47,184,925.0,170200.0
2018-12-12,2018121201002207,NLICL,22,32,50,618.0,30900.0
2018-12-12,2018121201002243,NMB,6,54,11,362.0,3982.0
2018-12-12,2018121201002225,NMB,43,8,800,363.0,290400.0
2018-12-12,2018121201002187,NMB,43,6,500,363.0,181500.0
2018-12-12,2018121201002186,NMB,4,6,100,363.0,36300.0
2018-12-12,2018121201002185,NMB,33,6,100,363.0,36300.0
2018-12-12,2018121201002184,NMB,33,6,200,363.0,72600.0
2018-12-12,2018121201001922,NMB,43,49,928,363.0,336864.0
2018-12-12,2018121201001921,NMB,43,40,72,363.0,26136.0
2018-12-12,2018121201001919,NMB,46,40,30,363.0,10890.0
2018-12-12,2018121201001865,NMB,1,40,98,363.0,35574.0
2018-12-12,2018121201001864,NMB,1,49,12,363.0,4356.0
2018-12-12,2018121201001844,NMB,32,49,100,363.0,36300.0
2018-12-12,2018121201002070,NMB,11,49,1000,363.0,363000.0
2018-12-12,2018121201002066,NMB,5,49,20,363.0,7260.0
2018-12-12,2018121201002062,NMB,43,49,28,363.0,10164.0
2018-12-12,2018121201002061,NMB,43,49,472,363.0,171336.0
2018-12-12,2018121201002017,NMB,26,49,100,363.0,36300.0
2018-12-12,2018121201001928,NMB,43,49,500,363.0,181500.0
2018-12-12,2018121201002183,NMB,34,6,330,363.0,119790.0
2018-12-12,2018121201002175,NMB,34,36,300,363.0,108900.0
2018-12-12,2018121201002167,NMB,34,21,50,363.0,18150.0
2018-12-12,2018121201002141,NMB,34,56,2000,363.0,726000.0
2018-12-12,2018121201002087,NMB,34,13,368,363.0,133584.0
2018-12-12,2018121201002086,NMB,34,49,952,363.0,345576.0
2018-12-12,2018121201002323,NMBMF,18,47,50,1001.0,50050.0
2018-12-12,2018121201002322,NMBMF,43,47,10,1005.0,10050.0
2018-12-12,2018121201002321,NMBMF,38,47,10,1010.0,10100.0
2018-12-12,2018121201002103,NTC,51,16,10,769.0,7690.0
2018-12-12,2018121201001943,NTC,59,44,15,771.0,11565.0
2018-12-12,2018121201001884,NTC,59,45,50,771.0,38550.0
2018-12-12,2018121201001883,NTC,59,55,100,771.0,77100.0
2018-12-12,2018121201002314,PCBL,49,50,100,317.0,31700.0
2018-12-12,2018121201002197,PCBL,16,46,10,318.0,3180.0
2018-12-12,2018121201002196,PCBL,49,16,1930,317.0,611810.0
2018-12-12,2018121201002092,PCBL,32,16,50,317.0,15850.0
2018-12-12,2018121201002004,PCBL,58,16,20,317.0,6340.0
2018-12-12,2018121201002123,PFL,17,36,24,132.0,3168.0
2018-12-12,2018121201002063,PFL,13,45,37,131.0,4847.0
2018-12-12,2018121201001853,PFL,13,45,37,131.0,4847.0
2018-12-12,2018121201002331,PIC,5,37,122,885.0,107970.0
2018-12-12,2018121201002330,PIC,7,37,11,885.0,9735.0
2018-12-12,2018121201002329,PIC,50,37,39,886.0,34554.0
2018-12-12,2018121201002328,PIC,51,37,28,886.0,24808.0
2018-12-12,2018121201002221,PIC,51,14,11,886.0,9746.0
2018-12-12,2018121201002211,PIC,51,14,11,886.0,9746.0
2018-12-12,2018121201001843,PIC,59,50,100,890.0,89000.0
2018-12-12,2018121201002081,PLIC,32,52,10,403.0,4030.0
2018-12-12,2018121201002080,PLIC,22,52,50,403.0,20150.0
2018-12-12,2018121201002260,PMHPL,32,14,10,120.0,1200.0
2018-12-12,2018121201002228,PMHPL,32,14,10,120.0,1200.0
2018-12-12,2018121201002213,PMHPL,32,14,10,120.0,1200.0
2018-12-12,2018121201001999,PMHPL,21,47,10,119.0,1190.0
2018-12-12,2018121201002100,PRIN,25,52,23,398.0,9154.0
2018-12-12,2018121201001916,PRIN,33,32,100,400.0,40000.0
2018-12-12,2018121201001898,PRIN,32,34,80,400.0,32000.0
2018-12-12,2018121201001897,PRIN,32,44,20,399.0,7980.0
2018-12-12,2018121201001861,PRIN,42,44,60,399.0,23940.0
2018-12-12,2018121201002252,PRVU,25,54,20,244.0,4880.0
2018-12-12,2018121201002232,PRVU,6,48,100,245.0,24500.0
2018-12-12,2018121201002224,PRVU,25,8,300,244.0,73200.0
2018-12-12,2018121201002223,PRVU,53,8,100,244.0,24400.0
2018-12-12,2018121201002222,PRVU,33,8,100,244.0,24400.0
2018-12-12,2018121201001851,PRVU,29,47,100,246.0,24600.0
2018-12-12,2018121201001850,PRVU,29,43,58,246.0,14268.0
2018-12-12,2018121201001974,PRVU,56,28,100,245.0,24500.0
2018-12-12,2018121201001973,PRVU,29,28,150,245.0,36750.0
2018-12-12,2018121201001972,PRVU,32,28,100,245.0,24500.0
2018-12-12,2018121201001971,PRVU,46,28,310,245.0,75950.0
2018-12-12,2018121201001868,PRVU,32,17,100,246.0,24600.0
2018-12-12,2018121201001852,PRVU,29,17,142,246.0,34932.0
2018-12-12,2018121201002019,PRVU,25,17,200,246.0,49200.0
2018-12-12,2018121201002010,PRVU,11,17,300,246.0,73800.0
2018-12-12,2018121201001976,PRVU,47,28,140,245.0,34300.0
2018-12-12,2018121201001975,PRVU,25,28,200,245.0,49000.0
2018-12-12,2018121201002162,PRVU,51,48,60,245.0,14700.0
2018-12-12,2018121201002138,PRVU,46,48,500,245.0,122500.0
2018-12-12,2018121201002137,PRVU,47,48,160,245.0,39200.0
2018-12-12,2018121201002158,RBCL,54,6,10,9050.0,90500.0
2018-12-12,2018121201002046,RBCL,59,42,80,9000.0,720000.0
2018-12-12,2018121201001995,RHPC,29,45,30,100.0,3000.0
2018-12-12,2018121201001994,RHPC,57,45,82,100.0,8200.0
2018-12-12,2018121201001940,RHPC,57,43,18,100.0,1800.0
2018-12-12,2018121201002117,RLFL,1,45,20,117.0,2340.0
2018-12-12,2018121201002060,RLFL,1,45,20,117.0,2340.0
2018-12-12,2018121201001967,RLFL,1,45,120,117.0,14040.0
2018-12-12,2018121201002261,RMDC,5,21,26,560.0,14560.0
2018-12-12,2018121201002259,RMDC,13,35,50,557.0,27850.0
2018-12-12,2018121201002258,RMDC,6,35,20,557.0,11140.0
2018-12-12,2018121201001849,RMDC,22,35,100,558.0,55800.0
2018-12-12,2018121201002282,RRHP,48,37,10,107.0,1070.0
2018-12-12,2018121201002268,RRHP,48,14,10,107.0,1070.0
2018-12-12,2018121201001845,RSDC,17,17,57,379.0,21603.0
2018-12-12,2018121201002104,SADBL,59,45,173,139.0,24047.0
2018-12-12,2018121201002022,SADBL,59,45,173,139.0,24047.0
2018-12-12,2018121201001867,SADBL,59,45,306,139.0,42534.0
2018-12-12,2018121201001866,SADBL,14,45,100,139.0,13900.0
2018-12-12,2018121201002116,SAEF,57,45,1200,8.7,10440.0
2018-12-12,2018121201002057,SAEF,57,45,1100,8.7,9570.0
2018-12-12,2018121201001915,SAEF,16,44,1500,8.69,13035.0
2018-12-12,2018121201001858,SAEF,16,45,630,8.69,5474.7
2018-12-12,2018121201002202,SANIMA,16,37,10,301.0,3010.0
2018-12-12,2018121201002021,SANIMA,17,37,100,301.0,30100.0
2018-12-12,2018121201002020,SANIMA,41,37,78,301.0,23478.0
2018-12-12,2018121201001918,SANIMA,41,47,72,301.0,21672.0
2018-12-12,2018121201001917,SANIMA,57,47,58,301.0,17458.0
2018-12-12,2018121201002299,SBI,14,41,30,400.0,12000.0
2018-12-12,2018121201002165,SBI,32,41,11,400.0,4400.0
2018-12-12,2018121201002164,SBI,32,17,39,400.0,15600.0
2018-12-12,2018121201002099,SBI,35,17,30,400.0,12000.0
2018-12-12,2018121201001879,SBI,42,17,70,400.0,28000.0
2018-12-12,2018121201002194,SBL,35,58,10,302.0,3020.0
2018-12-12,2018121201002193,SBL,21,58,50,302.0,15100.0
2018-12-12,2018121201001927,SBL,25,47,106,301.0,31906.0
2018-12-12,2018121201001926,SBL,33,47,100,301.0,30100.0
2018-12-12,2018121201001925,SBL,42,47,70,301.0,21070.0
2018-12-12,2018121201001924,SBL,21,47,20,301.0,6020.0
2018-12-12,2018121201001923,SBL,32,47,100,302.0,30200.0
2018-12-12,2018121201002333,SCB,33,43,80,611.0,48880.0
2018-12-12,2018121201002298,SCB,13,36,80,610.0,48800.0
2018-12-12,2018121201002255,SCB,58,54,20,609.0,12180.0
2018-12-12,2018121201002248,SCB,58,36,20,610.0,12200.0
2018-12-12,2018121201001862,SCB,32,49,76,608.0,46208.0
2018-12-12,2018121201001993,SCB,40,53,60,613.0,36780.0
2018-12-12,2018121201001920,SCB,13,25,1000,610.0,610000.0
2018-12-12,2018121201002235,SCB,58,53,30,610.0,18300.0
2018-12-12,2018121201002192,SCB,22,53,90,610.0,54900.0
2018-12-12,2018121201002166,SCB,26,53,20,610.0,12200.0
2018-12-12,2018121201002059,SCB,26,7,100,610.0,61000.0
2018-12-12,2018121201001905,SDESI,8,34,32,575.0,18400.0
2018-12-12,2018121201001904,SDESI,19,34,50,576.0,28800.0
2018-12-12,2018121201001903,SDESI,8,34,17,576.0,9792.0
2018-12-12,2018121201001870,SDESI,8,19,13,576.0,7488.0
2018-12-12,2018121201001869,SDESI,35,19,17,576.0,9792.0
2018-12-12,2018121201002168,SEF,39,45,500,8.69,4345.0
2018-12-12,2018121201002325,SFFIL,55,32,200,249.0,49800.0
2018-12-12,2018121201001929,SHINE,51,57,10,245.0,2450.0
2018-12-12,2018121201001907,SHINE,7,51,10,244.0,2440.0
2018-12-12,2018121201002115,SHL,36,22,300,206.0,61800.0
2018-12-12,2018121201002090,SHL,52,22,200,206.0,41200.0
2018-12-12,2018121201001939,SICL,4,47,20,773.0,15460.0
2018-12-12,2018121201001938,SICL,32,47,50,774.0,38700.0
2018-12-12,2018121201001937,SICL,16,47,30,774.0,23220.0
2018-12-12,2018121201002285,SKBBL,34,56,49,1000.0,49000.0
2018-12-12,2018121201002284,SKBBL,16,56,20,1000.0,20000.0
2018-12-12,2018121201002283,SKBBL,34,56,140,1000.0,140000.0
2018-12-12,2018121201002281,SKBBL,5,32,75,1005.0,75375.0
2018-12-12,2018121201002122,SKBBL,34,7,100,1000.0,100000.0
2018-12-12,2018121201002119,SKBBL,5,32,25,1005.0,25125.0
2018-12-12,2018121201001977,SKBBL,34,45,110,1000.0,110000.0
2018-12-12,2018121201001860,SKBBL,34,47,21,1000.0,21000.0
2018-12-12,2018121201002097,SLBBL,38,6,70,530.0,37100.0
2018-12-12,2018121201002030,SLBBL,38,13,200,530.0,106000.0
2018-12-12,2018121201001933,SMATA,18,55,12,1000.0,12000.0
2018-12-12,2018121201002295,SMB,57,37,10,580.0,5800.0
2018-12-12,2018121201002312,SMFDB,53,57,500,726.0,363000.0
2018-12-12,2018121201002311,SMFDB,19,57,17,730.0,12410.0
2018-12-12,2018121201002149,SMFDB,39,47,103,735.0,75705.0
2018-12-12,2018121201002108,SMFDB,1,45,19,731.0,13889.0
2018-12-12,2018121201002147,SPDL,26,26,15,97.0,1455.0
2018-12-12,2018121201001945,SPDL,49,47,15,95.0,1425.0
2018-12-12,2018121201001876,SRBL,57,45,18,216.0,3888.0
2018-12-12,2018121201001875,SRBL,25,45,131,216.0,28296.0
2018-12-12,2018121201002242,SWBBL,22,21,200,1000.0,200000.0
2018-12-12,2018121201002234,SWBBL,58,6,106,990.0,104940.0
2018-12-12,2018121201002219,SWBBL,25,6,20,990.0,19800.0
2018-12-12,2018121201002218,SWBBL,14,6,300,991.0,297300.0
2018-12-12,2018121201001871,VLBS,13,42,38,710.0,26980.0
2018-12-12,2018121201001848,VLBS,13,43,12,710.0,8520.0
2018-12-12,2018121201001189,ADBL,45,6,50,338.0,16900.0
2018-12-12,2018121201001187,ADBL,45,6,50,338.0,16900.0
2018-12-12,2018121201001222,AHPC,16,55,242,109.0,26378.0
2018-12-12,2018121201001214,AHPC,58,16,242,108.0,26136.0
2018-12-12,2018121201001127,AHPC,35,32,150,109.0,16350.0
2018-12-12,2018121201000923,AHPC,58,19,50,108.0,5400.0
2018-12-12,2018121201000936,AKPL,36,19,22,191.0,4202.0
2018-12-12,2018121201001313,ALICL,43,41,12,478.0,5736.0
2018-12-12,2018121201001309,ALICL,10,48,100,470.0,47000.0
2018-12-12,2018121201001273,ALICL,17,4,50,470.0,23500.0
2018-12-12,2018121201001065,ALICL,16,4,50,470.0,23500.0
2018-12-12,2018121201001253,AMFI,26,55,10,595.0,5950.0
2018-12-12,2018121201000963,AMFI,41,55,10,605.0,6050.0
2018-12-12,2018121201000850,AMFI,41,43,10,605.0,6050.0
2018-12-12,2018121201000945,API,11,19,22,147.0,3234.0
2018-12-12,2018121201000944,BARUN,39,41,10,116.0,1160.0
2018-12-12,2018121201000943,BARUN,39,41,10,116.0,1160.0
2018-12-12,2018121201001263,BNT,34,34,1000,6575.0,6575000.0
2018-12-12,2018121201001320,BOKL,45,21,128,305.0,39040.0
2018-12-12,2018121201001282,BOKL,51,57,10,306.0,3060.0
2018-12-12,2018121201000916,BOKL,25,57,500,306.0,153000.0
2018-12-12,2018121201000915,BOKL,52,57,100,306.0,30600.0
2018-12-12,2018121201000914,BOKL,52,57,150,306.0,45900.0
2018-12-12,2018121201001272,CBBL,56,44,100,830.0,83000.0
2018-12-12,2018121201001226,CBBL,40,44,500,830.0,415000.0
2018-12-12,2018121201001225,CBBL,40,35,100,830.0,83000.0
2018-12-12,2018121201001060,CBBL,32,45,23,830.0,19090.0
2018-12-12,2018121201001059,CBBL,32,44,200,830.0,166000.0
2018-12-12,2018121201001304,CBL,10,51,140,158.0,22120.0
2018-12-12,2018121201001303,CBL,10,51,60,158.0,9480.0
2018-12-12,2018121201001267,CBL,44,43,500,157.0,78500.0
2018-12-12,2018121201001203,CBL,16,51,67,158.0,10586.0
2018-12-12,2018121201001202,CBL,16,51,24,158.0,3792.0
2018-12-12,2018121201001199,CBL,44,16,91,157.0,14287.0
2018-12-12,2018121201000950,CBL,39,57,300,157.0,47100.0
2018-12-12,2018121201000924,CBL,34,57,605,157.0,94985.0
2018-12-12,2018121201000917,CBL,34,8,100,157.0,15700.0
2018-12-12,2018121201000885,CBL,34,42,134,157.0,21038.0
2018-12-12,2018121201000874,CBL,34,53,72,157.0,11304.0
2018-12-12,2018121201000858,CBL,16,59,10,158.0,1580.0
2018-12-12,2018121201000997,CBL,46,43,250,156.0,39000.0
2018-12-12,2018121201000996,CBL,57,43,600,156.0,93600.0
2018-12-12,2018121201000995,CBL,6,43,200,156.0,31200.0
2018-12-12,2018121201000994,CBL,45,43,100,156.0,15600.0
2018-12-12,2018121201000956,CBL,45,19,100,156.0,15600.0
2018-12-12,2018121201000955,CBL,54,19,100,156.0,15600.0
2018-12-12,2018121201001115,CBL,58,43,2000,156.0,312000.0
2018-12-12,2018121201001105,CBL,58,43,1900,156.0,296400.0
2018-12-12,2018121201001104,CBL,21,43,50,156.0,7800.0
2018-12-12,2018121201001103,CBL,52,43,50,156.0,7800.0
2018-12-12,2018121201000999,CBL,52,43,450,156.0,70200.0
2018-12-12,2018121201000998,CBL,58,43,1000,156.0,156000.0
2018-12-12,2018121201001186,CBL,45,51,56,158.0,8848.0
2018-12-12,2018121201001185,CBL,45,51,100,158.0,15800.0
2018-12-12,2018121201001184,CBL,45,59,44,158.0,6952.0
2018-12-12,2018121201001173,CBL,44,57,1426,157.0,223882.0
2018-12-12,2018121201001170,CBL,4,57,5000,157.0,785000.0
2018-12-12,2018121201001131,CBL,58,22,49,156.0,7644.0
2018-12-12,2018121201000976,CCBL,45,19,40,172.0,6880.0
2018-12-12,2018121201000975,CCBL,17,19,10,172.0,1720.0
2018-12-12,2018121201000844,CCBL,18,36,20,173.0,3460.0
2018-12-12,2018121201000862,CFCL,16,21,10,116.0,1160.0
2018-12-12,2018121201001316,CHCL,19,45,300,648.0,194400.0
2018-12-12,2018121201001298,CHCL,41,49,26,650.0,16900.0
2018-12-12,2018121201001228,CHCL,47,34,500,648.0,324000.0
2018-12-12,2018121201001071,CHCL,42,17,45,648.0,29160.0
2018-12-12,2018121201001061,CHCL,33,17,100,648.0,64800.0
2018-12-12,2018121201001058,CHCL,50,17,30,648.0,19440.0
2018-12-12,2018121201001038,CHCL,1,40,250,649.0,162250.0
2018-12-12,2018121201001030,CHCL,36,56,285,648.0,184680.0
2018-12-12,2018121201000974,CHCL,19,40,150,649.0,97350.0
2018-12-12,2018121201000973,CHCL,19,59,50,649.0,32450.0
2018-12-12,2018121201000964,CHCL,36,13,100,648.0,64800.0
2018-12-12,2018121201001044,CHCL,1,49,53,650.0,34450.0
2018-12-12,2018121201001043,CHCL,1,16,200,650.0,130000.0
2018-12-12,2018121201001042,CHCL,1,34,78,650.0,50700.0
2018-12-12,2018121201001041,CHCL,1,52,100,649.0,64900.0
2018-12-12,2018121201001040,CHCL,1,41,100,649.0,64900.0
2018-12-12,2018121201001039,CHCL,1,40,12,649.0,7788.0
2018-12-12,2018121201001057,CHCL,29,17,40,648.0,25920.0
2018-12-12,2018121201001056,CHCL,36,17,285,648.0,184680.0
2018-12-12,2018121201001055,CHCL,42,19,180,652.0,117360.0
2018-12-12,2018121201001054,CHCL,42,48,173,652.0,112796.0
2018-12-12,2018121201001046,CHCL,1,46,196,650.0,127400.0
2018-12-12,2018121201001045,CHCL,1,13,11,650.0,7150.0
2018-12-12,2018121201001321,CZBIL,32,43,29,214.0,6206.0
2018-12-12,2018121201001318,CZBIL,59,32,29,213.0,6177.0
2018-12-12,2018121201001287,CZBIL,59,20,76,213.0,16188.0
2018-12-12,2018121201001250,CZBIL,59,42,10,213.0,2130.0
2018-12-12,2018121201001216,CZBIL,59,21,50,213.0,10650.0
2018-12-12,2018121201001215,CZBIL,59,56,300,213.0,63900.0
2018-12-12,2018121201000965,CZBIL,17,45,250,212.0,53000.0
2018-12-12,2018121201000941,CZBIL,26,45,417,212.0,88404.0
2018-12-12,2018121201000933,CZBIL,26,56,283,212.0,59996.0
2018-12-12,2018121201000932,CZBIL,26,52,300,212.0,63600.0
2018-12-12,2018121201000848,CZBIL,28,35,110,212.0,23320.0
2018-12-12,2018121201000847,CZBIL,28,43,50,212.0,10600.0
2018-12-12,2018121201001088,CZBIL,49,43,10,213.0,2130.0
2018-12-12,2018121201001053,CZBIL,57,51,1119,212.0,237228.0
2018-12-12,2018121201001035,CZBIL,41,5,16,211.0,3376.0
2018-12-12,2018121201001034,CZBIL,19,5,284,211.0,59924.0
2018-12-12,2018121201001013,CZBIL,58,51,67,212.0,14204.0
2018-12-12,2018121201001012,CZBIL,58,45,933,212.0,197796.0
2018-12-12,2018121201001099,CZBIL,28,56,200,213.0,42600.0
2018-12-12,2018121201001093,CZBIL,49,22,157,213.0,33441.0
2018-12-12,2018121201001092,CZBIL,49,22,200,213.0,42600.0
2018-12-12,2018121201001091,CZBIL,49,40,100,213.0,21300.0
2018-12-12,2018121201001090,CZBIL,49,43,500,213.0,106500.0
2018-12-12,2018121201001089,CZBIL,49,13,200,213.0,42600.0
2018-12-12,2018121201001191,CZBIL,57,19,500,212.0,106000.0
2018-12-12,2018121201001166,CZBIL,57,19,59,212.0,12508.0
2018-12-12,2018121201001165,CZBIL,57,19,581,212.0,123172.0
2018-12-12,2018121201001156,CZBIL,57,17,500,212.0,106000.0
2018-12-12,2018121201001148,CZBIL,57,1,300,212.0,63600.0
2018-12-12,2018121201001128,CZBIL,57,17,500,212.0,106000.0
2018-12-12,2018121201001230,DBBL,38,52,89,128.0,11392.0
2018-12-12,2018121201001143,DBBL,51,13,200,126.0,25200.0
2018-12-12,2018121201001142,DBBL,51,50,67,126.0,8442.0
2018-12-12,2018121201001330,EBL,42,45,30,520.0,15600.0
2018-12-12,2018121201001292,EBL,40,34,492,519.0,255348.0
2018-12-12,2018121201001291,EBL,40,53,100,519.0,51900.0
2018-12-12,2018121201001290,EBL,40,6,393,519.0,203967.0
2018-12-12,2018121201001289,EBL,40,6,265,519.0,137535.0
2018-12-12,2018121201001288,EBL,40,19,350,519.0,181650.0
2018-12-12,2018121201000940,EBL,50,14,99,518.0,51282.0
2018-12-12,2018121201000939,EBL,45,14,100,518.0,51800.0
2018-12-12,2018121201000926,EBL,45,22,100,518.0,51800.0
2018-12-12,2018121201000849,EBL,20,19,100,519.0,51900.0
2018-12-12,2018121201001008,EBL,40,5,200,517.0,103400.0
2018-12-12,2018121201001007,EBL,17,5,100,518.0,51800.0
2018-12-12,2018121201000992,EBL,17,19,100,519.0,51900.0
2018-12-12,2018121201001281,EBL,46,49,150,518.0,77700.0
2018-12-12,2018121201001280,EBL,46,34,28,518.0,14504.0
2018-12-12,2018121201001240,EBL,40,42,100,517.0,51700.0
2018-12-12,2018121201001152,EBL,22,34,100,518.0,51800.0
2018-12-12,2018121201001100,EBL,32,34,100,518.0,51800.0
2018-12-12,2018121201001037,EBL,42,19,500,519.0,259500.0
2018-12-12,2018121201001138,EIC,55,48,30,735.0,22050.0
2018-12-12,2018121201001249,FMDBL,13,34,150,332.0,49800.0
2018-12-12,2018121201000968,FMDBL,13,19,21,332.0,6972.0
2018-12-12,2018121201001079,FOWAD,22,6,20,1690.0,33800.0
2018-12-12,2018121201001097,GBIME,11,4,823,315.0,259245.0
2018-12-12,2018121201001096,GBIME,45,4,100,315.0,31500.0
2018-12-12,2018121201001095,GBIME,42,4,50,315.0,15750.0
2018-12-12,2018121201001094,GBIME,42,4,27,315.0,8505.0
2018-12-12,2018121201000953,GBIME,42,45,30,315.0,9450.0
2018-12-12,2018121201000891,GBIME,42,42,383,315.0,120645.0
2018-12-12,2018121201001296,GBLBS,42,40,10,400.0,4000.0
2018-12-12,2018121201001331,GDBL,35,21,239,193.0,46127.0
2018-12-12,2018121201001293,GILB,50,49,19,930.0,17670.0
2018-12-12,2018121201000861,GILB,44,52,113,933.0,105429.0
2018-12-12,2018121201000836,GILB,39,7,50,920.0,46000.0
2018-12-12,2018121201001062,GLICL,45,4,10,570.0,5700.0
2018-12-12,2018121201001286,GUFL,32,32,12,101.0,1212.0
2018-12-12,2018121201001153,HBL,26,39,100,509.0,50900.0
2018-12-12,2018121201001028,HBL,42,46,37,510.0,18870.0
2018-12-12,2018121201000918,HGI,14,59,234,360.0,84240.0
2018-12-12,2018121201000865,HGI,14,32,131,358.0,46898.0
2018-12-12,2018121201001231,HIDCL,36,35,174,146.0,25404.0
2018-12-12,2018121201001182,HIDCL,36,46,17,146.0,2482.0
2018-12-12,2018121201001080,HIDCL,36,17,56,146.0,8176.0
2018-12-12,2018121201000841,HIDCL,45,45,12,147.0,1764.0
2018-12-12,2018121201000840,HIDCL,45,45,56,147.0,8232.0
2018-12-12,2018121201000839,HIDCL,45,45,34,147.0,4998.0
2018-12-12,2018121201000838,HIDCL,45,50,44,147.0,6468.0
2018-12-12,2018121201001317,ICFC,39,48,200,153.0,30600.0
2018-12-12,2018121201001283,ICFC,49,48,100,153.0,15300.0
2018-12-12,2018121201001194,ICFC,49,48,1900,153.0,290700.0
2018-12-12,2018121201001193,ICFC,17,48,100,153.0,15300.0
2018-12-12,2018121201000986,IGI,13,52,100,412.0,41200.0
2018-12-12,2018121201000985,IGI,22,52,40,415.0,16600.0
2018-12-12,2018121201000984,IGI,6,52,50,418.0,20900.0
2018-12-12,2018121201000983,IGI,38,52,10,418.0,4180.0
2018-12-12,2018121201000892,IGI,42,51,100,420.0,42000.0
2018-12-12,2018121201001312,JBBL,49,19,11,134.0,1474.0
2018-12-12,2018121201001311,JBBL,58,19,37,135.0,4995.0
2018-12-12,2018121201001308,JBBL,17,19,10,136.0,1360.0
2018-12-12,2018121201001192,JBBL,21,25,100,138.0,13800.0
2018-12-12,2018121201001327,JBNL,40,41,266,175.0,46550.0
2018-12-12,2018121201001326,JBNL,40,16,734,175.0,128450.0
2018-12-12,2018121201001181,JBNL,45,16,200,175.0,35000.0
2018-12-12,2018121201001146,JBNL,7,22,114,174.0,19836.0
2018-12-12,2018121201001145,JBNL,7,42,572,174.0,99528.0
2018-12-12,2018121201001144,JBNL,7,19,116,174.0,20184.0
2018-12-12,2018121201000987,JBNL,57,19,34,174.0,5916.0
2018-12-12,2018121201000864,JBNL,16,16,10,175.0,1750.0
2018-12-12,2018121201001220,JEFL,16,22,10,98.0,980.0
2018-12-12,2018121201001219,JEFL,26,22,10,100.0,1000.0
2018-12-12,2018121201001009,JSLBB,57,49,12,2479.0,29748.0
2018-12-12,2018121201001023,KADBL,38,38,1278,175.0,223650.0
2018-12-12,2018121201001315,KBL,57,39,50,244.0,12200.0
2018-12-12,2018121201001027,KBL,8,8,302,244.0,73688.0
2018-12-12,2018121201000971,KKHC,34,49,6,96.0,576.0
2018-12-12,2018121201000921,KKHC,34,49,16,96.0,1536.0
2018-12-12,2018121201001003,KPCL,29,19,10,103.0,1030.0
2018-12-12,2018121201001236,KRBL,38,58,50,101.0,5050.0
2018-12-12,2018121201001155,KRBL,44,45,56,100.0,5600.0
2018-12-12,2018121201001154,KRBL,44,28,490,100.0,49000.0
2018-12-12,2018121201000912,KSBBL,13,33,90,136.0,12240.0
2018-12-12,2018121201000837,KSBBL,16,33,10,136.0,1360.0
2018-12-12,2018121201001006,LBBL,52,19,18,160.0,2880.0
2018-12-12,2018121201001325,LBL,41,13,90,218.0,19620.0
2018-12-12,2018121201001248,LBL,41,42,90,218.0,19620.0
2018-12-12,2018121201001247,LBL,34,42,10,218.0,2180.0
2018-12-12,2018121201001082,LBL,34,1,100,218.0,21800.0
2018-12-12,2018121201000842,LBL,16,13,10,221.0,2210.0
2018-12-12,2018121201001077,LGIL,54,29,200,436.0,87200.0
2018-12-12,2018121201001229,MBL,16,16,416,209.0,86944.0
2018-12-12,2018121201001132,MBL,32,34,800,209.0,167200.0
2018-12-12,2018121201001070,MBL,32,57,500,209.0,104500.0
2018-12-12,2018121201001329,MEGA,13,13,81,187.0,15147.0
2018-12-12,2018121201001254,MEGA,13,42,10,187.0,1870.0
2018-12-12,2018121201001190,MEGA,45,22,200,188.0,37600.0
2018-12-12,2018121201001015,MEGA,29,19,65,188.0,12220.0
2018-12-12,2018121201001014,MEGA,1,19,35,188.0,6580.0
2018-12-12,2018121201001300,MERO,50,21,13,930.0,12090.0
2018-12-12,2018121201000931,MERO,50,49,25,930.0,23250.0
2018-12-12,2018121201000930,MERO,26,49,10,931.0,9310.0
2018-12-12,2018121201000929,MERO,50,49,23,940.0,21620.0
2018-12-12,2018121201001310,MSLB,1,13,15,1225.0,18375.0
2018-12-12,2018121201001078,MSMBS,16,49,11,471.0,5181.0
2018-12-12,2018121201001011,MSMBS,16,49,11,471.0,5181.0
2018-12-12,2018121201000934,MSMBS,16,49,11,471.0,5181.0
2018-12-12,2018121201001224,NABIL,55,17,50,850.0,42500.0
2018-12-12,2018121201001139,NABIL,39,17,50,850.0,42500.0
2018-12-12,2018121201001109,NABIL,17,17,100,850.0,85000.0
2018-12-12,2018121201001108,NABIL,54,17,50,850.0,42500.0
2018-12-12,2018121201001107,NABIL,5,17,29,850.0,24650.0
2018-12-12,2018121201000911,NABIL,5,42,171,850.0,145350.0
2018-12-12,2018121201000910,NABIL,57,42,100,850.0,85000.0
2018-12-12,2018121201000909,NABIL,39,42,25,850.0,21250.0
2018-12-12,2018121201000908,NABIL,17,42,100,850.0,85000.0
2018-12-12,2018121201000907,NABIL,16,42,10,851.0,8510.0
2018-12-12,2018121201000906,NABIL,13,42,30,852.0,25560.0
2018-12-12,2018121201000982,NABILP,17,22,200,694.0,138800.0
2018-12-12,2018121201000981,NABILP,5,22,100,695.0,69500.0
2018-12-12,2018121201000980,NABILP,6,22,100,698.0,69800.0
2018-12-12,2018121201000888,NADEP,38,33,20,705.0,14100.0
2018-12-12,2018121201000887,NADEP,50,33,10,705.0,7050.0
2018-12-12,2018121201000886,NADEP,58,33,10,710.0,7100.0
2018-12-12,2018121201001111,NADEP,6,57,10,707.0,7070.0
2018-12-12,2018121201001106,NADEP,32,57,10,706.0,7060.0
2018-12-12,2018121201001101,NADEP,32,57,10,706.0,7060.0
2018-12-12,2018121201001334,NBB,48,14,196,191.0,37436.0
2018-12-12,2018121201001333,NBB,14,14,100,191.0,19100.0
2018-12-12,2018121201001322,NBB,29,17,34,192.0,6528.0
2018-12-12,2018121201001251,NBB,22,17,50,192.0,9600.0
2018-12-12,2018121201001086,NBB,56,17,200,192.0,38400.0
2018-12-12,2018121201000872,NBB,34,53,30,194.0,5820.0
2018-12-12,2018121201000871,NBB,19,53,50,194.0,9700.0
2018-12-12,2018121201001018,NBB,45,58,200,193.0,38600.0
2018-12-12,2018121201000947,NBB,41,14,28,194.0,5432.0
2018-12-12,2018121201000913,NBB,41,45,52,194.0,10088.0
2018-12-12,2018121201000893,NBB,41,19,100,194.0,19400.0
2018-12-12,2018121201000873,NBB,41,53,20,194.0,3880.0
2018-12-12,2018121201001085,NBB,17,17,600,192.0,115200.0
2018-12-12,2018121201001084,NBB,48,17,100,192.0,19200.0
2018-12-12,2018121201001022,NBB,54,58,100,193.0,19300.0
2018-12-12,2018121201001021,NBB,25,58,200,193.0,38600.0
2018-12-12,2018121201001020,NBB,14,58,100,193.0,19300.0
2018-12-12,2018121201001019,NBB,40,58,100,193.0,19300.0
2018-12-12,2018121201001335,NBL,59,59,302,296.0,89392.0
2018-12-12,2018121201001252,NBL,16,38,198,297.0,58806.0
2018-12-12,2018121201001246,NBL,59,33,198,296.0,58608.0
2018-12-12,2018121201001245,NBL,41,33,200,296.0,59200.0
2018-12-12,2018121201001244,NBL,44,33,102,296.0,30192.0
2018-12-12,2018121201001243,NBL,38,38,100,297.0,29700.0
2018-12-12,2018121201001242,NBL,44,16,198,296.0,58608.0
2018-12-12,2018121201001157,NBL,44,26,100,296.0,29600.0
2018-12-12,2018121201001141,NBL,14,38,3000,297.0,891000.0
2018-12-12,2018121201001130,NBL,22,38,100,297.0,29700.0
2018-12-12,2018121201001129,NBL,22,53,900,297.0,267300.0
2018-12-12,2018121201001323,NCCB,44,33,300,204.0,61200.0
2018-12-12,2018121201001306,NCCB,44,5,200,204.0,40800.0
2018-12-12,2018121201001305,NCCB,44,33,1000,204.0,204000.0
2018-12-12,2018121201000970,NCCB,38,28,480,203.0,97440.0
2018-12-12,2018121201000880,NCCB,38,42,40,203.0,8120.0
2018-12-12,2018121201000863,NCCB,17,33,1000,204.0,204000.0
2018-12-12,2018121201001180,NEF,21,10,3000,8.0,24000.0
2018-12-12,2018121201001314,NHPC,28,43,1000,70.0,70000.0
2018-12-12,2018121201001278,NIB,49,46,100,650.0,65000.0
2018-12-12,2018121201001277,NIB,49,44,834,650.0,542100.0
2018-12-12,2018121201001275,NIB,16,44,166,650.0,107900.0
2018-12-12,2018121201001274,NIB,16,45,14,650.0,9100.0
2018-12-12,2018121201001270,NIB,34,16,30,649.0,19470.0
2018-12-12,2018121201001269,NIB,58,16,50,649.0,32450.0
2018-12-12,2018121201000991,NIB,45,44,100,650.0,65000.0
2018-12-12,2018121201000990,NIB,17,44,200,650.0,130000.0
2018-12-12,2018121201000979,NIB,17,44,100,650.0,65000.0
2018-12-12,2018121201001049,NIB,43,25,18,650.0,11700.0
2018-12-12,2018121201001048,NIB,43,44,482,650.0,313300.0
2018-12-12,2018121201001033,NIB,45,44,100,650.0,65000.0
2018-12-12,2018121201001017,NIB,45,49,37,649.0,24013.0
2018-12-12,2018121201001004,NIB,45,40,37,649.0,24013.0
2018-12-12,2018121201000993,NIB,45,49,37,649.0,24013.0
2018-12-12,2018121201001136,NIB,41,13,11,650.0,7150.0
2018-12-12,2018121201001135,NIB,41,39,12,650.0,7800.0
2018-12-12,2018121201001134,NIB,41,25,113,650.0,73450.0
2018-12-12,2018121201001083,NIB,53,25,50,650.0,32500.0
2018-12-12,2018121201001081,NIB,45,49,37,649.0,24013.0
2018-12-12,2018121201001051,NIB,14,25,19,650.0,12350.0
2018-12-12,2018121201001206,NIB,58,54,98,649.0,63602.0
2018-12-12,2018121201001205,NIB,52,54,100,649.0,64900.0
2018-12-12,2018121201001204,NIB,45,54,152,649.0,98648.0
2018-12-12,2018121201001196,NIB,45,8,100,650.0,65000.0
2018-12-12,2018121201001179,NIB,45,46,23,649.0,14927.0
2018-12-12,2018121201001137,NIB,41,8,149,650.0,96850.0
2018-12-12,2018121201001268,NIB,35,16,100,649.0,64900.0
2018-12-12,2018121201001235,NIB,6,45,150,650.0,97500.0
2018-12-12,2018121201001234,NIB,6,8,100,650.0,65000.0
2018-12-12,2018121201001218,NIB,52,8,200,650.0,130000.0
2018-12-12,2018121201001210,NIB,45,8,200,650.0,130000.0
2018-12-12,2018121201001207,NIB,57,8,500,650.0,325000.0
2018-12-12,2018121201001160,NIBPO,45,53,50,580.0,29000.0
2018-12-12,2018121201001140,NIBPO,28,53,360,580.0,208800.0
2018-12-12,2018121201000868,NIBPO,28,53,640,580.0,371200.0
2018-12-12,2018121201001221,NICA,21,46,50,375.0,18750.0
2018-12-12,2018121201001195,NICA,42,52,100,374.0,37400.0
2018-12-12,2018121201001164,NICA,6,46,100,375.0,37500.0
2018-12-12,2018121201001163,NICA,17,46,100,375.0,37500.0
2018-12-12,2018121201001162,NICA,39,46,100,375.0,37500.0
2018-12-12,2018121201001161,NICA,14,46,43,375.0,16125.0
2018-12-12,2018121201001016,NICL,44,5,100,487.0,48700.0
2018-12-12,2018121201000883,NICL,45,51,100,492.0,49200.0
2018-12-12,2018121201001332,NIL,43,39,20,441.0,8820.0
2018-12-12,2018121201000978,NIL,6,14,63,435.0,27405.0
2018-12-12,2018121201000967,NIL,47,14,100,435.0,43500.0
2018-12-12,2018121201001172,NLBBL,36,58,100,495.0,49500.0
2018-12-12,2018121201001276,NLIC,10,42,10,923.0,9230.0
2018-12-12,2018121201001241,NLIC,57,42,25,923.0,23075.0
2018-12-12,2018121201001233,NLIC,41,42,100,923.0,92300.0
2018-12-12,2018121201001063,NLIC,34,54,599,924.0,553476.0
2018-12-12,2018121201001025,NLIC,29,49,17,921.0,15657.0
2018-12-12,2018121201000988,NLIC,42,48,81,923.0,74763.0
2018-12-12,2018121201000875,NLIC,16,32,50,923.0,46150.0
2018-12-12,2018121201000937,NLIC,42,49,19,923.0,17537.0
2018-12-12,2018121201000935,NLIC,17,54,100,924.0,92400.0
2018-12-12,2018121201000879,NLIC,34,32,119,920.0,109480.0
2018-12-12,2018121201000878,NLIC,28,32,200,921.0,184200.0
2018-12-12,2018121201000877,NLIC,37,32,24,921.0,22104.0
2018-12-12,2018121201000876,NLIC,34,32,500,922.0,461000.0
2018-12-12,2018121201001328,NMB,14,16,250,363.0,90750.0
2018-12-12,2018121201001271,NMB,16,16,100,363.0,36300.0
2018-12-12,2018121201001257,NMB,34,16,1280,363.0,464640.0
2018-12-12,2018121201001239,NMB,34,56,1000,363.0,363000.0
2018-12-12,2018121201001201,NMB,34,56,807,363.0,292941.0
2018-12-12,2018121201001198,NMB,19,56,300,363.0,108900.0
2018-12-12,2018121201000894,NMB,38,46,20,363.0,7260.0
2018-12-12,2018121201000867,NMB,40,33,1000,364.0,364000.0
2018-12-12,2018121201000900,NMB,53,46,115,363.0,41745.0
2018-12-12,2018121201000899,NMB,22,46,100,363.0,36300.0
2018-12-12,2018121201000898,NMB,13,46,100,363.0,36300.0
2018-12-12,2018121201000897,NMB,41,46,150,363.0,54450.0
2018-12-12,2018121201000896,NMB,17,46,200,363.0,72600.0
2018-12-12,2018121201000895,NMB,51,46,10,363.0,3630.0
2018-12-12,2018121201001029,NMB,34,49,1000,364.0,364000.0
2018-12-12,2018121201000952,NMB,40,16,136,363.0,49368.0
2018-12-12,2018121201000928,NMB,17,49,188,364.0,68432.0
2018-12-12,2018121201000927,NMB,17,33,12,364.0,4368.0
2018-12-12,2018121201000905,NMB,47,33,100,364.0,36400.0
2018-12-12,2018121201000901,NMB,40,46,305,363.0,110715.0
2018-12-12,2018121201001117,NMB,28,14,100,363.0,36300.0
2018-12-12,2018121201001116,NMB,40,14,221,363.0,80223.0
2018-12-12,2018121201001112,NMB,40,26,100,363.0,36300.0
2018-12-12,2018121201001064,NMB,40,14,23,363.0,8349.0
2018-12-12,2018121201001047,NMB,40,58,115,363.0,41745.0
2018-12-12,2018121201001031,NMB,40,48,100,363.0,36300.0
2018-12-12,2018121201001123,NMB,34,14,2000,363.0,726000.0
2018-12-12,2018121201001122,NMB,43,14,500,363.0,181500.0
2018-12-12,2018121201001121,NMB,43,14,500,363.0,181500.0
2018-12-12,2018121201001120,NMB,38,14,500,363.0,181500.0
2018-12-12,2018121201001119,NMB,43,14,500,363.0,181500.0
2018-12-12,2018121201001118,NMB,28,14,100,363.0,36300.0
2018-12-12,2018121201001169,NMB,45,46,50,363.0,18150.0
2018-12-12,2018121201001159,NMB,22,46,50,363.0,18150.0
2018-12-12,2018121201001150,NMB,43,46,471,363.0,170973.0
2018-12-12,2018121201001147,NMB,43,14,329,363.0,119427.0
2018-12-12,2018121201001126,NMB,29,14,150,363.0,54450.0
2018-12-12,2018121201001124,NMB,6,14,100,363.0,36300.0
2018-12-12,2018121201001197,NMB,17,56,186,363.0,67518.0
2018-12-12,2018121201001183,NMB,17,46,814,363.0,295482.0
2018-12-12,2018121201001176,NMB,6,46,120,362.0,43440.0
2018-12-12,2018121201001175,NMB,35,46,100,362.0,36200.0
2018-12-12,2018121201001174,NMB,38,46,10,362.0,3620.0
2018-12-12,2018121201001171,NMB,19,46,365,363.0,132495.0
2018-12-12,2018121201001133,NMBMF,43,19,10,1021.0,10210.0
2018-12-12,2018121201001217,NNLB,37,49,100,525.0,52500.0
2018-12-12,2018121201001324,NTC,10,45,300,770.0,231000.0
2018-12-12,2018121201000881,NTC,26,56,500,770.0,385000.0
2018-12-12,2018121201001232,PCBL,45,14,168,315.0,52920.0
2018-12-12,2018121201001076,PCBL,13,16,1000,315.0,315000.0
2018-12-12,2018121201001075,PCBL,41,16,1000,315.0,315000.0
2018-12-12,2018121201001074,PCBL,45,16,30,316.0,9480.0
2018-12-12,2018121201001073,PCBL,42,16,100,316.0,31600.0
2018-12-12,2018121201001072,PCBL,58,16,200,316.0,63200.0
2018-12-12,2018121201000972,PCBL,25,14,17,317.0,5389.0
2018-12-12,2018121201000957,PCBL,45,14,15,317.0,4755.0
2018-12-12,2018121201000922,PCBL,45,4,15,317.0,4755.0
2018-12-12,2018121201000860,PCBL,45,45,119,317.0,37723.0
2018-12-12,2018121201000859,PCBL,39,45,30,317.0,9510.0
2018-12-12,2018121201000846,PCBL,16,46,10,318.0,3180.0
2018-12-12,2018121201001069,PFL,13,42,311,132.0,41052.0
2018-12-12,2018121201000962,PFL,13,56,12,131.0,1572.0
2018-12-12,2018121201000961,PFL,8,56,25,132.0,3300.0
2018-12-12,2018121201000942,PIC,34,49,11,882.0,9702.0
2018-12-12,2018121201001307,PLIC,13,41,60,406.0,24360.0
2018-12-12,2018121201001211,PLIC,45,41,50,406.0,20300.0
2018-12-12,2018121201001052,PLIC,13,4,140,405.0,56700.0
2018-12-12,2018121201001264,PMHPL,29,42,10,117.0,1170.0
2018-12-12,2018121201001223,PMHPL,29,42,10,117.0,1170.0
2018-12-12,2018121201001125,PMHPL,29,19,10,117.0,1170.0
2018-12-12,2018121201001001,PMHPL,29,40,10,117.0,1170.0
2018-12-12,2018121201000920,PMHPL,46,34,10,116.0,1160.0
2018-12-12,2018121201001297,PRVU,46,39,150,245.0,36750.0
2018-12-12,2018121201001284,PRVU,51,14,10,246.0,2460.0
2018-12-12,2018121201001213,PRVU,21,14,100,246.0,24600.0
2018-12-12,2018121201001200,PRVU,45,14,200,246.0,49200.0
2018-12-12,2018121201001256,RADHI,34,42,11,159.0,1749.0
2018-12-12,2018121201000938,RBCLPO,5,56,100,8100.0,810000.0
2018-12-12,2018121201000949,RMDC,48,56,22,560.0,12320.0
2018-12-12,2018121201000870,RMDC,19,58,100,560.0,56000.0
2018-12-12,2018121201000869,RMDC,35,58,100,560.0,56000.0
2018-12-12,2018121201001227,RRHP,48,42,10,107.0,1070.0
2018-12-12,2018121201000989,RRHP,57,40,10,106.0,1060.0
2018-12-12,2018121201000946,RRHP,57,49,10,106.0,1060.0
2018-12-12,2018121201001295,RSDC,13,45,100,381.0,38100.0
2018-12-12,2018121201001294,RSDC,13,45,50,380.0,19000.0
2018-12-12,2018121201001110,RSDC,26,19,21,377.0,7917.0
2018-12-12,2018121201001026,RSDC,29,19,43,377.0,16211.0
2018-12-12,2018121201001000,RSDC,29,49,57,377.0,21489.0
2018-12-12,2018121201000966,SBI,54,48,125,396.0,49500.0
2018-12-12,2018121201000890,SBI,48,4,80,399.0,31920.0
2018-12-12,2018121201000889,SBI,48,1,50,399.0,19950.0
2018-12-12,2018121201000884,SBI,48,46,18,397.0,7146.0
2018-12-12,2018121201001238,SBL,29,42,200,304.0,60800.0
2018-12-12,2018121201001237,SBL,17,42,200,304.0,60800.0
2018-12-12,2018121201000925,SBL,4,51,846,302.0,255492.0
2018-12-12,2018121201001262,SCB,13,41,460,605.0,278300.0
2018-12-12,2018121201001261,SCB,13,54,50,605.0,30250.0
2018-12-12,2018121201001260,SCB,13,54,20,605.0,12100.0
2018-12-12,2018121201001259,SCB,13,7,90,605.0,54450.0
2018-12-12,2018121201001258,SCB,13,47,44,605.0,26620.0
2018-12-12,2018121201001255,SCB,38,49,10,605.0,6050.0
2018-12-12,2018121201000845,SCB,13,56,48,604.0,28992.0
2018-12-12,2018121201000969,SCB,17,42,10,604.0,6040.0
2018-12-12,2018121201000857,SCB,20,49,40,605.0,24200.0
2018-12-12,2018121201000856,SCB,20,53,60,605.0,36300.0
2018-12-12,2018121201001167,SCB,49,49,50,605.0,30250.0
2018-12-12,2018121201001024,SCB,17,21,70,604.0,42280.0
2018-12-12,2018121201001002,SCB,17,42,30,604.0,18120.0
2018-12-12,2018121201001279,SDESI,35,38,257,586.0,150602.0
2018-12-12,2018121201000843,SHINE,58,45,225,235.0,52875.0
2018-12-12,2018121201001302,SHL,55,45,500,200.0,100000.0
2018-12-12,2018121201001301,SHL,8,45,169,200.0,33800.0
2018-12-12,2018121201001209,SHL,8,4,431,200.0,86200.0
2018-12-12,2018121201001208,SHL,37,4,300,201.0,60300.0
2018-12-12,2018121201001114,SHL,11,45,200,202.0,40400.0
2018-12-12,2018121201001010,SHL,8,48,100,199.0,19900.0
2018-12-12,2018121201000960,SHL,8,45,300,201.0,60300.0
2018-12-12,2018121201000959,SHL,17,45,100,201.0,20100.0
2018-12-12,2018121201000958,SHL,11,45,100,201.0,20100.0
2018-12-12,2018121201000904,SHL,8,49,100,205.0,20500.0
2018-12-12,2018121201000903,SHL,1,49,100,205.0,20500.0
2018-12-12,2018121201001158,SICL,4,14,15,773.0,11595.0
2018-12-12,2018121201001102,SICL,57,14,50,774.0,38700.0
2018-12-12,2018121201001087,SICL,17,10,100,776.0,77600.0
2018-12-12,2018121201001032,SIL,17,58,200,565.0,113000.0
2018-12-12,2018121201000866,SIL,43,39,10,570.0,5700.0
2018-12-12,2018121201001151,SLBBL,8,19,96,529.0,50784.0
2018-12-12,2018121201001149,SLBBL,8,6,30,528.0,15840.0
2018-12-12,2018121201001036,SLBBL,58,19,15,529.0,7935.0
2018-12-12,2018121201001178,SLBS,6,51,15,980.0,14700.0
2018-12-12,2018121201001177,SLBS,58,51,10,981.0,9810.0
2018-12-12,2018121201001299,SLICL,19,58,10,460.0,4600.0
2018-12-12,2018121201001266,SLICL,19,58,15,460.0,6900.0
2018-12-12,2018121201001188,SLICL,39,58,300,460.0,138000.0
2018-12-12,2018121201000855,SLICL,46,42,50,457.0,22850.0
2018-12-12,2018121201000854,SLICL,6,42,150,457.0,68550.0
2018-12-12,2018121201000853,SLICL,45,42,100,460.0,46000.0
2018-12-12,2018121201000852,SLICL,14,42,200,461.0,92200.0
2018-12-12,2018121201000851,SLICL,13,42,500,463.0,231500.0
2018-12-12,2018121201001050,SMATA,6,58,46,1007.0,46322.0
2018-12-12,2018121201000951,SMATA,57,49,12,1007.0,12084.0
2018-12-12,2018121201001005,SPDL,29,49,10,96.0,960.0
2018-12-12,2018121201001319,SRBL,16,16,996,217.0,216132.0
2018-12-12,2018121201001265,SRBL,32,32,13,218.0,2834.0
2018-12-12,2018121201001212,SRBL,57,14,269,216.0,58104.0
2018-12-12,2018121201001168,SRBL,57,43,211,215.0,45365.0
2018-12-12,2018121201001098,SRBL,29,14,30,216.0,6480.0
2018-12-12,2018121201000919,SRBL,58,42,219,216.0,47304.0
2018-12-12,2018121201000902,SRBL,20,42,230,216.0,49680.0
2018-12-12,2018121201001285,WOMI,45,50,90,804.0,72360.0
2018-12-12,2018121201001536,ADBL,16,6,100,338.0,33800.0
2018-12-12,2018121201001502,ADBL,57,6,50,338.0,16900.0
2018-12-12,2018121201001700,AHPC,58,52,99,108.0,10692.0
2018-12-12,2018121201001617,AHPC,6,55,500,109.0,54500.0
2018-12-12,2018121201001585,AHPC,39,39,115,108.0,12420.0
2018-12-12,2018121201001382,AHPC,58,39,435,108.0,46980.0
2018-12-12,2018121201001802,AKPL,8,41,25,193.0,4825.0
2018-12-12,2018121201001678,AKPL,29,26,13,192.0,2496.0
2018-12-12,2018121201001677,AKPL,26,41,13,193.0,2509.0
2018-12-12,2018121201001807,ALICL,32,48,31,475.0,14725.0
2018-12-12,2018121201001806,ALICL,32,48,59,475.0,28025.0
2018-12-12,2018121201001805,ALICL,32,58,10,474.0,4740.0
2018-12-12,2018121201001747,ALICL,8,48,82,475.0,38950.0
2018-12-12,2018121201001440,ALICL,32,32,19,472.0,8968.0
2018-12-12,2018121201001362,ALICL,32,32,19,470.0,8930.0
2018-12-12,2018121201001820,AMFI,8,17,10,604.0,6040.0
2018-12-12,2018121201001495,AMFI,1,43,10,598.0,5980.0
2018-12-12,2018121201001483,AMFI,1,57,10,600.0,6000.0
2018-12-12,2018121201001481,AMFI,59,43,10,597.0,5970.0
2018-12-12,2018121201001825,API,6,32,17,146.0,2482.0
2018-12-12,2018121201001809,API,8,57,10,147.0,1470.0
2018-12-12,2018121201001739,API,41,57,155,147.0,22785.0
2018-12-12,2018121201001738,API,41,47,345,147.0,50715.0
2018-12-12,2018121201001594,API,36,47,155,147.0,22785.0
2018-12-12,2018121201001593,API,36,42,45,147.0,6615.0
2018-12-12,2018121201001477,API,11,42,17,147.0,2499.0
2018-12-12,2018121201001728,BARUN,39,52,10,114.0,1140.0
2018-12-12,2018121201001768,BOKL,17,25,56,306.0,17136.0
2018-12-12,2018121201001731,BOKL,25,13,411,306.0,125766.0
2018-12-12,2018121201001695,BOKL,34,13,25,306.0,7650.0
2018-12-12,2018121201001654,BOKL,1,13,64,306.0,19584.0
2018-12-12,2018121201001653,BOKL,1,34,48,306.0,14688.0
2018-12-12,2018121201001651,BOKL,22,34,100,306.0,30600.0
2018-12-12,2018121201001360,BOKL,33,21,100,305.0,30500.0
2018-12-12,2018121201001359,BOKL,45,21,72,305.0,21960.0
2018-12-12,2018121201001628,BOKL,6,34,52,306.0,15912.0
2018-12-12,2018121201001627,BOKL,6,57,48,306.0,14688.0
2018-12-12,2018121201001589,BOKL,52,57,50,306.0,15300.0
2018-12-12,2018121201001390,BOKL,17,57,10,306.0,3060.0
2018-12-12,2018121201001361,BOKL,49,21,12,305.0,3660.0
2018-12-12,2018121201001773,BPCL,45,42,60,435.0,26100.0
2018-12-12,2018121201001692,BPCL,43,45,10,434.0,4340.0
2018-12-12,2018121201001683,BPCL,26,26,10,433.0,4330.0
2018-12-12,2018121201001465,BPCL,6,43,10,431.0,4310.0
2018-12-12,2018121201001441,BPCL,6,43,10,431.0,4310.0
2018-12-12,2018121201001418,BPCL,6,43,10,431.0,4310.0
2018-12-12,2018121201001410,BPCL,43,43,10,431.0,4310.0
2018-12-12,2018121201001355,BPCL,43,26,20,431.0,8620.0
2018-12-12,2018121201001620,CBBL,40,35,139,829.0,115231.0
2018-12-12,2018121201001568,CBBL,34,44,20,830.0,16600.0
2018-12-12,2018121201001556,CBBL,32,35,65,829.0,53885.0
2018-12-12,2018121201001537,CBBL,42,35,35,829.0,29015.0
2018-12-12,2018121201001474,CBBL,56,28,130,829.0,107770.0
2018-12-12,2018121201001406,CBBL,35,16,31,829.0,25699.0
2018-12-12,2018121201001746,CBL,51,58,100,158.0,15800.0
2018-12-12,2018121201001715,CBL,40,43,500,158.0,79000.0
2018-12-12,2018121201001714,CBL,40,45,346,158.0,54668.0
2018-12-12,2018121201001713,CBL,40,41,500,158.0,79000.0
2018-12-12,2018121201001375,CBL,26,41,500,158.0,79000.0
2018-12-12,2018121201001816,CCBL,26,13,173,173.0,29929.0
2018-12-12,2018121201001789,CCBL,32,13,100,173.0,17300.0
2018-12-12,2018121201001770,CCBL,51,13,100,173.0,17300.0
2018-12-12,2018121201001724,CCBL,51,13,105,173.0,18165.0
2018-12-12,2018121201001723,CCBL,51,25,80,173.0,13840.0
2018-12-12,2018121201001718,CCBL,51,25,100,173.0,17300.0
2018-12-12,2018121201001605,CCBL,42,25,20,173.0,3460.0
2018-12-12,2018121201001604,CCBL,42,36,80,173.0,13840.0
2018-12-12,2018121201001542,CCBL,6,36,100,173.0,17300.0
2018-12-12,2018121201001766,CHCL,1,55,227,645.0,146415.0
2018-12-12,2018121201001765,CHCL,26,55,50,645.0,32250.0
2018-12-12,2018121201001764,CHCL,34,55,50,645.0,32250.0
2018-12-12,2018121201001763,CHCL,38,55,40,645.0,25800.0
2018-12-12,2018121201001762,CHCL,45,55,80,646.0,51680.0
2018-12-12,2018121201001761,CHCL,46,55,50,646.0,32300.0
2018-12-12,2018121201001636,CHCL,25,49,54,650.0,35100.0
2018-12-12,2018121201001626,CHCL,33,45,195,649.0,126555.0
2018-12-12,2018121201001603,CHCL,33,42,50,649.0,32450.0
2018-12-12,2018121201001602,CHCL,33,26,55,649.0,35695.0
2018-12-12,2018121201001530,CHCL,45,49,50,650.0,32500.0
2018-12-12,2018121201001364,CHCL,36,35,10,647.0,6470.0
2018-12-12,2018121201001709,CHCL,25,55,100,648.0,64800.0
2018-12-12,2018121201001708,CHCL,42,55,35,649.0,22715.0
2018-12-12,2018121201001672,CHCL,17,45,20,650.0,13000.0
2018-12-12,2018121201001645,CHCL,51,45,100,650.0,65000.0
2018-12-12,2018121201001638,CHCL,25,45,23,650.0,14950.0
2018-12-12,2018121201001637,CHCL,25,51,23,650.0,14950.0
2018-12-12,2018121201001754,CHCL,44,55,50,647.0,32350.0
2018-12-12,2018121201001753,CHCL,36,55,10,647.0,6470.0
2018-12-12,2018121201001752,CHCL,7,55,25,648.0,16200.0
2018-12-12,2018121201001712,CHCL,6,55,10,648.0,6480.0
2018-12-12,2018121201001711,CHCL,18,55,50,648.0,32400.0
2018-12-12,2018121201001710,CHCL,35,55,20,648.0,12960.0
2018-12-12,2018121201001760,CHCL,25,55,200,646.0,129200.0
2018-12-12,2018121201001759,CHCL,13,55,20,646.0,12920.0
2018-12-12,2018121201001758,CHCL,6,55,10,647.0,6470.0
2018-12-12,2018121201001757,CHCL,6,55,100,647.0,64700.0
2018-12-12,2018121201001756,CHCL,41,55,200,647.0,129400.0
2018-12-12,2018121201001755,CHCL,44,55,50,647.0,32350.0
2018-12-12,2018121201001509,CIT,11,4,20,1619.0,32380.0
2018-12-12,2018121201001810,CMF1,22,45,500,8.8,4400.0
2018-12-12,2018121201001525,CMF1,22,34,3000,8.8,26400.0
2018-12-12,2018121201001797,CZBIL,45,44,32,213.0,6816.0
2018-12-12,2018121201001788,CZBIL,8,56,500,214.0,107000.0
2018-12-12,2018121201001707,CZBIL,45,8,10,213.0,2130.0
2018-12-12,2018121201001684,CZBIL,14,13,222,213.0,47286.0
2018-12-12,2018121201001679,CZBIL,14,13,70,213.0,14910.0
2018-12-12,2018121201001650,CZBIL,45,13,100,213.0,21300.0
2018-12-12,2018121201001352,CZBIL,14,43,471,214.0,100794.0
2018-12-12,2018121201001393,CZBIL,14,22,500,213.0,106500.0
2018-12-12,2018121201001384,CZBIL,45,22,285,213.0,60705.0
2018-12-12,2018121201001381,CZBIL,45,49,215,213.0,45795.0
2018-12-12,2018121201001380,CZBIL,59,49,35,213.0,7455.0
2018-12-12,2018121201001354,CZBIL,14,43,650,214.0,139100.0
2018-12-12,2018121201001353,CZBIL,14,41,100,214.0,21400.0
2018-12-12,2018121201001426,CZBIL,14,56,300,213.0,63900.0
2018-12-12,2018121201001425,CZBIL,14,22,210,213.0,44730.0
2018-12-12,2018121201001424,CZBIL,14,22,145,213.0,30885.0
2018-12-12,2018121201001423,CZBIL,14,22,15,213.0,3195.0
2018-12-12,2018121201001419,CZBIL,57,32,288,212.0,61056.0
2018-12-12,2018121201001400,CZBIL,34,22,100,213.0,21300.0
2018-12-12,2018121201001581,CZBIL,14,26,490,213.0,104370.0
2018-12-12,2018121201001578,CZBIL,14,52,100,213.0,21300.0
2018-12-12,2018121201001570,CZBIL,14,35,110,213.0,23430.0
2018-12-12,2018121201001529,CZBIL,14,44,300,213.0,63900.0
2018-12-12,2018121201001526,CZBIL,48,56,100,214.0,21400.0
2018-12-12,2018121201001447,CZBIL,8,8,18,214.0,3852.0
2018-12-12,2018121201001631,CZBIL,57,11,250,212.0,53000.0
2018-12-12,2018121201001630,CZBIL,6,13,100,213.0,21300.0
2018-12-12,2018121201001629,CZBIL,49,13,74,213.0,15762.0
2018-12-12,2018121201001624,CZBIL,49,26,526,213.0,112038.0
2018-12-12,2018121201001601,CZBIL,42,26,100,213.0,21300.0
2018-12-12,2018121201001582,CZBIL,48,26,100,213.0,21300.0
2018-12-12,2018121201001748,DDBL,38,58,10,580.0,5800.0
2018-12-12,2018121201001697,EBL,42,48,50,521.0,26050.0
2018-12-12,2018121201001696,EBL,29,48,88,521.0,45848.0
2018-12-12,2018121201001674,EBL,17,41,12,522.0,6264.0
2018-12-12,2018121201001642,EBL,29,41,12,521.0,6252.0
2018-12-12,2018121201001587,EBL,19,48,30,520.0,15600.0
2018-12-12,2018121201001429,EBL,45,45,100,520.0,52000.0
2018-12-12,2018121201001392,EBL,17,45,10,520.0,5200.0
2018-12-12,2018121201001562,EBL,32,6,20,520.0,10400.0
2018-12-12,2018121201001561,EBL,32,45,35,520.0,18200.0
2018-12-12,2018121201001560,EBL,32,53,10,520.0,5200.0
2018-12-12,2018121201001559,EBL,32,45,160,520.0,83200.0
2018-12-12,2018121201001518,EDBL,43,48,51,261.0,13311.0
2018-12-12,2018121201001517,EDBL,43,39,15,260.0,3900.0
2018-12-12,2018121201001827,FMDBL,25,47,83,331.0,27473.0
2018-12-12,2018121201001649,FMDBL,11,47,107,332.0,35524.0
2018-12-12,2018121201001648,FMDBL,16,47,10,332.0,3320.0
2018-12-12,2018121201001472,FMDBL,13,33,20,332.0,6640.0
2018-12-12,2018121201001471,FMDBL,17,33,10,333.0,3330.0
2018-12-12,2018121201001800,FOWAD,8,19,10,1710.0,17100.0
2018-12-12,2018121201001641,GBBL,58,45,293,175.0,51275.0
2018-12-12,2018121201001640,GBBL,58,41,27,175.0,4725.0
2018-12-12,2018121201001634,GBBL,58,58,314,173.0,54322.0
2018-12-12,2018121201001572,GBBL,32,51,350,174.0,60900.0
2018-12-12,2018121201001547,GBBL,32,51,550,174.0,95700.0
2018-12-12,2018121201001725,GBIME,33,16,100,316.0,31600.0
2018-12-12,2018121201001616,GBIME,35,11,12,315.0,3780.0
2018-12-12,2018121201001577,GBIME,5,11,12,315.0,3780.0
2018-12-12,2018121201001569,GBIME,5,11,12,315.0,3780.0
2018-12-12,2018121201001508,GBIME,5,22,174,315.0,54810.0
2018-12-12,2018121201001507,GBIME,11,22,177,315.0,55755.0
2018-12-12,2018121201001733,GBLBS,34,14,20,403.0,8060.0
2018-12-12,2018121201001685,GBLBS,26,26,10,402.0,4020.0
2018-12-12,2018121201001661,GBLBS,42,14,80,403.0,32240.0
2018-12-12,2018121201001357,GBLBS,42,26,10,400.0,4000.0
2018-12-12,2018121201001379,GDBL,22,57,19,193.0,3667.0
2018-12-12,2018121201001343,GDBL,35,57,61,193.0,11773.0
2018-12-12,2018121201001468,GDBL,47,53,13,195.0,2535.0
2018-12-12,2018121201001467,GDBL,47,47,500,195.0,97500.0
2018-12-12,2018121201001466,GDBL,47,45,26,195.0,5070.0
2018-12-12,2018121201001401,GDBL,32,57,170,193.0,32810.0
2018-12-12,2018121201001496,GLICL,58,4,90,570.0,51300.0
2018-12-12,2018121201001656,HBL,17,22,63,511.0,32193.0
2018-12-12,2018121201001655,HBL,17,52,37,511.0,18907.0
2018-12-12,2018121201001534,HBL,19,45,32,510.0,16320.0
2018-12-12,2018121201001533,HBL,19,46,11,510.0,5610.0
2018-12-12,2018121201001532,HBL,19,39,50,509.0,25450.0
2018-12-12,2018121201001618,HIDCL,36,11,15,146.0,2190.0
2018-12-12,2018121201001588,HIDCL,36,11,15,146.0,2190.0
2018-12-12,2018121201001619,HPPL,17,43,10,184.0,1840.0
2018-12-12,2018121201001417,HPPL,10,29,10,185.0,1850.0
2018-12-12,2018121201001394,HPPL,39,53,10,183.0,1830.0
2018-12-12,2018121201001749,ICFC,49,48,2000,153.0,306000.0
2018-12-12,2018121201001413,ICFC,49,48,1700,153.0,260100.0
2018-12-12,2018121201001344,JBBL,49,19,21,134.0,2814.0
2018-12-12,2018121201001818,JBNL,38,28,52,174.0,9048.0
2018-12-12,2018121201001817,JBNL,7,28,148,174.0,25752.0
2018-12-12,2018121201001778,JBNL,50,57,466,175.0,81550.0
2018-12-12,2018121201001777,JBNL,50,41,1534,175.0,268450.0
2018-12-12,2018121201001531,JBNL,7,19,100,174.0,17400.0
2018-12-12,2018121201001383,JBNL,55,41,200,175.0,35000.0
2018-12-12,2018121201001737,KBBL,38,53,10,238.0,2380.0
2018-12-12,2018121201001505,KBBL,42,51,220,236.0,51920.0
2018-12-12,2018121201001443,KBBL,47,28,455,236.0,107380.0
2018-12-12,2018121201001420,KBBL,5,28,45,236.0,10620.0
2018-12-12,2018121201001614,KBL,45,34,250,245.0,61250.0
2018-12-12,2018121201001613,KBL,45,13,350,245.0,85750.0
2018-12-12,2018121201001612,KBL,45,13,200,245.0,49000.0
2018-12-12,2018121201001611,KBL,45,21,200,245.0,49000.0
2018-12-12,2018121201001610,KBL,25,18,50,244.0,12200.0
2018-12-12,2018121201001609,KBL,34,18,200,244.0,48800.0
2018-12-12,2018121201001608,KBL,57,18,100,244.0,24400.0
2018-12-12,2018121201001607,KBL,57,18,100,244.0,24400.0
2018-12-12,2018121201001606,KBL,57,18,50,244.0,12200.0
2018-12-12,2018121201001734,KEBL,44,42,40,275.0,11000.0
2018-12-12,2018121201001639,KKHC,11,22,90,95.0,8550.0
2018-12-12,2018121201001422,KMCDB,6,37,100,740.0,74000.0
2018-12-12,2018121201001421,KMCDB,6,51,50,740.0,37000.0
2018-12-12,2018121201001408,KMCDB,6,47,100,737.0,73700.0
2018-12-12,2018121201001704,KMFL,8,57,100,1130.0,113000.0
2018-12-12,2018121201001687,KMFL,16,57,10,1130.0,11300.0
2018-12-12,2018121201001621,KMFL,18,18,29,1125.0,32625.0
2018-12-12,2018121201001744,KSBBL,33,45,14,138.0,1932.0
2018-12-12,2018121201001743,KSBBL,33,33,100,138.0,13800.0
2018-12-12,2018121201001705,KSBBL,16,52,29,137.0,3973.0
2018-12-12,2018121201001819,LBL,45,1,100,220.0,22000.0
2018-12-12,2018121201001680,LBL,51,45,20,221.0,4420.0
2018-12-12,2018121201001586,LBL,45,25,200,220.0,44000.0
2018-12-12,2018121201001535,LGIL,10,10,200,440.0,88000.0
2018-12-12,2018121201001583,LICN,40,54,200,1435.0,287000.0
2018-12-12,2018121201001389,MBL,55,57,200,210.0,42000.0
2018-12-12,2018121201001703,MEGA,32,36,100,189.0,18900.0
2018-12-12,2018121201001434,MEGA,22,36,20,189.0,3780.0
2018-12-12,2018121201001397,MEGA,55,36,100,189.0,18900.0
2018-12-12,2018121201001396,MEGA,55,22,100,188.0,18800.0
2018-12-12,2018121201001351,MEGA,38,21,40,187.0,7480.0
2018-12-12,2018121201001350,MEGA,13,21,90,187.0,16830.0
2018-12-12,2018121201001366,MEGAPO,46,36,1338,108.0,144504.0
2018-12-12,2018121201001796,MERO,41,47,50,930.0,46500.0
2018-12-12,2018121201001795,MERO,50,47,12,930.0,11160.0
2018-12-12,2018121201001793,MERO,25,47,50,935.0,46750.0
2018-12-12,2018121201001386,MLBL,32,21,122,166.0,20252.0
2018-12-12,2018121201001385,MLBL,55,21,310,168.0,52080.0
2018-12-12,2018121201001682,MNBBL,41,59,200,342.0,68400.0
2018-12-12,2018121201001681,MNBBL,41,28,300,341.0,102300.0
2018-12-12,2018121201001663,MNBBL,1,28,100,341.0,34100.0
2018-12-12,2018121201001493,MNBBL,52,16,197,341.0,67177.0
2018-12-12,2018121201001492,MNBBL,7,16,250,341.0,85250.0
2018-12-12,2018121201001491,MNBBL,29,16,53,342.0,18126.0
2018-12-12,2018121201001450,MNBBL,16,8,30,343.0,10290.0
2018-12-12,2018121201001377,MNBBL,39,34,100,343.0,34300.0
2018-12-12,2018121201001405,MSLB,50,50,13,1249.0,16237.0
2018-12-12,2018121201001358,MSMBS,34,42,20,480.0,9600.0
2018-12-12,2018121201001689,NABIL,25,17,101,850.0,85850.0
2018-12-12,2018121201001494,NABIL,58,17,100,850.0,85000.0
2018-12-12,2018121201001514,NADEP,32,56,10,708.0,7080.0
2018-12-12,2018121201001540,NBB,6,58,100,193.0,19300.0
2018-12-12,2018121201001442,NBB,22,17,10,192.0,1920.0
2018-12-12,2018121201001519,NBBL,42,19,30,700.0,21000.0
2018-12-12,2018121201001742,NBL,38,56,20,296.0,5920.0
2018-12-12,2018121201001729,NBL,32,56,500,296.0,148000.0
2018-12-12,2018121201001597,NBL,58,58,50000,296.0,14800000.0
2018-12-12,2018121201001595,NBL,58,58,50000,296.0,14800000.0
2018-12-12,2018121201001549,NBL,58,40,100,296.0,29600.0
2018-12-12,2018121201001449,NBL,45,40,200,296.0,59200.0
2018-12-12,2018121201001336,NBL,33,59,100,296.0,29600.0
2018-12-12,2018121201001342,NBL,8,59,198,296.0,58608.0
2018-12-12,2018121201001341,NBL,5,59,200,296.0,59200.0
2018-12-12,2018121201001340,NBL,41,59,100,296.0,29600.0
2018-12-12,2018121201001339,NBL,7,59,1500,296.0,444000.0
2018-12-12,2018121201001338,NBL,25,59,200,296.0,59200.0
2018-12-12,2018121201001337,NBL,58,59,400,296.0,118400.0
2018-12-12,2018121201001736,NCCB,44,19,1300,203.0,263900.0
2018-12-12,2018121201001541,NCCB,44,33,500,204.0,102000.0
2018-12-12,2018121201001499,NCCB,45,33,1000,204.0,204000.0
2018-12-12,2018121201001412,NCCB,44,35,219,203.0,44457.0
2018-12-12,2018121201001411,NCCB,38,35,941,203.0,191023.0
2018-12-12,2018121201001378,NCCB,44,33,700,204.0,142800.0
2018-12-12,2018121201001376,NCCB,38,19,100,203.0,20300.0
2018-12-12,2018121201001473,NCDB,41,45,32,120.0,3840.0
2018-12-12,2018121201001824,NIB,59,49,500,650.0,325000.0
2018-12-12,2018121201001691,NIB,39,26,37,649.0,24013.0
2018-12-12,2018121201001688,NIB,26,49,37,650.0,24050.0
2018-12-12,2018121201001675,NIB,52,49,50,650.0,32500.0
2018-12-12,2018121201001622,NIB,6,49,50,650.0,32500.0
2018-12-12,2018121201001370,NIB,39,49,100,650.0,65000.0
2018-12-12,2018121201001369,NIB,10,49,150,650.0,97500.0
2018-12-12,2018121201001368,NIB,42,49,230,650.0,149500.0
2018-12-12,2018121201001367,NIB,49,49,26,650.0,16900.0
2018-12-12,2018121201001363,NIB,49,41,14,650.0,9100.0
2018-12-12,2018121201001345,NIB,49,26,26,650.0,16900.0
2018-12-12,2018121201001453,NIB,19,49,20,650.0,13000.0
2018-12-12,2018121201001431,NIB,42,49,100,650.0,65000.0
2018-12-12,2018121201001374,NIB,49,49,500,650.0,325000.0
2018-12-12,2018121201001373,NIB,58,49,50,650.0,32500.0
2018-12-12,2018121201001372,NIB,51,49,382,650.0,248300.0
2018-12-12,2018121201001371,NIB,39,49,200,650.0,130000.0
2018-12-12,2018121201001558,NIB,6,49,10,650.0,6500.0
2018-12-12,2018121201001548,NIB,34,57,100,649.0,64900.0
2018-12-12,2018121201001546,NIB,34,44,20,649.0,12980.0
2018-12-12,2018121201001490,NIB,44,49,250,650.0,162500.0
2018-12-12,2018121201001457,NIB,19,49,30,650.0,19500.0
2018-12-12,2018121201001615,NIB,42,49,36,650.0,23400.0
2018-12-12,2018121201001592,NIB,51,49,100,650.0,65000.0
2018-12-12,2018121201001576,NIB,39,54,85,649.0,55165.0
2018-12-12,2018121201001575,NIB,32,54,100,649.0,64900.0
2018-12-12,2018121201001574,NIB,14,54,25,649.0,16225.0
2018-12-12,2018121201001573,NIB,34,54,750,649.0,486750.0
2018-12-12,2018121201001834,NIBPO,32,18,200,581.0,116200.0
2018-12-12,2018121201001702,NIBPO,22,6,100,580.0,58000.0
2018-12-12,2018121201001501,NIBPO,8,53,590,580.0,342200.0
2018-12-12,2018121201001826,NICA,32,8,100,374.0,37400.0
2018-12-12,2018121201001740,NICA,22,8,100,374.0,37400.0
2018-12-12,2018121201001732,NICA,21,8,20,374.0,7480.0
2018-12-12,2018121201001667,NICA,44,21,43,372.0,15996.0
2018-12-12,2018121201001666,NICA,21,21,100,373.0,37300.0
2018-12-12,2018121201001665,NICA,41,33,32,375.0,12000.0
2018-12-12,2018121201001664,NICA,41,46,238,375.0,89250.0
2018-12-12,2018121201001623,NICA,25,41,100,374.0,37400.0
2018-12-12,2018121201001475,NICA,42,41,100,374.0,37400.0
2018-12-12,2018121201001804,NICGF,22,44,1000,9.1,9100.0
2018-12-12,2018121201001774,NICL,33,45,125,492.0,61500.0
2018-12-12,2018121201001543,NIL,8,16,10,440.0,4400.0
2018-12-12,2018121201001433,NIL,17,16,10,440.0,4400.0
2018-12-12,2018121201001567,NLBBL,21,58,486,495.0,240570.0
2018-12-12,2018121201001835,NLIC,52,16,70,927.0,64890.0
2018-12-12,2018121201001698,NLIC,26,26,17,924.0,15708.0
2018-12-12,2018121201001686,NLIC,34,7,17,924.0,15708.0
2018-12-12,2018121201001671,NLICL,10,32,65,615.0,39975.0
2018-12-12,2018121201001670,NLICL,10,59,35,615.0,21525.0
2018-12-12,2018121201001669,NLICL,10,41,100,614.0,61400.0
2018-12-12,2018121201001775,NMB,32,49,1500,363.0,544500.0
2018-12-12,2018121201001741,NMB,6,57,11,362.0,3982.0
2018-12-12,2018121201001735,NMB,58,49,70,363.0,25410.0
2018-12-12,2018121201001676,NMB,21,49,100,363.0,36300.0
2018-12-12,2018121201001660,NMB,25,49,100,363.0,36300.0
2018-12-12,2018121201001633,NMB,25,49,50,363.0,18150.0
2018-12-12,2018121201001407,NMB,6,21,80,362.0,28960.0
2018-12-12,2018121201001399,NMB,17,49,100,363.0,36300.0
2018-12-12,2018121201001391,NMB,11,49,1257,363.0,456291.0
2018-12-12,2018121201001365,NMB,11,22,373,363.0,135399.0
2018-12-12,2018121201001356,NMB,11,16,1370,363.0,497310.0
2018-12-12,2018121201001538,NMB,17,49,143,363.0,51909.0
2018-12-12,2018121201001516,NMB,6,53,400,362.0,144800.0
2018-12-12,2018121201001515,NMB,6,53,100,362.0,36200.0
2018-12-12,2018121201001488,NMB,6,42,300,362.0,108600.0
2018-12-12,2018121201001454,NMB,41,49,100,363.0,36300.0
2018-12-12,2018121201001409,NMB,41,49,400,363.0,145200.0
2018-12-12,2018121201001571,NMB,44,25,81,363.0,29403.0
2018-12-12,2018121201001563,NMB,6,44,32,362.0,11584.0
2018-12-12,2018121201001554,NMB,6,44,16,362.0,5792.0
2018-12-12,2018121201001553,NMB,6,57,100,362.0,36200.0
2018-12-12,2018121201001550,NMB,6,44,33,362.0,11946.0
2018-12-12,2018121201001539,NMB,17,25,37,363.0,13431.0
2018-12-12,2018121201001632,NMB,6,34,11,362.0,3982.0
2018-12-12,2018121201001598,NMB,43,49,700,363.0,254100.0
2018-12-12,2018121201001591,NMB,36,49,368,363.0,133584.0
2018-12-12,2018121201001590,NMB,36,45,132,363.0,47916.0
2018-12-12,2018121201001580,NMB,43,45,118,363.0,42834.0
2018-12-12,2018121201001579,NMB,43,25,882,363.0,320166.0
2018-12-12,2018121201001564,NMBMF,39,19,24,1021.0,24504.0
2018-12-12,2018121201001498,NNLB,39,19,20,520.0,10400.0
2018-12-12,2018121201001489,NSEWA,33,58,10,525.0,5250.0
2018-12-12,2018121201001662,NTC,34,56,50,770.0,38500.0
2018-12-12,2018121201001566,NUBL,48,28,200,692.0,138400.0
2018-12-12,2018121201001565,NUBL,34,28,1500,692.0,1038000.0
2018-12-12,2018121201001719,PCBL,13,16,119,316.0,37604.0
2018-12-12,2018121201001555,PCBL,32,45,50,315.0,15750.0
2018-12-12,2018121201001458,PCBL,32,16,19,316.0,6004.0
2018-12-12,2018121201001451,PCBL,32,32,19,315.0,5985.0
2018-12-12,2018121201001398,PCBL,32,16,132,316.0,41712.0
2018-12-12,2018121201001388,PCBL,32,32,70,315.0,22050.0
2018-12-12,2018121201001387,PCBL,45,32,132,315.0,41580.0
2018-12-12,2018121201001693,PFL,13,45,37,131.0,4847.0
2018-12-12,2018121201001673,PIC,50,44,11,884.0,9724.0
2018-12-12,2018121201001668,PIC,44,44,11,886.0,9746.0
2018-12-12,2018121201001659,PIC,44,44,11,886.0,9746.0
2018-12-12,2018121201001658,PIC,44,44,11,886.0,9746.0
2018-12-12,2018121201001657,PIC,44,44,11,886.0,9746.0
2018-12-12,2018121201001646,PIC,44,7,11,886.0,9746.0
2018-12-12,2018121201001478,PIC,50,43,11,884.0,9724.0
2018-12-12,2018121201001349,PIC,50,26,11,884.0,9724.0
2018-12-12,2018121201001504,PICL,58,49,10,594.0,5940.0
2018-12-12,2018121201001512,PLIC,57,58,50,405.0,20250.0
2018-12-12,2018121201001500,PLIC,57,58,50,405.0,20250.0
2018-12-12,2018121201001470,PLIC,45,58,210,405.0,85050.0
2018-12-12,2018121201001469,PLIC,42,58,100,405.0,40500.0
2018-12-12,2018121201001428,PLIC,55,41,40,406.0,16240.0
2018-12-12,2018121201001769,PMHPL,16,25,10,118.0,1180.0
2018-12-12,2018121201001402,PMHPL,16,47,10,118.0,1180.0
2018-12-12,2018121201001647,PRIN,58,44,50,399.0,19950.0
2018-12-12,2018121201001644,PRIN,17,58,40,395.0,15800.0
2018-12-12,2018121201001643,PRIN,17,58,10,397.0,3970.0
2018-12-12,2018121201001395,PRIN,43,34,20,400.0,8000.0
2018-12-12,2018121201001833,PRVU,25,43,42,246.0,10332.0
2018-12-12,2018121201001832,PRVU,25,14,58,246.0,14268.0
2018-12-12,2018121201001767,PRVU,1,14,151,246.0,37146.0
2018-12-12,2018121201001722,PRVU,25,14,211,246.0,51906.0
2018-12-12,2018121201001584,PRVU,16,14,50,246.0,12300.0
2018-12-12,2018121201001545,PRVU,58,14,100,246.0,24600.0
2018-12-12,2018121201001513,PRVU,46,25,40,245.0,9800.0
2018-12-12,2018121201001430,PRVU,22,14,10,246.0,2460.0
2018-12-12,2018121201001427,RADHI,54,43,11,160.0,1760.0
2018-12-12,2018121201001783,RMDC,47,35,100,560.0,56000.0
2018-12-12,2018121201001721,RRHP,48,52,10,107.0,1070.0
2018-12-12,2018121201001720,RRHP,48,8,10,107.0,1070.0
2018-12-12,2018121201001812,SANIMA,32,40,50,302.0,15100.0
2018-12-12,2018121201001811,SANIMA,32,13,50,302.0,15100.0
2018-12-12,2018121201001635,SANIMA,6,13,50,302.0,15100.0
2018-12-12,2018121201001814,SBI,32,17,85,400.0,34000.0
2018-12-12,2018121201001813,SBI,32,17,15,400.0,6000.0
2018-12-12,2018121201001794,SBI,17,17,10,400.0,4000.0
2018-12-12,2018121201001782,SBI,55,17,50,400.0,20000.0
2018-12-12,2018121201001771,SBI,45,25,30,398.0,11940.0
2018-12-12,2018121201001726,SBI,7,17,100,400.0,40000.0
2018-12-12,2018121201001414,SBI,38,29,200,399.0,79800.0
2018-12-12,2018121201001808,SBL,38,38,86,302.0,25972.0
2018-12-12,2018121201001815,SCB,55,49,10,610.0,6100.0
2018-12-12,2018121201001776,SCB,5,49,14,610.0,8540.0
2018-12-12,2018121201001727,SCB,5,22,186,610.0,113460.0
2018-12-12,2018121201001716,SCB,6,39,16,610.0,9760.0
2018-12-12,2018121201001557,SCB,13,34,100,609.0,60900.0
2018-12-12,2018121201001552,SCB,13,25,1000,610.0,610000.0
2018-12-12,2018121201001439,SCB,38,42,100,606.0,60600.0
2018-12-12,2018121201001438,SCB,38,42,50,606.0,30300.0
2018-12-12,2018121201001437,SCB,38,42,50,606.0,30300.0
2018-12-12,2018121201001436,SCB,38,28,300,606.0,181800.0
2018-12-12,2018121201001435,SCB,38,54,50,606.0,30300.0
2018-12-12,2018121201001415,SCB,22,43,10,604.0,6040.0
2018-12-12,2018121201001462,SCB,13,42,150,610.0,91500.0
2018-12-12,2018121201001461,SCB,13,35,100,609.0,60900.0
2018-12-12,2018121201001460,SCB,13,43,120,609.0,73080.0
2018-12-12,2018121201001459,SCB,13,14,236,607.0,143252.0
2018-12-12,2018121201001446,SCB,33,21,10,605.0,6050.0
2018-12-12,2018121201001445,SCB,33,43,10,605.0,6050.0
2018-12-12,2018121201001551,SCB,13,21,10,610.0,6100.0
2018-12-12,2018121201001482,SCB,13,17,400,610.0,244000.0
2018-12-12,2018121201001479,SCB,33,43,10,605.0,6050.0
2018-12-12,2018121201001464,SCB,13,17,1030,610.0,628300.0
2018-12-12,2018121201001463,SCB,13,3,200,610.0,122000.0
2018-12-12,2018121201001823,SDESI,35,21,33,576.0,19008.0
2018-12-12,2018121201001822,SDESI,14,21,13,577.0,7501.0
2018-12-12,2018121201001821,SDESI,17,21,10,580.0,5800.0
2018-12-12,2018121201001596,SDESI,44,44,11,583.0,6413.0
2018-12-12,2018121201001780,SEF,57,44,4000,8.86,35440.0
2018-12-12,2018121201001751,SEF,57,45,500,8.86,4430.0
2018-12-12,2018121201001750,SEF,57,45,500,8.86,4430.0
2018-12-12,2018121201001781,SHINE,7,41,202,240.0,48480.0
2018-12-12,2018121201001484,SHINE,28,33,30,237.0,7110.0
2018-12-12,2018121201001511,SHINE,7,42,105,239.0,25095.0
2018-12-12,2018121201001510,SHINE,7,38,1179,239.0,281781.0
2018-12-12,2018121201001830,SHL,58,11,500,204.0,102000.0
2018-12-12,2018121201001829,SHL,58,49,300,204.0,61200.0
2018-12-12,2018121201001828,SHL,58,45,400,203.0,81200.0
2018-12-12,2018121201001787,SHL,51,16,121,200.0,24200.0
2018-12-12,2018121201001786,SHL,58,16,179,200.0,35800.0
2018-12-12,2018121201001785,SHL,28,16,600,201.0,120600.0
2018-12-12,2018121201001456,SHL,22,51,100,203.0,20300.0
2018-12-12,2018121201001455,SHL,22,45,231,203.0,46893.0
2018-12-12,2018121201001784,SHL,11,16,100,201.0,20100.0
2018-12-12,2018121201001694,SHL,17,52,100,201.0,20100.0
2018-12-12,2018121201001528,SHL,58,11,321,200.0,64200.0
2018-12-12,2018121201001527,SHL,10,11,160,200.0,32000.0
2018-12-12,2018121201001506,SHL,8,45,400,201.0,80400.0
2018-12-12,2018121201001503,SHL,22,45,300,202.0,60600.0
2018-12-12,2018121201001652,SHPC,34,4,500,225.0,112500.0
2018-12-12,2018121201001524,SHPC,34,4,609,225.0,137025.0
2018-12-12,2018121201001523,SHPC,39,4,200,225.0,45000.0
2018-12-12,2018121201001522,SHPC,43,4,30,225.0,6750.0
2018-12-12,2018121201001521,SHPC,7,4,50,225.0,11250.0
2018-12-12,2018121201001520,SHPC,47,4,11,225.0,2475.0
2018-12-12,2018121201001801,SKBBL,34,21,375,1000.0,375000.0
2018-12-12,2018121201001799,SKBBL,34,21,238,1000.0,238000.0
2018-12-12,2018121201001798,SKBBL,56,21,50,1002.0,50100.0
2018-12-12,2018121201001706,SKBBL,5,40,80,1005.0,80400.0
2018-12-12,2018121201001690,SKBBL,45,40,20,1005.0,20100.0
2018-12-12,2018121201001600,SKBBL,34,14,16,1000.0,16000.0
2018-12-12,2018121201001599,SKBBL,22,14,30,1000.0,30000.0
2018-12-12,2018121201001792,SLBBL,38,21,30,530.0,15900.0
2018-12-12,2018121201001791,SLBBL,58,21,500,531.0,265500.0
2018-12-12,2018121201001790,SLBBL,17,21,10,532.0,5320.0
2018-12-12,2018121201001772,SLBBL,39,29,200,535.0,107000.0
2018-12-12,2018121201001745,SLBBL,13,6,200,534.0,106800.0
2018-12-12,2018121201001404,SLBBL,38,45,80,538.0,43040.0
2018-12-12,2018121201001403,SLBBL,38,28,200,538.0,107600.0
2018-12-12,2018121201001480,SLICL,45,21,10,459.0,4590.0
2018-12-12,2018121201001448,SLICL,1,58,531,460.0,244260.0
2018-12-12,2018121201001444,SLICL,17,58,10,460.0,4600.0
2018-12-12,2018121201001625,SMATA,1,55,10,1000.0,10000.0
2018-12-12,2018121201001544,SMATA,57,55,12,1000.0,12000.0
2018-12-12,2018121201001432,SMB,57,43,10,580.0,5800.0
2018-12-12,2018121201001701,SPDL,29,26,10,96.0,960.0
2018-12-12,2018121201001699,SPDL,26,7,10,97.0,970.0
2018-12-12,2018121201001486,SRBL,25,57,69,216.0,14904.0
2018-12-12,2018121201001485,SRBL,57,57,31,216.0,6696.0
2018-12-12,2018121201001831,SWBBL,35,47,100,990.0,99000.0
2018-12-12,2018121201001803,SWBBL,48,47,50,990.0,49500.0
2018-12-12,2018121201001348,SWBBL,55,6,50,1000.0,50000.0
2018-12-12,2018121201001347,SWBBL,45,6,10,1000.0,10000.0
2018-12-12,2018121201001346,SWBBL,26,6,14,1001.0,14014.0
2018-12-12,2018121201001497,UIC,6,4,50,652.0,32600.0
2018-12-12,2018121201001476,UIC,17,4,40,652.0,26080.0
2018-12-12,2018121201001452,UIC,17,4,10,652.0,6520.0
2018-12-12,2018121201001730,UMHL,29,43,20,127.0,2540.0
2018-12-12,2018121201001717,UMHL,29,52,10,127.0,1270.0
2018-12-12,2018121201001487,VLBS,22,42,50,715.0,35750.0
2018-12-12,2018121201000630,AHPC,58,17,1273,108.0,137484.0
2018-12-12,2018121201000515,AHPC,50,32,100,109.0,10900.0
2018-12-12,2018121201000486,ALICL,57,48,100,466.0,46600.0
2018-12-12,2018121201000678,AMFI,41,59,10,605.0,6050.0
2018-12-12,2018121201000657,AMFI,41,19,10,602.0,6020.0
2018-12-12,2018121201000569,AMFI,1,6,20,602.0,12040.0
2018-12-12,2018121201000533,AMFI,1,14,10,602.0,6020.0
2018-12-12,2018121201000811,API,11,48,11,147.0,1617.0
2018-12-12,2018121201000796,API,16,47,100,148.0,14800.0
2018-12-12,2018121201000761,API,41,13,1000,146.0,146000.0
2018-12-12,2018121201000760,API,26,13,50,146.0,7300.0
2018-12-12,2018121201000710,API,45,47,23,148.0,3404.0
2018-12-12,2018121201000707,API,45,47,21,148.0,3108.0
2018-12-12,2018121201000834,BOKL,45,59,68,307.0,20876.0
2018-12-12,2018121201000818,BOKL,45,45,141,307.0,43287.0
2018-12-12,2018121201000817,BOKL,53,45,68,307.0,20876.0
2018-12-12,2018121201000541,BOKL,53,25,32,307.0,9824.0
2018-12-12,2018121201000522,BOKL,52,26,150,306.0,45900.0
2018-12-12,2018121201000521,BOKL,22,26,150,306.0,45900.0
2018-12-12,2018121201000433,BOKL,55,41,100,306.0,30600.0
2018-12-12,2018121201000618,BPCL,41,14,10,430.0,4300.0
2018-12-12,2018121201000585,BPCL,7,28,10,435.0,4350.0
2018-12-12,2018121201000584,BPCL,5,28,30,435.0,13050.0
2018-12-12,2018121201000534,BPCL,43,39,10,437.0,4370.0
2018-12-12,2018121201000517,BPCL,5,34,10,435.0,4350.0
2018-12-12,2018121201000392,BPCL,5,14,10,435.0,4350.0
2018-12-12,2018121201000612,CBBL,32,44,100,830.0,83000.0
2018-12-12,2018121201000784,CBL,16,59,10,158.0,1580.0
2018-12-12,2018121201000738,CBL,34,46,200,157.0,31400.0
2018-12-12,2018121201000582,CBL,58,13,100,157.0,15700.0
2018-12-12,2018121201000577,CBL,33,13,100,157.0,15700.0
2018-12-12,2018121201000828,CCBL,16,45,50,172.0,8600.0
2018-12-12,2018121201000827,CCBL,16,45,50,172.0,8600.0
2018-12-12,2018121201000826,CCBL,16,45,50,172.0,8600.0
2018-12-12,2018121201000825,CCBL,16,13,50,172.0,8600.0
2018-12-12,2018121201000824,CCBL,16,48,1165,172.0,200380.0
2018-12-12,2018121201000823,CCBL,16,46,301,172.0,51772.0
2018-12-12,2018121201000567,CCBL,38,17,88,171.0,15048.0
2018-12-12,2018121201000802,CCBL,51,1,10,171.0,1710.0
2018-12-12,2018121201000795,CCBL,51,1,10,171.0,1710.0
2018-12-12,2018121201000791,CCBL,51,1,10,171.0,1710.0
2018-12-12,2018121201000788,CCBL,38,1,10,171.0,1710.0
2018-12-12,2018121201000785,CCBL,38,1,10,171.0,1710.0
2018-12-12,2018121201000611,CCBL,38,38,147,173.0,25431.0
2018-12-12,2018121201000787,CFCL,16,21,10,114.0,1140.0
2018-12-12,2018121201000805,CHCL,43,41,270,648.0,174960.0
2018-12-12,2018121201000701,CHCL,19,34,200,647.0,129400.0
2018-12-12,2018121201000689,CHCL,19,47,200,646.0,129200.0
2018-12-12,2018121201000653,CHCL,48,47,100,647.0,64700.0
2018-12-12,2018121201000621,CHCL,38,38,260,645.0,167700.0
2018-12-12,2018121201000620,CHCL,6,38,16,646.0,10336.0
2018-12-12,2018121201000365,CHCL,22,22,200,641.0,128200.0
2018-12-12,2018121201000364,CHCL,54,22,300,642.0,192600.0
2018-12-12,2018121201000363,CHCL,42,22,214,645.0,138030.0
2018-12-12,2018121201000347,CHCL,42,35,50,645.0,32250.0
2018-12-12,2018121201000342,CHCL,42,39,136,645.0,87720.0
2018-12-12,2018121201000371,CHCL,1,22,100,640.0,64000.0
2018-12-12,2018121201000370,CHCL,16,22,200,640.0,128000.0
2018-12-12,2018121201000369,CHCL,16,22,200,640.0,128000.0
2018-12-12,2018121201000368,CHCL,16,22,200,640.0,128000.0
2018-12-12,2018121201000367,CHCL,36,22,20,640.0,12800.0
2018-12-12,2018121201000366,CHCL,51,22,11,640.0,7040.0
2018-12-12,2018121201000604,CHCL,51,17,42,648.0,27216.0
2018-12-12,2018121201000447,CHCL,43,41,11,646.0,7106.0
2018-12-12,2018121201000446,CHCL,43,16,23,645.0,14835.0
2018-12-12,2018121201000408,CHCL,36,16,160,645.0,103200.0
2018-12-12,2018121201000382,CHCL,42,56,400,645.0,258000.0
2018-12-12,2018121201000372,CHCL,57,22,555,640.0,355200.0
2018-12-12,2018121201000835,CZBIL,29,43,200,212.0,42400.0
2018-12-12,2018121201000812,CZBIL,35,43,50,212.0,10600.0
2018-12-12,2018121201000804,CZBIL,58,43,200,212.0,42400.0
2018-12-12,2018121201000794,CZBIL,19,21,16,211.0,3376.0
2018-12-12,2018121201000793,CZBIL,54,21,184,211.0,38824.0
2018-12-12,2018121201000773,CZBIL,54,58,90,211.0,18990.0
2018-12-12,2018121201000336,CZBIL,34,44,10,213.0,2130.0
2018-12-12,2018121201000351,CZBIL,52,17,203,212.0,43036.0
2018-12-12,2018121201000350,CZBIL,34,17,1000,212.0,212000.0
2018-12-12,2018121201000349,CZBIL,5,17,600,212.0,127200.0
2018-12-12,2018121201000348,CZBIL,28,17,434,212.0,92008.0
2018-12-12,2018121201000338,CZBIL,37,43,400,213.0,85200.0
2018-12-12,2018121201000337,CZBIL,34,43,190,213.0,40470.0
2018-12-12,2018121201000358,CZBIL,33,50,1000,211.0,211000.0
2018-12-12,2018121201000357,CZBIL,43,50,100,211.0,21100.0
2018-12-12,2018121201000356,CZBIL,28,50,500,211.0,105500.0
2018-12-12,2018121201000355,CZBIL,40,50,100,211.0,21100.0
2018-12-12,2018121201000354,CZBIL,17,50,200,211.0,42200.0
2018-12-12,2018121201000353,CZBIL,40,50,100,211.0,21100.0
2018-12-12,2018121201000409,CZBIL,58,43,40,212.0,8480.0
2018-12-12,2018121201000374,CZBIL,58,50,107,211.0,22577.0
2018-12-12,2018121201000362,CZBIL,53,50,500,211.0,105500.0
2018-12-12,2018121201000361,CZBIL,52,50,25,211.0,5275.0
2018-12-12,2018121201000360,CZBIL,34,50,1000,211.0,211000.0
2018-12-12,2018121201000359,CZBIL,58,50,2000,211.0,422000.0
2018-12-12,2018121201000440,CZBIL,58,32,10,212.0,2120.0
2018-12-12,2018121201000439,CZBIL,58,32,10,212.0,2120.0
2018-12-12,2018121201000438,CZBIL,58,32,10,212.0,2120.0
2018-12-12,2018121201000437,CZBIL,58,41,25,212.0,5300.0
2018-12-12,2018121201000411,CZBIL,49,41,40,212.0,8480.0
2018-12-12,2018121201000410,CZBIL,49,43,460,212.0,97520.0
2018-12-12,2018121201000463,CZBIL,41,43,2000,211.0,422000.0
2018-12-12,2018121201000462,CZBIL,58,43,893,211.0,188423.0
2018-12-12,2018121201000452,CZBIL,22,51,45,212.0,9540.0
2018-12-12,2018121201000445,CZBIL,22,43,155,212.0,32860.0
2018-12-12,2018121201000444,CZBIL,58,43,345,212.0,73140.0
2018-12-12,2018121201000441,CZBIL,58,39,100,212.0,21200.0
2018-12-12,2018121201000479,CZBIL,38,51,555,212.0,117660.0
2018-12-12,2018121201000476,CZBIL,34,14,407,211.0,85877.0
2018-12-12,2018121201000475,CZBIL,1,14,93,211.0,19623.0
2018-12-12,2018121201000466,CZBIL,1,43,407,211.0,85877.0
2018-12-12,2018121201000465,CZBIL,37,43,500,211.0,105500.0
2018-12-12,2018121201000464,CZBIL,6,43,100,211.0,21100.0
2018-12-12,2018121201000506,CZBIL,38,1,1234,212.0,261608.0
2018-12-12,2018121201000487,CZBIL,36,43,100,211.0,21100.0
2018-12-12,2018121201000483,CZBIL,36,43,1807,211.0,381277.0
2018-12-12,2018121201000482,CZBIL,5,43,400,211.0,84400.0
2018-12-12,2018121201000481,CZBIL,53,43,200,211.0,42200.0
2018-12-12,2018121201000480,CZBIL,34,43,93,211.0,19623.0
2018-12-12,2018121201000547,CZBIL,28,25,129,212.0,27348.0
2018-12-12,2018121201000544,CZBIL,28,45,31,212.0,6572.0
2018-12-12,2018121201000530,CZBIL,28,43,500,212.0,106000.0
2018-12-12,2018121201000529,CZBIL,28,54,100,212.0,21200.0
2018-12-12,2018121201000514,CZBIL,36,11,75,211.0,15825.0
2018-12-12,2018121201000513,CZBIL,8,11,25,212.0,5300.0
2018-12-12,2018121201000563,CZBIL,25,42,100,212.0,21200.0
2018-12-12,2018121201000562,CZBIL,26,13,100,212.0,21200.0
2018-12-12,2018121201000561,CZBIL,35,13,140,212.0,29680.0
2018-12-12,2018121201000554,CZBIL,35,43,60,212.0,12720.0
2018-12-12,2018121201000553,CZBIL,52,43,200,212.0,42400.0
2018-12-12,2018121201000552,CZBIL,28,43,240,212.0,50880.0
2018-12-12,2018121201000637,CZBIL,34,54,371,211.0,78281.0
2018-12-12,2018121201000636,CZBIL,34,54,555,211.0,117105.0
2018-12-12,2018121201000635,CZBIL,32,54,49,212.0,10388.0
2018-12-12,2018121201000626,CZBIL,34,36,445,211.0,93895.0
2018-12-12,2018121201000625,CZBIL,36,36,18,211.0,3798.0
2018-12-12,2018121201000586,CZBIL,25,56,100,212.0,21200.0
2018-12-12,2018121201000648,CZBIL,54,32,49,211.0,10339.0
2018-12-12,2018121201000643,CZBIL,54,26,177,211.0,37347.0
2018-12-12,2018121201000642,CZBIL,51,26,300,211.0,63300.0
2018-12-12,2018121201000641,CZBIL,13,26,40,211.0,8440.0
2018-12-12,2018121201000640,CZBIL,58,26,1000,211.0,211000.0
2018-12-12,2018121201000639,CZBIL,34,26,129,211.0,27219.0
2018-12-12,2018121201000702,CZBIL,51,37,200,212.0,42400.0
2018-12-12,2018121201000698,CZBIL,51,42,38,212.0,8056.0
2018-12-12,2018121201000696,CZBIL,17,42,62,212.0,13144.0
2018-12-12,2018121201000695,CZBIL,17,43,38,212.0,8056.0
2018-12-12,2018121201000679,CZBIL,22,43,200,212.0,42400.0
2018-12-12,2018121201000659,CZBIL,49,43,262,212.0,55544.0
2018-12-12,2018121201000758,CZBIL,49,56,17,212.0,3604.0
2018-12-12,2018121201000750,CZBIL,49,56,33,212.0,6996.0
2018-12-12,2018121201000749,CZBIL,37,56,267,212.0,56604.0
2018-12-12,2018121201000737,CZBIL,37,43,383,212.0,81196.0
2018-12-12,2018121201000736,CZBIL,51,43,117,212.0,24804.0
2018-12-12,2018121201000711,CZBIL,51,54,145,212.0,30740.0
2018-12-12,2018121201000663,DBBL,26,33,176,125.0,22000.0
2018-12-12,2018121201000565,DDBL,7,44,95,574.0,54530.0
2018-12-12,2018121201000498,DDBL,34,44,50,574.0,28700.0
2018-12-12,2018121201000497,DDBL,34,44,25,575.0,14375.0
2018-12-12,2018121201000776,EBL,47,19,300,519.0,155700.0
2018-12-12,2018121201000652,EBL,13,49,100,518.0,51800.0
2018-12-12,2018121201000651,EBL,50,49,50,518.0,25900.0
2018-12-12,2018121201000603,EBL,26,48,100,520.0,52000.0
2018-12-12,2018121201000602,EBL,44,48,188,520.0,97760.0
2018-12-12,2018121201000412,EBL,54,21,40,520.0,20800.0
2018-12-12,2018121201000477,EBL,58,21,50,520.0,26000.0
2018-12-12,2018121201000468,EBL,38,21,500,520.0,260000.0
2018-12-12,2018121201000456,EBL,54,21,10,520.0,5200.0
2018-12-12,2018121201000431,EBL,46,21,50,520.0,26000.0
2018-12-12,2018121201000416,EBL,54,21,40,520.0,20800.0
2018-12-12,2018121201000413,EBL,54,21,20,520.0,10400.0
2018-12-12,2018121201000579,EBL,44,25,12,520.0,6240.0
2018-12-12,2018121201000566,EBL,21,25,10,520.0,5200.0
2018-12-12,2018121201000548,EBL,46,41,20,520.0,10400.0
2018-12-12,2018121201000545,EBL,37,41,20,520.0,10400.0
2018-12-12,2018121201000531,EBL,21,21,11,520.0,5720.0
2018-12-12,2018121201000520,EBL,20,21,100,520.0,52000.0
2018-12-12,2018121201000807,EIC,38,17,30,735.0,22050.0
2018-12-12,2018121201000806,EIC,47,17,300,735.0,220500.0
2018-12-12,2018121201000508,EIC,5,17,250,735.0,183750.0
2018-12-12,2018121201000459,FMDBL,26,52,275,337.0,92675.0
2018-12-12,2018121201000458,FMDBL,26,57,200,335.0,67000.0
2018-12-12,2018121201000423,FMDBL,16,57,100,335.0,33500.0
2018-12-12,2018121201000400,FMDBL,17,52,25,337.0,8425.0
2018-12-12,2018121201000808,GBIME,16,16,50,316.0,15800.0
2018-12-12,2018121201000792,GBIME,16,16,10,316.0,3160.0
2018-12-12,2018121201000709,GBIME,33,13,45,315.0,14175.0
2018-12-12,2018121201000726,HBL,42,33,314,505.0,158570.0
2018-12-12,2018121201000799,HIDCL,1,50,72,147.0,10584.0
2018-12-12,2018121201000798,HIDCL,1,41,28,147.0,4116.0
2018-12-12,2018121201000756,HPPL,1,42,210,183.0,38430.0
2018-12-12,2018121201000686,HPPL,42,19,10,180.0,1800.0
2018-12-12,2018121201000693,ICFC,45,28,2000,153.0,306000.0
2018-12-12,2018121201000699,JBBL,38,25,94,138.0,12972.0
2018-12-12,2018121201000697,JBBL,38,22,16,137.0,2192.0
2018-12-12,2018121201000692,JBBL,58,38,110,135.0,14850.0
2018-12-12,2018121201000655,JBBL,33,28,100,136.0,13600.0
2018-12-12,2018121201000654,JBBL,25,28,68,136.0,9248.0
2018-12-12,2018121201000667,JBNL,57,39,266,174.0,46284.0
2018-12-12,2018121201000634,JBNL,57,34,200,174.0,34800.0
2018-12-12,2018121201000472,JBNL,44,47,2900,174.0,504600.0
2018-12-12,2018121201000377,JBNL,17,16,100,175.0,17500.0
2018-12-12,2018121201000833,KBL,13,40,16,244.0,3904.0
2018-12-12,2018121201000832,KBL,13,53,100,244.0,24400.0
2018-12-12,2018121201000831,KBL,13,52,100,244.0,24400.0
2018-12-12,2018121201000578,KBL,57,17,50,243.0,12150.0
2018-12-12,2018121201000507,KBL,46,17,1000,244.0,244000.0
2018-12-12,2018121201000379,KMCDB,33,7,50,740.0,37000.0
2018-12-12,2018121201000378,KMCDB,57,7,100,741.0,74100.0
2018-12-12,2018121201000814,KPCL,13,45,10,104.0,1040.0
2018-12-12,2018121201000813,KPCL,13,19,10,103.0,1030.0
2018-12-12,2018121201000672,KPCL,22,1,10,102.0,1020.0
2018-12-12,2018121201000568,KPCL,22,43,10,102.0,1020.0
2018-12-12,2018121201000560,KPCL,13,25,10,102.0,1020.0
2018-12-12,2018121201000345,KPCL,13,20,10,102.0,1020.0
2018-12-12,2018121201000455,KPCL,13,20,10,102.0,1020.0
2018-12-12,2018121201000435,KPCL,13,20,10,102.0,1020.0
2018-12-12,2018121201000414,KPCL,13,20,10,102.0,1020.0
2018-12-12,2018121201000401,KPCL,13,20,10,102.0,1020.0
2018-12-12,2018121201000394,KPCL,13,20,10,102.0,1020.0
2018-12-12,2018121201000376,KPCL,13,20,10,102.0,1020.0
2018-12-12,2018121201000669,KRBL,58,28,10,100.0,1000.0
2018-12-12,2018121201000556,KRBL,58,28,500,100.0,50000.0
2018-12-12,2018121201000688,LBBL,59,43,425,161.0,68425.0
2018-12-12,2018121201000646,LBBL,38,38,110,162.0,17820.0
2018-12-12,2018121201000415,LBL,32,51,472,219.0,103368.0
2018-12-12,2018121201000638,LGIL,44,52,67,441.0,29547.0
2018-12-12,2018121201000650,LLBS,8,57,30,690.0,20700.0
2018-12-12,2018121201000649,LLBS,57,57,50,690.0,34500.0
2018-12-12,2018121201000781,MEGA,13,58,19,187.0,3553.0
2018-12-12,2018121201000780,MEGA,33,58,100,187.0,18700.0
2018-12-12,2018121201000779,MEGA,57,58,100,187.0,18700.0
2018-12-12,2018121201000778,MEGA,39,58,81,187.0,15147.0
2018-12-12,2018121201000725,MEGA,39,1,19,187.0,3553.0
2018-12-12,2018121201000724,MEGA,39,1,50,187.0,9350.0
2018-12-12,2018121201000594,MEGA,42,45,30,190.0,5700.0
2018-12-12,2018121201000391,MEGA,39,14,31,187.0,5797.0
2018-12-12,2018121201000344,MEGA,39,14,19,187.0,3553.0
2018-12-12,2018121201000343,MEGA,56,14,12,187.0,2244.0
2018-12-12,2018121201000591,MEGAPO,57,49,20000,108.0,2160000.0
2018-12-12,2018121201000590,MEGAPO,57,49,20000,108.0,2160000.0
2018-12-12,2018121201000789,MERO,50,39,52,940.0,48880.0
2018-12-12,2018121201000754,MLBL,55,40,190,168.0,31920.0
2018-12-12,2018121201000753,MLBL,49,40,10,169.0,1690.0
2018-12-12,2018121201000705,MLBL,49,37,40,169.0,6760.0
2018-12-12,2018121201000532,MLBL,37,37,84,171.0,14364.0
2018-12-12,2018121201000829,MMFDB,44,28,200,966.0,193200.0
2018-12-12,2018121201000770,MMFDB,45,58,50,980.0,49000.0
2018-12-12,2018121201000757,MNBBL,16,41,10,347.0,3470.0
2018-12-12,2018121201000739,MNBBL,29,1,16,342.0,5472.0
2018-12-12,2018121201000503,MNBBL,29,51,931,342.0,318402.0
2018-12-12,2018121201000502,MNBBL,55,51,500,342.0,171000.0
2018-12-12,2018121201000732,NABIL,13,3,70,852.0,59640.0
2018-12-12,2018121201000731,NABIL,36,3,30,852.0,25560.0
2018-12-12,2018121201000730,NABIL,13,3,100,853.0,85300.0
2018-12-12,2018121201000729,NABIL,22,3,50,853.0,42650.0
2018-12-12,2018121201000728,NABIL,40,3,50,853.0,42650.0
2018-12-12,2018121201000727,NABIL,57,3,100,854.0,85400.0
2018-12-12,2018121201000470,NABIL,17,5,20,860.0,17200.0
2018-12-12,2018121201000340,NABIL,55,5,80,860.0,68800.0
2018-12-12,2018121201000339,NABIL,55,17,20,855.0,17100.0
2018-12-12,2018121201000551,NABIL,8,51,100,855.0,85500.0
2018-12-12,2018121201000494,NABIL,50,51,50,855.0,42750.0
2018-12-12,2018121201000493,NABIL,54,51,40,855.0,34200.0
2018-12-12,2018121201000492,NABIL,54,51,40,855.0,34200.0
2018-12-12,2018121201000491,NABIL,54,51,40,855.0,34200.0
2018-12-12,2018121201000471,NABIL,17,3,80,860.0,68800.0
2018-12-12,2018121201000759,NADEP,50,58,10,705.0,7050.0
2018-12-12,2018121201000720,NADEP,43,26,10,705.0,7050.0
2018-12-12,2018121201000708,NADEP,43,26,10,705.0,7050.0
2018-12-12,2018121201000677,NADEP,39,38,10,706.0,7060.0
2018-12-12,2018121201000658,NADEP,5,38,10,706.0,7060.0
2018-12-12,2018121201000647,NADEP,5,19,10,706.0,7060.0
2018-12-12,2018121201000610,NADEP,43,14,10,705.0,7050.0
2018-12-12,2018121201000747,NBL,43,53,100,297.0,29700.0
2018-12-12,2018121201000741,NBL,43,53,200,297.0,59400.0
2018-12-12,2018121201000740,NBL,43,45,200,297.0,59400.0
2018-12-12,2018121201000685,NBL,57,22,100,297.0,29700.0
2018-12-12,2018121201000684,NBL,57,16,500,297.0,148500.0
2018-12-12,2018121201000683,NBL,57,38,2100,297.0,623700.0
2018-12-12,2018121201000682,NBL,57,6,80,297.0,23760.0
2018-12-12,2018121201000528,NBL,43,6,70,297.0,20790.0
2018-12-12,2018121201000527,NBL,43,13,100,297.0,29700.0
2018-12-12,2018121201000526,NBL,43,56,330,297.0,98010.0
2018-12-12,2018121201000516,NBL,21,56,20,297.0,5940.0
2018-12-12,2018121201000509,NBL,43,56,500,297.0,148500.0
2018-12-12,2018121201000810,NCCB,38,33,1000,204.0,204000.0
2018-12-12,2018121201000774,NCCB,54,33,1000,204.0,204000.0
2018-12-12,2018121201000680,NCCB,41,33,600,204.0,122400.0
2018-12-12,2018121201000581,NCCB,45,33,400,204.0,81600.0
2018-12-12,2018121201000580,NCCB,45,8,600,204.0,122400.0
2018-12-12,2018121201000490,NCCB,44,17,1781,203.0,361543.0
2018-12-12,2018121201000489,NCCB,33,17,1000,203.0,203000.0
2018-12-12,2018121201000488,NCCB,8,17,200,203.0,40600.0
2018-12-12,2018121201000460,NCCB,21,8,200,204.0,40800.0
2018-12-12,2018121201000404,NCCB,41,33,400,204.0,81600.0
2018-12-12,2018121201000384,NCCB,36,17,500,205.0,102500.0
2018-12-12,2018121201000381,NCCB,44,33,2883,204.0,588132.0
2018-12-12,2018121201000352,NCCBPO,28,19,1500,130.0,195000.0
2018-12-12,2018121201000341,NCCBPO,28,19,1500,130.0,195000.0
2018-12-12,2018121201000478,NGPL,21,32,11,126.0,1386.0
2018-12-12,2018121201000744,NIB,45,46,37,649.0,24013.0
2018-12-12,2018121201000706,NIB,13,44,18,650.0,11700.0
2018-12-12,2018121201000704,NIB,13,32,232,650.0,150800.0
2018-12-12,2018121201000676,NIB,45,45,50,649.0,32450.0
2018-12-12,2018121201000674,NIB,45,45,50,649.0,32450.0
2018-12-12,2018121201000662,NIB,43,32,27,650.0,17550.0
2018-12-12,2018121201000387,NIB,25,19,225,650.0,146250.0
2018-12-12,2018121201000386,NIB,53,19,20,650.0,13000.0
2018-12-12,2018121201000385,NIB,6,19,60,650.0,39000.0
2018-12-12,2018121201000346,NIB,55,8,100,651.0,65100.0
2018-12-12,2018121201000467,NIB,41,42,23,650.0,14950.0
2018-12-12,2018121201000461,NIB,8,8,50,651.0,32550.0
2018-12-12,2018121201000398,NIB,26,8,50,651.0,32550.0
2018-12-12,2018121201000390,NIB,41,8,20,651.0,13020.0
2018-12-12,2018121201000389,NIB,41,19,66,650.0,42900.0
2018-12-12,2018121201000388,NIB,41,19,100,650.0,65000.0
2018-12-12,2018121201000572,NIB,45,25,140,650.0,91000.0
2018-12-12,2018121201000571,NIB,42,25,100,650.0,65000.0
2018-12-12,2018121201000570,NIB,1,25,478,650.0,310700.0
2018-12-12,2018121201000550,NIB,1,45,22,650.0,14300.0
2018-12-12,2018121201000549,NIB,41,45,61,650.0,39650.0
2018-12-12,2018121201000546,NIB,8,8,100,651.0,65100.0
2018-12-12,2018121201000605,NIB,43,32,241,650.0,156650.0
2018-12-12,2018121201000587,NIB,43,45,200,650.0,130000.0
2018-12-12,2018121201000576,NIB,43,25,59,650.0,38350.0
2018-12-12,2018121201000575,NIB,57,25,100,650.0,65000.0
2018-12-12,2018121201000574,NIB,19,25,200,650.0,130000.0
2018-12-12,2018121201000573,NIB,54,25,100,650.0,65000.0
2018-12-12,2018121201000661,NIB,41,32,100,650.0,65000.0
2018-12-12,2018121201000660,NIB,46,32,100,650.0,65000.0
2018-12-12,2018121201000609,NIB,35,32,150,650.0,97500.0
2018-12-12,2018121201000608,NIB,45,32,500,650.0,325000.0
2018-12-12,2018121201000607,NIB,47,32,100,650.0,65000.0
2018-12-12,2018121201000606,NIB,53,32,50,650.0,32500.0
2018-12-12,2018121201000769,NIBPO,17,53,200,580.0,116000.0
2018-12-12,2018121201000596,NIBPO,17,18,100,580.0,58000.0
2018-12-12,2018121201000484,NIBPO,8,6,1000,580.0,580000.0
2018-12-12,2018121201000762,NICA,14,16,17,375.0,6375.0
2018-12-12,2018121201000722,NICA,14,22,40,375.0,15000.0
2018-12-12,2018121201000645,NICA,33,22,100,375.0,37500.0
2018-12-12,2018121201000644,NICA,41,22,20,375.0,7500.0
2018-12-12,2018121201000627,NICA,45,58,380,376.0,142880.0
2018-12-12,2018121201000623,NICA,45,48,1000,376.0,376000.0
2018-12-12,2018121201000593,NICA,22,17,49,377.0,18473.0
2018-12-12,2018121201000583,NICA,22,32,51,377.0,19227.0
2018-12-12,2018121201000499,NICA,45,44,120,376.0,45120.0
2018-12-12,2018121201000496,NICA,41,47,30,375.0,11250.0
2018-12-12,2018121201000616,NIL,6,25,196,433.0,84868.0
2018-12-12,2018121201000589,NIL,45,25,200,433.0,86600.0
2018-12-12,2018121201000540,NIL,53,48,50,435.0,21750.0
2018-12-12,2018121201000542,NLBBL,52,39,10,495.0,4950.0
2018-12-12,2018121201000822,NLIC,34,17,150,925.0,138750.0
2018-12-12,2018121201000821,NLIC,34,13,17,924.0,15708.0
2018-12-12,2018121201000751,NLIC,57,17,50,925.0,46250.0
2018-12-12,2018121201000675,NLIC,41,8,200,923.0,184600.0
2018-12-12,2018121201000666,NLIC,34,51,88,925.0,81400.0
2018-12-12,2018121201000665,NLIC,34,17,200,925.0,185000.0
2018-12-12,2018121201000419,NLIC,26,21,50,922.0,46100.0
2018-12-12,2018121201000418,NLIC,36,21,24,925.0,22200.0
2018-12-12,2018121201000403,NLIC,36,53,476,925.0,440300.0
2018-12-12,2018121201000375,NLIC,59,53,21,925.0,19425.0
2018-12-12,2018121201000505,NLIC,29,44,92,921.0,84732.0
2018-12-12,2018121201000504,NLIC,6,44,50,921.0,46050.0
2018-12-12,2018121201000495,NLIC,32,32,44,922.0,40568.0
2018-12-12,2018121201000422,NLIC,6,21,202,921.0,186042.0
2018-12-12,2018121201000421,NLIC,58,21,100,921.0,92100.0
2018-12-12,2018121201000420,NLIC,19,21,50,921.0,46050.0
2018-12-12,2018121201000664,NLIC,34,21,40,925.0,37000.0
2018-12-12,2018121201000599,NLIC,37,38,26,921.0,23946.0
2018-12-12,2018121201000598,NLIC,32,38,56,921.0,51576.0
2018-12-12,2018121201000597,NLIC,58,38,18,921.0,16578.0
2018-12-12,2018121201000525,NLIC,58,6,82,921.0,75522.0
2018-12-12,2018121201000524,NLIC,29,6,18,921.0,16578.0
2018-12-12,2018121201000820,NMB,58,33,210,364.0,76440.0
2018-12-12,2018121201000819,NMB,34,33,40,364.0,14560.0
2018-12-12,2018121201000786,NMB,58,56,115,365.0,41975.0
2018-12-12,2018121201000783,NMB,34,58,115,364.0,41860.0
2018-12-12,2018121201000768,NMB,34,8,500,364.0,182000.0
2018-12-12,2018121201000752,NMB,34,35,45,364.0,16380.0
2018-12-12,2018121201000430,NMB,34,28,110,364.0,40040.0
2018-12-12,2018121201000399,NMB,34,41,100,364.0,36400.0
2018-12-12,2018121201000393,NMB,34,6,500,364.0,182000.0
2018-12-12,2018121201000691,NMB,34,28,300,364.0,109200.0
2018-12-12,2018121201000539,NMB,40,56,1592,365.0,581080.0
2018-12-12,2018121201000538,NMB,40,34,133,365.0,48545.0
2018-12-12,2018121201000537,NMB,40,34,250,364.0,91000.0
2018-12-12,2018121201000536,NMB,40,59,25,364.0,9100.0
2018-12-12,2018121201000474,NMB,34,59,20,364.0,7280.0
2018-12-12,2018121201000592,NMFBS,7,47,26,1362.0,35412.0
2018-12-12,2018121201000555,NSEWA,22,58,10,520.0,5200.0
2018-12-12,2018121201000429,NUBL,4,21,80,686.0,54880.0
2018-12-12,2018121201000428,NUBL,37,21,50,686.0,34300.0
2018-12-12,2018121201000427,NUBL,44,21,10,686.0,6860.0
2018-12-12,2018121201000426,NUBL,14,21,10,687.0,6870.0
2018-12-12,2018121201000425,NUBL,34,21,50,687.0,34350.0
2018-12-12,2018121201000763,PCBL,16,46,10,318.0,3180.0
2018-12-12,2018121201000748,PCBL,26,51,93,318.0,29574.0
2018-12-12,2018121201000485,PCBL,10,10,9000,319.0,2871000.0
2018-12-12,2018121201000473,PCBL,10,10,1000,319.0,319000.0
2018-12-12,2018121201000765,PFL,16,34,10,133.0,1330.0
2018-12-12,2018121201000782,PIC,39,39,13,890.0,11570.0
2018-12-12,2018121201000743,PIC,39,56,16,890.0,14240.0
2018-12-12,2018121201000622,PIC,39,14,11,890.0,9790.0
2018-12-12,2018121201000523,PIC,47,48,100,896.0,89600.0
2018-12-12,2018121201000700,PLIC,19,44,235,405.0,95175.0
2018-12-12,2018121201000501,PLIC,59,44,100,405.0,40500.0
2018-12-12,2018121201000500,PLIC,19,44,30,406.0,12180.0
2018-12-12,2018121201000668,PMHPL,46,1,10,116.0,1160.0
2018-12-12,2018121201000624,PMHPL,46,14,10,116.0,1160.0
2018-12-12,2018121201000614,PMHPL,46,14,10,116.0,1160.0
2018-12-12,2018121201000595,PMHPL,46,25,10,116.0,1160.0
2018-12-12,2018121201000518,PMHPL,46,34,10,116.0,1160.0
2018-12-12,2018121201000453,PMHPL,46,20,10,116.0,1160.0
2018-12-12,2018121201000373,PMHPL,46,20,10,116.0,1160.0
2018-12-12,2018121201000436,PMHPL,46,20,10,116.0,1160.0
2018-12-12,2018121201000417,PMHPL,46,20,10,116.0,1160.0
2018-12-12,2018121201000407,PMHPL,46,20,10,116.0,1160.0
2018-12-12,2018121201000395,PMHPL,46,20,10,116.0,1160.0
2018-12-12,2018121201000383,PMHPL,46,20,10,116.0,1160.0
2018-12-12,2018121201000380,PMHPL,46,14,10,116.0,1160.0
2018-12-12,2018121201000803,PRVU,16,14,10,246.0,2460.0
2018-12-12,2018121201000771,PRVU,16,14,10,246.0,2460.0
2018-12-12,2018121201000723,PRVU,34,14,10,246.0,2460.0
2018-12-12,2018121201000809,RLFL,16,5,10,119.0,1190.0
2018-12-12,2018121201000777,RLFL,16,5,10,119.0,1190.0
2018-12-12,2018121201000742,RLFL,1,16,101,117.0,11817.0
2018-12-12,2018121201000631,RLFL,38,38,260,118.0,30680.0
2018-12-12,2018121201000633,RRHP,58,51,20,107.0,2140.0
2018-12-12,2018121201000632,RRHP,58,51,30,107.0,3210.0
2018-12-12,2018121201000628,RRHP,48,51,170,107.0,18190.0
2018-12-12,2018121201000615,RRHP,48,14,10,107.0,1070.0
2018-12-12,2018121201000613,RRHP,48,25,10,107.0,1070.0
2018-12-12,2018121201000772,RSDC,58,45,50,380.0,19000.0
2018-12-12,2018121201000767,RSDC,13,58,20,374.0,7480.0
2018-12-12,2018121201000766,RSDC,6,58,30,374.0,11220.0
2018-12-12,2018121201000694,SADBL,38,34,74,141.0,10434.0
2018-12-12,2018121201000690,SADBL,1,38,21,138.0,2898.0
2018-12-12,2018121201000687,SADBL,26,38,53,140.0,7420.0
2018-12-12,2018121201000656,SADBL,26,1,131,140.0,18340.0
2018-12-12,2018121201000454,SAEF,16,14,500,8.69,4345.0
2018-12-12,2018121201000816,SANIMA,16,41,10,303.0,3030.0
2018-12-12,2018121201000735,SANIMA,57,37,42,301.0,12642.0
2018-12-12,2018121201000734,SANIMA,57,37,100,301.0,30100.0
2018-12-12,2018121201000733,SANIMA,16,37,20,302.0,6040.0
2018-12-12,2018121201000510,SANIMA,21,41,20,303.0,6060.0
2018-12-12,2018121201000719,SBI,4,4,4254,390.0,1659060.0
2018-12-12,2018121201000718,SBI,7,4,100,390.0,39000.0
2018-12-12,2018121201000717,SBI,22,4,100,390.0,39000.0
2018-12-12,2018121201000716,SBI,11,4,50,391.0,19550.0
2018-12-12,2018121201000715,SBI,38,4,363,392.0,142296.0
2018-12-12,2018121201000714,SBI,6,4,50,393.0,19650.0
2018-12-12,2018121201000448,SBI,33,21,100,399.0,39900.0
2018-12-12,2018121201000402,SBI,19,17,25,400.0,10000.0
2018-12-12,2018121201000397,SBI,19,17,25,400.0,10000.0
2018-12-12,2018121201000713,SBI,39,4,50,394.0,19700.0
2018-12-12,2018121201000712,SBI,17,4,33,395.0,13035.0
2018-12-12,2018121201000619,SBI,17,25,18,395.0,7110.0
2018-12-12,2018121201000451,SBI,17,21,49,395.0,19355.0
2018-12-12,2018121201000450,SBI,13,21,100,397.0,39700.0
2018-12-12,2018121201000449,SBI,57,21,100,398.0,39800.0
2018-12-12,2018121201000443,SBL,52,21,179,300.0,53700.0
2018-12-12,2018121201000442,SBL,36,21,30,303.0,9090.0
2018-12-12,2018121201000764,SCB,20,56,100,604.0,60400.0
2018-12-12,2018121201000755,SCB,20,56,50,604.0,30200.0
2018-12-12,2018121201000434,SCB,54,21,40,605.0,24200.0
2018-12-12,2018121201000432,SCB,54,21,20,605.0,12100.0
2018-12-12,2018121201000424,SCB,54,21,40,605.0,24200.0
2018-12-12,2018121201000543,SCB,14,41,10,603.0,6030.0
2018-12-12,2018121201000535,SCB,14,41,10,603.0,6030.0
2018-12-12,2018121201000519,SCB,14,34,20,603.0,12060.0
2018-12-12,2018121201000512,SCB,22,53,50,605.0,30250.0
2018-12-12,2018121201000511,SCB,22,21,50,605.0,30250.0
2018-12-12,2018121201000469,SCB,39,21,150,605.0,90750.0
2018-12-12,2018121201000601,SCB,22,7,50,603.0,30150.0
2018-12-12,2018121201000600,SCB,14,7,110,603.0,66330.0
2018-12-12,2018121201000588,SCB,14,45,50,603.0,30150.0
2018-12-12,2018121201000830,SHINE,16,45,10,235.0,2350.0
2018-12-12,2018121201000617,SHL,6,45,100,209.0,20900.0
2018-12-12,2018121201000681,SHPC,22,41,36,226.0,8136.0
2018-12-12,2018121201000564,SHPC,47,4,1500,225.0,337500.0
2018-12-12,2018121201000457,SHPC,51,4,100,227.0,22700.0
2018-12-12,2018121201000406,SHPC,47,21,489,225.0,110025.0
2018-12-12,2018121201000405,SHPC,45,21,11,226.0,2486.0
2018-12-12,2018121201000629,SICL,38,38,100,772.0,77200.0
2018-12-12,2018121201000396,SICL,44,33,10,775.0,7750.0
2018-12-12,2018121201000800,SIL,43,33,10,563.0,5630.0
2018-12-12,2018121201000797,SIL,43,39,50,561.0,28050.0
2018-12-12,2018121201000790,SIL,1,39,50,551.0,27550.0
2018-12-12,2018121201000801,SKBBL,34,28,100,999.0,99900.0
2018-12-12,2018121201000703,SKBBL,8,37,25,991.0,24775.0
2018-12-12,2018121201000673,SLBBL,58,57,15,529.0,7935.0
2018-12-12,2018121201000815,SLICL,34,6,100,465.0,46500.0
2018-12-12,2018121201000746,SLICL,41,34,100,464.0,46400.0
2018-12-12,2018121201000671,SLICL,59,48,500,465.0,232500.0
2018-12-12,2018121201000670,SLICL,40,48,50,465.0,23250.0
2018-12-12,2018121201000745,SPDL,49,58,10,95.0,950.0
2018-12-12,2018121201000559,SRBL,56,48,200,216.0,43200.0
2018-12-12,2018121201000558,SRBL,17,48,100,216.0,21600.0
2018-12-12,2018121201000557,SRBL,14,48,100,217.0,21700.0
2018-12-12,2018121201000721,VLBS,34,29,18,729.0,13122.0
