nohup: ignoring input
Running: manual backfill run (2015-01-01 to 2026-07-04)
  2015-01-03: no data (holiday or out of archive range)
  2015-01-02: no data (holiday or out of archive range)
  2015-01-01: wrote 1988 rows (note: grid rendered 1988 rows vs 1999 reported — known upstream row-numbering gaps, not a scraping error)
  2015-01-04: wrote 2343 rows (note: grid rendered 2343 rows vs 2374 reported — known upstream row-numbering gaps, not a scraping error)
  2015-01-05: wrote 2495 rows (note: grid rendered 2495 rows vs 2499 reported — known upstream row-numbering gaps, not a scraping error)
  2015-01-06: wrote 2251 rows (note: grid rendered 2251 rows vs 2256 reported — known upstream row-numbering gaps, not a scraping error)
  2015-01-07: wrote 2289 rows (note: grid rendered 2289 rows vs 2293 reported — known upstream row-numbering gaps, not a scraping error)
  2015-01-10: no data (holiday or out of archive range)
  2015-01-09: no data (holiday or out of archive range)
  2015-01-08: wrote 2404 rows (note: grid rendered 2404 rows vs 2420 reported — known upstream row-numbering gaps, not a scraping error)
  2015-01-13: wrote 1833 rows (note: grid rendered 1833 rows vs 1835 reported — known upstream row-numbering gaps, not a scraping error)
  2015-01-11: wrote 2196 rows (note: grid rendered 2196 rows vs 2203 reported — known upstream row-numbering gaps, not a scraping error)
  2015-01-12: wrote 1982 rows (note: grid rendered 1982 rows vs 1985 reported — known upstream row-numbering gaps, not a scraping error)
  2015-01-16: no data (holiday or out of archive range)
  2015-01-15: no data (holiday or out of archive range)
  2015-01-14: wrote 2336 rows (note: grid rendered 2336 rows vs 2346 reported — known upstream row-numbering gaps, not a scraping error)
  2015-01-17: no data (holiday or out of archive range)
  2015-01-18: wrote 2551 rows (note: grid rendered 2551 rows vs 2557 reported — known upstream row-numbering gaps, not a scraping error)
  2015-01-19: wrote 3233 rows (note: grid rendered 3233 rows vs 3243 reported — known upstream row-numbering gaps, not a scraping error)
  2015-01-20: wrote 2180 rows (note: grid rendered 2180 rows vs 2196 reported — known upstream row-numbering gaps, not a scraping error)
  2015-01-21: no data (holiday or out of archive range)
  2015-01-23: no data (holiday or out of archive range)
  2015-01-24: no data (holiday or out of archive range)
  2015-01-22: wrote 1969 rows (note: grid rendered 1969 rows vs 1970 reported — known upstream row-numbering gaps, not a scraping error)
  2015-01-25: wrote 2488 rows (note: grid rendered 2488 rows vs 2497 reported — known upstream row-numbering gaps, not a scraping error)
  2015-01-27: wrote 2642 rows (note: grid rendered 2642 rows vs 2646 reported — known upstream row-numbering gaps, not a scraping error)
  2015-01-26: wrote 2934 rows (note: grid rendered 2934 rows vs 2937 reported — known upstream row-numbering gaps, not a scraping error)
  2015-01-30: no data (holiday or out of archive range)
  2015-01-29: wrote 3006 rows (note: grid rendered 3006 rows vs 3059 reported — known upstream row-numbering gaps, not a scraping error)
  2015-01-28: wrote 2502 rows (note: grid rendered 2502 rows vs 2524 reported — known upstream row-numbering gaps, not a scraping error)
  2015-01-31: no data (holiday or out of archive range)
  2015-02-01: wrote 2578 rows (note: grid rendered 2578 rows vs 2584 reported — known upstream row-numbering gaps, not a scraping error)
  2015-02-03: wrote 2276 rows (note: grid rendered 2276 rows vs 2300 reported — known upstream row-numbering gaps, not a scraping error)
  2015-02-02: wrote 2898 rows (note: grid rendered 2898 rows vs 2929 reported — known upstream row-numbering gaps, not a scraping error)
  2015-02-04: wrote 2790 rows (note: grid rendered 2790 rows vs 2814 reported — known upstream row-numbering gaps, not a scraping error)
  2015-02-06: no data (holiday or out of archive range)
  2015-02-07: no data (holiday or out of archive range)
  2015-02-05: wrote 2376 rows (note: grid rendered 2376 rows vs 2389 reported — known upstream row-numbering gaps, not a scraping error)
  2015-02-09: wrote 2805 rows (note: grid rendered 2805 rows vs 2807 reported — known upstream row-numbering gaps, not a scraping error)
  2015-02-08: wrote 2634 rows (note: grid rendered 2634 rows vs 2640 reported — known upstream row-numbering gaps, not a scraping error)
  2015-02-10: wrote 2912 rows (note: grid rendered 2912 rows vs 2920 reported — known upstream row-numbering gaps, not a scraping error)
  2015-02-13: no data (holiday or out of archive range)
  2015-02-12: wrote 2466 rows (note: grid rendered 2466 rows vs 2484 reported — known upstream row-numbering gaps, not a scraping error)
  2015-02-11: wrote 2001 rows (note: grid rendered 2001 rows vs 2018 reported — known upstream row-numbering gaps, not a scraping error)
  2015-02-14: no data (holiday or out of archive range)
  2015-02-17: no data (holiday or out of archive range)
  2015-02-16: wrote 2544 rows (note: grid rendered 2544 rows vs 2549 reported — known upstream row-numbering gaps, not a scraping error)
  2015-02-15: wrote 2629 rows (note: grid rendered 2629 rows vs 2668 reported — known upstream row-numbering gaps, not a scraping error)
  2015-02-19: no data (holiday or out of archive range)
  2015-02-20: no data (holiday or out of archive range)
  2015-02-18: wrote 2348 rows (note: grid rendered 2348 rows vs 2360 reported — known upstream row-numbering gaps, not a scraping error)
  2015-02-21: no data (holiday or out of archive range)
  2015-02-22: wrote 2156 rows (note: grid rendered 2156 rows vs 2160 reported — known upstream row-numbering gaps, not a scraping error)
  2015-02-23: wrote 2175 rows (note: grid rendered 2175 rows vs 2190 reported — known upstream row-numbering gaps, not a scraping error)
  2015-02-24: wrote 1681 rows (note: grid rendered 1681 rows vs 1699 reported — known upstream row-numbering gaps, not a scraping error)
  2015-02-25: wrote 1892 rows (note: grid rendered 1892 rows vs 1894 reported — known upstream row-numbering gaps, not a scraping error)
  2015-02-27: no data (holiday or out of archive range)
  2015-02-26: wrote 1480 rows (note: grid rendered 1480 rows vs 1482 reported — known upstream row-numbering gaps, not a scraping error)
  2015-02-28: no data (holiday or out of archive range)
  2015-03-01: wrote 1599 rows (note: grid rendered 1599 rows vs 1607 reported — known upstream row-numbering gaps, not a scraping error)
  2015-03-03: wrote 1886 rows (note: grid rendered 1886 rows vs 1896 reported — known upstream row-numbering gaps, not a scraping error)
  2015-03-02: wrote 1679 rows (note: grid rendered 1679 rows vs 1684 reported — known upstream row-numbering gaps, not a scraping error)
  2015-03-05: no data (holiday or out of archive range)
  2015-03-06: no data (holiday or out of archive range)
  2015-03-04: wrote 1829 rows (note: grid rendered 1829 rows vs 1837 reported — known upstream row-numbering gaps, not a scraping error)
  2015-03-07: no data (holiday or out of archive range)
  2015-03-08: no data (holiday or out of archive range)
  2015-03-10: wrote 1738 rows (note: grid rendered 1738 rows vs 1740 reported — known upstream row-numbering gaps, not a scraping error)
  2015-03-11: wrote 1702 rows (note: grid rendered 1702 rows vs 1725 reported — known upstream row-numbering gaps, not a scraping error)
  2015-03-09: wrote 2394 rows (note: grid rendered 2394 rows vs 2402 reported — known upstream row-numbering gaps, not a scraping error)
  2015-03-13: no data (holiday or out of archive range)
  2015-03-14: no data (holiday or out of archive range)
  2015-03-12: wrote 1690 rows (note: grid rendered 1690 rows vs 1711 reported — known upstream row-numbering gaps, not a scraping error)
  2015-03-15: wrote 1172 rows (note: grid rendered 1172 rows vs 1179 reported — known upstream row-numbering gaps, not a scraping error)
  2015-03-16: wrote 1460 rows (note: grid rendered 1460 rows vs 1479 reported — known upstream row-numbering gaps, not a scraping error)
  2015-03-18: wrote 1443 rows (note: grid rendered 1443 rows vs 1448 reported — known upstream row-numbering gaps, not a scraping error)
  2015-03-17: wrote 1390 rows (note: grid rendered 1390 rows vs 1396 reported — known upstream row-numbering gaps, not a scraping error)
  2015-03-19: wrote 1597 rows (note: grid rendered 1597 rows vs 1608 reported — known upstream row-numbering gaps, not a scraping error)
  2015-03-20: no data (holiday or out of archive range)
  2015-03-21: no data (holiday or out of archive range)
  2015-03-22: wrote 1613 rows (note: grid rendered 1613 rows vs 1622 reported — known upstream row-numbering gaps, not a scraping error)
  2015-03-24: wrote 1216 rows (note: grid rendered 1216 rows vs 1225 reported — known upstream row-numbering gaps, not a scraping error)
  2015-03-23: wrote 1397 rows (note: grid rendered 1397 rows vs 1422 reported — known upstream row-numbering gaps, not a scraping error)
  2015-03-27: no data (holiday or out of archive range)
  2015-03-25: wrote 1434 rows (note: grid rendered 1434 rows vs 1447 reported — known upstream row-numbering gaps, not a scraping error)
  2015-03-26: wrote 1288 rows (note: grid rendered 1288 rows vs 1331 reported — known upstream row-numbering gaps, not a scraping error)
  2015-03-28: no data (holiday or out of archive range)
  2015-03-29: wrote 1142 rows (note: grid rendered 1142 rows vs 1155 reported — known upstream row-numbering gaps, not a scraping error)
  2015-03-31: wrote 1232 rows (note: grid rendered 1232 rows vs 1253 reported — known upstream row-numbering gaps, not a scraping error)
  2015-04-01: wrote 1020 rows (note: grid rendered 1020 rows vs 1029 reported — known upstream row-numbering gaps, not a scraping error)
  2015-04-03: no data (holiday or out of archive range)
  2015-04-02: wrote 1325 rows (note: grid rendered 1325 rows vs 1341 reported — known upstream row-numbering gaps, not a scraping error)
  2015-04-04: no data (holiday or out of archive range)
  2015-04-06: wrote 1204 rows (note: grid rendered 1204 rows vs 1235 reported — known upstream row-numbering gaps, not a scraping error)
  2015-04-05: wrote 1050 rows (note: grid rendered 1050 rows vs 1089 reported — known upstream row-numbering gaps, not a scraping error)
  2015-04-07: wrote 893 rows (note: grid rendered 893 rows vs 916 reported — known upstream row-numbering gaps, not a scraping error)
  2015-04-10: no data (holiday or out of archive range)
  2015-04-08: wrote 1280 rows (note: grid rendered 1280 rows vs 1311 reported — known upstream row-numbering gaps, not a scraping error)
  2015-04-09: wrote 1351 rows (note: grid rendered 1351 rows vs 1405 reported — known upstream row-numbering gaps, not a scraping error)
  2015-04-11: no data (holiday or out of archive range)
  2015-04-13: wrote 1408 rows (note: grid rendered 1408 rows vs 1429 reported — known upstream row-numbering gaps, not a scraping error)
  2015-04-12: wrote 1619 rows (note: grid rendered 1619 rows vs 1646 reported — known upstream row-numbering gaps, not a scraping error)
  2015-04-14: no data (holiday or out of archive range)
  2015-04-15: wrote 1082 rows (note: grid rendered 1082 rows vs 1099 reported — known upstream row-numbering gaps, not a scraping error)
  2015-04-17: no data (holiday or out of archive range)
  2015-04-18: no data (holiday or out of archive range)
  2015-04-16: wrote 1430 rows (note: grid rendered 1430 rows vs 1464 reported — known upstream row-numbering gaps, not a scraping error)
  2015-04-19: wrote 1181 rows (note: grid rendered 1181 rows vs 1188 reported — known upstream row-numbering gaps, not a scraping error)
  2015-04-20: wrote 1246 rows (note: grid rendered 1246 rows vs 1274 reported — known upstream row-numbering gaps, not a scraping error)
  2015-04-21: wrote 1417 rows (note: grid rendered 1417 rows vs 1461 reported — known upstream row-numbering gaps, not a scraping error)
  2015-04-22: wrote 1260 rows (note: grid rendered 1260 rows vs 1301 reported — known upstream row-numbering gaps, not a scraping error)
  2015-04-24: no data (holiday or out of archive range)
  2015-04-23: wrote 1444 rows (note: grid rendered 1444 rows vs 1472 reported — known upstream row-numbering gaps, not a scraping error)
  2015-04-25: no data (holiday or out of archive range)
  2015-04-27: no data (holiday or out of archive range)
  2015-04-28: no data (holiday or out of archive range)
  2015-04-26: no data (holiday or out of archive range)
  2015-04-29: no data (holiday or out of archive range)
  2015-04-30: no data (holiday or out of archive range)
  2015-05-02: no data (holiday or out of archive range)
  2015-05-01: no data (holiday or out of archive range)
  2015-05-03: no data (holiday or out of archive range)
  2015-05-04: no data (holiday or out of archive range)
  2015-05-06: no data (holiday or out of archive range)
  2015-05-05: no data (holiday or out of archive range)
  2015-05-07: no data (holiday or out of archive range)
  2015-05-08: no data (holiday or out of archive range)
  2015-05-09: no data (holiday or out of archive range)
  2015-05-10: no data (holiday or out of archive range)
  2015-05-11: no data (holiday or out of archive range)
  2015-05-12: no data (holiday or out of archive range)
  2015-05-13: no data (holiday or out of archive range)
  2015-05-14: no data (holiday or out of archive range)
  2015-05-15: no data (holiday or out of archive range)
  2015-05-16: no data (holiday or out of archive range)
  2015-05-18: no data (holiday or out of archive range)
  2015-05-17: no data (holiday or out of archive range)
  2015-05-19: no data (holiday or out of archive range)
  2015-05-20: no data (holiday or out of archive range)
  2015-05-21: no data (holiday or out of archive range)
  2015-05-22: no data (holiday or out of archive range)
  2015-05-24: wrote 239 rows (note: grid rendered 239 rows vs 249 reported — known upstream row-numbering gaps, not a scraping error)
  2015-05-23: no data (holiday or out of archive range)
  2015-05-25: wrote 677 rows (note: grid rendered 677 rows vs 802 reported — known upstream row-numbering gaps, not a scraping error)
  2015-05-26: wrote 1346 rows (note: grid rendered 1346 rows vs 1416 reported — known upstream row-numbering gaps, not a scraping error)
  2015-05-27: wrote 1216 rows (note: grid rendered 1216 rows vs 1271 reported — known upstream row-numbering gaps, not a scraping error)
  2015-05-28: wrote 1331 rows (note: grid rendered 1331 rows vs 1414 reported — known upstream row-numbering gaps, not a scraping error)
  2015-05-30: no data (holiday or out of archive range)
  2015-05-29: no data (holiday or out of archive range)
  2015-06-01: no data (holiday or out of archive range)
  2015-05-31: wrote 1610 rows (note: grid rendered 1610 rows vs 1747 reported — known upstream row-numbering gaps, not a scraping error)
  2015-06-02: wrote 1474 rows (note: grid rendered 1474 rows vs 1569 reported — known upstream row-numbering gaps, not a scraping error)
  2015-06-05: no data (holiday or out of archive range)
  2015-06-03: wrote 1801 rows (note: grid rendered 1801 rows vs 1913 reported — known upstream row-numbering gaps, not a scraping error)
  2015-06-04: wrote 1840 rows (note: grid rendered 1840 rows vs 1945 reported — known upstream row-numbering gaps, not a scraping error)
  2015-06-06: no data (holiday or out of archive range)
  2015-06-07: wrote 1613 rows (note: grid rendered 1613 rows vs 1718 reported — known upstream row-numbering gaps, not a scraping error)
  2015-06-08: wrote 2146 rows (note: grid rendered 2146 rows vs 2259 reported — known upstream row-numbering gaps, not a scraping error)
  2015-06-09: wrote 3101 rows (note: grid rendered 3101 rows vs 3294 reported — known upstream row-numbering gaps, not a scraping error)
  2015-06-11: wrote 1493 rows (note: grid rendered 1493 rows vs 1580 reported — known upstream row-numbering gaps, not a scraping error)
  2015-06-12: no data (holiday or out of archive range)
  2015-06-10: wrote 1805 rows (note: grid rendered 1805 rows vs 1927 reported — known upstream row-numbering gaps, not a scraping error)
  2015-06-13: no data (holiday or out of archive range)
  2015-06-14: wrote 1494 rows (note: grid rendered 1494 rows vs 1570 reported — known upstream row-numbering gaps, not a scraping error)
  2015-06-15: wrote 1328 rows (note: grid rendered 1328 rows vs 1409 reported — known upstream row-numbering gaps, not a scraping error)
  2015-06-16: wrote 1399 rows (note: grid rendered 1399 rows vs 1441 reported — known upstream row-numbering gaps, not a scraping error)
  2015-06-17: wrote 1379 rows (note: grid rendered 1379 rows vs 1457 reported — known upstream row-numbering gaps, not a scraping error)
  2015-06-18: wrote 1149 rows (note: grid rendered 1149 rows vs 1187 reported — known upstream row-numbering gaps, not a scraping error)
  2015-06-19: no data (holiday or out of archive range)
  2015-06-20: no data (holiday or out of archive range)
  2015-06-22: wrote 1415 rows (note: grid rendered 1415 rows vs 1464 reported — known upstream row-numbering gaps, not a scraping error)
  2015-06-21: wrote 1255 rows (note: grid rendered 1255 rows vs 1318 reported — known upstream row-numbering gaps, not a scraping error)
  2015-06-23: wrote 1353 rows (note: grid rendered 1353 rows vs 1385 reported — known upstream row-numbering gaps, not a scraping error)
  2015-06-24: wrote 1426 rows (note: grid rendered 1426 rows vs 1497 reported — known upstream row-numbering gaps, not a scraping error)
  2015-06-27: no data (holiday or out of archive range)
  2015-06-26: no data (holiday or out of archive range)
  2015-06-25: wrote 1708 rows (note: grid rendered 1708 rows vs 1772 reported — known upstream row-numbering gaps, not a scraping error)
  2015-06-28: wrote 1917 rows (note: grid rendered 1917 rows vs 1957 reported — known upstream row-numbering gaps, not a scraping error)
  2015-06-30: wrote 2035 rows (note: grid rendered 2035 rows vs 2100 reported — known upstream row-numbering gaps, not a scraping error)
  2015-06-29: wrote 2059 rows (note: grid rendered 2059 rows vs 2097 reported — known upstream row-numbering gaps, not a scraping error)
  2015-07-01: wrote 1628 rows (note: grid rendered 1628 rows vs 1685 reported — known upstream row-numbering gaps, not a scraping error)
  2015-07-03: no data (holiday or out of archive range)
  2015-07-02: wrote 1561 rows (note: grid rendered 1561 rows vs 1634 reported — known upstream row-numbering gaps, not a scraping error)
  2015-07-04: no data (holiday or out of archive range)
  2015-07-05: wrote 1424 rows (note: grid rendered 1424 rows vs 1477 reported — known upstream row-numbering gaps, not a scraping error)
  2015-07-06: wrote 1413 rows (note: grid rendered 1413 rows vs 1454 reported — known upstream row-numbering gaps, not a scraping error)
  2015-07-07: wrote 1536 rows (note: grid rendered 1536 rows vs 1629 reported — known upstream row-numbering gaps, not a scraping error)
  2015-07-09: wrote 1372 rows (note: grid rendered 1372 rows vs 1426 reported — known upstream row-numbering gaps, not a scraping error)
  2015-07-10: no data (holiday or out of archive range)
  2015-07-08: wrote 1450 rows (note: grid rendered 1450 rows vs 1495 reported — known upstream row-numbering gaps, not a scraping error)
  2015-07-11: no data (holiday or out of archive range)
  2015-07-14: wrote 1391 rows (note: grid rendered 1391 rows vs 1416 reported — known upstream row-numbering gaps, not a scraping error)
  2015-07-12: wrote 1415 rows (note: grid rendered 1415 rows vs 1442 reported — known upstream row-numbering gaps, not a scraping error)
  2015-07-15: wrote 1458 rows (note: grid rendered 1458 rows vs 1484 reported — known upstream row-numbering gaps, not a scraping error)
  2015-07-16: wrote 1738 rows (note: grid rendered 1738 rows vs 1766 reported — known upstream row-numbering gaps, not a scraping error)
  2015-07-17: no data (holiday or out of archive range)
  2015-07-18: no data (holiday or out of archive range)
  2015-07-19: no data (holiday or out of archive range)
  2015-07-20: no data (holiday or out of archive range)
  2015-07-21: no data (holiday or out of archive range)
  2015-07-24: no data (holiday or out of archive range)
  2015-07-22: wrote 2358 rows (note: grid rendered 2358 rows vs 2426 reported — known upstream row-numbering gaps, not a scraping error)
  2015-07-23: wrote 3346 rows (note: grid rendered 3346 rows vs 3487 reported — known upstream row-numbering gaps, not a scraping error)
  2015-07-25: no data (holiday or out of archive range)
  2015-07-26: wrote 769 rows (note: grid rendered 769 rows vs 802 reported — known upstream row-numbering gaps, not a scraping error)
  2015-07-27: wrote 1694 rows (note: grid rendered 1694 rows vs 1780 reported — known upstream row-numbering gaps, not a scraping error)
  2015-07-28: wrote 3212 rows (note: grid rendered 3212 rows vs 3349 reported — known upstream row-numbering gaps, not a scraping error)
  2015-07-29: wrote 2588 rows (note: grid rendered 2588 rows vs 2683 reported — known upstream row-numbering gaps, not a scraping error)
  2015-07-31: no data (holiday or out of archive range)
  2015-08-01: no data (holiday or out of archive range)
  2015-08-02: wrote 1806 rows (note: grid rendered 1806 rows vs 1870 reported — known upstream row-numbering gaps, not a scraping error)
  2015-08-03: wrote 3245 rows (note: grid rendered 3245 rows vs 3309 reported — known upstream row-numbering gaps, not a scraping error)
  2015-08-04: wrote 3829 rows (note: grid rendered 3829 rows vs 3932 reported — known upstream row-numbering gaps, not a scraping error)
  2015-07-30: wrote 3044 rows (note: grid rendered 3044 rows vs 3124 reported — known upstream row-numbering gaps, not a scraping error)
  2015-08-05: wrote 3566 rows (note: grid rendered 3566 rows vs 3644 reported — known upstream row-numbering gaps, not a scraping error)
  2015-08-07: no data (holiday or out of archive range)
  2015-08-08: no data (holiday or out of archive range)
  2015-08-06: wrote 4643 rows (note: grid rendered 4643 rows vs 4800 reported — known upstream row-numbering gaps, not a scraping error)
  2015-08-09: wrote 3939 rows (note: grid rendered 3939 rows vs 4044 reported — known upstream row-numbering gaps, not a scraping error)
  2015-08-10: wrote 4179 rows (note: grid rendered 4179 rows vs 4341 reported — known upstream row-numbering gaps, not a scraping error)
  2015-08-11: wrote 3840 rows (note: grid rendered 3840 rows vs 3962 reported — known upstream row-numbering gaps, not a scraping error)
  2015-08-14: no data (holiday or out of archive range)
  2015-08-15: no data (holiday or out of archive range)
  2015-08-12: wrote 3913 rows (note: grid rendered 3913 rows vs 4028 reported — known upstream row-numbering gaps, not a scraping error)
  2015-08-13: wrote 5009 rows (note: grid rendered 5009 rows vs 5141 reported — known upstream row-numbering gaps, not a scraping error)
  2015-08-17: wrote 3561 rows (note: grid rendered 3561 rows vs 3667 reported — known upstream row-numbering gaps, not a scraping error)
  2015-08-16: wrote 6335 rows (note: grid rendered 6335 rows vs 6519 reported — known upstream row-numbering gaps, not a scraping error)
  2015-08-18: wrote 4172 rows (note: grid rendered 4172 rows vs 4267 reported — known upstream row-numbering gaps, not a scraping error)
  2015-08-21: no data (holiday or out of archive range)
  2015-08-22: no data (holiday or out of archive range)
  2015-08-20: wrote 5623 rows (note: grid rendered 5623 rows vs 5720 reported — known upstream row-numbering gaps, not a scraping error)
  2015-08-19: wrote 4386 rows (note: grid rendered 4386 rows vs 4497 reported — known upstream row-numbering gaps, not a scraping error)
  2015-08-23: wrote 6346 rows (note: grid rendered 6346 rows vs 6576 reported — known upstream row-numbering gaps, not a scraping error)
  2015-08-26: wrote 2048 rows (note: grid rendered 2048 rows vs 2069 reported — known upstream row-numbering gaps, not a scraping error)
  2015-08-24: wrote 2724 rows (note: grid rendered 2724 rows vs 2756 reported — known upstream row-numbering gaps, not a scraping error)
  2015-08-28: no data (holiday or out of archive range)
  2015-08-27: wrote 2638 rows (note: grid rendered 2638 rows vs 2685 reported — known upstream row-numbering gaps, not a scraping error)
  2015-08-29: no data (holiday or out of archive range)
  2015-08-25: wrote 2050 rows (note: grid rendered 2050 rows vs 2084 reported — known upstream row-numbering gaps, not a scraping error)
  2015-08-30: no data (holiday or out of archive range)
  2015-08-31: wrote 2822 rows (note: grid rendered 2822 rows vs 2868 reported — known upstream row-numbering gaps, not a scraping error)
  2015-09-01: wrote 2953 rows (note: grid rendered 2953 rows vs 2997 reported — known upstream row-numbering gaps, not a scraping error)
  2015-09-02: wrote 2698 rows (note: grid rendered 2698 rows vs 2723 reported — known upstream row-numbering gaps, not a scraping error)
  2015-09-04: no data (holiday or out of archive range)
  2015-09-05: no data (holiday or out of archive range)
  2015-09-03: wrote 2333 rows (note: grid rendered 2333 rows vs 2363 reported — known upstream row-numbering gaps, not a scraping error)
  2015-09-08: wrote 2156 rows (note: grid rendered 2156 rows vs 2193 reported — known upstream row-numbering gaps, not a scraping error)
  2015-09-07: wrote 1970 rows (note: grid rendered 1970 rows vs 2010 reported — known upstream row-numbering gaps, not a scraping error)
  2015-09-11: no data (holiday or out of archive range)
  2015-09-09: wrote 1981 rows (note: grid rendered 1981 rows vs 2021 reported — known upstream row-numbering gaps, not a scraping error)
  2015-09-12: no data (holiday or out of archive range)
  2015-09-10: wrote 2250 rows (note: grid rendered 2250 rows vs 2300 reported — known upstream row-numbering gaps, not a scraping error)
  2015-09-15: wrote 2916 rows (note: grid rendered 2916 rows vs 2990 reported — known upstream row-numbering gaps, not a scraping error)
  2015-09-13: wrote 2296 rows (note: grid rendered 2296 rows vs 2330 reported — known upstream row-numbering gaps, not a scraping error)
  2015-09-14: wrote 2667 rows (note: grid rendered 2667 rows vs 2742 reported — known upstream row-numbering gaps, not a scraping error)
  2015-09-17: wrote 3174 rows (note: grid rendered 3174 rows vs 3220 reported — known upstream row-numbering gaps, not a scraping error)
  2015-09-18: no data (holiday or out of archive range)
  2015-09-19: no data (holiday or out of archive range)
  2015-09-20: no data (holiday or out of archive range)
  2015-09-21: no data (holiday or out of archive range)
  2015-09-22: wrote 2580 rows (note: grid rendered 2580 rows vs 2639 reported — known upstream row-numbering gaps, not a scraping error)
  2015-09-16: wrote 2666 rows (note: grid rendered 2666 rows vs 2729 reported — known upstream row-numbering gaps, not a scraping error)
  2015-09-23: wrote 2278 rows (note: grid rendered 2278 rows vs 2312 reported — known upstream row-numbering gaps, not a scraping error)
  2015-09-25: no data (holiday or out of archive range)
  2015-09-24: wrote 2876 rows (note: grid rendered 2876 rows vs 2934 reported — known upstream row-numbering gaps, not a scraping error)
  2015-09-26: no data (holiday or out of archive range)
  2015-09-27: no data (holiday or out of archive range)
  2015-09-28: wrote 2282 rows (note: grid rendered 2282 rows vs 2368 reported — known upstream row-numbering gaps, not a scraping error)
  2015-09-29: wrote 2016 rows (note: grid rendered 2016 rows vs 2319 reported — known upstream row-numbering gaps, not a scraping error)
  2015-09-30: wrote 2915 rows (note: grid rendered 2915 rows vs 3054 reported — known upstream row-numbering gaps, not a scraping error)
  2015-10-03: no data (holiday or out of archive range)
  2015-10-02: no data (holiday or out of archive range)
  2015-10-01: wrote 2080 rows (note: grid rendered 2080 rows vs 2180 reported — known upstream row-numbering gaps, not a scraping error)
  2015-10-04: wrote 2225 rows (note: grid rendered 2225 rows vs 2469 reported — known upstream row-numbering gaps, not a scraping error)
  2015-10-06: wrote 2057 rows (note: grid rendered 2057 rows vs 2182 reported — known upstream row-numbering gaps, not a scraping error)
  2015-10-05: wrote 1877 rows (note: grid rendered 1877 rows vs 2068 reported — known upstream row-numbering gaps, not a scraping error)
  2015-10-09: no data (holiday or out of archive range)
  2015-10-10: no data (holiday or out of archive range)
  2015-10-08: wrote 2027 rows (note: grid rendered 2027 rows vs 2090 reported — known upstream row-numbering gaps, not a scraping error)
  2015-10-11: wrote 1767 rows (note: grid rendered 1767 rows vs 1834 reported — known upstream row-numbering gaps, not a scraping error)
  2015-10-12: no data (holiday or out of archive range)
  2015-10-13: no data (holiday or out of archive range)
  2015-10-16: no data (holiday or out of archive range)
  2015-10-14: wrote 1372 rows (note: grid rendered 1372 rows vs 1423 reported — known upstream row-numbering gaps, not a scraping error)
  2015-10-17: no data (holiday or out of archive range)
  2015-10-15: wrote 1463 rows (note: grid rendered 1463 rows vs 1509 reported — known upstream row-numbering gaps, not a scraping error)
  2015-10-18: wrote 1265 rows (note: grid rendered 1265 rows vs 1296 reported — known upstream row-numbering gaps, not a scraping error)
  2015-10-19: wrote 1125 rows (note: grid rendered 1125 rows vs 1156 reported — known upstream row-numbering gaps, not a scraping error)
  2015-10-20: no data (holiday or out of archive range)
  2015-10-21: no data (holiday or out of archive range)
  2015-10-22: no data (holiday or out of archive range)
  2015-10-24: no data (holiday or out of archive range)
  2015-10-23: no data (holiday or out of archive range)
  2015-10-25: wrote 297 rows (note: grid rendered 297 rows vs 303 reported — known upstream row-numbering gaps, not a scraping error)
  2015-10-26: no data (holiday or out of archive range)
  2015-10-27: wrote 1384 rows (note: grid rendered 1384 rows vs 1423 reported — known upstream row-numbering gaps, not a scraping error)
  2015-10-30: no data (holiday or out of archive range)
  2015-10-28: wrote 1979 rows (note: grid rendered 1979 rows vs 2035 reported — known upstream row-numbering gaps, not a scraping error)
  2015-10-29: wrote 1867 rows (note: grid rendered 1867 rows vs 1892 reported — known upstream row-numbering gaps, not a scraping error)
  2015-10-31: no data (holiday or out of archive range)
  2015-11-01: wrote 1255 rows (note: grid rendered 1255 rows vs 1305 reported — known upstream row-numbering gaps, not a scraping error)
  2015-11-02: wrote 1318 rows (note: grid rendered 1318 rows vs 1358 reported — known upstream row-numbering gaps, not a scraping error)
  2015-11-03: wrote 1010 rows (note: grid rendered 1010 rows vs 1043 reported — known upstream row-numbering gaps, not a scraping error)
  2015-11-04: wrote 1026 rows (note: grid rendered 1026 rows vs 1117 reported — known upstream row-numbering gaps, not a scraping error)
  2015-11-06: no data (holiday or out of archive range)
  2015-11-05: wrote 1410 rows (note: grid rendered 1410 rows vs 1467 reported — known upstream row-numbering gaps, not a scraping error)
  2015-11-08: wrote 1032 rows (note: grid rendered 1032 rows vs 1070 reported — known upstream row-numbering gaps, not a scraping error)
  2015-11-07: no data (holiday or out of archive range)
  2015-11-11: no data (holiday or out of archive range)
  2015-11-09: wrote 1489 rows (note: grid rendered 1489 rows vs 1562 reported — known upstream row-numbering gaps, not a scraping error)
  2015-11-12: no data (holiday or out of archive range)
  2015-11-10: wrote 1244 rows (note: grid rendered 1244 rows vs 1302 reported — known upstream row-numbering gaps, not a scraping error)
  2015-11-13: no data (holiday or out of archive range)
  2015-11-14: no data (holiday or out of archive range)
  2015-11-17: no data (holiday or out of archive range)
  2015-11-15: wrote 750 rows (note: grid rendered 750 rows vs 779 reported — known upstream row-numbering gaps, not a scraping error)
  2015-11-16: wrote 1163 rows (note: grid rendered 1163 rows vs 1196 reported — known upstream row-numbering gaps, not a scraping error)
  2015-11-20: no data (holiday or out of archive range)
  2015-11-18: wrote 1504 rows (note: grid rendered 1504 rows vs 1560 reported — known upstream row-numbering gaps, not a scraping error)
  2015-11-21: no data (holiday or out of archive range)
  2015-11-19: wrote 1282 rows (note: grid rendered 1282 rows vs 1340 reported — known upstream row-numbering gaps, not a scraping error)
  2015-11-22: wrote 1712 rows (note: grid rendered 1712 rows vs 1743 reported — known upstream row-numbering gaps, not a scraping error)
  2015-11-23: wrote 2001 rows (note: grid rendered 2001 rows vs 2026 reported — known upstream row-numbering gaps, not a scraping error)
  2015-11-24: wrote 3298 rows (note: grid rendered 3298 rows vs 3361 reported — known upstream row-numbering gaps, not a scraping error)
  2015-11-27: no data (holiday or out of archive range)
  2015-11-25: wrote 2830 rows (note: grid rendered 2830 rows vs 2882 reported — known upstream row-numbering gaps, not a scraping error)
  2015-11-28: no data (holiday or out of archive range)
  2015-11-26: wrote 2570 rows (note: grid rendered 2570 rows vs 2620 reported — known upstream row-numbering gaps, not a scraping error)
  2015-11-30: wrote 2127 rows (note: grid rendered 2127 rows vs 2179 reported — known upstream row-numbering gaps, not a scraping error)
  2015-11-29: wrote 2478 rows (note: grid rendered 2478 rows vs 2540 reported — known upstream row-numbering gaps, not a scraping error)
  2015-12-01: wrote 1981 rows (note: grid rendered 1981 rows vs 2039 reported — known upstream row-numbering gaps, not a scraping error)
  2015-12-02: wrote 1972 rows (note: grid rendered 1972 rows vs 2018 reported — known upstream row-numbering gaps, not a scraping error)
  2015-12-04: no data (holiday or out of archive range)
  2015-12-03: wrote 2052 rows (note: grid rendered 2052 rows vs 2102 reported — known upstream row-numbering gaps, not a scraping error)
  2015-12-05: no data (holiday or out of archive range)
  2015-12-07: wrote 2993 rows (note: grid rendered 2993 rows vs 3118 reported — known upstream row-numbering gaps, not a scraping error)
  2015-12-06: wrote 2790 rows (note: grid rendered 2790 rows vs 2900 reported — known upstream row-numbering gaps, not a scraping error)
  2015-12-08: wrote 2416 rows (note: grid rendered 2416 rows vs 2527 reported — known upstream row-numbering gaps, not a scraping error)
  2015-12-09: wrote 2930 rows (note: grid rendered 2930 rows vs 3031 reported — known upstream row-numbering gaps, not a scraping error)
  2015-12-11: no data (holiday or out of archive range)
  2015-12-12: no data (holiday or out of archive range)
  2015-12-10: wrote 2590 rows (note: grid rendered 2590 rows vs 2702 reported — known upstream row-numbering gaps, not a scraping error)
  2015-12-13: wrote 3306 rows (note: grid rendered 3306 rows vs 3458 reported — known upstream row-numbering gaps, not a scraping error)
  2015-12-14: wrote 2603 rows (note: grid rendered 2603 rows vs 2725 reported — known upstream row-numbering gaps, not a scraping error)
  2015-12-15: wrote 2536 rows (note: grid rendered 2536 rows vs 2708 reported — known upstream row-numbering gaps, not a scraping error)
  2015-12-18: no data (holiday or out of archive range)
  2015-12-16: wrote 3305 rows (note: grid rendered 3305 rows vs 3466 reported — known upstream row-numbering gaps, not a scraping error)
  2015-12-17: wrote 3203 rows (note: grid rendered 3203 rows vs 3280 reported — known upstream row-numbering gaps, not a scraping error)
  2015-12-19: no data (holiday or out of archive range)
  2015-12-20: wrote 3958 rows (note: grid rendered 3958 rows vs 4021 reported — known upstream row-numbering gaps, not a scraping error)
  2015-12-21: wrote 4608 rows (note: grid rendered 4608 rows vs 4711 reported — known upstream row-numbering gaps, not a scraping error)
  2015-12-22: wrote 4294 rows (note: grid rendered 4294 rows vs 4405 reported — known upstream row-numbering gaps, not a scraping error)
  2015-12-25: no data (holiday or out of archive range)
  2015-12-26: no data (holiday or out of archive range)
  2015-12-24: wrote 4341 rows (note: grid rendered 4341 rows vs 4529 reported — known upstream row-numbering gaps, not a scraping error)
  2015-12-23: wrote 4020 rows (note: grid rendered 4020 rows vs 4146 reported — known upstream row-numbering gaps, not a scraping error)
  2015-12-28: wrote 3713 rows (note: grid rendered 3713 rows vs 3758 reported — known upstream row-numbering gaps, not a scraping error)
  2015-12-27: wrote 3628 rows (note: grid rendered 3628 rows vs 3653 reported — known upstream row-numbering gaps, not a scraping error)
  2015-12-29: wrote 4437 rows (note: grid rendered 4437 rows vs 4469 reported — known upstream row-numbering gaps, not a scraping error)
  2016-01-01: no data (holiday or out of archive range)
  2015-12-30: no data (holiday or out of archive range)
  2016-01-02: no data (holiday or out of archive range)
  2015-12-31: wrote 4205 rows (note: grid rendered 4205 rows vs 4257 reported — known upstream row-numbering gaps, not a scraping error)
  2016-01-04: wrote 3727 rows (note: grid rendered 3727 rows vs 3766 reported — known upstream row-numbering gaps, not a scraping error)
  2016-01-03: wrote 4454 rows (note: grid rendered 4454 rows vs 4553 reported — known upstream row-numbering gaps, not a scraping error)
  2016-01-05: wrote 4267 rows (note: grid rendered 4267 rows vs 4287 reported — known upstream row-numbering gaps, not a scraping error)
  2016-01-08: no data (holiday or out of archive range)
  2016-01-09: no data (holiday or out of archive range)
  2016-01-07: wrote 4518 rows (note: grid rendered 4518 rows vs 4551 reported — known upstream row-numbering gaps, not a scraping error)
  2016-01-06: wrote 4271 rows (note: grid rendered 4271 rows vs 4322 reported — known upstream row-numbering gaps, not a scraping error)
  2016-01-11: wrote 4985 rows (note: grid rendered 4985 rows vs 5041 reported — known upstream row-numbering gaps, not a scraping error)
  2016-01-10: wrote 4926 rows (note: grid rendered 4926 rows vs 4973 reported — known upstream row-numbering gaps, not a scraping error)
  2016-01-12: wrote 5794 rows (note: grid rendered 5794 rows vs 5966 reported — known upstream row-numbering gaps, not a scraping error)
  2016-01-15: no data (holiday or out of archive range)
  2016-01-13: wrote 4701 rows (note: grid rendered 4701 rows vs 4752 reported — known upstream row-numbering gaps, not a scraping error)
  2016-01-16: no data (holiday or out of archive range)
  2016-01-14: wrote 6568 rows (note: grid rendered 6568 rows vs 6666 reported — known upstream row-numbering gaps, not a scraping error)
  2016-01-17: wrote 2551 rows (note: grid rendered 2551 rows vs 2569 reported — known upstream row-numbering gaps, not a scraping error)
  2016-01-18: wrote 2788 rows (note: grid rendered 2788 rows vs 2800 reported — known upstream row-numbering gaps, not a scraping error)
  2016-01-19: wrote 2047 rows (note: grid rendered 2047 rows vs 2071 reported — known upstream row-numbering gaps, not a scraping error)
  2016-01-20: wrote 2183 rows (note: grid rendered 2183 rows vs 2207 reported — known upstream row-numbering gaps, not a scraping error)
  2016-01-21: wrote 2259 rows (note: grid rendered 2259 rows vs 2282 reported — known upstream row-numbering gaps, not a scraping error)
  2016-01-23: no data (holiday or out of archive range)
  2016-01-22: no data (holiday or out of archive range)
  2016-01-24: wrote 2336 rows (note: grid rendered 2336 rows vs 2369 reported — known upstream row-numbering gaps, not a scraping error)
  2016-01-25: wrote 2518 rows (note: grid rendered 2518 rows vs 2543 reported — known upstream row-numbering gaps, not a scraping error)
  2016-01-26: wrote 1999 rows (note: grid rendered 1999 rows vs 2025 reported — known upstream row-numbering gaps, not a scraping error)
  2016-01-29: no data (holiday or out of archive range)
  2016-01-28: wrote 1665 rows (note: grid rendered 1665 rows vs 1696 reported — known upstream row-numbering gaps, not a scraping error)
  2016-01-27: wrote 1835 rows (note: grid rendered 1835 rows vs 1888 reported — known upstream row-numbering gaps, not a scraping error)
  2016-01-30: no data (holiday or out of archive range)
  2016-01-31: wrote 1946 rows (note: grid rendered 1946 rows vs 1977 reported — known upstream row-numbering gaps, not a scraping error)
  2016-02-01: wrote 2831 rows (note: grid rendered 2831 rows vs 2912 reported — known upstream row-numbering gaps, not a scraping error)
  2016-02-02: wrote 2938 rows (note: grid rendered 2938 rows vs 2990 reported — known upstream row-numbering gaps, not a scraping error)
  2016-02-05: no data (holiday or out of archive range)
  2016-02-03: wrote 2644 rows (note: grid rendered 2644 rows vs 2707 reported — known upstream row-numbering gaps, not a scraping error)
  2016-02-06: no data (holiday or out of archive range)
  2016-02-07: wrote 3660 rows (note: grid rendered 3660 rows vs 3752 reported — known upstream row-numbering gaps, not a scraping error)
  2016-02-04: wrote 3302 rows (note: grid rendered 3302 rows vs 3365 reported — known upstream row-numbering gaps, not a scraping error)
  2016-02-09: no data (holiday or out of archive range)
  2016-02-10: no data (holiday or out of archive range)
  2016-02-08: wrote 3224 rows (note: grid rendered 3224 rows vs 3304 reported — known upstream row-numbering gaps, not a scraping error)
  2016-02-12: no data (holiday or out of archive range)
  2016-02-11: wrote 3036 rows (note: grid rendered 3036 rows vs 3069 reported — known upstream row-numbering gaps, not a scraping error)
  2016-02-13: no data (holiday or out of archive range)
  2016-02-16: wrote 2152 rows (note: grid rendered 2152 rows vs 2192 reported — known upstream row-numbering gaps, not a scraping error)
  2016-02-15: wrote 2162 rows (note: grid rendered 2162 rows vs 2229 reported — known upstream row-numbering gaps, not a scraping error)
  2016-02-14: wrote 2703 rows (note: grid rendered 2703 rows vs 2737 reported — known upstream row-numbering gaps, not a scraping error)
  2016-02-19: no data (holiday or out of archive range)
  2016-02-17: wrote 2319 rows (note: grid rendered 2319 rows vs 2358 reported — known upstream row-numbering gaps, not a scraping error)
  2016-02-20: no data (holiday or out of archive range)
  2016-02-18: wrote 2992 rows (note: grid rendered 2992 rows vs 3032 reported — known upstream row-numbering gaps, not a scraping error)
  2016-02-21: no data (holiday or out of archive range)
  2016-02-22: wrote 2636 rows (note: grid rendered 2636 rows vs 2664 reported — known upstream row-numbering gaps, not a scraping error)
  2016-02-23: wrote 2342 rows (note: grid rendered 2342 rows vs 2366 reported — known upstream row-numbering gaps, not a scraping error)
  2016-02-24: wrote 1792 rows (note: grid rendered 1792 rows vs 1826 reported — known upstream row-numbering gaps, not a scraping error)
  2016-02-27: no data (holiday or out of archive range)
  2016-02-25: wrote 2053 rows (note: grid rendered 2053 rows vs 2118 reported — known upstream row-numbering gaps, not a scraping error)
  2016-02-26: no data (holiday or out of archive range)
  2016-02-28: wrote 2398 rows (note: grid rendered 2398 rows vs 2486 reported — known upstream row-numbering gaps, not a scraping error)
  2016-02-29: wrote 2168 rows (note: grid rendered 2168 rows vs 2267 reported — known upstream row-numbering gaps, not a scraping error)
  2016-03-01: wrote 2457 rows (note: grid rendered 2457 rows vs 2552 reported — known upstream row-numbering gaps, not a scraping error)
  2016-03-04: no data (holiday or out of archive range)
  2016-03-05: no data (holiday or out of archive range)
  2016-03-02: wrote 3142 rows (note: grid rendered 3142 rows vs 3231 reported — known upstream row-numbering gaps, not a scraping error)
  2016-03-03: wrote 2701 rows (note: grid rendered 2701 rows vs 2947 reported — known upstream row-numbering gaps, not a scraping error)
  2016-03-07: no data (holiday or out of archive range)
  2016-03-08: no data (holiday or out of archive range)
  2016-03-09: no data (holiday or out of archive range)
  2016-03-06: wrote 3500 rows (note: grid rendered 3500 rows vs 3629 reported — known upstream row-numbering gaps, not a scraping error)
  2016-03-11: no data (holiday or out of archive range)
  2016-03-12: no data (holiday or out of archive range)
  2016-03-10: wrote 3932 rows (note: grid rendered 3932 rows vs 4041 reported — known upstream row-numbering gaps, not a scraping error)
  2016-03-13: wrote 4206 rows (note: grid rendered 4206 rows vs 4293 reported — known upstream row-numbering gaps, not a scraping error)
  2016-03-14: wrote 3019 rows (note: grid rendered 3019 rows vs 3109 reported — known upstream row-numbering gaps, not a scraping error)
  2016-03-15: wrote 3486 rows (note: grid rendered 3486 rows vs 3597 reported — known upstream row-numbering gaps, not a scraping error)
  2016-03-16: wrote 3365 rows (note: grid rendered 3365 rows vs 3408 reported — known upstream row-numbering gaps, not a scraping error)
  2016-03-18: no data (holiday or out of archive range)
  2016-03-17: wrote 3997 rows (note: grid rendered 3997 rows vs 4043 reported — known upstream row-numbering gaps, not a scraping error)
  2016-03-19: no data (holiday or out of archive range)
  2016-03-20: wrote 3753 rows (note: grid rendered 3753 rows vs 3828 reported — known upstream row-numbering gaps, not a scraping error)
  2016-03-22: no data (holiday or out of archive range)
  2016-03-21: wrote 4486 rows (note: grid rendered 4486 rows vs 4565 reported — known upstream row-numbering gaps, not a scraping error)
  2016-03-23: wrote 3724 rows (note: grid rendered 3724 rows vs 3763 reported — known upstream row-numbering gaps, not a scraping error)
  2016-03-24: wrote 3915 rows (note: grid rendered 3915 rows vs 3958 reported — known upstream row-numbering gaps, not a scraping error)
  2016-03-25: no data (holiday or out of archive range)
  2016-03-26: no data (holiday or out of archive range)
  2016-03-29: wrote 2950 rows (note: grid rendered 2950 rows vs 3014 reported — known upstream row-numbering gaps, not a scraping error)
  2016-03-27: wrote 4486 rows (note: grid rendered 4486 rows vs 4529 reported — known upstream row-numbering gaps, not a scraping error)
  2016-03-28: wrote 3997 rows (note: grid rendered 3997 rows vs 4044 reported — known upstream row-numbering gaps, not a scraping error)
  2016-03-30: wrote 2839 rows (note: grid rendered 2839 rows vs 2886 reported — known upstream row-numbering gaps, not a scraping error)
  2016-04-01: no data (holiday or out of archive range)
  2016-04-02: no data (holiday or out of archive range)
  2016-03-31: wrote 3090 rows (note: grid rendered 3090 rows vs 3113 reported — known upstream row-numbering gaps, not a scraping error)
  2016-04-05: no data (holiday or out of archive range)
  2016-04-03: wrote 2584 rows (note: grid rendered 2584 rows vs 2611 reported — known upstream row-numbering gaps, not a scraping error)
  2016-04-07: no data (holiday or out of archive range)
  2016-04-04: wrote 2616 rows (note: grid rendered 2616 rows vs 2649 reported — known upstream row-numbering gaps, not a scraping error)
  2016-04-06: wrote 2796 rows (note: grid rendered 2796 rows vs 2849 reported — known upstream row-numbering gaps, not a scraping error)
  2016-04-09: no data (holiday or out of archive range)
  2016-04-08: no data (holiday or out of archive range)
  2016-04-10: wrote 3063 rows (note: grid rendered 3063 rows vs 3118 reported — known upstream row-numbering gaps, not a scraping error)
  2016-04-11: wrote 2401 rows (note: grid rendered 2401 rows vs 2449 reported — known upstream row-numbering gaps, not a scraping error)
  2016-04-12: wrote 2534 rows (note: grid rendered 2534 rows vs 2615 reported — known upstream row-numbering gaps, not a scraping error)
  2016-04-13: no data (holiday or out of archive range)
  2016-04-15: no data (holiday or out of archive range)
  2016-04-16: no data (holiday or out of archive range)
  2016-04-14: wrote 2581 rows (note: grid rendered 2581 rows vs 2623 reported — known upstream row-numbering gaps, not a scraping error)
  2016-04-17: wrote 2922 rows (note: grid rendered 2922 rows vs 2967 reported — known upstream row-numbering gaps, not a scraping error)
  2016-04-18: wrote 3832 rows (note: grid rendered 3832 rows vs 3868 reported — known upstream row-numbering gaps, not a scraping error)
  2016-04-19: wrote 3774 rows (note: grid rendered 3774 rows vs 3819 reported — known upstream row-numbering gaps, not a scraping error)
  2016-04-20: wrote 4062 rows (note: grid rendered 4062 rows vs 4102 reported — known upstream row-numbering gaps, not a scraping error)
  2016-04-22: no data (holiday or out of archive range)
  2016-04-21: wrote 3555 rows (note: grid rendered 3555 rows vs 3598 reported — known upstream row-numbering gaps, not a scraping error)
  2016-04-23: no data (holiday or out of archive range)
  2016-04-24: wrote 3408 rows (note: grid rendered 3408 rows vs 3641 reported — known upstream row-numbering gaps, not a scraping error)
  2016-04-25: wrote 3994 rows (note: grid rendered 3994 rows vs 4147 reported — known upstream row-numbering gaps, not a scraping error)
  2016-04-26: wrote 4579 rows (note: grid rendered 4579 rows vs 4816 reported — known upstream row-numbering gaps, not a scraping error)
  2016-04-28: wrote 4010 rows (note: grid rendered 4010 rows vs 4261 reported — known upstream row-numbering gaps, not a scraping error)
  2016-04-27: wrote 3443 rows (note: grid rendered 3443 rows vs 3637 reported — known upstream row-numbering gaps, not a scraping error)
  2016-04-29: no data (holiday or out of archive range)
  2016-05-01: no data (holiday or out of archive range)
  2016-04-30: no data (holiday or out of archive range)
  2016-05-02: wrote 3234 rows (note: grid rendered 3234 rows vs 3291 reported — known upstream row-numbering gaps, not a scraping error)
  2016-05-03: wrote 3974 rows (note: grid rendered 3974 rows vs 4091 reported — known upstream row-numbering gaps, not a scraping error)
  2016-05-04: wrote 3592 rows (note: grid rendered 3592 rows vs 3658 reported — known upstream row-numbering gaps, not a scraping error)
  2016-05-05: wrote 3706 rows (note: grid rendered 3706 rows vs 3759 reported — known upstream row-numbering gaps, not a scraping error)
  2016-05-06: no data (holiday or out of archive range)
  2016-05-07: no data (holiday or out of archive range)
  2016-05-10: wrote 4380 rows (note: grid rendered 4380 rows vs 4448 reported — known upstream row-numbering gaps, not a scraping error)
  2016-05-08: wrote 4190 rows (note: grid rendered 4190 rows vs 4234 reported — known upstream row-numbering gaps, not a scraping error)
  2016-05-09: wrote 4704 rows (note: grid rendered 4704 rows vs 4801 reported — known upstream row-numbering gaps, not a scraping error)
  2016-05-11: wrote 4566 rows (note: grid rendered 4566 rows vs 4700 reported — known upstream row-numbering gaps, not a scraping error)
  2016-05-13: no data (holiday or out of archive range)
  2016-05-12: wrote 4946 rows (note: grid rendered 4946 rows vs 5099 reported — known upstream row-numbering gaps, not a scraping error)
  2016-05-14: no data (holiday or out of archive range)
  2016-05-15: wrote 3716 rows (note: grid rendered 3716 rows vs 3775 reported — known upstream row-numbering gaps, not a scraping error)
  2016-05-16: wrote 3175 rows (note: grid rendered 3175 rows vs 3217 reported — known upstream row-numbering gaps, not a scraping error)
  2016-05-17: wrote 3739 rows (note: grid rendered 3739 rows vs 3807 reported — known upstream row-numbering gaps, not a scraping error)
  2016-05-18: wrote 4388 rows (note: grid rendered 4388 rows vs 4452 reported — known upstream row-numbering gaps, not a scraping error)
  2016-05-20: no data (holiday or out of archive range)
  2016-05-19: wrote 5261 rows (note: grid rendered 5261 rows vs 5345 reported — known upstream row-numbering gaps, not a scraping error)
  2016-05-21: no data (holiday or out of archive range)
  2016-05-23: wrote 5908 rows (note: grid rendered 5908 rows vs 6001 reported — known upstream row-numbering gaps, not a scraping error)
  2016-05-22: wrote 5471 rows (note: grid rendered 5471 rows vs 5597 reported — known upstream row-numbering gaps, not a scraping error)
  2016-05-24: wrote 6265 rows (note: grid rendered 6265 rows vs 6384 reported — known upstream row-numbering gaps, not a scraping error)
  2016-05-27: no data (holiday or out of archive range)
  2016-05-28: no data (holiday or out of archive range)
  2016-05-25: wrote 5736 rows (note: grid rendered 5736 rows vs 5810 reported — known upstream row-numbering gaps, not a scraping error)
  2016-05-26: wrote 4965 rows (note: grid rendered 4965 rows vs 5174 reported — known upstream row-numbering gaps, not a scraping error)
  2016-05-31: wrote 5941 rows (note: grid rendered 5941 rows vs 5992 reported — known upstream row-numbering gaps, not a scraping error)
  2016-05-30: wrote 5502 rows (note: grid rendered 5502 rows vs 5553 reported — known upstream row-numbering gaps, not a scraping error)
  2016-05-29: wrote 4647 rows (note: grid rendered 4647 rows vs 4665 reported — known upstream row-numbering gaps, not a scraping error)
  2016-06-03: no data (holiday or out of archive range)
  2016-06-04: no data (holiday or out of archive range)
  2016-06-02: wrote 5438 rows (note: grid rendered 5438 rows vs 5507 reported — known upstream row-numbering gaps, not a scraping error)
  2016-06-01: wrote 5920 rows (note: grid rendered 5920 rows vs 5975 reported — known upstream row-numbering gaps, not a scraping error)
  2016-06-05: wrote 6434 rows (note: grid rendered 6434 rows vs 6483 reported — known upstream row-numbering gaps, not a scraping error)
  2016-06-06: wrote 5330 rows (note: grid rendered 5330 rows vs 5395 reported — known upstream row-numbering gaps, not a scraping error)
  2016-06-07: wrote 5542 rows (note: grid rendered 5542 rows vs 5598 reported — known upstream row-numbering gaps, not a scraping error)
  2016-06-10: no data (holiday or out of archive range)
  2016-06-08: wrote 5536 rows (note: grid rendered 5536 rows vs 5629 reported — known upstream row-numbering gaps, not a scraping error)
  2016-06-11: no data (holiday or out of archive range)
  2016-06-09: wrote 6726 rows (note: grid rendered 6726 rows vs 6815 reported — known upstream row-numbering gaps, not a scraping error)
  2016-06-12: wrote 7308 rows (note: grid rendered 7308 rows vs 7354 reported — known upstream row-numbering gaps, not a scraping error)
  2016-06-13: wrote 6727 rows (note: grid rendered 6727 rows vs 6818 reported — known upstream row-numbering gaps, not a scraping error)
  2016-06-14: wrote 6924 rows (note: grid rendered 6924 rows vs 7065 reported — known upstream row-numbering gaps, not a scraping error)
  2016-06-15: wrote 5913 rows (note: grid rendered 5913 rows vs 5995 reported — known upstream row-numbering gaps, not a scraping error)
  2016-06-17: no data (holiday or out of archive range)
  2016-06-16: wrote 7289 rows (note: grid rendered 7289 rows vs 7457 reported — known upstream row-numbering gaps, not a scraping error)
  2016-06-18: no data (holiday or out of archive range)
  2016-06-19: wrote 6293 rows (note: grid rendered 6293 rows vs 6460 reported — known upstream row-numbering gaps, not a scraping error)
  2016-06-20: wrote 5692 rows (note: grid rendered 5692 rows vs 5785 reported — known upstream row-numbering gaps, not a scraping error)
  2016-06-21: wrote 5313 rows (note: grid rendered 5313 rows vs 5377 reported — known upstream row-numbering gaps, not a scraping error)
  2016-06-24: no data (holiday or out of archive range)
  2016-06-22: wrote 6589 rows (note: grid rendered 6589 rows vs 6663 reported — known upstream row-numbering gaps, not a scraping error)
  2016-06-25: no data (holiday or out of archive range)
  2016-06-23: wrote 7649 rows (note: grid rendered 7649 rows vs 7810 reported — known upstream row-numbering gaps, not a scraping error)
  2016-06-26: wrote 6201 rows (note: grid rendered 6201 rows vs 6277 reported — known upstream row-numbering gaps, not a scraping error)
  2016-06-27: wrote 6072 rows (note: grid rendered 6072 rows vs 6167 reported — known upstream row-numbering gaps, not a scraping error)
  2016-06-29: wrote 6228 rows (note: grid rendered 6228 rows vs 6416 reported — known upstream row-numbering gaps, not a scraping error)
  2016-06-28: wrote 7410 rows (note: grid rendered 7410 rows vs 7560 reported — known upstream row-numbering gaps, not a scraping error)
  2016-07-01: no data (holiday or out of archive range)
  2016-06-30: wrote 6115 rows (note: grid rendered 6115 rows vs 6515 reported — known upstream row-numbering gaps, not a scraping error)
  2016-07-02: no data (holiday or out of archive range)
  2016-07-03: wrote 6134 rows (note: grid rendered 6134 rows vs 6482 reported — known upstream row-numbering gaps, not a scraping error)
  2016-07-05: wrote 5350 rows (note: grid rendered 5350 rows vs 5654 reported — known upstream row-numbering gaps, not a scraping error)
  2016-07-04: wrote 6205 rows (note: grid rendered 6205 rows vs 6509 reported — known upstream row-numbering gaps, not a scraping error)
  2016-07-07: no data (holiday or out of archive range)
  2016-07-06: wrote 5612 rows (note: grid rendered 5612 rows vs 5832 reported — known upstream row-numbering gaps, not a scraping error)
  2016-07-08: no data (holiday or out of archive range)
  2016-07-09: no data (holiday or out of archive range)
  2016-07-10: wrote 5807 rows (note: grid rendered 5807 rows vs 5931 reported — known upstream row-numbering gaps, not a scraping error)
  2016-07-11: wrote 4281 rows (note: grid rendered 4281 rows vs 4440 reported — known upstream row-numbering gaps, not a scraping error)
  2016-07-12: wrote 5018 rows (note: grid rendered 5018 rows vs 5213 reported — known upstream row-numbering gaps, not a scraping error)
  2016-07-15: no data (holiday or out of archive range)
  2016-07-16: no data (holiday or out of archive range)
  2016-07-13: wrote 4396 rows (note: grid rendered 4396 rows vs 4446 reported — known upstream row-numbering gaps, not a scraping error)
  2016-07-14: wrote 5970 rows (note: grid rendered 5970 rows vs 6119 reported — known upstream row-numbering gaps, not a scraping error)
  2016-07-17: wrote 7026 rows (note: grid rendered 7026 rows vs 7085 reported — known upstream row-numbering gaps, not a scraping error)
  2016-07-18: wrote 8819 rows (note: grid rendered 8819 rows vs 9095 reported — known upstream row-numbering gaps, not a scraping error)
  2016-07-19: wrote 9586 rows (note: grid rendered 9586 rows vs 9730 reported — known upstream row-numbering gaps, not a scraping error)
  2016-07-20: wrote 9145 rows (note: grid rendered 9145 rows vs 9291 reported — known upstream row-numbering gaps, not a scraping error)
  2016-07-22: no data (holiday or out of archive range)
  2016-07-23: no data (holiday or out of archive range)
  2016-07-24: no data (holiday or out of archive range)
  2016-07-21: wrote 7375 rows (note: grid rendered 7375 rows vs 7523 reported — known upstream row-numbering gaps, not a scraping error)
  2016-07-26: wrote 11420 rows (note: grid rendered 11420 rows vs 11743 reported — known upstream row-numbering gaps, not a scraping error)
  2016-07-27: wrote 10550 rows (note: grid rendered 10550 rows vs 10793 reported — known upstream row-numbering gaps, not a scraping error)
  2016-07-25: wrote 9940 rows (note: grid rendered 9940 rows vs 10193 reported — known upstream row-numbering gaps, not a scraping error)
  2016-07-29: no data (holiday or out of archive range)
  2016-07-30: no data (holiday or out of archive range)
  2016-07-28: wrote 9918 rows (note: grid rendered 9918 rows vs 10123 reported — known upstream row-numbering gaps, not a scraping error)
  2016-07-31: wrote 7973 rows (note: grid rendered 7973 rows vs 8180 reported — known upstream row-numbering gaps, not a scraping error)
  2016-08-01: wrote 7291 rows (note: grid rendered 7291 rows vs 7372 reported — known upstream row-numbering gaps, not a scraping error)
  2016-08-02: wrote 6727 rows (note: grid rendered 6727 rows vs 6866 reported — known upstream row-numbering gaps, not a scraping error)
  2016-08-05: no data (holiday or out of archive range)
  2016-08-06: no data (holiday or out of archive range)
  2016-08-04: wrote 7632 rows (note: grid rendered 7632 rows vs 7734 reported — known upstream row-numbering gaps, not a scraping error)
  2016-08-03: wrote 6185 rows (note: grid rendered 6185 rows vs 6284 reported — known upstream row-numbering gaps, not a scraping error)
  2016-08-08: no data (holiday or out of archive range)
  2016-08-09: no data (holiday or out of archive range)
  2016-08-10: no data (holiday or out of archive range)
  2016-08-12: no data (holiday or out of archive range)
  2016-08-07: wrote 7933 rows (note: grid rendered 7933 rows vs 8068 reported — known upstream row-numbering gaps, not a scraping error)
  2016-08-11: wrote 7224 rows (note: grid rendered 7224 rows vs 7597 reported — known upstream row-numbering gaps, not a scraping error)
  2016-08-13: no data (holiday or out of archive range)
  2016-08-14: wrote 6576 rows (note: grid rendered 6576 rows vs 6949 reported — known upstream row-numbering gaps, not a scraping error)
  2016-08-16: wrote 5895 rows (note: grid rendered 5895 rows vs 6068 reported — known upstream row-numbering gaps, not a scraping error)
  2016-08-18: no data (holiday or out of archive range)
  2016-08-19: no data (holiday or out of archive range)
  2016-08-17: wrote 5895 rows (note: grid rendered 5895 rows vs 6073 reported — known upstream row-numbering gaps, not a scraping error)
  2016-08-20: no data (holiday or out of archive range)
  2016-08-21: wrote 3959 rows (note: grid rendered 3959 rows vs 4018 reported — known upstream row-numbering gaps, not a scraping error)
  2016-08-22: wrote 5513 rows (note: grid rendered 5513 rows vs 5607 reported — known upstream row-numbering gaps, not a scraping error)
  2016-08-25: no data (holiday or out of archive range)
  2016-08-23: wrote 5124 rows (note: grid rendered 5124 rows vs 5202 reported — known upstream row-numbering gaps, not a scraping error)
  2016-08-27: no data (holiday or out of archive range)
  2016-08-24: wrote 5050 rows (note: grid rendered 5050 rows vs 5150 reported — known upstream row-numbering gaps, not a scraping error)
  2016-08-26: no data (holiday or out of archive range)
  2016-08-29: wrote 6610 rows (note: grid rendered 6610 rows vs 6657 reported — known upstream row-numbering gaps, not a scraping error)
  2016-08-30: wrote 6711 rows (note: grid rendered 6711 rows vs 6796 reported — known upstream row-numbering gaps, not a scraping error)
  2016-08-31: wrote 6090 rows (note: grid rendered 6090 rows vs 6194 reported — known upstream row-numbering gaps, not a scraping error)
  2016-09-01: wrote 7890 rows (note: grid rendered 7890 rows vs 8080 reported — known upstream row-numbering gaps, not a scraping error)
  2016-09-02: no data (holiday or out of archive range)
  2016-09-03: no data (holiday or out of archive range)
  2016-09-04: wrote 8972 rows (note: grid rendered 8972 rows vs 9082 reported — known upstream row-numbering gaps, not a scraping error)
  2016-08-28: wrote 6191 rows (note: grid rendered 6191 rows vs 6260 reported — known upstream row-numbering gaps, not a scraping error)
  2016-09-06: wrote 8134 rows (note: grid rendered 8134 rows vs 8292 reported — known upstream row-numbering gaps, not a scraping error)
  2016-09-05: wrote 10712 rows (note: grid rendered 10712 rows vs 10775 reported — known upstream row-numbering gaps, not a scraping error)
  2016-09-09: no data (holiday or out of archive range)
  2016-09-07: wrote 7124 rows (note: grid rendered 7124 rows vs 7222 reported — known upstream row-numbering gaps, not a scraping error)
  2016-09-08: wrote 6434 rows (note: grid rendered 6434 rows vs 6524 reported — known upstream row-numbering gaps, not a scraping error)
  2016-09-11: wrote 5687 rows (note: grid rendered 5687 rows vs 5765 reported — known upstream row-numbering gaps, not a scraping error)
  2016-09-12: wrote 5569 rows (note: grid rendered 5569 rows vs 5635 reported — known upstream row-numbering gaps, not a scraping error)
  2016-09-10: no data (holiday or out of archive range)
  2016-09-13: no data (holiday or out of archive range)
  2016-09-16: no data (holiday or out of archive range)
  2016-09-15: no data (holiday or out of archive range)
  2016-09-14: wrote 7015 rows (note: grid rendered 7015 rows vs 7132 reported — known upstream row-numbering gaps, not a scraping error)
  2016-09-17: no data (holiday or out of archive range)
  2016-09-19: no data (holiday or out of archive range)
  2016-09-18: wrote 6658 rows (note: grid rendered 6658 rows vs 6727 reported — known upstream row-numbering gaps, not a scraping error)
  2016-09-21: wrote 4964 rows (note: grid rendered 4964 rows vs 4996 reported — known upstream row-numbering gaps, not a scraping error)
  2016-09-20: wrote 6865 rows (note: grid rendered 6865 rows vs 6939 reported — known upstream row-numbering gaps, not a scraping error)
  2016-09-24: no data (holiday or out of archive range)
  2016-09-23: no data (holiday or out of archive range)
  2016-09-22: wrote 5140 rows (note: grid rendered 5140 rows vs 5240 reported — known upstream row-numbering gaps, not a scraping error)
  2016-09-25: wrote 5662 rows (note: grid rendered 5662 rows vs 5713 reported — known upstream row-numbering gaps, not a scraping error)
  2016-09-26: wrote 5048 rows (note: grid rendered 5048 rows vs 5093 reported — known upstream row-numbering gaps, not a scraping error)
  2016-09-27: wrote 4964 rows (note: grid rendered 4964 rows vs 5007 reported — known upstream row-numbering gaps, not a scraping error)
  2016-09-30: no data (holiday or out of archive range)
  2016-10-01: no data (holiday or out of archive range)
  2016-09-28: wrote 4232 rows (note: grid rendered 4232 rows vs 4270 reported — known upstream row-numbering gaps, not a scraping error)
  2016-09-29: wrote 4711 rows (note: grid rendered 4711 rows vs 4751 reported — known upstream row-numbering gaps, not a scraping error)
  2016-10-03: wrote 3687 rows (note: grid rendered 3687 rows vs 3731 reported — known upstream row-numbering gaps, not a scraping error)
  2016-10-02: wrote 4339 rows (note: grid rendered 4339 rows vs 4399 reported — known upstream row-numbering gaps, not a scraping error)
  2016-10-04: wrote 4518 rows (note: grid rendered 4518 rows vs 4542 reported — known upstream row-numbering gaps, not a scraping error)
  2016-10-07: no data (holiday or out of archive range)
  2016-10-08: no data (holiday or out of archive range)
  2016-10-06: wrote 4959 rows (note: grid rendered 4959 rows vs 5014 reported — known upstream row-numbering gaps, not a scraping error)
  2016-10-09: no data (holiday or out of archive range)
  2016-10-10: no data (holiday or out of archive range)
  2016-10-05: wrote 4260 rows (note: grid rendered 4260 rows vs 4303 reported — known upstream row-numbering gaps, not a scraping error)
  2016-10-11: no data (holiday or out of archive range)
  2016-10-14: no data (holiday or out of archive range)
  2016-10-13: no data (holiday or out of archive range)
  2016-10-12: no data (holiday or out of archive range)
  2016-10-15: no data (holiday or out of archive range)
  2016-10-16: wrote 3227 rows (note: grid rendered 3227 rows vs 3254 reported — known upstream row-numbering gaps, not a scraping error)
  2016-10-18: wrote 3137 rows (note: grid rendered 3137 rows vs 3190 reported — known upstream row-numbering gaps, not a scraping error)
  2016-10-17: wrote 3629 rows (note: grid rendered 3629 rows vs 3653 reported — known upstream row-numbering gaps, not a scraping error)
  2016-10-19: wrote 3255 rows (note: grid rendered 3255 rows vs 3299 reported — known upstream row-numbering gaps, not a scraping error)
  2016-10-21: no data (holiday or out of archive range)
  2016-10-20: wrote 3729 rows (note: grid rendered 3729 rows vs 3790 reported — known upstream row-numbering gaps, not a scraping error)
  2016-10-22: no data (holiday or out of archive range)
  2016-10-23: wrote 5097 rows (note: grid rendered 5097 rows vs 5175 reported — known upstream row-numbering gaps, not a scraping error)
  2016-10-24: wrote 4612 rows (note: grid rendered 4612 rows vs 4824 reported — known upstream row-numbering gaps, not a scraping error)
  2016-10-25: wrote 4161 rows (note: grid rendered 4161 rows vs 4553 reported — known upstream row-numbering gaps, not a scraping error)
  2016-10-28: no data (holiday or out of archive range)
  2016-10-29: no data (holiday or out of archive range)
  2016-10-26: wrote 4310 rows (note: grid rendered 4310 rows vs 4570 reported — known upstream row-numbering gaps, not a scraping error)
  2016-10-27: wrote 4405 rows (note: grid rendered 4405 rows vs 4532 reported — known upstream row-numbering gaps, not a scraping error)
  2016-10-31: no data (holiday or out of archive range)
  2016-10-30: no data (holiday or out of archive range)
  2016-11-01: no data (holiday or out of archive range)
  2016-11-02: no data (holiday or out of archive range)
  2016-11-04: no data (holiday or out of archive range)
  2016-11-05: no data (holiday or out of archive range)
  2016-11-06: no data (holiday or out of archive range)
  2016-11-07: wrote 4102 rows (note: grid rendered 4102 rows vs 4193 reported — known upstream row-numbering gaps, not a scraping error)
  2016-11-08: wrote 4404 rows (note: grid rendered 4404 rows vs 4531 reported — known upstream row-numbering gaps, not a scraping error)
  2016-11-09: wrote 4360 rows (note: grid rendered 4360 rows vs 4517 reported — known upstream row-numbering gaps, not a scraping error)
  2016-11-10: wrote 4951 rows (note: grid rendered 4951 rows vs 5084 reported — known upstream row-numbering gaps, not a scraping error)
  2016-11-11: no data (holiday or out of archive range)
  2016-11-03: wrote 3152 rows (note: grid rendered 3152 rows vs 3271 reported — known upstream row-numbering gaps, not a scraping error)
  2016-11-12: no data (holiday or out of archive range)
  2016-11-14: wrote 4032 rows (note: grid rendered 4032 rows vs 4178 reported — known upstream row-numbering gaps, not a scraping error)
  2016-11-16: wrote 4568 rows (note: grid rendered 4568 rows vs 4691 reported — known upstream row-numbering gaps, not a scraping error)
  2016-11-15: wrote 4397 rows (note: grid rendered 4397 rows vs 4490 reported — known upstream row-numbering gaps, not a scraping error)
  2016-11-17: wrote 6873 rows (note: grid rendered 6873 rows vs 7008 reported — known upstream row-numbering gaps, not a scraping error)
  2016-11-18: no data (holiday or out of archive range)
  2016-11-19: no data (holiday or out of archive range)
  2016-11-20: wrote 6674 rows (note: grid rendered 6674 rows vs 6776 reported — known upstream row-numbering gaps, not a scraping error)
  2016-11-21: wrote 5336 rows (note: grid rendered 5336 rows vs 5737 reported — known upstream row-numbering gaps, not a scraping error)
  2016-11-23: wrote 6511 rows (note: grid rendered 6511 rows vs 6675 reported — known upstream row-numbering gaps, not a scraping error)
  2016-11-22: wrote 5814 rows (note: grid rendered 5814 rows vs 5918 reported — known upstream row-numbering gaps, not a scraping error)
  2016-11-26: no data (holiday or out of archive range)
  2016-11-25: no data (holiday or out of archive range)
  2016-11-27: wrote 6341 rows (note: grid rendered 6341 rows vs 6382 reported — known upstream row-numbering gaps, not a scraping error)
  2016-11-24: wrote 6097 rows (note: grid rendered 6097 rows vs 6230 reported — known upstream row-numbering gaps, not a scraping error)
  2016-11-30: no data (holiday or out of archive range)
  2016-11-29: wrote 7585 rows (note: grid rendered 7585 rows vs 7648 reported — known upstream row-numbering gaps, not a scraping error)
  2016-11-28: wrote 6646 rows (note: grid rendered 6646 rows vs 6713 reported — known upstream row-numbering gaps, not a scraping error)
  2016-12-02: no data (holiday or out of archive range)
  2016-12-03: no data (holiday or out of archive range)
  2016-12-01: wrote 7877 rows (note: grid rendered 7877 rows vs 8004 reported — known upstream row-numbering gaps, not a scraping error)
  2016-12-04: wrote 4982 rows (note: grid rendered 4982 rows vs 5080 reported — known upstream row-numbering gaps, not a scraping error)
  2016-12-05: wrote 4851 rows (note: grid rendered 4851 rows vs 4991 reported — known upstream row-numbering gaps, not a scraping error)
  2016-12-07: wrote 3608 rows (note: grid rendered 3608 rows vs 3742 reported — known upstream row-numbering gaps, not a scraping error)
  2016-12-06: wrote 4807 rows (note: grid rendered 4807 rows vs 5007 reported — known upstream row-numbering gaps, not a scraping error)
  2016-12-09: no data (holiday or out of archive range)
  2016-12-10: no data (holiday or out of archive range)
  2016-12-12: wrote 3980 rows (note: grid rendered 3980 rows vs 4018 reported — known upstream row-numbering gaps, not a scraping error)
  2016-12-08: wrote 4399 rows (note: grid rendered 4399 rows vs 4501 reported — known upstream row-numbering gaps, not a scraping error)
  2016-12-13: no data (holiday or out of archive range)
  2016-12-14: wrote 3632 rows (note: grid rendered 3632 rows vs 3739 reported — known upstream row-numbering gaps, not a scraping error)
  2016-12-11: wrote 3732 rows (note: grid rendered 3732 rows vs 3819 reported — known upstream row-numbering gaps, not a scraping error)
  2016-12-17: no data (holiday or out of archive range)
  2016-12-16: no data (holiday or out of archive range)
  2016-12-15: wrote 3648 rows (note: grid rendered 3648 rows vs 3683 reported — known upstream row-numbering gaps, not a scraping error)
  2016-12-18: wrote 4120 rows (note: grid rendered 4120 rows vs 4226 reported — known upstream row-numbering gaps, not a scraping error)
  2016-12-19: wrote 3920 rows (note: grid rendered 3920 rows vs 4066 reported — known upstream row-numbering gaps, not a scraping error)
  2016-12-20: wrote 4722 rows (note: grid rendered 4722 rows vs 4808 reported — known upstream row-numbering gaps, not a scraping error)
  2016-12-23: no data (holiday or out of archive range)
  2016-12-21: wrote 4313 rows (note: grid rendered 4313 rows vs 4422 reported — known upstream row-numbering gaps, not a scraping error)
  2016-12-24: no data (holiday or out of archive range)
  2016-12-22: wrote 3865 rows (note: grid rendered 3865 rows vs 3997 reported — known upstream row-numbering gaps, not a scraping error)
  2016-12-25: no data (holiday or out of archive range)
  2016-12-27: wrote 4776 rows (note: grid rendered 4776 rows vs 4818 reported — known upstream row-numbering gaps, not a scraping error)
  2016-12-28: wrote 4026 rows (note: grid rendered 4026 rows vs 4080 reported — known upstream row-numbering gaps, not a scraping error)
  2016-12-30: no data (holiday or out of archive range)
  2016-12-31: no data (holiday or out of archive range)
  2017-01-02: wrote 4369 rows (note: grid rendered 4369 rows vs 4433 reported — known upstream row-numbering gaps, not a scraping error)
  2017-01-01: wrote 4284 rows (note: grid rendered 4284 rows vs 4323 reported — known upstream row-numbering gaps, not a scraping error)
  2017-01-03: wrote 3732 rows (note: grid rendered 3732 rows vs 3835 reported — known upstream row-numbering gaps, not a scraping error)
  2016-12-29: wrote 4264 rows (note: grid rendered 4264 rows vs 4288 reported — known upstream row-numbering gaps, not a scraping error)
  2017-01-04: wrote 2744 rows (note: grid rendered 2744 rows vs 2892 reported — known upstream row-numbering gaps, not a scraping error)
  2017-01-07: no data (holiday or out of archive range)
  2017-01-06: no data (holiday or out of archive range)
  2017-01-05: wrote 3022 rows (note: grid rendered 3022 rows vs 3068 reported — known upstream row-numbering gaps, not a scraping error)
  2017-01-08: wrote 2801 rows (note: grid rendered 2801 rows vs 2833 reported — known upstream row-numbering gaps, not a scraping error)
  2017-01-09: wrote 2454 rows (note: grid rendered 2454 rows vs 2493 reported — known upstream row-numbering gaps, not a scraping error)
  2017-01-11: no data (holiday or out of archive range)
  2017-01-10: wrote 2681 rows (note: grid rendered 2681 rows vs 2726 reported — known upstream row-numbering gaps, not a scraping error)
  2017-01-13: no data (holiday or out of archive range)
  2017-01-14: no data (holiday or out of archive range)
  2017-01-12: wrote 2410 rows (note: grid rendered 2410 rows vs 2443 reported — known upstream row-numbering gaps, not a scraping error)
  2017-01-15: wrote 2342 rows (note: grid rendered 2342 rows vs 2371 reported — known upstream row-numbering gaps, not a scraping error)
  2017-01-17: wrote 3313 rows (note: grid rendered 3313 rows vs 3351 reported — known upstream row-numbering gaps, not a scraping error)
  2017-01-16: wrote 2645 rows (note: grid rendered 2645 rows vs 2680 reported — known upstream row-numbering gaps, not a scraping error)
  2017-01-20: no data (holiday or out of archive range)
  2017-01-21: no data (holiday or out of archive range)
  2017-01-18: wrote 3109 rows (note: grid rendered 3109 rows vs 3142 reported — known upstream row-numbering gaps, not a scraping error)
  2017-01-19: wrote 3203 rows (note: grid rendered 3203 rows vs 3241 reported — known upstream row-numbering gaps, not a scraping error)
  2017-01-22: wrote 2648 rows (note: grid rendered 2648 rows vs 2654 reported — known upstream row-numbering gaps, not a scraping error)
  2017-01-24: wrote 3596 rows (note: grid rendered 3596 rows vs 3603 reported — known upstream row-numbering gaps, not a scraping error)
  2017-01-23: wrote 2988 rows (note: grid rendered 2988 rows vs 2996 reported — known upstream row-numbering gaps, not a scraping error)
  2017-01-27: no data (holiday or out of archive range)
  2017-01-26: wrote 5538 rows (note: grid rendered 5538 rows vs 5569 reported — known upstream row-numbering gaps, not a scraping error)
  2017-01-25: wrote 4520 rows (note: grid rendered 4520 rows vs 4538 reported — known upstream row-numbering gaps, not a scraping error)
  2017-01-28: no data (holiday or out of archive range)
  2017-01-29: no data (holiday or out of archive range)
  2017-01-30: wrote 5617 rows (note: grid rendered 5617 rows vs 5649 reported — known upstream row-numbering gaps, not a scraping error)
  2017-02-01: no data (holiday or out of archive range)
  2017-01-31: wrote 4360 rows (note: grid rendered 4360 rows vs 4395 reported — known upstream row-numbering gaps, not a scraping error)
  2017-02-04: no data (holiday or out of archive range)
  2017-02-03: no data (holiday or out of archive range)
  2017-02-02: wrote 5459 rows (note: grid rendered 5459 rows vs 5490 reported — known upstream row-numbering gaps, not a scraping error)
  2017-02-05: wrote 3211 rows (note: grid rendered 3211 rows vs 3242 reported — known upstream row-numbering gaps, not a scraping error)
  2017-02-06: wrote 2995 rows (note: grid rendered 2995 rows vs 3042 reported — known upstream row-numbering gaps, not a scraping error)
  2017-02-09: wrote 5559 rows (note: grid rendered 5559 rows vs 5571 reported — known upstream row-numbering gaps, not a scraping error)
  2017-02-07: wrote 3604 rows (note: grid rendered 3604 rows vs 3659 reported — known upstream row-numbering gaps, not a scraping error)
  2017-02-10: no data (holiday or out of archive range)
  2017-02-08: wrote 4556 rows (note: grid rendered 4556 rows vs 4668 reported — known upstream row-numbering gaps, not a scraping error)
  2017-02-11: no data (holiday or out of archive range)
  2017-02-14: no data (holiday or out of archive range)
  2017-02-13: wrote 5784 rows (note: grid rendered 5784 rows vs 5838 reported — known upstream row-numbering gaps, not a scraping error)
  2017-02-15: wrote 4994 rows (note: grid rendered 4994 rows vs 5076 reported — known upstream row-numbering gaps, not a scraping error)
  2017-02-16: wrote 7198 rows (note: grid rendered 7198 rows vs 7285 reported — known upstream row-numbering gaps, not a scraping error)
  2017-02-17: no data (holiday or out of archive range)
  2017-02-12: wrote 6104 rows (note: grid rendered 6104 rows vs 6158 reported — known upstream row-numbering gaps, not a scraping error)
  2017-02-18: no data (holiday or out of archive range)
  2017-02-21: wrote 6184 rows (note: grid rendered 6184 rows vs 6254 reported — known upstream row-numbering gaps, not a scraping error)
  2017-02-19: wrote 6810 rows (note: grid rendered 6810 rows vs 6863 reported — known upstream row-numbering gaps, not a scraping error)
  2017-02-22: wrote 3710 rows (note: grid rendered 3710 rows vs 3758 reported — known upstream row-numbering gaps, not a scraping error)
  2017-02-24: no data (holiday or out of archive range)
  2017-02-25: no data (holiday or out of archive range)
  2017-02-23: wrote 3368 rows (note: grid rendered 3368 rows vs 3404 reported — known upstream row-numbering gaps, not a scraping error)
  2017-02-27: no data (holiday or out of archive range)
  2017-02-26: wrote 3170 rows (note: grid rendered 3170 rows vs 3207 reported — known upstream row-numbering gaps, not a scraping error)
  2017-02-28: wrote 4089 rows (note: grid rendered 4089 rows vs 4141 reported — known upstream row-numbering gaps, not a scraping error)
  2017-03-01: wrote 3640 rows (note: grid rendered 3640 rows vs 3736 reported — known upstream row-numbering gaps, not a scraping error)
  2017-03-03: no data (holiday or out of archive range)
  2017-03-02: wrote 4701 rows (note: grid rendered 4701 rows vs 4775 reported — known upstream row-numbering gaps, not a scraping error)
  2017-03-05: no data (holiday or out of archive range)
  2017-03-04: no data (holiday or out of archive range)
  2017-03-06: no data (holiday or out of archive range)
  2017-03-08: no data (holiday or out of archive range)
  2017-03-07: wrote 4338 rows (note: grid rendered 4338 rows vs 4418 reported — known upstream row-numbering gaps, not a scraping error)
  2017-03-10: no data (holiday or out of archive range)
  2017-03-09: wrote 3779 rows (note: grid rendered 3779 rows vs 3848 reported — known upstream row-numbering gaps, not a scraping error)
  2017-03-11: no data (holiday or out of archive range)
  2017-03-12: no data (holiday or out of archive range)
  2017-03-15: wrote 2983 rows (note: grid rendered 2983 rows vs 3009 reported — known upstream row-numbering gaps, not a scraping error)
  2017-03-14: wrote 3360 rows (note: grid rendered 3360 rows vs 3417 reported — known upstream row-numbering gaps, not a scraping error)
  2017-03-13: wrote 2828 rows (note: grid rendered 2828 rows vs 2872 reported — known upstream row-numbering gaps, not a scraping error)
  2017-03-18: no data (holiday or out of archive range)
  2017-03-17: no data (holiday or out of archive range)
  2017-03-16: wrote 3522 rows (note: grid rendered 3522 rows vs 3584 reported — known upstream row-numbering gaps, not a scraping error)
  2017-03-20: wrote 8063 rows (note: grid rendered 8063 rows vs 8122 reported — known upstream row-numbering gaps, not a scraping error)
  2017-03-19: wrote 5057 rows (note: grid rendered 5057 rows vs 5115 reported — known upstream row-numbering gaps, not a scraping error)
  2017-03-23: no data (holiday or out of archive range)
  2017-03-21: wrote 9024 rows (note: grid rendered 9024 rows vs 9192 reported — known upstream row-numbering gaps, not a scraping error)
  2017-03-24: no data (holiday or out of archive range)
  2017-03-25: no data (holiday or out of archive range)
  2017-03-22: wrote 10380 rows (note: grid rendered 10380 rows vs 10623 reported — known upstream row-numbering gaps, not a scraping error)
  2017-03-27: no data (holiday or out of archive range)
  2017-03-29: no data (holiday or out of archive range)
  2017-03-28: wrote 8374 rows (note: grid rendered 8374 rows vs 8469 reported — known upstream row-numbering gaps, not a scraping error)
  2017-03-31: no data (holiday or out of archive range)
  2017-04-01: no data (holiday or out of archive range)
  2017-03-26: wrote 10333 rows (note: grid rendered 10333 rows vs 10558 reported — known upstream row-numbering gaps, not a scraping error)
  2017-03-30: wrote 10999 rows (note: grid rendered 10999 rows vs 11149 reported — known upstream row-numbering gaps, not a scraping error)
  2017-04-03: wrote 13067 rows (note: grid rendered 13067 rows vs 13238 reported — known upstream row-numbering gaps, not a scraping error)
  2017-04-04: no data (holiday or out of archive range)
  2017-04-05: no data (holiday or out of archive range)
  2017-04-02: wrote 4455 rows (note: grid rendered 4455 rows vs 4540 reported — known upstream row-numbering gaps, not a scraping error)
  2017-04-07: no data (holiday or out of archive range)
  2017-04-08: no data (holiday or out of archive range)
  2017-04-06: wrote 9020 rows (note: grid rendered 9020 rows vs 9080 reported — known upstream row-numbering gaps, not a scraping error)
  2017-04-11: no data (holiday or out of archive range)
  2017-04-09: wrote 8092 rows (note: grid rendered 8092 rows vs 8286 reported — known upstream row-numbering gaps, not a scraping error)
  2017-04-13: no data (holiday or out of archive range)
  2017-04-14: no data (holiday or out of archive range)
  2017-04-10: wrote 9432 rows (note: grid rendered 9432 rows vs 9621 reported — known upstream row-numbering gaps, not a scraping error)
  2017-04-15: no data (holiday or out of archive range)
  2017-04-12: wrote 11653 rows (note: grid rendered 11653 rows vs 11974 reported — known upstream row-numbering gaps, not a scraping error)
  2017-04-17: no data (holiday or out of archive range)
  2017-04-16: wrote 7688 rows (note: grid rendered 7688 rows vs 7916 reported — known upstream row-numbering gaps, not a scraping error)
  2017-04-18: wrote 10006 rows (note: grid rendered 10006 rows vs 10176 reported — known upstream row-numbering gaps, not a scraping error)
  2017-04-21: no data (holiday or out of archive range)
  2017-04-20: wrote 8330 rows (note: grid rendered 8330 rows vs 8470 reported — known upstream row-numbering gaps, not a scraping error)
  2017-04-19: wrote 7340 rows (note: grid rendered 7340 rows vs 7435 reported — known upstream row-numbering gaps, not a scraping error)
  2017-04-22: no data (holiday or out of archive range)
  2017-04-25: wrote 7765 rows (note: grid rendered 7765 rows vs 7906 reported — known upstream row-numbering gaps, not a scraping error)
  2017-04-23: wrote 10091 rows (note: grid rendered 10091 rows vs 10191 reported — known upstream row-numbering gaps, not a scraping error)
  2017-04-24: wrote 8373 rows (note: grid rendered 8373 rows vs 8488 reported — known upstream row-numbering gaps, not a scraping error)
  2017-04-28: no data (holiday or out of archive range)
  2017-04-29: no data (holiday or out of archive range)
  2017-04-26: wrote 7337 rows (note: grid rendered 7337 rows vs 7584 reported — known upstream row-numbering gaps, not a scraping error)
  2017-04-30: wrote 6683 rows (note: grid rendered 6683 rows vs 6794 reported — known upstream row-numbering gaps, not a scraping error)
  2017-05-01: no data (holiday or out of archive range)
  2017-04-27: wrote 7819 rows (note: grid rendered 7819 rows vs 8003 reported — known upstream row-numbering gaps, not a scraping error)
  2017-05-02: wrote 6957 rows (note: grid rendered 6957 rows vs 7043 reported — known upstream row-numbering gaps, not a scraping error)
  2017-05-03: wrote 7047 rows (note: grid rendered 7047 rows vs 7186 reported — known upstream row-numbering gaps, not a scraping error)
  2017-05-06: no data (holiday or out of archive range)
  2017-05-05: no data (holiday or out of archive range)
  2017-05-04: wrote 6958 rows (note: grid rendered 6958 rows vs 7125 reported — known upstream row-numbering gaps, not a scraping error)
  2017-05-09: wrote 5682 rows (note: grid rendered 5682 rows vs 5722 reported — known upstream row-numbering gaps, not a scraping error)
  2017-05-07: wrote 6352 rows (note: grid rendered 6352 rows vs 6511 reported — known upstream row-numbering gaps, not a scraping error)
  2017-05-08: wrote 5178 rows (note: grid rendered 5178 rows vs 5246 reported — known upstream row-numbering gaps, not a scraping error)
  2017-05-12: no data (holiday or out of archive range)
  2017-05-10: no data (holiday or out of archive range)
  2017-05-13: no data (holiday or out of archive range)
  2017-05-14: no data (holiday or out of archive range)
  2017-05-11: wrote 7260 rows (note: grid rendered 7260 rows vs 7317 reported — known upstream row-numbering gaps, not a scraping error)
  2017-05-15: wrote 4398 rows (note: grid rendered 4398 rows vs 4449 reported — known upstream row-numbering gaps, not a scraping error)
  2017-05-16: wrote 4096 rows (note: grid rendered 4096 rows vs 4124 reported — known upstream row-numbering gaps, not a scraping error)
  2017-05-19: no data (holiday or out of archive range)
  2017-05-20: no data (holiday or out of archive range)
  2017-05-17: wrote 4483 rows (note: grid rendered 4483 rows vs 4541 reported — known upstream row-numbering gaps, not a scraping error)
  2017-05-22: wrote 4191 rows (note: grid rendered 4191 rows vs 4223 reported — known upstream row-numbering gaps, not a scraping error)
  2017-05-23: wrote 7879 rows (note: grid rendered 7879 rows vs 7976 reported — known upstream row-numbering gaps, not a scraping error)
  2017-05-18: wrote 5442 rows (note: grid rendered 5442 rows vs 5541 reported — known upstream row-numbering gaps, not a scraping error)
  2017-05-25: no data (holiday or out of archive range)
  2017-05-21: wrote 5358 rows (note: grid rendered 5358 rows vs 5446 reported — known upstream row-numbering gaps, not a scraping error)
  2017-05-24: wrote 6381 rows (note: grid rendered 6381 rows vs 6444 reported — known upstream row-numbering gaps, not a scraping error)
  2017-05-27: no data (holiday or out of archive range)
  2017-05-26: no data (holiday or out of archive range)
  2017-05-29: no data (holiday or out of archive range)
  2017-05-28: wrote 7709 rows (note: grid rendered 7709 rows vs 7788 reported — known upstream row-numbering gaps, not a scraping error)
  2017-05-30: wrote 7066 rows (note: grid rendered 7066 rows vs 7190 reported — known upstream row-numbering gaps, not a scraping error)
  2017-05-31: wrote 6311 rows (note: grid rendered 6311 rows vs 6408 reported — known upstream row-numbering gaps, not a scraping error)
  2017-06-02: no data (holiday or out of archive range)
  2017-06-03: no data (holiday or out of archive range)
  2017-06-01: wrote 6224 rows (note: grid rendered 6224 rows vs 6333 reported — known upstream row-numbering gaps, not a scraping error)
  2017-06-04: wrote 6860 rows (note: grid rendered 6860 rows vs 6914 reported — known upstream row-numbering gaps, not a scraping error)
  2017-06-05: wrote 6207 rows (note: grid rendered 6207 rows vs 6336 reported — known upstream row-numbering gaps, not a scraping error)
  2017-06-06: wrote 7712 rows (note: grid rendered 7712 rows vs 7886 reported — known upstream row-numbering gaps, not a scraping error)
  2017-06-09: no data (holiday or out of archive range)
  2017-06-08: wrote 5347 rows (note: grid rendered 5347 rows vs 5443 reported — known upstream row-numbering gaps, not a scraping error)
  2017-06-10: no data (holiday or out of archive range)
  2017-06-11: wrote 6970 rows (note: grid rendered 6970 rows vs 7046 reported — known upstream row-numbering gaps, not a scraping error)
  2017-06-12: wrote 6547 rows (note: grid rendered 6547 rows vs 6723 reported — known upstream row-numbering gaps, not a scraping error)
  2017-06-07: wrote 7929 rows (note: grid rendered 7929 rows vs 8038 reported — known upstream row-numbering gaps, not a scraping error)
  2017-06-13: wrote 5525 rows (note: grid rendered 5525 rows vs 5604 reported — known upstream row-numbering gaps, not a scraping error)
  2017-06-16: no data (holiday or out of archive range)
  2017-06-15: wrote 5894 rows (note: grid rendered 5894 rows vs 6060 reported — known upstream row-numbering gaps, not a scraping error)
  2017-06-17: no data (holiday or out of archive range)
  2017-06-18: wrote 4796 rows (note: grid rendered 4796 rows vs 4906 reported — known upstream row-numbering gaps, not a scraping error)
  2017-06-19: wrote 5700 rows (note: grid rendered 5700 rows vs 5812 reported — known upstream row-numbering gaps, not a scraping error)
  2017-06-20: wrote 5297 rows (note: grid rendered 5297 rows vs 5409 reported — known upstream row-numbering gaps, not a scraping error)
  2017-06-14: wrote 5292 rows (note: grid rendered 5292 rows vs 5505 reported — known upstream row-numbering gaps, not a scraping error)
  2017-06-23: no data (holiday or out of archive range)
  2017-06-21: wrote 4693 rows (note: grid rendered 4693 rows vs 4789 reported — known upstream row-numbering gaps, not a scraping error)
  2017-06-22: wrote 4927 rows (note: grid rendered 4927 rows vs 5184 reported — known upstream row-numbering gaps, not a scraping error)
  2017-06-24: no data (holiday or out of archive range)
  2017-06-26: no data (holiday or out of archive range)
  2017-06-25: wrote 5707 rows (note: grid rendered 5707 rows vs 5856 reported — known upstream row-numbering gaps, not a scraping error)
  2017-06-27: wrote 5720 rows (note: grid rendered 5720 rows vs 5993 reported — known upstream row-numbering gaps, not a scraping error)
  2017-06-30: no data (holiday or out of archive range)
  2017-06-28: wrote 4230 rows (note: grid rendered 4230 rows vs 4366 reported — known upstream row-numbering gaps, not a scraping error)
  2017-06-29: no data (holiday or out of archive range)
  2017-07-01: no data (holiday or out of archive range)
  2017-07-02: wrote 6105 rows (note: grid rendered 6105 rows vs 6160 reported — known upstream row-numbering gaps, not a scraping error)
  2017-07-03: wrote 4959 rows (note: grid rendered 4959 rows vs 5001 reported — known upstream row-numbering gaps, not a scraping error)
  2017-07-06: wrote 6640 rows (note: grid rendered 6640 rows vs 6696 reported — known upstream row-numbering gaps, not a scraping error)
  2017-07-05: wrote 5441 rows (note: grid rendered 5441 rows vs 5501 reported — known upstream row-numbering gaps, not a scraping error)
  2017-07-07: no data (holiday or out of archive range)
  2017-07-08: no data (holiday or out of archive range)
  2017-07-10: wrote 5728 rows (note: grid rendered 5728 rows vs 5820 reported — known upstream row-numbering gaps, not a scraping error)
  2017-07-04: wrote 4763 rows (note: grid rendered 4763 rows vs 4802 reported — known upstream row-numbering gaps, not a scraping error)
  2017-07-09: wrote 8971 rows (note: grid rendered 8971 rows vs 9090 reported — known upstream row-numbering gaps, not a scraping error)
  2017-07-12: wrote 5341 rows (note: grid rendered 5341 rows vs 5448 reported — known upstream row-numbering gaps, not a scraping error)
  2017-07-11: wrote 4757 rows (note: grid rendered 4757 rows vs 4805 reported — known upstream row-numbering gaps, not a scraping error)
  2017-07-13: wrote 8102 rows (note: grid rendered 8102 rows vs 8204 reported — known upstream row-numbering gaps, not a scraping error)
  2017-07-15: no data (holiday or out of archive range)
  2017-07-14: no data (holiday or out of archive range)
  2017-07-18: no data (holiday or out of archive range)
  2017-07-16: wrote 5695 rows (note: grid rendered 5695 rows vs 5788 reported — known upstream row-numbering gaps, not a scraping error)
  2017-07-19: no data (holiday or out of archive range)
  2017-07-21: no data (holiday or out of archive range)
  2017-07-20: wrote 8596 rows (note: grid rendered 8596 rows vs 8727 reported — known upstream row-numbering gaps, not a scraping error)
  2017-07-22: no data (holiday or out of archive range)
  2017-07-17: wrote 6488 rows (note: grid rendered 6488 rows vs 6635 reported — known upstream row-numbering gaps, not a scraping error)
  2017-07-24: wrote 9052 rows (note: grid rendered 9052 rows vs 9210 reported — known upstream row-numbering gaps, not a scraping error)
  2017-07-25: wrote 7316 rows (note: grid rendered 7316 rows vs 7406 reported — known upstream row-numbering gaps, not a scraping error)
  2017-07-23: wrote 8764 rows (note: grid rendered 8764 rows vs 9014 reported — known upstream row-numbering gaps, not a scraping error)
  2017-07-28: no data (holiday or out of archive range)
  2017-07-29: no data (holiday or out of archive range)
  2017-07-27: wrote 8966 rows (note: grid rendered 8966 rows vs 9093 reported — known upstream row-numbering gaps, not a scraping error)
  2017-07-26: wrote 9387 rows (note: grid rendered 9387 rows vs 9600 reported — known upstream row-numbering gaps, not a scraping error)
  2017-07-30: wrote 8067 rows (note: grid rendered 8067 rows vs 8280 reported — known upstream row-numbering gaps, not a scraping error)
  2017-07-31: wrote 8923 rows (note: grid rendered 8923 rows vs 9132 reported — known upstream row-numbering gaps, not a scraping error)
  2017-08-02: wrote 8335 rows (note: grid rendered 8335 rows vs 8819 reported — known upstream row-numbering gaps, not a scraping error)
  2017-08-04: no data (holiday or out of archive range)
  2017-08-05: no data (holiday or out of archive range)
  2017-08-03: wrote 9646 rows (note: grid rendered 9646 rows vs 10001 reported — known upstream row-numbering gaps, not a scraping error)
  2017-08-08: no data (holiday or out of archive range)
  2017-08-06: wrote 10225 rows (note: grid rendered 10225 rows vs 10447 reported — known upstream row-numbering gaps, not a scraping error)
  2017-08-07: wrote 8415 rows (note: grid rendered 8415 rows vs 8581 reported — known upstream row-numbering gaps, not a scraping error)
  2017-08-11: no data (holiday or out of archive range)
  2017-08-09: wrote 8382 rows (note: grid rendered 8382 rows vs 8647 reported — known upstream row-numbering gaps, not a scraping error)
  2017-08-10: wrote 7810 rows (note: grid rendered 7810 rows vs 7975 reported — known upstream row-numbering gaps, not a scraping error)
  2017-08-12: no data (holiday or out of archive range)
  2017-08-14: no data (holiday or out of archive range)
  2017-08-13: wrote 7461 rows (note: grid rendered 7461 rows vs 7581 reported — known upstream row-numbering gaps, not a scraping error)
  2017-08-15: wrote 6986 rows (note: grid rendered 6986 rows vs 7134 reported — known upstream row-numbering gaps, not a scraping error)
  2017-08-16: wrote 6553 rows (note: grid rendered 6553 rows vs 6655 reported — known upstream row-numbering gaps, not a scraping error)
  2017-08-19: no data (holiday or out of archive range)
  2017-08-18: no data (holiday or out of archive range)
  2017-08-17: wrote 6627 rows (note: grid rendered 6627 rows vs 6827 reported — known upstream row-numbering gaps, not a scraping error)
  2017-08-21: wrote 5032 rows (note: grid rendered 5032 rows vs 5108 reported — known upstream row-numbering gaps, not a scraping error)
  2017-08-20: wrote 7167 rows (note: grid rendered 7167 rows vs 7286 reported — known upstream row-numbering gaps, not a scraping error)
  2017-08-22: wrote 11585 rows (note: grid rendered 11585 rows vs 11650 reported — known upstream row-numbering gaps, not a scraping error)
  2017-08-25: no data (holiday or out of archive range)
  2017-08-26: no data (holiday or out of archive range)
  2017-08-24: wrote 7537 rows (note: grid rendered 7537 rows vs 7611 reported — known upstream row-numbering gaps, not a scraping error)
  2017-08-23: wrote 9341 rows (note: grid rendered 9341 rows vs 9469 reported — known upstream row-numbering gaps, not a scraping error)
  2017-08-27: wrote 10184 rows (note: grid rendered 10184 rows vs 10275 reported — known upstream row-numbering gaps, not a scraping error)
  2017-08-28: wrote 9539 rows (note: grid rendered 9539 rows vs 9593 reported — known upstream row-numbering gaps, not a scraping error)
  2017-08-29: no data (holiday or out of archive range)
  2017-09-01: no data (holiday or out of archive range)
  2017-08-31: no data (holiday or out of archive range)
  2017-09-02: no data (holiday or out of archive range)
  2017-08-30: wrote 9396 rows (note: grid rendered 9396 rows vs 9502 reported — known upstream row-numbering gaps, not a scraping error)
  2017-09-03: no data (holiday or out of archive range)
  2017-09-05: no data (holiday or out of archive range)
  2017-09-04: wrote 9126 rows (note: grid rendered 9126 rows vs 9241 reported — known upstream row-numbering gaps, not a scraping error)
  2017-09-06: wrote 8452 rows (note: grid rendered 8452 rows vs 8545 reported — known upstream row-numbering gaps, not a scraping error)
  2017-09-09: no data (holiday or out of archive range)
  2017-09-08: no data (holiday or out of archive range)
  2017-09-07: wrote 8426 rows (note: grid rendered 8426 rows vs 8510 reported — known upstream row-numbering gaps, not a scraping error)
  2017-09-10: wrote 9033 rows (note: grid rendered 9033 rows vs 9112 reported — known upstream row-numbering gaps, not a scraping error)
  2017-09-12: wrote 6413 rows (note: grid rendered 6413 rows vs 6458 reported — known upstream row-numbering gaps, not a scraping error)
  2017-09-11: wrote 7734 rows (note: grid rendered 7734 rows vs 7844 reported — known upstream row-numbering gaps, not a scraping error)
  2017-09-15: no data (holiday or out of archive range)
  2017-09-16: no data (holiday or out of archive range)
  2017-09-14: wrote 6534 rows (note: grid rendered 6534 rows vs 6613 reported — known upstream row-numbering gaps, not a scraping error)
  2017-09-13: wrote 6299 rows (note: grid rendered 6299 rows vs 6363 reported — known upstream row-numbering gaps, not a scraping error)
  2017-09-19: no data (holiday or out of archive range)
  2017-09-18: wrote 6264 rows (note: grid rendered 6264 rows vs 6325 reported — known upstream row-numbering gaps, not a scraping error)
  2017-09-21: no data (holiday or out of archive range)
  2017-09-20: wrote 4970 rows (note: grid rendered 4970 rows vs 5038 reported — known upstream row-numbering gaps, not a scraping error)
  2017-09-22: no data (holiday or out of archive range)
  2017-09-23: no data (holiday or out of archive range)
  2017-09-24: wrote 3632 rows (note: grid rendered 3632 rows vs 3718 reported — known upstream row-numbering gaps, not a scraping error)
  2017-09-17: wrote 7015 rows (note: grid rendered 7015 rows vs 7104 reported — known upstream row-numbering gaps, not a scraping error)
  2017-09-27: no data (holiday or out of archive range)
  2017-09-28: no data (holiday or out of archive range)
  2017-09-26: wrote 3563 rows (note: grid rendered 3563 rows vs 3600 reported — known upstream row-numbering gaps, not a scraping error)
  2017-09-29: no data (holiday or out of archive range)
  2017-09-30: no data (holiday or out of archive range)
  2017-10-01: no data (holiday or out of archive range)
  2017-10-02: no data (holiday or out of archive range)
  2017-10-05: no data (holiday or out of archive range)
  2017-10-03: wrote 2039 rows (note: grid rendered 2039 rows vs 2045 reported — known upstream row-numbering gaps, not a scraping error)
  2017-10-04: wrote 2494 rows (note: grid rendered 2494 rows vs 2519 reported — known upstream row-numbering gaps, not a scraping error)
  2017-10-07: no data (holiday or out of archive range)
  2017-10-06: no data (holiday or out of archive range)
  2017-10-08: wrote 4950 rows (note: grid rendered 4950 rows vs 4979 reported — known upstream row-numbering gaps, not a scraping error)
  2017-10-09: wrote 3629 rows (note: grid rendered 3629 rows vs 3660 reported — known upstream row-numbering gaps, not a scraping error)
  2017-10-11: wrote 3734 rows (note: grid rendered 3734 rows vs 3794 reported — known upstream row-numbering gaps, not a scraping error)
  2017-10-13: no data (holiday or out of archive range)
  2017-10-12: wrote 4386 rows (note: grid rendered 4386 rows vs 4426 reported — known upstream row-numbering gaps, not a scraping error)
  2017-10-10: wrote 3496 rows (note: grid rendered 3496 rows vs 3551 reported — known upstream row-numbering gaps, not a scraping error)
  2017-10-14: no data (holiday or out of archive range)
  2017-10-17: no data (holiday or out of archive range)
  2017-10-16: wrote 4402 rows (note: grid rendered 4402 rows vs 4469 reported — known upstream row-numbering gaps, not a scraping error)
  2017-10-15: wrote 3077 rows (note: grid rendered 3077 rows vs 3133 reported — known upstream row-numbering gaps, not a scraping error)
  2017-10-20: no data (holiday or out of archive range)
  2017-10-19: no data (holiday or out of archive range)
  2017-10-21: no data (holiday or out of archive range)
  2017-10-18: wrote 3294 rows (note: grid rendered 3294 rows vs 3331 reported — known upstream row-numbering gaps, not a scraping error)
  2017-10-22: wrote 3375 rows (note: grid rendered 3375 rows vs 3397 reported — known upstream row-numbering gaps, not a scraping error)
  2017-10-25: wrote 4191 rows (note: grid rendered 4191 rows vs 4218 reported — known upstream row-numbering gaps, not a scraping error)
  2017-10-24: wrote 4097 rows (note: grid rendered 4097 rows vs 4135 reported — known upstream row-numbering gaps, not a scraping error)
  2017-10-23: wrote 3726 rows (note: grid rendered 3726 rows vs 3788 reported — known upstream row-numbering gaps, not a scraping error)
  2017-10-26: no data (holiday or out of archive range)
  2017-10-28: no data (holiday or out of archive range)
  2017-10-27: no data (holiday or out of archive range)
  2017-10-31: wrote 3713 rows (note: grid rendered 3713 rows vs 3790 reported — known upstream row-numbering gaps, not a scraping error)
  2017-10-29: wrote 4104 rows (note: grid rendered 4104 rows vs 4134 reported — known upstream row-numbering gaps, not a scraping error)
  2017-10-30: wrote 4091 rows (note: grid rendered 4091 rows vs 4166 reported — known upstream row-numbering gaps, not a scraping error)
  2017-11-03: no data (holiday or out of archive range)
  2017-11-01: wrote 4289 rows (note: grid rendered 4289 rows vs 5456 reported — known upstream row-numbering gaps, not a scraping error)
  2017-11-04: no data (holiday or out of archive range)
  2017-11-02: wrote 4425 rows (note: grid rendered 4425 rows vs 5692 reported — known upstream row-numbering gaps, not a scraping error)
  2017-11-05: wrote 6248 rows (note: grid rendered 6248 rows vs 7318 reported — known upstream row-numbering gaps, not a scraping error)
  2017-11-07: wrote 4586 rows (note: grid rendered 4586 rows vs 5075 reported — known upstream row-numbering gaps, not a scraping error)
  2017-11-06: wrote 5296 rows (note: grid rendered 5296 rows vs 5962 reported — known upstream row-numbering gaps, not a scraping error)
  2017-11-10: no data (holiday or out of archive range)
  2017-11-08: wrote 5091 rows (note: grid rendered 5091 rows vs 5452 reported — known upstream row-numbering gaps, not a scraping error)
  2017-11-11: no data (holiday or out of archive range)
  2017-11-09: wrote 5160 rows (note: grid rendered 5160 rows vs 5533 reported — known upstream row-numbering gaps, not a scraping error)
  2017-11-12: wrote 4022 rows (note: grid rendered 4022 rows vs 4375 reported — known upstream row-numbering gaps, not a scraping error)
  2017-11-13: wrote 5317 rows (note: grid rendered 5317 rows vs 5710 reported — known upstream row-numbering gaps, not a scraping error)
  2017-11-14: wrote 6967 rows (note: grid rendered 6967 rows vs 7343 reported — known upstream row-numbering gaps, not a scraping error)
  2017-11-15: wrote 6088 rows (note: grid rendered 6088 rows vs 6412 reported — known upstream row-numbering gaps, not a scraping error)
  2017-11-17: no data (holiday or out of archive range)
  2017-11-18: no data (holiday or out of archive range)
  2017-11-16: wrote 5501 rows (note: grid rendered 5501 rows vs 5851 reported — known upstream row-numbering gaps, not a scraping error)
  2017-11-19: wrote 4898 rows (note: grid rendered 4898 rows vs 5118 reported — known upstream row-numbering gaps, not a scraping error)
  2017-11-20: wrote 4464 rows (note: grid rendered 4464 rows vs 4688 reported — known upstream row-numbering gaps, not a scraping error)
  2017-11-21: wrote 4044 rows (note: grid rendered 4044 rows vs 4290 reported — known upstream row-numbering gaps, not a scraping error)
  2017-11-24: no data (holiday or out of archive range)
  2017-11-22: wrote 4011 rows (note: grid rendered 4011 rows vs 4249 reported — known upstream row-numbering gaps, not a scraping error)
  2017-11-23: wrote 5230 rows (note: grid rendered 5230 rows vs 5481 reported — known upstream row-numbering gaps, not a scraping error)
  2017-11-25: no data (holiday or out of archive range)
  2017-11-27: wrote 5952 rows (note: grid rendered 5952 rows vs 6189 reported — known upstream row-numbering gaps, not a scraping error)
  2017-11-28: wrote 4731 rows (note: grid rendered 4731 rows vs 4940 reported — known upstream row-numbering gaps, not a scraping error)
  2017-11-30: wrote 6488 rows (note: grid rendered 6488 rows vs 6933 reported — known upstream row-numbering gaps, not a scraping error)
  2017-11-26: wrote 5422 rows (note: grid rendered 5422 rows vs 5710 reported — known upstream row-numbering gaps, not a scraping error)
  2017-11-29: wrote 7525 rows (note: grid rendered 7525 rows vs 8169 reported — known upstream row-numbering gaps, not a scraping error)
  2017-12-02: no data (holiday or out of archive range)
  2017-12-01: no data (holiday or out of archive range)
  2017-12-03: no data (holiday or out of archive range)
  2017-12-05: wrote 4538 rows (note: grid rendered 4538 rows vs 4863 reported — known upstream row-numbering gaps, not a scraping error)
  2017-12-06: wrote 5638 rows (note: grid rendered 5638 rows vs 5889 reported — known upstream row-numbering gaps, not a scraping error)
  2017-12-07: no data (holiday or out of archive range)
  2017-12-04: wrote 5331 rows (note: grid rendered 5331 rows vs 5586 reported — known upstream row-numbering gaps, not a scraping error)
  2017-12-08: no data (holiday or out of archive range)
  2017-12-09: no data (holiday or out of archive range)
  2017-12-11: wrote 3914 rows (note: grid rendered 3914 rows vs 4101 reported — known upstream row-numbering gaps, not a scraping error)
  2017-12-12: wrote 4727 rows (note: grid rendered 4727 rows vs 4952 reported — known upstream row-numbering gaps, not a scraping error)
  2017-12-10: wrote 6449 rows (note: grid rendered 6449 rows vs 6571 reported — known upstream row-numbering gaps, not a scraping error)
  2017-12-15: no data (holiday or out of archive range)
  2017-12-13: wrote 3757 rows (note: grid rendered 3757 rows vs 3941 reported — known upstream row-numbering gaps, not a scraping error)
  2017-12-16: no data (holiday or out of archive range)
  2017-12-14: wrote 3729 rows (note: grid rendered 3729 rows vs 4402 reported — known upstream row-numbering gaps, not a scraping error)
  2017-12-17: wrote 4376 rows (note: grid rendered 4376 rows vs 5207 reported — known upstream row-numbering gaps, not a scraping error)
  2017-12-18: wrote 4811 rows (note: grid rendered 4811 rows vs 5219 reported — known upstream row-numbering gaps, not a scraping error)
  2017-12-19: wrote 4880 rows (note: grid rendered 4880 rows vs 5192 reported — known upstream row-numbering gaps, not a scraping error)
  2017-12-22: no data (holiday or out of archive range)
  2017-12-20: wrote 4105 rows (note: grid rendered 4105 rows vs 4391 reported — known upstream row-numbering gaps, not a scraping error)
  2017-12-23: no data (holiday or out of archive range)
  2017-12-25: no data (holiday or out of archive range)
  2017-12-24: wrote 5778 rows (note: grid rendered 5778 rows vs 6064 reported — known upstream row-numbering gaps, not a scraping error)
  2017-12-26: wrote 5993 rows (note: grid rendered 5993 rows vs 6205 reported — known upstream row-numbering gaps, not a scraping error)
  2017-12-27: wrote 7078 rows (note: grid rendered 7078 rows vs 7284 reported — known upstream row-numbering gaps, not a scraping error)
  2017-12-29: no data (holiday or out of archive range)
  2017-12-28: wrote 7734 rows (note: grid rendered 7734 rows vs 7945 reported — known upstream row-numbering gaps, not a scraping error)
  2017-12-21: wrote 4845 rows (note: grid rendered 4845 rows vs 5102 reported — known upstream row-numbering gaps, not a scraping error)
  2017-12-30: no data (holiday or out of archive range)
  2017-12-31: wrote 5346 rows (note: grid rendered 5346 rows vs 5484 reported — known upstream row-numbering gaps, not a scraping error)
  2018-01-02: wrote 6656 rows (note: grid rendered 6656 rows vs 6802 reported — known upstream row-numbering gaps, not a scraping error)
  2018-01-03: wrote 4926 rows (note: grid rendered 4926 rows vs 5059 reported — known upstream row-numbering gaps, not a scraping error)
  2018-01-05: no data (holiday or out of archive range)
  2018-01-01: wrote 5097 rows (note: grid rendered 5097 rows vs 5229 reported — known upstream row-numbering gaps, not a scraping error)
  2018-01-04: wrote 5033 rows (note: grid rendered 5033 rows vs 5223 reported — known upstream row-numbering gaps, not a scraping error)
  2018-01-06: no data (holiday or out of archive range)
  2018-01-09: wrote 4459 rows (note: grid rendered 4459 rows vs 4602 reported — known upstream row-numbering gaps, not a scraping error)
  2018-01-08: wrote 4366 rows (note: grid rendered 4366 rows vs 4454 reported — known upstream row-numbering gaps, not a scraping error)
  2018-01-07: wrote 3834 rows (note: grid rendered 3834 rows vs 3985 reported — known upstream row-numbering gaps, not a scraping error)
  2018-01-12: no data (holiday or out of archive range)
  2018-01-11: no data (holiday or out of archive range)
  2018-01-13: no data (holiday or out of archive range)
  2018-01-10: wrote 4338 rows (note: grid rendered 4338 rows vs 4523 reported — known upstream row-numbering gaps, not a scraping error)
  2018-01-15: no data (holiday or out of archive range)
  2018-01-14: wrote 3850 rows (note: grid rendered 3850 rows vs 4022 reported — known upstream row-numbering gaps, not a scraping error)
  2018-01-18: no data (holiday or out of archive range)
  2018-01-16: wrote 4296 rows (note: grid rendered 4296 rows vs 4421 reported — known upstream row-numbering gaps, not a scraping error)
  2018-01-17: wrote 4332 rows (note: grid rendered 4332 rows vs 4460 reported — known upstream row-numbering gaps, not a scraping error)
  2018-01-19: no data (holiday or out of archive range)
  2018-01-20: no data (holiday or out of archive range)
  2018-01-22: wrote 3833 rows (note: grid rendered 3833 rows vs 3933 reported — known upstream row-numbering gaps, not a scraping error)
  2018-01-21: wrote 4726 rows (note: grid rendered 4726 rows vs 4897 reported — known upstream row-numbering gaps, not a scraping error)
  2018-01-23: wrote 3715 rows (note: grid rendered 3715 rows vs 3862 reported — known upstream row-numbering gaps, not a scraping error)
  2018-01-26: no data (holiday or out of archive range)
  2018-01-27: no data (holiday or out of archive range)
  2018-01-24: wrote 3046 rows (note: grid rendered 3046 rows vs 3206 reported — known upstream row-numbering gaps, not a scraping error)
  2018-01-28: no data (holiday or out of archive range)
  2018-01-30: no data (holiday or out of archive range)
  2018-01-29: wrote 3966 rows (note: grid rendered 3966 rows vs 4103 reported — known upstream row-numbering gaps, not a scraping error)
  2018-01-25: wrote 3567 rows (note: grid rendered 3567 rows vs 3670 reported — known upstream row-numbering gaps, not a scraping error)
  2018-02-02: no data (holiday or out of archive range)
  2018-01-31: wrote 3797 rows (note: grid rendered 3797 rows vs 3894 reported — known upstream row-numbering gaps, not a scraping error)
  2018-02-03: no data (holiday or out of archive range)
  2018-02-01: wrote 4049 rows (note: grid rendered 4049 rows vs 4156 reported — known upstream row-numbering gaps, not a scraping error)
  2018-02-04: wrote 4627 rows (note: grid rendered 4627 rows vs 4745 reported — known upstream row-numbering gaps, not a scraping error)
  2018-02-05: wrote 3801 rows (note: grid rendered 3801 rows vs 3894 reported — known upstream row-numbering gaps, not a scraping error)
  2018-02-06: wrote 2854 rows (note: grid rendered 2854 rows vs 2927 reported — known upstream row-numbering gaps, not a scraping error)
  2018-02-07: wrote 3132 rows (note: grid rendered 3132 rows vs 3193 reported — known upstream row-numbering gaps, not a scraping error)
  2018-02-09: no data (holiday or out of archive range)
  2018-02-10: no data (holiday or out of archive range)
  2018-02-08: wrote 3347 rows (note: grid rendered 3347 rows vs 3405 reported — known upstream row-numbering gaps, not a scraping error)
  2018-02-13: no data (holiday or out of archive range)
  2018-02-12: wrote 3302 rows (note: grid rendered 3302 rows vs 3440 reported — known upstream row-numbering gaps, not a scraping error)
  2018-02-14: wrote 3352 rows (note: grid rendered 3352 rows vs 3422 reported — known upstream row-numbering gaps, not a scraping error)
  2018-02-16: no data (holiday or out of archive range)
  2018-02-11: wrote 3060 rows (note: grid rendered 3060 rows vs 3149 reported — known upstream row-numbering gaps, not a scraping error)
  2018-02-15: wrote 6703 rows (note: grid rendered 6703 rows vs 6863 reported — known upstream row-numbering gaps, not a scraping error)
  2018-02-17: no data (holiday or out of archive range)
  2018-02-19: no data (holiday or out of archive range)
  2018-02-20: wrote 4080 rows (note: grid rendered 4080 rows vs 4178 reported — known upstream row-numbering gaps, not a scraping error)
  2018-02-18: wrote 7102 rows (note: grid rendered 7102 rows vs 7182 reported — known upstream row-numbering gaps, not a scraping error)
  2018-02-21: wrote 3228 rows (note: grid rendered 3228 rows vs 3284 reported — known upstream row-numbering gaps, not a scraping error)
  2018-02-23: no data (holiday or out of archive range)
  2018-02-22: wrote 4187 rows (note: grid rendered 4187 rows vs 4262 reported — known upstream row-numbering gaps, not a scraping error)
  2018-02-24: no data (holiday or out of archive range)
  2018-02-25: wrote 3925 rows (note: grid rendered 3925 rows vs 3998 reported — known upstream row-numbering gaps, not a scraping error)
  2018-02-26: wrote 4715 rows (note: grid rendered 4715 rows vs 4802 reported — known upstream row-numbering gaps, not a scraping error)
  2018-03-01: no data (holiday or out of archive range)
  2018-02-28: wrote 5151 rows (note: grid rendered 5151 rows vs 5259 reported — known upstream row-numbering gaps, not a scraping error)
  2018-03-02: no data (holiday or out of archive range)
  2018-03-03: no data (holiday or out of archive range)
  2018-02-27: wrote 4226 rows (note: grid rendered 4226 rows vs 4319 reported — known upstream row-numbering gaps, not a scraping error)
  2018-03-04: wrote 5818 rows (note: grid rendered 5818 rows vs 5943 reported — known upstream row-numbering gaps, not a scraping error)
  2018-03-05: wrote 5133 rows (note: grid rendered 5133 rows vs 5256 reported — known upstream row-numbering gaps, not a scraping error)
  2018-03-08: no data (holiday or out of archive range)
  2018-03-06: wrote 5513 rows (note: grid rendered 5513 rows vs 5616 reported — known upstream row-numbering gaps, not a scraping error)
  2018-03-09: no data (holiday or out of archive range)
  2018-03-10: no data (holiday or out of archive range)
  2018-03-07: wrote 5644 rows (note: grid rendered 5644 rows vs 5729 reported — known upstream row-numbering gaps, not a scraping error)
  2018-03-12: wrote 3911 rows (note: grid rendered 3911 rows vs 3999 reported — known upstream row-numbering gaps, not a scraping error)
  2018-03-13: wrote 3043 rows (note: grid rendered 3043 rows vs 3117 reported — known upstream row-numbering gaps, not a scraping error)
  2018-03-15: wrote 3103 rows (note: grid rendered 3103 rows vs 3157 reported — known upstream row-numbering gaps, not a scraping error)
  2018-03-14: wrote 2344 rows (note: grid rendered 2344 rows vs 2406 reported — known upstream row-numbering gaps, not a scraping error)
  2018-03-16: no data (holiday or out of archive range)
  2018-03-11: wrote 4769 rows (note: grid rendered 4769 rows vs 4831 reported — known upstream row-numbering gaps, not a scraping error)
  2018-03-17: no data (holiday or out of archive range)
  2018-03-18: wrote 3749 rows (note: grid rendered 3749 rows vs 3805 reported — known upstream row-numbering gaps, not a scraping error)
  2018-03-19: wrote 3485 rows (note: grid rendered 3485 rows vs 3542 reported — known upstream row-numbering gaps, not a scraping error)
  2018-03-21: wrote 5610 rows (note: grid rendered 5610 rows vs 5734 reported — known upstream row-numbering gaps, not a scraping error)
  2018-03-23: no data (holiday or out of archive range)
  2018-03-22: wrote 6070 rows (note: grid rendered 6070 rows vs 6166 reported — known upstream row-numbering gaps, not a scraping error)
  2018-03-24: no data (holiday or out of archive range)
  2018-03-25: no data (holiday or out of archive range)
  2018-03-20: wrote 4882 rows (note: grid rendered 4882 rows vs 4941 reported — known upstream row-numbering gaps, not a scraping error)
  2018-03-27: wrote 7118 rows (note: grid rendered 7118 rows vs 7206 reported — known upstream row-numbering gaps, not a scraping error)
  2018-03-26: wrote 7443 rows (note: grid rendered 7443 rows vs 7546 reported — known upstream row-numbering gaps, not a scraping error)
  2018-03-28: wrote 7365 rows (note: grid rendered 7365 rows vs 7454 reported — known upstream row-numbering gaps, not a scraping error)
  2018-03-30: no data (holiday or out of archive range)
  2018-03-31: no data (holiday or out of archive range)
  2018-03-29: wrote 5345 rows (note: grid rendered 5345 rows vs 5407 reported — known upstream row-numbering gaps, not a scraping error)
  2018-04-03: wrote 3605 rows (note: grid rendered 3605 rows vs 3655 reported — known upstream row-numbering gaps, not a scraping error)
  2018-04-01: wrote 6958 rows (note: grid rendered 6958 rows vs 7074 reported — known upstream row-numbering gaps, not a scraping error)
  2018-04-04: no data (holiday or out of archive range)
  2018-04-02: wrote 3727 rows (note: grid rendered 3727 rows vs 3751 reported — known upstream row-numbering gaps, not a scraping error)
  2018-04-06: no data (holiday or out of archive range)
  2018-04-07: no data (holiday or out of archive range)
  2018-04-05: wrote 8531 rows (note: grid rendered 8531 rows vs 8705 reported — known upstream row-numbering gaps, not a scraping error)
  2018-04-08: wrote 10583 rows (note: grid rendered 10583 rows vs 10746 reported — known upstream row-numbering gaps, not a scraping error)
  2018-04-09: wrote 10893 rows (note: grid rendered 10893 rows vs 11103 reported — known upstream row-numbering gaps, not a scraping error)
  2018-04-11: wrote 3621 rows (note: grid rendered 3621 rows vs 3684 reported — known upstream row-numbering gaps, not a scraping error)
  2018-04-10: wrote 5323 rows (note: grid rendered 5323 rows vs 5441 reported — known upstream row-numbering gaps, not a scraping error)
  2018-04-13: no data (holiday or out of archive range)
  2018-04-12: wrote 5719 rows (note: grid rendered 5719 rows vs 5963 reported — known upstream row-numbering gaps, not a scraping error)
  2018-04-14: no data (holiday or out of archive range)
  2018-04-16: wrote 6638 rows (note: grid rendered 6638 rows vs 6804 reported — known upstream row-numbering gaps, not a scraping error)
  2018-04-15: wrote 4004 rows (note: grid rendered 4004 rows vs 4109 reported — known upstream row-numbering gaps, not a scraping error)
  2018-04-17: wrote 9873 rows (note: grid rendered 9873 rows vs 10112 reported — known upstream row-numbering gaps, not a scraping error)
  2018-04-20: no data (holiday or out of archive range)
  2018-04-21: no data (holiday or out of archive range)
  2018-04-19: wrote 11611 rows (note: grid rendered 11611 rows vs 11834 reported — known upstream row-numbering gaps, not a scraping error)
  2018-04-22: wrote 12382 rows (note: grid rendered 12382 rows vs 12548 reported — known upstream row-numbering gaps, not a scraping error)
  2018-04-24: wrote 7693 rows (note: grid rendered 7693 rows vs 7825 reported — known upstream row-numbering gaps, not a scraping error)
  2018-04-23: wrote 14185 rows (note: grid rendered 14185 rows vs 14439 reported — known upstream row-numbering gaps, not a scraping error)
  2018-04-18: wrote 11243 rows (note: grid rendered 11243 rows vs 11503 reported — known upstream row-numbering gaps, not a scraping error)
  2018-04-27: no data (holiday or out of archive range)
  2018-04-26: wrote 6583 rows (note: grid rendered 6583 rows vs 6774 reported — known upstream row-numbering gaps, not a scraping error)
  2018-04-28: no data (holiday or out of archive range)
  2018-04-25: wrote 5521 rows (note: grid rendered 5521 rows vs 5769 reported — known upstream row-numbering gaps, not a scraping error)
  2018-04-30: no data (holiday or out of archive range)
  2018-05-01: no data (holiday or out of archive range)
  2018-04-29: wrote 5278 rows (note: grid rendered 5278 rows vs 5293 reported — known upstream row-numbering gaps, not a scraping error)
  2018-05-04: no data (holiday or out of archive range)
  2018-05-02: wrote 5623 rows (note: grid rendered 5623 rows vs 5644 reported — known upstream row-numbering gaps, not a scraping error)
  2018-05-05: no data (holiday or out of archive range)
  2018-05-03: wrote 7741 rows (note: grid rendered 7741 rows vs 7803 reported — known upstream row-numbering gaps, not a scraping error)
  2018-05-06: wrote 6648 rows (note: grid rendered 6648 rows vs 6682 reported — known upstream row-numbering gaps, not a scraping error)
  2018-05-09: wrote 5595 rows (note: grid rendered 5595 rows vs 5634 reported — known upstream row-numbering gaps, not a scraping error)
  2018-05-07: wrote 6324 rows (note: grid rendered 6324 rows vs 6387 reported — known upstream row-numbering gaps, not a scraping error)
  2018-05-10: wrote 5525 rows (note: grid rendered 5525 rows vs 5588 reported — known upstream row-numbering gaps, not a scraping error)
  2018-05-11: no data (holiday or out of archive range)
  2018-05-12: no data (holiday or out of archive range)
  2018-05-13: no data (holiday or out of archive range)
  2018-05-14: wrote 6497 rows (note: grid rendered 6497 rows vs 6588 reported — known upstream row-numbering gaps, not a scraping error)
  2018-05-15: wrote 1947 rows (note: grid rendered 1947 rows vs 1959 reported — known upstream row-numbering gaps, not a scraping error)
  2018-05-08: wrote 6258 rows (note: grid rendered 6258 rows vs 6301 reported — known upstream row-numbering gaps, not a scraping error)
  2018-05-18: no data (holiday or out of archive range)
  2018-05-16: wrote 2567 rows (note: grid rendered 2567 rows vs 2598 reported — known upstream row-numbering gaps, not a scraping error)
  2018-05-17: wrote 3640 rows (note: grid rendered 3640 rows vs 3668 reported — known upstream row-numbering gaps, not a scraping error)
  2018-05-19: no data (holiday or out of archive range)
  2018-05-20: wrote 3936 rows (note: grid rendered 3936 rows vs 3956 reported — known upstream row-numbering gaps, not a scraping error)
  2018-05-22: wrote 3869 rows (note: grid rendered 3869 rows vs 3883 reported — known upstream row-numbering gaps, not a scraping error)
  2018-05-23: wrote 3648 rows (note: grid rendered 3648 rows vs 3672 reported — known upstream row-numbering gaps, not a scraping error)
  2018-05-24: wrote 4469 rows (note: grid rendered 4469 rows vs 4494 reported — known upstream row-numbering gaps, not a scraping error)
  2018-05-25: no data (holiday or out of archive range)
  2018-05-26: no data (holiday or out of archive range)
  2018-05-21: wrote 3963 rows (note: grid rendered 3963 rows vs 3988 reported — known upstream row-numbering gaps, not a scraping error)
  2018-05-27: wrote 4924 rows (note: grid rendered 4924 rows vs 4950 reported — known upstream row-numbering gaps, not a scraping error)
  2018-05-28: wrote 5051 rows (note: grid rendered 5051 rows vs 5073 reported — known upstream row-numbering gaps, not a scraping error)
  2018-05-30: wrote 4920 rows (note: grid rendered 4920 rows vs 4941 reported — known upstream row-numbering gaps, not a scraping error)
  2018-05-29: wrote 5315 rows (note: grid rendered 5315 rows vs 5340 reported — known upstream row-numbering gaps, not a scraping error)
  2018-06-02: no data (holiday or out of archive range)
  2018-06-01: no data (holiday or out of archive range)
  2018-05-31: wrote 4126 rows (note: grid rendered 4126 rows vs 4159 reported — known upstream row-numbering gaps, not a scraping error)
  2018-06-05: no data (holiday or out of archive range)
  2018-06-03: wrote 6453 rows (note: grid rendered 6453 rows vs 6473 reported — known upstream row-numbering gaps, not a scraping error)
  2018-06-04: wrote 5518 rows (note: grid rendered 5518 rows vs 5539 reported — known upstream row-numbering gaps, not a scraping error)
  2018-06-08: no data (holiday or out of archive range)
  2018-06-06: wrote 2528 rows (note: grid rendered 2528 rows vs 2534 reported — known upstream row-numbering gaps, not a scraping error)
  2018-06-09: no data (holiday or out of archive range)
  2018-06-07: wrote 6541 rows (note: grid rendered 6541 rows vs 6593 reported — known upstream row-numbering gaps, not a scraping error)
  2018-06-10: wrote 5677 rows (note: grid rendered 5677 rows vs 5711 reported — known upstream row-numbering gaps, not a scraping error)
  2018-06-11: wrote 5334 rows (note: grid rendered 5334 rows vs 5371 reported — known upstream row-numbering gaps, not a scraping error)
  2018-06-12: wrote 4002 rows (note: grid rendered 4002 rows vs 4075 reported — known upstream row-numbering gaps, not a scraping error)
  2018-06-13: wrote 3994 rows (note: grid rendered 3994 rows vs 4048 reported — known upstream row-numbering gaps, not a scraping error)
  2018-06-15: no data (holiday or out of archive range)
  2018-06-14: wrote 4694 rows (note: grid rendered 4694 rows vs 4756 reported — known upstream row-numbering gaps, not a scraping error)
  2018-06-16: no data (holiday or out of archive range)
  2018-06-18: wrote 3338 rows (note: grid rendered 3338 rows vs 3626 reported — known upstream row-numbering gaps, not a scraping error)
  2018-06-19: wrote 2847 rows (note: grid rendered 2847 rows vs 3014 reported — known upstream row-numbering gaps, not a scraping error)
  2018-06-20: wrote 3108 rows (note: grid rendered 3108 rows vs 3334 reported — known upstream row-numbering gaps, not a scraping error)
  2018-06-22: no data (holiday or out of archive range)
  2018-06-21: wrote 3363 rows (note: grid rendered 3363 rows vs 3513 reported — known upstream row-numbering gaps, not a scraping error)
  2018-06-23: no data (holiday or out of archive range)
  2018-06-24: wrote 3139 rows (note: grid rendered 3139 rows vs 3235 reported — known upstream row-numbering gaps, not a scraping error)
  2018-06-25: wrote 3122 rows (note: grid rendered 3122 rows vs 3219 reported — known upstream row-numbering gaps, not a scraping error)
  2018-06-17: wrote 3719 rows (note: grid rendered 3719 rows vs 4361 reported — known upstream row-numbering gaps, not a scraping error)
  2018-06-26: wrote 3483 rows (note: grid rendered 3483 rows vs 3623 reported — known upstream row-numbering gaps, not a scraping error)
  2018-06-29: no data (holiday or out of archive range)
  2018-06-28: wrote 3323 rows (note: grid rendered 3323 rows vs 3362 reported — known upstream row-numbering gaps, not a scraping error)
  2018-06-27: wrote 2763 rows (note: grid rendered 2763 rows vs 2843 reported — known upstream row-numbering gaps, not a scraping error)
  2018-06-30: no data (holiday or out of archive range)
  2018-07-02: wrote 3140 rows (note: grid rendered 3140 rows vs 3218 reported — known upstream row-numbering gaps, not a scraping error)
  2018-07-01: wrote 3588 rows (note: grid rendered 3588 rows vs 3683 reported — known upstream row-numbering gaps, not a scraping error)
  2018-07-03: wrote 3326 rows (note: grid rendered 3326 rows vs 3365 reported — known upstream row-numbering gaps, not a scraping error)
  2018-07-04: wrote 3891 rows (note: grid rendered 3891 rows vs 3940 reported — known upstream row-numbering gaps, not a scraping error)
  2018-07-06: no data (holiday or out of archive range)
  2018-07-05: wrote 6624 rows (note: grid rendered 6624 rows vs 6701 reported — known upstream row-numbering gaps, not a scraping error)
  2018-07-07: no data (holiday or out of archive range)
  2018-07-10: wrote 4439 rows (note: grid rendered 4439 rows vs 4493 reported — known upstream row-numbering gaps, not a scraping error)
  2018-07-09: wrote 4180 rows (note: grid rendered 4180 rows vs 4244 reported — known upstream row-numbering gaps, not a scraping error)
  2018-07-11: wrote 4690 rows (note: grid rendered 4690 rows vs 4783 reported — known upstream row-numbering gaps, not a scraping error)
  2018-07-12: wrote 4882 rows (note: grid rendered 4882 rows vs 4941 reported — known upstream row-numbering gaps, not a scraping error)
  2018-07-08: wrote 6562 rows (note: grid rendered 6562 rows vs 6653 reported — known upstream row-numbering gaps, not a scraping error)
  2018-07-14: no data (holiday or out of archive range)
  2018-07-13: no data (holiday or out of archive range)
  2018-07-17: wrote 2637 rows (note: grid rendered 2637 rows vs 2660 reported — known upstream row-numbering gaps, not a scraping error)
  2018-07-16: wrote 3348 rows (note: grid rendered 3348 rows vs 3388 reported — known upstream row-numbering gaps, not a scraping error)
  2018-07-18: wrote 2267 rows (note: grid rendered 2267 rows vs 2305 reported — known upstream row-numbering gaps, not a scraping error)
  2018-07-19: wrote 3726 rows (note: grid rendered 3726 rows vs 3772 reported — known upstream row-numbering gaps, not a scraping error)
  2018-07-20: no data (holiday or out of archive range)
  2018-07-21: no data (holiday or out of archive range)
  2018-07-22: wrote 3769 rows (note: grid rendered 3769 rows vs 3822 reported — known upstream row-numbering gaps, not a scraping error)
  2018-07-23: wrote 2871 rows (note: grid rendered 2871 rows vs 2912 reported — known upstream row-numbering gaps, not a scraping error)
  2018-07-15: wrote 3548 rows (note: grid rendered 3548 rows vs 3592 reported — known upstream row-numbering gaps, not a scraping error)
  2018-07-24: wrote 3991 rows (note: grid rendered 3991 rows vs 4033 reported — known upstream row-numbering gaps, not a scraping error)
  2018-07-25: wrote 3118 rows (note: grid rendered 3118 rows vs 3158 reported — known upstream row-numbering gaps, not a scraping error)
  2018-07-27: no data (holiday or out of archive range)
  2018-07-28: no data (holiday or out of archive range)
  2018-07-26: wrote 3462 rows (note: grid rendered 3462 rows vs 3491 reported — known upstream row-numbering gaps, not a scraping error)
  2018-07-29: wrote 2962 rows (note: grid rendered 2962 rows vs 2985 reported — known upstream row-numbering gaps, not a scraping error)
  2018-07-30: wrote 3614 rows (note: grid rendered 3614 rows vs 3664 reported — known upstream row-numbering gaps, not a scraping error)
  2018-07-31: wrote 3161 rows (note: grid rendered 3161 rows vs 3189 reported — known upstream row-numbering gaps, not a scraping error)
  2018-08-01: wrote 3044 rows (note: grid rendered 3044 rows vs 3081 reported — known upstream row-numbering gaps, not a scraping error)
  2018-08-04: no data (holiday or out of archive range)
  2018-08-03: no data (holiday or out of archive range)
  2018-08-05: wrote 2957 rows (note: grid rendered 2957 rows vs 2989 reported — known upstream row-numbering gaps, not a scraping error)
  2018-08-06: wrote 2858 rows (note: grid rendered 2858 rows vs 2874 reported — known upstream row-numbering gaps, not a scraping error)
  2018-08-02: wrote 2943 rows (note: grid rendered 2943 rows vs 2992 reported — known upstream row-numbering gaps, not a scraping error)
  2018-08-08: wrote 3129 rows (note: grid rendered 3129 rows vs 3167 reported — known upstream row-numbering gaps, not a scraping error)
  2018-08-07: wrote 3497 rows (note: grid rendered 3497 rows vs 3525 reported — known upstream row-numbering gaps, not a scraping error)
  2018-08-10: no data (holiday or out of archive range)
  2018-08-09: wrote 4318 rows (note: grid rendered 4318 rows vs 4370 reported — known upstream row-numbering gaps, not a scraping error)
  2018-08-11: no data (holiday or out of archive range)
  2018-08-12: wrote 4133 rows (note: grid rendered 4133 rows vs 4176 reported — known upstream row-numbering gaps, not a scraping error)
  2018-08-13: wrote 2966 rows (note: grid rendered 2966 rows vs 3001 reported — known upstream row-numbering gaps, not a scraping error)
  2018-08-14: wrote 3259 rows (note: grid rendered 3259 rows vs 3278 reported — known upstream row-numbering gaps, not a scraping error)
  2018-08-17: no data (holiday or out of archive range)
  2018-08-18: no data (holiday or out of archive range)
  2018-08-15: wrote 5864 rows (note: grid rendered 5864 rows vs 5902 reported — known upstream row-numbering gaps, not a scraping error)
  2018-08-16: wrote 6448 rows (note: grid rendered 6448 rows vs 6515 reported — known upstream row-numbering gaps, not a scraping error)
  2018-08-19: wrote 4136 rows (note: grid rendered 4136 rows vs 4160 reported — known upstream row-numbering gaps, not a scraping error)
  2018-08-21: wrote 3200 rows (note: grid rendered 3200 rows vs 3224 reported — known upstream row-numbering gaps, not a scraping error)
  2018-08-20: wrote 3579 rows (note: grid rendered 3579 rows vs 3628 reported — known upstream row-numbering gaps, not a scraping error)
  2018-08-22: no data (holiday or out of archive range)
  2018-08-24: no data (holiday or out of archive range)
  2018-08-25: no data (holiday or out of archive range)
  2018-08-23: wrote 3484 rows (note: grid rendered 3484 rows vs 3502 reported — known upstream row-numbering gaps, not a scraping error)
  2018-08-26: wrote 2558 rows (note: grid rendered 2558 rows vs 2575 reported — known upstream row-numbering gaps, not a scraping error)
  2018-08-27: no data (holiday or out of archive range)
  2018-08-29: wrote 3234 rows (note: grid rendered 3234 rows vs 3274 reported — known upstream row-numbering gaps, not a scraping error)
  2018-08-28: wrote 3263 rows (note: grid rendered 3263 rows vs 3274 reported — known upstream row-numbering gaps, not a scraping error)
  2018-09-01: no data (holiday or out of archive range)
  2018-08-31: no data (holiday or out of archive range)
  2018-09-03: wrote 5931 rows (note: grid rendered 5931 rows vs 5987 reported — known upstream row-numbering gaps, not a scraping error)
  2018-09-02: wrote 4200 rows (note: grid rendered 4200 rows vs 4242 reported — known upstream row-numbering gaps, not a scraping error)
  2018-08-30: wrote 2990 rows (note: grid rendered 2990 rows vs 3010 reported — known upstream row-numbering gaps, not a scraping error)
  2018-09-04: wrote 5765 rows (note: grid rendered 5765 rows vs 5807 reported — known upstream row-numbering gaps, not a scraping error)
  2018-09-06: wrote 8597 rows (note: grid rendered 8597 rows vs 8653 reported — known upstream row-numbering gaps, not a scraping error)
  2018-09-05: wrote 7860 rows (note: grid rendered 7860 rows vs 7903 reported — known upstream row-numbering gaps, not a scraping error)
  2018-09-08: no data (holiday or out of archive range)
  2018-09-07: no data (holiday or out of archive range)
  2018-09-09: wrote 4460 rows (note: grid rendered 4460 rows vs 4487 reported — known upstream row-numbering gaps, not a scraping error)
  2018-09-11: wrote 4127 rows (note: grid rendered 4127 rows vs 4170 reported — known upstream row-numbering gaps, not a scraping error)
  2018-09-10: wrote 3778 rows (note: grid rendered 3778 rows vs 3795 reported — known upstream row-numbering gaps, not a scraping error)
  2018-09-14: no data (holiday or out of archive range)
  2018-09-12: wrote 4159 rows (note: grid rendered 4159 rows vs 4177 reported — known upstream row-numbering gaps, not a scraping error)
  2018-09-15: no data (holiday or out of archive range)
  2018-09-13: wrote 7374 rows (note: grid rendered 7374 rows vs 7436 reported — known upstream row-numbering gaps, not a scraping error)
  2018-09-16: wrote 8847 rows (note: grid rendered 8847 rows vs 8916 reported — known upstream row-numbering gaps, not a scraping error)
  2018-09-18: wrote 5839 rows (note: grid rendered 5839 rows vs 5877 reported — known upstream row-numbering gaps, not a scraping error)
  2018-09-17: wrote 6862 rows (note: grid rendered 6862 rows vs 6941 reported — known upstream row-numbering gaps, not a scraping error)
  2018-09-19: no data (holiday or out of archive range)
  2018-09-21: no data (holiday or out of archive range)
  2018-09-22: no data (holiday or out of archive range)
  2018-09-24: no data (holiday or out of archive range)
  2018-09-20: wrote 5918 rows (note: grid rendered 5918 rows vs 5966 reported — known upstream row-numbering gaps, not a scraping error)
  2018-09-23: wrote 6847 rows (note: grid rendered 6847 rows vs 6886 reported — known upstream row-numbering gaps, not a scraping error)
  2018-09-27: wrote 6604 rows (note: grid rendered 6604 rows vs 6657 reported — known upstream row-numbering gaps, not a scraping error)
  2018-09-28: no data (holiday or out of archive range)
  2018-09-25: wrote 10078 rows (note: grid rendered 10078 rows vs 10118 reported — known upstream row-numbering gaps, not a scraping error)
  2018-09-26: wrote 8902 rows (note: grid rendered 8902 rows vs 8941 reported — known upstream row-numbering gaps, not a scraping error)
  2018-09-29: no data (holiday or out of archive range)
  2018-10-02: wrote 4903 rows (note: grid rendered 4903 rows vs 4933 reported — known upstream row-numbering gaps, not a scraping error)
  2018-10-03: wrote 4721 rows (note: grid rendered 4721 rows vs 4738 reported — known upstream row-numbering gaps, not a scraping error)
  2018-10-04: wrote 5409 rows (note: grid rendered 5409 rows vs 5440 reported — known upstream row-numbering gaps, not a scraping error)
  2018-10-05: no data (holiday or out of archive range)
  2018-10-01: wrote 5773 rows (note: grid rendered 5773 rows vs 5797 reported — known upstream row-numbering gaps, not a scraping error)
  2018-10-06: no data (holiday or out of archive range)
  2018-10-08: wrote 4018 rows (note: grid rendered 4018 rows vs 4046 reported — known upstream row-numbering gaps, not a scraping error)
  2018-10-09: wrote 6149 rows (note: grid rendered 6149 rows vs 6174 reported — known upstream row-numbering gaps, not a scraping error)
  2018-10-11: wrote 4571 rows (note: grid rendered 4571 rows vs 4584 reported — known upstream row-numbering gaps, not a scraping error)
  2018-10-12: no data (holiday or out of archive range)
  2018-10-10: wrote 4514 rows (note: grid rendered 4514 rows vs 4532 reported — known upstream row-numbering gaps, not a scraping error)
  2018-10-13: no data (holiday or out of archive range)
  2018-10-14: wrote 4514 rows (note: grid rendered 4514 rows vs 4530 reported — known upstream row-numbering gaps, not a scraping error)
  2018-10-16: no data (holiday or out of archive range)
  2018-10-15: wrote 4387 rows (note: grid rendered 4387 rows vs 4408 reported — known upstream row-numbering gaps, not a scraping error)
  2018-10-17: no data (holiday or out of archive range)
  2018-10-18: no data (holiday or out of archive range)
  2018-10-19: no data (holiday or out of archive range)
  2018-10-20: no data (holiday or out of archive range)
  2018-10-21: wrote 2199 rows (note: grid rendered 2199 rows vs 2204 reported — known upstream row-numbering gaps, not a scraping error)
  2018-10-07: wrote 4714 rows (note: grid rendered 4714 rows vs 4745 reported — known upstream row-numbering gaps, not a scraping error)
  2018-10-22: wrote 3490 rows (note: grid rendered 3490 rows vs 3499 reported — known upstream row-numbering gaps, not a scraping error)
  2018-10-24: wrote 3737 rows (note: grid rendered 3737 rows vs 3750 reported — known upstream row-numbering gaps, not a scraping error)
  2018-10-23: wrote 3381 rows (note: grid rendered 3381 rows vs 3401 reported — known upstream row-numbering gaps, not a scraping error)
  2018-10-26: no data (holiday or out of archive range)
  2018-10-27: no data (holiday or out of archive range)
  2018-10-25: wrote 4305 rows (note: grid rendered 4305 rows vs 4317 reported — known upstream row-numbering gaps, not a scraping error)
  2018-10-29: wrote 4514 rows (note: grid rendered 4514 rows vs 4532 reported — known upstream row-numbering gaps, not a scraping error)
  2018-10-28: wrote 4953 rows (note: grid rendered 4953 rows vs 4985 reported — known upstream row-numbering gaps, not a scraping error)
  2018-10-31: wrote 3316 rows (note: grid rendered 3316 rows vs 3336 reported — known upstream row-numbering gaps, not a scraping error)
  2018-11-01: wrote 4101 rows (note: grid rendered 4101 rows vs 4128 reported — known upstream row-numbering gaps, not a scraping error)
  2018-11-03: no data (holiday or out of archive range)
  2018-11-02: no data (holiday or out of archive range)
  2018-10-30: wrote 4103 rows (note: grid rendered 4103 rows vs 4129 reported — known upstream row-numbering gaps, not a scraping error)
  2018-11-05: wrote 3043 rows (note: grid rendered 3043 rows vs 3053 reported — known upstream row-numbering gaps, not a scraping error)
  2018-11-04: wrote 3611 rows (note: grid rendered 3611 rows vs 3642 reported — known upstream row-numbering gaps, not a scraping error)
  2018-11-06: wrote 573 rows (note: grid rendered 573 rows vs 574 reported — known upstream row-numbering gaps, not a scraping error)
  2018-11-08: no data (holiday or out of archive range)
  2018-11-07: no data (holiday or out of archive range)
  2018-11-09: no data (holiday or out of archive range)
  2018-11-10: no data (holiday or out of archive range)
  2018-11-11: no data (holiday or out of archive range)
  2018-11-12: wrote 2590 rows (note: grid rendered 2590 rows vs 2607 reported — known upstream row-numbering gaps, not a scraping error)
  2018-11-13: wrote 2701 rows (note: grid rendered 2701 rows vs 2760 reported — known upstream row-numbering gaps, not a scraping error)
  2018-11-14: wrote 2593 rows (note: grid rendered 2593 rows vs 2628 reported — known upstream row-numbering gaps, not a scraping error)
  2018-11-16: no data (holiday or out of archive range)
  2018-11-15: wrote 3486 rows (note: grid rendered 3486 rows vs 3520 reported — known upstream row-numbering gaps, not a scraping error)
  2018-11-17: no data (holiday or out of archive range)
  2018-11-18: wrote 3479 rows (note: grid rendered 3479 rows vs 3488 reported — known upstream row-numbering gaps, not a scraping error)
  2018-11-19: wrote 3466 rows (note: grid rendered 3466 rows vs 3495 reported — known upstream row-numbering gaps, not a scraping error)
  2018-11-20: wrote 3029 rows (note: grid rendered 3029 rows vs 3053 reported — known upstream row-numbering gaps, not a scraping error)
  2018-11-23: no data (holiday or out of archive range)
  2018-11-22: wrote 3964 rows (note: grid rendered 3964 rows vs 4003 reported — known upstream row-numbering gaps, not a scraping error)
  2018-11-21: wrote 3343 rows (note: grid rendered 3343 rows vs 3370 reported — known upstream row-numbering gaps, not a scraping error)
  2018-11-24: no data (holiday or out of archive range)
  2018-11-27: wrote 3550 rows (note: grid rendered 3550 rows vs 3577 reported — known upstream row-numbering gaps, not a scraping error)
  2018-11-26: wrote 4056 rows (note: grid rendered 4056 rows vs 4082 reported — known upstream row-numbering gaps, not a scraping error)
  2018-11-25: wrote 3920 rows (note: grid rendered 3920 rows vs 3945 reported — known upstream row-numbering gaps, not a scraping error)
  2018-11-30: no data (holiday or out of archive range)
  2018-12-01: no data (holiday or out of archive range)
  2018-11-29: wrote 4243 rows (note: grid rendered 4243 rows vs 4267 reported — known upstream row-numbering gaps, not a scraping error)
  2018-11-28: wrote 3519 rows (note: grid rendered 3519 rows vs 3553 reported — known upstream row-numbering gaps, not a scraping error)
  2018-12-03: wrote 4738 rows (note: grid rendered 4738 rows vs 4769 reported — known upstream row-numbering gaps, not a scraping error)
  2018-12-02: wrote 5374 rows (note: grid rendered 5374 rows vs 5403 reported — known upstream row-numbering gaps, not a scraping error)
  2018-12-04: wrote 4064 rows (note: grid rendered 4064 rows vs 4091 reported — known upstream row-numbering gaps, not a scraping error)
  2018-12-05: wrote 4352 rows (note: grid rendered 4352 rows vs 4368 reported — known upstream row-numbering gaps, not a scraping error)
  2018-12-07: no data (holiday or out of archive range)
  2018-12-08: no data (holiday or out of archive range)
  2018-12-06: wrote 4143 rows (note: grid rendered 4143 rows vs 4170 reported — known upstream row-numbering gaps, not a scraping error)
  2018-12-09: wrote 2935 rows (note: grid rendered 2935 rows vs 3057 reported — known upstream row-numbering gaps, not a scraping error)
  2018-12-10: wrote 4539 rows (note: grid rendered 4539 rows vs 4566 reported — known upstream row-numbering gaps, not a scraping error)
  2018-12-11: wrote 3550 rows (note: grid rendered 3550 rows vs 3565 reported — known upstream row-numbering gaps, not a scraping error)
  2018-12-12: wrote 2816 rows (note: grid rendered 2816 rows vs 2835 reported — known upstream row-numbering gaps, not a scraping error)
  2018-12-13: wrote 3252 rows (note: grid rendered 3252 rows vs 3266 reported — known upstream row-numbering gaps, not a scraping error)
  2018-12-14: no data (holiday or out of archive range)
  2018-12-15: no data (holiday or out of archive range)
  2018-12-16: wrote 4954 rows (note: grid rendered 4954 rows vs 4974 reported — known upstream row-numbering gaps, not a scraping error)
  2018-12-17: wrote 3650 rows (note: grid rendered 3650 rows vs 3670 reported — known upstream row-numbering gaps, not a scraping error)
  2018-12-18: wrote 5616 rows (note: grid rendered 5616 rows vs 5674 reported — known upstream row-numbering gaps, not a scraping error)
  2018-12-21: no data (holiday or out of archive range)
  2018-12-19: wrote 4412 rows (note: grid rendered 4412 rows vs 4442 reported — known upstream row-numbering gaps, not a scraping error)
  2018-12-20: wrote 4822 rows (note: grid rendered 4822 rows vs 4878 reported — known upstream row-numbering gaps, not a scraping error)
  2018-12-22: no data (holiday or out of archive range)
  2018-12-24: wrote 7965 rows (note: grid rendered 7965 rows vs 7993 reported — known upstream row-numbering gaps, not a scraping error)
  2018-12-25: wrote 4869 rows (note: grid rendered 4869 rows vs 4943 reported — known upstream row-numbering gaps, not a scraping error)
  2018-12-26: wrote 7587 rows (note: grid rendered 7587 rows vs 7634 reported — known upstream row-numbering gaps, not a scraping error)
  2018-12-28: no data (holiday or out of archive range)
  2018-12-23: wrote 8686 rows (note: grid rendered 8686 rows vs 8753 reported — known upstream row-numbering gaps, not a scraping error)
  2018-12-29: no data (holiday or out of archive range)
  2018-12-27: wrote 10362 rows (note: grid rendered 10362 rows vs 10406 reported — known upstream row-numbering gaps, not a scraping error)
  2018-12-30: wrote 5366 rows (note: grid rendered 5366 rows vs 5413 reported — known upstream row-numbering gaps, not a scraping error)
  2019-01-01: wrote 3524 rows (note: grid rendered 3524 rows vs 3597 reported — known upstream row-numbering gaps, not a scraping error)
  2018-12-31: wrote 5186 rows (note: grid rendered 5186 rows vs 5258 reported — known upstream row-numbering gaps, not a scraping error)
  2019-01-04: no data (holiday or out of archive range)
  2019-01-02: wrote 3302 rows (note: grid rendered 3302 rows vs 3371 reported — known upstream row-numbering gaps, not a scraping error)
  2019-01-03: wrote 3667 rows (note: grid rendered 3667 rows vs 3723 reported — known upstream row-numbering gaps, not a scraping error)
  2019-01-05: no data (holiday or out of archive range)
  2019-01-07: wrote 3399 rows (note: grid rendered 3399 rows vs 3451 reported — known upstream row-numbering gaps, not a scraping error)
  2019-01-08: wrote 3553 rows (note: grid rendered 3553 rows vs 3573 reported — known upstream row-numbering gaps, not a scraping error)
  2019-01-06: wrote 4218 rows (note: grid rendered 4218 rows vs 4252 reported — known upstream row-numbering gaps, not a scraping error)
  2019-01-11: no data (holiday or out of archive range)
  2019-01-12: no data (holiday or out of archive range)
  2019-01-10: wrote 3823 rows (note: grid rendered 3823 rows vs 3872 reported — known upstream row-numbering gaps, not a scraping error)
  2019-01-09: wrote 3159 rows (note: grid rendered 3159 rows vs 3205 reported — known upstream row-numbering gaps, not a scraping error)
  2019-01-14: no data (holiday or out of archive range)
  2019-01-13: wrote 4945 rows (note: grid rendered 4945 rows vs 4976 reported — known upstream row-numbering gaps, not a scraping error)
  2019-01-15: wrote 4604 rows (note: grid rendered 4604 rows vs 4635 reported — known upstream row-numbering gaps, not a scraping error)
  2019-01-18: no data (holiday or out of archive range)
  2019-01-16: wrote 5205 rows (note: grid rendered 5205 rows vs 5241 reported — known upstream row-numbering gaps, not a scraping error)
  2019-01-19: no data (holiday or out of archive range)
  2019-01-17: wrote 4855 rows (note: grid rendered 4855 rows vs 4897 reported — known upstream row-numbering gaps, not a scraping error)
  2019-01-22: no data (holiday or out of archive range)
  2019-01-20: wrote 14409 rows (note: grid rendered 14409 rows vs 14440 reported — known upstream row-numbering gaps, not a scraping error)
  2019-01-21: wrote 11931 rows (note: grid rendered 11931 rows vs 11975 reported — known upstream row-numbering gaps, not a scraping error)
  2019-01-25: no data (holiday or out of archive range)
  2019-01-23: wrote 5481 rows (note: grid rendered 5481 rows vs 5523 reported — known upstream row-numbering gaps, not a scraping error)
  2019-01-26: no data (holiday or out of archive range)
  2019-01-24: wrote 6045 rows (note: grid rendered 6045 rows vs 6101 reported — known upstream row-numbering gaps, not a scraping error)
  2019-01-27: wrote 6696 rows (note: grid rendered 6696 rows vs 6730 reported — known upstream row-numbering gaps, not a scraping error)
  2019-01-28: wrote 4489 rows (note: grid rendered 4489 rows vs 4582 reported — known upstream row-numbering gaps, not a scraping error)
  2019-01-29: wrote 5288 rows (note: grid rendered 5288 rows vs 5463 reported — known upstream row-numbering gaps, not a scraping error)
  2019-02-01: no data (holiday or out of archive range)
  2019-01-30: wrote 4489 rows (note: grid rendered 4489 rows vs 4600 reported — known upstream row-numbering gaps, not a scraping error)
  2019-02-02: no data (holiday or out of archive range)
  2019-01-31: wrote 5260 rows (note: grid rendered 5260 rows vs 5313 reported — known upstream row-numbering gaps, not a scraping error)
  2019-02-03: wrote 5727 rows (note: grid rendered 5727 rows vs 5785 reported — known upstream row-numbering gaps, not a scraping error)
  2019-02-04: wrote 5784 rows (note: grid rendered 5784 rows vs 5797 reported — known upstream row-numbering gaps, not a scraping error)
  2019-02-05: wrote 4453 rows (note: grid rendered 4453 rows vs 4489 reported — known upstream row-numbering gaps, not a scraping error)
  2019-02-06: wrote 5277 rows (note: grid rendered 5277 rows vs 5303 reported — known upstream row-numbering gaps, not a scraping error)
  2019-02-07: wrote 6295 rows (note: grid rendered 6295 rows vs 6384 reported — known upstream row-numbering gaps, not a scraping error)
  2019-02-08: no data (holiday or out of archive range)
  2019-02-09: no data (holiday or out of archive range)
  2019-02-11: wrote 4966 rows (note: grid rendered 4966 rows vs 4982 reported — known upstream row-numbering gaps, not a scraping error)
  2019-02-10: wrote 5569 rows (note: grid rendered 5569 rows vs 5592 reported — known upstream row-numbering gaps, not a scraping error)
  2019-02-12: wrote 4105 rows (note: grid rendered 4105 rows vs 4119 reported — known upstream row-numbering gaps, not a scraping error)
  2019-02-15: no data (holiday or out of archive range)
  2019-02-13: wrote 4902 rows (note: grid rendered 4902 rows vs 4928 reported — known upstream row-numbering gaps, not a scraping error)
  2019-02-14: wrote 5836 rows (note: grid rendered 5836 rows vs 5870 reported — known upstream row-numbering gaps, not a scraping error)
  2019-02-16: no data (holiday or out of archive range)
  2019-02-17: wrote 5129 rows (note: grid rendered 5129 rows vs 5151 reported — known upstream row-numbering gaps, not a scraping error)
  2019-02-18: wrote 5103 rows (note: grid rendered 5103 rows vs 5147 reported — known upstream row-numbering gaps, not a scraping error)
  2019-02-19: wrote 4523 rows (note: grid rendered 4523 rows vs 4568 reported — known upstream row-numbering gaps, not a scraping error)
  2019-02-22: no data (holiday or out of archive range)
  2019-02-21: wrote 7120 rows (note: grid rendered 7120 rows vs 7139 reported — known upstream row-numbering gaps, not a scraping error)
  2019-02-23: no data (holiday or out of archive range)
  2019-02-25: wrote 4307 rows (note: grid rendered 4307 rows vs 4319 reported — known upstream row-numbering gaps, not a scraping error)
  2019-02-24: wrote 6338 rows (note: grid rendered 6338 rows vs 6356 reported — known upstream row-numbering gaps, not a scraping error)
  2019-02-20: wrote 3668 rows (note: grid rendered 3668 rows vs 3689 reported — known upstream row-numbering gaps, not a scraping error)
  2019-02-28: no data (holiday or out of archive range)
  2019-02-26: wrote 3670 rows (note: grid rendered 3670 rows vs 3681 reported — known upstream row-numbering gaps, not a scraping error)
  2019-02-27: wrote 3907 rows (note: grid rendered 3907 rows vs 3926 reported — known upstream row-numbering gaps, not a scraping error)
  2019-03-02: no data (holiday or out of archive range)
  2019-03-01: no data (holiday or out of archive range)
  2019-03-04: no data (holiday or out of archive range)
  2019-03-03: wrote 4791 rows (note: grid rendered 4791 rows vs 4804 reported — known upstream row-numbering gaps, not a scraping error)
  2019-03-05: wrote 4313 rows (note: grid rendered 4313 rows vs 4327 reported — known upstream row-numbering gaps, not a scraping error)
  2019-03-06: wrote 4269 rows (note: grid rendered 4269 rows vs 4302 reported — known upstream row-numbering gaps, not a scraping error)
  2019-03-07: wrote 5492 rows (note: grid rendered 5492 rows vs 5515 reported — known upstream row-numbering gaps, not a scraping error)
  2019-03-08: no data (holiday or out of archive range)
  2019-03-09: no data (holiday or out of archive range)
  2019-03-10: wrote 1850 rows (note: grid rendered 1850 rows vs 1932 reported — known upstream row-numbering gaps, not a scraping error)
  2019-03-11: wrote 6734 rows (note: grid rendered 6734 rows vs 6753 reported — known upstream row-numbering gaps, not a scraping error)
  2019-03-12: wrote 7654 rows (note: grid rendered 7654 rows vs 7679 reported — known upstream row-numbering gaps, not a scraping error)
  2019-03-15: no data (holiday or out of archive range)
  2019-03-13: wrote 6550 rows (note: grid rendered 6550 rows vs 6568 reported — known upstream row-numbering gaps, not a scraping error)
  2019-03-16: no data (holiday or out of archive range)
  2019-03-14: wrote 4191 rows (note: grid rendered 4191 rows vs 4237 reported — known upstream row-numbering gaps, not a scraping error)
  2019-03-17: wrote 5500 rows (note: grid rendered 5500 rows vs 5566 reported — known upstream row-numbering gaps, not a scraping error)
  2019-03-18: wrote 4808 rows (note: grid rendered 4808 rows vs 4819 reported — known upstream row-numbering gaps, not a scraping error)
  2019-03-19: wrote 2589 rows (note: grid rendered 2589 rows vs 2592 reported — known upstream row-numbering gaps, not a scraping error)
  2019-03-20: no data (holiday or out of archive range)
  2019-03-22: no data (holiday or out of archive range)
  2019-03-23: no data (holiday or out of archive range)
  2019-03-21: wrote 4624 rows (note: grid rendered 4624 rows vs 4647 reported — known upstream row-numbering gaps, not a scraping error)
  2019-03-24: wrote 7319 rows (note: grid rendered 7319 rows vs 7336 reported — known upstream row-numbering gaps, not a scraping error)
  2019-03-25: wrote 5239 rows (note: grid rendered 5239 rows vs 5254 reported — known upstream row-numbering gaps, not a scraping error)
  2019-03-27: wrote 5443 rows (note: grid rendered 5443 rows vs 5448 reported — known upstream row-numbering gaps, not a scraping error)
  2019-03-28: wrote 5698 rows (note: grid rendered 5698 rows vs 5712 reported — known upstream row-numbering gaps, not a scraping error)
  2019-03-30: no data (holiday or out of archive range)
  2019-03-29: no data (holiday or out of archive range)
  2019-03-31: wrote 5774 rows (note: grid rendered 5774 rows vs 5777 reported — known upstream row-numbering gaps, not a scraping error)
  2019-04-01: wrote 6073 rows (note: grid rendered 6073 rows vs 6085 reported — known upstream row-numbering gaps, not a scraping error)
  2019-04-02: wrote 7813 rows (note: grid rendered 7813 rows vs 7824 reported — known upstream row-numbering gaps, not a scraping error)
  2019-04-05: no data (holiday or out of archive range)
  2019-04-03: wrote 7192 rows (note: grid rendered 7192 rows vs 7202 reported — known upstream row-numbering gaps, not a scraping error)
  2019-04-06: no data (holiday or out of archive range)
  2019-04-04: wrote 6853 rows (note: grid rendered 6853 rows vs 6871 reported — known upstream row-numbering gaps, not a scraping error)
  2019-04-07: wrote 7510 rows (note: grid rendered 7510 rows vs 7532 reported — known upstream row-numbering gaps, not a scraping error)
  2019-04-08: wrote 11347 rows (note: grid rendered 11347 rows vs 11360 reported — known upstream row-numbering gaps, not a scraping error)
  2019-04-09: wrote 7059 rows (note: grid rendered 7059 rows vs 7070 reported — known upstream row-numbering gaps, not a scraping error)
  2019-04-10: wrote 5967 rows (note: grid rendered 5967 rows vs 5975 reported — known upstream row-numbering gaps, not a scraping error)
  2019-04-12: no data (holiday or out of archive range)
  2019-04-13: no data (holiday or out of archive range)
  2019-04-14: no data (holiday or out of archive range)
  2019-04-11: wrote 6852 rows (note: grid rendered 6852 rows vs 6860 reported — known upstream row-numbering gaps, not a scraping error)
  2019-04-15: wrote 5395 rows (note: grid rendered 5395 rows vs 5454 reported — known upstream row-numbering gaps, not a scraping error)
  2019-04-16: wrote 8969 rows (note: grid rendered 8969 rows vs 8978 reported — known upstream row-numbering gaps, not a scraping error)
  2019-04-19: no data (holiday or out of archive range)
  2019-04-17: wrote 9586 rows (note: grid rendered 9586 rows vs 9597 reported — known upstream row-numbering gaps, not a scraping error)
  2019-04-18: wrote 9029 rows (note: grid rendered 9029 rows vs 9041 reported — known upstream row-numbering gaps, not a scraping error)
  2019-04-20: no data (holiday or out of archive range)
  2019-04-21: wrote 10657 rows (note: grid rendered 10657 rows vs 10671 reported — known upstream row-numbering gaps, not a scraping error)
  2019-04-22: wrote 10915 rows (note: grid rendered 10915 rows vs 10918 reported — known upstream row-numbering gaps, not a scraping error)
  2019-04-23: wrote 6635 rows (note: grid rendered 6635 rows vs 6660 reported — known upstream row-numbering gaps, not a scraping error)
  2019-04-26: no data (holiday or out of archive range)
  2019-04-24: wrote 9578 rows (note: grid rendered 9578 rows vs 9609 reported — known upstream row-numbering gaps, not a scraping error)
  2019-04-27: no data (holiday or out of archive range)
  2019-04-25: wrote 13127 rows (note: grid rendered 13127 rows vs 13150 reported — known upstream row-numbering gaps, not a scraping error)
  2019-04-30: wrote 10065 rows (note: grid rendered 10065 rows vs 10074 reported — known upstream row-numbering gaps, not a scraping error)
  2019-04-29: wrote 12576 rows (note: grid rendered 12576 rows vs 12589 reported — known upstream row-numbering gaps, not a scraping error)
  2019-04-28: wrote 16059 rows (note: grid rendered 16059 rows vs 16075 reported — known upstream row-numbering gaps, not a scraping error)
  2019-05-01: no data (holiday or out of archive range)
  2019-05-03: no data (holiday or out of archive range)
  2019-05-04: no data (holiday or out of archive range)
  2019-05-05: wrote 8301 rows (note: grid rendered 8301 rows vs 8313 reported — known upstream row-numbering gaps, not a scraping error)
  2019-05-02: wrote 7880 rows (note: grid rendered 7880 rows vs 7898 reported — known upstream row-numbering gaps, not a scraping error)
  2019-05-06: wrote 8045 rows (note: grid rendered 8045 rows vs 8056 reported — known upstream row-numbering gaps, not a scraping error)
  2019-05-07: wrote 8547 rows (note: grid rendered 8547 rows vs 8554 reported — known upstream row-numbering gaps, not a scraping error)
  2019-05-08: wrote 6750 rows (note: grid rendered 6750 rows vs 6765 reported — known upstream row-numbering gaps, not a scraping error)
  2019-05-09: wrote 6812 rows (note: grid rendered 6812 rows vs 6837 reported — known upstream row-numbering gaps, not a scraping error)
  2019-05-10: no data (holiday or out of archive range)
  2019-05-11: no data (holiday or out of archive range)
  2019-05-13: wrote 8713 rows (note: grid rendered 8713 rows vs 8721 reported — known upstream row-numbering gaps, not a scraping error)
  2019-05-14: wrote 9905 rows (note: grid rendered 9905 rows vs 9919 reported — known upstream row-numbering gaps, not a scraping error)
  2019-05-12: wrote 8001 rows (note: grid rendered 8001 rows vs 8038 reported — known upstream row-numbering gaps, not a scraping error)
  2019-05-17: no data (holiday or out of archive range)
  2019-05-15: wrote 13610 rows (note: grid rendered 13610 rows vs 13634 reported — known upstream row-numbering gaps, not a scraping error)
  2019-05-18: no data (holiday or out of archive range)
  2019-05-16: wrote 10624 rows (note: grid rendered 10624 rows vs 10641 reported — known upstream row-numbering gaps, not a scraping error)
  2019-05-19: wrote 10501 rows (note: grid rendered 10501 rows vs 10525 reported — known upstream row-numbering gaps, not a scraping error)
  2019-05-20: wrote 11988 rows (note: grid rendered 11988 rows vs 12009 reported — known upstream row-numbering gaps, not a scraping error)
  2019-05-21: wrote 10070 rows (note: grid rendered 10070 rows vs 10091 reported — known upstream row-numbering gaps, not a scraping error)
  2019-05-24: no data (holiday or out of archive range)
  2019-05-22: wrote 12371 rows (note: grid rendered 12371 rows vs 12422 reported — known upstream row-numbering gaps, not a scraping error)
  2019-05-25: no data (holiday or out of archive range)
  2019-05-23: wrote 12031 rows (note: grid rendered 12031 rows vs 12043 reported — known upstream row-numbering gaps, not a scraping error)
  2019-05-26: wrote 9282 rows (note: grid rendered 9282 rows vs 9294 reported — known upstream row-numbering gaps, not a scraping error)
  2019-05-27: wrote 6604 rows (note: grid rendered 6604 rows vs 6618 reported — known upstream row-numbering gaps, not a scraping error)
  2019-05-28: wrote 9136 rows (note: grid rendered 9136 rows vs 9148 reported — known upstream row-numbering gaps, not a scraping error)
  2019-05-31: no data (holiday or out of archive range)
  2019-05-29: wrote 10378 rows (note: grid rendered 10378 rows vs 10415 reported — known upstream row-numbering gaps, not a scraping error)
  2019-06-01: no data (holiday or out of archive range)
  2019-05-30: wrote 16273 rows (note: grid rendered 16273 rows vs 16303 reported — known upstream row-numbering gaps, not a scraping error)
  2019-06-02: wrote 9783 rows (note: grid rendered 9783 rows vs 9803 reported — known upstream row-numbering gaps, not a scraping error)
  2019-06-03: wrote 8417 rows (note: grid rendered 8417 rows vs 8447 reported — known upstream row-numbering gaps, not a scraping error)
  2019-06-05: no data (holiday or out of archive range)
  2019-06-07: no data (holiday or out of archive range)
  2019-06-04: wrote 9917 rows (note: grid rendered 9917 rows vs 9939 reported — known upstream row-numbering gaps, not a scraping error)
  2019-06-08: no data (holiday or out of archive range)
  2019-06-09: no data (holiday or out of archive range)
  2019-06-06: wrote 8041 rows (note: grid rendered 8041 rows vs 8081 reported — known upstream row-numbering gaps, not a scraping error)
  2019-06-12: wrote 6760 rows (note: grid rendered 6760 rows vs 6792 reported — known upstream row-numbering gaps, not a scraping error)
  2019-06-11: wrote 7679 rows (note: grid rendered 7679 rows vs 7714 reported — known upstream row-numbering gaps, not a scraping error)
  2019-06-10: wrote 8250 rows (note: grid rendered 8250 rows vs 8328 reported — known upstream row-numbering gaps, not a scraping error)
  2019-06-14: no data (holiday or out of archive range)
  2019-06-13: wrote 6511 rows (note: grid rendered 6511 rows vs 6548 reported — known upstream row-numbering gaps, not a scraping error)
  2019-06-15: no data (holiday or out of archive range)
  2019-06-16: wrote 6872 rows (note: grid rendered 6872 rows vs 6903 reported — known upstream row-numbering gaps, not a scraping error)
  2019-06-17: wrote 6137 rows (note: grid rendered 6137 rows vs 6156 reported — known upstream row-numbering gaps, not a scraping error)
  2019-06-18: wrote 5392 rows (note: grid rendered 5392 rows vs 5407 reported — known upstream row-numbering gaps, not a scraping error)
  2019-06-19: wrote 4407 rows (note: grid rendered 4407 rows vs 4428 reported — known upstream row-numbering gaps, not a scraping error)
  2019-06-21: no data (holiday or out of archive range)
  2019-06-22: no data (holiday or out of archive range)
  2019-06-20: wrote 5310 rows (note: grid rendered 5310 rows vs 5342 reported — known upstream row-numbering gaps, not a scraping error)
  2019-06-23: wrote 5597 rows (note: grid rendered 5597 rows vs 5609 reported — known upstream row-numbering gaps, not a scraping error)
  2019-06-24: wrote 5966 rows (note: grid rendered 5966 rows vs 5980 reported — known upstream row-numbering gaps, not a scraping error)
  2019-06-25: wrote 5574 rows (note: grid rendered 5574 rows vs 5587 reported — known upstream row-numbering gaps, not a scraping error)
  2019-06-28: no data (holiday or out of archive range)
  2019-06-26: wrote 6819 rows (note: grid rendered 6819 rows vs 6842 reported — known upstream row-numbering gaps, not a scraping error)
  2019-06-29: no data (holiday or out of archive range)
  2019-06-27: wrote 7643 rows (note: grid rendered 7643 rows vs 7659 reported — known upstream row-numbering gaps, not a scraping error)
  2019-07-01: wrote 5948 rows (note: grid rendered 5948 rows vs 5971 reported — known upstream row-numbering gaps, not a scraping error)
  2019-06-30: wrote 7181 rows (note: grid rendered 7181 rows vs 7201 reported — known upstream row-numbering gaps, not a scraping error)
  2019-07-02: wrote 6144 rows (note: grid rendered 6144 rows vs 6157 reported — known upstream row-numbering gaps, not a scraping error)
  2019-07-05: no data (holiday or out of archive range)
  2019-07-03: wrote 7498 rows (note: grid rendered 7498 rows vs 7519 reported — known upstream row-numbering gaps, not a scraping error)
  2019-07-04: wrote 7813 rows (note: grid rendered 7813 rows vs 7844 reported — known upstream row-numbering gaps, not a scraping error)
  2019-07-06: no data (holiday or out of archive range)
  2019-07-08: wrote 7237 rows (note: grid rendered 7237 rows vs 7244 reported — known upstream row-numbering gaps, not a scraping error)
  2019-07-07: wrote 7696 rows (note: grid rendered 7696 rows vs 7698 reported — known upstream row-numbering gaps, not a scraping error)
  2019-07-09: wrote 5779 rows (note: grid rendered 5779 rows vs 5798 reported — known upstream row-numbering gaps, not a scraping error)
  2019-07-12: no data (holiday or out of archive range)
  2019-07-10: wrote 5249 rows (note: grid rendered 5249 rows vs 5272 reported — known upstream row-numbering gaps, not a scraping error)
  2019-07-11: wrote 8642 rows (note: grid rendered 8642 rows vs 8655 reported — known upstream row-numbering gaps, not a scraping error)
  2019-07-13: no data (holiday or out of archive range)
  2019-07-14: wrote 4915 rows (note: grid rendered 4915 rows vs 4921 reported — known upstream row-numbering gaps, not a scraping error)
  2019-07-16: wrote 4528 rows (note: grid rendered 4528 rows vs 4549 reported — known upstream row-numbering gaps, not a scraping error)
  2019-07-15: wrote 4876 rows (note: grid rendered 4876 rows vs 4905 reported — known upstream row-numbering gaps, not a scraping error)
  2019-07-19: no data (holiday or out of archive range)
  2019-07-20: no data (holiday or out of archive range)
  2019-07-18: wrote 4356 rows (note: grid rendered 4356 rows vs 4371 reported — known upstream row-numbering gaps, not a scraping error)
  2019-07-17: wrote 5320 rows (note: grid rendered 5320 rows vs 5387 reported — known upstream row-numbering gaps, not a scraping error)
  2019-07-21: wrote 4413 rows (note: grid rendered 4413 rows vs 4456 reported — known upstream row-numbering gaps, not a scraping error)
  2019-07-23: wrote 5487 rows (note: grid rendered 5487 rows vs 5501 reported — known upstream row-numbering gaps, not a scraping error)
  2019-07-22: wrote 4376 rows (note: grid rendered 4376 rows vs 4381 reported — known upstream row-numbering gaps, not a scraping error)
  2019-07-26: no data (holiday or out of archive range)
  2019-07-27: no data (holiday or out of archive range)
  2019-07-25: wrote 6998 rows (note: grid rendered 6998 rows vs 7016 reported — known upstream row-numbering gaps, not a scraping error)
  2019-07-24: wrote 6432 rows (note: grid rendered 6432 rows vs 6462 reported — known upstream row-numbering gaps, not a scraping error)
  2019-07-29: wrote 5660 rows (note: grid rendered 5660 rows vs 5676 reported — known upstream row-numbering gaps, not a scraping error)
  2019-07-30: wrote 5127 rows (note: grid rendered 5127 rows vs 5142 reported — known upstream row-numbering gaps, not a scraping error)
  2019-07-28: wrote 6690 rows (note: grid rendered 6690 rows vs 6698 reported — known upstream row-numbering gaps, not a scraping error)
  2019-08-02: no data (holiday or out of archive range)
  2019-08-03: no data (holiday or out of archive range)
  2019-07-31: wrote 6256 rows (note: grid rendered 6256 rows vs 6300 reported — known upstream row-numbering gaps, not a scraping error)
  2019-08-01: wrote 8386 rows (note: grid rendered 8386 rows vs 8453 reported — known upstream row-numbering gaps, not a scraping error)
  2019-08-04: wrote 7712 rows (note: grid rendered 7712 rows vs 7765 reported — known upstream row-numbering gaps, not a scraping error)
  2019-08-05: wrote 7176 rows (note: grid rendered 7176 rows vs 7194 reported — known upstream row-numbering gaps, not a scraping error)
  2019-08-06: wrote 6925 rows (note: grid rendered 6925 rows vs 6941 reported — known upstream row-numbering gaps, not a scraping error)
  2019-08-07: wrote 5396 rows (note: grid rendered 5396 rows vs 5413 reported — known upstream row-numbering gaps, not a scraping error)
  2019-08-09: no data (holiday or out of archive range)
  2019-08-10: no data (holiday or out of archive range)
  2019-08-08: wrote 29492 rows (note: grid rendered 29492 rows vs 29496 reported — known upstream row-numbering gaps, not a scraping error)
  2019-08-11: wrote 17015 rows (note: grid rendered 17015 rows vs 17022 reported — known upstream row-numbering gaps, not a scraping error)
  2019-08-12: wrote 10956 rows (note: grid rendered 10956 rows vs 10965 reported — known upstream row-numbering gaps, not a scraping error)
  2019-08-13: wrote 9362 rows (note: grid rendered 9362 rows vs 9375 reported — known upstream row-numbering gaps, not a scraping error)
  2019-08-14: wrote 8037 rows (note: grid rendered 8037 rows vs 8048 reported — known upstream row-numbering gaps, not a scraping error)
  2019-08-16: no data (holiday or out of archive range)
  2019-08-15: wrote 5901 rows (note: grid rendered 5901 rows vs 5911 reported — known upstream row-numbering gaps, not a scraping error)
  2019-08-17: no data (holiday or out of archive range)
  2019-08-18: wrote 7689 rows (note: grid rendered 7689 rows vs 7701 reported — known upstream row-numbering gaps, not a scraping error)
  2019-08-20: wrote 6279 rows (note: grid rendered 6279 rows vs 6281 reported — known upstream row-numbering gaps, not a scraping error)
  2019-08-19: wrote 9296 rows (note: grid rendered 9296 rows vs 9306 reported — known upstream row-numbering gaps, not a scraping error)
  2019-08-23: no data (holiday or out of archive range)
  2019-08-21: wrote 6237 rows (note: grid rendered 6237 rows vs 6249 reported — known upstream row-numbering gaps, not a scraping error)
  2019-08-22: wrote 6270 rows (note: grid rendered 6270 rows vs 6278 reported — known upstream row-numbering gaps, not a scraping error)
  2019-08-24: no data (holiday or out of archive range)
  2019-08-25: wrote 6616 rows (note: grid rendered 6616 rows vs 6631 reported — known upstream row-numbering gaps, not a scraping error)
  2019-08-26: wrote 6530 rows (note: grid rendered 6530 rows vs 6540 reported — known upstream row-numbering gaps, not a scraping error)
  2019-08-27: wrote 5278 rows (note: grid rendered 5278 rows vs 5282 reported — known upstream row-numbering gaps, not a scraping error)
  2019-08-30: no data (holiday or out of archive range)
  2019-08-28: wrote 5465 rows (note: grid rendered 5465 rows vs 5470 reported — known upstream row-numbering gaps, not a scraping error)
  2019-08-31: no data (holiday or out of archive range)
  2019-08-29: wrote 5670 rows (note: grid rendered 5670 rows vs 5677 reported — known upstream row-numbering gaps, not a scraping error)
  2019-09-01: wrote 6474 rows (note: grid rendered 6474 rows vs 6478 reported — known upstream row-numbering gaps, not a scraping error)
  2019-09-02: wrote 10764 rows (note: grid rendered 10764 rows vs 10770 reported — known upstream row-numbering gaps, not a scraping error)
  2019-09-03: wrote 7800 rows (note: grid rendered 7800 rows vs 7817 reported — known upstream row-numbering gaps, not a scraping error)
  2019-09-06: no data (holiday or out of archive range)
  2019-09-04: wrote 6606 rows (note: grid rendered 6606 rows vs 6628 reported — known upstream row-numbering gaps, not a scraping error)
  2019-09-07: no data (holiday or out of archive range)
  2019-09-05: wrote 5781 rows (note: grid rendered 5781 rows vs 5797 reported — known upstream row-numbering gaps, not a scraping error)
  2019-09-08: wrote 5632 rows (note: grid rendered 5632 rows vs 5640 reported — known upstream row-numbering gaps, not a scraping error)
  2019-09-09: wrote 7828 rows (note: grid rendered 7828 rows vs 7836 reported — known upstream row-numbering gaps, not a scraping error)
  2019-09-10: wrote 6625 rows (note: grid rendered 6625 rows vs 6631 reported — known upstream row-numbering gaps, not a scraping error)
  2019-09-12: no data (holiday or out of archive range)
  2019-09-11: wrote 5428 rows (note: grid rendered 5428 rows vs 5430 reported — known upstream row-numbering gaps, not a scraping error)
  2019-09-13: no data (holiday or out of archive range)
  2019-09-14: no data (holiday or out of archive range)
  2019-09-15: wrote 7236 rows (note: grid rendered 7236 rows vs 7239 reported — known upstream row-numbering gaps, not a scraping error)
  2019-09-16: wrote 7535 rows (note: grid rendered 7535 rows vs 7547 reported — known upstream row-numbering gaps, not a scraping error)
  2019-09-17: wrote 7122 rows (note: grid rendered 7122 rows vs 7129 reported — known upstream row-numbering gaps, not a scraping error)
  2019-09-20: no data (holiday or out of archive range)
  2019-09-18: wrote 7869 rows (note: grid rendered 7869 rows vs 7877 reported — known upstream row-numbering gaps, not a scraping error)
  2019-09-21: no data (holiday or out of archive range)
  2019-09-19: wrote 7528 rows (note: grid rendered 7528 rows vs 7535 reported — known upstream row-numbering gaps, not a scraping error)
  2019-09-23: wrote 4682 rows (note: grid rendered 4682 rows vs 4684 reported — known upstream row-numbering gaps, not a scraping error)
  2019-09-22: wrote 5888 rows (note: grid rendered 5888 rows vs 5896 reported — known upstream row-numbering gaps, not a scraping error)
  2019-09-24: wrote 3959 rows (note: grid rendered 3959 rows vs 3975 reported — known upstream row-numbering gaps, not a scraping error)
  2019-09-26: wrote 5140 rows (note: grid rendered 5140 rows vs 5146 reported — known upstream row-numbering gaps, not a scraping error)
  2019-09-27: no data (holiday or out of archive range)
  2019-09-25: wrote 4124 rows (note: grid rendered 4124 rows vs 4128 reported — known upstream row-numbering gaps, not a scraping error)
  2019-09-28: no data (holiday or out of archive range)
  2019-09-29: wrote 4120 rows (note: grid rendered 4120 rows vs 4124 reported — known upstream row-numbering gaps, not a scraping error)
  2019-09-30: wrote 3530 rows (note: grid rendered 3530 rows vs 3535 reported — known upstream row-numbering gaps, not a scraping error)
  2019-10-01: wrote 3678 rows (note: grid rendered 3678 rows vs 3683 reported — known upstream row-numbering gaps, not a scraping error)
  2019-10-04: no data (holiday or out of archive range)
  2019-10-05: no data (holiday or out of archive range)
  2019-10-02: wrote 2799 rows (note: grid rendered 2799 rows vs 2802 reported — known upstream row-numbering gaps, not a scraping error)
  2019-10-03: wrote 2695 rows
  2019-10-07: no data (holiday or out of archive range)
  2019-10-06: no data (holiday or out of archive range)
  2019-10-08: no data (holiday or out of archive range)
  2019-10-09: no data (holiday or out of archive range)
  2019-10-11: no data (holiday or out of archive range)
  2019-10-12: no data (holiday or out of archive range)
  2019-10-10: wrote 1151 rows (note: grid rendered 1151 rows vs 1152 reported — known upstream row-numbering gaps, not a scraping error)
  2019-10-13: no data (holiday or out of archive range)
  2019-10-14: wrote 3401 rows (note: grid rendered 3401 rows vs 3403 reported — known upstream row-numbering gaps, not a scraping error)
  2019-10-16: wrote 2978 rows (note: grid rendered 2978 rows vs 2981 reported — known upstream row-numbering gaps, not a scraping error)
  2019-10-15: wrote 2809 rows (note: grid rendered 2809 rows vs 2810 reported — known upstream row-numbering gaps, not a scraping error)
  2019-10-19: no data (holiday or out of archive range)
  2019-10-18: no data (holiday or out of archive range)
  2019-10-17: wrote 3574 rows (note: grid rendered 3574 rows vs 3578 reported — known upstream row-numbering gaps, not a scraping error)
  2019-10-20: wrote 3005 rows
  2019-10-22: wrote 3228 rows (note: grid rendered 3228 rows vs 3235 reported — known upstream row-numbering gaps, not a scraping error)
  2019-10-21: wrote 3421 rows (note: grid rendered 3421 rows vs 3425 reported — known upstream row-numbering gaps, not a scraping error)
  2019-10-25: no data (holiday or out of archive range)
  2019-10-24: wrote 4442 rows
  2019-10-26: no data (holiday or out of archive range)
  2019-10-23: wrote 3148 rows (note: grid rendered 3148 rows vs 3153 reported — known upstream row-numbering gaps, not a scraping error)
  2019-10-27: no data (holiday or out of archive range)
  2019-10-29: no data (holiday or out of archive range)
  2019-10-28: no data (holiday or out of archive range)
  2019-10-30: no data (holiday or out of archive range)
  2019-11-01: no data (holiday or out of archive range)
  2019-10-31: wrote 3595 rows (note: grid rendered 3595 rows vs 3603 reported — known upstream row-numbering gaps, not a scraping error)
  2019-11-02: no data (holiday or out of archive range)
  2019-11-03: wrote 4077 rows (note: grid rendered 4077 rows vs 4080 reported — known upstream row-numbering gaps, not a scraping error)
  2019-11-05: wrote 3969 rows (note: grid rendered 3969 rows vs 3973 reported — known upstream row-numbering gaps, not a scraping error)
  2019-11-04: wrote 4093 rows (note: grid rendered 4093 rows vs 4098 reported — known upstream row-numbering gaps, not a scraping error)
  2019-11-08: no data (holiday or out of archive range)
  2019-11-09: no data (holiday or out of archive range)
  2019-11-06: wrote 3981 rows (note: grid rendered 3981 rows vs 3986 reported — known upstream row-numbering gaps, not a scraping error)
  2019-11-07: wrote 5044 rows (note: grid rendered 5044 rows vs 5048 reported — known upstream row-numbering gaps, not a scraping error)
  2019-11-10: wrote 5153 rows (note: grid rendered 5153 rows vs 5155 reported — known upstream row-numbering gaps, not a scraping error)
  2019-11-12: wrote 5025 rows (note: grid rendered 5025 rows vs 5032 reported — known upstream row-numbering gaps, not a scraping error)
  2019-11-11: wrote 6645 rows (note: grid rendered 6645 rows vs 6648 reported — known upstream row-numbering gaps, not a scraping error)
  2019-11-15: no data (holiday or out of archive range)
  2019-11-13: wrote 4122 rows (note: grid rendered 4122 rows vs 4127 reported — known upstream row-numbering gaps, not a scraping error)
  2019-11-14: wrote 4516 rows (note: grid rendered 4516 rows vs 4519 reported — known upstream row-numbering gaps, not a scraping error)
  2019-11-16: no data (holiday or out of archive range)
  2019-11-17: wrote 5939 rows
  2019-11-19: wrote 4241 rows (note: grid rendered 4241 rows vs 4247 reported — known upstream row-numbering gaps, not a scraping error)
  2019-11-18: wrote 4954 rows (note: grid rendered 4954 rows vs 4957 reported — known upstream row-numbering gaps, not a scraping error)
  2019-11-22: no data (holiday or out of archive range)
  2019-11-20: wrote 5323 rows (note: grid rendered 5323 rows vs 5328 reported — known upstream row-numbering gaps, not a scraping error)
  2019-11-23: no data (holiday or out of archive range)
  2019-11-21: wrote 5669 rows (note: grid rendered 5669 rows vs 5672 reported — known upstream row-numbering gaps, not a scraping error)
  2019-11-24: wrote 5027 rows (note: grid rendered 5027 rows vs 5029 reported — known upstream row-numbering gaps, not a scraping error)
  2019-11-25: wrote 5158 rows (note: grid rendered 5158 rows vs 5165 reported — known upstream row-numbering gaps, not a scraping error)
  2019-11-26: wrote 3838 rows (note: grid rendered 3838 rows vs 3841 reported — known upstream row-numbering gaps, not a scraping error)
  2019-11-29: no data (holiday or out of archive range)
  2019-11-28: wrote 4536 rows (note: grid rendered 4536 rows vs 4541 reported — known upstream row-numbering gaps, not a scraping error)
  2019-11-27: wrote 3587 rows (note: grid rendered 3587 rows vs 3598 reported — known upstream row-numbering gaps, not a scraping error)
  2019-11-30: no data (holiday or out of archive range)
  2019-12-02: wrote 4109 rows (note: grid rendered 4109 rows vs 4113 reported — known upstream row-numbering gaps, not a scraping error)
  2019-12-01: wrote 3734 rows
  2019-12-03: wrote 4325 rows (note: grid rendered 4325 rows vs 4326 reported — known upstream row-numbering gaps, not a scraping error)
  2019-12-06: no data (holiday or out of archive range)
  2019-12-04: wrote 4937 rows (note: grid rendered 4937 rows vs 4951 reported — known upstream row-numbering gaps, not a scraping error)
  2019-12-07: no data (holiday or out of archive range)
  2019-12-05: wrote 6066 rows (note: grid rendered 6066 rows vs 6085 reported — known upstream row-numbering gaps, not a scraping error)
  2019-12-08: wrote 4509 rows (note: grid rendered 4509 rows vs 4525 reported — known upstream row-numbering gaps, not a scraping error)
  2019-12-09: wrote 7600 rows (note: grid rendered 7600 rows vs 7627 reported — known upstream row-numbering gaps, not a scraping error)
  2019-12-10: wrote 6964 rows (note: grid rendered 6964 rows vs 6975 reported — known upstream row-numbering gaps, not a scraping error)
  2019-12-11: wrote 7158 rows (note: grid rendered 7158 rows vs 7172 reported — known upstream row-numbering gaps, not a scraping error)
  2019-12-13: no data (holiday or out of archive range)
  2019-12-14: no data (holiday or out of archive range)
  2019-12-12: wrote 10140 rows (note: grid rendered 10140 rows vs 10146 reported — known upstream row-numbering gaps, not a scraping error)
  2019-12-15: wrote 9517 rows (note: grid rendered 9517 rows vs 9521 reported — known upstream row-numbering gaps, not a scraping error)
  2019-12-16: wrote 6601 rows (note: grid rendered 6601 rows vs 6603 reported — known upstream row-numbering gaps, not a scraping error)
  2019-12-17: wrote 4734 rows (note: grid rendered 4734 rows vs 4736 reported — known upstream row-numbering gaps, not a scraping error)
  2019-12-19: wrote 5940 rows (note: grid rendered 5940 rows vs 5960 reported — known upstream row-numbering gaps, not a scraping error)
  2019-12-20: no data (holiday or out of archive range)
  2019-12-18: wrote 5134 rows (note: grid rendered 5134 rows vs 5144 reported — known upstream row-numbering gaps, not a scraping error)
  2019-12-21: no data (holiday or out of archive range)
  2019-12-23: wrote 8079 rows (note: grid rendered 8079 rows vs 8093 reported — known upstream row-numbering gaps, not a scraping error)
  2019-12-22: wrote 6084 rows (note: grid rendered 6084 rows vs 6087 reported — known upstream row-numbering gaps, not a scraping error)
  2019-12-25: wrote 6154 rows (note: grid rendered 6154 rows vs 6164 reported — known upstream row-numbering gaps, not a scraping error)
  2019-12-24: wrote 9008 rows (note: grid rendered 9008 rows vs 9018 reported — known upstream row-numbering gaps, not a scraping error)
  2019-12-27: no data (holiday or out of archive range)
  2019-12-26: wrote 5992 rows (note: grid rendered 5992 rows vs 6000 reported — known upstream row-numbering gaps, not a scraping error)
  2019-12-28: no data (holiday or out of archive range)
  2019-12-30: wrote 7030 rows (note: grid rendered 7030 rows vs 7038 reported — known upstream row-numbering gaps, not a scraping error)
  2019-12-29: wrote 6434 rows (note: grid rendered 6434 rows vs 6450 reported — known upstream row-numbering gaps, not a scraping error)
  2019-12-31: wrote 6524 rows (note: grid rendered 6524 rows vs 6532 reported — known upstream row-numbering gaps, not a scraping error)
  2020-01-03: no data (holiday or out of archive range)
  2020-01-01: wrote 6166 rows (note: grid rendered 6166 rows vs 6174 reported — known upstream row-numbering gaps, not a scraping error)
  2020-01-02: wrote 7067 rows (note: grid rendered 7067 rows vs 7083 reported — known upstream row-numbering gaps, not a scraping error)
  2020-01-04: no data (holiday or out of archive range)
  2020-01-05: wrote 9269 rows (note: grid rendered 9269 rows vs 9295 reported — known upstream row-numbering gaps, not a scraping error)
  2020-01-06: wrote 10686 rows (note: grid rendered 10686 rows vs 10726 reported — known upstream row-numbering gaps, not a scraping error)
  2020-01-07: wrote 12421 rows (note: grid rendered 12421 rows vs 12457 reported — known upstream row-numbering gaps, not a scraping error)
  2020-01-10: no data (holiday or out of archive range)
  2020-01-08: wrote 9995 rows (note: grid rendered 9995 rows vs 10035 reported — known upstream row-numbering gaps, not a scraping error)
  2020-01-09: wrote 9571 rows (note: grid rendered 9571 rows vs 9656 reported — known upstream row-numbering gaps, not a scraping error)
  2020-01-11: no data (holiday or out of archive range)
  2020-01-12: wrote 15821 rows (note: grid rendered 15821 rows vs 15907 reported — known upstream row-numbering gaps, not a scraping error)
  2020-01-14: wrote 11272 rows (note: grid rendered 11272 rows vs 11310 reported — known upstream row-numbering gaps, not a scraping error)
  2020-01-13: wrote 19322 rows (note: grid rendered 19322 rows vs 19350 reported — known upstream row-numbering gaps, not a scraping error)
  2020-01-15: wrote 10683 rows (note: grid rendered 10683 rows vs 10703 reported — known upstream row-numbering gaps, not a scraping error)
  2020-01-17: no data (holiday or out of archive range)
  2020-01-18: no data (holiday or out of archive range)
  2020-01-16: wrote 17260 rows (note: grid rendered 17260 rows vs 17295 reported — known upstream row-numbering gaps, not a scraping error)
  2020-01-20: wrote 20418 rows (note: grid rendered 20418 rows vs 20446 reported — known upstream row-numbering gaps, not a scraping error)
  2020-01-19: wrote 21385 rows (note: grid rendered 21385 rows vs 21423 reported — known upstream row-numbering gaps, not a scraping error)
  2020-01-21: wrote 13771 rows (note: grid rendered 13771 rows vs 13797 reported — known upstream row-numbering gaps, not a scraping error)
  2020-01-24: no data (holiday or out of archive range)
  2020-01-25: no data (holiday or out of archive range)
  2020-01-23: wrote 15291 rows (note: grid rendered 15291 rows vs 15316 reported — known upstream row-numbering gaps, not a scraping error)
  2020-01-22: wrote 15480 rows (note: grid rendered 15480 rows vs 15508 reported — known upstream row-numbering gaps, not a scraping error)
  2020-01-26: wrote 12722 rows (note: grid rendered 12722 rows vs 12750 reported — known upstream row-numbering gaps, not a scraping error)
  2020-01-27: wrote 11197 rows (note: grid rendered 11197 rows vs 11209 reported — known upstream row-numbering gaps, not a scraping error)
  2020-01-28: wrote 14536 rows (note: grid rendered 14536 rows vs 14555 reported — known upstream row-numbering gaps, not a scraping error)
  2020-01-31: no data (holiday or out of archive range)
  2020-02-01: no data (holiday or out of archive range)
  2020-01-29: wrote 13734 rows (note: grid rendered 13734 rows vs 13800 reported — known upstream row-numbering gaps, not a scraping error)
  2020-01-30: wrote 19850 rows (note: grid rendered 19850 rows vs 19874 reported — known upstream row-numbering gaps, not a scraping error)
  2020-02-03: wrote 17613 rows (note: grid rendered 17613 rows vs 17633 reported — known upstream row-numbering gaps, not a scraping error)
  2020-02-02: wrote 20606 rows (note: grid rendered 20606 rows vs 20635 reported — known upstream row-numbering gaps, not a scraping error)
  2020-02-04: wrote 17510 rows (note: grid rendered 17510 rows vs 17560 reported — known upstream row-numbering gaps, not a scraping error)
  2020-02-07: no data (holiday or out of archive range)
  2020-02-08: no data (holiday or out of archive range)
  2020-02-05: wrote 12399 rows (note: grid rendered 12399 rows vs 12440 reported — known upstream row-numbering gaps, not a scraping error)
  2020-02-06: wrote 13097 rows (note: grid rendered 13097 rows vs 13137 reported — known upstream row-numbering gaps, not a scraping error)
  2020-02-10: wrote 10898 rows (note: grid rendered 10898 rows vs 10979 reported — known upstream row-numbering gaps, not a scraping error)
  2020-02-11: wrote 15173 rows (note: grid rendered 15173 rows vs 15316 reported — known upstream row-numbering gaps, not a scraping error)
  2020-02-09: wrote 11672 rows (note: grid rendered 11672 rows vs 11726 reported — known upstream row-numbering gaps, not a scraping error)
  2020-02-14: no data (holiday or out of archive range)
  2020-02-15: no data (holiday or out of archive range)
  2020-02-12: wrote 15170 rows (note: grid rendered 15170 rows vs 15199 reported — known upstream row-numbering gaps, not a scraping error)
  2020-02-13: wrote 17673 rows (note: grid rendered 17673 rows vs 17698 reported — known upstream row-numbering gaps, not a scraping error)
  2020-02-16: wrote 18849 rows (note: grid rendered 18849 rows vs 18885 reported — known upstream row-numbering gaps, not a scraping error)
  2020-02-17: wrote 24761 rows (note: grid rendered 24761 rows vs 24805 reported — known upstream row-numbering gaps, not a scraping error)
  2020-02-18: wrote 20833 rows (note: grid rendered 20833 rows vs 20859 reported — known upstream row-numbering gaps, not a scraping error)
  2020-02-21: no data (holiday or out of archive range)
  2020-02-19: wrote 14988 rows (note: grid rendered 14988 rows vs 15053 reported — known upstream row-numbering gaps, not a scraping error)
  2020-02-22: no data (holiday or out of archive range)
  2020-02-20: wrote 23827 rows (note: grid rendered 23827 rows vs 23900 reported — known upstream row-numbering gaps, not a scraping error)
  2020-02-24: wrote 31237 rows (note: grid rendered 31237 rows vs 31290 reported — known upstream row-numbering gaps, not a scraping error)
  2020-02-23: wrote 30404 rows (note: grid rendered 30404 rows vs 30456 reported — known upstream row-numbering gaps, not a scraping error)
  2020-02-25: wrote 26479 rows (note: grid rendered 26479 rows vs 26536 reported — known upstream row-numbering gaps, not a scraping error)
  2020-02-28: no data (holiday or out of archive range)
  2020-02-29: no data (holiday or out of archive range)
  2020-02-26: wrote 31991 rows (note: grid rendered 31991 rows vs 32154 reported — known upstream row-numbering gaps, not a scraping error)
  2020-02-27: wrote 35308 rows (note: grid rendered 35308 rows vs 35467 reported — known upstream row-numbering gaps, not a scraping error)
  2020-03-01: wrote 39131 rows (note: grid rendered 39131 rows vs 39289 reported — known upstream row-numbering gaps, not a scraping error)
  2020-03-02: wrote 18963 rows (note: grid rendered 18963 rows vs 19007 reported — known upstream row-numbering gaps, not a scraping error)
  2020-03-03: wrote 33788 rows (note: grid rendered 33788 rows vs 33898 reported — known upstream row-numbering gaps, not a scraping error)
  2020-03-06: no data (holiday or out of archive range)
  2020-03-07: no data (holiday or out of archive range)
  2020-03-08: no data (holiday or out of archive range)
  2020-03-05: wrote 22449 rows (note: grid rendered 22449 rows vs 22531 reported — known upstream row-numbering gaps, not a scraping error)
  2020-03-09: no data (holiday or out of archive range)
  2020-03-04: wrote 29140 rows (note: grid rendered 29140 rows vs 29231 reported — known upstream row-numbering gaps, not a scraping error)
  2020-03-10: wrote 9200 rows (note: grid rendered 9200 rows vs 9239 reported — known upstream row-numbering gaps, not a scraping error)
  2020-03-13: no data (holiday or out of archive range)
  2020-03-14: no data (holiday or out of archive range)
  2020-03-12: wrote 23155 rows (note: grid rendered 23155 rows vs 23205 reported — known upstream row-numbering gaps, not a scraping error)
  2020-03-11: wrote 23184 rows (note: grid rendered 23184 rows vs 23237 reported — known upstream row-numbering gaps, not a scraping error)
  2020-03-15: wrote 23992 rows (note: grid rendered 23992 rows vs 24041 reported — known upstream row-numbering gaps, not a scraping error)
  2020-03-16: wrote 16209 rows (note: grid rendered 16209 rows vs 16251 reported — known upstream row-numbering gaps, not a scraping error)
  2020-03-17: wrote 18194 rows (note: grid rendered 18194 rows vs 18257 reported — known upstream row-numbering gaps, not a scraping error)
  2020-03-20: no data (holiday or out of archive range)
  2020-03-21: no data (holiday or out of archive range)
  2020-03-18: wrote 15739 rows (note: grid rendered 15739 rows vs 15780 reported — known upstream row-numbering gaps, not a scraping error)
  2020-03-23: no data (holiday or out of archive range)
  2020-03-19: wrote 18721 rows (note: grid rendered 18721 rows vs 18792 reported — known upstream row-numbering gaps, not a scraping error)
  2020-03-22: wrote 2385 rows (note: grid rendered 2385 rows vs 2391 reported — known upstream row-numbering gaps, not a scraping error)
  2020-03-25: no data (holiday or out of archive range)
  2020-03-24: no data (holiday or out of archive range)
  2020-03-26: no data (holiday or out of archive range)
  2020-03-27: no data (holiday or out of archive range)
  2020-03-29: no data (holiday or out of archive range)
  2020-03-28: no data (holiday or out of archive range)
  2020-04-01: no data (holiday or out of archive range)
  2020-03-31: no data (holiday or out of archive range)
  2020-03-30: no data (holiday or out of archive range)
  2020-04-03: no data (holiday or out of archive range)
  2020-04-04: no data (holiday or out of archive range)
  2020-04-02: no data (holiday or out of archive range)
  2020-04-05: no data (holiday or out of archive range)
  2020-04-06: no data (holiday or out of archive range)
  2020-04-07: no data (holiday or out of archive range)
  2020-04-09: no data (holiday or out of archive range)
  2020-04-08: no data (holiday or out of archive range)
  2020-04-10: no data (holiday or out of archive range)
  2020-04-11: no data (holiday or out of archive range)
  2020-04-12: no data (holiday or out of archive range)
  2020-04-13: no data (holiday or out of archive range)
  2020-04-14: no data (holiday or out of archive range)
  2020-04-15: no data (holiday or out of archive range)
  2020-04-16: no data (holiday or out of archive range)
  2020-04-17: no data (holiday or out of archive range)
  2020-04-18: no data (holiday or out of archive range)
  2020-04-19: no data (holiday or out of archive range)
  2020-04-20: no data (holiday or out of archive range)
  2020-04-22: no data (holiday or out of archive range)
  2020-04-21: no data (holiday or out of archive range)
  2020-04-23: no data (holiday or out of archive range)
  2020-04-25: no data (holiday or out of archive range)
  2020-04-26: no data (holiday or out of archive range)
  2020-04-24: no data (holiday or out of archive range)
  2020-04-27: no data (holiday or out of archive range)
  2020-04-28: no data (holiday or out of archive range)
  2020-04-29: no data (holiday or out of archive range)
  2020-04-30: no data (holiday or out of archive range)
  2020-05-01: no data (holiday or out of archive range)
  2020-05-02: no data (holiday or out of archive range)
  2020-05-03: no data (holiday or out of archive range)
  2020-05-04: no data (holiday or out of archive range)
  2020-05-05: no data (holiday or out of archive range)
  2020-05-06: no data (holiday or out of archive range)
  2020-05-07: no data (holiday or out of archive range)
  2020-05-09: no data (holiday or out of archive range)
  2020-05-08: no data (holiday or out of archive range)
  2020-05-10: no data (holiday or out of archive range)
  2020-05-11: no data (holiday or out of archive range)
  2020-05-12: wrote 291 rows (note: grid rendered 291 rows vs 292 reported — known upstream row-numbering gaps, not a scraping error)
  2020-05-13: wrote 211 rows
  2020-05-14: no data (holiday or out of archive range)
  2020-05-16: no data (holiday or out of archive range)
  2020-05-15: no data (holiday or out of archive range)
  2020-05-18: no data (holiday or out of archive range)
  2020-05-17: no data (holiday or out of archive range)
  2020-05-19: no data (holiday or out of archive range)
  2020-05-20: no data (holiday or out of archive range)
  2020-05-21: no data (holiday or out of archive range)
  2020-05-23: no data (holiday or out of archive range)
  2020-05-22: no data (holiday or out of archive range)
  2020-05-24: no data (holiday or out of archive range)
  2020-05-25: no data (holiday or out of archive range)
  2020-05-26: no data (holiday or out of archive range)
  2020-05-27: no data (holiday or out of archive range)
  2020-05-28: no data (holiday or out of archive range)
  2020-05-30: no data (holiday or out of archive range)
  2020-05-29: no data (holiday or out of archive range)
  2020-05-31: no data (holiday or out of archive range)
  2020-06-01: no data (holiday or out of archive range)
  2020-06-02: no data (holiday or out of archive range)
  2020-06-03: no data (holiday or out of archive range)
  2020-06-04: no data (holiday or out of archive range)
  2020-06-05: no data (holiday or out of archive range)
  2020-06-07: no data (holiday or out of archive range)
  2020-06-06: no data (holiday or out of archive range)
  2020-06-08: no data (holiday or out of archive range)
  2020-06-10: no data (holiday or out of archive range)
  2020-06-09: no data (holiday or out of archive range)
  2020-06-11: no data (holiday or out of archive range)
  2020-06-12: no data (holiday or out of archive range)
  2020-06-13: no data (holiday or out of archive range)
  2020-06-14: no data (holiday or out of archive range)
  2020-06-16: no data (holiday or out of archive range)
  2020-06-15: no data (holiday or out of archive range)
  2020-06-17: no data (holiday or out of archive range)
  2020-06-19: no data (holiday or out of archive range)
  2020-06-20: no data (holiday or out of archive range)
  2020-06-18: no data (holiday or out of archive range)
  2020-06-23: no data (holiday or out of archive range)
  2020-06-22: no data (holiday or out of archive range)
  2020-06-21: no data (holiday or out of archive range)
  2020-06-24: no data (holiday or out of archive range)
  2020-06-26: no data (holiday or out of archive range)
  2020-06-25: no data (holiday or out of archive range)
  2020-06-27: no data (holiday or out of archive range)
  2020-06-28: no data (holiday or out of archive range)
  2020-06-29: wrote 4862 rows
  2020-06-30: wrote 2919 rows
  2020-07-01: wrote 3885 rows (note: grid rendered 3885 rows vs 3890 reported — known upstream row-numbering gaps, not a scraping error)
  2020-07-04: no data (holiday or out of archive range)
  2020-07-03: no data (holiday or out of archive range)
  2020-07-02: wrote 8387 rows (note: grid rendered 8387 rows vs 8409 reported — known upstream row-numbering gaps, not a scraping error)
  2020-07-05: wrote 20455 rows (note: grid rendered 20455 rows vs 20474 reported — known upstream row-numbering gaps, not a scraping error)
  2020-07-07: wrote 18079 rows (note: grid rendered 18079 rows vs 18140 reported — known upstream row-numbering gaps, not a scraping error)
  2020-07-06: wrote 17355 rows (note: grid rendered 17355 rows vs 17384 reported — known upstream row-numbering gaps, not a scraping error)
  2020-07-10: no data (holiday or out of archive range)
  2020-07-11: no data (holiday or out of archive range)
  2020-07-09: wrote 14609 rows (note: grid rendered 14609 rows vs 14663 reported — known upstream row-numbering gaps, not a scraping error)
  2020-07-08: wrote 19502 rows (note: grid rendered 19502 rows vs 19541 reported — known upstream row-numbering gaps, not a scraping error)
  2020-07-12: wrote 16788 rows (note: grid rendered 16788 rows vs 16826 reported — known upstream row-numbering gaps, not a scraping error)
  2020-07-13: wrote 15461 rows (note: grid rendered 15461 rows vs 15491 reported — known upstream row-numbering gaps, not a scraping error)
  2020-07-14: wrote 14387 rows (note: grid rendered 14387 rows vs 14489 reported — known upstream row-numbering gaps, not a scraping error)
  2020-07-17: no data (holiday or out of archive range)
  2020-07-15: wrote 15751 rows (note: grid rendered 15751 rows vs 15858 reported — known upstream row-numbering gaps, not a scraping error)
  2020-07-18: no data (holiday or out of archive range)
  2020-07-19: wrote 658 rows (note: grid rendered 658 rows vs 663 reported — known upstream row-numbering gaps, not a scraping error)
  2020-07-16: wrote 16474 rows (note: grid rendered 16474 rows vs 16545 reported — known upstream row-numbering gaps, not a scraping error)
  2020-07-20: wrote 33371 rows (note: grid rendered 33371 rows vs 33433 reported — known upstream row-numbering gaps, not a scraping error)
  2020-07-21: wrote 26547 rows (note: grid rendered 26547 rows vs 26641 reported — known upstream row-numbering gaps, not a scraping error)
  2020-07-24: no data (holiday or out of archive range)
  2020-07-25: no data (holiday or out of archive range)
  2020-07-22: wrote 38866 rows (note: grid rendered 38866 rows vs 38938 reported — known upstream row-numbering gaps, not a scraping error)
  2020-07-26: no data (holiday or out of archive range)
  2020-07-23: wrote 28602 rows (note: grid rendered 28602 rows vs 28649 reported — known upstream row-numbering gaps, not a scraping error)
  2020-07-28: wrote 21774 rows (note: grid rendered 21774 rows vs 21805 reported — known upstream row-numbering gaps, not a scraping error)
  2020-07-27: wrote 28454 rows (note: grid rendered 28454 rows vs 28495 reported — known upstream row-numbering gaps, not a scraping error)
  2020-07-31: no data (holiday or out of archive range)
  2020-07-29: wrote 24141 rows (note: grid rendered 24141 rows vs 24224 reported — known upstream row-numbering gaps, not a scraping error)
  2020-08-01: no data (holiday or out of archive range)
  2020-07-30: wrote 21783 rows (note: grid rendered 21783 rows vs 21818 reported — known upstream row-numbering gaps, not a scraping error)
  2020-08-04: no data (holiday or out of archive range)
  2020-08-03: wrote 16629 rows (note: grid rendered 16629 rows vs 16666 reported — known upstream row-numbering gaps, not a scraping error)
  2020-08-02: wrote 27804 rows (note: grid rendered 27804 rows vs 27860 reported — known upstream row-numbering gaps, not a scraping error)
  2020-08-07: no data (holiday or out of archive range)
  2020-08-08: no data (holiday or out of archive range)
  2020-08-05: wrote 20441 rows (note: grid rendered 20441 rows vs 20469 reported — known upstream row-numbering gaps, not a scraping error)
  2020-08-06: wrote 20584 rows (note: grid rendered 20584 rows vs 20605 reported — known upstream row-numbering gaps, not a scraping error)
  2020-08-09: wrote 30171 rows (note: grid rendered 30171 rows vs 30200 reported — known upstream row-numbering gaps, not a scraping error)
  2020-08-10: wrote 22167 rows (note: grid rendered 22167 rows vs 22187 reported — known upstream row-numbering gaps, not a scraping error)
  2020-08-11: wrote 25741 rows (note: grid rendered 25741 rows vs 25771 reported — known upstream row-numbering gaps, not a scraping error)
  2020-08-14: no data (holiday or out of archive range)
  2020-08-15: no data (holiday or out of archive range)
  2020-08-12: wrote 20697 rows (note: grid rendered 20697 rows vs 20719 reported — known upstream row-numbering gaps, not a scraping error)
  2020-08-13: wrote 21314 rows (note: grid rendered 21314 rows vs 21367 reported — known upstream row-numbering gaps, not a scraping error)
  2020-08-16: wrote 21595 rows (note: grid rendered 21595 rows vs 21609 reported — known upstream row-numbering gaps, not a scraping error)
  2020-08-18: wrote 16780 rows (note: grid rendered 16780 rows vs 16800 reported — known upstream row-numbering gaps, not a scraping error)
  2020-08-17: wrote 16701 rows (note: grid rendered 16701 rows vs 16724 reported — known upstream row-numbering gaps, not a scraping error)
  2020-08-21: no data (holiday or out of archive range)
  2020-08-20: wrote 8293 rows (note: grid rendered 8293 rows vs 8326 reported — known upstream row-numbering gaps, not a scraping error)
  2020-08-22: no data (holiday or out of archive range)
  2020-08-19: wrote 16861 rows (note: grid rendered 16861 rows vs 16875 reported — known upstream row-numbering gaps, not a scraping error)
  2020-08-23: wrote 16565 rows (note: grid rendered 16565 rows vs 16579 reported — known upstream row-numbering gaps, not a scraping error)
  2020-08-26: no data (holiday or out of archive range)
  2020-08-24: wrote 27525 rows (note: grid rendered 27525 rows vs 27566 reported — known upstream row-numbering gaps, not a scraping error)
  2020-08-25: wrote 24044 rows (note: grid rendered 24044 rows vs 24101 reported — known upstream row-numbering gaps, not a scraping error)
  2020-08-29: no data (holiday or out of archive range)
  2020-08-28: no data (holiday or out of archive range)
  2020-08-30: no data (holiday or out of archive range)
  2020-09-01: no data (holiday or out of archive range)
  2020-08-27: wrote 28340 rows (note: grid rendered 28340 rows vs 28385 reported — known upstream row-numbering gaps, not a scraping error)
  2020-08-31: wrote 40160 rows (note: grid rendered 40160 rows vs 40206 reported — known upstream row-numbering gaps, not a scraping error)
  2020-09-04: no data (holiday or out of archive range)
  2020-09-05: no data (holiday or out of archive range)
  2020-09-03: wrote 39175 rows (note: grid rendered 39175 rows vs 39205 reported — known upstream row-numbering gaps, not a scraping error)
  2020-09-02: wrote 45237 rows (note: grid rendered 45237 rows vs 45272 reported — known upstream row-numbering gaps, not a scraping error)
  2020-09-08: wrote 23270 rows (note: grid rendered 23270 rows vs 23297 reported — known upstream row-numbering gaps, not a scraping error)
  2020-09-06: wrote 34813 rows (note: grid rendered 34813 rows vs 34863 reported — known upstream row-numbering gaps, not a scraping error)
  2020-09-07: wrote 28045 rows (note: grid rendered 28045 rows vs 28078 reported — known upstream row-numbering gaps, not a scraping error)
  2020-09-11: no data (holiday or out of archive range)
  2020-09-12: no data (holiday or out of archive range)
  2020-09-09: wrote 28981 rows (note: grid rendered 28981 rows vs 29125 reported — known upstream row-numbering gaps, not a scraping error)
  2020-09-10: wrote 29295 rows (note: grid rendered 29295 rows vs 29435 reported — known upstream row-numbering gaps, not a scraping error)
  2020-09-13: wrote 39735 rows (note: grid rendered 39735 rows vs 39814 reported — known upstream row-numbering gaps, not a scraping error)
  2020-09-15: wrote 32267 rows (note: grid rendered 32267 rows vs 32328 reported — known upstream row-numbering gaps, not a scraping error)
  2020-09-14: wrote 45353 rows (note: grid rendered 45353 rows vs 45453 reported — known upstream row-numbering gaps, not a scraping error)
  2020-09-18: no data (holiday or out of archive range)
  2020-09-19: no data (holiday or out of archive range)
  2020-09-16: wrote 30480 rows (note: grid rendered 30480 rows vs 30590 reported — known upstream row-numbering gaps, not a scraping error)
  2020-09-17: wrote 52783 rows (note: grid rendered 52783 rows vs 53240 reported — known upstream row-numbering gaps, not a scraping error)
  2020-09-20: wrote 64364 rows (note: grid rendered 64364 rows vs 64515 reported — known upstream row-numbering gaps, not a scraping error)
  2020-09-21: wrote 61774 rows (note: grid rendered 61774 rows vs 61936 reported — known upstream row-numbering gaps, not a scraping error)
  2020-09-22: wrote 47833 rows (note: grid rendered 47833 rows vs 47944 reported — known upstream row-numbering gaps, not a scraping error)
  2020-09-25: no data (holiday or out of archive range)
  2020-09-26: no data (holiday or out of archive range)
  2020-09-23: wrote 41514 rows (note: grid rendered 41514 rows vs 41620 reported — known upstream row-numbering gaps, not a scraping error)
  2020-09-24: wrote 45745 rows (note: grid rendered 45745 rows vs 45834 reported — known upstream row-numbering gaps, not a scraping error)
  2020-09-27: wrote 42074 rows (note: grid rendered 42074 rows vs 42108 reported — known upstream row-numbering gaps, not a scraping error)
  2020-09-28: wrote 30550 rows (note: grid rendered 30550 rows vs 30596 reported — known upstream row-numbering gaps, not a scraping error)
  2020-09-29: wrote 33867 rows (note: grid rendered 33867 rows vs 33933 reported — known upstream row-numbering gaps, not a scraping error)
  2020-10-02: no data (holiday or out of archive range)
  2020-10-03: no data (holiday or out of archive range)
  2020-09-30: wrote 36242 rows (note: grid rendered 36242 rows vs 36282 reported — known upstream row-numbering gaps, not a scraping error)
  2020-10-01: wrote 46981 rows (note: grid rendered 46981 rows vs 47032 reported — known upstream row-numbering gaps, not a scraping error)
  2020-10-04: wrote 47108 rows (note: grid rendered 47108 rows vs 47149 reported — known upstream row-numbering gaps, not a scraping error)
  2020-10-05: wrote 39527 rows (note: grid rendered 39527 rows vs 39587 reported — known upstream row-numbering gaps, not a scraping error)
  2020-10-06: wrote 39164 rows (note: grid rendered 39164 rows vs 39236 reported — known upstream row-numbering gaps, not a scraping error)
  2020-10-09: no data (holiday or out of archive range)
  2020-10-10: no data (holiday or out of archive range)
  2020-10-07: wrote 45867 rows (note: grid rendered 45867 rows vs 45981 reported — known upstream row-numbering gaps, not a scraping error)
  2020-10-08: wrote 48140 rows (note: grid rendered 48140 rows vs 48199 reported — known upstream row-numbering gaps, not a scraping error)
  2020-10-11: wrote 37441 rows (note: grid rendered 37441 rows vs 37515 reported — known upstream row-numbering gaps, not a scraping error)
  2020-10-12: wrote 31758 rows (note: grid rendered 31758 rows vs 31837 reported — known upstream row-numbering gaps, not a scraping error)
  2020-10-13: wrote 28575 rows (note: grid rendered 28575 rows vs 28640 reported — known upstream row-numbering gaps, not a scraping error)
  2020-10-16: no data (holiday or out of archive range)
  2020-10-14: wrote 24849 rows (note: grid rendered 24849 rows vs 24899 reported — known upstream row-numbering gaps, not a scraping error)
  2020-10-17: no data (holiday or out of archive range)
  2020-10-15: wrote 23049 rows (note: grid rendered 23049 rows vs 23089 reported — known upstream row-numbering gaps, not a scraping error)
  2020-10-18: wrote 17099 rows (note: grid rendered 17099 rows vs 17120 reported — known upstream row-numbering gaps, not a scraping error)
  2020-10-19: wrote 15466 rows (note: grid rendered 15466 rows vs 15478 reported — known upstream row-numbering gaps, not a scraping error)
  2020-10-20: wrote 18827 rows (note: grid rendered 18827 rows vs 18870 reported — known upstream row-numbering gaps, not a scraping error)
  2020-10-23: no data (holiday or out of archive range)
  2020-10-24: no data (holiday or out of archive range)
  2020-10-25: no data (holiday or out of archive range)
  2020-10-21: wrote 22453 rows (note: grid rendered 22453 rows vs 22482 reported — known upstream row-numbering gaps, not a scraping error)
  2020-10-26: no data (holiday or out of archive range)
  2020-10-22: wrote 30286 rows (note: grid rendered 30286 rows vs 30328 reported — known upstream row-numbering gaps, not a scraping error)
  2020-10-27: no data (holiday or out of archive range)
  2020-10-30: no data (holiday or out of archive range)
  2020-10-31: no data (holiday or out of archive range)
  2020-10-29: wrote 41872 rows (note: grid rendered 41872 rows vs 41909 reported — known upstream row-numbering gaps, not a scraping error)
  2020-10-28: wrote 42595 rows (note: grid rendered 42595 rows vs 42618 reported — known upstream row-numbering gaps, not a scraping error)
  2020-11-01: wrote 37552 rows (note: grid rendered 37552 rows vs 37594 reported — known upstream row-numbering gaps, not a scraping error)
  2020-11-03: wrote 29483 rows (note: grid rendered 29483 rows vs 29606 reported — known upstream row-numbering gaps, not a scraping error)
  2020-11-02: wrote 34331 rows (note: grid rendered 34331 rows vs 34453 reported — known upstream row-numbering gaps, not a scraping error)
  2020-11-04: wrote 24012 rows (note: grid rendered 24012 rows vs 24082 reported — known upstream row-numbering gaps, not a scraping error)
  2020-11-06: no data (holiday or out of archive range)
  2020-11-07: no data (holiday or out of archive range)
  2020-11-05: wrote 35283 rows (note: grid rendered 35283 rows vs 35335 reported — known upstream row-numbering gaps, not a scraping error)
  2020-11-08: wrote 41714 rows (note: grid rendered 41714 rows vs 41767 reported — known upstream row-numbering gaps, not a scraping error)
  2020-11-09: wrote 40974 rows (note: grid rendered 40974 rows vs 41049 reported — known upstream row-numbering gaps, not a scraping error)
  2020-11-10: wrote 38594 rows (note: grid rendered 38594 rows vs 38634 reported — known upstream row-numbering gaps, not a scraping error)
  2020-11-13: no data (holiday or out of archive range)
  2020-11-14: no data (holiday or out of archive range)
  2020-11-15: no data (holiday or out of archive range)
  2020-11-11: wrote 36872 rows (note: grid rendered 36872 rows vs 36893 reported — known upstream row-numbering gaps, not a scraping error)
  2020-11-16: no data (holiday or out of archive range)
  2020-11-17: no data (holiday or out of archive range)
  2020-11-12: wrote 55857 rows (note: grid rendered 55857 rows vs 55891 reported — known upstream row-numbering gaps, not a scraping error)
  2020-11-20: no data (holiday or out of archive range)
  2020-11-21: no data (holiday or out of archive range)
  2020-11-18: wrote 43630 rows (note: grid rendered 43630 rows vs 43673 reported — known upstream row-numbering gaps, not a scraping error)
  2020-11-19: wrote 56279 rows (note: grid rendered 56279 rows vs 56341 reported — known upstream row-numbering gaps, not a scraping error)
  2020-11-22: wrote 63490 rows (note: grid rendered 63490 rows vs 63570 reported — known upstream row-numbering gaps, not a scraping error)
  2020-11-23: wrote 46192 rows (note: grid rendered 46192 rows vs 46240 reported — known upstream row-numbering gaps, not a scraping error)
  2020-11-24: wrote 49718 rows (note: grid rendered 49718 rows vs 49783 reported — known upstream row-numbering gaps, not a scraping error)
  2020-11-27: no data (holiday or out of archive range)
  2020-11-28: no data (holiday or out of archive range)
  2020-11-25: wrote 57439 rows (note: grid rendered 57439 rows vs 57534 reported — known upstream row-numbering gaps, not a scraping error)
  2020-11-26: wrote 69919 rows (note: grid rendered 69919 rows vs 70003 reported — known upstream row-numbering gaps, not a scraping error)
  2020-11-29: wrote 80054 rows (note: grid rendered 80054 rows vs 80271 reported — known upstream row-numbering gaps, not a scraping error)
  2020-11-30: wrote 83391 rows (note: grid rendered 83391 rows vs 83567 reported — known upstream row-numbering gaps, not a scraping error)
  2020-12-01: wrote 67190 rows (note: grid rendered 67190 rows vs 67355 reported — known upstream row-numbering gaps, not a scraping error)
  2020-12-04: no data (holiday or out of archive range)
  2020-12-05: no data (holiday or out of archive range)
  2020-12-02: wrote 61178 rows (note: grid rendered 61178 rows vs 61636 reported — known upstream row-numbering gaps, not a scraping error)
  2020-12-03: wrote 64024 rows (note: grid rendered 64024 rows vs 64426 reported — known upstream row-numbering gaps, not a scraping error)
  2020-12-06: wrote 61692 rows (note: grid rendered 61692 rows vs 61858 reported — known upstream row-numbering gaps, not a scraping error)
  2020-12-07: wrote 59898 rows (note: grid rendered 59898 rows vs 60055 reported — known upstream row-numbering gaps, not a scraping error)
  2020-12-08: wrote 48663 rows (note: grid rendered 48663 rows vs 48801 reported — known upstream row-numbering gaps, not a scraping error)
  2020-12-11: no data (holiday or out of archive range)
  2020-12-12: no data (holiday or out of archive range)
  2020-12-09: wrote 46386 rows (note: grid rendered 46386 rows vs 46475 reported — known upstream row-numbering gaps, not a scraping error)
  2020-12-10: wrote 39357 rows (note: grid rendered 39357 rows vs 39410 reported — known upstream row-numbering gaps, not a scraping error)
  2020-12-13: wrote 43490 rows (note: grid rendered 43490 rows vs 43584 reported — known upstream row-numbering gaps, not a scraping error)
  2020-12-14: wrote 56909 rows (note: grid rendered 56909 rows vs 57087 reported — known upstream row-numbering gaps, not a scraping error)
  2020-12-15: wrote 47435 rows (note: grid rendered 47435 rows vs 47769 reported — known upstream row-numbering gaps, not a scraping error)
  2020-12-18: no data (holiday or out of archive range)
  2020-12-19: no data (holiday or out of archive range)
  2020-12-16: wrote 48812 rows (note: grid rendered 48812 rows vs 49159 reported — known upstream row-numbering gaps, not a scraping error)
  2020-12-17: wrote 61204 rows (note: grid rendered 61204 rows vs 61604 reported — known upstream row-numbering gaps, not a scraping error)
  2020-12-20: wrote 79691 rows (note: grid rendered 79691 rows vs 79967 reported — known upstream row-numbering gaps, not a scraping error)
  2020-12-21: wrote 64745 rows (note: grid rendered 64745 rows vs 64938 reported — known upstream row-numbering gaps, not a scraping error)
  2020-12-22: wrote 55581 rows (note: grid rendered 55581 rows vs 55721 reported — known upstream row-numbering gaps, not a scraping error)
  2020-12-25: no data (holiday or out of archive range)
  2020-12-26: no data (holiday or out of archive range)
  2020-12-24: wrote 47832 rows (note: grid rendered 47832 rows vs 47976 reported — known upstream row-numbering gaps, not a scraping error)
  2020-12-23: wrote 51209 rows (note: grid rendered 51209 rows vs 51302 reported — known upstream row-numbering gaps, not a scraping error)
  2020-12-27: wrote 42758 rows (note: grid rendered 42758 rows vs 42842 reported — known upstream row-numbering gaps, not a scraping error)
  2020-12-28: wrote 36164 rows (note: grid rendered 36164 rows vs 36245 reported — known upstream row-numbering gaps, not a scraping error)
  2020-12-29: wrote 37845 rows (note: grid rendered 37845 rows vs 37916 reported — known upstream row-numbering gaps, not a scraping error)
  2021-01-01: no data (holiday or out of archive range)
  2021-01-02: no data (holiday or out of archive range)
  2020-12-30: wrote 39812 rows (note: grid rendered 39812 rows vs 39935 reported — known upstream row-numbering gaps, not a scraping error)
  2020-12-31: wrote 50285 rows (note: grid rendered 50285 rows vs 50386 reported — known upstream row-numbering gaps, not a scraping error)
  2021-01-03: wrote 54588 rows (note: grid rendered 54588 rows vs 54698 reported — known upstream row-numbering gaps, not a scraping error)
  2021-01-04: wrote 45899 rows (note: grid rendered 45899 rows vs 46001 reported — known upstream row-numbering gaps, not a scraping error)
  2021-01-05: wrote 42407 rows (note: grid rendered 42407 rows vs 42514 reported — known upstream row-numbering gaps, not a scraping error)
  2021-01-08: no data (holiday or out of archive range)
  2021-01-09: no data (holiday or out of archive range)
  2021-01-06: wrote 40197 rows (note: grid rendered 40197 rows vs 40367 reported — known upstream row-numbering gaps, not a scraping error)
  2021-01-07: wrote 50465 rows (note: grid rendered 50465 rows vs 50933 reported — known upstream row-numbering gaps, not a scraping error)
  2021-01-11: wrote 47924 rows (note: grid rendered 47924 rows vs 48053 reported — known upstream row-numbering gaps, not a scraping error)
  2021-01-10: wrote 56996 rows (note: grid rendered 56996 rows vs 57171 reported — known upstream row-numbering gaps, not a scraping error)
  2021-01-14: no data (holiday or out of archive range)
  2021-01-12: wrote 45315 rows (note: grid rendered 45315 rows vs 45569 reported — known upstream row-numbering gaps, not a scraping error)
  2021-01-15: no data (holiday or out of archive range)
  2021-01-16: no data (holiday or out of archive range)
  2021-01-13: wrote 50950 rows
  2021-01-17: wrote 50607 rows
  2021-01-18: wrote 51696 rows (note: grid rendered 51696 rows vs 51813 reported — known upstream row-numbering gaps, not a scraping error)
  2021-01-19: wrote 57127 rows (note: grid rendered 57127 rows vs 57980 reported — known upstream row-numbering gaps, not a scraping error)
  2021-01-22: no data (holiday or out of archive range)
  2021-01-23: no data (holiday or out of archive range)
  2021-01-20: wrote 53068 rows (note: grid rendered 53068 rows vs 53334 reported — known upstream row-numbering gaps, not a scraping error)
  2021-01-21: wrote 69083 rows (note: grid rendered 69083 rows vs 69333 reported — known upstream row-numbering gaps, not a scraping error)
  2021-01-25: wrote 72529 rows (note: grid rendered 72529 rows vs 72773 reported — known upstream row-numbering gaps, not a scraping error)
  2021-01-24: wrote 79227 rows (note: grid rendered 79227 rows vs 79498 reported — known upstream row-numbering gaps, not a scraping error)
  2021-01-26: wrote 63651 rows (note: grid rendered 63651 rows vs 63818 reported — known upstream row-numbering gaps, not a scraping error)
  2021-01-29: no data (holiday or out of archive range)
  2021-01-30: no data (holiday or out of archive range)
  2021-01-27: wrote 58916 rows (note: grid rendered 58916 rows vs 59151 reported — known upstream row-numbering gaps, not a scraping error)
  2021-01-28: wrote 81939 rows (note: grid rendered 81939 rows vs 82352 reported — known upstream row-numbering gaps, not a scraping error)
  2021-01-31: wrote 95395 rows (note: grid rendered 95395 rows vs 96156 reported — known upstream row-numbering gaps, not a scraping error)
  2021-02-01: wrote 65539 rows (note: grid rendered 65539 rows vs 65778 reported — known upstream row-numbering gaps, not a scraping error)
  2021-02-02: wrote 74536 rows (note: grid rendered 74536 rows vs 74715 reported — known upstream row-numbering gaps, not a scraping error)
  2021-02-05: no data (holiday or out of archive range)
  2021-02-06: no data (holiday or out of archive range)
  2021-02-04: wrote 71886 rows (note: grid rendered 71886 rows vs 72170 reported — known upstream row-numbering gaps, not a scraping error)
  2021-02-03: wrote 91302 rows (note: grid rendered 91302 rows vs 91559 reported — known upstream row-numbering gaps, not a scraping error)
  2021-02-07: wrote 87156 rows (note: grid rendered 87156 rows vs 87670 reported — known upstream row-numbering gaps, not a scraping error)
  2021-02-09: wrote 70839 rows (note: grid rendered 70839 rows vs 71112 reported — known upstream row-numbering gaps, not a scraping error)
  2021-02-08: wrote 91575 rows (note: grid rendered 91575 rows vs 92079 reported — known upstream row-numbering gaps, not a scraping error)
  2021-02-12: no data (holiday or out of archive range)
  2021-02-13: no data (holiday or out of archive range)
  2021-02-10: wrote 61878 rows (note: grid rendered 61878 rows vs 62015 reported — known upstream row-numbering gaps, not a scraping error)
  2021-02-11: wrote 72569 rows (note: grid rendered 72569 rows vs 72737 reported — known upstream row-numbering gaps, not a scraping error)
  2021-02-14: wrote 58163 rows (note: grid rendered 58163 rows vs 58309 reported — known upstream row-numbering gaps, not a scraping error)
  2021-02-15: wrote 68105 rows (note: grid rendered 68105 rows vs 68319 reported — known upstream row-numbering gaps, not a scraping error)
  2021-02-16: wrote 76231 rows (note: grid rendered 76231 rows vs 76493 reported — known upstream row-numbering gaps, not a scraping error)
  2021-02-19: no data (holiday or out of archive range)
  2021-02-17: wrote 76504 rows (note: grid rendered 76504 rows vs 76630 reported — known upstream row-numbering gaps, not a scraping error)
  2021-02-20: no data (holiday or out of archive range)
  2021-02-18: wrote 90117 rows (note: grid rendered 90117 rows vs 90202 reported — known upstream row-numbering gaps, not a scraping error)
  2021-02-22: wrote 78724 rows (note: grid rendered 78724 rows vs 78858 reported — known upstream row-numbering gaps, not a scraping error)
  2021-02-21: wrote 92915 rows (note: grid rendered 92915 rows vs 93039 reported — known upstream row-numbering gaps, not a scraping error)
  2021-02-23: wrote 83213 rows (note: grid rendered 83213 rows vs 83357 reported — known upstream row-numbering gaps, not a scraping error)
  2021-02-26: no data (holiday or out of archive range)
  2021-02-27: no data (holiday or out of archive range)
  2021-02-24: wrote 69908 rows (note: grid rendered 69908 rows vs 69994 reported — known upstream row-numbering gaps, not a scraping error)
  2021-02-25: wrote 83283 rows (note: grid rendered 83283 rows vs 83407 reported — known upstream row-numbering gaps, not a scraping error)
  2021-03-01: wrote 70242 rows (note: grid rendered 70242 rows vs 70339 reported — known upstream row-numbering gaps, not a scraping error)
  2021-02-28: wrote 96032 rows (note: grid rendered 96032 rows vs 96151 reported — known upstream row-numbering gaps, not a scraping error)
  2021-03-02: wrote 64650 rows (note: grid rendered 64650 rows vs 64787 reported — known upstream row-numbering gaps, not a scraping error)
  2021-03-05: no data (holiday or out of archive range)
  2021-03-06: no data (holiday or out of archive range)
  2021-03-03: wrote 63490 rows (note: grid rendered 63490 rows vs 63674 reported — known upstream row-numbering gaps, not a scraping error)
  2021-03-08: no data (holiday or out of archive range)
  2021-03-04: wrote 65021 rows (note: grid rendered 65021 rows vs 65174 reported — known upstream row-numbering gaps, not a scraping error)
  2021-03-07: wrote 53910 rows (note: grid rendered 53910 rows vs 53970 reported — known upstream row-numbering gaps, not a scraping error)
  2021-03-11: no data (holiday or out of archive range)
  2021-03-12: no data (holiday or out of archive range)
  2021-03-13: no data (holiday or out of archive range)
  2021-03-09: wrote 52532 rows (note: grid rendered 52532 rows vs 52591 reported — known upstream row-numbering gaps, not a scraping error)
  2021-03-10: wrote 46916 rows (note: grid rendered 46916 rows vs 46948 reported — known upstream row-numbering gaps, not a scraping error)
  2021-03-14: wrote 60898 rows (note: grid rendered 60898 rows vs 60973 reported — known upstream row-numbering gaps, not a scraping error)
  2021-03-16: wrote 46473 rows (note: grid rendered 46473 rows vs 46540 reported — known upstream row-numbering gaps, not a scraping error)
  2021-03-15: wrote 52256 rows (note: grid rendered 52256 rows vs 52309 reported — known upstream row-numbering gaps, not a scraping error)
  2021-03-19: no data (holiday or out of archive range)
  2021-03-20: no data (holiday or out of archive range)
  2021-03-17: wrote 44640 rows (note: grid rendered 44640 rows vs 44697 reported — known upstream row-numbering gaps, not a scraping error)
  2021-03-18: wrote 57642 rows (note: grid rendered 57642 rows vs 57742 reported — known upstream row-numbering gaps, not a scraping error)
  2021-03-21: wrote 80806 rows (note: grid rendered 80806 rows vs 80986 reported — known upstream row-numbering gaps, not a scraping error)
  2021-03-22: wrote 61342 rows (note: grid rendered 61342 rows vs 61488 reported — known upstream row-numbering gaps, not a scraping error)
  2021-03-23: wrote 61339 rows (note: grid rendered 61339 rows vs 61422 reported — known upstream row-numbering gaps, not a scraping error)