nohup: ignoring input
Running: manual backfill run (2015-01-01 to 2026-07-04)
  2015-01-02: no data (holiday or out of archive range)
  2015-01-03: no data (holiday or out of archive range)
  2015-01-06: wrote 2251 rows (note: grid rendered 2251 rows vs 2256 reported — known upstream row-numbering gaps, not a scraping error)
  2015-01-04: wrote 2343 rows (note: grid rendered 2343 rows vs 2374 reported — known upstream row-numbering gaps, not a scraping error)
  2015-01-01: wrote 1988 rows (note: grid rendered 1988 rows vs 1999 reported — known upstream row-numbering gaps, not a scraping error)
  2015-01-05: wrote 2495 rows (note: grid rendered 2495 rows vs 2499 reported — known upstream row-numbering gaps, not a scraping error)
  2015-01-08: wrote 2404 rows (note: grid rendered 2404 rows vs 2420 reported — known upstream row-numbering gaps, not a scraping error)
  2015-01-07: wrote 2289 rows (note: grid rendered 2289 rows vs 2293 reported — known upstream row-numbering gaps, not a scraping error)
  2015-01-09: no data (holiday or out of archive range)
  2015-01-10: no data (holiday or out of archive range)
  2015-01-15: no data (holiday or out of archive range)
  2015-01-12: wrote 1982 rows (note: grid rendered 1982 rows vs 1985 reported — known upstream row-numbering gaps, not a scraping error)
  2015-01-16: no data (holiday or out of archive range)
  2015-01-11: wrote 2196 rows (note: grid rendered 2196 rows vs 2203 reported — known upstream row-numbering gaps, not a scraping error)
  2015-01-13: wrote 1833 rows (note: grid rendered 1833 rows vs 1835 reported — known upstream row-numbering gaps, not a scraping error)
  2015-01-17: no data (holiday or out of archive range)
  2015-01-14: wrote 2336 rows (note: grid rendered 2336 rows vs 2346 reported — known upstream row-numbering gaps, not a scraping error)
  2015-01-21: no data (holiday or out of archive range)
  2015-01-23: no data (holiday or out of archive range)
  2015-01-19: wrote 3233 rows (note: grid rendered 3233 rows vs 3243 reported — known upstream row-numbering gaps, not a scraping error)
  2015-01-20: wrote 2180 rows (note: grid rendered 2180 rows vs 2196 reported — known upstream row-numbering gaps, not a scraping error)
  2015-01-24: no data (holiday or out of archive range)
  2015-01-18: wrote 2551 rows (note: grid rendered 2551 rows vs 2557 reported — known upstream row-numbering gaps, not a scraping error)
  2015-01-22: wrote 1969 rows (note: grid rendered 1969 rows vs 1970 reported — known upstream row-numbering gaps, not a scraping error)
  2015-01-25: wrote 2488 rows (note: grid rendered 2488 rows vs 2497 reported — known upstream row-numbering gaps, not a scraping error)
  2015-01-30: no data (holiday or out of archive range)
  2015-01-31: no data (holiday or out of archive range)
  2015-01-28: wrote 2502 rows (note: grid rendered 2502 rows vs 2524 reported — known upstream row-numbering gaps, not a scraping error)
  2015-01-27: wrote 2642 rows (note: grid rendered 2642 rows vs 2646 reported — known upstream row-numbering gaps, not a scraping error)
  2015-01-29: wrote 3006 rows (note: grid rendered 3006 rows vs 3059 reported — known upstream row-numbering gaps, not a scraping error)
  2015-01-26: wrote 2934 rows (note: grid rendered 2934 rows vs 2937 reported — known upstream row-numbering gaps, not a scraping error)
  2015-02-01: wrote 2578 rows (note: grid rendered 2578 rows vs 2584 reported — known upstream row-numbering gaps, not a scraping error)
  2015-02-03: wrote 2276 rows (note: grid rendered 2276 rows vs 2300 reported — known upstream row-numbering gaps, not a scraping error)
  2015-02-02: wrote 2898 rows (note: grid rendered 2898 rows vs 2929 reported — known upstream row-numbering gaps, not a scraping error)
  2015-02-06: no data (holiday or out of archive range)
  2015-02-04: wrote 2790 rows (note: grid rendered 2790 rows vs 2814 reported — known upstream row-numbering gaps, not a scraping error)
  2015-02-07: no data (holiday or out of archive range)
  2015-02-05: wrote 2376 rows (note: grid rendered 2376 rows vs 2389 reported — known upstream row-numbering gaps, not a scraping error)
  2015-02-08: wrote 2634 rows (note: grid rendered 2634 rows vs 2640 reported — known upstream row-numbering gaps, not a scraping error)
  2015-02-11: wrote 2001 rows (note: grid rendered 2001 rows vs 2018 reported — known upstream row-numbering gaps, not a scraping error)
  2015-02-10: wrote 2912 rows (note: grid rendered 2912 rows vs 2920 reported — known upstream row-numbering gaps, not a scraping error)
  2015-02-09: wrote 2805 rows (note: grid rendered 2805 rows vs 2807 reported — known upstream row-numbering gaps, not a scraping error)
  2015-02-13: no data (holiday or out of archive range)
  2015-02-14: no data (holiday or out of archive range)
  2015-02-12: wrote 2466 rows (note: grid rendered 2466 rows vs 2484 reported — known upstream row-numbering gaps, not a scraping error)
  2015-02-17: no data (holiday or out of archive range)
  2015-02-19: no data (holiday or out of archive range)
  2015-02-20: no data (holiday or out of archive range)
  2015-02-15: wrote 2629 rows (note: grid rendered 2629 rows vs 2668 reported — known upstream row-numbering gaps, not a scraping error)
  2015-02-18: wrote 2348 rows (note: grid rendered 2348 rows vs 2360 reported — known upstream row-numbering gaps, not a scraping error)
  2015-02-16: wrote 2544 rows (note: grid rendered 2544 rows vs 2549 reported — known upstream row-numbering gaps, not a scraping error)
  2015-02-21: no data (holiday or out of archive range)
  2015-02-27: no data (holiday or out of archive range)
  2015-02-24: wrote 1681 rows (note: grid rendered 1681 rows vs 1699 reported — known upstream row-numbering gaps, not a scraping error)
  2015-02-23: wrote 2175 rows (note: grid rendered 2175 rows vs 2190 reported — known upstream row-numbering gaps, not a scraping error)
  2015-02-25: wrote 1892 rows (note: grid rendered 1892 rows vs 1894 reported — known upstream row-numbering gaps, not a scraping error)
  2015-02-22: wrote 2156 rows (note: grid rendered 2156 rows vs 2160 reported — known upstream row-numbering gaps, not a scraping error)
  2015-02-26: wrote 1480 rows (note: grid rendered 1480 rows vs 1482 reported — known upstream row-numbering gaps, not a scraping error)
  2015-02-28: no data (holiday or out of archive range)
  2015-03-01: wrote 1599 rows (note: grid rendered 1599 rows vs 1607 reported — known upstream row-numbering gaps, not a scraping error)
  2015-03-05: no data (holiday or out of archive range)
  2015-03-06: no data (holiday or out of archive range)
  2015-03-03: wrote 1886 rows (note: grid rendered 1886 rows vs 1896 reported — known upstream row-numbering gaps, not a scraping error)
  2015-03-02: wrote 1679 rows (note: grid rendered 1679 rows vs 1684 reported — known upstream row-numbering gaps, not a scraping error)
  2015-03-04: wrote 1829 rows (note: grid rendered 1829 rows vs 1837 reported — known upstream row-numbering gaps, not a scraping error)
  2015-03-07: no data (holiday or out of archive range)
  2015-03-08: no data (holiday or out of archive range)
  2015-03-09: wrote 2394 rows (note: grid rendered 2394 rows vs 2402 reported — known upstream row-numbering gaps, not a scraping error)
  2015-03-13: no data (holiday or out of archive range)
  2015-03-14: no data (holiday or out of archive range)
  2015-03-12: wrote 1690 rows (note: grid rendered 1690 rows vs 1711 reported — known upstream row-numbering gaps, not a scraping error)
  2015-03-10: wrote 1738 rows (note: grid rendered 1738 rows vs 1740 reported — known upstream row-numbering gaps, not a scraping error)
  2015-03-11: wrote 1702 rows (note: grid rendered 1702 rows vs 1725 reported — known upstream row-numbering gaps, not a scraping error)
  2015-03-15: wrote 1172 rows (note: grid rendered 1172 rows vs 1179 reported — known upstream row-numbering gaps, not a scraping error)
  2015-03-16: wrote 1460 rows (note: grid rendered 1460 rows vs 1479 reported — known upstream row-numbering gaps, not a scraping error)
  2015-03-17: wrote 1390 rows (note: grid rendered 1390 rows vs 1396 reported — known upstream row-numbering gaps, not a scraping error)
  2015-03-20: no data (holiday or out of archive range)
  2015-03-21: no data (holiday or out of archive range)
  2015-03-18: wrote 1443 rows (note: grid rendered 1443 rows vs 1448 reported — known upstream row-numbering gaps, not a scraping error)
  2015-03-23: wrote 1397 rows (note: grid rendered 1397 rows vs 1422 reported — known upstream row-numbering gaps, not a scraping error)
  2015-03-24: wrote 1216 rows (note: grid rendered 1216 rows vs 1225 reported — known upstream row-numbering gaps, not a scraping error)
  2015-03-19: wrote 1597 rows (note: grid rendered 1597 rows vs 1608 reported — known upstream row-numbering gaps, not a scraping error)
  2015-03-22: wrote 1613 rows (note: grid rendered 1613 rows vs 1622 reported — known upstream row-numbering gaps, not a scraping error)
  2015-03-25: wrote 1434 rows (note: grid rendered 1434 rows vs 1447 reported — known upstream row-numbering gaps, not a scraping error)
  2015-03-26: wrote 1288 rows (note: grid rendered 1288 rows vs 1331 reported — known upstream row-numbering gaps, not a scraping error)
  2015-03-30: wrote 926 rows (note: grid rendered 926 rows vs 955 reported — known upstream row-numbering gaps, not a scraping error)
  2015-03-28: no data (holiday or out of archive range)
  2015-03-27: no data (holiday or out of archive range)
  2015-03-29: wrote 1142 rows (note: grid rendered 1142 rows vs 1155 reported — known upstream row-numbering gaps, not a scraping error)
  2015-04-01: wrote 1020 rows (note: grid rendered 1020 rows vs 1029 reported — known upstream row-numbering gaps, not a scraping error)
  2015-03-31: wrote 1232 rows (note: grid rendered 1232 rows vs 1253 reported — known upstream row-numbering gaps, not a scraping error)
  2015-04-03: no data (holiday or out of archive range)
  2015-04-04: no data (holiday or out of archive range)
  2015-04-02: wrote 1325 rows (note: grid rendered 1325 rows vs 1341 reported — known upstream row-numbering gaps, not a scraping error)
  2015-04-05: wrote 1050 rows (note: grid rendered 1050 rows vs 1089 reported — known upstream row-numbering gaps, not a scraping error)
  2015-04-11: no data (holiday or out of archive range)
  2015-04-10: no data (holiday or out of archive range)
  2015-04-06: wrote 1204 rows (note: grid rendered 1204 rows vs 1235 reported — known upstream row-numbering gaps, not a scraping error)
  2015-04-07: wrote 893 rows (note: grid rendered 893 rows vs 916 reported — known upstream row-numbering gaps, not a scraping error)
  2015-04-08: wrote 1280 rows (note: grid rendered 1280 rows vs 1311 reported — known upstream row-numbering gaps, not a scraping error)
  2015-04-09: wrote 1351 rows (note: grid rendered 1351 rows vs 1405 reported — known upstream row-numbering gaps, not a scraping error)
  2015-04-14: no data (holiday or out of archive range)
  2015-04-17: no data (holiday or out of archive range)
  2015-04-12: wrote 1619 rows (note: grid rendered 1619 rows vs 1646 reported — known upstream row-numbering gaps, not a scraping error)
  2015-04-15: wrote 1082 rows (note: grid rendered 1082 rows vs 1099 reported — known upstream row-numbering gaps, not a scraping error)
  2015-04-13: wrote 1408 rows (note: grid rendered 1408 rows vs 1429 reported — known upstream row-numbering gaps, not a scraping error)
  2015-04-18: no data (holiday or out of archive range)
  2015-04-16: wrote 1430 rows (note: grid rendered 1430 rows vs 1464 reported — known upstream row-numbering gaps, not a scraping error)
  2015-04-19: wrote 1181 rows (note: grid rendered 1181 rows vs 1188 reported — known upstream row-numbering gaps, not a scraping error)
  2015-04-25: no data (holiday or out of archive range)
  2015-04-20: wrote 1246 rows (note: grid rendered 1246 rows vs 1274 reported — known upstream row-numbering gaps, not a scraping error)
  2015-04-23: wrote 1444 rows (note: grid rendered 1444 rows vs 1472 reported — known upstream row-numbering gaps, not a scraping error)
  2015-04-24: no data (holiday or out of archive range)
  2015-04-26: no data (holiday or out of archive range)
  2015-04-22: wrote 1260 rows (note: grid rendered 1260 rows vs 1301 reported — known upstream row-numbering gaps, not a scraping error)
  2015-04-21: wrote 1417 rows (note: grid rendered 1417 rows vs 1461 reported — known upstream row-numbering gaps, not a scraping error)
  2015-04-29: no data (holiday or out of archive range)
  2015-04-28: no data (holiday or out of archive range)
  2015-04-27: no data (holiday or out of archive range)
  2015-04-30: no data (holiday or out of archive range)
  2015-05-02: no data (holiday or out of archive range)
  2015-05-01: no data (holiday or out of archive range)
  2015-05-03: no data (holiday or out of archive range)
  2015-05-04: no data (holiday or out of archive range)
  2015-05-05: no data (holiday or out of archive range)
  2015-05-06: no data (holiday or out of archive range)
  2015-05-07: no data (holiday or out of archive range)
  2015-05-09: no data (holiday or out of archive range)
  2015-05-11: no data (holiday or out of archive range)
  2015-05-08: no data (holiday or out of archive range)
  2015-05-10: no data (holiday or out of archive range)
  2015-05-12: no data (holiday or out of archive range)
  2015-05-13: no data (holiday or out of archive range)
  2015-05-16: no data (holiday or out of archive range)
  2015-05-14: no data (holiday or out of archive range)
  2015-05-15: no data (holiday or out of archive range)
  2015-05-18: no data (holiday or out of archive range)
  2015-05-17: no data (holiday or out of archive range)
  2015-05-19: no data (holiday or out of archive range)
  2015-05-20: no data (holiday or out of archive range)
  2015-05-22: no data (holiday or out of archive range)
  2015-05-21: no data (holiday or out of archive range)
  2015-05-23: no data (holiday or out of archive range)
  2015-05-24: wrote 239 rows (note: grid rendered 239 rows vs 249 reported — known upstream row-numbering gaps, not a scraping error)
  2015-05-25: wrote 677 rows (note: grid rendered 677 rows vs 802 reported — known upstream row-numbering gaps, not a scraping error)
  2015-05-26: wrote 1346 rows (note: grid rendered 1346 rows vs 1416 reported — known upstream row-numbering gaps, not a scraping error)
  2015-05-29: no data (holiday or out of archive range)
  2015-05-27: wrote 1216 rows (note: grid rendered 1216 rows vs 1271 reported — known upstream row-numbering gaps, not a scraping error)
  2015-05-30: no data (holiday or out of archive range)
  2015-05-28: wrote 1331 rows (note: grid rendered 1331 rows vs 1414 reported — known upstream row-numbering gaps, not a scraping error)
  2015-05-31: wrote 1610 rows (note: grid rendered 1610 rows vs 1747 reported — known upstream row-numbering gaps, not a scraping error)
  2015-06-01: no data (holiday or out of archive range)
  2015-06-05: no data (holiday or out of archive range)
  2015-06-06: no data (holiday or out of archive range)
  2015-06-04: wrote 1840 rows (note: grid rendered 1840 rows vs 1945 reported — known upstream row-numbering gaps, not a scraping error)
  2015-06-02: wrote 1474 rows (note: grid rendered 1474 rows vs 1569 reported — known upstream row-numbering gaps, not a scraping error)
  2015-06-03: wrote 1801 rows (note: grid rendered 1801 rows vs 1913 reported — known upstream row-numbering gaps, not a scraping error)
  2015-06-07: wrote 1613 rows (note: grid rendered 1613 rows vs 1718 reported — known upstream row-numbering gaps, not a scraping error)
  2015-06-13: no data (holiday or out of archive range)
  2015-06-09: wrote 3101 rows (note: grid rendered 3101 rows vs 3294 reported — known upstream row-numbering gaps, not a scraping error)
  2015-06-12: no data (holiday or out of archive range)
  2015-06-08: wrote 2146 rows (note: grid rendered 2146 rows vs 2259 reported — known upstream row-numbering gaps, not a scraping error)
  2015-06-11: wrote 1493 rows (note: grid rendered 1493 rows vs 1580 reported — known upstream row-numbering gaps, not a scraping error)
  2015-06-10: wrote 1805 rows (note: grid rendered 1805 rows vs 1927 reported — known upstream row-numbering gaps, not a scraping error)
  2015-06-15: wrote 1328 rows (note: grid rendered 1328 rows vs 1409 reported — known upstream row-numbering gaps, not a scraping error)
  2015-06-14: wrote 1494 rows (note: grid rendered 1494 rows vs 1570 reported — known upstream row-numbering gaps, not a scraping error)
  2015-06-16: wrote 1399 rows (note: grid rendered 1399 rows vs 1441 reported — known upstream row-numbering gaps, not a scraping error)
  2015-06-17: wrote 1379 rows (note: grid rendered 1379 rows vs 1457 reported — known upstream row-numbering gaps, not a scraping error)
  2015-06-19: no data (holiday or out of archive range)
  2015-06-18: wrote 1149 rows (note: grid rendered 1149 rows vs 1187 reported — known upstream row-numbering gaps, not a scraping error)
  2015-06-20: no data (holiday or out of archive range)
  2015-06-21: wrote 1255 rows (note: grid rendered 1255 rows vs 1318 reported — known upstream row-numbering gaps, not a scraping error)
  2015-06-26: no data (holiday or out of archive range)
  2015-06-23: wrote 1353 rows (note: grid rendered 1353 rows vs 1385 reported — known upstream row-numbering gaps, not a scraping error)
  2015-06-27: no data (holiday or out of archive range)
  2015-06-24: wrote 1426 rows (note: grid rendered 1426 rows vs 1497 reported — known upstream row-numbering gaps, not a scraping error)
  2015-06-25: wrote 1708 rows (note: grid rendered 1708 rows vs 1772 reported — known upstream row-numbering gaps, not a scraping error)
  2015-06-22: wrote 1415 rows (note: grid rendered 1415 rows vs 1464 reported — known upstream row-numbering gaps, not a scraping error)
  2015-07-03: no data (holiday or out of archive range)
  2015-06-28: wrote 1917 rows (note: grid rendered 1917 rows vs 1957 reported — known upstream row-numbering gaps, not a scraping error)
  2015-06-30: wrote 2035 rows (note: grid rendered 2035 rows vs 2100 reported — known upstream row-numbering gaps, not a scraping error)
  2015-07-04: no data (holiday or out of archive range)
  2015-06-29: wrote 2059 rows (note: grid rendered 2059 rows vs 2097 reported — known upstream row-numbering gaps, not a scraping error)
  2015-07-01: wrote 1628 rows (note: grid rendered 1628 rows vs 1685 reported — known upstream row-numbering gaps, not a scraping error)
  2015-07-02: wrote 1561 rows (note: grid rendered 1561 rows vs 1634 reported — known upstream row-numbering gaps, not a scraping error)
  2015-07-10: no data (holiday or out of archive range)
  2015-07-05: wrote 1424 rows (note: grid rendered 1424 rows vs 1477 reported — known upstream row-numbering gaps, not a scraping error)
  2015-07-09: wrote 1372 rows (note: grid rendered 1372 rows vs 1426 reported — known upstream row-numbering gaps, not a scraping error)
  2015-07-06: wrote 1413 rows (note: grid rendered 1413 rows vs 1454 reported — known upstream row-numbering gaps, not a scraping error)
  2015-07-08: wrote 1450 rows (note: grid rendered 1450 rows vs 1495 reported — known upstream row-numbering gaps, not a scraping error)
  2015-07-11: no data (holiday or out of archive range)
  2015-07-07: wrote 1536 rows (note: grid rendered 1536 rows vs 1629 reported — known upstream row-numbering gaps, not a scraping error)
  2015-07-12: wrote 1415 rows (note: grid rendered 1415 rows vs 1442 reported — known upstream row-numbering gaps, not a scraping error)
  2015-07-17: no data (holiday or out of archive range)
  2015-07-13: wrote 1317 rows (note: grid rendered 1317 rows vs 1340 reported — known upstream row-numbering gaps, not a scraping error)
  2015-07-15: wrote 1458 rows (note: grid rendered 1458 rows vs 1484 reported — known upstream row-numbering gaps, not a scraping error)
  2015-07-14: wrote 1391 rows (note: grid rendered 1391 rows vs 1416 reported — known upstream row-numbering gaps, not a scraping error)
  2015-07-16: wrote 1738 rows (note: grid rendered 1738 rows vs 1766 reported — known upstream row-numbering gaps, not a scraping error)
  2015-07-18: no data (holiday or out of archive range)
  2015-07-19: no data (holiday or out of archive range)
  2015-07-21: no data (holiday or out of archive range)
  2015-07-20: no data (holiday or out of archive range)
  2015-07-24: no data (holiday or out of archive range)
  2015-07-25: no data (holiday or out of archive range)
  2015-07-26: wrote 769 rows (note: grid rendered 769 rows vs 802 reported — known upstream row-numbering gaps, not a scraping error)
  2015-07-22: wrote 2358 rows (note: grid rendered 2358 rows vs 2426 reported — known upstream row-numbering gaps, not a scraping error)
  2015-07-27: wrote 1694 rows (note: grid rendered 1694 rows vs 1780 reported — known upstream row-numbering gaps, not a scraping error)
  2015-07-23: wrote 3346 rows (note: grid rendered 3346 rows vs 3487 reported — known upstream row-numbering gaps, not a scraping error)
  2015-08-01: no data (holiday or out of archive range)
  2015-07-29: wrote 2588 rows (note: grid rendered 2588 rows vs 2683 reported — known upstream row-numbering gaps, not a scraping error)
  2015-07-28: wrote 3212 rows (note: grid rendered 3212 rows vs 3349 reported — known upstream row-numbering gaps, not a scraping error)
  2015-07-31: no data (holiday or out of archive range)
  2015-07-30: wrote 3044 rows (note: grid rendered 3044 rows vs 3124 reported — known upstream row-numbering gaps, not a scraping error)
  2015-08-02: wrote 1806 rows (note: grid rendered 1806 rows vs 1870 reported — known upstream row-numbering gaps, not a scraping error)
  2015-08-07: no data (holiday or out of archive range)
  2015-08-03: wrote 3245 rows (note: grid rendered 3245 rows vs 3309 reported — known upstream row-numbering gaps, not a scraping error)
  2015-08-08: no data (holiday or out of archive range)
  2015-08-06: wrote 4643 rows (note: grid rendered 4643 rows vs 4800 reported — known upstream row-numbering gaps, not a scraping error)
  2015-08-05: wrote 3566 rows (note: grid rendered 3566 rows vs 3644 reported — known upstream row-numbering gaps, not a scraping error)
  2015-08-04: wrote 3829 rows (note: grid rendered 3829 rows vs 3932 reported — known upstream row-numbering gaps, not a scraping error)
  2015-08-09: wrote 3939 rows (note: grid rendered 3939 rows vs 4044 reported — known upstream row-numbering gaps, not a scraping error)
  2015-08-10: wrote 4179 rows (note: grid rendered 4179 rows vs 4341 reported — known upstream row-numbering gaps, not a scraping error)
  2015-08-14: no data (holiday or out of archive range)
  2015-08-11: wrote 3840 rows (note: grid rendered 3840 rows vs 3962 reported — known upstream row-numbering gaps, not a scraping error)
  2015-08-13: wrote 5009 rows (note: grid rendered 5009 rows vs 5141 reported — known upstream row-numbering gaps, not a scraping error)
  2015-08-12: wrote 3913 rows (note: grid rendered 3913 rows vs 4028 reported — known upstream row-numbering gaps, not a scraping error)
  2015-08-15: no data (holiday or out of archive range)
  2015-08-17: wrote 3561 rows (note: grid rendered 3561 rows vs 3667 reported — known upstream row-numbering gaps, not a scraping error)
  2015-08-16: wrote 6335 rows (note: grid rendered 6335 rows vs 6519 reported — known upstream row-numbering gaps, not a scraping error)
  2015-08-21: no data (holiday or out of archive range)
  2015-08-22: no data (holiday or out of archive range)
  2015-08-18: wrote 4172 rows (note: grid rendered 4172 rows vs 4267 reported — known upstream row-numbering gaps, not a scraping error)
  2015-08-19: wrote 4386 rows (note: grid rendered 4386 rows vs 4497 reported — known upstream row-numbering gaps, not a scraping error)
  2015-08-20: wrote 5623 rows (note: grid rendered 5623 rows vs 5720 reported — known upstream row-numbering gaps, not a scraping error)
  2015-08-24: wrote 2724 rows (note: grid rendered 2724 rows vs 2756 reported — known upstream row-numbering gaps, not a scraping error)
  2015-08-23: wrote 6346 rows (note: grid rendered 6346 rows vs 6576 reported — known upstream row-numbering gaps, not a scraping error)
  2015-08-28: no data (holiday or out of archive range)
  2015-08-25: wrote 2050 rows (note: grid rendered 2050 rows vs 2084 reported — known upstream row-numbering gaps, not a scraping error)
  2015-08-27: wrote 2638 rows (note: grid rendered 2638 rows vs 2685 reported — known upstream row-numbering gaps, not a scraping error)
  2015-08-26: wrote 2048 rows (note: grid rendered 2048 rows vs 2069 reported — known upstream row-numbering gaps, not a scraping error)
  2015-08-29: no data (holiday or out of archive range)
  2015-08-30: no data (holiday or out of archive range)
  2015-08-31: wrote 2822 rows (note: grid rendered 2822 rows vs 2868 reported — known upstream row-numbering gaps, not a scraping error)
  2015-09-05: no data (holiday or out of archive range)
  2015-09-04: no data (holiday or out of archive range)
  2015-09-02: wrote 2698 rows (note: grid rendered 2698 rows vs 2723 reported — known upstream row-numbering gaps, not a scraping error)
  2015-09-01: wrote 2953 rows (note: grid rendered 2953 rows vs 2997 reported — known upstream row-numbering gaps, not a scraping error)
  2015-09-03: wrote 2333 rows (note: grid rendered 2333 rows vs 2363 reported — known upstream row-numbering gaps, not a scraping error)
  2015-09-06: wrote 2377 rows (note: grid rendered 2377 rows vs 2428 reported — known upstream row-numbering gaps, not a scraping error)
  2015-09-11: no data (holiday or out of archive range)
  2015-09-07: wrote 1970 rows (note: grid rendered 1970 rows vs 2010 reported — known upstream row-numbering gaps, not a scraping error)
  2015-09-10: wrote 2250 rows (note: grid rendered 2250 rows vs 2300 reported — known upstream row-numbering gaps, not a scraping error)
  2015-09-08: wrote 2156 rows (note: grid rendered 2156 rows vs 2193 reported — known upstream row-numbering gaps, not a scraping error)
  2015-09-12: no data (holiday or out of archive range)
  2015-09-09: wrote 1981 rows (note: grid rendered 1981 rows vs 2021 reported — known upstream row-numbering gaps, not a scraping error)
  2015-09-13: wrote 2296 rows (note: grid rendered 2296 rows vs 2330 reported — known upstream row-numbering gaps, not a scraping error)
  2015-09-18: no data (holiday or out of archive range)
  2015-09-19: no data (holiday or out of archive range)
  2015-09-14: wrote 2667 rows (note: grid rendered 2667 rows vs 2742 reported — known upstream row-numbering gaps, not a scraping error)
  2015-09-15: wrote 2916 rows (note: grid rendered 2916 rows vs 2990 reported — known upstream row-numbering gaps, not a scraping error)
  2015-09-16: wrote 2666 rows (note: grid rendered 2666 rows vs 2729 reported — known upstream row-numbering gaps, not a scraping error)
  2015-09-20: no data (holiday or out of archive range)
  2015-09-17: wrote 3174 rows (note: grid rendered 3174 rows vs 3220 reported — known upstream row-numbering gaps, not a scraping error)
  2015-09-21: no data (holiday or out of archive range)
  2015-09-25: no data (holiday or out of archive range)
  2015-09-26: no data (holiday or out of archive range)
  2015-09-23: wrote 2278 rows (note: grid rendered 2278 rows vs 2312 reported — known upstream row-numbering gaps, not a scraping error)
  2015-09-24: wrote 2876 rows (note: grid rendered 2876 rows vs 2934 reported — known upstream row-numbering gaps, not a scraping error)
  2015-09-22: wrote 2580 rows (note: grid rendered 2580 rows vs 2639 reported — known upstream row-numbering gaps, not a scraping error)
  2015-09-27: no data (holiday or out of archive range)
  2015-10-03: no data (holiday or out of archive range)
  2015-10-02: no data (holiday or out of archive range)
  2015-09-30: wrote 2915 rows (note: grid rendered 2915 rows vs 3054 reported — known upstream row-numbering gaps, not a scraping error)
  2015-09-29: wrote 2016 rows (note: grid rendered 2016 rows vs 2319 reported — known upstream row-numbering gaps, not a scraping error)
  2015-09-28: wrote 2282 rows (note: grid rendered 2282 rows vs 2368 reported — known upstream row-numbering gaps, not a scraping error)
  2015-10-01: wrote 2080 rows (note: grid rendered 2080 rows vs 2180 reported — known upstream row-numbering gaps, not a scraping error)
  2015-10-04: wrote 2225 rows (note: grid rendered 2225 rows vs 2469 reported — known upstream row-numbering gaps, not a scraping error)
  2015-10-06: wrote 2057 rows (note: grid rendered 2057 rows vs 2182 reported — known upstream row-numbering gaps, not a scraping error)
  2015-10-09: no data (holiday or out of archive range)
  2015-10-07: wrote 1672 rows (note: grid rendered 1672 rows vs 1784 reported — known upstream row-numbering gaps, not a scraping error)
  2015-10-05: wrote 1877 rows (note: grid rendered 1877 rows vs 2068 reported — known upstream row-numbering gaps, not a scraping error)
  2015-10-08: wrote 2027 rows (note: grid rendered 2027 rows vs 2090 reported — known upstream row-numbering gaps, not a scraping error)
  2015-10-12: no data (holiday or out of archive range)
  2015-10-10: no data (holiday or out of archive range)
  2015-10-13: no data (holiday or out of archive range)
  2015-10-15: wrote 1463 rows (note: grid rendered 1463 rows vs 1509 reported — known upstream row-numbering gaps, not a scraping error)
  2015-10-17: no data (holiday or out of archive range)
  2015-10-16: no data (holiday or out of archive range)
  2015-10-14: wrote 1372 rows (note: grid rendered 1372 rows vs 1423 reported — known upstream row-numbering gaps, not a scraping error)
  2015-10-11: wrote 1767 rows (note: grid rendered 1767 rows vs 1834 reported — known upstream row-numbering gaps, not a scraping error)
  2015-10-18: wrote 1265 rows (note: grid rendered 1265 rows vs 1296 reported — known upstream row-numbering gaps, not a scraping error)
  2015-10-21: no data (holiday or out of archive range)
  2015-10-20: no data (holiday or out of archive range)
  2015-10-23: no data (holiday or out of archive range)
  2015-10-22: no data (holiday or out of archive range)
  2015-10-24: no data (holiday or out of archive range)
  2015-10-19: wrote 1125 rows (note: grid rendered 1125 rows vs 1156 reported — known upstream row-numbering gaps, not a scraping error)
  2015-10-25: wrote 297 rows (note: grid rendered 297 rows vs 303 reported — known upstream row-numbering gaps, not a scraping error)
  2015-10-26: no data (holiday or out of archive range)
  2015-10-30: no data (holiday or out of archive range)
  2015-10-28: wrote 1979 rows (note: grid rendered 1979 rows vs 2035 reported — known upstream row-numbering gaps, not a scraping error)
  2015-10-27: wrote 1384 rows (note: grid rendered 1384 rows vs 1423 reported — known upstream row-numbering gaps, not a scraping error)
  2015-10-29: wrote 1867 rows (note: grid rendered 1867 rows vs 1892 reported — known upstream row-numbering gaps, not a scraping error)
  2015-10-31: no data (holiday or out of archive range)
  2015-11-02: wrote 1318 rows (note: grid rendered 1318 rows vs 1358 reported — known upstream row-numbering gaps, not a scraping error)
  2015-11-03: wrote 1010 rows (note: grid rendered 1010 rows vs 1043 reported — known upstream row-numbering gaps, not a scraping error)
  2015-11-07: no data (holiday or out of archive range)
  2015-11-04: wrote 1026 rows (note: grid rendered 1026 rows vs 1117 reported — known upstream row-numbering gaps, not a scraping error)
  2015-11-06: no data (holiday or out of archive range)
  2015-11-01: wrote 1255 rows (note: grid rendered 1255 rows vs 1305 reported — known upstream row-numbering gaps, not a scraping error)
  2015-11-05: wrote 1410 rows (note: grid rendered 1410 rows vs 1467 reported — known upstream row-numbering gaps, not a scraping error)
  2015-11-11: no data (holiday or out of archive range)
  2015-11-12: no data (holiday or out of archive range)
  2015-11-08: wrote 1032 rows (note: grid rendered 1032 rows vs 1070 reported — known upstream row-numbering gaps, not a scraping error)
  2015-11-09: wrote 1489 rows (note: grid rendered 1489 rows vs 1562 reported — known upstream row-numbering gaps, not a scraping error)
  2015-11-13: no data (holiday or out of archive range)
  2015-11-10: wrote 1244 rows (note: grid rendered 1244 rows vs 1302 reported — known upstream row-numbering gaps, not a scraping error)
  2015-11-14: no data (holiday or out of archive range)
  2015-11-15: wrote 750 rows (note: grid rendered 750 rows vs 779 reported — known upstream row-numbering gaps, not a scraping error)
  2015-11-16: wrote 1163 rows (note: grid rendered 1163 rows vs 1196 reported — known upstream row-numbering gaps, not a scraping error)
  2015-11-17: no data (holiday or out of archive range)
  2015-11-20: no data (holiday or out of archive range)
  2015-11-18: wrote 1504 rows (note: grid rendered 1504 rows vs 1560 reported — known upstream row-numbering gaps, not a scraping error)
  2015-11-19: wrote 1282 rows (note: grid rendered 1282 rows vs 1340 reported — known upstream row-numbering gaps, not a scraping error)
  2015-11-21: no data (holiday or out of archive range)
  2015-11-27: no data (holiday or out of archive range)
  2015-11-24: wrote 3298 rows (note: grid rendered 3298 rows vs 3361 reported — known upstream row-numbering gaps, not a scraping error)
  2015-11-23: wrote 2001 rows (note: grid rendered 2001 rows vs 2026 reported — known upstream row-numbering gaps, not a scraping error)
  2015-11-26: wrote 2570 rows (note: grid rendered 2570 rows vs 2620 reported — known upstream row-numbering gaps, not a scraping error)
  2015-11-22: wrote 1712 rows (note: grid rendered 1712 rows vs 1743 reported — known upstream row-numbering gaps, not a scraping error)
  2015-11-25: wrote 2830 rows (note: grid rendered 2830 rows vs 2882 reported — known upstream row-numbering gaps, not a scraping error)
  2015-11-28: no data (holiday or out of archive range)
  2015-11-29: wrote 2478 rows (note: grid rendered 2478 rows vs 2540 reported — known upstream row-numbering gaps, not a scraping error)
  2015-12-01: wrote 1981 rows (note: grid rendered 1981 rows vs 2039 reported — known upstream row-numbering gaps, not a scraping error)
  2015-11-30: wrote 2127 rows (note: grid rendered 2127 rows vs 2179 reported — known upstream row-numbering gaps, not a scraping error)
  2015-12-02: wrote 1972 rows (note: grid rendered 1972 rows vs 2018 reported — known upstream row-numbering gaps, not a scraping error)
  2015-12-05: no data (holiday or out of archive range)
  2015-12-04: no data (holiday or out of archive range)
  2015-12-03: wrote 2052 rows (note: grid rendered 2052 rows vs 2102 reported — known upstream row-numbering gaps, not a scraping error)
  2015-12-06: wrote 2790 rows (note: grid rendered 2790 rows vs 2900 reported — known upstream row-numbering gaps, not a scraping error)
  2015-12-11: no data (holiday or out of archive range)
  2015-12-07: wrote 2993 rows (note: grid rendered 2993 rows vs 3118 reported — known upstream row-numbering gaps, not a scraping error)
  2015-12-08: wrote 2416 rows (note: grid rendered 2416 rows vs 2527 reported — known upstream row-numbering gaps, not a scraping error)
  2015-12-09: wrote 2930 rows (note: grid rendered 2930 rows vs 3031 reported — known upstream row-numbering gaps, not a scraping error)
  2015-12-12: no data (holiday or out of archive range)
  2015-12-10: wrote 2590 rows (note: grid rendered 2590 rows vs 2702 reported — known upstream row-numbering gaps, not a scraping error)
  2015-12-18: no data (holiday or out of archive range)
  2015-12-14: wrote 2603 rows (note: grid rendered 2603 rows vs 2725 reported — known upstream row-numbering gaps, not a scraping error)
  2015-12-13: wrote 3306 rows (note: grid rendered 3306 rows vs 3458 reported — known upstream row-numbering gaps, not a scraping error)
  2015-12-19: no data (holiday or out of archive range)
  2015-12-15: wrote 2536 rows (note: grid rendered 2536 rows vs 2708 reported — known upstream row-numbering gaps, not a scraping error)
  2015-12-16: wrote 3305 rows (note: grid rendered 3305 rows vs 3466 reported — known upstream row-numbering gaps, not a scraping error)
  2015-12-17: wrote 3203 rows (note: grid rendered 3203 rows vs 3280 reported — known upstream row-numbering gaps, not a scraping error)
  2015-12-20: wrote 3958 rows (note: grid rendered 3958 rows vs 4021 reported — known upstream row-numbering gaps, not a scraping error)
  2015-12-21: wrote 4608 rows (note: grid rendered 4608 rows vs 4711 reported — known upstream row-numbering gaps, not a scraping error)
  2015-12-25: no data (holiday or out of archive range)
  2015-12-23: wrote 4020 rows (note: grid rendered 4020 rows vs 4146 reported — known upstream row-numbering gaps, not a scraping error)
  2015-12-22: wrote 4294 rows (note: grid rendered 4294 rows vs 4405 reported — known upstream row-numbering gaps, not a scraping error)
  2015-12-26: no data (holiday or out of archive range)
  2015-12-24: wrote 4341 rows (note: grid rendered 4341 rows vs 4529 reported — known upstream row-numbering gaps, not a scraping error)
  2015-12-30: no data (holiday or out of archive range)
  2015-12-29: wrote 4437 rows (note: grid rendered 4437 rows vs 4469 reported — known upstream row-numbering gaps, not a scraping error)
  2015-12-27: wrote 3628 rows (note: grid rendered 3628 rows vs 3653 reported — known upstream row-numbering gaps, not a scraping error)
  2016-01-01: no data (holiday or out of archive range)
  2015-12-28: wrote 3713 rows (note: grid rendered 3713 rows vs 3758 reported — known upstream row-numbering gaps, not a scraping error)
  2016-01-02: no data (holiday or out of archive range)
  2015-12-31: wrote 4205 rows (note: grid rendered 4205 rows vs 4257 reported — known upstream row-numbering gaps, not a scraping error)
  2016-01-03: wrote 4454 rows (note: grid rendered 4454 rows vs 4553 reported — known upstream row-numbering gaps, not a scraping error)
  2016-01-08: no data (holiday or out of archive range)
  2016-01-04: wrote 3727 rows (note: grid rendered 3727 rows vs 3766 reported — known upstream row-numbering gaps, not a scraping error)
  2016-01-05: wrote 4267 rows (note: grid rendered 4267 rows vs 4287 reported — known upstream row-numbering gaps, not a scraping error)
  2016-01-06: wrote 4271 rows (note: grid rendered 4271 rows vs 4322 reported — known upstream row-numbering gaps, not a scraping error)
  2016-01-07: wrote 4518 rows (note: grid rendered 4518 rows vs 4551 reported — known upstream row-numbering gaps, not a scraping error)
  2016-01-09: no data (holiday or out of archive range)
  2016-01-10: wrote 4926 rows (note: grid rendered 4926 rows vs 4973 reported — known upstream row-numbering gaps, not a scraping error)
  2016-01-11: wrote 4985 rows (note: grid rendered 4985 rows vs 5041 reported — known upstream row-numbering gaps, not a scraping error)
  2016-01-15: no data (holiday or out of archive range)
  2016-01-12: wrote 5794 rows (note: grid rendered 5794 rows vs 5966 reported — known upstream row-numbering gaps, not a scraping error)
  2016-01-13: wrote 4701 rows (note: grid rendered 4701 rows vs 4752 reported — known upstream row-numbering gaps, not a scraping error)
  2016-01-16: no data (holiday or out of archive range)
  2016-01-14: wrote 6568 rows (note: grid rendered 6568 rows vs 6666 reported — known upstream row-numbering gaps, not a scraping error)
  2016-01-18: wrote 2788 rows (note: grid rendered 2788 rows vs 2800 reported — known upstream row-numbering gaps, not a scraping error)
  2016-01-17: wrote 2551 rows (note: grid rendered 2551 rows vs 2569 reported — known upstream row-numbering gaps, not a scraping error)
  2016-01-22: no data (holiday or out of archive range)
  2016-01-19: wrote 2047 rows (note: grid rendered 2047 rows vs 2071 reported — known upstream row-numbering gaps, not a scraping error)
  2016-01-21: wrote 2259 rows (note: grid rendered 2259 rows vs 2282 reported — known upstream row-numbering gaps, not a scraping error)
  2016-01-23: no data (holiday or out of archive range)
  2016-01-20: wrote 2183 rows (note: grid rendered 2183 rows vs 2207 reported — known upstream row-numbering gaps, not a scraping error)
  2016-01-29: no data (holiday or out of archive range)
  2016-01-27: wrote 1835 rows (note: grid rendered 1835 rows vs 1888 reported — known upstream row-numbering gaps, not a scraping error)
  2016-01-26: wrote 1999 rows (note: grid rendered 1999 rows vs 2025 reported — known upstream row-numbering gaps, not a scraping error)
  2016-01-24: wrote 2336 rows (note: grid rendered 2336 rows vs 2369 reported — known upstream row-numbering gaps, not a scraping error)
  2016-01-25: wrote 2518 rows (note: grid rendered 2518 rows vs 2543 reported — known upstream row-numbering gaps, not a scraping error)
  2016-01-28: wrote 1665 rows (note: grid rendered 1665 rows vs 1696 reported — known upstream row-numbering gaps, not a scraping error)
  2016-01-30: no data (holiday or out of archive range)
  2016-01-31: wrote 1946 rows (note: grid rendered 1946 rows vs 1977 reported — known upstream row-numbering gaps, not a scraping error)
  2016-02-05: no data (holiday or out of archive range)
  2016-02-02: wrote 2938 rows (note: grid rendered 2938 rows vs 2990 reported — known upstream row-numbering gaps, not a scraping error)
  2016-02-03: wrote 2644 rows (note: grid rendered 2644 rows vs 2707 reported — known upstream row-numbering gaps, not a scraping error)
  2016-02-01: wrote 2831 rows (note: grid rendered 2831 rows vs 2912 reported — known upstream row-numbering gaps, not a scraping error)
  2016-02-06: no data (holiday or out of archive range)
  2016-02-09: no data (holiday or out of archive range)
  2016-02-04: wrote 3302 rows (note: grid rendered 3302 rows vs 3365 reported — known upstream row-numbering gaps, not a scraping error)
  2016-02-07: wrote 3660 rows (note: grid rendered 3660 rows vs 3752 reported — known upstream row-numbering gaps, not a scraping error)
  2016-02-10: no data (holiday or out of archive range)
  2016-02-08: wrote 3224 rows (note: grid rendered 3224 rows vs 3304 reported — known upstream row-numbering gaps, not a scraping error)
  2016-02-13: no data (holiday or out of archive range)
  2016-02-12: no data (holiday or out of archive range)
  2016-02-11: wrote 3036 rows (note: grid rendered 3036 rows vs 3069 reported — known upstream row-numbering gaps, not a scraping error)
  2016-02-15: wrote 2162 rows (note: grid rendered 2162 rows vs 2229 reported — known upstream row-numbering gaps, not a scraping error)
  2016-02-18: wrote 2992 rows (note: grid rendered 2992 rows vs 3032 reported — known upstream row-numbering gaps, not a scraping error)
  2016-02-19: no data (holiday or out of archive range)
  2016-02-14: wrote 2703 rows (note: grid rendered 2703 rows vs 2737 reported — known upstream row-numbering gaps, not a scraping error)
  2016-02-21: no data (holiday or out of archive range)
  2016-02-16: wrote 2152 rows (note: grid rendered 2152 rows vs 2192 reported — known upstream row-numbering gaps, not a scraping error)
  2016-02-17: wrote 2319 rows (note: grid rendered 2319 rows vs 2358 reported — known upstream row-numbering gaps, not a scraping error)
  2016-02-20: no data (holiday or out of archive range)
  2016-02-27: no data (holiday or out of archive range)
  2016-02-26: no data (holiday or out of archive range)
  2016-02-24: wrote 1792 rows (note: grid rendered 1792 rows vs 1826 reported — known upstream row-numbering gaps, not a scraping error)
  2016-02-23: wrote 2342 rows (note: grid rendered 2342 rows vs 2366 reported — known upstream row-numbering gaps, not a scraping error)
  2016-02-25: wrote 2053 rows (note: grid rendered 2053 rows vs 2118 reported — known upstream row-numbering gaps, not a scraping error)
  2016-02-22: wrote 2636 rows (note: grid rendered 2636 rows vs 2664 reported — known upstream row-numbering gaps, not a scraping error)
  2016-02-29: wrote 2168 rows (note: grid rendered 2168 rows vs 2267 reported — known upstream row-numbering gaps, not a scraping error)
  2016-02-28: wrote 2398 rows (note: grid rendered 2398 rows vs 2486 reported — known upstream row-numbering gaps, not a scraping error)
  2016-03-04: no data (holiday or out of archive range)
  2016-03-03: wrote 2701 rows (note: grid rendered 2701 rows vs 2947 reported — known upstream row-numbering gaps, not a scraping error)
  2016-03-01: wrote 2457 rows (note: grid rendered 2457 rows vs 2552 reported — known upstream row-numbering gaps, not a scraping error)
  2016-03-05: no data (holiday or out of archive range)
  2016-03-07: no data (holiday or out of archive range)
  2016-03-02: wrote 3142 rows (note: grid rendered 3142 rows vs 3231 reported — known upstream row-numbering gaps, not a scraping error)
  2016-03-08: no data (holiday or out of archive range)
  2016-03-09: no data (holiday or out of archive range)
  2016-03-11: no data (holiday or out of archive range)
  2016-03-06: wrote 3500 rows (note: grid rendered 3500 rows vs 3629 reported — known upstream row-numbering gaps, not a scraping error)
  2016-03-12: no data (holiday or out of archive range)
  2016-03-10: wrote 3932 rows (note: grid rendered 3932 rows vs 4041 reported — known upstream row-numbering gaps, not a scraping error)
  2016-03-13: wrote 4206 rows (note: grid rendered 4206 rows vs 4293 reported — known upstream row-numbering gaps, not a scraping error)
  2016-03-14: wrote 3019 rows (note: grid rendered 3019 rows vs 3109 reported — known upstream row-numbering gaps, not a scraping error)
  2016-03-18: no data (holiday or out of archive range)
  2016-03-15: wrote 3486 rows (note: grid rendered 3486 rows vs 3597 reported — known upstream row-numbering gaps, not a scraping error)
  2016-03-17: wrote 3997 rows (note: grid rendered 3997 rows vs 4043 reported — known upstream row-numbering gaps, not a scraping error)
  2016-03-16: wrote 3365 rows (note: grid rendered 3365 rows vs 3408 reported — known upstream row-numbering gaps, not a scraping error)
  2016-03-19: no data (holiday or out of archive range)
  2016-03-22: no data (holiday or out of archive range)
  2016-03-21: wrote 4486 rows (note: grid rendered 4486 rows vs 4565 reported — known upstream row-numbering gaps, not a scraping error)
  2016-03-25: no data (holiday or out of archive range)
  2016-03-20: wrote 3753 rows (note: grid rendered 3753 rows vs 3828 reported — known upstream row-numbering gaps, not a scraping error)
  2016-03-26: no data (holiday or out of archive range)
  2016-03-23: wrote 3724 rows (note: grid rendered 3724 rows vs 3763 reported — known upstream row-numbering gaps, not a scraping error)
  2016-03-24: wrote 3915 rows (note: grid rendered 3915 rows vs 3958 reported — known upstream row-numbering gaps, not a scraping error)
  2016-03-27: wrote 4486 rows (note: grid rendered 4486 rows vs 4529 reported — known upstream row-numbering gaps, not a scraping error)
  2016-03-29: wrote 2950 rows (note: grid rendered 2950 rows vs 3014 reported — known upstream row-numbering gaps, not a scraping error)
  2016-03-28: wrote 3997 rows (note: grid rendered 3997 rows vs 4044 reported — known upstream row-numbering gaps, not a scraping error)
  2016-04-01: no data (holiday or out of archive range)
  2016-04-02: no data (holiday or out of archive range)
  2016-03-30: wrote 2839 rows (note: grid rendered 2839 rows vs 2886 reported — known upstream row-numbering gaps, not a scraping error)
  2016-03-31: wrote 3090 rows (note: grid rendered 3090 rows vs 3113 reported — known upstream row-numbering gaps, not a scraping error)
  2016-04-05: no data (holiday or out of archive range)
  2016-04-08: no data (holiday or out of archive range)
  2016-04-04: wrote 2616 rows (note: grid rendered 2616 rows vs 2649 reported — known upstream row-numbering gaps, not a scraping error)
  2016-04-07: no data (holiday or out of archive range)
  2016-04-03: wrote 2584 rows (note: grid rendered 2584 rows vs 2611 reported — known upstream row-numbering gaps, not a scraping error)
  2016-04-06: wrote 2796 rows (note: grid rendered 2796 rows vs 2849 reported — known upstream row-numbering gaps, not a scraping error)
  2016-04-09: no data (holiday or out of archive range)
  2016-04-13: no data (holiday or out of archive range)
  2016-04-10: wrote 3063 rows (note: grid rendered 3063 rows vs 3118 reported — known upstream row-numbering gaps, not a scraping error)
  2016-04-12: wrote 2534 rows (note: grid rendered 2534 rows vs 2615 reported — known upstream row-numbering gaps, not a scraping error)
  2016-04-15: no data (holiday or out of archive range)
  2016-04-16: no data (holiday or out of archive range)
  2016-04-11: wrote 2401 rows (note: grid rendered 2401 rows vs 2449 reported — known upstream row-numbering gaps, not a scraping error)
  2016-04-14: wrote 2581 rows (note: grid rendered 2581 rows vs 2623 reported — known upstream row-numbering gaps, not a scraping error)
  2016-04-18: wrote 3832 rows (note: grid rendered 3832 rows vs 3868 reported — known upstream row-numbering gaps, not a scraping error)
  2016-04-22: no data (holiday or out of archive range)
  2016-04-17: wrote 2922 rows (note: grid rendered 2922 rows vs 2967 reported — known upstream row-numbering gaps, not a scraping error)
  2016-04-19: wrote 3774 rows (note: grid rendered 3774 rows vs 3819 reported — known upstream row-numbering gaps, not a scraping error)
  2016-04-20: wrote 4062 rows (note: grid rendered 4062 rows vs 4102 reported — known upstream row-numbering gaps, not a scraping error)
  2016-04-21: wrote 3555 rows (note: grid rendered 3555 rows vs 3598 reported — known upstream row-numbering gaps, not a scraping error)
  2016-04-23: no data (holiday or out of archive range)
  2016-04-25: wrote 3994 rows (note: grid rendered 3994 rows vs 4147 reported — known upstream row-numbering gaps, not a scraping error)
  2016-04-24: wrote 3408 rows (note: grid rendered 3408 rows vs 3641 reported — known upstream row-numbering gaps, not a scraping error)
  2016-04-29: no data (holiday or out of archive range)
  2016-04-27: wrote 3443 rows (note: grid rendered 3443 rows vs 3637 reported — known upstream row-numbering gaps, not a scraping error)
  2016-05-01: no data (holiday or out of archive range)
  2016-04-26: wrote 4579 rows (note: grid rendered 4579 rows vs 4816 reported — known upstream row-numbering gaps, not a scraping error)
  2016-04-28: wrote 4010 rows (note: grid rendered 4010 rows vs 4261 reported — known upstream row-numbering gaps, not a scraping error)
  2016-04-30: no data (holiday or out of archive range)
  2016-05-02: wrote 3234 rows (note: grid rendered 3234 rows vs 3291 reported — known upstream row-numbering gaps, not a scraping error)
  2016-05-07: no data (holiday or out of archive range)
  2016-05-06: no data (holiday or out of archive range)
  2016-05-03: wrote 3974 rows (note: grid rendered 3974 rows vs 4091 reported — known upstream row-numbering gaps, not a scraping error)
  2016-05-04: wrote 3592 rows (note: grid rendered 3592 rows vs 3658 reported — known upstream row-numbering gaps, not a scraping error)
  2016-05-05: wrote 3706 rows (note: grid rendered 3706 rows vs 3759 reported — known upstream row-numbering gaps, not a scraping error)
  2016-05-08: wrote 4190 rows (note: grid rendered 4190 rows vs 4234 reported — known upstream row-numbering gaps, not a scraping error)
  2016-05-10: wrote 4380 rows (note: grid rendered 4380 rows vs 4448 reported — known upstream row-numbering gaps, not a scraping error)
  2016-05-13: no data (holiday or out of archive range)
  2016-05-09: wrote 4704 rows (note: grid rendered 4704 rows vs 4801 reported — known upstream row-numbering gaps, not a scraping error)
  2016-05-14: no data (holiday or out of archive range)
  2016-05-12: wrote 4946 rows (note: grid rendered 4946 rows vs 5099 reported — known upstream row-numbering gaps, not a scraping error)
  2016-05-11: wrote 4566 rows (note: grid rendered 4566 rows vs 4700 reported — known upstream row-numbering gaps, not a scraping error)
  2016-05-15: wrote 3716 rows (note: grid rendered 3716 rows vs 3775 reported — known upstream row-numbering gaps, not a scraping error)
  2016-05-20: no data (holiday or out of archive range)
  2016-05-21: no data (holiday or out of archive range)
  2016-05-17: wrote 3739 rows (note: grid rendered 3739 rows vs 3807 reported — known upstream row-numbering gaps, not a scraping error)
  2016-05-16: wrote 3175 rows (note: grid rendered 3175 rows vs 3217 reported — known upstream row-numbering gaps, not a scraping error)
  2016-05-19: wrote 5261 rows (note: grid rendered 5261 rows vs 5345 reported — known upstream row-numbering gaps, not a scraping error)
  2016-05-18: wrote 4388 rows (note: grid rendered 4388 rows vs 4452 reported — known upstream row-numbering gaps, not a scraping error)
  2016-05-22: wrote 5471 rows (note: grid rendered 5471 rows vs 5597 reported — known upstream row-numbering gaps, not a scraping error)
  2016-05-23: wrote 5908 rows (note: grid rendered 5908 rows vs 6001 reported — known upstream row-numbering gaps, not a scraping error)
  2016-05-27: no data (holiday or out of archive range)
  2016-05-28: no data (holiday or out of archive range)
  2016-05-26: wrote 4965 rows (note: grid rendered 4965 rows vs 5174 reported — known upstream row-numbering gaps, not a scraping error)
  2016-05-24: wrote 6265 rows (note: grid rendered 6265 rows vs 6384 reported — known upstream row-numbering gaps, not a scraping error)
  2016-05-25: wrote 5736 rows (note: grid rendered 5736 rows vs 5810 reported — known upstream row-numbering gaps, not a scraping error)
  2016-06-03: no data (holiday or out of archive range)
  2016-05-29: wrote 4647 rows (note: grid rendered 4647 rows vs 4665 reported — known upstream row-numbering gaps, not a scraping error)
  2016-05-30: wrote 5502 rows (note: grid rendered 5502 rows vs 5553 reported — known upstream row-numbering gaps, not a scraping error)
  2016-06-04: no data (holiday or out of archive range)
  2016-05-31: wrote 5941 rows (note: grid rendered 5941 rows vs 5992 reported — known upstream row-numbering gaps, not a scraping error)
  2016-06-01: wrote 5920 rows (note: grid rendered 5920 rows vs 5975 reported — known upstream row-numbering gaps, not a scraping error)
  2016-06-02: wrote 5438 rows (note: grid rendered 5438 rows vs 5507 reported — known upstream row-numbering gaps, not a scraping error)
  2016-06-07: wrote 5542 rows (note: grid rendered 5542 rows vs 5598 reported — known upstream row-numbering gaps, not a scraping error)
  2016-06-10: no data (holiday or out of archive range)
  2016-06-05: wrote 6434 rows (note: grid rendered 6434 rows vs 6483 reported — known upstream row-numbering gaps, not a scraping error)
  2016-06-06: wrote 5330 rows (note: grid rendered 5330 rows vs 5395 reported — known upstream row-numbering gaps, not a scraping error)
  2016-06-08: wrote 5536 rows (note: grid rendered 5536 rows vs 5629 reported — known upstream row-numbering gaps, not a scraping error)
  2016-06-09: wrote 6726 rows (note: grid rendered 6726 rows vs 6815 reported — known upstream row-numbering gaps, not a scraping error)
  2016-06-11: no data (holiday or out of archive range)
  2016-06-17: no data (holiday or out of archive range)
  2016-06-13: wrote 6727 rows (note: grid rendered 6727 rows vs 6818 reported — known upstream row-numbering gaps, not a scraping error)
  2016-06-12: wrote 7308 rows (note: grid rendered 7308 rows vs 7354 reported — known upstream row-numbering gaps, not a scraping error)
  2016-06-14: wrote 6924 rows (note: grid rendered 6924 rows vs 7065 reported — known upstream row-numbering gaps, not a scraping error)
  2016-06-18: no data (holiday or out of archive range)
  2016-06-15: wrote 5913 rows (note: grid rendered 5913 rows vs 5995 reported — known upstream row-numbering gaps, not a scraping error)
  2016-06-16: wrote 7289 rows (note: grid rendered 7289 rows vs 7457 reported — known upstream row-numbering gaps, not a scraping error)
  2016-06-20: wrote 5692 rows (note: grid rendered 5692 rows vs 5785 reported — known upstream row-numbering gaps, not a scraping error)
  2016-06-24: no data (holiday or out of archive range)
  2016-06-19: wrote 6293 rows (note: grid rendered 6293 rows vs 6460 reported — known upstream row-numbering gaps, not a scraping error)
  2016-06-22: wrote 6589 rows (note: grid rendered 6589 rows vs 6663 reported — known upstream row-numbering gaps, not a scraping error)
  2016-06-21: wrote 5313 rows (note: grid rendered 5313 rows vs 5377 reported — known upstream row-numbering gaps, not a scraping error)
  2016-06-25: no data (holiday or out of archive range)
  2016-06-23: wrote 7649 rows (note: grid rendered 7649 rows vs 7810 reported — known upstream row-numbering gaps, not a scraping error)
  2016-07-01: no data (holiday or out of archive range)
  2016-06-27: wrote 6072 rows (note: grid rendered 6072 rows vs 6167 reported — known upstream row-numbering gaps, not a scraping error)
  2016-06-26: wrote 6201 rows (note: grid rendered 6201 rows vs 6277 reported — known upstream row-numbering gaps, not a scraping error)
  2016-06-28: wrote 7410 rows (note: grid rendered 7410 rows vs 7560 reported — known upstream row-numbering gaps, not a scraping error)
  2016-06-29: wrote 6228 rows (note: grid rendered 6228 rows vs 6416 reported — known upstream row-numbering gaps, not a scraping error)
  2016-07-02: no data (holiday or out of archive range)
  2016-06-30: wrote 6115 rows (note: grid rendered 6115 rows vs 6515 reported — known upstream row-numbering gaps, not a scraping error)
  2016-07-03: wrote 6134 rows (note: grid rendered 6134 rows vs 6482 reported — known upstream row-numbering gaps, not a scraping error)
  2016-07-07: no data (holiday or out of archive range)
  2016-07-08: no data (holiday or out of archive range)
  2016-07-09: no data (holiday or out of archive range)
  2016-07-05: wrote 5350 rows (note: grid rendered 5350 rows vs 5654 reported — known upstream row-numbering gaps, not a scraping error)
  2016-07-06: wrote 5612 rows (note: grid rendered 5612 rows vs 5832 reported — known upstream row-numbering gaps, not a scraping error)
  2016-07-04: wrote 6205 rows (note: grid rendered 6205 rows vs 6509 reported — known upstream row-numbering gaps, not a scraping error)
  2016-07-10: wrote 5807 rows (note: grid rendered 5807 rows vs 5931 reported — known upstream row-numbering gaps, not a scraping error)
  2016-07-15: no data (holiday or out of archive range)
  2016-07-11: wrote 4281 rows (note: grid rendered 4281 rows vs 4440 reported — known upstream row-numbering gaps, not a scraping error)
  2016-07-12: wrote 5018 rows (note: grid rendered 5018 rows vs 5213 reported — known upstream row-numbering gaps, not a scraping error)
  2016-07-16: no data (holiday or out of archive range)
  2016-07-14: wrote 5970 rows (note: grid rendered 5970 rows vs 6119 reported — known upstream row-numbering gaps, not a scraping error)
  2016-07-13: wrote 4396 rows (note: grid rendered 4396 rows vs 4446 reported — known upstream row-numbering gaps, not a scraping error)
  2016-07-22: no data (holiday or out of archive range)
  2016-07-18: wrote 8819 rows (note: grid rendered 8819 rows vs 9095 reported — known upstream row-numbering gaps, not a scraping error)
  2016-07-17: wrote 7026 rows (note: grid rendered 7026 rows vs 7085 reported — known upstream row-numbering gaps, not a scraping error)
  2016-07-23: no data (holiday or out of archive range)
  2016-07-24: no data (holiday or out of archive range)
  2016-07-21: wrote 7375 rows (note: grid rendered 7375 rows vs 7523 reported — known upstream row-numbering gaps, not a scraping error)
  2016-07-19: wrote 9586 rows (note: grid rendered 9586 rows vs 9730 reported — known upstream row-numbering gaps, not a scraping error)
  2016-07-20: wrote 9145 rows (note: grid rendered 9145 rows vs 9291 reported — known upstream row-numbering gaps, not a scraping error)
  2016-07-29: no data (holiday or out of archive range)
  2016-07-30: no data (holiday or out of archive range)
  2016-07-25: wrote 9940 rows (note: grid rendered 9940 rows vs 10193 reported — known upstream row-numbering gaps, not a scraping error)
  2016-07-26: wrote 11420 rows (note: grid rendered 11420 rows vs 11743 reported — known upstream row-numbering gaps, not a scraping error)
  2016-07-27: wrote 10550 rows (note: grid rendered 10550 rows vs 10793 reported — known upstream row-numbering gaps, not a scraping error)
  2016-07-28: wrote 9918 rows (note: grid rendered 9918 rows vs 10123 reported — known upstream row-numbering gaps, not a scraping error)
  2016-07-31: wrote 7973 rows (note: grid rendered 7973 rows vs 8180 reported — known upstream row-numbering gaps, not a scraping error)
  2016-08-06: no data (holiday or out of archive range)
  2016-08-05: no data (holiday or out of archive range)
  2016-08-02: wrote 6727 rows (note: grid rendered 6727 rows vs 6866 reported — known upstream row-numbering gaps, not a scraping error)
  2016-08-01: wrote 7291 rows (note: grid rendered 7291 rows vs 7372 reported — known upstream row-numbering gaps, not a scraping error)
  2016-08-08: no data (holiday or out of archive range)
  2016-08-09: no data (holiday or out of archive range)
  2016-08-10: no data (holiday or out of archive range)
  2016-08-04: wrote 7632 rows (note: grid rendered 7632 rows vs 7734 reported — known upstream row-numbering gaps, not a scraping error)
  2016-08-07: wrote 7933 rows (note: grid rendered 7933 rows vs 8068 reported — known upstream row-numbering gaps, not a scraping error)
  2016-08-03: wrote 6185 rows (note: grid rendered 6185 rows vs 6284 reported — known upstream row-numbering gaps, not a scraping error)
  2016-08-12: no data (holiday or out of archive range)
  2016-08-13: no data (holiday or out of archive range)
  2016-08-11: wrote 7224 rows (note: grid rendered 7224 rows vs 7597 reported — known upstream row-numbering gaps, not a scraping error)
  2016-08-18: no data (holiday or out of archive range)
  2016-08-19: no data (holiday or out of archive range)
  2016-08-20: no data (holiday or out of archive range)
  2016-08-17: wrote 5895 rows (note: grid rendered 5895 rows vs 6073 reported — known upstream row-numbering gaps, not a scraping error)
  2016-08-15: wrote 6377 rows (note: grid rendered 6377 rows vs 6641 reported — known upstream row-numbering gaps, not a scraping error)
  2016-08-16: wrote 5895 rows (note: grid rendered 5895 rows vs 6068 reported — known upstream row-numbering gaps, not a scraping error)
  2016-08-22: wrote 5513 rows (note: grid rendered 5513 rows vs 5607 reported — known upstream row-numbering gaps, not a scraping error)
  2016-08-21: wrote 3959 rows (note: grid rendered 3959 rows vs 4018 reported — known upstream row-numbering gaps, not a scraping error)
  2016-08-25: no data (holiday or out of archive range)
  2016-08-23: wrote 5124 rows (note: grid rendered 5124 rows vs 5202 reported — known upstream row-numbering gaps, not a scraping error)
  2016-08-24: wrote 5050 rows (note: grid rendered 5050 rows vs 5150 reported — known upstream row-numbering gaps, not a scraping error)
  2016-08-26: no data (holiday or out of archive range)
  2016-08-27: no data (holiday or out of archive range)
  2016-08-29: wrote 6610 rows (note: grid rendered 6610 rows vs 6657 reported — known upstream row-numbering gaps, not a scraping error)
  2016-08-14: wrote 6576 rows (note: grid rendered 6576 rows vs 6949 reported — known upstream row-numbering gaps, not a scraping error)
  2016-09-02: no data (holiday or out of archive range)
  2016-08-30: wrote 6711 rows (note: grid rendered 6711 rows vs 6796 reported — known upstream row-numbering gaps, not a scraping error)
  2016-08-31: wrote 6090 rows (note: grid rendered 6090 rows vs 6194 reported — known upstream row-numbering gaps, not a scraping error)
  2016-08-28: wrote 6191 rows (note: grid rendered 6191 rows vs 6260 reported — known upstream row-numbering gaps, not a scraping error)
  2016-09-03: no data (holiday or out of archive range)
  2016-09-01: wrote 7890 rows (note: grid rendered 7890 rows vs 8080 reported — known upstream row-numbering gaps, not a scraping error)
  2016-09-09: no data (holiday or out of archive range)
  2016-09-06: wrote 8134 rows (note: grid rendered 8134 rows vs 8292 reported — known upstream row-numbering gaps, not a scraping error)
  2016-09-10: no data (holiday or out of archive range)
  2016-09-07: wrote 7124 rows (note: grid rendered 7124 rows vs 7222 reported — known upstream row-numbering gaps, not a scraping error)
  2016-09-04: wrote 8972 rows (note: grid rendered 8972 rows vs 9082 reported — known upstream row-numbering gaps, not a scraping error)
  2016-09-08: wrote 6434 rows (note: grid rendered 6434 rows vs 6524 reported — known upstream row-numbering gaps, not a scraping error)
  2016-09-05: wrote 10712 rows (note: grid rendered 10712 rows vs 10775 reported — known upstream row-numbering gaps, not a scraping error)
  2016-09-13: no data (holiday or out of archive range)
  2016-09-15: no data (holiday or out of archive range)
  2016-09-16: no data (holiday or out of archive range)
  2016-09-12: wrote 5569 rows (note: grid rendered 5569 rows vs 5635 reported — known upstream row-numbering gaps, not a scraping error)
  2016-09-19: no data (holiday or out of archive range)
  2016-09-18: wrote 6658 rows (note: grid rendered 6658 rows vs 6727 reported — known upstream row-numbering gaps, not a scraping error)
  2016-09-14: wrote 7015 rows (note: grid rendered 7015 rows vs 7132 reported — known upstream row-numbering gaps, not a scraping error)
  2016-09-20: wrote 6865 rows (note: grid rendered 6865 rows vs 6939 reported — known upstream row-numbering gaps, not a scraping error)
  2016-09-21: wrote 4964 rows (note: grid rendered 4964 rows vs 4996 reported — known upstream row-numbering gaps, not a scraping error)
  2016-09-23: no data (holiday or out of archive range)
  2016-09-11: wrote 5687 rows (note: grid rendered 5687 rows vs 5765 reported — known upstream row-numbering gaps, not a scraping error)
  2016-09-24: no data (holiday or out of archive range)
  2016-09-22: wrote 5140 rows (note: grid rendered 5140 rows vs 5240 reported — known upstream row-numbering gaps, not a scraping error)
  2016-09-30: no data (holiday or out of archive range)
  2016-09-27: wrote 4964 rows (note: grid rendered 4964 rows vs 5007 reported — known upstream row-numbering gaps, not a scraping error)
  2016-09-28: wrote 4232 rows (note: grid rendered 4232 rows vs 4270 reported — known upstream row-numbering gaps, not a scraping error)
  2016-10-01: no data (holiday or out of archive range)
  2016-09-29: wrote 4711 rows (note: grid rendered 4711 rows vs 4751 reported — known upstream row-numbering gaps, not a scraping error)
  2016-09-26: wrote 5048 rows (note: grid rendered 5048 rows vs 5093 reported — known upstream row-numbering gaps, not a scraping error)
  2016-09-25: wrote 5662 rows (note: grid rendered 5662 rows vs 5713 reported — known upstream row-numbering gaps, not a scraping error)
  2016-10-03: wrote 3687 rows (note: grid rendered 3687 rows vs 3731 reported — known upstream row-numbering gaps, not a scraping error)
  2016-10-02: wrote 4339 rows (note: grid rendered 4339 rows vs 4399 reported — known upstream row-numbering gaps, not a scraping error)
  2016-10-07: no data (holiday or out of archive range)
  2016-10-08: no data (holiday or out of archive range)
  2016-10-04: wrote 4518 rows (note: grid rendered 4518 rows vs 4542 reported — known upstream row-numbering gaps, not a scraping error)
  2016-10-09: no data (holiday or out of archive range)
  2016-10-05: wrote 4260 rows (note: grid rendered 4260 rows vs 4303 reported — known upstream row-numbering gaps, not a scraping error)
  2016-10-06: wrote 4959 rows (note: grid rendered 4959 rows vs 5014 reported — known upstream row-numbering gaps, not a scraping error)
  2016-10-10: no data (holiday or out of archive range)
  2016-10-13: no data (holiday or out of archive range)
  2016-10-12: no data (holiday or out of archive range)
  2016-10-14: no data (holiday or out of archive range)
  2016-10-11: no data (holiday or out of archive range)
  2016-10-15: no data (holiday or out of archive range)
  2016-10-21: no data (holiday or out of archive range)
  2016-10-16: wrote 3227 rows (note: grid rendered 3227 rows vs 3254 reported — known upstream row-numbering gaps, not a scraping error)
  2016-10-17: wrote 3629 rows (note: grid rendered 3629 rows vs 3653 reported — known upstream row-numbering gaps, not a scraping error)
  2016-10-19: wrote 3255 rows (note: grid rendered 3255 rows vs 3299 reported — known upstream row-numbering gaps, not a scraping error)
  2016-10-22: no data (holiday or out of archive range)
  2016-10-20: wrote 3729 rows (note: grid rendered 3729 rows vs 3790 reported — known upstream row-numbering gaps, not a scraping error)
  2016-10-18: wrote 3137 rows (note: grid rendered 3137 rows vs 3190 reported — known upstream row-numbering gaps, not a scraping error)
  2016-10-28: no data (holiday or out of archive range)
  2016-10-25: wrote 4161 rows (note: grid rendered 4161 rows vs 4553 reported — known upstream row-numbering gaps, not a scraping error)
  2016-10-24: wrote 4612 rows (note: grid rendered 4612 rows vs 4824 reported — known upstream row-numbering gaps, not a scraping error)
  2016-10-23: wrote 5097 rows (note: grid rendered 5097 rows vs 5175 reported — known upstream row-numbering gaps, not a scraping error)
  2016-10-29: no data (holiday or out of archive range)
  2016-11-01: no data (holiday or out of archive range)
  2016-10-26: wrote 4310 rows (note: grid rendered 4310 rows vs 4570 reported — known upstream row-numbering gaps, not a scraping error)
  2016-10-27: wrote 4405 rows (note: grid rendered 4405 rows vs 4532 reported — known upstream row-numbering gaps, not a scraping error)
  2016-10-30: no data (holiday or out of archive range)
  2016-11-02: no data (holiday or out of archive range)
  2016-10-31: no data (holiday or out of archive range)
  2016-11-05: no data (holiday or out of archive range)
  2016-11-03: wrote 3152 rows (note: grid rendered 3152 rows vs 3271 reported — known upstream row-numbering gaps, not a scraping error)
  2016-11-04: no data (holiday or out of archive range)
  2016-11-06: no data (holiday or out of archive range)
  2016-11-11: no data (holiday or out of archive range)
  2016-11-07: wrote 4102 rows (note: grid rendered 4102 rows vs 4193 reported — known upstream row-numbering gaps, not a scraping error)
  2016-11-08: wrote 4404 rows (note: grid rendered 4404 rows vs 4531 reported — known upstream row-numbering gaps, not a scraping error)
  2016-11-12: no data (holiday or out of archive range)
  2016-11-09: wrote 4360 rows (note: grid rendered 4360 rows vs 4517 reported — known upstream row-numbering gaps, not a scraping error)
  2016-11-10: wrote 4951 rows (note: grid rendered 4951 rows vs 5084 reported — known upstream row-numbering gaps, not a scraping error)
  2016-11-13: wrote 3640 rows (note: grid rendered 3640 rows vs 3752 reported — known upstream row-numbering gaps, not a scraping error)
  2016-11-18: no data (holiday or out of archive range)
  2016-11-14: wrote 4032 rows (note: grid rendered 4032 rows vs 4178 reported — known upstream row-numbering gaps, not a scraping error)
  2016-11-15: wrote 4397 rows (note: grid rendered 4397 rows vs 4490 reported — known upstream row-numbering gaps, not a scraping error)
  2016-11-17: wrote 6873 rows (note: grid rendered 6873 rows vs 7008 reported — known upstream row-numbering gaps, not a scraping error)
  2016-11-19: no data (holiday or out of archive range)
  2016-11-20: wrote 6674 rows (note: grid rendered 6674 rows vs 6776 reported — known upstream row-numbering gaps, not a scraping error)
  2016-11-21: wrote 5336 rows (note: grid rendered 5336 rows vs 5737 reported — known upstream row-numbering gaps, not a scraping error)
  2016-11-22: wrote 5814 rows (note: grid rendered 5814 rows vs 5918 reported — known upstream row-numbering gaps, not a scraping error)
  2016-11-16: wrote 4568 rows (note: grid rendered 4568 rows vs 4691 reported — known upstream row-numbering gaps, not a scraping error)
  2016-11-26: no data (holiday or out of archive range)
  2016-11-25: no data (holiday or out of archive range)
  2016-11-24: wrote 6097 rows (note: grid rendered 6097 rows vs 6230 reported — known upstream row-numbering gaps, not a scraping error)
  2016-11-23: wrote 6511 rows (note: grid rendered 6511 rows vs 6675 reported — known upstream row-numbering gaps, not a scraping error)
  2016-11-30: no data (holiday or out of archive range)
  2016-12-02: no data (holiday or out of archive range)
  2016-12-03: no data (holiday or out of archive range)
  2016-11-28: wrote 6646 rows (note: grid rendered 6646 rows vs 6713 reported — known upstream row-numbering gaps, not a scraping error)
  2016-11-27: wrote 6341 rows (note: grid rendered 6341 rows vs 6382 reported — known upstream row-numbering gaps, not a scraping error)
  2016-12-01: wrote 7877 rows (note: grid rendered 7877 rows vs 8004 reported — known upstream row-numbering gaps, not a scraping error)
  2016-11-29: wrote 7585 rows (note: grid rendered 7585 rows vs 7648 reported — known upstream row-numbering gaps, not a scraping error)
  2016-12-09: no data (holiday or out of archive range)
  2016-12-04: wrote 4982 rows (note: grid rendered 4982 rows vs 5080 reported — known upstream row-numbering gaps, not a scraping error)
  2016-12-07: wrote 3608 rows (note: grid rendered 3608 rows vs 3742 reported — known upstream row-numbering gaps, not a scraping error)
  2016-12-06: wrote 4807 rows (note: grid rendered 4807 rows vs 5007 reported — known upstream row-numbering gaps, not a scraping error)
  2016-12-10: no data (holiday or out of archive range)
  2016-12-13: no data (holiday or out of archive range)
  2016-12-05: wrote 4851 rows (note: grid rendered 4851 rows vs 4991 reported — known upstream row-numbering gaps, not a scraping error)
  2016-12-12: wrote 3980 rows (note: grid rendered 3980 rows vs 4018 reported — known upstream row-numbering gaps, not a scraping error)
  2016-12-16: no data (holiday or out of archive range)
  2016-12-14: wrote 3632 rows (note: grid rendered 3632 rows vs 3739 reported — known upstream row-numbering gaps, not a scraping error)
  2016-12-17: no data (holiday or out of archive range)
  2016-12-11: wrote 3732 rows (note: grid rendered 3732 rows vs 3819 reported — known upstream row-numbering gaps, not a scraping error)
  2016-12-15: wrote 3648 rows (note: grid rendered 3648 rows vs 3683 reported — known upstream row-numbering gaps, not a scraping error)
  2016-12-08: wrote 4399 rows (note: grid rendered 4399 rows vs 4501 reported — known upstream row-numbering gaps, not a scraping error)
  2016-12-23: no data (holiday or out of archive range)
  2016-12-20: wrote 4722 rows (note: grid rendered 4722 rows vs 4808 reported — known upstream row-numbering gaps, not a scraping error)
  2016-12-18: wrote 4120 rows (note: grid rendered 4120 rows vs 4226 reported — known upstream row-numbering gaps, not a scraping error)
  2016-12-19: wrote 3920 rows (note: grid rendered 3920 rows vs 4066 reported — known upstream row-numbering gaps, not a scraping error)
  2016-12-24: no data (holiday or out of archive range)
  2016-12-25: no data (holiday or out of archive range)
  2016-12-22: wrote 3865 rows (note: grid rendered 3865 rows vs 3997 reported — known upstream row-numbering gaps, not a scraping error)
  2016-12-21: wrote 4313 rows (note: grid rendered 4313 rows vs 4422 reported — known upstream row-numbering gaps, not a scraping error)
  2016-12-27: wrote 4776 rows (note: grid rendered 4776 rows vs 4818 reported — known upstream row-numbering gaps, not a scraping error)
  2016-12-31: no data (holiday or out of archive range)
  2016-12-28: wrote 4026 rows (note: grid rendered 4026 rows vs 4080 reported — known upstream row-numbering gaps, not a scraping error)
  2016-12-30: no data (holiday or out of archive range)
  2016-12-29: wrote 4264 rows (note: grid rendered 4264 rows vs 4288 reported — known upstream row-numbering gaps, not a scraping error)
  2017-01-01: wrote 4284 rows (note: grid rendered 4284 rows vs 4323 reported — known upstream row-numbering gaps, not a scraping error)
  2017-01-02: wrote 4369 rows (note: grid rendered 4369 rows vs 4433 reported — known upstream row-numbering gaps, not a scraping error)
  2017-01-04: wrote 2744 rows (note: grid rendered 2744 rows vs 2892 reported — known upstream row-numbering gaps, not a scraping error)
  2017-01-03: wrote 3732 rows (note: grid rendered 3732 rows vs 3835 reported — known upstream row-numbering gaps, not a scraping error)
  2017-01-05: wrote 3022 rows (note: grid rendered 3022 rows vs 3068 reported — known upstream row-numbering gaps, not a scraping error)
  2017-01-07: no data (holiday or out of archive range)
  2017-01-06: no data (holiday or out of archive range)
  2016-12-26: wrote 4203 rows (note: grid rendered 4203 rows vs 4237 reported — known upstream row-numbering gaps, not a scraping error)
  2017-01-08: wrote 2801 rows (note: grid rendered 2801 rows vs 2833 reported — known upstream row-numbering gaps, not a scraping error)
  2017-01-11: no data (holiday or out of archive range)
  2017-01-13: no data (holiday or out of archive range)
  2017-01-09: wrote 2454 rows (note: grid rendered 2454 rows vs 2493 reported — known upstream row-numbering gaps, not a scraping error)
  2017-01-14: no data (holiday or out of archive range)
  2017-01-15: wrote 2342 rows (note: grid rendered 2342 rows vs 2371 reported — known upstream row-numbering gaps, not a scraping error)
  2017-01-16: wrote 2645 rows (note: grid rendered 2645 rows vs 2680 reported — known upstream row-numbering gaps, not a scraping error)
  2017-01-18: wrote 3109 rows (note: grid rendered 3109 rows vs 3142 reported — known upstream row-numbering gaps, not a scraping error)
  2017-01-17: wrote 3313 rows (note: grid rendered 3313 rows vs 3351 reported — known upstream row-numbering gaps, not a scraping error)
  2017-01-10: wrote 2681 rows (note: grid rendered 2681 rows vs 2726 reported — known upstream row-numbering gaps, not a scraping error)
  2017-01-20: no data (holiday or out of archive range)
  2017-01-21: no data (holiday or out of archive range)
  2017-01-19: wrote 3203 rows (note: grid rendered 3203 rows vs 3241 reported — known upstream row-numbering gaps, not a scraping error)
  2017-01-23: wrote 2988 rows (note: grid rendered 2988 rows vs 2996 reported — known upstream row-numbering gaps, not a scraping error)
  2017-01-22: wrote 2648 rows (note: grid rendered 2648 rows vs 2654 reported — known upstream row-numbering gaps, not a scraping error)
  2017-01-26: wrote 5538 rows (note: grid rendered 5538 rows vs 5569 reported — known upstream row-numbering gaps, not a scraping error)
  2017-01-25: wrote 4520 rows (note: grid rendered 4520 rows vs 4538 reported — known upstream row-numbering gaps, not a scraping error)
  2017-01-27: no data (holiday or out of archive range)
  2017-01-12: wrote 2410 rows (note: grid rendered 2410 rows vs 2443 reported — known upstream row-numbering gaps, not a scraping error)
  2017-01-28: no data (holiday or out of archive range)
  2017-01-24: wrote 3596 rows (note: grid rendered 3596 rows vs 3603 reported — known upstream row-numbering gaps, not a scraping error)
  2017-01-29: no data (holiday or out of archive range)
  2017-02-01: no data (holiday or out of archive range)
  2017-02-03: no data (holiday or out of archive range)
  2017-02-04: no data (holiday or out of archive range)
  2017-02-02: wrote 5459 rows (note: grid rendered 5459 rows vs 5490 reported — known upstream row-numbering gaps, not a scraping error)
  2017-01-31: wrote 4360 rows (note: grid rendered 4360 rows vs 4395 reported — known upstream row-numbering gaps, not a scraping error)
  2017-02-05: wrote 3211 rows (note: grid rendered 3211 rows vs 3242 reported — known upstream row-numbering gaps, not a scraping error)
  2017-02-08: wrote 4556 rows (note: grid rendered 4556 rows vs 4668 reported — known upstream row-numbering gaps, not a scraping error)
  2017-02-06: wrote 2995 rows (note: grid rendered 2995 rows vs 3042 reported — known upstream row-numbering gaps, not a scraping error)
  2017-01-30: wrote 5617 rows (note: grid rendered 5617 rows vs 5649 reported — known upstream row-numbering gaps, not a scraping error)
  2017-02-10: no data (holiday or out of archive range)
  2017-02-14: no data (holiday or out of archive range)
  2017-02-11: no data (holiday or out of archive range)
  2017-02-07: wrote 3604 rows (note: grid rendered 3604 rows vs 3659 reported — known upstream row-numbering gaps, not a scraping error)
  2017-02-09: wrote 5559 rows (note: grid rendered 5559 rows vs 5571 reported — known upstream row-numbering gaps, not a scraping error)
  2017-02-17: no data (holiday or out of archive range)
  2017-02-13: wrote 5784 rows (note: grid rendered 5784 rows vs 5838 reported — known upstream row-numbering gaps, not a scraping error)
  2017-02-18: no data (holiday or out of archive range)
  2017-02-12: wrote 6104 rows (note: grid rendered 6104 rows vs 6158 reported — known upstream row-numbering gaps, not a scraping error)
  2017-02-15: wrote 4994 rows (note: grid rendered 4994 rows vs 5076 reported — known upstream row-numbering gaps, not a scraping error)
  2017-02-16: wrote 7198 rows (note: grid rendered 7198 rows vs 7285 reported — known upstream row-numbering gaps, not a scraping error)
  2017-02-24: no data (holiday or out of archive range)
  2017-02-23: wrote 3368 rows (note: grid rendered 3368 rows vs 3404 reported — known upstream row-numbering gaps, not a scraping error)
  2017-02-20: wrote 7864 rows (note: grid rendered 7864 rows vs 7972 reported — known upstream row-numbering gaps, not a scraping error)
  2017-02-19: wrote 6810 rows (note: grid rendered 6810 rows vs 6863 reported — known upstream row-numbering gaps, not a scraping error)
  2017-02-25: no data (holiday or out of archive range)
  2017-02-21: wrote 6184 rows (note: grid rendered 6184 rows vs 6254 reported — known upstream row-numbering gaps, not a scraping error)
  2017-02-27: no data (holiday or out of archive range)
  2017-02-22: wrote 3710 rows (note: grid rendered 3710 rows vs 3758 reported — known upstream row-numbering gaps, not a scraping error)
  2017-02-26: wrote 3170 rows (note: grid rendered 3170 rows vs 3207 reported — known upstream row-numbering gaps, not a scraping error)
  2017-03-04: no data (holiday or out of archive range)
  2017-03-03: no data (holiday or out of archive range)
  2017-03-02: wrote 4701 rows (note: grid rendered 4701 rows vs 4775 reported — known upstream row-numbering gaps, not a scraping error)
  2017-03-06: no data (holiday or out of archive range)
  2017-03-01: wrote 3640 rows (note: grid rendered 3640 rows vs 3736 reported — known upstream row-numbering gaps, not a scraping error)
  2017-03-05: no data (holiday or out of archive range)
  2017-03-08: no data (holiday or out of archive range)
  2017-03-10: no data (holiday or out of archive range)
  2017-03-07: wrote 4338 rows (note: grid rendered 4338 rows vs 4418 reported — known upstream row-numbering gaps, not a scraping error)
  2017-03-12: no data (holiday or out of archive range)
  2017-03-11: no data (holiday or out of archive range)
  2017-03-09: wrote 3779 rows (note: grid rendered 3779 rows vs 3848 reported — known upstream row-numbering gaps, not a scraping error)
  2017-02-28: wrote 4089 rows (note: grid rendered 4089 rows vs 4141 reported — known upstream row-numbering gaps, not a scraping error)
  2017-03-17: no data (holiday or out of archive range)
  2017-03-13: wrote 2828 rows (note: grid rendered 2828 rows vs 2872 reported — known upstream row-numbering gaps, not a scraping error)
  2017-03-14: wrote 3360 rows (note: grid rendered 3360 rows vs 3417 reported — known upstream row-numbering gaps, not a scraping error)
  2017-03-15: wrote 2983 rows (note: grid rendered 2983 rows vs 3009 reported — known upstream row-numbering gaps, not a scraping error)
  2017-03-18: no data (holiday or out of archive range)
  2017-03-23: no data (holiday or out of archive range)
  2017-03-16: wrote 3522 rows (note: grid rendered 3522 rows vs 3584 reported — known upstream row-numbering gaps, not a scraping error)
  2017-03-24: no data (holiday or out of archive range)
  2017-03-25: no data (holiday or out of archive range)
  2017-03-21: wrote 9024 rows (note: grid rendered 9024 rows vs 9192 reported — known upstream row-numbering gaps, not a scraping error)
  2017-03-22: wrote 10380 rows (note: grid rendered 10380 rows vs 10623 reported — known upstream row-numbering gaps, not a scraping error)
  2017-03-20: wrote 8063 rows (note: grid rendered 8063 rows vs 8122 reported — known upstream row-numbering gaps, not a scraping error)
  2017-03-27: no data (holiday or out of archive range)
  2017-03-29: no data (holiday or out of archive range)
  2017-03-31: no data (holiday or out of archive range)
  2017-04-01: no data (holiday or out of archive range)
  2017-03-26: wrote 10333 rows (note: grid rendered 10333 rows vs 10558 reported — known upstream row-numbering gaps, not a scraping error)
  2017-03-28: wrote 8374 rows (note: grid rendered 8374 rows vs 8469 reported — known upstream row-numbering gaps, not a scraping error)
  2017-03-19: wrote 5057 rows (note: grid rendered 5057 rows vs 5115 reported — known upstream row-numbering gaps, not a scraping error)
  2017-03-30: wrote 10999 rows (note: grid rendered 10999 rows vs 11149 reported — known upstream row-numbering gaps, not a scraping error)
  2017-04-05: no data (holiday or out of archive range)
  2017-04-07: no data (holiday or out of archive range)
  2017-04-02: wrote 4455 rows (note: grid rendered 4455 rows vs 4540 reported — known upstream row-numbering gaps, not a scraping error)
  2017-04-08: no data (holiday or out of archive range)
  2017-04-06: wrote 9020 rows (note: grid rendered 9020 rows vs 9080 reported — known upstream row-numbering gaps, not a scraping error)
  2017-04-11: no data (holiday or out of archive range)
  2017-04-03: wrote 13067 rows (note: grid rendered 13067 rows vs 13238 reported — known upstream row-numbering gaps, not a scraping error)
  2017-04-14: no data (holiday or out of archive range)
  2017-04-04: no data (holiday or out of archive range)
  2017-04-13: no data (holiday or out of archive range)
  2017-04-09: wrote 8092 rows (note: grid rendered 8092 rows vs 8286 reported — known upstream row-numbering gaps, not a scraping error)
  2017-04-10: wrote 9432 rows (note: grid rendered 9432 rows vs 9621 reported — known upstream row-numbering gaps, not a scraping error)
  2017-04-15: no data (holiday or out of archive range)
  2017-04-17: no data (holiday or out of archive range)
  2017-04-12: wrote 11653 rows (note: grid rendered 11653 rows vs 11974 reported — known upstream row-numbering gaps, not a scraping error)
  2017-04-21: no data (holiday or out of archive range)
  2017-04-22: no data (holiday or out of archive range)
  2017-04-16: wrote 7688 rows (note: grid rendered 7688 rows vs 7916 reported — known upstream row-numbering gaps, not a scraping error)
  2017-04-19: wrote 7340 rows (note: grid rendered 7340 rows vs 7435 reported — known upstream row-numbering gaps, not a scraping error)
  2017-04-20: wrote 8330 rows (note: grid rendered 8330 rows vs 8470 reported — known upstream row-numbering gaps, not a scraping error)
  2017-04-18: wrote 10006 rows (note: grid rendered 10006 rows vs 10176 reported — known upstream row-numbering gaps, not a scraping error)
  2017-04-23: wrote 10091 rows (note: grid rendered 10091 rows vs 10191 reported — known upstream row-numbering gaps, not a scraping error)
  2017-04-28: no data (holiday or out of archive range)
  2017-04-26: wrote 7337 rows (note: grid rendered 7337 rows vs 7584 reported — known upstream row-numbering gaps, not a scraping error)
  2017-04-24: wrote 8373 rows (note: grid rendered 8373 rows vs 8488 reported — known upstream row-numbering gaps, not a scraping error)
  2017-04-29: no data (holiday or out of archive range)
  2017-04-25: wrote 7765 rows (note: grid rendered 7765 rows vs 7906 reported — known upstream row-numbering gaps, not a scraping error)
  2017-05-01: no data (holiday or out of archive range)
  2017-04-30: wrote 6683 rows (note: grid rendered 6683 rows vs 6794 reported — known upstream row-numbering gaps, not a scraping error)
  2017-04-27: wrote 7819 rows (note: grid rendered 7819 rows vs 8003 reported — known upstream row-numbering gaps, not a scraping error)
  2017-05-03: wrote 7047 rows (note: grid rendered 7047 rows vs 7186 reported — known upstream row-numbering gaps, not a scraping error)
  2017-05-05: no data (holiday or out of archive range)
  2017-05-02: wrote 6957 rows (note: grid rendered 6957 rows vs 7043 reported — known upstream row-numbering gaps, not a scraping error)
  2017-05-06: no data (holiday or out of archive range)
  2017-05-04: wrote 6958 rows (note: grid rendered 6958 rows vs 7125 reported — known upstream row-numbering gaps, not a scraping error)
  2017-05-07: wrote 6352 rows (note: grid rendered 6352 rows vs 6511 reported — known upstream row-numbering gaps, not a scraping error)
  2017-05-10: no data (holiday or out of archive range)
  2017-05-12: no data (holiday or out of archive range)
  2017-05-13: no data (holiday or out of archive range)
  2017-05-08: wrote 5178 rows (note: grid rendered 5178 rows vs 5246 reported — known upstream row-numbering gaps, not a scraping error)
  2017-05-11: wrote 7260 rows (note: grid rendered 7260 rows vs 7317 reported — known upstream row-numbering gaps, not a scraping error)
  2017-05-14: no data (holiday or out of archive range)
  2017-05-19: no data (holiday or out of archive range)
  2017-05-15: wrote 4398 rows (note: grid rendered 4398 rows vs 4449 reported — known upstream row-numbering gaps, not a scraping error)
  2017-05-16: wrote 4096 rows (note: grid rendered 4096 rows vs 4124 reported — known upstream row-numbering gaps, not a scraping error)
  2017-05-20: no data (holiday or out of archive range)
  2017-05-09: wrote 5682 rows (note: grid rendered 5682 rows vs 5722 reported — known upstream row-numbering gaps, not a scraping error)
  2017-05-17: wrote 4483 rows (note: grid rendered 4483 rows vs 4541 reported — known upstream row-numbering gaps, not a scraping error)
  2017-05-18: wrote 5442 rows (note: grid rendered 5442 rows vs 5541 reported — known upstream row-numbering gaps, not a scraping error)
  2017-05-25: no data (holiday or out of archive range)
  2017-05-21: wrote 5358 rows (note: grid rendered 5358 rows vs 5446 reported — known upstream row-numbering gaps, not a scraping error)
  2017-05-26: no data (holiday or out of archive range)
  2017-05-22: wrote 4191 rows (note: grid rendered 4191 rows vs 4223 reported — known upstream row-numbering gaps, not a scraping error)
  2017-05-23: wrote 7879 rows (note: grid rendered 7879 rows vs 7976 reported — known upstream row-numbering gaps, not a scraping error)
  2017-05-29: no data (holiday or out of archive range)
  2017-05-24: wrote 6381 rows (note: grid rendered 6381 rows vs 6444 reported — known upstream row-numbering gaps, not a scraping error)
  2017-05-27: no data (holiday or out of archive range)
  2017-06-02: no data (holiday or out of archive range)
  2017-06-03: no data (holiday or out of archive range)
  2017-05-31: wrote 6311 rows (note: grid rendered 6311 rows vs 6408 reported — known upstream row-numbering gaps, not a scraping error)
  2017-05-30: wrote 7066 rows (note: grid rendered 7066 rows vs 7190 reported — known upstream row-numbering gaps, not a scraping error)
  2017-05-28: wrote 7709 rows (note: grid rendered 7709 rows vs 7788 reported — known upstream row-numbering gaps, not a scraping error)
  2017-06-04: wrote 6860 rows (note: grid rendered 6860 rows vs 6914 reported — known upstream row-numbering gaps, not a scraping error)
  2017-06-01: wrote 6224 rows (note: grid rendered 6224 rows vs 6333 reported — known upstream row-numbering gaps, not a scraping error)
  2017-06-05: wrote 6207 rows (note: grid rendered 6207 rows vs 6336 reported — known upstream row-numbering gaps, not a scraping error)
  2017-06-10: no data (holiday or out of archive range)
  2017-06-08: wrote 5347 rows (note: grid rendered 5347 rows vs 5443 reported — known upstream row-numbering gaps, not a scraping error)
  2017-06-06: wrote 7712 rows (note: grid rendered 7712 rows vs 7886 reported — known upstream row-numbering gaps, not a scraping error)
  2017-06-09: no data (holiday or out of archive range)
  2017-06-07: wrote 7929 rows (note: grid rendered 7929 rows vs 8038 reported — known upstream row-numbering gaps, not a scraping error)
  2017-06-16: no data (holiday or out of archive range)
  2017-06-11: wrote 6970 rows (note: grid rendered 6970 rows vs 7046 reported — known upstream row-numbering gaps, not a scraping error)
  2017-06-17: no data (holiday or out of archive range)
  2017-06-13: wrote 5525 rows (note: grid rendered 5525 rows vs 5604 reported — known upstream row-numbering gaps, not a scraping error)
  2017-06-12: wrote 6547 rows (note: grid rendered 6547 rows vs 6723 reported — known upstream row-numbering gaps, not a scraping error)
  2017-06-14: wrote 5292 rows (note: grid rendered 5292 rows vs 5505 reported — known upstream row-numbering gaps, not a scraping error)
  2017-06-15: wrote 5894 rows (note: grid rendered 5894 rows vs 6060 reported — known upstream row-numbering gaps, not a scraping error)
  2017-06-18: wrote 4796 rows (note: grid rendered 4796 rows vs 4906 reported — known upstream row-numbering gaps, not a scraping error)
  2017-06-23: no data (holiday or out of archive range)
  2017-06-20: wrote 5297 rows (note: grid rendered 5297 rows vs 5409 reported — known upstream row-numbering gaps, not a scraping error)
  2017-06-19: wrote 5700 rows (note: grid rendered 5700 rows vs 5812 reported — known upstream row-numbering gaps, not a scraping error)
  2017-06-24: no data (holiday or out of archive range)
  2017-06-22: wrote 4927 rows (note: grid rendered 4927 rows vs 5184 reported — known upstream row-numbering gaps, not a scraping error)
  2017-06-21: wrote 4693 rows (note: grid rendered 4693 rows vs 4789 reported — known upstream row-numbering gaps, not a scraping error)
  2017-06-25: wrote 5707 rows (note: grid rendered 5707 rows vs 5856 reported — known upstream row-numbering gaps, not a scraping error)
  2017-06-26: no data (holiday or out of archive range)
  2017-06-29: no data (holiday or out of archive range)
  2017-06-27: wrote 5720 rows (note: grid rendered 5720 rows vs 5993 reported — known upstream row-numbering gaps, not a scraping error)
  2017-06-28: wrote 4230 rows (note: grid rendered 4230 rows vs 4366 reported — known upstream row-numbering gaps, not a scraping error)
  2017-07-01: no data (holiday or out of archive range)
  2017-06-30: no data (holiday or out of archive range)
  2017-07-07: no data (holiday or out of archive range)
  2017-07-02: wrote 6105 rows (note: grid rendered 6105 rows vs 6160 reported — known upstream row-numbering gaps, not a scraping error)
  2017-07-03: wrote 4959 rows (note: grid rendered 4959 rows vs 5001 reported — known upstream row-numbering gaps, not a scraping error)
  2017-07-04: wrote 4763 rows (note: grid rendered 4763 rows vs 4802 reported — known upstream row-numbering gaps, not a scraping error)
  2017-07-08: no data (holiday or out of archive range)
  2017-07-05: wrote 5441 rows (note: grid rendered 5441 rows vs 5501 reported — known upstream row-numbering gaps, not a scraping error)
  2017-07-06: wrote 6640 rows (note: grid rendered 6640 rows vs 6696 reported — known upstream row-numbering gaps, not a scraping error)
  2017-07-14: no data (holiday or out of archive range)
  2017-07-10: wrote 5728 rows (note: grid rendered 5728 rows vs 5820 reported — known upstream row-numbering gaps, not a scraping error)
  2017-07-09: wrote 8971 rows (note: grid rendered 8971 rows vs 9090 reported — known upstream row-numbering gaps, not a scraping error)
  2017-07-15: no data (holiday or out of archive range)
  2017-07-11: wrote 4757 rows (note: grid rendered 4757 rows vs 4805 reported — known upstream row-numbering gaps, not a scraping error)
  2017-07-12: wrote 5341 rows (note: grid rendered 5341 rows vs 5448 reported — known upstream row-numbering gaps, not a scraping error)
  2017-07-18: no data (holiday or out of archive range)
  2017-07-13: wrote 8102 rows (note: grid rendered 8102 rows vs 8204 reported — known upstream row-numbering gaps, not a scraping error)
  2017-07-19: no data (holiday or out of archive range)
  2017-07-16: wrote 5695 rows (note: grid rendered 5695 rows vs 5788 reported — known upstream row-numbering gaps, not a scraping error)
  2017-07-22: no data (holiday or out of archive range)
  2017-07-21: no data (holiday or out of archive range)
  2017-07-17: wrote 6488 rows (note: grid rendered 6488 rows vs 6635 reported — known upstream row-numbering gaps, not a scraping error)
  2017-07-20: wrote 8596 rows (note: grid rendered 8596 rows vs 8727 reported — known upstream row-numbering gaps, not a scraping error)
  2017-07-23: wrote 8764 rows (note: grid rendered 8764 rows vs 9014 reported — known upstream row-numbering gaps, not a scraping error)
  2017-07-28: no data (holiday or out of archive range)
  2017-07-29: no data (holiday or out of archive range)
  2017-07-27: wrote 8966 rows (note: grid rendered 8966 rows vs 9093 reported — known upstream row-numbering gaps, not a scraping error)
  2017-07-24: wrote 9052 rows (note: grid rendered 9052 rows vs 9210 reported — known upstream row-numbering gaps, not a scraping error)
  2017-07-25: wrote 7316 rows (note: grid rendered 7316 rows vs 7406 reported — known upstream row-numbering gaps, not a scraping error)
  2017-07-26: wrote 9387 rows (note: grid rendered 9387 rows vs 9600 reported — known upstream row-numbering gaps, not a scraping error)
  2017-07-30: wrote 8067 rows (note: grid rendered 8067 rows vs 8280 reported — known upstream row-numbering gaps, not a scraping error)
  2017-08-04: no data (holiday or out of archive range)
  2017-08-05: no data (holiday or out of archive range)
  2017-08-02: wrote 8335 rows (note: grid rendered 8335 rows vs 8819 reported — known upstream row-numbering gaps, not a scraping error)
  2017-07-31: wrote 8923 rows (note: grid rendered 8923 rows vs 9132 reported — known upstream row-numbering gaps, not a scraping error)
  2017-08-03: wrote 9646 rows (note: grid rendered 9646 rows vs 10001 reported — known upstream row-numbering gaps, not a scraping error)
  2017-08-01: wrote 8921 rows (note: grid rendered 8921 rows vs 9340 reported — known upstream row-numbering gaps, not a scraping error)
  2017-08-08: no data (holiday or out of archive range)
  2017-08-11: no data (holiday or out of archive range)
  2017-08-12: no data (holiday or out of archive range)
  2017-08-06: wrote 10225 rows (note: grid rendered 10225 rows vs 10447 reported — known upstream row-numbering gaps, not a scraping error)
  2017-08-07: wrote 8415 rows (note: grid rendered 8415 rows vs 8581 reported — known upstream row-numbering gaps, not a scraping error)
  2017-08-14: no data (holiday or out of archive range)
  2017-08-10: wrote 7810 rows (note: grid rendered 7810 rows vs 7975 reported — known upstream row-numbering gaps, not a scraping error)
  2017-08-13: wrote 7461 rows (note: grid rendered 7461 rows vs 7581 reported — known upstream row-numbering gaps, not a scraping error)
  2017-08-09: wrote 8382 rows (note: grid rendered 8382 rows vs 8647 reported — known upstream row-numbering gaps, not a scraping error)
  2017-08-19: no data (holiday or out of archive range)
  2017-08-18: no data (holiday or out of archive range)
  2017-08-16: wrote 6553 rows (note: grid rendered 6553 rows vs 6655 reported — known upstream row-numbering gaps, not a scraping error)
  2017-08-17: wrote 6627 rows (note: grid rendered 6627 rows vs 6827 reported — known upstream row-numbering gaps, not a scraping error)
  2017-08-15: wrote 6986 rows (note: grid rendered 6986 rows vs 7134 reported — known upstream row-numbering gaps, not a scraping error)
  2017-08-25: no data (holiday or out of archive range)
  2017-08-20: wrote 7167 rows (note: grid rendered 7167 rows vs 7286 reported — known upstream row-numbering gaps, not a scraping error)
  2017-08-21: wrote 5032 rows (note: grid rendered 5032 rows vs 5108 reported — known upstream row-numbering gaps, not a scraping error)
  2017-08-24: wrote 7537 rows (note: grid rendered 7537 rows vs 7611 reported — known upstream row-numbering gaps, not a scraping error)
  2017-08-26: no data (holiday or out of archive range)
  2017-08-23: wrote 9341 rows (note: grid rendered 9341 rows vs 9469 reported — known upstream row-numbering gaps, not a scraping error)
  2017-08-22: wrote 11585 rows (note: grid rendered 11585 rows vs 11650 reported — known upstream row-numbering gaps, not a scraping error)
  2017-08-31: no data (holiday or out of archive range)
  2017-08-29: no data (holiday or out of archive range)
  2017-09-01: no data (holiday or out of archive range)
  2017-08-27: wrote 10184 rows (note: grid rendered 10184 rows vs 10275 reported — known upstream row-numbering gaps, not a scraping error)
  2017-08-28: wrote 9539 rows (note: grid rendered 9539 rows vs 9593 reported — known upstream row-numbering gaps, not a scraping error)
  2017-08-30: wrote 9396 rows (note: grid rendered 9396 rows vs 9502 reported — known upstream row-numbering gaps, not a scraping error)
  2017-09-02: no data (holiday or out of archive range)
  2017-09-03: no data (holiday or out of archive range)
  2017-09-08: no data (holiday or out of archive range)
  2017-09-05: no data (holiday or out of archive range)
  2017-09-09: no data (holiday or out of archive range)
  2017-09-04: wrote 9126 rows (note: grid rendered 9126 rows vs 9241 reported — known upstream row-numbering gaps, not a scraping error)
  2017-09-06: wrote 8452 rows (note: grid rendered 8452 rows vs 8545 reported — known upstream row-numbering gaps, not a scraping error)
  2017-09-07: wrote 8426 rows (note: grid rendered 8426 rows vs 8510 reported — known upstream row-numbering gaps, not a scraping error)
  2017-09-11: wrote 7734 rows (note: grid rendered 7734 rows vs 7844 reported — known upstream row-numbering gaps, not a scraping error)
  2017-09-15: no data (holiday or out of archive range)
  2017-09-12: wrote 6413 rows (note: grid rendered 6413 rows vs 6458 reported — known upstream row-numbering gaps, not a scraping error)
  2017-09-13: wrote 6299 rows (note: grid rendered 6299 rows vs 6363 reported — known upstream row-numbering gaps, not a scraping error)
  2017-09-16: no data (holiday or out of archive range)
  2017-09-10: wrote 9033 rows (note: grid rendered 9033 rows vs 9112 reported — known upstream row-numbering gaps, not a scraping error)
  2017-09-21: no data (holiday or out of archive range)
  2017-09-14: wrote 6534 rows (note: grid rendered 6534 rows vs 6613 reported — known upstream row-numbering gaps, not a scraping error)
  2017-09-19: no data (holiday or out of archive range)
  2017-09-17: wrote 7015 rows (note: grid rendered 7015 rows vs 7104 reported — known upstream row-numbering gaps, not a scraping error)
  2017-09-22: no data (holiday or out of archive range)
  2017-09-23: no data (holiday or out of archive range)
  2017-09-20: wrote 4970 rows (note: grid rendered 4970 rows vs 5038 reported — known upstream row-numbering gaps, not a scraping error)
  2017-09-18: wrote 6264 rows (note: grid rendered 6264 rows vs 6325 reported — known upstream row-numbering gaps, not a scraping error)
  2017-09-29: no data (holiday or out of archive range)
  2017-09-27: no data (holiday or out of archive range)
  2017-09-28: no data (holiday or out of archive range)
  2017-09-25: wrote 3368 rows (note: grid rendered 3368 rows vs 3474 reported — known upstream row-numbering gaps, not a scraping error)
  2017-09-24: wrote 3632 rows (note: grid rendered 3632 rows vs 3718 reported — known upstream row-numbering gaps, not a scraping error)
  2017-09-26: wrote 3563 rows (note: grid rendered 3563 rows vs 3600 reported — known upstream row-numbering gaps, not a scraping error)
  2017-09-30: no data (holiday or out of archive range)
  2017-10-01: no data (holiday or out of archive range)
  2017-10-06: no data (holiday or out of archive range)
  2017-10-05: no data (holiday or out of archive range)
  2017-10-02: no data (holiday or out of archive range)
  2017-10-07: no data (holiday or out of archive range)
  2017-10-03: wrote 2039 rows (note: grid rendered 2039 rows vs 2045 reported — known upstream row-numbering gaps, not a scraping error)
  2017-10-04: wrote 2494 rows (note: grid rendered 2494 rows vs 2519 reported — known upstream row-numbering gaps, not a scraping error)
  2017-10-13: no data (holiday or out of archive range)
  2017-10-09: wrote 3629 rows (note: grid rendered 3629 rows vs 3660 reported — known upstream row-numbering gaps, not a scraping error)
  2017-10-10: wrote 3496 rows (note: grid rendered 3496 rows vs 3551 reported — known upstream row-numbering gaps, not a scraping error)
  2017-10-14: no data (holiday or out of archive range)
  2017-10-08: wrote 4950 rows (note: grid rendered 4950 rows vs 4979 reported — known upstream row-numbering gaps, not a scraping error)
  2017-10-11: wrote 3734 rows (note: grid rendered 3734 rows vs 3794 reported — known upstream row-numbering gaps, not a scraping error)
  2017-10-12: wrote 4386 rows (note: grid rendered 4386 rows vs 4426 reported — known upstream row-numbering gaps, not a scraping error)
  2017-10-20: no data (holiday or out of archive range)
  2017-10-15: wrote 3077 rows (note: grid rendered 3077 rows vs 3133 reported — known upstream row-numbering gaps, not a scraping error)
  2017-10-19: no data (holiday or out of archive range)
  2017-10-16: wrote 4402 rows (note: grid rendered 4402 rows vs 4469 reported — known upstream row-numbering gaps, not a scraping error)
  2017-10-21: no data (holiday or out of archive range)
  2017-10-17: no data (holiday or out of archive range)
  2017-10-18: wrote 3294 rows (note: grid rendered 3294 rows vs 3331 reported — known upstream row-numbering gaps, not a scraping error)
  2017-10-22: wrote 3375 rows (note: grid rendered 3375 rows vs 3397 reported — known upstream row-numbering gaps, not a scraping error)
  2017-10-23: wrote 3726 rows (note: grid rendered 3726 rows vs 3788 reported — known upstream row-numbering gaps, not a scraping error)
  2017-10-24: wrote 4097 rows (note: grid rendered 4097 rows vs 4135 reported — known upstream row-numbering gaps, not a scraping error)
  2017-10-27: no data (holiday or out of archive range)
  2017-10-26: no data (holiday or out of archive range)
  2017-10-25: wrote 4191 rows (note: grid rendered 4191 rows vs 4218 reported — known upstream row-numbering gaps, not a scraping error)
  2017-10-28: no data (holiday or out of archive range)
  2017-11-01: wrote 4289 rows (note: grid rendered 4289 rows vs 5456 reported — known upstream row-numbering gaps, not a scraping error)
  2017-11-03: no data (holiday or out of archive range)
  2017-10-31: wrote 3713 rows (note: grid rendered 3713 rows vs 3790 reported — known upstream row-numbering gaps, not a scraping error)
  2017-10-29: wrote 4104 rows (note: grid rendered 4104 rows vs 4134 reported — known upstream row-numbering gaps, not a scraping error)
  2017-10-30: wrote 4091 rows (note: grid rendered 4091 rows vs 4166 reported — known upstream row-numbering gaps, not a scraping error)
  2017-11-04: no data (holiday or out of archive range)
  2017-11-02: wrote 4425 rows (note: grid rendered 4425 rows vs 5692 reported — known upstream row-numbering gaps, not a scraping error)
  2017-11-06: wrote 5296 rows (note: grid rendered 5296 rows vs 5962 reported — known upstream row-numbering gaps, not a scraping error)
  2017-11-10: no data (holiday or out of archive range)
  2017-11-05: wrote 6248 rows (note: grid rendered 6248 rows vs 7318 reported — known upstream row-numbering gaps, not a scraping error)
  2017-11-11: no data (holiday or out of archive range)
  2017-11-07: wrote 4586 rows (note: grid rendered 4586 rows vs 5075 reported — known upstream row-numbering gaps, not a scraping error)
  2017-11-08: wrote 5091 rows (note: grid rendered 5091 rows vs 5452 reported — known upstream row-numbering gaps, not a scraping error)
  2017-11-09: wrote 5160 rows (note: grid rendered 5160 rows vs 5533 reported — known upstream row-numbering gaps, not a scraping error)
  2017-11-12: wrote 4022 rows (note: grid rendered 4022 rows vs 4375 reported — known upstream row-numbering gaps, not a scraping error)
  2017-11-17: no data (holiday or out of archive range)
  2017-11-13: wrote 5317 rows (note: grid rendered 5317 rows vs 5710 reported — known upstream row-numbering gaps, not a scraping error)
  2017-11-18: no data (holiday or out of archive range)
  2017-11-15: wrote 6088 rows (note: grid rendered 6088 rows vs 6412 reported — known upstream row-numbering gaps, not a scraping error)
  2017-11-14: wrote 6967 rows (note: grid rendered 6967 rows vs 7343 reported — known upstream row-numbering gaps, not a scraping error)
  2017-11-16: wrote 5501 rows (note: grid rendered 5501 rows vs 5851 reported — known upstream row-numbering gaps, not a scraping error)
  2017-11-20: wrote 4464 rows (note: grid rendered 4464 rows vs 4688 reported — known upstream row-numbering gaps, not a scraping error)
  2017-11-19: wrote 4898 rows (note: grid rendered 4898 rows vs 5118 reported — known upstream row-numbering gaps, not a scraping error)
  2017-11-24: no data (holiday or out of archive range)
  2017-11-21: wrote 4044 rows (note: grid rendered 4044 rows vs 4290 reported — known upstream row-numbering gaps, not a scraping error)
  2017-11-25: no data (holiday or out of archive range)
  2017-11-22: wrote 4011 rows (note: grid rendered 4011 rows vs 4249 reported — known upstream row-numbering gaps, not a scraping error)
  2017-11-23: wrote 5230 rows (note: grid rendered 5230 rows vs 5481 reported — known upstream row-numbering gaps, not a scraping error)
  2017-11-26: wrote 5422 rows (note: grid rendered 5422 rows vs 5710 reported — known upstream row-numbering gaps, not a scraping error)
  2017-12-01: no data (holiday or out of archive range)
  2017-11-27: wrote 5952 rows (note: grid rendered 5952 rows vs 6189 reported — known upstream row-numbering gaps, not a scraping error)
  2017-11-29: wrote 7525 rows (note: grid rendered 7525 rows vs 8169 reported — known upstream row-numbering gaps, not a scraping error)
  2017-12-02: no data (holiday or out of archive range)
  2017-12-03: no data (holiday or out of archive range)
  2017-11-28: wrote 4731 rows (note: grid rendered 4731 rows vs 4940 reported — known upstream row-numbering gaps, not a scraping error)
  2017-11-30: wrote 6488 rows (note: grid rendered 6488 rows vs 6933 reported — known upstream row-numbering gaps, not a scraping error)
  2017-12-08: no data (holiday or out of archive range)
  2017-12-07: no data (holiday or out of archive range)
  2017-12-04: wrote 5331 rows (note: grid rendered 5331 rows vs 5586 reported — known upstream row-numbering gaps, not a scraping error)
  2017-12-09: no data (holiday or out of archive range)
  2017-12-05: wrote 4538 rows (note: grid rendered 4538 rows vs 4863 reported — known upstream row-numbering gaps, not a scraping error)
  2017-12-06: wrote 5638 rows (note: grid rendered 5638 rows vs 5889 reported — known upstream row-numbering gaps, not a scraping error)
  2017-12-11: wrote 3914 rows (note: grid rendered 3914 rows vs 4101 reported — known upstream row-numbering gaps, not a scraping error)
  2017-12-12: wrote 4727 rows (note: grid rendered 4727 rows vs 4952 reported — known upstream row-numbering gaps, not a scraping error)
  2017-12-10: wrote 6449 rows (note: grid rendered 6449 rows vs 6571 reported — known upstream row-numbering gaps, not a scraping error)
  2017-12-15: no data (holiday or out of archive range)
  2017-12-16: no data (holiday or out of archive range)
  2017-12-13: wrote 3757 rows (note: grid rendered 3757 rows vs 3941 reported — known upstream row-numbering gaps, not a scraping error)
  2017-12-14: wrote 3729 rows (note: grid rendered 3729 rows vs 4402 reported — known upstream row-numbering gaps, not a scraping error)
  2017-12-17: wrote 4376 rows (note: grid rendered 4376 rows vs 5207 reported — known upstream row-numbering gaps, not a scraping error)
  2017-12-19: wrote 4880 rows (note: grid rendered 4880 rows vs 5192 reported — known upstream row-numbering gaps, not a scraping error)
  2017-12-18: wrote 4811 rows (note: grid rendered 4811 rows vs 5219 reported — known upstream row-numbering gaps, not a scraping error)
  2017-12-22: no data (holiday or out of archive range)
  2017-12-23: no data (holiday or out of archive range)
  2017-12-20: wrote 4105 rows (note: grid rendered 4105 rows vs 4391 reported — known upstream row-numbering gaps, not a scraping error)
  2017-12-21: wrote 4845 rows (note: grid rendered 4845 rows vs 5102 reported — known upstream row-numbering gaps, not a scraping error)
  2017-12-25: no data (holiday or out of archive range)
  2017-12-29: no data (holiday or out of archive range)
  2017-12-24: wrote 5778 rows (note: grid rendered 5778 rows vs 6064 reported — known upstream row-numbering gaps, not a scraping error)
  2017-12-30: no data (holiday or out of archive range)
  2017-12-27: wrote 7078 rows (note: grid rendered 7078 rows vs 7284 reported — known upstream row-numbering gaps, not a scraping error)
  2017-12-26: wrote 5993 rows (note: grid rendered 5993 rows vs 6205 reported — known upstream row-numbering gaps, not a scraping error)
  2017-12-31: wrote 5346 rows (note: grid rendered 5346 rows vs 5484 reported — known upstream row-numbering gaps, not a scraping error)
  2017-12-28: wrote 7734 rows (note: grid rendered 7734 rows vs 7945 reported — known upstream row-numbering gaps, not a scraping error)
  2018-01-05: no data (holiday or out of archive range)
  2018-01-06: no data (holiday or out of archive range)
  2018-01-03: wrote 4926 rows (note: grid rendered 4926 rows vs 5059 reported — known upstream row-numbering gaps, not a scraping error)
  2018-01-04: wrote 5033 rows (note: grid rendered 5033 rows vs 5223 reported — known upstream row-numbering gaps, not a scraping error)
  2018-01-01: wrote 5097 rows (note: grid rendered 5097 rows vs 5229 reported — known upstream row-numbering gaps, not a scraping error)
  2018-01-02: wrote 6656 rows (note: grid rendered 6656 rows vs 6802 reported — known upstream row-numbering gaps, not a scraping error)
  2018-01-11: no data (holiday or out of archive range)
  2018-01-12: no data (holiday or out of archive range)
  2018-01-07: wrote 3834 rows (note: grid rendered 3834 rows vs 3985 reported — known upstream row-numbering gaps, not a scraping error)
  2018-01-09: wrote 4459 rows (note: grid rendered 4459 rows vs 4602 reported — known upstream row-numbering gaps, not a scraping error)
  2018-01-08: wrote 4366 rows (note: grid rendered 4366 rows vs 4454 reported — known upstream row-numbering gaps, not a scraping error)
  2018-01-10: wrote 4338 rows (note: grid rendered 4338 rows vs 4523 reported — known upstream row-numbering gaps, not a scraping error)
  2018-01-15: no data (holiday or out of archive range)
  2018-01-13: no data (holiday or out of archive range)
  2018-01-14: wrote 3850 rows (note: grid rendered 3850 rows vs 4022 reported — known upstream row-numbering gaps, not a scraping error)
  2018-01-18: no data (holiday or out of archive range)
  2018-01-19: no data (holiday or out of archive range)
  2018-01-20: no data (holiday or out of archive range)
  2018-01-16: wrote 4296 rows (note: grid rendered 4296 rows vs 4421 reported — known upstream row-numbering gaps, not a scraping error)
  2018-01-17: wrote 4332 rows (note: grid rendered 4332 rows vs 4460 reported — known upstream row-numbering gaps, not a scraping error)
  2018-01-21: wrote 4726 rows (note: grid rendered 4726 rows vs 4897 reported — known upstream row-numbering gaps, not a scraping error)
  2018-01-26: no data (holiday or out of archive range)
  2018-01-25: wrote 3567 rows (note: grid rendered 3567 rows vs 3670 reported — known upstream row-numbering gaps, not a scraping error)
  2018-01-27: no data (holiday or out of archive range)
  2018-01-28: no data (holiday or out of archive range)
  2018-01-23: wrote 3715 rows (note: grid rendered 3715 rows vs 3862 reported — known upstream row-numbering gaps, not a scraping error)
  2018-01-24: wrote 3046 rows (note: grid rendered 3046 rows vs 3206 reported — known upstream row-numbering gaps, not a scraping error)
  2018-01-22: wrote 3833 rows (note: grid rendered 3833 rows vs 3933 reported — known upstream row-numbering gaps, not a scraping error)
  2018-01-29: wrote 3966 rows (note: grid rendered 3966 rows vs 4103 reported — known upstream row-numbering gaps, not a scraping error)
  2018-01-30: no data (holiday or out of archive range)
  2018-02-03: no data (holiday or out of archive range)
  2018-02-02: no data (holiday or out of archive range)
  2018-02-01: wrote 4049 rows (note: grid rendered 4049 rows vs 4156 reported — known upstream row-numbering gaps, not a scraping error)
  2018-01-31: wrote 3797 rows (note: grid rendered 3797 rows vs 3894 reported — known upstream row-numbering gaps, not a scraping error)
  2018-02-06: wrote 2854 rows (note: grid rendered 2854 rows vs 2927 reported — known upstream row-numbering gaps, not a scraping error)
  2018-02-09: no data (holiday or out of archive range)
  2018-02-04: wrote 4627 rows (note: grid rendered 4627 rows vs 4745 reported — known upstream row-numbering gaps, not a scraping error)
  2018-02-05: wrote 3801 rows (note: grid rendered 3801 rows vs 3894 reported — known upstream row-numbering gaps, not a scraping error)
  2018-02-07: wrote 3132 rows (note: grid rendered 3132 rows vs 3193 reported — known upstream row-numbering gaps, not a scraping error)
  2018-02-10: no data (holiday or out of archive range)
  2018-02-08: wrote 3347 rows (note: grid rendered 3347 rows vs 3405 reported — known upstream row-numbering gaps, not a scraping error)
  2018-02-13: no data (holiday or out of archive range)
  2018-02-16: no data (holiday or out of archive range)
  2018-02-17: no data (holiday or out of archive range)
  2018-02-15: wrote 6703 rows (note: grid rendered 6703 rows vs 6863 reported — known upstream row-numbering gaps, not a scraping error)
  2018-02-11: wrote 3060 rows (note: grid rendered 3060 rows vs 3149 reported — known upstream row-numbering gaps, not a scraping error)
  2018-02-12: wrote 3302 rows (note: grid rendered 3302 rows vs 3440 reported — known upstream row-numbering gaps, not a scraping error)
  2018-02-14: wrote 3352 rows (note: grid rendered 3352 rows vs 3422 reported — known upstream row-numbering gaps, not a scraping error)
  2018-02-19: no data (holiday or out of archive range)
  2018-02-23: no data (holiday or out of archive range)
  2018-02-24: no data (holiday or out of archive range)
  2018-02-21: wrote 3228 rows (note: grid rendered 3228 rows vs 3284 reported — known upstream row-numbering gaps, not a scraping error)
  2018-02-18: wrote 7102 rows (note: grid rendered 7102 rows vs 7182 reported — known upstream row-numbering gaps, not a scraping error)
  2018-02-20: wrote 4080 rows (note: grid rendered 4080 rows vs 4178 reported — known upstream row-numbering gaps, not a scraping error)
  2018-02-22: wrote 4187 rows (note: grid rendered 4187 rows vs 4262 reported — known upstream row-numbering gaps, not a scraping error)
  2018-02-25: wrote 3925 rows (note: grid rendered 3925 rows vs 3998 reported — known upstream row-numbering gaps, not a scraping error)
  2018-03-02: no data (holiday or out of archive range)
  2018-02-26: wrote 4715 rows (note: grid rendered 4715 rows vs 4802 reported — known upstream row-numbering gaps, not a scraping error)
  2018-02-27: wrote 4226 rows (note: grid rendered 4226 rows vs 4319 reported — known upstream row-numbering gaps, not a scraping error)
  2018-03-01: no data (holiday or out of archive range)
  2018-03-03: no data (holiday or out of archive range)
  2018-02-28: wrote 5151 rows (note: grid rendered 5151 rows vs 5259 reported — known upstream row-numbering gaps, not a scraping error)
  2018-03-09: no data (holiday or out of archive range)
  2018-03-04: wrote 5818 rows (note: grid rendered 5818 rows vs 5943 reported — known upstream row-numbering gaps, not a scraping error)
  2018-03-07: wrote 5644 rows (note: grid rendered 5644 rows vs 5729 reported — known upstream row-numbering gaps, not a scraping error)
  2018-03-08: no data (holiday or out of archive range)
  2018-03-10: no data (holiday or out of archive range)
  2018-03-06: wrote 5513 rows (note: grid rendered 5513 rows vs 5616 reported — known upstream row-numbering gaps, not a scraping error)
  2018-03-05: wrote 5133 rows (note: grid rendered 5133 rows vs 5256 reported — known upstream row-numbering gaps, not a scraping error)
  2018-03-11: wrote 4769 rows (note: grid rendered 4769 rows vs 4831 reported — known upstream row-numbering gaps, not a scraping error)
  2018-03-16: no data (holiday or out of archive range)
  2018-03-17: no data (holiday or out of archive range)
  2018-03-14: wrote 2344 rows (note: grid rendered 2344 rows vs 2406 reported — known upstream row-numbering gaps, not a scraping error)
  2018-03-13: wrote 3043 rows (note: grid rendered 3043 rows vs 3117 reported — known upstream row-numbering gaps, not a scraping error)
  2018-03-12: wrote 3911 rows (note: grid rendered 3911 rows vs 3999 reported — known upstream row-numbering gaps, not a scraping error)
  2018-03-15: wrote 3103 rows (note: grid rendered 3103 rows vs 3157 reported — known upstream row-numbering gaps, not a scraping error)
  2018-03-18: wrote 3749 rows (note: grid rendered 3749 rows vs 3805 reported — known upstream row-numbering gaps, not a scraping error)
  2018-03-19: wrote 3485 rows (note: grid rendered 3485 rows vs 3542 reported — known upstream row-numbering gaps, not a scraping error)
  2018-03-23: no data (holiday or out of archive range)
  2018-03-24: no data (holiday or out of archive range)
  2018-03-21: wrote 5610 rows (note: grid rendered 5610 rows vs 5734 reported — known upstream row-numbering gaps, not a scraping error)
  2018-03-25: no data (holiday or out of archive range)
  2018-03-20: wrote 4882 rows (note: grid rendered 4882 rows vs 4941 reported — known upstream row-numbering gaps, not a scraping error)
  2018-03-22: wrote 6070 rows (note: grid rendered 6070 rows vs 6166 reported — known upstream row-numbering gaps, not a scraping error)
  2018-03-30: no data (holiday or out of archive range)
  2018-03-31: no data (holiday or out of archive range)
  2018-03-26: wrote 7443 rows (note: grid rendered 7443 rows vs 7546 reported — known upstream row-numbering gaps, not a scraping error)
  2018-03-29: wrote 5345 rows (note: grid rendered 5345 rows vs 5407 reported — known upstream row-numbering gaps, not a scraping error)
  2018-03-27: wrote 7118 rows (note: grid rendered 7118 rows vs 7206 reported — known upstream row-numbering gaps, not a scraping error)
  2018-03-28: wrote 7365 rows (note: grid rendered 7365 rows vs 7454 reported — known upstream row-numbering gaps, not a scraping error)
  2018-04-02: wrote 3727 rows (note: grid rendered 3727 rows vs 3751 reported — known upstream row-numbering gaps, not a scraping error)
  2018-04-03: wrote 3605 rows (note: grid rendered 3605 rows vs 3655 reported — known upstream row-numbering gaps, not a scraping error)
  2018-04-01: wrote 6958 rows (note: grid rendered 6958 rows vs 7074 reported — known upstream row-numbering gaps, not a scraping error)
  2018-04-06: no data (holiday or out of archive range)
  2018-04-04: no data (holiday or out of archive range)
  2018-04-07: no data (holiday or out of archive range)
  2018-04-05: wrote 8531 rows (note: grid rendered 8531 rows vs 8705 reported — known upstream row-numbering gaps, not a scraping error)
  2018-04-08: wrote 10583 rows (note: grid rendered 10583 rows vs 10746 reported — known upstream row-numbering gaps, not a scraping error)
  2018-04-14: no data (holiday or out of archive range)
  2018-04-13: no data (holiday or out of archive range)
  2018-04-11: wrote 3621 rows (note: grid rendered 3621 rows vs 3684 reported — known upstream row-numbering gaps, not a scraping error)
  2018-04-09: wrote 10893 rows (note: grid rendered 10893 rows vs 11103 reported — known upstream row-numbering gaps, not a scraping error)
  2018-04-10: wrote 5323 rows (note: grid rendered 5323 rows vs 5441 reported — known upstream row-numbering gaps, not a scraping error)
  2018-04-12: wrote 5719 rows (note: grid rendered 5719 rows vs 5963 reported — known upstream row-numbering gaps, not a scraping error)
  2018-04-20: no data (holiday or out of archive range)
  2018-04-15: wrote 4004 rows (note: grid rendered 4004 rows vs 4109 reported — known upstream row-numbering gaps, not a scraping error)
  2018-04-16: wrote 6638 rows (note: grid rendered 6638 rows vs 6804 reported — known upstream row-numbering gaps, not a scraping error)
  2018-04-19: wrote 11611 rows (note: grid rendered 11611 rows vs 11834 reported — known upstream row-numbering gaps, not a scraping error)
  2018-04-18: wrote 11243 rows (note: grid rendered 11243 rows vs 11503 reported — known upstream row-numbering gaps, not a scraping error)
  2018-04-21: no data (holiday or out of archive range)
  2018-04-17: wrote 9873 rows (note: grid rendered 9873 rows vs 10112 reported — known upstream row-numbering gaps, not a scraping error)
  2018-04-27: no data (holiday or out of archive range)
  2018-04-24: wrote 7693 rows (note: grid rendered 7693 rows vs 7825 reported — known upstream row-numbering gaps, not a scraping error)
  2018-04-22: wrote 12382 rows (note: grid rendered 12382 rows vs 12548 reported — known upstream row-numbering gaps, not a scraping error)
  2018-04-28: no data (holiday or out of archive range)
  2018-04-23: wrote 14185 rows (note: grid rendered 14185 rows vs 14439 reported — known upstream row-numbering gaps, not a scraping error)
  2018-04-25: wrote 5521 rows (note: grid rendered 5521 rows vs 5769 reported — known upstream row-numbering gaps, not a scraping error)
  2018-04-26: wrote 6583 rows (note: grid rendered 6583 rows vs 6774 reported — known upstream row-numbering gaps, not a scraping error)
  2018-04-30: no data (holiday or out of archive range)
  2018-05-01: no data (holiday or out of archive range)
  2018-05-05: no data (holiday or out of archive range)
  2018-05-04: no data (holiday or out of archive range)
  2018-04-29: wrote 5278 rows (note: grid rendered 5278 rows vs 5293 reported — known upstream row-numbering gaps, not a scraping error)
  2018-05-02: wrote 5623 rows (note: grid rendered 5623 rows vs 5644 reported — known upstream row-numbering gaps, not a scraping error)
  2018-05-06: wrote 6648 rows (note: grid rendered 6648 rows vs 6682 reported — known upstream row-numbering gaps, not a scraping error)
  2018-05-08: wrote 6258 rows (note: grid rendered 6258 rows vs 6301 reported — known upstream row-numbering gaps, not a scraping error)
  2018-05-03: wrote 7741 rows (note: grid rendered 7741 rows vs 7803 reported — known upstream row-numbering gaps, not a scraping error)
  2018-05-11: no data (holiday or out of archive range)
  2018-05-07: wrote 6324 rows (note: grid rendered 6324 rows vs 6387 reported — known upstream row-numbering gaps, not a scraping error)
  2018-05-09: wrote 5595 rows (note: grid rendered 5595 rows vs 5634 reported — known upstream row-numbering gaps, not a scraping error)
  2018-05-10: wrote 5525 rows (note: grid rendered 5525 rows vs 5588 reported — known upstream row-numbering gaps, not a scraping error)
  2018-05-13: no data (holiday or out of archive range)
  2018-05-12: no data (holiday or out of archive range)
  2018-05-18: no data (holiday or out of archive range)
  2018-05-19: no data (holiday or out of archive range)
  2018-05-15: wrote 1947 rows (note: grid rendered 1947 rows vs 1959 reported — known upstream row-numbering gaps, not a scraping error)
  2018-05-14: wrote 6497 rows (note: grid rendered 6497 rows vs 6588 reported — known upstream row-numbering gaps, not a scraping error)
  2018-05-16: wrote 2567 rows (note: grid rendered 2567 rows vs 2598 reported — known upstream row-numbering gaps, not a scraping error)
  2018-05-17: wrote 3640 rows (note: grid rendered 3640 rows vs 3668 reported — known upstream row-numbering gaps, not a scraping error)
  2018-05-25: no data (holiday or out of archive range)
  2018-05-21: wrote 3963 rows (note: grid rendered 3963 rows vs 3988 reported — known upstream row-numbering gaps, not a scraping error)
  2018-05-20: wrote 3936 rows (note: grid rendered 3936 rows vs 3956 reported — known upstream row-numbering gaps, not a scraping error)
  2018-05-26: no data (holiday or out of archive range)
  2018-05-22: wrote 3869 rows (note: grid rendered 3869 rows vs 3883 reported — known upstream row-numbering gaps, not a scraping error)
  2018-05-24: wrote 4469 rows (note: grid rendered 4469 rows vs 4494 reported — known upstream row-numbering gaps, not a scraping error)
  2018-05-23: wrote 3648 rows (note: grid rendered 3648 rows vs 3672 reported — known upstream row-numbering gaps, not a scraping error)
  2018-06-01: no data (holiday or out of archive range)
  2018-05-28: wrote 5051 rows (note: grid rendered 5051 rows vs 5073 reported — known upstream row-numbering gaps, not a scraping error)
  2018-05-27: wrote 4924 rows (note: grid rendered 4924 rows vs 4950 reported — known upstream row-numbering gaps, not a scraping error)
  2018-06-02: no data (holiday or out of archive range)
  2018-05-29: wrote 5315 rows (note: grid rendered 5315 rows vs 5340 reported — known upstream row-numbering gaps, not a scraping error)
  2018-05-30: wrote 4920 rows (note: grid rendered 4920 rows vs 4941 reported — known upstream row-numbering gaps, not a scraping error)
  2018-05-31: wrote 4126 rows (note: grid rendered 4126 rows vs 4159 reported — known upstream row-numbering gaps, not a scraping error)
  2018-06-05: no data (holiday or out of archive range)
  2018-06-09: no data (holiday or out of archive range)
  2018-06-08: no data (holiday or out of archive range)
  2018-06-04: wrote 5518 rows (note: grid rendered 5518 rows vs 5539 reported — known upstream row-numbering gaps, not a scraping error)
  2018-06-03: wrote 6453 rows (note: grid rendered 6453 rows vs 6473 reported — known upstream row-numbering gaps, not a scraping error)
  2018-06-07: wrote 6541 rows (note: grid rendered 6541 rows vs 6593 reported — known upstream row-numbering gaps, not a scraping error)
  2018-06-10: wrote 5677 rows (note: grid rendered 5677 rows vs 5711 reported — known upstream row-numbering gaps, not a scraping error)
  2018-06-06: wrote 2528 rows (note: grid rendered 2528 rows vs 2534 reported — known upstream row-numbering gaps, not a scraping error)
  2018-06-11: wrote 5334 rows (note: grid rendered 5334 rows vs 5371 reported — known upstream row-numbering gaps, not a scraping error)
  2018-06-13: wrote 3994 rows (note: grid rendered 3994 rows vs 4048 reported — known upstream row-numbering gaps, not a scraping error)
  2018-06-15: no data (holiday or out of archive range)
  2018-06-16: no data (holiday or out of archive range)
  2018-06-12: wrote 4002 rows (note: grid rendered 4002 rows vs 4075 reported — known upstream row-numbering gaps, not a scraping error)
  2018-06-17: wrote 3719 rows (note: grid rendered 3719 rows vs 4361 reported — known upstream row-numbering gaps, not a scraping error)
  2018-06-14: wrote 4694 rows (note: grid rendered 4694 rows vs 4756 reported — known upstream row-numbering gaps, not a scraping error)
  2018-06-18: wrote 3338 rows (note: grid rendered 3338 rows vs 3626 reported — known upstream row-numbering gaps, not a scraping error)
  2018-06-20: wrote 3108 rows (note: grid rendered 3108 rows vs 3334 reported — known upstream row-numbering gaps, not a scraping error)
  2018-06-19: wrote 2847 rows (note: grid rendered 2847 rows vs 3014 reported — known upstream row-numbering gaps, not a scraping error)
  2018-06-21: wrote 3363 rows (note: grid rendered 3363 rows vs 3513 reported — known upstream row-numbering gaps, not a scraping error)
  2018-06-23: no data (holiday or out of archive range)
  2018-06-22: no data (holiday or out of archive range)
  2018-06-24: wrote 3139 rows (note: grid rendered 3139 rows vs 3235 reported — known upstream row-numbering gaps, not a scraping error)
  2018-06-29: no data (holiday or out of archive range)
  2018-06-30: no data (holiday or out of archive range)
  2018-06-28: wrote 3323 rows (note: grid rendered 3323 rows vs 3362 reported — known upstream row-numbering gaps, not a scraping error)
  2018-06-26: wrote 3483 rows (note: grid rendered 3483 rows vs 3623 reported — known upstream row-numbering gaps, not a scraping error)
  2018-06-25: wrote 3122 rows (note: grid rendered 3122 rows vs 3219 reported — known upstream row-numbering gaps, not a scraping error)
  2018-06-27: wrote 2763 rows (note: grid rendered 2763 rows vs 2843 reported — known upstream row-numbering gaps, not a scraping error)
  2018-07-01: wrote 3588 rows (note: grid rendered 3588 rows vs 3683 reported — known upstream row-numbering gaps, not a scraping error)
  2018-07-06: no data (holiday or out of archive range)
  2018-07-04: wrote 3891 rows (note: grid rendered 3891 rows vs 3940 reported — known upstream row-numbering gaps, not a scraping error)
  2018-07-07: no data (holiday or out of archive range)
  2018-07-02: wrote 3140 rows (note: grid rendered 3140 rows vs 3218 reported — known upstream row-numbering gaps, not a scraping error)
  2018-07-05: wrote 6624 rows (note: grid rendered 6624 rows vs 6701 reported — known upstream row-numbering gaps, not a scraping error)
  2018-07-03: wrote 3326 rows (note: grid rendered 3326 rows vs 3365 reported — known upstream row-numbering gaps, not a scraping error)
  2018-07-08: wrote 6562 rows (note: grid rendered 6562 rows vs 6653 reported — known upstream row-numbering gaps, not a scraping error)
  2018-07-13: no data (holiday or out of archive range)
  2018-07-14: no data (holiday or out of archive range)
  2018-07-10: wrote 4439 rows (note: grid rendered 4439 rows vs 4493 reported — known upstream row-numbering gaps, not a scraping error)
  2018-07-09: wrote 4180 rows (note: grid rendered 4180 rows vs 4244 reported — known upstream row-numbering gaps, not a scraping error)
  2018-07-11: wrote 4690 rows (note: grid rendered 4690 rows vs 4783 reported — known upstream row-numbering gaps, not a scraping error)
  2018-07-12: wrote 4882 rows (note: grid rendered 4882 rows vs 4941 reported — known upstream row-numbering gaps, not a scraping error)
  2018-07-20: no data (holiday or out of archive range)
  2018-07-15: wrote 3548 rows (note: grid rendered 3548 rows vs 3592 reported — known upstream row-numbering gaps, not a scraping error)
  2018-07-21: no data (holiday or out of archive range)
  2018-07-16: wrote 3348 rows (note: grid rendered 3348 rows vs 3388 reported — known upstream row-numbering gaps, not a scraping error)
  2018-07-17: wrote 2637 rows (note: grid rendered 2637 rows vs 2660 reported — known upstream row-numbering gaps, not a scraping error)
  2018-07-18: wrote 2267 rows (note: grid rendered 2267 rows vs 2305 reported — known upstream row-numbering gaps, not a scraping error)
  2018-07-19: wrote 3726 rows (note: grid rendered 3726 rows vs 3772 reported — known upstream row-numbering gaps, not a scraping error)
  2018-07-22: wrote 3769 rows (note: grid rendered 3769 rows vs 3822 reported — known upstream row-numbering gaps, not a scraping error)
  2018-07-23: wrote 2871 rows (note: grid rendered 2871 rows vs 2912 reported — known upstream row-numbering gaps, not a scraping error)
  2018-07-27: no data (holiday or out of archive range)
  2018-07-24: wrote 3991 rows (note: grid rendered 3991 rows vs 4033 reported — known upstream row-numbering gaps, not a scraping error)
  2018-07-25: wrote 3118 rows (note: grid rendered 3118 rows vs 3158 reported — known upstream row-numbering gaps, not a scraping error)
  2018-07-26: wrote 3462 rows (note: grid rendered 3462 rows vs 3491 reported — known upstream row-numbering gaps, not a scraping error)
  2018-07-28: no data (holiday or out of archive range)
  2018-07-29: wrote 2962 rows (note: grid rendered 2962 rows vs 2985 reported — known upstream row-numbering gaps, not a scraping error)
  2018-07-31: wrote 3161 rows (note: grid rendered 3161 rows vs 3189 reported — known upstream row-numbering gaps, not a scraping error)
  2018-07-30: wrote 3614 rows (note: grid rendered 3614 rows vs 3664 reported — known upstream row-numbering gaps, not a scraping error)
  2018-08-03: no data (holiday or out of archive range)
  2018-08-04: no data (holiday or out of archive range)
  2018-08-02: wrote 2943 rows (note: grid rendered 2943 rows vs 2992 reported — known upstream row-numbering gaps, not a scraping error)
  2018-08-01: wrote 3044 rows (note: grid rendered 3044 rows vs 3081 reported — known upstream row-numbering gaps, not a scraping error)
  2018-08-10: no data (holiday or out of archive range)
  2018-08-08: wrote 3129 rows (note: grid rendered 3129 rows vs 3167 reported — known upstream row-numbering gaps, not a scraping error)
  2018-08-07: wrote 3497 rows (note: grid rendered 3497 rows vs 3525 reported — known upstream row-numbering gaps, not a scraping error)
  2018-08-05: wrote 2957 rows (note: grid rendered 2957 rows vs 2989 reported — known upstream row-numbering gaps, not a scraping error)
  2018-08-06: wrote 2858 rows (note: grid rendered 2858 rows vs 2874 reported — known upstream row-numbering gaps, not a scraping error)
  2018-08-11: no data (holiday or out of archive range)
  2018-08-09: wrote 4318 rows (note: grid rendered 4318 rows vs 4370 reported — known upstream row-numbering gaps, not a scraping error)
  2018-08-17: no data (holiday or out of archive range)
  2018-08-16: wrote 6448 rows (note: grid rendered 6448 rows vs 6515 reported — known upstream row-numbering gaps, not a scraping error)
  2018-08-13: wrote 2966 rows (note: grid rendered 2966 rows vs 3001 reported — known upstream row-numbering gaps, not a scraping error)
  2018-08-18: no data (holiday or out of archive range)
  2018-08-12: wrote 4133 rows (note: grid rendered 4133 rows vs 4176 reported — known upstream row-numbering gaps, not a scraping error)
  2018-08-14: wrote 3259 rows (note: grid rendered 3259 rows vs 3278 reported — known upstream row-numbering gaps, not a scraping error)
  2018-08-15: wrote 5864 rows (note: grid rendered 5864 rows vs 5902 reported — known upstream row-numbering gaps, not a scraping error)
  2018-08-22: no data (holiday or out of archive range)
  2018-08-25: no data (holiday or out of archive range)
  2018-08-24: no data (holiday or out of archive range)
  2018-08-19: wrote 4136 rows (note: grid rendered 4136 rows vs 4160 reported — known upstream row-numbering gaps, not a scraping error)
  2018-08-21: wrote 3200 rows (note: grid rendered 3200 rows vs 3224 reported — known upstream row-numbering gaps, not a scraping error)
  2018-08-20: wrote 3579 rows (note: grid rendered 3579 rows vs 3628 reported — known upstream row-numbering gaps, not a scraping error)
  2018-08-27: no data (holiday or out of archive range)
  2018-08-23: wrote 3484 rows (note: grid rendered 3484 rows vs 3502 reported — known upstream row-numbering gaps, not a scraping error)
  2018-08-29: wrote 3234 rows (note: grid rendered 3234 rows vs 3274 reported — known upstream row-numbering gaps, not a scraping error)
  2018-08-31: no data (holiday or out of archive range)
  2018-08-26: wrote 2558 rows (note: grid rendered 2558 rows vs 2575 reported — known upstream row-numbering gaps, not a scraping error)
  2018-09-01: no data (holiday or out of archive range)
  2018-08-28: wrote 3263 rows (note: grid rendered 3263 rows vs 3274 reported — known upstream row-numbering gaps, not a scraping error)
  2018-08-30: wrote 2990 rows (note: grid rendered 2990 rows vs 3010 reported — known upstream row-numbering gaps, not a scraping error)
  2018-09-02: wrote 4200 rows (note: grid rendered 4200 rows vs 4242 reported — known upstream row-numbering gaps, not a scraping error)
  2018-09-07: no data (holiday or out of archive range)
  2018-09-08: no data (holiday or out of archive range)
  2018-09-03: wrote 5931 rows (note: grid rendered 5931 rows vs 5987 reported — known upstream row-numbering gaps, not a scraping error)
  2018-09-04: wrote 5765 rows (note: grid rendered 5765 rows vs 5807 reported — known upstream row-numbering gaps, not a scraping error)
  2018-09-06: wrote 8597 rows (note: grid rendered 8597 rows vs 8653 reported — known upstream row-numbering gaps, not a scraping error)
  2018-09-05: wrote 7860 rows (note: grid rendered 7860 rows vs 7903 reported — known upstream row-numbering gaps, not a scraping error)
  2018-09-14: no data (holiday or out of archive range)
  2018-09-09: wrote 4460 rows (note: grid rendered 4460 rows vs 4487 reported — known upstream row-numbering gaps, not a scraping error)
  2018-09-10: wrote 3778 rows (note: grid rendered 3778 rows vs 3795 reported — known upstream row-numbering gaps, not a scraping error)
  2018-09-13: wrote 7374 rows (note: grid rendered 7374 rows vs 7436 reported — known upstream row-numbering gaps, not a scraping error)
  2018-09-12: wrote 4159 rows (note: grid rendered 4159 rows vs 4177 reported — known upstream row-numbering gaps, not a scraping error)
  2018-09-16: wrote 8847 rows (note: grid rendered 8847 rows vs 8916 reported — known upstream row-numbering gaps, not a scraping error)
  2018-09-17: wrote 6862 rows (note: grid rendered 6862 rows vs 6941 reported — known upstream row-numbering gaps, not a scraping error)
  2018-09-15: no data (holiday or out of archive range)
  2018-09-19: no data (holiday or out of archive range)
  2018-09-22: no data (holiday or out of archive range)
  2018-09-21: no data (holiday or out of archive range)
  2018-09-18: wrote 5839 rows (note: grid rendered 5839 rows vs 5877 reported — known upstream row-numbering gaps, not a scraping error)
  2018-09-11: wrote 4127 rows (note: grid rendered 4127 rows vs 4170 reported — known upstream row-numbering gaps, not a scraping error)
  2018-09-24: no data (holiday or out of archive range)
  2018-09-20: wrote 5918 rows (note: grid rendered 5918 rows vs 5966 reported — known upstream row-numbering gaps, not a scraping error)
  2018-09-28: no data (holiday or out of archive range)
  2018-09-23: wrote 6847 rows (note: grid rendered 6847 rows vs 6886 reported — known upstream row-numbering gaps, not a scraping error)
  2018-09-29: no data (holiday or out of archive range)
  2018-09-27: wrote 6604 rows (note: grid rendered 6604 rows vs 6657 reported — known upstream row-numbering gaps, not a scraping error)
  2018-09-26: wrote 8902 rows (note: grid rendered 8902 rows vs 8941 reported — known upstream row-numbering gaps, not a scraping error)
  2018-09-25: wrote 10078 rows (note: grid rendered 10078 rows vs 10118 reported — known upstream row-numbering gaps, not a scraping error)
  2018-10-05: no data (holiday or out of archive range)
  2018-10-02: wrote 4903 rows (note: grid rendered 4903 rows vs 4933 reported — known upstream row-numbering gaps, not a scraping error)
  2018-09-30: wrote 5786 rows (note: grid rendered 5786 rows vs 5828 reported — known upstream row-numbering gaps, not a scraping error)
  2018-10-01: wrote 5773 rows (note: grid rendered 5773 rows vs 5797 reported — known upstream row-numbering gaps, not a scraping error)
  2018-10-06: no data (holiday or out of archive range)
  2018-10-04: wrote 5409 rows (note: grid rendered 5409 rows vs 5440 reported — known upstream row-numbering gaps, not a scraping error)
  2018-10-03: wrote 4721 rows (note: grid rendered 4721 rows vs 4738 reported — known upstream row-numbering gaps, not a scraping error)
  2018-10-08: wrote 4018 rows (note: grid rendered 4018 rows vs 4046 reported — known upstream row-numbering gaps, not a scraping error)
  2018-10-09: wrote 6149 rows (note: grid rendered 6149 rows vs 6174 reported — known upstream row-numbering gaps, not a scraping error)
  2018-10-07: wrote 4714 rows (note: grid rendered 4714 rows vs 4745 reported — known upstream row-numbering gaps, not a scraping error)
  2018-10-12: no data (holiday or out of archive range)
  2018-10-11: wrote 4571 rows (note: grid rendered 4571 rows vs 4584 reported — known upstream row-numbering gaps, not a scraping error)
  2018-10-10: wrote 4514 rows (note: grid rendered 4514 rows vs 4532 reported — known upstream row-numbering gaps, not a scraping error)
  2018-10-13: no data (holiday or out of archive range)
  2018-10-16: no data (holiday or out of archive range)
  2018-10-15: wrote 4387 rows (note: grid rendered 4387 rows vs 4408 reported — known upstream row-numbering gaps, not a scraping error)
  2018-10-14: wrote 4514 rows (note: grid rendered 4514 rows vs 4530 reported — known upstream row-numbering gaps, not a scraping error)
  2018-10-20: no data (holiday or out of archive range)
  2018-10-17: no data (holiday or out of archive range)
  2018-10-19: no data (holiday or out of archive range)
  2018-10-18: no data (holiday or out of archive range)
  2018-10-26: no data (holiday or out of archive range)
  2018-10-22: wrote 3490 rows (note: grid rendered 3490 rows vs 3499 reported — known upstream row-numbering gaps, not a scraping error)
  2018-10-27: no data (holiday or out of archive range)
  2018-10-24: wrote 3737 rows (note: grid rendered 3737 rows vs 3750 reported — known upstream row-numbering gaps, not a scraping error)
  2018-10-21: wrote 2199 rows (note: grid rendered 2199 rows vs 2204 reported — known upstream row-numbering gaps, not a scraping error)
  2018-10-23: wrote 3381 rows (note: grid rendered 3381 rows vs 3401 reported — known upstream row-numbering gaps, not a scraping error)
  2018-10-30: wrote 4103 rows (note: grid rendered 4103 rows vs 4129 reported — known upstream row-numbering gaps, not a scraping error)
  2018-10-29: wrote 4514 rows (note: grid rendered 4514 rows vs 4532 reported — known upstream row-numbering gaps, not a scraping error)
  2018-10-28: wrote 4953 rows (note: grid rendered 4953 rows vs 4985 reported — known upstream row-numbering gaps, not a scraping error)
  2018-10-25: wrote 4305 rows (note: grid rendered 4305 rows vs 4317 reported — known upstream row-numbering gaps, not a scraping error)
  2018-11-03: no data (holiday or out of archive range)
  2018-10-31: wrote 3316 rows (note: grid rendered 3316 rows vs 3336 reported — known upstream row-numbering gaps, not a scraping error)
  2018-11-01: wrote 4101 rows (note: grid rendered 4101 rows vs 4128 reported — known upstream row-numbering gaps, not a scraping error)
  2018-11-02: no data (holiday or out of archive range)
  2018-11-06: wrote 573 rows (note: grid rendered 573 rows vs 574 reported — known upstream row-numbering gaps, not a scraping error)
  2018-11-09: no data (holiday or out of archive range)
  2018-11-08: no data (holiday or out of archive range)
  2018-11-07: no data (holiday or out of archive range)
  2018-11-11: no data (holiday or out of archive range)
  2018-11-10: no data (holiday or out of archive range)
  2018-11-04: wrote 3611 rows (note: grid rendered 3611 rows vs 3642 reported — known upstream row-numbering gaps, not a scraping error)
  2018-11-12: wrote 2590 rows (note: grid rendered 2590 rows vs 2607 reported — known upstream row-numbering gaps, not a scraping error)
  2018-11-05: wrote 3043 rows (note: grid rendered 3043 rows vs 3053 reported — known upstream row-numbering gaps, not a scraping error)
  2018-11-16: no data (holiday or out of archive range)
  2018-11-13: wrote 2701 rows (note: grid rendered 2701 rows vs 2760 reported — known upstream row-numbering gaps, not a scraping error)
  2018-11-14: wrote 2593 rows (note: grid rendered 2593 rows vs 2628 reported — known upstream row-numbering gaps, not a scraping error)
  2018-11-15: wrote 3486 rows (note: grid rendered 3486 rows vs 3520 reported — known upstream row-numbering gaps, not a scraping error)
  2018-11-17: no data (holiday or out of archive range)
  2018-11-23: no data (holiday or out of archive range)
  2018-11-19: wrote 3466 rows (note: grid rendered 3466 rows vs 3495 reported — known upstream row-numbering gaps, not a scraping error)
  2018-11-18: wrote 3479 rows (note: grid rendered 3479 rows vs 3488 reported — known upstream row-numbering gaps, not a scraping error)
  2018-11-21: wrote 3343 rows (note: grid rendered 3343 rows vs 3370 reported — known upstream row-numbering gaps, not a scraping error)
  2018-11-24: no data (holiday or out of archive range)
  2018-11-20: wrote 3029 rows (note: grid rendered 3029 rows vs 3053 reported — known upstream row-numbering gaps, not a scraping error)
  2018-11-22: wrote 3964 rows (note: grid rendered 3964 rows vs 4003 reported — known upstream row-numbering gaps, not a scraping error)
  2018-11-27: wrote 3550 rows (note: grid rendered 3550 rows vs 3577 reported — known upstream row-numbering gaps, not a scraping error)
  2018-11-26: wrote 4056 rows (note: grid rendered 4056 rows vs 4082 reported — known upstream row-numbering gaps, not a scraping error)
  2018-11-28: wrote 3519 rows (note: grid rendered 3519 rows vs 3553 reported — known upstream row-numbering gaps, not a scraping error)
  2018-11-30: no data (holiday or out of archive range)
  2018-11-25: wrote 3920 rows (note: grid rendered 3920 rows vs 3945 reported — known upstream row-numbering gaps, not a scraping error)
  2018-11-29: wrote 4243 rows (note: grid rendered 4243 rows vs 4267 reported — known upstream row-numbering gaps, not a scraping error)
  2018-12-01: no data (holiday or out of archive range)
  2018-12-07: no data (holiday or out of archive range)
  2018-12-02: wrote 5374 rows (note: grid rendered 5374 rows vs 5403 reported — known upstream row-numbering gaps, not a scraping error)
  2018-12-05: wrote 4352 rows (note: grid rendered 4352 rows vs 4368 reported — known upstream row-numbering gaps, not a scraping error)
  2018-12-04: wrote 4064 rows (note: grid rendered 4064 rows vs 4091 reported — known upstream row-numbering gaps, not a scraping error)
  2018-12-03: wrote 4738 rows (note: grid rendered 4738 rows vs 4769 reported — known upstream row-numbering gaps, not a scraping error)
  2018-12-08: no data (holiday or out of archive range)
  2018-12-06: wrote 4143 rows (note: grid rendered 4143 rows vs 4170 reported — known upstream row-numbering gaps, not a scraping error)
  2018-12-09: wrote 2935 rows (note: grid rendered 2935 rows vs 3057 reported — known upstream row-numbering gaps, not a scraping error)
  2018-12-14: no data (holiday or out of archive range)
  2018-12-15: no data (holiday or out of archive range)
  2018-12-10: wrote 4539 rows (note: grid rendered 4539 rows vs 4566 reported — known upstream row-numbering gaps, not a scraping error)
  2018-12-11: wrote 3550 rows (note: grid rendered 3550 rows vs 3565 reported — known upstream row-numbering gaps, not a scraping error)
  2018-12-13: wrote 3252 rows (note: grid rendered 3252 rows vs 3266 reported — known upstream row-numbering gaps, not a scraping error)
  2018-12-12: wrote 2816 rows (note: grid rendered 2816 rows vs 2835 reported — known upstream row-numbering gaps, not a scraping error)
  2018-12-21: no data (holiday or out of archive range)
  2018-12-16: wrote 4954 rows (note: grid rendered 4954 rows vs 4974 reported — known upstream row-numbering gaps, not a scraping error)
  2018-12-22: no data (holiday or out of archive range)
  2018-12-19: wrote 4412 rows (note: grid rendered 4412 rows vs 4442 reported — known upstream row-numbering gaps, not a scraping error)
  2018-12-20: wrote 4822 rows (note: grid rendered 4822 rows vs 4878 reported — known upstream row-numbering gaps, not a scraping error)
  2018-12-18: wrote 5616 rows (note: grid rendered 5616 rows vs 5674 reported — known upstream row-numbering gaps, not a scraping error)
  2018-12-17: wrote 3650 rows (note: grid rendered 3650 rows vs 3670 reported — known upstream row-numbering gaps, not a scraping error)
  2018-12-28: no data (holiday or out of archive range)
  2018-12-24: wrote 7965 rows (note: grid rendered 7965 rows vs 7993 reported — known upstream row-numbering gaps, not a scraping error)
  2018-12-25: wrote 4869 rows (note: grid rendered 4869 rows vs 4943 reported — known upstream row-numbering gaps, not a scraping error)
  2018-12-29: no data (holiday or out of archive range)
  2018-12-26: wrote 7587 rows (note: grid rendered 7587 rows vs 7634 reported — known upstream row-numbering gaps, not a scraping error)
  2018-12-27: wrote 10362 rows (note: grid rendered 10362 rows vs 10406 reported — known upstream row-numbering gaps, not a scraping error)
  2018-12-23: wrote 8686 rows (note: grid rendered 8686 rows vs 8753 reported — known upstream row-numbering gaps, not a scraping error)
  2018-12-31: wrote 5186 rows (note: grid rendered 5186 rows vs 5258 reported — known upstream row-numbering gaps, not a scraping error)
  2018-12-30: wrote 5366 rows (note: grid rendered 5366 rows vs 5413 reported — known upstream row-numbering gaps, not a scraping error)
  2019-01-01: wrote 3524 rows (note: grid rendered 3524 rows vs 3597 reported — known upstream row-numbering gaps, not a scraping error)
  2019-01-04: no data (holiday or out of archive range)
  2019-01-03: wrote 3667 rows (note: grid rendered 3667 rows vs 3723 reported — known upstream row-numbering gaps, not a scraping error)
  2019-01-02: wrote 3302 rows (note: grid rendered 3302 rows vs 3371 reported — known upstream row-numbering gaps, not a scraping error)
  2019-01-05: no data (holiday or out of archive range)
  2019-01-11: no data (holiday or out of archive range)
  2019-01-07: wrote 3399 rows (note: grid rendered 3399 rows vs 3451 reported — known upstream row-numbering gaps, not a scraping error)
  2019-01-06: wrote 4218 rows (note: grid rendered 4218 rows vs 4252 reported — known upstream row-numbering gaps, not a scraping error)
  2019-01-08: wrote 3553 rows (note: grid rendered 3553 rows vs 3573 reported — known upstream row-numbering gaps, not a scraping error)
  2019-01-09: wrote 3159 rows (note: grid rendered 3159 rows vs 3205 reported — known upstream row-numbering gaps, not a scraping error)
  2019-01-10: wrote 3823 rows (note: grid rendered 3823 rows vs 3872 reported — known upstream row-numbering gaps, not a scraping error)
  2019-01-14: no data (holiday or out of archive range)
  2019-01-12: no data (holiday or out of archive range)
  2019-01-16: wrote 5205 rows (note: grid rendered 5205 rows vs 5241 reported — known upstream row-numbering gaps, not a scraping error)
  2019-01-18: no data (holiday or out of archive range)
  2019-01-13: wrote 4945 rows (note: grid rendered 4945 rows vs 4976 reported — known upstream row-numbering gaps, not a scraping error)
  2019-01-19: no data (holiday or out of archive range)
  2019-01-15: wrote 4604 rows (note: grid rendered 4604 rows vs 4635 reported — known upstream row-numbering gaps, not a scraping error)
  2019-01-17: wrote 4855 rows (note: grid rendered 4855 rows vs 4897 reported — known upstream row-numbering gaps, not a scraping error)
  2019-01-22: no data (holiday or out of archive range)
  2019-01-25: no data (holiday or out of archive range)
  2019-01-26: no data (holiday or out of archive range)
  2019-01-23: wrote 5481 rows (note: grid rendered 5481 rows vs 5523 reported — known upstream row-numbering gaps, not a scraping error)
  2019-01-20: wrote 14409 rows (note: grid rendered 14409 rows vs 14440 reported — known upstream row-numbering gaps, not a scraping error)
  2019-01-21: wrote 11931 rows (note: grid rendered 11931 rows vs 11975 reported — known upstream row-numbering gaps, not a scraping error)
  2019-01-28: wrote 4489 rows (note: grid rendered 4489 rows vs 4582 reported — known upstream row-numbering gaps, not a scraping error)
  2019-01-24: wrote 6045 rows (note: grid rendered 6045 rows vs 6101 reported — known upstream row-numbering gaps, not a scraping error)
  2019-01-27: wrote 6696 rows (note: grid rendered 6696 rows vs 6730 reported — known upstream row-numbering gaps, not a scraping error)
  2019-01-29: wrote 5288 rows (note: grid rendered 5288 rows vs 5463 reported — known upstream row-numbering gaps, not a scraping error)
  2019-01-31: wrote 5260 rows (note: grid rendered 5260 rows vs 5313 reported — known upstream row-numbering gaps, not a scraping error)
  2019-02-01: no data (holiday or out of archive range)
  2019-02-02: no data (holiday or out of archive range)
  2019-01-30: wrote 4489 rows (note: grid rendered 4489 rows vs 4600 reported — known upstream row-numbering gaps, not a scraping error)
  2019-02-03: wrote 5727 rows (note: grid rendered 5727 rows vs 5785 reported — known upstream row-numbering gaps, not a scraping error)
  2019-02-08: no data (holiday or out of archive range)
  2019-02-09: no data (holiday or out of archive range)
  2019-02-07: wrote 6295 rows (note: grid rendered 6295 rows vs 6384 reported — known upstream row-numbering gaps, not a scraping error)
  2019-02-04: wrote 5784 rows (note: grid rendered 5784 rows vs 5797 reported — known upstream row-numbering gaps, not a scraping error)
  2019-02-06: wrote 5277 rows (note: grid rendered 5277 rows vs 5303 reported — known upstream row-numbering gaps, not a scraping error)
  2019-02-05: wrote 4453 rows (note: grid rendered 4453 rows vs 4489 reported — known upstream row-numbering gaps, not a scraping error)
  2019-02-15: no data (holiday or out of archive range)
  2019-02-10: wrote 5569 rows (note: grid rendered 5569 rows vs 5592 reported — known upstream row-numbering gaps, not a scraping error)
  2019-02-11: wrote 4966 rows (note: grid rendered 4966 rows vs 4982 reported — known upstream row-numbering gaps, not a scraping error)
  2019-02-16: no data (holiday or out of archive range)
  2019-02-12: wrote 4105 rows (note: grid rendered 4105 rows vs 4119 reported — known upstream row-numbering gaps, not a scraping error)
  2019-02-13: wrote 4902 rows (note: grid rendered 4902 rows vs 4928 reported — known upstream row-numbering gaps, not a scraping error)
  2019-02-14: wrote 5836 rows (note: grid rendered 5836 rows vs 5870 reported — known upstream row-numbering gaps, not a scraping error)
  2019-02-17: wrote 5129 rows (note: grid rendered 5129 rows vs 5151 reported — known upstream row-numbering gaps, not a scraping error)
  2019-02-18: wrote 5103 rows (note: grid rendered 5103 rows vs 5147 reported — known upstream row-numbering gaps, not a scraping error)
  2019-02-22: no data (holiday or out of archive range)
  2019-02-23: no data (holiday or out of archive range)
  2019-02-20: wrote 3668 rows (note: grid rendered 3668 rows vs 3689 reported — known upstream row-numbering gaps, not a scraping error)
  2019-02-19: wrote 4523 rows (note: grid rendered 4523 rows vs 4568 reported — known upstream row-numbering gaps, not a scraping error)
  2019-02-21: wrote 7120 rows (note: grid rendered 7120 rows vs 7139 reported — known upstream row-numbering gaps, not a scraping error)
  2019-02-24: wrote 6338 rows (note: grid rendered 6338 rows vs 6356 reported — known upstream row-numbering gaps, not a scraping error)
  2019-02-25: wrote 4307 rows (note: grid rendered 4307 rows vs 4319 reported — known upstream row-numbering gaps, not a scraping error)
  2019-02-28: no data (holiday or out of archive range)
  2019-03-01: no data (holiday or out of archive range)
  2019-02-26: wrote 3670 rows (note: grid rendered 3670 rows vs 3681 reported — known upstream row-numbering gaps, not a scraping error)
  2019-02-27: wrote 3907 rows (note: grid rendered 3907 rows vs 3926 reported — known upstream row-numbering gaps, not a scraping error)
  2019-03-04: no data (holiday or out of archive range)
  2019-03-02: no data (holiday or out of archive range)
  2019-03-08: no data (holiday or out of archive range)
  2019-03-05: wrote 4313 rows (note: grid rendered 4313 rows vs 4327 reported — known upstream row-numbering gaps, not a scraping error)
  2019-03-06: wrote 4269 rows (note: grid rendered 4269 rows vs 4302 reported — known upstream row-numbering gaps, not a scraping error)
  2019-03-03: wrote 4791 rows (note: grid rendered 4791 rows vs 4804 reported — known upstream row-numbering gaps, not a scraping error)
  2019-03-09: no data (holiday or out of archive range)
  2019-03-10: wrote 1850 rows (note: grid rendered 1850 rows vs 1932 reported — known upstream row-numbering gaps, not a scraping error)
  2019-03-07: wrote 5492 rows (note: grid rendered 5492 rows vs 5515 reported — known upstream row-numbering gaps, not a scraping error)
  2019-03-15: no data (holiday or out of archive range)
  2019-03-16: no data (holiday or out of archive range)
  2019-03-13: wrote 6550 rows (note: grid rendered 6550 rows vs 6568 reported — known upstream row-numbering gaps, not a scraping error)
  2019-03-11: wrote 6734 rows (note: grid rendered 6734 rows vs 6753 reported — known upstream row-numbering gaps, not a scraping error)
  2019-03-12: wrote 7654 rows (note: grid rendered 7654 rows vs 7679 reported — known upstream row-numbering gaps, not a scraping error)
  2019-03-14: wrote 4191 rows (note: grid rendered 4191 rows vs 4237 reported — known upstream row-numbering gaps, not a scraping error)
  2019-03-20: no data (holiday or out of archive range)
  2019-03-17: wrote 5500 rows (note: grid rendered 5500 rows vs 5566 reported — known upstream row-numbering gaps, not a scraping error)
  2019-03-23: no data (holiday or out of archive range)
  2019-03-22: no data (holiday or out of archive range)
  2019-03-18: wrote 4808 rows (note: grid rendered 4808 rows vs 4819 reported — known upstream row-numbering gaps, not a scraping error)
  2019-03-21: wrote 4624 rows (note: grid rendered 4624 rows vs 4647 reported — known upstream row-numbering gaps, not a scraping error)
  2019-03-19: wrote 2589 rows (note: grid rendered 2589 rows vs 2592 reported — known upstream row-numbering gaps, not a scraping error)
  2019-03-29: no data (holiday or out of archive range)
  2019-03-24: wrote 7319 rows (note: grid rendered 7319 rows vs 7336 reported — known upstream row-numbering gaps, not a scraping error)
  2019-03-28: wrote 5698 rows (note: grid rendered 5698 rows vs 5712 reported — known upstream row-numbering gaps, not a scraping error)
  2019-03-25: wrote 5239 rows (note: grid rendered 5239 rows vs 5254 reported — known upstream row-numbering gaps, not a scraping error)
  2019-03-30: no data (holiday or out of archive range)
  2019-03-26: wrote 4600 rows (note: grid rendered 4600 rows vs 4613 reported — known upstream row-numbering gaps, not a scraping error)
  2019-03-27: wrote 5443 rows (note: grid rendered 5443 rows vs 5448 reported — known upstream row-numbering gaps, not a scraping error)
  2019-04-05: no data (holiday or out of archive range)
  2019-03-31: wrote 5774 rows (note: grid rendered 5774 rows vs 5777 reported — known upstream row-numbering gaps, not a scraping error)
  2019-04-02: wrote 7813 rows (note: grid rendered 7813 rows vs 7824 reported — known upstream row-numbering gaps, not a scraping error)
  2019-04-01: wrote 6073 rows (note: grid rendered 6073 rows vs 6085 reported — known upstream row-numbering gaps, not a scraping error)
  2019-04-06: no data (holiday or out of archive range)
  2019-04-04: wrote 6853 rows (note: grid rendered 6853 rows vs 6871 reported — known upstream row-numbering gaps, not a scraping error)
  2019-04-03: wrote 7192 rows (note: grid rendered 7192 rows vs 7202 reported — known upstream row-numbering gaps, not a scraping error)
  2019-04-12: no data (holiday or out of archive range)
  2019-04-10: wrote 5967 rows (note: grid rendered 5967 rows vs 5975 reported — known upstream row-numbering gaps, not a scraping error)
  2019-04-07: wrote 7510 rows (note: grid rendered 7510 rows vs 7532 reported — known upstream row-numbering gaps, not a scraping error)
  2019-04-09: wrote 7059 rows (note: grid rendered 7059 rows vs 7070 reported — known upstream row-numbering gaps, not a scraping error)
  2019-04-08: wrote 11347 rows (note: grid rendered 11347 rows vs 11360 reported — known upstream row-numbering gaps, not a scraping error)
  2019-04-13: no data (holiday or out of archive range)
  2019-04-14: no data (holiday or out of archive range)
  2019-04-11: wrote 6852 rows (note: grid rendered 6852 rows vs 6860 reported — known upstream row-numbering gaps, not a scraping error)
  2019-04-19: no data (holiday or out of archive range)
  2019-04-20: no data (holiday or out of archive range)
  2019-04-16: wrote 8969 rows (note: grid rendered 8969 rows vs 8978 reported — known upstream row-numbering gaps, not a scraping error)
  2019-04-21: wrote 10657 rows (note: grid rendered 10657 rows vs 10671 reported — known upstream row-numbering gaps, not a scraping error)
  2019-04-22: wrote 10915 rows (note: grid rendered 10915 rows vs 10918 reported — known upstream row-numbering gaps, not a scraping error)
  2019-04-23: wrote 6635 rows (note: grid rendered 6635 rows vs 6660 reported — known upstream row-numbering gaps, not a scraping error)
  2019-04-17: wrote 9586 rows (note: grid rendered 9586 rows vs 9597 reported — known upstream row-numbering gaps, not a scraping error)
  2019-04-15: wrote 5395 rows (note: grid rendered 5395 rows vs 5454 reported — known upstream row-numbering gaps, not a scraping error)
  2019-04-24: wrote 9578 rows (note: grid rendered 9578 rows vs 9609 reported — known upstream row-numbering gaps, not a scraping error)
  2019-04-27: no data (holiday or out of archive range)
  2019-04-26: no data (holiday or out of archive range)
  2019-05-01: no data (holiday or out of archive range)
  2019-04-25: wrote 13127 rows (note: grid rendered 13127 rows vs 13150 reported — known upstream row-numbering gaps, not a scraping error)
  2019-04-29: wrote 12576 rows (note: grid rendered 12576 rows vs 12589 reported — known upstream row-numbering gaps, not a scraping error)
  2019-04-28: wrote 16059 rows (note: grid rendered 16059 rows vs 16075 reported — known upstream row-numbering gaps, not a scraping error)
  2019-05-03: no data (holiday or out of archive range)
  2019-05-04: no data (holiday or out of archive range)
  2019-05-02: wrote 7880 rows (note: grid rendered 7880 rows vs 7898 reported — known upstream row-numbering gaps, not a scraping error)
  2019-04-30: wrote 10065 rows (note: grid rendered 10065 rows vs 10074 reported — known upstream row-numbering gaps, not a scraping error)
  2019-05-10: no data (holiday or out of archive range)
  2019-05-07: wrote 8547 rows (note: grid rendered 8547 rows vs 8554 reported — known upstream row-numbering gaps, not a scraping error)
  2019-05-08: wrote 6750 rows (note: grid rendered 6750 rows vs 6765 reported — known upstream row-numbering gaps, not a scraping error)
  2019-05-06: wrote 8045 rows (note: grid rendered 8045 rows vs 8056 reported — known upstream row-numbering gaps, not a scraping error)
  2019-05-11: no data (holiday or out of archive range)
  2019-05-05: wrote 8301 rows (note: grid rendered 8301 rows vs 8313 reported — known upstream row-numbering gaps, not a scraping error)
  2019-05-09: wrote 6812 rows (note: grid rendered 6812 rows vs 6837 reported — known upstream row-numbering gaps, not a scraping error)
  2019-05-17: no data (holiday or out of archive range)
  2019-05-14: wrote 9905 rows (note: grid rendered 9905 rows vs 9919 reported — known upstream row-numbering gaps, not a scraping error)
  2019-05-12: wrote 8001 rows (note: grid rendered 8001 rows vs 8038 reported — known upstream row-numbering gaps, not a scraping error)
  2019-05-13: wrote 8713 rows (note: grid rendered 8713 rows vs 8721 reported — known upstream row-numbering gaps, not a scraping error)
  2019-05-16: wrote 10624 rows (note: grid rendered 10624 rows vs 10641 reported — known upstream row-numbering gaps, not a scraping error)
  2019-05-18: no data (holiday or out of archive range)
  2019-05-15: wrote 13610 rows (note: grid rendered 13610 rows vs 13634 reported — known upstream row-numbering gaps, not a scraping error)
  2019-05-24: no data (holiday or out of archive range)
  2019-05-19: wrote 10501 rows (note: grid rendered 10501 rows vs 10525 reported — known upstream row-numbering gaps, not a scraping error)
  2019-05-20: wrote 11988 rows (note: grid rendered 11988 rows vs 12009 reported — known upstream row-numbering gaps, not a scraping error)
  2019-05-25: no data (holiday or out of archive range)
  2019-05-21: wrote 10070 rows (note: grid rendered 10070 rows vs 10091 reported — known upstream row-numbering gaps, not a scraping error)
  2019-05-22: wrote 12371 rows (note: grid rendered 12371 rows vs 12422 reported — known upstream row-numbering gaps, not a scraping error)
  2019-05-23: wrote 12031 rows (note: grid rendered 12031 rows vs 12043 reported — known upstream row-numbering gaps, not a scraping error)
  2019-05-31: no data (holiday or out of archive range)
  2019-05-28: wrote 9136 rows (note: grid rendered 9136 rows vs 9148 reported — known upstream row-numbering gaps, not a scraping error)
  2019-05-27: wrote 6604 rows (note: grid rendered 6604 rows vs 6618 reported — known upstream row-numbering gaps, not a scraping error)
  2019-05-26: wrote 9282 rows (note: grid rendered 9282 rows vs 9294 reported — known upstream row-numbering gaps, not a scraping error)
  2019-06-01: no data (holiday or out of archive range)
  2019-06-05: no data (holiday or out of archive range)
  2019-05-29: wrote 10378 rows (note: grid rendered 10378 rows vs 10415 reported — known upstream row-numbering gaps, not a scraping error)
  2019-06-02: wrote 9783 rows (note: grid rendered 9783 rows vs 9803 reported — known upstream row-numbering gaps, not a scraping error)
  2019-06-08: no data (holiday or out of archive range)
  2019-06-07: no data (holiday or out of archive range)
  2019-05-30: wrote 16273 rows (note: grid rendered 16273 rows vs 16303 reported — known upstream row-numbering gaps, not a scraping error)
  2019-06-09: no data (holiday or out of archive range)
  2019-06-03: wrote 8417 rows (note: grid rendered 8417 rows vs 8447 reported — known upstream row-numbering gaps, not a scraping error)
  2019-06-04: wrote 9917 rows (note: grid rendered 9917 rows vs 9939 reported — known upstream row-numbering gaps, not a scraping error)
  2019-06-06: wrote 8041 rows (note: grid rendered 8041 rows vs 8081 reported — known upstream row-numbering gaps, not a scraping error)
  2019-06-15: no data (holiday or out of archive range)
  2019-06-14: no data (holiday or out of archive range)
  2019-06-11: wrote 7679 rows (note: grid rendered 7679 rows vs 7714 reported — known upstream row-numbering gaps, not a scraping error)
  2019-06-10: wrote 8250 rows (note: grid rendered 8250 rows vs 8328 reported — known upstream row-numbering gaps, not a scraping error)
  2019-06-13: wrote 6511 rows (note: grid rendered 6511 rows vs 6548 reported — known upstream row-numbering gaps, not a scraping error)
  2019-06-12: wrote 6760 rows (note: grid rendered 6760 rows vs 6792 reported — known upstream row-numbering gaps, not a scraping error)
  2019-06-17: wrote 6137 rows (note: grid rendered 6137 rows vs 6156 reported — known upstream row-numbering gaps, not a scraping error)
  2019-06-16: wrote 6872 rows (note: grid rendered 6872 rows vs 6903 reported — known upstream row-numbering gaps, not a scraping error)
  2019-06-22: no data (holiday or out of archive range)
  2019-06-18: wrote 5392 rows (note: grid rendered 5392 rows vs 5407 reported — known upstream row-numbering gaps, not a scraping error)
  2019-06-21: no data (holiday or out of archive range)
  2019-06-19: wrote 4407 rows (note: grid rendered 4407 rows vs 4428 reported — known upstream row-numbering gaps, not a scraping error)
  2019-06-20: wrote 5310 rows (note: grid rendered 5310 rows vs 5342 reported — known upstream row-numbering gaps, not a scraping error)
  2019-06-23: wrote 5597 rows (note: grid rendered 5597 rows vs 5609 reported — known upstream row-numbering gaps, not a scraping error)
  2019-06-28: no data (holiday or out of archive range)
  2019-06-24: wrote 5966 rows (note: grid rendered 5966 rows vs 5980 reported — known upstream row-numbering gaps, not a scraping error)
  2019-06-25: wrote 5574 rows (note: grid rendered 5574 rows vs 5587 reported — known upstream row-numbering gaps, not a scraping error)
  2019-06-26: wrote 6819 rows (note: grid rendered 6819 rows vs 6842 reported — known upstream row-numbering gaps, not a scraping error)
  2019-06-29: no data (holiday or out of archive range)
  2019-06-27: wrote 7643 rows (note: grid rendered 7643 rows vs 7659 reported — known upstream row-numbering gaps, not a scraping error)
  2019-07-02: wrote 6144 rows (note: grid rendered 6144 rows vs 6157 reported — known upstream row-numbering gaps, not a scraping error)
  2019-07-05: no data (holiday or out of archive range)
  2019-07-01: wrote 5948 rows (note: grid rendered 5948 rows vs 5971 reported — known upstream row-numbering gaps, not a scraping error)
  2019-07-04: wrote 7813 rows (note: grid rendered 7813 rows vs 7844 reported — known upstream row-numbering gaps, not a scraping error)
  2019-07-03: wrote 7498 rows (note: grid rendered 7498 rows vs 7519 reported — known upstream row-numbering gaps, not a scraping error)
  2019-06-30: wrote 7181 rows (note: grid rendered 7181 rows vs 7201 reported — known upstream row-numbering gaps, not a scraping error)
  2019-07-06: no data (holiday or out of archive range)
  2019-07-12: no data (holiday or out of archive range)
  2019-07-07: wrote 7696 rows (note: grid rendered 7696 rows vs 7698 reported — known upstream row-numbering gaps, not a scraping error)
  2019-07-13: no data (holiday or out of archive range)
  2019-07-11: wrote 8642 rows (note: grid rendered 8642 rows vs 8655 reported — known upstream row-numbering gaps, not a scraping error)
  2019-07-08: wrote 7237 rows (note: grid rendered 7237 rows vs 7244 reported — known upstream row-numbering gaps, not a scraping error)
  2019-07-09: wrote 5779 rows (note: grid rendered 5779 rows vs 5798 reported — known upstream row-numbering gaps, not a scraping error)
  2019-07-10: wrote 5249 rows (note: grid rendered 5249 rows vs 5272 reported — known upstream row-numbering gaps, not a scraping error)
  2019-07-14: wrote 4915 rows (note: grid rendered 4915 rows vs 4921 reported — known upstream row-numbering gaps, not a scraping error)
  2019-07-19: no data (holiday or out of archive range)
  2019-07-16: wrote 4528 rows (note: grid rendered 4528 rows vs 4549 reported — known upstream row-numbering gaps, not a scraping error)
  2019-07-15: wrote 4876 rows (note: grid rendered 4876 rows vs 4905 reported — known upstream row-numbering gaps, not a scraping error)
  2019-07-20: no data (holiday or out of archive range)
  2019-07-17: wrote 5320 rows (note: grid rendered 5320 rows vs 5387 reported — known upstream row-numbering gaps, not a scraping error)
  2019-07-18: wrote 4356 rows (note: grid rendered 4356 rows vs 4371 reported — known upstream row-numbering gaps, not a scraping error)
  2019-07-21: wrote 4413 rows (note: grid rendered 4413 rows vs 4456 reported — known upstream row-numbering gaps, not a scraping error)
  2019-07-26: no data (holiday or out of archive range)
  2019-07-23: wrote 5487 rows (note: grid rendered 5487 rows vs 5501 reported — known upstream row-numbering gaps, not a scraping error)
  2019-07-22: wrote 4376 rows (note: grid rendered 4376 rows vs 4381 reported — known upstream row-numbering gaps, not a scraping error)
  2019-07-27: no data (holiday or out of archive range)
  2019-07-25: wrote 6998 rows (note: grid rendered 6998 rows vs 7016 reported — known upstream row-numbering gaps, not a scraping error)
  2019-07-24: wrote 6432 rows (note: grid rendered 6432 rows vs 6462 reported — known upstream row-numbering gaps, not a scraping error)
  2019-08-02: no data (holiday or out of archive range)
  2019-07-28: wrote 6690 rows (note: grid rendered 6690 rows vs 6698 reported — known upstream row-numbering gaps, not a scraping error)
  2019-08-03: no data (holiday or out of archive range)
  2019-07-30: wrote 5127 rows (note: grid rendered 5127 rows vs 5142 reported — known upstream row-numbering gaps, not a scraping error)
  2019-07-29: wrote 5660 rows (note: grid rendered 5660 rows vs 5676 reported — known upstream row-numbering gaps, not a scraping error)
  2019-07-31: wrote 6256 rows (note: grid rendered 6256 rows vs 6300 reported — known upstream row-numbering gaps, not a scraping error)
  2019-08-01: wrote 8386 rows (note: grid rendered 8386 rows vs 8453 reported — known upstream row-numbering gaps, not a scraping error)
  2019-08-04: wrote 7712 rows (note: grid rendered 7712 rows vs 7765 reported — known upstream row-numbering gaps, not a scraping error)
  2019-08-05: wrote 7176 rows (note: grid rendered 7176 rows vs 7194 reported — known upstream row-numbering gaps, not a scraping error)
  2019-08-10: no data (holiday or out of archive range)
  2019-08-09: no data (holiday or out of archive range)
  2019-08-07: wrote 5396 rows (note: grid rendered 5396 rows vs 5413 reported — known upstream row-numbering gaps, not a scraping error)
  2019-08-06: wrote 6925 rows (note: grid rendered 6925 rows vs 6941 reported — known upstream row-numbering gaps, not a scraping error)
  2019-08-08: wrote 29492 rows (note: grid rendered 29492 rows vs 29496 reported — known upstream row-numbering gaps, not a scraping error)
  2019-08-16: no data (holiday or out of archive range)
  2019-08-13: wrote 9362 rows (note: grid rendered 9362 rows vs 9375 reported — known upstream row-numbering gaps, not a scraping error)
  2019-08-12: wrote 10956 rows (note: grid rendered 10956 rows vs 10965 reported — known upstream row-numbering gaps, not a scraping error)
  2019-08-14: wrote 8037 rows (note: grid rendered 8037 rows vs 8048 reported — known upstream row-numbering gaps, not a scraping error)
  2019-08-15: wrote 5901 rows (note: grid rendered 5901 rows vs 5911 reported — known upstream row-numbering gaps, not a scraping error)
  2019-08-17: no data (holiday or out of archive range)
  2019-08-11: wrote 17015 rows (note: grid rendered 17015 rows vs 17022 reported — known upstream row-numbering gaps, not a scraping error)
  2019-08-23: no data (holiday or out of archive range)
  2019-08-18: wrote 7689 rows (note: grid rendered 7689 rows vs 7701 reported — known upstream row-numbering gaps, not a scraping error)
  2019-08-19: wrote 9296 rows (note: grid rendered 9296 rows vs 9306 reported — known upstream row-numbering gaps, not a scraping error)
  2019-08-20: wrote 6279 rows (note: grid rendered 6279 rows vs 6281 reported — known upstream row-numbering gaps, not a scraping error)
  2019-08-24: no data (holiday or out of archive range)
  2019-08-22: wrote 6270 rows (note: grid rendered 6270 rows vs 6278 reported — known upstream row-numbering gaps, not a scraping error)
  2019-08-21: wrote 6237 rows (note: grid rendered 6237 rows vs 6249 reported — known upstream row-numbering gaps, not a scraping error)
  2019-08-30: no data (holiday or out of archive range)
  2019-08-26: wrote 6530 rows (note: grid rendered 6530 rows vs 6540 reported — known upstream row-numbering gaps, not a scraping error)
  2019-08-27: wrote 5278 rows (note: grid rendered 5278 rows vs 5282 reported — known upstream row-numbering gaps, not a scraping error)
  2019-08-28: wrote 5465 rows (note: grid rendered 5465 rows vs 5470 reported — known upstream row-numbering gaps, not a scraping error)
  2019-08-25: wrote 6616 rows (note: grid rendered 6616 rows vs 6631 reported — known upstream row-numbering gaps, not a scraping error)
  2019-08-29: wrote 5670 rows (note: grid rendered 5670 rows vs 5677 reported — known upstream row-numbering gaps, not a scraping error)
  2019-08-31: no data (holiday or out of archive range)
  2019-09-06: no data (holiday or out of archive range)
  2019-09-01: wrote 6474 rows (note: grid rendered 6474 rows vs 6478 reported — known upstream row-numbering gaps, not a scraping error)
  2019-09-03: wrote 7800 rows (note: grid rendered 7800 rows vs 7817 reported — known upstream row-numbering gaps, not a scraping error)
  2019-09-04: wrote 6606 rows (note: grid rendered 6606 rows vs 6628 reported — known upstream row-numbering gaps, not a scraping error)
  2019-09-07: no data (holiday or out of archive range)
  2019-09-02: wrote 10764 rows (note: grid rendered 10764 rows vs 10770 reported — known upstream row-numbering gaps, not a scraping error)
  2019-09-05: wrote 5781 rows (note: grid rendered 5781 rows vs 5797 reported — known upstream row-numbering gaps, not a scraping error)
  2019-09-12: no data (holiday or out of archive range)
  2019-09-13: no data (holiday or out of archive range)
  2019-09-09: wrote 7828 rows (note: grid rendered 7828 rows vs 7836 reported — known upstream row-numbering gaps, not a scraping error)
  2019-09-08: wrote 5632 rows (note: grid rendered 5632 rows vs 5640 reported — known upstream row-numbering gaps, not a scraping error)
  2019-09-14: no data (holiday or out of archive range)
  2019-09-10: wrote 6625 rows (note: grid rendered 6625 rows vs 6631 reported — known upstream row-numbering gaps, not a scraping error)
  2019-09-11: wrote 5428 rows (note: grid rendered 5428 rows vs 5430 reported — known upstream row-numbering gaps, not a scraping error)
  2019-09-20: no data (holiday or out of archive range)
  2019-09-15: wrote 7236 rows (note: grid rendered 7236 rows vs 7239 reported — known upstream row-numbering gaps, not a scraping error)
  2019-09-21: no data (holiday or out of archive range)
  2019-09-17: wrote 7122 rows (note: grid rendered 7122 rows vs 7129 reported — known upstream row-numbering gaps, not a scraping error)
  2019-09-16: wrote 7535 rows (note: grid rendered 7535 rows vs 7547 reported — known upstream row-numbering gaps, not a scraping error)
  2019-09-18: wrote 7869 rows (note: grid rendered 7869 rows vs 7877 reported — known upstream row-numbering gaps, not a scraping error)
  2019-09-19: wrote 7528 rows (note: grid rendered 7528 rows vs 7535 reported — known upstream row-numbering gaps, not a scraping error)
  2019-09-23: wrote 4682 rows (note: grid rendered 4682 rows vs 4684 reported — known upstream row-numbering gaps, not a scraping error)
  2019-09-22: wrote 5888 rows (note: grid rendered 5888 rows vs 5896 reported — known upstream row-numbering gaps, not a scraping error)
  2019-09-27: no data (holiday or out of archive range)
  2019-09-25: wrote 4124 rows (note: grid rendered 4124 rows vs 4128 reported — known upstream row-numbering gaps, not a scraping error)
  2019-09-26: wrote 5140 rows (note: grid rendered 5140 rows vs 5146 reported — known upstream row-numbering gaps, not a scraping error)
  2019-09-28: no data (holiday or out of archive range)
  2019-09-24: wrote 3959 rows (note: grid rendered 3959 rows vs 3975 reported — known upstream row-numbering gaps, not a scraping error)
  2019-09-30: wrote 3530 rows (note: grid rendered 3530 rows vs 3535 reported — known upstream row-numbering gaps, not a scraping error)
  2019-10-04: no data (holiday or out of archive range)
  2019-09-29: wrote 4120 rows (note: grid rendered 4120 rows vs 4124 reported — known upstream row-numbering gaps, not a scraping error)
  2019-10-06: no data (holiday or out of archive range)
  2019-10-05: no data (holiday or out of archive range)
  2019-10-03: wrote 2695 rows
  2019-10-02: wrote 2799 rows (note: grid rendered 2799 rows vs 2802 reported — known upstream row-numbering gaps, not a scraping error)
  2019-10-08: no data (holiday or out of archive range)
  2019-10-09: no data (holiday or out of archive range)
  2019-10-11: no data (holiday or out of archive range)
  2019-10-10: wrote 1151 rows (note: grid rendered 1151 rows vs 1152 reported — known upstream row-numbering gaps, not a scraping error)
  2019-10-12: no data (holiday or out of archive range)
  2019-10-13: no data (holiday or out of archive range)
  2019-10-14: wrote 3401 rows (note: grid rendered 3401 rows vs 3403 reported — known upstream row-numbering gaps, not a scraping error)
  2019-10-15: wrote 2809 rows (note: grid rendered 2809 rows vs 2810 reported — known upstream row-numbering gaps, not a scraping error)
  2019-10-07: no data (holiday or out of archive range)
  2019-10-01: wrote 3678 rows (note: grid rendered 3678 rows vs 3683 reported — known upstream row-numbering gaps, not a scraping error)
  2019-10-16: wrote 2978 rows (note: grid rendered 2978 rows vs 2981 reported — known upstream row-numbering gaps, not a scraping error)
  2019-10-18: no data (holiday or out of archive range)
  2019-10-17: wrote 3574 rows (note: grid rendered 3574 rows vs 3578 reported — known upstream row-numbering gaps, not a scraping error)
  2019-10-19: no data (holiday or out of archive range)
  2019-10-20: wrote 3005 rows
  2019-10-25: no data (holiday or out of archive range)
  2019-10-22: wrote 3228 rows (note: grid rendered 3228 rows vs 3235 reported — known upstream row-numbering gaps, not a scraping error)
  2019-10-21: wrote 3421 rows (note: grid rendered 3421 rows vs 3425 reported — known upstream row-numbering gaps, not a scraping error)
  2019-10-23: wrote 3148 rows (note: grid rendered 3148 rows vs 3153 reported — known upstream row-numbering gaps, not a scraping error)
  2019-10-26: no data (holiday or out of archive range)
  2019-10-24: wrote 4442 rows
  2019-10-27: no data (holiday or out of archive range)
  2019-10-28: no data (holiday or out of archive range)
  2019-10-29: no data (holiday or out of archive range)
  2019-11-01: no data (holiday or out of archive range)
  2019-11-02: no data (holiday or out of archive range)
  2019-10-30: no data (holiday or out of archive range)
  2019-10-31: wrote 3595 rows (note: grid rendered 3595 rows vs 3603 reported — known upstream row-numbering gaps, not a scraping error)
  2019-11-03: wrote 4077 rows (note: grid rendered 4077 rows vs 4080 reported — known upstream row-numbering gaps, not a scraping error)
  2019-11-08: no data (holiday or out of archive range)
  2019-11-06: wrote 3981 rows (note: grid rendered 3981 rows vs 3986 reported — known upstream row-numbering gaps, not a scraping error)
  2019-11-05: wrote 3969 rows (note: grid rendered 3969 rows vs 3973 reported — known upstream row-numbering gaps, not a scraping error)
  2019-11-09: no data (holiday or out of archive range)
  2019-11-07: wrote 5044 rows (note: grid rendered 5044 rows vs 5048 reported — known upstream row-numbering gaps, not a scraping error)
  2019-11-04: wrote 4093 rows (note: grid rendered 4093 rows vs 4098 reported — known upstream row-numbering gaps, not a scraping error)
  2019-11-15: no data (holiday or out of archive range)
  2019-11-10: wrote 5153 rows (note: grid rendered 5153 rows vs 5155 reported — known upstream row-numbering gaps, not a scraping error)
  2019-11-16: no data (holiday or out of archive range)
  2019-11-13: wrote 4122 rows (note: grid rendered 4122 rows vs 4127 reported — known upstream row-numbering gaps, not a scraping error)
  2019-11-11: wrote 6645 rows (note: grid rendered 6645 rows vs 6648 reported — known upstream row-numbering gaps, not a scraping error)
  2019-11-14: wrote 4516 rows (note: grid rendered 4516 rows vs 4519 reported — known upstream row-numbering gaps, not a scraping error)
  2019-11-12: wrote 5025 rows (note: grid rendered 5025 rows vs 5032 reported — known upstream row-numbering gaps, not a scraping error)
  2019-11-18: wrote 4954 rows (note: grid rendered 4954 rows vs 4957 reported — known upstream row-numbering gaps, not a scraping error)
  2019-11-17: wrote 5939 rows
  2019-11-19: wrote 4241 rows (note: grid rendered 4241 rows vs 4247 reported — known upstream row-numbering gaps, not a scraping error)
  2019-11-22: no data (holiday or out of archive range)
  2019-11-20: wrote 5323 rows (note: grid rendered 5323 rows vs 5328 reported — known upstream row-numbering gaps, not a scraping error)
  2019-11-21: wrote 5669 rows (note: grid rendered 5669 rows vs 5672 reported — known upstream row-numbering gaps, not a scraping error)
  2019-11-23: no data (holiday or out of archive range)
  2019-11-29: no data (holiday or out of archive range)
  2019-11-25: wrote 5158 rows (note: grid rendered 5158 rows vs 5165 reported — known upstream row-numbering gaps, not a scraping error)
  2019-11-26: wrote 3838 rows (note: grid rendered 3838 rows vs 3841 reported — known upstream row-numbering gaps, not a scraping error)
  2019-11-30: no data (holiday or out of archive range)
  2019-11-27: wrote 3587 rows (note: grid rendered 3587 rows vs 3598 reported — known upstream row-numbering gaps, not a scraping error)
  2019-11-24: wrote 5027 rows (note: grid rendered 5027 rows vs 5029 reported — known upstream row-numbering gaps, not a scraping error)
  2019-11-28: wrote 4536 rows (note: grid rendered 4536 rows vs 4541 reported — known upstream row-numbering gaps, not a scraping error)
  2019-12-01: wrote 3734 rows
  2019-12-06: no data (holiday or out of archive range)
  2019-12-02: wrote 4109 rows (note: grid rendered 4109 rows vs 4113 reported — known upstream row-numbering gaps, not a scraping error)
  2019-12-04: wrote 4937 rows (note: grid rendered 4937 rows vs 4951 reported — known upstream row-numbering gaps, not a scraping error)
  2019-12-03: wrote 4325 rows (note: grid rendered 4325 rows vs 4326 reported — known upstream row-numbering gaps, not a scraping error)
  2019-12-07: no data (holiday or out of archive range)
  2019-12-05: wrote 6066 rows (note: grid rendered 6066 rows vs 6085 reported — known upstream row-numbering gaps, not a scraping error)
  2019-12-08: wrote 4509 rows (note: grid rendered 4509 rows vs 4525 reported — known upstream row-numbering gaps, not a scraping error)
  2019-12-13: no data (holiday or out of archive range)
  2019-12-09: wrote 7600 rows (note: grid rendered 7600 rows vs 7627 reported — known upstream row-numbering gaps, not a scraping error)
  2019-12-11: wrote 7158 rows (note: grid rendered 7158 rows vs 7172 reported — known upstream row-numbering gaps, not a scraping error)
  2019-12-12: wrote 10140 rows (note: grid rendered 10140 rows vs 10146 reported — known upstream row-numbering gaps, not a scraping error)
  2019-12-10: wrote 6964 rows (note: grid rendered 6964 rows vs 6975 reported — known upstream row-numbering gaps, not a scraping error)
  2019-12-14: no data (holiday or out of archive range)
  2019-12-20: no data (holiday or out of archive range)
  2019-12-16: wrote 6601 rows (note: grid rendered 6601 rows vs 6603 reported — known upstream row-numbering gaps, not a scraping error)
  2019-12-17: wrote 4734 rows (note: grid rendered 4734 rows vs 4736 reported — known upstream row-numbering gaps, not a scraping error)
  2019-12-21: no data (holiday or out of archive range)
  2019-12-18: wrote 5134 rows (note: grid rendered 5134 rows vs 5144 reported — known upstream row-numbering gaps, not a scraping error)
  2019-12-15: wrote 9517 rows (note: grid rendered 9517 rows vs 9521 reported — known upstream row-numbering gaps, not a scraping error)
  2019-12-19: wrote 5940 rows (note: grid rendered 5940 rows vs 5960 reported — known upstream row-numbering gaps, not a scraping error)
  2019-12-22: wrote 6084 rows (note: grid rendered 6084 rows vs 6087 reported — known upstream row-numbering gaps, not a scraping error)
  2019-12-27: no data (holiday or out of archive range)
  2019-12-24: wrote 9008 rows (note: grid rendered 9008 rows vs 9018 reported — known upstream row-numbering gaps, not a scraping error)
  2019-12-26: wrote 5992 rows (note: grid rendered 5992 rows vs 6000 reported — known upstream row-numbering gaps, not a scraping error)
  2019-12-28: no data (holiday or out of archive range)
  2019-12-23: wrote 8079 rows (note: grid rendered 8079 rows vs 8093 reported — known upstream row-numbering gaps, not a scraping error)
  2019-12-29: wrote 6434 rows (note: grid rendered 6434 rows vs 6450 reported — known upstream row-numbering gaps, not a scraping error)
  2019-12-30: wrote 7030 rows (note: grid rendered 7030 rows vs 7038 reported — known upstream row-numbering gaps, not a scraping error)
  2020-01-03: no data (holiday or out of archive range)
  2020-01-01: wrote 6166 rows (note: grid rendered 6166 rows vs 6174 reported — known upstream row-numbering gaps, not a scraping error)
  2019-12-25: wrote 6154 rows (note: grid rendered 6154 rows vs 6164 reported — known upstream row-numbering gaps, not a scraping error)
  2020-01-02: wrote 7067 rows (note: grid rendered 7067 rows vs 7083 reported — known upstream row-numbering gaps, not a scraping error)
  2019-12-31: wrote 6524 rows (note: grid rendered 6524 rows vs 6532 reported — known upstream row-numbering gaps, not a scraping error)
  2020-01-04: no data (holiday or out of archive range)
  2020-01-10: no data (holiday or out of archive range)
  2020-01-06: wrote 10686 rows (note: grid rendered 10686 rows vs 10726 reported — known upstream row-numbering gaps, not a scraping error)
  2020-01-11: no data (holiday or out of archive range)
  2020-01-07: wrote 12421 rows (note: grid rendered 12421 rows vs 12457 reported — known upstream row-numbering gaps, not a scraping error)
  2020-01-05: wrote 9269 rows (note: grid rendered 9269 rows vs 9295 reported — known upstream row-numbering gaps, not a scraping error)
  2020-01-08: wrote 9995 rows (note: grid rendered 9995 rows vs 10035 reported — known upstream row-numbering gaps, not a scraping error)
  2020-01-09: wrote 9571 rows (note: grid rendered 9571 rows vs 9656 reported — known upstream row-numbering gaps, not a scraping error)
  2020-01-17: no data (holiday or out of archive range)
  2020-01-15: wrote 10683 rows (note: grid rendered 10683 rows vs 10703 reported — known upstream row-numbering gaps, not a scraping error)
  2020-01-18: no data (holiday or out of archive range)
  2020-01-14: wrote 11272 rows (note: grid rendered 11272 rows vs 11310 reported — known upstream row-numbering gaps, not a scraping error)
  2020-01-12: wrote 15821 rows (note: grid rendered 15821 rows vs 15907 reported — known upstream row-numbering gaps, not a scraping error)
  2020-01-13: wrote 19322 rows (note: grid rendered 19322 rows vs 19350 reported — known upstream row-numbering gaps, not a scraping error)
  2020-01-21: wrote 13771 rows (note: grid rendered 13771 rows vs 13797 reported — known upstream row-numbering gaps, not a scraping error)
  2020-01-16: wrote 17260 rows (note: grid rendered 17260 rows vs 17295 reported — known upstream row-numbering gaps, not a scraping error)
  2020-01-20: wrote 20418 rows (note: grid rendered 20418 rows vs 20446 reported — known upstream row-numbering gaps, not a scraping error)
  2020-01-19: wrote 21385 rows (note: grid rendered 21385 rows vs 21423 reported — known upstream row-numbering gaps, not a scraping error)
  2020-01-24: no data (holiday or out of archive range)
  2020-01-23: wrote 15291 rows (note: grid rendered 15291 rows vs 15316 reported — known upstream row-numbering gaps, not a scraping error)
  2020-01-22: wrote 15480 rows (note: grid rendered 15480 rows vs 15508 reported — known upstream row-numbering gaps, not a scraping error)
  2020-01-31: no data (holiday or out of archive range)
  2020-01-27: wrote 11197 rows (note: grid rendered 11197 rows vs 11209 reported — known upstream row-numbering gaps, not a scraping error)
  2020-01-26: wrote 12722 rows (note: grid rendered 12722 rows vs 12750 reported — known upstream row-numbering gaps, not a scraping error)
  2020-01-28: wrote 14536 rows (note: grid rendered 14536 rows vs 14555 reported — known upstream row-numbering gaps, not a scraping error)
  2020-02-01: no data (holiday or out of archive range)
  2020-01-29: wrote 13734 rows (note: grid rendered 13734 rows vs 13800 reported — known upstream row-numbering gaps, not a scraping error)
  2020-01-30: wrote 19850 rows (note: grid rendered 19850 rows vs 19874 reported — known upstream row-numbering gaps, not a scraping error)
  2020-02-07: no data (holiday or out of archive range)
  2020-02-05: wrote 12399 rows (note: grid rendered 12399 rows vs 12440 reported — known upstream row-numbering gaps, not a scraping error)
  2020-02-02: wrote 20606 rows (note: grid rendered 20606 rows vs 20635 reported — known upstream row-numbering gaps, not a scraping error)
  2020-02-04: wrote 17510 rows (note: grid rendered 17510 rows vs 17560 reported — known upstream row-numbering gaps, not a scraping error)
  2020-02-08: no data (holiday or out of archive range)
  2020-02-03: wrote 17613 rows (note: grid rendered 17613 rows vs 17633 reported — known upstream row-numbering gaps, not a scraping error)
  2020-02-06: wrote 13097 rows (note: grid rendered 13097 rows vs 13137 reported — known upstream row-numbering gaps, not a scraping error)
  2020-02-14: no data (holiday or out of archive range)
  2020-02-15: no data (holiday or out of archive range)
  2020-02-10: wrote 10898 rows (note: grid rendered 10898 rows vs 10979 reported — known upstream row-numbering gaps, not a scraping error)
  2020-02-12: wrote 15170 rows (note: grid rendered 15170 rows vs 15199 reported — known upstream row-numbering gaps, not a scraping error)
  2020-02-09: wrote 11672 rows (note: grid rendered 11672 rows vs 11726 reported — known upstream row-numbering gaps, not a scraping error)
  2020-02-11: wrote 15173 rows (note: grid rendered 15173 rows vs 15316 reported — known upstream row-numbering gaps, not a scraping error)
  2020-02-13: wrote 17673 rows (note: grid rendered 17673 rows vs 17698 reported — known upstream row-numbering gaps, not a scraping error)
  2020-02-21: no data (holiday or out of archive range)
  2020-02-22: no data (holiday or out of archive range)
  2020-02-16: wrote 18849 rows (note: grid rendered 18849 rows vs 18885 reported — known upstream row-numbering gaps, not a scraping error)
  2020-02-18: wrote 20833 rows (note: grid rendered 20833 rows vs 20859 reported — known upstream row-numbering gaps, not a scraping error)
  2020-02-17: wrote 24761 rows (note: grid rendered 24761 rows vs 24805 reported — known upstream row-numbering gaps, not a scraping error)
  2020-02-19: wrote 14988 rows (note: grid rendered 14988 rows vs 15053 reported — known upstream row-numbering gaps, not a scraping error)
  2020-02-20: wrote 23827 rows (note: grid rendered 23827 rows vs 23900 reported — known upstream row-numbering gaps, not a scraping error)
  2020-02-28: no data (holiday or out of archive range)
  2020-02-29: no data (holiday or out of archive range)
  2020-02-23: wrote 30404 rows (note: grid rendered 30404 rows vs 30456 reported — known upstream row-numbering gaps, not a scraping error)
  2020-02-24: wrote 31237 rows (note: grid rendered 31237 rows vs 31290 reported — known upstream row-numbering gaps, not a scraping error)
  2020-02-25: wrote 26479 rows (note: grid rendered 26479 rows vs 26536 reported — known upstream row-numbering gaps, not a scraping error)
  2020-02-26: wrote 31991 rows (note: grid rendered 31991 rows vs 32154 reported — known upstream row-numbering gaps, not a scraping error)
  2020-03-02: wrote 18963 rows (note: grid rendered 18963 rows vs 19007 reported — known upstream row-numbering gaps, not a scraping error)
  2020-02-27: wrote 35308 rows (note: grid rendered 35308 rows vs 35467 reported — known upstream row-numbering gaps, not a scraping error)
  2020-03-03: wrote 33788 rows (note: grid rendered 33788 rows vs 33898 reported — known upstream row-numbering gaps, not a scraping error)
  2020-03-01: wrote 39131 rows (note: grid rendered 39131 rows vs 39289 reported — known upstream row-numbering gaps, not a scraping error)
  2020-03-07: no data (holiday or out of archive range)
  2020-03-05: wrote 22449 rows (note: grid rendered 22449 rows vs 22531 reported — known upstream row-numbering gaps, not a scraping error)
  2020-03-04: wrote 29140 rows (note: grid rendered 29140 rows vs 29231 reported — known upstream row-numbering gaps, not a scraping error)
  2020-03-16: wrote 16209 rows (note: grid rendered 16209 rows vs 16251 reported — known upstream row-numbering gaps, not a scraping error)
  2020-03-25: no data (holiday or out of archive range)
  2020-03-26: no data (holiday or out of archive range)
  2020-03-23: no data (holiday or out of archive range)
  2020-03-21: no data (holiday or out of archive range)
  2020-03-22: wrote 2385 rows (note: grid rendered 2385 rows vs 2391 reported — known upstream row-numbering gaps, not a scraping error)
  2020-03-27: no data (holiday or out of archive range)
  2020-03-28: no data (holiday or out of archive range)
  2020-03-30: no data (holiday or out of archive range)
  2020-03-31: no data (holiday or out of archive range)
  2020-03-29: no data (holiday or out of archive range)
  2020-03-24: no data (holiday or out of archive range)
  2020-04-02: no data (holiday or out of archive range)
  2020-04-01: no data (holiday or out of archive range)
  2020-04-04: no data (holiday or out of archive range)
  2020-04-06: no data (holiday or out of archive range)
  2020-04-03: no data (holiday or out of archive range)
  2020-04-05: no data (holiday or out of archive range)
  2020-04-07: no data (holiday or out of archive range)
  2020-04-08: no data (holiday or out of archive range)
  2020-04-10: no data (holiday or out of archive range)
  2020-04-09: no data (holiday or out of archive range)
  2020-04-11: no data (holiday or out of archive range)
  2020-04-12: no data (holiday or out of archive range)
  2020-04-13: no data (holiday or out of archive range)
  2020-04-14: no data (holiday or out of archive range)
  2020-04-18: no data (holiday or out of archive range)
  2020-04-19: no data (holiday or out of archive range)
  2020-04-15: no data (holiday or out of archive range)
  2020-04-16: no data (holiday or out of archive range)
  2020-04-17: no data (holiday or out of archive range)
  2020-04-20: no data (holiday or out of archive range)
  2020-04-23: no data (holiday or out of archive range)
  2020-04-24: no data (holiday or out of archive range)
  2020-04-22: no data (holiday or out of archive range)
  2020-04-21: no data (holiday or out of archive range)
  2020-04-25: no data (holiday or out of archive range)
  2020-04-26: no data (holiday or out of archive range)
  2020-04-28: no data (holiday or out of archive range)
  2020-04-27: no data (holiday or out of archive range)
  2020-04-30: no data (holiday or out of archive range)
  2020-04-29: no data (holiday or out of archive range)
  2020-05-01: no data (holiday or out of archive range)
  2020-05-02: no data (holiday or out of archive range)
  2020-05-03: no data (holiday or out of archive range)
  2020-05-06: no data (holiday or out of archive range)
  2020-05-07: no data (holiday or out of archive range)
  2020-05-04: no data (holiday or out of archive range)
  2020-05-05: no data (holiday or out of archive range)
  2020-05-09: no data (holiday or out of archive range)
  2020-05-08: no data (holiday or out of archive range)
  2020-05-10: no data (holiday or out of archive range)
  2020-05-11: no data (holiday or out of archive range)
  2020-05-13: wrote 211 rows
  2020-05-15: no data (holiday or out of archive range)
  2020-05-14: no data (holiday or out of archive range)
  2020-05-12: wrote 291 rows (note: grid rendered 291 rows vs 292 reported — known upstream row-numbering gaps, not a scraping error)
  2020-05-16: no data (holiday or out of archive range)
  2020-05-17: no data (holiday or out of archive range)
  2020-05-20: no data (holiday or out of archive range)
  2020-05-22: no data (holiday or out of archive range)
  2020-05-18: no data (holiday or out of archive range)
  2020-05-21: no data (holiday or out of archive range)
  2020-05-19: no data (holiday or out of archive range)
  2020-05-27: no data (holiday or out of archive range)
  2020-05-25: no data (holiday or out of archive range)
  2020-05-23: no data (holiday or out of archive range)
  2020-05-26: no data (holiday or out of archive range)
  2020-05-24: no data (holiday or out of archive range)
  2020-05-28: no data (holiday or out of archive range)
  2020-05-29: no data (holiday or out of archive range)
  2020-06-02: no data (holiday or out of archive range)
  2020-05-31: no data (holiday or out of archive range)
  2020-05-30: no data (holiday or out of archive range)
  2020-06-01: no data (holiday or out of archive range)
  2020-06-03: no data (holiday or out of archive range)
  2020-06-05: no data (holiday or out of archive range)
  2020-06-07: no data (holiday or out of archive range)
  2020-06-04: no data (holiday or out of archive range)
  2020-06-06: no data (holiday or out of archive range)
  2020-06-08: no data (holiday or out of archive range)
  2020-06-09: no data (holiday or out of archive range)
  2020-06-11: no data (holiday or out of archive range)
  2020-06-10: no data (holiday or out of archive range)
  2020-06-12: no data (holiday or out of archive range)
  2020-06-13: no data (holiday or out of archive range)
  2020-06-14: no data (holiday or out of archive range)
  2020-06-15: no data (holiday or out of archive range)
  2020-06-16: no data (holiday or out of archive range)
  2020-06-17: no data (holiday or out of archive range)
  2020-06-18: no data (holiday or out of archive range)
  2020-06-19: no data (holiday or out of archive range)
  2020-06-20: no data (holiday or out of archive range)
  2020-06-23: no data (holiday or out of archive range)
  2020-06-22: no data (holiday or out of archive range)
  2020-06-21: no data (holiday or out of archive range)
  2020-06-24: no data (holiday or out of archive range)
  2020-06-25: no data (holiday or out of archive range)
  2020-06-26: no data (holiday or out of archive range)
  2020-06-27: no data (holiday or out of archive range)
  2020-06-28: no data (holiday or out of archive range)
  2020-07-04: no data (holiday or out of archive range)
  2020-07-03: no data (holiday or out of archive range)
  2020-06-30: wrote 2919 rows
  2020-06-29: wrote 4862 rows
  2020-07-01: wrote 3885 rows (note: grid rendered 3885 rows vs 3890 reported — known upstream row-numbering gaps, not a scraping error)
  2020-07-02: wrote 8387 rows (note: grid rendered 8387 rows vs 8409 reported — known upstream row-numbering gaps, not a scraping error)
  2020-07-05: wrote 20455 rows (note: grid rendered 20455 rows vs 20474 reported — known upstream row-numbering gaps, not a scraping error)
  2020-07-10: no data (holiday or out of archive range)
  2020-07-11: no data (holiday or out of archive range)
  2020-07-06: wrote 17355 rows (note: grid rendered 17355 rows vs 17384 reported — known upstream row-numbering gaps, not a scraping error)
  2020-07-07: wrote 18079 rows (note: grid rendered 18079 rows vs 18140 reported — known upstream row-numbering gaps, not a scraping error)
  2020-07-08: wrote 19502 rows (note: grid rendered 19502 rows vs 19541 reported — known upstream row-numbering gaps, not a scraping error)
  2020-07-09: wrote 14609 rows (note: grid rendered 14609 rows vs 14663 reported — known upstream row-numbering gaps, not a scraping error)
  2020-07-17: no data (holiday or out of archive range)
  2020-07-12: wrote 16788 rows (note: grid rendered 16788 rows vs 16826 reported — known upstream row-numbering gaps, not a scraping error)
  2020-07-13: wrote 15461 rows (note: grid rendered 15461 rows vs 15491 reported — known upstream row-numbering gaps, not a scraping error)
  2020-07-18: no data (holiday or out of archive range)
  2020-07-16: wrote 16474 rows (note: grid rendered 16474 rows vs 16545 reported — known upstream row-numbering gaps, not a scraping error)
  2020-07-15: wrote 15751 rows (note: grid rendered 15751 rows vs 15858 reported — known upstream row-numbering gaps, not a scraping error)
  2020-07-14: wrote 14387 rows (note: grid rendered 14387 rows vs 14489 reported — known upstream row-numbering gaps, not a scraping error)
  2020-07-19: wrote 658 rows (note: grid rendered 658 rows vs 663 reported — known upstream row-numbering gaps, not a scraping error)
  2020-07-25: no data (holiday or out of archive range)
  2020-07-24: no data (holiday or out of archive range)
  2020-07-26: no data (holiday or out of archive range)
  2020-07-21: wrote 26547 rows (note: grid rendered 26547 rows vs 26641 reported — known upstream row-numbering gaps, not a scraping error)
  2020-07-20: wrote 33371 rows (note: grid rendered 33371 rows vs 33433 reported — known upstream row-numbering gaps, not a scraping error)
  2020-07-23: wrote 28602 rows (note: grid rendered 28602 rows vs 28649 reported — known upstream row-numbering gaps, not a scraping error)
  2020-07-22: wrote 38866 rows (note: grid rendered 38866 rows vs 38938 reported — known upstream row-numbering gaps, not a scraping error)
  2020-07-31: no data (holiday or out of archive range)
  2020-07-27: wrote 28454 rows (note: grid rendered 28454 rows vs 28495 reported — known upstream row-numbering gaps, not a scraping error)
  2020-08-01: no data (holiday or out of archive range)
  2020-07-28: wrote 21774 rows (note: grid rendered 21774 rows vs 21805 reported — known upstream row-numbering gaps, not a scraping error)
  2020-07-29: wrote 24141 rows (note: grid rendered 24141 rows vs 24224 reported — known upstream row-numbering gaps, not a scraping error)
  2020-07-30: wrote 21783 rows (note: grid rendered 21783 rows vs 21818 reported — known upstream row-numbering gaps, not a scraping error)
  2020-08-04: no data (holiday or out of archive range)
  2020-08-07: no data (holiday or out of archive range)
  2020-08-08: no data (holiday or out of archive range)
  2020-08-03: wrote 16629 rows (note: grid rendered 16629 rows vs 16666 reported — known upstream row-numbering gaps, not a scraping error)
  2020-08-05: wrote 20441 rows (note: grid rendered 20441 rows vs 20469 reported — known upstream row-numbering gaps, not a scraping error)
  2020-08-02: wrote 27804 rows (note: grid rendered 27804 rows vs 27860 reported — known upstream row-numbering gaps, not a scraping error)
  2020-08-06: wrote 20584 rows (note: grid rendered 20584 rows vs 20605 reported — known upstream row-numbering gaps, not a scraping error)
  2020-08-14: no data (holiday or out of archive range)
  2020-08-15: no data (holiday or out of archive range)
  2020-08-10: wrote 22167 rows (note: grid rendered 22167 rows vs 22187 reported — known upstream row-numbering gaps, not a scraping error)
  2020-08-09: wrote 30171 rows (note: grid rendered 30171 rows vs 30200 reported — known upstream row-numbering gaps, not a scraping error)
  2020-08-11: wrote 25741 rows (note: grid rendered 25741 rows vs 25771 reported — known upstream row-numbering gaps, not a scraping error)
  2020-08-12: wrote 20697 rows (note: grid rendered 20697 rows vs 20719 reported — known upstream row-numbering gaps, not a scraping error)
  2020-08-13: wrote 21314 rows (note: grid rendered 21314 rows vs 21367 reported — known upstream row-numbering gaps, not a scraping error)
  2020-08-21: no data (holiday or out of archive range)
  2020-08-20: wrote 8293 rows (note: grid rendered 8293 rows vs 8326 reported — known upstream row-numbering gaps, not a scraping error)
  2020-08-17: wrote 16701 rows (note: grid rendered 16701 rows vs 16724 reported — known upstream row-numbering gaps, not a scraping error)
  2020-08-18: wrote 16780 rows (note: grid rendered 16780 rows vs 16800 reported — known upstream row-numbering gaps, not a scraping error)
  2020-08-16: wrote 21595 rows (note: grid rendered 21595 rows vs 21609 reported — known upstream row-numbering gaps, not a scraping error)
  2020-08-22: no data (holiday or out of archive range)
  2020-08-19: wrote 16861 rows (note: grid rendered 16861 rows vs 16875 reported — known upstream row-numbering gaps, not a scraping error)
  2020-08-26: no data (holiday or out of archive range)
  2020-08-29: no data (holiday or out of archive range)
  2020-08-28: no data (holiday or out of archive range)
  2020-08-23: wrote 16565 rows (note: grid rendered 16565 rows vs 16579 reported — known upstream row-numbering gaps, not a scraping error)
  2020-08-30: no data (holiday or out of archive range)
  2020-09-01: no data (holiday or out of archive range)
  2020-08-25: wrote 24044 rows (note: grid rendered 24044 rows vs 24101 reported — known upstream row-numbering gaps, not a scraping error)
  2020-08-24: wrote 27525 rows (note: grid rendered 27525 rows vs 27566 reported — known upstream row-numbering gaps, not a scraping error)
  2020-08-27: wrote 28340 rows (note: grid rendered 28340 rows vs 28385 reported — known upstream row-numbering gaps, not a scraping error)
  2020-09-04: no data (holiday or out of archive range)
  2020-09-05: no data (holiday or out of archive range)
  2020-08-31: wrote 40160 rows (note: grid rendered 40160 rows vs 40206 reported — known upstream row-numbering gaps, not a scraping error)
  2020-09-03: wrote 39175 rows (note: grid rendered 39175 rows vs 39205 reported — known upstream row-numbering gaps, not a scraping error)
  2020-09-02: wrote 45237 rows (note: grid rendered 45237 rows vs 45272 reported — known upstream row-numbering gaps, not a scraping error)
  2020-09-11: no data (holiday or out of archive range)
  2020-09-07: wrote 28045 rows (note: grid rendered 28045 rows vs 28078 reported — known upstream row-numbering gaps, not a scraping error)
  2020-09-08: wrote 23270 rows (note: grid rendered 23270 rows vs 23297 reported — known upstream row-numbering gaps, not a scraping error)
  2020-09-12: no data (holiday or out of archive range)
  2020-09-06: wrote 34813 rows (note: grid rendered 34813 rows vs 34863 reported — known upstream row-numbering gaps, not a scraping error)
  2020-09-10: wrote 29295 rows (note: grid rendered 29295 rows vs 29435 reported — known upstream row-numbering gaps, not a scraping error)
  2020-09-09: wrote 28981 rows (note: grid rendered 28981 rows vs 29125 reported — known upstream row-numbering gaps, not a scraping error)
  2020-09-18: no data (holiday or out of archive range)
  2020-09-19: no data (holiday or out of archive range)
  2020-09-13: wrote 39735 rows (note: grid rendered 39735 rows vs 39814 reported — known upstream row-numbering gaps, not a scraping error)
  2020-09-16: wrote 30480 rows (note: grid rendered 30480 rows vs 30590 reported — known upstream row-numbering gaps, not a scraping error)
  2020-09-15: wrote 32267 rows (note: grid rendered 32267 rows vs 32328 reported — known upstream row-numbering gaps, not a scraping error)
  2020-09-14: wrote 45353 rows (note: grid rendered 45353 rows vs 45453 reported — known upstream row-numbering gaps, not a scraping error)
  2020-09-17: wrote 52783 rows (note: grid rendered 52783 rows vs 53240 reported — known upstream row-numbering gaps, not a scraping error)
  2020-09-25: no data (holiday or out of archive range)
  2020-09-26: no data (holiday or out of archive range)
  2020-09-22: wrote 47833 rows (note: grid rendered 47833 rows vs 47944 reported — known upstream row-numbering gaps, not a scraping error)
  2020-09-23: wrote 41514 rows (note: grid rendered 41514 rows vs 41620 reported — known upstream row-numbering gaps, not a scraping error)
  2020-09-20: wrote 64364 rows (note: grid rendered 64364 rows vs 64515 reported — known upstream row-numbering gaps, not a scraping error)
  2020-09-24: wrote 45745 rows (note: grid rendered 45745 rows vs 45834 reported — known upstream row-numbering gaps, not a scraping error)
  2020-09-21: wrote 61774 rows (note: grid rendered 61774 rows vs 61936 reported — known upstream row-numbering gaps, not a scraping error)
  2020-10-02: no data (holiday or out of archive range)
  2020-10-03: no data (holiday or out of archive range)
  2020-09-28: wrote 30550 rows (note: grid rendered 30550 rows vs 30596 reported — known upstream row-numbering gaps, not a scraping error)
  2020-09-29: wrote 33867 rows (note: grid rendered 33867 rows vs 33933 reported — known upstream row-numbering gaps, not a scraping error)
  2020-09-27: wrote 42074 rows (note: grid rendered 42074 rows vs 42108 reported — known upstream row-numbering gaps, not a scraping error)
  2020-09-30: wrote 36242 rows (note: grid rendered 36242 rows vs 36282 reported — known upstream row-numbering gaps, not a scraping error)
  2020-10-01: wrote 46981 rows (note: grid rendered 46981 rows vs 47032 reported — known upstream row-numbering gaps, not a scraping error)
  2020-10-09: no data (holiday or out of archive range)
  2020-10-10: no data (holiday or out of archive range)
  2020-10-05: wrote 39527 rows (note: grid rendered 39527 rows vs 39587 reported — known upstream row-numbering gaps, not a scraping error)
  2020-10-04: wrote 47108 rows (note: grid rendered 47108 rows vs 47149 reported — known upstream row-numbering gaps, not a scraping error)
  2020-10-06: wrote 39164 rows (note: grid rendered 39164 rows vs 39236 reported — known upstream row-numbering gaps, not a scraping error)
  2020-10-07: wrote 45867 rows (note: grid rendered 45867 rows vs 45981 reported — known upstream row-numbering gaps, not a scraping error)
  2020-10-08: wrote 48140 rows (note: grid rendered 48140 rows vs 48199 reported — known upstream row-numbering gaps, not a scraping error)
  2020-10-16: no data (holiday or out of archive range)
  2020-10-17: no data (holiday or out of archive range)
  2020-10-14: wrote 24849 rows (note: grid rendered 24849 rows vs 24899 reported — known upstream row-numbering gaps, not a scraping error)
  2020-10-13: wrote 28575 rows (note: grid rendered 28575 rows vs 28640 reported — known upstream row-numbering gaps, not a scraping error)
  2020-10-11: wrote 37441 rows (note: grid rendered 37441 rows vs 37515 reported — known upstream row-numbering gaps, not a scraping error)
  2020-10-12: wrote 31758 rows (note: grid rendered 31758 rows vs 31837 reported — known upstream row-numbering gaps, not a scraping error)
  2020-10-15: wrote 23049 rows (note: grid rendered 23049 rows vs 23089 reported — known upstream row-numbering gaps, not a scraping error)
  2020-10-23: no data (holiday or out of archive range)
  2020-10-24: no data (holiday or out of archive range)
  2020-10-19: wrote 15466 rows (note: grid rendered 15466 rows vs 15478 reported — known upstream row-numbering gaps, not a scraping error)
  2020-10-18: wrote 17099 rows (note: grid rendered 17099 rows vs 17120 reported — known upstream row-numbering gaps, not a scraping error)
  2020-10-20: wrote 18827 rows (note: grid rendered 18827 rows vs 18870 reported — known upstream row-numbering gaps, not a scraping error)
  2020-10-25: no data (holiday or out of archive range)
  2020-10-21: wrote 22453 rows (note: grid rendered 22453 rows vs 22482 reported — known upstream row-numbering gaps, not a scraping error)
  2020-10-27: no data (holiday or out of archive range)
  2020-10-26: no data (holiday or out of archive range)
  2020-10-22: wrote 30286 rows (note: grid rendered 30286 rows vs 30328 reported — known upstream row-numbering gaps, not a scraping error)
  2020-10-30: no data (holiday or out of archive range)
  2020-10-31: no data (holiday or out of archive range)
  2020-10-29: wrote 41872 rows (note: grid rendered 41872 rows vs 41909 reported — known upstream row-numbering gaps, not a scraping error)
  2020-10-28: wrote 42595 rows (note: grid rendered 42595 rows vs 42618 reported — known upstream row-numbering gaps, not a scraping error)
  2020-11-01: wrote 37552 rows (note: grid rendered 37552 rows vs 37594 reported — known upstream row-numbering gaps, not a scraping error)
  2020-11-03: wrote 29483 rows (note: grid rendered 29483 rows vs 29606 reported — known upstream row-numbering gaps, not a scraping error)
  2020-11-04: wrote 24012 rows (note: grid rendered 24012 rows vs 24082 reported — known upstream row-numbering gaps, not a scraping error)
  2020-11-06: no data (holiday or out of archive range)
  2020-11-07: no data (holiday or out of archive range)
  2020-11-02: wrote 34331 rows (note: grid rendered 34331 rows vs 34453 reported — known upstream row-numbering gaps, not a scraping error)
  2020-11-05: wrote 35283 rows (note: grid rendered 35283 rows vs 35335 reported — known upstream row-numbering gaps, not a scraping error)
  2020-11-09: wrote 40974 rows (note: grid rendered 40974 rows vs 41049 reported — known upstream row-numbering gaps, not a scraping error)
  2020-11-11: wrote 36872 rows (note: grid rendered 36872 rows vs 36893 reported — known upstream row-numbering gaps, not a scraping error)
  2020-11-13: no data (holiday or out of archive range)
  2020-11-10: wrote 38594 rows (note: grid rendered 38594 rows vs 38634 reported — known upstream row-numbering gaps, not a scraping error)
  2020-11-14: no data (holiday or out of archive range)
  2020-11-08: wrote 41714 rows (note: grid rendered 41714 rows vs 41767 reported — known upstream row-numbering gaps, not a scraping error)
  2020-11-15: no data (holiday or out of archive range)
  2020-11-16: no data (holiday or out of archive range)
  2020-11-17: no data (holiday or out of archive range)
  2020-11-20: no data (holiday or out of archive range)
  2020-11-21: no data (holiday or out of archive range)
  2020-11-12: wrote 55857 rows (note: grid rendered 55857 rows vs 55891 reported — known upstream row-numbering gaps, not a scraping error)
  2020-11-18: wrote 43630 rows (note: grid rendered 43630 rows vs 43673 reported — known upstream row-numbering gaps, not a scraping error)
  2020-11-19: wrote 56279 rows (note: grid rendered 56279 rows vs 56341 reported — known upstream row-numbering gaps, not a scraping error)
  2020-11-23: wrote 46192 rows (note: grid rendered 46192 rows vs 46240 reported — known upstream row-numbering gaps, not a scraping error)
  2020-11-22: wrote 63490 rows (note: grid rendered 63490 rows vs 63570 reported — known upstream row-numbering gaps, not a scraping error)
  2020-11-25: wrote 57439 rows (note: grid rendered 57439 rows vs 57534 reported — known upstream row-numbering gaps, not a scraping error)
  2020-12-04: no data (holiday or out of archive range)
  2020-12-05: no data (holiday or out of archive range)
  2020-12-02: wrote 61178 rows (note: grid rendered 61178 rows vs 61636 reported — known upstream row-numbering gaps, not a scraping error)
  2020-12-03: wrote 64024 rows (note: grid rendered 64024 rows vs 64426 reported — known upstream row-numbering gaps, not a scraping error)
  2020-12-01: wrote 67190 rows (note: grid rendered 67190 rows vs 67355 reported — known upstream row-numbering gaps, not a scraping error)
  2020-11-30: wrote 83391 rows (note: grid rendered 83391 rows vs 83567 reported — known upstream row-numbering gaps, not a scraping error)
  2020-12-06: wrote 61692 rows (note: grid rendered 61692 rows vs 61858 reported — known upstream row-numbering gaps, not a scraping error)
  2020-12-11: no data (holiday or out of archive range)
  2020-12-12: no data (holiday or out of archive range)
  2020-12-07: wrote 59898 rows (note: grid rendered 59898 rows vs 60055 reported — known upstream row-numbering gaps, not a scraping error)
  2020-12-10: wrote 39357 rows (note: grid rendered 39357 rows vs 39410 reported — known upstream row-numbering gaps, not a scraping error)
  2020-12-08: wrote 48663 rows (note: grid rendered 48663 rows vs 48801 reported — known upstream row-numbering gaps, not a scraping error)
  2020-12-09: wrote 46386 rows (note: grid rendered 46386 rows vs 46475 reported — known upstream row-numbering gaps, not a scraping error)
  2020-12-18: no data (holiday or out of archive range)
  2020-12-19: no data (holiday or out of archive range)
  2020-12-13: wrote 43490 rows (note: grid rendered 43490 rows vs 43584 reported — known upstream row-numbering gaps, not a scraping error)
  2020-12-15: wrote 47435 rows (note: grid rendered 47435 rows vs 47769 reported — known upstream row-numbering gaps, not a scraping error)
  2020-12-14: wrote 56909 rows (note: grid rendered 56909 rows vs 57087 reported — known upstream row-numbering gaps, not a scraping error)
  2020-12-16: wrote 48812 rows (note: grid rendered 48812 rows vs 49159 reported — known upstream row-numbering gaps, not a scraping error)
  2020-12-25: no data (holiday or out of archive range)
  2020-12-17: wrote 61204 rows (note: grid rendered 61204 rows vs 61604 reported — known upstream row-numbering gaps, not a scraping error)
  2020-12-26: no data (holiday or out of archive range)
  2020-12-22: wrote 55581 rows (note: grid rendered 55581 rows vs 55721 reported — known upstream row-numbering gaps, not a scraping error)
  2020-12-20: wrote 79691 rows (note: grid rendered 79691 rows vs 79967 reported — known upstream row-numbering gaps, not a scraping error)
  2020-12-24: wrote 47832 rows (note: grid rendered 47832 rows vs 47976 reported — known upstream row-numbering gaps, not a scraping error)
  2020-12-21: wrote 64745 rows (note: grid rendered 64745 rows vs 64938 reported — known upstream row-numbering gaps, not a scraping error)
  2021-01-01: no data (holiday or out of archive range)
  2020-12-27: wrote 42758 rows (note: grid rendered 42758 rows vs 42842 reported — known upstream row-numbering gaps, not a scraping error)
  2021-01-02: no data (holiday or out of archive range)
  2020-12-28: wrote 36164 rows (note: grid rendered 36164 rows vs 36245 reported — known upstream row-numbering gaps, not a scraping error)
  2020-12-29: wrote 37845 rows (note: grid rendered 37845 rows vs 37916 reported — known upstream row-numbering gaps, not a scraping error)
  2020-12-30: wrote 39812 rows (note: grid rendered 39812 rows vs 39935 reported — known upstream row-numbering gaps, not a scraping error)
  2020-12-31: wrote 50285 rows (note: grid rendered 50285 rows vs 50386 reported — known upstream row-numbering gaps, not a scraping error)
  2021-01-08: no data (holiday or out of archive range)
  2021-01-09: no data (holiday or out of archive range)
  2021-01-05: wrote 42407 rows (note: grid rendered 42407 rows vs 42514 reported — known upstream row-numbering gaps, not a scraping error)
  2021-01-04: wrote 45899 rows (note: grid rendered 45899 rows vs 46001 reported — known upstream row-numbering gaps, not a scraping error)
  2021-01-06: wrote 40197 rows (note: grid rendered 40197 rows vs 40367 reported — known upstream row-numbering gaps, not a scraping error)
  2021-01-03: wrote 54588 rows (note: grid rendered 54588 rows vs 54698 reported — known upstream row-numbering gaps, not a scraping error)
  2021-01-14: no data (holiday or out of archive range)
  2021-01-15: no data (holiday or out of archive range)
  2021-01-07: wrote 50465 rows (note: grid rendered 50465 rows vs 50933 reported — known upstream row-numbering gaps, not a scraping error)
  2021-01-16: no data (holiday or out of archive range)
  2021-01-12: wrote 45315 rows (note: grid rendered 45315 rows vs 45569 reported — known upstream row-numbering gaps, not a scraping error)
  2021-01-11: wrote 47924 rows (note: grid rendered 47924 rows vs 48053 reported — known upstream row-numbering gaps, not a scraping error)
  2021-01-10: wrote 56996 rows (note: grid rendered 56996 rows vs 57171 reported — known upstream row-numbering gaps, not a scraping error)
  2021-01-13: wrote 50950 rows
  2021-01-22: no data (holiday or out of archive range)
  2021-01-23: no data (holiday or out of archive range)
  2021-01-17: wrote 50607 rows
  2021-01-18: wrote 51696 rows (note: grid rendered 51696 rows vs 51813 reported — known upstream row-numbering gaps, not a scraping error)
  2021-01-20: wrote 53068 rows (note: grid rendered 53068 rows vs 53334 reported — known upstream row-numbering gaps, not a scraping error)
  2021-01-19: wrote 57127 rows (note: grid rendered 57127 rows vs 57980 reported — known upstream row-numbering gaps, not a scraping error)
  2021-01-21: wrote 69083 rows (note: grid rendered 69083 rows vs 69333 reported — known upstream row-numbering gaps, not a scraping error)
  2021-01-29: no data (holiday or out of archive range)
  2021-01-30: no data (holiday or out of archive range)
  2021-01-25: wrote 72529 rows (note: grid rendered 72529 rows vs 72773 reported — known upstream row-numbering gaps, not a scraping error)
  2021-01-24: wrote 79227 rows (note: grid rendered 79227 rows vs 79498 reported — known upstream row-numbering gaps, not a scraping error)
  2021-01-26: wrote 63651 rows (note: grid rendered 63651 rows vs 63818 reported — known upstream row-numbering gaps, not a scraping error)
  2021-01-27: wrote 58916 rows (note: grid rendered 58916 rows vs 59151 reported — known upstream row-numbering gaps, not a scraping error)
  2021-01-28: wrote 81939 rows (note: grid rendered 81939 rows vs 82352 reported — known upstream row-numbering gaps, not a scraping error)
  2021-02-05: no data (holiday or out of archive range)
  2021-02-06: no data (holiday or out of archive range)
  2021-02-01: wrote 65539 rows (note: grid rendered 65539 rows vs 65778 reported — known upstream row-numbering gaps, not a scraping error)
  2021-02-02: wrote 74536 rows (note: grid rendered 74536 rows vs 74715 reported — known upstream row-numbering gaps, not a scraping error)
  2021-01-31: wrote 95395 rows (note: grid rendered 95395 rows vs 96156 reported — known upstream row-numbering gaps, not a scraping error)
  2021-02-03: wrote 91302 rows (note: grid rendered 91302 rows vs 91559 reported — known upstream row-numbering gaps, not a scraping error)
  2021-02-04: wrote 71886 rows (note: grid rendered 71886 rows vs 72170 reported — known upstream row-numbering gaps, not a scraping error)
  2021-02-12: no data (holiday or out of archive range)
  2021-02-13: no data (holiday or out of archive range)
  2021-02-07: wrote 87156 rows (note: grid rendered 87156 rows vs 87670 reported — known upstream row-numbering gaps, not a scraping error)
  2021-02-10: wrote 61878 rows (note: grid rendered 61878 rows vs 62015 reported — known upstream row-numbering gaps, not a scraping error)
  2021-02-09: wrote 70839 rows (note: grid rendered 70839 rows vs 71112 reported — known upstream row-numbering gaps, not a scraping error)
  2021-02-08: wrote 91575 rows (note: grid rendered 91575 rows vs 92079 reported — known upstream row-numbering gaps, not a scraping error)
  2021-02-11: wrote 72569 rows (note: grid rendered 72569 rows vs 72737 reported — known upstream row-numbering gaps, not a scraping error)
  2021-02-19: no data (holiday or out of archive range)
  2021-02-14: wrote 58163 rows (note: grid rendered 58163 rows vs 58309 reported — known upstream row-numbering gaps, not a scraping error)
  2021-02-20: no data (holiday or out of archive range)
  2021-02-15: wrote 68105 rows (note: grid rendered 68105 rows vs 68319 reported — known upstream row-numbering gaps, not a scraping error)
  2021-02-16: wrote 76231 rows (note: grid rendered 76231 rows vs 76493 reported — known upstream row-numbering gaps, not a scraping error)
  2021-02-17: wrote 76504 rows (note: grid rendered 76504 rows vs 76630 reported — known upstream row-numbering gaps, not a scraping error)
  2021-02-18: wrote 90117 rows (note: grid rendered 90117 rows vs 90202 reported — known upstream row-numbering gaps, not a scraping error)
  2021-02-26: no data (holiday or out of archive range)
  2021-02-27: no data (holiday or out of archive range)
  2021-02-22: wrote 78724 rows (note: grid rendered 78724 rows vs 78858 reported — known upstream row-numbering gaps, not a scraping error)
  2021-02-21: wrote 92915 rows (note: grid rendered 92915 rows vs 93039 reported — known upstream row-numbering gaps, not a scraping error)
  2021-02-23: wrote 83213 rows (note: grid rendered 83213 rows vs 83357 reported — known upstream row-numbering gaps, not a scraping error)
  2021-02-24: wrote 69908 rows (note: grid rendered 69908 rows vs 69994 reported — known upstream row-numbering gaps, not a scraping error)
  2021-02-25: wrote 83283 rows (note: grid rendered 83283 rows vs 83407 reported — known upstream row-numbering gaps, not a scraping error)
  2021-03-01: wrote 70242 rows (note: grid rendered 70242 rows vs 70339 reported — known upstream row-numbering gaps, not a scraping error)
  2021-03-05: no data (holiday or out of archive range)
  2021-03-02: wrote 64650 rows (note: grid rendered 64650 rows vs 64787 reported — known upstream row-numbering gaps, not a scraping error)
  2021-03-06: no data (holiday or out of archive range)
  2021-03-08: no data (holiday or out of archive range)
  2021-02-28: wrote 96032 rows (note: grid rendered 96032 rows vs 96151 reported — known upstream row-numbering gaps, not a scraping error)
  2021-03-11: no data (holiday or out of archive range)
  2021-03-03: wrote 63490 rows (note: grid rendered 63490 rows vs 63674 reported — known upstream row-numbering gaps, not a scraping error)
  2021-03-04: wrote 65021 rows (note: grid rendered 65021 rows vs 65174 reported — known upstream row-numbering gaps, not a scraping error)
  2021-03-12: no data (holiday or out of archive range)
  2021-03-13: no data (holiday or out of archive range)
  2021-03-10: wrote 46916 rows (note: grid rendered 46916 rows vs 46948 reported — known upstream row-numbering gaps, not a scraping error)
  2021-03-09: wrote 52532 rows (note: grid rendered 52532 rows vs 52591 reported — known upstream row-numbering gaps, not a scraping error)
  2021-03-07: wrote 53910 rows (note: grid rendered 53910 rows vs 53970 reported — known upstream row-numbering gaps, not a scraping error)
  2021-03-19: no data (holiday or out of archive range)
  2021-03-20: no data (holiday or out of archive range)
  2021-03-16: wrote 46473 rows (note: grid rendered 46473 rows vs 46540 reported — known upstream row-numbering gaps, not a scraping error)
  2021-03-15: wrote 52256 rows (note: grid rendered 52256 rows vs 52309 reported — known upstream row-numbering gaps, not a scraping error)
  2021-03-14: wrote 60898 rows (note: grid rendered 60898 rows vs 60973 reported — known upstream row-numbering gaps, not a scraping error)
  2021-03-17: wrote 44640 rows (note: grid rendered 44640 rows vs 44697 reported — known upstream row-numbering gaps, not a scraping error)
  2021-03-18: wrote 57642 rows (note: grid rendered 57642 rows vs 57742 reported — known upstream row-numbering gaps, not a scraping error)
  2021-03-26: no data (holiday or out of archive range)
  2021-03-27: no data (holiday or out of archive range)
  2021-03-28: no data (holiday or out of archive range)
  2021-03-22: wrote 61342 rows (note: grid rendered 61342 rows vs 61488 reported — known upstream row-numbering gaps, not a scraping error)
  2021-03-23: wrote 61339 rows (note: grid rendered 61339 rows vs 61422 reported — known upstream row-numbering gaps, not a scraping error)
  2021-03-21: wrote 80806 rows (note: grid rendered 80806 rows vs 80986 reported — known upstream row-numbering gaps, not a scraping error)
  2021-03-24: wrote 72435 rows (note: grid rendered 72435 rows vs 72957 reported — known upstream row-numbering gaps, not a scraping error)
  2021-04-02: no data (holiday or out of archive range)
  2021-04-03: no data (holiday or out of archive range)
  2021-03-25: wrote 74190 rows (note: grid rendered 74190 rows vs 74658 reported — known upstream row-numbering gaps, not a scraping error)
  2021-03-29: wrote 64346 rows (note: grid rendered 64346 rows vs 64515 reported — known upstream row-numbering gaps, not a scraping error)
  2021-03-30: wrote 68318 rows (note: grid rendered 68318 rows vs 68645 reported — known upstream row-numbering gaps, not a scraping error)
  2021-03-31: wrote 66808 rows (note: grid rendered 66808 rows vs 67152 reported — known upstream row-numbering gaps, not a scraping error)
  2021-04-01: wrote 74029 rows (note: grid rendered 74029 rows vs 74208 reported — known upstream row-numbering gaps, not a scraping error)
  2021-04-09: no data (holiday or out of archive range)
  2021-04-10: no data (holiday or out of archive range)
  2021-04-11: no data (holiday or out of archive range)
  2021-04-05: wrote 73478 rows (note: grid rendered 73478 rows vs 73598 reported — known upstream row-numbering gaps, not a scraping error)
  2021-04-04: wrote 89741 rows (note: grid rendered 89741 rows vs 89860 reported — known upstream row-numbering gaps, not a scraping error)
  2021-04-14: no data (holiday or out of archive range)
  2021-04-08: wrote 70886 rows (note: grid rendered 70886 rows vs 71241 reported — known upstream row-numbering gaps, not a scraping error)
  2021-04-06: wrote 81624 rows (note: grid rendered 81624 rows vs 81753 reported — known upstream row-numbering gaps, not a scraping error)
  2021-04-07: wrote 76291 rows (note: grid rendered 76291 rows vs 76591 reported — known upstream row-numbering gaps, not a scraping error)
  2021-04-16: no data (holiday or out of archive range)
  2021-04-17: no data (holiday or out of archive range)
  2021-04-13: wrote 75830 rows (note: grid rendered 75830 rows vs 76094 reported — known upstream row-numbering gaps, not a scraping error)
  2021-04-12: wrote 80606 rows (note: grid rendered 80606 rows vs 80959 reported — known upstream row-numbering gaps, not a scraping error)
  2021-04-20: wrote 65690 rows (note: grid rendered 65690 rows vs 65793 reported — known upstream row-numbering gaps, not a scraping error)
  2021-04-15: wrote 95523 rows (note: grid rendered 95523 rows vs 95737 reported — known upstream row-numbering gaps, not a scraping error)
  2021-04-19: wrote 73342 rows (note: grid rendered 73342 rows vs 73582 reported — known upstream row-numbering gaps, not a scraping error)
  2021-04-23: no data (holiday or out of archive range)
  2021-04-24: no data (holiday or out of archive range)
  2021-04-18: wrote 93450 rows (note: grid rendered 93450 rows vs 93568 reported — known upstream row-numbering gaps, not a scraping error)
  2021-04-21: wrote 66346 rows (note: grid rendered 66346 rows vs 66480 reported — known upstream row-numbering gaps, not a scraping error)
  2021-04-22: wrote 75008 rows (note: grid rendered 75008 rows vs 75108 reported — known upstream row-numbering gaps, not a scraping error)
  2021-04-30: no data (holiday or out of archive range)
  2021-05-01: no data (holiday or out of archive range)
  2021-04-28: wrote 46882 rows (note: grid rendered 46882 rows vs 46959 reported — known upstream row-numbering gaps, not a scraping error)
  2021-04-27: wrote 63449 rows (note: grid rendered 63449 rows vs 63558 reported — known upstream row-numbering gaps, not a scraping error)
  2021-04-29: wrote 50552 rows (note: grid rendered 50552 rows vs 50673 reported — known upstream row-numbering gaps, not a scraping error)
  2021-04-26: wrote 85926 rows (note: grid rendered 85926 rows vs 86092 reported — known upstream row-numbering gaps, not a scraping error)
  2021-04-25: wrote 103902 rows (note: grid rendered 103902 rows vs 104040 reported — known upstream row-numbering gaps, not a scraping error)
  2021-05-07: no data (holiday or out of archive range)
  2021-05-08: no data (holiday or out of archive range)
  2021-05-02: wrote 83203 rows (note: grid rendered 83203 rows vs 83404 reported — known upstream row-numbering gaps, not a scraping error)
  2021-05-04: wrote 67916 rows (note: grid rendered 67916 rows vs 68319 reported — known upstream row-numbering gaps, not a scraping error)
  2021-05-03: wrote 88117 rows (note: grid rendered 88117 rows vs 88483 reported — known upstream row-numbering gaps, not a scraping error)
  2021-05-05: wrote 78522 rows (note: grid rendered 78522 rows vs 78771 reported — known upstream row-numbering gaps, not a scraping error)
  2021-05-06: wrote 79946 rows (note: grid rendered 79946 rows vs 80141 reported — known upstream row-numbering gaps, not a scraping error)
  2021-05-14: no data (holiday or out of archive range)
  2021-05-15: no data (holiday or out of archive range)
  2021-05-09: wrote 74888 rows (note: grid rendered 74888 rows vs 75046 reported — known upstream row-numbering gaps, not a scraping error)
  2021-05-10: wrote 51138 rows (note: grid rendered 51138 rows vs 51235 reported — known upstream row-numbering gaps, not a scraping error)
  2021-05-11: wrote 62336 rows (note: grid rendered 62336 rows vs 62659 reported — known upstream row-numbering gaps, not a scraping error)
  2021-05-12: wrote 62699 rows (note: grid rendered 62699 rows vs 62972 reported — known upstream row-numbering gaps, not a scraping error)
  2021-05-13: wrote 86088 rows (note: grid rendered 86088 rows vs 86296 reported — known upstream row-numbering gaps, not a scraping error)
  2021-05-21: no data (holiday or out of archive range)
  2021-05-22: no data (holiday or out of archive range)
  2021-05-16: wrote 112975 rows (note: grid rendered 112975 rows vs 113069 reported — known upstream row-numbering gaps, not a scraping error)
  2021-05-17: wrote 101794 rows (note: grid rendered 101794 rows vs 101918 reported — known upstream row-numbering gaps, not a scraping error)
  2021-05-18: wrote 115767 rows (note: grid rendered 115767 rows vs 115961 reported — known upstream row-numbering gaps, not a scraping error)
  2021-05-26: no data (holiday or out of archive range)
  2021-05-20: wrote 106098 rows (note: grid rendered 106098 rows vs 106399 reported — known upstream row-numbering gaps, not a scraping error)
  2021-05-28: no data (holiday or out of archive range)
  2021-05-29: no data (holiday or out of archive range)
  2021-05-19: wrote 132238 rows (note: grid rendered 132238 rows vs 132369 reported — known upstream row-numbering gaps, not a scraping error)
  2021-05-23: wrote 125913 rows (note: grid rendered 125913 rows vs 126124 reported — known upstream row-numbering gaps, not a scraping error)
  2021-05-25: wrote 112019 rows (note: grid rendered 112019 rows vs 112148 reported — known upstream row-numbering gaps, not a scraping error)
  2021-05-24: wrote 136329 rows (note: grid rendered 136329 rows vs 136499 reported — known upstream row-numbering gaps, not a scraping error)
  2021-05-27: wrote 147120 rows (note: grid rendered 147120 rows vs 147493 reported — known upstream row-numbering gaps, not a scraping error)
  2021-06-04: no data (holiday or out of archive range)
  2021-06-05: no data (holiday or out of archive range)
  2021-05-31: wrote 148566 rows (note: grid rendered 148566 rows vs 148715 reported — known upstream row-numbering gaps, not a scraping error)
  2021-06-01: wrote 98548 rows (note: grid rendered 98548 rows vs 98607 reported — known upstream row-numbering gaps, not a scraping error)
  2021-05-30: wrote 173345 rows (note: grid rendered 173345 rows vs 173537 reported — known upstream row-numbering gaps, not a scraping error)
  2021-06-02: wrote 114094 rows (note: grid rendered 114094 rows vs 114216 reported — known upstream row-numbering gaps, not a scraping error)
  2021-06-03: wrote 155492 rows (note: grid rendered 155492 rows vs 155655 reported — known upstream row-numbering gaps, not a scraping error)
  2021-06-11: no data (holiday or out of archive range)
  2021-06-12: no data (holiday or out of archive range)
  2021-06-06: wrote 170922 rows (note: grid rendered 170922 rows vs 171060 reported — known upstream row-numbering gaps, not a scraping error)
  2021-06-07: wrote 151840 rows (note: grid rendered 151840 rows vs 151942 reported — known upstream row-numbering gaps, not a scraping error)
  2021-06-08: wrote 149618 rows (note: grid rendered 149618 rows vs 149708 reported — known upstream row-numbering gaps, not a scraping error)
  2021-06-09: wrote 155156 rows (note: grid rendered 155156 rows vs 155239 reported — known upstream row-numbering gaps, not a scraping error)
  2021-06-10: wrote 155593 rows (note: grid rendered 155593 rows vs 155690 reported — known upstream row-numbering gaps, not a scraping error)
  2021-06-18: no data (holiday or out of archive range)
  2021-06-19: no data (holiday or out of archive range)
  2021-06-13: wrote 182310 rows (note: grid rendered 182310 rows vs 182430 reported — known upstream row-numbering gaps, not a scraping error)
  2021-06-17: wrote 124471 rows (note: grid rendered 124471 rows vs 124561 reported — known upstream row-numbering gaps, not a scraping error)
  2021-06-15: wrote 164688 rows (note: grid rendered 164688 rows vs 164790 reported — known upstream row-numbering gaps, not a scraping error)
  2021-06-16: wrote 167698 rows (note: grid rendered 167698 rows vs 167938 reported — known upstream row-numbering gaps, not a scraping error)
  2021-06-20: wrote 128142 rows (note: grid rendered 128142 rows vs 128281 reported — known upstream row-numbering gaps, not a scraping error)
  2021-06-14: wrote 175312 rows (note: grid rendered 175312 rows vs 175411 reported — known upstream row-numbering gaps, not a scraping error)
  2021-06-25: no data (holiday or out of archive range)
  2021-06-26: no data (holiday or out of archive range)
  2021-06-24: wrote 78876 rows (note: grid rendered 78876 rows vs 78983 reported — known upstream row-numbering gaps, not a scraping error)
  2021-06-23: wrote 89937 rows (note: grid rendered 89937 rows vs 90000 reported — known upstream row-numbering gaps, not a scraping error)
  2021-06-22: wrote 111977 rows (note: grid rendered 111977 rows vs 112050 reported — known upstream row-numbering gaps, not a scraping error)
  2021-06-21: wrote 127699 rows (note: grid rendered 127699 rows vs 127837 reported — known upstream row-numbering gaps, not a scraping error)
  2021-07-02: no data (holiday or out of archive range)
  2021-06-27: wrote 81998 rows (note: grid rendered 81998 rows vs 82055 reported — known upstream row-numbering gaps, not a scraping error)
  2021-07-03: no data (holiday or out of archive range)
  2021-06-28: wrote 80750 rows (note: grid rendered 80750 rows vs 81300 reported — known upstream row-numbering gaps, not a scraping error)
  2021-06-29: wrote 75555 rows (note: grid rendered 75555 rows vs 75880 reported — known upstream row-numbering gaps, not a scraping error)
  2021-06-30: wrote 67951 rows (note: grid rendered 67951 rows vs 68192 reported — known upstream row-numbering gaps, not a scraping error)
  2021-07-01: wrote 69942 rows (note: grid rendered 69942 rows vs 70198 reported — known upstream row-numbering gaps, not a scraping error)
  2021-07-09: no data (holiday or out of archive range)
  2021-07-06: wrote 45974 rows (note: grid rendered 45974 rows vs 46310 reported — known upstream row-numbering gaps, not a scraping error)
  2021-07-04: wrote 59994 rows (note: grid rendered 59994 rows vs 60175 reported — known upstream row-numbering gaps, not a scraping error)
  2021-07-05: wrote 52770 rows (note: grid rendered 52770 rows vs 52846 reported — known upstream row-numbering gaps, not a scraping error)
  2021-07-10: no data (holiday or out of archive range)
  2021-07-07: wrote 45729 rows (note: grid rendered 45729 rows vs 46183 reported — known upstream row-numbering gaps, not a scraping error)
  2021-07-08: wrote 51496 rows (note: grid rendered 51496 rows vs 51868 reported — known upstream row-numbering gaps, not a scraping error)
  2021-07-16: no data (holiday or out of archive range)
  2021-07-17: no data (holiday or out of archive range)
  2021-07-14: wrote 50436 rows (note: grid rendered 50436 rows vs 50591 reported — known upstream row-numbering gaps, not a scraping error)
  2021-07-13: wrote 52930 rows (note: grid rendered 52930 rows vs 53139 reported — known upstream row-numbering gaps, not a scraping error)
  2021-07-11: wrote 81701 rows (note: grid rendered 81701 rows vs 82049 reported — known upstream row-numbering gaps, not a scraping error)
  2021-07-21: no data (holiday or out of archive range)
  2021-07-12: wrote 92002 rows (note: grid rendered 92002 rows vs 92192 reported — known upstream row-numbering gaps, not a scraping error)
  2021-07-23: no data (holiday or out of archive range)
  2021-07-24: no data (holiday or out of archive range)
  2021-07-15: wrote 73110 rows (note: grid rendered 73110 rows vs 73272 reported — known upstream row-numbering gaps, not a scraping error)
  2021-07-20: wrote 84372 rows (note: grid rendered 84372 rows vs 84468 reported — known upstream row-numbering gaps, not a scraping error)
  2021-07-18: wrote 116122 rows (note: grid rendered 116122 rows vs 116294 reported — known upstream row-numbering gaps, not a scraping error)
  2021-07-19: wrote 107655 rows (note: grid rendered 107655 rows vs 107797 reported — known upstream row-numbering gaps, not a scraping error)
  2021-07-30: no data (holiday or out of archive range)
  2021-07-31: no data (holiday or out of archive range)
  2021-07-22: wrote 114669 rows (note: grid rendered 114669 rows vs 114772 reported — known upstream row-numbering gaps, not a scraping error)
  2021-07-25: wrote 139222 rows (note: grid rendered 139222 rows vs 139340 reported — known upstream row-numbering gaps, not a scraping error)
  2021-07-26: wrote 137125 rows (note: grid rendered 137125 rows vs 137242 reported — known upstream row-numbering gaps, not a scraping error)
  2021-07-29: wrote 106578 rows (note: grid rendered 106578 rows vs 106682 reported — known upstream row-numbering gaps, not a scraping error)
  2021-07-28: wrote 128668 rows (note: grid rendered 128668 rows vs 128780 reported — known upstream row-numbering gaps, not a scraping error)
  2021-08-06: no data (holiday or out of archive range)
  2021-08-02: wrote 105424 rows (note: grid rendered 105424 rows vs 105579 reported — known upstream row-numbering gaps, not a scraping error)
  2021-08-01: wrote 117286 rows (note: grid rendered 117286 rows vs 117490 reported — known upstream row-numbering gaps, not a scraping error)
  2021-08-07: no data (holiday or out of archive range)
  2021-08-03: wrote 106326 rows (note: grid rendered 106326 rows vs 106620 reported — known upstream row-numbering gaps, not a scraping error)
  2021-08-04: wrote 144725 rows (note: grid rendered 144725 rows vs 144887 reported — known upstream row-numbering gaps, not a scraping error)
  2021-08-05: wrote 134951 rows (note: grid rendered 134951 rows vs 135042 reported — known upstream row-numbering gaps, not a scraping error)
  2021-08-13: no data (holiday or out of archive range)
  2021-08-14: no data (holiday or out of archive range)
  2021-08-08: wrote 126853 rows (note: grid rendered 126853 rows vs 126924 reported — known upstream row-numbering gaps, not a scraping error)
  2021-08-09: wrote 128852 rows (note: grid rendered 128852 rows vs 128959 reported — known upstream row-numbering gaps, not a scraping error)
  2021-08-10: wrote 163878 rows (note: grid rendered 163878 rows vs 163969 reported — known upstream row-numbering gaps, not a scraping error)
  2021-08-11: wrote 139170 rows (note: grid rendered 139170 rows vs 139218 reported — known upstream row-numbering gaps, not a scraping error)
  2021-08-12: wrote 154543 rows (note: grid rendered 154543 rows vs 154660 reported — known upstream row-numbering gaps, not a scraping error)
  2021-08-20: no data (holiday or out of archive range)
  2021-08-21: no data (holiday or out of archive range)
  2021-08-23: no data (holiday or out of archive range)
  2021-08-16: wrote 158852 rows (note: grid rendered 158852 rows vs 159093 reported — known upstream row-numbering gaps, not a scraping error)
  2021-08-27: no data (holiday or out of archive range)
  2021-08-28: no data (holiday or out of archive range)
  2021-08-17: wrote 161615 rows (note: grid rendered 161615 rows vs 161721 reported — known upstream row-numbering gaps, not a scraping error)
  2021-08-30: no data (holiday or out of archive range)
  2021-08-15: wrote 189451 rows (note: grid rendered 189451 rows vs 189736 reported — known upstream row-numbering gaps, not a scraping error)
  2021-08-18: wrote 188375 rows (note: grid rendered 188375 rows vs 188454 reported — known upstream row-numbering gaps, not a scraping error)
  2021-09-03: no data (holiday or out of archive range)
  2021-09-04: no data (holiday or out of archive range)
  2021-08-19: wrote 187796 rows (note: grid rendered 187796 rows vs 188017 reported — known upstream row-numbering gaps, not a scraping error)
  2021-09-01: wrote 104280 rows (note: grid rendered 104280 rows vs 104342 reported — known upstream row-numbering gaps, not a scraping error)
  2021-09-02: wrote 105689 rows (note: grid rendered 105689 rows vs 105775 reported — known upstream row-numbering gaps, not a scraping error)
  2021-08-31: wrote 130554 rows (note: grid rendered 130554 rows vs 130774 reported — known upstream row-numbering gaps, not a scraping error)
  2021-08-29: wrote 158917 rows (note: grid rendered 158917 rows vs 159137 reported — known upstream row-numbering gaps, not a scraping error)
  2021-09-10: no data (holiday or out of archive range)
  2021-09-11: no data (holiday or out of archive range)
  2021-09-05: wrote 129030 rows (note: grid rendered 129030 rows vs 129142 reported — known upstream row-numbering gaps, not a scraping error)
  2021-09-06: wrote 109051 rows (note: grid rendered 109051 rows vs 109182 reported — known upstream row-numbering gaps, not a scraping error)
  2021-09-08: wrote 74724 rows (note: grid rendered 74724 rows vs 74890 reported — known upstream row-numbering gaps, not a scraping error)
  2021-09-07: wrote 86416 rows (note: grid rendered 86416 rows vs 86508 reported — known upstream row-numbering gaps, not a scraping error)
  2021-09-09: wrote 72818 rows (note: grid rendered 72818 rows vs 72858 reported — known upstream row-numbering gaps, not a scraping error)
  2021-09-17: no data (holiday or out of archive range)
  2021-09-18: no data (holiday or out of archive range)
  2021-09-19: no data (holiday or out of archive range)
  2021-09-12: wrote 96502 rows (note: grid rendered 96502 rows vs 96591 reported — known upstream row-numbering gaps, not a scraping error)
  2021-09-14: wrote 59773 rows (note: grid rendered 59773 rows vs 59854 reported — known upstream row-numbering gaps, not a scraping error)
  2021-09-15: wrote 75856 rows (note: grid rendered 75856 rows vs 75895 reported — known upstream row-numbering gaps, not a scraping error)
  2021-09-13: wrote 93163 rows (note: grid rendered 93163 rows vs 93218 reported — known upstream row-numbering gaps, not a scraping error)
  2021-09-24: no data (holiday or out of archive range)
  2021-09-25: no data (holiday or out of archive range)
  2021-09-16: wrote 113685 rows (note: grid rendered 113685 rows vs 113807 reported — known upstream row-numbering gaps, not a scraping error)
  2021-09-22: wrote 72654 rows (note: grid rendered 72654 rows vs 72714 reported — known upstream row-numbering gaps, not a scraping error)
  2021-09-20: wrote 107496 rows (note: grid rendered 107496 rows vs 107596 reported — known upstream row-numbering gaps, not a scraping error)
  2021-09-21: wrote 95569 rows (note: grid rendered 95569 rows vs 95646 reported — known upstream row-numbering gaps, not a scraping error)
  2021-09-23: wrote 87758 rows (note: grid rendered 87758 rows vs 87810 reported — known upstream row-numbering gaps, not a scraping error)
  2021-09-26: wrote 73651 rows (note: grid rendered 73651 rows vs 73693 reported — known upstream row-numbering gaps, not a scraping error)
  2021-10-01: no data (holiday or out of archive range)
  2021-10-02: no data (holiday or out of archive range)
  2021-09-27: wrote 67503 rows (note: grid rendered 67503 rows vs 67587 reported — known upstream row-numbering gaps, not a scraping error)
  2021-09-30: wrote 49348 rows (note: grid rendered 49348 rows vs 49835 reported — known upstream row-numbering gaps, not a scraping error)
  2021-09-29: wrote 63887 rows (note: grid rendered 63887 rows vs 63916 reported — known upstream row-numbering gaps, not a scraping error)
  2021-09-28: wrote 75316 rows (note: grid rendered 75316 rows vs 75374 reported — known upstream row-numbering gaps, not a scraping error)
  2021-10-07: no data (holiday or out of archive range)
  2021-10-08: no data (holiday or out of archive range)
  2021-10-09: no data (holiday or out of archive range)
  2021-10-03: wrote 52296 rows (note: grid rendered 52296 rows vs 52391 reported — known upstream row-numbering gaps, not a scraping error)
  2021-10-04: wrote 48169 rows (note: grid rendered 48169 rows vs 48236 reported — known upstream row-numbering gaps, not a scraping error)
  2021-10-12: no data (holiday or out of archive range)
  2021-10-05: wrote 40924 rows (note: grid rendered 40924 rows vs 41051 reported — known upstream row-numbering gaps, not a scraping error)
  2021-10-13: no data (holiday or out of archive range)
  2021-10-15: no data (holiday or out of archive range)
  2021-10-16: no data (holiday or out of archive range)
  2021-10-06: wrote 55192 rows (note: grid rendered 55192 rows vs 55385 reported — known upstream row-numbering gaps, not a scraping error)
  2021-10-11: wrote 44293 rows (note: grid rendered 44293 rows vs 44462 reported — known upstream row-numbering gaps, not a scraping error)
  2021-10-10: wrote 53988 rows (note: grid rendered 53988 rows vs 54123 reported — known upstream row-numbering gaps, not a scraping error)
  2021-10-17: wrote 21303 rows (note: grid rendered 21303 rows vs 21328 reported — known upstream row-numbering gaps, not a scraping error)
  2021-10-22: no data (holiday or out of archive range)
  2021-10-23: no data (holiday or out of archive range)
  2021-10-18: wrote 40323 rows (note: grid rendered 40323 rows vs 40401 reported — known upstream row-numbering gaps, not a scraping error)
  2021-10-20: wrote 34605 rows (note: grid rendered 34605 rows vs 34644 reported — known upstream row-numbering gaps, not a scraping error)
  2021-10-19: wrote 54372 rows (note: grid rendered 54372 rows vs 54452 reported — known upstream row-numbering gaps, not a scraping error)
  2021-10-21: wrote 36735 rows (note: grid rendered 36735 rows vs 36762 reported — known upstream row-numbering gaps, not a scraping error)
  2021-10-29: no data (holiday or out of archive range)
  2021-10-30: no data (holiday or out of archive range)
  2021-10-24: wrote 38063 rows (note: grid rendered 38063 rows vs 38147 reported — known upstream row-numbering gaps, not a scraping error)
  2021-10-25: wrote 53667 rows (note: grid rendered 53667 rows vs 53792 reported — known upstream row-numbering gaps, not a scraping error)
  2021-10-26: wrote 72820 rows (note: grid rendered 72820 rows vs 72973 reported — known upstream row-numbering gaps, not a scraping error)
  2021-10-28: wrote 58657 rows (note: grid rendered 58657 rows vs 59140 reported — known upstream row-numbering gaps, not a scraping error)
  2021-11-04: no data (holiday or out of archive range)
  2021-10-27: wrote 75477 rows (note: grid rendered 75477 rows vs 75612 reported — known upstream row-numbering gaps, not a scraping error)
  2021-11-05: no data (holiday or out of archive range)
  2021-11-06: no data (holiday or out of archive range)
  2021-11-07: no data (holiday or out of archive range)
  2021-11-02: wrote 59809 rows (note: grid rendered 59809 rows vs 59881 reported — known upstream row-numbering gaps, not a scraping error)
  2021-11-01: wrote 80217 rows (note: grid rendered 80217 rows vs 80351 reported — known upstream row-numbering gaps, not a scraping error)
  2021-10-31: wrote 81755 rows (note: grid rendered 81755 rows vs 81935 reported — known upstream row-numbering gaps, not a scraping error)
  2021-11-10: no data (holiday or out of archive range)
  2021-11-13: no data (holiday or out of archive range)
  2021-11-12: no data (holiday or out of archive range)
  2021-11-03: wrote 61615 rows (note: grid rendered 61615 rows vs 61745 reported — known upstream row-numbering gaps, not a scraping error)
  2021-11-08: wrote 49410 rows (note: grid rendered 49410 rows vs 49530 reported — known upstream row-numbering gaps, not a scraping error)
  2021-11-15: wrote 59273 rows (note: grid rendered 59273 rows vs 59316 reported — known upstream row-numbering gaps, not a scraping error)
  2021-11-09: wrote 100576 rows (note: grid rendered 100576 rows vs 100666 reported — known upstream row-numbering gaps, not a scraping error)
  2021-11-11: wrote 73271 rows (note: grid rendered 73271 rows vs 73328 reported — known upstream row-numbering gaps, not a scraping error)
  2021-11-14: wrote 61371 rows (note: grid rendered 61371 rows vs 61405 reported — known upstream row-numbering gaps, not a scraping error)
  2021-11-19: no data (holiday or out of archive range)
  2021-11-20: no data (holiday or out of archive range)
  2021-11-16: wrote 69163 rows (note: grid rendered 69163 rows vs 69200 reported — known upstream row-numbering gaps, not a scraping error)
  2021-11-17: wrote 77456 rows (note: grid rendered 77456 rows vs 77518 reported — known upstream row-numbering gaps, not a scraping error)
  2021-11-22: wrote 51504 rows (note: grid rendered 51504 rows vs 51526 reported — known upstream row-numbering gaps, not a scraping error)
  2021-11-21: wrote 54627 rows (note: grid rendered 54627 rows vs 54664 reported — known upstream row-numbering gaps, not a scraping error)
  2021-11-23: wrote 53728 rows (note: grid rendered 53728 rows vs 53767 reported — known upstream row-numbering gaps, not a scraping error)
  2021-11-18: wrote 69883 rows (note: grid rendered 69883 rows vs 70037 reported — known upstream row-numbering gaps, not a scraping error)
  2021-11-26: no data (holiday or out of archive range)
  2021-11-27: no data (holiday or out of archive range)
  2021-11-24: wrote 54681 rows (note: grid rendered 54681 rows vs 54703 reported — known upstream row-numbering gaps, not a scraping error)
  2021-11-25: wrote 47087 rows (note: grid rendered 47087 rows vs 47113 reported — known upstream row-numbering gaps, not a scraping error)
  2021-12-03: no data (holiday or out of archive range)
  2021-12-04: no data (holiday or out of archive range)
  2021-12-01: wrote 37556 rows (note: grid rendered 37556 rows vs 37585 reported — known upstream row-numbering gaps, not a scraping error)
  2021-11-30: wrote 41549 rows (note: grid rendered 41549 rows vs 41585 reported — known upstream row-numbering gaps, not a scraping error)
  2021-11-29: wrote 51096 rows (note: grid rendered 51096 rows vs 51138 reported — known upstream row-numbering gaps, not a scraping error)
  2021-12-02: wrote 47759 rows (note: grid rendered 47759 rows vs 47864 reported — known upstream row-numbering gaps, not a scraping error)
  2021-11-28: wrote 70771 rows (note: grid rendered 70771 rows vs 70842 reported — known upstream row-numbering gaps, not a scraping error)
  2021-12-10: no data (holiday or out of archive range)
  2021-12-11: no data (holiday or out of archive range)
  2021-12-05: wrote 60010 rows (note: grid rendered 60010 rows vs 60088 reported — known upstream row-numbering gaps, not a scraping error)
  2021-12-07: wrote 49647 rows (note: grid rendered 49647 rows vs 49741 reported — known upstream row-numbering gaps, not a scraping error)
  2021-12-08: wrote 42886 rows (note: grid rendered 42886 rows vs 42946 reported — known upstream row-numbering gaps, not a scraping error)
  2021-12-09: wrote 41343 rows (note: grid rendered 41343 rows vs 41389 reported — known upstream row-numbering gaps, not a scraping error)
  2021-12-06: wrote 69789 rows (note: grid rendered 69789 rows vs 69888 reported — known upstream row-numbering gaps, not a scraping error)
  2021-12-17: no data (holiday or out of archive range)
  2021-12-18: no data (holiday or out of archive range)
  2021-12-19: no data (holiday or out of archive range)
  2021-12-12: wrote 51790 rows (note: grid rendered 51790 rows vs 51844 reported — known upstream row-numbering gaps, not a scraping error)
  2021-12-14: wrote 29041 rows (note: grid rendered 29041 rows vs 29064 reported — known upstream row-numbering gaps, not a scraping error)
  2021-12-16: wrote 37190 rows (note: grid rendered 37190 rows vs 37236 reported — known upstream row-numbering gaps, not a scraping error)
  2021-12-13: wrote 62754 rows (note: grid rendered 62754 rows vs 62809 reported — known upstream row-numbering gaps, not a scraping error)
  2021-12-24: no data (holiday or out of archive range)
  2021-12-25: no data (holiday or out of archive range)
  2021-12-15: wrote 71161 rows (note: grid rendered 71161 rows vs 71229 reported — known upstream row-numbering gaps, not a scraping error)
  2021-12-21: wrote 34187 rows (note: grid rendered 34187 rows vs 34217 reported — known upstream row-numbering gaps, not a scraping error)
  2021-12-20: wrote 37350 rows (note: grid rendered 37350 rows vs 37367 reported — known upstream row-numbering gaps, not a scraping error)
  2021-12-22: wrote 55925 rows (note: grid rendered 55925 rows vs 55997 reported — known upstream row-numbering gaps, not a scraping error)
  2021-12-30: no data (holiday or out of archive range)
  2021-12-31: no data (holiday or out of archive range)
  2021-12-23: wrote 58945 rows (note: grid rendered 58945 rows vs 59008 reported — known upstream row-numbering gaps, not a scraping error)
  2022-01-01: no data (holiday or out of archive range)
  2021-12-29: wrote 42486 rows (note: grid rendered 42486 rows vs 42512 reported — known upstream row-numbering gaps, not a scraping error)
  2021-12-28: wrote 42025 rows (note: grid rendered 42025 rows vs 42058 reported — known upstream row-numbering gaps, not a scraping error)
  2021-12-26: wrote 61938 rows (note: grid rendered 61938 rows vs 62021 reported — known upstream row-numbering gaps, not a scraping error)
  2021-12-27: wrote 67657 rows (note: grid rendered 67657 rows vs 67760 reported — known upstream row-numbering gaps, not a scraping error)
  2022-01-07: no data (holiday or out of archive range)
  2022-01-08: no data (holiday or out of archive range)
  2022-01-02: wrote 53023 rows (note: grid rendered 53023 rows vs 53122 reported — known upstream row-numbering gaps, not a scraping error)
  2022-01-03: wrote 54368 rows (note: grid rendered 54368 rows vs 54505 reported — known upstream row-numbering gaps, not a scraping error)
  2022-01-06: wrote 48116 rows (note: grid rendered 48116 rows vs 48161 reported — known upstream row-numbering gaps, not a scraping error)
  2022-01-04: wrote 55281 rows (note: grid rendered 55281 rows vs 55378 reported — known upstream row-numbering gaps, not a scraping error)
  2022-01-05: wrote 58500 rows (note: grid rendered 58500 rows vs 58572 reported — known upstream row-numbering gaps, not a scraping error)
  2022-01-14: no data (holiday or out of archive range)
  2022-01-15: no data (holiday or out of archive range)
  2022-01-09: wrote 82030 rows (note: grid rendered 82030 rows vs 82113 reported — known upstream row-numbering gaps, not a scraping error)
  2022-01-10: wrote 77140 rows (note: grid rendered 77140 rows vs 77183 reported — known upstream row-numbering gaps, not a scraping error)
  2022-01-11: wrote 76866 rows (note: grid rendered 76866 rows vs 77015 reported — known upstream row-numbering gaps, not a scraping error)
  2022-01-13: wrote 77592 rows (note: grid rendered 77592 rows vs 77668 reported — known upstream row-numbering gaps, not a scraping error)
  2022-01-12: wrote 90462 rows (note: grid rendered 90462 rows vs 90590 reported — known upstream row-numbering gaps, not a scraping error)
  2022-01-21: no data (holiday or out of archive range)
  2022-01-22: no data (holiday or out of archive range)
  2022-01-16: wrote 101426 rows (note: grid rendered 101426 rows vs 101589 reported — known upstream row-numbering gaps, not a scraping error)
  2022-01-17: wrote 96299 rows (note: grid rendered 96299 rows vs 96408 reported — known upstream row-numbering gaps, not a scraping error)
  2022-01-19: wrote 84109 rows (note: grid rendered 84109 rows vs 84233 reported — known upstream row-numbering gaps, not a scraping error)
  2022-01-20: wrote 75545 rows (note: grid rendered 75545 rows vs 75582 reported — known upstream row-numbering gaps, not a scraping error)
  2022-01-18: wrote 115879 rows (note: grid rendered 115879 rows vs 115958 reported — known upstream row-numbering gaps, not a scraping error)
  2022-01-28: no data (holiday or out of archive range)
  2022-01-29: no data (holiday or out of archive range)
  2022-01-23: wrote 87435 rows (note: grid rendered 87435 rows vs 87478 reported — known upstream row-numbering gaps, not a scraping error)
  2022-01-24: wrote 113091 rows (note: grid rendered 113091 rows vs 113205 reported — known upstream row-numbering gaps, not a scraping error)
  2022-01-25: wrote 72327 rows (note: grid rendered 72327 rows vs 72401 reported — known upstream row-numbering gaps, not a scraping error)
  2022-01-27: wrote 50895 rows (note: grid rendered 50895 rows vs 50965 reported — known upstream row-numbering gaps, not a scraping error)
  2022-02-02: no data (holiday or out of archive range)
  2022-01-26: wrote 60934 rows (note: grid rendered 60934 rows vs 61004 reported — known upstream row-numbering gaps, not a scraping error)
  2022-02-04: no data (holiday or out of archive range)
  2022-02-05: no data (holiday or out of archive range)
  2022-01-31: wrote 69694 rows (note: grid rendered 69694 rows vs 69770 reported — known upstream row-numbering gaps, not a scraping error)
  2022-01-30: wrote 81619 rows (note: grid rendered 81619 rows vs 81706 reported — known upstream row-numbering gaps, not a scraping error)
  2022-02-01: wrote 80732 rows (note: grid rendered 80732 rows vs 80829 reported — known upstream row-numbering gaps, not a scraping error)
  2022-02-07: wrote 66077 rows (note: grid rendered 66077 rows vs 66113 reported — known upstream row-numbering gaps, not a scraping error)
  2022-02-06: wrote 73140 rows (note: grid rendered 73140 rows vs 73192 reported — known upstream row-numbering gaps, not a scraping error)
  2022-02-11: no data (holiday or out of archive range)
  2022-02-12: no data (holiday or out of archive range)
  2022-02-09: wrote 45094 rows (note: grid rendered 45094 rows vs 45112 reported — known upstream row-numbering gaps, not a scraping error)
  2022-02-03: wrote 108289 rows (note: grid rendered 108289 rows vs 108365 reported — known upstream row-numbering gaps, not a scraping error)
  2022-02-08: wrote 71293 rows (note: grid rendered 71293 rows vs 71340 reported — known upstream row-numbering gaps, not a scraping error)
  2022-02-10: wrote 48986 rows (note: grid rendered 48986 rows vs 49005 reported — known upstream row-numbering gaps, not a scraping error)
  2022-02-18: no data (holiday or out of archive range)
  2022-02-19: no data (holiday or out of archive range)
  2022-02-16: wrote 39592 rows (note: grid rendered 39592 rows vs 39668 reported — known upstream row-numbering gaps, not a scraping error)
  2022-02-14: wrote 49839 rows (note: grid rendered 49839 rows vs 49882 reported — known upstream row-numbering gaps, not a scraping error)
  2022-02-15: wrote 43477 rows (note: grid rendered 43477 rows vs 43519 reported — known upstream row-numbering gaps, not a scraping error)
  2022-02-17: wrote 34286 rows (note: grid rendered 34286 rows vs 34346 reported — known upstream row-numbering gaps, not a scraping error)
  2022-02-13: wrote 81786 rows (note: grid rendered 81786 rows vs 81837 reported — known upstream row-numbering gaps, not a scraping error)
  2022-02-25: no data (holiday or out of archive range)
  2022-02-26: no data (holiday or out of archive range)
  2022-02-21: wrote 40788 rows (note: grid rendered 40788 rows vs 40869 reported — known upstream row-numbering gaps, not a scraping error)
  2022-02-20: wrote 56907 rows (note: grid rendered 56907 rows vs 57004 reported — known upstream row-numbering gaps, not a scraping error)
  2022-02-22: wrote 48066 rows (note: grid rendered 48066 rows vs 48195 reported — known upstream row-numbering gaps, not a scraping error)
  2022-02-23: wrote 48843 rows (note: grid rendered 48843 rows vs 48911 reported — known upstream row-numbering gaps, not a scraping error)
  2022-03-01: no data (holiday or out of archive range)
  2022-03-03: no data (holiday or out of archive range)
  2022-03-04: no data (holiday or out of archive range)
  2022-03-05: no data (holiday or out of archive range)
  2022-02-24: wrote 64919 rows (note: grid rendered 64919 rows vs 65011 reported — known upstream row-numbering gaps, not a scraping error)
  2022-03-08: no data (holiday or out of archive range)
  2022-02-27: wrote 49620 rows (note: grid rendered 49620 rows vs 49670 reported — known upstream row-numbering gaps, not a scraping error)
  2022-02-28: wrote 54064 rows (note: grid rendered 54064 rows vs 54121 reported — known upstream row-numbering gaps, not a scraping error)
  2022-03-02: wrote 55135 rows (note: grid rendered 55135 rows vs 55212 reported — known upstream row-numbering gaps, not a scraping error)
  2022-03-11: no data (holiday or out of archive range)
  2022-03-12: no data (holiday or out of archive range)
  2022-03-07: wrote 40109 rows (note: grid rendered 40109 rows vs 40130 reported — known upstream row-numbering gaps, not a scraping error)
  2022-03-06: wrote 45581 rows (note: grid rendered 45581 rows vs 45622 reported — known upstream row-numbering gaps, not a scraping error)
  2022-03-09: wrote 39744 rows (note: grid rendered 39744 rows vs 39788 reported — known upstream row-numbering gaps, not a scraping error)
  2022-03-17: no data (holiday or out of archive range)
  2022-03-10: wrote 43488 rows (note: grid rendered 43488 rows vs 43538 reported — known upstream row-numbering gaps, not a scraping error)
  2022-03-18: no data (holiday or out of archive range)
  2022-03-19: no data (holiday or out of archive range)
  2022-03-14: wrote 18575 rows (note: grid rendered 18575 rows vs 18597 reported — known upstream row-numbering gaps, not a scraping error)
  2022-03-16: wrote 36981 rows (note: grid rendered 36981 rows vs 37032 reported — known upstream row-numbering gaps, not a scraping error)
  2022-03-15: wrote 46247 rows (note: grid rendered 46247 rows vs 46287 reported — known upstream row-numbering gaps, not a scraping error)
  2022-03-13: wrote 64547 rows (note: grid rendered 64547 rows vs 64635 reported — known upstream row-numbering gaps, not a scraping error)
  2022-03-25: no data (holiday or out of archive range)
  2022-03-20: wrote 35180 rows (note: grid rendered 35180 rows vs 35212 reported — known upstream row-numbering gaps, not a scraping error)
  2022-03-21: wrote 37901 rows (note: grid rendered 37901 rows vs 37939 reported — known upstream row-numbering gaps, not a scraping error)
  2022-03-26: no data (holiday or out of archive range)
  2022-03-22: wrote 36721 rows (note: grid rendered 36721 rows vs 36772 reported — known upstream row-numbering gaps, not a scraping error)
  2022-03-23: wrote 29664 rows (note: grid rendered 29664 rows vs 29678 reported — known upstream row-numbering gaps, not a scraping error)
  2022-03-24: wrote 45034 rows (note: grid rendered 45034 rows vs 45076 reported — known upstream row-numbering gaps, not a scraping error)
  2022-04-01: no data (holiday or out of archive range)
  2022-03-29: wrote 31380 rows (note: grid rendered 31380 rows vs 31431 reported — known upstream row-numbering gaps, not a scraping error)
  2022-04-02: no data (holiday or out of archive range)
  2022-03-30: wrote 36782 rows (note: grid rendered 36782 rows vs 36811 reported — known upstream row-numbering gaps, not a scraping error)
  2022-03-28: wrote 42679 rows (note: grid rendered 42679 rows vs 42712 reported — known upstream row-numbering gaps, not a scraping error)
  2022-03-27: wrote 62103 rows (note: grid rendered 62103 rows vs 62164 reported — known upstream row-numbering gaps, not a scraping error)
  2022-03-31: wrote 37398 rows (note: grid rendered 37398 rows vs 37429 reported — known upstream row-numbering gaps, not a scraping error)
  2022-04-08: no data (holiday or out of archive range)
  2022-04-09: no data (holiday or out of archive range)
  2022-04-10: no data (holiday or out of archive range)
  2022-04-03: wrote 28087 rows (note: grid rendered 28087 rows vs 28113 reported — known upstream row-numbering gaps, not a scraping error)
  2022-04-04: wrote 31535 rows (note: grid rendered 31535 rows vs 31567 reported — known upstream row-numbering gaps, not a scraping error)
  2022-04-06: wrote 38218 rows (note: grid rendered 38218 rows vs 38262 reported — known upstream row-numbering gaps, not a scraping error)
  2022-04-05: wrote 45792 rows (note: grid rendered 45792 rows vs 45894 reported — known upstream row-numbering gaps, not a scraping error)
  2022-04-14: no data (holiday or out of archive range)
  2022-04-15: no data (holiday or out of archive range)
  2022-04-16: no data (holiday or out of archive range)
  2022-04-07: wrote 42469 rows (note: grid rendered 42469 rows vs 42506 reported — known upstream row-numbering gaps, not a scraping error)
  2022-04-13: wrote 28908 rows (note: grid rendered 28908 rows vs 28945 reported — known upstream row-numbering gaps, not a scraping error)
  2022-04-12: wrote 31511 rows (note: grid rendered 31511 rows vs 31576 reported — known upstream row-numbering gaps, not a scraping error)
  2022-04-11: wrote 40447 rows (note: grid rendered 40447 rows vs 40507 reported — known upstream row-numbering gaps, not a scraping error)
  2022-04-22: no data (holiday or out of archive range)
  2022-04-17: wrote 29006 rows (note: grid rendered 29006 rows vs 29044 reported — known upstream row-numbering gaps, not a scraping error)
  2022-04-23: no data (holiday or out of archive range)
  2022-04-18: wrote 31767 rows (note: grid rendered 31767 rows vs 31825 reported — known upstream row-numbering gaps, not a scraping error)
  2022-04-19: wrote 27790 rows (note: grid rendered 27790 rows vs 27841 reported — known upstream row-numbering gaps, not a scraping error)
  2022-04-20: wrote 32460 rows (note: grid rendered 32460 rows vs 32506 reported — known upstream row-numbering gaps, not a scraping error)
  2022-04-21: wrote 36155 rows (note: grid rendered 36155 rows vs 36190 reported — known upstream row-numbering gaps, not a scraping error)
  2022-04-29: no data (holiday or out of archive range)
  2022-04-26: wrote 25724 rows (note: grid rendered 25724 rows vs 25766 reported — known upstream row-numbering gaps, not a scraping error)
  2022-04-30: no data (holiday or out of archive range)
  2022-04-27: wrote 23504 rows (note: grid rendered 23504 rows vs 23534 reported — known upstream row-numbering gaps, not a scraping error)
  2022-05-01: no data (holiday or out of archive range)
  2022-04-24: wrote 43363 rows (note: grid rendered 43363 rows vs 43450 reported — known upstream row-numbering gaps, not a scraping error)
  2022-04-25: wrote 46354 rows (note: grid rendered 46354 rows vs 46401 reported — known upstream row-numbering gaps, not a scraping error)
  2022-05-03: no data (holiday or out of archive range)
  2022-05-06: no data (holiday or out of archive range)
  2022-05-07: no data (holiday or out of archive range)
  2022-04-28: wrote 28862 rows (note: grid rendered 28862 rows vs 28912 reported — known upstream row-numbering gaps, not a scraping error)
  2022-05-02: wrote 31374 rows (note: grid rendered 31374 rows vs 31404 reported — known upstream row-numbering gaps, not a scraping error)
  2022-05-04: wrote 27537 rows (note: grid rendered 27537 rows vs 27566 reported — known upstream row-numbering gaps, not a scraping error)
  2022-05-05: wrote 34218 rows (note: grid rendered 34218 rows vs 34260 reported — known upstream row-numbering gaps, not a scraping error)
  2022-05-13: no data (holiday or out of archive range)
  2022-05-08: wrote 27181 rows (note: grid rendered 27181 rows vs 27229 reported — known upstream row-numbering gaps, not a scraping error)
  2022-05-09: wrote 28646 rows (note: grid rendered 28646 rows vs 28675 reported — known upstream row-numbering gaps, not a scraping error)
  2022-05-10: wrote 26536 rows (note: grid rendered 26536 rows vs 26565 reported — known upstream row-numbering gaps, not a scraping error)
  2022-05-14: no data (holiday or out of archive range)
  2022-05-15: no data (holiday or out of archive range)
  2022-05-16: no data (holiday or out of archive range)
  2022-05-11: wrote 37739 rows (note: grid rendered 37739 rows vs 37770 reported — known upstream row-numbering gaps, not a scraping error)
  2022-05-12: wrote 39981 rows (note: grid rendered 39981 rows vs 40023 reported — known upstream row-numbering gaps, not a scraping error)
  2022-05-21: no data (holiday or out of archive range)
  2022-05-22: no data (holiday or out of archive range)
  2022-05-18: wrote 27022 rows (note: grid rendered 27022 rows vs 27057 reported — known upstream row-numbering gaps, not a scraping error)
  2022-05-19: wrote 23551 rows (note: grid rendered 23551 rows vs 23569 reported — known upstream row-numbering gaps, not a scraping error)
  2022-05-20: wrote 19097 rows (note: grid rendered 19097 rows vs 19109 reported — known upstream row-numbering gaps, not a scraping error)
  2022-05-17: wrote 33574 rows (note: grid rendered 33574 rows vs 33611 reported — known upstream row-numbering gaps, not a scraping error)
  2022-05-28: no data (holiday or out of archive range)
  2022-05-29: no data (holiday or out of archive range)
  2022-05-24: wrote 21689 rows (note: grid rendered 21689 rows vs 21709 reported — known upstream row-numbering gaps, not a scraping error)
  2022-05-25: wrote 21997 rows (note: grid rendered 21997 rows vs 22031 reported — known upstream row-numbering gaps, not a scraping error)
  2022-05-23: wrote 28471 rows (note: grid rendered 28471 rows vs 28506 reported — known upstream row-numbering gaps, not a scraping error)
  2022-05-26: wrote 18791 rows (note: grid rendered 18791 rows vs 18808 reported — known upstream row-numbering gaps, not a scraping error)
  2022-05-27: wrote 21891 rows (note: grid rendered 21891 rows vs 21904 reported — known upstream row-numbering gaps, not a scraping error)
  2022-06-04: no data (holiday or out of archive range)
  2022-06-05: no data (holiday or out of archive range)
  2022-06-02: wrote 21805 rows (note: grid rendered 21805 rows vs 21833 reported — known upstream row-numbering gaps, not a scraping error)
  2022-06-01: wrote 23064 rows (note: grid rendered 23064 rows vs 23134 reported — known upstream row-numbering gaps, not a scraping error)
  2022-05-31: wrote 27494 rows (note: grid rendered 27494 rows vs 27519 reported — known upstream row-numbering gaps, not a scraping error)
  2022-05-30: wrote 26904 rows (note: grid rendered 26904 rows vs 26949 reported — known upstream row-numbering gaps, not a scraping error)
  2022-06-03: wrote 26677 rows (note: grid rendered 26677 rows vs 26693 reported — known upstream row-numbering gaps, not a scraping error)
  2022-06-11: no data (holiday or out of archive range)
  2022-06-06: wrote 25875 rows (note: grid rendered 25875 rows vs 25908 reported — known upstream row-numbering gaps, not a scraping error)
  2022-06-12: no data (holiday or out of archive range)
  2022-06-10: wrote 18578 rows (note: grid rendered 18578 rows vs 18617 reported — known upstream row-numbering gaps, not a scraping error)
  2022-06-07: wrote 28908 rows (note: grid rendered 28908 rows vs 28959 reported — known upstream row-numbering gaps, not a scraping error)
  2022-06-08: wrote 30646 rows (note: grid rendered 30646 rows vs 30684 reported — known upstream row-numbering gaps, not a scraping error)
  2022-06-09: wrote 30730 rows (note: grid rendered 30730 rows vs 30762 reported — known upstream row-numbering gaps, not a scraping error)
  2022-06-18: no data (holiday or out of archive range)
  2022-06-13: wrote 20761 rows (note: grid rendered 20761 rows vs 20774 reported — known upstream row-numbering gaps, not a scraping error)
  2022-06-15: wrote 30565 rows (note: grid rendered 30565 rows vs 30602 reported — known upstream row-numbering gaps, not a scraping error)
  2022-06-16: wrote 25570 rows (note: grid rendered 25570 rows vs 25585 reported — known upstream row-numbering gaps, not a scraping error)
  2022-06-14: wrote 31784 rows (note: grid rendered 31784 rows vs 31806 reported — known upstream row-numbering gaps, not a scraping error)
  2022-06-17: wrote 15141 rows (note: grid rendered 15141 rows vs 15163 reported — known upstream row-numbering gaps, not a scraping error)
  2022-06-19: wrote 26977 rows (note: grid rendered 26977 rows vs 27006 reported — known upstream row-numbering gaps, not a scraping error)
  2022-06-25: no data (holiday or out of archive range)
  2022-06-22: wrote 20404 rows (note: grid rendered 20404 rows vs 20420 reported — known upstream row-numbering gaps, not a scraping error)
  2022-06-20: wrote 36436 rows (note: grid rendered 36436 rows vs 36464 reported — known upstream row-numbering gaps, not a scraping error)
  2022-06-24: wrote 22855 rows (note: grid rendered 22855 rows vs 22874 reported — known upstream row-numbering gaps, not a scraping error)
  2022-06-21: wrote 25320 rows (note: grid rendered 25320 rows vs 25364 reported — known upstream row-numbering gaps, not a scraping error)
  2022-06-23: wrote 33410 rows (note: grid rendered 33410 rows vs 33460 reported — known upstream row-numbering gaps, not a scraping error)
  2022-06-26: wrote 44293 rows (note: grid rendered 44293 rows vs 44341 reported — known upstream row-numbering gaps, not a scraping error)
  2022-06-28: wrote 23096 rows (note: grid rendered 23096 rows vs 23133 reported — known upstream row-numbering gaps, not a scraping error)
  2022-06-27: wrote 43046 rows (note: grid rendered 43046 rows vs 43122 reported — known upstream row-numbering gaps, not a scraping error)
  2022-06-29: wrote 29393 rows (note: grid rendered 29393 rows vs 29434 reported — known upstream row-numbering gaps, not a scraping error)
  2022-07-01: wrote 28835 rows (note: grid rendered 28835 rows vs 28866 reported — known upstream row-numbering gaps, not a scraping error)
  2022-07-02: no data (holiday or out of archive range)
  2022-06-30: wrote 47308 rows (note: grid rendered 47308 rows vs 47392 reported — known upstream row-numbering gaps, not a scraping error)
  2022-07-07: wrote 31236 rows (note: grid rendered 31236 rows vs 31276 reported — known upstream row-numbering gaps, not a scraping error)
  2022-07-06: wrote 37962 rows (note: grid rendered 37962 rows vs 38008 reported — known upstream row-numbering gaps, not a scraping error)
  2022-07-08: wrote 20098 rows (note: grid rendered 20098 rows vs 20122 reported — known upstream row-numbering gaps, not a scraping error)
  2022-07-03: wrote 45069 rows (note: grid rendered 45069 rows vs 45120 reported — known upstream row-numbering gaps, not a scraping error)
  2022-07-09: no data (holiday or out of archive range)
  2022-07-05: wrote 49355 rows (note: grid rendered 49355 rows vs 49416 reported — known upstream row-numbering gaps, not a scraping error)
  2022-07-10: no data (holiday or out of archive range)
  2022-07-04: wrote 75667 rows (note: grid rendered 75667 rows vs 75790 reported — known upstream row-numbering gaps, not a scraping error)
  2022-07-16: no data (holiday or out of archive range)
  2022-07-15: wrote 21597 rows (note: grid rendered 21597 rows vs 21615 reported — known upstream row-numbering gaps, not a scraping error)
  2022-07-12: wrote 30666 rows (note: grid rendered 30666 rows vs 30696 reported — known upstream row-numbering gaps, not a scraping error)
  2022-07-13: wrote 32743 rows (note: grid rendered 32743 rows vs 32782 reported — known upstream row-numbering gaps, not a scraping error)
  2022-07-14: wrote 39140 rows (note: grid rendered 39140 rows vs 39168 reported — known upstream row-numbering gaps, not a scraping error)
  2022-07-11: wrote 45141 rows (note: grid rendered 45141 rows vs 45196 reported — known upstream row-numbering gaps, not a scraping error)
  2022-07-17: wrote 25881 rows (note: grid rendered 25881 rows vs 25924 reported — known upstream row-numbering gaps, not a scraping error)
  2022-07-23: no data (holiday or out of archive range)
  2022-07-18: wrote 23338 rows (note: grid rendered 23338 rows vs 23383 reported — known upstream row-numbering gaps, not a scraping error)
  2022-07-20: wrote 29026 rows (note: grid rendered 29026 rows vs 29086 reported — known upstream row-numbering gaps, not a scraping error)
  2022-07-19: wrote 37913 rows (note: grid rendered 37913 rows vs 37972 reported — known upstream row-numbering gaps, not a scraping error)
  2022-07-21: wrote 27475 rows (note: grid rendered 27475 rows vs 27522 reported — known upstream row-numbering gaps, not a scraping error)
  2022-07-22: wrote 23828 rows (note: grid rendered 23828 rows vs 23868 reported — known upstream row-numbering gaps, not a scraping error)
  2022-07-24: wrote 42843 rows (note: grid rendered 42843 rows vs 42931 reported — known upstream row-numbering gaps, not a scraping error)
  2022-07-30: no data (holiday or out of archive range)
  2022-07-26: wrote 60439 rows (note: grid rendered 60439 rows vs 60517 reported — known upstream row-numbering gaps, not a scraping error)
  2022-07-29: wrote 34941 rows (note: grid rendered 34941 rows vs 34960 reported — known upstream row-numbering gaps, not a scraping error)
  2022-07-25: wrote 59875 rows (note: grid rendered 59875 rows vs 60000 reported — known upstream row-numbering gaps, not a scraping error)
  2022-07-27: wrote 50171 rows (note: grid rendered 50171 rows vs 50297 reported — known upstream row-numbering gaps, not a scraping error)
  2022-07-28: wrote 72279 rows (note: grid rendered 72279 rows vs 72450 reported — known upstream row-numbering gaps, not a scraping error)
  2022-08-02: wrote 50261 rows (note: grid rendered 50261 rows vs 50365 reported — known upstream row-numbering gaps, not a scraping error)
  2022-07-31: wrote 67665 rows (note: grid rendered 67665 rows vs 67741 reported — known upstream row-numbering gaps, not a scraping error)
  2022-08-03: wrote 57178 rows (note: grid rendered 57178 rows vs 57424 reported — known upstream row-numbering gaps, not a scraping error)
  2022-08-06: no data (holiday or out of archive range)
  2022-08-04: wrote 56625 rows (note: grid rendered 56625 rows vs 56819 reported — known upstream row-numbering gaps, not a scraping error)
  2022-08-01: wrote 67122 rows (note: grid rendered 67122 rows vs 67205 reported — known upstream row-numbering gaps, not a scraping error)
  2022-08-05: wrote 40302 rows (note: grid rendered 40302 rows vs 40424 reported — known upstream row-numbering gaps, not a scraping error)
  2022-08-12: no data (holiday or out of archive range)
  2022-08-13: no data (holiday or out of archive range)
  2022-08-07: wrote 44153 rows (note: grid rendered 44153 rows vs 44240 reported — known upstream row-numbering gaps, not a scraping error)
  2022-08-08: wrote 44464 rows (note: grid rendered 44464 rows vs 44553 reported — known upstream row-numbering gaps, not a scraping error)
  2022-08-09: wrote 46224 rows (note: grid rendered 46224 rows vs 46289 reported — known upstream row-numbering gaps, not a scraping error)
  2022-08-10: wrote 36072 rows (note: grid rendered 36072 rows vs 36134 reported — known upstream row-numbering gaps, not a scraping error)
  2022-08-11: wrote 36209 rows (note: grid rendered 36209 rows vs 36264 reported — known upstream row-numbering gaps, not a scraping error)
  2022-08-19: no data (holiday or out of archive range)
  2022-08-14: wrote 38378 rows (note: grid rendered 38378 rows vs 38418 reported — known upstream row-numbering gaps, not a scraping error)
  2022-08-20: no data (holiday or out of archive range)
  2022-08-17: wrote 26178 rows (note: grid rendered 26178 rows vs 26199 reported — known upstream row-numbering gaps, not a scraping error)
  2022-08-15: wrote 42843 rows (note: grid rendered 42843 rows vs 42897 reported — known upstream row-numbering gaps, not a scraping error)
  2022-08-16: wrote 43350 rows (note: grid rendered 43350 rows vs 43392 reported — known upstream row-numbering gaps, not a scraping error)
  2022-08-18: wrote 41548 rows (note: grid rendered 41548 rows vs 41571 reported — known upstream row-numbering gaps, not a scraping error)
  2022-08-22: wrote 31755 rows (note: grid rendered 31755 rows vs 31795 reported — known upstream row-numbering gaps, not a scraping error)
  2022-08-21: wrote 43428 rows (note: grid rendered 43428 rows vs 43455 reported — known upstream row-numbering gaps, not a scraping error)
  2022-08-27: no data (holiday or out of archive range)
  2022-08-23: wrote 27170 rows (note: grid rendered 27170 rows vs 27202 reported — known upstream row-numbering gaps, not a scraping error)
  2022-08-24: wrote 33620 rows (note: grid rendered 33620 rows vs 33657 reported — known upstream row-numbering gaps, not a scraping error)
  2022-08-25: wrote 32922 rows (note: grid rendered 32922 rows vs 32946 reported — known upstream row-numbering gaps, not a scraping error)
  2022-08-26: wrote 26963 rows (note: grid rendered 26963 rows vs 27120 reported — known upstream row-numbering gaps, not a scraping error)
  2022-08-30: wrote 20818 rows (note: grid rendered 20818 rows vs 20858 reported — known upstream row-numbering gaps, not a scraping error)
  2022-08-29: wrote 26022 rows (note: grid rendered 26022 rows vs 26046 reported — known upstream row-numbering gaps, not a scraping error)
  2022-09-03: no data (holiday or out of archive range)
  2022-08-28: wrote 43886 rows (note: grid rendered 43886 rows vs 43977 reported — known upstream row-numbering gaps, not a scraping error)
  2022-08-31: wrote 29534 rows (note: grid rendered 29534 rows vs 29584 reported — known upstream row-numbering gaps, not a scraping error)
  2022-09-02: wrote 13304 rows (note: grid rendered 13304 rows vs 13309 reported — known upstream row-numbering gaps, not a scraping error)
  2022-09-01: wrote 29093 rows (note: grid rendered 29093 rows vs 29162 reported — known upstream row-numbering gaps, not a scraping error)
  2022-09-09: no data (holiday or out of archive range)
  2022-09-10: no data (holiday or out of archive range)
  2022-09-04: wrote 25019 rows (note: grid rendered 25019 rows vs 25037 reported — known upstream row-numbering gaps, not a scraping error)
  2022-09-05: wrote 21458 rows (note: grid rendered 21458 rows vs 21471 reported — known upstream row-numbering gaps, not a scraping error)
  2022-09-07: wrote 20440 rows (note: grid rendered 20440 rows vs 20452 reported — known upstream row-numbering gaps, not a scraping error)
  2022-09-06: wrote 24609 rows (note: grid rendered 24609 rows vs 24622 reported — known upstream row-numbering gaps, not a scraping error)
  2022-09-08: wrote 22157 rows (note: grid rendered 22157 rows vs 22176 reported — known upstream row-numbering gaps, not a scraping error)
  2022-09-11: wrote 20106 rows (note: grid rendered 20106 rows vs 20124 reported — known upstream row-numbering gaps, not a scraping error)
  2022-09-12: wrote 20509 rows (note: grid rendered 20509 rows vs 20558 reported — known upstream row-numbering gaps, not a scraping error)
  2022-09-13: wrote 20478 rows (note: grid rendered 20478 rows vs 20520 reported — known upstream row-numbering gaps, not a scraping error)
  2022-09-17: no data (holiday or out of archive range)
  2022-09-19: no data (holiday or out of archive range)
  2022-09-14: wrote 30996 rows (note: grid rendered 30996 rows vs 31023 reported — known upstream row-numbering gaps, not a scraping error)
  2022-09-16: wrote 18508 rows (note: grid rendered 18508 rows vs 18531 reported — known upstream row-numbering gaps, not a scraping error)
  2022-09-23: no data (holiday or out of archive range)
  2022-09-15: wrote 35516 rows (note: grid rendered 35516 rows vs 35537 reported — known upstream row-numbering gaps, not a scraping error)
  2022-09-24: no data (holiday or out of archive range)
  2022-09-18: wrote 27746 rows (note: grid rendered 27746 rows vs 27790 reported — known upstream row-numbering gaps, not a scraping error)
  2022-09-26: no data (holiday or out of archive range)
  2022-09-21: wrote 19858 rows (note: grid rendered 19858 rows vs 19879 reported — known upstream row-numbering gaps, not a scraping error)
  2022-09-22: wrote 17909 rows (note: grid rendered 17909 rows vs 17964 reported — known upstream row-numbering gaps, not a scraping error)
  2022-09-20: wrote 30126 rows (note: grid rendered 30126 rows vs 30135 reported — known upstream row-numbering gaps, not a scraping error)
  2022-09-30: no data (holiday or out of archive range)
  2022-10-01: no data (holiday or out of archive range)
  2022-09-28: wrote 11911 rows (note: grid rendered 11911 rows vs 11927 reported — known upstream row-numbering gaps, not a scraping error)
  2022-10-02: no data (holiday or out of archive range)
  2022-09-27: wrote 16795 rows (note: grid rendered 16795 rows vs 16823 reported — known upstream row-numbering gaps, not a scraping error)
  2022-09-29: wrote 14236 rows (note: grid rendered 14236 rows vs 14298 reported — known upstream row-numbering gaps, not a scraping error)
  2022-10-03: no data (holiday or out of archive range)
  2022-09-25: wrote 22650 rows (note: grid rendered 22650 rows vs 22683 reported — known upstream row-numbering gaps, not a scraping error)
  2022-10-04: no data (holiday or out of archive range)
  2022-10-05: no data (holiday or out of archive range)
  2022-10-07: no data (holiday or out of archive range)
  2022-10-06: no data (holiday or out of archive range)
  2022-10-08: no data (holiday or out of archive range)
  2022-10-14: no data (holiday or out of archive range)
  2022-10-09: wrote 14949 rows (note: grid rendered 14949 rows vs 14991 reported — known upstream row-numbering gaps, not a scraping error)
  2022-10-15: no data (holiday or out of archive range)
  2022-10-10: wrote 17814 rows (note: grid rendered 17814 rows vs 17876 reported — known upstream row-numbering gaps, not a scraping error)
  2022-10-11: wrote 12251 rows (note: grid rendered 12251 rows vs 12294 reported — known upstream row-numbering gaps, not a scraping error)
  2022-10-18: no data (holiday or out of archive range)
  2022-10-13: wrote 17113 rows (note: grid rendered 17113 rows vs 17145 reported — known upstream row-numbering gaps, not a scraping error)
  2022-10-12: wrote 14152 rows (note: grid rendered 14152 rows vs 14186 reported — known upstream row-numbering gaps, not a scraping error)
  2022-10-22: no data (holiday or out of archive range)
  2022-10-21: no data (holiday or out of archive range)
  2022-10-16: wrote 16735 rows (note: grid rendered 16735 rows vs 16776 reported — known upstream row-numbering gaps, not a scraping error)
  2022-10-17: wrote 13586 rows (note: grid rendered 13586 rows vs 13609 reported — known upstream row-numbering gaps, not a scraping error)
  2022-10-24: no data (holiday or out of archive range)
  2022-10-19: wrote 20235 rows (note: grid rendered 20235 rows vs 20274 reported — known upstream row-numbering gaps, not a scraping error)
  2022-10-25: no data (holiday or out of archive range)
  2022-10-26: no data (holiday or out of archive range)
  2022-10-20: wrote 17272 rows (note: grid rendered 17272 rows vs 17296 reported — known upstream row-numbering gaps, not a scraping error)
  2022-10-28: no data (holiday or out of archive range)
  2022-10-27: no data (holiday or out of archive range)
  2022-10-30: no data (holiday or out of archive range)
  2022-10-29: no data (holiday or out of archive range)
  2022-11-04: no data (holiday or out of archive range)
  2022-10-23: wrote 13062 rows (note: grid rendered 13062 rows vs 13081 reported — known upstream row-numbering gaps, not a scraping error)
  2022-11-05: no data (holiday or out of archive range)
  2022-10-31: wrote 17726 rows (note: grid rendered 17726 rows vs 17748 reported — known upstream row-numbering gaps, not a scraping error)
  2022-11-03: wrote 18119 rows (note: grid rendered 18119 rows vs 18140 reported — known upstream row-numbering gaps, not a scraping error)
  2022-11-02: wrote 29001 rows (note: grid rendered 29001 rows vs 29047 reported — known upstream row-numbering gaps, not a scraping error)
  2022-11-01: wrote 27895 rows (note: grid rendered 27895 rows vs 27932 reported — known upstream row-numbering gaps, not a scraping error)
  2022-11-11: no data (holiday or out of archive range)
  2022-11-12: no data (holiday or out of archive range)
  2022-11-06: wrote 27731 rows (note: grid rendered 27731 rows vs 27768 reported — known upstream row-numbering gaps, not a scraping error)
  2022-11-08: wrote 18456 rows (note: grid rendered 18456 rows vs 18472 reported — known upstream row-numbering gaps, not a scraping error)
  2022-11-07: wrote 35044 rows (note: grid rendered 35044 rows vs 35112 reported — known upstream row-numbering gaps, not a scraping error)
  2022-11-09: wrote 24355 rows (note: grid rendered 24355 rows vs 24388 reported — known upstream row-numbering gaps, not a scraping error)
  2022-11-10: wrote 22377 rows (note: grid rendered 22377 rows vs 22398 reported — known upstream row-numbering gaps, not a scraping error)
  2022-11-18: no data (holiday or out of archive range)
  2022-11-19: no data (holiday or out of archive range)
  2022-11-14: wrote 17737 rows (note: grid rendered 17737 rows vs 17765 reported — known upstream row-numbering gaps, not a scraping error)
  2022-11-13: wrote 18010 rows (note: grid rendered 18010 rows vs 18045 reported — known upstream row-numbering gaps, not a scraping error)
  2022-11-16: wrote 17689 rows (note: grid rendered 17689 rows vs 17702 reported — known upstream row-numbering gaps, not a scraping error)
  2022-11-15: wrote 22768 rows (note: grid rendered 22768 rows vs 22771 reported — known upstream row-numbering gaps, not a scraping error)
  2022-11-20: no data (holiday or out of archive range)
  2022-11-21: no data (holiday or out of archive range)
  2022-11-25: no data (holiday or out of archive range)
  2022-11-26: no data (holiday or out of archive range)
  2022-11-17: wrote 27216 rows (note: grid rendered 27216 rows vs 27231 reported — known upstream row-numbering gaps, not a scraping error)
  2022-11-24: wrote 18485 rows (note: grid rendered 18485 rows vs 18495 reported — known upstream row-numbering gaps, not a scraping error)
  2022-11-23: wrote 17863 rows (note: grid rendered 17863 rows vs 17876 reported — known upstream row-numbering gaps, not a scraping error)
  2022-11-22: wrote 24238 rows (note: grid rendered 24238 rows vs 24243 reported — known upstream row-numbering gaps, not a scraping error)
  2022-12-02: no data (holiday or out of archive range)
  2022-12-03: no data (holiday or out of archive range)
  2022-11-28: wrote 24940 rows (note: grid rendered 24940 rows vs 24951 reported — known upstream row-numbering gaps, not a scraping error)
  2022-11-29: wrote 18026 rows (note: grid rendered 18026 rows vs 18036 reported — known upstream row-numbering gaps, not a scraping error)
  2022-11-27: wrote 31069 rows (note: grid rendered 31069 rows vs 31093 reported — known upstream row-numbering gaps, not a scraping error)
  2022-11-30: wrote 15674 rows (note: grid rendered 15674 rows vs 15691 reported — known upstream row-numbering gaps, not a scraping error)
  2022-12-01: wrote 21127 rows (note: grid rendered 21127 rows vs 21186 reported — known upstream row-numbering gaps, not a scraping error)
  2022-12-04: wrote 26120 rows (note: grid rendered 26120 rows vs 26150 reported — known upstream row-numbering gaps, not a scraping error)
  2022-12-08: no data (holiday or out of archive range)
  2022-12-09: no data (holiday or out of archive range)
  2022-12-10: no data (holiday or out of archive range)
  2022-12-05: wrote 26455 rows (note: grid rendered 26455 rows vs 26475 reported — known upstream row-numbering gaps, not a scraping error)
  2022-12-06: wrote 19103 rows (note: grid rendered 19103 rows vs 19121 reported — known upstream row-numbering gaps, not a scraping error)
  2022-12-07: wrote 20022 rows (note: grid rendered 20022 rows vs 20031 reported — known upstream row-numbering gaps, not a scraping error)
  2022-12-16: no data (holiday or out of archive range)
  2022-12-13: wrote 16312 rows (note: grid rendered 16312 rows vs 16320 reported — known upstream row-numbering gaps, not a scraping error)
  2022-12-17: no data (holiday or out of archive range)
  2022-12-12: wrote 22981 rows (note: grid rendered 22981 rows vs 22993 reported — known upstream row-numbering gaps, not a scraping error)
  2022-12-11: wrote 24635 rows (note: grid rendered 24635 rows vs 24644 reported — known upstream row-numbering gaps, not a scraping error)
  2022-12-14: wrote 16666 rows (note: grid rendered 16666 rows vs 16677 reported — known upstream row-numbering gaps, not a scraping error)
  2022-12-15: wrote 22366 rows (note: grid rendered 22366 rows vs 22374 reported — known upstream row-numbering gaps, not a scraping error)
  2022-12-23: no data (holiday or out of archive range)
  2022-12-24: no data (holiday or out of archive range)
  2022-12-21: wrote 20422 rows (note: grid rendered 20422 rows vs 20433 reported — known upstream row-numbering gaps, not a scraping error)
  2022-12-25: no data (holiday or out of archive range)
  2022-12-20: wrote 23328 rows (note: grid rendered 23328 rows vs 23344 reported — known upstream row-numbering gaps, not a scraping error)
  2022-12-18: wrote 26655 rows (note: grid rendered 26655 rows vs 26661 reported — known upstream row-numbering gaps, not a scraping error)
  2022-12-19: wrote 30531 rows (note: grid rendered 30531 rows vs 30545 reported — known upstream row-numbering gaps, not a scraping error)
  2022-12-22: wrote 23033 rows (note: grid rendered 23033 rows vs 23054 reported — known upstream row-numbering gaps, not a scraping error)
  2022-12-30: no data (holiday or out of archive range)
  2022-12-31: no data (holiday or out of archive range)
  2022-12-26: wrote 38533 rows (note: grid rendered 38533 rows vs 38553 reported — known upstream row-numbering gaps, not a scraping error)
  2022-12-28: wrote 39640 rows (note: grid rendered 39640 rows vs 39660 reported — known upstream row-numbering gaps, not a scraping error)
  2022-12-29: wrote 45883 rows (note: grid rendered 45883 rows vs 45944 reported — known upstream row-numbering gaps, not a scraping error)
  2023-01-02: wrote 48466 rows (note: grid rendered 48466 rows vs 48503 reported — known upstream row-numbering gaps, not a scraping error)
  2022-12-27: wrote 63020 rows (note: grid rendered 63020 rows vs 63067 reported — known upstream row-numbering gaps, not a scraping error)
  2023-01-06: no data (holiday or out of archive range)
  2023-01-07: no data (holiday or out of archive range)
  2023-01-01: wrote 62509 rows (note: grid rendered 62509 rows vs 62551 reported — known upstream row-numbering gaps, not a scraping error)
  2023-01-03: wrote 53254 rows (note: grid rendered 53254 rows vs 53314 reported — known upstream row-numbering gaps, not a scraping error)
  2023-01-11: no data (holiday or out of archive range)
  2023-01-04: wrote 57238 rows (note: grid rendered 57238 rows vs 57312 reported — known upstream row-numbering gaps, not a scraping error)
  2023-01-13: no data (holiday or out of archive range)
  2023-01-14: no data (holiday or out of archive range)
  2023-01-05: wrote 71739 rows (note: grid rendered 71739 rows vs 71816 reported — known upstream row-numbering gaps, not a scraping error)
  2023-01-15: no data (holiday or out of archive range)
  2023-01-16: no data (holiday or out of archive range)
  2023-01-09: wrote 74483 rows (note: grid rendered 74483 rows vs 74543 reported — known upstream row-numbering gaps, not a scraping error)
  2023-01-08: wrote 75373 rows (note: grid rendered 75373 rows vs 75465 reported — known upstream row-numbering gaps, not a scraping error)
  2023-01-20: no data (holiday or out of archive range)
  2023-01-21: no data (holiday or out of archive range)
  2023-01-22: no data (holiday or out of archive range)
  2023-01-10: wrote 109856 rows (note: grid rendered 109856 rows vs 109967 reported — known upstream row-numbering gaps, not a scraping error)
  2023-01-12: wrote 82992 rows (note: grid rendered 82992 rows vs 83113 reported — known upstream row-numbering gaps, not a scraping error)
  2023-01-17: wrote 63385 rows (note: grid rendered 63385 rows vs 63430 reported — known upstream row-numbering gaps, not a scraping error)
  2023-01-18: wrote 69523 rows (note: grid rendered 69523 rows vs 69637 reported — known upstream row-numbering gaps, not a scraping error)
  2023-01-19: wrote 58553 rows (note: grid rendered 58553 rows vs 58665 reported — known upstream row-numbering gaps, not a scraping error)
  2023-01-27: no data (holiday or out of archive range)
  2023-01-28: no data (holiday or out of archive range)
  2023-01-24: wrote 52408 rows (note: grid rendered 52408 rows vs 52460 reported — known upstream row-numbering gaps, not a scraping error)
  2023-01-23: wrote 65088 rows (note: grid rendered 65088 rows vs 65194 reported — known upstream row-numbering gaps, not a scraping error)
  2023-01-25: wrote 54299 rows (note: grid rendered 54299 rows vs 54377 reported — known upstream row-numbering gaps, not a scraping error)
  2023-01-26: wrote 47861 rows (note: grid rendered 47861 rows vs 47909 reported — known upstream row-numbering gaps, not a scraping error)
  2023-02-03: no data (holiday or out of archive range)
  2023-02-04: no data (holiday or out of archive range)
  2023-01-29: wrote 51872 rows (note: grid rendered 51872 rows vs 51973 reported — known upstream row-numbering gaps, not a scraping error)
  2023-01-30: wrote 57057 rows (note: grid rendered 57057 rows vs 57126 reported — known upstream row-numbering gaps, not a scraping error)
  2023-02-01: wrote 36856 rows (note: grid rendered 36856 rows vs 36879 reported — known upstream row-numbering gaps, not a scraping error)
  2023-02-02: wrote 39617 rows (note: grid rendered 39617 rows vs 39642 reported — known upstream row-numbering gaps, not a scraping error)
  2023-01-31: wrote 53828 rows (note: grid rendered 53828 rows vs 53878 reported — known upstream row-numbering gaps, not a scraping error)
  2023-02-10: no data (holiday or out of archive range)
  2023-02-11: no data (holiday or out of archive range)
  2023-02-06: wrote 29825 rows (note: grid rendered 29825 rows vs 29846 reported — known upstream row-numbering gaps, not a scraping error)
  2023-02-05: wrote 39166 rows (note: grid rendered 39166 rows vs 39187 reported — known upstream row-numbering gaps, not a scraping error)
  2023-02-13: no data (holiday or out of archive range)
  2023-02-09: wrote 35426 rows (note: grid rendered 35426 rows vs 35450 reported — known upstream row-numbering gaps, not a scraping error)
  2023-02-07: wrote 59884 rows (note: grid rendered 59884 rows vs 59927 reported — known upstream row-numbering gaps, not a scraping error)
  2023-02-08: wrote 55561 rows (note: grid rendered 55561 rows vs 55602 reported — known upstream row-numbering gaps, not a scraping error)
  2023-02-17: no data (holiday or out of archive range)
  2023-02-18: no data (holiday or out of archive range)
  2023-02-19: no data (holiday or out of archive range)
  2023-02-14: wrote 36857 rows (note: grid rendered 36857 rows vs 36880 reported — known upstream row-numbering gaps, not a scraping error)
  2023-02-21: no data (holiday or out of archive range)
  2023-02-15: wrote 33455 rows (note: grid rendered 33455 rows vs 33483 reported — known upstream row-numbering gaps, not a scraping error)
  2023-02-12: wrote 51204 rows (note: grid rendered 51204 rows vs 51226 reported — known upstream row-numbering gaps, not a scraping error)
  2023-02-24: no data (holiday or out of archive range)
  2023-02-25: no data (holiday or out of archive range)
  2023-02-16: wrote 1 rows (note: grid rendered 1 rows vs 35079 reported — known upstream row-numbering gaps, not a scraping error)
  2023-02-20: wrote 38395 rows (note: grid rendered 38395 rows vs 38415 reported — known upstream row-numbering gaps, not a scraping error)
  2023-02-22: wrote 39950 rows (note: grid rendered 39950 rows vs 39996 reported — known upstream row-numbering gaps, not a scraping error)
  2023-02-23: wrote 47990 rows (note: grid rendered 47990 rows vs 48105 reported — known upstream row-numbering gaps, not a scraping error)
  2023-02-27: wrote 37317 rows (note: grid rendered 37317 rows vs 37338 reported — known upstream row-numbering gaps, not a scraping error)
  2023-02-28: wrote 28664 rows (note: grid rendered 28664 rows vs 28684 reported — known upstream row-numbering gaps, not a scraping error)
  2023-03-03: no data (holiday or out of archive range)
  2023-02-26: wrote 50465 rows (note: grid rendered 50465 rows vs 50532 reported — known upstream row-numbering gaps, not a scraping error)
  2023-03-04: no data (holiday or out of archive range)
  2023-03-06: no data (holiday or out of archive range)
  2023-03-08: no data (holiday or out of archive range)
  2023-03-01: wrote 26419 rows (note: grid rendered 26419 rows vs 26454 reported — known upstream row-numbering gaps, not a scraping error)
  2023-03-02: wrote 28411 rows (note: grid rendered 28411 rows vs 28500 reported — known upstream row-numbering gaps, not a scraping error)
  2023-03-10: no data (holiday or out of archive range)
  2023-03-11: no data (holiday or out of archive range)
  2023-03-07: wrote 24344 rows (note: grid rendered 24344 rows vs 24373 reported — known upstream row-numbering gaps, not a scraping error)
  2023-03-05: wrote 30874 rows (note: grid rendered 30874 rows vs 30903 reported — known upstream row-numbering gaps, not a scraping error)
  2023-03-09: wrote 38095 rows (note: grid rendered 38095 rows vs 38131 reported — known upstream row-numbering gaps, not a scraping error)
  2023-03-17: no data (holiday or out of archive range)
  2023-03-13: wrote 26837 rows (note: grid rendered 26837 rows vs 26850 reported — known upstream row-numbering gaps, not a scraping error)
  2023-03-14: wrote 26441 rows (note: grid rendered 26441 rows vs 26473 reported — known upstream row-numbering gaps, not a scraping error)
  2023-03-18: no data (holiday or out of archive range)
  2023-03-12: wrote 36243 rows (note: grid rendered 36243 rows vs 36280 reported — known upstream row-numbering gaps, not a scraping error)
  2023-03-21: no data (holiday or out of archive range)
  2023-03-16: wrote 26360 rows (note: grid rendered 26360 rows vs 26375 reported — known upstream row-numbering gaps, not a scraping error)
  2023-03-15: wrote 25478 rows (note: grid rendered 25478 rows vs 25491 reported — known upstream row-numbering gaps, not a scraping error)
  2023-03-25: no data (holiday or out of archive range)
  2023-03-24: no data (holiday or out of archive range)
  2023-03-19: wrote 30753 rows (note: grid rendered 30753 rows vs 30775 reported — known upstream row-numbering gaps, not a scraping error)
  2023-03-20: wrote 29261 rows (note: grid rendered 29261 rows vs 29282 reported — known upstream row-numbering gaps, not a scraping error)
  2023-03-23: wrote 29666 rows (note: grid rendered 29666 rows vs 29685 reported — known upstream row-numbering gaps, not a scraping error)
  2023-03-22: wrote 30465 rows (note: grid rendered 30465 rows vs 30485 reported — known upstream row-numbering gaps, not a scraping error)
  2023-03-31: no data (holiday or out of archive range)
  2023-04-01: no data (holiday or out of archive range)
  2023-03-26: wrote 32150 rows (note: grid rendered 32150 rows vs 32168 reported — known upstream row-numbering gaps, not a scraping error)
  2023-03-27: wrote 36958 rows (note: grid rendered 36958 rows vs 36980 reported — known upstream row-numbering gaps, not a scraping error)
  2023-03-30: wrote 26428 rows (note: grid rendered 26428 rows vs 26434 reported — known upstream row-numbering gaps, not a scraping error)
  2023-03-29: wrote 25406 rows (note: grid rendered 25406 rows vs 25413 reported — known upstream row-numbering gaps, not a scraping error)
  2023-03-28: wrote 35898 rows (note: grid rendered 35898 rows vs 35926 reported — known upstream row-numbering gaps, not a scraping error)
  2023-04-07: no data (holiday or out of archive range)
  2023-04-08: no data (holiday or out of archive range)
  2023-04-02: wrote 32382 rows (note: grid rendered 32382 rows vs 32414 reported — known upstream row-numbering gaps, not a scraping error)
  2023-04-03: wrote 27438 rows (note: grid rendered 27438 rows vs 27454 reported — known upstream row-numbering gaps, not a scraping error)
  2023-04-04: wrote 23154 rows (note: grid rendered 23154 rows vs 23170 reported — known upstream row-numbering gaps, not a scraping error)
  2023-04-05: wrote 21473 rows (note: grid rendered 21473 rows vs 21504 reported — known upstream row-numbering gaps, not a scraping error)
  2023-04-06: wrote 23357 rows (note: grid rendered 23357 rows vs 23388 reported — known upstream row-numbering gaps, not a scraping error)
  2023-04-14: no data (holiday or out of archive range)
  2023-04-15: no data (holiday or out of archive range)
  2023-04-09: wrote 29215 rows (note: grid rendered 29215 rows vs 29239 reported — known upstream row-numbering gaps, not a scraping error)
  2023-04-10: wrote 35534 rows (note: grid rendered 35534 rows vs 35549 reported — known upstream row-numbering gaps, not a scraping error)
  2023-04-11: wrote 35215 rows (note: grid rendered 35215 rows vs 35237 reported — known upstream row-numbering gaps, not a scraping error)
  2023-04-12: wrote 47244 rows (note: grid rendered 47244 rows vs 47285 reported — known upstream row-numbering gaps, not a scraping error)
  2023-04-13: wrote 44679 rows (note: grid rendered 44679 rows vs 44708 reported — known upstream row-numbering gaps, not a scraping error)
  2023-04-21: no data (holiday or out of archive range)
  2023-04-16: wrote 33128 rows (note: grid rendered 33128 rows vs 33149 reported — known upstream row-numbering gaps, not a scraping error)
  2023-04-17: wrote 27417 rows (note: grid rendered 27417 rows vs 27437 reported — known upstream row-numbering gaps, not a scraping error)
  2023-04-22: no data (holiday or out of archive range)
  2023-04-18: wrote 24419 rows (note: grid rendered 24419 rows vs 24429 reported — known upstream row-numbering gaps, not a scraping error)
  2023-04-19: wrote 23490 rows (note: grid rendered 23490 rows vs 23503 reported — known upstream row-numbering gaps, not a scraping error)
  2023-04-20: wrote 23250 rows (note: grid rendered 23250 rows vs 23265 reported — known upstream row-numbering gaps, not a scraping error)
  2023-04-28: no data (holiday or out of archive range)
  2023-04-29: no data (holiday or out of archive range)
  2023-04-26: wrote 23418 rows (note: grid rendered 23418 rows vs 23429 reported — known upstream row-numbering gaps, not a scraping error)
  2023-04-25: wrote 27750 rows (note: grid rendered 27750 rows vs 27766 reported — known upstream row-numbering gaps, not a scraping error)
  2023-04-23: wrote 31390 rows (note: grid rendered 31390 rows vs 31415 reported — known upstream row-numbering gaps, not a scraping error)
  2023-04-24: wrote 33202 rows (note: grid rendered 33202 rows vs 33213 reported — known upstream row-numbering gaps, not a scraping error)
  2023-05-01: no data (holiday or out of archive range)
  2023-04-27: wrote 21833 rows (note: grid rendered 21833 rows vs 21851 reported — known upstream row-numbering gaps, not a scraping error)
  2023-05-06: no data (holiday or out of archive range)
  2023-05-05: no data (holiday or out of archive range)
  2023-05-03: wrote 18870 rows (note: grid rendered 18870 rows vs 18876 reported — known upstream row-numbering gaps, not a scraping error)
  2023-05-02: wrote 21633 rows (note: grid rendered 21633 rows vs 21649 reported — known upstream row-numbering gaps, not a scraping error)
  2023-04-30: wrote 26781 rows (note: grid rendered 26781 rows vs 26801 reported — known upstream row-numbering gaps, not a scraping error)
  2023-05-04: wrote 20642 rows (note: grid rendered 20642 rows vs 20655 reported — known upstream row-numbering gaps, not a scraping error)
  2023-05-12: no data (holiday or out of archive range)
  2023-05-13: no data (holiday or out of archive range)
  2023-05-09: wrote 20750 rows (note: grid rendered 20750 rows vs 20776 reported — known upstream row-numbering gaps, not a scraping error)
  2023-05-10: wrote 16083 rows (note: grid rendered 16083 rows vs 16100 reported — known upstream row-numbering gaps, not a scraping error)
  2023-05-07: wrote 23040 rows (note: grid rendered 23040 rows vs 23051 reported — known upstream row-numbering gaps, not a scraping error)
  2023-05-08: wrote 25561 rows (note: grid rendered 25561 rows vs 25588 reported — known upstream row-numbering gaps, not a scraping error)
  2023-05-11: wrote 16194 rows (note: grid rendered 16194 rows vs 16204 reported — known upstream row-numbering gaps, not a scraping error)
  2023-05-19: no data (holiday or out of archive range)
  2023-05-20: no data (holiday or out of archive range)
  2023-05-16: wrote 18870 rows (note: grid rendered 18870 rows vs 18889 reported — known upstream row-numbering gaps, not a scraping error)
  2023-05-15: wrote 20138 rows (note: grid rendered 20138 rows vs 20158 reported — known upstream row-numbering gaps, not a scraping error)
  2023-05-14: wrote 22723 rows (note: grid rendered 22723 rows vs 22729 reported — known upstream row-numbering gaps, not a scraping error)
  2023-05-17: wrote 25619 rows (note: grid rendered 25619 rows vs 25634 reported — known upstream row-numbering gaps, not a scraping error)
  2023-05-18: wrote 32551 rows (note: grid rendered 32551 rows vs 32579 reported — known upstream row-numbering gaps, not a scraping error)
  2023-05-25: no data (holiday or out of archive range)
  2023-05-26: no data (holiday or out of archive range)
  2023-05-27: no data (holiday or out of archive range)
  2023-05-29: no data (holiday or out of archive range)
  2023-05-22: wrote 25724 rows (note: grid rendered 25724 rows vs 25746 reported — known upstream row-numbering gaps, not a scraping error)
  2023-05-21: wrote 34319 rows (note: grid rendered 34319 rows vs 34331 reported — known upstream row-numbering gaps, not a scraping error)
  2023-05-24: wrote 34810 rows (note: grid rendered 34810 rows vs 34841 reported — known upstream row-numbering gaps, not a scraping error)
  2023-05-23: wrote 38760 rows (note: grid rendered 38760 rows vs 38796 reported — known upstream row-numbering gaps, not a scraping error)
  2023-06-02: no data (holiday or out of archive range)
  2023-06-03: no data (holiday or out of archive range)
  2023-05-30: wrote 40604 rows (note: grid rendered 40604 rows vs 40634 reported — known upstream row-numbering gaps, not a scraping error)
  2023-05-31: wrote 36869 rows (note: grid rendered 36869 rows vs 36893 reported — known upstream row-numbering gaps, not a scraping error)
  2023-05-28: wrote 47627 rows (note: grid rendered 47627 rows vs 47674 reported — known upstream row-numbering gaps, not a scraping error)
  2023-06-01: wrote 29898 rows (note: grid rendered 29898 rows vs 29922 reported — known upstream row-numbering gaps, not a scraping error)
  2023-06-09: no data (holiday or out of archive range)
  2023-06-10: no data (holiday or out of archive range)
  2023-06-04: wrote 31235 rows (note: grid rendered 31235 rows vs 31252 reported — known upstream row-numbering gaps, not a scraping error)
  2023-06-05: wrote 36539 rows (note: grid rendered 36539 rows vs 36568 reported — known upstream row-numbering gaps, not a scraping error)
  2023-06-06: wrote 36108 rows (note: grid rendered 36108 rows vs 36118 reported — known upstream row-numbering gaps, not a scraping error)
  2023-06-07: wrote 41507 rows (note: grid rendered 41507 rows vs 41613 reported — known upstream row-numbering gaps, not a scraping error)
  2023-06-08: wrote 43090 rows (note: grid rendered 43090 rows vs 43128 reported — known upstream row-numbering gaps, not a scraping error)
  2023-06-16: no data (holiday or out of archive range)
  2023-06-17: no data (holiday or out of archive range)
  2023-06-12: wrote 49892 rows (note: grid rendered 49892 rows vs 49944 reported — known upstream row-numbering gaps, not a scraping error)
  2023-06-11: wrote 61406 rows (note: grid rendered 61406 rows vs 61450 reported — known upstream row-numbering gaps, not a scraping error)
  2023-06-13: wrote 70705 rows (note: grid rendered 70705 rows vs 70759 reported — known upstream row-numbering gaps, not a scraping error)
  2023-06-15: wrote 52784 rows (note: grid rendered 52784 rows vs 52814 reported — known upstream row-numbering gaps, not a scraping error)
  2023-06-14: wrote 79417 rows (note: grid rendered 79417 rows vs 79461 reported — known upstream row-numbering gaps, not a scraping error)
  2023-06-23: no data (holiday or out of archive range)
  2023-06-18: wrote 70596 rows (note: grid rendered 70596 rows vs 70647 reported — known upstream row-numbering gaps, not a scraping error)
  2023-06-24: no data (holiday or out of archive range)
  2023-06-19: wrote 69097 rows (note: grid rendered 69097 rows vs 69168 reported — known upstream row-numbering gaps, not a scraping error)
  2023-06-20: wrote 63913 rows (note: grid rendered 63913 rows vs 63950 reported — known upstream row-numbering gaps, not a scraping error)
  2023-06-21: wrote 59788 rows (note: grid rendered 59788 rows vs 59813 reported — known upstream row-numbering gaps, not a scraping error)
  2023-06-29: no data (holiday or out of archive range)
  2023-06-22: wrote 56526 rows (note: grid rendered 56526 rows vs 56556 reported — known upstream row-numbering gaps, not a scraping error)
  2023-06-30: no data (holiday or out of archive range)
  2023-07-01: no data (holiday or out of archive range)
  2023-06-26: wrote 73885 rows (note: grid rendered 73885 rows vs 73958 reported — known upstream row-numbering gaps, not a scraping error)
  2023-06-25: wrote 90199 rows (note: grid rendered 90199 rows vs 90249 reported — known upstream row-numbering gaps, not a scraping error)
  2023-06-27: wrote 80261 rows (note: grid rendered 80261 rows vs 80398 reported — known upstream row-numbering gaps, not a scraping error)
  2023-07-07: no data (holiday or out of archive range)
  2023-07-08: no data (holiday or out of archive range)
  2023-06-28: wrote 82300 rows (note: grid rendered 82300 rows vs 82359 reported — known upstream row-numbering gaps, not a scraping error)
  2023-07-05: wrote 53085 rows (note: grid rendered 53085 rows vs 53103 reported — known upstream row-numbering gaps, not a scraping error)
  2023-07-06: wrote 69625 rows (note: grid rendered 69625 rows vs 69655 reported — known upstream row-numbering gaps, not a scraping error)
  2023-07-10: wrote 65272 rows (note: grid rendered 65272 rows vs 65317 reported — known upstream row-numbering gaps, not a scraping error)
  2023-07-14: no data (holiday or out of archive range)
  2023-07-09: wrote 73413 rows (note: grid rendered 73413 rows vs 73446 reported — known upstream row-numbering gaps, not a scraping error)
  2023-07-15: no data (holiday or out of archive range)
  2023-07-11: wrote 54918 rows (note: grid rendered 54918 rows vs 54943 reported — known upstream row-numbering gaps, not a scraping error)
  2023-07-12: wrote 59507 rows (note: grid rendered 59507 rows vs 59539 reported — known upstream row-numbering gaps, not a scraping error)
  2023-07-13: wrote 57602 rows (note: grid rendered 57602 rows vs 57645 reported — known upstream row-numbering gaps, not a scraping error)
  2023-07-22: no data (holiday or out of archive range)
  2023-07-16: wrote 39015 rows (note: grid rendered 39015 rows vs 39037 reported — known upstream row-numbering gaps, not a scraping error)
  2023-07-17: wrote 50254 rows (note: grid rendered 50254 rows vs 50299 reported — known upstream row-numbering gaps, not a scraping error)
  2023-07-18: wrote 56432 rows (note: grid rendered 56432 rows vs 56476 reported — known upstream row-numbering gaps, not a scraping error)
  2023-07-19: wrote 51424 rows (note: grid rendered 51424 rows vs 51445 reported — known upstream row-numbering gaps, not a scraping error)
  2023-07-20: wrote 54919 rows (note: grid rendered 54919 rows vs 54954 reported — known upstream row-numbering gaps, not a scraping error)
  2023-07-28: no data (holiday or out of archive range)
  2023-07-29: no data (holiday or out of archive range)
  2023-07-23: wrote 75083 rows (note: grid rendered 75083 rows vs 75086 reported — known upstream row-numbering gaps, not a scraping error)
  2023-07-26: wrote 42714 rows
  2023-07-25: wrote 53566 rows (note: grid rendered 53566 rows vs 53570 reported — known upstream row-numbering gaps, not a scraping error)
  2023-07-24: wrote 74158 rows (note: grid rendered 74158 rows vs 74161 reported — known upstream row-numbering gaps, not a scraping error)
  2023-07-27: wrote 44669 rows (note: grid rendered 44669 rows vs 44672 reported — known upstream row-numbering gaps, not a scraping error)
  2023-08-04: no data (holiday or out of archive range)
  2023-07-30: wrote 46322 rows (note: grid rendered 46322 rows vs 46327 reported — known upstream row-numbering gaps, not a scraping error)
  2023-08-05: no data (holiday or out of archive range)
  2023-07-31: wrote 40301 rows (note: grid rendered 40301 rows vs 40303 reported — known upstream row-numbering gaps, not a scraping error)
  2023-08-02: wrote 35833 rows (note: grid rendered 35833 rows vs 35835 reported — known upstream row-numbering gaps, not a scraping error)
  2023-08-01: wrote 40831 rows (note: grid rendered 40831 rows vs 40837 reported — known upstream row-numbering gaps, not a scraping error)
  2023-08-03: wrote 40774 rows
  2023-08-11: no data (holiday or out of archive range)
  2023-08-12: no data (holiday or out of archive range)
  2023-08-06: wrote 61915 rows (note: grid rendered 61915 rows vs 61917 reported — known upstream row-numbering gaps, not a scraping error)
  2023-08-10: wrote 57786 rows (note: grid rendered 57786 rows vs 57789 reported — known upstream row-numbering gaps, not a scraping error)
  2023-08-07: wrote 101235 rows (note: grid rendered 101235 rows vs 101236 reported — known upstream row-numbering gaps, not a scraping error)
  2023-08-08: wrote 74253 rows (note: grid rendered 74253 rows vs 74257 reported — known upstream row-numbering gaps, not a scraping error)
  2023-08-09: wrote 77500 rows (note: grid rendered 77500 rows vs 77501 reported — known upstream row-numbering gaps, not a scraping error)
  2023-08-18: no data (holiday or out of archive range)
  2023-08-19: no data (holiday or out of archive range)
  2023-08-13: wrote 95963 rows (note: grid rendered 95963 rows vs 95965 reported — known upstream row-numbering gaps, not a scraping error)
  2023-08-14: wrote 68839 rows (note: grid rendered 68839 rows vs 68842 reported — known upstream row-numbering gaps, not a scraping error)
  2023-08-16: wrote 45164 rows (note: grid rendered 45164 rows vs 45167 reported — known upstream row-numbering gaps, not a scraping error)
  2023-08-17: wrote 43591 rows
  2023-08-15: wrote 61335 rows (note: grid rendered 61335 rows vs 61341 reported — known upstream row-numbering gaps, not a scraping error)
  2023-08-25: no data (holiday or out of archive range)
  2023-08-26: no data (holiday or out of archive range)
  2023-08-20: wrote 43344 rows (note: grid rendered 43344 rows vs 43346 reported — known upstream row-numbering gaps, not a scraping error)
  2023-08-21: wrote 39425 rows
  2023-08-22: wrote 34504 rows (note: grid rendered 34504 rows vs 34508 reported — known upstream row-numbering gaps, not a scraping error)
  2023-08-24: wrote 40798 rows (note: grid rendered 40798 rows vs 40800 reported — known upstream row-numbering gaps, not a scraping error)
  2023-08-23: wrote 44336 rows (note: grid rendered 44336 rows vs 44340 reported — known upstream row-numbering gaps, not a scraping error)
  2023-08-31: no data (holiday or out of archive range)
  2023-09-01: no data (holiday or out of archive range)
  2023-08-28: wrote 31598 rows (note: grid rendered 31598 rows vs 31599 reported — known upstream row-numbering gaps, not a scraping error)
  2023-09-02: no data (holiday or out of archive range)
  2023-08-27: wrote 38664 rows (note: grid rendered 38664 rows vs 38666 reported — known upstream row-numbering gaps, not a scraping error)
  2023-08-29: wrote 29637 rows (note: grid rendered 29637 rows vs 29640 reported — known upstream row-numbering gaps, not a scraping error)
  2023-09-06: no data (holiday or out of archive range)
  2023-08-30: wrote 32298 rows
  2023-09-08: no data (holiday or out of archive range)
  2023-09-09: no data (holiday or out of archive range)
  2023-09-05: wrote 25225 rows (note: grid rendered 25225 rows vs 25227 reported — known upstream row-numbering gaps, not a scraping error)
  2023-09-04: wrote 32532 rows (note: grid rendered 32532 rows vs 32533 reported — known upstream row-numbering gaps, not a scraping error)
  2023-09-07: wrote 32137 rows (note: grid rendered 32137 rows vs 32139 reported — known upstream row-numbering gaps, not a scraping error)
  2023-09-03: wrote 37040 rows (note: grid rendered 37040 rows vs 37041 reported — known upstream row-numbering gaps, not a scraping error)
  2023-09-15: no data (holiday or out of archive range)
  2023-09-14: no data (holiday or out of archive range)
  2023-09-16: no data (holiday or out of archive range)
  2023-09-10: wrote 33063 rows (note: grid rendered 33063 rows vs 33064 reported — known upstream row-numbering gaps, not a scraping error)
  2023-09-11: wrote 37793 rows (note: grid rendered 37793 rows vs 37799 reported — known upstream row-numbering gaps, not a scraping error)
  2023-09-12: wrote 26300 rows (note: grid rendered 26300 rows vs 26302 reported — known upstream row-numbering gaps, not a scraping error)
  2023-09-20: no data (holiday or out of archive range)
  2023-09-13: wrote 36044 rows (note: grid rendered 36044 rows vs 36045 reported — known upstream row-numbering gaps, not a scraping error)
  2023-09-22: no data (holiday or out of archive range)
  2023-09-23: no data (holiday or out of archive range)
  2023-09-18: wrote 42024 rows
  2023-09-19: wrote 50293 rows (note: grid rendered 50293 rows vs 50296 reported — known upstream row-numbering gaps, not a scraping error)
  2023-09-17: wrote 72470 rows (note: grid rendered 72470 rows vs 72477 reported — known upstream row-numbering gaps, not a scraping error)
  2023-09-28: no data (holiday or out of archive range)
  2023-09-29: no data (holiday or out of archive range)
  2023-09-30: no data (holiday or out of archive range)
  2023-09-24: wrote 81007 rows (note: grid rendered 81007 rows vs 81010 reported — known upstream row-numbering gaps, not a scraping error)
  2023-09-25: wrote 78416 rows (note: grid rendered 78416 rows vs 78421 reported — known upstream row-numbering gaps, not a scraping error)
  2023-09-27: wrote 58365 rows (note: grid rendered 58365 rows vs 58367 reported — known upstream row-numbering gaps, not a scraping error)
  2023-09-21: wrote 119356 rows (note: grid rendered 119356 rows vs 119359 reported — known upstream row-numbering gaps, not a scraping error)
  2023-09-26: wrote 78612 rows (note: grid rendered 78612 rows vs 78616 reported — known upstream row-numbering gaps, not a scraping error)
  2023-10-06: no data (holiday or out of archive range)
  2023-10-07: no data (holiday or out of archive range)
  2023-10-01: wrote 82799 rows (note: grid rendered 82799 rows vs 82800 reported — known upstream row-numbering gaps, not a scraping error)
  2023-10-03: wrote 55096 rows
  2023-10-05: wrote 50069 rows
  2023-10-04: wrote 58739 rows (note: grid rendered 58739 rows vs 58741 reported — known upstream row-numbering gaps, not a scraping error)
  2023-10-02: wrote 85588 rows (note: grid rendered 85588 rows vs 85591 reported — known upstream row-numbering gaps, not a scraping error)
  2023-10-13: no data (holiday or out of archive range)
  2023-10-14: no data (holiday or out of archive range)
  2023-10-08: wrote 59166 rows (note: grid rendered 59166 rows vs 59171 reported — known upstream row-numbering gaps, not a scraping error)
  2023-10-15: no data (holiday or out of archive range)
  2023-10-09: wrote 48442 rows (note: grid rendered 48442 rows vs 48444 reported — known upstream row-numbering gaps, not a scraping error)
  2023-10-10: wrote 44065 rows (note: grid rendered 44065 rows vs 44069 reported — known upstream row-numbering gaps, not a scraping error)
  2023-10-20: no data (holiday or out of archive range)
  2023-10-11: wrote 55196 rows (note: grid rendered 55196 rows vs 55197 reported — known upstream row-numbering gaps, not a scraping error)
  2023-10-21: no data (holiday or out of archive range)
  2023-10-22: no data (holiday or out of archive range)
  2023-10-12: wrote 62046 rows
  2023-10-23: no data (holiday or out of archive range)
  2023-10-24: no data (holiday or out of archive range)
  2023-10-26: no data (holiday or out of archive range)
  2023-10-25: no data (holiday or out of archive range)
  2023-10-27: no data (holiday or out of archive range)
  2023-10-28: no data (holiday or out of archive range)
  2023-10-18: wrote 31787 rows (note: grid rendered 31787 rows vs 31788 reported — known upstream row-numbering gaps, not a scraping error)
  2023-10-17: wrote 45452 rows (note: grid rendered 45452 rows vs 45456 reported — known upstream row-numbering gaps, not a scraping error)
  2023-10-19: wrote 25518 rows (note: grid rendered 25518 rows vs 25520 reported — known upstream row-numbering gaps, not a scraping error)
  2023-11-03: no data (holiday or out of archive range)
  2023-11-04: no data (holiday or out of archive range)
  2023-10-30: wrote 30235 rows (note: grid rendered 30235 rows vs 30237 reported — known upstream row-numbering gaps, not a scraping error)
  2023-10-29: wrote 34089 rows (note: grid rendered 34089 rows vs 34090 reported — known upstream row-numbering gaps, not a scraping error)
  2023-10-31: wrote 25625 rows
  2023-11-02: wrote 45763 rows
  2023-11-01: wrote 77869 rows (note: grid rendered 77869 rows vs 77870 reported — known upstream row-numbering gaps, not a scraping error)
  2023-11-05: wrote 39316 rows (note: grid rendered 39316 rows vs 39322 reported — known upstream row-numbering gaps, not a scraping error)
  2023-11-08: wrote 30364 rows
  2023-11-10: no data (holiday or out of archive range)
  2023-11-11: no data (holiday or out of archive range)
  2023-11-07: wrote 40600 rows
  2023-11-12: no data (holiday or out of archive range)
  2023-11-06: wrote 47230 rows (note: grid rendered 47230 rows vs 47231 reported — known upstream row-numbering gaps, not a scraping error)
  2023-11-13: no data (holiday or out of archive range)
  2023-11-14: no data (holiday or out of archive range)
  2023-11-15: no data (holiday or out of archive range)
  2023-11-16: no data (holiday or out of archive range)
  2023-11-17: no data (holiday or out of archive range)
  2023-11-18: no data (holiday or out of archive range)
  2023-11-19: no data (holiday or out of archive range)
  2023-11-24: no data (holiday or out of archive range)
  2023-11-09: wrote 27843 rows (note: grid rendered 27843 rows vs 27845 reported — known upstream row-numbering gaps, not a scraping error)
  2023-11-25: no data (holiday or out of archive range)
  2023-11-21: wrote 37606 rows (note: grid rendered 37606 rows vs 37607 reported — known upstream row-numbering gaps, not a scraping error)
  2023-11-20: wrote 44727 rows
  2023-11-23: wrote 48493 rows
  2023-11-22: wrote 43580 rows (note: grid rendered 43580 rows vs 43583 reported — known upstream row-numbering gaps, not a scraping error)
  2023-12-01: no data (holiday or out of archive range)
  2023-11-26: wrote 66516 rows
  2023-12-02: no data (holiday or out of archive range)
  2023-11-27: wrote 52476 rows (note: grid rendered 52476 rows vs 52480 reported — known upstream row-numbering gaps, not a scraping error)
  2023-11-29: wrote 34747 rows
  2023-11-28: wrote 47333 rows
  2023-11-30: wrote 37030 rows (note: grid rendered 37030 rows vs 37031 reported — known upstream row-numbering gaps, not a scraping error)
  2023-12-08: no data (holiday or out of archive range)
  2023-12-09: no data (holiday or out of archive range)
  2023-12-03: wrote 36974 rows (note: grid rendered 36974 rows vs 36977 reported — known upstream row-numbering gaps, not a scraping error)
  2023-12-05: wrote 38581 rows (note: grid rendered 38581 rows vs 38584 reported — known upstream row-numbering gaps, not a scraping error)
  2023-12-04: wrote 43423 rows (note: grid rendered 43423 rows vs 43428 reported — known upstream row-numbering gaps, not a scraping error)
  2023-12-06: wrote 34969 rows (note: grid rendered 34969 rows vs 34971 reported — known upstream row-numbering gaps, not a scraping error)
  2023-12-10: wrote 7014 rows
  2023-12-15: no data (holiday or out of archive range)
  2023-12-07: wrote 53145 rows (note: grid rendered 53145 rows vs 53146 reported — known upstream row-numbering gaps, not a scraping error)
  2023-12-16: no data (holiday or out of archive range)
  2023-12-14: wrote 66949 rows (note: grid rendered 66949 rows vs 66955 reported — known upstream row-numbering gaps, not a scraping error)
  2023-12-13: wrote 81451 rows
  2023-12-12: wrote 95430 rows (note: grid rendered 95430 rows vs 95433 reported — known upstream row-numbering gaps, not a scraping error)
  2023-12-11: wrote 109907 rows (note: grid rendered 109907 rows vs 109918 reported — known upstream row-numbering gaps, not a scraping error)
  2023-12-22: no data (holiday or out of archive range)
  2023-12-23: no data (holiday or out of archive range)
  2023-12-17: wrote 101123 rows (note: grid rendered 101123 rows vs 101128 reported — known upstream row-numbering gaps, not a scraping error)
  2023-12-25: no data (holiday or out of archive range)
  2023-12-18: wrote 113692 rows (note: grid rendered 113692 rows vs 113693 reported — known upstream row-numbering gaps, not a scraping error)
  2023-12-26: no data (holiday or out of archive range)
  2023-12-19: wrote 99635 rows (note: grid rendered 99635 rows vs 99641 reported — known upstream row-numbering gaps, not a scraping error)
  2023-12-29: no data (holiday or out of archive range)
  2023-12-30: no data (holiday or out of archive range)
  2023-12-20: wrote 111719 rows (note: grid rendered 111719 rows vs 111723 reported — known upstream row-numbering gaps, not a scraping error)
  2023-12-21: wrote 111978 rows (note: grid rendered 111978 rows vs 111980 reported — known upstream row-numbering gaps, not a scraping error)
  2023-12-31: no data (holiday or out of archive range)
  2023-12-24: wrote 128346 rows (note: grid rendered 128346 rows vs 128356 reported — known upstream row-numbering gaps, not a scraping error)
  2023-12-28: wrote 101501 rows (note: grid rendered 101501 rows vs 101504 reported — known upstream row-numbering gaps, not a scraping error)
  2024-01-05: no data (holiday or out of archive range)
  2023-12-27: wrote 117472 rows (note: grid rendered 117472 rows vs 117476 reported — known upstream row-numbering gaps, not a scraping error)
  2024-01-06: no data (holiday or out of archive range)
  2024-01-02: wrote 85432 rows (note: grid rendered 85432 rows vs 85435 reported — known upstream row-numbering gaps, not a scraping error)
  2024-01-01: wrote 102896 rows (note: grid rendered 102896 rows vs 102905 reported — known upstream row-numbering gaps, not a scraping error)
  2024-01-03: wrote 96248 rows (note: grid rendered 96248 rows vs 96252 reported — known upstream row-numbering gaps, not a scraping error)
  2024-01-04: wrote 108399 rows (note: grid rendered 108399 rows vs 108403 reported — known upstream row-numbering gaps, not a scraping error)
  2024-01-07: wrote 98625 rows (note: grid rendered 98625 rows vs 98632 reported — known upstream row-numbering gaps, not a scraping error)
  2024-01-12: no data (holiday or out of archive range)
  2024-01-08: wrote 99520 rows (note: grid rendered 99520 rows vs 99524 reported — known upstream row-numbering gaps, not a scraping error)
  2024-01-13: no data (holiday or out of archive range)
  2024-01-15: no data (holiday or out of archive range)
  2024-01-11: wrote 79386 rows (note: grid rendered 79386 rows vs 79389 reported — known upstream row-numbering gaps, not a scraping error)
  2024-01-09: wrote 104613 rows (note: grid rendered 104613 rows vs 104619 reported — known upstream row-numbering gaps, not a scraping error)
  2024-01-10: wrote 92600 rows (note: grid rendered 92600 rows vs 92602 reported — known upstream row-numbering gaps, not a scraping error)
  2024-01-19: no data (holiday or out of archive range)
  2024-01-20: no data (holiday or out of archive range)
  2024-01-14: wrote 94522 rows (note: grid rendered 94522 rows vs 94526 reported — known upstream row-numbering gaps, not a scraping error)
  2024-01-16: wrote 133053 rows (note: grid rendered 133053 rows vs 133061 reported — known upstream row-numbering gaps, not a scraping error)
  2024-01-22: wrote 150539 rows (note: grid rendered 150539 rows vs 150543 reported — known upstream row-numbering gaps, not a scraping error)
  2024-01-17: wrote 210465 rows (note: grid rendered 210465 rows vs 210471 reported — known upstream row-numbering gaps, not a scraping error)
  2024-01-21: wrote 166979 rows (note: grid rendered 166979 rows vs 166983 reported — known upstream row-numbering gaps, not a scraping error)
  2024-01-26: no data (holiday or out of archive range)
  2024-01-23: wrote 117560 rows (note: grid rendered 117560 rows vs 117566 reported — known upstream row-numbering gaps, not a scraping error)
  2024-01-27: no data (holiday or out of archive range)
  2024-01-24: wrote 90205 rows (note: grid rendered 90205 rows vs 90210 reported — known upstream row-numbering gaps, not a scraping error)
  2024-01-25: wrote 91360 rows (note: grid rendered 91360 rows vs 91364 reported — known upstream row-numbering gaps, not a scraping error)
  2024-01-18: wrote 304018 rows (note: grid rendered 304018 rows vs 304023 reported — known upstream row-numbering gaps, not a scraping error)
  2024-02-02: no data (holiday or out of archive range)
  2024-01-28: wrote 100777 rows (note: grid rendered 100777 rows vs 100782 reported — known upstream row-numbering gaps, not a scraping error)
  2024-02-03: no data (holiday or out of archive range)
  2024-01-29: wrote 103149 rows (note: grid rendered 103149 rows vs 103153 reported — known upstream row-numbering gaps, not a scraping error)
  2024-01-31: wrote 95643 rows (note: grid rendered 95643 rows vs 95645 reported — known upstream row-numbering gaps, not a scraping error)
  2024-01-30: wrote 117056 rows (note: grid rendered 117056 rows vs 117059 reported — known upstream row-numbering gaps, not a scraping error)
  2024-02-01: wrote 80022 rows (note: grid rendered 80022 rows vs 80029 reported — known upstream row-numbering gaps, not a scraping error)
  2024-02-09: no data (holiday or out of archive range)
  2024-02-05: wrote 56764 rows (note: grid rendered 56764 rows vs 56775 reported — known upstream row-numbering gaps, not a scraping error)
  2024-02-10: no data (holiday or out of archive range)
  2024-02-04: wrote 70781 rows (note: grid rendered 70781 rows vs 70790 reported — known upstream row-numbering gaps, not a scraping error)
  2024-02-06: wrote 66548 rows (note: grid rendered 66548 rows vs 66559 reported — known upstream row-numbering gaps, not a scraping error)
  2024-02-07: wrote 65454 rows (note: grid rendered 65454 rows vs 65463 reported — known upstream row-numbering gaps, not a scraping error)
  2024-02-08: wrote 67262 rows (note: grid rendered 67262 rows vs 67273 reported — known upstream row-numbering gaps, not a scraping error)
  2024-02-16: no data (holiday or out of archive range)
  2024-02-17: no data (holiday or out of archive range)
  2024-02-12: wrote 75101 rows (note: grid rendered 75101 rows vs 75105 reported — known upstream row-numbering gaps, not a scraping error)
  2024-02-11: wrote 83875 rows (note: grid rendered 83875 rows vs 83877 reported — known upstream row-numbering gaps, not a scraping error)
  2024-02-19: no data (holiday or out of archive range)
  2024-02-14: wrote 74673 rows (note: grid rendered 74673 rows vs 74675 reported — known upstream row-numbering gaps, not a scraping error)
  2024-02-13: wrote 82897 rows (note: grid rendered 82897 rows vs 82899 reported — known upstream row-numbering gaps, not a scraping error)
  2024-02-23: no data (holiday or out of archive range)
  2024-02-24: no data (holiday or out of archive range)
  2024-02-26: wrote 49933 rows (note: grid rendered 49933 rows vs 49940 reported — known upstream row-numbering gaps, not a scraping error)
  2024-03-01: no data (holiday or out of archive range)
  2024-03-02: no data (holiday or out of archive range)
  2024-03-04: wrote 3863 rows
  2024-03-08: no data (holiday or out of archive range)
  2024-03-09: no data (holiday or out of archive range)
  2024-03-11: no data (holiday or out of archive range)
  2024-03-15: no data (holiday or out of archive range)
  2024-03-16: no data (holiday or out of archive range)
  2024-03-22: no data (holiday or out of archive range)
  2024-03-23: no data (holiday or out of archive range)
  2024-03-24: no data (holiday or out of archive range)
  2024-03-25: wrote 44231 rows (note: grid rendered 44231 rows vs 44236 reported — known upstream row-numbering gaps, not a scraping error)
  2024-03-27: wrote 44222 rows (note: grid rendered 44222 rows vs 44249 reported — known upstream row-numbering gaps, not a scraping error)
  2024-03-29: no data (holiday or out of archive range)
  2024-03-30: no data (holiday or out of archive range)
  2024-03-21: wrote 52313 rows (note: grid rendered 52313 rows vs 52317 reported — known upstream row-numbering gaps, not a scraping error)
  2024-03-20: wrote 60016 rows
  2024-04-05: no data (holiday or out of archive range)
  2024-04-06: no data (holiday or out of archive range)
  2024-04-01: wrote 63013 rows (note: grid rendered 63013 rows vs 63015 reported — known upstream row-numbering gaps, not a scraping error)
  2024-04-08: no data (holiday or out of archive range)
  2024-04-02: wrote 46231 rows (note: grid rendered 46231 rows vs 46235 reported — known upstream row-numbering gaps, not a scraping error)
  2024-03-31: wrote 67039 rows (note: grid rendered 67039 rows vs 67044 reported — known upstream row-numbering gaps, not a scraping error)
  2024-04-11: no data (holiday or out of archive range)
  2024-04-12: no data (holiday or out of archive range)
  2024-04-13: no data (holiday or out of archive range)
  2024-04-04: wrote 56317 rows (note: grid rendered 56317 rows vs 56321 reported — known upstream row-numbering gaps, not a scraping error)
  2024-04-17: no data (holiday or out of archive range)
  2024-04-16: wrote 39473 rows (note: grid rendered 39473 rows vs 39476 reported — known upstream row-numbering gaps, not a scraping error)
  2024-04-19: no data (holiday or out of archive range)
  2024-04-20: no data (holiday or out of archive range)
  2024-04-14: wrote 59022 rows (note: grid rendered 59022 rows vs 59041 reported — known upstream row-numbering gaps, not a scraping error)
  2024-04-15: wrote 50516 rows (note: grid rendered 50516 rows vs 50524 reported — known upstream row-numbering gaps, not a scraping error)
  2024-04-10: wrote 61416 rows (note: grid rendered 61416 rows vs 61420 reported — known upstream row-numbering gaps, not a scraping error)
  2024-04-23: no data (holiday or out of archive range)
  2024-04-26: no data (holiday or out of archive range)
  2024-04-27: no data (holiday or out of archive range)
  2024-04-18: wrote 40904 rows (note: grid rendered 40904 rows vs 40912 reported — known upstream row-numbering gaps, not a scraping error)
  2024-04-24: wrote 36473 rows (note: grid rendered 36473 rows vs 36483 reported — known upstream row-numbering gaps, not a scraping error)
  2024-04-25: wrote 42013 rows (note: grid rendered 42013 rows vs 42016 reported — known upstream row-numbering gaps, not a scraping error)
  2024-05-01: no data (holiday or out of archive range)
  2024-04-22: wrote 38547 rows (note: grid rendered 38547 rows vs 38552 reported — known upstream row-numbering gaps, not a scraping error)
  2024-05-03: no data (holiday or out of archive range)
  2024-04-21: wrote 47106 rows (note: grid rendered 47106 rows vs 47117 reported — known upstream row-numbering gaps, not a scraping error)
  2024-05-04: no data (holiday or out of archive range)
  2024-04-28: wrote 48175 rows (note: grid rendered 48175 rows vs 48183 reported — known upstream row-numbering gaps, not a scraping error)
  2024-04-29: wrote 46499 rows (note: grid rendered 46499 rows vs 46511 reported — known upstream row-numbering gaps, not a scraping error)
  2024-05-08: wrote 41127 rows (note: grid rendered 41127 rows vs 41137 reported — known upstream row-numbering gaps, not a scraping error)
  2024-05-07: wrote 38211 rows (note: grid rendered 38211 rows vs 38214 reported — known upstream row-numbering gaps, not a scraping error)
  2024-05-02: wrote 64177 rows (note: grid rendered 64177 rows vs 64181 reported — known upstream row-numbering gaps, not a scraping error)
  2024-05-10: no data (holiday or out of archive range)
  2024-05-11: no data (holiday or out of archive range)
  2024-05-05: wrote 60515 rows (note: grid rendered 60515 rows vs 60523 reported — known upstream row-numbering gaps, not a scraping error)
  2024-05-17: no data (holiday or out of archive range)
  2024-05-18: no data (holiday or out of archive range)
  2024-04-30: wrote 75267 rows (note: grid rendered 75267 rows vs 75271 reported — known upstream row-numbering gaps, not a scraping error)
  2024-05-09: wrote 49330 rows (note: grid rendered 49330 rows vs 49332 reported — known upstream row-numbering gaps, not a scraping error)
  2024-05-23: no data (holiday or out of archive range)
  2024-05-24: no data (holiday or out of archive range)
  2024-05-25: no data (holiday or out of archive range)
  2024-05-28: no data (holiday or out of archive range)
  2024-05-22: wrote 78046 rows (note: grid rendered 78046 rows vs 78051 reported — known upstream row-numbering gaps, not a scraping error)
  2024-05-31: no data (holiday or out of archive range)
  2024-06-01: no data (holiday or out of archive range)
  2024-05-27: wrote 58481 rows (note: grid rendered 58481 rows vs 58483 reported — known upstream row-numbering gaps, not a scraping error)
  2024-05-26: wrote 70582 rows (note: grid rendered 70582 rows vs 70586 reported — known upstream row-numbering gaps, not a scraping error)
  2024-05-29: wrote 63079 rows (note: grid rendered 63079 rows vs 63080 reported — known upstream row-numbering gaps, not a scraping error)
  2024-05-30: wrote 61070 rows (note: grid rendered 61070 rows vs 61072 reported — known upstream row-numbering gaps, not a scraping error)
  2024-06-07: no data (holiday or out of archive range)
  2024-06-08: no data (holiday or out of archive range)
  2024-06-05: wrote 49731 rows (note: grid rendered 49731 rows vs 49733 reported — known upstream row-numbering gaps, not a scraping error)
  2024-06-04: wrote 53999 rows
  2024-06-14: no data (holiday or out of archive range)
  2024-06-15: no data (holiday or out of archive range)
  2024-06-17: no data (holiday or out of archive range)
  2024-06-21: no data (holiday or out of archive range)
  2024-06-22: no data (holiday or out of archive range)
  2024-06-19: wrote 48706 rows
  2024-06-20: wrote 53017 rows
  2024-06-23: wrote 61510 rows (note: grid rendered 61510 rows vs 61513 reported — known upstream row-numbering gaps, not a scraping error)
  2024-06-24: wrote 66517 rows (note: grid rendered 66517 rows vs 66519 reported — known upstream row-numbering gaps, not a scraping error)
  2024-06-28: no data (holiday or out of archive range)
  2024-06-29: no data (holiday or out of archive range)
  2024-06-25: wrote 60857 rows (note: grid rendered 60857 rows vs 60858 reported — known upstream row-numbering gaps, not a scraping error)
  2024-06-26: wrote 54789 rows (note: grid rendered 54789 rows vs 54793 reported — known upstream row-numbering gaps, not a scraping error)
  2024-06-27: wrote 50274 rows (note: grid rendered 50274 rows vs 50281 reported — known upstream row-numbering gaps, not a scraping error)
  2024-07-05: no data (holiday or out of archive range)
  2024-07-06: no data (holiday or out of archive range)
  2024-06-30: wrote 50948 rows (note: grid rendered 50948 rows vs 50952 reported — known upstream row-numbering gaps, not a scraping error)
  2024-07-01: wrote 44167 rows (note: grid rendered 44167 rows vs 44169 reported — known upstream row-numbering gaps, not a scraping error)
  2024-07-12: no data (holiday or out of archive range)
  2024-07-13: no data (holiday or out of archive range)
  2024-07-04: wrote 84122 rows (note: grid rendered 84122 rows vs 84126 reported — known upstream row-numbering gaps, not a scraping error)
  2024-07-08: wrote 59969 rows (note: grid rendered 59969 rows vs 59974 reported — known upstream row-numbering gaps, not a scraping error)
  2024-07-09: wrote 66712 rows (note: grid rendered 66712 rows vs 66716 reported — known upstream row-numbering gaps, not a scraping error)
  2024-07-11: wrote 87084 rows (note: grid rendered 87084 rows vs 87086 reported — known upstream row-numbering gaps, not a scraping error)
  2024-07-19: no data (holiday or out of archive range)
  2024-07-20: no data (holiday or out of archive range)
  2024-07-14: wrote 96274 rows
  2024-07-15: wrote 102355 rows (note: grid rendered 102355 rows vs 102372 reported — known upstream row-numbering gaps, not a scraping error)
  2024-07-16: wrote 119006 rows (note: grid rendered 119006 rows vs 119011 reported — known upstream row-numbering gaps, not a scraping error)
  2024-07-17: wrote 149677 rows (note: grid rendered 149677 rows vs 149681 reported — known upstream row-numbering gaps, not a scraping error)
  2024-07-18: wrote 184707 rows (note: grid rendered 184707 rows vs 184712 reported — known upstream row-numbering gaps, not a scraping error)
  2024-07-26: no data (holiday or out of archive range)
  2024-07-22: wrote 170554 rows (note: grid rendered 170554 rows vs 170559 reported — known upstream row-numbering gaps, not a scraping error)
  2024-07-27: no data (holiday or out of archive range)
  2024-07-23: wrote 171385 rows (note: grid rendered 171385 rows vs 171387 reported — known upstream row-numbering gaps, not a scraping error)
  2024-07-21: wrote 177460 rows (note: grid rendered 177460 rows vs 177467 reported — known upstream row-numbering gaps, not a scraping error)
  2024-07-24: wrote 188865 rows
  2024-07-25: wrote 159750 rows (note: grid rendered 159750 rows vs 159757 reported — known upstream row-numbering gaps, not a scraping error)
  2024-08-02: no data (holiday or out of archive range)
  2024-08-03: no data (holiday or out of archive range)
  2024-08-04: no data (holiday or out of archive range)
  2024-07-28: wrote 163810 rows
  2024-07-30: wrote 206634 rows (note: grid rendered 206634 rows vs 206643 reported — known upstream row-numbering gaps, not a scraping error)
  2024-07-29: wrote 222650 rows (note: grid rendered 222650 rows vs 222660 reported — known upstream row-numbering gaps, not a scraping error)
  2024-08-09: no data (holiday or out of archive range)
  2024-08-10: no data (holiday or out of archive range)
  2024-08-19: no data (holiday or out of archive range)
  2024-08-23: no data (holiday or out of archive range)
  2024-08-26: no data (holiday or out of archive range)
  2024-08-30: no data (holiday or out of archive range)
  2024-08-31: no data (holiday or out of archive range)
  2024-08-28: wrote 168172 rows (note: grid rendered 168172 rows vs 168175 reported — known upstream row-numbering gaps, not a scraping error)
  2024-09-01: wrote 130623 rows (note: grid rendered 130623 rows vs 130632 reported — known upstream row-numbering gaps, not a scraping error)
  2024-09-06: no data (holiday or out of archive range)
  2024-08-29: wrote 146201 rows (note: grid rendered 146201 rows vs 146204 reported — known upstream row-numbering gaps, not a scraping error)
  2024-09-07: no data (holiday or out of archive range)
  2024-09-02: wrote 160564 rows (note: grid rendered 160564 rows vs 160579 reported — known upstream row-numbering gaps, not a scraping error)
  2024-09-03: wrote 144184 rows (note: grid rendered 144184 rows vs 144197 reported — known upstream row-numbering gaps, not a scraping error)
  2024-09-05: wrote 112684 rows (note: grid rendered 112684 rows vs 112692 reported — known upstream row-numbering gaps, not a scraping error)
  2024-09-04: wrote 137158 rows (note: grid rendered 137158 rows vs 137163 reported — known upstream row-numbering gaps, not a scraping error)
  2024-09-13: no data (holiday or out of archive range)
  2024-09-14: no data (holiday or out of archive range)
  2024-09-08: wrote 112289 rows (note: grid rendered 112289 rows vs 112300 reported — known upstream row-numbering gaps, not a scraping error)
  2024-09-10: wrote 93456 rows (note: grid rendered 93456 rows vs 93459 reported — known upstream row-numbering gaps, not a scraping error)
  2024-09-09: wrote 111978 rows (note: grid rendered 111978 rows vs 111986 reported — known upstream row-numbering gaps, not a scraping error)
  2024-09-11: wrote 87032 rows (note: grid rendered 87032 rows vs 87036 reported — known upstream row-numbering gaps, not a scraping error)
  2024-09-17: no data (holiday or out of archive range)
  2024-09-19: no data (holiday or out of archive range)
  2024-09-20: no data (holiday or out of archive range)
  2024-09-21: no data (holiday or out of archive range)
  2024-09-12: wrote 103458 rows (note: grid rendered 103458 rows vs 103462 reported — known upstream row-numbering gaps, not a scraping error)
  2024-09-22: wrote 72953 rows (note: grid rendered 72953 rows vs 72957 reported — known upstream row-numbering gaps, not a scraping error)
  2024-09-18: wrote 80371 rows (note: grid rendered 80371 rows vs 80378 reported — known upstream row-numbering gaps, not a scraping error)
  2024-09-16: wrote 92809 rows (note: grid rendered 92809 rows vs 92815 reported — known upstream row-numbering gaps, not a scraping error)
  2024-09-23: wrote 77143 rows (note: grid rendered 77143 rows vs 77153 reported — known upstream row-numbering gaps, not a scraping error)
  2024-09-28: no data (holiday or out of archive range)
  2024-09-27: no data (holiday or out of archive range)
  2024-09-15: wrote 119728 rows (note: grid rendered 119728 rows vs 119739 reported — known upstream row-numbering gaps, not a scraping error)
  2024-09-30: wrote 50677 rows (note: grid rendered 50677 rows vs 50680 reported — known upstream row-numbering gaps, not a scraping error)
  2024-09-29: wrote 58393 rows (note: grid rendered 58393 rows vs 58401 reported — known upstream row-numbering gaps, not a scraping error)
  2024-09-26: wrote 65252 rows (note: grid rendered 65252 rows vs 65258 reported — known upstream row-numbering gaps, not a scraping error)
  2024-09-25: wrote 69412 rows (note: grid rendered 69412 rows vs 69418 reported — known upstream row-numbering gaps, not a scraping error)
  2024-10-03: no data (holiday or out of archive range)
  2024-09-24: wrote 77262 rows (note: grid rendered 77262 rows vs 77264 reported — known upstream row-numbering gaps, not a scraping error)
  2024-10-04: no data (holiday or out of archive range)
  2024-10-05: no data (holiday or out of archive range)
  2024-10-01: wrote 96905 rows (note: grid rendered 96905 rows vs 96906 reported — known upstream row-numbering gaps, not a scraping error)
  2024-10-10: no data (holiday or out of archive range)
  2024-10-11: no data (holiday or out of archive range)
  2024-10-09: wrote 40129 rows (note: grid rendered 40129 rows vs 40131 reported — known upstream row-numbering gaps, not a scraping error)
  2024-10-08: wrote 45867 rows (note: grid rendered 45867 rows vs 45870 reported — known upstream row-numbering gaps, not a scraping error)
  2024-10-12: no data (holiday or out of archive range)
  2024-10-13: no data (holiday or out of archive range)
  2024-10-14: no data (holiday or out of archive range)
  2024-10-07: wrote 73112 rows (note: grid rendered 73112 rows vs 73119 reported — known upstream row-numbering gaps, not a scraping error)
  2024-10-06: wrote 69859 rows (note: grid rendered 69859 rows vs 69860 reported — known upstream row-numbering gaps, not a scraping error)
  2024-10-02: wrote 83068 rows (note: grid rendered 83068 rows vs 83081 reported — known upstream row-numbering gaps, not a scraping error)
  2024-10-18: no data (holiday or out of archive range)
  2024-10-19: no data (holiday or out of archive range)
  2024-10-15: wrote 35644 rows (note: grid rendered 35644 rows vs 35648 reported — known upstream row-numbering gaps, not a scraping error)
  2024-10-16: wrote 65836 rows (note: grid rendered 65836 rows vs 65845 reported — known upstream row-numbering gaps, not a scraping error)
  2024-10-17: wrote 80590 rows (note: grid rendered 80590 rows vs 80595 reported — known upstream row-numbering gaps, not a scraping error)
  2024-10-22: wrote 53673 rows (note: grid rendered 53673 rows vs 53678 reported — known upstream row-numbering gaps, not a scraping error)
  2024-10-25: no data (holiday or out of archive range)
  2024-10-26: no data (holiday or out of archive range)
  2024-10-21: wrote 72421 rows (note: grid rendered 72421 rows vs 72425 reported — known upstream row-numbering gaps, not a scraping error)
  2024-10-20: wrote 88712 rows (note: grid rendered 88712 rows vs 88714 reported — known upstream row-numbering gaps, not a scraping error)
  2024-10-23: wrote 65086 rows (note: grid rendered 65086 rows vs 65091 reported — known upstream row-numbering gaps, not a scraping error)
  2024-10-31: no data (holiday or out of archive range)
  2024-11-01: no data (holiday or out of archive range)
  2024-10-24: wrote 61782 rows (note: grid rendered 61782 rows vs 61785 reported — known upstream row-numbering gaps, not a scraping error)
  2024-11-02: no data (holiday or out of archive range)
  2024-11-03: no data (holiday or out of archive range)
  2024-10-27: wrote 56645 rows (note: grid rendered 56645 rows vs 56646 reported — known upstream row-numbering gaps, not a scraping error)
  2024-11-04: no data (holiday or out of archive range)
  2024-10-28: wrote 58551 rows (note: grid rendered 58551 rows vs 58552 reported — known upstream row-numbering gaps, not a scraping error)
  2024-10-29: wrote 68611 rows (note: grid rendered 68611 rows vs 68614 reported — known upstream row-numbering gaps, not a scraping error)
  2024-10-30: wrote 59697 rows (note: grid rendered 59697 rows vs 59698 reported — known upstream row-numbering gaps, not a scraping error)
  2024-11-07: no data (holiday or out of archive range)
  2024-11-08: no data (holiday or out of archive range)
  2024-11-09: no data (holiday or out of archive range)
  2024-11-05: wrote 47514 rows (note: grid rendered 47514 rows vs 47515 reported — known upstream row-numbering gaps, not a scraping error)
  2024-11-06: wrote 55237 rows (note: grid rendered 55237 rows vs 55238 reported — known upstream row-numbering gaps, not a scraping error)
  2024-11-15: no data (holiday or out of archive range)
  2024-11-16: no data (holiday or out of archive range)
  2024-11-13: wrote 77854 rows (note: grid rendered 77854 rows vs 77861 reported — known upstream row-numbering gaps, not a scraping error)
  2024-11-12: wrote 82564 rows (note: grid rendered 82564 rows vs 82570 reported — known upstream row-numbering gaps, not a scraping error)
  2024-11-18: no data (holiday or out of archive range)
  2024-11-10: wrote 100649 rows (note: grid rendered 100649 rows vs 100651 reported — known upstream row-numbering gaps, not a scraping error)
  2024-11-11: wrote 113960 rows (note: grid rendered 113960 rows vs 113964 reported — known upstream row-numbering gaps, not a scraping error)
  2024-11-22: no data (holiday or out of archive range)
  2024-11-23: no data (holiday or out of archive range)
  2024-11-14: wrote 101538 rows (note: grid rendered 101538 rows vs 101545 reported — known upstream row-numbering gaps, not a scraping error)
  2024-11-20: wrote 74298 rows (note: grid rendered 74298 rows vs 74303 reported — known upstream row-numbering gaps, not a scraping error)
  2024-11-21: wrote 84852 rows (note: grid rendered 84852 rows vs 84858 reported — known upstream row-numbering gaps, not a scraping error)
  2024-11-19: wrote 105823 rows (note: grid rendered 105823 rows vs 105827 reported — known upstream row-numbering gaps, not a scraping error)
  2024-11-17: wrote 113246 rows (note: grid rendered 113246 rows vs 113252 reported — known upstream row-numbering gaps, not a scraping error)
  2024-11-29: no data (holiday or out of archive range)
  2024-11-24: wrote 76414 rows (note: grid rendered 76414 rows vs 76418 reported — known upstream row-numbering gaps, not a scraping error)
  2024-11-30: no data (holiday or out of archive range)
  2024-11-25: wrote 65820 rows (note: grid rendered 65820 rows vs 65824 reported — known upstream row-numbering gaps, not a scraping error)
  2024-11-26: wrote 75569 rows (note: grid rendered 75569 rows vs 75572 reported — known upstream row-numbering gaps, not a scraping error)
  2024-11-27: wrote 88997 rows (note: grid rendered 88997 rows vs 89000 reported — known upstream row-numbering gaps, not a scraping error)
  2024-11-28: wrote 83127 rows (note: grid rendered 83127 rows vs 83128 reported — known upstream row-numbering gaps, not a scraping error)
  2024-12-06: no data (holiday or out of archive range)
  2024-12-07: no data (holiday or out of archive range)
  2024-12-01: wrote 82598 rows (note: grid rendered 82598 rows vs 82602 reported — known upstream row-numbering gaps, not a scraping error)
  2024-12-02: wrote 103478 rows (note: grid rendered 103478 rows vs 103481 reported — known upstream row-numbering gaps, not a scraping error)
  2024-12-03: wrote 88774 rows (note: grid rendered 88774 rows vs 88775 reported — known upstream row-numbering gaps, not a scraping error)
  2024-12-04: wrote 96675 rows (note: grid rendered 96675 rows vs 96677 reported — known upstream row-numbering gaps, not a scraping error)
  2024-12-05: wrote 87472 rows (note: grid rendered 87472 rows vs 87476 reported — known upstream row-numbering gaps, not a scraping error)
  2024-12-09: wrote 62690 rows (note: grid rendered 62690 rows vs 62758 reported — known upstream row-numbering gaps, not a scraping error)
  2024-12-13: no data (holiday or out of archive range)
  2024-12-14: no data (holiday or out of archive range)
  2024-12-08: wrote 81396 rows (note: grid rendered 81396 rows vs 81404 reported — known upstream row-numbering gaps, not a scraping error)
  2024-12-10: wrote 52703 rows (note: grid rendered 52703 rows vs 52705 reported — known upstream row-numbering gaps, not a scraping error)
  2024-12-15: no data (holiday or out of archive range)
  2024-12-11: wrote 56343 rows (note: grid rendered 56343 rows vs 56350 reported — known upstream row-numbering gaps, not a scraping error)
  2024-12-20: no data (holiday or out of archive range)
  2024-12-21: no data (holiday or out of archive range)
  2024-12-12: wrote 67127 rows (note: grid rendered 67127 rows vs 67128 reported — known upstream row-numbering gaps, not a scraping error)
  2024-12-18: wrote 49418 rows (note: grid rendered 49418 rows vs 49421 reported — known upstream row-numbering gaps, not a scraping error)
  2024-12-17: wrote 53948 rows (note: grid rendered 53948 rows vs 53957 reported — known upstream row-numbering gaps, not a scraping error)
  2024-12-19: wrote 55986 rows (note: grid rendered 55986 rows vs 55989 reported — known upstream row-numbering gaps, not a scraping error)
  2024-12-25: no data (holiday or out of archive range)
  2024-12-27: no data (holiday or out of archive range)
  2024-12-28: no data (holiday or out of archive range)
  2024-12-16: wrote 67646 rows (note: grid rendered 67646 rows vs 67648 reported — known upstream row-numbering gaps, not a scraping error)
  2024-12-30: no data (holiday or out of archive range)
  2024-12-23: wrote 55931 rows (note: grid rendered 55931 rows vs 55938 reported — known upstream row-numbering gaps, not a scraping error)
  2024-12-26: wrote 61837 rows (note: grid rendered 61837 rows vs 61839 reported — known upstream row-numbering gaps, not a scraping error)
  2024-12-22: wrote 57854 rows (note: grid rendered 57854 rows vs 57863 reported — known upstream row-numbering gaps, not a scraping error)
  2024-12-24: wrote 64916 rows (note: grid rendered 64916 rows vs 64917 reported — known upstream row-numbering gaps, not a scraping error)
  2025-01-03: no data (holiday or out of archive range)
  2025-01-04: no data (holiday or out of archive range)
  2024-12-29: wrote 66769 rows (note: grid rendered 66769 rows vs 66774 reported — known upstream row-numbering gaps, not a scraping error)
  2024-12-31: wrote 69921 rows (note: grid rendered 69921 rows vs 69923 reported — known upstream row-numbering gaps, not a scraping error)
  2025-01-01: wrote 43723 rows (note: grid rendered 43723 rows vs 43729 reported — known upstream row-numbering gaps, not a scraping error)
  2025-01-02: wrote 50446 rows (note: grid rendered 50446 rows vs 50447 reported — known upstream row-numbering gaps, not a scraping error)
  2025-01-10: no data (holiday or out of archive range)
  2025-01-05: wrote 61165 rows (note: grid rendered 61165 rows vs 61167 reported — known upstream row-numbering gaps, not a scraping error)
  2025-01-11: no data (holiday or out of archive range)
  2025-01-06: wrote 75532 rows (note: grid rendered 75532 rows vs 75540 reported — known upstream row-numbering gaps, not a scraping error)
  2025-01-14: no data (holiday or out of archive range)
  2025-01-07: wrote 66626 rows
  2025-01-08: wrote 72119 rows (note: grid rendered 72119 rows vs 72120 reported — known upstream row-numbering gaps, not a scraping error)
  2025-01-09: wrote 73305 rows (note: grid rendered 73305 rows vs 73309 reported — known upstream row-numbering gaps, not a scraping error)
  2025-01-12: wrote 46609 rows (note: grid rendered 46609 rows vs 46614 reported — known upstream row-numbering gaps, not a scraping error)
  2025-01-17: no data (holiday or out of archive range)
  2025-01-18: no data (holiday or out of archive range)
  2025-01-13: wrote 64276 rows (note: grid rendered 64276 rows vs 64278 reported — known upstream row-numbering gaps, not a scraping error)
  2025-01-15: wrote 63370 rows (note: grid rendered 63370 rows vs 63374 reported — known upstream row-numbering gaps, not a scraping error)
  2025-01-24: no data (holiday or out of archive range)
  2025-01-25: no data (holiday or out of archive range)
  2025-01-16: wrote 70634 rows
  2025-01-19: wrote 72534 rows (note: grid rendered 72534 rows vs 72540 reported — known upstream row-numbering gaps, not a scraping error)
  2025-01-21: wrote 69839 rows (note: grid rendered 69839 rows vs 69840 reported — known upstream row-numbering gaps, not a scraping error)
  2025-01-29: no data (holiday or out of archive range)
  2025-01-30: no data (holiday or out of archive range)
  2025-01-22: wrote 90683 rows (note: grid rendered 90683 rows vs 90696 reported — known upstream row-numbering gaps, not a scraping error)
  2025-01-31: no data (holiday or out of archive range)
  2025-02-01: no data (holiday or out of archive range)
  2025-01-23: wrote 84002 rows (note: grid rendered 84002 rows vs 84007 reported — known upstream row-numbering gaps, not a scraping error)
  2025-01-26: wrote 94812 rows (note: grid rendered 94812 rows vs 94813 reported — known upstream row-numbering gaps, not a scraping error)
  2025-01-27: wrote 87544 rows (note: grid rendered 87544 rows vs 87564 reported — known upstream row-numbering gaps, not a scraping error)
  2025-01-28: wrote 95092 rows (note: grid rendered 95092 rows vs 95097 reported — known upstream row-numbering gaps, not a scraping error)
  2025-02-07: no data (holiday or out of archive range)
  2025-02-08: no data (holiday or out of archive range)
  2025-02-04: wrote 90198 rows (note: grid rendered 90198 rows vs 90202 reported — known upstream row-numbering gaps, not a scraping error)
  2025-02-03: wrote 111914 rows (note: grid rendered 111914 rows vs 111918 reported — known upstream row-numbering gaps, not a scraping error)
  2025-02-02: wrote 130906 rows (note: grid rendered 130906 rows vs 130913 reported — known upstream row-numbering gaps, not a scraping error)
  2025-02-05: wrote 90745 rows (note: grid rendered 90745 rows vs 90752 reported — known upstream row-numbering gaps, not a scraping error)
  2025-02-06: wrote 92324 rows (note: grid rendered 92324 rows vs 92326 reported — known upstream row-numbering gaps, not a scraping error)
  2025-02-14: no data (holiday or out of archive range)
  2025-02-15: no data (holiday or out of archive range)
  2025-02-09: wrote 84272 rows (note: grid rendered 84272 rows vs 84280 reported — known upstream row-numbering gaps, not a scraping error)
  2025-02-10: wrote 74857 rows (note: grid rendered 74857 rows vs 74864 reported — known upstream row-numbering gaps, not a scraping error)
  2025-02-11: wrote 72091 rows (note: grid rendered 72091 rows vs 72094 reported — known upstream row-numbering gaps, not a scraping error)
  2025-02-19: no data (holiday or out of archive range)
  2025-02-12: wrote 82840 rows (note: grid rendered 82840 rows vs 82850 reported — known upstream row-numbering gaps, not a scraping error)
  2025-02-21: no data (holiday or out of archive range)
  2025-02-13: wrote 78832 rows (note: grid rendered 78832 rows vs 78835 reported — known upstream row-numbering gaps, not a scraping error)
  2025-02-22: no data (holiday or out of archive range)
  2025-02-16: wrote 96279 rows (note: grid rendered 96279 rows vs 96282 reported — known upstream row-numbering gaps, not a scraping error)
  2025-02-18: wrote 99580 rows (note: grid rendered 99580 rows vs 99585 reported — known upstream row-numbering gaps, not a scraping error)
  2025-02-17: wrote 102851 rows (note: grid rendered 102851 rows vs 102861 reported — known upstream row-numbering gaps, not a scraping error)
  2025-02-26: no data (holiday or out of archive range)
  2025-02-20: wrote 86201 rows (note: grid rendered 86201 rows vs 86223 reported — known upstream row-numbering gaps, not a scraping error)
  2025-02-28: no data (holiday or out of archive range)
  2025-03-01: no data (holiday or out of archive range)
  2025-02-23: wrote 108911 rows (note: grid rendered 108911 rows vs 108913 reported — known upstream row-numbering gaps, not a scraping error)
  2025-02-24: wrote 103256 rows (note: grid rendered 103256 rows vs 103262 reported — known upstream row-numbering gaps, not a scraping error)
  2025-02-25: wrote 97557 rows (note: grid rendered 97557 rows vs 97562 reported — known upstream row-numbering gaps, not a scraping error)
  2025-02-27: wrote 112031 rows (note: grid rendered 112031 rows vs 112032 reported — known upstream row-numbering gaps, not a scraping error)
  2025-03-07: no data (holiday or out of archive range)
  2025-03-08: no data (holiday or out of archive range)
  2025-03-02: wrote 139591 rows (note: grid rendered 139591 rows vs 139596 reported — known upstream row-numbering gaps, not a scraping error)
  2025-03-03: wrote 139552 rows (note: grid rendered 139552 rows vs 139555 reported — known upstream row-numbering gaps, not a scraping error)
  2025-03-05: wrote 101596 rows (note: grid rendered 101596 rows vs 101603 reported — known upstream row-numbering gaps, not a scraping error)
  2025-03-04: wrote 122332 rows (note: grid rendered 122332 rows vs 122336 reported — known upstream row-numbering gaps, not a scraping error)
  2025-03-06: wrote 93892 rows (note: grid rendered 93892 rows vs 93895 reported — known upstream row-numbering gaps, not a scraping error)
  2025-03-13: no data (holiday or out of archive range)
  2025-03-14: no data (holiday or out of archive range)
  2025-03-15: no data (holiday or out of archive range)
  2025-03-12: wrote 79233 rows (note: grid rendered 79233 rows vs 79236 reported — known upstream row-numbering gaps, not a scraping error)
  2025-03-10: wrote 87155 rows (note: grid rendered 87155 rows vs 87156 reported — known upstream row-numbering gaps, not a scraping error)
  2025-03-09: wrote 112345 rows (note: grid rendered 112345 rows vs 112347 reported — known upstream row-numbering gaps, not a scraping error)
  2025-03-11: wrote 92024 rows (note: grid rendered 92024 rows vs 92031 reported — known upstream row-numbering gaps, not a scraping error)
  2025-03-21: no data (holiday or out of archive range)
  2025-03-17: wrote 57583 rows (note: grid rendered 57583 rows vs 57585 reported — known upstream row-numbering gaps, not a scraping error)
  2025-03-22: no data (holiday or out of archive range)
  2025-03-16: wrote 79023 rows (note: grid rendered 79023 rows vs 79031 reported — known upstream row-numbering gaps, not a scraping error)
  2025-03-18: wrote 50834 rows
  2025-03-20: wrote 55475 rows (note: grid rendered 55475 rows vs 55476 reported — known upstream row-numbering gaps, not a scraping error)
  2025-03-19: wrote 54621 rows (note: grid rendered 54621 rows vs 54622 reported — known upstream row-numbering gaps, not a scraping error)
  2025-03-28: no data (holiday or out of archive range)
  2025-03-24: wrote 58214 rows (note: grid rendered 58214 rows vs 58235 reported — known upstream row-numbering gaps, not a scraping error)
  2025-03-29: no data (holiday or out of archive range)
  2025-03-31: no data (holiday or out of archive range)
  2025-03-23: wrote 72264 rows (note: grid rendered 72264 rows vs 72265 reported — known upstream row-numbering gaps, not a scraping error)
  2025-03-25: wrote 62014 rows (note: grid rendered 62014 rows vs 62021 reported — known upstream row-numbering gaps, not a scraping error)
  2025-03-26: wrote 48785 rows
  2025-03-27: wrote 55440 rows (note: grid rendered 55440 rows vs 55442 reported — known upstream row-numbering gaps, not a scraping error)
  2025-04-04: no data (holiday or out of archive range)
  2025-04-05: no data (holiday or out of archive range)
  2025-04-06: no data (holiday or out of archive range)
  2025-03-30: wrote 76351 rows (note: grid rendered 76351 rows vs 76354 reported — known upstream row-numbering gaps, not a scraping error)
  2025-04-02: wrote 53880 rows (note: grid rendered 53880 rows vs 53884 reported — known upstream row-numbering gaps, not a scraping error)
  2025-04-01: wrote 56545 rows (note: grid rendered 56545 rows vs 56548 reported — known upstream row-numbering gaps, not a scraping error)
  2025-04-11: no data (holiday or out of archive range)
  2025-04-12: no data (holiday or out of archive range)
  2025-04-03: wrote 69087 rows (note: grid rendered 69087 rows vs 69089 reported — known upstream row-numbering gaps, not a scraping error)
  2025-04-14: no data (holiday or out of archive range)
  2025-04-09: wrote 45093 rows (note: grid rendered 45093 rows vs 45094 reported — known upstream row-numbering gaps, not a scraping error)
  2025-04-08: wrote 53488 rows (note: grid rendered 53488 rows vs 53492 reported — known upstream row-numbering gaps, not a scraping error)
  2025-04-10: wrote 49629 rows (note: grid rendered 49629 rows vs 49632 reported — known upstream row-numbering gaps, not a scraping error)
  2025-04-07: wrote 55707 rows (note: grid rendered 55707 rows vs 55712 reported — known upstream row-numbering gaps, not a scraping error)
  2025-04-19: no data (holiday or out of archive range)
  2025-04-18: no data (holiday or out of archive range)
  2025-04-13: wrote 54357 rows (note: grid rendered 54357 rows vs 54361 reported — known upstream row-numbering gaps, not a scraping error)
  2025-04-16: wrote 64350 rows (note: grid rendered 64350 rows vs 64360 reported — known upstream row-numbering gaps, not a scraping error)
  2025-04-15: wrote 69361 rows (note: grid rendered 69361 rows vs 69364 reported — known upstream row-numbering gaps, not a scraping error)
  2025-04-20: wrote 74015 rows (note: grid rendered 74015 rows vs 74045 reported — known upstream row-numbering gaps, not a scraping error)
  2025-04-17: wrote 90554 rows (note: grid rendered 90554 rows vs 90555 reported — known upstream row-numbering gaps, not a scraping error)
  2025-04-25: no data (holiday or out of archive range)
  2025-04-26: no data (holiday or out of archive range)
  2025-04-21: wrote 78646 rows (note: grid rendered 78646 rows vs 78678 reported — known upstream row-numbering gaps, not a scraping error)
  2025-04-22: wrote 71691 rows (note: grid rendered 71691 rows vs 71694 reported — known upstream row-numbering gaps, not a scraping error)
  2025-04-23: wrote 64139 rows (note: grid rendered 64139 rows vs 64140 reported — known upstream row-numbering gaps, not a scraping error)
  2025-04-24: wrote 70701 rows (note: grid rendered 70701 rows vs 70703 reported — known upstream row-numbering gaps, not a scraping error)
  2025-05-01: no data (holiday or out of archive range)
  2025-05-02: no data (holiday or out of archive range)
  2025-05-03: no data (holiday or out of archive range)
  2025-04-29: wrote 66263 rows (note: grid rendered 66263 rows vs 66265 reported — known upstream row-numbering gaps, not a scraping error)
  2025-04-28: wrote 76996 rows (note: grid rendered 76996 rows vs 76998 reported — known upstream row-numbering gaps, not a scraping error)
  2025-04-27: wrote 89155 rows (note: grid rendered 89155 rows vs 89161 reported — known upstream row-numbering gaps, not a scraping error)
  2025-04-30: wrote 79776 rows (note: grid rendered 79776 rows vs 79777 reported — known upstream row-numbering gaps, not a scraping error)
  2025-05-09: no data (holiday or out of archive range)
  2025-05-10: no data (holiday or out of archive range)
  2025-05-05: wrote 65880 rows (note: grid rendered 65880 rows vs 65884 reported — known upstream row-numbering gaps, not a scraping error)
  2025-05-12: no data (holiday or out of archive range)
  2025-05-04: wrote 81984 rows (note: grid rendered 81984 rows vs 81985 reported — known upstream row-numbering gaps, not a scraping error)
  2025-05-06: wrote 80052 rows (note: grid rendered 80052 rows vs 80054 reported — known upstream row-numbering gaps, not a scraping error)
  2025-05-07: wrote 99305 rows
  2025-05-16: no data (holiday or out of archive range)
  2025-05-08: wrote 103316 rows (note: grid rendered 103316 rows vs 103319 reported — known upstream row-numbering gaps, not a scraping error)
  2025-05-17: no data (holiday or out of archive range)
  2025-05-11: wrote 88952 rows (note: grid rendered 88952 rows vs 88955 reported — known upstream row-numbering gaps, not a scraping error)
  2025-05-15: wrote 78482 rows (note: grid rendered 78482 rows vs 78493 reported — known upstream row-numbering gaps, not a scraping error)
  2025-05-13: wrote 102440 rows (note: grid rendered 102440 rows vs 102445 reported — known upstream row-numbering gaps, not a scraping error)
  2025-05-14: wrote 112574 rows (note: grid rendered 112574 rows vs 112577 reported — known upstream row-numbering gaps, not a scraping error)
  2025-05-23: no data (holiday or out of archive range)
  2025-05-19: wrote 71283 rows (note: grid rendered 71283 rows vs 71287 reported — known upstream row-numbering gaps, not a scraping error)
  2025-05-18: wrote 79891 rows (note: grid rendered 79891 rows vs 79893 reported — known upstream row-numbering gaps, not a scraping error)
  2025-05-24: no data (holiday or out of archive range)
  2025-05-20: wrote 73046 rows (note: grid rendered 73046 rows vs 73054 reported — known upstream row-numbering gaps, not a scraping error)
  2025-05-22: wrote 86680 rows (note: grid rendered 86680 rows vs 86685 reported — known upstream row-numbering gaps, not a scraping error)
  2025-05-21: wrote 88119 rows (note: grid rendered 88119 rows vs 88121 reported — known upstream row-numbering gaps, not a scraping error)
  2025-05-30: no data (holiday or out of archive range)
  2025-05-29: no data (holiday or out of archive range)
  2025-05-27: wrote 59624 rows (note: grid rendered 59624 rows vs 59633 reported — known upstream row-numbering gaps, not a scraping error)
  2025-05-25: wrote 70610 rows
  2025-05-26: wrote 69646 rows (note: grid rendered 69646 rows vs 69651 reported — known upstream row-numbering gaps, not a scraping error)
  2025-06-01: no data (holiday or out of archive range)
  2025-05-31: no data (holiday or out of archive range)
  2025-06-06: no data (holiday or out of archive range)
  2025-06-07: no data (holiday or out of archive range)
  2025-05-28: wrote 77315 rows (note: grid rendered 77315 rows vs 77316 reported — known upstream row-numbering gaps, not a scraping error)
  2025-06-04: wrote 59128 rows (note: grid rendered 59128 rows vs 59130 reported — known upstream row-numbering gaps, not a scraping error)
  2025-06-03: wrote 75508 rows
  2025-06-02: wrote 83016 rows
  2025-06-05: wrote 77669 rows (note: grid rendered 77669 rows vs 77670 reported — known upstream row-numbering gaps, not a scraping error)
  2025-06-13: no data (holiday or out of archive range)
  2025-06-14: no data (holiday or out of archive range)
  2025-06-08: wrote 86634 rows (note: grid rendered 86634 rows vs 86636 reported — known upstream row-numbering gaps, not a scraping error)
  2025-06-09: wrote 78846 rows (note: grid rendered 78846 rows vs 78848 reported — known upstream row-numbering gaps, not a scraping error)
  2025-06-10: wrote 81734 rows (note: grid rendered 81734 rows vs 81738 reported — known upstream row-numbering gaps, not a scraping error)
  2025-06-11: wrote 81700 rows (note: grid rendered 81700 rows vs 81703 reported — known upstream row-numbering gaps, not a scraping error)
  2025-06-12: wrote 102877 rows (note: grid rendered 102877 rows vs 102895 reported — known upstream row-numbering gaps, not a scraping error)
  2025-06-20: no data (holiday or out of archive range)
  2025-06-21: no data (holiday or out of archive range)
  2025-06-15: wrote 95372 rows (note: grid rendered 95372 rows vs 95374 reported — known upstream row-numbering gaps, not a scraping error)
  2025-06-17: wrote 70076 rows (note: grid rendered 70076 rows vs 70077 reported — known upstream row-numbering gaps, not a scraping error)
  2025-06-16: wrote 105633 rows (note: grid rendered 105633 rows vs 105635 reported — known upstream row-numbering gaps, not a scraping error)
  2025-06-18: wrote 78009 rows (note: grid rendered 78009 rows vs 78013 reported — known upstream row-numbering gaps, not a scraping error)
  2025-06-23: wrote 70826 rows (note: grid rendered 70826 rows vs 70831 reported — known upstream row-numbering gaps, not a scraping error)
  2025-06-19: wrote 121548 rows (note: grid rendered 121548 rows vs 121551 reported — known upstream row-numbering gaps, not a scraping error)
  2025-06-24: wrote 62754 rows (note: grid rendered 62754 rows vs 62755 reported — known upstream row-numbering gaps, not a scraping error)
  2025-06-27: no data (holiday or out of archive range)
  2025-06-28: no data (holiday or out of archive range)
  2025-06-22: wrote 87300 rows (note: grid rendered 87300 rows vs 87302 reported — known upstream row-numbering gaps, not a scraping error)
  2025-06-25: wrote 61814 rows (note: grid rendered 61814 rows vs 61824 reported — known upstream row-numbering gaps, not a scraping error)
  2025-06-26: wrote 74235 rows (note: grid rendered 74235 rows vs 74239 reported — known upstream row-numbering gaps, not a scraping error)
  2025-07-04: no data (holiday or out of archive range)
  2025-07-05: no data (holiday or out of archive range)
  2025-06-30: wrote 63370 rows (note: grid rendered 63370 rows vs 63371 reported — known upstream row-numbering gaps, not a scraping error)
  2025-07-01: wrote 70201 rows (note: grid rendered 70201 rows vs 70214 reported — known upstream row-numbering gaps, not a scraping error)
  2025-06-29: wrote 74751 rows (note: grid rendered 74751 rows vs 74752 reported — known upstream row-numbering gaps, not a scraping error)
  2025-07-02: wrote 89461 rows (note: grid rendered 89461 rows vs 89468 reported — known upstream row-numbering gaps, not a scraping error)
  2025-07-03: wrote 96407 rows (note: grid rendered 96407 rows vs 96411 reported — known upstream row-numbering gaps, not a scraping error)
  2025-07-11: no data (holiday or out of archive range)
  2025-07-12: no data (holiday or out of archive range)
  2025-07-08: wrote 56276 rows
  2025-07-07: wrote 70312 rows (note: grid rendered 70312 rows vs 70313 reported — known upstream row-numbering gaps, not a scraping error)
  2025-07-06: wrote 87391 rows (note: grid rendered 87391 rows vs 87398 reported — known upstream row-numbering gaps, not a scraping error)
  2025-07-09: wrote 62881 rows (note: grid rendered 62881 rows vs 62884 reported — known upstream row-numbering gaps, not a scraping error)
  2025-07-10: wrote 88615 rows
  2025-07-18: no data (holiday or out of archive range)
  2025-07-19: no data (holiday or out of archive range)
  2025-07-14: wrote 72591 rows (note: grid rendered 72591 rows vs 72601 reported — known upstream row-numbering gaps, not a scraping error)
  2025-07-13: wrote 105415 rows
  2025-07-15: wrote 74052 rows (note: grid rendered 74052 rows vs 74057 reported — known upstream row-numbering gaps, not a scraping error)
  2025-07-16: wrote 99499 rows (note: grid rendered 99499 rows vs 99505 reported — known upstream row-numbering gaps, not a scraping error)
  2025-07-17: wrote 141429 rows (note: grid rendered 141429 rows vs 141434 reported — known upstream row-numbering gaps, not a scraping error)
  2025-07-25: no data (holiday or out of archive range)
  2025-07-26: no data (holiday or out of archive range)
  2025-07-21: wrote 138824 rows (note: grid rendered 138824 rows vs 138828 reported — known upstream row-numbering gaps, not a scraping error)
  2025-07-20: wrote 178172 rows (note: grid rendered 178172 rows vs 178176 reported — known upstream row-numbering gaps, not a scraping error)
  2025-07-23: wrote 170317 rows (note: grid rendered 170317 rows vs 170318 reported — known upstream row-numbering gaps, not a scraping error)
  2025-07-22: wrote 177097 rows (note: grid rendered 177097 rows vs 177101 reported — known upstream row-numbering gaps, not a scraping error)
  2025-07-24: wrote 154639 rows (note: grid rendered 154639 rows vs 154642 reported — known upstream row-numbering gaps, not a scraping error)
  2025-08-01: no data (holiday or out of archive range)
  2025-08-02: no data (holiday or out of archive range)
  2025-07-27: wrote 203653 rows (note: grid rendered 203653 rows vs 203658 reported — known upstream row-numbering gaps, not a scraping error)
  2025-07-29: wrote 157523 rows (note: grid rendered 157523 rows vs 157525 reported — known upstream row-numbering gaps, not a scraping error)
  2025-07-28: wrote 170719 rows (note: grid rendered 170719 rows vs 170726 reported — known upstream row-numbering gaps, not a scraping error)
  2025-07-30: wrote 141516 rows (note: grid rendered 141516 rows vs 141520 reported — known upstream row-numbering gaps, not a scraping error)
  2025-07-31: wrote 168592 rows (note: grid rendered 168592 rows vs 168594 reported — known upstream row-numbering gaps, not a scraping error)
  2025-08-08: no data (holiday or out of archive range)
  2025-08-03: wrote 152514 rows (note: grid rendered 152514 rows vs 152518 reported — known upstream row-numbering gaps, not a scraping error)
  2025-08-09: no data (holiday or out of archive range)
  2025-08-10: no data (holiday or out of archive range)
  2025-08-06: wrote 93179 rows (note: grid rendered 93179 rows vs 93185 reported — known upstream row-numbering gaps, not a scraping error)
  2025-08-07: wrote 95837 rows (note: grid rendered 95837 rows vs 95839 reported — known upstream row-numbering gaps, not a scraping error)
  2025-08-04: wrote 149266 rows (note: grid rendered 149266 rows vs 149274 reported — known upstream row-numbering gaps, not a scraping error)
  2025-08-05: wrote 130950 rows (note: grid rendered 130950 rows vs 130952 reported — known upstream row-numbering gaps, not a scraping error)
  2025-08-15: no data (holiday or out of archive range)
  2025-08-16: no data (holiday or out of archive range)
  2025-08-12: wrote 78221 rows (note: grid rendered 78221 rows vs 78226 reported — known upstream row-numbering gaps, not a scraping error)
  2025-08-11: wrote 98521 rows (note: grid rendered 98521 rows vs 98525 reported — known upstream row-numbering gaps, not a scraping error)
  2025-08-13: wrote 70096 rows (note: grid rendered 70096 rows vs 70099 reported — known upstream row-numbering gaps, not a scraping error)
  2025-08-14: wrote 76542 rows
  2025-08-18: wrote 67958 rows (note: grid rendered 67958 rows vs 67959 reported — known upstream row-numbering gaps, not a scraping error)
  2025-08-22: no data (holiday or out of archive range)
  2025-08-17: wrote 86669 rows
  2025-08-23: no data (holiday or out of archive range)
  2025-08-19: wrote 61784 rows
  2025-08-20: wrote 53850 rows (note: grid rendered 53850 rows vs 53853 reported — known upstream row-numbering gaps, not a scraping error)
  2025-08-21: wrote 56822 rows (note: grid rendered 56822 rows vs 56824 reported — known upstream row-numbering gaps, not a scraping error)
  2025-08-29: no data (holiday or out of archive range)
  2025-08-30: no data (holiday or out of archive range)
  2025-08-26: wrote 45115 rows (note: grid rendered 45115 rows vs 45116 reported — known upstream row-numbering gaps, not a scraping error)
  2025-08-24: wrote 58100 rows (note: grid rendered 58100 rows vs 58105 reported — known upstream row-numbering gaps, not a scraping error)
  2025-08-25: wrote 57154 rows (note: grid rendered 57154 rows vs 57157 reported — known upstream row-numbering gaps, not a scraping error)
  2025-08-27: wrote 72527 rows (note: grid rendered 72527 rows vs 72528 reported — known upstream row-numbering gaps, not a scraping error)
  2025-08-28: wrote 78377 rows (note: grid rendered 78377 rows vs 78379 reported — known upstream row-numbering gaps, not a scraping error)
  2025-09-05: no data (holiday or out of archive range)
  2025-09-06: no data (holiday or out of archive range)
  2025-09-01: wrote 68773 rows (note: grid rendered 68773 rows vs 68775 reported — known upstream row-numbering gaps, not a scraping error)
  2025-09-03: wrote 68594 rows
  2025-09-09: no data (holiday or out of archive range)
  2025-09-02: wrote 89775 rows
  2025-08-31: wrote 97173 rows (note: grid rendered 97173 rows vs 97174 reported — known upstream row-numbering gaps, not a scraping error)
  2025-09-04: wrote 69022 rows (note: grid rendered 69022 rows vs 69024 reported — known upstream row-numbering gaps, not a scraping error)
  2025-09-10: no data (holiday or out of archive range)
  2025-09-11: no data (holiday or out of archive range)
  2025-09-12: no data (holiday or out of archive range)
  2025-09-13: no data (holiday or out of archive range)
  2025-09-14: no data (holiday or out of archive range)
  2025-09-15: no data (holiday or out of archive range)
  2025-09-17: no data (holiday or out of archive range)
  2025-09-16: no data (holiday or out of archive range)
  2025-09-19: no data (holiday or out of archive range)
  2025-09-20: no data (holiday or out of archive range)
  2025-09-07: wrote 58082 rows (note: grid rendered 58082 rows vs 58087 reported — known upstream row-numbering gaps, not a scraping error)
  2025-09-22: no data (holiday or out of archive range)
  2025-09-18: wrote 7435 rows
  2025-09-08: wrote 59703 rows (note: grid rendered 59703 rows vs 59704 reported — known upstream row-numbering gaps, not a scraping error)
  2025-09-26: no data (holiday or out of archive range)
  2025-09-27: no data (holiday or out of archive range)
  2025-09-29: no data (holiday or out of archive range)
  2025-09-30: no data (holiday or out of archive range)
  2025-10-01: no data (holiday or out of archive range)
  2025-09-24: wrote 47852 rows
  2025-09-25: wrote 37553 rows (note: grid rendered 37553 rows vs 37562 reported — known upstream row-numbering gaps, not a scraping error)
  2025-10-02: no data (holiday or out of archive range)
  2025-10-03: no data (holiday or out of archive range)
  2025-10-04: no data (holiday or out of archive range)
  2025-09-23: wrote 67382 rows
  2025-10-05: no data (holiday or out of archive range)
  2025-10-06: no data (holiday or out of archive range)
  2025-09-28: wrote 39859 rows
  2025-10-10: no data (holiday or out of archive range)
  2025-10-11: no data (holiday or out of archive range)
  2025-09-21: wrote 108903 rows (note: grid rendered 108903 rows vs 108908 reported — known upstream row-numbering gaps, not a scraping error)
  2025-10-07: wrote 55450 rows
  2025-10-09: wrote 56321 rows
  2025-10-08: wrote 63508 rows (note: grid rendered 63508 rows vs 63509 reported — known upstream row-numbering gaps, not a scraping error)
  2025-10-17: no data (holiday or out of archive range)
  2025-10-13: wrote 48833 rows (note: grid rendered 48833 rows vs 48836 reported — known upstream row-numbering gaps, not a scraping error)
  2025-10-14: wrote 38823 rows (note: grid rendered 38823 rows vs 38827 reported — known upstream row-numbering gaps, not a scraping error)
  2025-10-12: wrote 67201 rows (note: grid rendered 67201 rows vs 67202 reported — known upstream row-numbering gaps, not a scraping error)
  2025-10-18: no data (holiday or out of archive range)
  2025-10-20: no data (holiday or out of archive range)
  2025-10-21: no data (holiday or out of archive range)
  2025-10-22: no data (holiday or out of archive range)
  2025-10-23: no data (holiday or out of archive range)
  2025-10-25: no data (holiday or out of archive range)
  2025-10-24: no data (holiday or out of archive range)
  2025-10-27: no data (holiday or out of archive range)
  2025-10-16: wrote 36530 rows (note: grid rendered 36530 rows vs 36531 reported — known upstream row-numbering gaps, not a scraping error)
  2025-10-19: wrote 28732 rows (note: grid rendered 28732 rows vs 28737 reported — known upstream row-numbering gaps, not a scraping error)
  2025-10-15: wrote 35750 rows
  2025-10-31: no data (holiday or out of archive range)
  2025-11-01: no data (holiday or out of archive range)
  2025-10-26: wrote 27897 rows (note: grid rendered 27897 rows vs 27899 reported — known upstream row-numbering gaps, not a scraping error)
  2025-10-28: wrote 47093 rows (note: grid rendered 47093 rows vs 47094 reported — known upstream row-numbering gaps, not a scraping error)
  2025-10-29: wrote 50485 rows (note: grid rendered 50485 rows vs 50487 reported — known upstream row-numbering gaps, not a scraping error)
  2025-10-30: wrote 53111 rows (note: grid rendered 53111 rows vs 53112 reported — known upstream row-numbering gaps, not a scraping error)
  2025-11-07: no data (holiday or out of archive range)
  2025-11-03: wrote 54887 rows (note: grid rendered 54887 rows vs 54892 reported — known upstream row-numbering gaps, not a scraping error)
  2025-11-08: no data (holiday or out of archive range)
  2025-11-04: wrote 46864 rows (note: grid rendered 46864 rows vs 46875 reported — known upstream row-numbering gaps, not a scraping error)
  2025-11-02: wrote 68109 rows (note: grid rendered 68109 rows vs 68112 reported — known upstream row-numbering gaps, not a scraping error)
  2025-11-05: wrote 42877 rows (note: grid rendered 42877 rows vs 42879 reported — known upstream row-numbering gaps, not a scraping error)
  2025-11-06: wrote 50421 rows (note: grid rendered 50421 rows vs 50437 reported — known upstream row-numbering gaps, not a scraping error)
  2025-11-14: no data (holiday or out of archive range)
  2025-11-15: no data (holiday or out of archive range)
  2025-11-10: wrote 40581 rows (note: grid rendered 40581 rows vs 40591 reported — known upstream row-numbering gaps, not a scraping error)
  2025-11-09: wrote 47266 rows (note: grid rendered 47266 rows vs 47268 reported — known upstream row-numbering gaps, not a scraping error)
  2025-11-11: wrote 55631 rows (note: grid rendered 55631 rows vs 55632 reported — known upstream row-numbering gaps, not a scraping error)
  2025-11-12: wrote 66824 rows
  2025-11-13: wrote 50609 rows (note: grid rendered 50609 rows vs 50621 reported — known upstream row-numbering gaps, not a scraping error)
  2025-11-21: no data (holiday or out of archive range)
  2025-11-22: no data (holiday or out of archive range)
  2025-11-16: wrote 47175 rows (note: grid rendered 47175 rows vs 47176 reported — known upstream row-numbering gaps, not a scraping error)
  2025-11-18: wrote 55273 rows (note: grid rendered 55273 rows vs 55277 reported — known upstream row-numbering gaps, not a scraping error)
  2025-11-17: wrote 61633 rows (note: grid rendered 61633 rows vs 61635 reported — known upstream row-numbering gaps, not a scraping error)
  2025-11-29: no data (holiday or out of archive range)
  2025-11-19: wrote 50626 rows
  2025-12-01: wrote 60618 rows (note: grid rendered 60618 rows vs 60620 reported — known upstream row-numbering gaps, not a scraping error)
  2025-12-02: wrote 56007 rows (note: grid rendered 56007 rows vs 56009 reported — known upstream row-numbering gaps, not a scraping error)
  2025-11-30: wrote 84152 rows (note: grid rendered 84152 rows vs 84156 reported — known upstream row-numbering gaps, not a scraping error)
  2025-12-04: no data (holiday or out of archive range)
  2025-12-05: no data (holiday or out of archive range)
  2025-12-06: no data (holiday or out of archive range)
  2025-12-03: wrote 67484 rows (note: grid rendered 67484 rows vs 67485 reported — known upstream row-numbering gaps, not a scraping error)
  2025-12-12: no data (holiday or out of archive range)
  2025-12-13: no data (holiday or out of archive range)
  2025-12-09: wrote 62664 rows (note: grid rendered 62664 rows vs 62665 reported — known upstream row-numbering gaps, not a scraping error)
  2025-12-08: wrote 83269 rows (note: grid rendered 83269 rows vs 83273 reported — known upstream row-numbering gaps, not a scraping error)
  2025-12-07: wrote 89730 rows (note: grid rendered 89730 rows vs 89731 reported — known upstream row-numbering gaps, not a scraping error)
  2025-12-11: wrote 69726 rows (note: grid rendered 69726 rows vs 69729 reported — known upstream row-numbering gaps, not a scraping error)
  2025-12-10: wrote 91394 rows
  2025-12-19: no data (holiday or out of archive range)
  2025-12-20: no data (holiday or out of archive range)
  2025-12-14: wrote 60698 rows (note: grid rendered 60698 rows vs 60699 reported — known upstream row-numbering gaps, not a scraping error)
  2025-12-15: wrote 56122 rows
  2025-12-16: wrote 55076 rows (note: grid rendered 55076 rows vs 55078 reported — known upstream row-numbering gaps, not a scraping error)
  2025-12-17: wrote 58096 rows
  2025-12-18: wrote 64029 rows
  2025-12-25: no data (holiday or out of archive range)
  2025-12-26: no data (holiday or out of archive range)
  2025-12-27: no data (holiday or out of archive range)
  2025-12-21: wrote 70571 rows (note: grid rendered 70571 rows vs 70576 reported — known upstream row-numbering gaps, not a scraping error)
  2025-12-22: wrote 65312 rows
  2025-12-30: no data (holiday or out of archive range)
  2025-12-24: wrote 62765 rows (note: grid rendered 62765 rows vs 62768 reported — known upstream row-numbering gaps, not a scraping error)
  2026-01-02: no data (holiday or out of archive range)
  2025-12-23: wrote 92716 rows (note: grid rendered 92716 rows vs 92746 reported — known upstream row-numbering gaps, not a scraping error)
  2026-01-03: no data (holiday or out of archive range)
  2025-12-29: wrote 69546 rows (note: grid rendered 69546 rows vs 69548 reported — known upstream row-numbering gaps, not a scraping error)
  2025-12-28: wrote 89250 rows (note: grid rendered 89250 rows vs 89251 reported — known upstream row-numbering gaps, not a scraping error)
  2025-12-31: wrote 63980 rows (note: grid rendered 63980 rows vs 63981 reported — known upstream row-numbering gaps, not a scraping error)
  2026-01-01: wrote 64406 rows (note: grid rendered 64406 rows vs 64407 reported — known upstream row-numbering gaps, not a scraping error)
  2026-01-09: no data (holiday or out of archive range)
  2026-01-10: no data (holiday or out of archive range)
  2026-01-11: no data (holiday or out of archive range)
  2026-01-04: wrote 79699 rows (note: grid rendered 79699 rows vs 79702 reported — known upstream row-numbering gaps, not a scraping error)
  2026-01-05: wrote 84989 rows (note: grid rendered 84989 rows vs 84990 reported — known upstream row-numbering gaps, not a scraping error)
  2026-01-07: wrote 72474 rows
  2026-01-08: wrote 69261 rows
  2026-01-06: wrote 88361 rows (note: grid rendered 88361 rows vs 88362 reported — known upstream row-numbering gaps, not a scraping error)
  2026-01-15: no data (holiday or out of archive range)
  2026-01-17: no data (holiday or out of archive range)
  2026-01-16: no data (holiday or out of archive range)
  2026-01-19: no data (holiday or out of archive range)
  2026-01-12: wrote 78807 rows (note: grid rendered 78807 rows vs 78808 reported — known upstream row-numbering gaps, not a scraping error)
  2026-01-13: wrote 77016 rows (note: grid rendered 77016 rows vs 77017 reported — known upstream row-numbering gaps, not a scraping error)
  2026-01-23: no data (holiday or out of archive range)
  2026-01-14: wrote 72671 rows
  2026-01-24: no data (holiday or out of archive range)
  2026-01-18: wrote 95445 rows
  2026-01-21: wrote 89764 rows (note: grid rendered 89764 rows vs 89766 reported — known upstream row-numbering gaps, not a scraping error)
  2026-01-20: wrote 115178 rows (note: grid rendered 115178 rows vs 115181 reported — known upstream row-numbering gaps, not a scraping error)
  2026-01-22: wrote 94174 rows
  2026-01-30: no data (holiday or out of archive range)
  2026-01-31: no data (holiday or out of archive range)
  2026-01-25: wrote 133528 rows (note: grid rendered 133528 rows vs 133529 reported — known upstream row-numbering gaps, not a scraping error)
  2026-01-26: wrote 147676 rows
  2026-01-28: wrote 121990 rows (note: grid rendered 121990 rows vs 121992 reported — known upstream row-numbering gaps, not a scraping error)
  2026-01-27: wrote 142473 rows (note: grid rendered 142473 rows vs 142476 reported — known upstream row-numbering gaps, not a scraping error)
  2026-01-29: wrote 138883 rows
  2026-02-06: no data (holiday or out of archive range)
  2026-02-01: wrote 110726 rows (note: grid rendered 110726 rows vs 110728 reported — known upstream row-numbering gaps, not a scraping error)
  2026-02-07: no data (holiday or out of archive range)
  2026-02-02: wrote 91058 rows (note: grid rendered 91058 rows vs 91061 reported — known upstream row-numbering gaps, not a scraping error)
  2026-02-03: wrote 92338 rows
  2026-02-04: wrote 80421 rows (note: grid rendered 80421 rows vs 80422 reported — known upstream row-numbering gaps, not a scraping error)
  2026-02-05: wrote 108817 rows
  2026-02-13: no data (holiday or out of archive range)
  2026-02-11: wrote 82450 rows
  2026-02-14: no data (holiday or out of archive range)
  2026-02-09: wrote 102281 rows
  2026-02-10: wrote 89836 rows
  2026-02-08: wrote 111971 rows (note: grid rendered 111971 rows vs 111978 reported — known upstream row-numbering gaps, not a scraping error)
  2026-02-15: no data (holiday or out of archive range)
  2026-02-18: no data (holiday or out of archive range)
  2026-02-19: no data (holiday or out of archive range)
  2026-02-20: no data (holiday or out of archive range)
  2026-02-21: no data (holiday or out of archive range)
  2026-02-12: wrote 106010 rows (note: grid rendered 106010 rows vs 106018 reported — known upstream row-numbering gaps, not a scraping error)
  2026-02-17: wrote 83073 rows (note: grid rendered 83073 rows vs 83075 reported — known upstream row-numbering gaps, not a scraping error)
  2026-02-16: wrote 80555 rows (note: grid rendered 80555 rows vs 80559 reported — known upstream row-numbering gaps, not a scraping error)
  2026-02-24: wrote 49090 rows (note: grid rendered 49090 rows vs 49093 reported — known upstream row-numbering gaps, not a scraping error)
  2026-02-27: no data (holiday or out of archive range)
  2026-02-23: wrote 56344 rows (note: grid rendered 56344 rows vs 56347 reported — known upstream row-numbering gaps, not a scraping error)
  2026-02-22: wrote 72103 rows (note: grid rendered 72103 rows vs 72104 reported — known upstream row-numbering gaps, not a scraping error)
  2026-02-28: no data (holiday or out of archive range)
  2026-03-02: no data (holiday or out of archive range)
  2026-03-04: no data (holiday or out of archive range)
  2026-03-05: no data (holiday or out of archive range)
  2026-03-06: no data (holiday or out of archive range)
  2026-02-25: wrote 48640 rows
  2026-03-07: no data (holiday or out of archive range)
  2026-03-08: no data (holiday or out of archive range)
  2026-02-26: wrote 44203 rows (note: grid rendered 44203 rows vs 44204 reported — known upstream row-numbering gaps, not a scraping error)
  2026-03-09: wrote 4051 rows
  2026-03-01: wrote 55201 rows (note: grid rendered 55201 rows vs 55206 reported — known upstream row-numbering gaps, not a scraping error)
  2026-03-13: no data (holiday or out of archive range)
  2026-03-14: no data (holiday or out of archive range)
  2026-03-03: wrote 61329 rows
  2026-03-11: wrote 115548 rows (note: grid rendered 115548 rows vs 115550 reported — known upstream row-numbering gaps, not a scraping error)
  2026-03-18: no data (holiday or out of archive range)
  2026-03-12: wrote 130014 rows (note: grid rendered 130014 rows vs 130015 reported — known upstream row-numbering gaps, not a scraping error)
  2026-03-16: wrote 102754 rows (note: grid rendered 102754 rows vs 102759 reported — known upstream row-numbering gaps, not a scraping error)
  2026-03-20: no data (holiday or out of archive range)
  2026-03-21: no data (holiday or out of archive range)
  2026-03-17: wrote 106139 rows (note: grid rendered 106139 rows vs 106140 reported — known upstream row-numbering gaps, not a scraping error)
  2026-03-15: wrote 124488 rows (note: grid rendered 124488 rows vs 124490 reported — known upstream row-numbering gaps, not a scraping error)
  2026-03-24: wrote 126944 rows (note: grid rendered 126944 rows vs 126947 reported — known upstream row-numbering gaps, not a scraping error)
  2026-03-19: wrote 191246 rows (note: grid rendered 191246 rows vs 191251 reported — known upstream row-numbering gaps, not a scraping error)
  2026-03-27: no data (holiday or out of archive range)
  2026-03-25: wrote 138255 rows (note: grid rendered 138255 rows vs 138256 reported — known upstream row-numbering gaps, not a scraping error)
  2026-03-23: wrote 156378 rows (note: grid rendered 156378 rows vs 156381 reported — known upstream row-numbering gaps, not a scraping error)
  2026-03-28: no data (holiday or out of archive range)
  2026-03-26: wrote 142731 rows (note: grid rendered 142731 rows vs 142734 reported — known upstream row-numbering gaps, not a scraping error)
  2026-03-22: wrote 204949 rows (note: grid rendered 204949 rows vs 204955 reported — known upstream row-numbering gaps, not a scraping error)
  2026-04-03: no data (holiday or out of archive range)
  2026-04-04: no data (holiday or out of archive range)
  2026-04-02: wrote 103222 rows (note: grid rendered 103222 rows vs 103225 reported — known upstream row-numbering gaps, not a scraping error)
  2026-04-01: wrote 123724 rows (note: grid rendered 123724 rows vs 123730 reported — known upstream row-numbering gaps, not a scraping error)
  2026-03-31: wrote 137856 rows (note: grid rendered 137856 rows vs 137857 reported — known upstream row-numbering gaps, not a scraping error)
  2026-03-30: wrote 159326 rows (note: grid rendered 159326 rows vs 159328 reported — known upstream row-numbering gaps, not a scraping error)
  2026-03-29: wrote 196157 rows (note: grid rendered 196157 rows vs 196158 reported — known upstream row-numbering gaps, not a scraping error)
  2026-04-05: wrote 141035 rows (note: grid rendered 141035 rows vs 141036 reported — known upstream row-numbering gaps, not a scraping error)
  2026-04-11: no data (holiday or out of archive range)
  2026-04-12: no data (holiday or out of archive range)
  2026-04-07: wrote 81577 rows (note: grid rendered 81577 rows vs 81582 reported — known upstream row-numbering gaps, not a scraping error)
  2026-04-08: wrote 98049 rows (note: grid rendered 98049 rows vs 98162 reported — known upstream row-numbering gaps, not a scraping error)
  2026-04-06: wrote 124091 rows (note: grid rendered 124091 rows vs 124093 reported — known upstream row-numbering gaps, not a scraping error)
  2026-04-10: wrote 97443 rows (note: grid rendered 97443 rows vs 97480 reported — known upstream row-numbering gaps, not a scraping error)
  2026-04-09: wrote 108768 rows (note: grid rendered 108768 rows vs 108869 reported — known upstream row-numbering gaps, not a scraping error)
  2026-04-18: no data (holiday or out of archive range)
  2026-04-19: no data (holiday or out of archive range)
  2026-04-13: wrote 101126 rows (note: grid rendered 101126 rows vs 101180 reported — known upstream row-numbering gaps, not a scraping error)
  2026-04-16: wrote 111553 rows (note: grid rendered 111553 rows vs 111607 reported — known upstream row-numbering gaps, not a scraping error)
  2026-04-17: wrote 96542 rows (note: grid rendered 96542 rows vs 96573 reported — known upstream row-numbering gaps, not a scraping error)
  2026-04-15: wrote 123316 rows (note: grid rendered 123316 rows vs 123359 reported — known upstream row-numbering gaps, not a scraping error)
  2026-04-26: no data (holiday or out of archive range)
  2026-04-21: wrote 95774 rows (note: grid rendered 95774 rows vs 95800 reported — known upstream row-numbering gaps, not a scraping error)
  2026-04-20: wrote 116297 rows (note: grid rendered 116297 rows vs 116310 reported — known upstream row-numbering gaps, not a scraping error)
  2026-04-24: wrote 75127 rows (note: grid rendered 75127 rows vs 75229 reported — known upstream row-numbering gaps, not a scraping error)
  2026-04-22: wrote 121419 rows (note: grid rendered 121419 rows vs 121433 reported — known upstream row-numbering gaps, not a scraping error)
  2026-04-23: wrote 93895 rows (note: grid rendered 93895 rows vs 93907 reported — known upstream row-numbering gaps, not a scraping error)
  2026-05-02: no data (holiday or out of archive range)
  2026-05-01: no data (holiday or out of archive range)
  2026-04-27: wrote 80960 rows (note: grid rendered 80960 rows vs 81006 reported — known upstream row-numbering gaps, not a scraping error)
  2026-05-03: no data (holiday or out of archive range)
  2026-04-29: wrote 103973 rows (note: grid rendered 103973 rows vs 104005 reported — known upstream row-numbering gaps, not a scraping error)
  2026-04-30: wrote 80393 rows (note: grid rendered 80393 rows vs 80427 reported — known upstream row-numbering gaps, not a scraping error)
  2026-05-06: wrote 47829 rows (note: grid rendered 47829 rows vs 47841 reported — known upstream row-numbering gaps, not a scraping error)
  2026-04-28: wrote 151324 rows (note: grid rendered 151324 rows vs 151354 reported — known upstream row-numbering gaps, not a scraping error)
  2026-05-05: wrote 62006 rows (note: grid rendered 62006 rows vs 62025 reported — known upstream row-numbering gaps, not a scraping error)
  2026-05-04: wrote 68623 rows (note: grid rendered 68623 rows vs 68635 reported — known upstream row-numbering gaps, not a scraping error)
  2026-05-09: no data (holiday or out of archive range)
  2026-05-10: no data (holiday or out of archive range)
  2026-05-07: wrote 45050 rows (note: grid rendered 45050 rows vs 45065 reported — known upstream row-numbering gaps, not a scraping error)
  2026-05-08: wrote 52996 rows (note: grid rendered 52996 rows vs 53014 reported — known upstream row-numbering gaps, not a scraping error)
  2026-05-16: no data (holiday or out of archive range)
  2026-05-17: no data (holiday or out of archive range)
  2026-05-13: wrote 42159 rows (note: grid rendered 42159 rows vs 42176 reported — known upstream row-numbering gaps, not a scraping error)
  2026-05-14: wrote 46378 rows (note: grid rendered 46378 rows vs 46402 reported — known upstream row-numbering gaps, not a scraping error)
  2026-05-12: wrote 62506 rows (note: grid rendered 62506 rows vs 62512 reported — known upstream row-numbering gaps, not a scraping error)
  2026-05-11: wrote 68420 rows (note: grid rendered 68420 rows vs 68444 reported — known upstream row-numbering gaps, not a scraping error)
  2026-05-15: wrote 43655 rows (note: grid rendered 43655 rows vs 43674 reported — known upstream row-numbering gaps, not a scraping error)
  2026-05-23: no data (holiday or out of archive range)
  2026-05-24: no data (holiday or out of archive range)
  2026-05-18: wrote 43285 rows (note: grid rendered 43285 rows vs 43309 reported — known upstream row-numbering gaps, not a scraping error)
  2026-05-19: wrote 45502 rows (note: grid rendered 45502 rows vs 45519 reported — known upstream row-numbering gaps, not a scraping error)
  2026-05-20: wrote 52315 rows (note: grid rendered 52315 rows vs 52336 reported — known upstream row-numbering gaps, not a scraping error)
  2026-05-21: wrote 44726 rows (note: grid rendered 44726 rows vs 44744 reported — known upstream row-numbering gaps, not a scraping error)
  2026-05-28: no data (holiday or out of archive range)
  2026-05-29: no data (holiday or out of archive range)
  2026-05-22: wrote 54490 rows (note: grid rendered 54490 rows vs 54497 reported — known upstream row-numbering gaps, not a scraping error)
  2026-05-31: no data (holiday or out of archive range)
  2026-05-30: no data (holiday or out of archive range)
  2026-05-26: wrote 52722 rows (note: grid rendered 52722 rows vs 52751 reported — known upstream row-numbering gaps, not a scraping error)
  2026-05-27: wrote 60557 rows (note: grid rendered 60557 rows vs 60562 reported — known upstream row-numbering gaps, not a scraping error)
  2026-05-25: wrote 75843 rows (note: grid rendered 75843 rows vs 75856 reported — known upstream row-numbering gaps, not a scraping error)
  2026-06-06: no data (holiday or out of archive range)
  2026-06-07: no data (holiday or out of archive range)
  2026-06-01: wrote 63686 rows (note: grid rendered 63686 rows vs 63719 reported — known upstream row-numbering gaps, not a scraping error)
  2026-06-02: wrote 61508 rows (note: grid rendered 61508 rows vs 61527 reported — known upstream row-numbering gaps, not a scraping error)
  2026-06-03: wrote 62130 rows (note: grid rendered 62130 rows vs 62148 reported — known upstream row-numbering gaps, not a scraping error)
  2026-06-04: wrote 51584 rows (note: grid rendered 51584 rows vs 51601 reported — known upstream row-numbering gaps, not a scraping error)
  2026-06-05: wrote 55463 rows (note: grid rendered 55463 rows vs 55467 reported — known upstream row-numbering gaps, not a scraping error)
  2026-06-13: no data (holiday or out of archive range)
  2026-06-10: wrote 49242 rows (note: grid rendered 49242 rows vs 49248 reported — known upstream row-numbering gaps, not a scraping error)
  2026-06-14: no data (holiday or out of archive range)
  2026-06-09: wrote 63712 rows (note: grid rendered 63712 rows vs 63732 reported — known upstream row-numbering gaps, not a scraping error)
  2026-06-08: wrote 56831 rows (note: grid rendered 56831 rows vs 56845 reported — known upstream row-numbering gaps, not a scraping error)
  2026-06-11: wrote 58384 rows (note: grid rendered 58384 rows vs 58391 reported — known upstream row-numbering gaps, not a scraping error)
  2026-06-12: wrote 54172 rows (note: grid rendered 54172 rows vs 54177 reported — known upstream row-numbering gaps, not a scraping error)
  2026-06-20: no data (holiday or out of archive range)
  2026-06-21: no data (holiday or out of archive range)
  2026-06-17: wrote 44536 rows (note: grid rendered 44536 rows vs 44542 reported — known upstream row-numbering gaps, not a scraping error)
  2026-06-16: wrote 48108 rows (note: grid rendered 48108 rows vs 48116 reported — known upstream row-numbering gaps, not a scraping error)
  2026-06-18: wrote 41103 rows (note: grid rendered 41103 rows vs 41104 reported — known upstream row-numbering gaps, not a scraping error)
  2026-06-15: wrote 51688 rows (note: grid rendered 51688 rows vs 51702 reported — known upstream row-numbering gaps, not a scraping error)
  2026-06-19: wrote 61164 rows (note: grid rendered 61164 rows vs 61170 reported — known upstream row-numbering gaps, not a scraping error)
  2026-06-27: no data (holiday or out of archive range)
  2026-06-28: no data (holiday or out of archive range)
  2026-06-26: wrote 39530 rows (note: grid rendered 39530 rows vs 39546 reported — known upstream row-numbering gaps, not a scraping error)
  2026-06-25: wrote 46745 rows (note: grid rendered 46745 rows vs 46751 reported — known upstream row-numbering gaps, not a scraping error)
  2026-06-24: wrote 72887 rows (note: grid rendered 72887 rows vs 72917 reported — known upstream row-numbering gaps, not a scraping error)
  2026-06-23: wrote 72840 rows (note: grid rendered 72840 rows vs 72854 reported — known upstream row-numbering gaps, not a scraping error)
  2026-06-22: wrote 90839 rows (note: grid rendered 90839 rows vs 90862 reported — known upstream row-numbering gaps, not a scraping error)
  2026-06-29: wrote 44934 rows (note: grid rendered 44934 rows vs 44942 reported — known upstream row-numbering gaps, not a scraping error)
  2026-07-04: no data (holiday or out of archive range)
  2026-07-01: wrote 56839 rows (note: grid rendered 56839 rows vs 56850 reported — known upstream row-numbering gaps, not a scraping error)
  2026-07-02: wrote 43116 rows (note: grid rendered 43116 rows vs 43131 reported — known upstream row-numbering gaps, not a scraping error)
  2026-06-30: wrote 79259 rows (note: grid rendered 79259 rows vs 79286 reported — known upstream row-numbering gaps, not a scraping error)
  2026-07-03: wrote 46175 rows (note: grid rendered 46175 rows vs 46234 reported — known upstream row-numbering gaps, not a scraping error)
Done. 4203 date(s) processed — see PROGRESS.md and data/discrepancies.csv
