date,transaction_no,symbol,buyer,seller,quantity,rate,amount
2016-03-21,201603213119676,ACEDBL,26,14,1000,365.0,365000.0
2016-03-21,201603213119981,ADBL,6,52,631,648.0,408888.0
2016-03-21,201603213119670,ADBL,41,8,320,654.0,209280.0
2016-03-21,201603213119571,ADBL,14,8,100,654.0,65400.0
2016-03-21,201603213119698,ADBL,41,6,1000,656.0,656000.0
2016-03-21,201603213119684,ADBL,41,56,743,656.0,487408.0
2016-03-21,201603213119671,ADBL,41,21,178,655.0,116590.0
2016-03-21,201603213119817,AHPC,47,25,250,330.0,82500.0
2016-03-21,201603213119816,AHPC,45,25,500,330.0,165000.0
2016-03-21,201603213119815,AHPC,22,25,300,331.0,99300.0
2016-03-21,201603213119581,AHPC,13,54,100,334.0,33400.0
2016-03-21,201603213119762,ALDBL,56,41,784,540.0,423360.0
2016-03-21,201603213119761,ALDBL,56,41,500,540.0,270000.0
2016-03-21,201603213119760,ALDBL,56,25,70,540.0,37800.0
2016-03-21,201603213119759,ALDBL,56,48,200,540.0,108000.0
2016-03-21,201603213119654,ALDBL,38,56,100,539.0,53900.0
2016-03-21,201603213119641,ALDBL,38,43,107,538.0,57566.0
2016-03-21,201603213119962,ALICL,28,28,300,1446.0,433800.0
2016-03-21,201603213119890,ALICL,28,36,195,1446.0,281970.0
2016-03-21,201603213119674,ALICL,44,7,486,1450.0,704700.0
2016-03-21,201603213119645,ALICL,44,6,100,1450.0,145000.0
2016-03-21,201603213119622,ALICL,44,7,116,1450.0,168200.0
2016-03-21,201603213119617,ALICL,17,7,14,1455.0,20370.0
2016-03-21,201603213119551,ALICL,19,11,30,1450.0,43500.0
2016-03-21,201603213119995,API,38,38,16,733.0,11728.0
2016-03-21,201603213119845,API,49,41,500,725.0,362500.0
2016-03-21,201603213119516,API,44,28,100,732.0,73200.0
2016-03-21,201603213119782,ARDBL,18,16,42,252.0,10584.0
2016-03-21,201603213119642,ARDBL,41,42,21,251.0,5271.0
2016-03-21,201603213119697,BARUN,7,7,100,532.0,53200.0
2016-03-21,201603213119576,BLDBL,45,11,700,372.0,260400.0
2016-03-21,201603213119543,BLDBL,6,20,200,375.0,75000.0
2016-03-21,201603213119896,BPCL,40,55,200,644.0,128800.0
2016-03-21,201603213119544,BPCL,48,41,100,645.0,64500.0
2016-03-21,201603213119540,BPCL,48,16,67,644.0,43148.0
2016-03-21,201603213119526,BPCL,33,35,100,640.0,64000.0
2016-03-21,201603213119563,CBBL,16,16,203,1835.0,372505.0
2016-03-21,201603213119915,CCBL,59,13,38,380.0,14440.0
2016-03-21,201603213119879,CCBL,59,13,38,380.0,14440.0
2016-03-21,201603213119878,CCBL,59,42,200,378.0,75600.0
2016-03-21,201603213119840,CHCL,10,29,200,1335.0,267000.0
2016-03-21,201603213119839,CHCL,10,42,100,1330.0,133000.0
2016-03-21,201603213119665,CHCL,39,57,10,1325.0,13250.0
2016-03-21,201603213119664,CHCL,38,57,100,1326.0,132600.0
2016-03-21,201603213119663,CHCL,13,57,60,1327.0,79620.0
2016-03-21,201603213119662,CHCL,6,57,80,1328.0,106240.0
2016-03-21,201603213119569,CHCL,28,32,15,1335.0,20025.0
2016-03-21,201603213119793,CIT,1,6,40,3752.0,150080.0
2016-03-21,201603213119792,CIT,55,6,100,3752.0,375200.0
2016-03-21,201603213119791,CIT,38,6,50,3752.0,187600.0
2016-03-21,201603213119790,CIT,55,6,80,3755.0,300400.0
2016-03-21,201603213119873,CNDBL,17,36,20,219.0,4380.0
2016-03-21,201603213119864,CNDBL,17,36,20,219.0,4380.0
2016-03-21,201603213119608,CNDBL,36,40,30,218.0,6540.0
2016-03-21,201603213119604,CNDBL,36,40,30,218.0,6540.0
2016-03-21,201603213119600,CNDBL,36,40,30,218.0,6540.0
2016-03-21,201603213119558,CSDBL,1,29,100,399.0,39900.0
2016-03-21,201603213120006,CZBIL,32,17,100,701.0,70100.0
2016-03-21,201603213120000,CZBIL,32,17,40,701.0,28040.0
2016-03-21,201603213119999,CZBIL,32,26,60,701.0,42060.0
2016-03-21,201603213119990,CZBIL,14,25,248,700.0,173600.0
2016-03-21,201603213119961,CZBIL,32,4,1000,700.0,700000.0
2016-03-21,201603213119960,CZBIL,32,4,1000,700.0,700000.0
2016-03-21,201603213119689,CZBIL,6,1,100,700.0,70000.0
2016-03-21,201603213119688,CZBIL,6,17,1000,700.0,700000.0
2016-03-21,201603213119525,CZBIL,44,1,50,700.0,35000.0
2016-03-21,201603213119524,CZBIL,44,26,500,700.0,350000.0
2016-03-21,201603213119523,CZBIL,44,16,1000,700.0,700000.0
2016-03-21,201603213119521,CZBIL,44,36,201,699.0,140499.0
2016-03-21,201603213119904,CZBIL,53,17,500,700.0,350000.0
2016-03-21,201603213119802,CZBIL,6,56,61,700.0,42700.0
2016-03-21,201603213119801,CZBIL,6,57,240,700.0,168000.0
2016-03-21,201603213119772,CZBIL,56,11,100,699.0,69900.0
2016-03-21,201603213119750,CZBIL,6,56,48,700.0,33600.0
2016-03-21,201603213119690,CZBIL,6,16,1000,700.0,700000.0
2016-03-21,201603213120005,DBBL,8,32,100,239.0,23900.0
2016-03-21,201603213119818,DBBL,18,32,22,235.0,5170.0
2016-03-21,201603213119886,DDBL,10,1,11,2550.0,28050.0
2016-03-21,201603213119866,DDBL,10,19,50,2550.0,127500.0
2016-03-21,201603213119832,DDBL,10,55,20,2550.0,51000.0
2016-03-21,201603213119725,DDBL,10,19,100,2550.0,255000.0
2016-03-21,201603213119834,EBL,19,20,500,2485.0,1242500.0
2016-03-21,201603213119827,EBL,6,20,500,2485.0,1242500.0
2016-03-21,201603213119826,EBL,32,20,10,2485.0,24850.0
2016-03-21,201603213119825,EBL,6,20,100,2486.0,248600.0
2016-03-21,201603213119824,EBL,35,20,210,2487.0,522270.0
2016-03-21,201603213119803,EBL,35,5,290,2487.0,721230.0
2016-03-21,201603213119577,EBL,6,41,400,2486.0,994400.0
2016-03-21,201603213119566,EBL,36,41,500,2490.0,1245000.0
2016-03-21,201603213119838,EDBL,39,56,100,698.0,69800.0
2016-03-21,201603213119987,FBBL,47,58,200,510.0,102000.0
2016-03-21,201603213119978,FBBL,1,58,10,511.0,5110.0
2016-03-21,201603213119973,FBBL,1,14,40,511.0,20440.0
2016-03-21,201603213119948,FBBL,47,58,1250,510.0,637500.0
2016-03-21,201603213119923,FBBL,17,58,200,510.0,102000.0
2016-03-21,201603213119870,FBBL,42,58,200,510.0,102000.0
2016-03-21,201603213119550,FBBL,46,5,265,500.0,132500.0
2016-03-21,201603213119542,FBBL,47,5,102,499.0,50898.0
2016-03-21,201603213119528,FBBL,47,13,500,492.0,246000.0
2016-03-21,201603213119527,FBBL,56,43,200,490.0,98000.0
2016-03-21,201603213119522,FBBL,41,25,162,490.0,79380.0
2016-03-21,201603213119520,FBBL,46,56,60,490.0,29400.0
2016-03-21,201603213119598,FBBL,47,21,55,510.0,28050.0
2016-03-21,201603213119597,FBBL,46,42,900,505.0,454500.0
2016-03-21,201603213119592,FBBL,46,42,100,505.0,50500.0
2016-03-21,201603213119587,FBBL,47,49,28,510.0,14280.0
2016-03-21,201603213119582,FBBL,47,54,202,500.0,101000.0
2016-03-21,201603213119579,FBBL,34,25,250,505.0,126250.0
2016-03-21,201603213119628,FBBL,47,5,500,511.0,255500.0
2016-03-21,201603213119618,FBBL,47,14,200,511.0,102200.0
2016-03-21,201603213119615,FBBL,47,14,23,511.0,11753.0
2016-03-21,201603213119614,FBBL,47,29,100,510.0,51000.0
2016-03-21,201603213119607,FBBL,47,5,56,510.0,28560.0
2016-03-21,201603213119606,FBBL,47,20,500,510.0,255000.0
2016-03-21,201603213119721,FBBL,47,13,500,511.0,255500.0
2016-03-21,201603213119707,FBBL,47,5,529,511.0,270319.0
2016-03-21,201603213119696,FBBL,17,14,15,511.0,7665.0
2016-03-21,201603213119679,FBBL,17,17,235,511.0,120085.0
2016-03-21,201603213119655,FBBL,17,56,30,511.0,15330.0
2016-03-21,201603213119644,FBBL,47,13,500,510.0,255000.0
2016-03-21,201603213119863,FBBL,39,21,200,510.0,102000.0
2016-03-21,201603213119849,FBBL,39,45,28,506.0,14168.0
2016-03-21,201603213119813,FBBL,32,22,50,510.0,25500.0
2016-03-21,201603213119812,FBBL,46,22,100,510.0,51000.0
2016-03-21,201603213119744,FBBL,47,32,50,511.0,25550.0
2016-03-21,201603213119742,FBBL,47,39,800,510.0,408000.0
2016-03-21,201603213119992,FMDBL,40,36,200,1259.0,251800.0
2016-03-21,201603213119983,FMDBL,40,13,296,1258.0,372368.0
2016-03-21,201603213119941,FMDBL,40,53,40,1246.0,49840.0
2016-03-21,201603213119924,FMDBL,44,53,150,1246.0,186900.0
2016-03-21,201603213119922,FMDBL,44,43,50,1246.0,62300.0
2016-03-21,201603213119885,FMDBL,44,26,100,1246.0,124600.0
2016-03-21,201603213119616,FMDBL,44,19,100,1250.0,125000.0
2016-03-21,201603213119593,FMDBL,44,29,31,1248.0,38688.0
2016-03-21,201603213119799,GBBL,43,57,67,368.0,24656.0
2016-03-21,201603213119798,GBBL,43,38,200,368.0,73600.0
2016-03-21,201603213119784,GBBL,43,6,27,367.0,9909.0
2016-03-21,201603213119767,GBBL,58,25,550,366.0,201300.0
2016-03-21,201603213119765,GBBL,40,43,20,365.0,7300.0
2016-03-21,201603213119755,GBBL,40,8,100,364.0,36400.0
2016-03-21,201603213119754,GBBL,40,25,500,364.0,182000.0
2016-03-21,201603213119745,GBBL,40,17,532,364.0,193648.0
2016-03-21,201603213119734,GBBL,40,22,203,362.0,73486.0
2016-03-21,201603213119733,GBBL,40,35,1000,362.0,362000.0
2016-03-21,201603213119626,GBBL,49,29,200,360.0,72000.0
2016-03-21,201603213119586,GBBL,17,32,127,360.0,45720.0
2016-03-21,201603213119945,GBIME,32,14,47,474.0,22278.0
2016-03-21,201603213119940,GBIME,49,19,44,473.0,20812.0
2016-03-21,201603213119914,GBIME,45,14,47,474.0,22278.0
2016-03-21,201603213119876,GBIME,45,19,44,473.0,20812.0
2016-03-21,201603213119780,GBIME,43,19,44,473.0,20812.0
2016-03-21,201603213119778,GBIME,49,19,44,473.0,20812.0
2016-03-21,201603213119774,GBIME,45,19,44,473.0,20812.0
2016-03-21,201603213119753,GBIME,45,45,340,473.0,160820.0
2016-03-21,201603213119738,GBIME,43,42,426,474.0,201924.0
2016-03-21,201603213119726,GBIME,43,14,237,474.0,112338.0
2016-03-21,201603213119515,GBIME,45,17,500,474.0,237000.0
2016-03-21,201603213119596,GDBL,47,7,170,350.0,59500.0
2016-03-21,201603213119595,GDBL,45,7,200,350.0,70000.0
2016-03-21,201603213119594,GDBL,41,7,130,350.0,45500.0
2016-03-21,201603213119844,GLICL,28,28,300,750.0,225000.0
2016-03-21,201603213119805,GLICL,28,45,16,750.0,12000.0
2016-03-21,201603213119804,GLICL,28,45,100,750.0,75000.0
2016-03-21,201603213119800,GLICL,28,6,30,748.0,22440.0
2016-03-21,201603213119748,GLICL,49,44,100,735.0,73500.0
2016-03-21,201603213119747,GLICL,7,44,100,736.0,73600.0
2016-03-21,201603213119541,GLICL,49,37,500,735.0,367500.0
2016-03-21,201603213119968,GMFIL,43,43,10,258.0,2580.0
2016-03-21,201603213119986,HBL,42,16,35,1125.0,39375.0
2016-03-21,201603213119952,HBL,42,16,100,1125.0,112500.0
2016-03-21,201603213119951,HBL,10,16,300,1125.0,337500.0
2016-03-21,201603213119950,HBL,58,16,250,1127.0,281750.0
2016-03-21,201603213119949,HBL,29,16,50,1130.0,56500.0
2016-03-21,201603213120010,HGI,17,6,200,970.0,194000.0
2016-03-21,201603213120009,HGI,56,6,200,971.0,194200.0
2016-03-21,201603213120008,HGI,5,6,50,971.0,48550.0
2016-03-21,201603213119988,HGI,5,53,50,971.0,48550.0
2016-03-21,201603213119963,HGI,25,25,200,971.0,194200.0
2016-03-21,201603213119909,HGI,5,32,100,971.0,97100.0
2016-03-21,201603213119848,HGI,56,26,400,974.0,389600.0
2016-03-21,201603213119758,HGI,33,33,180,972.0,174960.0
2016-03-21,201603213119719,HGI,6,6,500,970.0,485000.0
2016-03-21,201603213119686,HGI,25,33,200,970.0,194000.0
2016-03-21,201603213119685,HGI,25,33,300,970.0,291000.0
2016-03-21,201603213119656,HGI,25,33,100,975.0,97500.0
2016-03-21,201603213119993,ICFC,45,45,400,280.0,112000.0
2016-03-21,201603213119905,ICFC,45,37,400,280.0,112000.0
2016-03-21,201603213119795,ICFC,45,22,200,280.0,56000.0
2016-03-21,201603213119545,ILFCM,40,42,200,1239.0,247800.0
2016-03-21,201603213119929,KCDBL,18,26,10,302.0,3020.0
2016-03-21,201603213119883,KCDBL,18,26,10,302.0,3020.0
2016-03-21,201603213120007,KDBL,53,48,21,255.0,5355.0
2016-03-21,201603213119872,KEBL,32,7,100,555.0,55500.0
2016-03-21,201603213119982,KMCDB,33,37,41,1760.0,72160.0
2016-03-21,201603213119928,KMCDB,22,22,10,1752.0,17520.0
2016-03-21,201603213119918,KMCDB,33,48,150,1770.0,265500.0
2016-03-21,201603213119917,KMCDB,33,16,100,1770.0,177000.0
2016-03-21,201603213119906,KMCDB,33,1,75,1769.0,132675.0
2016-03-21,201603213119797,KMCDB,45,37,100,1768.0,176800.0
2016-03-21,201603213119796,KMCDB,45,37,300,1768.0,530400.0
2016-03-21,201603213119735,KMCDB,22,11,30,1752.0,52560.0
2016-03-21,201603213119888,LBL,5,7,189,633.0,119637.0
2016-03-21,201603213119749,LBL,11,48,50,630.0,31500.0
2016-03-21,201603213119903,LGIL,21,58,300,800.0,240000.0
2016-03-21,201603213119902,LGIL,17,58,200,800.0,160000.0
2016-03-21,201603213119901,LGIL,14,58,140,801.0,112140.0
2016-03-21,201603213119900,LGIL,14,58,500,801.0,400500.0
2016-03-21,201603213119561,LICN,49,45,70,3840.0,268800.0
2016-03-21,201603213119546,LVF1,47,39,2500,10.73,26825.0
2016-03-21,201603213119702,MBBL,45,22,200,256.0,51200.0
2016-03-21,201603213119773,MDB,39,38,150,616.0,92400.0
2016-03-21,201603213119771,MDB,16,38,200,617.0,123400.0
2016-03-21,201603213119730,MDB,45,38,350,620.0,217000.0
2016-03-21,201603213119729,MDB,32,38,600,621.0,372600.0
2016-03-21,201603213119728,MDB,32,38,50,621.0,31050.0
2016-03-21,201603213119727,MDB,26,38,400,622.0,248800.0
2016-03-21,201603213119680,MDB,33,38,70,625.0,43750.0
2016-03-21,201603213119613,MDB,33,38,80,625.0,50000.0
2016-03-21,201603213119603,MDB,33,38,70,625.0,43750.0
2016-03-21,201603213119590,MDB,33,38,40,625.0,25000.0
2016-03-21,201603213119781,MFIL,6,21,100,250.0,25000.0
2016-03-21,201603213119989,MNBBL,32,51,200,880.0,176000.0
2016-03-21,201603213119955,MNBBL,7,19,23,871.0,20033.0
2016-03-21,201603213119943,MNBBL,32,19,23,871.0,20033.0
2016-03-21,201603213119916,MNBBL,7,19,23,871.0,20033.0
2016-03-21,201603213119880,MNBBL,7,16,30,871.0,26130.0
2016-03-21,201603213119810,MNBBL,32,19,23,871.0,20033.0
2016-03-21,201603213119737,MNBBL,56,26,500,877.0,438500.0
2016-03-21,201603213119619,MNBBL,7,47,93,871.0,81003.0
2016-03-21,201603213119575,MNBBL,41,47,220,875.0,192500.0
2016-03-21,201603213119944,NABIL,43,26,144,1919.0,276336.0
2016-03-21,201603213119580,NABILP,1,40,50,1483.0,74150.0
2016-03-21,201603213119565,NABILP,16,44,500,1489.0,744500.0
2016-03-21,201603213119564,NABILP,16,8,530,1488.0,788640.0
2016-03-21,201603213119841,NBB,5,26,1000,540.0,540000.0
2016-03-21,201603213119700,NBB,10,45,400,539.0,215600.0
2016-03-21,201603213119585,NBB,10,45,50,539.0,26950.0
2016-03-21,201603213119549,NBB,43,45,350,539.0,188650.0
2016-03-21,201603213119548,NBB,8,45,100,540.0,54000.0
2016-03-21,201603213119985,NBBL,10,32,24,3345.0,80280.0
2016-03-21,201603213119953,NBBL,10,19,13,3344.0,43472.0
2016-03-21,201603213119865,NBF1,52,45,1498,15.9,23818.2
2016-03-21,201603213119843,NBF1,11,45,1498,15.9,23818.2
2016-03-21,201603213119578,NBF1,21,19,2997,16.0,47952.0
2016-03-21,201603213119998,NBL,58,58,3500,400.0,1400000.0
2016-03-21,201603213119997,NBL,58,35,500,399.0,199500.0
2016-03-21,201603213119967,NBL,25,10,1000,398.0,398000.0
2016-03-21,201603213119966,NBL,33,10,2000,398.0,796000.0
2016-03-21,201603213119965,NBL,28,10,1000,398.0,398000.0
2016-03-21,201603213119930,NBL,58,35,2000,399.0,798000.0
2016-03-21,201603213119530,NBL,57,7,45,399.0,17955.0
2016-03-21,201603213119518,NBL,39,44,100,400.0,40000.0
2016-03-21,201603213119661,NBL,17,44,350,400.0,140000.0
2016-03-21,201603213119660,NBL,17,44,150,400.0,60000.0
2016-03-21,201603213119659,NBL,17,51,500,399.0,199500.0
2016-03-21,201603213119620,NBL,25,44,1000,400.0,400000.0
2016-03-21,201603213119591,NBL,17,44,500,400.0,200000.0
2016-03-21,201603213119583,NBL,17,11,147,400.0,58800.0
2016-03-21,201603213119746,NBL,17,10,1000,400.0,400000.0
2016-03-21,201603213119706,NBL,29,7,400,401.0,160400.0
2016-03-21,201603213119681,NBL,17,44,1000,400.0,400000.0
2016-03-21,201603213119677,NBL,28,44,1000,400.0,400000.0
2016-03-21,201603213119673,NBL,28,22,650,400.0,260000.0
2016-03-21,201603213119672,NBL,28,44,1650,400.0,660000.0
2016-03-21,201603213119920,NBL,25,35,1000,399.0,399000.0
2016-03-21,201603213119919,NBL,56,35,500,399.0,199500.0
2016-03-21,201603213119856,NBL,44,58,1300,400.0,520000.0
2016-03-21,201603213119855,NBL,44,29,700,400.0,280000.0
2016-03-21,201603213119822,NBL,44,44,1000,400.0,400000.0
2016-03-21,201603213119783,NBL,53,44,1000,400.0,400000.0
2016-03-21,201603213119976,NHPC,41,43,1000,215.0,215000.0
2016-03-21,201603213119975,NHPC,41,29,2000,215.0,430000.0
2016-03-21,201603213119974,NHPC,41,10,1500,215.0,322500.0
2016-03-21,201603213119964,NHPC,25,25,250,214.0,53500.0
2016-03-21,201603213119932,NHPC,56,36,500,214.0,107000.0
2016-03-21,201603213119910,NHPC,20,57,1000,213.0,213000.0
2016-03-21,201603213119649,NHPC,17,10,1000,215.0,215000.0
2016-03-21,201603213119648,NHPC,20,10,400,215.0,86000.0
2016-03-21,201603213119568,NHPC,38,25,200,214.0,42800.0
2016-03-21,201603213119555,NHPC,43,49,500,214.0,107000.0
2016-03-21,201603213119517,NHPC,32,56,500,215.0,107500.0
2016-03-21,201603213119821,NHPC,29,13,1000,214.0,214000.0
2016-03-21,201603213119820,NHPC,29,55,1000,214.0,214000.0
2016-03-21,201603213119819,NHPC,29,55,1000,214.0,214000.0
2016-03-21,201603213119788,NHPC,41,16,500,213.0,106500.0
2016-03-21,201603213119657,NHPC,39,13,200,214.0,42800.0
2016-03-21,201603213119652,NHPC,39,10,100,215.0,21500.0
2016-03-21,201603213119891,NHPC,20,4,1000,213.0,213000.0
2016-03-21,201603213119862,NHPC,48,44,30,213.0,6390.0
2016-03-21,201603213119861,NHPC,54,44,2000,213.0,426000.0
2016-03-21,201603213119860,NHPC,41,44,500,213.0,106500.0
2016-03-21,201603213119859,NHPC,6,44,400,214.0,85600.0
2016-03-21,201603213119858,NHPC,38,44,70,214.0,14980.0
2016-03-21,201603213119531,NIB,22,53,50,965.0,48250.0
2016-03-21,201603213119959,NICA,55,35,200,750.0,150000.0
2016-03-21,201603213119946,NICA,55,11,50,748.0,37400.0
2016-03-21,201603213119794,NICA,1,47,30,746.0,22380.0
2016-03-21,201603213119775,NICA,6,56,588,748.0,439824.0
2016-03-21,201603213119653,NICA,49,58,450,750.0,337500.0
2016-03-21,201603213119637,NICA,49,58,3050,750.0,2287500.0
2016-03-21,201603213119636,NICA,49,52,450,750.0,337500.0
2016-03-21,201603213119786,NICL,17,21,100,791.0,79100.0
2016-03-21,201603213119897,NIL,22,48,38,1115.0,42370.0
2016-03-21,201603213119768,NIL,42,7,115,1115.0,128225.0
2016-03-21,201603213119640,NIL,42,41,400,1115.0,446000.0
2016-03-21,201603213119639,NIL,37,41,900,1116.0,1004400.0
2016-03-21,201603213119638,NIL,22,41,1000,1118.0,1118000.0
2016-03-21,201603213119612,NIL,19,26,53,1123.0,59519.0
2016-03-21,201603213120012,NLG,38,13,20,1099.0,21980.0
2016-03-21,201603213119979,NLG,26,13,50,1100.0,55000.0
2016-03-21,201603213119776,NLG,45,22,19,1120.0,21280.0
2016-03-21,201603213119991,NLIC,55,14,200,3860.0,772000.0
2016-03-21,201603213119938,NLIC,34,14,500,3860.0,1930000.0
2016-03-21,201603213119937,NLIC,58,14,500,3880.0,1940000.0
2016-03-21,201603213119936,NLIC,20,14,200,3881.0,776200.0
2016-03-21,201603213119935,NLIC,35,14,100,3882.0,388200.0
2016-03-21,201603213119934,NLIC,55,14,100,3883.0,388300.0
2016-03-21,201603213119532,NLIC,58,39,500,3897.0,1948500.0
2016-03-21,201603213119538,NLIC,58,6,10,3900.0,39000.0
2016-03-21,201603213119537,NLIC,58,21,250,3900.0,975000.0
2016-03-21,201603213119536,NLIC,58,7,100,3900.0,390000.0
2016-03-21,201603213119535,NLIC,58,41,50,3900.0,195000.0
2016-03-21,201603213119534,NLIC,58,21,200,3900.0,780000.0
2016-03-21,201603213119533,NLIC,58,49,100,3899.0,389900.0
2016-03-21,201603213119785,NLIC,28,34,30,3900.0,117000.0
2016-03-21,201603213119573,NLIC,13,47,100,3881.0,388100.0
2016-03-21,201603213119572,NLIC,6,47,60,3881.0,232860.0
2016-03-21,201603213119567,NLIC,10,35,100,3882.0,388200.0
2016-03-21,201603213119554,NLIC,20,42,200,3882.0,776400.0
2016-03-21,201603213119539,NLIC,58,11,30,3900.0,117000.0
2016-03-21,201603213119807,NLICL,29,56,50,2780.0,139000.0
2016-03-21,201603213119806,NLICL,54,56,280,2780.0,778400.0
2016-03-21,201603213119752,NLICL,54,28,20,2780.0,55600.0
2016-03-21,201603213119678,NLICL,29,37,26,2794.0,72644.0
2016-03-21,201603213119635,NLICL,48,44,250,2783.0,695750.0
2016-03-21,201603213119634,NLICL,22,44,100,2783.0,278300.0
2016-03-21,201603213119633,NLICL,41,44,500,2785.0,1392500.0
2016-03-21,201603213119632,NLICL,6,44,1000,2786.0,2786000.0
2016-03-21,201603213119631,NLICL,54,44,400,2786.0,1114400.0
2016-03-21,201603213119630,NLICL,21,44,30,2786.0,83580.0
2016-03-21,201603213119629,NLICL,5,44,100,2790.0,279000.0
2016-03-21,201603213119980,NMB,57,48,500,576.0,288000.0
2016-03-21,201603213119939,NMB,53,28,383,575.0,220225.0
2016-03-21,201603213119884,NMB,58,21,200,574.0,114800.0
2016-03-21,201603213119850,NMB,18,14,100,574.0,57400.0
2016-03-21,201603213119823,NMB,18,11,100,574.0,57400.0
2016-03-21,201603213119814,NMB,54,50,578,573.0,331194.0
2016-03-21,201603213119770,NMB,54,52,439,572.0,251108.0
2016-03-21,201603213119556,NMB,18,26,300,574.0,172200.0
2016-03-21,201603213120013,NMBSF1,22,51,2000,12.0,24000.0
2016-03-21,201603213119899,NTC,52,19,100,695.0,69500.0
2016-03-21,201603213119882,NUBL,49,6,128,1810.0,231680.0
2016-03-21,201603213119892,OHL,38,38,10,469.0,4690.0
2016-03-21,201603213119722,PCBL,20,53,133,541.0,71953.0
2016-03-21,201603213119703,PCBL,17,53,100,542.0,54200.0
2016-03-21,201603213119557,PCBL,11,42,50,544.0,27200.0
2016-03-21,201603213119971,PIC,8,7,104,1315.0,136760.0
2016-03-21,201603213119889,PIC,50,7,100,1313.0,131300.0
2016-03-21,201603213119842,PIC,50,7,600,1313.0,787800.0
2016-03-21,201603213119789,PIC,50,40,100,1312.0,131200.0
2016-03-21,201603213119779,PIC,50,40,400,1313.0,525200.0
2016-03-21,201603213119666,PIC,21,1,50,1316.0,65800.0
2016-03-21,201603213119589,PIC,21,58,200,1316.0,263200.0
2016-03-21,201603213119588,PIC,21,11,50,1315.0,65750.0
2016-03-21,201603213119562,PIC,50,55,100,1312.0,131200.0
2016-03-21,201603213119954,PICL,48,6,100,1015.0,101500.0
2016-03-21,201603213119809,PICL,26,6,200,1015.0,203000.0
2016-03-21,201603213119763,PICL,26,45,50,1010.0,50500.0
2016-03-21,201603213119701,PICL,26,45,300,1010.0,303000.0
2016-03-21,201603213119694,PICL,41,45,100,1012.0,101200.0
2016-03-21,201603213119693,PICL,14,45,50,1013.0,50650.0
2016-03-21,201603213119668,PICL,26,6,100,1015.0,101500.0
2016-03-21,201603213119667,PICL,56,6,100,1016.0,101600.0
2016-03-21,201603213120004,PLIC,43,33,100,1750.0,175000.0
2016-03-21,201603213120003,PLIC,17,33,200,1750.0,350000.0
2016-03-21,201603213120002,PLIC,57,33,200,1750.0,350000.0
2016-03-21,201603213120001,PLIC,17,33,100,1751.0,175100.0
2016-03-21,201603213119895,PLIC,17,36,200,1751.0,350200.0
2016-03-21,201603213119854,PLIC,38,22,200,1752.0,350400.0
2016-03-21,201603213119831,PLIC,38,51,400,1752.0,700800.0
2016-03-21,201603213119830,PLIC,32,51,70,1753.0,122710.0
2016-03-21,201603213119829,PLIC,21,51,30,1755.0,52650.0
2016-03-21,201603213119833,PRDBL,8,35,160,227.0,36320.0
2016-03-21,201603213119717,PRIN,36,45,1000,835.0,835000.0
2016-03-21,201603213119716,PRIN,21,45,500,836.0,418000.0
2016-03-21,201603213119715,PRIN,20,45,250,836.0,209000.0
2016-03-21,201603213119714,PRIN,1,45,220,840.0,184800.0
2016-03-21,201603213119868,PURBL,14,32,114,387.0,44118.0
2016-03-21,201603213119857,PURBL,14,32,114,387.0,44118.0
2016-03-21,201603213119574,PURBL,41,32,293,386.0,113098.0
2016-03-21,201603213119996,REDBL,37,13,724,399.0,288876.0
2016-03-21,201603213119769,REDBL,58,13,2000,396.0,792000.0
2016-03-21,201603213119560,RHPC,52,50,988,462.0,456456.0
2016-03-21,201603213119942,RLFL,18,25,50,264.0,13200.0
2016-03-21,201603213119570,RMDC,55,14,200,982.0,196400.0
2016-03-21,201603213119692,SAFL,42,25,1000,289.0,289000.0
2016-03-21,201603213119970,SANIMA,41,20,500,780.0,390000.0
2016-03-21,201603213119927,SANIMA,41,41,23,780.0,17940.0
2016-03-21,201603213119908,SANIMA,41,51,450,780.0,351000.0
2016-03-21,201603213119907,SANIMA,32,51,50,780.0,39000.0
2016-03-21,201603213119887,SANIMA,41,25,500,780.0,390000.0
2016-03-21,201603213119732,SANIMA,13,4,1000,777.0,777000.0
2016-03-21,201603213119646,SANIMA,39,57,500,777.0,388500.0
2016-03-21,201603213119627,SANIMA,43,56,500,782.0,391000.0
2016-03-21,201603213119599,SANIMA,34,20,1000,780.0,780000.0
2016-03-21,201603213119969,SBI,13,37,10,1412.0,14120.0
2016-03-21,201603213119933,SBI,29,37,50,1416.0,70800.0
2016-03-21,201603213119925,SBI,8,43,200,1416.0,283200.0
2016-03-21,201603213119547,SBI,36,43,100,1415.0,141500.0
2016-03-21,201603213119926,SCB,13,32,40,2900.0,116000.0
2016-03-21,201603213119911,SCB,57,32,60,2900.0,174000.0
2016-03-21,201603213119881,SCB,38,13,100,2910.0,291000.0
2016-03-21,201603213119869,SCB,38,19,251,2910.0,730410.0
2016-03-21,201603213119751,SCB,57,1,110,2900.0,319000.0
2016-03-21,201603213119705,SCB,57,55,300,2900.0,870000.0
2016-03-21,201603213119691,SCB,57,28,30,2900.0,87000.0
2016-03-21,201603213119683,SCB,11,25,155,2905.0,450275.0
2016-03-21,201603213119682,SCB,11,39,50,2900.0,145000.0
2016-03-21,201603213119675,SEOS,43,25,14744,11.0,162184.0
2016-03-21,201603213119669,SEWA,28,32,15,325.0,4875.0
2016-03-21,201603213119643,SEWA,28,51,137,325.0,44525.0
2016-03-21,201603213119625,SEWA,28,48,129,325.0,41925.0
2016-03-21,201603213119624,SEWA,28,21,220,324.0,71280.0
2016-03-21,201603213119623,SEWA,28,26,100,323.0,32300.0
2016-03-21,201603213119867,SHL,19,57,500,330.0,165000.0
2016-03-21,201603213119777,SHPC,39,10,407,855.0,347985.0
2016-03-21,201603213119621,SHPC,21,29,10,854.0,8540.0
2016-03-21,201603213119836,SICL,21,6,17,1775.0,30175.0
2016-03-21,201603213119835,SICL,21,17,10,1774.0,17740.0
2016-03-21,201603213119871,SIGS1,17,45,1500,18.8,28200.0
2016-03-21,201603213119847,SIGS1,17,45,1500,18.8,28200.0
2016-03-21,201603213119658,SIGS1,8,38,10000,19.0,190000.0
2016-03-21,201603213119559,SIGS1,47,38,4800,18.9,90720.0
2016-03-21,201603213119984,SIL,51,38,100,1595.0,159500.0
2016-03-21,201603213119977,SIL,49,48,357,1595.0,569415.0
2016-03-21,201603213119898,SIL,49,42,100,1600.0,160000.0
2016-03-21,201603213119877,SIL,1,38,80,1599.0,127920.0
2016-03-21,201603213119828,SIL,49,54,750,1595.0,1196250.0
2016-03-21,201603213119811,SIL,40,39,20,1590.0,31800.0
2016-03-21,201603213119584,SIL,19,38,30,1608.0,48240.0
2016-03-21,201603213119529,SIL,16,38,200,1608.0,321600.0
2016-03-21,201603213119709,SIL,19,54,20,1600.0,32000.0
2016-03-21,201603213119708,SIL,49,28,169,1600.0,270400.0
2016-03-21,201603213119704,SIL,49,11,50,1600.0,80000.0
2016-03-21,201603213119611,SIL,38,38,200,1596.0,319200.0
2016-03-21,201603213119610,SIL,35,38,200,1600.0,320000.0
2016-03-21,201603213119609,SIL,49,38,100,1601.0,160100.0
2016-03-21,201603213119741,SIL,49,54,500,1595.0,797500.0
2016-03-21,201603213119724,SIL,45,54,100,1595.0,159500.0
2016-03-21,201603213119720,SIL,16,54,150,1595.0,239250.0
2016-03-21,201603213119712,SIL,49,54,100,1596.0,159600.0
2016-03-21,201603213119711,SIL,6,54,100,1596.0,159600.0
2016-03-21,201603213119710,SIL,35,54,100,1597.0,159700.0
2016-03-21,201603213119605,SKBBL,56,14,12,1850.0,22200.0
2016-03-21,201603213119787,SLICL,49,48,200,908.0,181600.0
2016-03-21,201603213119651,SMFDB,38,45,200,2600.0,520000.0
2016-03-21,201603213119650,SMFDB,38,28,200,2599.0,519800.0
2016-03-21,201603213119519,SRBL,45,51,200,475.0,95000.0
2016-03-21,201603213119972,SWBBL,6,47,30,2290.0,68700.0
2016-03-21,201603213119947,SWBBL,6,57,23,2288.0,52624.0
2016-03-21,201603213119846,SWBBL,16,37,100,2256.0,225600.0
2016-03-21,201603213119699,SWBBL,16,16,110,2260.0,248600.0
2016-03-21,201603213119921,SYFL,49,41,500,134.0,67000.0
2016-03-21,201603213119874,SYFL,33,32,100,133.0,13300.0
2016-03-21,201603213119757,SYFL,7,25,79,132.0,10428.0
2016-03-21,201603213119756,SYFL,7,29,20,132.0,2640.0
2016-03-21,201603213119736,SYFL,42,29,600,132.0,79200.0
2016-03-21,201603213119731,SYFL,7,32,100,131.0,13100.0
2016-03-21,201603213119602,SYFL,7,32,80,130.0,10400.0
2016-03-21,201603213119601,SYFL,7,38,60,130.0,7800.0
2016-03-21,201603213119956,TBBL,58,22,2000,310.0,620000.0
2016-03-21,201603213119875,TBBL,43,22,5000,310.0,1550000.0
2016-03-21,201603213119713,TBBL,7,7,300,309.0,92700.0
2016-03-21,201603213119647,TBBL,58,22,5000,310.0,1550000.0
2016-03-21,201603213119764,UFIL,43,13,50,207.0,10350.0
2016-03-21,201603213119931,UIC,6,14,700,821.0,574700.0
2016-03-21,201603213120011,WDBL,56,36,250,471.0,117750.0
2016-03-21,201603213119994,WDBL,47,36,500,475.0,237500.0
2016-03-21,201603213119958,WDBL,42,44,500,480.0,240000.0
2016-03-21,201603213119957,WDBL,42,32,17,479.0,8143.0
2016-03-21,201603213119913,WDBL,56,40,100,478.0,47800.0
2016-03-21,201603213119912,WDBL,56,44,450,478.0,215100.0
2016-03-21,201603213119695,WDBL,17,51,50,455.0,22750.0
2016-03-21,201603213119687,WDBL,43,51,100,455.0,45500.0
2016-03-21,201603213119808,WDBL,51,55,90,461.0,41490.0
2016-03-21,201603213119766,WDBL,51,32,300,460.0,138000.0
2016-03-21,201603213119743,WDBL,29,6,59,454.0,26786.0
2016-03-21,201603213119740,WDBL,6,51,69,455.0,31395.0
2016-03-21,201603213119739,WDBL,6,51,150,455.0,68250.0
2016-03-21,201603213119723,WDBL,43,51,100,455.0,45500.0
2016-03-21,201603213119894,WDBL,56,44,550,471.0,259050.0
2016-03-21,201603213119893,WDBL,56,43,200,470.0,94000.0
2016-03-21,201603213119853,WDBL,47,10,31,470.0,14570.0
2016-03-21,201603213119852,WDBL,47,25,300,470.0,141000.0
2016-03-21,201603213119851,WDBL,47,44,100,465.0,46500.0
2016-03-21,201603213119837,WDBL,47,5,57,464.0,26448.0
2016-03-21,201603213120014,YETI,13,13,500,212.0,106000.0
2016-03-21,201603213119476,ACEDBL,7,14,180,365.0,65700.0
2016-03-21,201603213119252,ACEDBL,11,14,320,365.0,116800.0
2016-03-21,201603213119208,ACEDBL,28,22,80,362.0,28960.0
2016-03-21,201603213119489,ADBL,14,8,300,654.0,196200.0
2016-03-21,201603213119488,ADBL,50,8,280,654.0,183120.0
2016-03-21,201603213119379,ADBL,14,8,650,655.0,425750.0
2016-03-21,201603213119372,ADBL,50,1,40,654.0,26160.0
2016-03-21,201603213119315,ADBL,50,37,180,654.0,117720.0
2016-03-21,201603213119159,ADBL,17,29,30,650.0,19500.0
2016-03-21,201603213119158,ADBL,38,29,200,651.0,130200.0
2016-03-21,201603213119157,ADBL,38,29,300,651.0,195300.0
2016-03-21,201603213119156,ADBL,56,29,40,651.0,26040.0
2016-03-21,201603213119220,ADBL,48,48,10,653.0,6530.0
2016-03-21,201603213119173,ADBL,14,28,128,652.0,83456.0
2016-03-21,201603213119162,ADBL,38,29,310,650.0,201500.0
2016-03-21,201603213119161,ADBL,58,29,100,650.0,65000.0
2016-03-21,201603213119160,ADBL,58,29,100,650.0,65000.0
2016-03-21,201603213119150,AHPC,6,13,1500,330.0,495000.0
2016-03-21,201603213119149,AHPC,17,13,210,330.0,69300.0
2016-03-21,201603213119046,AHPC,17,36,90,330.0,29700.0
2016-03-21,201603213119045,AHPC,25,36,300,330.0,99000.0
2016-03-21,201603213119044,AHPC,17,36,500,330.0,165000.0
2016-03-21,201603213119043,AHPC,40,36,110,330.0,36300.0
2016-03-21,201603213119477,ALDBL,39,39,20,548.0,10960.0
2016-03-21,201603213119410,ALDBL,56,47,47,538.0,25286.0
2016-03-21,201603213119399,ALDBL,56,47,11,535.0,5885.0
2016-03-21,201603213119398,ALDBL,56,29,10,535.0,5350.0
2016-03-21,201603213119382,ALDBL,56,39,25,534.0,13350.0
2016-03-21,201603213119375,ALDBL,56,26,34,532.0,18088.0
2016-03-21,201603213119018,ALDBL,56,56,200,528.0,105600.0
2016-03-21,201603213119146,ALDBL,56,16,200,532.0,106400.0
2016-03-21,201603213119145,ALDBL,56,16,500,529.0,264500.0
2016-03-21,201603213119141,ALDBL,56,39,271,530.0,143630.0
2016-03-21,201603213119028,ALDBL,56,56,58,528.0,30624.0
2016-03-21,201603213119027,ALDBL,56,56,620,528.0,327360.0
2016-03-21,201603213119020,ALDBL,56,11,50,526.0,26300.0
2016-03-21,201603213119316,ALICL,41,39,92,1455.0,133860.0
2016-03-21,201603213119264,ALICL,41,25,59,1455.0,85845.0
2016-03-21,201603213119263,ALICL,41,16,30,1451.0,43530.0
2016-03-21,201603213119222,ALICL,47,39,340,1450.0,493000.0
2016-03-21,201603213119221,ALICL,44,39,600,1450.0,870000.0
2016-03-21,201603213119138,ALICL,44,5,400,1450.0,580000.0
2016-03-21,201603213119362,API,38,38,16,734.0,11744.0
2016-03-21,201603213119273,API,1,56,74,720.0,53280.0
2016-03-21,201603213119254,API,1,45,26,720.0,18720.0
2016-03-21,201603213119244,API,1,45,26,720.0,18720.0
2016-03-21,201603213119195,API,48,41,10,734.0,7340.0
2016-03-21,201603213119155,API,17,45,26,720.0,18720.0
2016-03-21,201603213119129,API,17,45,26,720.0,18720.0
2016-03-21,201603213119153,API,17,45,26,720.0,18720.0
2016-03-21,201603213119148,API,17,45,26,720.0,18720.0
2016-03-21,201603213119139,API,17,45,26,720.0,18720.0
2016-03-21,201603213119137,API,17,45,26,720.0,18720.0
2016-03-21,201603213119136,API,17,45,26,720.0,18720.0
2016-03-21,201603213119135,API,17,45,26,720.0,18720.0
2016-03-21,201603213119357,ARDBL,43,42,21,248.0,5208.0
2016-03-21,201603213119294,ARDBL,48,7,700,249.0,174300.0
2016-03-21,201603213119281,BARUN,7,50,190,532.0,101080.0
2016-03-21,201603213119186,BARUN,7,41,10,532.0,5320.0
2016-03-21,201603213119185,BARUN,7,41,10,532.0,5320.0
2016-03-21,201603213119184,BARUN,7,41,10,532.0,5320.0
2016-03-21,201603213119183,BARUN,7,41,10,532.0,5320.0
2016-03-21,201603213119182,BARUN,7,42,10,532.0,5320.0
2016-03-21,201603213119201,BFCL,50,52,200,167.0,33400.0
2016-03-21,201603213119200,BFCL,5,52,100,168.0,16800.0
2016-03-21,201603213119199,BFCL,43,52,200,169.0,33800.0
2016-03-21,201603213119218,BHBL,56,44,200,348.0,69600.0
2016-03-21,201603213119258,CBBL,6,6,133,1835.0,244055.0
2016-03-21,201603213119501,CCBL,35,6,322,375.0,120750.0
2016-03-21,201603213119327,CCBL,59,21,306,375.0,114750.0
2016-03-21,201603213119401,CHCL,39,29,100,1329.0,132900.0
2016-03-21,201603213119144,CHCL,39,45,200,1330.0,266000.0
2016-03-21,201603213119024,CHCL,13,21,140,1327.0,185780.0
2016-03-21,201603213119023,CHCL,41,21,60,1327.0,79620.0
2016-03-21,201603213119464,CIT,25,16,170,3765.0,640050.0
2016-03-21,201603213119058,CIT,55,20,75,3752.0,281400.0
2016-03-21,201603213119016,CIT,29,26,30,3761.0,112830.0
2016-03-21,201603213119015,CIT,29,26,20,3762.0,75240.0
2016-03-21,201603213119467,CSDBL,45,29,400,399.0,159600.0
2016-03-21,201603213119425,CSDBL,45,10,100,399.0,39900.0
2016-03-21,201603213119324,CSDBL,26,29,860,399.0,343140.0
2016-03-21,201603213119249,CSDBL,45,28,16,399.0,6384.0
2016-03-21,201603213119235,CSDBL,45,28,16,399.0,6384.0
2016-03-21,201603213119512,CZBIL,49,49,6849,699.0,4787451.0
2016-03-21,201603213119506,CZBIL,56,52,50,700.0,35000.0
2016-03-21,201603213119499,CZBIL,16,16,1000,697.0,697000.0
2016-03-21,201603213119484,CZBIL,56,39,19,700.0,13300.0
2016-03-21,201603213119451,CZBIL,6,22,500,700.0,350000.0
2016-03-21,201603213119450,CZBIL,6,58,14,700.0,9800.0
2016-03-21,201603213119069,CZBIL,6,25,120,698.0,83760.0
2016-03-21,201603213119035,CZBIL,6,17,2000,699.0,1398000.0
2016-03-21,201603213119034,CZBIL,6,45,100,699.0,69900.0
2016-03-21,201603213119033,CZBIL,6,45,650,699.0,454350.0
2016-03-21,201603213119022,CZBIL,6,45,2000,699.0,1398000.0
2016-03-21,201603213119359,CZBIL,13,48,100,698.0,69800.0
2016-03-21,201603213119349,CZBIL,33,19,250,697.0,174250.0
2016-03-21,201603213119340,CZBIL,37,17,20,698.0,13960.0
2016-03-21,201603213119152,CZBIL,13,43,268,696.0,186528.0
2016-03-21,201603213119080,CZBIL,6,17,80,698.0,55840.0
2016-03-21,201603213119431,CZBIL,6,6,200,700.0,140000.0
2016-03-21,201603213119429,CZBIL,6,26,35,700.0,24500.0
2016-03-21,201603213119428,CZBIL,6,47,77,700.0,53900.0
2016-03-21,201603213119418,CZBIL,6,19,500,700.0,350000.0
2016-03-21,201603213119417,CZBIL,6,49,500,700.0,350000.0
2016-03-21,201603213119360,CZBIL,13,17,1000,699.0,699000.0
2016-03-21,201603213119437,CZBIL,6,29,600,700.0,420000.0
2016-03-21,201603213119436,CZBIL,6,41,664,700.0,464800.0
2016-03-21,201603213119435,CZBIL,6,19,100,700.0,70000.0
2016-03-21,201603213119434,CZBIL,6,22,219,700.0,153300.0
2016-03-21,201603213119433,CZBIL,6,43,100,700.0,70000.0
2016-03-21,201603213119432,CZBIL,6,25,100,700.0,70000.0
2016-03-21,201603213119443,CZBIL,6,29,200,700.0,140000.0
2016-03-21,201603213119442,CZBIL,6,29,300,700.0,210000.0
2016-03-21,201603213119441,CZBIL,6,39,500,700.0,350000.0
2016-03-21,201603213119440,CZBIL,6,43,20,700.0,14000.0
2016-03-21,201603213119439,CZBIL,6,14,200,700.0,140000.0
2016-03-21,201603213119438,CZBIL,6,6,180,700.0,126000.0
2016-03-21,201603213119449,CZBIL,6,17,500,700.0,350000.0
2016-03-21,201603213119448,CZBIL,6,57,100,700.0,70000.0
2016-03-21,201603213119447,CZBIL,6,46,210,700.0,147000.0
2016-03-21,201603213119446,CZBIL,6,55,267,700.0,186900.0
2016-03-21,201603213119445,CZBIL,6,29,300,700.0,210000.0
2016-03-21,201603213119444,CZBIL,6,52,712,700.0,498400.0
2016-03-21,201603213119241,DBBL,7,32,200,239.0,47800.0
2016-03-21,201603213119094,DDBL,10,57,150,2550.0,382500.0
2016-03-21,201603213119503,EBL,50,16,20,2490.0,49800.0
2016-03-21,201603213119289,EBL,32,25,30,2485.0,74550.0
2016-03-21,201603213119288,EBL,32,25,20,2485.0,49700.0
2016-03-21,201603213119323,EBLCP,50,8,100,1399.0,139900.0
2016-03-21,201603213119267,EIC,57,5,133,1325.0,176225.0
2016-03-21,201603213119510,FBBL,46,5,500,485.0,242500.0
2016-03-21,201603213119500,FBBL,46,49,500,484.0,242000.0
2016-03-21,201603213119482,FBBL,46,49,500,484.0,242000.0
2016-03-21,201603213119478,FBBL,33,33,565,483.0,272895.0
2016-03-21,201603213119475,FBBL,33,5,397,483.0,191751.0
2016-03-21,201603213119455,FBBL,45,58,400,482.0,192800.0
2016-03-21,201603213119169,FBBL,56,42,222,480.0,106560.0
2016-03-21,201603213119167,FBBL,56,38,317,476.0,150892.0
2016-03-21,201603213119154,FBBL,56,45,179,475.0,85025.0
2016-03-21,201603213119341,FBBL,56,32,88,480.0,42240.0
2016-03-21,201603213119312,FBBL,57,32,88,480.0,42240.0
2016-03-21,201603213119290,FBBL,57,50,302,480.0,144960.0
2016-03-21,201603213119283,FBBL,14,47,50,480.0,24000.0
2016-03-21,201603213119228,FBBL,14,32,88,480.0,42240.0
2016-03-21,201603213119204,FBBL,14,32,88,480.0,42240.0
2016-03-21,201603213119426,FBBL,56,21,100,482.0,48200.0
2016-03-21,201603213119413,FBBL,56,21,200,482.0,96400.0
2016-03-21,201603213119406,FBBL,1,21,400,482.0,192800.0
2016-03-21,201603213119378,FBBL,1,5,45,483.0,21735.0
2016-03-21,201603213119347,FBBL,56,39,49,480.0,23520.0
2016-03-21,201603213119345,FBBL,58,58,500,482.0,241000.0
2016-03-21,201603213119133,FMDBL,17,14,88,1250.0,110000.0
2016-03-21,201603213119053,FMDBL,36,44,300,1255.0,376500.0
2016-03-21,201603213119481,GBBL,17,21,500,360.0,180000.0
2016-03-21,201603213119248,GBBL,4,36,400,360.0,144000.0
2016-03-21,201603213119247,GBBL,4,50,500,360.0,180000.0
2016-03-21,201603213119119,GBBL,43,14,450,357.0,160650.0
2016-03-21,201603213119070,GBBL,41,36,10,360.0,3600.0
2016-03-21,201603213119336,GBIME,49,17,2289,474.0,1084986.0
2016-03-21,201603213119326,GBIME,28,28,41,473.0,19393.0
2016-03-21,201603213119309,GBIME,49,17,990,474.0,469260.0
2016-03-21,201603213119308,GBIME,43,58,105,475.0,49875.0
2016-03-21,201603213119257,GBIME,49,17,3630,474.0,1720620.0
2016-03-21,201603213119256,GBIME,49,14,380,473.0,179740.0
2016-03-21,201603213119051,GBIME,28,28,41,474.0,19434.0
2016-03-21,201603213119019,GBIME,43,17,134,474.0,63516.0
2016-03-21,201603213119243,GBIME,28,28,41,473.0,19393.0
2016-03-21,201603213119202,GBIME,28,28,41,474.0,19434.0
2016-03-21,201603213119163,GBIME,28,28,41,474.0,19434.0
2016-03-21,201603213119143,GBIME,43,6,132,473.0,62436.0
2016-03-21,201603213119089,GBIME,28,28,52,474.0,24648.0
2016-03-21,201603213119068,GBIME,43,37,60,473.0,28380.0
2016-03-21,201603213119491,GLICL,49,57,440,730.0,321200.0
2016-03-21,201603213119490,GLICL,34,57,500,731.0,365500.0
2016-03-21,201603213119483,GLICL,21,57,60,733.0,43980.0
2016-03-21,201603213119463,GLICL,32,10,166,732.0,121512.0
2016-03-21,201603213119342,GMFIL,43,43,10,253.0,2530.0
2016-03-21,201603213119313,GMFIL,43,21,500,250.0,125000.0
2016-03-21,201603213119102,GMFIL,52,16,303,250.0,75750.0
2016-03-21,201603213119366,HGI,25,6,500,970.0,485000.0
2016-03-21,201603213119365,HGI,21,6,200,975.0,195000.0
2016-03-21,201603213119364,HGI,56,6,10,975.0,9750.0
2016-03-21,201603213119320,HGI,56,32,200,979.0,195800.0
2016-03-21,201603213119285,HGI,45,25,45,980.0,44100.0
2016-03-21,201603213119099,HGI,56,38,800,979.0,783200.0
2016-03-21,201603213119098,HGI,56,1,100,978.0,97800.0
2016-03-21,201603213119052,HGI,25,38,200,979.0,195800.0
2016-03-21,201603213119470,ICFC,19,32,191,283.0,54053.0
2016-03-21,201603213119367,ILFCM,40,57,10,1239.0,12390.0
2016-03-21,201603213119351,ILFCM,40,35,20,1239.0,24780.0
2016-03-21,201603213119245,JFL,19,28,98,330.0,32340.0
2016-03-21,201603213119238,JFL,19,28,40,330.0,13200.0
2016-03-21,201603213119237,JFL,17,28,150,330.0,49500.0
2016-03-21,201603213119236,JFL,26,28,10,331.0,3310.0
2016-03-21,201603213119310,KCDBL,18,41,17,306.0,5202.0
2016-03-21,201603213119306,KCDBL,18,41,17,306.0,5202.0
2016-03-21,201603213119302,KCDBL,18,41,17,306.0,5202.0
2016-03-21,201603213119299,KCDBL,18,41,17,306.0,5202.0
2016-03-21,201603213119287,KCDBL,18,41,17,306.0,5202.0
2016-03-21,201603213119123,KCDBL,16,48,522,301.0,157122.0
2016-03-21,201603213119107,KCDBL,18,7,190,304.0,57760.0
2016-03-21,201603213119082,KCDBL,18,22,100,304.0,30400.0
2016-03-21,201603213119380,KDBL,53,45,21,253.0,5313.0
2016-03-21,201603213119030,KDBL,29,51,240,254.0,60960.0
2016-03-21,201603213119487,KMCDB,48,5,77,1750.0,134750.0
2016-03-21,201603213119307,KMCDB,48,48,400,1750.0,700000.0
2016-03-21,201603213119486,LBL,29,47,250,632.0,158000.0
2016-03-21,201603213119371,LBL,11,39,15,630.0,9450.0
2016-03-21,201603213119363,LBL,16,39,100,631.0,63100.0
2016-03-21,201603213119325,LBL,22,17,100,632.0,63200.0
2016-03-21,201603213119286,LBL,42,39,155,632.0,97960.0
2016-03-21,201603213119207,LBL,29,39,40,632.0,25280.0
2016-03-21,201603213119174,LBL,29,32,60,632.0,37920.0
2016-03-21,201603213119126,LBL,26,57,248,630.0,156240.0
2016-03-21,201603213119121,LBL,29,38,100,632.0,63200.0
2016-03-21,201603213119110,LBL,29,29,115,632.0,72680.0
2016-03-21,201603213119076,LBL,55,37,100,631.0,63100.0
2016-03-21,201603213119029,LGIL,10,10,300,810.0,243000.0
2016-03-21,201603213119507,LICN,57,45,100,3830.0,383000.0
2016-03-21,201603213119319,LICN,5,25,100,3844.0,384400.0
2016-03-21,201603213119087,LLBS,57,6,60,2400.0,144000.0
2016-03-21,201603213119086,LLBS,57,13,10,2400.0,24000.0
2016-03-21,201603213119085,LLBS,57,49,10,2400.0,24000.0
2016-03-21,201603213119084,LLBS,57,19,100,2400.0,240000.0
2016-03-21,201603213119083,LLBS,57,29,200,2398.0,479600.0
2016-03-21,201603213119060,LLBS,45,16,10,2370.0,23700.0
2016-03-21,201603213119050,LLBS,45,16,10,2370.0,23700.0
2016-03-21,201603213119032,LLBS,37,40,100,2371.0,237100.0
2016-03-21,201603213119361,MBBL,48,26,143,259.0,37037.0
2016-03-21,201603213119353,MBBL,48,26,42,256.0,10752.0
2016-03-21,201603213119311,MBBL,46,16,100,251.0,25100.0
2016-03-21,201603213119101,MBBL,6,26,500,251.0,125500.0
2016-03-21,201603213119352,MDB,53,11,100,625.0,62500.0
2016-03-21,201603213119318,MDB,53,32,259,625.0,161875.0
2016-03-21,201603213119166,NABIL,1,42,140,1910.0,267400.0
2016-03-21,201603213119165,NABIL,22,42,50,1910.0,95500.0
2016-03-21,201603213119164,NABIL,18,42,10,1911.0,19110.0
2016-03-21,201603213119055,NABIL,22,19,86,1910.0,164260.0
2016-03-21,201603213119293,NABILP,16,8,250,1490.0,372500.0
2016-03-21,201603213119280,NABILP,16,8,500,1489.0,744500.0
2016-03-21,201603213119279,NABILP,16,8,200,1488.0,297600.0
2016-03-21,201603213119278,NABILP,16,44,50,1487.0,74350.0
2016-03-21,201603213119277,NABILP,45,44,250,1487.0,371750.0
2016-03-21,201603213119268,NABILP,16,19,26,1485.0,38610.0
2016-03-21,201603213119480,NBB,10,45,92,540.0,49680.0
2016-03-21,201603213119471,NBB,43,45,650,539.0,350350.0
2016-03-21,201603213119454,NBB,19,45,150,540.0,81000.0
2016-03-21,201603213119453,NBB,36,45,200,540.0,108000.0
2016-03-21,201603213119452,NBB,19,45,200,540.0,108000.0
2016-03-21,201603213119074,NBB,32,53,100,542.0,54200.0
2016-03-21,201603213119269,NBB,19,29,100,540.0,54000.0
2016-03-21,201603213119197,NBB,19,45,16,540.0,8640.0
2016-03-21,201603213119196,NBB,19,45,110,540.0,59400.0
2016-03-21,201603213119194,NBB,19,45,300,540.0,162000.0
2016-03-21,201603213119416,NBF1,21,32,300,16.0,4800.0
2016-03-21,201603213119511,NBL,39,44,100,400.0,40000.0
2016-03-21,201603213119509,NBL,39,44,100,400.0,40000.0
2016-03-21,201603213119508,NBL,39,44,50,400.0,20000.0
2016-03-21,201603213119493,NBL,39,25,50,400.0,20000.0
2016-03-21,201603213119334,NBL,53,35,1000,401.0,401000.0
2016-03-21,201603213119266,NBL,29,48,200,400.0,80000.0
2016-03-21,201603213119071,NBL,25,44,300,400.0,120000.0
2016-03-21,201603213119065,NBL,33,44,300,401.0,120300.0
2016-03-21,201603213119062,NBL,29,25,506,401.0,202906.0
2016-03-21,201603213119187,NBL,57,10,100,399.0,39900.0
2016-03-21,201603213119122,NBL,49,51,200,400.0,80000.0
2016-03-21,201603213119114,NBL,14,51,500,400.0,200000.0
2016-03-21,201603213119090,NBL,14,44,400,400.0,160000.0
2016-03-21,201603213119073,NBL,29,44,500,400.0,200000.0
2016-03-21,201603213119072,NBL,45,44,500,400.0,200000.0
2016-03-21,201603213119265,NBL,29,51,300,400.0,120000.0
2016-03-21,201603213119214,NBL,59,51,1000,400.0,400000.0
2016-03-21,201603213119188,NBL,57,10,1900,399.0,758100.0
2016-03-21,201603213119505,NHPC,32,56,500,215.0,107500.0
2016-03-21,201603213119504,NHPC,45,56,1000,215.0,215000.0
2016-03-21,201603213119492,NHPC,48,48,2500,215.0,537500.0
2016-03-21,201603213119474,NHPC,50,36,1000,214.0,214000.0
2016-03-21,201603213119462,NHPC,38,42,730,214.0,156220.0
2016-03-21,201603213119461,NHPC,16,42,2000,214.0,428000.0
2016-03-21,201603213119097,NHPC,22,42,500,214.0,107000.0
2016-03-21,201603213119040,NHPC,59,17,1000,215.0,215000.0
2016-03-21,201603213119039,NHPC,59,5,2000,215.0,430000.0
2016-03-21,201603213119038,NHPC,59,44,1000,215.0,215000.0
2016-03-21,201603213119217,NHPC,42,42,500,215.0,107500.0
2016-03-21,201603213119216,NHPC,17,42,900,215.0,193500.0
2016-03-21,201603213119151,NHPC,17,56,1100,215.0,236500.0
2016-03-21,201603213119140,NHPC,45,42,300,214.0,64200.0
2016-03-21,201603213119134,NHPC,41,42,1000,215.0,215000.0
2016-03-21,201603213119116,NHPC,41,6,1000,215.0,215000.0
2016-03-21,201603213119368,NHPC,42,19,500,215.0,107500.0
2016-03-21,201603213119339,NHPC,53,42,600,215.0,129000.0
2016-03-21,201603213119338,NHPC,25,54,1000,214.0,214000.0
2016-03-21,201603213119301,NHPC,25,26,1000,214.0,214000.0
2016-03-21,201603213119297,NHPC,21,51,200,214.0,42800.0
2016-03-21,201603213119296,NHPC,45,51,700,214.0,149800.0
2016-03-21,201603213119403,NHPC,29,10,100,214.0,21400.0
2016-03-21,201603213119402,NHPC,21,10,800,214.0,171200.0
2016-03-21,201603213119387,NHPC,21,17,1200,214.0,256800.0
2016-03-21,201603213119386,NHPC,21,17,800,214.0,171200.0
2016-03-21,201603213119384,NHPC,5,10,500,215.0,107500.0
2016-03-21,201603213119383,NHPC,53,10,400,215.0,86000.0
2016-03-21,201603213119421,NHPC,25,59,1000,214.0,214000.0
2016-03-21,201603213119420,NHPC,11,59,1800,214.0,385200.0
2016-03-21,201603213119419,NHPC,50,59,470,215.0,101050.0
2016-03-21,201603213119412,NHPC,50,35,1000,215.0,215000.0
2016-03-21,201603213119411,NHPC,50,33,530,215.0,113950.0
2016-03-21,201603213119404,NHPC,11,10,200,214.0,42800.0
2016-03-21,201603213119460,NHPC,1,42,2000,214.0,428000.0
2016-03-21,201603213119459,NHPC,1,42,1000,214.0,214000.0
2016-03-21,201603213119458,NHPC,25,42,270,214.0,57780.0
2016-03-21,201603213119424,NHPC,25,59,230,214.0,49220.0
2016-03-21,201603213119423,NHPC,17,59,500,214.0,107000.0
2016-03-21,201603213119422,NHPC,21,59,1000,214.0,214000.0
2016-03-21,201603213119178,NIB,57,45,100,970.0,97000.0
2016-03-21,201603213119177,NIB,57,45,100,970.0,97000.0
2016-03-21,201603213119128,NIB,16,22,200,975.0,195000.0
2016-03-21,201603213119092,NIBPO,16,16,1500,847.0,1270500.0
2016-03-21,201603213119077,NIBPO,16,19,53,845.0,44785.0
2016-03-21,201603213119021,NIBPO,16,32,50,843.0,42150.0
2016-03-21,201603213119203,NIBSF1,53,32,500,10.6,5300.0
2016-03-21,201603213119358,NICA,8,22,99,750.0,74250.0
2016-03-21,201603213119348,NICA,41,35,500,750.0,375000.0
2016-03-21,201603213119337,NICA,8,35,500,750.0,375000.0
2016-03-21,201603213119292,NICA,8,58,390,750.0,292500.0
2016-03-21,201603213119291,NICA,49,58,550,750.0,412500.0
2016-03-21,201603213119250,NICA,49,16,50,750.0,37500.0
2016-03-21,201603213119189,NICA,49,53,350,750.0,262500.0
2016-03-21,201603213119176,NICA,22,56,200,751.0,150200.0
2016-03-21,201603213119175,NICA,13,56,200,751.0,150200.0
2016-03-21,201603213119171,NICL,22,17,33,785.0,25905.0
2016-03-21,201603213119485,NIL,37,21,100,1120.0,112000.0
2016-03-21,201603213119317,NIL,22,26,53,1120.0,59360.0
2016-03-21,201603213119066,NIL,56,17,100,1117.0,111700.0
2016-03-21,201603213119396,NLBBL,7,45,30,2350.0,70500.0
2016-03-21,201603213119400,NLIC,19,51,50,3885.0,194250.0
2016-03-21,201603213119397,NLIC,43,51,50,3885.0,194250.0
2016-03-21,201603213119346,NLIC,55,11,50,3887.0,194350.0
2016-03-21,201603213119322,NLIC,29,49,100,3899.0,389900.0
2016-03-21,201603213119304,NLIC,45,1,50,3890.0,194500.0
2016-03-21,201603213119081,NLIC,45,6,161,3900.0,627900.0
2016-03-21,201603213119405,NLICL,45,25,110,2794.0,307340.0
2016-03-21,201603213119223,NLICL,26,25,100,2790.0,279000.0
2016-03-21,201603213119078,NLICL,5,58,150,2795.0,419250.0
2016-03-21,201603213119075,NLICL,5,33,336,2792.0,938112.0
2016-03-21,201603213119494,NMB,33,36,33,575.0,18975.0
2016-03-21,201603213119385,NMB,33,22,630,575.0,362250.0
2016-03-21,201603213119350,NMB,47,22,170,575.0,97750.0
2016-03-21,201603213119303,NMB,33,59,100,574.0,57400.0
2016-03-21,201603213119300,NMB,57,53,335,570.0,190950.0
2016-03-21,201603213119276,NMB,49,47,500,570.0,285000.0
2016-03-21,201603213119131,NMB,47,59,500,576.0,288000.0
2016-03-21,201603213119130,NMB,54,59,400,576.0,230400.0
2016-03-21,201603213119111,NMB,21,58,50,578.0,28900.0
2016-03-21,201603213119093,NMB,21,50,1000,577.0,577000.0
2016-03-21,201603213119061,NMB,21,32,50,578.0,28900.0
2016-03-21,201603213119054,NMB,54,37,100,576.0,57600.0
2016-03-21,201603213119275,NMB,44,47,500,570.0,285000.0
2016-03-21,201603213119274,NMB,47,47,1000,571.0,571000.0
2016-03-21,201603213119234,NMB,57,57,678,573.0,388494.0
2016-03-21,201603213119191,NMB,47,59,1000,574.0,574000.0
2016-03-21,201603213119190,NMB,17,59,200,574.0,114800.0
2016-03-21,201603213119132,NMB,53,59,500,575.0,287500.0
2016-03-21,201603213119314,NNLB,17,36,20,1545.0,30900.0
2016-03-21,201603213119377,NTC,20,26,350,700.0,245000.0
2016-03-21,201603213119376,NTC,17,26,100,700.0,70000.0
2016-03-21,201603213119147,NTC,20,52,150,700.0,105000.0
2016-03-21,201603213119381,NUBL,21,47,30,1800.0,54000.0
2016-03-21,201603213119355,NUBL,39,1,50,1800.0,90000.0
2016-03-21,201603213119466,OHL,38,33,500,478.0,239000.0
2016-03-21,201603213119321,OHL,16,4,10,479.0,4790.0
2016-03-21,201603213119427,PCBL,41,29,178,543.0,96654.0
2016-03-21,201603213119212,PCBL,20,44,1000,542.0,542000.0
2016-03-21,201603213119211,PCBL,32,44,50,542.0,27100.0
2016-03-21,201603213119210,PCBL,58,44,400,543.0,217200.0
2016-03-21,201603213119192,PCBL,20,28,158,544.0,85952.0
2016-03-21,201603213119049,PCBL,43,53,50,545.0,27250.0
2016-03-21,201603213119026,PCBL,17,53,100,545.0,54500.0
2016-03-21,201603213119430,PIC,33,29,200,1315.0,263000.0
2016-03-21,201603213119179,PIC,6,17,100,1311.0,131100.0
2016-03-21,201603213119017,PICL,41,21,100,1020.0,102000.0
2016-03-21,201603213119036,PLIC,17,17,200,1755.0,351000.0
2016-03-21,201603213119172,PRDBL,36,16,160,225.0,36000.0
2016-03-21,201603213119239,PRIN,43,21,200,844.0,168800.0
2016-03-21,201603213119181,PRIN,42,33,149,842.0,125458.0
2016-03-21,201603213119109,PRIN,21,50,500,841.0,420500.0
2016-03-21,201603213119108,RBBBL,55,59,348,275.0,95700.0
2016-03-21,201603213119096,RBBBL,1,59,20,279.0,5580.0
2016-03-21,201603213119255,REDBL,51,13,1000,393.0,393000.0
2016-03-21,201603213119253,REDBL,58,42,18,395.0,7110.0
2016-03-21,201603213119219,REDBL,37,42,18,396.0,7128.0
2016-03-21,201603213119180,RLFL,33,39,150,260.0,39000.0
2016-03-21,201603213119272,RMDC,26,17,60,981.0,58860.0
2016-03-21,201603213119271,RMDC,40,17,80,981.0,78480.0
2016-03-21,201603213119270,RMDC,55,17,200,982.0,196400.0
2016-03-21,201603213119193,SAFL,42,16,56,288.0,16128.0
2016-03-21,201603213119502,SANIMA,34,4,950,779.0,740050.0
2016-03-21,201603213119479,SANIMA,57,4,50,779.0,38950.0
2016-03-21,201603213119374,SANIMA,52,29,200,780.0,156000.0
2016-03-21,201603213119373,SANIMA,52,35,600,780.0,468000.0
2016-03-21,201603213119333,SANIMA,52,35,800,780.0,624000.0
2016-03-21,201603213119332,SANIMA,21,35,1000,780.0,780000.0
2016-03-21,201603213119331,SANIMA,14,35,390,780.0,304200.0
2016-03-21,201603213119330,SANIMA,41,35,200,780.0,156000.0
2016-03-21,201603213119329,SANIMA,33,35,10,780.0,7800.0
2016-03-21,201603213119251,SANIMA,52,49,200,779.0,155800.0
2016-03-21,201603213119215,SANIMA,14,33,80,781.0,62480.0
2016-03-21,201603213119041,SANIMA,26,26,500,780.0,390000.0
2016-03-21,201603213119125,SBI,58,6,100,1410.0,141000.0
2016-03-21,201603213119124,SBI,58,43,200,1409.0,281800.0
2016-03-21,201603213119112,SBI,48,42,57,1409.0,80313.0
2016-03-21,201603213119395,SCB,52,56,14,2896.0,40544.0
2016-03-21,201603213119118,SCB,45,32,200,2900.0,580000.0
2016-03-21,201603213119227,SEWA,43,48,50,320.0,16000.0
2016-03-21,201603213119226,SEWA,1,48,1800,320.0,576000.0
2016-03-21,201603213119225,SEWA,22,48,250,320.0,80000.0
2016-03-21,201603213119224,SEWA,42,48,500,320.0,160000.0
2016-03-21,201603213119100,SEWA,52,25,107,321.0,34347.0
2016-03-21,201603213119088,SEWA,21,25,150,322.0,48300.0
2016-03-21,201603213119261,SHL,29,48,100,330.0,33000.0
2016-03-21,201603213119260,SHL,4,48,200,330.0,66000.0
2016-03-21,201603213119259,SHL,7,48,300,330.0,99000.0
2016-03-21,201603213119168,SHL,7,46,200,330.0,66000.0
2016-03-21,201603213119115,SHL,4,17,100,330.0,33000.0
2016-03-21,201603213119106,SHL,18,1,100,332.0,33200.0
2016-03-21,201603213119064,SHL,8,20,1000,330.0,330000.0
2016-03-21,201603213119042,SICL,21,21,50,1760.0,88000.0
2016-03-21,201603213119205,SIGS1,47,16,200,18.9,3780.0
2016-03-21,201603213119408,SIL,49,54,300,1609.0,482700.0
2016-03-21,201603213119407,SIL,49,44,200,1608.0,321600.0
2016-03-21,201603213119394,SIL,36,38,300,1595.0,478500.0
2016-03-21,201603213119393,SIL,6,38,50,1596.0,79800.0
2016-03-21,201603213119392,SIL,6,38,200,1596.0,319200.0
2016-03-21,201603213119391,SIL,37,38,200,1597.0,319400.0
2016-03-21,201603213119056,SIL,20,54,50,1602.0,80100.0
2016-03-21,201603213119120,SIL,39,43,10,1606.0,16060.0
2016-03-21,201603213119117,SIL,49,42,78,1600.0,124800.0
2016-03-21,201603213119095,SIL,20,7,30,1605.0,48150.0
2016-03-21,201603213119091,SIL,20,33,34,1604.0,54536.0
2016-03-21,201603213119063,SIL,49,21,210,1600.0,336000.0
2016-03-21,201603213119057,SIL,1,54,50,1600.0,80000.0
2016-03-21,201603213119390,SIL,17,38,50,1600.0,80000.0
2016-03-21,201603213119389,SIL,1,38,10,1600.0,16000.0
2016-03-21,201603213119388,SIL,39,38,10,1605.0,16050.0
2016-03-21,201603213119305,SIL,20,21,150,1605.0,240750.0
2016-03-21,201603213119246,SIL,1,13,13,1600.0,20800.0
2016-03-21,201603213119127,SIL,49,13,13,1600.0,20800.0
2016-03-21,201603213119472,SKBBL,41,25,100,1840.0,184000.0
2016-03-21,201603213119298,SKBBL,56,16,19,1850.0,35150.0
2016-03-21,201603213119282,SKBBL,39,46,100,1840.0,184000.0
2016-03-21,201603213119242,SKBBL,56,29,110,1840.0,202400.0
2016-03-21,201603213119031,SKBBL,14,16,19,1850.0,35150.0
2016-03-21,201603213119514,SLICL,49,10,100,897.0,89700.0
2016-03-21,201603213119513,SLICL,1,10,200,898.0,179600.0
2016-03-21,201603213119354,SLICL,25,11,100,900.0,90000.0
2016-03-21,201603213119048,SLICL,42,45,200,905.0,181000.0
2016-03-21,201603213119047,SLICL,42,18,30,905.0,27150.0
2016-03-21,201603213119356,SRBL,49,51,200,475.0,95000.0
2016-03-21,201603213119213,SRBL,52,16,57,474.0,27018.0
2016-03-21,201603213119142,SUBBL,14,26,310,330.0,102300.0
2016-03-21,201603213119469,SWBBL,47,47,300,2255.0,676500.0
2016-03-21,201603213119468,SWBBL,7,47,50,2255.0,112750.0
2016-03-21,201603213119414,SWBBL,7,57,50,2255.0,112750.0
2016-03-21,201603213119233,SWBBL,6,47,1000,2255.0,2255000.0
2016-03-21,201603213119232,SWBBL,7,47,100,2255.0,225500.0
2016-03-21,201603213119231,SWBBL,1,47,100,2260.0,226000.0
2016-03-21,201603213119230,SWBBL,14,47,50,2277.0,113850.0
2016-03-21,201603213119229,SWBBL,17,47,50,2277.0,113850.0
2016-03-21,201603213119415,SYFL,19,38,500,130.0,65000.0
2016-03-21,201603213119409,SYFL,45,38,190,130.0,24700.0
2016-03-21,201603213119369,SYFL,53,32,10,129.0,1290.0
2016-03-21,201603213119284,SYFL,45,32,10,127.0,1270.0
2016-03-21,201603213119262,TBBL,58,26,299,311.0,92989.0
2016-03-21,201603213119209,TRH,48,32,500,234.0,117000.0
2016-03-21,201603213119113,UFIL,22,6,200,204.0,40800.0
2016-03-21,201603213119240,UIC,6,19,200,833.0,166600.0
2016-03-21,201603213119206,UIC,6,25,100,830.0,83000.0
2016-03-21,201603213119198,UIC,6,49,1500,829.0,1243500.0
2016-03-21,201603213119079,UIC,45,36,400,822.0,328800.0
2016-03-21,201603213119170,VLBS,1,41,90,1465.0,131850.0
2016-03-21,201603213119037,VLBS,1,49,10,1465.0,14650.0
2016-03-21,201603213119498,WDBL,50,44,500,455.0,227500.0
2016-03-21,201603213119497,WDBL,56,44,500,456.0,228000.0
2016-03-21,201603213119496,WDBL,25,44,100,456.0,45600.0
2016-03-21,201603213119495,WDBL,25,44,40,456.0,18240.0
2016-03-21,201603213119473,WDBL,56,26,100,457.0,45700.0
2016-03-21,201603213119457,WDBL,22,26,100,458.0,45800.0
2016-03-21,201603213119456,WDBL,17,26,30,458.0,13740.0
2016-03-21,201603213119105,WDBL,41,44,500,459.0,229500.0
2016-03-21,201603213119104,WDBL,38,44,100,460.0,46000.0
2016-03-21,201603213119103,WDBL,20,44,60,462.0,27720.0
2016-03-21,201603213119067,WDBL,41,51,200,463.0,92600.0
2016-03-21,201603213119025,WDBL,26,55,52,462.0,24024.0
2016-03-21,201603213119335,YETI,3,42,41,212.0,8692.0
2016-03-21,201603213119328,YETI,58,6,502,212.0,106424.0
2016-03-21,201603213118712,ACEDBL,11,45,100,360.0,36000.0
2016-03-21,201603213118674,ACEDBL,52,45,300,361.0,108300.0
2016-03-21,201603213118651,ACEDBL,45,14,100,366.0,36600.0
2016-03-21,201603213118927,ADBL,41,8,200,652.0,130400.0
2016-03-21,201603213118926,ADBL,22,8,200,652.0,130400.0
2016-03-21,201603213118925,ADBL,22,8,200,652.0,130400.0
2016-03-21,201603213118903,ADBL,6,5,413,652.0,269276.0
2016-03-21,201603213118838,ADBL,25,5,100,653.0,65300.0
2016-03-21,201603213118804,ADBL,51,5,300,653.0,195900.0
2016-03-21,201603213118567,ADBL,43,50,100,651.0,65100.0
2016-03-21,201603213118566,ADBL,43,50,40,652.0,26080.0
2016-03-21,201603213118565,ADBL,22,50,300,652.0,195600.0
2016-03-21,201603213118564,ADBL,53,50,200,652.0,130400.0
2016-03-21,201603213118647,ADBL,48,8,50,657.0,32850.0
2016-03-21,201603213118640,ADBL,22,22,500,655.0,327500.0
2016-03-21,201603213118637,ADBL,6,59,542,650.0,352300.0
2016-03-21,201603213118615,ADBL,51,50,449,654.0,293646.0
2016-03-21,201603213118591,ADBL,51,43,40,652.0,26080.0
2016-03-21,201603213118568,ADBL,56,50,260,651.0,169260.0
2016-03-21,201603213118783,ADBL,43,43,32,653.0,20896.0
2016-03-21,201603213118773,ADBL,14,5,50,653.0,32650.0
2016-03-21,201603213118772,ADBL,14,5,160,653.0,104480.0
2016-03-21,201603213118694,ADBL,14,25,40,653.0,26120.0
2016-03-21,201603213118967,AHPC,54,13,440,334.0,146960.0
2016-03-21,201603213118946,AHPC,54,26,550,333.0,183150.0
2016-03-21,201603213118884,AHPC,40,56,90,330.0,29700.0
2016-03-21,201603213119013,ALDBL,56,56,280,528.0,147840.0
2016-03-21,201603213119010,ALDBL,56,21,222,530.0,117660.0
2016-03-21,201603213119009,ALDBL,56,47,20,529.0,10580.0
2016-03-21,201603213118960,ALDBL,56,17,100,526.0,52600.0
2016-03-21,201603213118872,ALDBL,56,45,423,526.0,222498.0
2016-03-21,201603213118850,ALDBL,56,56,180,526.0,94680.0
2016-03-21,201603213118592,ALDBL,7,44,250,520.0,130000.0
2016-03-21,201603213118839,ALDBL,56,56,380,525.0,199500.0
2016-03-21,201603213118834,ALDBL,56,41,331,522.0,172782.0
2016-03-21,201603213118793,ALDBL,46,50,10,522.0,5220.0
2016-03-21,201603213118739,ALDBL,46,11,160,520.0,83200.0
2016-03-21,201603213118703,ALDBL,46,44,200,524.0,104800.0
2016-03-21,201603213118642,ALDBL,26,48,993,523.0,519339.0
2016-03-21,201603213118890,ALICL,41,4,100,1450.0,145000.0
2016-03-21,201603213118693,ALICL,44,58,13,1450.0,18850.0
2016-03-21,201603213118689,ALICL,44,58,790,1450.0,1145500.0
2016-03-21,201603213118663,ALICL,17,58,50,1455.0,72750.0
2016-03-21,201603213118655,ALICL,28,58,500,1451.0,725500.0
2016-03-21,201603213118653,ALICL,41,58,60,1455.0,87300.0
2016-03-21,201603213118551,ALICL,28,49,300,1451.0,435300.0
2016-03-21,201603213118550,ALICL,45,49,100,1451.0,145100.0
2016-03-21,201603213118549,ALICL,17,49,100,1455.0,145500.0
2016-03-21,201603213118915,API,17,29,26,720.0,18720.0
2016-03-21,201603213118912,API,17,29,26,720.0,18720.0
2016-03-21,201603213118909,API,17,29,26,720.0,18720.0
2016-03-21,201603213118897,API,17,29,26,720.0,18720.0
2016-03-21,201603213118895,API,17,29,26,720.0,18720.0
2016-03-21,201603213118893,API,17,29,26,720.0,18720.0
2016-03-21,201603213118840,API,17,29,26,720.0,18720.0
2016-03-21,201603213118569,API,29,29,23,711.0,16353.0
2016-03-21,201603213118559,API,1,25,16,711.0,11376.0
2016-03-21,201603213118863,API,17,29,26,720.0,18720.0
2016-03-21,201603213118856,API,17,29,26,720.0,18720.0
2016-03-21,201603213118852,API,17,29,26,720.0,18720.0
2016-03-21,201603213118849,API,17,29,26,720.0,18720.0
2016-03-21,201603213118845,API,17,29,26,720.0,18720.0
2016-03-21,201603213118843,API,17,29,26,720.0,18720.0
2016-03-21,201603213118889,API,17,29,26,720.0,18720.0
2016-03-21,201603213118882,API,17,29,26,720.0,18720.0
2016-03-21,201603213118880,API,17,29,26,720.0,18720.0
2016-03-21,201603213118873,API,17,29,26,720.0,18720.0
2016-03-21,201603213118869,API,17,29,26,720.0,18720.0
2016-03-21,201603213118866,API,17,29,26,720.0,18720.0
2016-03-21,201603213118670,ARDBL,56,56,22,250.0,5500.0
2016-03-21,201603213118662,ARDBL,56,56,22,250.0,5500.0
2016-03-21,201603213118648,ARDBL,56,56,22,250.0,5500.0
2016-03-21,201603213118898,BARUN,26,36,10,532.0,5320.0
2016-03-21,201603213118802,BARUN,26,36,10,532.0,5320.0
2016-03-21,201603213118801,BARUN,26,36,10,532.0,5320.0
2016-03-21,201603213118800,BARUN,26,36,10,532.0,5320.0
2016-03-21,201603213118652,BARUN,7,50,360,532.0,191520.0
2016-03-21,201603213118577,BARUN,7,57,10,532.0,5320.0
2016-03-21,201603213118519,BARUN,7,36,10,532.0,5320.0
2016-03-21,201603213118518,BARUN,7,36,10,532.0,5320.0
2016-03-21,201603213118517,BARUN,7,36,10,532.0,5320.0
2016-03-21,201603213118516,BARUN,7,36,10,532.0,5320.0
2016-03-21,201603213118515,BARUN,7,50,50,532.0,26600.0
2016-03-21,201603213118514,BARUN,7,36,10,532.0,5320.0
2016-03-21,201603213118937,BHBL,46,38,300,342.0,102600.0
2016-03-21,201603213118911,BLDBL,6,51,40,375.0,15000.0
2016-03-21,201603213118910,BLDBL,6,17,210,375.0,78750.0
2016-03-21,201603213118901,BLDBL,6,20,150,372.0,55800.0
2016-03-21,201603213118885,BLDBL,6,6,400,371.0,148400.0
2016-03-21,201603213118779,BLDBL,6,20,145,372.0,53940.0
2016-03-21,201603213118879,BPCL,7,32,190,642.0,121980.0
2016-03-21,201603213118815,BPCL,7,42,310,642.0,199020.0
2016-03-21,201603213118814,BPCL,52,42,40,643.0,25720.0
2016-03-21,201603213118728,BPCL,47,42,750,644.0,483000.0
2016-03-21,201603213118605,BPCL,47,46,150,644.0,96600.0
2016-03-21,201603213118989,CBBL,29,45,20,1835.0,36700.0
2016-03-21,201603213118784,CBBL,47,51,100,1835.0,183500.0
2016-03-21,201603213118621,CBBL,39,55,100,1850.0,185000.0
2016-03-21,201603213118620,CBBL,7,55,100,1850.0,185000.0
2016-03-21,201603213118619,CBBL,54,55,200,1855.0,371000.0
2016-03-21,201603213118618,CBBL,6,55,200,1860.0,372000.0
2016-03-21,201603213119000,CCBL,26,36,20,375.0,7500.0
2016-03-21,201603213118996,CCBL,26,36,20,375.0,7500.0
2016-03-21,201603213118979,CCBL,59,45,292,375.0,109500.0
2016-03-21,201603213118886,CCBL,59,25,182,380.0,69160.0
2016-03-21,201603213118552,CCBL,59,51,508,379.0,192532.0
2016-03-21,201603213119008,CHCL,39,45,200,1330.0,266000.0
2016-03-21,201603213118985,CHCL,52,45,24,1328.0,31872.0
2016-03-21,201603213118705,CHCL,8,28,22,1328.0,29216.0
2016-03-21,201603213118677,CHCL,52,29,135,1327.0,179145.0
2016-03-21,201603213118661,CHCL,52,45,100,1330.0,133000.0
2016-03-21,201603213118607,CHCL,41,38,100,1327.0,132700.0
2016-03-21,201603213118544,CHCL,34,49,255,1325.0,337875.0
2016-03-21,201603213118908,CIT,6,6,50,3763.0,188150.0
2016-03-21,201603213118907,CIT,47,6,50,3763.0,188150.0
2016-03-21,201603213118628,CIT,47,42,50,3763.0,188150.0
2016-03-21,201603213118992,CZBIL,6,26,300,698.0,209400.0
2016-03-21,201603213118951,CZBIL,41,29,24,695.0,16680.0
2016-03-21,201603213118941,CZBIL,6,39,64,694.0,44416.0
2016-03-21,201603213118936,CZBIL,41,58,256,695.0,177920.0
2016-03-21,201603213118935,CZBIL,41,16,1120,695.0,778400.0
2016-03-21,201603213118666,CZBIL,6,58,920,695.0,639400.0
2016-03-21,201603213118650,CZBIL,17,58,100,695.0,69500.0
2016-03-21,201603213118532,CZBIL,53,48,14,693.0,9702.0
2016-03-21,201603213118526,CZBIL,44,48,214,693.0,148302.0
2016-03-21,201603213118522,CZBIL,44,49,396,693.0,274428.0
2016-03-21,201603213118709,CZBIL,17,16,100,695.0,69500.0
2016-03-21,201603213118692,CZBIL,17,16,100,695.0,69500.0
2016-03-21,201603213118686,CZBIL,49,16,200,695.0,139000.0
2016-03-21,201603213118680,CZBIL,17,16,100,695.0,69500.0
2016-03-21,201603213118675,CZBIL,17,16,100,695.0,69500.0
2016-03-21,201603213118667,CZBIL,6,16,1080,695.0,750600.0
2016-03-21,201603213118933,CZBIL,6,42,100,694.0,69400.0
2016-03-21,201603213118846,CZBIL,45,42,50,694.0,34700.0
2016-03-21,201603213118775,CZBIL,47,39,50,693.0,34650.0
2016-03-21,201603213118774,CZBIL,49,39,450,694.0,312300.0
2016-03-21,201603213118733,CZBIL,49,16,100,695.0,69500.0
2016-03-21,201603213118731,CZBIL,17,16,100,695.0,69500.0
2016-03-21,201603213118983,DBBL,5,49,100,237.0,23700.0
2016-03-21,201603213118847,DBBL,28,28,248,237.0,58776.0
2016-03-21,201603213118687,EBL,6,20,136,2490.0,338640.0
2016-03-21,201603213118717,EBL,26,20,200,2486.0,497200.0
2016-03-21,201603213118716,EBL,35,20,500,2487.0,1243500.0
2016-03-21,201603213118715,EBL,6,20,500,2488.0,1244000.0
2016-03-21,201603213118714,EBL,35,20,200,2490.0,498000.0
2016-03-21,201603213118713,EBL,6,20,100,2490.0,249000.0
2016-03-21,201603213118892,EIC,16,16,400,1320.0,528000.0
2016-03-21,201603213118829,EIC,11,16,800,1320.0,1056000.0
2016-03-21,201603213118828,EIC,7,16,200,1325.0,265000.0
2016-03-21,201603213118691,EIC,41,14,200,1330.0,266000.0
2016-03-21,201603213118867,FMDBL,7,7,500,1260.0,630000.0
2016-03-21,201603213118837,GBBL,51,25,194,358.0,69452.0
2016-03-21,201603213118803,GBBL,14,14,500,359.0,179500.0
2016-03-21,201603213118763,GBBL,41,35,90,360.0,32400.0
2016-03-21,201603213118762,GBBL,17,35,500,360.0,180000.0
2016-03-21,201603213118761,GBBL,17,35,500,360.0,180000.0
2016-03-21,201603213118760,GBBL,29,35,450,361.0,162450.0
2016-03-21,201603213118759,GBBL,43,35,200,361.0,72200.0
2016-03-21,201603213118758,GBBL,21,35,60,361.0,21660.0
2016-03-21,201603213119014,GBIME,28,28,41,474.0,19434.0
2016-03-21,201603213118997,GBIME,28,28,52,474.0,24648.0
2016-03-21,201603213118993,GBIME,43,40,200,473.0,94600.0
2016-03-21,201603213118986,GBIME,54,17,500,472.0,236000.0
2016-03-21,201603213118958,GBIME,28,28,88,473.0,41624.0
2016-03-21,201603213118825,GBIME,25,25,500,474.0,237000.0
2016-03-21,201603213118824,GBIME,25,52,20,474.0,9480.0
2016-03-21,201603213118787,GBIME,49,56,1000,473.0,473000.0
2016-03-21,201603213118636,GDBL,33,3,200,350.0,70000.0
2016-03-21,201603213118523,GFCL,43,6,15,230.0,3450.0
2016-03-21,201603213118991,GLICL,38,5,321,732.0,234972.0
2016-03-21,201603213118968,GLICL,34,45,125,734.0,91750.0
2016-03-21,201603213118810,GLICL,17,49,125,735.0,91875.0
2016-03-21,201603213118707,GLICL,17,55,240,735.0,176400.0
2016-03-21,201603213118589,GLICL,17,49,125,735.0,91875.0
2016-03-21,201603213118974,HAMA,28,29,10,222.0,2220.0
2016-03-21,201603213118970,HBL,58,58,189,1126.0,212814.0
2016-03-21,201603213118858,HBL,58,58,750,1127.0,845250.0
2016-03-21,201603213118857,HBL,1,58,50,1130.0,56500.0
2016-03-21,201603213118990,HGI,56,6,108,980.0,105840.0
2016-03-21,201603213118984,HGI,25,43,150,979.0,146850.0
2016-03-21,201603213118957,HGI,56,21,50,978.0,48900.0
2016-03-21,201603213118956,HGI,6,57,14,970.0,13580.0
2016-03-21,201603213118948,HGI,56,50,890,975.0,867750.0
2016-03-21,201603213118812,ICFC,48,32,350,281.0,98350.0
2016-03-21,201603213118583,ICFC,49,28,945,283.0,267435.0
2016-03-21,201603213118582,ICFC,49,25,1000,282.0,282000.0
2016-03-21,201603213118777,ILFCM,40,42,10,1239.0,12390.0
2016-03-21,201603213118768,ILFCM,40,42,10,1239.0,12390.0
2016-03-21,201603213118697,ILFCM,53,21,200,1250.0,250000.0
2016-03-21,201603213118580,ILFCM,41,34,10,1236.0,12360.0
2016-03-21,201603213118560,ILFCM,53,53,45,1235.0,55575.0
2016-03-21,201603213118975,KCDBL,25,41,17,306.0,5202.0
2016-03-21,201603213118972,KCDBL,25,41,17,306.0,5202.0
2016-03-21,201603213118700,KCDBL,25,6,17,308.0,5236.0
2016-03-21,201603213118969,KDBL,47,29,19,251.0,4769.0
2016-03-21,201603213118955,KDBL,16,29,490,251.0,122990.0
2016-03-21,201603213118954,KDBL,37,29,200,251.0,50200.0
2016-03-21,201603213118950,KDBL,47,29,200,252.0,50400.0
2016-03-21,201603213118943,KDBL,43,51,1000,254.0,254000.0
2016-03-21,201603213118776,KMCDB,22,22,40,1769.0,70760.0
2016-03-21,201603213118676,KMCDB,22,37,90,1774.0,159660.0
2016-03-21,201603213118753,LBL,22,25,212,631.0,133772.0
2016-03-21,201603213118734,LBL,52,6,179,631.0,112949.0
2016-03-21,201603213118669,LBL,5,48,47,631.0,29657.0
2016-03-21,201603213118639,LBL,5,6,130,633.0,82290.0
2016-03-21,201603213118598,LBL,22,6,300,633.0,189900.0
2016-03-21,201603213118520,LBL,52,6,50,633.0,31650.0
2016-03-21,201603213119004,LGIL,10,16,49,810.0,39690.0
2016-03-21,201603213118940,LGIL,14,56,60,808.0,48480.0
2016-03-21,201603213118939,LGIL,47,56,50,809.0,40450.0
2016-03-21,201603213118938,LGIL,41,56,90,810.0,72900.0
2016-03-21,201603213118931,LGIL,48,39,100,814.0,81400.0
2016-03-21,201603213119011,LICN,36,57,150,3850.0,577500.0
2016-03-21,201603213118899,LICN,41,45,100,3850.0,385000.0
2016-03-21,201603213118817,LICN,36,17,100,3845.0,384500.0
2016-03-21,201603213118959,LLBS,37,26,10,2380.0,23800.0
2016-03-21,201603213118797,LLBS,57,45,10,2370.0,23700.0
2016-03-21,201603213118746,LLBS,43,43,10,2366.0,23660.0
2016-03-21,201603213118792,LVF1,56,45,2500,10.93,27325.0
2016-03-21,201603213118738,LVF1,47,42,3000,10.8,32400.0
2016-03-21,201603213118737,LVF1,47,33,25000,10.8,270000.0
2016-03-21,201603213118778,MFIL,6,16,100,255.0,25500.0
2016-03-21,201603213118641,MNBBL,32,47,30,870.0,26100.0
2016-03-21,201603213118635,MNBBL,41,47,100,870.0,87000.0
2016-03-21,201603213118634,MNBBL,16,47,500,870.0,435000.0
2016-03-21,201603213118633,MNBBL,32,47,100,870.0,87000.0
2016-03-21,201603213118632,MNBBL,29,47,50,872.0,43600.0
2016-03-21,201603213118631,MNBBL,28,47,120,873.0,104760.0
2016-03-21,201603213118630,MNBBL,49,47,100,875.0,87500.0
2016-03-21,201603213118617,MNBBL,32,19,23,878.0,20194.0
2016-03-21,201603213118581,MNBBL,34,1,438,878.0,384564.0
2016-03-21,201603213118998,NABIL,18,39,20,1911.0,38220.0
2016-03-21,201603213118771,NABIL,49,53,50,1920.0,96000.0
2016-03-21,201603213118755,NABIL,22,20,50,1910.0,95500.0
2016-03-21,201603213118754,NABIL,53,20,50,1912.0,95600.0
2016-03-21,201603213118595,NABIL,53,59,50,1912.0,95600.0
2016-03-21,201603213118593,NABIL,19,59,150,1915.0,287250.0
2016-03-21,201603213118978,NABILP,11,49,150,1480.0,222000.0
2016-03-21,201603213118973,NABILP,52,49,50,1480.0,74000.0
2016-03-21,201603213118923,NABILP,21,59,400,1478.0,591200.0
2016-03-21,201603213118922,NABILP,49,59,100,1480.0,148000.0
2016-03-21,201603213118791,NABILP,40,42,65,1480.0,96200.0
2016-03-21,201603213118730,NABILP,5,59,30,1485.0,44550.0
2016-03-21,201603213118563,NABILP,7,6,159,1479.0,235161.0
2016-03-21,201603213118711,NABILP,21,53,48,1480.0,71040.0
2016-03-21,201603213118660,NABILP,16,53,300,1480.0,444000.0
2016-03-21,201603213118624,NABILP,5,8,100,1485.0,148500.0
2016-03-21,201603213118588,NABILP,7,42,209,1480.0,309320.0
2016-03-21,201603213118579,NABILP,7,6,159,1479.0,235161.0
2016-03-21,201603213118729,NABILP,5,8,50,1485.0,74250.0
2016-03-21,201603213118891,NBB,32,48,500,544.0,272000.0
2016-03-21,201603213118883,NBB,32,16,605,542.0,327910.0
2016-03-21,201603213118794,NBB,59,32,100,548.0,54800.0
2016-03-21,201603213118736,NBB,25,48,500,541.0,270500.0
2016-03-21,201603213118570,NBB,43,49,100,541.0,54100.0
2016-03-21,201603213118576,NBB,19,49,430,540.0,232200.0
2016-03-21,201603213118575,NBB,20,49,300,540.0,162000.0
2016-03-21,201603213118574,NBB,41,49,250,540.0,135000.0
2016-03-21,201603213118573,NBB,50,49,20,540.0,10800.0
2016-03-21,201603213118572,NBB,28,49,200,541.0,108200.0
2016-03-21,201603213118571,NBB,39,49,200,541.0,108200.0
2016-03-21,201603213118818,NBBL,10,49,15,3300.0,49500.0
2016-03-21,201603213118764,NBBL,26,32,50,3333.0,166650.0
2016-03-21,201603213118616,NBBL,20,13,13,3350.0,43550.0
2016-03-21,201603213118562,NBBL,22,6,10,3355.0,33550.0
2016-03-21,201603213119007,NBL,25,25,200,400.0,80000.0
2016-03-21,201603213119006,NBL,25,5,500,400.0,200000.0
2016-03-21,201603213119001,NBL,5,5,500,400.0,200000.0
2016-03-21,201603213118962,NBL,57,18,100,403.0,40300.0
2016-03-21,201603213118961,NBL,57,41,500,401.0,200500.0
2016-03-21,201603213118920,NBL,57,14,200,400.0,80000.0
2016-03-21,201603213118561,NBL,19,51,50,400.0,20000.0
2016-03-21,201603213118708,NBL,17,51,100,400.0,40000.0
2016-03-21,201603213118688,NBL,17,51,100,400.0,40000.0
2016-03-21,201603213118678,NBL,17,51,100,400.0,40000.0
2016-03-21,201603213118668,NBL,17,51,100,400.0,40000.0
2016-03-21,201603213118658,NBL,55,38,180,399.0,71820.0
2016-03-21,201603213118646,NBL,17,51,100,400.0,40000.0
2016-03-21,201603213118725,NBL,44,50,1000,397.0,397000.0
2016-03-21,201603213118724,NBL,38,50,1000,397.0,397000.0
2016-03-21,201603213118723,NBL,25,50,1000,398.0,398000.0
2016-03-21,201603213118722,NBL,25,50,500,398.0,199000.0
2016-03-21,201603213118721,NBL,46,50,200,399.0,79800.0
2016-03-21,201603213118720,NBL,55,50,320,399.0,127680.0
2016-03-21,201603213118805,NBL,45,7,1000,398.0,398000.0
2016-03-21,201603213118756,NBL,44,51,51,397.0,20247.0
2016-03-21,201603213118749,NBL,44,51,130,397.0,51610.0
2016-03-21,201603213118748,NBL,44,51,1020,397.0,404940.0
2016-03-21,201603213118727,NBL,17,51,100,400.0,40000.0
2016-03-21,201603213118726,NBL,44,50,980,397.0,389060.0
2016-03-21,201603213118919,NBL,57,44,1000,400.0,400000.0
2016-03-21,201603213118918,NBL,57,44,1000,400.0,400000.0
2016-03-21,201603213118917,NBL,57,11,320,400.0,128000.0
2016-03-21,201603213118916,NBL,57,10,500,400.0,200000.0
2016-03-21,201603213118831,NBL,59,7,300,400.0,120000.0
2016-03-21,201603213118819,NBL,45,7,1000,398.0,398000.0
2016-03-21,201603213119012,NHPC,47,44,1000,215.0,215000.0
2016-03-21,201603213119003,NHPC,47,51,500,215.0,107500.0
2016-03-21,201603213118988,NHPC,41,51,1000,215.0,215000.0
2016-03-21,201603213118987,NHPC,34,51,500,215.0,107500.0
2016-03-21,201603213118976,NHPC,32,26,1000,215.0,215000.0
2016-03-21,201603213118971,NHPC,36,44,2000,215.0,430000.0
2016-03-21,201603213118599,NHPC,46,39,300,217.0,65100.0
2016-03-21,201603213118555,NHPC,58,51,100,218.0,21800.0
2016-03-21,201603213118525,NHPC,33,34,3000,218.0,654000.0
2016-03-21,201603213118681,NHPC,16,57,1000,216.0,216000.0
2016-03-21,201603213118659,NHPC,22,58,1000,217.0,217000.0
2016-03-21,201603213118603,NHPC,33,39,2000,216.0,432000.0
2016-03-21,201603213118602,NHPC,32,39,1000,216.0,216000.0
2016-03-21,201603213118601,NHPC,45,39,200,216.0,43200.0
2016-03-21,201603213118600,NHPC,11,39,1000,216.0,216000.0
2016-03-21,201603213118808,NHPC,21,44,1000,215.0,215000.0
2016-03-21,201603213118807,NHPC,25,44,500,215.0,107500.0
2016-03-21,201603213118806,NHPC,45,44,1000,215.0,215000.0
2016-03-21,201603213118744,NHPC,46,33,1000,216.0,216000.0
2016-03-21,201603213118743,NHPC,34,33,500,216.0,108000.0
2016-03-21,201603213118682,NHPC,34,57,1000,216.0,216000.0
2016-03-21,201603213118953,NHPC,6,44,1000,215.0,215000.0
2016-03-21,201603213118942,NHPC,33,33,3000,215.0,645000.0
2016-03-21,201603213118928,NHPC,38,42,1000,216.0,216000.0
2016-03-21,201603213118902,NHPC,45,10,1000,215.0,215000.0
2016-03-21,201603213118896,NHPC,33,51,2000,215.0,430000.0
2016-03-21,201603213118809,NHPC,25,44,1000,215.0,215000.0
2016-03-21,201603213118932,NIB,4,20,10,980.0,9800.0
2016-03-21,201603213118878,NIB,4,1,90,980.0,88200.0
2016-03-21,201603213118842,NIB,4,5,74,979.0,72446.0
2016-03-21,201603213118821,NIB,4,17,200,970.0,194000.0
2016-03-21,201603213118820,NIB,4,11,150,970.0,145500.0
2016-03-21,201603213118796,NIB,4,6,289,970.0,280330.0
2016-03-21,201603213118795,NIB,4,21,100,965.0,96500.0
2016-03-21,201603213118586,NIBPO,16,41,500,843.0,421500.0
2016-03-21,201603213118813,NIBSF1,11,51,2852,10.5,29946.0
2016-03-21,201603213118554,NIBSF1,5,1,2000,10.7,21400.0
2016-03-21,201603213118531,NIBSF1,5,1,1000,10.7,10700.0
2016-03-21,201603213118945,NICA,49,42,50,750.0,37500.0
2016-03-21,201603213118905,NICA,17,26,19,750.0,14250.0
2016-03-21,201603213118781,NICA,49,49,983,752.0,739216.0
2016-03-21,201603213118780,NICA,49,50,200,752.0,150400.0
2016-03-21,201603213118629,NICA,13,41,200,750.0,150000.0
2016-03-21,201603213118590,NICA,17,11,93,751.0,69843.0
2016-03-21,201603213118530,NICA,17,56,480,750.0,360000.0
2016-03-21,201603213118529,NICA,39,56,10,750.0,7500.0
2016-03-21,201603213118528,NICA,32,56,10,751.0,7510.0
2016-03-21,201603213118671,NICL,14,14,260,786.0,204360.0
2016-03-21,201603213118999,NIL,54,41,500,1120.0,560000.0
2016-03-21,201603213118844,NIL,22,5,50,1120.0,56000.0
2016-03-21,201603213118732,NLG,19,13,27,1121.0,30267.0
2016-03-21,201603213118665,NLG,39,5,100,1105.0,110500.0
2016-03-21,201603213118830,NLIC,46,45,10,3920.0,39200.0
2016-03-21,201603213118816,NLIC,53,6,186,3910.0,727260.0
2016-03-21,201603213118790,NLIC,14,21,400,3900.0,1560000.0
2016-03-21,201603213118789,NLIC,14,16,250,3895.0,973750.0
2016-03-21,201603213118788,NLIC,14,17,100,3891.0,389100.0
2016-03-21,201603213118701,NLIC,6,17,100,3891.0,389100.0
2016-03-21,201603213118584,NLIC,6,25,69,3891.0,268479.0
2016-03-21,201603213118537,NLIC,44,16,206,3891.0,801546.0
2016-03-21,201603213118782,NLICL,4,33,100,2790.0,279000.0
2016-03-21,201603213118767,NLICL,46,33,100,2787.0,278700.0
2016-03-21,201603213118766,NLICL,54,33,300,2788.0,836400.0
2016-03-21,201603213118765,NLICL,21,33,20,2795.0,55900.0
2016-03-21,201603213118742,NLICL,17,58,500,2790.0,1395000.0
2016-03-21,201603213118995,NMB,59,59,1300,577.0,750100.0
2016-03-21,201603213118977,NMB,47,59,1000,577.0,577000.0
2016-03-21,201603213118965,NMB,50,26,300,578.0,173400.0
2016-03-21,201603213118964,NMB,50,26,200,578.0,115600.0
2016-03-21,201603213118963,NMB,13,26,200,579.0,115800.0
2016-03-21,201603213118906,NMB,33,53,200,580.0,116000.0
2016-03-21,201603213118538,NMB,49,49,100,580.0,58000.0
2016-03-21,201603213118527,NMB,49,49,500,580.0,290000.0
2016-03-21,201603213118612,NMB,47,7,100,579.0,57900.0
2016-03-21,201603213118611,NMB,33,7,100,579.0,57900.0
2016-03-21,201603213118608,NMB,33,53,300,579.0,173700.0
2016-03-21,201603213118558,NMB,25,58,500,580.0,290000.0
2016-03-21,201603213118553,NMB,33,58,100,580.0,58000.0
2016-03-21,201603213118539,NMB,49,58,900,580.0,522000.0
2016-03-21,201603213118672,NMB,57,58,200,580.0,116000.0
2016-03-21,201603213118645,NMB,59,58,300,580.0,174000.0
2016-03-21,201603213118644,NMB,59,53,100,579.0,57900.0
2016-03-21,201603213118643,NMB,59,53,100,579.0,57900.0
2016-03-21,201603213118626,NMB,21,6,200,578.0,115600.0
2016-03-21,201603213118614,NMB,57,14,453,579.0,262287.0
2016-03-21,201603213118786,NMB,21,58,500,578.0,289000.0
2016-03-21,201603213118785,NMB,57,50,200,580.0,116000.0
2016-03-21,201603213118769,NMB,57,50,500,580.0,290000.0
2016-03-21,201603213118747,NMB,57,50,200,580.0,116000.0
2016-03-21,201603213118679,NMB,57,39,100,580.0,58000.0
2016-03-21,201603213118673,NMB,57,8,500,580.0,290000.0
2016-03-21,201603213118862,NMB,33,58,1000,580.0,580000.0
2016-03-21,201603213118861,NMB,33,6,200,580.0,116000.0
2016-03-21,201603213118860,NMB,33,53,200,580.0,116000.0
2016-03-21,201603213118859,NMB,33,50,100,580.0,58000.0
2016-03-21,201603213118848,NMB,57,53,200,579.0,115800.0
2016-03-21,201603213118799,NMB,57,58,500,578.0,289000.0
2016-03-21,201603213118827,NTC,11,8,100,700.0,70000.0
2016-03-21,201603213118823,NTC,13,45,50,701.0,35050.0
2016-03-21,201603213118913,PCBL,41,50,100,545.0,54500.0
2016-03-21,201603213118752,PCBL,43,50,350,543.0,190050.0
2016-03-21,201603213118751,PCBL,50,50,500,544.0,272000.0
2016-03-21,201603213118750,PCBL,25,50,150,544.0,81600.0
2016-03-21,201603213118735,PCBL,20,16,649,543.0,352407.0
2016-03-21,201603213118664,PCBL,58,42,100,543.0,54300.0
2016-03-21,201603213118649,PCBL,19,42,100,543.0,54300.0
2016-03-21,201603213118594,PCBL,13,26,300,544.0,163200.0
2016-03-21,201603213118698,PFL,6,45,212,333.0,70596.0
2016-03-21,201603213118543,PFL,41,28,100,327.0,32700.0
2016-03-21,201603213118542,PFL,8,28,100,328.0,32800.0
2016-03-21,201603213118541,PFL,29,28,200,329.0,65800.0
2016-03-21,201603213118982,PIC,33,32,300,1315.0,394500.0
2016-03-21,201603213118981,PIC,33,32,80,1315.0,105200.0
2016-03-21,201603213118770,PIC,50,46,100,1308.0,130800.0
2016-03-21,201603213118623,PIC,33,17,27,1310.0,35370.0
2016-03-21,201603213118545,PIC,33,45,50,1305.0,65250.0
2016-03-21,201603213118638,PICL,41,29,20,1020.0,20400.0
2016-03-21,201603213119002,PLIC,21,17,50,1755.0,87750.0
2016-03-21,201603213118888,PLIC,38,26,100,1760.0,176000.0
2016-03-21,201603213118745,PLIC,41,39,54,1760.0,95040.0
2016-03-21,201603213118949,PRDBL,7,36,11,221.0,2431.0
2016-03-21,201603213118914,PRDBL,47,36,11,222.0,2442.0
2016-03-21,201603213118900,PRDBL,51,36,11,223.0,2453.0
2016-03-21,201603213118535,PRDBL,47,17,700,222.0,155400.0
2016-03-21,201603213118534,PRDBL,41,17,500,222.0,111000.0
2016-03-21,201603213118533,PRDBL,51,17,300,223.0,66900.0
2016-03-21,201603213118832,PRIN,32,41,41,839.0,34399.0
2016-03-21,201603213118704,PRIN,58,33,100,840.0,84000.0
2016-03-21,201603213118719,RBBBL,1,44,11,284.0,3124.0
2016-03-21,201603213118944,REDBL,58,58,36,400.0,14400.0
2016-03-21,201603213118934,REDBL,58,5,40,400.0,16000.0
2016-03-21,201603213118930,REDBL,58,50,38,400.0,15200.0
2016-03-21,201603213118929,REDBL,58,52,91,400.0,36400.0
2016-03-21,201603213118924,REDBL,58,45,63,400.0,25200.0
2016-03-21,201603213118921,REDBL,58,52,158,400.0,63200.0
2016-03-21,201603213118690,RHPC,48,45,52,463.0,24076.0
2016-03-21,201603213118657,RHPC,16,4,79,470.0,37130.0
2016-03-21,201603213118627,RHPC,16,57,20,472.0,9440.0
2016-03-21,201603213118622,RHPC,16,49,12,465.0,5580.0
2016-03-21,201603213118613,RHPC,16,49,12,465.0,5580.0
2016-03-21,201603213118597,RHPC,6,49,12,465.0,5580.0
2016-03-21,201603213118871,RMDC,41,6,34,985.0,33490.0
2016-03-21,201603213118854,RMDC,8,17,100,990.0,99000.0
2016-03-21,201603213118853,RMDC,21,17,60,990.0,59400.0
2016-03-21,201603213118548,RMDC,36,58,300,990.0,297000.0
2016-03-21,201603213118547,RMDC,36,58,200,990.0,198000.0
2016-03-21,201603213118864,SAFL,52,33,528,290.0,153120.0
2016-03-21,201603213118835,SAFL,52,38,56,290.0,16240.0
2016-03-21,201603213118947,SANIMA,33,28,40,780.0,31200.0
2016-03-21,201603213118811,SANIMA,57,41,150,779.0,116850.0
2016-03-21,201603213118710,SANIMA,49,4,105,781.0,82005.0
2016-03-21,201603213118696,SANIMA,49,56,60,782.0,46920.0
2016-03-21,201603213118695,SANIMA,49,13,40,781.0,31240.0
2016-03-21,201603213118684,SANIMA,26,33,300,780.0,234000.0
2016-03-21,201603213118683,SANIMA,26,33,230,780.0,179400.0
2016-03-21,201603213118587,SANIMA,49,21,500,778.0,389000.0
2016-03-21,201603213118557,SANIMA,6,33,20,780.0,15600.0
2016-03-21,201603213118556,SANIMA,6,11,30,780.0,23400.0
2016-03-21,201603213118904,SBI,55,43,100,1409.0,140900.0
2016-03-21,201603213118894,SBI,55,51,100,1408.0,140800.0
2016-03-21,201603213118757,SBI,41,43,100,1409.0,140900.0
2016-03-21,201603213118656,SBI,5,43,100,1409.0,140900.0
2016-03-21,201603213118870,SCB,11,41,93,2900.0,269700.0
2016-03-21,201603213118610,SCB,45,20,11,2900.0,31900.0
2016-03-21,201603213118578,SHL,26,38,1000,332.0,332000.0
2016-03-21,201603213118702,SHPC,5,45,18,851.0,15318.0
2016-03-21,201603213118699,SHPC,19,45,18,851.0,15318.0
2016-03-21,201603213118585,SICL,33,28,54,1760.0,95040.0
2016-03-21,201603213118994,SIL,1,43,82,1600.0,131200.0
2016-03-21,201603213118952,SIL,47,19,62,1600.0,99200.0
2016-03-21,201603213118877,SIL,45,28,100,1600.0,160000.0
2016-03-21,201603213118524,SIL,58,53,30,1605.0,48150.0
2016-03-21,201603213118521,SIL,58,19,70,1605.0,112350.0
2016-03-21,201603213119005,SINDU,52,57,100,334.0,33400.0
2016-03-21,201603213118833,SKBBL,47,51,79,1835.0,144965.0
2016-03-21,201603213118718,SKBBL,56,28,100,1850.0,185000.0
2016-03-21,201603213118980,SLICL,1,17,170,896.0,152320.0
2016-03-21,201603213118881,SLICL,42,42,1000,900.0,900000.0
2016-03-21,201603213118876,SLICL,1,45,167,905.0,151135.0
2016-03-21,201603213118865,SLICL,1,44,42,900.0,37800.0
2016-03-21,201603213118740,SRBL,49,1,50,478.0,23900.0
2016-03-21,201603213118609,SRBL,49,16,150,478.0,71700.0
2016-03-21,201603213118887,SWBBL,44,47,80,2280.0,182400.0
2016-03-21,201603213118874,SWBBL,44,40,20,2280.0,45600.0
2016-03-21,201603213118625,SYFL,33,35,510,125.0,63750.0
2016-03-21,201603213118875,UIC,49,14,300,822.0,246600.0
2016-03-21,201603213118606,UIC,49,14,200,822.0,164400.0
2016-03-21,201603213118604,UIC,49,17,50,821.0,41050.0
2016-03-21,201603213118546,UIC,40,14,200,822.0,164400.0
2016-03-21,201603213118540,VLBS,11,41,20,1468.0,29360.0
2016-03-21,201603213118851,WDBL,49,51,200,463.0,92600.0
2016-03-21,201603213118868,YETI,16,36,30,212.0,6360.0
2016-03-21,201603213118855,YETI,16,36,30,212.0,6360.0
2016-03-21,201603213118841,YETI,16,36,30,212.0,6360.0
2016-03-21,201603213118798,YETI,8,28,482,212.0,102184.0
2016-03-21,201603213118741,YETI,57,13,52,212.0,11024.0
2016-03-21,201603213118706,YETI,49,6,81,212.0,17172.0
2016-03-21,201603213118685,YETI,19,13,300,212.0,63600.0
2016-03-21,201603213118596,YETI,49,13,240,212.0,50880.0
2016-03-21,201603213115271,API,19,42,10,750.0,7500.0
2016-03-21,201603213115265,BPCL,25,48,90,680.0,61200.0
2016-03-21,201603213115247,BPCL,6,48,10,667.0,6670.0
2016-03-21,201603213115278,NHPC,10,8,2000,225.0,450000.0
2016-03-21,201603213115277,NHPC,48,49,2000,226.0,452000.0
2016-03-21,201603213115276,NHPC,10,45,1000,225.0,225000.0
2016-03-21,201603213115275,NHPC,10,8,1800,224.0,403200.0
2016-03-21,201603213115273,NHPC,45,8,200,224.0,44800.0
2016-03-21,201603213115269,NHPC,46,46,12000,225.0,2700000.0
2016-03-21,201603213115218,NHPC,42,20,500,222.0,111000.0
2016-03-21,201603213115214,NHPC,1,17,230,218.0,50140.0
2016-03-21,201603213115228,NHPC,48,40,500,235.0,117500.0
2016-03-21,201603213115227,NHPC,48,44,1000,235.0,235000.0
2016-03-21,201603213115224,NHPC,45,36,1000,234.0,234000.0
2016-03-21,201603213115223,NHPC,33,44,1000,230.0,230000.0
2016-03-21,201603213115221,NHPC,5,38,500,226.0,113000.0
2016-03-21,201603213115220,NHPC,5,44,660,226.0,149160.0
2016-03-21,201603213115235,NHPC,42,40,500,235.0,117500.0
2016-03-21,201603213115234,NHPC,42,36,1000,235.0,235000.0
2016-03-21,201603213115233,NHPC,42,44,1000,235.0,235000.0
2016-03-21,201603213115232,NHPC,42,18,1000,235.0,235000.0
2016-03-21,201603213115230,NHPC,48,33,1000,235.0,235000.0
2016-03-21,201603213115229,NHPC,48,36,1000,235.0,235000.0
2016-03-21,201603213115244,NHPC,57,35,1000,234.0,234000.0
2016-03-21,201603213115242,NHPC,42,44,500,235.0,117500.0
2016-03-21,201603213115241,NHPC,42,35,500,235.0,117500.0
2016-03-21,201603213115240,NHPC,42,36,1000,234.0,234000.0
2016-03-21,201603213115238,NHPC,5,35,1000,235.0,235000.0
2016-03-21,201603213115237,NHPC,42,35,6000,235.0,1410000.0
2016-03-21,201603213115253,NHPC,10,49,1000,226.0,226000.0
2016-03-21,201603213115252,NHPC,5,49,160,226.0,36160.0
2016-03-21,201603213115250,NHPC,26,20,100,230.0,23000.0
2016-03-21,201603213115249,NHPC,26,4,300,230.0,69000.0
2016-03-21,201603213115248,NHPC,7,17,3000,231.0,693000.0
2016-03-21,201603213115245,NHPC,54,44,2000,231.0,462000.0
2016-03-21,201603213115268,NHPC,47,40,150,222.0,33300.0
2016-03-21,201603213115264,NHPC,33,55,500,225.0,112500.0
2016-03-21,201603213115262,NHPC,47,40,200,222.0,44400.0
2016-03-21,201603213115259,NHPC,1,20,2500,218.0,545000.0
2016-03-21,201603213115258,NHPC,37,20,300,219.0,65700.0
2016-03-21,201603213115255,NHPC,21,35,2000,222.0,444000.0
2016-03-21,201603213115274,NLIC,32,32,800,3871.0,3096800.0
2016-03-21,201603213115270,NLIC,14,44,70,3940.0,275800.0
2016-03-21,201603213115260,NLIC,16,32,15,3950.0,59250.0
2016-03-21,201603213115257,NLIC,6,32,15,4020.0,60300.0
2016-03-21,201603213115251,NLIC,22,32,15,4020.0,60300.0
2016-03-21,201603213115243,NLIC,58,58,800,4100.0,3280000.0
2016-03-21,201603213115231,NLIC,46,21,100,4166.0,416600.0
2016-03-21,201603213115222,NLIC,46,21,100,4085.0,408500.0
2016-03-21,201603213115219,NLIC,46,8,30,4005.0,120150.0
2016-03-21,201603213115215,NLIC,6,8,30,3927.0,117810.0
2016-03-21,201603213115267,NLICL,11,8,50,2856.0,142800.0
2016-03-21,201603213115266,NLICL,11,44,200,2850.0,570000.0
2016-03-21,201603213115226,NMB,6,8,300,571.0,171300.0
2016-03-21,201603213115217,PCBL,55,16,49,550.0,26950.0
2016-03-21,201603213115263,RBBBL,25,11,36,269.0,9684.0
2016-03-21,201603213115261,RBBBL,25,14,336,265.0,89040.0
2016-03-21,201603213115272,WDBL,56,38,500,488.0,244000.0
2016-03-21,201603213115256,WDBL,26,53,596,488.0,290848.0
2016-03-21,201603213115254,WDBL,37,38,200,488.0,97600.0
2016-03-21,201603213115246,WDBL,17,25,18,479.0,8622.0
2016-03-21,201603213115239,WDBL,56,14,27,470.0,12690.0
2016-03-21,201603213115236,WDBL,56,25,100,461.0,46100.0
2016-03-21,201603213115225,WDBL,22,14,100,461.0,46100.0
2016-03-21,201603213115216,WDBL,55,41,249,452.0,112548.0
2016-03-21,201603213117156,ADBL,25,42,96,658.0,63168.0
2016-03-21,201603213117398,AHPC,8,13,500,330.0,165000.0
2016-03-21,201603213117397,AHPC,19,13,200,330.0,66000.0
2016-03-21,201603213117396,AHPC,7,13,500,330.0,165000.0
2016-03-21,201603213117395,AHPC,39,13,200,331.0,66200.0
2016-03-21,201603213117394,AHPC,52,13,300,332.0,99600.0
2016-03-21,201603213117388,AHPC,45,17,37,335.0,12395.0
2016-03-21,201603213117005,AHPC,43,43,100,335.0,33500.0
2016-03-21,201603213117424,ALDBL,14,5,500,520.0,260000.0
2016-03-21,201603213117039,ALDBL,7,56,11,521.0,5731.0
2016-03-21,201603213117315,ALICL,42,41,87,1460.0,127020.0
2016-03-21,201603213117186,ALICL,33,34,216,1460.0,315360.0
2016-03-21,201603213117003,ALICL,34,41,13,1455.0,18915.0
2016-03-21,201603213117493,API,4,49,26,742.0,19292.0
2016-03-21,201603213117465,API,4,26,10,741.0,7410.0
2016-03-21,201603213117458,API,4,26,10,741.0,7410.0
2016-03-21,201603213117443,API,17,26,10,740.0,7400.0
2016-03-21,201603213117376,API,16,26,10,740.0,7400.0
2016-03-21,201603213117372,API,16,26,10,740.0,7400.0
2016-03-21,201603213117142,API,42,39,26,743.0,19318.0
2016-03-21,201603213117121,API,6,29,94,746.0,70124.0
2016-03-21,201603213117071,API,6,47,10,746.0,7460.0
2016-03-21,201603213117057,API,6,29,120,746.0,89520.0
2016-03-21,201603213117265,API,17,39,26,740.0,19240.0
2016-03-21,201603213117264,API,41,39,26,740.0,19240.0
2016-03-21,201603213117241,API,22,39,151,741.0,111891.0
2016-03-21,201603213117239,API,22,39,90,741.0,66690.0
2016-03-21,201603213117238,API,26,39,60,741.0,44460.0
2016-03-21,201603213117237,API,7,39,50,742.0,37100.0
2016-03-21,201603213117363,API,6,39,26,740.0,19240.0
2016-03-21,201603213117362,API,6,39,26,740.0,19240.0
2016-03-21,201603213117361,API,6,39,26,740.0,19240.0
2016-03-21,201603213117360,API,6,39,26,740.0,19240.0
2016-03-21,201603213117359,API,6,39,26,740.0,19240.0
2016-03-21,201603213117358,API,6,39,26,740.0,19240.0
2016-03-21,201603213117490,ARDBL,48,25,300,250.0,75000.0
2016-03-21,201603213117489,ARDBL,29,25,100,250.0,25000.0
2016-03-21,201603213117481,ARDBL,48,25,100,251.0,25100.0
2016-03-21,201603213117266,ARDBL,48,6,400,251.0,100400.0
2016-03-21,201603213117256,ARDBL,16,16,22,253.0,5566.0
2016-03-21,201603213117254,ARDBL,16,6,342,253.0,86526.0
2016-03-21,201603213117206,ARDBL,48,25,350,251.0,87850.0
2016-03-21,201603213117401,BARUN,7,50,100,502.0,50200.0
2016-03-21,201603213117400,BARUN,7,4,10,501.0,5010.0
2016-03-21,201603213117399,BARUN,7,4,10,501.0,5010.0
2016-03-21,201603213117357,BFCL,11,58,160,180.0,28800.0
2016-03-21,201603213117356,BFCL,39,58,90,181.0,16290.0
2016-03-21,201603213117150,BFCL,43,4,83,181.0,15023.0
2016-03-21,201603213117377,BHBL,46,38,200,336.0,67200.0
2016-03-21,201603213117323,BLDBL,49,47,22,372.0,8184.0
2016-03-21,201603213117212,BLDBL,39,53,100,372.0,37200.0
2016-03-21,201603213117384,BPCL,13,11,250,645.0,161250.0
2016-03-21,201603213117255,BPCL,13,52,100,645.0,64500.0
2016-03-21,201603213117189,BPCL,13,36,400,645.0,258000.0
2016-03-21,201603213117188,BPCL,22,36,100,646.0,64600.0
2016-03-21,201603213117170,BPCL,39,19,50,647.0,32350.0
2016-03-21,201603213117154,BPCL,39,56,200,647.0,129400.0
2016-03-21,201603213116993,BPCL,33,16,1000,646.0,646000.0
2016-03-21,201603213117293,CBBL,34,17,68,1855.0,126140.0
2016-03-21,201603213117507,CCBL,45,43,42,382.0,16044.0
2016-03-21,201603213117373,CCBL,50,48,979,381.0,372999.0
2016-03-21,201603213117261,CCBL,53,10,1000,381.0,381000.0
2016-03-21,201603213117174,CCBL,14,32,163,382.0,62266.0
2016-03-21,201603213117477,CHCL,39,41,90,1325.0,119250.0
2016-03-21,201603213117476,CHCL,42,41,100,1326.0,132600.0
2016-03-21,201603213117454,CHCL,8,57,499,1326.0,661674.0
2016-03-21,201603213117217,CHCL,6,21,100,1330.0,133000.0
2016-03-21,201603213117216,CHCL,32,21,50,1330.0,66500.0
2016-03-21,201603213117215,CHCL,32,21,50,1330.0,66500.0
2016-03-21,201603213117214,CHCL,17,21,100,1331.0,133100.0
2016-03-21,201603213117210,CHCL,34,36,50,1332.0,66600.0
2016-03-21,201603213117169,CHCL,11,36,200,1332.0,266400.0
2016-03-21,201603213117115,CHCL,8,45,100,1335.0,133500.0
2016-03-21,201603213117055,CHCL,39,40,56,1332.0,74592.0
2016-03-21,201603213117506,CIT,19,17,100,3820.0,382000.0
2016-03-21,201603213117497,CIT,19,32,10,3800.0,38000.0
2016-03-21,201603213117453,CZBIL,37,16,299,696.0,208104.0
2016-03-21,201603213117437,CZBIL,41,41,54,697.0,37638.0
2016-03-21,201603213117423,CZBIL,41,41,300,697.0,209100.0
2016-03-21,201603213117414,CZBIL,47,41,200,699.0,139800.0
2016-03-21,201603213117402,CZBIL,45,58,50,700.0,35000.0
2016-03-21,201603213117382,CZBIL,47,52,200,699.0,139800.0
2016-03-21,201603213117052,CZBIL,53,35,500,699.0,349500.0
2016-03-21,201603213117017,CZBIL,47,35,500,699.0,349500.0
2016-03-21,201603213117173,CZBIL,53,35,500,699.0,349500.0
2016-03-21,201603213117172,CZBIL,56,58,150,700.0,105000.0
2016-03-21,201603213117161,CZBIL,6,35,500,699.0,349500.0
2016-03-21,201603213117160,CZBIL,6,4,500,699.0,349500.0
2016-03-21,201603213117128,CZBIL,6,28,20,696.0,13920.0
2016-03-21,201603213117119,CZBIL,47,39,1000,697.0,697000.0
2016-03-21,201603213117318,CZBIL,19,59,20,699.0,13980.0
2016-03-21,201603213117316,CZBIL,55,58,100,700.0,70000.0
2016-03-21,201603213117296,CZBIL,47,51,400,699.0,279600.0
2016-03-21,201603213117294,CZBIL,19,41,200,699.0,139800.0
2016-03-21,201603213117273,CZBIL,19,39,200,699.0,139800.0
2016-03-21,201603213117272,CZBIL,19,26,500,697.0,348500.0
2016-03-21,201603213117364,CZBIL,45,58,500,700.0,350000.0
2016-03-21,201603213117354,CZBIL,45,42,33,699.0,23067.0
2016-03-21,201603213117336,CZBIL,56,13,134,698.0,93532.0
2016-03-21,201603213117332,CZBIL,47,52,100,699.0,69900.0
2016-03-21,201603213117331,CZBIL,19,52,80,699.0,55920.0
2016-03-21,201603213117436,DBBL,48,46,610,241.0,147010.0
2016-03-21,201603213117267,DBBL,49,56,300,242.0,72600.0
2016-03-21,201603213117504,DDBL,8,16,40,2526.0,101040.0
2016-03-21,201603213117503,DDBL,10,16,200,2527.0,505400.0
2016-03-21,201603213117502,DDBL,48,16,20,2528.0,50560.0
2016-03-21,201603213117501,DDBL,50,16,150,2550.0,382500.0
2016-03-21,201603213117500,DDBL,50,16,50,2555.0,127750.0
2016-03-21,201603213117374,DDBL,50,47,100,2570.0,257000.0
2016-03-21,201603213116992,EBL,35,28,100,2501.0,250100.0
2016-03-21,201603213117291,EBL,50,40,187,2510.0,469370.0
2016-03-21,201603213117290,EBL,50,57,50,2510.0,125500.0
2016-03-21,201603213117289,EBL,50,38,100,2510.0,251000.0
2016-03-21,201603213117275,EBL,50,41,75,2510.0,188250.0
2016-03-21,201603213117251,EBL,6,34,56,2505.0,140280.0
2016-03-21,201603213117494,FMDBL,41,55,300,1255.0,376500.0
2016-03-21,201603213117488,FMDBL,44,26,148,1254.0,185592.0
2016-03-21,201603213117472,FMDBL,44,22,100,1250.0,125000.0
2016-03-21,201603213117253,FMDBL,58,6,100,1238.0,123800.0
2016-03-21,201603213117026,FMDBL,58,58,179,1238.0,221602.0
2016-03-21,201603213117475,GBBL,5,57,50,360.0,18000.0
2016-03-21,201603213117412,GBBL,17,29,300,360.0,108000.0
2016-03-21,201603213117234,GBIME,25,6,600,475.0,285000.0
2016-03-21,201603213117233,GBIME,25,17,1690,475.0,802750.0
2016-03-21,201603213117203,GBIME,6,56,300,473.0,141900.0
2016-03-21,201603213117202,GBIME,5,56,450,473.0,212850.0
2016-03-21,201603213117201,GBIME,51,56,10,474.0,4740.0
2016-03-21,201603213117190,GBIME,49,58,5108,475.0,2426300.0
2016-03-21,201603213117077,GBIME,19,42,23,475.0,10925.0
2016-03-21,201603213117064,GBIME,19,42,61,470.0,28670.0
2016-03-21,201603213117059,GBIME,21,50,394,475.0,187150.0
2016-03-21,201603213117165,GBIME,49,16,53,474.0,25122.0
2016-03-21,201603213117158,GBIME,5,17,200,475.0,95000.0
2016-03-21,201603213117152,GBIME,51,17,90,474.0,42660.0
2016-03-21,201603213117130,GBIME,19,17,100,475.0,47500.0
2016-03-21,201603213117125,GBIME,33,17,10,475.0,4750.0
2016-03-21,201603213117103,GBIME,49,40,43,475.0,20425.0
2016-03-21,201603213117305,GLICL,58,7,500,745.0,372500.0
2016-03-21,201603213117060,GLICL,57,57,111,745.0,82695.0
2016-03-21,201603213117350,GMFIL,43,39,50,249.0,12450.0
2016-03-21,201603213117383,HAMA,43,51,480,243.0,116640.0
2016-03-21,201603213117439,HBL,49,53,150,1140.0,171000.0
2016-03-21,201603213117209,HBL,14,39,300,1131.0,339300.0
2016-03-21,201603213117208,HBL,17,39,300,1132.0,339600.0
2016-03-21,201603213117498,HGI,42,46,100,980.0,98000.0
2016-03-21,201603213117435,HGI,49,48,200,975.0,195000.0
2016-03-21,201603213117434,HGI,13,48,1000,975.0,975000.0
2016-03-21,201603213117433,HGI,49,48,250,975.0,243750.0
2016-03-21,201603213117432,HGI,56,48,100,976.0,97600.0
2016-03-21,201603213117411,HGI,56,16,300,976.0,292800.0
2016-03-21,201603213117299,HGI,49,36,750,975.0,731250.0
2016-03-21,201603213117298,HGI,48,36,150,977.0,146550.0
2016-03-21,201603213117213,HGI,59,50,180,982.0,176760.0
2016-03-21,201603213117207,HGI,25,29,100,980.0,98000.0
2016-03-21,201603213117040,HGI,58,50,200,982.0,196400.0
2016-03-21,201603213117271,ICFC,49,17,300,281.0,84300.0
2016-03-21,201603213117471,ILFCM,40,42,10,1260.0,12600.0
2016-03-21,201603213117444,ILFCM,40,42,10,1255.0,12550.0
2016-03-21,201603213117438,ILFCM,40,42,10,1250.0,12500.0
2016-03-21,201603213117335,ILFCM,40,16,100,1260.0,126000.0
2016-03-21,201603213117324,ILFCM,40,6,65,1260.0,81900.0
2016-03-21,201603213117312,ILFCM,40,29,45,1259.0,56655.0
2016-03-21,201603213116995,ILFCM,40,16,200,1250.0,250000.0
2016-03-21,201603213116985,ILFCM,40,47,50,1240.0,62000.0
2016-03-21,201603213117311,ILFCM,40,42,100,1255.0,125500.0
2016-03-21,201603213117259,ILFCM,40,11,15,1250.0,18750.0
2016-03-21,201603213117104,ILFCM,40,56,10,1250.0,12500.0
2016-03-21,201603213117022,ILFCM,40,44,60,1250.0,75000.0
2016-03-21,201603213117020,ILFCM,40,41,500,1260.0,630000.0
2016-03-21,201603213117001,ILFCM,40,59,125,1250.0,156250.0
2016-03-21,201603213117309,JFL,39,56,50,337.0,16850.0
2016-03-21,201603213117375,KCDBL,16,16,159,306.0,48654.0
2016-03-21,201603213117134,KCDBL,18,17,54,304.0,16416.0
2016-03-21,201603213117151,KDBL,16,10,1000,252.0,252000.0
2016-03-21,201603213117135,KDBL,16,10,500,253.0,126500.0
2016-03-21,201603213117492,LBL,45,43,100,632.0,63200.0
2016-03-21,201603213117464,LBL,13,17,400,634.0,253600.0
2016-03-21,201603213117378,LBL,22,40,50,635.0,31750.0
2016-03-21,201603213117157,LBL,26,45,100,636.0,63600.0
2016-03-21,201603213117479,LICN,36,53,200,3800.0,760000.0
2016-03-21,201603213117337,LLBS,45,13,41,2400.0,98400.0
2016-03-21,201603213117302,LLBS,45,17,100,2400.0,240000.0
2016-03-21,201603213117195,LLBS,45,22,10,2400.0,24000.0
2016-03-21,201603213117194,LLBS,45,34,10,2400.0,24000.0
2016-03-21,201603213117193,LLBS,45,34,10,2400.0,24000.0
2016-03-21,201603213117179,LLBS,45,57,202,2400.0,484800.0
2016-03-21,201603213117508,LVF1,47,11,1000,10.72,10720.0
2016-03-21,201603213117403,MDB,16,39,100,617.0,61700.0
2016-03-21,201603213117159,MDB,57,17,200,620.0,124000.0
2016-03-21,201603213117116,MDB,39,17,200,620.0,124000.0
2016-03-21,201603213117499,MIDBL,59,53,50,333.0,16650.0
2016-03-21,201603213117430,MIDBL,59,59,200,327.0,65400.0
2016-03-21,201603213117418,MIDBL,59,53,20,321.0,6420.0
2016-03-21,201603213117425,MNBBL,18,26,30,879.0,26370.0
2016-03-21,201603213117211,MNBBL,41,26,150,879.0,131850.0
2016-03-21,201603213117035,MNBBL,32,35,1000,879.0,879000.0
2016-03-21,201603213117123,MNBBL,28,26,200,879.0,175800.0
2016-03-21,201603213117353,NABIL,37,49,200,1922.0,384400.0
2016-03-21,201603213117288,NABIL,38,16,300,1925.0,577500.0
2016-03-21,201603213117287,NABIL,26,16,100,1925.0,192500.0
2016-03-21,201603213117286,NABIL,25,16,200,1925.0,385000.0
2016-03-21,201603213117285,NABIL,34,16,100,1926.0,192600.0
2016-03-21,201603213117284,NABIL,26,16,100,1927.0,192700.0
2016-03-21,201603213117138,NABIL,25,56,200,1925.0,385000.0
2016-03-21,201603213117137,NABIL,34,16,29,1926.0,55854.0
2016-03-21,201603213117122,NABIL,34,41,100,1926.0,192600.0
2016-03-21,201603213117114,NABIL,6,7,188,1927.0,362276.0
2016-03-21,201603213117510,NABILP,40,32,44,1485.0,65340.0
2016-03-21,201603213117509,NABILP,40,42,30,1485.0,44550.0
2016-03-21,201603213117393,NABILP,6,44,80,1483.0,118640.0
2016-03-21,201603213117392,NABILP,45,44,500,1483.0,741500.0
2016-03-21,201603213117391,NABILP,46,44,20,1485.0,29700.0
2016-03-21,201603213117344,NABILP,46,41,10,1485.0,14850.0
2016-03-21,201603213117002,NABILP,41,28,200,1481.0,296200.0
2016-03-21,201603213117461,NBB,50,6,220,540.0,118800.0
2016-03-21,201603213117422,NBB,45,6,100,540.0,54000.0
2016-03-21,201603213117416,NBB,26,6,50,540.0,27000.0
2016-03-21,201603213117415,NBB,10,6,130,540.0,70200.0
2016-03-21,201603213117381,NBB,1,10,255,541.0,137955.0
2016-03-21,201603213117274,NBB,10,58,170,540.0,91800.0
2016-03-21,201603213117118,NBB,39,49,500,543.0,271500.0
2016-03-21,201603213117245,NBB,6,58,190,540.0,102600.0
2016-03-21,201603213117244,NBB,10,58,170,540.0,91800.0
2016-03-21,201603213117243,NBB,22,58,500,541.0,270500.0
2016-03-21,201603213117242,NBB,52,58,50,542.0,27100.0
2016-03-21,201603213117145,NBB,52,56,450,542.0,243900.0
2016-03-21,201603213117136,NBB,39,56,500,543.0,271500.0
2016-03-21,201603213117252,NBB,45,58,60,540.0,32400.0
2016-03-21,201603213117250,NBB,34,58,300,540.0,162000.0
2016-03-21,201603213117249,NBB,47,58,200,540.0,108000.0
2016-03-21,201603213117248,NBB,36,58,800,540.0,432000.0
2016-03-21,201603213117247,NBB,44,58,800,540.0,432000.0
2016-03-21,201603213117246,NBB,54,58,60,540.0,32400.0
2016-03-21,201603213117491,NBL,45,53,1000,402.0,402000.0
2016-03-21,201603213117487,NBL,55,53,300,402.0,120600.0
2016-03-21,201603213117368,NBL,55,40,200,402.0,80400.0
2016-03-21,201603213117351,NBL,54,55,70,405.0,28350.0
2016-03-21,201603213117080,NBL,22,10,500,405.0,202500.0
2016-03-21,201603213117079,NBL,54,10,200,405.0,81000.0
2016-03-21,201603213117078,NBL,19,10,50,405.0,20250.0
2016-03-21,201603213117072,NBL,54,10,300,405.0,121500.0
2016-03-21,201603213117086,NBL,28,10,2000,402.0,804000.0
2016-03-21,201603213117085,NBL,50,10,950,402.0,381900.0
2016-03-21,201603213117084,NBL,19,10,500,403.0,201500.0
2016-03-21,201603213117083,NBL,53,10,1000,403.0,403000.0
2016-03-21,201603213117082,NBL,36,10,100,403.0,40300.0
2016-03-21,201603213117081,NBL,50,10,1400,404.0,565600.0
2016-03-21,201603213117092,NBL,25,10,500,401.0,200500.0
2016-03-21,201603213117091,NBL,53,10,300,401.0,120300.0
2016-03-21,201603213117090,NBL,53,10,500,401.0,200500.0
2016-03-21,201603213117089,NBL,1,10,1000,401.0,401000.0
2016-03-21,201603213117088,NBL,53,10,500,401.0,200500.0
2016-03-21,201603213117087,NBL,25,10,300,402.0,120600.0
2016-03-21,201603213117098,NBL,25,10,2000,400.0,800000.0
2016-03-21,201603213117097,NBL,6,10,1000,400.0,400000.0
2016-03-21,201603213117096,NBL,25,10,500,400.0,200000.0
2016-03-21,201603213117095,NBL,19,10,430,400.0,172000.0
2016-03-21,201603213117094,NBL,54,10,500,401.0,200500.0
2016-03-21,201603213117093,NBL,25,10,250,401.0,100250.0
2016-03-21,201603213117301,NBL,25,6,100,404.0,40400.0
2016-03-21,201603213117149,NBL,54,58,250,404.0,101000.0
2016-03-21,201603213117101,NBL,25,10,1520,400.0,608000.0
2016-03-21,201603213117100,NBL,42,10,17000,400.0,6800000.0
2016-03-21,201603213117099,NBL,19,10,1000,400.0,400000.0
2016-03-21,201603213117496,NHPC,41,34,1210,220.0,266200.0
2016-03-21,201603213117484,NHPC,48,34,500,220.0,110000.0
2016-03-21,201603213117482,NHPC,26,44,500,220.0,110000.0
2016-03-21,201603213117469,NHPC,41,44,1000,220.0,220000.0
2016-03-21,201603213117468,NHPC,53,44,2500,220.0,550000.0
2016-03-21,201603213117463,NHPC,53,42,500,220.0,110000.0
2016-03-21,201603213117066,NHPC,42,33,500,225.0,112500.0
2016-03-21,201603213117045,NHPC,35,33,300,225.0,67500.0
2016-03-21,201603213117036,NHPC,49,11,500,225.0,112500.0
2016-03-21,201603213117110,NHPC,1,32,1000,223.0,223000.0
2016-03-21,201603213117109,NHPC,48,32,1000,223.0,223000.0
2016-03-21,201603213117108,NHPC,48,32,10,224.0,2240.0
2016-03-21,201603213117107,NHPC,1,32,500,224.0,112000.0
2016-03-21,201603213117106,NHPC,49,32,1500,224.0,336000.0
2016-03-21,201603213117105,NHPC,34,32,150,224.0,33600.0
2016-03-21,201603213117140,NHPC,17,46,160,222.0,35520.0
2016-03-21,201603213117133,NHPC,48,59,2000,222.0,444000.0
2016-03-21,201603213117129,NHPC,41,59,2000,221.0,442000.0
2016-03-21,201603213117113,NHPC,17,32,4840,222.0,1074480.0
2016-03-21,201603213117112,NHPC,16,32,1000,222.0,222000.0
2016-03-21,201603213117111,NHPC,45,32,2000,222.0,444000.0
2016-03-21,201603213117178,NHPC,38,22,500,220.0,110000.0
2016-03-21,201603213117176,NHPC,41,37,500,221.0,110500.0
2016-03-21,201603213117164,NHPC,38,58,1340,220.0,294800.0
2016-03-21,201603213117163,NHPC,21,58,500,221.0,110500.0
2016-03-21,201603213117162,NHPC,41,58,160,221.0,35360.0
2016-03-21,201603213117141,NHPC,41,46,4840,221.0,1069640.0
2016-03-21,201603213117240,NHPC,22,38,300,220.0,66000.0
2016-03-21,201603213117229,NHPC,17,20,500,220.0,110000.0
2016-03-21,201603213117228,NHPC,38,20,160,220.0,35200.0
2016-03-21,201603213117196,NHPC,48,41,500,221.0,110500.0
2016-03-21,201603213117192,NHPC,32,17,1000,220.0,220000.0
2016-03-21,201603213117191,NHPC,32,34,1000,220.0,220000.0
2016-03-21,201603213117304,NHPC,22,20,1500,220.0,330000.0
2016-03-21,201603213117303,NHPC,49,20,500,220.0,110000.0
2016-03-21,201603213117297,NHPC,49,58,1000,220.0,220000.0
2016-03-21,201603213117263,NHPC,49,57,500,220.0,110000.0
2016-03-21,201603213117262,NHPC,22,57,1300,220.0,286000.0
2016-03-21,201603213117258,NHPC,22,53,1400,220.0,308000.0
2016-03-21,201603213117345,NHPC,54,42,1000,221.0,221000.0
2016-03-21,201603213117330,NHPC,48,44,3000,220.0,660000.0
2016-03-21,201603213117329,NHPC,48,19,500,220.0,110000.0
2016-03-21,201603213117317,NHPC,7,44,2000,219.0,438000.0
2016-03-21,201603213117310,NHPC,7,19,500,220.0,110000.0
2016-03-21,201603213117307,NHPC,41,20,1000,220.0,220000.0
2016-03-21,201603213117380,NHPC,54,34,2000,218.0,436000.0
2016-03-21,201603213117379,NHPC,41,34,1000,219.0,219000.0
2016-03-21,201603213117349,NHPC,11,42,230,217.0,49910.0
2016-03-21,201603213117348,NHPC,26,42,1500,218.0,327000.0
2016-03-21,201603213117347,NHPC,1,42,2000,218.0,436000.0
2016-03-21,201603213117346,NHPC,1,42,270,218.0,58860.0
2016-03-21,201603213117406,NHPC,48,42,1500,218.0,327000.0
2016-03-21,201603213117405,NHPC,41,42,200,219.0,43800.0
2016-03-21,201603213117390,NHPC,41,56,500,218.0,109000.0
2016-03-21,201603213117389,NHPC,41,34,300,218.0,65400.0
2016-03-21,201603213117387,NHPC,49,34,200,218.0,43600.0
2016-03-21,201603213117385,NHPC,49,34,1500,218.0,327000.0
2016-03-21,201603213117447,NHPC,54,34,150,218.0,32700.0
2016-03-21,201603213117446,NHPC,10,52,2000,218.0,436000.0
2016-03-21,201603213117429,NHPC,45,51,400,220.0,88000.0
2016-03-21,201603213117420,NHPC,54,42,1850,218.0,403300.0
2016-03-21,201603213117413,NHPC,54,54,1000,218.0,218000.0
2016-03-21,201603213117407,NHPC,11,42,1300,217.0,282100.0
2016-03-21,201603213117457,NHPC,53,21,500,220.0,110000.0
2016-03-21,201603213117452,NHPC,53,44,5000,220.0,1100000.0
2016-03-21,201603213117451,NHPC,53,51,300,220.0,66000.0
2016-03-21,201603213117450,NHPC,53,14,1200,220.0,264000.0
2016-03-21,201603213117449,NHPC,33,34,550,218.0,119900.0
2016-03-21,201603213117448,NHPC,41,34,1000,218.0,218000.0
2016-03-21,201603213117232,NIB,5,17,50,963.0,48150.0
2016-03-21,201603213117073,NIB,50,49,200,955.0,191000.0
2016-03-21,201603213117171,NIBPO,41,57,500,840.0,420000.0
2016-03-21,201603213117048,NICA,32,48,175,754.0,131950.0
2016-03-21,201603213117030,NICA,32,44,170,755.0,128350.0
2016-03-21,201603213117366,NIL,47,13,200,1120.0,224000.0
2016-03-21,201603213117365,NIL,58,13,100,1120.0,112000.0
2016-03-21,201603213117322,NIL,58,13,400,1120.0,448000.0
2016-03-21,201603213117321,NIL,44,13,1500,1121.0,1681500.0
2016-03-21,201603213117320,NIL,36,13,1000,1123.0,1123000.0
2016-03-21,201603213117319,NIL,42,13,100,1123.0,112300.0
2016-03-21,201603213117076,NIL,22,17,19,1122.0,21318.0
2016-03-21,201603213117037,NIL,36,10,1000,1130.0,1130000.0
2016-03-21,201603213117417,NLG,6,26,500,1122.0,561000.0
2016-03-21,201603213117505,NLIC,28,7,80,3880.0,310400.0
2016-03-21,201603213117485,NLIC,28,52,50,3880.0,194000.0
2016-03-21,201603213117473,NLIC,28,17,100,3880.0,388000.0
2016-03-21,201603213117132,NLIC,41,41,100,3900.0,390000.0
2016-03-21,201603213117019,NLIC,58,57,500,3900.0,1950000.0
2016-03-21,201603213117018,NLIC,45,57,50,3900.0,195000.0
2016-03-21,201603213117175,NLICL,54,44,500,2790.0,1395000.0
2016-03-21,201603213117063,NLICL,54,37,200,2800.0,560000.0
2016-03-21,201603213117062,NLICL,54,37,100,2800.0,280000.0
2016-03-21,201603213117061,NLICL,54,44,200,2800.0,560000.0
2016-03-21,201603213117483,NMB,32,35,400,578.0,231200.0
2016-03-21,201603213117470,NMB,32,32,22,579.0,12738.0
2016-03-21,201603213117445,NMB,32,32,22,579.0,12738.0
2016-03-21,201603213117386,NMB,46,53,300,580.0,174000.0
2016-03-21,201603213117371,NMB,10,50,300,581.0,174300.0
2016-03-21,201603213117343,NMB,54,50,500,580.0,290000.0
2016-03-21,201603213117075,NMB,33,1,150,584.0,87600.0
2016-03-21,201603213116984,NMB,33,6,600,582.0,349200.0
2016-03-21,201603213117183,NMB,49,58,100,581.0,58100.0
2016-03-21,201603213117182,NMB,28,58,500,582.0,291000.0
2016-03-21,201603213117181,NMB,5,58,250,582.0,145500.0
2016-03-21,201603213117180,NMB,49,58,150,582.0,87300.0
2016-03-21,201603213117127,NMB,49,53,450,582.0,261900.0
2016-03-21,201603213117126,NMB,33,46,11,584.0,6424.0
2016-03-21,201603213117225,NMB,33,42,120,580.0,69600.0
2016-03-21,201603213117222,NMB,49,49,1296,582.0,754272.0
2016-03-21,201603213117204,NMB,49,58,29,581.0,16849.0
2016-03-21,201603213117200,NMB,6,6,1000,582.0,582000.0
2016-03-21,201603213117185,NMB,33,46,11,584.0,6424.0
2016-03-21,201603213117184,NMB,33,42,600,584.0,350400.0
2016-03-21,201603213117342,NMB,39,50,560,580.0,324800.0
2016-03-21,201603213117341,NMB,57,50,500,580.0,290000.0
2016-03-21,201603213117340,NMB,49,50,500,580.0,290000.0
2016-03-21,201603213117339,NMB,47,50,100,580.0,58000.0
2016-03-21,201603213117338,NMB,33,50,150,580.0,87000.0
2016-03-21,201603213117230,NMB,6,6,1000,582.0,582000.0
2016-03-21,201603213117300,NUBL,49,28,17,1765.0,30005.0
2016-03-21,201603213117292,NUBL,32,28,20,1770.0,35400.0
2016-03-21,201603213117431,OHL,14,38,150,469.0,70350.0
2016-03-21,201603213117408,OHL,47,7,200,466.0,93200.0
2016-03-21,201603213117260,PCBL,1,49,429,545.0,233805.0
2016-03-21,201603213117029,PCBL,41,25,110,550.0,60500.0
2016-03-21,201603213117308,PFL,17,47,240,330.0,79200.0
2016-03-21,201603213117419,PIC,49,49,791,1305.0,1032255.0
2016-03-21,201603213117370,PIC,50,58,100,1310.0,131000.0
2016-03-21,201603213117369,PIC,50,58,100,1311.0,131100.0
2016-03-21,201603213117326,PIC,50,17,50,1311.0,65550.0
2016-03-21,201603213117325,PIC,32,17,50,1311.0,65550.0
2016-03-21,201603213117235,PIC,32,17,300,1310.0,393000.0
2016-03-21,201603213117224,PIC,33,32,1000,1311.0,1311000.0
2016-03-21,201603213117333,PICL,38,49,500,1025.0,512500.0
2016-03-21,201603213117441,PLIC,20,29,20,1780.0,35600.0
2016-03-21,201603213117295,PLIC,5,55,100,1783.0,178300.0
2016-03-21,201603213117120,PRDBL,1,40,33,223.0,7359.0
2016-03-21,201603213117474,RBBBL,8,1,36,291.0,10476.0
2016-03-21,201603213117168,RBBBL,51,25,15,291.0,4365.0
2016-03-21,201603213117167,RBBBL,51,25,120,291.0,34920.0
2016-03-21,201603213117153,RBBBL,51,25,200,291.0,58200.0
2016-03-21,201603213117041,RBBBL,45,21,43,290.0,12470.0
2016-03-21,201603213117139,RBBBL,8,25,300,291.0,87300.0
2016-03-21,201603213117068,RBBBL,25,7,50,291.0,14550.0
2016-03-21,201603213117067,RBBBL,25,26,390,291.0,113490.0
2016-03-21,201603213117047,RBBBL,45,26,150,291.0,43650.0
2016-03-21,201603213117046,RBBBL,45,25,100,291.0,29100.0
2016-03-21,201603213117102,REDBL,44,29,265,399.0,105735.0
2016-03-21,201603213117131,RMDC,49,38,50,1000.0,50000.0
2016-03-21,201603213117486,SANIMA,28,47,100,780.0,78000.0
2016-03-21,201603213117462,SANIMA,16,56,200,782.0,156400.0
2016-03-21,201603213117428,SANIMA,45,11,110,781.0,85910.0
2016-03-21,201603213117355,SANIMA,46,56,200,782.0,156400.0
2016-03-21,201603213117328,SANIMA,45,19,70,781.0,54670.0
2016-03-21,201603213117327,SANIMA,45,8,220,781.0,171820.0
2016-03-21,201603213117028,SANIMA,53,26,100,781.0,78100.0
2016-03-21,201603213117000,SANIMA,33,53,240,780.0,187200.0
2016-03-21,201603213117278,SANIMA,34,41,100,778.0,77800.0
2016-03-21,201603213117277,SANIMA,45,41,200,778.0,155600.0
2016-03-21,201603213117221,SANIMA,45,8,250,780.0,195000.0
2016-03-21,201603213117220,SANIMA,33,8,80,780.0,62400.0
2016-03-21,201603213117219,SANIMA,53,8,50,781.0,39050.0
2016-03-21,201603213117166,SANIMA,53,42,100,781.0,78100.0
2016-03-21,201603213117495,SBI,17,6,200,1423.0,284600.0
2016-03-21,201603213117025,SBI,32,45,60,1422.0,85320.0
2016-03-21,201603213117334,SCB,45,16,61,2915.0,177815.0
2016-03-21,201603213117033,SCB,13,58,100,2930.0,293000.0
2016-03-21,201603213117227,SEOS,48,45,5000,11.0,55000.0
2016-03-21,201603213117226,SEOS,48,45,5000,11.0,55000.0
2016-03-21,201603213117467,SEWA,26,28,200,322.0,64400.0
2016-03-21,201603213117466,SEWA,21,28,100,323.0,32300.0
2016-03-21,201603213117427,SEWA,21,5,100,323.0,32300.0
2016-03-21,201603213117426,SEWA,21,5,200,323.0,64600.0
2016-03-21,201603213117236,SEWA,26,42,22,323.0,7106.0
2016-03-21,201603213117177,SEWA,21,22,500,328.0,164000.0
2016-03-21,201603213117124,SEWA,7,7,500,328.0,164000.0
2016-03-21,201603213117074,SEWA,7,51,22,327.0,7194.0
2016-03-21,201603213117306,SHL,14,49,800,329.0,263200.0
2016-03-21,201603213117148,SIC,53,6,200,1410.0,282000.0
2016-03-21,201603213117147,SIC,47,6,100,1410.0,141000.0
2016-03-21,201603213117038,SICL,14,29,22,1785.0,39270.0
2016-03-21,201603213117032,SICL,49,29,22,1799.0,39578.0
2016-03-21,201603213117512,SIL,6,21,200,1620.0,324000.0
2016-03-21,201603213117511,SIL,7,21,200,1620.0,324000.0
2016-03-21,201603213117442,SIL,20,47,300,1621.0,486300.0
2016-03-21,201603213117117,SIL,21,56,100,1630.0,163000.0
2016-03-21,201603213116999,SIL,45,54,550,1632.0,897600.0
2016-03-21,201603213117460,SLICL,38,44,300,911.0,273300.0
2016-03-21,201603213117459,SLICL,1,44,200,912.0,182400.0
2016-03-21,201603213117421,SLICL,49,5,45,914.0,41130.0
2016-03-21,201603213117231,SLICL,16,57,500,912.0,456000.0
2016-03-21,201603213117065,SLICL,16,38,100,915.0,91500.0
2016-03-21,201603213117042,SLICL,16,34,200,915.0,183000.0
2016-03-21,201603213117004,SLICL,16,34,500,914.0,457000.0
2016-03-21,201603213117480,SRBL,17,19,16,476.0,7616.0
2016-03-21,201603213117440,SYFL,33,32,500,130.0,65000.0
2016-03-21,201603213117352,SYFL,33,32,798,132.0,105336.0
2016-03-21,201603213117313,SYFL,53,32,400,134.0,53600.0
2016-03-21,201603213117283,SYFL,53,38,600,134.0,80400.0
2016-03-21,201603213117270,SYFL,53,35,4000,134.0,536000.0
2016-03-21,201603213117269,SYFL,48,35,1000,135.0,135000.0
2016-03-21,201603213117268,SYFL,38,35,550,135.0,74250.0
2016-03-21,201603213117223,SYFL,38,29,450,135.0,60750.0
2016-03-21,201603213117199,SYFL,1,29,500,136.0,68000.0
2016-03-21,201603213117198,SYFL,1,29,950,137.0,130150.0
2016-03-21,201603213117197,SYFL,51,29,100,138.0,13800.0
2016-03-21,201603213117027,SYFL,48,39,700,138.0,96600.0
2016-03-21,201603213117282,TBBL,1,5,109,309.0,33681.0
2016-03-21,201603213117144,TBBL,58,22,1000,310.0,310000.0
2016-03-21,201603213117143,TBBL,47,22,500,310.0,155000.0
2016-03-21,201603213117456,UIC,49,36,520,821.0,426920.0
2016-03-21,201603213117455,UIC,25,36,60,823.0,49380.0
2016-03-21,201603213117410,UIC,25,10,40,823.0,32920.0
2016-03-21,201603213117409,UIC,49,10,500,825.0,412500.0
2016-03-21,201603213117404,WDBL,41,5,26,460.0,11960.0
2016-03-21,201603213117367,WDBL,41,44,160,460.0,73600.0
2016-03-21,201603213117257,WDBL,25,29,60,456.0,27360.0
2016-03-21,201603213117146,WDBL,42,44,150,460.0,69000.0
2016-03-21,201603213117054,WDBL,45,29,200,460.0,92000.0
2016-03-21,201603213117053,WDBL,45,29,100,460.0,46000.0
2016-03-21,201603213117478,YETI,49,41,140,212.0,29680.0
2016-03-21,201603213117155,YETI,49,35,300,212.0,63600.0
2016-03-21,201603213116998,YETI,57,13,50,212.0,10600.0
2016-03-21,201603213115749,ADBL,14,50,70,665.0,46550.0
2016-03-21,201603213115748,ADBL,14,50,70,665.0,46550.0
2016-03-21,201603213115697,ADBL,20,36,42,665.0,27930.0
2016-03-21,201603213115681,ADBL,20,51,90,664.0,59760.0
2016-03-21,201603213115661,ADBL,39,39,33,663.0,21879.0
2016-03-21,201603213115495,AHPC,26,50,500,342.0,171000.0
2016-03-21,201603213115385,AHPC,48,45,486,345.0,167670.0
2016-03-21,201603213115384,AHPC,48,11,100,345.0,34500.0
2016-03-21,201603213115761,ALDBL,26,52,100,512.0,51200.0
2016-03-21,201603213115750,ALDBL,26,52,40,512.0,20480.0
2016-03-21,201603213115519,ALDBL,38,22,36,520.0,18720.0
2016-03-21,201603213115518,ALDBL,38,39,40,520.0,20800.0
2016-03-21,201603213115307,ALDBL,28,22,300,510.0,153000.0
2016-03-21,201603213115306,ALDBL,28,28,10,500.0,5000.0
2016-03-21,201603213115516,ALICL,36,47,128,1480.0,189440.0
2016-03-21,201603213115515,ALICL,36,41,50,1480.0,74000.0
2016-03-21,201603213115462,ALICL,6,45,100,1475.0,147500.0
2016-03-21,201603213115286,ALICL,56,42,71,1479.0,105009.0
2016-03-21,201603213115759,API,19,40,100,751.0,75100.0
2016-03-21,201603213115739,API,13,18,48,748.0,35904.0
2016-03-21,201603213115728,API,22,40,500,750.0,375000.0
2016-03-21,201603213115727,API,22,40,30,750.0,22500.0
2016-03-21,201603213115726,API,20,18,130,749.0,97370.0
2016-03-21,201603213115715,API,34,40,100,750.0,75000.0
2016-03-21,201603213115343,API,19,41,561,745.0,417945.0
2016-03-21,201603213115415,API,42,41,21,750.0,15750.0
2016-03-21,201603213115414,API,42,41,10,750.0,7500.0
2016-03-21,201603213115408,API,59,50,26,750.0,19500.0
2016-03-21,201603213115405,API,59,50,26,750.0,19500.0
2016-03-21,201603213115398,API,19,20,555,749.0,415695.0
2016-03-21,201603213115371,API,59,50,26,750.0,19500.0
2016-03-21,201603213115455,API,48,19,116,750.0,87000.0
2016-03-21,201603213115454,API,48,41,10,750.0,7500.0
2016-03-21,201603213115431,API,19,45,16,750.0,12000.0
2016-03-21,201603213115428,API,19,40,70,750.0,52500.0
2016-03-21,201603213115427,API,42,40,30,750.0,22500.0
2016-03-21,201603213115425,API,39,29,16,759.0,12144.0
2016-03-21,201603213115616,API,45,19,26,750.0,19500.0
2016-03-21,201603213115532,API,19,40,570,750.0,427500.0
2016-03-21,201603213115482,API,19,19,196,750.0,147000.0
2016-03-21,201603213115476,API,19,19,16,750.0,12000.0
2016-03-21,201603213115474,API,19,19,116,750.0,87000.0
2016-03-21,201603213115461,API,19,45,16,750.0,12000.0
2016-03-21,201603213115714,API,34,40,100,750.0,75000.0
2016-03-21,201603213115702,API,13,40,216,750.0,162000.0
2016-03-21,201603213115677,API,32,41,60,750.0,45000.0
2016-03-21,201603213115676,API,8,41,50,750.0,37500.0
2016-03-21,201603213115675,API,13,41,80,750.0,60000.0
2016-03-21,201603213115638,API,13,10,420,750.0,315000.0
2016-03-21,201603213115707,ARDBL,56,49,94,250.0,23500.0
2016-03-21,201603213115669,ARDBL,56,50,120,255.0,30600.0
2016-03-21,201603213115393,ARDBL,56,29,285,255.0,72675.0
2016-03-21,201603213115618,BHBL,41,44,200,340.0,68000.0
2016-03-21,201603213115349,BLDBL,29,53,200,365.0,73000.0
2016-03-21,201603213115757,BPCL,50,16,50,650.0,32500.0
2016-03-21,201603213115719,BPCL,57,20,500,660.0,330000.0
2016-03-21,201603213115706,BPCL,19,36,200,667.0,133400.0
2016-03-21,201603213115705,BPCL,55,36,100,667.0,66700.0
2016-03-21,201603213115704,BPCL,6,36,40,667.0,26680.0
2016-03-21,201603213115649,BPCL,6,58,450,667.0,300150.0
2016-03-21,201603213115610,BPCL,32,49,500,670.0,335000.0
2016-03-21,201603213115581,BPCL,25,47,200,675.0,135000.0
2016-03-21,201603213115440,BPCL,39,6,100,688.0,68800.0
2016-03-21,201603213115389,BPCL,49,33,400,680.0,272000.0
2016-03-21,201603213115388,BPCL,41,33,200,680.0,136000.0
2016-03-21,201603213115567,CCBL,17,50,500,387.0,193500.0
2016-03-21,201603213115563,CCBL,50,49,1696,387.0,656352.0
2016-03-21,201603213115531,CCBL,26,53,200,394.0,78800.0
2016-03-21,201603213115514,CCBL,26,52,100,394.0,39400.0
2016-03-21,201603213115493,CCBL,26,50,200,387.0,77400.0
2016-03-21,201603213115491,CCBL,26,11,50,387.0,19350.0
2016-03-21,201603213115473,CCBL,59,45,41,386.0,15826.0
2016-03-21,201603213115472,CCBL,59,6,400,386.0,154400.0
2016-03-21,201603213115480,CHCL,21,45,85,1324.0,112540.0
2016-03-21,201603213115682,CIT,58,58,1012,3750.0,3795000.0
2016-03-21,201603213115713,CZBIL,6,41,14,696.0,9744.0
2016-03-21,201603213115710,CZBIL,6,41,180,696.0,125280.0
2016-03-21,201603213115709,CZBIL,56,41,100,696.0,69600.0
2016-03-21,201603213115708,CZBIL,6,41,200,696.0,139200.0
2016-03-21,201603213115672,CZBIL,28,41,100,699.0,69900.0
2016-03-21,201603213115646,CZBIL,6,44,500,699.0,349500.0
2016-03-21,201603213115468,CZBIL,37,58,150,700.0,105000.0
2016-03-21,201603213115467,CZBIL,45,58,100,700.0,70000.0
2016-03-21,201603213115466,CZBIL,35,58,200,700.0,140000.0
2016-03-21,201603213115465,CZBIL,42,58,100,700.0,70000.0
2016-03-21,201603213115464,CZBIL,56,58,100,701.0,70100.0
2016-03-21,201603213115446,CZBIL,6,6,100,702.0,70200.0
2016-03-21,201603213115645,CZBIL,6,52,25,699.0,17475.0
2016-03-21,201603213115599,CZBIL,6,6,120,699.0,83880.0
2016-03-21,201603213115585,CZBIL,6,58,200,699.0,139800.0
2016-03-21,201603213115521,CZBIL,6,25,100,698.0,69800.0
2016-03-21,201603213115469,CZBIL,45,58,1000,700.0,700000.0
2016-03-21,201603213115642,DBBL,7,22,100,250.0,25000.0
2016-03-21,201603213115637,DBBL,7,44,400,250.0,100000.0
2016-03-21,201603213115628,DBBL,7,41,500,250.0,125000.0
2016-03-21,201603213115566,DBBL,7,50,500,248.0,124000.0
2016-03-21,201603213115529,DBBL,7,21,139,244.0,33916.0
2016-03-21,201603213115528,DBBL,7,59,3000,244.0,732000.0
2016-03-21,201603213115527,DBBL,7,44,300,244.0,73200.0
2016-03-21,201603213115435,DBBL,48,42,2000,240.0,480000.0
2016-03-21,201603213115534,EIC,42,17,100,1380.0,138000.0
2016-03-21,201603213115402,EIC,7,17,500,1372.0,686000.0
2016-03-21,201603213115774,FBBL,28,16,50,470.0,23500.0
2016-03-21,201603213115751,FBBL,21,47,100,474.0,47400.0
2016-03-21,201603213115639,FBBL,43,46,13,483.0,6279.0
2016-03-21,201603213115500,FBBL,32,28,72,474.0,34128.0
2016-03-21,201603213115542,GBBL,4,42,50,354.0,17700.0
2016-03-21,201603213115664,GBIME,25,42,1000,479.0,479000.0
2016-03-21,201603213115660,GBIME,25,49,1542,479.0,738618.0
2016-03-21,201603213115659,GBIME,25,19,50,478.0,23900.0
2016-03-21,201603213115653,GBIME,25,25,105,478.0,50190.0
2016-03-21,201603213115627,GBIME,5,42,294,477.0,140238.0
2016-03-21,201603213115621,GBIME,5,11,50,476.0,23800.0
2016-03-21,201603213115456,GBIME,35,40,43,475.0,20425.0
2016-03-21,201603213115439,GBIME,43,37,200,475.0,95000.0
2016-03-21,201603213115346,GBIME,44,44,2000,468.0,936000.0
2016-03-21,201603213115617,GBIME,5,17,33,475.0,15675.0
2016-03-21,201603213115596,GBIME,43,17,100,473.0,47300.0
2016-03-21,201603213115595,GBIME,21,17,100,473.0,47300.0
2016-03-21,201603213115594,GBIME,39,17,100,473.0,47300.0
2016-03-21,201603213115544,GBIME,32,42,50,475.0,23750.0
2016-03-21,201603213115543,GBIME,35,42,150,475.0,71250.0
2016-03-21,201603213115568,GDBL,25,37,341,349.0,119009.0
2016-03-21,201603213115520,GLICL,11,11,100,760.0,76000.0
2016-03-21,201603213115505,GLICL,38,46,100,752.0,75200.0
2016-03-21,201603213115504,GLICL,38,3,50,752.0,37600.0
2016-03-21,201603213115503,GLICL,38,8,50,752.0,37600.0
2016-03-21,201603213115536,HAMA,43,48,260,249.0,64740.0
2016-03-21,201603213115535,HAMA,43,25,100,249.0,24900.0
2016-03-21,201603213115525,HAMA,43,10,740,245.0,181300.0
2016-03-21,201603213115400,HAMA,43,45,290,245.0,71050.0
2016-03-21,201603213115506,HBL,14,29,50,1140.0,57000.0
2016-03-21,201603213115777,ILFCM,40,45,10,1216.0,12160.0
2016-03-21,201603213115633,ILFCM,40,25,10,1216.0,12160.0
2016-03-21,201603213115626,KCDBL,18,17,10,312.0,3120.0
2016-03-21,201603213115502,KCDBL,18,17,10,306.0,3060.0
2016-03-21,201603213115441,KCDBL,45,17,10,300.0,3000.0
2016-03-21,201603213115772,KDBL,39,10,1000,257.0,257000.0
2016-03-21,201603213115735,KDBL,32,28,42,257.0,10794.0
2016-03-21,201603213115641,KDBL,47,11,85,258.0,21930.0
2016-03-21,201603213115554,KDBL,16,10,1000,255.0,255000.0
2016-03-21,201603213115701,LBL,13,43,100,640.0,64000.0
2016-03-21,201603213115700,LBL,13,50,300,640.0,192000.0
2016-03-21,201603213115699,LBL,13,28,500,639.0,319500.0
2016-03-21,201603213115497,LBL,13,38,100,630.0,63000.0
2016-03-21,201603213115496,LBL,26,38,200,631.0,126200.0
2016-03-21,201603213115344,LGIL,43,39,50,830.0,41500.0
2016-03-21,201603213115696,LICN,38,28,66,3850.0,254100.0
2016-03-21,201603213115611,LVF1,53,57,500,10.5,5250.0
2016-03-21,201603213115501,NABIL,34,11,81,1938.0,156978.0
2016-03-21,201603213115352,NABILP,35,35,1300,1470.0,1911000.0
2016-03-21,201603213115614,NBB,50,42,542,550.0,298100.0
2016-03-21,201603213115359,NBB,40,42,45,550.0,24750.0
2016-03-21,201603213115358,NBB,40,42,60,550.0,33000.0
2016-03-21,201603213115769,NBF1,11,47,1918,15.9,30496.2
2016-03-21,201603213115771,NBL,53,10,1000,410.0,410000.0
2016-03-21,201603213115768,NBL,48,48,1100,410.0,451000.0
2016-03-21,201603213115754,NBL,42,58,600,414.0,248400.0
2016-03-21,201603213115737,NBL,53,57,1000,412.0,412000.0
2016-03-21,201603213115732,NBL,53,44,1000,412.0,412000.0
2016-03-21,201603213115722,NBL,48,48,8900,410.0,3649000.0
2016-03-21,201603213115411,NBL,33,22,600,405.0,243000.0
2016-03-21,201603213115410,NBL,33,58,1000,405.0,405000.0
2016-03-21,201603213115409,NBL,33,6,200,405.0,81000.0
2016-03-21,201603213115401,NBL,44,36,1000,404.0,404000.0
2016-03-21,201603213115360,NBL,44,4,345,402.0,138690.0
2016-03-21,201603213115333,NBL,42,58,5000,400.0,2000000.0
2016-03-21,201603213115460,NBL,44,43,600,403.0,241800.0
2016-03-21,201603213115459,NBL,25,43,200,403.0,80600.0
2016-03-21,201603213115458,NBL,17,43,200,404.0,80800.0
2016-03-21,201603213115445,NBL,41,4,500,404.0,202000.0
2016-03-21,201603213115416,NBL,43,22,100,406.0,40600.0
2016-03-21,201603213115412,NBL,33,33,5534,405.0,2241270.0
2016-03-21,201603213115651,NBL,25,6,100,408.0,40800.0
2016-03-21,201603213115650,NBL,25,8,200,408.0,81600.0
2016-03-21,201603213115640,NBL,25,43,1000,407.0,407000.0
2016-03-21,201603213115620,NBL,33,45,1000,406.0,406000.0
2016-03-21,201603213115619,NBL,33,48,370,406.0,150220.0
2016-03-21,201603213115586,NBL,53,25,536,406.0,217616.0
2016-03-21,201603213115721,NBL,48,44,1600,410.0,656000.0
2016-03-21,201603213115720,NBL,48,44,400,410.0,164000.0
2016-03-21,201603213115685,NBL,48,10,5000,410.0,2050000.0
2016-03-21,201603213115684,NBL,48,25,100,410.0,41000.0
2016-03-21,201603213115683,NBL,48,4,500,410.0,205000.0
2016-03-21,201603213115673,NBL,6,13,600,409.0,245400.0
2016-03-21,201603213115778,NHPC,36,41,350,223.0,78050.0
2016-03-21,201603213115775,NHPC,36,50,2000,224.0,448000.0
2016-03-21,201603213115760,NHPC,5,50,1000,224.0,224000.0
2016-03-21,201603213115756,NHPC,32,50,1000,224.0,224000.0
2016-03-21,201603213115755,NHPC,1,58,1000,224.0,224000.0
2016-03-21,201603213115746,NHPC,36,39,500,223.0,111500.0
2016-03-21,201603213115280,NHPC,45,49,1000,226.0,226000.0
2016-03-21,201603213115291,NHPC,35,45,1000,229.0,229000.0
2016-03-21,201603213115289,NHPC,57,34,1000,226.0,226000.0
2016-03-21,201603213115288,NHPC,33,34,1000,226.0,226000.0
2016-03-21,201603213115283,NHPC,33,3,100,226.0,22600.0
2016-03-21,201603213115282,NHPC,33,38,2000,226.0,452000.0
2016-03-21,201603213115281,NHPC,33,49,840,226.0,189840.0
2016-03-21,201603213115301,NHPC,42,46,1000,226.0,226000.0
2016-03-21,201603213115300,NHPC,32,46,7000,226.0,1582000.0
2016-03-21,201603213115299,NHPC,32,49,3000,226.0,678000.0
2016-03-21,201603213115294,NHPC,57,49,1000,226.0,226000.0
2016-03-21,201603213115293,NHPC,48,49,1000,229.0,229000.0
2016-03-21,201603213115292,NHPC,48,41,500,229.0,114500.0
2016-03-21,201603213115313,NHPC,36,57,920,226.0,207920.0
2016-03-21,201603213115310,NHPC,32,49,5000,228.0,1140000.0
2016-03-21,201603213115309,NHPC,59,52,1000,226.0,226000.0
2016-03-21,201603213115304,NHPC,47,46,650,222.0,144300.0
2016-03-21,201603213115303,NHPC,33,46,1000,224.0,224000.0
2016-03-21,201603213115302,NHPC,10,46,200,225.0,45000.0
2016-03-21,201603213115324,NHPC,32,11,2000,229.0,458000.0
2016-03-21,201603213115318,NHPC,54,46,5000,228.0,1140000.0
2016-03-21,201603213115317,NHPC,10,5,80,226.0,18080.0
2016-03-21,201603213115316,NHPC,33,5,1000,226.0,226000.0
2016-03-21,201603213115315,NHPC,59,5,920,226.0,207920.0
2016-03-21,201603213115314,NHPC,59,57,80,226.0,18080.0
2016-03-21,201603213115334,NHPC,26,28,500,229.0,114500.0
2016-03-21,201603213115332,NHPC,10,56,170,229.0,38930.0
2016-03-21,201603213115330,NHPC,10,20,1830,228.0,417240.0
2016-03-21,201603213115327,NHPC,54,52,1000,228.0,228000.0
2016-03-21,201603213115326,NHPC,54,33,4000,228.0,912000.0
2016-03-21,201603213115325,NHPC,32,33,1000,229.0,229000.0
2016-03-21,201603213115347,NHPC,57,46,1850,227.0,419950.0
2016-03-21,201603213115340,NHPC,42,46,500,227.0,113500.0
2016-03-21,201603213115339,NHPC,26,46,500,229.0,114500.0
2016-03-21,201603213115338,NHPC,45,46,300,229.0,68700.0
2016-03-21,201603213115337,NHPC,33,33,5000,227.0,1135000.0
2016-03-21,201603213115335,NHPC,26,17,1000,229.0,229000.0
2016-03-21,201603213115357,NHPC,32,28,1000,227.0,227000.0
2016-03-21,201603213115355,NHPC,10,50,1350,227.0,306450.0
2016-03-21,201603213115354,NHPC,29,50,150,227.0,34050.0
2016-03-21,201603213115353,NHPC,10,13,500,227.0,113500.0
2016-03-21,201603213115350,NHPC,29,28,1850,227.0,419950.0
2016-03-21,201603213115348,NHPC,57,28,3150,227.0,715050.0
2016-03-21,201603213115370,NHPC,19,28,5000,225.0,1125000.0
2016-03-21,201603213115369,NHPC,42,28,1500,225.0,337500.0
2016-03-21,201603213115368,NHPC,10,28,1920,226.0,433920.0
2016-03-21,201603213115366,NHPC,32,50,1000,227.0,227000.0
2016-03-21,201603213115365,NHPC,42,50,500,227.0,113500.0
2016-03-21,201603213115364,NHPC,10,50,150,227.0,34050.0
2016-03-21,201603213115378,NHPC,17,46,1000,224.0,224000.0
2016-03-21,201603213115377,NHPC,45,46,1500,224.0,336000.0
2016-03-21,201603213115376,NHPC,1,28,500,225.0,112500.0
2016-03-21,201603213115374,NHPC,47,28,1000,225.0,225000.0
2016-03-21,201603213115373,NHPC,10,28,5000,225.0,1125000.0
2016-03-21,201603213115372,NHPC,42,28,3000,225.0,675000.0
2016-03-21,201603213115387,NHPC,33,13,480,225.0,108000.0
2016-03-21,201603213115386,NHPC,10,13,520,225.0,117000.0
2016-03-21,201603213115382,NHPC,10,28,2080,225.0,468000.0
2016-03-21,201603213115381,NHPC,10,46,400,224.0,89600.0
2016-03-21,201603213115380,NHPC,45,46,2000,224.0,448000.0
2016-03-21,201603213115379,NHPC,41,46,100,224.0,22400.0
2016-03-21,201603213115404,NHPC,40,20,1000,227.0,227000.0
2016-03-21,201603213115403,NHPC,57,58,4000,228.0,912000.0
2016-03-21,201603213115399,NHPC,33,20,520,227.0,118040.0
2016-03-21,201603213115396,NHPC,42,56,870,226.0,196620.0
2016-03-21,201603213115395,NHPC,36,56,650,227.0,147550.0
2016-03-21,201603213115392,NHPC,36,50,350,227.0,79450.0
2016-03-21,201603213115436,NHPC,42,40,240,225.0,54000.0
2016-03-21,201603213115430,NHPC,45,49,230,227.0,52210.0
2016-03-21,201603213115429,NHPC,45,18,70,226.0,15820.0
2016-03-21,201603213115424,NHPC,42,18,930,226.0,210180.0
2016-03-21,201603213115417,NHPC,48,58,1000,227.0,227000.0
2016-03-21,201603213115406,NHPC,42,18,200,226.0,45200.0
2016-03-21,201603213115447,NHPC,25,28,1000,226.0,226000.0
2016-03-21,201603213115444,NHPC,39,58,30,228.0,6840.0
2016-03-21,201603213115443,NHPC,39,49,470,227.0,106690.0
2016-03-21,201603213115442,NHPC,25,49,730,227.0,165710.0
2016-03-21,201603213115438,NHPC,25,49,270,227.0,61290.0
2016-03-21,201603213115437,NHPC,25,20,1000,227.0,227000.0
2016-03-21,201603213115453,NHPC,32,46,750,225.0,168750.0
2016-03-21,201603213115452,NHPC,33,41,500,226.0,113000.0
2016-03-21,201603213115451,NHPC,34,41,1000,226.0,226000.0
2016-03-21,201603213115450,NHPC,47,38,1000,226.0,226000.0
2016-03-21,201603213115449,NHPC,32,28,240,225.0,54000.0
2016-03-21,201603213115448,NHPC,42,28,1760,225.0,396000.0
2016-03-21,201603213115487,NHPC,33,48,1000,226.0,226000.0
2016-03-21,201603213115481,NHPC,48,46,2000,227.0,454000.0
2016-03-21,201603213115479,NHPC,53,46,2490,226.0,562740.0
2016-03-21,201603213115471,NHPC,53,46,3010,226.0,680260.0
2016-03-21,201603213115463,NHPC,53,41,500,226.0,113000.0
2016-03-21,201603213115457,NHPC,33,41,1000,226.0,226000.0
2016-03-21,201603213115522,NHPC,45,7,1000,226.0,226000.0
2016-03-21,201603213115513,NHPC,46,46,3000,223.0,669000.0
2016-03-21,201603213115499,NHPC,33,50,1990,225.0,447750.0
2016-03-21,201603213115490,NHPC,48,50,1000,225.0,225000.0
2016-03-21,201603213115489,NHPC,45,50,1000,225.0,225000.0
2016-03-21,201603213115488,NHPC,32,50,1010,225.0,227250.0
2016-03-21,201603213115561,NHPC,47,17,100,226.0,22600.0
2016-03-21,201603213115558,NHPC,48,56,1000,226.0,226000.0
2016-03-21,201603213115556,NHPC,47,46,500,227.0,113500.0
2016-03-21,201603213115541,NHPC,54,56,4500,226.0,1017000.0
2016-03-21,201603213115538,NHPC,48,46,1000,227.0,227000.0
2016-03-21,201603213115523,NHPC,54,35,2000,226.0,452000.0
2016-03-21,201603213115572,NHPC,47,33,1000,226.0,226000.0
2016-03-21,201603213115570,NHPC,33,33,500,226.0,113000.0
2016-03-21,201603213115569,NHPC,48,33,500,226.0,113000.0
2016-03-21,201603213115565,NHPC,47,33,500,226.0,113000.0
2016-03-21,201603213115564,NHPC,54,33,350,226.0,79100.0
2016-03-21,201603213115562,NHPC,47,46,400,227.0,90800.0
2016-03-21,201603213115597,NHPC,54,22,200,226.0,45200.0
2016-03-21,201603213115584,NHPC,45,8,1340,225.0,301500.0
2016-03-21,201603213115583,NHPC,43,8,500,226.0,113000.0
2016-03-21,201603213115582,NHPC,53,8,160,226.0,36160.0
2016-03-21,201603213115576,NHPC,53,33,240,226.0,54240.0
2016-03-21,201603213115574,NHPC,47,33,1000,226.0,226000.0
2016-03-21,201603213115605,NHPC,32,11,400,225.0,90000.0
2016-03-21,201603213115604,NHPC,44,22,300,226.0,67800.0
2016-03-21,201603213115603,NHPC,44,59,2000,225.0,450000.0
2016-03-21,201603213115602,NHPC,32,8,200,225.0,45000.0
2016-03-21,201603213115601,NHPC,43,8,200,225.0,45000.0
2016-03-21,201603213115600,NHPC,45,8,660,225.0,148500.0
2016-03-21,201603213115629,NHPC,44,8,300,225.0,67500.0
2016-03-21,201603213115625,NHPC,17,8,300,225.0,67500.0
2016-03-21,201603213115622,NHPC,44,8,900,225.0,202500.0
2016-03-21,201603213115615,NHPC,45,59,1000,225.0,225000.0
2016-03-21,201603213115613,NHPC,44,58,600,225.0,135000.0
2016-03-21,201603213115612,NHPC,32,58,1400,225.0,315000.0
2016-03-21,201603213115648,NHPC,44,20,900,225.0,202500.0
2016-03-21,201603213115647,NHPC,44,46,750,225.0,168750.0
2016-03-21,201603213115635,NHPC,44,46,100,225.0,22500.0
2016-03-21,201603213115634,NHPC,40,46,1000,226.0,226000.0
2016-03-21,201603213115631,NHPC,40,22,500,226.0,113000.0
2016-03-21,201603213115630,NHPC,40,35,1500,226.0,339000.0
2016-03-21,201603213115665,NHPC,5,38,500,226.0,113000.0
2016-03-21,201603213115662,NHPC,54,29,1000,225.0,225000.0
2016-03-21,201603213115657,NHPC,54,46,950,225.0,213750.0
2016-03-21,201603213115656,NHPC,16,46,1000,225.0,225000.0
2016-03-21,201603213115655,NHPC,44,46,2950,225.0,663750.0
2016-03-21,201603213115654,NHPC,21,46,100,226.0,22600.0
2016-03-21,201603213115731,NHPC,32,46,2000,225.0,450000.0
2016-03-21,201603213115730,NHPC,54,46,1550,225.0,348750.0
2016-03-21,201603213115723,NHPC,54,48,2000,225.0,450000.0
2016-03-21,201603213115687,NHPC,54,52,1000,226.0,226000.0
2016-03-21,201603213115686,NHPC,54,35,2000,226.0,452000.0
2016-03-21,201603213115679,NHPC,32,13,500,226.0,113000.0
2016-03-21,201603213115745,NHPC,36,25,4150,223.0,925450.0
2016-03-21,201603213115744,NHPC,32,25,1000,223.0,223000.0
2016-03-21,201603213115743,NHPC,48,25,550,223.0,122650.0
2016-03-21,201603213115741,NHPC,48,46,450,223.0,100350.0
2016-03-21,201603213115740,NHPC,32,46,1000,224.0,224000.0
2016-03-21,201603213115736,NHPC,42,46,500,225.0,112500.0
2016-03-21,201603213115363,NIBPO,35,35,1000,840.0,840000.0
2016-03-21,201603213115587,NICA,8,57,10,761.0,7610.0
2016-03-21,201603213115717,NIL,59,25,160,1130.0,180800.0
2016-03-21,201603213115690,NIL,45,25,20,1130.0,22600.0
2016-03-21,201603213115434,NIL,51,10,50,1131.0,56550.0
2016-03-21,201603213115733,NLIC,6,59,50,3951.0,197550.0
2016-03-21,201603213115716,NLIC,58,33,200,3975.0,795000.0
2016-03-21,201603213115698,NLIC,41,34,50,3978.0,198900.0
2016-03-21,201603213115692,NLIC,41,43,300,3978.0,1193400.0
2016-03-21,201603213115691,NLIC,41,39,50,3977.0,198850.0
2016-03-21,201603213115609,NLIC,58,8,170,3980.0,676600.0
2016-03-21,201603213115295,NLIC,14,44,10,3928.0,39280.0
2016-03-21,201603213115290,NLIC,58,44,100,3928.0,392800.0
2016-03-21,201603213115284,NLIC,5,43,100,3928.0,392800.0
2016-03-21,201603213115279,NLIC,55,43,100,3928.0,392800.0
2016-03-21,201603213115312,NLIC,58,43,40,3925.0,157000.0
2016-03-21,201603213115311,NLIC,22,48,100,3900.0,390000.0
2016-03-21,201603213115308,NLIC,16,44,50,3927.0,196350.0
2016-03-21,201603213115298,NLIC,6,44,10,3927.0,39270.0
2016-03-21,201603213115297,NLIC,6,44,10,3927.0,39270.0
2016-03-21,201603213115296,NLIC,6,17,90,3927.0,353430.0
2016-03-21,201603213115329,NLIC,5,17,19,3928.0,74632.0
2016-03-21,201603213115328,NLIC,5,44,40,3927.0,157080.0
2016-03-21,201603213115323,NLIC,58,43,160,3925.0,628000.0
2016-03-21,201603213115322,NLIC,58,8,200,3900.0,780000.0
2016-03-21,201603213115321,NLIC,22,8,30,3900.0,117000.0
2016-03-21,201603213115320,NLIC,26,8,100,3901.0,390100.0
2016-03-21,201603213115533,NLIC,41,33,50,3950.0,197500.0
2016-03-21,201603213115524,NLIC,44,34,200,3977.0,795400.0
2016-03-21,201603213115486,NLIC,55,43,200,3975.0,795000.0
2016-03-21,201603213115478,NLIC,55,32,55,3970.0,218350.0
2016-03-21,201603213115394,NLIC,28,44,50,3985.0,199250.0
2016-03-21,201603213115341,NLIC,55,43,100,3995.0,399500.0
2016-03-21,201603213115608,NLIC,58,43,200,3978.0,795600.0
2016-03-21,201603213115607,NLIC,58,7,100,3977.0,397700.0
2016-03-21,201603213115606,NLIC,58,34,120,3977.0,477240.0
2016-03-21,201603213115589,NLIC,44,34,180,3977.0,715860.0
2016-03-21,201603213115588,NLIC,44,16,20,3976.0,79520.0
2016-03-21,201603213115571,NLIC,16,16,20,3975.0,79500.0
2016-03-21,201603213115678,NLICL,14,58,150,2815.0,422250.0
2016-03-21,201603213115670,NLICL,53,54,100,2830.0,283000.0
2016-03-21,201603213115663,NLICL,19,59,129,2820.0,363780.0
2016-03-21,201603213115652,NLICL,19,59,50,2820.0,141000.0
2016-03-21,201603213115644,NLICL,19,41,100,2820.0,282000.0
2016-03-21,201603213115624,NLICL,45,45,200,2830.0,566000.0
2016-03-21,201603213115517,NLICL,35,58,50,2835.0,141750.0
2016-03-21,201603213115510,NLICL,26,44,100,2836.0,283600.0
2016-03-21,201603213115391,NLICL,56,44,100,2840.0,284000.0
2016-03-21,201603213115390,NLICL,52,44,200,2840.0,568000.0
2016-03-21,201603213115342,NLICL,52,44,200,2870.0,574000.0
2016-03-21,201603213115559,NLICL,45,45,300,2830.0,849000.0
2016-03-21,201603213115555,NLICL,52,45,99,2820.0,279180.0
2016-03-21,201603213115553,NLICL,43,5,100,2834.0,283400.0
2016-03-21,201603213115552,NLICL,52,45,70,2820.0,197400.0
2016-03-21,201603213115551,NLICL,49,45,30,2820.0,84600.0
2016-03-21,201603213115550,NLICL,22,45,100,2830.0,283000.0
2016-03-21,201603213115762,NMB,53,44,600,580.0,348000.0
2016-03-21,201603213115758,NMB,53,44,400,580.0,232000.0
2016-03-21,201603213115718,NMB,57,26,312,579.0,180648.0
2016-03-21,201603213115674,NMB,32,59,40,578.0,23120.0
2016-03-21,201603213115666,NMB,32,41,500,578.0,289000.0
2016-03-21,201603213115598,NMB,5,28,50,580.0,29000.0
2016-03-21,201603213115367,NMB,10,16,100,586.0,58600.0
2016-03-21,201603213115362,NMB,47,11,225,586.0,131850.0
2016-03-21,201603213115361,NMB,47,56,300,586.0,175800.0
2016-03-21,201603213115305,NMB,54,54,500,575.0,287500.0
2016-03-21,201603213115285,NMB,39,8,50,582.0,29100.0
2016-03-21,201603213115470,NMB,32,6,100,589.0,58900.0
2016-03-21,201603213115433,NMB,58,6,180,599.0,107820.0
2016-03-21,201603213115432,NMB,58,58,20,599.0,11980.0
2016-03-21,201603213115426,NMB,47,58,180,599.0,107820.0
2016-03-21,201603213115413,NMB,47,25,24,598.0,14352.0
2016-03-21,201603213115383,NMB,47,22,200,597.0,119400.0
2016-03-21,201603213115573,NMB,49,49,844,582.0,491208.0
2016-03-21,201603213115557,NMB,33,58,50,581.0,29050.0
2016-03-21,201603213115485,NMB,47,58,50,586.0,29300.0
2016-03-21,201603213115484,NMB,47,42,147,586.0,86142.0
2016-03-21,201603213115483,NMB,11,58,100,588.0,58800.0
2016-03-21,201603213115477,NMB,11,17,400,588.0,235200.0
2016-03-21,201603213115592,NMB,45,28,500,580.0,290000.0
2016-03-21,201603213115591,NMB,47,28,50,580.0,29000.0
2016-03-21,201603213115580,NMB,47,28,50,580.0,29000.0
2016-03-21,201603213115579,NMB,59,28,500,580.0,290000.0
2016-03-21,201603213115578,NMB,33,28,950,581.0,551950.0
2016-03-21,201603213115577,NMB,53,28,500,582.0,291000.0
2016-03-21,201603213115590,NUBL,49,34,50,1800.0,90000.0
2016-03-21,201603213115560,NUBL,47,34,100,1800.0,180000.0
2016-03-21,201603213115689,PCBL,43,42,200,547.0,109400.0
2016-03-21,201603213115688,PCBL,43,17,100,546.0,54600.0
2016-03-21,201603213115351,PCBL,40,51,126,549.0,69174.0
2016-03-21,201603213115703,PIC,32,33,200,1325.0,265000.0
2016-03-21,201603213115766,PICL,10,58,50,1050.0,52500.0
2016-03-21,201603213115765,PICL,41,58,700,1050.0,735000.0
2016-03-21,201603213115764,PICL,45,58,500,1051.0,525500.0
2016-03-21,201603213115763,PICL,17,58,500,1052.0,526000.0
2016-03-21,201603213115747,PICL,6,58,200,1060.0,212000.0
2016-03-21,201603213115738,PICL,6,35,600,1059.0,635400.0
2016-03-21,201603213115593,PICL,41,56,500,1060.0,530000.0
2016-03-21,201603213115575,PICL,48,6,100,1060.0,106000.0
2016-03-21,201603213115498,PICL,41,56,100,1065.0,106500.0
2016-03-21,201603213115725,PLIC,45,42,127,1790.0,227330.0
2016-03-21,201603213115724,PLIC,45,14,40,1770.0,70800.0
2016-03-21,201603213115734,PRIN,50,50,206,840.0,173040.0
2016-03-21,201603213115776,RBBBL,39,28,10,275.0,2750.0
2016-03-21,201603213115526,RBBBL,51,50,100,274.0,27400.0
2016-03-21,201603213115680,RHPC,17,48,141,475.0,66975.0
2016-03-21,201603213115767,SANIMA,13,13,113,780.0,88140.0
2016-03-21,201603213115712,SANIMA,6,38,500,780.0,390000.0
2016-03-21,201603213115694,SANIMA,45,51,33,780.0,25740.0
2016-03-21,201603213115693,SANIMA,45,36,40,780.0,31200.0
2016-03-21,201603213115636,SANIMA,35,52,172,777.0,133644.0
2016-03-21,201603213115407,SANIMA,35,35,1200,773.0,927600.0
2016-03-21,201603213115537,SCB,13,13,100,2900.0,290000.0
2016-03-21,201603213115509,SCB,13,13,100,2900.0,290000.0
2016-03-21,201603213115375,SETI,51,17,10,397.0,3970.0
2016-03-21,201603213115494,SIL,19,54,40,1650.0,66000.0
2016-03-21,201603213115475,SIL,58,48,100,1650.0,165000.0
2016-03-21,201603213115397,SIL,59,5,198,1650.0,326700.0
2016-03-21,201603213115773,SLICL,29,8,680,915.0,622200.0
2016-03-21,201603213115770,SLICL,34,51,68,915.0,62220.0
2016-03-21,201603213115752,SLICL,29,52,34,915.0,31110.0
2016-03-21,201603213115742,SLICL,29,21,200,915.0,183000.0
2016-03-21,201603213115671,SLICL,42,58,3100,910.0,2821000.0
2016-03-21,201603213115643,SLICL,45,58,200,910.0,182000.0
2016-03-21,201603213115623,SRBL,34,34,57,475.0,27075.0
2016-03-21,201603213115540,SRBL,17,42,18,472.0,8496.0
2016-03-21,201603213115753,SYFL,39,43,11,138.0,1518.0
2016-03-21,201603213115632,TBBL,58,49,706,314.0,221684.0
2016-03-21,201603213115539,UIC,53,22,120,845.0,101400.0
2016-03-21,201603213115508,UIC,53,14,280,845.0,236600.0
2016-03-21,201603213115345,UIC,40,26,500,845.0,422500.0
2016-03-21,201603213115729,WDBL,42,49,500,464.0,232000.0
2016-03-21,201603213115668,WDBL,53,44,200,471.0,94200.0
2016-03-21,201603213115667,WDBL,17,44,250,471.0,117750.0
2016-03-21,201603213115658,WDBL,17,34,250,471.0,117750.0
2016-03-21,201603213115549,WDBL,38,44,1000,480.0,480000.0
2016-03-21,201603213115548,WDBL,26,44,500,480.0,240000.0
2016-03-21,201603213115336,WDBL,41,16,200,488.0,97600.0
2016-03-21,201603213115319,WDBL,17,6,100,488.0,48800.0
2016-03-21,201603213115287,WDBL,42,38,336,488.0,163968.0
2016-03-21,201603213115422,WDBL,26,13,500,488.0,244000.0
2016-03-21,201603213115421,WDBL,56,13,200,488.0,97600.0
2016-03-21,201603213115420,WDBL,55,13,500,488.0,244000.0
2016-03-21,201603213115419,WDBL,58,13,300,488.0,146400.0
2016-03-21,201603213115418,WDBL,50,13,500,488.0,244000.0
2016-03-21,201603213115356,WDBL,56,6,626,488.0,305488.0
2016-03-21,201603213115547,WDBL,28,44,500,481.0,240500.0
2016-03-21,201603213115546,WDBL,17,44,100,481.0,48100.0
2016-03-21,201603213115545,WDBL,18,44,100,482.0,48200.0
2016-03-21,201603213115530,WDBL,41,13,500,488.0,244000.0
2016-03-21,201603213115492,WDBL,22,49,456,488.0,222528.0
2016-03-21,201603213115423,WDBL,29,13,300,488.0,146400.0
2016-03-21,201603213115711,YETI,25,42,91,199.0,18109.0
2016-03-21,201603213115331,YETI,25,39,10,196.0,1960.0
2016-03-21,201603213118367,ACEDBL,39,14,150,365.0,54750.0
2016-03-21,201603213118366,ACEDBL,50,14,100,365.0,36500.0
2016-03-21,201603213118365,ACEDBL,7,14,100,366.0,36600.0
2016-03-21,201603213118201,ACEDBL,38,14,40,370.0,14800.0
2016-03-21,201603213118165,ACEDBL,38,6,107,370.0,39590.0
2016-03-21,201603213118131,ACEDBL,38,32,53,370.0,19610.0
2016-03-21,201603213118452,ADBL,26,26,55,651.0,35805.0
2016-03-21,201603213118436,ADBL,11,50,1000,653.0,653000.0
2016-03-21,201603213118435,ADBL,19,50,250,655.0,163750.0
2016-03-21,201603213118434,ADBL,14,50,30,655.0,19650.0
2016-03-21,201603213118433,ADBL,26,50,1000,655.0,655000.0
2016-03-21,201603213118432,ADBL,47,50,200,655.0,131000.0
2016-03-21,201603213118027,ADBL,14,58,81,657.0,53217.0
2016-03-21,201603213118022,ADBL,14,58,300,657.0,197100.0
2016-03-21,201603213118021,ADBL,20,58,800,657.0,525600.0
2016-03-21,201603213118431,ADBL,43,50,1000,656.0,656000.0
2016-03-21,201603213118430,ADBL,51,50,50,657.0,32850.0
2016-03-21,201603213118042,ADBL,19,58,126,657.0,82782.0
2016-03-21,201603213118037,ADBL,51,58,150,657.0,98550.0
2016-03-21,201603213118409,AHPC,14,42,46,330.0,15180.0
2016-03-21,201603213118188,ALDBL,46,52,200,524.0,104800.0
2016-03-21,201603213118052,ALDBL,45,3,200,523.0,104600.0
2016-03-21,201603213118480,ALICL,41,26,39,1455.0,56745.0
2016-03-21,201603213118437,ALICL,17,49,117,1451.0,169767.0
2016-03-21,201603213118267,ALICL,17,18,350,1451.0,507850.0
2016-03-21,201603213118266,ALICL,21,18,120,1455.0,174600.0
2016-03-21,201603213118265,ALICL,28,18,320,1455.0,465600.0
2016-03-21,201603213118264,ALICL,36,18,50,1460.0,73000.0
2016-03-21,201603213118263,ALICL,29,18,60,1460.0,87600.0
2016-03-21,201603213118173,ALICL,36,21,150,1460.0,219000.0
2016-03-21,201603213118393,API,17,46,24,711.0,17064.0
2016-03-21,201603213118337,API,29,42,16,715.0,11440.0
2016-03-21,201603213118331,API,1,42,16,715.0,11440.0
2016-03-21,201603213118318,API,41,42,16,718.0,11488.0
2016-03-21,201603213118292,API,17,46,100,716.0,71600.0
2016-03-21,201603213118291,API,21,46,200,717.0,143400.0
2016-03-21,201603213118290,API,56,46,20,717.0,14340.0
2016-03-21,201603213118092,API,1,38,100,715.0,71500.0
2016-03-21,201603213118033,API,6,45,26,721.0,18746.0
2016-03-21,201603213118074,ARDBL,48,42,44,247.0,10868.0
2016-03-21,201603213118513,BARUN,7,36,10,532.0,5320.0
2016-03-21,201603213118512,BARUN,7,36,10,532.0,5320.0
2016-03-21,201603213118511,BARUN,7,47,10,531.0,5310.0
2016-03-21,201603213118232,BARUN,7,11,100,522.0,52200.0
2016-03-21,201603213118220,BARUN,7,34,10,522.0,5220.0
2016-03-21,201603213118219,BARUN,7,34,10,522.0,5220.0
2016-03-21,201603213118054,BARUN,7,42,10,512.0,5120.0
2016-03-21,201603213118015,BARUN,40,35,10,522.0,5220.0
2016-03-21,201603213118014,BARUN,40,39,10,522.0,5220.0
2016-03-21,201603213118218,BARUN,7,41,10,522.0,5220.0
2016-03-21,201603213118217,BARUN,7,48,10,522.0,5220.0
2016-03-21,201603213118164,BARUN,7,42,10,512.0,5120.0
2016-03-21,201603213118147,BARUN,7,42,10,512.0,5120.0
2016-03-21,201603213118135,BARUN,7,42,10,512.0,5120.0
2016-03-21,201603213118123,BARUN,7,42,10,512.0,5120.0
2016-03-21,201603213118313,BFCL,50,40,300,170.0,51000.0
2016-03-21,201603213118116,BFCL,43,35,84,172.0,14448.0
2016-03-21,201603213118322,BPCL,47,46,100,644.0,64400.0
2016-03-21,201603213118380,CCBL,26,20,100,376.0,37600.0
2016-03-21,201603213118229,CCBL,57,25,42,380.0,15960.0
2016-03-21,201603213118117,CCBL,59,6,178,380.0,67640.0
2016-03-21,201603213118113,CCBL,49,4,96,382.0,36672.0
2016-03-21,201603213118060,CCBL,57,40,40,380.0,15200.0
2016-03-21,201603213118039,CCBL,57,45,350,380.0,133000.0
2016-03-21,201603213118242,CHCL,8,36,1370,1328.0,1819360.0
2016-03-21,201603213118216,CHCL,22,19,300,1327.0,398100.0
2016-03-21,201603213118059,CHCL,41,33,40,1325.0,53000.0
2016-03-21,201603213118425,CIT,19,46,20,3790.0,75800.0
2016-03-21,201603213118508,CNDBL,39,22,41,214.0,8774.0
2016-03-21,201603213118449,CNDBL,25,22,31,218.0,6758.0
2016-03-21,201603213118222,CNDBL,32,25,132,222.0,29304.0
2016-03-21,201603213118383,CZBIL,53,8,250,693.0,173250.0
2016-03-21,201603213118382,CZBIL,53,8,50,693.0,34650.0
2016-03-21,201603213118381,CZBIL,56,8,100,694.0,69400.0
2016-03-21,201603213118314,CZBIL,53,58,500,695.0,347500.0
2016-03-21,201603213118306,CZBIL,53,21,150,693.0,103950.0
2016-03-21,201603213118269,CZBIL,53,4,15,694.0,10410.0
2016-03-21,201603213118128,CZBIL,1,58,200,695.0,139000.0
2016-03-21,201603213118127,CZBIL,37,58,20,695.0,13900.0
2016-03-21,201603213118126,CZBIL,25,58,250,696.0,174000.0
2016-03-21,201603213118125,CZBIL,17,58,600,696.0,417600.0
2016-03-21,201603213118062,CZBIL,34,5,309,695.0,214755.0
2016-03-21,201603213118257,CZBIL,33,52,122,694.0,84668.0
2016-03-21,201603213118248,CZBIL,6,19,100,694.0,69400.0
2016-03-21,201603213118228,CZBIL,43,58,100,695.0,69500.0
2016-03-21,201603213118197,CZBIL,36,58,2000,695.0,1390000.0
2016-03-21,201603213118184,CZBIL,6,58,314,695.0,218230.0
2016-03-21,201603213118129,CZBIL,6,58,680,695.0,472600.0
2016-03-21,201603213118447,DDBL,10,14,50,2530.0,126500.0
2016-03-21,201603213118422,DDBL,10,14,346,2500.0,865000.0
2016-03-21,201603213118467,EBL,28,45,40,2499.0,99960.0
2016-03-21,201603213118354,EBL,28,43,10,2499.0,24990.0
2016-03-21,201603213118174,EBL,36,45,30,2501.0,75030.0
2016-03-21,201603213118073,EBL,6,43,200,2507.0,501400.0
2016-03-21,201603213118072,EBL,6,28,500,2505.0,1252500.0
2016-03-21,201603213118068,EBL,6,19,68,2500.0,170000.0
2016-03-21,201603213118317,EBL,55,45,160,2500.0,400000.0
2016-03-21,201603213118178,EBL,45,45,500,2500.0,1250000.0
2016-03-21,201603213118177,EBL,41,45,50,2500.0,125000.0
2016-03-21,201603213118176,EBL,20,45,60,2500.0,150000.0
2016-03-21,201603213118175,EBL,44,45,240,2500.0,600000.0
2016-03-21,201603213118324,EBLCP,14,51,12,1372.0,16464.0
2016-03-21,201603213118026,EBLCP,51,51,10,1400.0,14000.0
2016-03-21,201603213118469,FBBL,53,1,592,475.0,281200.0
2016-03-21,201603213118486,FMDBL,44,37,63,1270.0,80010.0
2016-03-21,201603213118485,FMDBL,44,37,200,1270.0,254000.0
2016-03-21,201603213118484,FMDBL,44,6,100,1270.0,127000.0
2016-03-21,201603213118157,FMDBL,36,45,200,1270.0,254000.0
2016-03-21,201603213118156,FMDBL,36,48,100,1269.0,126900.0
2016-03-21,201603213118133,FMDBL,36,50,45,1265.0,56925.0
2016-03-21,201603213118102,FMDBL,44,22,200,1260.0,252000.0
2016-03-21,201603213118094,FMDBL,44,53,50,1255.0,62750.0
2016-03-21,201603213118466,GBBL,21,44,350,361.0,126350.0
2016-03-21,201603213118465,GBBL,43,44,150,361.0,54150.0
2016-03-21,201603213118416,GBBL,21,25,133,362.0,48146.0
2016-03-21,201603213118283,GBBL,5,16,300,363.0,108900.0
2016-03-21,201603213118206,GBBL,5,47,84,360.0,30240.0
2016-03-21,201603213118093,GBBL,17,42,200,360.0,72000.0
2016-03-21,201603213118362,GBIME,29,8,140,470.0,65800.0
2016-03-21,201603213118361,GBIME,41,8,50,470.0,23500.0
2016-03-21,201603213118360,GBIME,43,8,110,470.0,51700.0
2016-03-21,201603213118359,GBIME,25,8,100,471.0,47100.0
2016-03-21,201603213118358,GBIME,58,8,600,471.0,282600.0
2016-03-21,201603213118357,GBIME,19,8,100,471.0,47100.0
2016-03-21,201603213118326,GBIME,49,20,105,474.0,49770.0
2016-03-21,201603213118106,GBIME,58,25,200,471.0,94200.0
2016-03-21,201603213118081,GBIME,49,49,500,472.0,236000.0
2016-03-21,201603213118307,GDBL,41,32,100,350.0,35000.0
2016-03-21,201603213118504,GFCL,43,6,60,230.0,13800.0
2016-03-21,201603213118503,GFCL,13,6,90,231.0,20790.0
2016-03-21,201603213118368,GLICL,57,49,125,740.0,92500.0
2016-03-21,201603213118364,GLICL,45,49,125,740.0,92500.0
2016-03-21,201603213118454,HAMA,28,22,50,222.0,11100.0
2016-03-21,201603213118327,HAMA,39,43,11,226.0,2486.0
2016-03-21,201603213118309,HAMA,39,43,10,230.0,2300.0
2016-03-21,201603213118286,HAMA,43,43,10,234.0,2340.0
2016-03-21,201603213118278,HAMA,39,43,11,238.0,2618.0
2016-03-21,201603213118099,HAMA,39,29,160,238.0,38080.0
2016-03-21,201603213118085,HAMA,39,29,280,238.0,66640.0
2016-03-21,201603213118082,HAMA,29,29,20,240.0,4800.0
2016-03-21,201603213118468,HGI,25,29,50,975.0,48750.0
2016-03-21,201603213118272,HGI,48,10,20,965.0,19300.0
2016-03-21,201603213118225,HGI,48,33,200,965.0,193000.0
2016-03-21,201603213118154,HGI,57,48,18,970.0,17460.0
2016-03-21,201603213118138,HGI,57,48,60,970.0,58200.0
2016-03-21,201603213118137,HGI,25,48,500,970.0,485000.0
2016-03-21,201603213118136,HGI,26,48,100,971.0,97100.0
2016-03-21,201603213118119,HGI,5,43,100,972.0,97200.0
2016-03-21,201603213118115,HGI,5,21,100,972.0,97200.0
2016-03-21,201603213118114,HGI,1,21,50,973.0,48650.0
2016-03-21,201603213118510,ICFC,48,11,100,281.0,28100.0
2016-03-21,201603213118464,ICFC,48,11,50,281.0,14050.0
2016-03-21,201603213118417,ILFCM,7,35,90,1236.0,111240.0
2016-03-21,201603213118386,ILFCM,40,35,380,1235.0,469300.0
2016-03-21,201603213118334,ILFCM,7,14,10,1236.0,12360.0
2016-03-21,201603213118308,ILFCM,40,47,300,1240.0,372000.0
2016-03-21,201603213118241,ILFCM,40,47,200,1240.0,248000.0
2016-03-21,201603213118240,ILFCM,7,47,100,1241.0,124100.0
2016-03-21,201603213118145,KCDBL,18,47,20,310.0,6200.0
2016-03-21,201603213118105,KCDBL,25,25,130,315.0,40950.0
2016-03-21,201603213118086,KCDBL,25,14,26,313.0,8138.0
2016-03-21,201603213118053,KCDBL,46,29,300,316.0,94800.0
2016-03-21,201603213118496,KDBL,39,51,20,257.0,5140.0
2016-03-21,201603213118077,KMCDB,36,19,10,1780.0,17800.0
2016-03-21,201603213118076,KMCDB,36,38,80,1780.0,142400.0
2016-03-21,201603213118505,LBL,21,49,200,632.0,126400.0
2016-03-21,201603213118312,LBL,5,42,200,631.0,126200.0
2016-03-21,201603213118311,LBL,55,50,12,632.0,7584.0
2016-03-21,201603213118196,LBL,45,4,31,632.0,19592.0
2016-03-21,201603213118050,LBL,45,57,200,632.0,126400.0
2016-03-21,201603213118043,LBL,21,6,20,633.0,12660.0
2016-03-21,201603213118275,LICN,36,56,100,3840.0,384000.0
2016-03-21,201603213118274,LICN,36,56,120,3839.0,460680.0
2016-03-21,201603213118262,LICN,36,25,44,3838.0,168872.0
2016-03-21,201603213118450,LLBS,28,35,300,2380.0,714000.0
2016-03-21,201603213118107,LLBS,28,28,10,2395.0,23950.0
2016-03-21,201603213118104,LLBS,28,28,10,2395.0,23950.0
2016-03-21,201603213118122,MDB,26,41,150,625.0,93750.0
2016-03-21,201603213118500,MMDBL,48,48,10,612.0,6120.0
2016-03-21,201603213118472,MNBBL,7,7,1000,877.0,877000.0
2016-03-21,201603213118171,MNBBL,32,46,500,875.0,437500.0
2016-03-21,201603213118441,NABIL,26,6,35,1918.0,67130.0
2016-03-21,201603213118341,NABIL,37,53,50,1920.0,96000.0
2016-03-21,201603213118340,NABIL,34,53,100,1920.0,192000.0
2016-03-21,201603213118339,NABIL,38,53,20,1922.0,38440.0
2016-03-21,201603213118338,NABIL,57,53,160,1924.0,307840.0
2016-03-21,201603213118305,NABIL,57,13,140,1924.0,269360.0
2016-03-21,201603213118303,NABIL,57,13,60,1924.0,115440.0
2016-03-21,201603213118302,NABIL,57,17,90,1924.0,173160.0
2016-03-21,201603213118261,NABIL,45,52,354,1921.0,680034.0
2016-03-21,201603213118243,NABIL,38,13,100,1922.0,192200.0
2016-03-21,201603213118140,NABIL,38,8,80,1922.0,153760.0
2016-03-21,201603213118139,NABIL,37,8,300,1922.0,576600.0
2016-03-21,201603213118499,NABILP,44,33,15,1479.0,22185.0
2016-03-21,201603213118476,NABILP,44,6,50,1479.0,73950.0
2016-03-21,201603213118423,NABILP,49,6,200,1479.0,295800.0
2016-03-21,201603213118408,NABILP,17,6,200,1479.0,295800.0
2016-03-21,201603213118203,NABILP,8,8,500,1480.0,740000.0
2016-03-21,201603213118332,NBB,36,58,363,543.0,197109.0
2016-03-21,201603213118325,NBB,36,16,300,543.0,162900.0
2016-03-21,201603213118238,NBB,6,42,392,540.0,211680.0
2016-03-21,201603213118183,NBB,36,58,1815,542.0,983730.0
2016-03-21,201603213118170,NBB,36,58,66,542.0,35772.0
2016-03-21,201603213118061,NBF1,36,17,2098,16.0,33568.0
2016-03-21,201603213118475,NBL,19,48,200,400.0,80000.0
2016-03-21,201603213118378,NBL,22,44,500,400.0,200000.0
2016-03-21,201603213118377,NBL,25,44,1000,400.0,400000.0
2016-03-21,201603213118376,NBL,25,44,1000,400.0,400000.0
2016-03-21,201603213118375,NBL,44,44,1000,400.0,400000.0
2016-03-21,201603213118374,NBL,44,44,1680,400.0,672000.0
2016-03-21,201603213118271,NBL,42,48,500,404.0,202000.0
2016-03-21,201603213118237,NBL,17,40,400,401.0,160400.0
2016-03-21,201603213118066,NBL,36,32,45,404.0,18180.0
2016-03-21,201603213118065,NBL,36,25,200,403.0,80600.0
2016-03-21,201603213118345,NBL,53,44,200,401.0,80200.0
2016-03-21,201603213118344,NBL,53,44,200,401.0,80200.0
2016-03-21,201603213118343,NBL,53,44,200,401.0,80200.0
2016-03-21,201603213118342,NBL,53,44,200,401.0,80200.0
2016-03-21,201603213118335,NBL,53,43,200,401.0,80200.0
2016-03-21,201603213118319,NBL,17,51,200,402.0,80400.0
2016-03-21,201603213118351,NBL,53,44,500,401.0,200500.0
2016-03-21,201603213118350,NBL,53,44,200,401.0,80200.0
2016-03-21,201603213118349,NBL,53,44,200,401.0,80200.0
2016-03-21,201603213118348,NBL,53,44,200,401.0,80200.0
2016-03-21,201603213118347,NBL,17,44,600,401.0,240600.0
2016-03-21,201603213118346,NBL,53,44,200,401.0,80200.0
2016-03-21,201603213118462,NBSL,21,14,660,400.0,264000.0
2016-03-21,201603213118509,NHPC,17,58,1000,218.0,218000.0
2016-03-21,201603213118498,NHPC,46,25,1000,218.0,218000.0
2016-03-21,201603213118479,NHPC,17,58,950,217.0,206150.0
2016-03-21,201603213118474,NHPC,17,51,320,216.0,69120.0
2016-03-21,201603213118473,NHPC,17,51,2000,216.0,432000.0
2016-03-21,201603213118471,NHPC,34,58,50,217.0,10850.0
2016-03-21,201603213118108,NHPC,53,35,1000,219.0,219000.0
2016-03-21,201603213118095,NHPC,6,32,3000,217.0,651000.0
2016-03-21,201603213118047,NHPC,28,32,1000,217.0,217000.0
2016-03-21,201603213118166,NHPC,41,19,2000,219.0,438000.0
2016-03-21,201603213118146,NHPC,53,51,1000,219.0,219000.0
2016-03-21,201603213118144,NHPC,29,36,500,218.0,109000.0
2016-03-21,201603213118143,NHPC,54,36,500,218.0,109000.0
2016-03-21,201603213118142,NHPC,46,36,1000,218.0,218000.0
2016-03-21,201603213118124,NHPC,5,20,700,217.0,151900.0
2016-03-21,201603213118234,NHPC,34,45,1000,218.0,218000.0
2016-03-21,201603213118233,NHPC,29,57,100,218.0,21800.0
2016-03-21,201603213118192,NHPC,54,32,80,217.0,17360.0
2016-03-21,201603213118191,NHPC,5,32,300,217.0,65100.0
2016-03-21,201603213118190,NHPC,29,32,500,218.0,109000.0
2016-03-21,201603213118167,NHPC,48,19,200,219.0,43800.0
2016-03-21,201603213118384,NHPC,28,51,100,218.0,21800.0
2016-03-21,201603213118356,NHPC,39,51,300,218.0,65400.0
2016-03-21,201603213118355,NHPC,29,51,390,218.0,85020.0
2016-03-21,201603213118281,NHPC,59,34,1530,218.0,333540.0
2016-03-21,201603213118279,NHPC,29,33,10,218.0,2180.0
2016-03-21,201603213118258,NHPC,6,34,2000,218.0,436000.0
2016-03-21,201603213118410,NHPC,42,58,1920,217.0,416640.0
2016-03-21,201603213118392,NHPC,42,51,80,217.0,17360.0
2016-03-21,201603213118391,NHPC,46,51,1000,217.0,217000.0
2016-03-21,201603213118390,NHPC,35,51,1200,217.0,260400.0
2016-03-21,201603213118389,NHPC,54,51,3720,217.0,807240.0
2016-03-21,201603213118385,NHPC,38,51,220,218.0,47960.0
2016-03-21,201603213118459,NHPC,46,51,1000,218.0,218000.0
2016-03-21,201603213118453,NHPC,17,58,1000,217.0,217000.0
2016-03-21,201603213118440,NHPC,48,58,790,216.0,170640.0
2016-03-21,201603213118415,NHPC,46,58,1000,216.0,216000.0
2016-03-21,201603213118414,NHPC,21,58,1000,216.0,216000.0
2016-03-21,201603213118413,NHPC,11,58,250,216.0,54000.0
2016-03-21,201603213118501,NIB,16,21,200,962.0,192400.0
2016-03-21,201603213118235,NIB,37,17,50,959.0,47950.0
2016-03-21,201603213118182,NIB,33,35,900,955.0,859500.0
2016-03-21,201603213118090,NIB,45,35,40,955.0,38200.0
2016-03-21,201603213118051,NIB,36,6,505,957.0,483285.0
2016-03-21,201603213118045,NIB,36,32,63,958.0,60354.0
2016-03-21,201603213118025,NIB,45,45,380,955.0,362900.0
2016-03-21,201603213118024,NIB,45,45,20,956.0,19120.0
2016-03-21,201603213118023,NIB,6,45,100,956.0,95600.0
2016-03-21,201603213118455,NIBSF1,5,1,1000,10.7,10700.0
2016-03-21,201603213118427,NIBSF1,5,1,1000,10.7,10700.0
2016-03-21,201603213118448,NICA,8,44,64,750.0,48000.0
2016-03-21,201603213118429,NICA,32,56,100,752.0,75200.0
2016-03-21,201603213118428,NICA,32,56,70,752.0,52640.0
2016-03-21,201603213118403,NICA,32,17,30,752.0,22560.0
2016-03-21,201603213118402,NICA,13,17,100,752.0,75200.0
2016-03-21,201603213118401,NICA,32,17,100,752.0,75200.0
2016-03-21,201603213118299,NICA,13,56,350,753.0,263550.0
2016-03-21,201603213118298,NICA,17,56,60,753.0,45180.0
2016-03-21,201603213118282,NICA,19,56,556,754.0,419224.0
2016-03-21,201603213118221,NICA,17,52,115,753.0,86595.0
2016-03-21,201603213118155,NICA,32,21,34,754.0,25636.0
2016-03-21,201603213118400,NICA,32,17,100,752.0,75200.0
2016-03-21,201603213118399,NICA,32,17,100,752.0,75200.0
2016-03-21,201603213118398,NICA,32,17,50,752.0,37600.0
2016-03-21,201603213118387,NICA,32,17,23,752.0,17296.0
2016-03-21,201603213118379,NICA,48,43,45,753.0,33885.0
2016-03-21,201603213118300,NICA,1,56,70,753.0,52710.0
2016-03-21,201603213118487,NICL,14,57,879,786.0,690894.0
2016-03-21,201603213118411,NICL,17,5,350,790.0,276500.0
2016-03-21,201603213118230,NICL,17,50,500,790.0,395000.0
2016-03-21,201603213118098,NICL,21,5,100,790.0,79000.0
2016-03-21,201603213118321,NIL,22,33,660,1120.0,739200.0
2016-03-21,201603213118202,NIL,59,56,100,1120.0,112000.0
2016-03-21,201603213118304,NLG,48,33,500,1120.0,560000.0
2016-03-21,201603213118419,NLIC,45,16,200,3900.0,780000.0
2016-03-21,201603213118418,NLIC,29,16,50,3905.0,195250.0
2016-03-21,201603213118407,NLIC,34,39,500,3905.0,1952500.0
2016-03-21,201603213118323,NLIC,45,8,300,3900.0,1170000.0
2016-03-21,201603213118297,NLIC,58,8,200,3900.0,780000.0
2016-03-21,201603213118289,NLIC,58,17,100,3900.0,390000.0
2016-03-21,201603213118186,NLIC,45,6,100,3905.0,390500.0
2016-03-21,201603213118185,NLIC,45,17,200,3904.0,780800.0
2016-03-21,201603213118087,NLIC,58,39,250,3900.0,975000.0
2016-03-21,201603213118084,NLIC,58,32,50,3900.0,195000.0
2016-03-21,201603213118036,NLIC,58,6,200,3900.0,780000.0
2016-03-21,201603213118287,NLIC,55,21,30,3904.0,117120.0
2016-03-21,201603213118285,NLIC,58,17,100,3900.0,390000.0
2016-03-21,201603213118273,NLIC,58,35,100,3900.0,390000.0
2016-03-21,201603213118231,NLIC,58,21,200,3900.0,780000.0
2016-03-21,201603213118224,NLIC,58,20,300,3900.0,1170000.0
2016-03-21,201603213118187,NLIC,45,39,210,3905.0,820050.0
2016-03-21,201603213118470,NLICL,45,44,100,2790.0,279000.0
2016-03-21,201603213118439,NLICL,50,44,100,2795.0,279500.0
2016-03-21,201603213118506,NMB,49,49,500,580.0,290000.0
2016-03-21,201603213118481,NMB,38,6,60,581.0,34860.0
2016-03-21,201603213118451,NMB,38,50,390,581.0,226590.0
2016-03-21,201603213118446,NMB,49,52,294,580.0,170520.0
2016-03-21,201603213118438,NMB,49,52,188,580.0,109040.0
2016-03-21,201603213118412,NMB,38,4,76,580.0,44080.0
2016-03-21,201603213118034,NMB,43,43,176,577.0,101552.0
2016-03-21,201603213118211,NMB,33,50,1000,576.0,576000.0
2016-03-21,201603213118210,NMB,8,50,200,577.0,115400.0
2016-03-21,201603213118209,NMB,8,50,200,577.0,115400.0
2016-03-21,201603213118208,NMB,33,50,100,578.0,57800.0
2016-03-21,201603213118207,NMB,44,50,100,579.0,57900.0
2016-03-21,201603213118040,NMB,34,5,68,577.0,39236.0
2016-03-21,201603213118363,NMB,47,50,1000,579.0,579000.0
2016-03-21,201603213118301,NMB,34,42,59,576.0,33984.0
2016-03-21,201603213118215,NMB,57,50,2000,575.0,1150000.0
2016-03-21,201603213118214,NMB,43,50,190,575.0,109250.0
2016-03-21,201603213118213,NMB,54,50,200,575.0,115000.0
2016-03-21,201603213118212,NMB,49,50,500,576.0,288000.0
2016-03-21,201603213118397,NNLB,17,28,20,1576.0,31520.0
2016-03-21,201603213118246,NTC,11,4,100,700.0,70000.0
2016-03-21,201603213118244,NTC,11,48,100,700.0,70000.0
2016-03-21,201603213118089,OHL,59,32,100,488.0,48800.0
2016-03-21,201603213118088,OHL,59,18,10,487.0,4870.0
2016-03-21,201603213118396,PCBL,13,20,100,544.0,54400.0
2016-03-21,201603213118395,PCBL,4,20,100,545.0,54500.0
2016-03-21,201603213118153,PCBL,48,6,200,544.0,108800.0
2016-03-21,201603213118132,PCBL,43,55,598,544.0,325312.0
2016-03-21,201603213118071,PCBL,58,19,200,544.0,108800.0
2016-03-21,201603213118063,PCBL,58,57,300,543.0,162900.0
2016-03-21,201603213118017,PCBL,17,25,25,544.0,13600.0
2016-03-21,201603213118458,PIC,33,32,250,1305.0,326250.0
2016-03-21,201603213118457,PIC,50,32,200,1305.0,261000.0
2016-03-21,201603213118456,PIC,22,32,50,1306.0,65300.0
2016-03-21,201603213118194,PIC,22,49,65,1306.0,84890.0
2016-03-21,201603213118169,PIC,33,32,200,1310.0,262000.0
2016-03-21,201603213118168,PIC,33,32,250,1310.0,327500.0
2016-03-21,201603213118121,PIC,50,32,110,1308.0,143880.0
2016-03-21,201603213118112,PIC,33,36,287,1304.0,374248.0
2016-03-21,201603213118110,PIC,40,56,100,1306.0,130600.0
2016-03-21,201603213118091,PIC,32,32,100,1308.0,130800.0
2016-03-21,201603213118329,PICL,34,49,300,1020.0,306000.0
2016-03-21,201603213118328,PICL,17,49,700,1015.0,710500.0
2016-03-21,201603213118256,PICL,17,34,50,1015.0,50750.0
2016-03-21,201603213118255,PICL,56,34,50,1016.0,50800.0
2016-03-21,201603213118245,PICL,56,14,100,1016.0,101600.0
2016-03-21,201603213118080,PICL,41,49,50,1020.0,51000.0
2016-03-21,201603213118079,PICL,45,49,50,1020.0,51000.0
2016-03-21,201603213118078,PICL,40,49,100,1021.0,102100.0
2016-03-21,201603213118046,PICL,41,14,200,1023.0,204600.0
2016-03-21,201603213118035,PICL,38,38,500,1022.0,511000.0
2016-03-21,201603213118200,PLIC,32,33,200,1760.0,352000.0
2016-03-21,201603213118199,PLIC,17,33,100,1762.0,176200.0
2016-03-21,201603213118198,PLIC,29,33,60,1765.0,105900.0
2016-03-21,201603213118058,PLIC,19,59,20,1770.0,35400.0
2016-03-21,201603213118057,PLIC,38,59,200,1773.0,354600.0
2016-03-21,201603213118056,PLIC,7,59,10,1775.0,17750.0
2016-03-21,201603213118055,PLIC,7,5,110,1775.0,195250.0
2016-03-21,201603213118020,PLIC,7,42,300,1775.0,532500.0
2016-03-21,201603213118019,PLIC,7,53,40,1775.0,71000.0
2016-03-21,201603213118018,PLIC,22,53,460,1776.0,816960.0
2016-03-21,201603213118421,PRDBL,21,35,500,224.0,112000.0
2016-03-21,201603213118420,PRDBL,22,35,1000,225.0,225000.0
2016-03-21,201603213118336,PRDBL,59,17,200,225.0,45000.0
2016-03-21,201603213118158,PRDBL,1,14,165,225.0,37125.0
2016-03-21,201603213118083,PRDBL,1,25,33,226.0,7458.0
2016-03-21,201603213118388,PURBL,5,32,114,387.0,44118.0
2016-03-21,201603213118316,PURBL,5,32,48,387.0,18576.0
2016-03-21,201603213118315,PURBL,5,32,16,387.0,6192.0
2016-03-21,201603213118310,PURBL,5,42,16,387.0,6192.0
2016-03-21,201603213118445,RBBBL,33,44,10,289.0,2890.0
2016-03-21,201603213118444,RBBBL,33,1,170,289.0,49130.0
2016-03-21,201603213118443,RBBBL,33,44,10,289.0,2890.0
2016-03-21,201603213118442,RBBBL,33,39,200,288.0,57600.0
2016-03-21,201603213118424,RBBBL,33,22,88,287.0,25256.0
2016-03-21,201603213118067,RBBBL,38,26,500,290.0,145000.0
2016-03-21,201603213118041,RBBBL,59,43,52,290.0,15080.0
2016-03-21,201603213118280,RLFL,18,25,1000,263.0,263000.0
2016-03-21,201603213118223,RLFL,18,26,120,268.0,32160.0
2016-03-21,201603213118495,RMDC,42,58,500,990.0,495000.0
2016-03-21,201603213118494,RMDC,52,58,700,991.0,693700.0
2016-03-21,201603213118493,RMDC,35,58,100,995.0,99500.0
2016-03-21,201603213118492,RMDC,16,58,200,995.0,199000.0
2016-03-21,201603213118491,RMDC,40,58,200,995.0,199000.0
2016-03-21,201603213118373,RMDC,40,1,100,996.0,99600.0
2016-03-21,201603213118109,RMDC,55,45,151,999.0,150849.0
2016-03-21,201603213118016,RMDC,40,39,100,996.0,99600.0
2016-03-21,201603213118097,SADBL,1,36,100,361.0,36100.0
2016-03-21,201603213118406,SANIMA,13,56,200,780.0,156000.0
2016-03-21,201603213118405,SANIMA,13,17,400,780.0,312000.0
2016-03-21,201603213118404,SANIMA,13,55,420,780.0,327600.0
2016-03-21,201603213118394,SANIMA,49,49,200,778.0,155600.0
2016-03-21,201603213118293,SANIMA,49,55,500,780.0,390000.0
2016-03-21,201603213118120,SANIMA,26,55,80,780.0,62400.0
2016-03-21,201603213118507,SBI,45,21,50,1407.0,70350.0
2016-03-21,201603213118277,SBI,43,43,221,1402.0,309842.0
2016-03-21,201603213118031,SBI,55,56,100,1400.0,140000.0
2016-03-21,201603213118030,SBI,25,56,100,1405.0,140500.0
2016-03-21,201603213118029,SBI,14,56,100,1412.0,141200.0
2016-03-21,201603213118028,SBI,5,56,200,1415.0,283000.0
2016-03-21,201603213118463,SCB,11,58,50,2885.0,144250.0
2016-03-21,201603213118353,SCB,14,41,50,2905.0,145250.0
2016-03-21,201603213118352,SCB,16,41,100,2905.0,290500.0
2016-03-21,201603213118254,SCB,11,41,300,2900.0,870000.0
2016-03-21,201603213118253,SCB,52,41,100,2900.0,290000.0
2016-03-21,201603213118252,SCB,29,41,30,2910.0,87300.0
2016-03-21,201603213118189,SCB,45,13,200,2905.0,581000.0
2016-03-21,201603213118118,SCB,45,41,200,2905.0,581000.0
2016-03-21,201603213118103,SCB,45,47,42,2900.0,121800.0
2016-03-21,201603213118049,SCB,45,13,200,2904.0,580800.0
2016-03-21,201603213118048,SCB,20,13,100,2905.0,290500.0
2016-03-21,201603213118152,SEOS,17,33,100000,11.0,1100000.0
2016-03-21,201603213118151,SEOS,17,17,2000,11.0,22000.0
2016-03-21,201603213118150,SEOS,17,17,2000,11.0,22000.0
2016-03-21,201603213118149,SEOS,17,17,2000,11.0,22000.0
2016-03-21,201603213118148,SEWA,19,43,100,324.0,32400.0
2016-03-21,201603213118134,SEWA,43,14,37,322.0,11914.0
2016-03-21,201603213118070,SHL,22,25,300,330.0,99000.0
2016-03-21,201603213118333,SHPC,22,29,500,855.0,427500.0
2016-03-21,201603213118075,SIC,44,39,50,1385.0,69250.0
2016-03-21,201603213118069,SIC,33,39,207,1382.0,286074.0
2016-03-21,201603213118426,SIL,34,28,200,1606.0,321200.0
2016-03-21,201603213118284,SIL,19,33,34,1610.0,54740.0
2016-03-21,201603213118251,SIL,45,45,80,1600.0,128000.0
2016-03-21,201603213118250,SIL,45,28,10,1600.0,16000.0
2016-03-21,201603213118249,SIL,45,41,60,1600.0,96000.0
2016-03-21,201603213118236,SIL,14,20,100,1599.0,159900.0
2016-03-21,201603213118179,SIL,49,20,150,1599.0,239850.0
2016-03-21,201603213118172,SIL,38,20,280,1599.0,447720.0
2016-03-21,201603213118141,SIL,38,56,16,1598.0,25568.0
2016-03-21,201603213118101,SKBBL,47,45,98,1850.0,181300.0
2016-03-21,201603213118100,SKBBL,53,45,200,1855.0,371000.0
2016-03-21,201603213118239,SLICL,1,48,100,910.0,91000.0
2016-03-21,201603213118227,SLICL,1,48,400,910.0,364000.0
2016-03-21,201603213118226,SLICL,1,48,100,911.0,91100.0
2016-03-21,201603213118204,SLICL,26,36,172,910.0,156520.0
2016-03-21,201603213118064,SMFDB,10,57,34,2600.0,88400.0
2016-03-21,201603213118490,SRBL,49,1,100,475.0,47500.0
2016-03-21,201603213118489,SRBL,49,1,200,475.0,95000.0
2016-03-21,201603213118488,SRBL,16,1,300,475.0,142500.0
2016-03-21,201603213118296,SRBL,49,22,200,479.0,95800.0
2016-03-21,201603213118260,SRBL,16,17,100,475.0,47500.0
2016-03-21,201603213118259,SRBL,49,17,500,475.0,237500.0
2016-03-21,201603213118038,SRBL,16,25,18,475.0,8550.0
2016-03-21,201603213118032,SUBBL,39,50,500,329.0,164500.0
2016-03-21,201603213118096,SWBBL,44,22,100,2280.0,228000.0
2016-03-21,201603213118320,SYFL,33,40,200,127.0,25400.0
2016-03-21,201603213118181,SYFL,53,38,630,128.0,80640.0
2016-03-21,201603213118163,SYFL,53,38,370,128.0,47360.0
2016-03-21,201603213118162,SYFL,6,38,110,128.0,14080.0
2016-03-21,201603213118161,SYFL,35,38,60,128.0,7680.0
2016-03-21,201603213118160,SYFL,39,38,360,129.0,46440.0
2016-03-21,201603213118159,SYFL,49,38,600,130.0,78000.0
2016-03-21,201603213118195,TBBL,58,5,90,305.0,27450.0
2016-03-21,201603213118130,TBBL,35,14,41,309.0,12669.0
2016-03-21,201603213118478,TRH,59,16,200,234.0,46800.0
2016-03-21,201603213118205,TRH,36,32,10,235.0,2350.0
2016-03-21,201603213118044,UFCL,29,25,32,152.0,4864.0
2016-03-21,201603213118180,UIC,6,14,200,822.0,164400.0
2016-03-21,201603213118483,WDBL,4,44,100,465.0,46500.0
2016-03-21,201603213118482,WDBL,33,44,50,465.0,23250.0
2016-03-21,201603213118461,WDBL,41,44,200,465.0,93000.0
2016-03-21,201603213118460,WDBL,50,44,50,465.0,23250.0
2016-03-21,201603213118330,WDBL,41,44,500,469.0,234500.0
2016-03-21,201603213118111,WDBL,50,5,52,465.0,24180.0
2016-03-21,201603213118288,YETI,53,39,500,212.0,106000.0
2016-03-21,201603213118276,YETI,41,39,1000,212.0,212000.0
2016-03-21,201603213118270,YETI,38,16,500,212.0,106000.0
2016-03-21,201603213118193,YETI,41,47,2500,212.0,530000.0
2016-03-21,201603213117938,ADBL,41,8,450,658.0,296100.0
2016-03-21,201603213117923,ADBL,11,47,300,662.0,198600.0
2016-03-21,201603213117812,ADBL,41,36,550,658.0,361900.0
2016-03-21,201603213117811,ADBL,25,36,200,658.0,131600.0
2016-03-21,201603213117810,ADBL,39,36,100,658.0,65800.0
2016-03-21,201603213117809,ADBL,6,36,300,659.0,197700.0
2016-03-21,201603213117649,ADBL,41,40,32,659.0,21088.0
2016-03-21,201603213117639,ADBL,41,40,30,659.0,19770.0
2016-03-21,201603213117562,ADBL,41,59,64,660.0,42240.0
2016-03-21,201603213117539,ADBL,17,47,200,662.0,132400.0
2016-03-21,201603213117782,AHPC,1,13,500,330.0,165000.0
2016-03-21,201603213117875,ALDBL,7,25,35,518.0,18130.0
2016-03-21,201603213117964,ALICL,28,53,80,1455.0,116400.0
2016-03-21,201603213117958,ALICL,28,53,200,1455.0,291000.0
2016-03-21,201603213117957,ALICL,45,53,300,1455.0,436500.0
2016-03-21,201603213117942,ALICL,21,53,10,1460.0,14600.0
2016-03-21,201603213117675,ALICL,45,28,200,1455.0,291000.0
2016-03-21,201603213117674,ALICL,17,28,100,1456.0,145600.0
2016-03-21,201603213117615,ALICL,58,39,76,1461.0,111036.0
2016-03-21,201603213117614,ALICL,58,43,50,1460.0,73000.0
2016-03-21,201603213117578,ALICL,45,38,57,1459.0,83163.0
2016-03-21,201603213117563,ALICL,17,21,300,1456.0,436800.0
2016-03-21,201603213117989,API,22,46,200,718.0,143600.0
2016-03-21,201603213117985,API,7,46,300,720.0,216000.0
2016-03-21,201603213117974,API,49,45,26,725.0,18850.0
2016-03-21,201603213117966,API,49,45,26,725.0,18850.0
2016-03-21,201603213117952,API,22,45,26,726.0,18876.0
2016-03-21,201603213117929,API,7,45,26,727.0,18902.0
2016-03-21,201603213117577,API,36,55,50,743.0,37150.0
2016-03-21,201603213117566,API,21,55,200,743.0,148600.0
2016-03-21,201603213117565,API,17,55,130,743.0,96590.0
2016-03-21,201603213117564,API,4,55,50,743.0,37150.0
2016-03-21,201603213117535,API,4,5,10,743.0,7430.0
2016-03-21,201603213117595,API,39,49,237,742.0,175854.0
2016-03-21,201603213117594,API,43,29,23,745.0,17135.0
2016-03-21,201603213117593,API,43,21,26,745.0,19370.0
2016-03-21,201603213117592,API,43,21,26,745.0,19370.0
2016-03-21,201603213117591,API,43,29,23,745.0,17135.0
2016-03-21,201603213117590,API,43,29,23,745.0,17135.0
2016-03-21,201603213117607,API,16,40,100,740.0,74000.0
2016-03-21,201603213117606,API,17,40,160,740.0,118400.0
2016-03-21,201603213117605,API,4,40,980,741.0,726180.0
2016-03-21,201603213117604,API,10,40,150,742.0,111300.0
2016-03-21,201603213117603,API,26,40,100,742.0,74200.0
2016-03-21,201603213117599,API,19,49,36,743.0,26748.0
2016-03-21,201603213117925,API,17,46,100,730.0,73000.0
2016-03-21,201603213117921,API,42,46,100,730.0,73000.0
2016-03-21,201603213117920,API,43,46,200,731.0,146200.0
2016-03-21,201603213117919,API,25,46,100,732.0,73200.0
2016-03-21,201603213117903,API,42,40,200,740.0,148000.0
2016-03-21,201603213117691,API,29,40,100,740.0,74000.0
2016-03-21,201603213117971,ARDBL,29,42,44,247.0,10868.0
2016-03-21,201603213117915,ARDBL,40,42,44,247.0,10868.0
2016-03-21,201603213117644,ARDBL,43,56,200,247.0,49400.0
2016-03-21,201603213117643,ARDBL,39,56,100,247.0,24700.0
2016-03-21,201603213117600,ARDBL,48,7,515,248.0,127720.0
2016-03-21,201603213118013,BARUN,40,43,30,520.0,15600.0
2016-03-21,201603213117993,BARUN,40,1,10,515.0,5150.0
2016-03-21,201603213117992,BARUN,40,1,10,515.0,5150.0
2016-03-21,201603213117991,BARUN,40,1,10,515.0,5150.0
2016-03-21,201603213117990,BARUN,40,1,10,515.0,5150.0
2016-03-21,201603213117897,BARUN,7,45,10,512.0,5120.0
2016-03-21,201603213117881,BARUN,7,45,10,512.0,5120.0
2016-03-21,201603213117860,BARUN,7,45,10,512.0,5120.0
2016-03-21,201603213117849,BARUN,7,45,10,512.0,5120.0
2016-03-21,201603213117637,BARUN,7,50,50,512.0,25600.0
2016-03-21,201603213117636,BARUN,7,4,10,511.0,5110.0
2016-03-21,201603213117926,BFCL,59,58,10,175.0,1750.0
2016-03-21,201603213117911,BFCL,59,58,990,175.0,173250.0
2016-03-21,201603213117910,BFCL,43,58,100,176.0,17600.0
2016-03-21,201603213117908,BFCL,58,58,10,177.0,1770.0
2016-03-21,201603213117610,BFCL,28,39,40,180.0,7200.0
2016-03-21,201603213117573,BFCL,43,58,130,180.0,23400.0
2016-03-21,201603213117723,BFCL,43,11,50,180.0,9000.0
2016-03-21,201603213117722,BFCL,43,11,100,178.0,17800.0
2016-03-21,201603213117717,BFCL,43,48,28,179.0,5012.0
2016-03-21,201603213117652,BFCL,28,11,90,180.0,16200.0
2016-03-21,201603213118001,BPCL,52,36,160,643.0,102880.0
2016-03-21,201603213117999,BPCL,33,36,100,645.0,64500.0
2016-03-21,201603213117706,BPCL,33,16,500,645.0,322500.0
2016-03-21,201603213117528,BPCL,33,16,917,643.0,589631.0
2016-03-21,201603213117835,CCBL,57,58,200,380.0,76000.0
2016-03-21,201603213117721,CCBL,42,48,500,382.0,191000.0
2016-03-21,201603213117695,CCBL,57,6,340,380.0,129200.0
2016-03-21,201603213117694,CCBL,26,6,50,380.0,19000.0
2016-03-21,201603213117693,CCBL,3,6,10,380.0,3800.0
2016-03-21,201603213117651,CCBL,53,20,296,382.0,113072.0
2016-03-21,201603213117596,CCBL,59,47,129,380.0,49020.0
2016-03-21,201603213117729,CHCL,8,54,100,1320.0,132000.0
2016-03-21,201603213117728,CHCL,39,54,200,1321.0,264200.0
2016-03-21,201603213117702,CHCL,49,54,86,1323.0,113778.0
2016-03-21,201603213117618,CHCL,32,6,300,1325.0,397500.0
2016-03-21,201603213117549,CHCL,32,38,100,1325.0,132500.0
2016-03-21,201603213117540,CHCL,32,38,100,1325.0,132500.0
2016-03-21,201603213117533,CHCL,39,38,100,1325.0,132500.0
2016-03-21,201603213117529,CHCL,39,38,100,1325.0,132500.0
2016-03-21,201603213117770,CIT,16,58,15,3805.0,57075.0
2016-03-21,201603213117719,CSDBL,38,29,500,392.0,196000.0
2016-03-21,201603213117718,CSDBL,22,29,100,393.0,39300.0
2016-03-21,201603213117941,CZBIL,6,41,200,695.0,139000.0
2016-03-21,201603213117880,CZBIL,6,26,180,698.0,125640.0
2016-03-21,201603213117879,CZBIL,6,4,1000,698.0,698000.0
2016-03-21,201603213117878,CZBIL,6,4,500,698.0,349000.0
2016-03-21,201603213117873,CZBIL,33,40,72,696.0,50112.0
2016-03-21,201603213117657,CZBIL,45,45,350,699.0,244650.0
2016-03-21,201603213117655,CZBIL,41,35,1000,699.0,699000.0
2016-03-21,201603213117654,CZBIL,41,4,1000,699.0,699000.0
2016-03-21,201603213117653,CZBIL,45,58,150,699.0,104850.0
2016-03-21,201603213117589,CZBIL,53,7,260,697.0,181220.0
2016-03-21,201603213117570,CZBIL,37,52,184,695.0,127880.0
2016-03-21,201603213117962,DBBL,48,56,30,241.0,7230.0
2016-03-21,201603213117961,DBBL,54,56,50,241.0,12050.0
2016-03-21,201603213117960,DBBL,54,52,500,241.0,120500.0
2016-03-21,201603213117898,DBBL,48,48,1200,241.0,289200.0
2016-03-21,201603213117892,DBBL,48,25,36,241.0,8676.0
2016-03-21,201603213117768,DBBL,48,11,100,241.0,24100.0
2016-03-21,201603213117767,DBBL,48,56,200,241.0,48200.0
2016-03-21,201603213117731,DBBL,48,53,1000,241.0,241000.0
2016-03-21,201603213117720,DBBL,45,52,100,244.0,24400.0
2016-03-21,201603213117638,DBBL,48,16,1000,241.0,241000.0
2016-03-21,201603213117774,EBL,6,45,170,2500.0,425000.0
2016-03-21,201603213117773,EBL,6,45,130,2500.0,325000.0
2016-03-21,201603213117772,EBL,35,45,400,2501.0,1000400.0
2016-03-21,201603213117771,EBL,45,45,240,2503.0,600720.0
2016-03-21,201603213117764,EBL,36,42,100,2510.0,251000.0
2016-03-21,201603213117763,EBL,36,41,100,2509.0,250900.0
2016-03-21,201603213117513,EBL,6,21,23,2505.0,57615.0
2016-03-21,201603213117669,EBL,50,47,100,2505.0,250500.0
2016-03-21,201603213117630,EBL,14,13,100,2510.0,251000.0
2016-03-21,201603213117613,EBL,50,41,50,2503.0,125150.0
2016-03-21,201603213117726,EBL,36,38,61,2509.0,153049.0
2016-03-21,201603213117715,EBL,35,45,500,2501.0,1250500.0
2016-03-21,201603213117714,EBL,45,45,500,2502.0,1251000.0
2016-03-21,201603213117703,EBL,36,32,32,2510.0,80320.0
2016-03-21,201603213117681,EBL,50,58,150,2503.0,375450.0
2016-03-21,201603213117922,FBBL,14,5,455,468.0,212940.0
2016-03-21,201603213117515,FBBL,14,55,12,466.0,5592.0
2016-03-21,201603213117904,FMDBL,41,53,200,1255.0,251000.0
2016-03-21,201603213117834,GBBL,51,1,84,361.0,30324.0
2016-03-21,201603213117705,GBBL,51,32,140,361.0,50540.0
2016-03-21,201603213117859,GBIME,19,8,400,471.0,188400.0
2016-03-21,201603213117858,GBIME,43,8,100,472.0,47200.0
2016-03-21,201603213117807,GBIME,6,45,200,471.0,94200.0
2016-03-21,201603213117800,GBIME,40,58,36,475.0,17100.0
2016-03-21,201603213117716,GBIME,40,58,36,475.0,17100.0
2016-03-21,201603213117692,GBIME,43,5,15,471.0,7065.0
2016-03-21,201603213117627,GBIME,1,17,100,474.0,47400.0
2016-03-21,201603213117584,GBIME,43,25,100,474.0,47400.0
2016-03-21,201603213117687,GBIME,49,49,107,473.0,50611.0
2016-03-21,201603213117680,GBIME,36,5,11,472.0,5192.0
2016-03-21,201603213117673,GBIME,43,5,11,472.0,5192.0
2016-03-21,201603213117647,GBIME,6,5,200,473.0,94600.0
2016-03-21,201603213117646,GBIME,45,5,200,474.0,94800.0
2016-03-21,201603213117645,GBIME,1,5,100,474.0,47400.0
2016-03-21,201603213117986,GLICL,45,5,250,740.0,185000.0
2016-03-21,201603213117901,GLICL,45,6,100,740.0,74000.0
2016-03-21,201603213117737,GLICL,43,57,79,746.0,58934.0
2016-03-21,201603213117724,GLICL,33,57,500,743.0,371500.0
2016-03-21,201603213117841,GMFIL,45,16,500,250.0,125000.0
2016-03-21,201603213117760,HBL,49,58,200,1149.0,229800.0
2016-03-21,201603213117759,HBL,49,4,50,1148.0,57400.0
2016-03-21,201603213117758,HBL,49,7,50,1147.0,57350.0
2016-03-21,201603213117526,HBL,49,38,105,1145.0,120225.0
2016-03-21,201603213117525,HBL,49,40,100,1144.0,114400.0
2016-03-21,201603213117524,HBL,49,56,100,1142.0,114200.0
2016-03-21,201603213117523,HBL,49,17,50,1140.0,57000.0
2016-03-21,201603213117940,HGI,58,28,200,975.0,195000.0
2016-03-21,201603213117689,HGI,49,22,52,975.0,50700.0
2016-03-21,201603213117684,HGI,56,43,200,973.0,194600.0
2016-03-21,201603213117683,HGI,10,43,50,974.0,48700.0
2016-03-21,201603213117612,HGI,26,22,100,975.0,97500.0
2016-03-21,201603213117611,HGI,17,22,100,975.0,97500.0
2016-03-21,201603213117931,ICFC,51,17,300,280.0,84000.0
2016-03-21,201603213117863,ICFC,39,14,1000,281.0,281000.0
2016-03-21,201603213117640,ICFC,49,49,2393,278.0,665254.0
2016-03-21,201603213118005,ILFCM,40,48,50,1250.0,62500.0
2016-03-21,201603213117998,ILFCM,40,29,40,1250.0,50000.0
2016-03-21,201603213117659,ILFCM,37,42,100,1260.0,126000.0
2016-03-21,201603213117622,ILFCM,40,44,500,1260.0,630000.0
2016-03-21,201603213117620,ILFCM,40,41,45,1255.0,56475.0
2016-03-21,201603213117531,ILFCM,40,38,200,1260.0,252000.0
2016-03-21,201603213118006,JFL,26,28,490,331.0,162190.0
2016-03-21,201603213117997,JFL,26,28,10,337.0,3370.0
2016-03-21,201603213117930,JFL,55,39,10,343.0,3430.0
2016-03-21,201603213118007,KCDBL,52,45,45,319.0,14355.0
2016-03-21,201603213117861,KCDBL,18,17,20,322.0,6440.0
2016-03-21,201603213117840,KCDBL,18,17,10,318.0,3180.0
2016-03-21,201603213117831,KCDBL,18,47,17,316.0,5372.0
2016-03-21,201603213117830,KCDBL,18,39,10,315.0,3150.0
2016-03-21,201603213117820,KCDBL,18,22,100,310.0,31000.0
2016-03-21,201603213117775,KCDBL,18,52,30,305.0,9150.0
2016-03-21,201603213117819,KCDBL,18,17,80,310.0,24800.0
2016-03-21,201603213117808,KCDBL,18,57,66,310.0,20460.0
2016-03-21,201603213117798,KCDBL,18,1,286,309.0,88374.0
2016-03-21,201603213117797,KCDBL,18,17,50,309.0,15450.0
2016-03-21,201603213117796,KCDBL,18,17,500,308.0,154000.0
2016-03-21,201603213117776,KCDBL,18,1,584,307.0,179288.0
2016-03-21,201603213117953,KDBL,16,32,45,255.0,11475.0
2016-03-21,201603213117939,KDBL,16,5,21,254.0,5334.0
2016-03-21,201603213117937,KDBL,47,42,11,251.0,2761.0
2016-03-21,201603213117825,KDBL,16,10,2200,250.0,550000.0
2016-03-21,201603213118012,KMCDB,22,52,100,1770.0,177000.0
2016-03-21,201603213117924,LBL,52,40,100,633.0,63300.0
2016-03-21,201603213117845,LBL,19,49,1000,632.0,632000.0
2016-03-21,201603213117843,LBL,52,58,100,633.0,63300.0
2016-03-21,201603213117821,LBL,52,17,100,633.0,63300.0
2016-03-21,201603213117569,LBL,45,36,50,632.0,31600.0
2016-03-21,201603213118010,LGIL,1,35,200,809.0,161800.0
2016-03-21,201603213118009,LGIL,34,35,500,810.0,405000.0
2016-03-21,201603213118008,LGIL,17,35,300,811.0,243300.0
2016-03-21,201603213117712,LGIL,17,47,66,815.0,53790.0
2016-03-21,201603213117972,LICN,36,50,50,3790.0,189500.0
2016-03-21,201603213117574,LICN,36,41,105,3780.0,396900.0
2016-03-21,201603213117568,LLBS,57,26,41,2400.0,98400.0
2016-03-21,201603213117882,MBBL,48,21,71,256.0,18176.0
2016-03-21,201603213117894,MDB,16,17,300,625.0,187500.0
2016-03-21,201603213117857,MDB,53,17,300,625.0,187500.0
2016-03-21,201603213117608,MDB,45,14,250,620.0,155000.0
2016-03-21,201603213117602,MMFDB,47,47,10,2652.0,26520.0
2016-03-21,201603213117982,MNBBL,32,26,500,878.0,439000.0
2016-03-21,201603213117790,MSBBL,26,26,10,336.0,3360.0
2016-03-21,201603213117781,NABIL,41,16,50,1925.0,96250.0
2016-03-21,201603213117665,NABIL,26,6,75,1923.0,144225.0
2016-03-21,201603213117678,NABILP,45,8,600,1480.0,888000.0
2016-03-21,201603213117677,NABILP,49,8,100,1480.0,148000.0
2016-03-21,201603213117676,NABILP,52,8,50,1482.0,74100.0
2016-03-21,201603213117727,NABILP,17,8,100,1480.0,148000.0
2016-03-21,201603213117799,NBB,25,8,100,538.0,53800.0
2016-03-21,201603213117710,NBB,1,21,1000,538.0,538000.0
2016-03-21,201603213117996,NBBL,10,4,13,3351.0,43563.0
2016-03-21,201603213117554,NBBL,47,16,13,3352.0,43576.0
2016-03-21,201603213118011,NBL,5,25,199,401.0,79799.0
2016-03-21,201603213118000,NBL,53,39,200,403.0,80600.0
2016-03-21,201603213117623,NBL,44,17,487,403.0,196261.0
2016-03-21,201603213117558,NBL,44,5,500,403.0,201500.0
2016-03-21,201603213117517,NBL,28,40,200,402.0,80400.0
2016-03-21,201603213117516,NBL,28,53,200,402.0,80400.0
2016-03-21,201603213117739,NBL,44,10,2000,402.0,804000.0
2016-03-21,201603213117738,NBL,46,10,500,402.0,201000.0
2016-03-21,201603213117745,NBL,50,10,1000,400.0,400000.0
2016-03-21,201603213117744,NBL,25,10,980,400.0,392000.0
2016-03-21,201603213117743,NBL,28,10,1000,401.0,401000.0
2016-03-21,201603213117742,NBL,44,10,1000,401.0,401000.0
2016-03-21,201603213117741,NBL,53,10,500,401.0,200500.0
2016-03-21,201603213117740,NBL,45,10,500,401.0,200500.0
2016-03-21,201603213117838,NBL,44,5,320,400.0,128000.0
2016-03-21,201603213117837,NBL,45,5,180,400.0,72000.0
2016-03-21,201603213117749,NBL,45,10,320,400.0,128000.0
2016-03-21,201603213117748,NBL,59,10,500,400.0,200000.0
2016-03-21,201603213117747,NBL,46,10,200,400.0,80000.0
2016-03-21,201603213117746,NBL,16,10,500,400.0,200000.0
2016-03-21,201603213117887,NBSL,21,21,61,404.0,24644.0
2016-03-21,201603213118002,NHPC,5,3,500,219.0,109500.0
2016-03-21,201603213117988,NHPC,5,51,500,219.0,109500.0
2016-03-21,201603213117902,NHPC,41,51,500,219.0,109500.0
2016-03-21,201603213117899,NHPC,34,3,500,218.0,109000.0
2016-03-21,201603213117891,NHPC,54,46,1200,216.0,259200.0
2016-03-21,201603213117889,NHPC,34,42,850,218.0,185300.0
2016-03-21,201603213117521,NHPC,1,44,200,220.0,44000.0
2016-03-21,201603213117545,NHPC,36,46,3000,217.0,651000.0
2016-03-21,201603213117544,NHPC,11,46,470,217.0,101990.0
2016-03-21,201603213117543,NHPC,47,46,1000,218.0,218000.0
2016-03-21,201603213117542,NHPC,33,46,660,218.0,143880.0
2016-03-21,201603213117537,NHPC,33,6,290,218.0,63220.0
2016-03-21,201603213117536,NHPC,39,6,10,219.0,2190.0
2016-03-21,201603213117624,NHPC,42,42,30,218.0,6540.0
2016-03-21,201603213117552,NHPC,55,44,200,220.0,44000.0
2016-03-21,201603213117551,NHPC,55,44,4800,220.0,1056000.0
2016-03-21,201603213117548,NHPC,29,46,3870,216.0,835920.0
2016-03-21,201603213117547,NHPC,3,46,5000,216.0,1080000.0
2016-03-21,201603213117546,NHPC,25,46,1000,216.0,216000.0
2016-03-21,201603213117634,NHPC,26,8,200,216.0,43200.0
2016-03-21,201603213117633,NHPC,29,8,1130,216.0,244080.0
2016-03-21,201603213117632,NHPC,57,8,1000,217.0,217000.0
2016-03-21,201603213117631,NHPC,48,8,30,217.0,6510.0
2016-03-21,201603213117626,NHPC,48,42,1970,217.0,427490.0
2016-03-21,201603213117625,NHPC,42,42,50,217.0,10850.0
2016-03-21,201603213117688,NHPC,36,38,600,209.0,125400.0
2016-03-21,201603213117663,NHPC,22,16,1000,212.0,212000.0
2016-03-21,201603213117662,NHPC,6,16,2000,212.0,424000.0
2016-03-21,201603213117656,NHPC,10,32,5000,214.0,1070000.0
2016-03-21,201603213117650,NHPC,17,32,2900,216.0,626400.0
2016-03-21,201603213117635,NHPC,17,8,100,216.0,21600.0
2016-03-21,201603213117786,NHPC,41,44,1000,216.0,216000.0
2016-03-21,201603213117765,NHPC,33,5,500,214.0,107000.0
2016-03-21,201603213117756,NHPC,48,44,1000,216.0,216000.0
2016-03-21,201603213117736,NHPC,33,42,1900,215.0,408500.0
2016-03-21,201603213117725,NHPC,44,46,3500,215.0,752500.0
2016-03-21,201603213117704,NHPC,44,26,1000,213.0,213000.0
2016-03-21,201603213117836,NHPC,29,3,200,217.0,43400.0
2016-03-21,201603213117833,NHPC,48,6,2000,217.0,434000.0
2016-03-21,201603213117832,NHPC,48,46,200,217.0,43400.0
2016-03-21,201603213117829,NHPC,32,19,500,216.0,108000.0
2016-03-21,201603213117813,NHPC,17,42,150,218.0,32700.0
2016-03-21,201603213117801,NHPC,41,29,1000,216.0,216000.0
2016-03-21,201603213117886,NHPC,56,42,500,218.0,109000.0
2016-03-21,201603213117885,NHPC,29,43,1500,217.0,325500.0
2016-03-21,201603213117874,NHPC,33,42,500,218.0,109000.0
2016-03-21,201603213117865,NHPC,29,43,500,217.0,108500.0
2016-03-21,201603213117848,NHPC,32,3,1500,216.0,324000.0
2016-03-21,201603213117842,NHPC,34,3,5000,216.0,1080000.0
2016-03-21,201603213117757,NIB,50,51,61,955.0,58255.0
2016-03-21,201603213117713,NIB,25,38,100,956.0,95600.0
2016-03-21,201603213117567,NIB,50,20,200,960.0,192000.0
2016-03-21,201603213117541,NIB,26,35,1000,957.0,957000.0
2016-03-21,201603213117534,NIB,50,35,1000,958.0,958000.0
2016-03-21,201603213117522,NIB,50,20,800,960.0,768000.0
2016-03-21,201603213117893,NIBPO,6,6,100,838.0,83800.0
2016-03-21,201603213117888,NIBPO,16,6,100,840.0,84000.0
2016-03-21,201603213117708,NIBPO,41,17,200,840.0,168000.0
2016-03-21,201603213117994,NICA,13,21,200,752.0,150400.0
2016-03-21,201603213117956,NICA,32,5,40,752.0,30080.0
2016-03-21,201603213117955,NICA,32,5,70,752.0,52640.0
2016-03-21,201603213117954,NICA,32,5,90,752.0,67680.0
2016-03-21,201603213117916,NICA,32,10,100,752.0,75200.0
2016-03-21,201603213117872,NICA,32,8,10,752.0,7520.0
2016-03-21,201603213117804,NICA,13,8,60,757.0,45420.0
2016-03-21,201603213117803,NICA,13,32,80,756.0,60480.0
2016-03-21,201603213117802,NICA,13,44,360,755.0,271800.0
2016-03-21,201603213117557,NICA,17,5,112,752.0,84224.0
2016-03-21,201603213117871,NICA,32,8,60,752.0,45120.0
2016-03-21,201603213117870,NICA,32,8,100,752.0,75200.0
2016-03-21,201603213117869,NICA,32,8,70,752.0,52640.0
2016-03-21,201603213117868,NICA,21,8,100,753.0,75300.0
2016-03-21,201603213117867,NICA,17,8,100,754.0,75400.0
2016-03-21,201603213117847,NICA,13,57,500,753.0,376500.0
2016-03-21,201603213117981,NICL,42,50,1000,791.0,791000.0
2016-03-21,201603213117980,NLIC,44,19,200,3900.0,780000.0
2016-03-21,201603213117979,NLIC,44,49,50,3900.0,195000.0
2016-03-21,201603213117978,NLIC,44,42,50,3900.0,195000.0
2016-03-21,201603213117977,NLIC,44,7,120,3899.0,467880.0
2016-03-21,201603213117976,NLIC,44,39,200,3895.0,779000.0
2016-03-21,201603213117855,NLIC,45,39,80,3880.0,310400.0
2016-03-21,201603213117575,NLIC,44,20,100,3855.0,385500.0
2016-03-21,201603213117514,NLIC,6,7,100,3875.0,387500.0
2016-03-21,201603213117753,NLIC,45,25,100,3892.0,389200.0
2016-03-21,201603213117752,NLIC,45,57,230,3890.0,894700.0
2016-03-21,201603213117751,NLIC,45,25,100,3890.0,389000.0
2016-03-21,201603213117750,NLIC,45,17,70,3880.0,271600.0
2016-03-21,201603213117619,NLIC,44,11,40,3851.0,154040.0
2016-03-21,201603213117576,NLIC,57,20,100,3851.0,385100.0
2016-03-21,201603213117787,NLIC,45,17,200,3900.0,780000.0
2016-03-21,201603213117785,NLIC,45,21,200,3900.0,780000.0
2016-03-21,201603213117784,NLIC,45,43,50,3900.0,195000.0
2016-03-21,201603213117783,NLIC,45,34,50,3900.0,195000.0
2016-03-21,201603213117777,NLIC,55,39,200,3893.0,778600.0
2016-03-21,201603213117754,NLIC,45,57,100,3895.0,389500.0
2016-03-21,201603213117970,NLICL,55,58,100,2790.0,279000.0
2016-03-21,201603213117969,NLICL,38,58,300,2790.0,837000.0
2016-03-21,201603213117968,NLICL,26,58,100,2791.0,279100.0
2016-03-21,201603213117967,NLICL,26,58,60,2792.0,167520.0
2016-03-21,201603213117629,NLICL,59,21,100,2795.0,279500.0
2016-03-21,201603213117616,NLICL,7,54,200,2800.0,560000.0
2016-03-21,201603213117527,NLICL,36,44,200,2800.0,560000.0
2016-03-21,201603213117995,NMB,57,3,578,580.0,335240.0
2016-03-21,201603213117973,NMB,57,46,11,580.0,6380.0
2016-03-21,201603213117949,NMB,57,46,11,580.0,6380.0
2016-03-21,201603213117864,NMB,47,5,240,577.0,138480.0
2016-03-21,201603213117856,NMB,46,25,45,576.0,25920.0
2016-03-21,201603213117816,NMB,32,5,500,577.0,288500.0
2016-03-21,201603213117583,NMB,47,46,11,580.0,6380.0
2016-03-21,201603213117560,NMB,39,50,18,580.0,10440.0
2016-03-21,201603213117555,NMB,33,5,29,579.0,16791.0
2016-03-21,201603213117550,NMB,57,56,218,579.0,126222.0
2016-03-21,201603213117530,NMB,57,53,497,579.0,287763.0
2016-03-21,201603213117667,NMB,57,58,1000,580.0,580000.0
2016-03-21,201603213117597,NMB,33,46,11,580.0,6380.0
2016-03-21,201603213117588,NMB,33,46,11,580.0,6380.0
2016-03-21,201603213117587,NMB,19,50,240,578.0,138720.0
2016-03-21,201603213117586,NMB,32,50,60,578.0,34680.0
2016-03-21,201603213117585,NMB,6,50,200,579.0,115800.0
2016-03-21,201603213117815,NMB,26,5,200,577.0,115400.0
2016-03-21,201603213117814,NMB,19,5,60,578.0,34680.0
2016-03-21,201603213117791,NMB,19,11,100,578.0,57800.0
2016-03-21,201603213117755,NMB,58,58,500,579.0,289500.0
2016-03-21,201603213117709,NMB,49,58,500,579.0,289500.0
2016-03-21,201603213117668,NMB,57,46,11,580.0,6380.0
2016-03-21,201603213117839,NUBL,11,5,34,1800.0,61200.0
2016-03-21,201603213117963,OHL,59,18,10,479.0,4790.0
2016-03-21,201603213117951,OHL,59,7,100,475.0,47500.0
2016-03-21,201603213117518,OHL,38,11,800,470.0,376000.0
2016-03-21,201603213117762,PCBL,34,25,64,546.0,34944.0
2016-03-21,201603213117686,PCBL,38,33,500,545.0,272500.0
2016-03-21,201603213117601,PCBL,17,5,184,545.0,100280.0
2016-03-21,201603213117932,PFL,8,7,200,328.0,65600.0
2016-03-21,201603213117862,PIC,50,58,200,1306.0,261200.0
2016-03-21,201603213117854,PIC,50,32,300,1306.0,391800.0
2016-03-21,201603213117853,PIC,33,32,550,1307.0,718850.0
2016-03-21,201603213117852,PIC,50,32,200,1310.0,262000.0
2016-03-21,201603213117598,PIC,33,32,400,1307.0,522800.0
2016-03-21,201603213117579,PIC,33,59,50,1307.0,65350.0
2016-03-21,201603213117900,PICL,45,49,50,1020.0,51000.0
2016-03-21,201603213117828,PICL,38,5,200,1022.0,204400.0
2016-03-21,201603213117642,PICL,59,49,70,1025.0,71750.0
2016-03-21,201603213117641,PICL,38,19,108,1020.0,110160.0
2016-03-21,201603213117621,PICL,38,41,200,1022.0,204400.0
2016-03-21,201603213118004,PLIC,32,32,34,1783.0,60622.0
2016-03-21,201603213117912,PLIC,22,44,40,1776.0,71040.0
2016-03-21,201603213117896,PLIC,7,44,40,1775.0,71000.0
2016-03-21,201603213117846,PLIC,38,38,301,1780.0,535780.0
2016-03-21,201603213117844,PLIC,45,55,208,1783.0,370864.0
2016-03-21,201603213117778,PLIC,38,44,200,1776.0,355200.0
2016-03-21,201603213117700,PLIC,38,29,70,1776.0,124320.0
2016-03-21,201603213117928,PRDBL,21,57,33,230.0,7590.0
2016-03-21,201603213117927,PRDBL,21,43,200,229.0,45800.0
2016-03-21,201603213117553,PRDBL,47,16,50,227.0,11350.0
2016-03-21,201603213118003,RBBBL,51,35,13,291.0,3783.0
2016-03-21,201603213117965,RBBBL,51,34,13,291.0,3783.0
2016-03-21,201603213117556,REDBL,56,5,261,394.0,102834.0
2016-03-21,201603213117532,REDBL,56,5,260,395.0,102700.0
2016-03-21,201603213117761,RHPC,6,38,41,471.0,19311.0
2016-03-21,201603213117730,RHPC,6,38,21,471.0,9891.0
2016-03-21,201603213117935,SANIMA,52,56,200,777.0,155400.0
2016-03-21,201603213117934,SANIMA,1,56,500,778.0,389000.0
2016-03-21,201603213117933,SANIMA,13,56,300,778.0,233400.0
2016-03-21,201603213117660,SANIMA,25,58,100,780.0,78000.0
2016-03-21,201603213117582,SANIMA,28,5,76,780.0,59280.0
2016-03-21,201603213117580,SANIMA,48,48,1600,774.0,1238400.0
2016-03-21,201603213117950,SBI,19,44,150,1420.0,213000.0
2016-03-21,201603213117948,SBI,19,44,300,1420.0,426000.0
2016-03-21,201603213117914,SBI,8,44,200,1420.0,284000.0
2016-03-21,201603213117866,SBI,28,41,22,1420.0,31240.0
2016-03-21,201603213117697,SBI,52,51,161,1421.0,228781.0
2016-03-21,201603213117671,SBI,32,6,100,1422.0,142200.0
2016-03-21,201603213117670,SBI,32,6,10,1422.0,14220.0
2016-03-21,201603213117983,SCB,20,52,100,2905.0,290500.0
2016-03-21,201603213117789,SCB,11,53,30,2915.0,87450.0
2016-03-21,201603213117661,SCB,40,13,50,2917.0,145850.0
2016-03-21,201603213117696,SETI,49,1,100,383.0,38300.0
2016-03-21,201603213117609,SETI,6,29,500,384.0,192000.0
2016-03-21,201603213117664,SEWA,13,48,90,325.0,29250.0
2016-03-21,201603213117707,SHL,59,21,300,329.0,98700.0
2016-03-21,201603213117907,SHPC,19,7,50,851.0,42550.0
2016-03-21,201603213117906,SHPC,52,7,150,851.0,127650.0
2016-03-21,201603213117850,SHPC,19,40,18,851.0,15318.0
2016-03-21,201603213117572,SHPC,33,48,470,855.0,401850.0
2016-03-21,201603213117571,SHPC,52,40,18,851.0,15318.0
2016-03-21,201603213117766,SIC,44,38,100,1385.0,138500.0
2016-03-21,201603213117795,SIL,39,19,100,1600.0,160000.0
2016-03-21,201603213117794,SIL,6,19,200,1600.0,320000.0
2016-03-21,201603213117793,SIL,6,19,100,1600.0,160000.0
2016-03-21,201603213117792,SIL,14,19,30,1610.0,48300.0
2016-03-21,201603213117735,SIL,14,21,170,1610.0,273700.0
2016-03-21,201603213117734,SIL,49,21,40,1612.0,64480.0
2016-03-21,201603213117733,SIL,49,21,60,1612.0,96720.0
2016-03-21,201603213117732,SIL,20,21,30,1613.0,48390.0
2016-03-21,201603213117685,SIL,40,28,200,1620.0,324000.0
2016-03-21,201603213117628,SIL,49,52,30,1612.0,48360.0
2016-03-21,201603213117984,SKBBL,53,56,200,1865.0,373000.0
2016-03-21,201603213117822,SKBBL,58,58,248,1865.0,462520.0
2016-03-21,201603213117890,SLICL,22,22,42,911.0,38262.0
2016-03-21,201603213117883,SLICL,42,52,105,910.0,95550.0
2016-03-21,201603213117806,SLICL,22,28,500,911.0,455500.0
2016-03-21,201603213117805,SLICL,33,28,500,911.0,455500.0
2016-03-21,201603213117617,SLICL,16,25,231,912.0,210672.0
2016-03-21,201603213117538,SLICL,38,17,200,911.0,182200.0
2016-03-21,201603213117918,SMFDB,10,28,50,2650.0,132500.0
2016-03-21,201603213117917,SMFDB,10,28,100,2660.0,266000.0
2016-03-21,201603213117905,SRBL,38,13,57,475.0,27075.0
2016-03-21,201603213117788,SRBL,38,5,14,475.0,6650.0
2016-03-21,201603213117780,SRBL,38,5,240,475.0,114000.0
2016-03-21,201603213117779,SRBL,17,5,460,476.0,218960.0
2016-03-21,201603213117581,SRBL,49,11,200,475.0,95000.0
2016-03-21,201603213117975,SYFL,39,52,637,130.0,82810.0
2016-03-21,201603213117877,SYFL,47,29,500,129.0,64500.0
2016-03-21,201603213117876,SYFL,47,29,420,129.0,54180.0
2016-03-21,201603213117851,SYFL,47,59,80,129.0,10320.0
2016-03-21,201603213117701,SYFL,19,43,110,130.0,14300.0
2016-03-21,201603213117699,SYFL,35,47,440,128.0,56320.0
2016-03-21,201603213117698,SYFL,8,47,500,129.0,64500.0
2016-03-21,201603213117817,TBBL,58,5,95,308.0,29260.0
2016-03-21,201603213117947,TRH,36,32,500,235.0,117500.0
2016-03-21,201603213117946,TRH,36,19,410,235.0,96350.0
2016-03-21,201603213117945,TRH,36,3,20,235.0,4700.0
2016-03-21,201603213117944,TRH,36,25,50,234.0,11700.0
2016-03-21,201603213117943,TRH,36,57,10,231.0,2310.0
2016-03-21,201603213117711,TRH,59,17,300,230.0,69000.0
2016-03-21,201603213117824,UIC,49,10,390,821.0,320190.0
2016-03-21,201603213117823,UIC,43,10,100,822.0,82200.0
2016-03-21,201603213117690,VLBS,1,41,194,1440.0,279360.0
2016-03-21,201603213117895,WDBL,56,48,902,460.0,414920.0
2016-03-21,201603213117827,WDBL,42,39,575,465.0,267375.0
2016-03-21,201603213117682,WDBL,1,11,100,460.0,46000.0
2016-03-21,201603213117666,WDBL,1,5,26,460.0,11960.0
2016-03-21,201603213117909,YETI,49,42,40,212.0,8480.0
2016-03-21,201603213117826,YETI,49,56,10,212.0,2120.0
2016-03-21,201603213117769,YETI,29,56,490,212.0,103880.0
2016-03-21,201603213117679,YETI,19,58,1300,212.0,275600.0
2016-03-21,201603213117648,YETI,19,38,750,212.0,159000.0
2016-03-21,201603213116983,ACEDBL,28,45,100,370.0,37000.0
2016-03-21,201603213116922,ADBL,56,44,100,658.0,65800.0
2016-03-21,201603213116921,ADBL,33,44,100,658.0,65800.0
2016-03-21,201603213116920,ADBL,51,44,100,658.0,65800.0
2016-03-21,201603213116919,ADBL,20,44,100,658.0,65800.0
2016-03-21,201603213116918,ADBL,22,44,100,658.0,65800.0
2016-03-21,201603213116774,ADBL,33,59,450,663.0,298350.0
2016-03-21,201603213116375,ADBL,39,42,96,658.0,63168.0
2016-03-21,201603213116367,ADBL,14,42,96,658.0,63168.0
2016-03-21,201603213116773,ADBL,33,6,200,661.0,132200.0
2016-03-21,201603213116726,ADBL,33,45,150,660.0,99000.0
2016-03-21,201603213116618,ADBL,22,17,53,660.0,34980.0
2016-03-21,201603213116605,ADBL,20,47,50,660.0,33000.0
2016-03-21,201603213116404,ADBL,22,42,96,658.0,63168.0
2016-03-21,201603213116379,ADBL,22,42,96,658.0,63168.0
2016-03-21,201603213116967,ALDBL,48,48,500,525.0,262500.0
2016-03-21,201603213116946,ALICL,44,57,596,1450.0,864200.0
2016-03-21,201603213116682,ALICL,17,26,100,1460.0,146000.0
2016-03-21,201603213116417,ALICL,19,26,80,1460.0,116800.0
2016-03-21,201603213116412,ALICL,45,54,300,1460.0,438000.0
2016-03-21,201603213116402,ALICL,19,16,20,1460.0,29200.0
2016-03-21,201603213116305,ALICL,17,57,200,1468.0,293600.0
2016-03-21,201603213116980,API,6,47,40,742.0,29680.0
2016-03-21,201603213116978,API,11,47,50,742.0,37100.0
2016-03-21,201603213116976,API,43,47,100,746.0,74600.0
2016-03-21,201603213116970,API,43,38,10,743.0,7430.0
2016-03-21,201603213116969,API,43,38,10,743.0,7430.0
2016-03-21,201603213116860,API,59,40,10,748.0,7480.0
2016-03-21,201603213116636,API,26,56,40,742.0,29680.0
2016-03-21,201603213116369,API,26,10,10,742.0,7420.0
2016-03-21,201603213116355,API,19,10,10,747.0,7470.0
2016-03-21,201603213116348,API,11,6,16,745.0,11920.0
2016-03-21,201603213116333,API,26,6,16,745.0,11920.0
2016-03-21,201603213116859,API,59,55,40,747.0,29880.0
2016-03-21,201603213116826,API,19,55,60,747.0,44820.0
2016-03-21,201603213116767,API,19,29,40,747.0,29880.0
2016-03-21,201603213116639,API,11,56,30,742.0,22260.0
2016-03-21,201603213116638,API,26,56,100,742.0,74200.0
2016-03-21,201603213116637,API,26,56,30,742.0,22260.0
2016-03-21,201603213116557,BARUN,7,36,100,493.0,49300.0
2016-03-21,201603213116414,BFCL,11,51,42,180.0,7560.0
2016-03-21,201603213116540,BFCL,43,39,100,181.0,18100.0
2016-03-21,201603213116385,BHBL,50,38,100,340.0,34000.0
2016-03-21,201603213116384,BHBL,50,44,400,340.0,136000.0
2016-03-21,201603213116492,BLDBL,53,53,100,372.0,37200.0
2016-03-21,201603213116956,BPCL,39,34,243,650.0,157950.0
2016-03-21,201603213116948,BPCL,22,16,200,647.0,129400.0
2016-03-21,201603213116947,BPCL,1,16,500,647.0,323500.0
2016-03-21,201603213116624,BPCL,33,51,250,652.0,163000.0
2016-03-21,201603213116632,CBBL,43,28,50,1855.0,92750.0
2016-03-21,201603213116631,CBBL,43,28,50,1855.0,92750.0
2016-03-21,201603213116905,CCBL,53,44,200,384.0,76800.0
2016-03-21,201603213116785,CCBL,50,11,42,382.0,16044.0
2016-03-21,201603213116764,CCBL,38,44,300,384.0,115200.0
2016-03-21,201603213116687,CCBL,50,16,60,382.0,22920.0
2016-03-21,201603213116662,CCBL,50,6,200,382.0,76400.0
2016-03-21,201603213116434,CCBL,50,6,500,386.0,193000.0
2016-03-21,201603213116433,CCBL,58,6,1000,386.0,386000.0
2016-03-21,201603213116432,CCBL,26,6,100,387.0,38700.0
2016-03-21,201603213116431,CCBL,26,6,50,387.0,19350.0
2016-03-21,201603213116408,CCBL,35,54,500,388.0,194000.0
2016-03-21,201603213116786,CFCL,22,18,500,246.0,123000.0
2016-03-21,201603213116854,CHCL,5,37,13,1338.0,17394.0
2016-03-21,201603213116519,CHCL,33,6,150,1335.0,200250.0
2016-03-21,201603213116511,CHCL,39,6,50,1335.0,66750.0
2016-03-21,201603213116428,CHCL,6,40,56,1335.0,74760.0
2016-03-21,201603213116580,CIT,22,22,200,3762.0,752400.0
2016-03-21,201603213116335,CSDBL,39,28,16,392.0,6272.0
2016-03-21,201603213116959,CZBIL,6,6,600,696.0,417600.0
2016-03-21,201603213116838,CZBIL,55,4,500,699.0,349500.0
2016-03-21,201603213116710,CZBIL,6,44,52,697.0,36244.0
2016-03-21,201603213116709,CZBIL,6,16,20,696.0,13920.0
2016-03-21,201603213116700,CZBIL,25,16,100,696.0,69600.0
2016-03-21,201603213116678,CZBIL,1,16,100,696.0,69600.0
2016-03-21,201603213116336,CZBIL,53,58,100,698.0,69800.0
2016-03-21,201603213116330,CZBIL,53,26,200,698.0,139600.0
2016-03-21,201603213116326,CZBIL,53,58,200,698.0,139600.0
2016-03-21,201603213116677,CZBIL,1,16,100,696.0,69600.0
2016-03-21,201603213116380,CZBIL,1,7,40,697.0,27880.0
2016-03-21,201603213116373,CZBIL,1,43,110,697.0,76670.0
2016-03-21,201603213116363,CZBIL,6,38,500,697.0,348500.0
2016-03-21,201603213116457,DBBL,48,32,450,245.0,110250.0
2016-03-21,201603213116456,DBBL,48,25,500,245.0,122500.0
2016-03-21,201603213116455,DBBL,5,39,500,241.0,120500.0
2016-03-21,201603213116454,DBBL,5,39,1000,241.0,241000.0
2016-03-21,201603213116403,DBBL,5,32,50,245.0,12250.0
2016-03-21,201603213116898,EBL,11,48,200,2505.0,501000.0
2016-03-21,201603213116803,EBL,20,41,40,2500.0,100000.0
2016-03-21,201603213116765,EBL,20,41,200,2500.0,500000.0
2016-03-21,201603213116733,EBL,35,13,140,2505.0,350700.0
2016-03-21,201603213116577,EBL,35,13,100,2515.0,251500.0
2016-03-21,201603213116566,EBL,6,41,60,2514.0,150840.0
2016-03-21,201603213116556,EBL,35,17,51,2514.0,128214.0
2016-03-21,201603213116721,EBL,35,28,100,2505.0,250500.0
2016-03-21,201603213116500,EBLCP,14,51,100,1428.0,142800.0
2016-03-21,201603213116761,EDBL,6,44,171,685.0,117135.0
2016-03-21,201603213116961,EIC,7,59,16,1325.0,21200.0
2016-03-21,201603213116465,EIC,7,47,50,1346.0,67300.0
2016-03-21,201603213116310,EIC,52,44,100,1355.0,135500.0
2016-03-21,201603213116962,FBBL,54,47,400,474.0,189600.0
2016-03-21,201603213116926,FBBL,53,21,1000,482.0,482000.0
2016-03-21,201603213116842,FBBL,59,1,100,483.0,48300.0
2016-03-21,201603213116846,FMDBL,44,56,100,1237.0,123700.0
2016-03-21,201603213116845,FMDBL,58,56,200,1238.0,247600.0
2016-03-21,201603213116792,FMDBL,58,58,238,1240.0,295120.0
2016-03-21,201603213116401,FMDBL,36,58,100,1260.0,126000.0
2016-03-21,201603213116394,FMDBL,41,17,150,1265.0,189750.0
2016-03-21,201603213116393,FMDBL,44,17,200,1265.0,253000.0
2016-03-21,201603213116329,FMDBL,36,39,100,1266.0,126600.0
2016-03-21,201603213116901,GBBL,5,34,110,360.0,39600.0
2016-03-21,201603213116818,GBIME,21,11,22,475.0,10450.0
2016-03-21,201603213116791,GBIME,45,50,394,474.0,186756.0
2016-03-21,201603213116679,GBIME,5,5,100,475.0,47500.0
2016-03-21,201603213116558,GBIME,43,43,2000,473.0,946000.0
2016-03-21,201603213116488,GBIME,21,40,43,475.0,20425.0
2016-03-21,201603213116471,GBIME,1,53,23,475.0,10925.0
2016-03-21,201603213116357,GBIME,1,40,580,475.0,275500.0
2016-03-21,201603213116325,GBIME,26,40,400,476.0,190400.0
2016-03-21,201603213116324,GBIME,25,40,500,477.0,238500.0
2016-03-21,201603213116323,GBIME,25,40,100,477.0,47700.0
2016-03-21,201603213116320,GBIME,11,14,20,479.0,9580.0
2016-03-21,201603213116462,GBIME,1,53,10,475.0,4750.0
2016-03-21,201603213116461,GBIME,40,53,150,475.0,71250.0
2016-03-21,201603213116460,GBIME,42,53,100,475.0,47500.0
2016-03-21,201603213116459,GBIME,11,53,20,476.0,9520.0
2016-03-21,201603213116458,GBIME,11,53,20,476.0,9520.0
2016-03-21,201603213116438,GBIME,39,14,100,479.0,47900.0
2016-03-21,201603213116805,GDBL,41,1,70,350.0,24500.0
2016-03-21,201603213116775,GLICL,57,1,1000,745.0,745000.0
2016-03-21,201603213116770,GLICL,26,45,200,750.0,150000.0
2016-03-21,201603213116752,GLICL,6,6,140,747.0,104580.0
2016-03-21,201603213116685,GLICL,6,53,160,747.0,119520.0
2016-03-21,201603213116548,GLICL,17,53,40,750.0,30000.0
2016-03-21,201603213116452,GLICL,17,44,60,750.0,45000.0
2016-03-21,201603213116327,GLICL,17,17,497,749.0,372253.0
2016-03-21,201603213116964,HGI,26,50,200,982.0,196400.0
2016-03-21,201603213116751,HGI,58,10,500,983.0,491500.0
2016-03-21,201603213116750,HGI,58,36,20,980.0,19600.0
2016-03-21,201603213116749,HGI,58,22,100,975.0,97500.0
2016-03-21,201603213116626,HGI,59,50,100,984.0,98400.0
2016-03-21,201603213116788,ICFC,51,37,500,281.0,140500.0
2016-03-21,201603213116776,ICFC,51,16,427,280.0,119560.0
2016-03-21,201603213116975,ILFCM,40,10,100,1240.0,124000.0
2016-03-21,201603213116972,ILFCM,40,11,15,1240.0,18600.0
2016-03-21,201603213116971,ILFCM,40,11,60,1240.0,74400.0
2016-03-21,201603213116957,ILFCM,40,25,95,1239.0,117705.0
2016-03-21,201603213116934,ILFCM,40,11,100,1238.0,123800.0
2016-03-21,201603213116925,ILFCM,40,16,100,1235.0,123500.0
2016-03-21,201603213116374,ILFCM,40,39,60,1240.0,74400.0
2016-03-21,201603213116347,ILFCM,40,51,10,1240.0,12400.0
2016-03-21,201603213116861,ILFCM,37,26,200,1235.0,247000.0
2016-03-21,201603213116719,ILFCM,40,26,200,1225.0,245000.0
2016-03-21,201603213116718,ILFCM,20,26,100,1226.0,122600.0
2016-03-21,201603213116475,ILFCM,40,11,10,1240.0,12400.0
2016-03-21,201603213116472,ILFCM,40,51,10,1240.0,12400.0
2016-03-21,201603213116448,ILFCM,40,51,10,1240.0,12400.0
2016-03-21,201603213116309,JFL,21,28,480,331.0,158880.0
2016-03-21,201603213116827,KCDBL,18,22,200,304.0,60800.0
2016-03-21,201603213116578,KCDBL,18,6,200,304.0,60800.0
2016-03-21,201603213116311,KCDBL,46,17,500,308.0,154000.0
2016-03-21,201603213116603,KDBL,16,10,500,255.0,127500.0
2016-03-21,201603213116312,KMCDB,45,48,200,1785.0,357000.0
2016-03-21,201603213116364,LBL,22,46,205,635.0,130175.0
2016-03-21,201603213116684,LGIL,43,35,100,825.0,82500.0
2016-03-21,201603213116683,LGIL,21,35,200,825.0,165000.0
2016-03-21,201603213116643,LGIL,21,57,477,825.0,393525.0
2016-03-21,201603213116407,LICN,54,41,100,3780.0,378000.0
2016-03-21,201603213116601,LLBS,45,45,230,2400.0,552000.0
2016-03-21,201603213116692,MNBBL,41,19,100,879.0,87900.0
2016-03-21,201603213116660,MNBBL,26,7,20,863.0,17260.0
2016-03-21,201603213116525,MNBBL,26,47,200,863.0,172600.0
2016-03-21,201603213116524,MNBBL,29,47,50,864.0,43200.0
2016-03-21,201603213116523,MNBBL,11,47,100,868.0,86800.0
2016-03-21,201603213116522,MNBBL,48,47,200,870.0,174000.0
2016-03-21,201603213116539,MNBBL,26,47,150,862.0,129300.0
2016-03-21,201603213116528,MNBBL,45,47,200,862.0,172400.0
2016-03-21,201603213116527,MNBBL,22,47,100,862.0,86200.0
2016-03-21,201603213116982,NABILP,44,44,200,1490.0,298000.0
2016-03-21,201603213116940,NABILP,50,43,88,1485.0,130680.0
2016-03-21,201603213116586,NABILP,52,53,50,1482.0,74100.0
2016-03-21,201603213116314,NABILP,17,59,700,1490.0,1043000.0
2016-03-21,201603213116715,NABILP,46,59,500,1490.0,745000.0
2016-03-21,201603213116620,NABILP,46,50,20,1485.0,29700.0
2016-03-21,201603213116606,NABILP,46,53,30,1481.0,44430.0
2016-03-21,201603213116596,NABILP,46,53,20,1481.0,29620.0
2016-03-21,201603213116588,NABILP,5,53,100,1481.0,148100.0
2016-03-21,201603213116711,NBB,45,55,500,545.0,272500.0
2016-03-21,201603213116691,NBB,44,16,28,545.0,15260.0
2016-03-21,201603213116565,NBB,14,47,1500,545.0,817500.0
2016-03-21,201603213116564,NBB,43,47,100,545.0,54500.0
2016-03-21,201603213116563,NBB,56,47,200,545.0,109000.0
2016-03-21,201603213116562,NBB,45,47,500,545.0,272500.0
2016-03-21,201603213116499,NBB,50,43,75,547.0,41025.0
2016-03-21,201603213116395,NBB,55,43,100,547.0,54700.0
2016-03-21,201603213116378,NBB,45,38,302,546.0,164892.0
2016-03-21,201603213116942,NBF1,36,58,1319,16.0,21104.0
2016-03-21,201603213116974,NBL,19,53,150,405.0,60750.0
2016-03-21,201603213116973,NBL,36,53,350,406.0,142100.0
2016-03-21,201603213116951,NBL,56,35,1000,407.0,407000.0
2016-03-21,201603213116915,NBL,55,45,350,406.0,142100.0
2016-03-21,201603213116873,NBL,33,43,735,406.0,298410.0
2016-03-21,201603213116866,NBL,33,35,2000,406.0,812000.0
2016-03-21,201603213116435,NBL,25,59,500,405.0,202500.0
2016-03-21,201603213116537,NBL,50,45,100,404.0,40400.0
2016-03-21,201603213116532,NBL,33,58,900,406.0,365400.0
2016-03-21,201603213116494,NBL,33,47,100,406.0,40600.0
2016-03-21,201603213116450,NBL,17,39,100,405.0,40500.0
2016-03-21,201603213116436,NBL,25,45,707,405.0,286335.0
2016-03-21,201603213116670,NBL,58,58,10000,401.0,4010000.0
2016-03-21,201603213116668,NBL,50,58,230,405.0,93150.0
2016-03-21,201603213116661,NBL,50,58,1000,405.0,405000.0
2016-03-21,201603213116654,NBL,50,58,1000,405.0,405000.0
2016-03-21,201603213116653,NBL,50,20,500,404.0,202000.0
2016-03-21,201603213116547,NBL,51,58,2000,405.0,810000.0
2016-03-21,201603213116811,NBL,19,17,100,405.0,40500.0
2016-03-21,201603213116778,NBL,50,45,751,405.0,304155.0
2016-03-21,201603213116769,NBL,56,45,200,406.0,81200.0
2016-03-21,201603213116746,NBL,53,55,300,407.0,122100.0
2016-03-21,201603213116717,NBL,54,57,500,406.0,203000.0
2016-03-21,201603213116708,NBL,25,35,2000,406.0,812000.0
2016-03-21,201603213116941,NHPC,33,33,400,225.0,90000.0
2016-03-21,201603213116939,NHPC,57,33,1000,225.0,225000.0
2016-03-21,201603213116938,NHPC,33,33,350,225.0,78750.0
2016-03-21,201603213116935,NHPC,51,8,200,226.0,45200.0
2016-03-21,201603213116930,NHPC,33,8,340,226.0,76840.0
2016-03-21,201603213116929,NHPC,33,53,160,226.0,36160.0
2016-03-21,201603213116340,NHPC,48,36,2000,226.0,452000.0
2016-03-21,201603213116339,NHPC,48,36,1000,226.0,226000.0
2016-03-21,201603213116338,NHPC,48,8,2000,226.0,452000.0
2016-03-21,201603213116308,NHPC,46,8,1000,226.0,226000.0
2016-03-21,201603213116307,NHPC,46,52,500,226.0,113000.0
2016-03-21,201603213116306,NHPC,46,18,500,226.0,113000.0
2016-03-21,201603213116360,NHPC,48,39,900,226.0,203400.0
2016-03-21,201603213116359,NHPC,48,40,1000,226.0,226000.0
2016-03-21,201603213116353,NHPC,45,44,300,225.0,67500.0
2016-03-21,201603213116352,NHPC,22,44,200,225.0,45000.0
2016-03-21,201603213116351,NHPC,25,44,500,225.0,112500.0
2016-03-21,201603213116350,NHPC,55,44,1000,225.0,225000.0
2016-03-21,201603213116397,NHPC,47,38,1000,226.0,226000.0
2016-03-21,201603213116381,NHPC,48,43,600,226.0,135600.0
2016-03-21,201603213116377,NHPC,48,56,5000,226.0,1130000.0
2016-03-21,201603213116371,NHPC,48,53,400,226.0,90400.0
2016-03-21,201603213116365,NHPC,55,36,1000,225.0,225000.0
2016-03-21,201603213116361,NHPC,48,53,600,226.0,135600.0
2016-03-21,201603213116533,NHPC,1,53,1090,226.0,246340.0
2016-03-21,201603213116518,NHPC,1,53,910,226.0,205660.0
2016-03-21,201603213116517,NHPC,48,53,500,226.0,113000.0
2016-03-21,201603213116423,NHPC,48,43,1000,226.0,226000.0
2016-03-21,201603213116422,NHPC,48,36,500,226.0,113000.0
2016-03-21,201603213116418,NHPC,50,6,1000,225.0,225000.0
2016-03-21,201603213116599,NHPC,33,33,200,225.0,45000.0
2016-03-21,201603213116585,NHPC,33,44,300,225.0,67500.0
2016-03-21,201603213116568,NHPC,8,44,200,225.0,45000.0
2016-03-21,201603213116553,NHPC,50,44,2000,225.0,450000.0
2016-03-21,201603213116552,NHPC,55,44,600,225.0,135000.0
2016-03-21,201603213116551,NHPC,45,44,700,225.0,157500.0
2016-03-21,201603213116735,NHPC,48,5,2000,225.0,450000.0
2016-03-21,201603213116734,NHPC,48,33,200,225.0,45000.0
2016-03-21,201603213116728,NHPC,19,33,200,225.0,45000.0
2016-03-21,201603213116723,NHPC,48,11,790,224.0,176960.0
2016-03-21,201603213116713,NHPC,6,33,100,225.0,22500.0
2016-03-21,201603213116600,NHPC,48,33,300,225.0,67500.0
2016-03-21,201603213116797,NHPC,33,57,300,225.0,67500.0
2016-03-21,201603213116784,NHPC,48,59,2000,225.0,450000.0
2016-03-21,201603213116781,NHPC,33,6,500,225.0,112500.0
2016-03-21,201603213116738,NHPC,48,48,2000,225.0,450000.0
2016-03-21,201603213116737,NHPC,48,48,500,225.0,112500.0
2016-03-21,201603213116736,NHPC,48,33,500,225.0,112500.0
2016-03-21,201603213116892,NHPC,35,53,250,226.0,56500.0
2016-03-21,201603213116890,NHPC,48,16,500,225.0,112500.0
2016-03-21,201603213116879,NHPC,33,58,650,225.0,146250.0
2016-03-21,201603213116853,NHPC,48,57,900,225.0,202500.0
2016-03-21,201603213116839,NHPC,25,57,500,225.0,112500.0
2016-03-21,201603213116799,NHPC,45,57,300,225.0,67500.0
2016-03-21,201603213116337,NIBPO,41,13,300,845.0,253500.0
2016-03-21,201603213116759,NIBSF1,5,57,5000,10.7,53500.0
2016-03-21,201603213116504,NIBSF1,5,51,5000,10.7,53500.0
2016-03-21,201603213116931,NICA,32,44,100,755.0,75500.0
2016-03-21,201603213116928,NICA,32,44,100,755.0,75500.0
2016-03-21,201603213116917,NICA,32,44,250,755.0,188750.0
2016-03-21,201603213116821,NICA,39,44,20,755.0,15100.0
2016-03-21,201603213116810,NICA,39,11,50,755.0,37750.0
2016-03-21,201603213116485,NICA,5,41,100,755.0,75500.0
2016-03-21,201603213116424,NICA,32,57,190,755.0,143450.0
2016-03-21,201603213116368,NICA,13,57,500,755.0,377500.0
2016-03-21,201603213116655,NICL,22,48,100,797.0,79700.0
2016-03-21,201603213116808,NIL,43,41,100,1125.0,112500.0
2016-03-21,201603213116807,NIL,22,41,600,1125.0,675000.0
2016-03-21,201603213116686,NIL,22,7,200,1125.0,225000.0
2016-03-21,201603213116604,NIL,22,13,200,1125.0,225000.0
2016-03-21,201603213116405,NIL,21,10,50,1130.0,56500.0
2016-03-21,201603213116753,NLG,41,11,12,1130.0,13560.0
2016-03-21,201603213116319,NLG,19,41,29,1140.0,33060.0
2016-03-21,201603213116908,NLIC,54,56,220,3905.0,859100.0
2016-03-21,201603213116895,NLIC,45,56,50,3900.0,195000.0
2016-03-21,201603213116852,NLIC,58,56,50,3920.0,196000.0
2016-03-21,201603213116794,NLIC,58,56,150,3920.0,588000.0
2016-03-21,201603213116793,NLIC,55,56,150,3922.0,588300.0
2016-03-21,201603213116777,NLIC,6,56,38,3925.0,149150.0
2016-03-21,201603213116469,NLIC,54,34,73,3963.0,289299.0
2016-03-21,201603213116468,NLIC,54,17,320,3963.0,1268160.0
2016-03-21,201603213116441,NLIC,54,17,76,3964.0,301264.0
2016-03-21,201603213116571,NLIC,55,34,100,3964.0,396400.0
2016-03-21,201603213116570,NLIC,55,7,100,3964.0,396400.0
2016-03-21,201603213116543,NLIC,54,34,100,3965.0,396500.0
2016-03-21,201603213116529,NLIC,55,50,143,3960.0,566280.0
2016-03-21,201603213116508,NLIC,54,34,300,3965.0,1189500.0
2016-03-21,201603213116507,NLIC,54,32,50,3965.0,198250.0
2016-03-21,201603213116651,NLIC,58,16,500,3950.0,1975000.0
2016-03-21,201603213116650,NLIC,48,16,200,3951.0,790200.0
2016-03-21,201603213116649,NLIC,58,16,500,3951.0,1975500.0
2016-03-21,201603213116648,NLIC,6,16,50,3951.0,197550.0
2016-03-21,201603213116647,NLIC,20,16,100,3952.0,395200.0
2016-03-21,201603213116646,NLIC,11,16,50,3953.0,197650.0
2016-03-21,201603213116731,NLIC,6,26,30,3925.0,117750.0
2016-03-21,201603213116730,NLIC,6,26,100,3925.0,392500.0
2016-03-21,201603213116702,NLIC,7,48,50,3945.0,197250.0
2016-03-21,201603213116701,NLIC,47,48,20,3945.0,78900.0
2016-03-21,201603213116697,NLIC,7,7,50,3945.0,197250.0
2016-03-21,201603213116652,NLIC,16,16,1300,3950.0,5135000.0
2016-03-21,201603213116536,NLICL,45,58,110,2790.0,306900.0
2016-03-21,201603213116467,NLICL,45,22,40,2790.0,111600.0
2016-03-21,201603213116466,NLICL,19,22,60,2790.0,167400.0
2016-03-21,201603213116955,NMB,33,19,41,584.0,23944.0
2016-03-21,201603213116924,NMB,33,44,600,582.0,349200.0
2016-03-21,201603213116916,NMB,33,44,370,581.0,214970.0
2016-03-21,201603213116912,NMB,43,44,30,581.0,17430.0
2016-03-21,201603213116904,NMB,43,44,200,581.0,116200.0
2016-03-21,201603213116894,NMB,19,44,200,581.0,116200.0
2016-03-21,201603213116739,NMB,53,44,200,583.0,116600.0
2016-03-21,201603213116690,NMB,19,25,1000,583.0,583000.0
2016-03-21,201603213116633,NMB,19,6,300,583.0,174900.0
2016-03-21,201603213116579,NMB,19,5,500,583.0,291500.0
2016-03-21,201603213116512,NMB,39,48,937,584.0,547208.0
2016-03-21,201603213116415,NMB,33,17,206,583.0,120098.0
2016-03-21,201603213116828,NMB,18,53,100,581.0,58100.0
2016-03-21,201603213116819,NMB,17,53,100,582.0,58200.0
2016-03-21,201603213116802,NMB,17,53,100,582.0,58200.0
2016-03-21,201603213116801,NMB,38,53,100,582.0,58200.0
2016-03-21,201603213116771,NMB,38,53,200,582.0,116400.0
2016-03-21,201603213116740,NMB,19,44,200,583.0,116600.0
2016-03-21,201603213116886,NMB,19,57,500,581.0,290500.0
2016-03-21,201603213116885,NMB,19,53,900,581.0,522900.0
2016-03-21,201603213116880,NMB,41,53,200,581.0,116200.0
2016-03-21,201603213116875,NMB,43,53,200,581.0,116200.0
2016-03-21,201603213116830,NMB,19,53,500,581.0,290500.0
2016-03-21,201603213116829,NMB,58,53,150,581.0,87150.0
2016-03-21,201603213116729,NTC,11,5,200,700.0,140000.0
2016-03-21,201603213116641,NTC,5,45,300,701.0,210300.0
2016-03-21,201603213116356,OHL,38,33,98,460.0,45080.0
2016-03-21,201603213116844,PCBL,41,11,40,550.0,22000.0
2016-03-21,201603213116843,PCBL,41,8,100,549.0,54900.0
2016-03-21,201603213116833,PCBL,43,8,195,543.0,105885.0
2016-03-21,201603213116486,PCBL,17,6,188,543.0,102084.0
2016-03-21,201603213116473,PCBL,51,6,100,545.0,54500.0
2016-03-21,201603213116328,PCBL,48,25,500,546.0,273000.0
2016-03-21,201603213116891,PIC,50,50,500,1320.0,660000.0
2016-03-21,201603213116495,PIC,6,32,80,1335.0,106800.0
2016-03-21,201603213116362,PIC,6,6,120,1335.0,160200.0
2016-03-21,201603213116817,PICL,48,6,200,1030.0,206000.0
2016-03-21,201603213116716,PICL,26,21,100,1030.0,103000.0
2016-03-21,201603213116623,PICL,26,6,100,1030.0,103000.0
2016-03-21,201603213116501,PICL,41,58,48,1030.0,49440.0
2016-03-21,201603213116491,PICL,41,58,30,1030.0,30900.0
2016-03-21,201603213116490,PICL,26,58,100,1030.0,103000.0
2016-03-21,201603213116354,PICL,11,29,100,1032.0,103200.0
2016-03-21,201603213116483,PICL,26,58,100,1030.0,103000.0
2016-03-21,201603213116482,PICL,41,58,500,1031.0,515500.0
2016-03-21,201603213116481,PICL,38,58,100,1031.0,103100.0
2016-03-21,201603213116480,PICL,48,58,100,1032.0,103200.0
2016-03-21,201603213116479,PICL,11,58,100,1032.0,103200.0
2016-03-21,201603213116478,PICL,4,58,100,1033.0,103300.0
2016-03-21,201603213116622,PLIC,19,48,62,1775.0,110050.0
2016-03-21,201603213116510,PLIC,35,48,200,1765.0,353000.0
2016-03-21,201603213116659,PRDBL,3,40,33,219.0,7227.0
2016-03-21,201603213116444,PRDBL,47,40,33,223.0,7359.0
2016-03-21,201603213116411,PRDBL,47,35,340,223.0,75820.0
2016-03-21,201603213116410,PRDBL,25,35,70,223.0,15610.0
2016-03-21,201603213116409,PRDBL,26,35,300,223.0,66900.0
2016-03-21,201603213116688,PRIN,50,26,241,840.0,202440.0
2016-03-21,201603213116477,PRIN,22,28,200,848.0,169600.0
2016-03-21,201603213116871,RBBBL,51,32,50,291.0,14550.0
2016-03-21,201603213116865,RBBBL,51,47,104,291.0,30264.0
2016-03-21,201603213116864,RBBBL,51,4,100,290.0,29000.0
2016-03-21,201603213116699,RBBBL,51,4,229,290.0,66410.0
2016-03-21,201603213116607,RBBBL,51,50,105,285.0,29925.0
2016-03-21,201603213116602,RBBBL,51,25,10,285.0,2850.0
2016-03-21,201603213116584,RBBBL,51,51,170,280.0,47600.0
2016-03-21,201603213116689,REDBL,56,45,94,400.0,37600.0
2016-03-21,201603213116698,SADBL,1,45,20,368.0,7360.0
2016-03-21,201603213116814,SANIMA,41,54,96,778.0,74688.0
2016-03-21,201603213116754,SANIMA,41,4,790,778.0,614620.0
2016-03-21,201603213116745,SANIMA,41,4,790,778.0,614620.0
2016-03-21,201603213116744,SANIMA,45,4,100,778.0,77800.0
2016-03-21,201603213116743,SANIMA,28,4,100,778.0,77800.0
2016-03-21,201603213116742,SANIMA,32,4,200,779.0,155800.0
2016-03-21,201603213116515,SANIMA,45,45,200,780.0,156000.0
2016-03-21,201603213116449,SANIMA,47,45,160,781.0,124960.0
2016-03-21,201603213116345,SANIMA,47,46,1000,780.0,780000.0
2016-03-21,201603213116344,SANIMA,14,46,300,780.0,234000.0
2016-03-21,201603213116343,SANIMA,47,46,500,780.0,390000.0
2016-03-21,201603213116342,SANIMA,51,46,300,780.0,234000.0
2016-03-21,201603213116741,SANIMA,43,4,20,780.0,15600.0
2016-03-21,201603213116705,SANIMA,43,16,40,780.0,31200.0
2016-03-21,201603213116669,SANIMA,43,17,40,780.0,31200.0
2016-03-21,201603213116572,SANIMA,41,1,210,781.0,164010.0
2016-03-21,201603213116546,SANIMA,13,44,182,781.0,142142.0
2016-03-21,201603213116545,SANIMA,13,45,140,780.0,109200.0
2016-03-21,201603213116445,SBI,8,6,200,1430.0,286000.0
2016-03-21,201603213116322,SBI,28,45,100,1420.0,142000.0
2016-03-21,201603213116900,SCB,5,13,100,2935.0,293500.0
2016-03-21,201603213116874,SCB,5,28,100,2930.0,293000.0
2016-03-21,201603213116945,SEWA,50,21,500,327.0,163500.0
2016-03-21,201603213116680,SEWA,25,25,500,323.0,161500.0
2016-03-21,201603213116675,SEWA,6,51,100,324.0,32400.0
2016-03-21,201603213116386,SHPC,28,45,217,850.0,184450.0
2016-03-21,201603213116673,SICL,45,58,40,1799.0,71960.0
2016-03-21,201603213116666,SICL,45,32,30,1799.0,53970.0
2016-03-21,201603213116366,SICL,14,14,500,1799.0,899500.0
2016-03-21,201603213116958,SIL,17,58,100,1633.0,163300.0
2016-03-21,201603213116897,SIL,45,38,50,1632.0,81600.0
2016-03-21,201603213116896,SIL,38,38,20,1634.0,32680.0
2016-03-21,201603213116872,SIL,38,57,200,1634.0,326800.0
2016-03-21,201603213116840,SIL,39,21,200,1635.0,327000.0
2016-03-21,201603213116696,SIL,38,57,280,1634.0,457520.0
2016-03-21,201603213116695,SIL,22,57,150,1635.0,245250.0
2016-03-21,201603213116694,SIL,6,57,20,1635.0,32700.0
2016-03-21,201603213116505,SIL,50,54,200,1636.0,327200.0
2016-03-21,201603213116447,SIL,50,58,200,1636.0,327200.0
2016-03-21,201603213116966,SLICL,1,28,22,913.0,20086.0
2016-03-21,201603213116907,SLICL,1,28,140,913.0,127820.0
2016-03-21,201603213116906,SLICL,19,28,60,915.0,54900.0
2016-03-21,201603213116783,SLICL,10,10,100,913.0,91300.0
2016-03-21,201603213116554,SLICL,17,57,200,914.0,182800.0
2016-03-21,201603213116848,SRBL,33,45,932,478.0,445496.0
2016-03-21,201603213116569,SRBL,33,22,500,480.0,240000.0
2016-03-21,201603213116560,SRBL,33,58,432,479.0,206928.0
2016-03-21,201603213116538,SWBBL,20,20,500,2300.0,1150000.0
2016-03-21,201603213116768,SYFL,29,39,1000,137.0,137000.0
2016-03-21,201603213116762,SYFL,1,19,50,137.0,6850.0
2016-03-21,201603213116757,SYFL,10,39,1000,138.0,138000.0
2016-03-21,201603213116756,SYFL,25,39,200,138.0,27600.0
2016-03-21,201603213116755,SYFL,29,39,250,138.0,34500.0
2016-03-21,201603213116672,SYFL,25,19,200,139.0,27800.0
2016-03-21,201603213116640,SYFL,25,18,100,139.0,13900.0
2016-03-21,201603213116430,SYFL,25,41,200,139.0,27800.0
2016-03-21,201603213116421,SYFL,11,1,40,140.0,5600.0
2016-03-21,201603213116341,SYFL,11,21,260,140.0,36400.0
2016-03-21,201603213116334,SYFL,26,21,140,140.0,19600.0
2016-03-21,201603213116313,SYFL,26,1,60,140.0,8400.0
2016-03-21,201603213116950,TBBL,47,35,500,310.0,155000.0
2016-03-21,201603213116949,TBBL,58,35,1000,310.0,310000.0
2016-03-21,201603213116889,TBBL,58,33,2500,314.0,785000.0
2016-03-21,201603213116732,UFIL,16,45,11,203.0,2233.0
2016-03-21,201603213116884,UIC,43,10,100,829.0,82900.0
2016-03-21,201603213116883,UIC,26,10,250,829.0,207250.0
2016-03-21,201603213116882,UIC,59,10,300,830.0,249000.0
2016-03-21,201603213116881,UIC,36,10,60,839.0,50340.0
2016-03-21,201603213116878,UIC,36,17,40,839.0,33560.0
2016-03-21,201603213116795,WDBL,26,6,26,456.0,11856.0
2016-03-21,201603213116787,WDBL,58,26,67,457.0,30619.0
2016-03-21,201603213116625,WDBL,56,56,17,460.0,7820.0
2016-03-21,201603213116612,WDBL,55,56,300,461.0,138300.0
2016-03-21,201603213116611,WDBL,19,56,450,461.0,207450.0
2016-03-21,201603213116559,WDBL,52,22,200,465.0,93000.0
2016-03-21,201603213116321,WDBL,56,57,26,466.0,12116.0
2016-03-21,201603213116318,WDBL,54,55,168,465.0,78120.0
2016-03-21,201603213116317,WDBL,29,57,26,466.0,12116.0
2016-03-21,201603213116453,WDBL,41,21,96,465.0,44640.0
2016-03-21,201603213116439,WDBL,16,44,200,466.0,93200.0
2016-03-21,201603213116392,WDBL,54,44,340,466.0,158440.0
2016-03-21,201603213116389,WDBL,56,44,100,466.0,46600.0
2016-03-21,201603213116388,WDBL,29,44,30,466.0,13980.0
2016-03-21,201603213116387,WDBL,51,44,20,470.0,9400.0
2016-03-21,201603213116911,YETI,57,13,90,212.0,19080.0
2016-03-21,201603213116676,YETI,40,11,1000,212.0,212000.0
2016-03-21,201603213116628,YETI,57,57,500,212.0,106000.0
2016-03-21,201603213116574,YETI,50,22,200,212.0,42400.0
2016-03-21,201603213116531,YETI,41,18,225,212.0,47700.0
2016-03-21,201603213116442,YETI,49,55,100,212.0,21200.0
2016-03-21,201603213116399,YETI,22,13,240,212.0,50880.0
2016-03-21,201603213116391,YETI,22,13,240,212.0,50880.0
2016-03-21,201603213116332,YETI,22,50,500,212.0,106000.0
2016-03-21,201603213116316,YETI,7,26,125,212.0,26500.0
2016-03-21,201603213116062,ACEDBL,11,40,85,366.0,31110.0
2016-03-21,201603213116262,ADBL,51,1,53,662.0,35086.0
2016-03-21,201603213116261,ADBL,51,41,200,661.0,132200.0
2016-03-21,201603213116096,ADBL,25,59,290,663.0,192270.0
2016-03-21,201603213116027,ADBL,11,36,100,666.0,66600.0
2016-03-21,201603213116016,ADBL,41,47,200,666.0,133200.0
2016-03-21,201603213116010,ADBL,51,56,60,663.0,39780.0
2016-03-21,201603213115992,ADBL,49,56,200,665.0,133000.0
2016-03-21,201603213116130,ADBL,34,6,20,660.0,13200.0
2016-03-21,201603213116129,ADBL,14,6,500,661.0,330500.0
2016-03-21,201603213116128,ADBL,16,6,200,662.0,132400.0
2016-03-21,201603213116117,ADBL,25,59,210,663.0,139230.0
2016-03-21,201603213116116,ADBL,51,59,100,663.0,66300.0
2016-03-21,201603213116115,ADBL,51,59,140,663.0,92820.0
2016-03-21,201603213116231,ADBL,20,17,450,660.0,297000.0
2016-03-21,201603213116230,ADBL,20,41,200,657.0,131400.0
2016-03-21,201603213116229,ADBL,51,41,300,658.0,197400.0
2016-03-21,201603213116133,ADBL,29,6,1000,660.0,660000.0
2016-03-21,201603213116132,ADBL,13,6,500,660.0,330000.0
2016-03-21,201603213116131,ADBL,13,6,500,660.0,330000.0
2016-03-21,201603213116249,AHPC,29,34,200,333.0,66600.0
2016-03-21,201603213116120,AHPC,21,43,300,339.0,101700.0
2016-03-21,201603213116119,AHPC,49,43,100,340.0,34000.0
2016-03-21,201603213115805,AHPC,39,43,400,341.0,136400.0
2016-03-21,201603213115786,AHPC,39,25,1000,343.0,343000.0
2016-03-21,201603213115785,AHPC,39,50,600,342.0,205200.0
2016-03-21,201603213116277,ALDBL,56,48,200,530.0,106000.0
2016-03-21,201603213116153,ALDBL,47,41,201,525.0,105525.0
2016-03-21,201603213115937,ALDBL,56,55,33,515.0,16995.0
2016-03-21,201603213115926,ALDBL,38,39,11,525.0,5775.0
2016-03-21,201603213115911,ALDBL,38,57,100,520.0,52000.0
2016-03-21,201603213115900,ALDBL,38,29,11,520.0,5720.0
2016-03-21,201603213115867,ALDBL,38,29,11,520.0,5720.0
2016-03-21,201603213115849,ALDBL,38,21,280,517.0,144760.0
2016-03-21,201603213116304,ALICL,42,57,1000,1468.0,1468000.0
2016-03-21,201603213116091,ALICL,17,44,200,1471.0,294200.0
2016-03-21,201603213116088,ALICL,28,44,406,1470.0,596820.0
2016-03-21,201603213116025,ALICL,17,26,200,1477.0,295400.0
2016-03-21,201603213115827,ALICL,33,47,200,1478.0,295600.0
2016-03-21,201603213115814,ALICL,46,20,100,1478.0,147800.0
2016-03-21,201603213115939,ALICL,19,47,100,1478.0,147800.0
2016-03-21,201603213115938,ALICL,42,47,100,1478.0,147800.0
2016-03-21,201603213115842,ALICL,6,21,100,1475.0,147500.0
2016-03-21,201603213115841,ALICL,45,21,100,1475.0,147500.0
2016-03-21,201603213115829,ALICL,45,32,13,1475.0,19175.0
2016-03-21,201603213115828,ALICL,33,6,456,1479.0,674424.0
2016-03-21,201603213116232,API,7,36,26,746.0,19396.0
2016-03-21,201603213116209,API,47,21,26,750.0,19500.0
2016-03-21,201603213116164,API,26,42,16,745.0,11920.0
2016-03-21,201603213116092,API,22,42,312,746.0,232752.0
2016-03-21,201603213116067,API,13,1,16,746.0,11936.0
2016-03-21,201603213115986,API,41,21,26,747.0,19422.0
2016-03-21,201603213115861,API,11,39,26,750.0,19500.0
2016-03-21,201603213115834,API,19,25,150,753.0,112950.0
2016-03-21,201603213115815,API,19,44,50,753.0,37650.0
2016-03-21,201603213115985,API,41,26,40,747.0,29880.0
2016-03-21,201603213115922,API,22,41,500,748.0,374000.0
2016-03-21,201603213115921,API,19,41,280,749.0,209720.0
2016-03-21,201603213115908,API,33,45,26,750.0,19500.0
2016-03-21,201603213115896,API,13,14,26,750.0,19500.0
2016-03-21,201603213115884,API,42,56,200,750.0,150000.0
2016-03-21,201603213115963,ARDBL,29,50,380,255.0,96900.0
2016-03-21,201603213115942,ARDBL,43,39,21,250.0,5250.0
2016-03-21,201603213115837,ARDBL,56,56,22,246.0,5412.0
2016-03-21,201603213116015,BPCL,55,19,100,655.0,65500.0
2016-03-21,201603213115948,BPCL,33,33,5000,655.0,3275000.0
2016-03-21,201603213115935,BPCL,48,29,200,650.0,130000.0
2016-03-21,201603213115928,BPCL,25,16,100,650.0,65000.0
2016-03-21,201603213115895,BPCL,13,16,200,650.0,130000.0
2016-03-21,201603213116089,BPCL,32,26,50,655.0,32750.0
2016-03-21,201603213115995,CCBL,26,56,171,390.0,66690.0
2016-03-21,201603213115894,CCBL,5,28,124,390.0,48360.0
2016-03-21,201603213116263,CHCL,35,37,100,1336.0,133600.0
2016-03-21,201603213116172,CZBIL,33,52,216,697.0,150552.0
2016-03-21,201603213116135,CZBIL,1,49,250,697.0,174250.0
2016-03-21,201603213116030,CZBIL,13,40,95,696.0,66120.0
2016-03-21,201603213115914,CZBIL,6,20,500,697.0,348500.0
2016-03-21,201603213115906,CZBIL,6,32,25,697.0,17425.0
2016-03-21,201603213116136,DBBL,1,32,500,249.0,124500.0
2016-03-21,201603213116125,DBBL,1,58,200,249.0,49800.0
2016-03-21,201603213116080,DBBL,48,56,150,250.0,37500.0
2016-03-21,201603213116033,DBBL,48,49,20,249.0,4980.0
2016-03-21,201603213116032,DBBL,48,52,40,248.0,9920.0
2016-03-21,201603213115946,DBBL,21,56,300,245.0,73500.0
2016-03-21,201603213115889,DBBL,48,6,46,245.0,11270.0
2016-03-21,201603213115878,DBBL,48,6,3200,245.0,784000.0
2016-03-21,201603213115877,DBBL,21,6,300,245.0,73500.0
2016-03-21,201603213115876,DBBL,5,6,250,246.0,61500.0
2016-03-21,201603213115875,DBBL,5,6,250,246.0,61500.0
2016-03-21,201603213116190,EBL,6,17,170,2500.0,425000.0
2016-03-21,201603213116181,EBL,28,58,50,2499.0,124950.0
2016-03-21,201603213116161,FBBL,53,46,100,492.0,49200.0
2016-03-21,201603213116157,FBBL,53,43,500,483.0,241500.0
2016-03-21,201603213116151,FBBL,53,43,300,482.0,144600.0
2016-03-21,201603213116147,FBBL,53,1,100,481.0,48100.0
2016-03-21,201603213116143,FBBL,53,50,464,480.0,222720.0
2016-03-21,201603213116139,FBBL,53,55,570,479.0,273030.0
2016-03-21,201603213116123,FBBL,53,41,776,475.0,368600.0
2016-03-21,201603213116023,FBBL,5,1,100,477.0,47700.0
2016-03-21,201603213115910,FBBL,28,57,72,470.0,33840.0
2016-03-21,201603213116175,FMDBL,35,35,500,1270.0,635000.0
2016-03-21,201603213116124,GBBL,51,28,119,361.0,42959.0
2016-03-21,201603213115869,GBBL,51,36,564,367.0,206988.0
2016-03-21,201603213115864,GBBL,51,14,50,361.0,18050.0
2016-03-21,201603213116225,GBIME,28,28,753,478.0,359934.0
2016-03-21,201603213115859,GBIME,43,33,400,476.0,190400.0
2016-03-21,201603213116260,GDBL,25,11,103,353.0,36359.0
2016-03-21,201603213116204,GLICL,34,44,200,750.0,150000.0
2016-03-21,201603213116203,GLICL,46,44,600,750.0,450000.0
2016-03-21,201603213116202,GLICL,36,44,300,750.0,225000.0
2016-03-21,201603213116201,GLICL,8,44,200,751.0,150200.0
2016-03-21,201603213116200,GLICL,8,44,140,751.0,105140.0
2016-03-21,201603213116099,GLICL,8,58,60,751.0,45060.0
2016-03-21,201603213116098,GLICL,34,58,240,752.0,180480.0
2016-03-21,201603213115993,GLICL,34,10,260,752.0,195520.0
2016-03-21,201603213116104,GMFIL,43,43,20,249.0,4980.0
2016-03-21,201603213116159,HAMA,13,29,500,247.0,123500.0
2016-03-21,201603213115899,HAMA,43,22,40,252.0,10080.0
2016-03-21,201603213115898,HAMA,43,35,50,250.0,12500.0
2016-03-21,201603213115847,HGI,59,25,200,989.0,197800.0
2016-03-21,201603213115846,HGI,59,25,200,989.0,197800.0
2016-03-21,201603213115845,HGI,59,25,200,989.0,197800.0
2016-03-21,201603213115835,HGI,59,49,95,989.0,93955.0
2016-03-21,201603213115826,HGI,59,6,101,985.0,99485.0
2016-03-21,201603213115816,HGI,59,13,200,978.0,195600.0
2016-03-21,201603213115811,HGI,59,43,100,975.0,97500.0
2016-03-21,201603213115819,ILFCM,40,25,10,1244.0,12440.0
2016-03-21,201603213115818,ILFCM,40,8,10,1244.0,12440.0
2016-03-21,201603213115817,ILFCM,40,57,200,1240.0,248000.0
2016-03-21,201603213115799,ILFCM,40,45,10,1240.0,12400.0
2016-03-21,201603213115796,ILFCM,40,38,10,1240.0,12400.0
2016-03-21,201603213116298,JFL,21,28,10,337.0,3370.0
2016-03-21,201603213116282,JFL,21,28,10,343.0,3430.0
2016-03-21,201603213116259,JFL,55,21,20,349.0,6980.0
2016-03-21,201603213116191,JFL,55,55,20,343.0,6860.0
2016-03-21,201603213116145,JFL,55,56,50,337.0,16850.0
2016-03-21,201603213116283,KCDBL,46,43,120,307.0,36840.0
2016-03-21,201603213116070,KCDBL,46,17,20,310.0,6200.0
2016-03-21,201603213115792,KCDBL,18,6,200,304.0,60800.0
2016-03-21,201603213115788,KCDBL,46,6,200,306.0,61200.0
2016-03-21,201603213116017,KDBL,41,10,300,260.0,78000.0
2016-03-21,201603213115984,KDBL,41,39,300,260.0,78000.0
2016-03-21,201603213115964,KDBL,39,47,30,257.0,7710.0
2016-03-21,201603213115809,KDBL,39,10,300,257.0,77100.0
2016-03-21,201603213115808,KDBL,21,10,100,257.0,25700.0
2016-03-21,201603213115807,KDBL,49,10,100,257.0,25700.0
2016-03-21,201603213116291,KMCDB,33,4,100,1765.0,176500.0
2016-03-21,201603213116290,KMCDB,33,29,100,1760.0,176000.0
2016-03-21,201603213116289,KMCDB,33,42,10,1760.0,17600.0
2016-03-21,201603213116288,KMCDB,33,42,10,1760.0,17600.0
2016-03-21,201603213116180,LBL,22,25,200,635.0,127000.0
2016-03-21,201603213116179,LBL,52,25,200,635.0,127000.0
2016-03-21,201603213116178,LBL,55,25,100,636.0,63600.0
2016-03-21,201603213116112,LBL,5,58,200,640.0,128000.0
2016-03-21,201603213116014,LGIL,43,57,100,830.0,83000.0
2016-03-21,201603213115913,LGIL,41,26,500,829.0,414500.0
2016-03-21,201603213115958,LVF1,47,35,5000,10.51,52550.0
2016-03-21,201603213115944,LVF1,47,35,5000,10.51,52550.0
2016-03-21,201603213116292,MBBL,8,22,71,251.0,17821.0
2016-03-21,201603213115836,MDB,57,39,62,627.0,38874.0
2016-03-21,201603213115838,MIDBL,59,53,20,315.0,6300.0
2016-03-21,201603213115832,MIDBL,18,53,10,309.0,3090.0
2016-03-21,201603213116026,MNBBL,45,47,1000,870.0,870000.0
2016-03-21,201603213116103,NABIL,45,8,130,1935.0,251550.0
2016-03-21,201603213116101,NABIL,34,55,36,1929.0,69444.0
2016-03-21,201603213116095,NABIL,34,55,70,1929.0,135030.0
2016-03-21,201603213116094,NABIL,34,55,30,1930.0,57900.0
2016-03-21,201603213116093,NABIL,34,55,200,1931.0,386200.0
2016-03-21,201603213116019,NABIL,39,52,100,1933.0,193300.0
2016-03-21,201603213115930,NABIL,34,22,100,1930.0,193000.0
2016-03-21,201603213115929,NABIL,34,25,20,1930.0,38600.0
2016-03-21,201603213115925,NABIL,54,25,100,1930.0,193000.0
2016-03-21,201603213115881,NABIL,19,25,80,1930.0,154400.0
2016-03-21,201603213115873,NABIL,19,25,100,1930.0,193000.0
2016-03-21,201603213115823,NABIL,34,38,150,1929.0,289350.0
2016-03-21,201603213116250,NABILP,17,59,300,1490.0,447000.0
2016-03-21,201603213115909,NABILP,5,59,300,1495.0,448500.0
2016-03-21,201603213116100,NBB,45,42,100,546.0,54600.0
2016-03-21,201603213115840,NBB,56,28,500,546.0,273000.0
2016-03-21,201603213115839,NBB,17,28,500,546.0,273000.0
2016-03-21,201603213115833,NBB,45,32,357,548.0,195636.0
2016-03-21,201603213115804,NBF1,49,17,1199,16.0,19184.0
2016-03-21,201603213115791,NBF1,49,11,2287,16.0,36592.0
2016-03-21,201603213116276,NBL,44,58,16290,400.0,6516000.0
2016-03-21,201603213116266,NBL,25,29,300,403.0,120900.0
2016-03-21,201603213116253,NBL,36,40,400,403.0,161200.0
2016-03-21,201603213116252,NBL,53,40,100,405.0,40500.0
2016-03-21,201603213116251,NBL,17,40,100,405.0,40500.0
2016-03-21,201603213116247,NBL,53,28,400,405.0,162000.0
2016-03-21,201603213115821,NBL,50,44,1500,410.0,615000.0
2016-03-21,201603213115813,NBL,50,44,1000,410.0,410000.0
2016-03-21,201603213115812,NBL,50,36,1000,409.0,409000.0
2016-03-21,201603213115802,NBL,25,44,500,410.0,205000.0
2016-03-21,201603213115795,NBL,25,4,100,412.0,41200.0
2016-03-21,201603213115972,NBL,6,36,400,409.0,163600.0
2016-03-21,201603213115941,NBL,59,58,100,410.0,41000.0
2016-03-21,201603213115916,NBL,59,26,200,410.0,82000.0
2016-03-21,201603213115912,NBL,52,26,200,410.0,82000.0
2016-03-21,201603213115830,NBL,50,57,300,410.0,123000.0
2016-03-21,201603213115824,NBL,50,26,200,410.0,82000.0
2016-03-21,201603213116038,NBL,6,10,200,405.0,81000.0
2016-03-21,201603213116037,NBL,6,10,200,405.0,81000.0
2016-03-21,201603213116036,NBL,25,10,1000,405.0,405000.0
2016-03-21,201603213116035,NBL,6,10,1000,406.0,406000.0
2016-03-21,201603213116006,NBL,45,28,1000,408.0,408000.0
2016-03-21,201603213115976,NBL,46,42,100,406.0,40600.0
2016-03-21,201603213116044,NBL,6,10,200,404.0,80800.0
2016-03-21,201603213116043,NBL,6,10,200,404.0,80800.0
2016-03-21,201603213116042,NBL,6,10,200,404.0,80800.0
2016-03-21,201603213116041,NBL,6,10,200,404.0,80800.0
2016-03-21,201603213116040,NBL,6,10,200,404.0,80800.0
2016-03-21,201603213116039,NBL,56,10,100,404.0,40400.0
2016-03-21,201603213116050,NBL,6,10,200,403.0,80600.0
2016-03-21,201603213116049,NBL,19,10,1000,403.0,403000.0
2016-03-21,201603213116048,NBL,44,10,400,403.0,161200.0
2016-03-21,201603213116047,NBL,38,10,1000,404.0,404000.0
2016-03-21,201603213116046,NBL,6,10,200,404.0,80800.0
2016-03-21,201603213116045,NBL,6,10,200,404.0,80800.0
2016-03-21,201603213116056,NBL,22,10,30,402.0,12060.0
2016-03-21,201603213116055,NBL,45,10,1000,402.0,402000.0
2016-03-21,201603213116054,NBL,6,10,200,403.0,80600.0
2016-03-21,201603213116053,NBL,6,10,200,403.0,80600.0
2016-03-21,201603213116052,NBL,6,10,200,403.0,80600.0
2016-03-21,201603213116051,NBL,6,10,200,403.0,80600.0
2016-03-21,201603213116127,NBL,50,59,50,402.0,20100.0
2016-03-21,201603213116065,NBL,25,28,500,400.0,200000.0
2016-03-21,201603213116060,NBL,19,10,70,400.0,28000.0
2016-03-21,201603213116059,NBL,44,10,500,401.0,200500.0
2016-03-21,201603213116058,NBL,53,10,500,401.0,200500.0
2016-03-21,201603213116057,NBL,45,10,600,402.0,241200.0
2016-03-21,201603213116303,NHPC,33,18,500,226.0,113000.0
2016-03-21,201603213116274,NHPC,55,29,1000,225.0,225000.0
2016-03-21,201603213116227,NHPC,48,50,2000,225.0,450000.0
2016-03-21,201603213116215,NHPC,55,34,900,225.0,202500.0
2016-03-21,201603213116214,NHPC,55,11,500,225.0,112500.0
2016-03-21,201603213116213,NHPC,55,32,1000,225.0,225000.0
2016-03-21,201603213115783,NHPC,5,50,1200,224.0,268800.0
2016-03-21,201603213115782,NHPC,45,41,150,222.0,33300.0
2016-03-21,201603213115781,NHPC,49,41,1000,222.0,222000.0
2016-03-21,201603213115780,NHPC,50,41,1000,222.0,222000.0
2016-03-21,201603213115779,NHPC,48,41,1000,223.0,223000.0
2016-03-21,201603213115915,NHPC,48,26,200,223.0,44600.0
2016-03-21,201603213115871,NHPC,48,20,1000,224.0,224000.0
2016-03-21,201603213115870,NHPC,48,46,100,223.0,22300.0
2016-03-21,201603213115863,NHPC,26,5,100,224.0,22400.0
2016-03-21,201603213115844,NHPC,26,58,100,224.0,22400.0
2016-03-21,201603213115798,NHPC,32,50,2800,224.0,627200.0
2016-03-21,201603213115947,NHPC,45,46,2500,224.0,560000.0
2016-03-21,201603213115940,NHPC,45,17,3000,224.0,672000.0
2016-03-21,201603213115936,NHPC,51,50,100,225.0,22500.0
2016-03-21,201603213115933,NHPC,48,50,500,225.0,112500.0
2016-03-21,201603213115932,NHPC,48,57,500,225.0,112500.0
2016-03-21,201603213115917,NHPC,45,58,100,224.0,22400.0
2016-03-21,201603213115962,NHPC,6,44,500,224.0,112000.0
2016-03-21,201603213115956,NHPC,43,50,1000,225.0,225000.0
2016-03-21,201603213115955,NHPC,43,38,1000,225.0,225000.0
2016-03-21,201603213115954,NHPC,45,44,350,224.0,78400.0
2016-03-21,201603213115953,NHPC,40,44,1000,224.0,224000.0
2016-03-21,201603213115952,NHPC,45,44,1500,224.0,336000.0
2016-03-21,201603213115988,NHPC,45,52,500,224.0,112000.0
2016-03-21,201603213115987,NHPC,45,44,300,224.0,67200.0
2016-03-21,201603213115970,NHPC,41,44,200,224.0,44800.0
2016-03-21,201603213115967,NHPC,48,44,1000,223.0,223000.0
2016-03-21,201603213115966,NHPC,1,44,1000,223.0,223000.0
2016-03-21,201603213115965,NHPC,48,44,700,223.0,156100.0
2016-03-21,201603213116022,NHPC,8,50,200,225.0,45000.0
2016-03-21,201603213116018,NHPC,34,59,1150,224.0,257600.0
2016-03-21,201603213116005,NHPC,34,36,700,224.0,156800.0
2016-03-21,201603213115999,NHPC,42,36,800,224.0,179200.0
2016-03-21,201603213115994,NHPC,22,36,500,224.0,112000.0
2016-03-21,201603213115989,NHPC,45,44,200,224.0,44800.0
2016-03-21,201603213116085,NHPC,1,34,100,225.0,22500.0
2016-03-21,201603213116084,NHPC,33,21,500,225.0,112500.0
2016-03-21,201603213116083,NHPC,1,52,100,225.0,22500.0
2016-03-21,201603213116082,NHPC,1,21,600,225.0,135000.0
2016-03-21,201603213116081,NHPC,1,50,200,225.0,45000.0
2016-03-21,201603213116031,NHPC,49,39,1000,224.0,224000.0
2016-03-21,201603213116212,NHPC,55,16,3000,225.0,675000.0
2016-03-21,201603213116193,NHPC,32,34,100,225.0,22500.0
2016-03-21,201603213116192,NHPC,32,34,400,225.0,90000.0
2016-03-21,201603213116182,NHPC,59,34,500,225.0,112500.0
2016-03-21,201603213116106,NHPC,40,34,500,225.0,112500.0
2016-03-21,201603213116086,NHPC,33,34,500,225.0,112500.0
2016-03-21,201603213116267,NIB,28,5,500,951.0,475500.0
2016-03-21,201603213116287,NIBPO,6,42,2000,845.0,1690000.0
2016-03-21,201603213116118,NICA,42,57,300,760.0,228000.0
2016-03-21,201603213116090,NICA,13,57,500,760.0,380000.0
2016-03-21,201603213116294,NIL,22,41,1000,1130.0,1130000.0
2016-03-21,201603213115998,NIL,22,41,371,1135.0,421085.0
2016-03-21,201603213115997,NIL,22,48,200,1134.0,226800.0
2016-03-21,201603213116286,NLG,41,58,100,1130.0,113000.0
2016-03-21,201603213116254,NLG,41,47,50,1130.0,56500.0
2016-03-21,201603213116248,NLG,41,47,50,1130.0,56500.0
2016-03-21,201603213116243,NLG,41,47,50,1130.0,56500.0
2016-03-21,201603213116240,NLG,41,47,50,1130.0,56500.0
2016-03-21,201603213116228,NLG,41,47,100,1130.0,113000.0
2016-03-21,201603213115803,NLG,6,35,500,1143.0,571500.0
2016-03-21,201603213116219,NLG,41,47,50,1130.0,56500.0
2016-03-21,201603213116162,NLG,6,45,100,1140.0,114000.0
2016-03-21,201603213116158,NLG,6,45,15,1140.0,17100.0
2016-03-21,201603213116150,NLG,6,45,113,1140.0,128820.0
2016-03-21,201603213116146,NLG,6,45,59,1135.0,66965.0
2016-03-21,201603213116302,NLIC,46,47,100,3964.0,396400.0
2016-03-21,201603213116285,NLIC,40,17,20,3965.0,79300.0
2016-03-21,201603213116265,NLIC,46,6,60,3964.0,237840.0
2016-03-21,201603213116238,NLIC,34,34,300,3955.0,1186500.0
2016-03-21,201603213116196,NLIC,37,50,50,3960.0,198000.0
2016-03-21,201603213116121,NLIC,46,45,290,3960.0,1148400.0
2016-03-21,201603213115885,NLIC,45,17,60,3965.0,237900.0
2016-03-21,201603213115874,NLIC,20,21,100,3955.0,395500.0
2016-03-21,201603213115858,NLIC,58,17,300,3960.0,1188000.0
2016-03-21,201603213116097,NLIC,46,45,10,3960.0,39600.0
2016-03-21,201603213116028,NLIC,33,33,625,3955.0,2471875.0
2016-03-21,201603213115931,NLIC,45,49,200,3964.0,792800.0
2016-03-21,201603213115919,NLIC,46,17,100,3965.0,396500.0
2016-03-21,201603213115907,NLIC,55,17,60,3965.0,237900.0
2016-03-21,201603213115901,NLIC,55,17,40,3965.0,158600.0
2016-03-21,201603213116221,NLICL,34,44,200,2790.0,558000.0
2016-03-21,201603213116220,NLICL,50,44,200,2790.0,558000.0
2016-03-21,201603213116114,NLICL,14,44,190,2800.0,532000.0
2016-03-21,201603213116113,NLICL,25,44,200,2801.0,560200.0
2016-03-21,201603213116087,NLICL,19,56,50,2827.0,141350.0
2016-03-21,201603213116000,NLICL,14,56,50,2815.0,140750.0
2016-03-21,201603213115991,NLICL,53,39,50,2820.0,141000.0
2016-03-21,201603213115924,NLICL,45,45,100,2830.0,283000.0
2016-03-21,201603213115923,NLICL,45,49,100,2825.0,282500.0
2016-03-21,201603213116301,NMB,26,26,300,585.0,175500.0
2016-03-21,201603213116300,NMB,26,8,500,585.0,292500.0
2016-03-21,201603213116299,NMB,26,58,1000,585.0,585000.0
2016-03-21,201603213116295,NMB,40,26,59,584.0,34456.0
2016-03-21,201603213116223,NMB,33,28,3000,584.0,1752000.0
2016-03-21,201603213116156,NMB,49,1,150,584.0,87600.0
2016-03-21,201603213115790,NMB,57,6,500,580.0,290000.0
2016-03-21,201603213115789,NMB,53,6,200,580.0,116000.0
2016-03-21,201603213115784,NMB,53,8,200,580.0,116000.0
2016-03-21,201603213115957,NMB,39,8,500,580.0,290000.0
2016-03-21,201603213115920,NMB,50,6,491,580.0,284780.0
2016-03-21,201603213115851,NMB,49,44,600,579.0,347400.0
2016-03-21,201603213115850,NMB,58,44,100,579.0,57900.0
2016-03-21,201603213115794,NMB,53,44,300,580.0,174000.0
2016-03-21,201603213115793,NMB,53,6,200,580.0,116000.0
2016-03-21,201603213116122,NMB,33,41,312,582.0,181584.0
2016-03-21,201603213116034,NMB,33,28,2400,584.0,1401600.0
2016-03-21,201603213116001,NMB,5,6,220,583.0,128260.0
2016-03-21,201603213115971,NMB,10,41,500,582.0,291000.0
2016-03-21,201603213115960,NMB,33,14,230,580.0,133400.0
2016-03-21,201603213115959,NMB,33,58,1000,580.0,580000.0
2016-03-21,201603213116105,NTC,13,1,100,703.0,70300.0
2016-03-21,201603213115800,NUBL,49,41,45,1800.0,81000.0
2016-03-21,201603213115918,OHL,47,16,140,451.0,63140.0
2016-03-21,201603213116218,PCBL,43,25,500,547.0,273500.0
2016-03-21,201603213116217,PCBL,11,25,50,549.0,27450.0
2016-03-21,201603213116137,PCBL,11,42,100,549.0,54900.0
2016-03-21,201603213116004,PIC,42,48,120,1337.0,160440.0
2016-03-21,201603213115892,PIC,59,32,300,1330.0,399000.0
2016-03-21,201603213116148,PICL,41,25,331,1032.0,341592.0
2016-03-21,201603213115981,PICL,38,36,100,1031.0,103100.0
2016-03-21,201603213115943,PICL,41,34,400,1040.0,416000.0
2016-03-21,201603213115927,PLIC,53,58,60,1790.0,107400.0
2016-03-21,201603213115868,PRDBL,11,14,33,227.0,7491.0
2016-03-21,201603213116108,PRIN,48,19,200,865.0,173000.0
2016-03-21,201603213116107,PRIN,48,45,500,850.0,425000.0
2016-03-21,201603213115797,PRIN,50,47,1000,849.0,849000.0
2016-03-21,201603213115856,PURBL,40,44,164,380.0,62320.0
2016-03-21,201603213116268,RBBBL,51,22,10,280.0,2800.0
2016-03-21,201603213116216,REDBL,56,38,737,401.0,295537.0
2016-03-21,201603213116199,REDBL,56,22,28,400.0,11200.0
2016-03-21,201603213116195,REDBL,56,57,28,400.0,11200.0
2016-03-21,201603213116184,REDBL,56,57,28,400.0,11200.0
2016-03-21,201603213116176,REDBL,56,57,28,400.0,11200.0
2016-03-21,201603213116171,REDBL,56,57,28,400.0,11200.0
2016-03-21,201603213116167,REDBL,56,57,28,400.0,11200.0
2016-03-21,201603213116160,REDBL,56,57,28,400.0,11200.0
2016-03-21,201603213116152,REDBL,56,57,66,400.0,26400.0
2016-03-21,201603213116126,RLFL,7,7,10,273.0,2730.0
2016-03-21,201603213116188,RMDC,40,44,100,1000.0,100000.0
2016-03-21,201603213115862,RMDC,25,11,33,1010.0,33330.0
2016-03-21,201603213115820,RMDC,5,28,150,1010.0,151500.0
2016-03-21,201603213116246,SAFL,42,6,122,288.0,35136.0
2016-03-21,201603213116245,SAFL,42,22,56,288.0,16128.0
2016-03-21,201603213116242,SAFL,42,22,56,288.0,16128.0
2016-03-21,201603213116239,SANIMA,4,4,36000,770.0,27720000.0
2016-03-21,201603213116187,SANIMA,45,46,1000,780.0,780000.0
2016-03-21,201603213116186,SANIMA,6,46,100,780.0,78000.0
2016-03-21,201603213116185,SANIMA,1,46,200,782.0,156400.0
2016-03-21,201603213116140,SANIMA,1,7,200,782.0,156400.0
2016-03-21,201603213116008,SANIMA,52,50,850,780.0,663000.0
2016-03-21,201603213115801,SANIMA,47,39,17,788.0,13396.0
2016-03-21,201603213116007,SANIMA,13,50,150,781.0,117150.0
2016-03-21,201603213115882,SANIMA,13,57,500,785.0,392500.0
2016-03-21,201603213115880,SANIMA,33,7,79,785.0,62015.0
2016-03-21,201603213115866,SANIMA,52,44,500,784.0,392000.0
2016-03-21,201603213115855,SANIMA,13,7,21,782.0,16422.0
2016-03-21,201603213115848,SANIMA,13,46,1000,782.0,782000.0
2016-03-21,201603213116206,SBI,28,45,100,1420.0,142000.0
2016-03-21,201603213116281,SCB,45,21,57,2925.0,166725.0
2016-03-21,201603213116280,SCB,45,40,100,2925.0,292500.0
2016-03-21,201603213116279,SCB,45,13,100,2923.0,292300.0
2016-03-21,201603213116278,SCB,45,58,100,2920.0,292000.0
2016-03-21,201603213116064,SCB,45,45,20,2915.0,58300.0
2016-03-21,201603213116063,SCB,45,38,200,2915.0,583000.0
2016-03-21,201603213116061,SCB,45,39,31,2910.0,90210.0
2016-03-21,201603213115990,SCB,13,13,100,2909.0,290900.0
2016-03-21,201603213115934,SCB,45,34,350,2908.0,1017800.0
2016-03-21,201603213115822,SCB,45,38,100,2909.0,290900.0
2016-03-21,201603213115810,SCB,45,58,108,2908.0,314064.0
2016-03-21,201603213115975,SETI,5,7,360,390.0,140400.0
2016-03-21,201603213115974,SETI,5,7,100,390.0,39000.0
2016-03-21,201603213115888,SHPC,29,34,100,850.0,85000.0
2016-03-21,201603213115887,SHPC,19,34,300,850.0,255000.0
2016-03-21,201603213115886,SHPC,11,34,500,855.0,427500.0
2016-03-21,201603213115996,SICL,49,48,96,1790.0,171840.0
2016-03-21,201603213116134,SIL,6,48,77,1635.0,125895.0
2016-03-21,201603213116293,SLICL,17,58,111,915.0,101565.0
2016-03-21,201603213116284,SLICL,17,58,111,915.0,101565.0
2016-03-21,201603213116273,SLICL,17,58,111,915.0,101565.0
2016-03-21,201603213115978,SLICL,38,28,500,915.0,457500.0
2016-03-21,201603213115969,SLICL,6,28,200,915.0,183000.0
2016-03-21,201603213115968,SLICL,6,28,100,915.0,91500.0
2016-03-21,201603213116237,SYFL,29,45,50,138.0,6900.0
2016-03-21,201603213116236,SYFL,55,45,1000,138.0,138000.0
2016-03-21,201603213116235,SYFL,6,45,500,140.0,70000.0
2016-03-21,201603213116234,SYFL,16,45,200,140.0,28000.0
2016-03-21,201603213116233,SYFL,8,45,250,140.0,35000.0
2016-03-21,201603213116226,SYFL,6,16,1000,140.0,140000.0
2016-03-21,201603213115806,SYFL,19,43,20,140.0,2800.0
2016-03-21,201603213116002,SYFL,19,39,200,140.0,28000.0
2016-03-21,201603213115905,SYFL,17,43,500,138.0,69000.0
2016-03-21,201603213115904,SYFL,42,43,500,138.0,69000.0
2016-03-21,201603213115903,SYFL,38,43,100,138.0,13800.0
2016-03-21,201603213115902,SYFL,47,43,500,138.0,69000.0
2016-03-21,201603213115853,SYFL,19,43,80,140.0,11200.0
2016-03-21,201603213116224,SYFL,8,19,250,140.0,35000.0
2016-03-21,201603213116165,SYFL,33,43,89,140.0,12460.0
2016-03-21,201603213116149,SYFL,33,3,500,139.0,69500.0
2016-03-21,201603213116144,SYFL,33,33,4409,138.0,608442.0
2016-03-21,201603213116066,SYFL,6,41,119,140.0,16660.0
2016-03-21,201603213116029,SYFL,6,26,500,140.0,70000.0
2016-03-21,201603213116069,TBBL,58,41,351,315.0,110565.0
2016-03-21,201603213116068,TBBL,58,28,20,315.0,6300.0
2016-03-21,201603213116009,TBBL,43,41,10,309.0,3090.0
2016-03-21,201603213116174,UIC,53,14,200,844.0,168800.0
2016-03-21,201603213116173,UIC,53,10,100,843.0,84300.0
2016-03-21,201603213116222,WDBL,26,57,26,466.0,12116.0
2016-03-21,201603213116142,WDBL,40,25,20,470.0,9400.0
2016-03-21,201603213116141,WDBL,40,36,500,470.0,235000.0
2016-03-21,201603213115961,WDBL,41,49,242,470.0,113740.0
2016-03-21,201603213115951,WDBL,41,16,100,465.0,46500.0
2016-03-21,201603213115891,WDBL,11,6,104,470.0,48880.0
2016-03-21,201603213115860,WDBL,45,16,60,470.0,28200.0
2016-03-21,201603213116296,YETI,56,56,1752,212.0,371424.0
2016-03-21,201603213116272,YETI,7,53,300,212.0,63600.0
2016-03-21,201603213116270,YETI,6,53,300,212.0,63600.0
2016-03-21,201603213116269,YETI,7,53,400,212.0,84800.0
2016-03-21,201603213116198,YETI,13,33,2239,212.0,474668.0
2016-03-21,201603213116194,YETI,17,57,500,212.0,106000.0
2016-03-21,201603213115872,YETI,3,57,41,210.0,8610.0
2016-03-21,201603213115865,YETI,3,57,80,210.0,16800.0
2016-03-21,201603213115854,YETI,43,58,11,206.0,2266.0
2016-03-21,201603213115825,YETI,3,39,20,202.0,4040.0
2016-03-21,201603213115950,YETI,53,39,200,212.0,42400.0
2016-03-21,201603213115949,YETI,53,6,500,212.0,106000.0
2016-03-21,201603213115945,YETI,22,18,113,212.0,23956.0
2016-03-21,201603213115897,YETI,58,58,900,212.0,190800.0
2016-03-21,201603213115893,YETI,22,39,200,212.0,42400.0
2016-03-21,201603213115890,YETI,53,58,1160,212.0,245920.0
2016-03-21,201603213116013,YETI,48,40,1000,212.0,212000.0
2016-03-21,201603213116012,YETI,53,39,40,212.0,8480.0
2016-03-21,201603213116003,YETI,53,39,40,212.0,8480.0
2016-03-21,201603213115980,YETI,25,39,500,212.0,106000.0
2016-03-21,201603213115979,YETI,25,39,250,212.0,53000.0
2016-03-21,201603213115973,YETI,25,39,1000,212.0,212000.0
2016-03-21,201603213116074,YETI,16,39,100,212.0,21200.0
2016-03-21,201603213116073,YETI,55,39,100,212.0,21200.0
2016-03-21,201603213116072,YETI,25,39,250,212.0,53000.0
2016-03-21,201603213116071,YETI,53,39,10,212.0,2120.0
2016-03-21,201603213116024,YETI,53,11,50,212.0,10600.0
2016-03-21,201603213116020,YETI,41,39,1000,212.0,212000.0
2016-03-21,201603213116102,YETI,19,21,100,212.0,21200.0
2016-03-21,201603213116079,YETI,19,39,1680,212.0,356160.0
2016-03-21,201603213116078,YETI,58,39,1160,212.0,245920.0
2016-03-21,201603213116077,YETI,40,39,200,212.0,42400.0
2016-03-21,201603213116076,YETI,6,39,1000,212.0,212000.0
2016-03-21,201603213116075,YETI,16,39,500,212.0,106000.0
2016-03-21,201603213116170,YETI,7,17,600,212.0,127200.0
2016-03-21,201603213116169,YETI,21,17,1200,212.0,254400.0
2016-03-21,201603213116168,YETI,10,17,300,212.0,63600.0
2016-03-21,201603213116163,YETI,41,17,24,212.0,5088.0
2016-03-21,201603213116110,YETI,41,33,780,212.0,165360.0
2016-03-21,201603213116109,YETI,19,33,220,212.0,46640.0
