date,transaction_no,symbol,buyer,seller,quantity,rate,amount
2017-06-28,201706284933704,ADBL,41,33,18,428.0,7704.0
2017-06-28,201706284933433,ADBL,14,33,237,428.0,101436.0
2017-06-28,201706284933700,AHPC,25,13,117,268.0,31356.0
2017-06-28,201706284933432,AHPC,28,13,500,264.0,132000.0
2017-06-28,201706284933431,AHPC,59,13,100,264.0,26400.0
2017-06-28,201706284933877,ALICL,48,58,185,1486.0,274910.0
2017-06-28,201706284933876,ALICL,48,5,10,1485.0,14850.0
2017-06-28,201706284933875,ALICL,48,57,188,1483.0,278804.0
2017-06-28,201706284933874,ALICL,48,34,100,1482.0,148200.0
2017-06-28,201706284933873,ALICL,48,48,17,1480.0,25160.0
2017-06-28,201706284933676,ALICL,17,33,10,1480.0,14800.0
2017-06-28,201706284933429,ALICL,17,56,38,1480.0,56240.0
2017-06-28,201706284933428,ALICL,36,56,60,1481.0,88860.0
2017-06-28,201706284933699,API,56,56,16,547.0,8752.0
2017-06-28,201706284933506,API,50,58,16,550.0,8800.0
2017-06-28,201706284933505,API,50,58,16,550.0,8800.0
2017-06-28,201706284933504,API,50,58,16,550.0,8800.0
2017-06-28,201706284933503,API,50,58,16,550.0,8800.0
2017-06-28,201706284933502,API,50,58,16,550.0,8800.0
2017-06-28,201706284933501,API,50,58,16,550.0,8800.0
2017-06-28,201706284933500,API,50,58,16,550.0,8800.0
2017-06-28,201706284933499,API,50,58,16,550.0,8800.0
2017-06-28,201706284933498,API,50,58,16,550.0,8800.0
2017-06-28,201706284933497,API,50,58,16,550.0,8800.0
2017-06-28,201706284933779,BOKL,49,14,50,456.0,22800.0
2017-06-28,201706284933719,BOKL,49,48,169,456.0,77064.0
2017-06-28,201706284933718,BOKL,49,48,500,456.0,228000.0
2017-06-28,201706284933701,BOKL,49,33,23,456.0,10488.0
2017-06-28,201706284933681,BOKL,11,32,123,458.0,56334.0
2017-06-28,201706284933680,BOKL,11,58,77,458.0,35266.0
2017-06-28,201706284933599,BOKL,35,17,100,456.0,45600.0
2017-06-28,201706284933598,BOKL,40,58,50,458.0,22900.0
2017-06-28,201706284933517,BOKL,49,59,233,456.0,106248.0
2017-06-28,201706284933572,BPCL,57,26,600,640.0,384000.0
2017-06-28,201706284933834,CBBL,43,14,20,1522.0,30440.0
2017-06-28,201706284933833,CBBL,13,14,10,1522.0,15220.0
2017-06-28,201706284933832,CBBL,17,14,20,1530.0,30600.0
2017-06-28,201706284933612,CBBL,50,26,800,1511.0,1208800.0
2017-06-28,201706284933601,CBBL,45,26,200,1531.0,306200.0
2017-06-28,201706284933799,CBL,6,53,835,240.0,200400.0
2017-06-28,201706284933798,CBL,48,53,165,240.0,39600.0
2017-06-28,201706284933460,CBL,48,28,500,241.0,120500.0
2017-06-28,201706284933459,CBL,48,25,122,241.0,29402.0
2017-06-28,201706284933458,CBL,48,25,60,241.0,14460.0
2017-06-28,201706284933457,CBL,48,25,153,241.0,36873.0
2017-06-28,201706284933518,CCBL,42,33,600,367.0,220200.0
2017-06-28,201706284933420,CCBL,42,22,400,367.0,146800.0
2017-06-28,201706284933543,CCBL,40,33,170,370.0,62900.0
2017-06-28,201706284933531,CCBL,40,40,53,370.0,19610.0
2017-06-28,201706284933523,CCBL,40,44,27,370.0,9990.0
2017-06-28,201706284933705,CFCL,53,38,227,169.0,38363.0
2017-06-28,201706284933642,CFCL,28,38,523,169.0,88387.0
2017-06-28,201706284933610,CFCL,7,34,425,170.0,72250.0
2017-06-28,201706284933796,CHCL,58,58,1000,805.0,805000.0
2017-06-28,201706284933795,CHCL,19,58,1000,805.0,805000.0
2017-06-28,201706284933794,CHCL,56,58,50,805.0,40250.0
2017-06-28,201706284933793,CHCL,1,58,200,806.0,161200.0
2017-06-28,201706284933810,CIT,44,25,300,4100.0,1230000.0
2017-06-28,201706284933737,CIT,10,37,10,4104.0,41040.0
2017-06-28,201706284933864,CZBIL,38,41,2067,380.0,785460.0
2017-06-28,201706284933863,CZBIL,38,19,497,380.0,188860.0
2017-06-28,201706284933862,CZBIL,38,29,150,380.0,57000.0
2017-06-28,201706284933800,CZBIL,38,14,100,378.0,37800.0
2017-06-28,201706284933763,CZBIL,37,19,10,380.0,3800.0
2017-06-28,201706284933723,CZBIL,38,1,179,378.0,67662.0
2017-06-28,201706284933413,CZBIL,53,4,223,378.0,84294.0
2017-06-28,201706284933412,CZBIL,21,4,20,379.0,7580.0
2017-06-28,201706284933411,CZBIL,13,4,300,379.0,113700.0
2017-06-28,201706284933410,CZBIL,34,4,550,379.0,208450.0
2017-06-28,201706284933444,CZBIL,38,4,107,378.0,40446.0
2017-06-28,201706284933418,CZBIL,38,4,2000,378.0,756000.0
2017-06-28,201706284933417,CZBIL,8,4,50,378.0,18900.0
2017-06-28,201706284933416,CZBIL,42,4,50,378.0,18900.0
2017-06-28,201706284933415,CZBIL,32,4,50,378.0,18900.0
2017-06-28,201706284933414,CZBIL,52,4,150,378.0,56700.0
2017-06-28,201706284933883,DBBL,40,43,200,272.0,54400.0
2017-06-28,201706284933733,DBBL,22,48,50,270.0,13500.0
2017-06-28,201706284933720,DDBL,41,32,200,1294.0,258800.0
2017-06-28,201706284933882,EBL,43,48,100,1365.0,136500.0
2017-06-28,201706284933802,EBL,54,40,280,1370.0,383600.0
2017-06-28,201706284933771,EBL,54,13,10,1370.0,13700.0
2017-06-28,201706284933746,EBL,53,13,200,1371.0,274200.0
2017-06-28,201706284933717,EBL,39,25,50,1375.0,68750.0
2017-06-28,201706284933706,EBL,54,41,200,1370.0,274000.0
2017-06-28,201706284933731,FOWAD,48,48,3,1901.0,5703.0
2017-06-28,201706284933565,FOWAD,36,36,10,1864.0,18640.0
2017-06-28,201706284933426,GBBL,5,5,66,297.0,19602.0
2017-06-28,201706284933628,GBIME,34,14,99,381.0,37719.0
2017-06-28,201706284933597,GBIME,34,25,19,381.0,7239.0
2017-06-28,201706284933436,GBIME,10,43,33,385.0,12705.0
2017-06-28,201706284933752,GLICL,33,43,20,1028.0,20560.0
2017-06-28,201706284933530,GLICL,43,55,121,1016.0,122936.0
2017-06-28,201706284933529,GLICL,37,55,50,1017.0,50850.0
2017-06-28,201706284933528,GLICL,37,55,10,1020.0,10200.0
2017-06-28,201706284933527,GLICL,55,55,50,1020.0,51000.0
2017-06-28,201706284933860,HBL,22,33,17,890.0,15130.0
2017-06-28,201706284933859,HBL,6,33,33,890.0,29370.0
2017-06-28,201706284933857,HBL,22,14,80,890.0,71200.0
2017-06-28,201706284933830,HBL,50,33,50,892.0,44600.0
2017-06-28,201706284933791,HBL,49,55,236,900.0,212400.0
2017-06-28,201706284933891,HGI,40,26,250,1675.0,418750.0
2017-06-28,201706284933881,HGI,20,26,163,1675.0,273025.0
2017-06-28,201706284933821,HGI,20,59,37,1674.0,61938.0
2017-06-28,201706284933820,HGI,3,59,50,1675.0,83750.0
2017-06-28,201706284933819,HGI,13,59,50,1675.0,83750.0
2017-06-28,201706284933818,HGI,44,59,63,1675.0,105525.0
2017-06-28,201706284933539,HGI,6,55,50,1677.0,83850.0
2017-06-28,201706284933521,HGI,58,55,50,1677.0,83850.0
2017-06-28,201706284933456,HGI,22,1,12,1675.0,20100.0
2017-06-28,201706284933454,HGI,22,53,110,1675.0,184250.0
2017-06-28,201706284933449,HGI,3,53,15,1675.0,25125.0
2017-06-28,201706284933445,HGI,26,53,25,1675.0,41875.0
2017-06-28,201706284933580,HGI,6,4,50,1677.0,83850.0
2017-06-28,201706284933578,HGI,34,40,20,1678.0,33560.0
2017-06-28,201706284933564,HGI,6,29,70,1677.0,117390.0
2017-06-28,201706284933555,HGI,48,17,21,1677.0,35217.0
2017-06-28,201706284933547,HGI,48,55,10,1677.0,16770.0
2017-06-28,201706284933546,HGI,48,55,60,1677.0,100620.0
2017-06-28,201706284933682,HGI,54,41,50,1675.0,83750.0
2017-06-28,201706284933665,HGI,54,1,20,1675.0,33500.0
2017-06-28,201706284933634,HGI,5,7,60,1677.0,100620.0
2017-06-28,201706284933584,HGI,54,10,72,1675.0,120600.0
2017-06-28,201706284933583,HGI,5,10,150,1675.0,251250.0
2017-06-28,201706284933582,HGI,22,10,18,1675.0,30150.0
2017-06-28,201706284933784,HGI,42,40,40,1678.0,67120.0
2017-06-28,201706284933764,HGI,44,7,87,1675.0,145725.0
2017-06-28,201706284933749,HGI,54,7,18,1675.0,30150.0
2017-06-28,201706284933748,HGI,47,7,30,1675.0,50250.0
2017-06-28,201706284933747,HGI,54,7,30,1675.0,50250.0
2017-06-28,201706284933683,HGI,54,28,20,1675.0,33500.0
2017-06-28,201706284933772,HIDCL,53,20,56,195.0,10920.0
2017-06-28,201706284933730,HIDCL,56,56,56,196.0,10976.0
2017-06-28,201706284933826,ICFC,52,28,100,281.0,28100.0
2017-06-28,201706284933496,ICFC,55,28,500,281.0,140500.0
2017-06-28,201706284933407,JBNL,50,56,125,265.0,33125.0
2017-06-28,201706284933406,JBNL,56,56,350,265.0,92750.0
2017-06-28,201706284933405,JBNL,6,56,25,265.0,6625.0
2017-06-28,201706284933696,JSLBB,5,5,80,3110.0,248800.0
2017-06-28,201706284933679,JSLBB,41,5,20,3110.0,62200.0
2017-06-28,201706284933807,KBBL,51,51,230,322.0,74060.0
2017-06-28,201706284933736,KBBL,51,38,311,322.0,100142.0
2017-06-28,201706284933727,KBBL,51,38,100,322.0,32200.0
2017-06-28,201706284933685,KBBL,32,38,689,322.0,221858.0
2017-06-28,201706284933684,KBBL,43,38,100,323.0,32300.0
2017-06-28,201706284933885,KBL,17,14,133,322.0,42826.0
2017-06-28,201706284933878,KBL,36,14,17,324.0,5508.0
2017-06-28,201706284933866,KBL,37,38,100,325.0,32500.0
2017-06-28,201706284933728,KBL,36,33,21,324.0,6804.0
2017-06-28,201706284933540,KBL,36,14,13,324.0,4212.0
2017-06-28,201706284933751,KMFL,41,11,10,2806.0,28060.0
2017-06-28,201706284933750,KNBL,55,52,10,555.0,5550.0
2017-06-28,201706284933722,KNBL,13,52,50,555.0,27750.0
2017-06-28,201706284933637,KNBL,14,52,30,555.0,16650.0
2017-06-28,201706284933519,KNBL,35,11,50,555.0,27750.0
2017-06-28,201706284933473,KRBL,42,37,20,300.0,6000.0
2017-06-28,201706284933871,LBL,47,53,445,393.0,174885.0
2017-06-28,201706284933870,LBL,53,53,55,393.0,21615.0
2017-06-28,201706284933735,LBL,48,53,200,394.0,78800.0
2017-06-28,201706284933734,LBL,45,53,50,394.0,19700.0
2017-06-28,201706284933475,LBL,28,16,90,397.0,35730.0
2017-06-28,201706284933893,LGIL,45,35,100,970.0,97000.0
2017-06-28,201706284933671,LGIL,45,1,32,970.0,31040.0
2017-06-28,201706284933670,LGIL,45,6,100,970.0,97000.0
2017-06-28,201706284933669,LGIL,45,20,114,970.0,110580.0
2017-06-28,201706284933629,LGIL,57,5,163,969.0,157947.0
2017-06-28,201706284933516,LGIL,17,5,10,965.0,9650.0
2017-06-28,201706284933515,LGIL,17,5,75,965.0,72375.0
2017-06-28,201706284933514,LGIL,41,5,32,966.0,30912.0
2017-06-28,201706284933816,LLBS,18,22,20,1866.0,37320.0
2017-06-28,201706284933858,MBL,32,53,20,357.0,7140.0
2017-06-28,201706284933789,MBL,32,40,40,352.0,14080.0
2017-06-28,201706284933675,MBL,35,40,40,355.0,14200.0
2017-06-28,201706284933538,MBL,13,40,200,355.0,71000.0
2017-06-28,201706284933537,MBL,38,40,50,355.0,17750.0
2017-06-28,201706284933536,MBL,33,40,50,355.0,17750.0
2017-06-28,201706284933409,MBL,21,40,20,358.0,7160.0
2017-06-28,201706284933535,MBL,48,40,100,356.0,35600.0
2017-06-28,201706284933534,MBL,58,40,100,356.0,35600.0
2017-06-28,201706284933533,MBL,59,40,50,356.0,17800.0
2017-06-28,201706284933532,MBL,11,40,50,356.0,17800.0
2017-06-28,201706284933467,MBL,11,25,200,357.0,71400.0
2017-06-28,201706284933466,MBL,21,25,30,357.0,10710.0
2017-06-28,201706284933904,MDB,35,14,50,516.0,25800.0
2017-06-28,201706284933806,MDB,40,16,200,521.0,104200.0
2017-06-28,201706284933805,MDB,51,16,100,525.0,52500.0
2017-06-28,201706284933786,MERO,16,21,22,2250.0,49500.0
2017-06-28,201706284933678,MERO,51,10,28,2236.0,62608.0
2017-06-28,201706284933661,MERO,11,10,100,2240.0,224000.0
2017-06-28,201706284933660,MERO,39,10,22,2240.0,49280.0
2017-06-28,201706284933574,MERO,18,48,11,2260.0,24860.0
2017-06-28,201706284933455,MERO,29,10,100,2270.0,227000.0
2017-06-28,201706284933447,MERO,39,10,10,2269.0,22690.0
2017-06-28,201706284933659,MERO,29,10,100,2241.0,224100.0
2017-06-28,201706284933658,MERO,42,10,22,2250.0,49500.0
2017-06-28,201706284933657,MERO,38,10,11,2253.0,24783.0
2017-06-28,201706284933656,MERO,26,10,76,2253.0,171228.0
2017-06-28,201706284933655,MERO,53,10,20,2254.0,45080.0
2017-06-28,201706284933654,MERO,47,10,10,2254.0,22540.0
2017-06-28,201706284933894,MFIL,55,17,100,160.0,16000.0
2017-06-28,201706284933880,MFIL,55,55,10,158.0,1580.0
2017-06-28,201706284933485,MFIL,55,48,22,155.0,3410.0
2017-06-28,201706284933814,MMFDB,34,34,10,2218.0,22180.0
2017-06-28,201706284933621,MMFDB,34,10,65,2175.0,141375.0
2017-06-28,201706284933620,MMFDB,14,10,30,2180.0,65400.0
2017-06-28,201706284933619,MMFDB,21,10,20,2190.0,43800.0
2017-06-28,201706284933618,MMFDB,21,10,25,2191.0,54775.0
2017-06-28,201706284933868,MNBBL,40,41,200,946.0,189200.0
2017-06-28,201706284933867,MNBBL,56,41,94,946.0,88924.0
2017-06-28,201706284933759,MNBBL,35,35,100,948.0,94800.0
2017-06-28,201706284933593,MNBBL,33,35,50,948.0,47400.0
2017-06-28,201706284933435,MNBBL,57,35,100,948.0,94800.0
2017-06-28,201706284933890,NABIL,42,53,18,1499.0,26982.0
2017-06-28,201706284933471,NABIL,42,29,47,1495.0,70265.0
2017-06-28,201706284933811,NABILP,42,42,50,1072.0,53600.0
2017-06-28,201706284933561,NABILP,19,42,100,1075.0,107500.0
2017-06-28,201706284933560,NABILP,34,42,50,1075.0,53750.0
2017-06-28,201706284933559,NABILP,17,42,200,1075.0,215000.0
2017-06-28,201706284933558,NABILP,36,42,100,1076.0,107600.0
2017-06-28,201706284933557,NABILP,35,42,30,1076.0,32280.0
2017-06-28,201706284933495,NABILP,59,34,200,1080.0,216000.0
2017-06-28,201706284933588,NABILP,25,42,1000,1071.0,1071000.0
2017-06-28,201706284933587,NABILP,8,42,200,1071.0,214200.0
2017-06-28,201706284933586,NABILP,53,42,100,1073.0,107300.0
2017-06-28,201706284933585,NABILP,17,42,80,1074.0,85920.0
2017-06-28,201706284933563,NABILP,17,42,20,1074.0,21480.0
2017-06-28,201706284933562,NABILP,17,42,500,1074.0,537000.0
2017-06-28,201706284933638,NABILP,3,34,20,1080.0,21600.0
2017-06-28,201706284933591,NABILP,17,42,100,1070.0,107000.0
2017-06-28,201706284933590,NABILP,58,42,2000,1070.0,2140000.0
2017-06-28,201706284933589,NABILP,25,42,1000,1070.0,1070000.0
2017-06-28,201706284933664,NBB,8,51,50,394.0,19700.0
2017-06-28,201706284933663,NBB,53,51,200,394.0,78800.0
2017-06-28,201706284933662,NBB,59,51,150,394.0,59100.0
2017-06-28,201706284933709,NBIL,45,10,37,1004.0,37148.0
2017-06-28,201706284933650,NBL,38,20,2690,335.0,901150.0
2017-06-28,201706284933649,NBL,17,20,100,335.0,33500.0
2017-06-28,201706284933648,NBL,17,20,400,335.0,134000.0
2017-06-28,201706284933647,NBL,17,20,200,335.0,67000.0
2017-06-28,201706284933646,NBL,17,20,150,335.0,50250.0
2017-06-28,201706284933645,NBL,49,20,500,335.0,167500.0
2017-06-28,201706284933622,NBL,33,20,350,335.0,117250.0
2017-06-28,201706284933644,NBL,40,20,960,335.0,321600.0
2017-06-28,201706284933627,NBL,40,20,40,335.0,13400.0
2017-06-28,201706284933626,NBL,41,20,150,335.0,50250.0
2017-06-28,201706284933625,NBL,37,20,200,335.0,67000.0
2017-06-28,201706284933624,NBL,13,20,300,335.0,100500.0
2017-06-28,201706284933623,NBL,32,20,300,335.0,100500.0
2017-06-28,201706284933886,NCCB,58,17,10,372.0,3720.0
2017-06-28,201706284933865,NCCB,55,17,325,372.0,120900.0
2017-06-28,201706284933850,NCCB,52,25,73,373.0,27229.0
2017-06-28,201706284933849,NCCB,52,32,200,373.0,74600.0
2017-06-28,201706284933848,NCCB,52,26,500,373.0,186500.0
2017-06-28,201706284933847,NCCB,52,34,227,373.0,84671.0
2017-06-28,201706284933424,NCCB,48,48,341,370.0,126170.0
2017-06-28,201706284933423,NCCB,48,25,1000,370.0,370000.0
2017-06-28,201706284933422,NCCB,48,14,604,370.0,223480.0
2017-06-28,201706284933697,NCCB,48,43,500,372.0,186000.0
2017-06-28,201706284933692,NCCB,48,21,150,372.0,55800.0
2017-06-28,201706284933691,NCCB,48,13,1000,372.0,372000.0
2017-06-28,201706284933690,NCCB,48,14,400,372.0,148800.0
2017-06-28,201706284933689,NCCB,48,25,30,372.0,11160.0
2017-06-28,201706284933425,NCCB,48,26,150,370.0,55500.0
2017-06-28,201706284933812,NCCB,55,19,100,372.0,37200.0
2017-06-28,201706284933766,NCCB,55,50,100,372.0,37200.0
2017-06-28,201706284933762,NCCB,55,29,475,372.0,176700.0
2017-06-28,201706284933760,NCCB,38,48,200,371.0,74200.0
2017-06-28,201706284933725,NCCB,48,29,525,372.0,195300.0
2017-06-28,201706284933707,NCCB,48,14,300,372.0,111600.0
2017-06-28,201706284933698,NEF,14,48,966,9.81,9476.46
2017-06-28,201706284933430,NEF,14,41,821,9.81,8054.01
2017-06-28,201706284933745,NGPL,53,20,10,276.0,2760.0
2017-06-28,201706284933721,NGPL,53,20,10,276.0,2760.0
2017-06-28,201706284933710,NGPL,53,20,10,276.0,2760.0
2017-06-28,201706284933831,NIB,50,20,32,744.0,23808.0
2017-06-28,201706284933803,NIB,56,56,32,745.0,23840.0
2017-06-28,201706284933780,NIB,50,20,32,744.0,23808.0
2017-06-28,201706284933754,NIB,50,44,77,744.0,57288.0
2017-06-28,201706284933753,NIB,56,56,32,743.0,23776.0
2017-06-28,201706284933716,NIB,39,11,80,742.0,59360.0
2017-06-28,201706284933712,NIB,39,44,59,744.0,43896.0
2017-06-28,201706284933711,NIB,34,44,18,744.0,13392.0
2017-06-28,201706284933567,NIB,39,33,32,744.0,23808.0
2017-06-28,201706284933556,NIB,39,20,32,743.0,23776.0
2017-06-28,201706284933508,NIB,39,20,32,743.0,23776.0
2017-06-28,201706284933489,NIB,34,20,32,744.0,23808.0
2017-06-28,201706284933842,NIBPO,44,42,1000,624.0,624000.0
2017-06-28,201706284933841,NIBPO,52,42,200,625.0,125000.0
2017-06-28,201706284933522,NIBPO,52,42,100,626.0,62600.0
2017-06-28,201706284933492,NIBPO,40,42,50,626.0,31300.0
2017-06-28,201706284933861,NICA,17,47,200,436.0,87200.0
2017-06-28,201706284933549,NICA,40,34,30,436.0,13080.0
2017-06-28,201706284933869,NICL,45,5,100,1448.0,144800.0
2017-06-28,201706284933770,NICL,41,29,50,1448.0,72400.0
2017-06-28,201706284933769,NICL,41,56,50,1447.0,72350.0
2017-06-28,201706284933573,NICL,33,35,100,1447.0,144700.0
2017-06-28,201706284933901,NIL,36,40,134,984.0,131856.0
2017-06-28,201706284933900,NIL,36,50,100,980.0,98000.0
2017-06-28,201706284933899,NIL,36,59,630,979.0,616770.0
2017-06-28,201706284933898,NIL,36,18,240,975.0,234000.0
2017-06-28,201706284933897,NIL,36,44,68,975.0,66300.0
2017-06-28,201706284933896,NIL,36,58,428,974.0,416872.0
2017-06-28,201706284933714,NIL,1,58,20,974.0,19480.0
2017-06-28,201706284933438,NIL,14,44,12,975.0,11700.0
2017-06-28,201706284933488,NLBBL,6,43,100,1270.0,127000.0
2017-06-28,201706284933856,NLIC,54,58,100,2045.0,204500.0
2017-06-28,201706284933855,NLIC,25,58,20,2045.0,40900.0
2017-06-28,201706284933854,NLIC,33,58,50,2046.0,102300.0
2017-06-28,201706284933853,NLIC,34,58,68,2046.0,139128.0
2017-06-28,201706284933846,NLIC,34,58,32,2046.0,65472.0
2017-06-28,201706284933845,NLIC,7,58,38,2046.0,77748.0
2017-06-28,201706284933631,NLIC,51,17,75,2049.0,153675.0
2017-06-28,201706284933592,NLIC,25,22,10,2047.0,20470.0
2017-06-28,201706284933520,NLIC,41,41,10,2048.0,20480.0
2017-06-28,201706284933512,NLIC,29,16,69,2048.0,141312.0
2017-06-28,201706284933844,NLIC,22,58,21,2047.0,42987.0
2017-06-28,201706284933843,NLIC,33,58,25,2049.0,51225.0
2017-06-28,201706284933815,NLIC,34,56,5,2050.0,10250.0
2017-06-28,201706284933739,NLIC,33,17,425,2049.0,870825.0
2017-06-28,201706284933738,NLIC,33,53,50,2048.0,102400.0
2017-06-28,201706284933695,NLIC,25,53,13,2047.0,26611.0
2017-06-28,201706284933887,NMB,13,58,200,540.0,108000.0
2017-06-28,201706284933838,NMB,36,40,100,538.0,53800.0
2017-06-28,201706284933837,NMB,50,40,200,538.0,107600.0
2017-06-28,201706284933836,NMB,13,40,100,539.0,53900.0
2017-06-28,201706284933761,NMB,54,58,19,540.0,10260.0
2017-06-28,201706284933479,NMBHF1,45,6,1040,9.81,10202.4
2017-06-28,201706284933829,NMBMF,49,28,29,2700.0,78300.0
2017-06-28,201706284933828,NMBMF,49,28,188,2700.0,507600.0
2017-06-28,201706284933827,NMBMF,49,28,183,2702.0,494466.0
2017-06-28,201706284933729,NMBMF,49,29,17,2702.0,45934.0
2017-06-28,201706284933687,NMBMF,49,58,12,2700.0,32400.0
2017-06-28,201706284933686,NMBMF,36,58,138,2701.0,372738.0
2017-06-28,201706284933636,NMBMF,36,41,16,2701.0,43216.0
2017-06-28,201706284933635,NMBMF,36,56,14,2701.0,37814.0
2017-06-28,201706284933633,NMBMF,36,41,16,2701.0,43216.0
2017-06-28,201706284933632,NMBMF,36,41,16,2701.0,43216.0
2017-06-28,201706284933630,NMBMF,43,41,16,2702.0,43232.0
2017-06-28,201706284933643,NTC,43,6,200,662.0,132400.0
2017-06-28,201706284933775,NUBL,5,5,90,1951.0,175590.0
2017-06-28,201706284933774,NUBL,34,5,100,1952.0,195200.0
2017-06-28,201706284933773,NUBL,21,5,10,1953.0,19530.0
2017-06-28,201706284933889,PCBL,49,29,70,408.0,28560.0
2017-06-28,201706284933792,PCBL,49,25,60,408.0,24480.0
2017-06-28,201706284933577,PCBL,21,22,177,409.0,72393.0
2017-06-28,201706284933525,PCBL,49,22,300,408.0,122400.0
2017-06-28,201706284933487,PCBL,49,1,100,408.0,40800.0
2017-06-28,201706284933440,PCBL,42,22,20,409.0,8180.0
2017-06-28,201706284933884,PIC,52,13,50,1642.0,82100.0
2017-06-28,201706284933616,PICL,38,55,200,1410.0,282000.0
2017-06-28,201706284933615,PICL,25,55,20,1412.0,28240.0
2017-06-28,201706284933614,PICL,21,55,150,1413.0,211950.0
2017-06-28,201706284933613,PICL,46,55,100,1415.0,141500.0
2017-06-28,201706284933472,PICL,38,55,50,1425.0,71250.0
2017-06-28,201706284933817,PLIC,17,52,13,2560.0,33280.0
2017-06-28,201706284933813,PLIC,17,58,79,2560.0,202240.0
2017-06-28,201706284933713,PLIC,33,58,50,2560.0,128000.0
2017-06-28,201706284933674,PLIC,46,58,60,2560.0,153600.0
2017-06-28,201706284933673,PLIC,46,39,40,2560.0,102400.0
2017-06-28,201706284933510,PLIC,36,58,11,2560.0,28160.0
2017-06-28,201706284933509,PLIC,36,25,69,2560.0,176640.0
2017-06-28,201706284933494,PRIN,37,20,90,1020.0,91800.0
2017-06-28,201706284933491,PRIN,21,13,100,1018.0,101800.0
2017-06-28,201706284933453,PRIN,54,20,100,1020.0,102000.0
2017-06-28,201706284933452,PRIN,37,20,10,1020.0,10200.0
2017-06-28,201706284933451,PRIN,49,20,100,1023.0,102300.0
2017-06-28,201706284933450,PRIN,33,20,100,1024.0,102400.0
2017-06-28,201706284933726,PRVU,51,14,100,399.0,39900.0
2017-06-28,201706284933666,PRVU,19,16,80,400.0,32000.0
2017-06-28,201706284933542,PRVU,40,16,77,400.0,30800.0
2017-06-28,201706284933541,PRVU,40,33,173,400.0,69200.0
2017-06-28,201706284933484,PRVU,8,48,126,399.0,50274.0
2017-06-28,201706284933483,PRVU,56,48,100,399.0,39900.0
2017-06-28,201706284933482,PRVU,48,48,500,399.0,199500.0
2017-06-28,201706284933481,PRVU,42,48,150,399.0,59850.0
2017-06-28,201706284933480,PRVU,33,48,174,399.0,69426.0
2017-06-28,201706284933478,PRVU,41,33,10,400.0,4000.0
2017-06-28,201706284933603,RBCL,34,57,25,13700.0,342500.0
2017-06-28,201706284933571,RBCL,16,57,25,13700.0,342500.0
2017-06-28,201706284933744,RLFL,18,40,1000,212.0,212000.0
2017-06-28,201706284933879,RSDC,53,16,17,2926.0,49742.0
2017-06-28,201706284933469,RSDC,26,50,10,2924.0,29240.0
2017-06-28,201706284933468,RSDC,38,50,10,2930.0,29300.0
2017-06-28,201706284933465,RSDC,35,42,10,2938.0,29380.0
2017-06-28,201706284933464,RSDC,35,42,10,2938.0,29380.0
2017-06-28,201706284933463,RSDC,35,42,10,2938.0,29380.0
2017-06-28,201706284933462,RSDC,35,42,10,2938.0,29380.0
2017-06-28,201706284933461,RSDC,35,42,10,2938.0,29380.0
2017-06-28,201706284933895,SANIMA,45,13,20,424.0,8480.0
2017-06-28,201706284933852,SANIMA,34,52,105,422.0,44310.0
2017-06-28,201706284933851,SANIMA,21,52,470,422.0,198340.0
2017-06-28,201706284933778,SANIMA,21,28,30,422.0,12660.0
2017-06-28,201706284933777,SANIMA,44,28,100,422.0,42200.0
2017-06-28,201706284933776,SANIMA,45,28,30,423.0,12690.0
2017-06-28,201706284933604,SANIMA,41,28,240,425.0,102000.0
2017-06-28,201706284933566,SANIMA,42,28,100,425.0,42500.0
2017-06-28,201706284933617,SBBLJ,37,37,500,353.0,176500.0
2017-06-28,201706284933809,SBL,10,17,10,475.0,4750.0
2017-06-28,201706284933808,SBL,10,32,128,474.0,60672.0
2017-06-28,201706284933797,SBL,38,32,100,474.0,47400.0
2017-06-28,201706284933783,SBL,38,32,100,474.0,47400.0
2017-06-28,201706284933765,SBL,38,32,100,474.0,47400.0
2017-06-28,201706284933756,SBL,38,32,100,474.0,47400.0
2017-06-28,201706284933437,SBL,29,40,100,474.0,47400.0
2017-06-28,201706284933554,SBL,19,17,200,475.0,95000.0
2017-06-28,201706284933507,SBL,10,17,100,475.0,47500.0
2017-06-28,201706284933493,SBL,38,17,200,475.0,95000.0
2017-06-28,201706284933490,SBL,10,17,100,475.0,47500.0
2017-06-28,201706284933486,SBL,38,17,100,475.0,47500.0
2017-06-28,201706284933441,SBL,10,40,39,474.0,18486.0
2017-06-28,201706284933743,SBL,37,32,100,474.0,47400.0
2017-06-28,201706284933742,SBL,58,32,20,474.0,9480.0
2017-06-28,201706284933741,SBL,58,32,200,474.0,94800.0
2017-06-28,201706284933740,SBL,34,32,20,474.0,9480.0
2017-06-28,201706284933581,SBL,17,42,100,476.0,47600.0
2017-06-28,201706284933576,SBL,10,17,300,475.0,142500.0
2017-06-28,201706284933839,SCB,25,20,10,2295.0,22950.0
2017-06-28,201706284933787,SCB,25,20,10,2295.0,22950.0
2017-06-28,201706284933758,SCB,25,16,10,2295.0,22950.0
2017-06-28,201706284933732,SCB,25,16,10,2295.0,22950.0
2017-06-28,201706284933724,SCB,10,16,10,2294.0,22940.0
2017-06-28,201706284933715,SCB,41,16,10,2295.0,22950.0
2017-06-28,201706284933427,SCB,58,43,17,2297.0,39049.0
2017-06-28,201706284933545,SCB,42,20,10,2295.0,22950.0
2017-06-28,201706284933524,SCB,6,20,10,2297.0,22970.0
2017-06-28,201706284933513,SCB,6,43,33,2297.0,75801.0
2017-06-28,201706284933511,SCB,6,43,50,2297.0,114850.0
2017-06-28,201706284933439,SCB,41,41,10,2296.0,22960.0
2017-06-28,201706284933703,SCB,41,16,10,2295.0,22950.0
2017-06-28,201706284933677,SCB,41,16,10,2295.0,22950.0
2017-06-28,201706284933672,SCB,41,16,10,2295.0,22950.0
2017-06-28,201706284933602,SCB,41,59,10,2298.0,22980.0
2017-06-28,201706284933594,SCB,41,20,10,2295.0,22950.0
2017-06-28,201706284933579,SCB,42,20,10,2295.0,22950.0
2017-06-28,201706284933446,SHINE,25,37,69,408.0,28152.0
2017-06-28,201706284933702,SHINE,25,11,49,408.0,19992.0
2017-06-28,201706284933569,SHL,10,10,500,361.0,180500.0
2017-06-28,201706284933568,SHL,10,59,1000,359.0,359000.0
2017-06-28,201706284933553,SHL,10,11,150,358.0,53700.0
2017-06-28,201706284933552,SHL,10,16,1000,358.0,358000.0
2017-06-28,201706284933825,SHPC,45,58,10,1180.0,11800.0
2017-06-28,201706284933694,SHPC,47,17,10,1162.0,11620.0
2017-06-28,201706284933835,SIC,46,16,200,1400.0,280000.0
2017-06-28,201706284933641,SIC,46,16,690,1410.0,972900.0
2017-06-28,201706284933640,SIC,25,16,100,1411.0,141100.0
2017-06-28,201706284933639,SIC,33,16,50,1415.0,70750.0
2017-06-28,201706284933768,SICL,48,48,79,1885.0,148915.0
2017-06-28,201706284933767,SICL,44,48,20,1886.0,37720.0
2017-06-28,201706284933470,SICL,16,7,93,1890.0,175770.0
2017-06-28,201706284933788,SIFC,25,46,23,374.0,8602.0
2017-06-28,201706284933668,SIL,21,34,400,1459.0,583600.0
2017-06-28,201706284933667,SIL,21,58,100,1455.0,145500.0
2017-06-28,201706284933903,SKBBL,57,47,75,1529.0,114675.0
2017-06-28,201706284933902,SKBBL,57,13,100,1525.0,152500.0
2017-06-28,201706284933595,SLICL,55,13,50,1040.0,52000.0
2017-06-28,201706284933551,SLICL,55,55,104,1040.0,108160.0
2017-06-28,201706284933550,SLICL,17,55,50,1041.0,52050.0
2017-06-28,201706284933448,SMFDB,49,16,270,2990.0,807300.0
2017-06-28,201706284933840,SPDL,5,55,15,253.0,3795.0
2017-06-28,201706284933575,SPDL,5,55,15,253.0,3795.0
2017-06-28,201706284933570,SPDL,5,55,15,253.0,3795.0
2017-06-28,201706284933526,SPDL,5,55,15,253.0,3795.0
2017-06-28,201706284933477,SPDL,56,56,15,254.0,3810.0
2017-06-28,201706284933474,SPDL,5,19,18,253.0,4554.0
2017-06-28,201706284933442,SPDL,5,55,15,253.0,3795.0
2017-06-28,201706284933434,SPDL,5,55,15,253.0,3795.0
2017-06-28,201706284933421,SPDL,5,55,15,253.0,3795.0
2017-06-28,201706284933824,SRBL,43,32,179,375.0,67125.0
2017-06-28,201706284933823,SRBL,42,32,50,375.0,18750.0
2017-06-28,201706284933822,SRBL,42,32,11,375.0,4125.0
2017-06-28,201706284933782,SRBL,10,32,300,376.0,112800.0
2017-06-28,201706284933781,SRBL,28,32,100,376.0,37600.0
2017-06-28,201706284933653,SRBL,10,51,420,377.0,158340.0
2017-06-28,201706284933652,SRBL,10,11,174,377.0,65598.0
2017-06-28,201706284933651,SRBL,10,34,50,377.0,18850.0
2017-06-28,201706284933688,UMHL,6,20,14,359.0,5026.0
2017-06-28,201706284933611,UMHL,6,29,34,359.0,12206.0
2017-06-28,201706284933888,VLBS,34,29,10,1448.0,14480.0
2017-06-28,201706284933419,WOMI,18,18,36,1985.0,71460.0
2017-06-28,201706284933335,ADBL,17,41,180,426.0,76680.0
2017-06-28,201706284933241,ADBL,36,59,100,428.0,42800.0
2017-06-28,201706284933192,ADBL,5,41,700,424.0,296800.0
2017-06-28,201706284933018,ADBL,36,59,202,425.0,85850.0
2017-06-28,201706284932978,ADBL,36,13,198,425.0,84150.0
2017-06-28,201706284933229,AHPC,25,13,50,268.0,13400.0
2017-06-28,201706284933395,AKPL,45,52,225,421.0,94725.0
2017-06-28,201706284933259,AKPL,45,40,10,421.0,4210.0
2017-06-28,201706284933248,AKPL,45,40,10,421.0,4210.0
2017-06-28,201706284933221,AKPL,59,59,10,422.0,4220.0
2017-06-28,201706284932966,AKPL,45,17,13,421.0,5473.0
2017-06-28,201706284932916,ALICL,36,41,20,1481.0,29620.0
2017-06-28,201706284933223,API,1,58,16,549.0,8784.0
2017-06-28,201706284933208,API,1,58,16,549.0,8784.0
2017-06-28,201706284933195,API,1,58,16,549.0,8784.0
2017-06-28,201706284933184,API,1,58,16,549.0,8784.0
2017-06-28,201706284933167,API,1,58,16,549.0,8784.0
2017-06-28,201706284933162,API,1,58,16,549.0,8784.0
2017-06-28,201706284933099,API,5,58,16,550.0,8800.0
2017-06-28,201706284933088,API,5,58,16,550.0,8800.0
2017-06-28,201706284933081,API,5,58,16,550.0,8800.0
2017-06-28,201706284932993,API,5,45,10,550.0,5500.0
2017-06-28,201706284933148,API,5,58,16,550.0,8800.0
2017-06-28,201706284933136,API,5,36,50,550.0,27500.0
2017-06-28,201706284933130,API,5,58,16,550.0,8800.0
2017-06-28,201706284933115,API,5,58,16,550.0,8800.0
2017-06-28,201706284933108,API,5,58,16,550.0,8800.0
2017-06-28,201706284933106,API,5,58,16,550.0,8800.0
2017-06-28,201706284933312,BARUN,10,6,10,261.0,2610.0
2017-06-28,201706284933209,BARUN,10,6,10,261.0,2610.0
2017-06-28,201706284933169,BOKL,49,35,300,457.0,137100.0
2017-06-28,201706284933168,BOKL,49,43,400,457.0,182800.0
2017-06-28,201706284933071,BOKL,8,43,100,457.0,45700.0
2017-06-28,201706284932960,BOKL,49,48,330,456.0,150480.0
2017-06-28,201706284933278,BPCL,56,26,500,635.0,317500.0
2017-06-28,201706284933277,BPCL,43,26,200,636.0,127200.0
2017-06-28,201706284933276,BPCL,57,26,200,640.0,128000.0
2017-06-28,201706284932922,BPCL,13,26,1000,641.0,641000.0
2017-06-28,201706284933186,CBBL,17,22,30,1530.0,45900.0
2017-06-28,201706284933185,CBBL,26,22,50,1535.0,76750.0
2017-06-28,201706284933103,CBL,10,49,100,239.0,23900.0
2017-06-28,201706284932949,CBL,10,48,400,239.0,95600.0
2017-06-28,201706284932948,CBL,41,48,100,239.0,23900.0
2017-06-28,201706284933330,CCBL,53,14,131,365.0,47815.0
2017-06-28,201706284933210,CCBL,49,58,30,366.0,10980.0
2017-06-28,201706284933315,CFCL,28,26,227,169.0,38363.0
2017-06-28,201706284933269,CFCL,42,34,200,170.0,34000.0
2017-06-28,201706284933268,CFCL,25,34,100,170.0,17000.0
2017-06-28,201706284932998,CFCL,19,26,500,171.0,85500.0
2017-06-28,201706284933102,CHCL,47,59,100,815.0,81500.0
2017-06-28,201706284933093,CHCL,47,41,34,814.0,27676.0
2017-06-28,201706284933083,CHCL,47,38,100,813.0,81300.0
2017-06-28,201706284933076,CHCL,47,58,450,809.0,364050.0
2017-06-28,201706284933070,CHCL,47,10,122,808.0,98576.0
2017-06-28,201706284932950,CHCL,47,47,1,805.0,805.0
2017-06-28,201706284932956,CZBIL,34,40,450,379.0,170550.0
2017-06-28,201706284933121,DDBL,34,14,350,1288.0,450800.0
2017-06-28,201706284933120,DDBL,43,14,120,1289.0,154680.0
2017-06-28,201706284933119,DDBL,44,14,50,1290.0,64500.0
2017-06-28,201706284933118,DDBL,44,14,50,1290.0,64500.0
2017-06-28,201706284933075,DDBL,5,18,150,1295.0,194250.0
2017-06-28,201706284933023,DDBL,5,11,50,1295.0,64750.0
2017-06-28,201706284933339,EBL,11,45,50,1370.0,68500.0
2017-06-28,201706284933338,EBL,51,45,10,1375.0,13750.0
2017-06-28,201706284933261,EBL,14,4,60,1376.0,82560.0
2017-06-28,201706284932959,EBL,46,5,20,1380.0,27600.0
2017-06-28,201706284932926,EBL,35,33,18,1380.0,24840.0
2017-06-28,201706284932907,EBL,35,20,41,1380.0,56580.0
2017-06-28,201706284933233,EBL,14,4,40,1376.0,55040.0
2017-06-28,201706284933232,EBL,40,4,60,1380.0,82800.0
2017-06-28,201706284933231,EBL,46,4,10,1380.0,13800.0
2017-06-28,201706284933212,EBL,55,40,20,1383.0,27660.0
2017-06-28,201706284933157,EBL,46,33,10,1380.0,13800.0
2017-06-28,201706284933110,EBLCP,48,14,20,990.0,19800.0
2017-06-28,201706284933230,EDBL,17,17,3,642.0,1926.0
2017-06-28,201706284932913,FMDBL,41,41,50,1007.0,50350.0
2017-06-28,201706284933164,FOWAD,48,48,3,1864.0,5592.0
2017-06-28,201706284933053,FOWAD,36,36,10,1828.0,18280.0
2017-06-28,201706284933399,GBIME,10,19,40,385.0,15400.0
2017-06-28,201706284933398,GBIME,10,11,82,385.0,31570.0
2017-06-28,201706284933397,GBIME,10,50,100,382.0,38200.0
2017-06-28,201706284933394,GBIME,44,43,200,380.0,76000.0
2017-06-28,201706284933337,GBIME,5,43,286,381.0,108966.0
2017-06-28,201706284933336,GBIME,5,25,350,381.0,133350.0
2017-06-28,201706284933173,GBIME,36,43,100,381.0,38100.0
2017-06-28,201706284933172,GBIME,49,45,1094,379.0,414626.0
2017-06-28,201706284933160,GBIME,17,1,15,380.0,5700.0
2017-06-28,201706284933279,GLICL,59,41,100,1020.0,102000.0
2017-06-28,201706284933098,HAMRO,51,25,400,234.0,93600.0
2017-06-28,201706284933217,HBL,7,16,49,890.0,43610.0
2017-06-28,201706284933019,HBL,37,37,100,895.0,89500.0
2017-06-28,201706284933378,HGI,22,1,120,1675.0,201000.0
2017-06-28,201706284933377,HGI,41,53,30,1673.0,50190.0
2017-06-28,201706284933376,HGI,47,53,200,1673.0,334600.0
2017-06-28,201706284933375,HGI,45,53,100,1674.0,167400.0
2017-06-28,201706284933374,HGI,41,53,15,1675.0,25125.0
2017-06-28,201706284933373,HGI,6,53,50,1675.0,83750.0
2017-06-28,201706284932937,HGI,45,25,100,1675.0,167500.0
2017-06-28,201706284933062,HGI,22,7,100,1674.0,167400.0
2017-06-28,201706284933061,HGI,33,7,80,1674.0,133920.0
2017-06-28,201706284933060,HGI,46,32,30,1675.0,50250.0
2017-06-28,201706284933059,HGI,46,32,100,1675.0,167500.0
2017-06-28,201706284933058,HGI,49,32,30,1677.0,50310.0
2017-06-28,201706284932938,HGI,33,25,420,1674.0,703080.0
2017-06-28,201706284933105,HGI,20,21,12,1673.0,20076.0
2017-06-28,201706284933079,HGI,20,32,241,1673.0,403193.0
2017-06-28,201706284933077,HGI,20,7,15,1673.0,25095.0
2017-06-28,201706284933065,HGI,20,7,430,1673.0,719390.0
2017-06-28,201706284933064,HGI,37,7,20,1673.0,33460.0
2017-06-28,201706284933063,HGI,36,7,200,1674.0,334800.0
2017-06-28,201706284933299,HGI,10,55,20,1677.0,33540.0
2017-06-28,201706284933297,HGI,45,42,24,1675.0,40200.0
2017-06-28,201706284933194,HGI,42,47,50,1675.0,83750.0
2017-06-28,201706284933159,HGI,40,42,40,1672.0,66880.0
2017-06-28,201706284933156,HGI,52,50,98,1673.0,163954.0
2017-06-28,201706284933129,HGI,20,50,402,1673.0,672546.0
2017-06-28,201706284933372,HGI,42,53,50,1675.0,83750.0
2017-06-28,201706284933371,HGI,1,53,50,1675.0,83750.0
2017-06-28,201706284933370,HGI,40,53,86,1675.0,144050.0
2017-06-28,201706284933311,HGI,40,55,34,1674.0,56916.0
2017-06-28,201706284933307,HGI,1,55,50,1674.0,83700.0
2017-06-28,201706284933306,HGI,45,55,16,1675.0,26800.0
2017-06-28,201706284933329,HIDCL,37,25,29,195.0,5655.0
2017-06-28,201706284933328,HIDCL,37,25,29,195.0,5655.0
2017-06-28,201706284933327,HIDCL,37,25,29,195.0,5655.0
2017-06-28,201706284933190,HIDCL,37,39,29,195.0,5655.0
2017-06-28,201706284933181,HIDCL,26,39,27,198.0,5346.0
2017-06-28,201706284933055,HIDCL,37,51,64,195.0,12480.0
2017-06-28,201706284933258,ICFC,26,28,1000,278.0,278000.0
2017-06-28,201706284933066,ICFC,55,28,30,281.0,8430.0
2017-06-28,201706284932941,ICFC,20,55,300,280.0,84000.0
2017-06-28,201706284933368,JBNL,6,56,225,265.0,59625.0
2017-06-28,201706284933367,JBNL,36,56,13,266.0,3458.0
2017-06-28,201706284933361,JBNL,36,36,13,266.0,3458.0
2017-06-28,201706284933342,JBNL,36,36,13,266.0,3458.0
2017-06-28,201706284933086,JBNL,6,14,675,265.0,178875.0
2017-06-28,201706284933082,JBNL,17,21,50,264.0,13200.0
2017-06-28,201706284932972,JBNL,50,56,500,265.0,132500.0
2017-06-28,201706284932971,JBNL,42,56,100,265.0,26500.0
2017-06-28,201706284932970,JBNL,37,56,100,265.0,26500.0
2017-06-28,201706284932969,JBNL,37,56,100,265.0,26500.0
2017-06-28,201706284932968,JBNL,37,56,124,265.0,32860.0
2017-06-28,201706284933014,JBNL,33,14,75,265.0,19875.0
2017-06-28,201706284932999,JBNL,33,14,149,265.0,39485.0
2017-06-28,201706284932976,JBNL,33,56,776,265.0,205640.0
2017-06-28,201706284932975,JBNL,58,56,50,265.0,13250.0
2017-06-28,201706284932974,JBNL,42,56,200,265.0,53000.0
2017-06-28,201706284932973,JBNL,32,56,50,265.0,13250.0
2017-06-28,201706284932906,JFL,28,11,500,253.0,126500.0
2017-06-28,201706284932905,JFL,17,11,100,253.0,25300.0
2017-06-28,201706284933305,KBBL,32,1,311,322.0,100142.0
2017-06-28,201706284933304,KBBL,52,1,150,322.0,48300.0
2017-06-28,201706284933303,KBBL,34,1,118,323.0,38114.0
2017-06-28,201706284933143,KBBL,43,1,60,325.0,19500.0
2017-06-28,201706284932943,KBBL,34,1,50,325.0,16250.0
2017-06-28,201706284933309,KBL,36,13,268,324.0,86832.0
2017-06-28,201706284933308,KBL,54,13,82,324.0,26568.0
2017-06-28,201706284933245,KBL,36,1,181,324.0,58644.0
2017-06-28,201706284933222,KBL,42,14,20,325.0,6500.0
2017-06-28,201706284933200,KBL,36,14,100,325.0,32500.0
2017-06-28,201706284933072,KBL,26,14,77,325.0,25025.0
2017-06-28,201706284933013,KBL,26,26,423,325.0,137475.0
2017-06-28,201706284933012,KBL,37,26,100,325.0,32500.0
2017-06-28,201706284933191,KKHC,50,1,10,207.0,2070.0
2017-06-28,201706284933187,KKHC,50,1,10,207.0,2070.0
2017-06-28,201706284932955,KKHC,1,17,10,208.0,2080.0
2017-06-28,201706284932940,KKHC,50,17,16,210.0,3360.0
2017-06-28,201706284933310,KNBL,26,34,20,557.0,11140.0
2017-06-28,201706284933348,LBL,45,22,100,394.0,39400.0
2017-06-28,201706284933295,LBL,45,53,150,394.0,59100.0
2017-06-28,201706284933294,LBL,45,53,500,394.0,197000.0
2017-06-28,201706284933293,LBL,6,53,50,394.0,19700.0
2017-06-28,201706284933292,LBL,14,53,300,395.0,118500.0
2017-06-28,201706284933199,LBL,56,16,50,395.0,19750.0
2017-06-28,201706284933198,LBL,34,16,150,395.0,59250.0
2017-06-28,201706284933197,LBL,8,16,100,395.0,39500.0
2017-06-28,201706284933196,LBL,37,16,200,395.0,79000.0
2017-06-28,201706284933347,LGIL,53,1,10,970.0,9700.0
2017-06-28,201706284933267,LGIL,18,1,174,970.0,168780.0
2017-06-28,201706284933266,LGIL,18,6,100,970.0,97000.0
2017-06-28,201706284933265,LGIL,18,22,26,970.0,25220.0
2017-06-28,201706284933213,LGIL,17,41,89,965.0,85885.0
2017-06-28,201706284933122,LGIL,54,22,30,970.0,29100.0
2017-06-28,201706284933054,LGIL,45,22,44,970.0,42680.0
2017-06-28,201706284933022,LGIL,45,28,70,970.0,67900.0
2017-06-28,201706284933021,LGIL,45,42,100,970.0,97000.0
2017-06-28,201706284933020,LGIL,45,22,186,969.0,180234.0
2017-06-28,201706284932986,LGIL,57,22,14,969.0,13566.0
2017-06-28,201706284932921,LGIL,41,41,18,966.0,17388.0
2017-06-28,201706284933326,LICN,37,28,250,2001.0,500250.0
2017-06-28,201706284933320,LICN,38,28,100,2005.0,200500.0
2017-06-28,201706284933319,LICN,22,28,100,2006.0,200600.0
2017-06-28,201706284933404,MBL,5,25,150,358.0,53700.0
2017-06-28,201706284933316,MBL,5,51,150,358.0,53700.0
2017-06-28,201706284933301,MBL,51,51,100,358.0,35800.0
2017-06-28,201706284933203,MBL,11,16,50,356.0,17800.0
2017-06-28,201706284933202,MBL,53,16,150,356.0,53400.0
2017-06-28,201706284933166,MBL,13,53,25,357.0,8925.0
2017-06-28,201706284933092,MBL,26,53,100,357.0,35700.0
2017-06-28,201706284933091,MBL,48,53,100,357.0,35700.0
2017-06-28,201706284933090,MBL,52,53,75,358.0,26850.0
2017-06-28,201706284933068,MBL,52,1,40,358.0,14320.0
2017-06-28,201706284932954,MBL,52,13,150,358.0,53700.0
2017-06-28,201706284933109,MERO,45,50,1,2255.0,2255.0
2017-06-28,201706284933403,MFIL,58,48,110,155.0,17050.0
2017-06-28,201706284933402,MFIL,39,48,68,155.0,10540.0
2017-06-28,201706284933401,MFIL,34,48,100,157.0,15700.0
2017-06-28,201706284933274,MNBBL,56,13,206,946.0,194876.0
2017-06-28,201706284933273,MNBBL,14,13,50,946.0,47300.0
2017-06-28,201706284933272,MNBBL,14,13,50,946.0,47300.0
2017-06-28,201706284933262,MNBBL,56,58,41,948.0,38868.0
2017-06-28,201706284933260,MNBBL,13,47,300,948.0,284400.0
2017-06-28,201706284933244,MNBBL,35,58,224,948.0,212352.0
2017-06-28,201706284932977,MNBBL,34,58,20,948.0,18960.0
2017-06-28,201706284932963,MNBBL,45,14,91,948.0,86268.0
2017-06-28,201706284933364,NABIL,21,18,30,1495.0,44850.0
2017-06-28,201706284933183,NABIL,42,34,35,1495.0,52325.0
2017-06-28,201706284933087,NABIL,8,53,100,1499.0,149900.0
2017-06-28,201706284932953,NABIL,49,25,145,1495.0,216775.0
2017-06-28,201706284932914,NABIL,37,53,100,1499.0,149900.0
2017-06-28,201706284933002,NABILP,43,1,52,1076.0,55952.0
2017-06-28,201706284933001,NABILP,43,1,48,1076.0,51648.0
2017-06-28,201706284933089,NABILP,39,42,500,1076.0,538000.0
2017-06-28,201706284933170,NBB,45,51,100,395.0,39500.0
2017-06-28,201706284933165,NBB,45,51,30,395.0,11850.0
2017-06-28,201706284933152,NBB,45,51,30,395.0,11850.0
2017-06-28,201706284933142,NBB,35,51,100,395.0,39500.0
2017-06-28,201706284933139,NBB,35,51,30,395.0,11850.0
2017-06-28,201706284933011,NBB,47,51,40,395.0,15800.0
2017-06-28,201706284933010,NBB,47,51,10,395.0,3950.0
2017-06-28,201706284933382,NBL,14,20,50,336.0,16800.0
2017-06-28,201706284933381,NBL,25,20,100,336.0,33600.0
2017-06-28,201706284933380,NBL,16,20,2500,336.0,840000.0
2017-06-28,201706284933379,NBL,48,20,10,336.0,3360.0
2017-06-28,201706284933356,NBL,48,20,240,336.0,80640.0
2017-06-28,201706284933355,NBL,42,20,200,336.0,67200.0
2017-06-28,201706284933127,NBL,13,20,200,336.0,67200.0
2017-06-28,201706284933126,NBL,53,20,50,336.0,16800.0
2017-06-28,201706284933052,NBL,34,21,200,337.0,67400.0
2017-06-28,201706284933051,NBL,42,21,500,337.0,168500.0
2017-06-28,201706284933050,NBL,17,21,200,338.0,67600.0
2017-06-28,201706284933049,NBL,6,21,100,338.0,33800.0
2017-06-28,201706284933354,NBL,35,20,150,336.0,50400.0
2017-06-28,201706284933353,NBL,14,20,110,336.0,36960.0
2017-06-28,201706284933352,NBL,34,20,100,337.0,33700.0
2017-06-28,201706284933351,NBL,1,20,100,337.0,33700.0
2017-06-28,201706284933188,NBL,36,20,100,339.0,33900.0
2017-06-28,201706284933128,NBL,14,20,890,336.0,299040.0
2017-06-28,201706284933318,NCCB,52,46,700,369.0,258300.0
2017-06-28,201706284933282,NCCB,51,14,100,370.0,37000.0
2017-06-28,201706284933243,NCCB,5,14,100,370.0,37000.0
2017-06-28,201706284933228,NCCB,40,14,500,369.0,184500.0
2017-06-28,201706284933211,NCCB,55,36,320,369.0,118080.0
2017-06-28,201706284933201,NCCB,56,14,100,370.0,37000.0
2017-06-28,201706284932957,NCCB,26,53,633,369.0,233577.0
2017-06-28,201706284932945,NCCB,8,8,9,369.0,3321.0
2017-06-28,201706284932939,NCCB,8,8,5,369.0,1845.0
2017-06-28,201706284933154,NCCB,1,14,100,370.0,37000.0
2017-06-28,201706284933133,NCCB,40,14,300,370.0,111000.0
2017-06-28,201706284933112,NCCB,55,14,51,370.0,18870.0
2017-06-28,201706284933111,NCCB,55,1,219,370.0,81030.0
2017-06-28,201706284933067,NCCB,5,14,75,370.0,27750.0
2017-06-28,201706284932958,NCCB,55,53,367,369.0,135423.0
2017-06-28,201706284933117,NGPL,41,41,10,281.0,2810.0
2017-06-28,201706284932982,NGPL,53,17,12,276.0,3312.0
2017-06-28,201706284933239,NIB,38,38,6,740.0,4440.0
2017-06-28,201706284933238,NIB,38,38,6,740.0,4440.0
2017-06-28,201706284933237,NIB,38,38,6,740.0,4440.0
2017-06-28,201706284933236,NIB,38,38,6,740.0,4440.0
2017-06-28,201706284933235,NIB,38,38,6,740.0,4440.0
2017-06-28,201706284933234,NIB,38,38,6,740.0,4440.0
2017-06-28,201706284932987,NIB,39,48,54,746.0,40284.0
2017-06-28,201706284932951,NIB,39,41,30,746.0,22380.0
2017-06-28,201706284933161,NIB,45,38,6,740.0,4440.0
2017-06-28,201706284932992,NIB,39,48,108,743.0,80244.0
2017-06-28,201706284932991,NIB,38,48,25,745.0,18625.0
2017-06-28,201706284932990,NIB,29,48,25,745.0,18625.0
2017-06-28,201706284932989,NIB,50,48,100,745.0,74500.0
2017-06-28,201706284932988,NIB,45,48,23,745.0,17135.0
2017-06-28,201706284933096,NIBPO,35,42,1000,625.0,625000.0
2017-06-28,201706284933095,NIBPO,10,42,100,625.0,62500.0
2017-06-28,201706284932942,NIBPO,37,34,200,629.0,125800.0
2017-06-28,201706284933275,NICA,51,49,100,437.0,43700.0
2017-06-28,201706284933206,NICA,49,49,252,437.0,110124.0
2017-06-28,201706284933189,NICA,50,49,100,437.0,43700.0
2017-06-28,201706284933138,NICA,42,49,50,437.0,21850.0
2017-06-28,201706284933137,NICA,49,49,200,437.0,87400.0
2017-06-28,201706284933078,NICL,44,42,94,1445.0,135830.0
2017-06-28,201706284933073,NICL,44,20,290,1445.0,419050.0
2017-06-28,201706284933016,NICL,44,10,166,1445.0,239870.0
2017-06-28,201706284932996,NICL,44,58,200,1445.0,289000.0
2017-06-28,201706284932995,NICL,6,58,100,1446.0,144600.0
2017-06-28,201706284933325,NIL,55,1,138,971.0,133998.0
2017-06-28,201706284933317,NIL,25,1,100,972.0,97200.0
2017-06-28,201706284933313,NIL,45,1,174,973.0,169302.0
2017-06-28,201706284933242,NIL,45,57,20,973.0,19460.0
2017-06-28,201706284933224,NIL,29,57,100,974.0,97400.0
2017-06-28,201706284933182,NIL,33,33,500,973.0,486500.0
2017-06-28,201706284933125,NIL,45,40,106,973.0,103138.0
2017-06-28,201706284933124,NIL,10,40,200,973.0,194600.0
2017-06-28,201706284933123,NIL,25,13,50,974.0,48700.0
2017-06-28,201706284933015,NIL,45,13,50,974.0,48700.0
2017-06-28,201706284932962,NIL,10,44,100,975.0,97500.0
2017-06-28,201706284932961,NIL,53,44,60,975.0,58500.0
2017-06-28,201706284933134,NLBBL,35,43,200,1279.0,255800.0
2017-06-28,201706284933104,NLBBL,45,25,50,1270.0,63500.0
2017-06-28,201706284933080,NLBBL,40,11,75,1278.0,95850.0
2017-06-28,201706284933383,NLIC,26,16,31,2048.0,63488.0
2017-06-28,201706284933280,NLIC,21,16,100,2048.0,204800.0
2017-06-28,201706284933220,NLIC,42,58,44,2050.0,90200.0
2017-06-28,201706284933219,NLIC,42,10,56,2050.0,114800.0
2017-06-28,201706284933132,NLIC,49,58,40,2050.0,82000.0
2017-06-28,201706284933074,NLIC,26,4,10,2050.0,20500.0
2017-06-28,201706284933069,NLIC,26,4,10,2050.0,20500.0
2017-06-28,201706284932985,NLIC,26,58,19,2047.0,38893.0
2017-06-28,201706284932984,NLIC,54,58,40,2048.0,81920.0
2017-06-28,201706284932917,NLIC,34,58,20,2050.0,41000.0
2017-06-28,201706284933393,NMB,54,58,81,540.0,43740.0
2017-06-28,201706284933392,NMB,56,58,100,540.0,54000.0
2017-06-28,201706284933391,NMB,41,58,300,540.0,162000.0
2017-06-28,201706284933390,NMB,42,58,100,540.0,54000.0
2017-06-28,201706284933389,NMB,8,58,100,540.0,54000.0
2017-06-28,201706284933388,NMB,1,58,219,541.0,118479.0
2017-06-28,201706284933387,NMB,38,58,300,541.0,162300.0
2017-06-28,201706284933386,NMB,25,58,100,541.0,54100.0
2017-06-28,201706284933008,NMB,13,32,400,542.0,216800.0
2017-06-28,201706284932920,NMB,25,54,16,541.0,8656.0
2017-06-28,201706284933225,NMBHF1,14,6,1040,9.81,10202.4
2017-06-28,201706284933085,NMBMF,35,6,3,2710.0,8130.0
2017-06-28,201706284933084,NMBMF,35,35,27,2728.0,73656.0
2017-06-28,201706284933163,NTC,18,3,100,663.0,66300.0
2017-06-28,201706284933114,NTC,43,3,1000,662.0,662000.0
2017-06-28,201706284933017,NTC,43,3,1000,662.0,662000.0
2017-06-28,201706284933300,PCBL,42,29,500,410.0,205000.0
2017-06-28,201706284933285,PCBL,49,34,332,408.0,135456.0
2017-06-28,201706284933284,PCBL,17,34,68,408.0,27744.0
2017-06-28,201706284933283,PCBL,26,34,100,409.0,40900.0
2017-06-28,201706284932952,PCBL,17,54,32,408.0,13056.0
2017-06-28,201706284933216,PIC,10,53,500,1643.0,821500.0
2017-06-28,201706284933215,PIC,10,53,500,1644.0,822000.0
2017-06-28,201706284933214,PIC,28,53,10,1650.0,16500.0
2017-06-28,201706284933151,PLIC,50,13,60,2550.0,153000.0
2017-06-28,201706284933150,PLIC,34,13,50,2552.0,127600.0
2017-06-28,201706284933149,PLIC,5,13,130,2552.0,331760.0
2017-06-28,201706284932944,PLIC,5,43,51,2552.0,130152.0
2017-06-28,201706284932925,PLIC,47,58,200,2555.0,511000.0
2017-06-28,201706284933171,PRIN,22,20,100,1030.0,103000.0
2017-06-28,201706284933359,PRVU,56,33,30,400.0,12000.0
2017-06-28,201706284933358,PRVU,59,33,37,400.0,14800.0
2017-06-28,201706284933357,PRVU,42,40,20,401.0,8020.0
2017-06-28,201706284933324,PRVU,59,40,163,400.0,65200.0
2017-06-28,201706284933323,PRVU,6,40,50,400.0,20000.0
2017-06-28,201706284933322,PRVU,53,40,24,400.0,9600.0
2017-06-28,201706284933321,PRVU,25,40,50,400.0,20000.0
2017-06-28,201706284933227,PRVU,6,11,200,400.0,80000.0
2017-06-28,201706284933205,PRVU,53,34,976,400.0,390400.0
2017-06-28,201706284933057,PRVU,25,49,50,400.0,20000.0
2017-06-28,201706284933056,PRVU,39,49,50,400.0,20000.0
2017-06-28,201706284933298,RSDC,25,25,14,2925.0,40950.0
2017-06-28,201706284933263,RSDC,38,33,10,2930.0,29300.0
2017-06-28,201706284933158,RSDC,59,59,10,2935.0,29350.0
2017-06-28,201706284933107,RSDC,26,16,95,2932.0,278540.0
2017-06-28,201706284932915,RSDC,37,44,100,2933.0,293300.0
2017-06-28,201706284933153,SANIMA,42,13,100,426.0,42600.0
2017-06-28,201706284933140,SANIMA,42,13,100,426.0,42600.0
2017-06-28,201706284933046,SANIMA,13,13,100,423.0,42300.0
2017-06-28,201706284933045,SANIMA,13,13,100,423.0,42300.0
2017-06-28,201706284933044,SANIMA,42,13,50,423.0,21150.0
2017-06-28,201706284933043,SANIMA,25,13,500,423.0,211500.0
2017-06-28,201706284933024,SANIMA,42,13,50,426.0,21300.0
2017-06-28,201706284932919,SANIMA,22,4,38,427.0,16226.0
2017-06-28,201706284932918,SANIMA,21,4,30,427.0,12810.0
2017-06-28,201706284933030,SANIMA,40,13,100,425.0,42500.0
2017-06-28,201706284933029,SANIMA,8,13,500,425.0,212500.0
2017-06-28,201706284933028,SANIMA,57,13,100,425.0,42500.0
2017-06-28,201706284933027,SANIMA,42,13,350,425.0,148750.0
2017-06-28,201706284933026,SANIMA,42,13,575,426.0,244950.0
2017-06-28,201706284933025,SANIMA,42,13,100,426.0,42600.0
2017-06-28,201706284933036,SANIMA,41,13,200,424.0,84800.0
2017-06-28,201706284933035,SANIMA,42,13,100,424.0,42400.0
2017-06-28,201706284933034,SANIMA,25,13,200,424.0,84800.0
2017-06-28,201706284933033,SANIMA,25,13,200,424.0,84800.0
2017-06-28,201706284933032,SANIMA,42,13,200,425.0,85000.0
2017-06-28,201706284933031,SANIMA,8,13,250,425.0,106250.0
2017-06-28,201706284933042,SANIMA,42,13,100,423.0,42300.0
2017-06-28,201706284933041,SANIMA,16,13,1500,423.0,634500.0
2017-06-28,201706284933040,SANIMA,1,13,100,423.0,42300.0
2017-06-28,201706284933039,SANIMA,50,13,100,423.0,42300.0
2017-06-28,201706284933038,SANIMA,55,13,300,423.0,126900.0
2017-06-28,201706284933037,SANIMA,38,13,3000,424.0,1272000.0
2017-06-28,201706284933007,SBI,29,45,64,925.0,59200.0
2017-06-28,201706284933006,SBI,58,45,50,925.0,46250.0
2017-06-28,201706284933005,SBI,45,45,100,926.0,92600.0
2017-06-28,201706284933004,SBI,10,45,150,927.0,139050.0
2017-06-28,201706284933003,SBI,42,45,50,928.0,46400.0
2017-06-28,201706284933384,SBL,1,40,161,474.0,76314.0
2017-06-28,201706284933366,SBL,10,40,100,475.0,47500.0
2017-06-28,201706284933365,SBL,51,40,100,475.0,47500.0
2017-06-28,201706284933363,SBL,38,42,100,476.0,47600.0
2017-06-28,201706284933281,SBL,1,57,139,474.0,65886.0
2017-06-28,201706284933180,SBL,45,42,100,475.0,47500.0
2017-06-28,201706284933113,SBL,8,42,100,479.0,47900.0
2017-06-28,201706284932964,SBL,34,42,50,479.0,23950.0
2017-06-28,201706284933179,SBL,11,42,50,475.0,23750.0
2017-06-28,201706284933178,SBL,20,42,220,475.0,104500.0
2017-06-28,201706284933177,SBL,11,42,200,476.0,95200.0
2017-06-28,201706284933176,SBL,34,42,100,476.0,47600.0
2017-06-28,201706284933175,SBL,57,42,100,477.0,47700.0
2017-06-28,201706284933174,SBL,21,42,30,478.0,14340.0
2017-06-28,201706284933362,SCB,42,38,10,2295.0,22950.0
2017-06-28,201706284933346,SCB,42,41,66,2295.0,151470.0
2017-06-28,201706284933345,SCB,1,41,35,2295.0,80325.0
2017-06-28,201706284933344,SCB,42,41,25,2295.0,57375.0
2017-06-28,201706284932965,SCB,59,59,10,2297.0,22970.0
2017-06-28,201706284933226,SCB,59,3,10,2298.0,22980.0
2017-06-28,201706284933193,SCB,59,59,10,2298.0,22980.0
2017-06-28,201706284933141,SCB,49,59,10,2298.0,22980.0
2017-06-28,201706284933135,SCB,45,40,120,2298.0,275760.0
2017-06-28,201706284933009,SCB,49,40,80,2298.0,183840.0
2017-06-28,201706284932967,SCB,29,58,108,2296.0,247968.0
2017-06-28,201706284933254,SCB,57,28,100,2295.0,229500.0
2017-06-28,201706284933253,SCB,6,28,50,2296.0,114800.0
2017-06-28,201706284933252,SCB,29,28,92,2296.0,211232.0
2017-06-28,201706284933251,SCB,58,28,30,2296.0,68880.0
2017-06-28,201706284933250,SCB,49,28,90,2297.0,206730.0
2017-06-28,201706284933249,SCB,34,28,10,2297.0,22970.0
2017-06-28,201706284933343,SCB,42,41,74,2295.0,169830.0
2017-06-28,201706284933341,SCB,42,38,10,2295.0,22950.0
2017-06-28,201706284933264,SCB,59,59,10,2296.0,22960.0
2017-06-28,201706284933257,SCB,42,28,16,2295.0,36720.0
2017-06-28,201706284933256,SCB,25,28,100,2295.0,229500.0
2017-06-28,201706284933255,SCB,34,28,50,2295.0,114750.0
2017-06-28,201706284933334,SHINE,1,21,200,407.0,81400.0
2017-06-28,201706284933333,SHINE,33,21,10,412.0,4120.0
2017-06-28,201706284933332,SHINE,14,21,23,412.0,9476.0
2017-06-28,201706284932947,SHL,42,34,150,357.0,53550.0
2017-06-28,201706284933296,SHPC,47,16,18,1162.0,20916.0
2017-06-28,201706284933155,SHPC,32,28,2000,1162.0,2324000.0
2017-06-28,201706284932912,SHPC,40,28,116,1168.0,135488.0
2017-06-28,201706284932911,SHPC,49,28,500,1169.0,584500.0
2017-06-28,201706284932910,SHPC,5,28,100,1170.0,117000.0
2017-06-28,201706284932909,SHPC,32,28,184,1172.0,215648.0
2017-06-28,201706284932908,SHPC,56,28,100,1173.0,117300.0
2017-06-28,201706284932931,SHPC,22,28,200,1165.0,233000.0
2017-06-28,201706284932930,SHPC,16,28,50,1165.0,58250.0
2017-06-28,201706284932929,SHPC,56,28,100,1167.0,116700.0
2017-06-28,201706284932928,SHPC,56,28,40,1167.0,46680.0
2017-06-28,201706284932927,SHPC,40,28,56,1168.0,65408.0
2017-06-28,201706284932936,SHPC,47,28,404,1162.0,469448.0
2017-06-28,201706284932935,SHPC,45,28,500,1162.0,581000.0
2017-06-28,201706284932934,SHPC,7,28,1000,1163.0,1163000.0
2017-06-28,201706284932933,SHPC,56,28,100,1163.0,116300.0
2017-06-28,201706284932932,SHPC,56,28,50,1163.0,58150.0
2017-06-28,201706284933131,SIC,8,10,61,1420.0,86620.0
2017-06-28,201706284933314,SIL,35,58,100,1455.0,145500.0
2017-06-28,201706284933350,SMFDB,37,16,10,3000.0,30000.0
2017-06-28,201706284933349,SMFDB,49,16,20,3000.0,60000.0
2017-06-28,201706284933396,SPDL,5,55,15,253.0,3795.0
2017-06-28,201706284933369,SPDL,5,55,15,253.0,3795.0
2017-06-28,201706284933218,SPDL,42,51,10,255.0,2550.0
2017-06-28,201706284932997,SPDL,5,17,15,253.0,3795.0
2017-06-28,201706284932946,SPDL,5,17,15,253.0,3795.0
2017-06-28,201706284933270,SRBL,42,59,57,375.0,21375.0
2017-06-28,201706284933147,SRBL,42,42,332,375.0,124500.0
2017-06-28,201706284933146,SRBL,17,42,200,375.0,75000.0
2017-06-28,201706284933145,SRBL,49,42,300,375.0,112500.0
2017-06-28,201706284933144,SRBL,43,42,168,375.0,63000.0
2017-06-28,201706284933116,SRBL,43,42,246,375.0,92250.0
2017-06-28,201706284933100,SRBL,43,40,40,375.0,15000.0
2017-06-28,201706284932983,SRBL,47,47,1,376.0,376.0
2017-06-28,201706284933360,UIC,50,49,40,1465.0,58600.0
2017-06-28,201706284933331,UIC,45,25,165,1468.0,242220.0
2017-06-28,201706284933247,UIC,1,25,30,1468.0,44040.0
2017-06-28,201706284933048,UIC,38,25,55,1468.0,80740.0
2017-06-28,201706284933047,UIC,38,44,45,1468.0,66060.0
2017-06-28,201706284933101,UMHL,59,50,10,359.0,3590.0
2017-06-28,201706284933097,UMHL,13,50,10,359.0,3590.0
2017-06-28,201706284933094,UMHL,13,50,10,359.0,3590.0
2017-06-28,201706284933000,UMHL,13,17,14,359.0,5026.0
2017-06-28,201706284932923,UMHL,5,36,94,359.0,33746.0
2017-06-28,201706284932924,UMHL,13,36,506,359.0,181654.0
2017-06-28,201706284932994,UMHL,13,59,10,359.0,3590.0
2017-06-28,201706284931331,ADBL,14,49,165,424.0,69960.0
2017-06-28,201706284931329,ADBL,14,13,35,424.0,14840.0
2017-06-28,201706284931097,ADBL,56,48,425,423.0,179775.0
2017-06-28,201706284931379,AKPL,45,11,10,421.0,4210.0
2017-06-28,201706284931373,AKPL,45,11,10,421.0,4210.0
2017-06-28,201706284931366,AKPL,45,11,10,421.0,4210.0
2017-06-28,201706284931358,AKPL,45,11,10,421.0,4210.0
2017-06-28,201706284931349,AKPL,45,11,10,421.0,4210.0
2017-06-28,201706284931330,AKPL,6,11,10,423.0,4230.0
2017-06-28,201706284931213,AKPL,45,48,13,421.0,5473.0
2017-06-28,201706284931315,API,49,13,16,555.0,8880.0
2017-06-28,201706284931314,API,49,13,16,555.0,8880.0
2017-06-28,201706284931313,API,49,13,16,555.0,8880.0
2017-06-28,201706284931312,API,49,13,16,554.0,8864.0
2017-06-28,201706284931311,API,49,43,27,553.0,14931.0
2017-06-28,201706284931310,API,49,29,166,552.0,91632.0
2017-06-28,201706284930991,API,48,10,10,545.0,5450.0
2017-06-28,201706284930990,API,5,10,33,545.0,17985.0
2017-06-28,201706284930989,API,10,10,100,550.0,55000.0
2017-06-28,201706284930988,API,45,10,100,552.0,55200.0
2017-06-28,201706284930987,API,45,10,14,552.0,7728.0
2017-06-28,201706284930902,API,45,10,16,552.0,8832.0
2017-06-28,201706284931227,API,49,13,16,548.0,8768.0
2017-06-28,201706284930997,API,34,10,668,538.0,359384.0
2017-06-28,201706284930995,API,16,10,200,541.0,108200.0
2017-06-28,201706284930994,API,46,10,125,543.0,67875.0
2017-06-28,201706284930993,API,55,10,200,544.0,108800.0
2017-06-28,201706284930992,API,37,10,50,544.0,27200.0
2017-06-28,201706284931259,BOKL,40,32,369,456.0,168264.0
2017-06-28,201706284931254,BOKL,49,49,500,455.0,227500.0
2017-06-28,201706284931250,BOKL,40,32,16,456.0,7296.0
2017-06-28,201706284931248,BOKL,40,13,115,456.0,52440.0
2017-06-28,201706284931192,BOKL,49,32,16,454.0,7264.0
2017-06-28,201706284931147,BOKL,36,38,231,457.0,105567.0
2017-06-28,201706284931146,BOKL,36,13,246,456.0,112176.0
2017-06-28,201706284931145,BOKL,36,40,23,456.0,10488.0
2017-06-28,201706284930966,BOKL,49,13,615,455.0,279825.0
2017-06-28,201706284930965,BOKL,49,29,123,455.0,55965.0
2017-06-28,201706284930964,BOKL,49,34,1547,454.0,702338.0
2017-06-28,201706284931173,CBL,33,10,500,240.0,120000.0
2017-06-28,201706284931172,CBL,33,13,318,240.0,76320.0
2017-06-28,201706284930926,CBL,17,13,1000,240.0,240000.0
2017-06-28,201706284931271,CCBL,41,48,17,366.0,6222.0
2017-06-28,201706284931256,CCBL,40,22,500,367.0,183500.0
2017-06-28,201706284930911,CCBL,17,13,391,365.0,142715.0
2017-06-28,201706284931049,CCBL,41,33,83,366.0,30378.0
2017-06-28,201706284930976,CCBL,48,13,100,365.0,36500.0
2017-06-28,201706284930912,CCBL,17,36,400,365.0,146000.0
2017-06-28,201706284931182,CHCL,16,14,600,808.0,484800.0
2017-06-28,201706284931171,CHCL,22,49,343,805.0,276115.0
2017-06-28,201706284931115,CHCL,42,14,100,800.0,80000.0
2017-06-28,201706284931114,CHCL,51,14,300,800.0,240000.0
2017-06-28,201706284931337,CIT,44,10,237,4070.0,964590.0
2017-06-28,201706284931336,CIT,26,10,50,4071.0,203550.0
2017-06-28,201706284931335,CIT,41,10,90,4075.0,366750.0
2017-06-28,201706284931334,CIT,6,10,10,4081.0,40810.0
2017-06-28,201706284931333,CIT,26,10,50,4082.0,204100.0
2017-06-28,201706284931042,CIT,44,17,131,4100.0,537100.0
2017-06-28,201706284931041,CIT,44,52,500,4100.0,2050000.0
2017-06-28,201706284931040,CIT,44,10,91,4100.0,373100.0
2017-06-28,201706284930969,CIT,48,10,20,4100.0,82000.0
2017-06-28,201706284931292,CZBIL,57,47,200,379.0,75800.0
2017-06-28,201706284931125,CZBIL,17,29,81,377.0,30537.0
2017-06-28,201706284931028,CZBIL,37,29,190,377.0,71630.0
2017-06-28,201706284931027,CZBIL,35,29,500,377.0,188500.0
2017-06-28,201706284931026,CZBIL,17,29,86,377.0,32422.0
2017-06-28,201706284931273,DBBL,26,20,19,270.0,5130.0
2017-06-28,201706284931187,DBBL,42,58,200,273.0,54600.0
2017-06-28,201706284931186,DBBL,42,58,60,273.0,16380.0
2017-06-28,201706284931185,DBBL,42,58,100,273.0,27300.0
2017-06-28,201706284931141,DBBL,17,58,624,274.0,170976.0
2017-06-28,201706284931133,DBBL,40,49,300,275.0,82500.0
2017-06-28,201706284931132,DBBL,40,33,900,275.0,247500.0
2017-06-28,201706284931118,DBBL,17,29,376,274.0,103024.0
2017-06-28,201706284931371,DDBL,16,17,70,1290.0,90300.0
2017-06-28,201706284931164,DDBL,53,32,100,1300.0,130000.0
2017-06-28,201706284931304,EBL,50,25,70,1383.0,96810.0
2017-06-28,201706284931303,EBL,38,25,200,1384.0,276800.0
2017-06-28,201706284931302,EBL,26,25,50,1384.0,69200.0
2017-06-28,201706284931301,EBL,52,25,50,1385.0,69250.0
2017-06-28,201706284931300,EBL,13,25,100,1385.0,138500.0
2017-06-28,201706284931083,EBL,13,22,200,1385.0,277000.0
2017-06-28,201706284931034,EBL,7,28,500,1385.0,692500.0
2017-06-28,201706284931299,EBL,14,25,30,1385.0,41550.0
2017-06-28,201706284931298,EBL,40,25,100,1386.0,138600.0
2017-06-28,201706284931261,EBL,35,56,40,1388.0,55520.0
2017-06-28,201706284931240,EBL,35,6,60,1388.0,83280.0
2017-06-28,201706284931233,EBL,41,6,20,1388.0,27760.0
2017-06-28,201706284931038,FMDBL,42,5,135,1018.0,137430.0
2017-06-28,201706284930929,FMDBL,42,57,65,1018.0,66170.0
2017-06-28,201706284931198,GBBL,28,51,200,295.0,59000.0
2017-06-28,201706284931163,GBIME,11,38,200,375.0,75000.0
2017-06-28,201706284931162,GBIME,17,38,100,375.0,37500.0
2017-06-28,201706284931161,GBIME,1,38,100,375.0,37500.0
2017-06-28,201706284931160,GBIME,17,38,200,376.0,75200.0
2017-06-28,201706284931159,GBIME,42,38,200,377.0,75400.0
2017-06-28,201706284931383,GLICL,55,44,270,1019.0,275130.0
2017-06-28,201706284931365,GLICL,49,49,85,1015.0,86275.0
2017-06-28,201706284931348,GLICL,22,44,100,1019.0,101900.0
2017-06-28,201706284931179,GLICL,55,55,22,1011.0,22242.0
2017-06-28,201706284931258,GMFIL,32,6,264,256.0,67584.0
2017-06-28,201706284931257,GMFIL,28,6,300,257.0,77100.0
2017-06-28,201706284930930,GRDBL,50,5,16,620.0,9920.0
2017-06-28,201706284931106,HAMRO,35,48,300,240.0,72000.0
2017-06-28,201706284931208,HBL,22,21,150,880.0,132000.0
2017-06-28,201706284931207,HBL,22,16,230,879.0,202170.0
2017-06-28,201706284931188,HBL,28,16,200,879.0,175800.0
2017-06-28,201706284931165,HBL,14,16,50,879.0,43950.0
2017-06-28,201706284931361,HGI,16,17,100,1676.0,167600.0
2017-06-28,201706284931346,HGI,38,26,50,1676.0,83800.0
2017-06-28,201706284931341,HGI,22,1,150,1679.0,251850.0
2017-06-28,201706284931308,HGI,42,1,40,1679.0,67160.0
2017-06-28,201706284931280,HGI,45,11,100,1680.0,168000.0
2017-06-28,201706284931269,HGI,57,11,40,1680.0,67200.0
2017-06-28,201706284930939,HGI,26,10,83,1678.0,139274.0
2017-06-28,201706284930927,HGI,45,33,194,1679.0,325726.0
2017-06-28,201706284930919,HGI,45,1,220,1679.0,369380.0
2017-06-28,201706284930917,HGI,1,50,30,1680.0,50400.0
2017-06-28,201706284930913,HGI,45,28,36,1679.0,60444.0
2017-06-28,201706284930945,HGI,51,10,10,1677.0,16770.0
2017-06-28,201706284930944,HGI,32,10,50,1678.0,83900.0
2017-06-28,201706284930943,HGI,32,10,50,1678.0,83900.0
2017-06-28,201706284930942,HGI,46,10,44,1678.0,73832.0
2017-06-28,201706284930941,HGI,19,10,100,1678.0,167800.0
2017-06-28,201706284930940,HGI,52,10,20,1678.0,33560.0
2017-06-28,201706284930951,HGI,45,10,100,1675.0,167500.0
2017-06-28,201706284930950,HGI,47,10,30,1675.0,50250.0
2017-06-28,201706284930949,HGI,22,10,20,1675.0,33500.0
2017-06-28,201706284930948,HGI,26,10,13,1676.0,21788.0
2017-06-28,201706284930947,HGI,17,10,100,1677.0,167700.0
2017-06-28,201706284930946,HGI,43,10,200,1677.0,335400.0
2017-06-28,201706284930957,HGI,26,10,300,1673.0,501900.0
2017-06-28,201706284930956,HGI,29,10,20,1675.0,33500.0
2017-06-28,201706284930955,HGI,32,10,100,1675.0,167500.0
2017-06-28,201706284930954,HGI,46,10,200,1675.0,335000.0
2017-06-28,201706284930953,HGI,41,10,55,1675.0,92125.0
2017-06-28,201706284930952,HGI,5,10,100,1675.0,167500.0
2017-06-28,201706284931014,HGI,59,41,200,1678.0,335600.0
2017-06-28,201706284931005,HGI,46,46,6,1671.0,10026.0
2017-06-28,201706284930961,HGI,45,10,105,1670.0,175350.0
2017-06-28,201706284930960,HGI,32,10,20,1670.0,33400.0
2017-06-28,201706284930959,HGI,52,10,50,1670.0,83500.0
2017-06-28,201706284930958,HGI,41,10,30,1671.0,50130.0
2017-06-28,201706284931222,HGI,42,33,46,1679.0,77234.0
2017-06-28,201706284931124,HGI,53,35,160,1678.0,268480.0
2017-06-28,201706284931057,HGI,20,35,20,1678.0,33560.0
2017-06-28,201706284931056,HGI,38,35,20,1678.0,33560.0
2017-06-28,201706284931046,HGI,20,1,240,1678.0,402720.0
2017-06-28,201706284931045,HGI,20,41,40,1678.0,67120.0
2017-06-28,201706284931268,HGI,57,32,140,1680.0,235200.0
2017-06-28,201706284931266,HGI,59,32,20,1680.0,33600.0
2017-06-28,201706284931264,HGI,42,32,10,1680.0,16800.0
2017-06-28,201706284931251,HGI,42,1,60,1679.0,100740.0
2017-06-28,201706284931224,HGI,37,50,1,1680.0,1680.0
2017-06-28,201706284931223,HGI,42,50,24,1680.0,40320.0
2017-06-28,201706284931368,HIDCL,59,43,56,196.0,10976.0
2017-06-28,201706284930932,HIDCL,22,43,56,196.0,10976.0
2017-06-28,201706284930982,ICFC,32,28,100,275.0,27500.0
2017-06-28,201706284931241,JBBL,39,13,200,210.0,42000.0
2017-06-28,201706284931374,KBL,58,42,300,321.0,96300.0
2017-06-28,201706284931355,KBL,52,42,100,321.0,32100.0
2017-06-28,201706284931170,KBL,16,34,300,320.0,96000.0
2017-06-28,201706284931108,KBL,7,34,50,320.0,16000.0
2017-06-28,201706284931094,KBL,21,34,50,320.0,16000.0
2017-06-28,201706284931059,KBL,26,34,1500,320.0,480000.0
2017-06-28,201706284931058,KBL,26,34,100,320.0,32000.0
2017-06-28,201706284930910,KEBL,21,47,576,549.0,316224.0
2017-06-28,201706284930909,KEBL,21,17,50,548.0,27400.0
2017-06-28,201706284931204,KNBL,37,58,100,550.0,55000.0
2017-06-28,201706284931203,KNBL,41,58,50,550.0,27500.0
2017-06-28,201706284931202,KNBL,50,58,50,550.0,27500.0
2017-06-28,201706284931201,KNBL,6,58,20,550.0,11000.0
2017-06-28,201706284931200,KNBL,14,58,30,551.0,16530.0
2017-06-28,201706284931199,KNBL,14,58,30,551.0,16530.0
2017-06-28,201706284931387,LBL,38,25,90,400.0,36000.0
2017-06-28,201706284931386,LBL,38,39,100,400.0,40000.0
2017-06-28,201706284931293,LBL,1,59,10,397.0,3970.0
2017-06-28,201706284931284,LBL,28,43,100,398.0,39800.0
2017-06-28,201706284931283,LBL,28,41,1000,398.0,398000.0
2017-06-28,201706284931221,LBL,37,26,500,397.0,198500.0
2017-06-28,201706284931089,LBL,17,25,200,395.0,79000.0
2017-06-28,201706284931080,LBL,42,25,500,395.0,197500.0
2017-06-28,201706284931047,LBL,25,25,100,395.0,39500.0
2017-06-28,201706284930996,LBL,48,25,100,395.0,39500.0
2017-06-28,201706284931197,LBL,17,43,86,396.0,34056.0
2017-06-28,201706284931194,LBL,47,11,50,395.0,19750.0
2017-06-28,201706284931157,LBL,5,11,50,395.0,19750.0
2017-06-28,201706284931093,LBL,17,29,521,395.0,205795.0
2017-06-28,201706284931092,LBL,17,43,500,395.0,197500.0
2017-06-28,201706284931091,LBL,17,25,100,395.0,39500.0
2017-06-28,201706284931401,LGIL,36,37,167,970.0,161990.0
2017-06-28,201706284931400,LGIL,36,6,100,969.0,96900.0
2017-06-28,201706284931399,LGIL,36,1,54,969.0,52326.0
2017-06-28,201706284931339,LGIL,17,41,236,965.0,227740.0
2017-06-28,201706284931191,LGIL,48,14,50,956.0,47800.0
2017-06-28,201706284931063,LGIL,38,17,20,969.0,19380.0
2017-06-28,201706284931062,LGIL,38,52,200,960.0,192000.0
2017-06-28,201706284931061,LGIL,38,52,100,960.0,96000.0
2017-06-28,201706284931048,LGIL,53,34,108,959.0,103572.0
2017-06-28,201706284931022,LGIL,44,34,10,954.0,9540.0
2017-06-28,201706284931021,LGIL,8,34,20,954.0,19080.0
2017-06-28,201706284931020,LVF1,22,52,3000,12.5,37500.0
2017-06-28,201706284931385,MBL,53,44,350,356.0,124600.0
2017-06-28,201706284931372,MBL,1,44,150,356.0,53400.0
2017-06-28,201706284931345,MBL,1,59,100,356.0,35600.0
2017-06-28,201706284931078,MBL,17,44,670,356.0,238520.0
2017-06-28,201706284931024,MBL,38,44,330,356.0,117480.0
2017-06-28,201706284931380,MDB,47,50,167,525.0,87675.0
2017-06-28,201706284931087,MERO,16,53,49,2256.0,110544.0
2017-06-28,201706284931086,MERO,26,53,50,2257.0,112850.0
2017-06-28,201706284931015,MERO,42,10,100,2260.0,226000.0
2017-06-28,201706284931074,MFIL,34,16,185,152.0,28120.0
2017-06-28,201706284931232,NABIL,40,48,100,1490.0,149000.0
2017-06-28,201706284931206,NABIL,25,48,60,1490.0,89400.0
2017-06-28,201706284931116,NABIL,42,48,50,1490.0,74500.0
2017-06-28,201706284931228,NABILP,17,34,915,1084.0,991860.0
2017-06-28,201706284931140,NABILP,34,34,3000,1076.0,3228000.0
2017-06-28,201706284931016,NABILP,47,34,60,1084.0,65040.0
2017-06-28,201706284930938,NABILP,39,34,25,1084.0,27100.0
2017-06-28,201706284931234,NABILP,17,28,200,1085.0,217000.0
2017-06-28,201706284931025,NBF1,54,49,300,19.59,5877.0
2017-06-28,201706284930979,NBIL,37,52,100,980.0,98000.0
2017-06-28,201706284931370,NBL,14,19,750,340.0,255000.0
2017-06-28,201706284931369,NBL,14,28,2000,340.0,680000.0
2017-06-28,201706284931357,NBL,14,57,200,339.0,67800.0
2017-06-28,201706284931356,NBL,14,38,300,339.0,101700.0
2017-06-28,201706284931290,NBL,14,34,1000,337.0,337000.0
2017-06-28,201706284931289,NBL,14,42,100,337.0,33700.0
2017-06-28,201706284930920,NBL,55,1,300,337.0,101100.0
2017-06-28,201706284930906,NBL,33,33,150,335.0,50250.0
2017-06-28,201706284931270,NBL,17,42,1000,337.0,337000.0
2017-06-28,201706284931230,NBL,13,13,300,336.0,100800.0
2017-06-28,201706284931076,NBL,28,28,4450,335.0,1490750.0
2017-06-28,201706284931075,NBL,28,29,550,335.0,184250.0
2017-06-28,201706284930928,NBL,55,42,1000,337.0,337000.0
2017-06-28,201706284930921,NBL,55,42,1700,337.0,572900.0
2017-06-28,201706284931359,NCCB,58,44,420,369.0,154980.0
2017-06-28,201706284931354,NCCB,58,44,370,369.0,136530.0
2017-06-28,201706284931350,NCCB,58,44,50,369.0,18450.0
2017-06-28,201706284931332,NCCB,52,44,30,369.0,11070.0
2017-06-28,201706284931328,NCCB,52,44,30,369.0,11070.0
2017-06-28,201706284931327,NCCB,52,44,50,369.0,18450.0
2017-06-28,201706284931019,NCCB,48,53,500,370.0,185000.0
2017-06-28,201706284931018,NCCB,16,53,300,371.0,111300.0
2017-06-28,201706284931017,NCCB,32,53,200,371.0,74200.0
2017-06-28,201706284931006,NCCB,32,52,300,371.0,111300.0
2017-06-28,201706284931326,NCCB,52,44,50,369.0,18450.0
2017-06-28,201706284931272,NCCB,45,47,37,368.0,13616.0
2017-06-28,201706284931226,NCCB,45,25,300,368.0,110400.0
2017-06-28,201706284931220,NCCB,40,25,200,369.0,73800.0
2017-06-28,201706284931219,NCCB,6,25,500,369.0,184500.0
2017-06-28,201706284931102,NCCB,5,22,100,370.0,37000.0
2017-06-28,201706284931193,NEF,19,13,966,9.76,9428.16
2017-06-28,201706284931396,NIB,45,58,64,745.0,47680.0
2017-06-28,201706284931376,NIB,45,36,32,745.0,23840.0
2017-06-28,201706284931340,NIB,25,48,500,750.0,375000.0
2017-06-28,201706284931322,NIB,25,1,12,750.0,9000.0
2017-06-28,201706284931321,NIB,25,25,80,750.0,60000.0
2017-06-28,201706284931320,NIB,25,13,355,748.0,265540.0
2017-06-28,201706284931137,NIB,42,13,100,743.0,74300.0
2017-06-28,201706284931136,NIB,14,13,100,743.0,74300.0
2017-06-28,201706284931135,NIB,39,13,25,745.0,18625.0
2017-06-28,201706284931134,NIB,29,13,60,745.0,44700.0
2017-06-28,201706284931128,NIB,36,29,330,747.0,246510.0
2017-06-28,201706284931127,NIB,36,8,170,746.0,126820.0
2017-06-28,201706284931319,NIB,25,25,74,747.0,55278.0
2017-06-28,201706284931318,NIB,25,11,200,747.0,149400.0
2017-06-28,201706284931262,NIB,39,50,26,743.0,19318.0
2017-06-28,201706284931218,NIB,39,29,279,743.0,207297.0
2017-06-28,201706284931183,NIB,39,59,132,743.0,98076.0
2017-06-28,201706284931138,NIB,34,13,150,743.0,111450.0
2017-06-28,201706284931249,NIBLPF,26,59,2020,9.79,19775.8
2017-06-28,201706284931081,NIBLPF,35,59,1515,9.79,14831.85
2017-06-28,201706284931279,NIBSF1,41,28,12889,11.75,151445.75
2017-06-28,201706284931267,NIBSF1,25,28,4500,11.77,52965.0
2017-06-28,201706284931126,NIBSF1,25,59,500,11.77,5885.0
2017-06-28,201706284931255,NICA,47,55,100,441.0,44100.0
2017-06-28,201706284931229,NICA,42,48,12,439.0,5268.0
2017-06-28,201706284931071,NICA,17,29,102,440.0,44880.0
2017-06-28,201706284931070,NICA,17,28,300,440.0,132000.0
2017-06-28,201706284931065,NICA,17,28,200,440.0,88000.0
2017-06-28,201706284930914,NICA,26,29,150,440.0,66000.0
2017-06-28,201706284931196,NICL,52,14,50,1432.0,71600.0
2017-06-28,201706284931148,NICL,37,20,50,1440.0,72000.0
2017-06-28,201706284931000,NIL,34,34,7945,975.0,7746375.0
2017-06-28,201706284930999,NIL,34,21,100,975.0,97500.0
2017-06-28,201706284930974,NIL,34,33,500,968.0,484000.0
2017-06-28,201706284930971,NIL,32,1,440,962.0,423280.0
2017-06-28,201706284930924,NIL,32,1,482,962.0,463684.0
2017-06-28,201706284930923,NIL,34,1,100,963.0,96300.0
2017-06-28,201706284930922,NIL,35,1,50,965.0,48250.0
2017-06-28,201706284931378,NLBBL,58,17,50,1270.0,63500.0
2017-06-28,201706284931297,NLBBL,58,43,50,1270.0,63500.0
2017-06-28,201706284931296,NLBBL,42,43,100,1271.0,127100.0
2017-06-28,201706284931295,NLBBL,42,43,50,1275.0,63750.0
2017-06-28,201706284931347,NLG,39,50,150,1460.0,219000.0
2017-06-28,201706284931317,NLG,44,50,33,1460.0,48180.0
2017-06-28,201706284931316,NLG,44,13,42,1459.0,61278.0
2017-06-28,201706284931205,NLG,39,39,117,1455.0,170235.0
2017-06-28,201706284931391,NLIC,43,28,13,2050.0,26650.0
2017-06-28,201706284931389,NLIC,34,34,100,2046.0,204600.0
2017-06-28,201706284931382,NLIC,19,34,50,2047.0,102350.0
2017-06-28,201706284931381,NLIC,42,34,50,2048.0,102400.0
2017-06-28,201706284931375,NLIC,32,34,10,2050.0,20500.0
2017-06-28,201706284931360,NLIC,34,34,700,2046.0,1432200.0
2017-06-28,201706284931085,NLIC,45,57,10,2050.0,20500.0
2017-06-28,201706284931055,NLIC,7,17,50,2052.0,102600.0
2017-06-28,201706284931050,NLIC,8,57,26,2051.0,53326.0
2017-06-28,201706284930936,NLIC,8,56,10,2051.0,20510.0
2017-06-28,201706284930933,NLIC,8,53,75,2051.0,153825.0
2017-06-28,201706284930907,NLIC,8,13,89,2051.0,182539.0
2017-06-28,201706284931175,NLIC,19,53,12,2050.0,24600.0
2017-06-28,201706284931169,NLIC,17,53,100,2050.0,205000.0
2017-06-28,201706284931143,NLIC,17,17,500,2050.0,1025000.0
2017-06-28,201706284931109,NLIC,8,53,50,2050.0,102500.0
2017-06-28,201706284931096,NLIC,45,57,10,2050.0,20500.0
2017-06-28,201706284931090,NLIC,45,57,10,2050.0,20500.0
2017-06-28,201706284931352,NLIC,32,28,50,2050.0,102500.0
2017-06-28,201706284931253,NLIC,59,57,400,2051.0,820400.0
2017-06-28,201706284931252,NLIC,59,57,240,2051.0,492240.0
2017-06-28,201706284931237,NLIC,32,48,10,2050.0,20500.0
2017-06-28,201706284931235,NLIC,41,57,10,2051.0,20510.0
2017-06-28,201706284931176,NLIC,19,13,100,2050.0,205000.0
2017-06-28,201706284931395,NMB,59,49,500,545.0,272500.0
2017-06-28,201706284931394,NMB,59,11,102,545.0,55590.0
2017-06-28,201706284931393,NMB,59,40,100,545.0,54500.0
2017-06-28,201706284931392,NMB,59,58,170,545.0,92650.0
2017-06-28,201706284931390,NMB,59,58,150,545.0,81750.0
2017-06-28,201706284931377,NMB,44,58,100,545.0,54500.0
2017-06-28,201706284931225,NMB,59,1,150,541.0,81150.0
2017-06-28,201706284931156,NMB,17,58,500,542.0,271000.0
2017-06-28,201706284931155,NMB,6,58,100,542.0,54200.0
2017-06-28,201706284931363,NMB,14,58,40,545.0,21800.0
2017-06-28,201706284931362,NMB,17,58,500,542.0,271000.0
2017-06-28,201706284931325,NMB,17,58,40,545.0,21800.0
2017-06-28,201706284931324,NMB,17,41,100,545.0,54500.0
2017-06-28,201706284931323,NMB,17,25,60,544.0,32640.0
2017-06-28,201706284931294,NMB,8,59,17,541.0,9197.0
2017-06-28,201706284931217,NMBHF1,41,28,1577,9.79,15438.83
2017-06-28,201706284931214,NMBHF1,13,13,832,9.65,8028.8
2017-06-28,201706284931166,NMBHF1,13,59,2080,9.7,20176.0
2017-06-28,201706284931088,NMBHF1,19,17,100,9.6,960.0
2017-06-28,201706284930918,NMBMF,49,57,14,2690.0,37660.0
2017-06-28,201706284930904,NMBMF,16,28,10,2719.0,27190.0
2017-06-28,201706284930903,NMBMF,16,48,16,2700.0,43200.0
2017-06-28,201706284931082,NMBSF1,5,5,2000,12.7,25400.0
2017-06-28,201706284930915,NUBL,45,14,30,1970.0,59100.0
2017-06-28,201706284931282,PCBL,40,59,17,408.0,6936.0
2017-06-28,201706284931260,PCBL,40,36,371,408.0,151368.0
2017-06-28,201706284931239,PCBL,17,13,49,408.0,19992.0
2017-06-28,201706284931238,PCBL,17,28,800,408.0,326400.0
2017-06-28,201706284931003,PCBL,21,58,123,407.0,50061.0
2017-06-28,201706284930931,PCBL,8,28,200,408.0,81600.0
2017-06-28,201706284931388,PIC,10,34,140,1644.0,230160.0
2017-06-28,201706284931364,PIC,51,34,350,1644.0,575400.0
2017-06-28,201706284931139,PIC,40,34,10,1644.0,16440.0
2017-06-28,201706284931073,PIC,54,6,100,1642.0,164200.0
2017-06-28,201706284931072,PIC,54,58,20,1640.0,32800.0
2017-06-28,201706284931030,PIC,40,43,200,1640.0,328000.0
2017-06-28,201706284931029,PIC,40,22,400,1640.0,656000.0
2017-06-28,201706284930934,PIC,48,48,1000,1631.0,1631000.0
2017-06-28,201706284930908,PIC,41,43,50,1635.0,81750.0
2017-06-28,201706284930905,PIC,40,43,200,1634.0,326800.0
2017-06-28,201706284931077,PICL,35,46,20,1420.0,28400.0
2017-06-28,201706284930984,PICL,21,46,350,1405.0,491750.0
2017-06-28,201706284930983,PICL,22,46,50,1406.0,70300.0
2017-06-28,201706284931231,PLIC,58,58,2000,2550.0,5100000.0
2017-06-28,201706284931195,PLIC,59,25,200,2551.0,510200.0
2017-06-28,201706284931105,PLIC,58,10,66,2550.0,168300.0
2017-06-28,201706284931104,PLIC,29,10,200,2551.0,510200.0
2017-06-28,201706284931103,PLIC,38,10,300,2551.0,765300.0
2017-06-28,201706284931309,PRIN,44,1,100,1030.0,103000.0
2017-06-28,201706284931281,PRVU,42,35,10,400.0,4000.0
2017-06-28,201706284931263,PRVU,40,35,500,400.0,200000.0
2017-06-28,201706284931174,PRVU,33,13,100,399.0,39900.0
2017-06-28,201706284931152,PRVU,36,35,100,400.0,40000.0
2017-06-28,201706284931151,PRVU,36,14,100,400.0,40000.0
2017-06-28,201706284931150,PRVU,36,53,300,400.0,120000.0
2017-06-28,201706284931131,PRVU,42,53,100,400.0,40000.0
2017-06-28,201706284931130,PRVU,57,53,50,400.0,20000.0
2017-06-28,201706284931398,RLFL,34,53,48,214.0,10272.0
2017-06-28,201706284931397,RLFL,8,53,30,214.0,6420.0
2017-06-28,201706284931353,RLFL,34,49,52,214.0,11128.0
2017-06-28,201706284931211,RSDC,26,14,24,2925.0,70200.0
2017-06-28,201706284931013,RSDC,28,49,10,2940.0,29400.0
2017-06-28,201706284931043,SADBL,39,45,10,400.0,4000.0
2017-06-28,201706284931344,SANIMA,17,4,200,424.0,84800.0
2017-06-28,201706284931343,SANIMA,43,4,250,424.0,106000.0
2017-06-28,201706284931178,SANIMA,59,13,100,424.0,42400.0
2017-06-28,201706284931177,SANIMA,42,13,100,424.0,42400.0
2017-06-28,201706284931113,SANIMA,35,50,50,425.0,21250.0
2017-06-28,201706284931112,SANIMA,13,50,200,425.0,85000.0
2017-06-28,201706284931033,SANIMA,57,43,279,426.0,118854.0
2017-06-28,201706284931032,SANIMA,57,11,150,426.0,63900.0
2017-06-28,201706284931031,SANIMA,57,34,71,426.0,30246.0
2017-06-28,201706284930977,SANIMA,40,34,29,426.0,12354.0
2017-06-28,201706284931111,SANIMA,17,50,44,425.0,18700.0
2017-06-28,201706284931054,SANIMA,17,35,100,425.0,42500.0
2017-06-28,201706284931053,SANIMA,17,29,56,425.0,23800.0
2017-06-28,201706284931052,SANIMA,54,29,30,425.0,12750.0
2017-06-28,201706284931051,SANIMA,26,29,100,425.0,42500.0
2017-06-28,201706284931035,SANIMA,26,58,200,425.0,85000.0
2017-06-28,201706284931306,SBL,53,6,101,480.0,48480.0
2017-06-28,201706284931305,SBL,53,59,199,479.0,95321.0
2017-06-28,201706284931210,SBL,57,6,82,480.0,39360.0
2017-06-28,201706284931209,SBL,57,28,118,480.0,56640.0
2017-06-28,201706284931190,SBL,17,13,350,479.0,167650.0
2017-06-28,201706284931110,SBL,7,28,50,480.0,24000.0
2017-06-28,201706284931107,SBL,17,28,500,480.0,240000.0
2017-06-28,201706284931101,SBL,17,28,200,480.0,96000.0
2017-06-28,201706284931095,SBL,17,28,1000,480.0,480000.0
2017-06-28,201706284931044,SBL,17,28,200,480.0,96000.0
2017-06-28,201706284930985,SBL,40,42,200,479.0,95800.0
2017-06-28,201706284930962,SBL,22,28,30,480.0,14400.0
2017-06-28,201706284931215,SCB,5,29,360,2296.0,826560.0
2017-06-28,201706284931167,SCB,46,22,323,2295.0,741285.0
2017-06-28,201706284931154,SCB,42,22,10,2293.0,22930.0
2017-06-28,201706284931153,SCB,42,22,10,2293.0,22930.0
2017-06-28,201706284931123,SCB,36,22,40,2295.0,91800.0
2017-06-28,201706284931122,SCB,36,26,30,2295.0,68850.0
2017-06-28,201706284930937,SCB,48,17,10,2294.0,22940.0
2017-06-28,201706284930935,SCB,48,17,10,2294.0,22940.0
2017-06-28,201706284930925,SCB,48,35,50,2294.0,114700.0
2017-06-28,201706284931121,SCB,36,13,10,2294.0,22940.0
2017-06-28,201706284931120,SCB,36,17,10,2294.0,22940.0
2017-06-28,201706284931119,SCB,36,17,10,2294.0,22940.0
2017-06-28,201706284930970,SCB,48,17,10,2294.0,22940.0
2017-06-28,201706284930967,SCB,48,17,10,2294.0,22940.0
2017-06-28,201706284930963,SCB,48,17,10,2294.0,22940.0
2017-06-28,201706284931338,SHINE,33,29,80,412.0,32960.0
2017-06-28,201706284931351,SHL,49,16,300,355.0,106500.0
2017-06-28,201706284931189,SHL,22,16,100,355.0,35500.0
2017-06-28,201706284931247,SHPC,32,43,400,1175.0,470000.0
2017-06-28,201706284931246,SHPC,32,58,50,1175.0,58750.0
2017-06-28,201706284931181,SHPC,28,58,50,1175.0,58750.0
2017-06-28,201706284931079,SICL,56,53,10,1917.0,19170.0
2017-06-28,201706284931037,SICL,56,59,10,1880.0,18800.0
2017-06-28,201706284931036,SICL,56,34,25,1880.0,47000.0
2017-06-28,201706284931100,SIGS1,22,56,500,23.2,11600.0
2017-06-28,201706284931099,SIGS1,22,56,4000,23.2,92800.0
2017-06-28,201706284931384,SIL,34,34,5,1440.0,7200.0
2017-06-28,201706284931367,SIL,34,34,5,1440.0,7200.0
2017-06-28,201706284931342,SIL,34,34,5,1440.0,7200.0
2017-06-28,201706284931307,SIL,34,34,5,1440.0,7200.0
2017-06-28,201706284931216,SIL,34,34,5,1430.0,7150.0
2017-06-28,201706284931180,SIL,34,34,5,1440.0,7200.0
2017-06-28,201706284930972,SIL,10,34,12,1440.0,17280.0
2017-06-28,201706284930968,SIL,10,34,22,1440.0,31680.0
2017-06-28,201706284930998,SIL,36,34,15,1440.0,21600.0
2017-06-28,201706284930986,SIL,36,34,27,1440.0,38880.0
2017-06-28,201706284930981,SIL,10,34,11,1440.0,15840.0
2017-06-28,201706284930978,SIL,10,34,18,1440.0,25920.0
2017-06-28,201706284930975,SIL,10,34,11,1440.0,15840.0
2017-06-28,201706284930973,SIL,10,34,21,1440.0,30240.0
2017-06-28,201706284931067,SIL,21,34,13,1440.0,18720.0
2017-06-28,201706284931066,SIL,21,34,11,1440.0,15840.0
2017-06-28,201706284931007,SIL,36,34,16,1440.0,23040.0
2017-06-28,201706284931004,SIL,36,34,15,1440.0,21600.0
2017-06-28,201706284931002,SIL,36,34,11,1440.0,15840.0
2017-06-28,201706284931001,SIL,36,34,11,1440.0,15840.0
2017-06-28,201706284931168,SIL,34,34,4,1440.0,5760.0
2017-06-28,201706284931144,SIL,34,34,7,1440.0,10080.0
2017-06-28,201706284931117,SIL,36,34,5,1440.0,7200.0
2017-06-28,201706284931098,SIL,10,34,5,1440.0,7200.0
2017-06-28,201706284931069,SIL,21,34,11,1440.0,15840.0
2017-06-28,201706284931068,SIL,21,34,12,1440.0,17280.0
2017-06-28,201706284931291,SINDU,34,11,210,360.0,75600.0
2017-06-28,201706284931060,SINDU,34,50,60,360.0,21600.0
2017-06-28,201706284931158,SKBBL,53,11,81,1528.0,123768.0
2017-06-28,201706284930980,SLBBL,35,55,20,1667.0,33340.0
2017-06-28,201706284931265,SLICL,33,44,76,1040.0,79040.0
2017-06-28,201706284931245,SLICL,21,44,200,1040.0,208000.0
2017-06-28,201706284931244,SLICL,55,44,50,1040.0,52000.0
2017-06-28,201706284931243,SLICL,41,44,60,1041.0,62460.0
2017-06-28,201706284931242,SLICL,42,44,39,1043.0,40677.0
2017-06-28,201706284931236,SLICL,42,25,11,1043.0,11473.0
2017-06-28,201706284930916,SLICL,33,52,500,1050.0,525000.0
2017-06-28,201706284931288,SRBL,17,37,911,380.0,346180.0
2017-06-28,201706284931287,SRBL,17,11,174,380.0,66120.0
2017-06-28,201706284931286,SRBL,17,51,1000,379.0,379000.0
2017-06-28,201706284931285,SRBL,17,53,71,378.0,26838.0
2017-06-28,201706284931084,SWBBL,21,1,17,1800.0,30600.0
2017-06-28,201706284931278,UIC,25,44,100,1460.0,146000.0
2017-06-28,201706284931277,UIC,29,44,20,1460.0,29200.0
2017-06-28,201706284931276,UIC,42,44,170,1460.0,248200.0
2017-06-28,201706284931275,UIC,6,44,250,1461.0,365250.0
2017-06-28,201706284931009,UMHL,22,29,55,362.0,19910.0
2017-06-28,201706284931008,UMHL,22,26,45,362.0,16290.0
2017-06-28,201706284931012,VLBS,45,55,11,1437.0,15807.0
2017-06-28,201706284931011,VLBS,45,17,35,1429.0,50015.0
2017-06-28,201706284931010,VLBS,45,17,20,1418.0,28360.0
2017-06-28,201706284929868,ADBL,14,28,1000,421.0,421000.0
2017-06-28,201706284929867,ADBL,14,41,200,420.0,84000.0
2017-06-28,201706284929853,ADBL,5,4,27,418.0,11286.0
2017-06-28,201706284929840,ADBL,5,4,12,418.0,5016.0
2017-06-28,201706284929602,ADBL,17,20,100,415.0,41500.0
2017-06-28,201706284929778,AKPL,7,59,13,421.0,5473.0
2017-06-28,201706284929708,AKPL,58,29,60,420.0,25200.0
2017-06-28,201706284929690,AKPL,58,34,13,420.0,5460.0
2017-06-28,201706284929616,AKPL,14,14,13,419.0,5447.0
2017-06-28,201706284929609,AKPL,14,14,13,419.0,5447.0
2017-06-28,201706284929604,AKPL,50,20,26,417.0,10842.0
2017-06-28,201706284929579,AKPL,50,28,196,420.0,82320.0
2017-06-28,201706284929577,AKPL,50,20,10,421.0,4210.0
2017-06-28,201706284929718,API,42,42,27,553.0,14931.0
2017-06-28,201706284929898,BARUN,50,42,10,261.0,2610.0
2017-06-28,201706284929721,BARUN,42,42,10,260.0,2600.0
2017-06-28,201706284929787,CBL,42,42,37,239.0,8843.0
2017-06-28,201706284929723,CBL,42,42,37,239.0,8843.0
2017-06-28,201706284929689,CBL,10,10,166,239.0,39674.0
2017-06-28,201706284929624,CBL,44,44,2000,240.0,480000.0
2017-06-28,201706284929623,CBL,44,29,148,240.0,35520.0
2017-06-28,201706284929622,CBL,44,42,19,240.0,4560.0
2017-06-28,201706284929621,CBL,44,42,19,240.0,4560.0
2017-06-28,201706284929801,CCBL,48,13,50,364.0,18200.0
2017-06-28,201706284929800,CCBL,41,13,143,364.0,52052.0
2017-06-28,201706284929663,CCBL,1,29,183,366.0,66978.0
2017-06-28,201706284929709,CCBL,41,4,57,364.0,20748.0
2017-06-28,201706284929680,CCBL,1,33,117,366.0,42822.0
2017-06-28,201706284929672,CCBL,28,22,100,367.0,36700.0
2017-06-28,201706284929791,CHCL,42,42,20,819.0,16380.0
2017-06-28,201706284929651,CZBIL,50,55,103,377.0,38831.0
2017-06-28,201706284929639,CZBIL,57,47,500,378.0,189000.0
2017-06-28,201706284929804,DBBL,40,29,475,272.0,129200.0
2017-06-28,201706284929803,DBBL,40,29,25,272.0,6800.0
2017-06-28,201706284929802,DBBL,4,29,100,273.0,27300.0
2017-06-28,201706284929796,DBBL,47,53,500,276.0,138000.0
2017-06-28,201706284929789,DBBL,47,53,500,275.0,137500.0
2017-06-28,201706284929779,DBBL,47,42,1000,276.0,276000.0
2017-06-28,201706284929576,DBBL,48,45,10,279.0,2790.0
2017-06-28,201706284929770,DBBL,47,26,200,275.0,55000.0
2017-06-28,201706284929769,DBBL,47,13,100,275.0,27500.0
2017-06-28,201706284929761,DBBL,17,45,200,273.0,54600.0
2017-06-28,201706284929671,DBBL,40,33,775,274.0,212350.0
2017-06-28,201706284929637,DBBL,38,33,25,274.0,6850.0
2017-06-28,201706284929636,DBBL,40,33,200,274.0,54800.0
2017-06-28,201706284929836,DDBL,44,34,10,1281.0,12810.0
2017-06-28,201706284929688,DDBL,37,32,30,1300.0,39000.0
2017-06-28,201706284929687,DDBL,37,35,70,1300.0,91000.0
2017-06-28,201706284929611,DDBL,34,32,52,1300.0,67600.0
2017-06-28,201706284929873,DHPL,16,44,10,215.0,2150.0
2017-06-28,201706284929870,DHPL,48,57,10,211.0,2110.0
2017-06-28,201706284929869,DHPL,48,20,11,211.0,2321.0
2017-06-28,201706284929824,DHPL,59,20,10,211.0,2110.0
2017-06-28,201706284929691,EBL,22,4,30,1380.0,41400.0
2017-06-28,201706284929536,GBBL,44,44,6,295.0,1770.0
2017-06-28,201706284929758,GBIME,10,41,50,371.0,18550.0
2017-06-28,201706284929757,GBIME,39,41,50,372.0,18600.0
2017-06-28,201706284929735,GBIME,42,42,25,377.0,9425.0
2017-06-28,201706284929643,GBIME,10,5,15,371.0,5565.0
2017-06-28,201706284929642,GBIME,38,5,35,372.0,13020.0
2017-06-28,201706284929641,GBIME,21,5,50,373.0,18650.0
2017-06-28,201706284929640,GBIME,16,5,100,375.0,37500.0
2017-06-28,201706284929537,GBIME,44,44,1,380.0,380.0
2017-06-28,201706284929777,GLICL,22,44,30,1030.0,30900.0
2017-06-28,201706284929719,GLICL,42,44,50,1030.0,51500.0
2017-06-28,201706284929901,HGI,37,48,96,1684.0,161664.0
2017-06-28,201706284929888,HGI,22,17,60,1682.0,100920.0
2017-06-28,201706284929887,HGI,45,17,15,1682.0,25230.0
2017-06-28,201706284929886,HGI,56,17,60,1682.0,100920.0
2017-06-28,201706284929884,HGI,54,40,500,1680.0,840000.0
2017-06-28,201706284929877,HGI,17,53,10,1685.0,16850.0
2017-06-28,201706284929627,HGI,17,32,100,1685.0,168500.0
2017-06-28,201706284929626,HGI,17,32,200,1685.0,337000.0
2017-06-28,201706284929585,HGI,21,59,50,1694.0,84700.0
2017-06-28,201706284929650,HGI,5,39,70,1680.0,117600.0
2017-06-28,201706284929649,HGI,42,39,100,1680.0,168000.0
2017-06-28,201706284929648,HGI,39,39,30,1680.0,50400.0
2017-06-28,201706284929647,HGI,42,39,100,1680.0,168000.0
2017-06-28,201706284929645,HGI,6,18,30,1681.0,50430.0
2017-06-28,201706284929644,HGI,17,18,100,1681.0,168100.0
2017-06-28,201706284929661,HGI,45,5,40,1680.0,67200.0
2017-06-28,201706284929660,HGI,45,32,10,1680.0,16800.0
2017-06-28,201706284929659,HGI,45,32,50,1680.0,84000.0
2017-06-28,201706284929658,HGI,5,32,100,1680.0,168000.0
2017-06-28,201706284929657,HGI,5,32,130,1680.0,218400.0
2017-06-28,201706284929652,HGI,41,18,70,1681.0,117670.0
2017-06-28,201706284929717,HGI,17,21,20,1680.0,33600.0
2017-06-28,201706284929685,HGI,36,5,101,1680.0,169680.0
2017-06-28,201706284929675,HGI,22,17,180,1675.0,301500.0
2017-06-28,201706284929674,HGI,58,17,20,1676.0,33520.0
2017-06-28,201706284929673,HGI,26,17,50,1677.0,83850.0
2017-06-28,201706284929662,HGI,55,5,100,1680.0,168000.0
2017-06-28,201706284929739,HGI,22,28,37,1680.0,62160.0
2017-06-28,201706284929734,HGI,40,28,100,1680.0,168000.0
2017-06-28,201706284929727,HGI,49,28,50,1680.0,84000.0
2017-06-28,201706284929726,HGI,21,28,33,1680.0,55440.0
2017-06-28,201706284929725,HGI,21,32,50,1680.0,84000.0
2017-06-28,201706284929722,HGI,21,21,17,1680.0,28560.0
2017-06-28,201706284929805,HGI,17,25,72,1685.0,121320.0
2017-06-28,201706284929751,HGI,41,11,200,1680.0,336000.0
2017-06-28,201706284929748,HGI,26,17,287,1676.0,481012.0
2017-06-28,201706284929747,HGI,47,17,100,1676.0,167600.0
2017-06-28,201706284929746,HGI,43,17,100,1677.0,167700.0
2017-06-28,201706284929745,HGI,22,17,13,1680.0,21840.0
2017-06-28,201706284929859,HGI,17,53,100,1685.0,168500.0
2017-06-28,201706284929855,HGI,40,53,50,1685.0,84250.0
2017-06-28,201706284929817,HGI,8,10,92,1685.0,155020.0
2017-06-28,201706284929811,HGI,17,10,628,1686.0,1058808.0
2017-06-28,201706284929810,HGI,17,21,100,1686.0,168600.0
2017-06-28,201706284929806,HGI,17,17,200,1685.0,337000.0
2017-06-28,201706284929831,HIDCL,6,29,145,196.0,28420.0
2017-06-28,201706284929828,HIDCL,6,34,56,196.0,10976.0
2017-06-28,201706284929799,HIDCL,42,42,56,196.0,10976.0
2017-06-28,201706284929759,HIDCL,6,51,56,195.0,10920.0
2017-06-28,201706284929683,HIDCL,6,22,56,194.0,10864.0
2017-06-28,201706284929570,HIDCL,17,20,14,193.0,2702.0
2017-06-28,201706284929548,HIDCL,17,20,17,194.0,3298.0
2017-06-28,201706284929564,HIDCL,17,20,10,193.0,1930.0
2017-06-28,201706284929560,HIDCL,17,20,13,193.0,2509.0
2017-06-28,201706284929557,HIDCL,17,20,14,193.0,2702.0
2017-06-28,201706284929556,HIDCL,17,20,17,193.0,3281.0
2017-06-28,201706284929553,HIDCL,17,20,10,193.0,1930.0
2017-06-28,201706284929551,HIDCL,17,20,23,193.0,4439.0
2017-06-28,201706284929634,ICFC,40,29,200,281.0,56200.0
2017-06-28,201706284929893,JBBL,11,44,23,210.0,4830.0
2017-06-28,201706284929538,KBBL,44,44,1,330.0,330.0
2017-06-28,201706284929844,KKHC,50,34,10,208.0,2080.0
2017-06-28,201706284929843,KKHC,50,25,16,208.0,3328.0
2017-06-28,201706284929842,KKHC,50,57,16,208.0,3328.0
2017-06-28,201706284929612,KMFL,14,20,16,2790.0,44640.0
2017-06-28,201706284929768,KNBL,42,58,40,556.0,22240.0
2017-06-28,201706284929767,KNBL,42,58,50,556.0,27800.0
2017-06-28,201706284929766,KNBL,16,58,20,556.0,11120.0
2017-06-28,201706284929765,KNBL,17,58,20,557.0,11140.0
2017-06-28,201706284929764,KNBL,45,58,70,557.0,38990.0
2017-06-28,201706284929756,KNBL,45,1,30,557.0,16710.0
2017-06-28,201706284929774,LGIL,54,1,500,966.0,483000.0
2017-06-28,201706284929773,LGIL,26,1,70,967.0,67690.0
2017-06-28,201706284929772,LGIL,37,1,100,968.0,96800.0
2017-06-28,201706284929714,LGIL,47,26,100,970.0,97000.0
2017-06-28,201706284929552,LGIL,47,44,100,980.0,98000.0
2017-06-28,201706284929857,MBL,47,58,118,359.0,42362.0
2017-06-28,201706284929856,MBL,47,44,200,357.0,71400.0
2017-06-28,201706284929826,MBL,58,44,600,357.0,214200.0
2017-06-28,201706284929825,MBL,47,44,200,357.0,71400.0
2017-06-28,201706284929584,MBL,37,58,50,358.0,17900.0
2017-06-28,201706284929771,MDB,26,17,100,520.0,52000.0
2017-06-28,201706284929875,MERO,26,22,24,2270.0,54480.0
2017-06-28,201706284929874,MERO,26,26,11,2270.0,24970.0
2017-06-28,201706284929809,MERO,42,42,11,2269.0,24959.0
2017-06-28,201706284929737,MERO,13,22,23,2250.0,51750.0
2017-06-28,201706284929736,MERO,13,22,11,2250.0,24750.0
2017-06-28,201706284929625,MERO,16,47,41,2232.0,91512.0
2017-06-28,201706284929710,MSMBS,22,39,11,1200.0,13200.0
2017-06-28,201706284929706,MSMBS,22,39,11,1200.0,13200.0
2017-06-28,201706284929885,NBB,45,25,132,397.0,52404.0
2017-06-28,201706284929733,NBB,42,13,30,398.0,11940.0
2017-06-28,201706284929833,NBL,28,28,20000,335.0,6700000.0
2017-06-28,201706284929896,NCCB,58,32,20,365.0,7300.0
2017-06-28,201706284929882,NCCB,5,37,340,365.0,124100.0
2017-06-28,201706284929871,NCCB,5,32,160,365.0,58400.0
2017-06-28,201706284929835,NCCB,53,52,470,366.0,172020.0
2017-06-28,201706284929754,NCCB,13,19,812,367.0,298004.0
2017-06-28,201706284929669,NCCB,40,19,150,367.0,55050.0
2017-06-28,201706284929653,NCCB,58,52,1000,364.0,364000.0
2017-06-28,201706284929633,NCCB,53,26,30,363.0,10890.0
2017-06-28,201706284929569,NCCB,44,44,913,368.0,335984.0
2017-06-28,201706284929567,NCCB,44,54,247,368.0,90896.0
2017-06-28,201706284929562,NCCB,16,41,19,362.0,6878.0
2017-06-28,201706284929895,NIB,39,13,200,744.0,148800.0
2017-06-28,201706284929894,NIB,39,16,235,744.0,174840.0
2017-06-28,201706284929878,NIB,39,14,26,743.0,19318.0
2017-06-28,201706284929838,NIB,16,16,6,729.0,4374.0
2017-06-28,201706284929813,NIB,42,42,52,743.0,38636.0
2017-06-28,201706284929743,NIB,1,13,100,740.0,74000.0
2017-06-28,201706284929631,NIB,37,10,32,745.0,23840.0
2017-06-28,201706284929628,NIB,37,10,32,745.0,23840.0
2017-06-28,201706284929620,NIB,39,41,174,745.0,129630.0
2017-06-28,201706284929610,NIB,37,44,32,745.0,23840.0
2017-06-28,201706284929742,NIB,44,13,100,740.0,74000.0
2017-06-28,201706284929741,NIB,22,13,100,741.0,74100.0
2017-06-28,201706284929738,NIB,42,42,52,744.0,38688.0
2017-06-28,201706284929720,NIB,42,53,40,745.0,29800.0
2017-06-28,201706284929713,NIB,16,26,100,741.0,74100.0
2017-06-28,201706284929681,NIB,44,13,300,742.0,222600.0
2017-06-28,201706284929866,NIBLPF,45,49,505,9.6,4848.0
2017-06-28,201706284929820,NIBLPF,26,49,505,9.6,4848.0
2017-06-28,201706284929686,NIBLPF,26,51,253,9.6,2428.8
2017-06-28,201706284929792,NICA,42,48,200,442.0,88400.0
2017-06-28,201706284929892,NICL,6,58,200,1454.0,290800.0
2017-06-28,201706284929816,NIL,22,5,100,961.0,96100.0
2017-06-28,201706284929815,NIL,22,5,100,961.0,96100.0
2017-06-28,201706284929814,NIL,25,5,100,965.0,96500.0
2017-06-28,201706284929547,NLBBL,49,49,100,1284.0,128400.0
2017-06-28,201706284929900,NLIC,56,38,50,2059.0,102950.0
2017-06-28,201706284929899,NLIC,56,48,40,2058.0,82320.0
2017-06-28,201706284929889,NLIC,22,34,10,2054.0,20540.0
2017-06-28,201706284929863,NLIC,34,34,10,2055.0,20550.0
2017-06-28,201706284929858,NLIC,42,42,10,2057.0,20570.0
2017-06-28,201706284929823,NLIC,50,44,10,2055.0,20550.0
2017-06-28,201706284929728,NLIC,59,51,16,2050.0,32800.0
2017-06-28,201706284929703,NLIC,34,34,10,2049.0,20490.0
2017-06-28,201706284929614,NLIC,53,10,50,2050.0,102500.0
2017-06-28,201706284929613,NLIC,22,10,20,2050.0,41000.0
2017-06-28,201706284929608,NLIC,56,44,38,2055.0,78090.0
2017-06-28,201706284929753,NLIC,34,34,10,2054.0,20540.0
2017-06-28,201706284929750,NLIC,42,42,10,2054.0,20540.0
2017-06-28,201706284929732,NLIC,59,26,10,2050.0,20500.0
2017-06-28,201706284929731,NLIC,59,26,10,2050.0,20500.0
2017-06-28,201706284929730,NLIC,59,51,16,2050.0,32800.0
2017-06-28,201706284929729,NLIC,59,51,16,2050.0,32800.0
2017-06-28,201706284929812,NLIC,34,34,10,2053.0,20530.0
2017-06-28,201706284929808,NLIC,34,17,20,2050.0,41000.0
2017-06-28,201706284929807,NLIC,59,17,280,2050.0,574000.0
2017-06-28,201706284929795,NLIC,34,34,10,2053.0,20530.0
2017-06-28,201706284929790,NLIC,59,13,10,2050.0,20500.0
2017-06-28,201706284929788,NLIC,59,50,10,2050.0,20500.0
2017-06-28,201706284929752,NLICL,41,13,100,2250.0,225000.0
2017-06-28,201706284929635,NLICL,17,42,30,2230.0,66900.0
2017-06-28,201706284929619,NLICL,56,56,631,2202.0,1389462.0
2017-06-28,201706284929555,NLICP,17,28,3500,1390.0,4865000.0
2017-06-28,201706284929755,NMB,42,42,58,549.0,31842.0
2017-06-28,201706284929883,NMBMF,16,16,16,2661.0,42576.0
2017-06-28,201706284929876,NMBMF,16,16,16,2661.0,42576.0
2017-06-28,201706284929872,NMBMF,16,16,16,2661.0,42576.0
2017-06-28,201706284929864,NMBMF,16,16,50,2661.0,133050.0
2017-06-28,201706284929850,NMBMF,1,1,16,2680.0,42880.0
2017-06-28,201706284929578,NMBMF,22,22,13,2683.0,34879.0
2017-06-28,201706284929565,NMBMF,22,22,27,2683.0,72441.0
2017-06-28,201706284929679,NMBSF1,41,29,1000,12.65,12650.0
2017-06-28,201706284929668,PCBL,37,39,28,404.0,11312.0
2017-06-28,201706284929550,PCBL,49,49,100,408.0,40800.0
2017-06-28,201706284929794,PIC,29,22,200,1631.0,326200.0
2017-06-28,201706284929793,PIC,52,22,107,1632.0,174624.0
2017-06-28,201706284929786,PIC,52,6,53,1632.0,86496.0
2017-06-28,201706284929654,PIC,56,56,740,1615.0,1195100.0
2017-06-28,201706284929603,PLIC,56,56,1997,2510.0,5012470.0
2017-06-28,201706284929848,PRVU,21,32,99,396.0,39204.0
2017-06-28,201706284929847,PRVU,6,32,100,396.0,39600.0
2017-06-28,201706284929846,PRVU,44,32,100,397.0,39700.0
2017-06-28,201706284929845,PRVU,1,32,10,397.0,3970.0
2017-06-28,201706284929554,PRVU,16,16,70,396.0,27720.0
2017-06-28,201706284929546,PRVU,50,42,26,396.0,10296.0
2017-06-28,201706284929798,PRVU,1,40,90,397.0,35730.0
2017-06-28,201706284929797,PRVU,21,40,50,397.0,19850.0
2017-06-28,201706284929606,PRVU,50,44,800,396.0,316800.0
2017-06-28,201706284929583,PRVU,11,44,100,396.0,39600.0
2017-06-28,201706284929582,PRVU,50,44,100,396.0,39600.0
2017-06-28,201706284929539,RMDC,44,44,1,790.0,790.0
2017-06-28,201706284929865,RSDC,11,16,14,2940.0,41160.0
2017-06-28,201706284929841,RSDC,42,42,10,2939.0,29390.0
2017-06-28,201706284929837,RSDC,7,39,10,2940.0,29400.0
2017-06-28,201706284929818,RSDC,42,42,10,2939.0,29390.0
2017-06-28,201706284929744,RSDC,11,47,10,2910.0,29100.0
2017-06-28,201706284929707,RSDC,14,7,14,2901.0,40614.0
2017-06-28,201706284929559,RSDC,59,59,14,2900.0,40600.0
2017-06-28,201706284929572,RSDC,59,59,14,2900.0,40600.0
2017-06-28,201706284929571,RSDC,22,59,14,2901.0,40614.0
2017-06-28,201706284929568,RSDC,59,59,14,2900.0,40600.0
2017-06-28,201706284929566,RSDC,59,59,14,2900.0,40600.0
2017-06-28,201706284929563,RSDC,59,59,14,2900.0,40600.0
2017-06-28,201706284929561,RSDC,59,59,14,2900.0,40600.0
2017-06-28,201706284929590,RSDC,14,14,14,2931.0,41034.0
2017-06-28,201706284929589,RSDC,14,14,14,2931.0,41034.0
2017-06-28,201706284929588,RSDC,14,14,14,2931.0,41034.0
2017-06-28,201706284929587,RSDC,14,14,14,2931.0,41034.0
2017-06-28,201706284929586,RSDC,14,25,10,2930.0,29300.0
2017-06-28,201706284929574,RSDC,59,59,14,2900.0,40600.0
2017-06-28,201706284929596,RSDC,14,14,14,2931.0,41034.0
2017-06-28,201706284929595,RSDC,14,14,14,2931.0,41034.0
2017-06-28,201706284929594,RSDC,14,14,14,2931.0,41034.0
2017-06-28,201706284929593,RSDC,14,14,14,2931.0,41034.0
2017-06-28,201706284929592,RSDC,14,14,14,2931.0,41034.0
2017-06-28,201706284929591,RSDC,14,14,14,2931.0,41034.0
2017-06-28,201706284929617,RSDC,14,20,14,2901.0,40614.0
2017-06-28,201706284929601,RSDC,14,14,14,2931.0,41034.0
2017-06-28,201706284929600,RSDC,14,14,14,2931.0,41034.0
2017-06-28,201706284929599,RSDC,14,14,14,2931.0,41034.0
2017-06-28,201706284929598,RSDC,14,14,14,2931.0,41034.0
2017-06-28,201706284929597,RSDC,14,14,14,2931.0,41034.0
2017-06-28,201706284929891,SADBL,26,58,50,395.0,19750.0
2017-06-28,201706284929881,SANIMA,45,6,305,425.0,129625.0
2017-06-28,201706284929880,SANIMA,45,7,100,425.0,42500.0
2017-06-28,201706284929879,SANIMA,45,6,95,425.0,40375.0
2017-06-28,201706284929851,SANIMA,37,6,100,425.0,42500.0
2017-06-28,201706284929684,SANIMA,49,21,200,424.0,84800.0
2017-06-28,201706284929632,SANIMA,49,6,354,425.0,150450.0
2017-06-28,201706284929630,SANIMA,49,35,100,425.0,42500.0
2017-06-28,201706284929629,SANIMA,1,35,200,425.0,85000.0
2017-06-28,201706284929549,SANIMA,49,49,100,426.0,42600.0
2017-06-28,201706284929897,SBL,37,14,18,480.0,8640.0
2017-06-28,201706284929677,SBL,57,28,300,483.0,144900.0
2017-06-28,201706284929676,SBL,57,35,200,482.0,96400.0
2017-06-28,201706284929860,SCB,42,42,10,2289.0,22890.0
2017-06-28,201706284929849,SCB,42,42,10,2289.0,22890.0
2017-06-28,201706284929830,SCB,26,48,51,2290.0,116790.0
2017-06-28,201706284929821,SCB,50,48,10,2290.0,22900.0
2017-06-28,201706284929819,SCB,42,42,10,2289.0,22890.0
2017-06-28,201706284929785,SCB,41,48,130,2290.0,297700.0
2017-06-28,201706284929558,SCB,45,41,24,2290.0,54960.0
2017-06-28,201706284929670,SCB,57,57,100,2299.0,229900.0
2017-06-28,201706284929618,SCB,6,44,100,2299.0,229900.0
2017-06-28,201706284929615,SCB,6,44,100,2299.0,229900.0
2017-06-28,201706284929581,SCB,36,20,10,2300.0,23000.0
2017-06-28,201706284929580,SCB,36,20,10,2300.0,23000.0
2017-06-28,201706284929573,SCB,41,44,10,2300.0,23000.0
2017-06-28,201706284929695,SCB,45,28,15,2290.0,34350.0
2017-06-28,201706284929694,SCB,5,28,100,2292.0,229200.0
2017-06-28,201706284929693,SCB,22,28,50,2295.0,114750.0
2017-06-28,201706284929692,SCB,6,28,50,2295.0,114750.0
2017-06-28,201706284929682,SCB,53,35,100,2296.0,229600.0
2017-06-28,201706284929678,SCB,34,3,45,2297.0,103365.0
2017-06-28,201706284929701,SCB,1,28,10,2290.0,22900.0
2017-06-28,201706284929700,SCB,1,28,10,2290.0,22900.0
2017-06-28,201706284929699,SCB,19,28,100,2290.0,229000.0
2017-06-28,201706284929698,SCB,29,28,50,2290.0,114500.0
2017-06-28,201706284929697,SCB,17,28,20,2290.0,45800.0
2017-06-28,201706284929696,SCB,45,28,76,2290.0,174040.0
2017-06-28,201706284929740,SCB,14,39,29,2290.0,66410.0
2017-06-28,201706284929724,SCB,41,39,50,2290.0,114500.0
2017-06-28,201706284929716,SCB,52,20,95,2290.0,217550.0
2017-06-28,201706284929712,SCB,52,20,98,2290.0,224420.0
2017-06-28,201706284929705,SCB,25,34,10,2290.0,22900.0
2017-06-28,201706284929702,SCB,25,28,50,2290.0,114500.0
2017-06-28,201706284929784,SCB,29,48,17,2290.0,38930.0
2017-06-28,201706284929783,SCB,14,48,22,2290.0,50380.0
2017-06-28,201706284929782,SCB,51,48,10,2291.0,22910.0
2017-06-28,201706284929781,SCB,39,48,35,2291.0,80185.0
2017-06-28,201706284929780,SCB,39,34,10,2291.0,22910.0
2017-06-28,201706284929760,SCB,42,42,10,2294.0,22940.0
2017-06-28,201706284929822,SHINE,32,32,150,420.0,63000.0
2017-06-28,201706284929749,SHINE,32,50,50,420.0,21000.0
2017-06-28,201706284929762,SHPC,42,42,15,1169.0,17535.0
2017-06-28,201706284929715,SHPC,1,25,72,1160.0,83520.0
2017-06-28,201706284929575,SPDL,39,20,15,250.0,3750.0
2017-06-28,201706284929664,SRBL,57,57,369,384.0,141696.0
2017-06-28,201706284929656,SRBL,57,6,100,384.0,38400.0
2017-06-28,201706284929655,SRBL,57,20,31,380.0,11780.0
2017-06-28,201706284929832,UFL,39,41,99,248.0,24552.0
2017-06-28,201706284929890,UIC,21,52,50,1479.0,73950.0
2017-06-28,201706284929862,UIC,33,47,31,1470.0,45570.0
2017-06-28,201706284929667,UIC,16,16,30,1470.0,44100.0
2017-06-28,201706284929666,UIC,40,40,100,1478.0,147800.0
2017-06-28,201706284929854,UMHL,42,42,14,362.0,5068.0
2017-06-28,201706284929776,UMHL,49,41,42,358.0,15036.0
2017-06-28,201706284929775,UMHL,43,41,50,359.0,17950.0
2017-06-28,201706284929545,UMHL,16,16,14,365.0,5110.0
2017-06-28,201706284929544,UMHL,16,16,14,365.0,5110.0
2017-06-28,201706284929543,UMHL,16,16,14,365.0,5110.0
2017-06-28,201706284929542,UMHL,16,16,14,365.0,5110.0
2017-06-28,201706284929541,UMHL,16,16,14,365.0,5110.0
2017-06-28,201706284929605,VLBS,48,20,23,1390.0,31970.0
2017-06-28,201706284929704,WOMI,22,22,21,1965.0,41265.0
2017-06-28,201706284929646,WOMI,22,22,21,1964.0,41244.0
2017-06-28,201706284929638,WOMI,22,22,21,1962.0,41202.0
2017-06-28,201706284929607,WOMI,22,44,21,1993.0,41853.0
2017-06-28,201706284931761,ADBL,5,48,642,423.0,271566.0
2017-06-28,201706284931743,ADBL,8,29,100,425.0,42500.0
2017-06-28,201706284931742,ADBL,8,49,19,424.0,8056.0
2017-06-28,201706284931697,ADBL,41,49,16,424.0,6784.0
2017-06-28,201706284931564,ADBL,41,8,57,422.0,24054.0
2017-06-28,201706284931553,ADBL,41,8,112,422.0,47264.0
2017-06-28,201706284931540,ADBL,41,8,57,422.0,24054.0
2017-06-28,201706284931508,ADBL,41,8,57,422.0,24054.0
2017-06-28,201706284931505,ADBL,29,48,20,422.0,8440.0
2017-06-28,201706284931503,ADBL,14,48,500,422.0,211000.0
2017-06-28,201706284931451,ADBL,42,8,57,422.0,24054.0
2017-06-28,201706284931800,AKPL,58,42,13,422.0,5486.0
2017-06-28,201706284931643,AKPL,45,40,10,421.0,4210.0
2017-06-28,201706284931638,AKPL,45,40,10,421.0,4210.0
2017-06-28,201706284931631,AKPL,39,42,13,422.0,5486.0
2017-06-28,201706284931407,AKPL,45,11,10,421.0,4210.0
2017-06-28,201706284931406,AKPL,45,11,10,421.0,4210.0
2017-06-28,201706284931403,AKPL,45,11,10,421.0,4210.0
2017-06-28,201706284931637,ALICL,28,58,500,1477.0,738500.0
2017-06-28,201706284931636,ALICL,21,58,50,1478.0,73900.0
2017-06-28,201706284931635,ALICL,26,58,500,1478.0,739000.0
2017-06-28,201706284931502,ALICL,50,50,60,1480.0,88800.0
2017-06-28,201706284931763,API,49,56,27,560.0,15120.0
2017-06-28,201706284931762,API,49,38,10,555.0,5550.0
2017-06-28,201706284931893,BARUN,42,37,10,260.0,2600.0
2017-06-28,201706284931769,BOKL,49,47,163,455.0,74165.0
2017-06-28,201706284931768,BOKL,49,51,30,455.0,13650.0
2017-06-28,201706284931749,BOKL,57,51,100,455.0,45500.0
2017-06-28,201706284931551,BOKL,57,38,19,454.0,8626.0
2017-06-28,201706284931464,BOKL,48,51,100,455.0,45500.0
2017-06-28,201706284931574,CBL,33,51,980,240.0,235200.0
2017-06-28,201706284931560,CBL,22,51,20,240.0,4800.0
2017-06-28,201706284931530,CBL,22,13,66,240.0,15840.0
2017-06-28,201706284931529,CBL,8,13,84,240.0,20160.0
2017-06-28,201706284931513,CBL,8,8,16,240.0,3840.0
2017-06-28,201706284931826,CCBL,40,40,100,366.0,36600.0
2017-06-28,201706284931823,CCBL,11,48,189,365.0,68985.0
2017-06-28,201706284931698,CCBL,56,56,1133,362.0,410146.0
2017-06-28,201706284931492,CCBL,42,40,100,366.0,36600.0
2017-06-28,201706284931426,CCBL,43,48,38,365.0,13870.0
2017-06-28,201706284931575,CCBL,48,41,20,365.0,7300.0
2017-06-28,201706284931883,CHCL,11,13,135,807.0,108945.0
2017-06-28,201706284931665,CHCL,39,28,10,810.0,8100.0
2017-06-28,201706284931614,CHCL,39,25,24,809.0,19416.0
2017-06-28,201706284931580,CHCL,20,35,63,802.0,50526.0
2017-06-28,201706284931572,CHCL,35,35,143,802.0,114686.0
2017-06-28,201706284931777,CZBIL,42,34,49,378.0,18522.0
2017-06-28,201706284931733,CZBIL,49,50,167,378.0,63126.0
2017-06-28,201706284931667,CZBIL,17,45,500,378.0,189000.0
2017-06-28,201706284931559,CZBIL,25,45,200,378.0,75600.0
2017-06-28,201706284931847,DBBL,45,35,19,270.0,5130.0
2017-06-28,201706284931846,DBBL,26,35,181,270.0,48870.0
2017-06-28,201706284931789,DBBL,17,34,500,270.0,135000.0
2017-06-28,201706284931576,DBBL,21,21,4,271.0,1084.0
2017-06-28,201706284931533,DBBL,34,58,100,273.0,27300.0
2017-06-28,201706284931498,DBBL,17,58,14,273.0,3822.0
2017-06-28,201706284931418,DBBL,17,58,16,273.0,4368.0
2017-06-28,201706284931722,DDBL,53,14,310,1290.0,399900.0
2017-06-28,201706284931680,DDBL,16,14,50,1290.0,64500.0
2017-06-28,201706284931478,DDBL,17,32,150,1290.0,193500.0
2017-06-28,201706284931437,DDBL,16,32,280,1290.0,361200.0
2017-06-28,201706284931436,DDBL,17,32,30,1290.0,38700.0
2017-06-28,201706284931887,EBL,22,6,100,1383.0,138300.0
2017-06-28,201706284931792,EBL,48,37,16,1385.0,22160.0
2017-06-28,201706284931791,EBL,29,37,70,1386.0,97020.0
2017-06-28,201706284931788,EBL,48,57,84,1385.0,116340.0
2017-06-28,201706284931750,EBL,39,44,10,1388.0,13880.0
2017-06-28,201706284931683,EBL,53,48,100,1385.0,138500.0
2017-06-28,201706284931444,EBL,47,5,200,1388.0,277600.0
2017-06-28,201706284931443,EBL,47,5,100,1388.0,138800.0
2017-06-28,201706284931442,EBL,47,34,50,1388.0,69400.0
2017-06-28,201706284931441,EBL,47,25,100,1387.0,138700.0
2017-06-28,201706284931624,EBL,46,45,282,1382.0,389724.0
2017-06-28,201706284931623,EBL,6,45,100,1382.0,138200.0
2017-06-28,201706284931622,EBL,50,45,35,1383.0,48405.0
2017-06-28,201706284931584,EBL,50,21,85,1383.0,117555.0
2017-06-28,201706284931864,EBLCP,58,48,80,883.0,70640.0
2017-06-28,201706284931863,EBLCP,10,48,20,900.0,18000.0
2017-06-28,201706284931586,EDBL,48,42,100,640.0,64000.0
2017-06-28,201706284931854,FMDBL,22,34,20,1017.0,20340.0
2017-06-28,201706284931573,GBBL,44,38,700,296.0,207200.0
2017-06-28,201706284931477,GBBL,28,51,150,295.0,44250.0
2017-06-28,201706284931729,GBIME,8,28,93,379.0,35247.0
2017-06-28,201706284931728,GBIME,8,28,229,379.0,86791.0
2017-06-28,201706284931727,GBIME,8,51,78,378.0,29484.0
2017-06-28,201706284931562,GBIME,32,16,203,375.0,76125.0
2017-06-28,201706284931561,GBIME,32,8,56,375.0,21000.0
2017-06-28,201706284931523,GBIME,40,16,970,375.0,363750.0
2017-06-28,201706284931522,GBIME,59,16,10,375.0,3750.0
2017-06-28,201706284931516,GBIME,40,41,30,375.0,11250.0
2017-06-28,201706284931495,GBIME,14,14,7,370.0,2590.0
2017-06-28,201706284931520,GIMES1,54,1,600,10.0,6000.0
2017-06-28,201706284931716,GLICL,21,40,150,1020.0,153000.0
2017-06-28,201706284931675,GLICL,17,40,50,1020.0,51000.0
2017-06-28,201706284931558,GLICL,21,36,100,1015.0,101500.0
2017-06-28,201706284931775,GRDBL,14,28,52,638.0,33176.0
2017-06-28,201706284931774,GRDBL,14,5,70,632.0,44240.0
2017-06-28,201706284931773,GRDBL,14,49,21,632.0,13272.0
2017-06-28,201706284931772,GRDBL,14,49,21,632.0,13272.0
2017-06-28,201706284931696,GRDBL,14,42,10,626.0,6260.0
2017-06-28,201706284931685,GRDBL,4,4,10,625.0,6250.0
2017-06-28,201706284931535,GRDBL,58,22,10,621.0,6210.0
2017-06-28,201706284931849,GUFL,53,8,25,188.0,4700.0
2017-06-28,201706284931744,GUFL,28,25,215,187.0,40205.0
2017-06-28,201706284931890,HGI,17,6,89,1680.0,149520.0
2017-06-28,201706284931889,HGI,17,11,111,1680.0,186480.0
2017-06-28,201706284931878,HGI,45,8,24,1679.0,40296.0
2017-06-28,201706284931876,HGI,11,11,100,1680.0,168000.0
2017-06-28,201706284931865,HGI,41,11,50,1680.0,84000.0
2017-06-28,201706284931862,HGI,45,34,124,1679.0,208196.0
2017-06-28,201706284931414,HGI,28,29,100,1676.0,167600.0
2017-06-28,201706284931413,HGI,41,29,100,1676.0,167600.0
2017-06-28,201706284931412,HGI,46,29,30,1676.0,50280.0
2017-06-28,201706284931411,HGI,46,29,10,1676.0,16760.0
2017-06-28,201706284931446,HGI,45,49,120,1675.0,201000.0
2017-06-28,201706284931445,HGI,45,49,200,1675.0,335000.0
2017-06-28,201706284931435,HGI,45,49,150,1675.0,251250.0
2017-06-28,201706284931421,HGI,42,49,60,1675.0,100500.0
2017-06-28,201706284931420,HGI,55,49,50,1675.0,83750.0
2017-06-28,201706284931419,HGI,32,49,20,1675.0,33500.0
2017-06-28,201706284931587,HGI,26,22,30,1678.0,50340.0
2017-06-28,201706284931514,HGI,41,20,100,1677.0,167700.0
2017-06-28,201706284931482,HGI,42,29,10,1676.0,16760.0
2017-06-28,201706284931461,HGI,41,49,140,1675.0,234500.0
2017-06-28,201706284931455,HGI,16,49,60,1675.0,100500.0
2017-06-28,201706284931454,HGI,13,49,200,1675.0,335000.0
2017-06-28,201706284931684,HGI,37,50,60,1679.0,100740.0
2017-06-28,201706284931660,HGI,4,17,40,1678.0,67120.0
2017-06-28,201706284931642,HGI,37,50,50,1679.0,83950.0
2017-06-28,201706284931632,HGI,34,50,100,1679.0,167900.0
2017-06-28,201706284931613,HGI,45,1,150,1679.0,251850.0
2017-06-28,201706284931588,HGI,26,1,20,1679.0,33580.0
2017-06-28,201706284931786,HGI,14,50,60,1679.0,100740.0
2017-06-28,201706284931776,HGI,11,11,10,1680.0,16800.0
2017-06-28,201706284931759,HGI,10,11,150,1680.0,252000.0
2017-06-28,201706284931754,HGI,14,32,50,1679.0,83950.0
2017-06-28,201706284931720,HGI,17,11,20,1680.0,33600.0
2017-06-28,201706284931688,HGI,14,50,90,1679.0,151110.0
2017-06-28,201706284931842,HGI,32,11,50,1680.0,84000.0
2017-06-28,201706284931820,HGI,54,11,20,1680.0,33600.0
2017-06-28,201706284931811,HGI,45,8,76,1679.0,127604.0
2017-06-28,201706284931803,HGI,57,11,70,1680.0,117600.0
2017-06-28,201706284931799,HGI,25,50,290,1679.0,486910.0
2017-06-28,201706284931787,HGI,34,50,150,1679.0,251850.0
2017-06-28,201706284931875,HIDCL,45,51,30,196.0,5880.0
2017-06-28,201706284931867,HIDCL,32,21,56,195.0,10920.0
2017-06-28,201706284931848,HIDCL,42,21,56,195.0,10920.0
2017-06-28,201706284931841,HIDCL,42,21,56,195.0,10920.0
2017-06-28,201706284931836,HIDCL,37,21,569,195.0,110955.0
2017-06-28,201706284931832,HIDCL,42,29,13,195.0,2535.0
2017-06-28,201706284931625,HIDCL,13,43,58,196.0,11368.0
2017-06-28,201706284931526,HIDCL,11,48,145,195.0,28275.0
2017-06-28,201706284931785,HIDCL,42,29,13,195.0,2535.0
2017-06-28,201706284931738,HIDCL,13,51,30,196.0,5880.0
2017-06-28,201706284931737,HIDCL,59,51,44,196.0,8624.0
2017-06-28,201706284931736,HIDCL,22,51,44,196.0,8624.0
2017-06-28,201706284931723,HIDCL,13,38,56,196.0,10976.0
2017-06-28,201706284931626,HIDCL,13,43,56,196.0,10976.0
2017-06-28,201706284931807,ICFC,21,28,200,280.0,56000.0
2017-06-28,201706284931664,ICFC,55,35,1000,279.0,279000.0
2017-06-28,201706284931663,ICFC,55,29,100,279.0,27900.0
2017-06-28,201706284931450,ICFC,45,28,700,275.0,192500.0
2017-06-28,201706284931404,ICFC,25,28,200,275.0,55000.0
2017-06-28,201706284931745,JBBL,1,51,200,208.0,41600.0
2017-06-28,201706284931902,JBNL,55,18,1000,266.0,266000.0
2017-06-28,201706284931682,JBNL,26,56,650,265.0,172250.0
2017-06-28,201706284931681,JBNL,41,56,30,267.0,8010.0
2017-06-28,201706284931617,JBNL,26,56,1350,265.0,357750.0
2017-06-28,201706284931571,JBNL,42,18,400,265.0,106000.0
2017-06-28,201706284931570,JBNL,57,18,950,265.0,251750.0
2017-06-28,201706284931527,JBNL,57,41,50,265.0,13250.0
2017-06-28,201706284931507,JBNL,34,18,200,266.0,53200.0
2017-06-28,201706284931506,JBNL,25,18,50,266.0,13300.0
2017-06-28,201706284931630,JSLBB,19,40,10,3105.0,31050.0
2017-06-28,201706284931579,JSLBB,19,4,10,3105.0,31050.0
2017-06-28,201706284931798,KBBL,34,34,32,323.0,10336.0
2017-06-28,201706284931702,KBBL,32,32,2000,325.0,650000.0
2017-06-28,201706284931879,KBL,17,17,100,322.0,32200.0
2017-06-28,201706284931818,KBL,58,39,845,321.0,271245.0
2017-06-28,201706284931817,KBL,5,39,200,321.0,64200.0
2017-06-28,201706284931816,KBL,17,39,200,322.0,64400.0
2017-06-28,201706284931815,KBL,42,39,40,322.0,12880.0
2017-06-28,201706284931814,KBL,58,39,915,322.0,294630.0
2017-06-28,201706284931449,KBL,17,42,2000,321.0,642000.0
2017-06-28,201706284931439,KBL,34,42,700,321.0,224700.0
2017-06-28,201706284931578,KBL,58,14,1006,322.0,323932.0
2017-06-28,201706284931481,KBL,17,42,1250,321.0,401250.0
2017-06-28,201706284931479,KBL,16,8,238,320.0,76160.0
2017-06-28,201706284931468,KBL,17,42,500,321.0,160500.0
2017-06-28,201706284931466,KBL,37,42,50,321.0,16050.0
2017-06-28,201706284931460,KBL,17,42,100,321.0,32100.0
2017-06-28,201706284931813,KBL,42,39,100,322.0,32200.0
2017-06-28,201706284931779,KBL,58,39,500,322.0,161000.0
2017-06-28,201706284931756,KBL,17,39,200,323.0,64600.0
2017-06-28,201706284931711,KBL,8,48,300,325.0,97500.0
2017-06-28,201706284931659,KBL,17,48,200,325.0,65000.0
2017-06-28,201706284931640,KBL,17,48,500,325.0,162500.0
2017-06-28,201706284931431,KKHC,18,48,15,214.0,3210.0
2017-06-28,201706284931569,KMFL,10,11,56,2805.0,157080.0
2017-06-28,201706284931782,KNBL,11,34,10,555.0,5550.0
2017-06-28,201706284931734,KNBL,38,34,100,555.0,55500.0
2017-06-28,201706284931678,KNBL,26,34,30,555.0,16650.0
2017-06-28,201706284931677,KNBL,26,1,20,555.0,11100.0
2017-06-28,201706284931409,KRBL,42,49,10,296.0,2960.0
2017-06-28,201706284931656,LBL,1,47,500,395.0,197500.0
2017-06-28,201706284931655,LBL,26,47,100,395.0,39500.0
2017-06-28,201706284931654,LBL,48,47,100,395.0,39500.0
2017-06-28,201706284931653,LBL,17,47,200,395.0,79000.0
2017-06-28,201706284931652,LBL,17,47,50,395.0,19750.0
2017-06-28,201706284931429,LBL,38,25,100,400.0,40000.0
2017-06-28,201706284931402,LBL,28,50,350,400.0,140000.0
2017-06-28,201706284931627,LBL,38,47,110,400.0,44000.0
2017-06-28,201706284931546,LBL,34,58,50,407.0,20350.0
2017-06-28,201706284931532,LBL,5,58,20,407.0,8140.0
2017-06-28,201706284931517,LBL,42,16,100,408.0,40800.0
2017-06-28,201706284931473,LBL,5,53,50,407.0,20350.0
2017-06-28,201706284931472,LBL,5,53,130,407.0,52910.0
2017-06-28,201706284931651,LBL,47,47,50,395.0,19750.0
2017-06-28,201706284931650,LBL,33,47,100,396.0,39600.0
2017-06-28,201706284931649,LBL,14,47,100,397.0,39700.0
2017-06-28,201706284931648,LBL,1,47,90,397.0,35730.0
2017-06-28,201706284931647,LBL,46,47,300,399.0,119700.0
2017-06-28,201706284931628,LBL,42,47,50,400.0,20000.0
2017-06-28,201706284931597,LGIL,42,6,20,976.0,19520.0
2017-06-28,201706284931758,LVF1,55,40,10000,12.6,126000.0
2017-06-28,201706284931666,MBL,32,32,100,364.0,36400.0
2017-06-28,201706284931641,MBL,32,32,2000,358.0,716000.0
2017-06-28,201706284931618,MBL,58,59,98,360.0,35280.0
2017-06-28,201706284931471,MBL,51,32,500,358.0,179000.0
2017-06-28,201706284931410,MBL,6,59,100,357.0,35700.0
2017-06-28,201706284931592,MDB,40,43,100,531.0,53100.0
2017-06-28,201706284931591,MDB,40,52,30,530.0,15900.0
2017-06-28,201706284931891,MERO,45,25,27,2255.0,60885.0
2017-06-28,201706284931784,MERO,43,56,11,2256.0,24816.0
2017-06-28,201706284931509,MLBBL,6,50,50,1326.0,66300.0
2017-06-28,201706284931491,MLBBL,47,17,50,1300.0,65000.0
2017-06-28,201706284931805,MNBBL,10,10,1328,943.0,1252304.0
2017-06-28,201706284931621,MNBBL,48,46,357,940.0,335580.0
2017-06-28,201706284931874,NABIL,41,47,50,1493.0,74650.0
2017-06-28,201706284931753,NABIL,49,22,96,1490.0,143040.0
2017-06-28,201706284931748,NABIL,49,22,50,1490.0,74500.0
2017-06-28,201706284931512,NABIL,35,48,50,1490.0,74500.0
2017-06-28,201706284931844,NBB,13,50,369,396.0,146124.0
2017-06-28,201706284931781,NBB,22,43,250,396.0,99000.0
2017-06-28,201706284931780,NBB,49,43,250,396.0,99000.0
2017-06-28,201706284931770,NBF1,47,49,2000,19.5,39000.0
2017-06-28,201706284931430,NBIL,29,25,100,980.0,98000.0
2017-06-28,201706284931866,NBL,39,34,1000,339.0,339000.0
2017-06-28,201706284931859,NBL,54,34,500,339.0,169500.0
2017-06-28,201706284931858,NBL,8,34,100,339.0,33900.0
2017-06-28,201706284931485,NBL,39,34,2000,340.0,680000.0
2017-06-28,201706284931484,NBL,42,42,183,338.0,61854.0
2017-06-28,201706284931900,NCCB,58,49,500,370.0,185000.0
2017-06-28,201706284931899,NCCB,6,49,300,370.0,111000.0
2017-06-28,201706284931898,NCCB,5,49,40,370.0,14800.0
2017-06-28,201706284931897,NCCB,1,49,18,370.0,6660.0
2017-06-28,201706284931872,NCCB,55,43,690,371.0,255990.0
2017-06-28,201706284931871,NCCB,55,25,500,371.0,185500.0
2017-06-28,201706284931432,NCCB,39,11,200,370.0,74000.0
2017-06-28,201706284931422,NCCB,16,22,158,370.0,58460.0
2017-06-28,201706284931599,NCCB,16,49,500,370.0,185000.0
2017-06-28,201706284931548,NCCB,38,49,50,370.0,18500.0
2017-06-28,201706284931545,NCCB,32,49,361,370.0,133570.0
2017-06-28,201706284931480,NCCB,32,51,958,370.0,354460.0
2017-06-28,201706284931456,NCCB,16,51,42,370.0,15540.0
2017-06-28,201706284931433,NCCB,39,25,90,370.0,33300.0
2017-06-28,201706284931809,NCCB,1,43,100,370.0,37000.0
2017-06-28,201706284931760,NCCB,52,41,139,369.0,51291.0
2017-06-28,201706284931732,NCCB,5,25,84,371.0,31164.0
2017-06-28,201706284931731,NCCB,5,25,176,371.0,65296.0
2017-06-28,201706284931721,NCCB,7,25,500,370.0,185000.0
2017-06-28,201706284931629,NCCB,52,49,325,370.0,120250.0
2017-06-28,201706284931852,NCCB,1,51,82,370.0,30340.0
2017-06-28,201706284931851,NCCB,1,44,100,370.0,37000.0
2017-06-28,201706284931835,NCCB,32,35,564,369.0,208116.0
2017-06-28,201706284931834,NCCB,52,35,36,369.0,13284.0
2017-06-28,201706284931833,NCCB,6,35,100,369.0,36900.0
2017-06-28,201706284931810,NCCB,56,43,50,370.0,18500.0
2017-06-28,201706284931843,NEF,13,34,483,9.75,4709.25
2017-06-28,201706284931549,NEF,35,22,2414,9.75,23536.5
2017-06-28,201706284931793,NGPL,29,29,10,275.0,2750.0
2017-06-28,201706284931475,NGPL,37,26,10,275.0,2750.0
2017-06-28,201706284931474,NGPL,37,26,10,275.0,2750.0
2017-06-28,201706284931870,NIB,33,33,6,748.0,4488.0
2017-06-28,201706284931794,NIB,33,42,113,748.0,84524.0
2017-06-28,201706284931751,NIB,28,17,32,748.0,23936.0
2017-06-28,201706284931735,NIB,28,42,58,748.0,43384.0
2017-06-28,201706284931594,NIB,45,22,12,745.0,8940.0
2017-06-28,201706284931590,NIB,45,22,12,745.0,8940.0
2017-06-28,201706284931583,NIB,45,41,13,745.0,9685.0
2017-06-28,201706284931524,NIB,32,32,32,747.0,23904.0
2017-06-28,201706284931493,NIB,32,32,6,745.0,4470.0
2017-06-28,201706284931837,NIBPO,57,11,70,626.0,43820.0
2017-06-28,201706284931674,NIBPO,49,34,2000,627.0,1254000.0
2017-06-28,201706284931894,NICA,45,55,20,441.0,8820.0
2017-06-28,201706284931752,NICA,8,10,300,441.0,132300.0
2017-06-28,201706284931612,NICA,45,47,1206,435.0,524610.0
2017-06-28,201706284931611,NICA,54,47,2000,436.0,872000.0
2017-06-28,201706284931610,NICA,58,47,250,436.0,109000.0
2017-06-28,201706284931609,NICA,54,47,100,437.0,43700.0
2017-06-28,201706284931463,NICA,42,8,48,439.0,21072.0
2017-06-28,201706284931602,NICA,42,47,44,439.0,19316.0
2017-06-28,201706284931601,NICA,50,47,300,440.0,132000.0
2017-06-28,201706284931555,NICA,25,25,39,440.0,17160.0
2017-06-28,201706284931554,NICA,25,37,161,440.0,70840.0
2017-06-28,201706284931494,NICA,42,8,48,439.0,21072.0
2017-06-28,201706284931486,NICA,42,8,48,439.0,21072.0
2017-06-28,201706284931608,NICA,54,47,100,437.0,43700.0
2017-06-28,201706284931607,NICA,1,47,50,437.0,21850.0
2017-06-28,201706284931606,NICA,48,47,100,437.0,43700.0
2017-06-28,201706284931605,NICA,26,47,100,438.0,43800.0
2017-06-28,201706284931604,NICA,32,47,550,438.0,240900.0
2017-06-28,201706284931603,NICA,13,47,200,439.0,87800.0
2017-06-28,201706284931892,NICL,6,46,180,1440.0,259200.0
2017-06-28,201706284931856,NICL,45,46,116,1440.0,167040.0
2017-06-28,201706284931855,NICL,45,20,84,1440.0,120960.0
2017-06-28,201706284931541,NICL,10,20,75,1440.0,108000.0
2017-06-28,201706284931895,NIL,53,45,150,979.0,146850.0
2017-06-28,201706284931873,NIL,10,53,300,978.0,293400.0
2017-06-28,201706284931790,NIL,11,1,50,980.0,49000.0
2017-06-28,201706284931740,NIL,5,1,30,980.0,29400.0
2017-06-28,201706284931710,NIL,5,41,100,980.0,98000.0
2017-06-28,201706284931709,NIL,5,33,86,980.0,84280.0
2017-06-28,201706284931708,NIL,5,47,184,975.0,179400.0
2017-06-28,201706284931707,NIL,5,33,500,973.0,486500.0
2017-06-28,201706284931869,NLBBL,45,43,250,1270.0,317500.0
2017-06-28,201706284931868,NLBBL,42,43,50,1270.0,63500.0
2017-06-28,201706284931405,NLG,33,50,317,1460.0,462820.0
2017-06-28,201706284931850,NLIC,32,34,50,2050.0,102500.0
2017-06-28,201706284931825,NLIC,19,11,10,2047.0,20470.0
2017-06-28,201706284931766,NLIC,43,56,10,2048.0,20480.0
2017-06-28,201706284931453,NLIC,19,57,15,2047.0,30705.0
2017-06-28,201706284931428,NLIC,19,34,10,2050.0,20500.0
2017-06-28,201706284931427,NLIC,39,34,20,2050.0,41000.0
2017-06-28,201706284931739,NLICL,34,13,50,2258.0,112900.0
2017-06-28,201706284931557,NLICL,20,6,50,2259.0,112950.0
2017-06-28,201706284931458,NLICL,50,48,23,2255.0,51865.0
2017-06-28,201706284931715,NMB,8,58,71,545.0,38695.0
2017-06-28,201706284931714,NMB,8,8,29,545.0,15805.0
2017-06-28,201706284931537,NMB,8,41,28,541.0,15148.0
2017-06-28,201706284931504,NMB,59,58,17,545.0,9265.0
2017-06-28,201706284931500,NMB,59,8,11,545.0,5995.0
2017-06-28,201706284931857,NMBHF1,29,29,832,9.79,8145.28
2017-06-28,201706284931828,NMBHF1,19,34,832,9.71,8078.72
2017-06-28,201706284931819,NMBHF1,29,29,832,9.79,8145.28
2017-06-28,201706284931662,NNLB,48,42,11,2260.0,24860.0
2017-06-28,201706284931831,NTC,8,7,900,663.0,596700.0
2017-06-28,201706284931830,NTC,8,1,100,663.0,66300.0
2017-06-28,201706284931860,PCBL,42,52,10,409.0,4090.0
2017-06-28,201706284931853,PCBL,13,25,70,409.0,28630.0
2017-06-28,201706284931795,PCBL,28,51,58,410.0,23780.0
2017-06-28,201706284931706,PCBL,18,45,17,410.0,6970.0
2017-06-28,201706284931661,PCBL,42,6,60,409.0,24540.0
2017-06-28,201706284931547,PCBL,42,41,23,409.0,9407.0
2017-06-28,201706284931840,PIC,14,6,100,1660.0,166000.0
2017-06-28,201706284931839,PIC,14,43,151,1657.0,250207.0
2017-06-28,201706284931778,PIC,14,25,139,1655.0,230045.0
2017-06-28,201706284931747,PIC,29,45,42,1641.0,68922.0
2017-06-28,201706284931567,PIC,56,6,200,1650.0,330000.0
2017-06-28,201706284931566,PIC,56,22,200,1650.0,330000.0
2017-06-28,201706284931565,PIC,56,45,150,1645.0,246750.0
2017-06-28,201706284931838,PICL,57,46,296,1420.0,420320.0
2017-06-28,201706284931596,PICL,41,46,130,1420.0,184600.0
2017-06-28,201706284931497,PLIC,22,11,300,2560.0,768000.0
2017-06-28,201706284931821,PRIN,53,1,200,1030.0,206000.0
2017-06-28,201706284931845,PRVU,33,6,14,399.0,5586.0
2017-06-28,201706284931806,PRVU,7,13,120,400.0,48000.0
2017-06-28,201706284931783,PRVU,33,6,14,399.0,5586.0
2017-06-28,201706284931767,PRVU,33,6,14,399.0,5586.0
2017-06-28,201706284931726,PRVU,28,42,200,400.0,80000.0
2017-06-28,201706284931713,PRVU,33,51,38,399.0,15162.0
2017-06-28,201706284931518,PRVU,28,35,500,400.0,200000.0
2017-06-28,201706284931457,PRVU,33,14,100,399.0,39900.0
2017-06-28,201706284931415,PRVU,50,35,100,400.0,40000.0
2017-06-28,201706284931658,PRVU,49,13,120,400.0,48000.0
2017-06-28,201706284931657,PRVU,49,42,130,400.0,52000.0
2017-06-28,201706284931646,PRVU,49,13,60,400.0,24000.0
2017-06-28,201706284931645,PRVU,49,35,190,400.0,76000.0
2017-06-28,201706284931644,PRVU,6,35,100,400.0,40000.0
2017-06-28,201706284931585,PRVU,33,41,30,399.0,11970.0
2017-06-28,201706284931568,PURBL,47,41,27,296.0,7992.0
2017-06-28,201706284931694,RBCLPO,32,45,10,11646.0,116460.0
2017-06-28,201706284931598,RHPC,56,22,26,202.0,5252.0
2017-06-28,201706284931888,RSDC,45,22,10,2930.0,29300.0
2017-06-28,201706284931861,RSDC,26,49,10,2925.0,29250.0
2017-06-28,201706284931725,RSDC,37,37,10,2930.0,29300.0
2017-06-28,201706284931701,RSDC,26,49,10,2925.0,29250.0
2017-06-28,201706284931679,RSDC,28,25,10,2925.0,29250.0
2017-06-28,201706284931496,RSDC,16,49,10,2930.0,29300.0
2017-06-28,201706284931452,RSDC,37,49,10,2931.0,29310.0
2017-06-28,201706284931822,SANIMA,41,41,100,425.0,42500.0
2017-06-28,201706284931741,SANIMA,56,56,1400,424.0,593600.0
2017-06-28,201706284931693,SANIMA,1,22,50,424.0,21200.0
2017-06-28,201706284931692,SANIMA,49,22,300,424.0,127200.0
2017-06-28,201706284931691,SANIMA,50,22,70,424.0,29680.0
2017-06-28,201706284931690,SANIMA,38,22,2000,424.0,848000.0
2017-06-28,201706284931689,SANIMA,42,22,100,424.0,42400.0
2017-06-28,201706284931634,SANIMA,50,4,44,425.0,18700.0
2017-06-28,201706284931633,SANIMA,50,50,206,425.0,87550.0
2017-06-28,201706284931501,SANIMA,13,4,210,424.0,89040.0
2017-06-28,201706284931705,SBI,42,17,180,930.0,167400.0
2017-06-28,201706284931704,SBI,47,17,59,930.0,54870.0
2017-06-28,201706284931543,SBI,16,49,400,935.0,374000.0
2017-06-28,201706284931425,SBI,47,13,70,930.0,65100.0
2017-06-28,201706284931424,SBI,47,28,879,930.0,817470.0
2017-06-28,201706284931824,SBL,10,35,900,479.0,431100.0
2017-06-28,201706284931746,SBL,33,55,200,480.0,96000.0
2017-06-28,201706284931719,SBL,38,55,100,480.0,48000.0
2017-06-28,201706284931620,SBL,40,55,83,480.0,39840.0
2017-06-28,201706284931619,SBL,40,6,17,480.0,8160.0
2017-06-28,201706284931901,SCB,40,17,10,2296.0,22960.0
2017-06-28,201706284931877,SCB,40,39,10,2296.0,22960.0
2017-06-28,201706284931676,SCB,40,39,10,2296.0,22960.0
2017-06-28,201706284931673,SCB,48,19,50,2299.0,114950.0
2017-06-28,201706284931672,SCB,48,10,10,2299.0,22990.0
2017-06-28,201706284931490,SCB,55,10,10,2296.0,22960.0
2017-06-28,201706284931483,SCB,5,10,10,2296.0,22960.0
2017-06-28,201706284931476,SCB,5,10,10,2296.0,22960.0
2017-06-28,201706284931470,SCB,5,10,10,2296.0,22960.0
2017-06-28,201706284931423,SCB,5,52,10,2296.0,22960.0
2017-06-28,201706284931671,SCB,48,10,10,2299.0,22990.0
2017-06-28,201706284931670,SCB,48,10,10,2299.0,22990.0
2017-06-28,201706284931669,SCB,48,10,10,2299.0,22990.0
2017-06-28,201706284931668,SCB,48,10,10,2299.0,22990.0
2017-06-28,201706284931639,SCB,40,21,10,2296.0,22960.0
2017-06-28,201706284931589,SCB,42,10,10,2299.0,22990.0
2017-06-28,201706284931593,SHINE,14,41,25,412.0,10300.0
2017-06-28,201706284931511,SHINE,33,38,70,412.0,28840.0
2017-06-28,201706284931827,SHL,34,34,8500,353.0,3000500.0
2017-06-28,201706284931730,SHL,35,37,125,353.0,44125.0
2017-06-28,201706284931886,SHPC,7,10,18,1177.0,21186.0
2017-06-28,201706284931885,SHPC,7,7,100,1177.0,117700.0
2017-06-28,201706284931882,SHPC,7,43,300,1176.0,352800.0
2017-06-28,201706284931881,SHPC,7,8,100,1176.0,117600.0
2017-06-28,201706284931880,SHPC,7,6,12,1175.0,14100.0
2017-06-28,201706284931417,SHPC,32,11,150,1175.0,176250.0
2017-06-28,201706284931416,SHPC,32,11,100,1175.0,117500.0
2017-06-28,201706284931757,SHPC,40,22,528,1175.0,620400.0
2017-06-28,201706284931595,SHPC,56,41,10,1167.0,11670.0
2017-06-28,201706284931563,SHPC,40,48,800,1170.0,936000.0
2017-06-28,201706284931438,SIGS1,5,56,3000,23.5,70500.0
2017-06-28,201706284931699,SIL,10,13,100,1448.0,144800.0
2017-06-28,201706284931556,SIL,10,34,11,1441.0,15851.0
2017-06-28,201706284931552,SIL,10,34,16,1441.0,23056.0
2017-06-28,201706284931550,SIL,10,34,10,1441.0,14410.0
2017-06-28,201706284931538,SIL,10,34,16,1441.0,23056.0
2017-06-28,201706284931536,SIL,10,34,24,1441.0,34584.0
2017-06-28,201706284931510,SIL,10,34,27,1441.0,38907.0
2017-06-28,201706284931447,SIL,34,34,9,1440.0,12960.0
2017-06-28,201706284931408,SIL,34,34,5,1440.0,7200.0
2017-06-28,201706284931534,SIL,10,34,10,1441.0,14410.0
2017-06-28,201706284931531,SIL,10,34,10,1441.0,14410.0
2017-06-28,201706284931528,SIL,10,34,27,1441.0,38907.0
2017-06-28,201706284931525,SIL,10,34,15,1441.0,21615.0
2017-06-28,201706284931519,SIL,10,34,23,1441.0,33143.0
2017-06-28,201706284931515,SIL,10,34,54,1441.0,77814.0
2017-06-28,201706284931469,SINDU,41,32,300,354.0,106200.0
2017-06-28,201706284931462,SINDU,41,41,116,354.0,41064.0
2017-06-28,201706284931440,SINDU,41,57,150,354.0,53100.0
2017-06-28,201706284931802,SKBBL,14,47,50,1521.0,76050.0
2017-06-28,201706284931801,SKBBL,14,47,50,1520.0,76000.0
2017-06-28,201706284931499,SKBBL,45,17,40,1505.0,60200.0
2017-06-28,201706284931467,SLBBL,17,57,30,1700.0,51000.0
2017-06-28,201706284931700,SLICL,33,28,500,1050.0,525000.0
2017-06-28,201706284931755,SMFDB,38,38,10,3030.0,30300.0
2017-06-28,201706284931812,SPDL,32,51,15,255.0,3825.0
2017-06-28,201706284931808,SPDL,32,51,15,255.0,3825.0
2017-06-28,201706284931764,SPDL,32,21,15,255.0,3825.0
2017-06-28,201706284931615,SPDL,32,22,10,255.0,2550.0
2017-06-28,201706284931829,SRBL,28,28,97,377.0,36569.0
2017-06-28,201706284931695,SRBL,49,50,187,376.0,70312.0
2017-06-28,201706284931797,UIC,50,40,150,1465.0,219750.0
2017-06-28,201706284931796,UIC,50,44,350,1465.0,512750.0
2017-06-28,201706284931724,UIC,16,44,100,1465.0,146500.0
2017-06-28,201706284931712,UIC,1,44,50,1465.0,73250.0
2017-06-28,201706284931687,UIC,41,16,130,1460.0,189800.0
2017-06-28,201706284931686,UIC,17,16,40,1460.0,58400.0
2017-06-28,201706284931544,UIC,37,49,100,1460.0,146000.0
2017-06-28,201706284931765,UMHL,28,21,14,359.0,5026.0
2017-06-28,201706284931434,UMHL,28,11,10,359.0,3590.0
2017-06-28,201706284931459,UMHL,28,11,10,359.0,3590.0
2017-06-28,201706284931448,UMHL,28,11,10,359.0,3590.0
2017-06-28,201706284931896,WOMI,37,56,53,1999.0,105947.0
2017-06-28,201706284931884,WOMI,29,29,21,1983.0,41643.0
2017-06-28,201706284930896,ADBL,14,48,500,422.0,211000.0
2017-06-28,201706284930712,ADBL,17,20,706,421.0,297226.0
2017-06-28,201706284930706,ADBL,14,58,40,420.0,16800.0
2017-06-28,201706284930690,ADBL,42,20,15,421.0,6315.0
2017-06-28,201706284930627,ADBL,14,35,100,420.0,42000.0
2017-06-28,201706284930569,ADBL,14,20,80,421.0,33680.0
2017-06-28,201706284930440,ADBL,17,38,15,422.0,6330.0
2017-06-28,201706284930550,ADBL,52,14,8,421.0,3368.0
2017-06-28,201706284930489,ADBL,25,20,49,421.0,20629.0
2017-06-28,201706284930473,ADBL,17,20,140,422.0,59080.0
2017-06-28,201706284930472,ADBL,17,20,10,422.0,4220.0
2017-06-28,201706284930451,ADBL,17,1,60,422.0,25320.0
2017-06-28,201706284930441,ADBL,17,38,75,422.0,31650.0
2017-06-28,201706284930696,AHPC,32,1,500,265.0,132500.0
2017-06-28,201706284930716,AKPL,29,29,13,424.0,5512.0
2017-06-28,201706284930660,AKPL,7,34,10,423.0,4230.0
2017-06-28,201706284930616,AKPL,21,42,13,423.0,5499.0
2017-06-28,201706284930531,AKPL,6,57,13,425.0,5525.0
2017-06-28,201706284930530,AKPL,6,57,13,425.0,5525.0
2017-06-28,201706284930529,AKPL,6,21,13,424.0,5512.0
2017-06-28,201706284930528,AKPL,6,42,13,423.0,5499.0
2017-06-28,201706284930501,AKPL,21,42,13,423.0,5499.0
2017-06-28,201706284930443,AKPL,7,43,10,423.0,4230.0
2017-06-28,201706284930442,AKPL,7,43,10,423.0,4230.0
2017-06-28,201706284930754,ALICL,44,37,96,1480.0,142080.0
2017-06-28,201706284930753,ALICL,44,34,192,1480.0,284160.0
2017-06-28,201706284930452,ALICL,57,57,100,1475.0,147500.0
2017-06-28,201706284930693,API,54,6,2,548.0,1096.0
2017-06-28,201706284930692,API,54,10,16,552.0,8832.0
2017-06-28,201706284930687,API,54,10,16,552.0,8832.0
2017-06-28,201706284930681,API,54,10,16,552.0,8832.0
2017-06-28,201706284930857,BOKL,59,34,100,454.0,45400.0
2017-06-28,201706284930812,BOKL,20,34,50,452.0,22600.0
2017-06-28,201706284930811,BOKL,25,34,100,452.0,45200.0
2017-06-28,201706284930810,BOKL,59,34,310,452.0,140120.0
2017-06-28,201706284930809,BOKL,28,34,200,453.0,90600.0
2017-06-28,201706284930808,BOKL,39,34,50,453.0,22650.0
2017-06-28,201706284930807,BOKL,28,34,100,453.0,45300.0
2017-06-28,201706284930586,CBBL,11,11,8,1571.0,12568.0
2017-06-28,201706284930776,CBL,33,19,30,239.0,7170.0
2017-06-28,201706284930704,CBL,39,51,200,239.0,47800.0
2017-06-28,201706284930835,CCBL,48,56,85,365.0,31025.0
2017-06-28,201706284930738,CCBL,48,29,290,365.0,105850.0
2017-06-28,201706284930582,CCBL,29,29,10,365.0,3650.0
2017-06-28,201706284930797,CHCL,49,49,500,805.0,402500.0
2017-06-28,201706284930796,CHCL,19,49,1000,805.0,805000.0
2017-06-28,201706284930795,CHCL,19,49,126,810.0,102060.0
2017-06-28,201706284930794,CHCL,6,49,17,811.0,13787.0
2017-06-28,201706284930732,CHCL,6,35,43,811.0,34873.0
2017-06-28,201706284930887,CZBIL,17,45,500,380.0,190000.0
2017-06-28,201706284930484,CZBIL,17,32,14,377.0,5278.0
2017-06-28,201706284930483,CZBIL,47,32,11,377.0,4147.0
2017-06-28,201706284930482,CZBIL,42,32,50,377.0,18850.0
2017-06-28,201706284930481,CZBIL,34,32,150,378.0,56700.0
2017-06-28,201706284930880,DBBL,40,45,521,274.0,142754.0
2017-06-28,201706284930879,DBBL,40,38,500,274.0,137000.0
2017-06-28,201706284930777,DBBL,40,45,25,274.0,6850.0
2017-06-28,201706284930743,DBBL,50,33,100,275.0,27500.0
2017-06-28,201706284930725,DBBL,40,14,500,274.0,137000.0
2017-06-28,201706284930583,DBBL,42,51,40,278.0,11120.0
2017-06-28,201706284930476,DBBL,16,14,200,275.0,55000.0
2017-06-28,201706284930431,DBBL,55,1,19,275.0,5225.0
2017-06-28,201706284930425,DBBL,55,1,19,275.0,5225.0
2017-06-28,201706284930840,DDBL,53,21,200,1300.0,260000.0
2017-06-28,201706284930839,DDBL,53,38,150,1300.0,195000.0
2017-06-28,201706284930838,DDBL,53,17,55,1300.0,71500.0
2017-06-28,201706284930837,DDBL,53,32,18,1300.0,23400.0
2017-06-28,201706284930836,DDBL,53,17,10,1299.0,12990.0
2017-06-28,201706284930784,DHPL,29,29,11,215.0,2365.0
2017-06-28,201706284930723,DHPL,29,29,11,215.0,2365.0
2017-06-28,201706284930846,EBL,50,22,10,1385.0,13850.0
2017-06-28,201706284930787,EBL,22,22,10,1385.0,13850.0
2017-06-28,201706284930785,EBL,41,22,100,1385.0,138500.0
2017-06-28,201706284930458,EBL,34,47,80,1385.0,110800.0
2017-06-28,201706284930446,EBL,11,47,200,1386.0,277200.0
2017-06-28,201706284930445,EBL,18,47,50,1387.0,69350.0
2017-06-28,201706284930444,EBL,34,47,60,1387.0,83220.0
2017-06-28,201706284930433,EBL,59,47,10,1388.0,13880.0
2017-06-28,201706284930432,EBL,14,47,120,1388.0,166560.0
2017-06-28,201706284930656,EBL,6,58,20,1390.0,27800.0
2017-06-28,201706284930555,EBL,59,22,20,1385.0,27700.0
2017-06-28,201706284930554,EBL,13,22,90,1385.0,124650.0
2017-06-28,201706284930459,EBL,13,47,10,1385.0,13850.0
2017-06-28,201706284930801,EBLCP,58,10,108,883.0,95364.0
2017-06-28,201706284930697,GBIME,53,13,76,378.0,28728.0
2017-06-28,201706284930467,GBIME,17,38,100,377.0,37700.0
2017-06-28,201706284930856,GLICL,10,10,2492,1000.0,2492000.0
2017-06-28,201706284930832,GLICL,42,40,50,1010.0,50500.0
2017-06-28,201706284930831,GLICL,18,40,100,1011.0,101100.0
2017-06-28,201706284930830,GLICL,56,40,50,1013.0,50650.0
2017-06-28,201706284930829,GLICL,34,40,100,1014.0,101400.0
2017-06-28,201706284930828,GLICL,47,40,100,1015.0,101500.0
2017-06-28,201706284930827,GLICL,21,40,250,1015.0,253750.0
2017-06-28,201706284930672,GLICL,22,22,21,1016.0,21336.0
2017-06-28,201706284930655,GLICL,28,44,10,1029.0,10290.0
2017-06-28,201706284930449,GLICLP,28,8,200,569.0,113800.0
2017-06-28,201706284930406,GLICLP,28,8,200,580.0,116000.0
2017-06-28,201706284930402,GLICLP,28,8,200,591.0,118200.0
2017-06-28,201706284930899,GRDBL,42,49,10,620.0,6200.0
2017-06-28,201706284930869,GRDBL,13,49,11,620.0,6820.0
2017-06-28,201706284930804,GRDBL,13,5,16,620.0,9920.0
2017-06-28,201706284930788,GRDBL,13,5,16,620.0,9920.0
2017-06-28,201706284930786,GRDBL,13,5,16,620.0,9920.0
2017-06-28,201706284930726,GRDBL,13,49,21,620.0,13020.0
2017-06-28,201706284930542,GRDBL,50,42,10,615.0,6150.0
2017-06-28,201706284930505,GRDBL,50,42,10,615.0,6150.0
2017-06-28,201706284930448,GRDBL,50,44,10,626.0,6260.0
2017-06-28,201706284930848,HBL,49,49,64,878.0,56192.0
2017-06-28,201706284930757,HBL,50,16,7,848.0,5936.0
2017-06-28,201706284930897,HGI,35,50,145,1680.0,243600.0
2017-06-28,201706284930891,HGI,52,50,100,1680.0,168000.0
2017-06-28,201706284930878,HGI,17,32,40,1682.0,67280.0
2017-06-28,201706284930875,HGI,37,28,50,1680.0,84000.0
2017-06-28,201706284930874,HGI,35,28,500,1680.0,840000.0
2017-06-28,201706284930873,HGI,53,28,50,1680.0,84000.0
2017-06-28,201706284930461,HGI,50,10,20,1680.0,33600.0
2017-06-28,201706284930460,HGI,14,10,40,1680.0,67200.0
2017-06-28,201706284930424,HGI,42,46,40,1680.0,67200.0
2017-06-28,201706284930423,HGI,45,46,61,1680.0,102480.0
2017-06-28,201706284930422,HGI,44,46,25,1681.0,42025.0
2017-06-28,201706284930574,HGI,21,18,100,1681.0,168100.0
2017-06-28,201706284930571,HGI,1,1,160,1680.0,268800.0
2017-06-28,201706284930516,HGI,52,18,100,1680.0,168000.0
2017-06-28,201706284930515,HGI,50,18,30,1680.0,50400.0
2017-06-28,201706284930514,HGI,22,18,20,1682.0,33640.0
2017-06-28,201706284930465,HGI,50,1,48,1680.0,80640.0
2017-06-28,201706284930614,HGI,37,18,25,1680.0,42000.0
2017-06-28,201706284930595,HGI,43,18,100,1680.0,168000.0
2017-06-28,201706284930593,HGI,34,17,128,1679.0,214912.0
2017-06-28,201706284930592,HGI,38,17,100,1679.0,167900.0
2017-06-28,201706284930590,HGI,35,18,20,1680.0,33600.0
2017-06-28,201706284930589,HGI,1,18,40,1680.0,67200.0
2017-06-28,201706284930756,HGI,34,22,100,1679.0,167900.0
2017-06-28,201706284930720,HGI,26,50,50,1680.0,84000.0
2017-06-28,201706284930698,HGI,17,50,50,1680.0,84000.0
2017-06-28,201706284930652,HGI,1,50,100,1680.0,168000.0
2017-06-28,201706284930621,HGI,28,18,50,1680.0,84000.0
2017-06-28,201706284930619,HGI,21,18,10,1680.0,16800.0
2017-06-28,201706284930822,HGI,35,35,120,1680.0,201600.0
2017-06-28,201706284930798,HGI,5,32,60,1680.0,100800.0
2017-06-28,201706284930772,HGI,55,32,50,1680.0,84000.0
2017-06-28,201706284930770,HGI,1,32,40,1680.0,67200.0
2017-06-28,201706284930769,HGI,1,35,60,1680.0,100800.0
2017-06-28,201706284930767,HGI,41,32,50,1680.0,84000.0
2017-06-28,201706284930863,HGI,26,7,28,1678.0,46984.0
2017-06-28,201706284930862,HGI,34,7,72,1679.0,120888.0
2017-06-28,201706284930855,HGI,45,49,50,1680.0,84000.0
2017-06-28,201706284930851,HGI,17,49,50,1680.0,84000.0
2017-06-28,201706284930824,HGI,35,32,91,1680.0,152880.0
2017-06-28,201706284930823,HGI,35,48,144,1680.0,241920.0
2017-06-28,201706284930825,HIDCL,42,26,56,195.0,10920.0
2017-06-28,201706284930800,HIDCL,29,29,29,196.0,5684.0
2017-06-28,201706284930727,HIDCL,29,29,56,196.0,10976.0
2017-06-28,201706284930618,HIDCL,33,34,43,195.0,8385.0
2017-06-28,201706284930462,HIDCL,42,20,56,195.0,10920.0
2017-06-28,201706284930842,JBNL,1,18,100,265.0,26500.0
2017-06-28,201706284930654,JBNL,5,49,228,265.0,60420.0
2017-06-28,201706284930653,JBNL,5,42,762,265.0,201930.0
2017-06-28,201706284930617,JBNL,33,18,650,264.0,171600.0
2017-06-28,201706284930518,JBNL,41,49,136,263.0,35768.0
2017-06-28,201706284930508,JBNL,21,49,50,263.0,13150.0
2017-06-28,201706284930466,JBNL,42,49,300,263.0,78900.0
2017-06-28,201706284930436,JSLBB,26,26,10,3101.0,31010.0
2017-06-28,201706284930454,KBBL,32,32,2000,325.0,650000.0
2017-06-28,201706284930844,KBL,10,42,2000,320.0,640000.0
2017-06-28,201706284930806,KBL,17,42,1000,320.0,320000.0
2017-06-28,201706284930793,KBL,10,42,500,320.0,160000.0
2017-06-28,201706284930792,KBL,5,42,200,320.0,64000.0
2017-06-28,201706284930791,KBL,25,42,1000,320.0,320000.0
2017-06-28,201706284930790,KBL,36,42,300,321.0,96300.0
2017-06-28,201706284930536,KBL,54,42,150,320.0,48000.0
2017-06-28,201706284930535,KBL,43,42,100,320.0,32000.0
2017-06-28,201706284930534,KBL,10,42,500,320.0,160000.0
2017-06-28,201706284930533,KBL,52,42,500,320.0,160000.0
2017-06-28,201706284930532,KBL,16,42,400,320.0,128000.0
2017-06-28,201706284930755,KBL,10,34,1000,321.0,321000.0
2017-06-28,201706284930625,KBL,16,42,1980,320.0,633600.0
2017-06-28,201706284930553,KBL,52,42,20,320.0,6400.0
2017-06-28,201706284930539,KBL,16,42,1000,319.0,319000.0
2017-06-28,201706284930538,KBL,13,42,150,320.0,48000.0
2017-06-28,201706284930537,KBL,29,42,200,320.0,64000.0
2017-06-28,201706284930876,KKHC,1,50,50,216.0,10800.0
2017-06-28,201706284930817,KKHC,29,29,16,217.0,3472.0
2017-06-28,201706284930799,KKHC,1,50,50,216.0,10800.0
2017-06-28,201706284930735,KKHC,29,29,16,212.0,3392.0
2017-06-28,201706284930730,KKHC,20,20,16,212.0,3392.0
2017-06-28,201706284930661,KKHC,20,20,16,212.0,3392.0
2017-06-28,201706284930651,KKHC,20,20,16,212.0,3392.0
2017-06-28,201706284930623,KKHC,20,20,16,212.0,3392.0
2017-06-28,201706284930620,KKHC,1,34,16,208.0,3328.0
2017-06-28,201706284930512,KKHC,1,1,10,208.0,2080.0
2017-06-28,201706284930511,KKHC,1,1,10,208.0,2080.0
2017-06-28,201706284930507,KKHC,1,1,10,208.0,2080.0
2017-06-28,201706284930877,KMFL,10,7,10,2805.0,28050.0
2017-06-28,201706284930868,LBL,28,43,2000,394.0,788000.0
2017-06-28,201706284930805,LBL,55,32,188,393.0,73884.0
2017-06-28,201706284930567,LBL,55,40,300,393.0,117900.0
2017-06-28,201706284930479,LBL,55,43,500,395.0,197500.0
2017-06-28,201706284930405,LBL,41,49,857,392.0,335944.0
2017-06-28,201706284930854,LGIL,38,45,100,955.0,95500.0
2017-06-28,201706284930771,LGIL,14,40,100,955.0,95500.0
2017-06-28,201706284930763,LGIL,53,5,100,954.0,95400.0
2017-06-28,201706284930719,LGIL,33,35,30,950.0,28500.0
2017-06-28,201706284930718,LGIL,29,35,10,952.0,9520.0
2017-06-28,201706284930717,LGIL,45,35,10,954.0,9540.0
2017-06-28,201706284930607,LGIL,59,35,50,954.0,47700.0
2017-06-28,201706284930463,LGIL,29,34,40,952.0,38080.0
2017-06-28,201706284930845,MBL,38,56,170,356.0,60520.0
2017-06-28,201706284930741,MBL,32,32,2000,358.0,716000.0
2017-06-28,201706284930901,MERO,16,41,11,2256.0,24816.0
2017-06-28,201706284930666,MERO,26,42,11,2254.0,24794.0
2017-06-28,201706284930658,MERO,26,42,11,2254.0,24794.0
2017-06-28,201706284930630,MERO,26,8,11,2254.0,24794.0
2017-06-28,201706284930551,MMFDB,34,10,100,2205.0,220500.0
2017-06-28,201706284930517,MNBBL,36,14,37,930.0,34410.0
2017-06-28,201706284930437,MNBBL,40,39,200,930.0,186000.0
2017-06-28,201706284930426,MNBBL,36,42,100,930.0,93000.0
2017-06-28,201706284930853,NABIL,38,22,1000,1485.0,1485000.0
2017-06-28,201706284930821,NABIL,37,22,420,1486.0,624120.0
2017-06-28,201706284930783,NABIL,37,40,80,1486.0,118880.0
2017-06-28,201706284930782,NABIL,1,40,70,1487.0,104090.0
2017-06-28,201706284930781,NABIL,47,40,10,1487.0,14870.0
2017-06-28,201706284930669,NABIL,26,48,20,1490.0,29800.0
2017-06-28,201706284930668,NABIL,41,48,50,1490.0,74500.0
2017-06-28,201706284930667,NABIL,7,48,20,1493.0,29860.0
2017-06-28,201706284930464,NABIL,21,6,16,1492.0,23872.0
2017-06-28,201706284930898,NABILP,17,34,120,1085.0,130200.0
2017-06-28,201706284930895,NABILP,17,34,800,1084.0,867200.0
2017-06-28,201706284930775,NABILP,34,34,1000,1076.0,1076000.0
2017-06-28,201706284930736,NABILP,42,34,200,1084.0,216800.0
2017-06-28,201706284930576,NABILP,42,21,100,1085.0,108500.0
2017-06-28,201706284930789,NBB,17,51,863,395.0,340885.0
2017-06-28,201706284930748,NBB,17,51,19,395.0,7505.0
2017-06-28,201706284930747,NBB,17,25,181,395.0,71495.0
2017-06-28,201706284930705,NBB,59,35,80,394.0,31520.0
2017-06-28,201706284930581,NBB,59,13,359,394.0,141446.0
2017-06-28,201706284930427,NBB,17,49,132,395.0,52140.0
2017-06-28,201706284930561,NBB,59,40,200,394.0,78800.0
2017-06-28,201706284930439,NBB,17,25,68,395.0,26860.0
2017-06-28,201706284930900,NBL,13,33,150,335.0,50250.0
2017-06-28,201706284930888,NBL,42,33,500,335.0,167500.0
2017-06-28,201706284930803,NBL,16,33,50,335.0,16750.0
2017-06-28,201706284930711,NBL,28,33,100,335.0,33500.0
2017-06-28,201706284930622,NBL,8,35,100,333.0,33300.0
2017-06-28,201706284930549,NBL,5,33,50,335.0,16750.0
2017-06-28,201706284930415,NBL,11,42,100,335.0,33500.0
2017-06-28,201706284930414,NBL,50,42,200,335.0,67000.0
2017-06-28,201706284930413,NBL,11,42,100,335.0,33500.0
2017-06-28,201706284930412,NBL,51,42,150,336.0,50400.0
2017-06-28,201706284930411,NBL,21,42,300,336.0,100800.0
2017-06-28,201706284930410,NBL,44,42,500,336.0,168000.0
2017-06-28,201706284930421,NBL,5,42,1950,335.0,653250.0
2017-06-28,201706284930420,NBL,28,42,400,335.0,134000.0
2017-06-28,201706284930419,NBL,28,42,100,335.0,33500.0
2017-06-28,201706284930418,NBL,42,42,100,335.0,33500.0
2017-06-28,201706284930417,NBL,13,42,100,335.0,33500.0
2017-06-28,201706284930416,NBL,17,42,1000,335.0,335000.0
2017-06-28,201706284930890,NCCB,32,52,400,372.0,148800.0
2017-06-28,201706284930866,NCCB,13,34,273,373.0,101829.0
2017-06-28,201706284930861,NCCB,58,52,1173,371.0,435183.0
2017-06-28,201706284930847,NCCB,13,43,27,373.0,10071.0
2017-06-28,201706284930841,NCCB,48,43,432,373.0,161136.0
2017-06-28,201706284930774,NCCB,39,59,100,373.0,37300.0
2017-06-28,201706284930499,NCCB,48,48,220,369.0,81180.0
2017-06-28,201706284930701,NCCB,32,32,320,370.0,118400.0
2017-06-28,201706284930689,NCCB,32,44,1000,370.0,370000.0
2017-06-28,201706284930631,NCCB,39,32,680,370.0,251600.0
2017-06-28,201706284930610,NCCB,39,53,100,370.0,37000.0
2017-06-28,201706284930609,NCCB,39,1,220,370.0,81400.0
2017-06-28,201706284930500,NCCB,48,1,780,370.0,288600.0
2017-06-28,201706284930773,NCCB,39,44,400,373.0,149200.0
2017-06-28,201706284930768,NCCB,48,44,300,373.0,111900.0
2017-06-28,201706284930762,NCCB,48,44,200,373.0,74600.0
2017-06-28,201706284930734,NCCB,57,44,100,373.0,37300.0
2017-06-28,201706284930733,NCCB,57,7,100,373.0,37300.0
2017-06-28,201706284930713,NCCB,39,48,200,371.0,74200.0
2017-06-28,201706284930865,NGPL,34,34,10,275.0,2750.0
2017-06-28,201706284930833,NGPL,29,29,10,275.0,2750.0
2017-06-28,201706284930850,NIB,39,13,200,743.0,148600.0
2017-06-28,201706284930849,NIB,17,13,50,743.0,37150.0
2017-06-28,201706284930843,NIB,29,29,32,745.0,23840.0
2017-06-28,201706284930744,NIB,29,29,32,745.0,23840.0
2017-06-28,201706284930724,NIB,39,48,26,745.0,19370.0
2017-06-28,201706284930677,NIB,26,13,449,743.0,333607.0
2017-06-28,201706284930478,NIB,21,25,100,750.0,75000.0
2017-06-28,201706284930474,NIB,21,1,16,750.0,12000.0
2017-06-28,201706284930456,NIB,21,22,26,750.0,19500.0
2017-06-28,201706284930453,NIB,21,20,11,750.0,8250.0
2017-06-28,201706284930430,NIB,21,25,15,750.0,11250.0
2017-06-28,201706284930429,NIB,21,40,100,749.0,74900.0
2017-06-28,201706284930676,NIB,41,13,26,743.0,19318.0
2017-06-28,201706284930675,NIB,53,13,50,744.0,37200.0
2017-06-28,201706284930674,NIB,59,13,185,745.0,137825.0
2017-06-28,201706284930657,NIB,59,37,400,745.0,298000.0
2017-06-28,201706284930522,NIB,59,42,39,745.0,29055.0
2017-06-28,201706284930480,NIB,59,42,26,745.0,19370.0
2017-06-28,201706284930750,NIBPO,34,34,1000,627.0,627000.0
2017-06-28,201706284930664,NIBPO,34,34,2000,627.0,1254000.0
2017-06-28,201706284930864,NICA,26,13,150,440.0,66000.0
2017-06-28,201706284930826,NICA,20,28,44,440.0,19360.0
2017-06-28,201706284930691,NICA,22,28,100,440.0,44000.0
2017-06-28,201706284930613,NICA,17,28,200,440.0,88000.0
2017-06-28,201706284930612,NICA,17,28,100,440.0,44000.0
2017-06-28,201706284930611,NICA,17,28,35,440.0,15400.0
2017-06-28,201706284930568,NICA,17,4,100,440.0,44000.0
2017-06-28,201706284930541,NICA,17,28,65,440.0,28600.0
2017-06-28,201706284930525,NICA,17,28,935,440.0,411400.0
2017-06-28,201706284930524,NICA,17,40,65,440.0,28600.0
2017-06-28,201706284930502,NICA,32,42,250,438.0,109500.0
2017-06-28,201706284930780,NIL,55,53,200,965.0,193000.0
2017-06-28,201706284930765,NIL,45,53,100,965.0,96500.0
2017-06-28,201706284930615,NIL,32,1,13,966.0,12558.0
2017-06-28,201706284930523,NIL,25,44,320,965.0,308800.0
2017-06-28,201706284930488,NIL,32,6,18,962.0,17316.0
2017-06-28,201706284930487,NIL,10,6,100,962.0,96200.0
2017-06-28,201706284930486,NIL,38,6,100,963.0,96300.0
2017-06-28,201706284930485,NIL,37,44,100,965.0,96500.0
2017-06-28,201706284930471,NIL,10,44,100,965.0,96500.0
2017-06-28,201706284930470,NIL,10,44,100,965.0,96500.0
2017-06-28,201706284930469,NIL,10,44,100,965.0,96500.0
2017-06-28,201706284930457,NIL,11,52,100,966.0,96600.0
2017-06-28,201706284930867,NLIC,17,17,700,2051.0,1435700.0
2017-06-28,201706284930852,NLIC,29,29,10,2054.0,20540.0
2017-06-28,201706284930752,NLIC,29,29,28,2055.0,57540.0
2017-06-28,201706284930751,NLIC,8,17,50,2051.0,102550.0
2017-06-28,201706284930722,NLIC,45,42,10,2050.0,20500.0
2017-06-28,201706284930715,NLIC,45,42,10,2050.0,20500.0
2017-06-28,201706284930494,NLIC,29,29,10,2055.0,20550.0
2017-06-28,201706284930493,NLIC,29,29,10,2055.0,20550.0
2017-06-28,201706284930492,NLIC,29,29,10,2055.0,20550.0
2017-06-28,201706284930491,NLIC,29,29,10,2055.0,20550.0
2017-06-28,201706284930714,NLIC,59,42,10,2050.0,20500.0
2017-06-28,201706284930510,NLIC,8,57,50,2059.0,102950.0
2017-06-28,201706284930498,NLIC,29,29,10,2055.0,20550.0
2017-06-28,201706284930497,NLIC,29,29,10,2055.0,20550.0
2017-06-28,201706284930496,NLIC,29,29,10,2055.0,20550.0
2017-06-28,201706284930495,NLIC,29,29,10,2055.0,20550.0
2017-06-28,201706284930521,NLICL,41,33,100,2250.0,225000.0
2017-06-28,201706284930520,NLICL,22,33,25,2250.0,56250.0
2017-06-28,201706284930503,NMB,52,52,122,541.0,66002.0
2017-06-28,201706284930428,NMB,59,13,351,545.0,191295.0
2017-06-28,201706284930434,NMBHF1,53,16,1248,9.41,11743.68
2017-06-28,201706284930573,NMBMF,18,42,23,2700.0,62100.0
2017-06-28,201706284930577,NNLB,29,8,100,2254.0,225400.0
2017-06-28,201706284930566,NTC,8,41,125,660.0,82500.0
2017-06-28,201706284930559,NTC,8,25,190,660.0,125400.0
2017-06-28,201706284930558,NTC,21,25,200,661.0,132200.0
2017-06-28,201706284930557,NTC,48,25,100,661.0,66100.0
2017-06-28,201706284930556,NTC,48,25,10,662.0,6620.0
2017-06-28,201706284930889,PCBL,17,10,361,407.0,146927.0
2017-06-28,201706284930580,PCBL,48,51,107,405.0,43335.0
2017-06-28,201706284930578,PCBL,17,57,160,406.0,64960.0
2017-06-28,201706284930564,PCBL,48,16,255,405.0,103275.0
2017-06-28,201706284930468,PCBL,13,41,80,404.0,32320.0
2017-06-28,201706284930435,PCBL,42,41,100,404.0,40400.0
2017-06-28,201706284930685,PLIC,58,19,24,2560.0,61440.0
2017-06-28,201706284930684,PLIC,58,11,100,2560.0,256000.0
2017-06-28,201706284930548,PRIN,37,26,290,1020.0,295800.0
2017-06-28,201706284930547,PRIN,36,26,30,1020.0,30600.0
2017-06-28,201706284930546,PRIN,53,26,300,1021.0,306300.0
2017-06-28,201706284930545,PRIN,6,26,30,1021.0,30630.0
2017-06-28,201706284930544,PRIN,6,26,50,1021.0,51050.0
2017-06-28,201706284930543,PRIN,21,26,100,1022.0,102200.0
2017-06-28,201706284930818,PRVU,16,53,150,400.0,60000.0
2017-06-28,201706284930671,PRVU,42,37,100,400.0,40000.0
2017-06-28,201706284930670,PRVU,42,37,600,400.0,240000.0
2017-06-28,201706284930594,PRVU,42,48,100,400.0,40000.0
2017-06-28,201706284930504,PRVU,42,50,200,400.0,80000.0
2017-06-28,201706284930477,PRVU,42,1,100,400.0,40000.0
2017-06-28,201706284930455,PRVU,5,37,100,400.0,40000.0
2017-06-28,201706284930626,RSDC,22,8,10,2925.0,29250.0
2017-06-28,201706284930560,RSDC,22,36,10,2925.0,29250.0
2017-06-28,201706284930450,RSDC,26,42,13,2923.0,37999.0
2017-06-28,201706284930871,SANIMA,41,34,100,426.0,42600.0
2017-06-28,201706284930820,SANIMA,17,41,500,425.0,212500.0
2017-06-28,201706284930819,SANIMA,17,6,431,425.0,183175.0
2017-06-28,201706284930814,SANIMA,45,6,10,425.0,4250.0
2017-06-28,201706284930813,SANIMA,45,57,90,425.0,38250.0
2017-06-28,201706284930729,SANIMA,57,6,59,425.0,25075.0
2017-06-28,201706284930728,SANIMA,57,50,41,425.0,17425.0
2017-06-28,201706284930584,SANIMA,51,50,100,425.0,42500.0
2017-06-28,201706284930403,SANIMA,17,50,200,425.0,85000.0
2017-06-28,201706284930663,SBI,54,28,100,930.0,93000.0
2017-06-28,201706284930778,SBL,22,28,30,480.0,14400.0
2017-06-28,201706284930694,SBL,41,28,100,480.0,48000.0
2017-06-28,201706284930686,SBL,6,28,400,480.0,192000.0
2017-06-28,201706284930588,SBL,17,7,100,479.0,47900.0
2017-06-28,201706284930585,SBL,17,7,200,479.0,95800.0
2017-06-28,201706284930563,SBL,35,7,200,479.0,95800.0
2017-06-28,201706284930513,SBL,40,7,200,479.0,95800.0
2017-06-28,201706284930438,SBL,59,7,100,479.0,47900.0
2017-06-28,201706284930409,SBL,13,20,70,478.0,33460.0
2017-06-28,201706284930408,SBL,17,20,112,478.0,53536.0
2017-06-28,201706284930407,SBL,32,20,20,478.0,9560.0
2017-06-28,201706284930894,SCB,34,34,10,2293.0,22930.0
2017-06-28,201706284930884,SCB,34,34,10,2293.0,22930.0
2017-06-28,201706284930815,SCB,1,56,10,2292.0,22920.0
2017-06-28,201706284930540,SCB,42,56,10,2290.0,22900.0
2017-06-28,201706284930527,SCB,29,29,10,2291.0,22910.0
2017-06-28,201706284930526,SCB,29,29,10,2291.0,22910.0
2017-06-28,201706284930509,SCB,42,56,10,2290.0,22900.0
2017-06-28,201706284930702,SCB,34,34,10,2293.0,22930.0
2017-06-28,201706284930699,SCB,17,10,20,2294.0,45880.0
2017-06-28,201706284930688,SCB,34,34,10,2293.0,22930.0
2017-06-28,201706284930579,SCB,56,28,66,2292.0,151272.0
2017-06-28,201706284930572,SCB,1,56,10,2292.0,22920.0
2017-06-28,201706284930565,SCB,1,56,10,2292.0,22920.0
2017-06-28,201706284930802,SCB,42,22,13,2295.0,29835.0
2017-06-28,201706284930766,SCB,1,37,10,2292.0,22920.0
2017-06-28,201706284930764,SCB,1,37,10,2292.0,22920.0
2017-06-28,201706284930761,SCB,42,35,27,2294.0,61938.0
2017-06-28,201706284930740,SCB,34,22,10,2295.0,22950.0
2017-06-28,201706284930721,SCB,25,25,49,2291.0,112259.0
2017-06-28,201706284930710,SHPC,32,33,500,1180.0,590000.0
2017-06-28,201706284930709,SHPC,32,40,500,1179.0,589500.0
2017-06-28,201706284930708,SHPC,32,28,10,1175.0,11750.0
2017-06-28,201706284930707,SHPC,32,28,10,1175.0,11750.0
2017-06-28,201706284930872,SICL,44,51,10,1870.0,18700.0
2017-06-28,201706284930739,SICL,17,44,58,1875.0,108750.0
2017-06-28,201706284930883,SIL,59,22,750,1441.0,1080750.0
2017-06-28,201706284930882,SIL,7,22,50,1445.0,72250.0
2017-06-28,201706284930834,SIL,34,34,5,1445.0,7225.0
2017-06-28,201706284930746,SIL,34,34,5,1445.0,7225.0
2017-06-28,201706284930737,SIL,34,34,5,1445.0,7225.0
2017-06-28,201706284930700,SIL,34,34,4,1445.0,5780.0
2017-06-28,201706284930673,SIL,34,34,3,1445.0,4335.0
2017-06-28,201706284930662,SIL,34,34,3,1445.0,4335.0
2017-06-28,201706284930587,SIL,34,34,1,1445.0,1445.0
2017-06-28,201706284930506,SIL,18,44,86,1450.0,124700.0
2017-06-28,201706284930860,SMFDB,47,25,150,3000.0,450000.0
2017-06-28,201706284930859,SMFDB,47,16,100,2999.0,299900.0
2017-06-28,201706284930858,SMFDB,47,45,50,2998.0,149900.0
2017-06-28,201706284930886,SPDL,32,39,15,255.0,3825.0
2017-06-28,201706284930881,SPDL,32,39,15,255.0,3825.0
2017-06-28,201706284930870,SPDL,32,39,15,255.0,3825.0
2017-06-28,201706284930760,SPDL,29,29,15,256.0,3840.0
2017-06-28,201706284930629,SPDL,40,29,1088,255.0,277440.0
2017-06-28,201706284930628,SPDL,40,28,293,255.0,74715.0
2017-06-28,201706284930608,SPDL,39,34,15,252.0,3780.0
2017-06-28,201706284930591,SPDL,4,40,15,254.0,3810.0
2017-06-28,201706284930893,SRBL,17,38,100,379.0,37900.0
2017-06-28,201706284930892,SRBL,17,49,275,378.0,103950.0
2017-06-28,201706284930885,SRBL,54,49,186,375.0,69750.0
2017-06-28,201706284930731,SRBL,54,17,14,375.0,5250.0
2017-06-28,201706284930683,SRBL,39,52,28,376.0,10528.0
2017-06-28,201706284930682,SRBL,39,52,28,376.0,10528.0
2017-06-28,201706284930680,UMHL,5,29,500,359.0,179500.0
2017-06-28,201706284930679,UMHL,5,29,230,360.0,82800.0
2017-06-28,201706284930597,UMHL,16,16,14,361.0,5054.0
2017-06-28,201706284930596,UMHL,16,16,14,361.0,5054.0
2017-06-28,201706284930575,UMHL,45,16,14,360.0,5040.0
2017-06-28,201706284930562,UMHL,6,26,13,361.0,4693.0
2017-06-28,201706284930552,UMHL,6,26,10,361.0,3610.0
2017-06-28,201706284930490,UMHL,6,16,14,361.0,5054.0
2017-06-28,201706284930603,UMHL,16,16,14,361.0,5054.0
2017-06-28,201706284930602,UMHL,16,16,14,361.0,5054.0
2017-06-28,201706284930601,UMHL,16,16,14,361.0,5054.0
2017-06-28,201706284930600,UMHL,16,16,14,361.0,5054.0
2017-06-28,201706284930599,UMHL,16,16,14,361.0,5054.0
2017-06-28,201706284930598,UMHL,16,16,14,361.0,5054.0
2017-06-28,201706284930678,UMHL,45,29,108,360.0,38880.0
2017-06-28,201706284930665,UMHL,45,6,14,360.0,5040.0
2017-06-28,201706284930659,UMHL,45,6,14,360.0,5040.0
2017-06-28,201706284930606,UMHL,16,16,14,361.0,5054.0
2017-06-28,201706284930605,UMHL,16,16,14,361.0,5054.0
2017-06-28,201706284930604,UMHL,16,16,14,361.0,5054.0
2017-06-28,201706284930816,VLBS,16,17,10,1420.0,14200.0
2017-06-28,201706284930447,VLBS,29,26,11,1401.0,15411.0
2017-06-28,201706284932409,ADBL,36,25,100,424.0,42400.0
2017-06-28,201706284932759,AHPC,37,47,200,265.0,53000.0
2017-06-28,201706284932609,AKPL,45,45,20,422.0,8440.0
2017-06-28,201706284932542,AKPL,45,45,13,422.0,5486.0
2017-06-28,201706284932520,AKPL,45,49,10,421.0,4210.0
2017-06-28,201706284932515,AKPL,45,49,10,421.0,4210.0
2017-06-28,201706284932513,AKPL,45,49,11,421.0,4631.0
2017-06-28,201706284932512,AKPL,45,45,13,422.0,5486.0
2017-06-28,201706284932663,ALICL,17,1,36,1480.0,53280.0
2017-06-28,201706284932636,ALICL,28,48,40,1475.0,59000.0
2017-06-28,201706284932722,API,5,59,10,550.0,5500.0
2017-06-28,201706284932619,API,45,45,1,550.0,550.0
2017-06-28,201706284932893,BOKL,49,40,118,456.0,53808.0
2017-06-28,201706284932848,BOKL,50,40,200,456.0,91200.0
2017-06-28,201706284932847,BOKL,49,40,100,456.0,45600.0
2017-06-28,201706284932846,BOKL,8,40,61,456.0,27816.0
2017-06-28,201706284932845,BOKL,29,40,21,456.0,9576.0
2017-06-28,201706284932821,BOKL,11,43,500,457.0,228500.0
2017-06-28,201706284932779,BOKL,29,33,29,456.0,13224.0
2017-06-28,201706284932561,BOKL,34,4,89,457.0,40673.0
2017-06-28,201706284932560,BOKL,34,32,188,457.0,85916.0
2017-06-28,201706284932559,BOKL,34,47,204,457.0,93228.0
2017-06-28,201706284932481,BOKL,8,17,189,456.0,86184.0
2017-06-28,201706284932412,BOKL,29,55,50,456.0,22800.0
2017-06-28,201706284932681,CBL,10,13,320,240.0,76800.0
2017-06-28,201706284932538,CBL,8,13,36,240.0,8640.0
2017-06-28,201706284932537,CBL,8,44,114,239.0,27246.0
2017-06-28,201706284932422,CBL,5,44,200,239.0,47800.0
2017-06-28,201706284932827,CCBL,42,33,752,364.0,273728.0
2017-06-28,201706284932814,CCBL,47,33,60,364.0,21840.0
2017-06-28,201706284932551,CCBL,46,33,100,364.0,36400.0
2017-06-28,201706284932550,CCBL,37,33,88,364.0,32032.0
2017-06-28,201706284932490,CCBL,37,41,41,364.0,14924.0
2017-06-28,201706284932895,CHCL,6,14,50,807.0,40350.0
2017-06-28,201706284932879,CHCL,6,41,110,803.0,88330.0
2017-06-28,201706284932743,CHCL,54,45,59,803.0,47377.0
2017-06-28,201706284932488,CHCL,54,10,10,803.0,8030.0
2017-06-28,201706284932487,CHCL,34,10,100,803.0,80300.0
2017-06-28,201706284932880,CZBIL,37,40,50,379.0,18950.0
2017-06-28,201706284932732,CZBIL,49,47,300,379.0,113700.0
2017-06-28,201706284932723,CZBIL,13,4,136,379.0,51544.0
2017-06-28,201706284932677,CZBIL,13,14,64,379.0,24256.0
2017-06-28,201706284932646,CZBIL,41,19,100,380.0,38000.0
2017-06-28,201706284932645,CZBIL,41,17,100,379.0,37900.0
2017-06-28,201706284932451,CZBIL,53,34,77,378.0,29106.0
2017-06-28,201706284932450,CZBIL,28,34,200,378.0,75600.0
2017-06-28,201706284932449,CZBIL,34,34,12,378.0,4536.0
2017-06-28,201706284932448,CZBIL,42,34,21,378.0,7938.0
2017-06-28,201706284932447,CZBIL,33,34,190,379.0,72010.0
2017-06-28,201706284932581,DDBL,43,25,50,1295.0,64750.0
2017-06-28,201706284932579,DDBL,32,47,20,1290.0,25800.0
2017-06-28,201706284932578,DDBL,41,47,350,1290.0,451500.0
2017-06-28,201706284932577,DDBL,26,47,50,1290.0,64500.0
2017-06-28,201706284932576,DDBL,34,47,10,1292.0,12920.0
2017-06-28,201706284932575,DDBL,34,47,100,1292.0,129200.0
2017-06-28,201706284932574,DDBL,22,47,100,1292.0,129200.0
2017-06-28,201706284932872,EBL,4,13,100,1383.0,138300.0
2017-06-28,201706284932858,EBL,44,34,100,1383.0,138300.0
2017-06-28,201706284932807,EBL,47,13,378,1380.0,521640.0
2017-06-28,201706284932785,EBL,29,34,50,1383.0,69150.0
2017-06-28,201706284932721,EBL,47,58,122,1380.0,168360.0
2017-06-28,201706284932720,EBL,41,58,20,1380.0,27600.0
2017-06-28,201706284932589,EBL,52,51,22,1381.0,30382.0
2017-06-28,201706284932588,EBL,43,51,58,1381.0,80098.0
2017-06-28,201706284932584,EBL,17,34,50,1383.0,69150.0
2017-06-28,201706284932703,EBL,52,45,78,1381.0,107718.0
2017-06-28,201706284932719,EBL,37,58,200,1380.0,276000.0
2017-06-28,201706284932718,EBL,45,58,50,1380.0,69000.0
2017-06-28,201706284932717,EBL,45,58,60,1380.0,82800.0
2017-06-28,201706284932716,EBL,37,58,100,1380.0,138000.0
2017-06-28,201706284932715,EBL,42,58,78,1381.0,107718.0
2017-06-28,201706284932704,EBL,42,45,122,1381.0,168482.0
2017-06-28,201706284932820,EBLCP,8,48,10,973.0,9730.0
2017-06-28,201706284932819,EBLCP,8,14,30,973.0,29190.0
2017-06-28,201706284932788,EBLCP,48,48,20,954.0,19080.0
2017-06-28,201706284932739,EBLCP,8,48,10,936.0,9360.0
2017-06-28,201706284932628,EBLCP,10,8,23,918.0,21114.0
2017-06-28,201706284932733,FMDBL,41,5,35,1007.0,35245.0
2017-06-28,201706284932710,FMDBL,40,5,100,1010.0,101000.0
2017-06-28,201706284932709,FMDBL,45,5,30,1010.0,30300.0
2017-06-28,201706284932436,FMDBL,35,34,20,1017.0,20340.0
2017-06-28,201706284932826,FOWAD,36,36,10,1793.0,17930.0
2017-06-28,201706284932760,FOWAD,36,36,10,1758.0,17580.0
2017-06-28,201706284932624,GBBL,32,39,100,300.0,30000.0
2017-06-28,201706284932623,GBBL,32,39,149,300.0,44700.0
2017-06-28,201706284932443,GBBL,32,21,51,300.0,15300.0
2017-06-28,201706284932792,GBIME,29,29,8,379.0,3032.0
2017-06-28,201706284932786,GBIME,29,29,8,379.0,3032.0
2017-06-28,201706284932782,GBIME,29,29,8,379.0,3032.0
2017-06-28,201706284932773,GBIME,29,29,8,379.0,3032.0
2017-06-28,201706284932772,GBIME,29,29,8,379.0,3032.0
2017-06-28,201706284932755,GBIME,29,29,8,379.0,3032.0
2017-06-28,201706284932676,GBIME,29,29,8,379.0,3032.0
2017-06-28,201706284932651,GBIME,29,29,11,379.0,4169.0
2017-06-28,201706284932641,GBIME,29,29,11,379.0,4169.0
2017-06-28,201706284932634,GBIME,29,29,11,379.0,4169.0
2017-06-28,201706284932626,GBIME,29,29,11,379.0,4169.0
2017-06-28,201706284932752,GBIME,29,29,8,379.0,3032.0
2017-06-28,201706284932742,GBIME,29,29,8,379.0,3032.0
2017-06-28,201706284932738,GBIME,29,29,8,379.0,3032.0
2017-06-28,201706284932729,GBIME,29,29,8,379.0,3032.0
2017-06-28,201706284932698,GBIME,29,29,8,379.0,3032.0
2017-06-28,201706284932684,GBIME,29,29,8,379.0,3032.0
2017-06-28,201706284932844,GUFL,53,54,62,188.0,11656.0
2017-06-28,201706284932726,HBL,7,45,51,890.0,45390.0
2017-06-28,201706284932640,HBL,7,13,50,890.0,44500.0
2017-06-28,201706284932870,HGI,37,32,40,1675.0,67000.0
2017-06-28,201706284932869,HGI,37,32,100,1675.0,167500.0
2017-06-28,201706284932868,HGI,20,32,332,1675.0,556100.0
2017-06-28,201706284932867,HGI,26,32,50,1677.0,83850.0
2017-06-28,201706284932866,HGI,36,32,62,1678.0,104036.0
2017-06-28,201706284932865,HGI,38,32,15,1678.0,25170.0
2017-06-28,201706284932571,HGI,22,42,160,1678.0,268480.0
2017-06-28,201706284932477,HGI,39,7,15,1679.0,25185.0
2017-06-28,201706284932474,HGI,26,7,20,1679.0,33580.0
2017-06-28,201706284932473,HGI,26,17,80,1679.0,134320.0
2017-06-28,201706284932606,HGI,32,17,20,1676.0,33520.0
2017-06-28,201706284932605,HGI,32,17,20,1676.0,33520.0
2017-06-28,201706284932604,HGI,5,17,100,1676.0,167600.0
2017-06-28,201706284932603,HGI,34,17,50,1677.0,83850.0
2017-06-28,201706284932594,HGI,45,25,20,1678.0,33560.0
2017-06-28,201706284932582,HGI,1,42,50,1677.0,83850.0
2017-06-28,201706284932735,HGI,26,29,20,1676.0,33520.0
2017-06-28,201706284932734,HGI,26,29,10,1678.0,16780.0
2017-06-28,201706284932622,HGI,26,25,90,1678.0,151020.0
2017-06-28,201706284932617,HGI,20,25,60,1678.0,100680.0
2017-06-28,201706284932608,HGI,14,17,22,1675.0,36850.0
2017-06-28,201706284932607,HGI,34,17,88,1675.0,147400.0
2017-06-28,201706284932810,HGI,42,7,50,1678.0,83900.0
2017-06-28,201706284932805,HGI,20,11,58,1675.0,97150.0
2017-06-28,201706284932794,HGI,20,58,42,1675.0,70350.0
2017-06-28,201706284932793,HGI,14,58,58,1675.0,97150.0
2017-06-28,201706284932774,HGI,19,41,100,1676.0,167600.0
2017-06-28,201706284932736,HGI,14,29,20,1675.0,33500.0
2017-06-28,201706284932862,HGI,11,7,40,1679.0,67160.0
2017-06-28,201706284932861,HGI,42,7,100,1679.0,167900.0
2017-06-28,201706284932857,HGI,36,7,88,1678.0,147664.0
2017-06-28,201706284932856,HGI,36,26,200,1678.0,335600.0
2017-06-28,201706284932833,HGI,38,41,85,1677.0,142545.0
2017-06-28,201706284932812,HGI,20,49,568,1675.0,951400.0
2017-06-28,201706284932853,HIDCL,37,34,20,195.0,3900.0
2017-06-28,201706284932817,HIDCL,37,34,56,195.0,10920.0
2017-06-28,201706284932683,HIDCL,11,59,34,195.0,6630.0
2017-06-28,201706284932567,HIDCL,37,47,46,195.0,8970.0
2017-06-28,201706284932480,HIDCL,19,51,70,196.0,13720.0
2017-06-28,201706284932470,HIDCL,11,1,13,195.0,2535.0
2017-06-28,201706284932802,ICFC,55,55,200,280.0,56000.0
2017-06-28,201706284932635,JBBL,41,13,100,213.0,21300.0
2017-06-28,201706284932557,JBBL,4,1,100,212.0,21200.0
2017-06-28,201706284932873,JBNL,37,54,38,265.0,10070.0
2017-06-28,201706284932863,JBNL,26,26,5511,263.0,1449393.0
2017-06-28,201706284932631,JBNL,47,56,141,266.0,37506.0
2017-06-28,201706284932630,JBNL,47,56,141,266.0,37506.0
2017-06-28,201706284932629,JBNL,28,56,50,267.0,13350.0
2017-06-28,201706284932460,JBNL,47,45,338,266.0,89908.0
2017-06-28,201706284932904,JFL,28,11,200,254.0,50800.0
2017-06-28,201706284932432,JSLBB,41,34,10,3100.0,31000.0
2017-06-28,201706284932431,JSLBB,41,34,10,3100.0,31000.0
2017-06-28,201706284932697,KBBL,17,38,100,326.0,32600.0
2017-06-28,201706284932784,KBL,57,14,392,326.0,127792.0
2017-06-28,201706284932632,KKHC,45,45,16,213.0,3408.0
2017-06-28,201706284932411,KKHC,45,45,10,214.0,2140.0
2017-06-28,201706284932728,KMCDB,33,8,100,1700.0,170000.0
2017-06-28,201706284932727,KMCDB,33,6,30,1700.0,51000.0
2017-06-28,201706284932434,KMCDB,51,51,57,1685.0,96045.0
2017-06-28,201706284932761,KNBL,42,34,100,557.0,55700.0
2017-06-28,201706284932540,KNBL,39,4,13,552.0,7176.0
2017-06-28,201706284932539,KNBL,37,4,30,553.0,16590.0
2017-06-28,201706284932461,KNBL,45,34,150,557.0,83550.0
2017-06-28,201706284932511,LBL,54,47,49,391.0,19159.0
2017-06-28,201706284932510,LBL,17,47,200,391.0,78200.0
2017-06-28,201706284932509,LBL,37,47,50,391.0,19550.0
2017-06-28,201706284932508,LBL,5,47,500,392.0,196000.0
2017-06-28,201706284932507,LBL,17,47,100,392.0,39200.0
2017-06-28,201706284932506,LBL,17,47,200,392.0,78400.0
2017-06-28,201706284932499,LBL,42,47,100,393.0,39300.0
2017-06-28,201706284932498,LBL,48,47,100,394.0,39400.0
2017-06-28,201706284932505,LBL,41,47,143,392.0,56056.0
2017-06-28,201706284932504,LBL,5,47,200,393.0,78600.0
2017-06-28,201706284932503,LBL,42,47,100,393.0,39300.0
2017-06-28,201706284932502,LBL,45,47,400,393.0,157200.0
2017-06-28,201706284932501,LBL,55,47,12,393.0,4716.0
2017-06-28,201706284932500,LBL,59,47,50,393.0,19650.0
2017-06-28,201706284932771,LGIL,57,55,186,969.0,180234.0
2017-06-28,201706284932770,LGIL,57,26,100,969.0,96900.0
2017-06-28,201706284932754,LGIL,25,28,10,970.0,9700.0
2017-06-28,201706284932725,LGIL,26,41,20,970.0,19400.0
2017-06-28,201706284932528,LGIL,48,5,200,970.0,194000.0
2017-06-28,201706284932527,LGIL,34,5,20,972.0,19440.0
2017-06-28,201706284932420,LGIL,13,6,100,972.0,97200.0
2017-06-28,201706284932768,LICN,37,10,250,2001.0,500250.0
2017-06-28,201706284932425,LLBS,47,13,25,1870.0,46750.0
2017-06-28,201706284932424,LLBS,47,26,10,1869.0,18690.0
2017-06-28,201706284932903,MBL,38,40,300,359.0,107700.0
2017-06-28,201706284932816,MERO,16,22,142,2272.0,322624.0
2017-06-28,201706284932730,MERO,45,22,100,2272.0,227200.0
2017-06-28,201706284932464,MERO,54,58,11,2270.0,24970.0
2017-06-28,201706284932463,MERO,54,58,11,2270.0,24970.0
2017-06-28,201706284932462,MERO,54,34,11,2269.0,24959.0
2017-06-28,201706284932583,MERO,54,16,11,2270.0,24970.0
2017-06-28,201706284932568,MERO,54,16,11,2270.0,24970.0
2017-06-28,201706284932553,MERO,54,16,11,2270.0,24970.0
2017-06-28,201706284932543,MERO,54,16,11,2270.0,24970.0
2017-06-28,201706284932517,MFIL,38,58,1000,157.0,157000.0
2017-06-28,201706284932902,MNBBL,35,28,276,945.0,260820.0
2017-06-28,201706284932901,MNBBL,22,28,100,945.0,94500.0
2017-06-28,201706284932900,MNBBL,40,28,24,946.0,22704.0
2017-06-28,201706284932899,MNBBL,40,54,26,946.0,24596.0
2017-06-28,201706284932599,MNBBL,45,14,60,948.0,56880.0
2017-06-28,201706284932598,MNBBL,45,14,50,948.0,47400.0
2017-06-28,201706284932597,MNBBL,22,14,100,948.0,94800.0
2017-06-28,201706284932596,MNBBL,56,14,198,948.0,187704.0
2017-06-28,201706284932544,MNBBL,56,45,44,948.0,41712.0
2017-06-28,201706284932479,MNBBL,13,58,15,950.0,14250.0
2017-06-28,201706284932876,MNBBLP,40,10,5000,490.0,2450000.0
2017-06-28,201706284932769,MNBBLP,40,10,3594,490.0,1761060.0
2017-06-28,201706284932452,MNBBLP,40,10,719,490.0,352310.0
2017-06-28,201706284932545,MSMBS,42,47,11,1205.0,13255.0
2017-06-28,201706284932859,NABIL,29,1,19,1500.0,28500.0
2017-06-28,201706284932532,NABILP,59,42,500,1077.0,538500.0
2017-06-28,201706284932531,NABILP,43,42,200,1078.0,215600.0
2017-06-28,201706284932530,NABILP,16,42,10,1080.0,10800.0
2017-06-28,201706284932618,NABILP,49,34,160,1077.0,172320.0
2017-06-28,201706284932534,NABILP,49,42,840,1077.0,904680.0
2017-06-28,201706284932533,NABILP,48,42,450,1077.0,484650.0
2017-06-28,201706284932662,NABILP,43,42,452,1076.0,486352.0
2017-06-28,201706284932661,NABILP,53,42,300,1076.0,322800.0
2017-06-28,201706284932660,NABILP,25,42,148,1076.0,159248.0
2017-06-28,201706284932659,NABILP,17,42,100,1076.0,107600.0
2017-06-28,201706284932638,NABILP,50,34,200,1079.0,215800.0
2017-06-28,201706284932642,NBB,35,51,50,395.0,19750.0
2017-06-28,201706284932616,NBB,39,51,200,395.0,79000.0
2017-06-28,201706284932580,NBB,44,51,250,395.0,98750.0
2017-06-28,201706284932497,NBB,8,51,150,395.0,59250.0
2017-06-28,201706284932489,NBB,25,51,81,395.0,31995.0
2017-06-28,201706284932883,NBIL,47,26,192,1000.0,192000.0
2017-06-28,201706284932882,NBIL,47,49,200,995.0,199000.0
2017-06-28,201706284932753,NBL,42,20,500,339.0,169500.0
2017-06-28,201706284932586,NBL,42,20,200,337.0,67400.0
2017-06-28,201706284932585,NBL,5,20,160,337.0,53920.0
2017-06-28,201706284932570,NBL,5,20,290,337.0,97730.0
2017-06-28,201706284932566,NBL,53,20,160,337.0,53920.0
2017-06-28,201706284932562,NBL,5,20,500,337.0,168500.0
2017-06-28,201706284932433,NBL,17,20,550,337.0,185350.0
2017-06-28,201706284932414,NBL,38,21,100,338.0,33800.0
2017-06-28,201706284932413,NBL,17,21,500,338.0,169000.0
2017-06-28,201706284932888,NCCB,56,11,447,371.0,165837.0
2017-06-28,201706284932887,NCCB,56,58,200,371.0,74200.0
2017-06-28,201706284932886,NCCB,56,14,200,371.0,74200.0
2017-06-28,201706284932885,NCCB,56,38,465,370.0,172050.0
2017-06-28,201706284932884,NCCB,56,14,105,370.0,38850.0
2017-06-28,201706284932878,NCCB,26,8,19,369.0,7011.0
2017-06-28,201706284932416,NCCB,5,48,59,370.0,21830.0
2017-06-28,201706284932650,NCCB,1,49,100,370.0,37000.0
2017-06-28,201706284932649,NCCB,52,49,70,370.0,25900.0
2017-06-28,201706284932621,NCCB,52,50,30,370.0,11100.0
2017-06-28,201706284932620,NCCB,52,16,100,370.0,37000.0
2017-06-28,201706284932548,NCCB,1,52,200,370.0,74000.0
2017-06-28,201706284932547,NCCB,1,59,160,370.0,59200.0
2017-06-28,201706284932871,NCCB,41,38,100,370.0,37000.0
2017-06-28,201706284932864,NCCB,26,8,37,369.0,13653.0
2017-06-28,201706284932825,NCCB,26,48,200,369.0,73800.0
2017-06-28,201706284932776,NCCB,26,48,111,369.0,40959.0
2017-06-28,201706284932775,NCCB,32,48,436,369.0,160884.0
2017-06-28,201706284932674,NCCB,1,49,130,370.0,48100.0
2017-06-28,201706284932546,NGPL,41,41,10,278.0,2780.0
2017-06-28,201706284932405,NGPL,59,42,10,278.0,2780.0
2017-06-28,201706284932842,NIB,49,58,2741,747.0,2047527.0
2017-06-28,201706284932841,NIB,25,58,200,747.0,149400.0
2017-06-28,201706284932840,NIB,22,58,50,747.0,37350.0
2017-06-28,201706284932839,NIB,5,58,12,747.0,8964.0
2017-06-28,201706284932838,NIB,58,58,17,748.0,12716.0
2017-06-28,201706284932791,NIB,52,3,50,750.0,37500.0
2017-06-28,201706284932519,NIB,39,1,16,746.0,11936.0
2017-06-28,201706284932475,NIB,32,10,142,746.0,105932.0
2017-06-28,201706284932438,NIB,5,25,120,747.0,89640.0
2017-06-28,201706284932421,NIB,5,6,68,747.0,50796.0
2017-06-28,201706284932415,NIB,45,45,6,740.0,4440.0
2017-06-28,201706284932685,NIB,25,17,17,750.0,12750.0
2017-06-28,201706284932637,NIB,45,45,6,740.0,4440.0
2017-06-28,201706284932613,NIB,39,21,12,749.0,8988.0
2017-06-28,201706284932612,NIB,39,44,100,749.0,74900.0
2017-06-28,201706284932611,NIB,39,6,20,748.0,14960.0
2017-06-28,201706284932610,NIB,39,43,96,748.0,71808.0
2017-06-28,201706284932691,NIB,25,58,32,750.0,24000.0
2017-06-28,201706284932690,NIB,25,58,32,750.0,24000.0
2017-06-28,201706284932689,NIB,25,58,32,750.0,24000.0
2017-06-28,201706284932688,NIB,25,58,32,750.0,24000.0
2017-06-28,201706284932687,NIB,25,58,32,750.0,24000.0
2017-06-28,201706284932686,NIB,25,58,32,750.0,24000.0
2017-06-28,201706284932744,NIB,32,59,32,750.0,24000.0
2017-06-28,201706284932696,NIB,25,59,11,750.0,8250.0
2017-06-28,201706284932695,NIB,25,54,26,750.0,19500.0
2017-06-28,201706284932694,NIB,25,54,26,750.0,19500.0
2017-06-28,201706284932693,NIB,25,58,32,750.0,24000.0
2017-06-28,201706284932692,NIB,25,58,32,750.0,24000.0
2017-06-28,201706284932750,NIB,32,6,494,752.0,371488.0
2017-06-28,201706284932749,NIB,32,25,100,752.0,75200.0
2017-06-28,201706284932748,NIB,32,43,102,752.0,76704.0
2017-06-28,201706284932747,NIB,32,42,100,751.0,75100.0
2017-06-28,201706284932746,NIB,32,33,30,751.0,22530.0
2017-06-28,201706284932745,NIB,32,3,500,750.0,375000.0
2017-06-28,201706284932892,NIBPO,7,42,1000,626.0,626000.0
2017-06-28,201706284932740,NIBPO,57,53,500,625.0,312500.0
2017-06-28,201706284932700,NIBPO,25,53,500,625.0,312500.0
2017-06-28,201706284932796,NICA,40,40,6,438.0,2628.0
2017-06-28,201706284932472,NICA,21,21,3,438.0,1314.0
2017-06-28,201706284932495,NICL,6,13,50,1450.0,72500.0
2017-06-28,201706284932494,NICL,6,5,200,1450.0,290000.0
2017-06-28,201706284932485,NICL,44,57,250,1445.0,361250.0
2017-06-28,201706284932851,NIL,53,28,40,975.0,39000.0
2017-06-28,201706284932850,NIL,41,28,100,976.0,97600.0
2017-06-28,201706284932849,NIL,5,28,100,976.0,97600.0
2017-06-28,201706284932526,NLG,53,34,300,1489.0,446700.0
2017-06-28,201706284932525,NLG,53,58,86,1479.0,127194.0
2017-06-28,201706284932466,NLG,54,48,212,1460.0,309520.0
2017-06-28,201706284932465,NLG,18,48,33,1460.0,48180.0
2017-06-28,201706284932891,NLIC,34,58,16,2050.0,32800.0
2017-06-28,201706284932890,NLIC,10,58,20,2050.0,41000.0
2017-06-28,201706284932889,NLIC,56,58,20,2050.0,41000.0
2017-06-28,201706284932713,NLIC,56,10,10,2050.0,20500.0
2017-06-28,201706284932672,NLIC,10,17,10,2050.0,20500.0
2017-06-28,201706284932671,NLIC,10,17,10,2050.0,20500.0
2017-06-28,201706284932555,NLIC,51,28,10,2049.0,20490.0
2017-06-28,201706284932549,NLIC,45,45,10,2050.0,20500.0
2017-06-28,201706284932496,NLIC,51,41,10,2049.0,20490.0
2017-06-28,201706284932426,NLIC,45,45,10,2050.0,20500.0
2017-06-28,201706284932670,NLIC,10,17,10,2050.0,20500.0
2017-06-28,201706284932666,NLIC,54,5,150,2048.0,307200.0
2017-06-28,201706284932665,NLIC,11,5,20,2049.0,40980.0
2017-06-28,201706284932664,NLIC,51,5,30,2049.0,61470.0
2017-06-28,201706284932590,NLIC,45,45,10,2050.0,20500.0
2017-06-28,201706284932565,NLIC,41,41,10,2050.0,20500.0
2017-06-28,201706284932673,NLICL,17,58,30,2260.0,67800.0
2017-06-28,201706284932860,NMB,17,32,500,542.0,271000.0
2017-06-28,201706284932813,NMB,29,40,100,543.0,54300.0
2017-06-28,201706284932795,NMBMF,33,28,200,2725.0,545000.0
2017-06-28,201706284932654,NMBMF,16,10,27,2700.0,72900.0
2017-06-28,201706284932593,NMBMF,49,21,11,2696.0,29656.0
2017-06-28,201706284932592,NMBMF,49,21,11,2696.0,29656.0
2017-06-28,201706284932587,NMBMF,49,21,11,2696.0,29656.0
2017-06-28,201706284932787,NTC,43,40,1000,662.0,662000.0
2017-06-28,201706284932427,NUBL,35,17,20,1970.0,39400.0
2017-06-28,201706284932724,OHL,57,42,10,685.0,6850.0
2017-06-28,201706284932778,PCBL,6,22,87,409.0,35583.0
2017-06-28,201706284932777,PCBL,47,22,121,409.0,49489.0
2017-06-28,201706284932706,PCBL,47,29,29,409.0,11861.0
2017-06-28,201706284932633,PCBL,47,32,350,409.0,143150.0
2017-06-28,201706284932564,PCBL,17,1,100,408.0,40800.0
2017-06-28,201706284932558,PCBL,40,16,11,408.0,4488.0
2017-06-28,201706284932454,PCBL,6,21,13,408.0,5304.0
2017-06-28,201706284932417,PCBL,8,32,150,409.0,61350.0
2017-06-28,201706284932408,PCBL,8,32,25,410.0,10250.0
2017-06-28,201706284932407,PCBL,8,28,58,410.0,23780.0
2017-06-28,201706284932406,PCBL,8,51,117,410.0,47970.0
2017-06-28,201706284932818,PIC,59,34,100,1658.0,165800.0
2017-06-28,201706284932834,PICL,14,16,150,1429.0,214350.0
2017-06-28,201706284932756,PICL,38,16,50,1429.0,71450.0
2017-06-28,201706284932731,PICL,47,5,300,1427.0,428100.0
2017-06-28,201706284932712,PICL,47,25,100,1425.0,142500.0
2017-06-28,201706284932897,PLIC,34,45,100,2559.0,255900.0
2017-06-28,201706284932896,PLIC,34,14,100,2556.0,255600.0
2017-06-28,201706284932783,PLIC,58,52,30,2558.0,76740.0
2017-06-28,201706284932602,PLIC,49,13,100,2555.0,255500.0
2017-06-28,201706284932595,PLIC,5,45,19,2552.0,48488.0
2017-06-28,201706284932875,PRVU,11,34,400,402.0,160800.0
2017-06-28,201706284932874,PRVU,11,59,100,401.0,40100.0
2017-06-28,201706284932767,PRVU,39,54,50,400.0,20000.0
2017-06-28,201706284932766,PRVU,48,28,150,400.0,60000.0
2017-06-28,201706284932765,PRVU,13,28,100,400.0,40000.0
2017-06-28,201706284932764,PRVU,1,28,50,400.0,20000.0
2017-06-28,201706284932763,PRVU,1,28,200,400.0,80000.0
2017-06-28,201706284932522,PRVU,1,14,250,400.0,100000.0
2017-06-28,201706284932806,RBCL,5,5,67,13464.0,902088.0
2017-06-28,201706284932491,RBCL,34,11,20,13464.0,269280.0
2017-06-28,201706284932476,RBCL,34,11,30,13464.0,403920.0
2017-06-28,201706284932804,RBCLPO,59,28,30,11800.0,354000.0
2017-06-28,201706284932803,RBCLPO,59,33,10,11800.0,118000.0
2017-06-28,201706284932625,RBCLPO,59,49,20,11795.0,235900.0
2017-06-28,201706284932483,RHPC,41,32,500,203.0,101500.0
2017-06-28,201706284932572,RMDC,29,29,4,781.0,3124.0
2017-06-28,201706284932569,RMDC,29,29,4,781.0,3124.0
2017-06-28,201706284932563,RMDC,29,29,4,781.0,3124.0
2017-06-28,201706284932554,RMDC,29,29,4,781.0,3124.0
2017-06-28,201706284932535,RMDC,29,29,4,781.0,3124.0
2017-06-28,201706284932529,RMDC,29,29,4,781.0,3124.0
2017-06-28,201706284932518,RMDC,29,29,4,781.0,3124.0
2017-06-28,201706284932471,RMDC,29,29,44,781.0,34364.0
2017-06-28,201706284932455,RMDC,29,29,62,781.0,48422.0
2017-06-28,201706284932822,RSDC,37,44,10,2933.0,29330.0
2017-06-28,201706284932809,RSDC,35,34,10,2933.0,29330.0
2017-06-28,201706284932799,RSDC,35,34,10,2933.0,29330.0
2017-06-28,201706284932789,RSDC,35,34,10,2933.0,29330.0
2017-06-28,201706284932708,RSDC,38,38,10,2935.0,29350.0
2017-06-28,201706284932439,RSDC,45,45,10,2935.0,29350.0
2017-06-28,201706284932410,RSDC,1,52,10,2933.0,29330.0
2017-06-28,201706284932707,RSDC,38,38,10,2935.0,29350.0
2017-06-28,201706284932705,RSDC,38,38,10,2935.0,29350.0
2017-06-28,201706284932702,RSDC,38,38,10,2935.0,29350.0
2017-06-28,201706284932699,RSDC,38,38,10,2935.0,29350.0
2017-06-28,201706284932647,RSDC,35,21,10,2933.0,29330.0
2017-06-28,201706284932639,RSDC,35,21,10,2933.0,29330.0
2017-06-28,201706284932830,SANIMA,22,40,62,426.0,26412.0
2017-06-28,201706284932829,SANIMA,40,40,200,426.0,85200.0
2017-06-28,201706284932828,SANIMA,29,40,38,427.0,16226.0
2017-06-28,201706284932762,SANIMA,29,4,12,427.0,5124.0
2017-06-28,201706284932653,SANIMA,47,4,500,427.0,213500.0
2017-06-28,201706284932648,SANIMA,57,4,200,427.0,85400.0
2017-06-28,201706284932627,SANIMA,17,4,150,427.0,64050.0
2017-06-28,201706284932601,SANIMA,57,4,38,427.0,16226.0
2017-06-28,201706284932600,SANIMA,57,34,112,427.0,47824.0
2017-06-28,201706284932573,SANIMA,57,4,100,427.0,42700.0
2017-06-28,201706284932459,SANIMA,42,41,150,425.0,63750.0
2017-06-28,201706284932458,SANIMA,17,41,150,426.0,63900.0
2017-06-28,201706284932854,SBI,55,22,64,929.0,59456.0
2017-06-28,201706284932591,SBI,58,19,10,930.0,9300.0
2017-06-28,201706284932478,SBI,47,49,419,928.0,388832.0
2017-06-28,201706284932469,SBI,13,49,261,928.0,242208.0
2017-06-28,201706284932468,SBI,49,49,10,929.0,9290.0
2017-06-28,201706284932467,SBI,13,13,50,928.0,46400.0
2017-06-28,201706284932456,SBI,13,20,139,928.0,128992.0
2017-06-28,201706284932835,SBL,50,1,122,478.0,58316.0
2017-06-28,201706284932711,SBL,42,42,110,479.0,52690.0
2017-06-28,201706284932541,SBL,22,42,100,479.0,47900.0
2017-06-28,201706284932457,SBL,41,42,200,479.0,95800.0
2017-06-28,201706284932441,SBL,33,42,150,480.0,72000.0
2017-06-28,201706284932898,SCB,29,16,50,2297.0,114850.0
2017-06-28,201706284932894,SCB,34,16,30,2297.0,68910.0
2017-06-28,201706284932877,SCB,21,16,920,2297.0,2113240.0
2017-06-28,201706284932855,SCB,42,3,21,2298.0,48258.0
2017-06-28,201706284932837,SCB,29,58,20,2299.0,45980.0
2017-06-28,201706284932836,SCB,29,55,10,2299.0,22990.0
2017-06-28,201706284932516,SCB,5,10,10,2297.0,22970.0
2017-06-28,201706284932781,SCB,42,17,19,2298.0,43662.0
2017-06-28,201706284932780,SCB,42,6,10,2298.0,22980.0
2017-06-28,201706284932751,SCB,21,56,10,2297.0,22970.0
2017-06-28,201706284932680,SCB,21,16,70,2297.0,160790.0
2017-06-28,201706284932679,SCB,5,16,30,2297.0,68910.0
2017-06-28,201706284932523,SCB,5,29,10,2297.0,22970.0
2017-06-28,201706284932669,SHL,10,5,886,356.0,315416.0
2017-06-28,201706284932667,SHL,10,25,300,355.0,106500.0
2017-06-28,201706284932440,SIC,52,49,60,1423.0,85380.0
2017-06-28,201706284932714,SICL,21,34,18,1899.0,34182.0
2017-06-28,201706284932701,SICL,48,21,21,1885.0,39585.0
2017-06-28,201706284932678,SICL,44,21,21,1886.0,39606.0
2017-06-28,201706284932675,SICL,44,21,21,1886.0,39606.0
2017-06-28,201706284932668,SICL,44,21,21,1886.0,39606.0
2017-06-28,201706284932658,SICL,44,21,21,1886.0,39606.0
2017-06-28,201706284932419,SIFC,25,25,364,367.0,133588.0
2017-06-28,201706284932758,SIL,47,34,110,1459.0,160490.0
2017-06-28,201706284932757,SIL,47,44,190,1458.0,277020.0
2017-06-28,201706284932741,SIL,47,44,150,1458.0,218700.0
2017-06-28,201706284932737,SIL,47,44,200,1458.0,291600.0
2017-06-28,201706284932652,SIL,7,44,100,1458.0,145800.0
2017-06-28,201706284932881,SINDU,41,11,275,350.0,96250.0
2017-06-28,201706284932655,SINDU,37,7,10,353.0,3530.0
2017-06-28,201706284932800,SRBL,43,54,46,375.0,17250.0
2017-06-28,201706284932644,SRBL,43,42,500,375.0,187500.0
2017-06-28,201706284932643,SRBL,11,42,500,375.0,187500.0
2017-06-28,201706284932484,SRBL,43,42,287,375.0,107625.0
2017-06-28,201706284932615,SWBBL,5,47,200,1800.0,360000.0
2017-06-28,201706284932614,SWBBL,5,5,180,1799.0,323820.0
2017-06-28,201706284932682,TRH,57,28,1000,265.0,265000.0
2017-06-28,201706284932444,TRH,28,37,10,260.0,2600.0
2017-06-28,201706284932446,UIC,13,13,25,1465.0,36625.0
2017-06-28,201706284932445,UIC,13,40,150,1465.0,219750.0
2017-06-28,201706284932429,UIC,37,17,10,1460.0,14600.0
2017-06-28,201706284932428,UIC,41,17,170,1460.0,248200.0
2017-06-28,201706284932552,UMHL,5,28,14,359.0,5026.0
2017-06-28,201706284932524,UMHL,5,10,14,359.0,5026.0
2017-06-28,201706284932521,UMHL,5,16,14,359.0,5026.0
2017-06-28,201706284932435,UMHL,5,16,14,359.0,5026.0
2017-06-28,201706284932423,UMHL,5,16,10,359.0,3590.0
2017-06-28,201706284932418,UMHL,5,16,10,359.0,3590.0
2017-06-28,201706284932514,UMHL,5,16,14,359.0,5026.0
2017-06-28,201706284932492,UMHL,5,16,14,359.0,5026.0
2017-06-28,201706284932486,UMHL,5,16,10,359.0,3590.0
2017-06-28,201706284932482,UMHL,5,29,14,359.0,5026.0
2017-06-28,201706284932453,UMHL,5,16,10,359.0,3590.0
2017-06-28,201706284932442,UMHL,5,16,14,359.0,5026.0
2017-06-28,201706284932852,WOMI,34,51,21,1984.0,41664.0
2017-06-28,201706284932843,WOMI,34,51,21,1984.0,41664.0
2017-06-28,201706284932815,WOMI,32,21,21,1980.0,41580.0
2017-06-28,201706284932811,WOMI,14,21,21,1981.0,41601.0
2017-06-28,201706284932808,WOMI,44,21,21,1982.0,41622.0
2017-06-28,201706284932801,WOMI,44,21,21,1982.0,41622.0
2017-06-28,201706284932790,WOMI,44,21,21,1982.0,41622.0
2017-06-28,201706284932536,WOMI,44,10,21,1982.0,41622.0
2017-06-28,201706284932437,WOMI,44,35,54,2000.0,108000.0
2017-06-28,201706284932430,WOMI,34,35,106,2001.0,212106.0
2017-06-28,201706284932148,ADBL,28,28,19,423.0,8037.0
2017-06-28,201706284932077,ADBL,8,59,81,425.0,34425.0
2017-06-28,201706284932264,AHPC,32,47,999,262.0,261738.0
2017-06-28,201706284932263,AHPC,32,47,101,262.0,26462.0
2017-06-28,201706284932025,AHPC,32,42,99,262.0,25938.0
2017-06-28,201706284932392,AKPL,45,45,13,422.0,5486.0
2017-06-28,201706284932300,AKPL,45,45,13,422.0,5486.0
2017-06-28,201706284932205,AKPL,45,45,13,422.0,5486.0
2017-06-28,201706284932168,AKPL,45,45,13,422.0,5486.0
2017-06-28,201706284932161,AKPL,45,45,13,422.0,5486.0
2017-06-28,201706284932108,AKPL,45,10,13,421.0,5473.0
2017-06-28,201706284931920,BARUN,42,37,10,260.0,2600.0
2017-06-28,201706284931911,BARUN,42,37,10,260.0,2600.0
2017-06-28,201706284932398,BOKL,37,32,102,457.0,46614.0
2017-06-28,201706284932123,BOKL,39,32,200,457.0,91400.0
2017-06-28,201706284932076,BOKL,48,32,10,457.0,4570.0
2017-06-28,201706284931935,BOKL,49,13,150,456.0,68400.0
2017-06-28,201706284931934,BOKL,49,25,138,456.0,62928.0
2017-06-28,201706284931933,BOKL,49,53,400,456.0,182400.0
2017-06-28,201706284931906,BOKL,50,53,100,456.0,45600.0
2017-06-28,201706284931951,BPCL,56,13,150,642.0,96300.0
2017-06-28,201706284931950,BPCL,56,47,100,642.0,64200.0
2017-06-28,201706284932021,CBBL,47,29,42,1541.0,64722.0
2017-06-28,201706284932403,CBL,45,44,1000,239.0,239000.0
2017-06-28,201706284932402,CBL,33,44,70,239.0,16730.0
2017-06-28,201706284932332,CBL,50,13,900,240.0,216000.0
2017-06-28,201706284931924,CBL,49,6,250,240.0,60000.0
2017-06-28,201706284931908,CBL,42,6,250,240.0,60000.0
2017-06-28,201706284932177,CCBL,37,42,71,364.0,25844.0
2017-06-28,201706284932176,CCBL,52,42,100,365.0,36500.0
2017-06-28,201706284932175,CCBL,40,42,218,365.0,79570.0
2017-06-28,201706284932130,CCBL,40,40,82,365.0,29930.0
2017-06-28,201706284931958,CCBL,11,11,7,365.0,2555.0
2017-06-28,201706284931949,CCBL,11,11,7,365.0,2555.0
2017-06-28,201706284932197,CHCL,20,40,60,802.0,48120.0
2017-06-28,201706284932196,CHCL,39,40,50,803.0,40150.0
2017-06-28,201706284932195,CHCL,26,40,91,804.0,73164.0
2017-06-28,201706284932057,CHCL,26,28,109,804.0,87636.0
2017-06-28,201706284932056,CHCL,5,28,200,805.0,161000.0
2017-06-28,201706284932055,CHCL,11,28,200,805.0,161000.0
2017-06-28,201706284932054,CHCL,14,28,11,806.0,8866.0
2017-06-28,201706284931994,CHCL,42,58,50,809.0,40450.0
2017-06-28,201706284932070,CZBIL,34,28,238,378.0,89964.0
2017-06-28,201706284932002,CZBIL,49,48,600,379.0,227400.0
2017-06-28,201706284932377,DBBL,39,43,20,272.0,5440.0
2017-06-28,201706284932248,DDBL,53,47,200,1292.0,258400.0
2017-06-28,201706284932304,DHPL,45,45,11,214.0,2354.0
2017-06-28,201706284932211,DHPL,45,45,11,214.0,2354.0
2017-06-28,201706284932376,EBL,43,10,42,1381.0,58002.0
2017-06-28,201706284932375,EBL,19,10,50,1382.0,69100.0
2017-06-28,201706284932374,EBL,46,10,18,1382.0,24876.0
2017-06-28,201706284932373,EBL,22,10,50,1385.0,69250.0
2017-06-28,201706284932372,EBL,58,10,40,1385.0,55400.0
2017-06-28,201706284932371,EBL,41,10,100,1387.0,138700.0
2017-06-28,201706284931993,EBL,54,44,100,1388.0,138800.0
2017-06-28,201706284932219,EBL,41,13,100,1388.0,138800.0
2017-06-28,201706284932218,EBL,41,16,100,1388.0,138800.0
2017-06-28,201706284932014,EBL,51,37,46,1388.0,63848.0
2017-06-28,201706284932013,EBL,51,44,24,1388.0,33312.0
2017-06-28,201706284932319,EBL,45,14,20,1388.0,27760.0
2017-06-28,201706284932296,EBL,22,21,50,1385.0,69250.0
2017-06-28,201706284932252,EBL,25,37,54,1388.0,74952.0
2017-06-28,201706284931910,EBLCP,10,21,180,900.0,162000.0
2017-06-28,201706284932285,FMDBL,45,18,13,1015.0,13195.0
2017-06-28,201706284932000,GBBL,32,58,172,299.0,51428.0
2017-06-28,201706284932333,GBIME,49,21,29,377.0,10933.0
2017-06-28,201706284932330,GBIME,5,14,416,380.0,158080.0
2017-06-28,201706284932329,GBIME,36,43,317,380.0,120460.0
2017-06-28,201706284932309,GBIME,36,35,100,380.0,38000.0
2017-06-28,201706284932308,GBIME,36,13,17,379.0,6443.0
2017-06-28,201706284932307,GBIME,36,28,66,379.0,25014.0
2017-06-28,201706284932259,GBIME,49,8,34,377.0,12818.0
2017-06-28,201706284932237,GBIME,49,39,171,377.0,64467.0
2017-06-28,201706284932198,GBIME,49,8,56,377.0,21112.0
2017-06-28,201706284932187,GBIME,49,8,56,377.0,21112.0
2017-06-28,201706284931959,GBIME,32,28,50,379.0,18950.0
2017-06-28,201706284931907,GBIME,45,28,20,379.0,7580.0
2017-06-28,201706284932186,GLICL,25,40,500,1025.0,512500.0
2017-06-28,201706284931954,GMFIL,28,37,19,253.0,4807.0
2017-06-28,201706284932086,HAMRO,1,48,150,238.0,35700.0
2017-06-28,201706284932185,HBL,6,59,67,886.0,59362.0
2017-06-28,201706284932128,HBL,16,28,16,887.0,14192.0
2017-06-28,201706284931976,HBL,6,25,979,886.0,867394.0
2017-06-28,201706284931922,HBL,11,14,12,881.0,10572.0
2017-06-28,201706284932400,HGI,18,18,5,1680.0,8400.0
2017-06-28,201706284932364,HGI,34,53,12,1675.0,20100.0
2017-06-28,201706284932363,HGI,45,53,395,1675.0,661625.0
2017-06-28,201706284932362,HGI,45,53,80,1675.0,134000.0
2017-06-28,201706284932361,HGI,20,53,100,1675.0,167500.0
2017-06-28,201706284932360,HGI,45,53,100,1675.0,167500.0
2017-06-28,201706284932078,HGI,14,29,10,1680.0,16800.0
2017-06-28,201706284932026,HGI,1,6,100,1680.0,168000.0
2017-06-28,201706284932008,HGI,45,6,30,1680.0,50400.0
2017-06-28,201706284931997,HGI,11,6,50,1680.0,84000.0
2017-06-28,201706284931996,HGI,26,6,10,1680.0,16800.0
2017-06-28,201706284931952,HGI,39,6,12,1680.0,20160.0
2017-06-28,201706284932146,HGI,26,46,210,1680.0,352800.0
2017-06-28,201706284932145,HGI,26,41,116,1680.0,194880.0
2017-06-28,201706284932144,HGI,26,29,140,1680.0,235200.0
2017-06-28,201706284932140,HGI,36,29,50,1680.0,84000.0
2017-06-28,201706284932106,HGI,43,59,50,1680.0,84000.0
2017-06-28,201706284932081,HGI,45,55,119,1679.0,199801.0
2017-06-28,201706284932228,HGI,25,17,50,1679.0,83950.0
2017-06-28,201706284932210,HGI,46,17,60,1679.0,100740.0
2017-06-28,201706284932209,HGI,29,17,100,1679.0,167900.0
2017-06-28,201706284932192,HGI,26,20,200,1680.0,336000.0
2017-06-28,201706284932149,HGI,32,20,100,1680.0,168000.0
2017-06-28,201706284932147,HGI,26,20,34,1680.0,57120.0
2017-06-28,201706284932280,HGI,19,6,20,1678.0,33560.0
2017-06-28,201706284932251,HGI,46,6,10,1678.0,16780.0
2017-06-28,201706284932242,HGI,42,6,60,1678.0,100680.0
2017-06-28,201706284932241,HGI,25,6,280,1678.0,469840.0
2017-06-28,201706284932240,HGI,4,6,10,1678.0,16780.0
2017-06-28,201706284932236,HGI,41,17,30,1679.0,50370.0
2017-06-28,201706284932359,HGI,42,53,40,1676.0,67040.0
2017-06-28,201706284932358,HGI,7,53,21,1677.0,35217.0
2017-06-28,201706284932357,HGI,41,53,10,1677.0,16770.0
2017-06-28,201706284932356,HGI,26,53,50,1678.0,83900.0
2017-06-28,201706284932293,HGI,13,17,180,1679.0,302220.0
2017-06-28,201706284932292,HGI,13,6,120,1678.0,201360.0
2017-06-28,201706284932188,HIDCL,37,10,56,195.0,10920.0
2017-06-28,201706284932110,HIDCL,37,10,56,195.0,10920.0
2017-06-28,201706284932058,HIDCL,11,58,56,195.0,10920.0
2017-06-28,201706284931919,HIDCL,50,51,100,196.0,19600.0
2017-06-28,201706284931904,HIDCL,29,51,26,196.0,5096.0
2017-06-28,201706284932019,ICFC,17,28,1000,276.0,276000.0
2017-06-28,201706284932018,ICFC,20,28,300,276.0,82800.0
2017-06-28,201706284932016,ICFC,17,28,900,280.0,252000.0
2017-06-28,201706284932353,JBNL,37,21,38,265.0,10070.0
2017-06-28,201706284932279,JBNL,33,25,500,268.0,134000.0
2017-06-28,201706284932278,JBNL,33,25,1000,268.0,268000.0
2017-06-28,201706284932277,JBNL,33,21,71,268.0,19028.0
2017-06-28,201706284932276,JBNL,33,34,1000,267.0,267000.0
2017-06-28,201706284932275,JBNL,33,43,800,267.0,213600.0
2017-06-28,201706284932024,JBNL,33,18,1300,266.0,345800.0
2017-06-28,201706284932385,JSLBB,41,34,10,3100.0,31000.0
2017-06-28,201706284932031,JSLBB,41,11,10,3100.0,31000.0
2017-06-28,201706284932030,JSLBB,19,11,10,3105.0,31050.0
2017-06-28,201706284932206,KBL,54,8,118,324.0,38232.0
2017-06-28,201706284932184,KBL,17,13,490,325.0,159250.0
2017-06-28,201706284932183,KBL,17,48,1001,325.0,325325.0
2017-06-28,201706284932053,KBL,17,35,500,324.0,162000.0
2017-06-28,201706284932202,KNBL,19,47,100,555.0,55500.0
2017-06-28,201706284932201,KNBL,50,47,85,555.0,47175.0
2017-06-28,201706284932200,KNBL,34,47,100,556.0,55600.0
2017-06-28,201706284932199,KNBL,49,47,10,557.0,5570.0
2017-06-28,201706284932194,KNBL,59,34,50,559.0,27950.0
2017-06-28,201706284932098,KNBL,35,38,22,560.0,12320.0
2017-06-28,201706284931966,KNBL,50,13,15,555.0,8325.0
2017-06-28,201706284931965,KNBL,50,34,50,555.0,27750.0
2017-06-28,201706284932097,KNBL,35,58,300,559.0,167700.0
2017-06-28,201706284932096,KNBL,35,43,48,558.0,26784.0
2017-06-28,201706284932095,KNBL,35,16,330,557.0,183810.0
2017-06-28,201706284932094,KNBL,35,34,300,556.0,166800.0
2017-06-28,201706284932069,KNBL,51,29,170,556.0,94520.0
2017-06-28,201706284932068,KNBL,51,34,200,556.0,111200.0
2017-06-28,201706284932384,LBL,48,47,100,395.0,39500.0
2017-06-28,201706284932383,LBL,19,47,100,395.0,39500.0
2017-06-28,201706284932382,LBL,29,47,100,395.0,39500.0
2017-06-28,201706284932381,LBL,1,47,500,396.0,198000.0
2017-06-28,201706284932380,LBL,26,47,46,396.0,18216.0
2017-06-28,201706284931940,LBL,26,53,54,396.0,21384.0
2017-06-28,201706284932386,LGIL,34,6,180,972.0,174960.0
2017-06-28,201706284932370,LGIL,49,1,40,975.0,39000.0
2017-06-28,201706284932369,LGIL,49,1,30,975.0,29250.0
2017-06-28,201706284932117,LLBS,49,45,100,1869.0,186900.0
2017-06-28,201706284932116,LLBS,49,28,66,1869.0,123354.0
2017-06-28,201706284932027,LLBS,22,17,22,1855.0,40810.0
2017-06-28,201706284932345,MBL,45,51,40,363.0,14520.0
2017-06-28,201706284932093,MBL,48,51,10,363.0,3630.0
2017-06-28,201706284932350,MERO,29,10,42,2269.0,95298.0
2017-06-28,201706284932331,MERO,39,48,10,2269.0,22690.0
2017-06-28,201706284932253,MERO,39,10,10,2269.0,22690.0
2017-06-28,201706284932221,MERO,45,45,11,2255.0,24805.0
2017-06-28,201706284932166,MERO,45,42,12,2255.0,27060.0
2017-06-28,201706284932165,MERO,26,42,22,2256.0,49632.0
2017-06-28,201706284932164,MERO,43,42,11,2256.0,24816.0
2017-06-28,201706284931975,MERO,51,39,11,2257.0,24827.0
2017-06-28,201706284932109,MFIL,57,55,10,160.0,1600.0
2017-06-28,201706284932063,MFIL,57,58,470,157.0,73790.0
2017-06-28,201706284932062,MFIL,57,17,108,156.0,16848.0
2017-06-28,201706284932023,MFIL,39,17,40,155.0,6200.0
2017-06-28,201706284932129,MNBBL,32,34,100,948.0,94800.0
2017-06-28,201706284932034,MNBBL,53,48,343,945.0,324135.0
2017-06-28,201706284932033,MNBBL,53,47,200,945.0,189000.0
2017-06-28,201706284931984,MNBBL,21,13,100,944.0,94400.0
2017-06-28,201706284931939,MNBBL,45,8,700,943.0,660100.0
2017-06-28,201706284932391,NABIL,5,11,100,1500.0,150000.0
2017-06-28,201706284932390,NABIL,5,53,92,1500.0,138000.0
2017-06-28,201706284932136,NABIL,26,53,340,1500.0,510000.0
2017-06-28,201706284932135,NABIL,26,41,180,1500.0,270000.0
2017-06-28,201706284932134,NABIL,26,41,100,1500.0,150000.0
2017-06-28,201706284932133,NABIL,26,59,100,1499.0,149900.0
2017-06-28,201706284932132,NABIL,26,53,50,1499.0,74950.0
2017-06-28,201706284932131,NABIL,26,38,230,1497.0,344310.0
2017-06-28,201706284932107,NABIL,39,38,20,1497.0,29940.0
2017-06-28,201706284932022,NABIL,53,38,50,1497.0,74850.0
2017-06-28,201706284931990,NABILP,34,34,200,1080.0,216000.0
2017-06-28,201706284931989,NABILP,34,34,100,1080.0,108000.0
2017-06-28,201706284932012,NABILP,34,28,100,1083.0,108300.0
2017-06-28,201706284932009,NABILP,43,28,500,1078.0,539000.0
2017-06-28,201706284932001,NABILP,28,42,1000,1079.0,1079000.0
2017-06-28,201706284931992,NABILP,10,34,150,1080.0,162000.0
2017-06-28,201706284931991,NABILP,34,34,300,1080.0,324000.0
2017-06-28,201706284932124,NABILP,16,28,390,1080.0,421200.0
2017-06-28,201706284932028,NABILP,14,28,10,1080.0,10800.0
2017-06-28,201706284932291,NABILP,16,42,400,1080.0,432000.0
2017-06-28,201706284932290,NABILP,10,42,100,1081.0,108100.0
2017-06-28,201706284932229,NABILP,17,34,1000,1084.0,1084000.0
2017-06-28,201706284932287,NBB,59,45,324,394.0,127656.0
2017-06-28,201706284932163,NBB,59,8,37,394.0,14578.0
2017-06-28,201706284932155,NBB,1,55,100,395.0,39500.0
2017-06-28,201706284932154,NBB,42,55,100,395.0,39500.0
2017-06-28,201706284932153,NBB,43,55,20,395.0,7900.0
2017-06-28,201706284932152,NBB,17,55,200,395.0,79000.0
2017-06-28,201706284932151,NBB,14,55,50,395.0,19750.0
2017-06-28,201706284931999,NBB,13,51,131,396.0,51876.0
2017-06-28,201706284931998,NBB,22,51,28,396.0,11088.0
2017-06-28,201706284931943,NBB,22,53,22,396.0,8712.0
2017-06-28,201706284931928,NBB,36,51,100,397.0,39700.0
2017-06-28,201706284932092,NBIL,55,29,100,985.0,98500.0
2017-06-28,201706284932322,NBL,36,20,500,339.0,169500.0
2017-06-28,201706284932288,NBL,52,34,235,339.0,79665.0
2017-06-28,201706284932262,NBL,34,34,500,339.0,169500.0
2017-06-28,201706284932261,NBL,32,34,600,339.0,203400.0
2017-06-28,201706284932254,NBL,40,28,100,340.0,34000.0
2017-06-28,201706284932203,NBL,42,28,49,340.0,16660.0
2017-06-28,201706284932167,NBL,42,28,500,340.0,170000.0
2017-06-28,201706284932126,NBL,39,28,100,340.0,34000.0
2017-06-28,201706284932125,NBL,37,28,50,340.0,17000.0
2017-06-28,201706284932112,NBL,42,25,451,340.0,153340.0
2017-06-28,201706284931903,NBL,32,34,400,339.0,135600.0
2017-06-28,201706284932399,NCCB,5,52,200,370.0,74000.0
2017-06-28,201706284932387,NCCB,5,45,241,370.0,89170.0
2017-06-28,201706284932313,NCCB,5,52,29,371.0,10759.0
2017-06-28,201706284932312,NCCB,5,1,10,371.0,3710.0
2017-06-28,201706284932311,NCCB,5,1,10,371.0,3710.0
2017-06-28,201706284931942,NCCB,32,49,1342,370.0,496540.0
2017-06-28,201706284931936,NCCB,44,49,300,370.0,111000.0
2017-06-28,201706284932368,NIB,45,45,6,740.0,4440.0
2017-06-28,201706284932247,NIB,49,14,32,745.0,23840.0
2017-06-28,201706284932245,NIB,59,21,68,748.0,50864.0
2017-06-28,201706284932244,NIB,28,21,10,748.0,7480.0
2017-06-28,201706284932231,NIB,59,33,32,748.0,23936.0
2017-06-28,201706284932227,NIB,45,45,6,740.0,4440.0
2017-06-28,201706284932193,NIB,45,10,32,745.0,23840.0
2017-06-28,201706284932113,NIB,45,10,32,745.0,23840.0
2017-06-28,201706284932032,NIBLPF,45,34,1010,9.6,9696.0
2017-06-28,201706284932272,NIBPO,17,42,2000,625.0,1250000.0
2017-06-28,201706284932271,NIBPO,45,42,500,625.0,312500.0
2017-06-28,201706284932270,NIBPO,42,42,400,626.0,250400.0
2017-06-28,201706284932269,NIBPO,29,42,400,626.0,250400.0
2017-06-28,201706284932268,NIBPO,47,42,50,626.0,31300.0
2017-06-28,201706284932267,NIBPO,57,42,130,626.0,81380.0
2017-06-28,201706284932243,NIBPO,17,42,1000,627.0,627000.0
2017-06-28,201706284932217,NIBPO,33,42,1000,627.0,627000.0
2017-06-28,201706284932074,NIBPO,33,1,300,630.0,189000.0
2017-06-28,201706284932035,NIBPO,58,38,400,629.0,251600.0
2017-06-28,201706284932189,NICA,49,48,800,437.0,349600.0
2017-06-28,201706284932169,NICA,49,8,48,436.0,20928.0
2017-06-28,201706284932082,NICA,48,55,10,441.0,4410.0
2017-06-28,201706284932060,NICA,28,55,200,441.0,88200.0
2017-06-28,201706284932367,NICL,52,5,100,1445.0,144500.0
2017-06-28,201706284932327,NICL,6,48,100,1444.0,144400.0
2017-06-28,201706284932355,NIL,37,59,20,979.0,19580.0
2017-06-28,201706284932354,NIL,37,45,80,979.0,78320.0
2017-06-28,201706284932306,NIL,37,16,60,978.0,58680.0
2017-06-28,201706284932029,NIL,34,16,300,978.0,293400.0
2017-06-28,201706284931913,NIL,53,45,150,979.0,146850.0
2017-06-28,201706284932233,NLBBL,58,13,73,1275.0,93075.0
2017-06-28,201706284932230,NLG,54,39,213,1460.0,310980.0
2017-06-28,201706284932191,NLG,54,34,500,1479.0,739500.0
2017-06-28,201706284932190,NLG,54,6,75,1475.0,110625.0
2017-06-28,201706284932172,NLG,18,42,37,1460.0,54020.0
2017-06-28,201706284932326,NLIC,45,45,10,2050.0,20500.0
2017-06-28,201706284932281,NLIC,54,21,10,2048.0,20480.0
2017-06-28,201706284932239,NLIC,45,45,10,2050.0,20500.0
2017-06-28,201706284932170,NLIC,45,45,10,2050.0,20500.0
2017-06-28,201706284932115,NLIC,54,1,80,2050.0,164000.0
2017-06-28,201706284932011,NLIC,34,1,250,2050.0,512500.0
2017-06-28,201706284931917,NLIC,41,1,20,2050.0,41000.0
2017-06-28,201706284931916,NLIC,41,10,20,2050.0,41000.0
2017-06-28,201706284931915,NLIC,41,34,10,2050.0,20500.0
2017-06-28,201706284932010,NLIC,33,1,50,2050.0,102500.0
2017-06-28,201706284931973,NLIC,10,13,50,2050.0,102500.0
2017-06-28,201706284931964,NLIC,7,53,72,2046.0,147312.0
2017-06-28,201706284931963,NLIC,43,53,30,2047.0,61410.0
2017-06-28,201706284931962,NLIC,54,53,10,2047.0,20470.0
2017-06-28,201706284931961,NLIC,19,53,25,2047.0,51175.0
2017-06-28,201706284932220,NLICL,33,22,200,2260.0,452000.0
2017-06-28,201706284932059,NLICL,50,6,80,2259.0,180720.0
2017-06-28,201706284932379,NMB,21,21,4,544.0,2176.0
2017-06-28,201706284932067,NMB,25,44,84,541.0,45444.0
2017-06-28,201706284932066,NMB,42,44,200,541.0,108200.0
2017-06-28,201706284932065,NMB,51,44,10,541.0,5410.0
2017-06-28,201706284931960,NMB,39,58,10,545.0,5450.0
2017-06-28,201706284932318,NMBSF1,5,47,5000,12.9,64500.0
2017-06-28,201706284932317,NMBSF1,5,42,2500,12.9,32250.0
2017-06-28,201706284932316,NMBSF1,5,5,2000,12.9,25800.0
2017-06-28,201706284932315,NMBSF1,5,5,2000,12.9,25800.0
2017-06-28,201706284932314,NMBSF1,5,5,2000,12.9,25800.0
2017-06-28,201706284932015,NTC,7,7,40,664.0,26560.0
2017-06-28,201706284932397,NUBL,46,38,100,1961.0,196100.0
2017-06-28,201706284932396,NUBL,21,38,100,1965.0,196500.0
2017-06-28,201706284932395,NUBL,26,38,56,1965.0,110040.0
2017-06-28,201706284932394,NUBL,45,38,100,1975.0,197500.0
2017-06-28,201706284931983,NUBL,26,45,60,1975.0,118500.0
2017-06-28,201706284931945,NUBL,26,45,44,1965.0,86460.0
2017-06-28,201706284932404,PCBL,8,45,100,409.0,40900.0
2017-06-28,201706284932401,PCBL,17,49,209,409.0,85481.0
2017-06-28,201706284932366,PCBL,17,21,22,409.0,8998.0
2017-06-28,201706284932320,PCBL,17,21,17,409.0,6953.0
2017-06-28,201706284932305,PCBL,32,51,25,410.0,10250.0
2017-06-28,201706284932298,PCBL,32,32,2,410.0,820.0
2017-06-28,201706284932295,PCBL,29,51,100,410.0,41000.0
2017-06-28,201706284932286,PCBL,17,14,40,409.0,16360.0
2017-06-28,201706284932266,PCBL,17,51,112,409.0,45808.0
2017-06-28,201706284931988,PCBL,40,18,100,408.0,40800.0
2017-06-28,201706284931926,PCBL,13,51,30,409.0,12270.0
2017-06-28,201706284931925,PCBL,40,51,50,409.0,20450.0
2017-06-28,201706284932284,PLIC,5,25,37,2555.0,94535.0
2017-06-28,201706284932283,PLIC,41,25,83,2555.0,212065.0
2017-06-28,201706284932282,PLIC,5,25,80,2555.0,204400.0
2017-06-28,201706284932232,PLIC,5,11,20,2555.0,51100.0
2017-06-28,201706284932061,PLIC,41,14,117,2555.0,298935.0
2017-06-28,201706284932017,PLIC,53,14,300,2555.0,766500.0
2017-06-28,201706284931923,PLIC,46,40,30,2551.0,76530.0
2017-06-28,201706284932007,PLIC,38,29,30,2550.0,76500.0
2017-06-28,201706284932004,PLIC,50,29,200,2550.0,510000.0
2017-06-28,201706284932003,PLIC,53,14,100,2555.0,255500.0
2017-06-28,201706284931982,PLIC,50,14,300,2550.0,765000.0
2017-06-28,201706284931981,PLIC,37,14,50,2550.0,127500.0
2017-06-28,201706284931980,PLIC,46,14,70,2551.0,178570.0
2017-06-28,201706284932303,PRVU,1,58,100,400.0,40000.0
2017-06-28,201706284932302,PRVU,47,58,100,400.0,40000.0
2017-06-28,201706284932301,PRVU,1,1,200,401.0,80200.0
2017-06-28,201706284932265,PRVU,47,45,200,400.0,80000.0
2017-06-28,201706284932235,PRVU,54,35,300,401.0,120300.0
2017-06-28,201706284932234,PRVU,54,25,500,401.0,200500.0
2017-06-28,201706284932079,PRVU,59,13,100,400.0,40000.0
2017-06-28,201706284931955,PRVU,20,13,50,400.0,20000.0
2017-06-28,201706284931938,PRVU,57,13,300,400.0,120000.0
2017-06-28,201706284932142,PRVU,14,56,11,400.0,4400.0
2017-06-28,201706284932141,PRVU,39,56,23,400.0,9200.0
2017-06-28,201706284932138,PRVU,14,40,39,400.0,15600.0
2017-06-28,201706284932088,PRVU,39,40,27,400.0,10800.0
2017-06-28,201706284932087,PRVU,39,13,50,400.0,20000.0
2017-06-28,201706284932085,PRVU,1,13,200,400.0,80000.0
2017-06-28,201706284932216,PRVU,1,37,202,400.0,80800.0
2017-06-28,201706284932215,PRVU,1,51,93,400.0,37200.0
2017-06-28,201706284932214,PRVU,1,21,200,400.0,80000.0
2017-06-28,201706284932213,PRVU,1,13,150,400.0,60000.0
2017-06-28,201706284932212,PRVU,1,50,76,400.0,30400.0
2017-06-28,201706284932143,PRVU,33,56,16,399.0,6384.0
2017-06-28,201706284932114,PURBL,59,22,10,306.0,3060.0
2017-06-28,201706284931929,PURBL,59,37,10,299.0,2990.0
2017-06-28,201706284931987,PURBL,59,22,300,301.0,90300.0
2017-06-28,201706284932389,RHPC,21,21,3,204.0,612.0
2017-06-28,201706284932348,RSDC,45,45,10,2935.0,29350.0
2017-06-28,201706284932321,RSDC,26,29,14,2932.0,41048.0
2017-06-28,201706284932310,RSDC,26,29,14,2932.0,41048.0
2017-06-28,201706284932289,RSDC,37,29,14,2935.0,41090.0
2017-06-28,201706284932159,RSDC,35,29,14,2935.0,41090.0
2017-06-28,201706284931944,RSDC,45,17,10,2930.0,29300.0
2017-06-28,201706284931937,RSDC,45,17,10,2930.0,29300.0
2017-06-28,201706284932260,RSDC,26,39,10,2932.0,29320.0
2017-06-28,201706284932249,RSDC,26,45,10,2932.0,29320.0
2017-06-28,201706284932246,RSDC,45,29,10,2935.0,29350.0
2017-06-28,201706284932182,RSDC,35,38,20,2931.0,58620.0
2017-06-28,201706284932178,RSDC,45,45,10,2935.0,29350.0
2017-06-28,201706284932160,RSDC,35,21,10,2935.0,29350.0
2017-06-28,201706284932006,SADBL,48,45,111,400.0,44400.0
2017-06-28,201706284932005,SADBL,48,45,389,400.0,155600.0
2017-06-28,201706284931957,SADBL,1,45,470,400.0,188000.0
2017-06-28,201706284931956,SADBL,1,21,30,399.0,11970.0
2017-06-28,201706284932273,SANIMA,50,45,100,425.0,42500.0
2017-06-28,201706284932258,SANIMA,17,4,996,427.0,425292.0
2017-06-28,201706284932257,SANIMA,17,6,90,427.0,38430.0
2017-06-28,201706284932256,SANIMA,17,6,195,427.0,83265.0
2017-06-28,201706284932255,SANIMA,17,4,414,426.0,176364.0
2017-06-28,201706284932089,SANIMA,4,4,100,426.0,42600.0
2017-06-28,201706284932072,SANIMA,48,6,10,427.0,4270.0
2017-06-28,201706284931978,SANIMA,50,6,100,427.0,42700.0
2017-06-28,201706284931932,SANIMA,59,6,500,426.0,213000.0
2017-06-28,201706284931931,SANIMA,59,43,221,426.0,94146.0
2017-06-28,201706284931930,SANIMA,59,4,200,425.0,85000.0
2017-06-28,201706284931927,SANIMA,7,41,100,425.0,42500.0
2017-06-28,201706284932204,SBBLJ,58,48,500,353.0,176500.0
2017-06-28,201706284932297,SBL,29,55,300,480.0,144000.0
2017-06-28,201706284932294,SBL,49,55,700,480.0,336000.0
2017-06-28,201706284932226,SBL,17,28,260,480.0,124800.0
2017-06-28,201706284932225,SBL,17,55,617,480.0,296160.0
2017-06-28,201706284932173,SBL,49,35,300,479.0,143700.0
2017-06-28,201706284932052,SBL,20,42,780,475.0,370500.0
2017-06-28,201706284932039,SBL,1,42,100,478.0,47800.0
2017-06-28,201706284932038,SBL,38,42,100,478.0,47800.0
2017-06-28,201706284932037,SBL,13,42,130,478.0,62140.0
2017-06-28,201706284932036,SBL,21,42,30,479.0,14370.0
2017-06-28,201706284932045,SBL,5,42,400,476.0,190400.0
2017-06-28,201706284932044,SBL,38,42,100,476.0,47600.0
2017-06-28,201706284932043,SBL,55,42,100,477.0,47700.0
2017-06-28,201706284932042,SBL,28,42,100,477.0,47700.0
2017-06-28,201706284932041,SBL,48,42,90,477.0,42930.0
2017-06-28,201706284932040,SBL,32,42,300,478.0,143400.0
2017-06-28,201706284932051,SBL,42,42,100,475.0,47500.0
2017-06-28,201706284932050,SBL,29,42,100,475.0,47500.0
2017-06-28,201706284932049,SBL,17,42,100,475.0,47500.0
2017-06-28,201706284932048,SBL,8,42,250,475.0,118750.0
2017-06-28,201706284932047,SBL,45,42,100,475.0,47500.0
2017-06-28,201706284932046,SBL,52,42,120,475.0,57000.0
2017-06-28,201706284932393,SCB,58,59,10,2296.0,22960.0
2017-06-28,201706284932378,SCB,58,26,10,2296.0,22960.0
2017-06-28,201706284932365,SCB,32,26,10,2296.0,22960.0
2017-06-28,201706284932351,SCB,32,26,10,2296.0,22960.0
2017-06-28,201706284932349,SCB,26,26,10,2297.0,22970.0
2017-06-28,201706284932328,SCB,26,29,10,2297.0,22970.0
2017-06-28,201706284931918,SCB,40,17,10,2296.0,22960.0
2017-06-28,201706284931914,SCB,40,17,10,2296.0,22960.0
2017-06-28,201706284931912,SCB,40,17,10,2296.0,22960.0
2017-06-28,201706284931909,SCB,40,17,10,2296.0,22960.0
2017-06-28,201706284931905,SCB,40,17,10,2296.0,22960.0
2017-06-28,201706284932091,SCB,39,55,10,2299.0,22990.0
2017-06-28,201706284932090,SCB,39,19,38,2299.0,87362.0
2017-06-28,201706284932084,SCB,32,21,10,2296.0,22960.0
2017-06-28,201706284932080,SCB,16,19,10,2299.0,22990.0
2017-06-28,201706284931979,SCB,49,33,50,2296.0,114800.0
2017-06-28,201706284931941,SCB,40,34,10,2296.0,22960.0
2017-06-28,201706284932127,SCB,26,10,10,2297.0,22970.0
2017-06-28,201706284932122,SCB,33,55,10,2299.0,22990.0
2017-06-28,201706284932121,SCB,33,55,10,2299.0,22990.0
2017-06-28,201706284932120,SCB,33,55,10,2299.0,22990.0
2017-06-28,201706284932119,SCB,33,55,10,2299.0,22990.0
2017-06-28,201706284932118,SCB,33,55,10,2299.0,22990.0
2017-06-28,201706284932325,SCB,42,59,10,2299.0,22990.0
2017-06-28,201706284932324,SCB,42,55,10,2299.0,22990.0
2017-06-28,201706284932274,SCB,26,29,10,2297.0,22970.0
2017-06-28,201706284932181,SCB,41,21,10,2300.0,23000.0
2017-06-28,201706284932180,SCB,41,25,50,2300.0,115000.0
2017-06-28,201706284932179,SCB,41,21,10,2299.0,22990.0
2017-06-28,201706284932388,SHL,10,34,100,357.0,35700.0
2017-06-28,201706284932208,SHL,10,29,742,356.0,264152.0
2017-06-28,201706284932207,SHL,10,16,600,355.0,213000.0
2017-06-28,201706284931977,SHL,1,42,100,352.0,35200.0
2017-06-28,201706284931967,SHL,42,42,6500,346.0,2249000.0
2017-06-28,201706284932111,SHPC,32,8,84,1189.0,99876.0
2017-06-28,201706284932105,SHPC,32,8,66,1189.0,78474.0
2017-06-28,201706284932104,SHPC,32,40,500,1188.0,594000.0
2017-06-28,201706284932103,SHPC,32,43,400,1187.0,474800.0
2017-06-28,201706284932102,SHPC,32,57,16,1185.0,18960.0
2017-06-28,201706284931970,SHPC,32,43,400,1178.0,471200.0
2017-06-28,201706284931969,SHPC,32,10,18,1178.0,21204.0
2017-06-28,201706284931968,SHPC,32,36,280,1178.0,329840.0
2017-06-28,201706284932101,SHPC,32,5,18,1185.0,21330.0
2017-06-28,201706284931995,SHPC,5,5,18,1185.0,21330.0
2017-06-28,201706284931972,SHPC,32,10,18,1179.0,21222.0
2017-06-28,201706284931971,SHPC,32,35,100,1179.0,117900.0
2017-06-28,201706284932323,SICL,44,7,386,1886.0,727996.0
2017-06-28,201706284932352,SIFC,25,16,289,367.0,106063.0
2017-06-28,201706284932299,SIL,18,45,100,1452.0,145200.0
2017-06-28,201706284932162,SIL,37,44,70,1450.0,101500.0
2017-06-28,201706284931953,SINDU,59,11,80,360.0,28800.0
2017-06-28,201706284932083,SKBBL,22,22,102,1508.0,153816.0
2017-06-28,201706284931948,SKBBL,14,39,68,1507.0,102476.0
2017-06-28,201706284931947,SKBBL,40,39,100,1510.0,151000.0
2017-06-28,201706284931946,SKBBL,22,39,50,1510.0,75500.0
2017-06-28,201706284932158,SLBBL,16,57,150,1700.0,255000.0
2017-06-28,201706284932157,SLBBL,16,17,26,1700.0,44200.0
2017-06-28,201706284932156,SLBBL,16,41,100,1699.0,169900.0
2017-06-28,201706284932139,SPDL,39,10,15,252.0,3780.0
2017-06-28,201706284932344,SRBL,19,42,150,375.0,56250.0
2017-06-28,201706284932343,SRBL,10,42,1800,375.0,675000.0
2017-06-28,201706284932342,SRBL,52,42,100,375.0,37500.0
2017-06-28,201706284932341,SRBL,34,42,250,375.0,93750.0
2017-06-28,201706284932340,SRBL,17,42,500,375.0,187500.0
2017-06-28,201706284932339,SRBL,50,42,300,376.0,112800.0
2017-06-28,201706284932174,SRBL,39,42,500,380.0,190000.0
2017-06-28,201706284932075,SRBL,39,42,200,380.0,76000.0
2017-06-28,201706284932064,SRBL,28,38,100,376.0,37600.0
2017-06-28,201706284931974,SRBL,39,42,10,380.0,3800.0
2017-06-28,201706284932338,SRBL,28,42,100,376.0,37600.0
2017-06-28,201706284932337,SRBL,54,42,50,376.0,18800.0
2017-06-28,201706284932336,SRBL,49,42,63,376.0,23688.0
2017-06-28,201706284932335,SRBL,17,42,1000,377.0,377000.0
2017-06-28,201706284932334,SRBL,39,42,400,378.0,151200.0
2017-06-28,201706284932224,SRBL,39,42,44,380.0,16720.0
2017-06-28,201706284932250,SWBBL,35,22,135,1800.0,243000.0
2017-06-28,201706284932238,SWBBL,5,47,200,1795.0,359000.0
2017-06-28,201706284932100,SWBBL,45,22,35,1800.0,63000.0
2017-06-28,201706284932099,SWBBL,45,45,15,1800.0,27000.0
2017-06-28,201706284932150,UMHL,5,21,14,359.0,5026.0
2017-06-28,201706284931986,UMHL,5,29,240,359.0,86160.0
2017-06-28,201706284931985,UMHL,28,29,56,359.0,20104.0
2017-06-28,201706284932347,WOMI,34,28,94,2001.0,188094.0
2017-06-28,201706284932346,WOMI,35,28,100,2005.0,200500.0
2017-06-28,201706284932171,WOMI,44,10,21,2000.0,42000.0
2017-06-28,201706284932073,WOMI,44,13,25,2000.0,50000.0
2017-06-28,201706284931921,WOMI,26,20,21,1982.0,41622.0
2017-06-28,201706284930372,ADBL,25,29,51,420.0,21420.0
2017-06-28,201706284930371,ADBL,29,29,50,420.0,21000.0
2017-06-28,201706284930370,ADBL,41,29,462,420.0,194040.0
2017-06-28,201706284930320,ADBL,41,28,19,420.0,7980.0
2017-06-28,201706284930302,ADBL,5,16,285,421.0,119985.0
2017-06-28,201706284930275,ADBL,41,28,19,420.0,7980.0
2017-06-28,201706284929917,ADBL,10,40,50,419.0,20950.0
2017-06-28,201706284929997,ADBL,28,53,200,420.0,84000.0
2017-06-28,201706284929996,ADBL,41,53,10,420.0,4200.0
2017-06-28,201706284929995,ADBL,14,53,450,420.0,189000.0
2017-06-28,201706284929980,ADBL,14,57,50,420.0,21000.0
2017-06-28,201706284929934,ADBL,14,40,50,420.0,21000.0
2017-06-28,201706284929921,ADBL,14,28,100,421.0,42100.0
2017-06-28,201706284930251,ADBL,52,28,19,421.0,7999.0
2017-06-28,201706284930148,ADBL,52,13,473,421.0,199133.0
2017-06-28,201706284930131,ADBL,42,13,27,421.0,11367.0
2017-06-28,201706284930130,ADBL,42,53,73,421.0,30733.0
2017-06-28,201706284930042,ADBL,14,53,520,420.0,218400.0
2017-06-28,201706284930020,ADBL,42,53,20,420.0,8400.0
2017-06-28,201706284930297,AKPL,45,43,10,421.0,4210.0
2017-06-28,201706284930217,AKPL,45,44,13,421.0,5473.0
2017-06-28,201706284930090,AKPL,45,1,13,421.0,5473.0
2017-06-28,201706284930088,AKPL,45,18,13,421.0,5473.0
2017-06-28,201706284930086,AKPL,45,1,10,421.0,4210.0
2017-06-28,201706284930074,AKPL,45,1,13,421.0,5473.0
2017-06-28,201706284930073,AKPL,45,1,13,421.0,5473.0
2017-06-28,201706284930064,AKPL,18,1,13,421.0,5473.0
2017-06-28,201706284930055,AKPL,18,1,13,421.0,5473.0
2017-06-28,201706284929948,AKPL,7,16,13,421.0,5473.0
2017-06-28,201706284930315,API,5,5,26,545.0,14170.0
2017-06-28,201706284930309,API,5,28,41,545.0,22345.0
2017-06-28,201706284930287,API,37,28,100,545.0,54500.0
2017-06-28,201706284930286,API,37,28,100,545.0,54500.0
2017-06-28,201706284930256,API,5,5,26,546.0,14196.0
2017-06-28,201706284930239,API,5,5,26,546.0,14196.0
2017-06-28,201706284930203,API,5,5,26,546.0,14196.0
2017-06-28,201706284930150,API,5,5,26,544.0,14144.0
2017-06-28,201706284930401,BARUN,50,28,40,261.0,10440.0
2017-06-28,201706284930294,BARUN,50,28,30,261.0,7830.0
2017-06-28,201706284929967,BARUN,50,1,10,261.0,2610.0
2017-06-28,201706284930182,BOKL,59,21,190,452.0,85880.0
2017-06-28,201706284930181,BOKL,49,21,210,452.0,94920.0
2017-06-28,201706284930180,BOKL,17,21,100,452.0,45200.0
2017-06-28,201706284930038,BOKL,49,17,290,452.0,131080.0
2017-06-28,201706284930304,CBL,39,44,64,239.0,15296.0
2017-06-28,201706284930298,CBL,26,26,300,237.0,71100.0
2017-06-28,201706284930211,CBL,22,14,14,236.0,3304.0
2017-06-28,201706284930193,CBL,25,47,675,237.0,159975.0
2017-06-28,201706284930192,CBL,22,47,465,238.0,110670.0
2017-06-28,201706284930191,CBL,16,47,400,239.0,95600.0
2017-06-28,201706284929986,CBL,22,57,35,238.0,8330.0
2017-06-28,201706284930322,CCBL,22,22,74,364.0,26936.0
2017-06-28,201706284930313,CCBL,22,22,74,364.0,26936.0
2017-06-28,201706284930310,CCBL,22,22,74,364.0,26936.0
2017-06-28,201706284930308,CCBL,22,22,74,364.0,26936.0
2017-06-28,201706284930116,CCBL,50,13,70,365.0,25550.0
2017-06-28,201706284930250,CCBL,8,33,100,366.0,36600.0
2017-06-28,201706284930170,CFCL,28,5,532,172.0,91504.0
2017-06-28,201706284930330,CHCL,19,45,126,812.0,102312.0
2017-06-28,201706284930387,CIT,41,41,10,4075.0,40750.0
2017-06-28,201706284930300,CIT,1,10,14,4100.0,57400.0
2017-06-28,201706284930351,CZBIL,47,52,89,377.0,33553.0
2017-06-28,201706284930319,CZBIL,50,5,54,377.0,20358.0
2017-06-28,201706284930268,CZBIL,50,5,15,377.0,5655.0
2017-06-28,201706284930206,CZBIL,50,5,19,377.0,7163.0
2017-06-28,201706284929998,CZBIL,28,21,100,377.0,37700.0
2017-06-28,201706284930400,DBBL,55,1,19,275.0,5225.0
2017-06-28,201706284930216,DBBL,57,51,40,278.0,11120.0
2017-06-28,201706284930119,DBBL,26,29,20,278.0,5560.0
2017-06-28,201706284930049,DBBL,47,13,576,276.0,158976.0
2017-06-28,201706284929966,DBBL,26,41,100,275.0,27500.0
2017-06-28,201706284929947,DBBL,35,1,100,275.0,27500.0
2017-06-28,201706284930186,DDBL,45,28,122,1280.0,156160.0
2017-06-28,201706284930185,DDBL,39,28,10,1280.0,12800.0
2017-06-28,201706284930184,DDBL,44,28,40,1281.0,51240.0
2017-06-28,201706284930183,DDBL,34,28,10,1282.0,12820.0
2017-06-28,201706284930306,EBL,29,45,190,1392.0,264480.0
2017-06-28,201706284930305,EBL,29,58,190,1391.0,264290.0
2017-06-28,201706284930267,EBL,34,59,20,1387.0,27740.0
2017-06-28,201706284930266,EBL,59,59,30,1388.0,41640.0
2017-06-28,201706284930120,EBL,34,48,20,1387.0,27740.0
2017-06-28,201706284929990,EBL,34,48,20,1385.0,27700.0
2017-06-28,201706284929942,EBL,35,48,50,1381.0,69050.0
2017-06-28,201706284929941,EBL,45,48,50,1381.0,69050.0
2017-06-28,201706284930265,EBL,11,59,50,1388.0,69400.0
2017-06-28,201706284930205,EBL,16,58,10,1392.0,13920.0
2017-06-28,201706284930167,EBL,44,37,99,1390.0,137610.0
2017-06-28,201706284930215,GBBL,42,14,25,291.0,7275.0
2017-06-28,201706284929973,GBBL,42,26,328,291.0,95448.0
2017-06-28,201706284929972,GBBL,32,26,100,293.0,29300.0
2017-06-28,201706284930272,GBIME,57,5,64,374.0,23936.0
2017-06-28,201706284930270,GBIME,57,14,18,374.0,6732.0
2017-06-28,201706284930246,GBIME,57,5,64,374.0,23936.0
2017-06-28,201706284930208,GBIME,41,1,54,375.0,20250.0
2017-06-28,201706284930207,GBIME,41,1,54,375.0,20250.0
2017-06-28,201706284930034,GBIME,17,40,14,374.0,5236.0
2017-06-28,201706284929922,GBIME,41,40,64,372.0,23808.0
2017-06-28,201706284930052,GIMES1,13,5,1000,9.8,9800.0
2017-06-28,201706284930051,GIMES1,13,5,1000,9.8,9800.0
2017-06-28,201706284930066,GLICL,29,44,150,1030.0,154500.0
2017-06-28,201706284929984,GLICL,22,44,20,1030.0,20600.0
2017-06-28,201706284930389,GLICLP,28,8,200,603.0,120600.0
2017-06-28,201706284930152,GRDBL,55,1,10,638.0,6380.0
2017-06-28,201706284930142,GRDBL,55,16,10,630.0,6300.0
2017-06-28,201706284930366,GUFL,57,57,2000,187.0,374000.0
2017-06-28,201706284930321,HBL,29,5,119,865.0,102935.0
2017-06-28,201706284929955,HBL,45,16,20,880.0,17600.0
2017-06-28,201706284930369,HGI,56,32,200,1681.0,336200.0
2017-06-28,201706284930364,HGI,26,32,66,1682.0,111012.0
2017-06-28,201706284930363,HGI,44,32,25,1683.0,42075.0
2017-06-28,201706284930350,HGI,26,29,34,1682.0,57188.0
2017-06-28,201706284930331,HGI,26,52,100,1682.0,168200.0
2017-06-28,201706284930329,HGI,45,11,30,1680.0,50400.0
2017-06-28,201706284929932,HGI,41,25,30,1684.0,50520.0
2017-06-28,201706284929912,HGI,50,25,25,1684.0,42100.0
2017-06-28,201706284929902,HGI,37,22,200,1684.0,336800.0
2017-06-28,201706284929954,HGI,26,32,200,1680.0,336000.0
2017-06-28,201706284929953,HGI,32,32,100,1680.0,168000.0
2017-06-28,201706284929952,HGI,29,32,100,1680.0,168000.0
2017-06-28,201706284929951,HGI,39,32,30,1680.0,50400.0
2017-06-28,201706284929950,HGI,45,32,30,1682.0,50460.0
2017-06-28,201706284929940,HGI,8,5,108,1681.0,181548.0
2017-06-28,201706284930010,HGI,25,32,158,1680.0,265440.0
2017-06-28,201706284930009,HGI,47,32,200,1681.0,336200.0
2017-06-28,201706284930008,HGI,40,32,10,1682.0,16820.0
2017-06-28,201706284929994,HGI,45,32,15,1684.0,25260.0
2017-06-28,201706284929975,HGI,40,18,50,1682.0,84100.0
2017-06-28,201706284929971,HGI,25,5,92,1680.0,154560.0
2017-06-28,201706284930087,HGI,16,34,100,1683.0,168300.0
2017-06-28,201706284930083,HGI,42,32,50,1684.0,84200.0
2017-06-28,201706284930054,HGI,1,32,75,1684.0,126300.0
2017-06-28,201706284930053,HGI,1,25,25,1684.0,42100.0
2017-06-28,201706284930030,HGI,7,32,10,1684.0,16840.0
2017-06-28,201706284930011,HGI,34,32,10,1680.0,16800.0
2017-06-28,201706284930140,HGI,26,46,200,1681.0,336200.0
2017-06-28,201706284930139,HGI,51,46,50,1682.0,84100.0
2017-06-28,201706284930132,HGI,29,32,10,1684.0,16840.0
2017-06-28,201706284930126,HGI,36,32,110,1684.0,185240.0
2017-06-28,201706284930125,HGI,36,32,90,1684.0,151560.0
2017-06-28,201706284930089,HGI,16,34,100,1683.0,168300.0
2017-06-28,201706284930165,HGI,49,34,28,1680.0,47040.0
2017-06-28,201706284930164,HGI,58,34,62,1680.0,104160.0
2017-06-28,201706284930163,HGI,22,34,50,1682.0,84100.0
2017-06-28,201706284930162,HGI,22,34,60,1682.0,100920.0
2017-06-28,201706284930160,HGI,57,32,10,1684.0,16840.0
2017-06-28,201706284930141,HGI,58,46,38,1680.0,63840.0
2017-06-28,201706284930241,HGI,42,18,60,1683.0,100980.0
2017-06-28,201706284930240,HGI,50,18,20,1683.0,33660.0
2017-06-28,201706284930190,HGI,34,53,113,1680.0,189840.0
2017-06-28,201706284930189,HGI,58,53,25,1680.0,42000.0
2017-06-28,201706284930188,HGI,29,53,100,1680.0,168000.0
2017-06-28,201706284930187,HGI,49,53,22,1680.0,36960.0
2017-06-28,201706284930257,HGI,45,38,109,1680.0,183120.0
2017-06-28,201706284930253,HGI,41,38,50,1680.0,84000.0
2017-06-28,201706284930252,HGI,52,38,83,1680.0,139440.0
2017-06-28,201706284930244,HGI,52,18,17,1680.0,28560.0
2017-06-28,201706284930243,HGI,41,18,200,1680.0,336000.0
2017-06-28,201706284930242,HGI,34,18,87,1680.0,146160.0
2017-06-28,201706284930110,HIDCL,33,21,56,195.0,10920.0
2017-06-28,201706284930016,HIDCL,38,1,56,195.0,10920.0
2017-06-28,201706284929937,ICFC,40,28,800,277.0,221600.0
2017-06-28,201706284929936,ICFC,28,28,100,278.0,27800.0
2017-06-28,201706284930365,JBNL,16,16,622,262.0,162964.0
2017-06-28,201706284930071,JBNL,5,18,200,264.0,52800.0
2017-06-28,201706284930070,JBNL,21,18,50,264.0,13200.0
2017-06-28,201706284930035,JBNL,28,18,100,264.0,26400.0
2017-06-28,201706284930177,JEFL,28,33,1000,252.0,252000.0
2017-06-28,201706284930176,JEFL,28,33,1000,252.0,252000.0
2017-06-28,201706284930175,JEFL,22,33,100,253.0,25300.0
2017-06-28,201706284930229,KBL,10,34,450,321.0,144450.0
2017-06-28,201706284930213,KBL,32,34,100,321.0,32100.0
2017-06-28,201706284930201,KBL,16,49,300,320.0,96000.0
2017-06-28,201706284930174,KBL,16,59,100,320.0,32000.0
2017-06-28,201706284930169,KBL,16,47,200,320.0,64000.0
2017-06-28,201706284930168,KBL,45,47,200,320.0,64000.0
2017-06-28,201706284930153,KBL,49,34,450,321.0,144450.0
2017-06-28,201706284930112,KBL,10,34,890,321.0,285690.0
2017-06-28,201706284930063,KBL,25,34,50,321.0,16050.0
2017-06-28,201706284930045,KBL,21,34,60,321.0,19260.0
2017-06-28,201706284929993,KBL,51,47,100,322.0,32200.0
2017-06-28,201706284929992,KBL,1,47,300,322.0,96600.0
2017-06-28,201706284930274,KKHC,37,5,10,206.0,2060.0
2017-06-28,201706284930210,KKHC,42,5,10,205.0,2050.0
2017-06-28,201706284930091,KKHC,42,18,10,205.0,2050.0
2017-06-28,201706284930375,KMFL,42,6,16,2810.0,44960.0
2017-06-28,201706284930374,KMFL,42,6,16,2810.0,44960.0
2017-06-28,201706284930373,KMFL,42,6,16,2810.0,44960.0
2017-06-28,201706284929938,KMFL,14,6,16,2801.0,44816.0
2017-06-28,201706284930278,KNBL,6,58,380,550.0,209000.0
2017-06-28,201706284930277,KNBL,11,58,120,550.0,66000.0
2017-06-28,201706284930276,KNBL,6,58,200,551.0,110200.0
2017-06-28,201706284930264,KNBL,1,16,100,555.0,55500.0
2017-06-28,201706284930263,KNBL,35,16,60,555.0,33300.0
2017-06-28,201706284930262,KNBL,42,16,10,556.0,5560.0
2017-06-28,201706284930121,KNBL,42,34,100,558.0,55800.0
2017-06-28,201706284930105,KNBL,55,26,46,557.0,25622.0
2017-06-28,201706284930069,KNBL,17,52,100,556.0,55600.0
2017-06-28,201706284929956,KNBL,57,26,200,557.0,111400.0
2017-06-28,201706284929924,KRBL,43,29,75,300.0,22500.0
2017-06-28,201706284930385,LBL,45,49,100,392.0,39200.0
2017-06-28,201706284930384,LBL,59,49,100,392.0,39200.0
2017-06-28,201706284930312,LBL,29,49,200,395.0,79000.0
2017-06-28,201706284930311,LBL,29,43,200,395.0,79000.0
2017-06-28,201706284930269,LBL,49,49,1000,392.0,392000.0
2017-06-28,201706284930254,LBL,59,49,200,395.0,79000.0
2017-06-28,201706284930072,LBL,11,43,300,396.0,118800.0
2017-06-28,201706284930028,LBL,57,43,200,395.0,79000.0
2017-06-28,201706284930027,LBL,18,43,200,395.0,79000.0
2017-06-28,201706284930019,LBL,59,43,1000,394.0,394000.0
2017-06-28,201706284929946,LBL,21,26,100,395.0,39500.0
2017-06-28,201706284930245,LBL,8,49,100,395.0,39500.0
2017-06-28,201706284930147,LBL,16,49,130,395.0,51350.0
2017-06-28,201706284930078,LBL,44,49,100,392.0,39200.0
2017-06-28,201706284930077,LBL,6,49,500,392.0,196000.0
2017-06-28,201706284930076,LBL,14,49,100,394.0,39400.0
2017-06-28,201706284930075,LBL,57,49,10,395.0,3950.0
2017-06-28,201706284930271,LFC,55,32,165,172.0,28380.0
2017-06-28,201706284930383,LGIL,26,1,30,951.0,28530.0
2017-06-28,201706284930361,LGIL,29,1,50,950.0,47500.0
2017-06-28,201706284930360,LGIL,35,1,100,950.0,95000.0
2017-06-28,201706284930359,LGIL,35,1,10,950.0,9500.0
2017-06-28,201706284930358,LGIL,28,1,100,950.0,95000.0
2017-06-28,201706284930357,LGIL,55,1,50,950.0,47500.0
2017-06-28,201706284929978,LGIL,41,44,150,965.0,144750.0
2017-06-28,201706284929960,LGIL,45,44,100,965.0,96500.0
2017-06-28,201706284929959,LGIL,48,44,30,965.0,28950.0
2017-06-28,201706284930081,LGIL,48,59,100,961.0,96100.0
2017-06-28,201706284930080,LGIL,29,59,50,961.0,48050.0
2017-06-28,201706284930079,LGIL,39,59,50,961.0,48050.0
2017-06-28,201706284930018,LGIL,56,52,100,962.0,96200.0
2017-06-28,201706284930017,LGIL,37,52,20,962.0,19240.0
2017-06-28,201706284930002,LGIL,34,44,248,965.0,239320.0
2017-06-28,201706284930172,LGIL,48,1,300,955.0,286500.0
2017-06-28,201706284930161,LGIL,16,21,100,960.0,96000.0
2017-06-28,201706284930122,LGIL,34,21,50,960.0,48000.0
2017-06-28,201706284930085,LGIL,44,21,100,960.0,96000.0
2017-06-28,201706284930084,LGIL,11,21,10,960.0,9600.0
2017-06-28,201706284930082,LGIL,11,59,290,960.0,278400.0
2017-06-28,201706284930335,LGIL,11,49,30,952.0,28560.0
2017-06-28,201706284930334,LGIL,18,49,100,952.0,95200.0
2017-06-28,201706284930333,LGIL,55,49,10,952.0,9520.0
2017-06-28,201706284930307,LGIL,55,21,140,952.0,133280.0
2017-06-28,201706284930247,LGIL,55,51,50,952.0,47600.0
2017-06-28,201706284930178,LGIL,53,21,100,960.0,96000.0
2017-06-28,201706284930356,LGIL,21,1,100,950.0,95000.0
2017-06-28,201706284930355,LGIL,1,1,100,951.0,95100.0
2017-06-28,201706284930354,LGIL,32,1,140,951.0,133140.0
2017-06-28,201706284930353,LGIL,1,1,10,951.0,9510.0
2017-06-28,201706284930344,LGIL,32,47,60,951.0,57060.0
2017-06-28,201706284930336,LGIL,1,49,60,951.0,57060.0
2017-06-28,201706284930154,LLBS,21,26,22,1842.0,40524.0
2017-06-28,201706284930232,MBL,38,32,500,358.0,179000.0
2017-06-28,201706284930194,MBL,32,32,2000,358.0,716000.0
2017-06-28,201706284930134,MBL,47,51,249,358.0,89142.0
2017-06-28,201706284930133,MBL,47,44,700,356.0,249200.0
2017-06-28,201706284930006,MBL,28,44,100,356.0,35600.0
2017-06-28,201706284929985,MBL,50,44,200,356.0,71200.0
2017-06-28,201706284930388,MERO,26,28,13,2253.0,29289.0
2017-06-28,201706284930159,MERO,18,1,11,2270.0,24970.0
2017-06-28,201706284930145,MERO,26,26,11,2251.0,24761.0
2017-06-28,201706284930026,MNBBL,45,45,1,930.0,930.0
2017-06-28,201706284930007,MNBBL,16,44,152,940.0,142880.0
2017-06-28,201706284929949,MNBBL,33,33,500,940.0,470000.0
2017-06-28,201706284929903,MNBBL,16,44,46,940.0,43240.0
2017-06-28,201706284930108,MSMBS,35,22,22,1200.0,26400.0
2017-06-28,201706284930107,MSMBS,35,22,22,1200.0,26400.0
2017-06-28,201706284930282,NABIL,21,5,34,1492.0,50728.0
2017-06-28,201706284930228,NABIL,21,17,50,1495.0,74750.0
2017-06-28,201706284930171,NABIL,8,17,50,1495.0,74750.0
2017-06-28,201706284930151,NABIL,1,17,50,1495.0,74750.0
2017-06-28,201706284930129,NABIL,11,53,68,1500.0,102000.0
2017-06-28,201706284930128,NABIL,11,22,180,1500.0,270000.0
2017-06-28,201706284930127,NABIL,11,29,52,1500.0,78000.0
2017-06-28,201706284930050,NABIL,3,22,20,1500.0,30000.0
2017-06-28,201706284930047,NABILP,18,28,1000,1080.0,1080000.0
2017-06-28,201706284930046,NABILP,18,28,90,1081.0,97290.0
2017-06-28,201706284930209,NABILP,16,28,10,1087.0,10870.0
2017-06-28,201706284930157,NABILP,22,22,98,1076.0,105448.0
2017-06-28,201706284930156,NABILP,46,22,350,1076.0,376600.0
2017-06-28,201706284930296,NBB,17,13,200,395.0,79000.0
2017-06-28,201706284930295,NBB,34,13,100,395.0,39500.0
2017-06-28,201706284930202,NBB,16,51,50,397.0,19850.0
2017-06-28,201706284930000,NBB,45,51,68,397.0,26996.0
2017-06-28,201706284930318,NBL,58,1,200,337.0,67400.0
2017-06-28,201706284930173,NBL,32,38,500,337.0,168500.0
2017-06-28,201706284930136,NBL,33,34,500,338.0,169000.0
2017-06-28,201706284930065,NBL,54,34,1000,337.0,337000.0
2017-06-28,201706284930056,NBL,45,34,165,338.0,55770.0
2017-06-28,201706284929999,NBL,45,57,35,338.0,11830.0
2017-06-28,201706284930328,NCCB,58,48,200,371.0,74200.0
2017-06-28,201706284930327,NCCB,58,11,223,371.0,82733.0
2017-06-28,201706284930326,NCCB,58,39,200,370.0,74000.0
2017-06-28,201706284930325,NCCB,58,1,200,370.0,74000.0
2017-06-28,201706284930324,NCCB,58,44,100,370.0,37000.0
2017-06-28,201706284930323,NCCB,58,44,85,370.0,31450.0
2017-06-28,201706284929916,NCCB,58,37,466,366.0,170556.0
2017-06-28,201706284929915,NCCB,58,34,2000,366.0,732000.0
2017-06-28,201706284929914,NCCB,58,32,480,365.0,175200.0
2017-06-28,201706284930233,NCCB,32,44,247,368.0,90896.0
2017-06-28,201706284930166,NCCB,58,59,100,365.0,36500.0
2017-06-28,201706284930138,NCCB,58,44,30,365.0,10950.0
2017-06-28,201706284930137,NCCB,58,44,20,365.0,7300.0
2017-06-28,201706284930001,NCCB,16,44,367,364.0,133588.0
2017-06-28,201706284929981,NCCB,58,29,1000,364.0,364000.0
2017-06-28,201706284930299,NCCB,58,57,1000,369.0,369000.0
2017-06-28,201706284930238,NCCB,32,19,1000,369.0,369000.0
2017-06-28,201706284930237,NCCB,32,32,955,368.0,351440.0
2017-06-28,201706284930236,NCCB,32,54,38,368.0,13984.0
2017-06-28,201706284930235,NCCB,32,54,65,368.0,23920.0
2017-06-28,201706284930234,NCCB,32,54,56,368.0,20608.0
2017-06-28,201706284930279,NEF,41,42,145,9.8,1421.0
2017-06-28,201706284930283,NGPL,34,34,10,278.0,2780.0
2017-06-28,201706284930214,NGPL,48,5,10,278.0,2780.0
2017-06-28,201706284929929,NGPL,37,20,10,280.0,2800.0
2017-06-28,201706284929928,NGPL,37,20,10,280.0,2800.0
2017-06-28,201706284930340,NIB,21,3,500,748.0,374000.0
2017-06-28,201706284930339,NIB,21,10,32,747.0,23904.0
2017-06-28,201706284930338,NIB,21,13,200,746.0,149200.0
2017-06-28,201706284930337,NIB,26,5,269,743.0,199867.0
2017-06-28,201706284930197,NIB,26,41,150,745.0,111750.0
2017-06-28,201706284930196,NIB,26,33,100,744.0,74400.0
2017-06-28,201706284929906,NIB,59,25,32,745.0,23840.0
2017-06-28,201706284929905,NIB,59,53,60,745.0,44700.0
2017-06-28,201706284929904,NIB,59,1,32,744.0,23808.0
2017-06-28,201706284929920,NIB,59,28,700,745.0,521500.0
2017-06-28,201706284929911,NIB,59,28,700,745.0,521500.0
2017-06-28,201706284929910,NIB,59,21,12,745.0,8940.0
2017-06-28,201706284929909,NIB,59,25,32,745.0,23840.0
2017-06-28,201706284929908,NIB,59,53,100,745.0,74500.0
2017-06-28,201706284929907,NIB,59,25,32,745.0,23840.0
2017-06-28,201706284930195,NIB,26,21,32,743.0,23776.0
2017-06-28,201706284930109,NIB,41,50,40,743.0,29720.0
2017-06-28,201706284930067,NIB,41,36,32,743.0,23776.0
2017-06-28,201706284930005,NIB,41,1,32,743.0,23776.0
2017-06-28,201706284929976,NIB,59,21,50,742.0,37100.0
2017-06-28,201706284929933,NIB,59,28,600,745.0,447000.0
2017-06-28,201706284930398,NIBLPF,45,16,758,9.6,7276.8
2017-06-28,201706284930068,NIBLPF,45,49,505,9.75,4923.75
2017-06-28,201706284930212,NIBPO,16,28,20,635.0,12700.0
2017-06-28,201706284930144,NIBPO,18,42,200,630.0,126000.0
2017-06-28,201706284930143,NIBPO,22,42,100,631.0,63100.0
2017-06-28,201706284929945,NIBPO,18,28,500,638.0,319000.0
2017-06-28,201706284929943,NIBPO,32,28,500,630.0,315000.0
2017-06-28,201706284929969,NICA,45,28,1000,438.0,438000.0
2017-06-28,201706284929974,NICL,6,46,500,1440.0,720000.0
2017-06-28,201706284930259,NIL,45,1,200,965.0,193000.0
2017-06-28,201706284930258,NIL,10,1,100,965.0,96500.0
2017-06-28,201706284930393,NLIC,59,53,315,2050.0,645750.0
2017-06-28,201706284930392,NLIC,34,53,10,2054.0,20540.0
2017-06-28,201706284930391,NLIC,22,53,40,2054.0,82160.0
2017-06-28,201706284930390,NLIC,41,53,22,2055.0,45210.0
2017-06-28,201706284930379,NLIC,34,34,10,2058.0,20580.0
2017-06-28,201706284930332,NLIC,34,34,10,2058.0,20580.0
2017-06-28,201706284929930,NLIC,34,34,10,2058.0,20580.0
2017-06-28,201706284930293,NLIC,41,8,28,2058.0,57624.0
2017-06-28,201706284930273,NLIC,47,50,117,2055.0,240435.0
2017-06-28,201706284930179,NLIC,50,1,50,2055.0,102750.0
2017-06-28,201706284930117,NLIC,34,41,10,2055.0,20550.0
2017-06-28,201706284929983,NLIC,56,34,10,2058.0,20580.0
2017-06-28,201706284929958,NLIC,34,34,10,2058.0,20580.0
2017-06-28,201706284930048,NLICL,22,1,75,2250.0,168750.0
2017-06-28,201706284930303,NMBHF1,53,42,167,9.6,1603.2
2017-06-28,201706284930118,NMBHF1,13,5,915,9.8,8967.0
2017-06-28,201706284930113,NMBHF1,13,5,915,9.8,8967.0
2017-06-28,201706284929923,NMBMF,22,22,27,2666.0,71982.0
2017-06-28,201706284929919,NMBMF,22,22,27,2666.0,71982.0
2017-06-28,201706284930033,NMBSF1,54,5,2000,12.65,25300.0
2017-06-28,201706284930029,NMBSF1,54,5,2000,12.65,25300.0
2017-06-28,201706284930349,PCBL,38,5,186,403.0,74958.0
2017-06-28,201706284930348,PCBL,19,5,500,403.0,201500.0
2017-06-28,201706284930347,PCBL,38,5,75,403.0,30225.0
2017-06-28,201706284930346,PCBL,16,5,50,405.0,20250.0
2017-06-28,201706284930301,PCBL,38,28,57,403.0,22971.0
2017-06-28,201706284930260,PCBL,38,28,57,403.0,22971.0
2017-06-28,201706284930094,PCBL,37,5,22,404.0,8888.0
2017-06-28,201706284930093,PCBL,58,5,200,405.0,81000.0
2017-06-28,201706284930092,PCBL,47,5,300,405.0,121500.0
2017-06-28,201706284929927,PCBL,11,28,204,407.0,83028.0
2017-06-28,201706284929926,PCBL,42,28,30,407.0,12210.0
2017-06-28,201706284929913,PCBL,11,40,46,407.0,18722.0
2017-06-28,201706284930100,PCBL,58,5,125,403.0,50375.0
2017-06-28,201706284930099,PCBL,6,5,100,404.0,40400.0
2017-06-28,201706284930098,PCBL,42,5,55,404.0,22220.0
2017-06-28,201706284930097,PCBL,21,5,30,404.0,12120.0
2017-06-28,201706284930096,PCBL,42,5,150,404.0,60600.0
2017-06-28,201706284930095,PCBL,42,5,100,404.0,40400.0
2017-06-28,201706284930225,PCBL,38,5,311,403.0,125333.0
2017-06-28,201706284930115,PCBL,34,50,30,401.0,12030.0
2017-06-28,201706284930104,PCBL,34,5,122,401.0,48922.0
2017-06-28,201706284930103,PCBL,11,5,500,402.0,201000.0
2017-06-28,201706284930102,PCBL,28,5,100,403.0,40300.0
2017-06-28,201706284930101,PCBL,29,5,500,403.0,201500.0
2017-06-28,201706284930040,PIC,33,33,1000,1635.0,1635000.0
2017-06-28,201706284930037,PLIC,38,11,100,2560.0,256000.0
2017-06-28,201706284930378,PRVU,5,1,200,400.0,80000.0
2017-06-28,201706284930377,PRVU,48,1,50,400.0,20000.0
2017-06-28,201706284930376,PRVU,45,1,50,400.0,20000.0
2017-06-28,201706284930155,PRVU,45,16,75,400.0,30000.0
2017-06-28,201706284930149,PRVU,45,16,125,400.0,50000.0
2017-06-28,201706284930123,PRVU,6,16,48,398.0,19104.0
2017-06-28,201706284929979,PRVU,10,21,255,397.0,101235.0
2017-06-28,201706284929989,PURBL,25,26,284,294.0,83496.0
2017-06-28,201706284929988,PURBL,40,26,100,295.0,29500.0
2017-06-28,201706284930204,PURBL,40,14,12,294.0,3528.0
2017-06-28,201706284930382,RMDC,45,45,27,781.0,21087.0
2017-06-28,201706284930200,RSDC,57,22,10,2955.0,29550.0
2017-06-28,201706284930199,RSDC,57,21,10,2950.0,29500.0
2017-06-28,201706284930198,RSDC,57,51,10,2945.0,29450.0
2017-06-28,201706284930004,RSDC,1,8,10,2950.0,29500.0
2017-06-28,201706284930003,RSDC,1,29,10,2949.0,29490.0
2017-06-28,201706284930341,SADBL,26,13,40,405.0,16200.0
2017-06-28,201706284930044,SADBL,26,21,10,402.0,4020.0
2017-06-28,201706284930043,SADBL,26,13,100,402.0,40200.0
2017-06-28,201706284930399,SANIMA,17,50,100,425.0,42500.0
2017-06-28,201706284930397,SANIMA,17,50,59,425.0,25075.0
2017-06-28,201706284930396,SANIMA,17,6,41,425.0,17425.0
2017-06-28,201706284930292,SANIMA,55,34,100,423.0,42300.0
2017-06-28,201706284930291,SANIMA,42,34,100,423.0,42300.0
2017-06-28,201706284930290,SANIMA,17,34,50,423.0,21150.0
2017-06-28,201706284930289,SANIMA,50,34,250,423.0,105750.0
2017-06-28,201706284930288,SANIMA,28,34,100,424.0,42400.0
2017-06-28,201706284930255,SANIMA,8,6,100,425.0,42500.0
2017-06-28,201706284930106,SANIMA,17,6,200,425.0,85000.0
2017-06-28,201706284930280,SBL,17,5,88,478.0,42064.0
2017-06-28,201706284930032,SBL,42,28,40,480.0,19200.0
2017-06-28,201706284930031,SBL,37,28,32,480.0,15360.0
2017-06-28,201706284930394,SCB,34,34,10,2290.0,22900.0
2017-06-28,201706284930386,SCB,57,33,26,2290.0,59540.0
2017-06-28,201706284930367,SCB,37,33,14,2290.0,32060.0
2017-06-28,201706284930345,SCB,34,34,10,2291.0,22910.0
2017-06-28,201706284930342,SCB,39,17,42,2292.0,96264.0
2017-06-28,201706284930316,SCB,34,34,10,2291.0,22910.0
2017-06-28,201706284930021,SCB,44,45,186,2289.0,425754.0
2017-06-28,201706284929991,SCB,21,21,10,2288.0,22880.0
2017-06-28,201706284929935,SCB,52,48,40,2290.0,91600.0
2017-06-28,201706284929931,SCB,41,48,90,2290.0,206100.0
2017-06-28,201706284929925,SCB,37,48,30,2290.0,68700.0
2017-06-28,201706284930248,SCB,37,38,10,2290.0,22900.0
2017-06-28,201706284930226,SCB,37,57,76,2290.0,174040.0
2017-06-28,201706284930025,SCB,44,44,10,2290.0,22900.0
2017-06-28,201706284930024,SCB,44,44,10,2290.0,22900.0
2017-06-28,201706284930023,SCB,44,34,10,2290.0,22900.0
2017-06-28,201706284930022,SCB,44,48,1245,2290.0,2851050.0
2017-06-28,201706284930317,SHINE,14,14,28,412.0,11536.0
2017-06-28,201706284930314,SHINE,14,14,24,412.0,9888.0
2017-06-28,201706284930057,SHPC,17,5,10,1170.0,11700.0
2017-06-28,201706284929965,SHPC,32,11,550,1170.0,643500.0
2017-06-28,201706284929964,SHPC,32,32,13,1170.0,15210.0
2017-06-28,201706284929963,SHPC,32,32,50,1170.0,58500.0
2017-06-28,201706284929962,SHPC,32,51,18,1170.0,21060.0
2017-06-28,201706284930062,SHPC,17,4,250,1175.0,293750.0
2017-06-28,201706284930061,SHPC,17,5,10,1170.0,11700.0
2017-06-28,201706284930060,SHPC,17,5,10,1170.0,11700.0
2017-06-28,201706284930059,SHPC,17,5,10,1170.0,11700.0
2017-06-28,201706284930058,SHPC,17,5,10,1170.0,11700.0
2017-06-28,201706284930368,SIC,17,8,81,1420.0,115020.0
2017-06-28,201706284930362,SICL,39,39,75,1870.0,140250.0
2017-06-28,201706284930284,SICL,29,47,34,1870.0,63580.0
2017-06-28,201706284930285,SPDL,45,45,9,252.0,2268.0
2017-06-28,201706284930231,SPDL,5,44,15,251.0,3765.0
2017-06-28,201706284930111,SPDL,5,18,15,251.0,3765.0
2017-06-28,201706284930039,SPDL,5,8,15,251.0,3765.0
2017-06-28,201706284930036,SPDL,45,8,15,252.0,3780.0
2017-06-28,201706284929982,SPDL,45,14,15,252.0,3780.0
2017-06-28,201706284929939,SPDL,45,8,15,252.0,3780.0
2017-06-28,201706284929977,SPDL,45,14,15,252.0,3780.0
2017-06-28,201706284929970,SPDL,45,8,15,252.0,3780.0
2017-06-28,201706284929968,SPDL,45,8,15,252.0,3780.0
2017-06-28,201706284929961,SPDL,45,8,15,252.0,3780.0
2017-06-28,201706284929957,SPDL,45,16,15,252.0,3780.0
2017-06-28,201706284929944,SPDL,45,8,15,252.0,3780.0
2017-06-28,201706284929918,SRBL,43,25,133,379.0,50407.0
2017-06-28,201706284930227,TRH,34,5,10,255.0,2550.0
2017-06-28,201706284930124,TRH,34,5,10,255.0,2550.0
2017-06-28,201706284930158,UIC,34,17,25,1465.0,36625.0
2017-06-28,201706284930041,UIC,46,17,150,1465.0,219750.0
2017-06-28,201706284930380,UMHL,6,47,68,361.0,24548.0
2017-06-28,201706284930352,UMHL,6,5,12,361.0,4332.0
2017-06-28,201706284930281,UMHL,6,5,12,361.0,4332.0
2017-06-28,201706284930249,UMHL,6,5,12,361.0,4332.0
2017-06-28,201706284930230,UMHL,6,5,12,361.0,4332.0
2017-06-28,201706284930135,UMHL,6,5,12,361.0,4332.0
2017-06-28,201706284929987,UMHL,6,21,14,361.0,5054.0
2017-06-28,201706284930114,UMHL,6,18,14,361.0,5054.0
