date,transaction_no,symbol,buyer,seller,quantity,rate,amount
2017-10-15,201710155392698,ADBL,45,14,100,433.0,43300.0
2017-10-15,201710155392695,ADBL,49,42,21,432.0,9072.0
2017-10-15,201710155392439,API,48,26,93,546.0,50778.0
2017-10-15,201710155392341,API,39,39,10,546.0,5460.0
2017-10-15,201710155392336,API,39,39,10,546.0,5460.0
2017-10-15,201710155392330,API,39,39,10,546.0,5460.0
2017-10-15,201710155392324,API,39,39,10,546.0,5460.0
2017-10-15,201710155392322,API,39,39,10,546.0,5460.0
2017-10-15,201710155392321,API,39,39,10,546.0,5460.0
2017-10-15,201710155392315,API,39,39,10,546.0,5460.0
2017-10-15,201710155392309,API,39,39,10,546.0,5460.0
2017-10-15,201710155392481,BFC,7,52,650,139.0,90350.0
2017-10-15,201710155392425,BFC,14,52,200,139.0,27800.0
2017-10-15,201710155392424,BFC,41,52,500,139.0,69500.0
2017-10-15,201710155392423,BFC,26,52,100,139.0,13900.0
2017-10-15,201710155392422,BFC,43,52,50,139.0,6950.0
2017-10-15,201710155392421,BFC,53,52,100,139.0,13900.0
2017-10-15,201710155392420,BFC,6,52,200,139.0,27800.0
2017-10-15,201710155392419,BFC,20,52,190,139.0,26410.0
2017-10-15,201710155392418,BFC,43,52,10,139.0,1390.0
2017-10-15,201710155392461,BHBL,57,35,13,260.0,3380.0
2017-10-15,201710155392437,BOKL,7,8,37,432.0,15984.0
2017-10-15,201710155392436,BOKL,7,8,100,432.0,43200.0
2017-10-15,201710155392435,BOKL,19,8,63,432.0,27216.0
2017-10-15,201710155392384,BOKL,41,33,150,434.0,65100.0
2017-10-15,201710155392553,BPCL,17,42,29,615.0,17835.0
2017-10-15,201710155392252,BPCL,48,49,50,612.0,30600.0
2017-10-15,201710155392733,CBBL,55,35,33,1390.0,45870.0
2017-10-15,201710155392732,CBBL,37,35,20,1390.0,27800.0
2017-10-15,201710155392731,CBBL,19,35,300,1390.0,417000.0
2017-10-15,201710155392730,CBBL,1,35,30,1391.0,41730.0
2017-10-15,201710155392729,CBBL,26,35,50,1391.0,69550.0
2017-10-15,201710155392728,CBBL,43,35,50,1396.0,69800.0
2017-10-15,201710155392704,CBBL,33,6,46,1400.0,64400.0
2017-10-15,201710155392687,CBBL,33,33,4,1400.0,5600.0
2017-10-15,201710155392725,CBL,40,44,124,230.0,28520.0
2017-10-15,201710155392724,CBL,40,44,89,230.0,20470.0
2017-10-15,201710155392723,CBL,40,50,100,230.0,23000.0
2017-10-15,201710155392376,CBL,40,38,205,228.0,46740.0
2017-10-15,201710155392325,CBL,40,34,62,227.0,14074.0
2017-10-15,201710155392258,CBL,43,49,38,226.0,8588.0
2017-10-15,201710155392506,CCBL,7,38,310,223.0,69130.0
2017-10-15,201710155392505,CCBL,7,29,98,223.0,21854.0
2017-10-15,201710155392417,CCBL,50,29,200,223.0,44600.0
2017-10-15,201710155392288,CCBL,58,29,25,223.0,5575.0
2017-10-15,201710155392257,CCBL,45,58,100,223.0,22300.0
2017-10-15,201710155392300,CFCL,55,5,155,181.0,28055.0
2017-10-15,201710155392742,CHCL,42,38,48,842.0,40416.0
2017-10-15,201710155392741,CHCL,7,38,200,845.0,169000.0
2017-10-15,201710155392740,CHCL,49,38,29,845.0,24505.0
2017-10-15,201710155392739,CHCL,43,38,27,846.0,22842.0
2017-10-15,201710155392738,CHCL,5,38,100,846.0,84600.0
2017-10-15,201710155392721,CHCL,7,47,70,847.0,59290.0
2017-10-15,201710155392583,CHCL,49,38,100,848.0,84800.0
2017-10-15,201710155392535,CHCL,43,43,3,846.0,2538.0
2017-10-15,201710155392472,CHCL,28,5,100,847.0,84700.0
2017-10-15,201710155392448,CHCL,6,38,50,850.0,42500.0
2017-10-15,201710155392377,CHCL,28,49,20,847.0,16940.0
2017-10-15,201710155392275,CHCL,28,3,162,847.0,137214.0
2017-10-15,201710155392699,CHCL,7,47,90,847.0,76230.0
2017-10-15,201710155392657,CHCL,46,38,120,848.0,101760.0
2017-10-15,201710155392656,CHCL,58,38,40,850.0,34000.0
2017-10-15,201710155392586,CHCL,6,38,996,847.0,843612.0
2017-10-15,201710155392585,CHCL,7,38,50,847.0,42350.0
2017-10-15,201710155392584,CHCL,28,38,54,847.0,45738.0
2017-10-15,201710155392670,CHL,18,37,20,176.0,3520.0
2017-10-15,201710155392669,CHL,58,37,10,176.0,1760.0
2017-10-15,201710155392492,CIT,25,25,10,3700.0,37000.0
2017-10-15,201710155392333,CIT,40,56,200,3685.0,737000.0
2017-10-15,201710155392332,CIT,57,56,100,3686.0,368600.0
2017-10-15,201710155392529,CZBIL,36,38,291,289.0,84099.0
2017-10-15,201710155392502,CZBIL,29,38,200,290.0,58000.0
2017-10-15,201710155392501,CZBIL,14,38,280,290.0,81200.0
2017-10-15,201710155392500,CZBIL,6,38,500,290.0,145000.0
2017-10-15,201710155392499,CZBIL,35,38,50,290.0,14500.0
2017-10-15,201710155392498,CZBIL,19,38,50,290.0,14500.0
2017-10-15,201710155392265,CZBIL,45,6,300,292.0,87600.0
2017-10-15,201710155392497,CZBIL,26,38,100,290.0,29000.0
2017-10-15,201710155392496,CZBIL,43,38,48,290.0,13920.0
2017-10-15,201710155392380,CZBIL,43,13,52,290.0,15080.0
2017-10-15,201710155392379,CZBIL,35,13,50,291.0,14550.0
2017-10-15,201710155392266,CZBIL,35,49,50,291.0,14550.0
2017-10-15,201710155392349,DBBL,32,46,23,255.0,5865.0
2017-10-15,201710155392348,DBBL,32,44,49,254.0,12446.0
2017-10-15,201710155392688,DDBL,36,35,25,1195.0,29875.0
2017-10-15,201710155392587,DDBL,28,35,22,1195.0,26290.0
2017-10-15,201710155392541,DDBL,36,35,200,1195.0,239000.0
2017-10-15,201710155392476,DDBL,19,35,100,1195.0,119500.0
2017-10-15,201710155392457,DDBL,32,43,300,1195.0,358500.0
2017-10-15,201710155392703,DHPL,48,33,11,155.0,1705.0
2017-10-15,201710155392562,EBL,45,41,100,1210.0,121000.0
2017-10-15,201710155392463,EBL,5,56,50,1209.0,60450.0
2017-10-15,201710155392412,EBL,1,6,100,1209.0,120900.0
2017-10-15,201710155392352,EBL,48,41,459,1210.0,555390.0
2017-10-15,201710155392351,EBL,48,46,41,1210.0,49610.0
2017-10-15,201710155392395,EDBL,41,28,22,465.0,10230.0
2017-10-15,201710155392382,EDBL,41,38,78,465.0,36270.0
2017-10-15,201710155392712,FMDBL,25,33,42,820.0,34440.0
2017-10-15,201710155392711,FMDBL,39,33,40,822.0,32880.0
2017-10-15,201710155392710,FMDBL,1,33,30,822.0,24660.0
2017-10-15,201710155392546,FMDBL,16,36,100,825.0,82500.0
2017-10-15,201710155392270,FMDBL,25,56,70,825.0,57750.0
2017-10-15,201710155392714,FOWAD,29,34,10,3549.0,35490.0
2017-10-15,201710155392569,FOWAD,36,28,200,3522.0,704400.0
2017-10-15,201710155392568,FOWAD,21,28,10,3525.0,35250.0
2017-10-15,201710155392515,FOWAD,28,28,40,3526.0,141040.0
2017-10-15,201710155392482,FOWAD,53,28,50,3526.0,176300.0
2017-10-15,201710155392255,FOWAD,44,28,50,3526.0,176300.0
2017-10-15,201710155392254,FOWAD,49,28,44,3530.0,155320.0
2017-10-15,201710155392455,GBIME,36,36,15,379.0,5685.0
2017-10-15,201710155392398,GBIME,37,52,83,378.0,31374.0
2017-10-15,201710155392397,GBIME,14,52,55,378.0,20790.0
2017-10-15,201710155392396,GBIME,37,52,20,378.0,7560.0
2017-10-15,201710155392299,GBIME,20,20,286,379.0,108394.0
2017-10-15,201710155392279,GBIME,37,57,117,378.0,44226.0
2017-10-15,201710155392272,GBIME,37,49,50,378.0,18900.0
2017-10-15,201710155392605,GLICL,25,40,30,1000.0,30000.0
2017-10-15,201710155392604,GLICL,50,40,200,1000.0,200000.0
2017-10-15,201710155392603,GLICL,34,40,30,1000.0,30000.0
2017-10-15,201710155392602,GLICL,17,40,20,1000.0,20000.0
2017-10-15,201710155392601,GLICL,1,40,20,1000.0,20000.0
2017-10-15,201710155392600,GLICL,8,40,100,1012.0,101200.0
2017-10-15,201710155392450,GLICL,53,40,503,1014.0,510042.0
2017-10-15,201710155392449,GLICL,53,45,85,1014.0,86190.0
2017-10-15,201710155392427,GLICL,8,8,100,1012.0,101200.0
2017-10-15,201710155392608,GRDBL,45,5,10,550.0,5500.0
2017-10-15,201710155392664,GUFL,25,21,95,186.0,17670.0
2017-10-15,201710155392564,HBL,45,38,45,865.0,38925.0
2017-10-15,201710155392262,HBL,42,32,73,865.0,63145.0
2017-10-15,201710155392261,HBL,42,1,35,864.0,30240.0
2017-10-15,201710155392707,HGI,53,6,99,715.0,70785.0
2017-10-15,201710155392551,HGI,16,36,60,708.0,42480.0
2017-10-15,201710155392525,HGI,33,28,42,710.0,29820.0
2017-10-15,201710155392577,HIDCL,50,48,1650,181.0,298650.0
2017-10-15,201710155392567,HIDCL,57,43,56,180.0,10080.0
2017-10-15,201710155392566,HIDCL,57,26,10,180.0,1800.0
2017-10-15,201710155392565,HIDCL,57,57,812,180.0,146160.0
2017-10-15,201710155392655,HPPL,52,41,20,370.0,7400.0
2017-10-15,201710155392654,HPPL,52,41,20,370.0,7400.0
2017-10-15,201710155392653,HPPL,52,41,10,370.0,3700.0
2017-10-15,201710155392652,HPPL,52,41,10,370.0,3700.0
2017-10-15,201710155392651,HPPL,52,41,10,370.0,3700.0
2017-10-15,201710155392650,HPPL,52,41,10,370.0,3700.0
2017-10-15,201710155392404,HPPL,39,28,10,368.0,3680.0
2017-10-15,201710155392386,HPPL,39,28,20,368.0,7360.0
2017-10-15,201710155392637,HPPL,52,34,10,370.0,3700.0
2017-10-15,201710155392636,HPPL,52,34,10,370.0,3700.0
2017-10-15,201710155392635,HPPL,52,34,20,370.0,7400.0
2017-10-15,201710155392576,HPPL,21,45,20,367.0,7340.0
2017-10-15,201710155392518,HPPL,39,39,20,368.0,7360.0
2017-10-15,201710155392460,HPPL,39,39,10,368.0,3680.0
2017-10-15,201710155392643,HPPL,52,34,20,370.0,7400.0
2017-10-15,201710155392642,HPPL,52,34,10,370.0,3700.0
2017-10-15,201710155392641,HPPL,52,34,10,370.0,3700.0
2017-10-15,201710155392640,HPPL,52,34,10,370.0,3700.0
2017-10-15,201710155392639,HPPL,52,34,10,370.0,3700.0
2017-10-15,201710155392638,HPPL,52,34,10,370.0,3700.0
2017-10-15,201710155392649,HPPL,52,41,10,370.0,3700.0
2017-10-15,201710155392648,HPPL,52,41,10,370.0,3700.0
2017-10-15,201710155392647,HPPL,52,41,10,370.0,3700.0
2017-10-15,201710155392646,HPPL,52,41,10,370.0,3700.0
2017-10-15,201710155392645,HPPL,52,41,10,370.0,3700.0
2017-10-15,201710155392644,HPPL,52,34,20,370.0,7400.0
2017-10-15,201710155392720,JBBL,45,38,678,181.0,122718.0
2017-10-15,201710155392719,JBBL,37,38,200,181.0,36200.0
2017-10-15,201710155392718,JBBL,6,38,22,181.0,3982.0
2017-10-15,201710155392717,JBBL,25,38,50,181.0,9050.0
2017-10-15,201710155392375,JBBL,38,49,100,182.0,18200.0
2017-10-15,201710155392665,JBNL,36,16,28,255.0,7140.0
2017-10-15,201710155392415,JBNL,45,36,28,254.0,7112.0
2017-10-15,201710155392248,JBNL,38,43,110,255.0,28050.0
2017-10-15,201710155392561,JFL,47,17,500,270.0,135000.0
2017-10-15,201710155392560,JFL,32,17,50,270.0,13500.0
2017-10-15,201710155392274,JFL,26,17,20,273.0,5460.0
2017-10-15,201710155392250,JFL,26,26,8,274.0,2192.0
2017-10-15,201710155392559,JSLBB,34,25,12,3620.0,43440.0
2017-10-15,201710155392339,JSLBB,34,5,12,3620.0,43440.0
2017-10-15,201710155392447,KBBL,43,55,91,290.0,26390.0
2017-10-15,201710155392691,KBL,28,33,242,295.0,71390.0
2017-10-15,201710155392524,KBL,6,33,100,296.0,29600.0
2017-10-15,201710155392479,KBL,6,33,57,296.0,16872.0
2017-10-15,201710155392473,KBL,43,33,72,296.0,21312.0
2017-10-15,201710155392458,KBL,52,33,100,296.0,29600.0
2017-10-15,201710155392575,KMCDB,16,34,10,1904.0,19040.0
2017-10-15,201710155392574,KMCDB,16,40,20,1903.0,38060.0
2017-10-15,201710155392573,KMCDB,16,34,10,1902.0,19020.0
2017-10-15,201710155392572,KMCDB,16,53,70,1900.0,133000.0
2017-10-15,201710155392571,KMCDB,16,38,20,1890.0,37800.0
2017-10-15,201710155392345,KMCDB,40,19,100,1870.0,187000.0
2017-10-15,201710155392344,KMCDB,7,19,10,1871.0,18710.0
2017-10-15,201710155392343,KMCDB,7,19,10,1871.0,18710.0
2017-10-15,201710155392342,KMCDB,34,19,10,1871.0,18710.0
2017-10-15,201710155392708,KMFL,11,46,10,2500.0,25000.0
2017-10-15,201710155392581,KMFL,42,29,100,2470.0,247000.0
2017-10-15,201710155392433,KMFL,11,1,10,2500.0,25000.0
2017-10-15,201710155392278,KSBBL,34,46,29,208.0,6032.0
2017-10-15,201710155392277,KSBBL,21,46,69,208.0,14352.0
2017-10-15,201710155392276,KSBBL,20,46,33,209.0,6897.0
2017-10-15,201710155392747,LBBL,33,37,200,212.0,42400.0
2017-10-15,201710155392599,LBBL,39,52,200,210.0,42000.0
2017-10-15,201710155392580,LBBL,29,10,100,210.0,21000.0
2017-10-15,201710155392478,LBBL,26,26,1000,209.0,209000.0
2017-10-15,201710155392413,LBBL,33,38,556,209.0,116204.0
2017-10-15,201710155392545,LBL,25,40,300,314.0,94200.0
2017-10-15,201710155392597,LGIL,57,57,104,850.0,88400.0
2017-10-15,201710155392596,LGIL,21,57,50,850.0,42500.0
2017-10-15,201710155392595,LGIL,46,57,100,850.0,85000.0
2017-10-15,201710155392594,LGIL,45,57,100,850.0,85000.0
2017-10-15,201710155392593,LGIL,34,57,100,850.0,85000.0
2017-10-15,201710155392592,LGIL,56,57,100,850.0,85000.0
2017-10-15,201710155392469,LGIL,17,57,50,852.0,42600.0
2017-10-15,201710155392468,LGIL,38,57,20,852.0,17040.0
2017-10-15,201710155392467,LGIL,34,57,50,852.0,42600.0
2017-10-15,201710155392466,LGIL,1,57,90,853.0,76770.0
2017-10-15,201710155392316,LGIL,41,6,25,855.0,21375.0
2017-10-15,201710155392539,LGIL,53,21,310,851.0,263810.0
2017-10-15,201710155392538,LGIL,43,21,50,851.0,42550.0
2017-10-15,201710155392537,LGIL,14,21,20,851.0,17020.0
2017-10-15,201710155392527,LGIL,49,21,110,852.0,93720.0
2017-10-15,201710155392526,LGIL,28,21,10,852.0,8520.0
2017-10-15,201710155392470,LGIL,28,57,190,852.0,161880.0
2017-10-15,201710155392591,LGIL,29,57,200,850.0,170000.0
2017-10-15,201710155392590,LGIL,41,57,50,850.0,42500.0
2017-10-15,201710155392589,LGIL,41,57,100,850.0,85000.0
2017-10-15,201710155392588,LGIL,26,57,200,850.0,170000.0
2017-10-15,201710155392543,LGIL,17,57,30,851.0,25530.0
2017-10-15,201710155392542,LGIL,53,57,190,851.0,161690.0
2017-10-15,201710155392454,MBL,40,58,557,313.0,174341.0
2017-10-15,201710155392453,MBL,56,58,873,313.0,273249.0
2017-10-15,201710155392452,MBL,13,58,100,314.0,31400.0
2017-10-15,201710155392442,MBL,58,13,20,315.0,6300.0
2017-10-15,201710155392428,MBL,29,13,200,315.0,63000.0
2017-10-15,201710155392249,MBL,1,50,100,314.0,31400.0
2017-10-15,201710155392550,MERO,14,41,14,1560.0,21840.0
2017-10-15,201710155392549,MERO,14,43,21,1555.0,32655.0
2017-10-15,201710155392667,MFIL,11,35,350,145.0,50750.0
2017-10-15,201710155392666,MFIL,11,35,304,145.0,44080.0
2017-10-15,201710155392563,MFIL,11,19,46,145.0,6670.0
2017-10-15,201710155392532,MLBBL,39,39,22,1202.0,26444.0
2017-10-15,201710155392465,MLBL,33,54,2500,220.0,550000.0
2017-10-15,201710155392451,MLBL,33,54,2500,220.0,550000.0
2017-10-15,201710155392727,MMFDB,34,28,10,2920.0,29200.0
2017-10-15,201710155392678,MNBBL,41,48,70,592.0,41440.0
2017-10-15,201710155392295,MSMBS,7,33,11,1020.0,11220.0
2017-10-15,201710155392426,NABIL,17,1,50,1219.0,60950.0
2017-10-15,201710155392410,NABIL,17,56,50,1218.0,60900.0
2017-10-15,201710155392409,NABIL,41,13,50,1216.0,60800.0
2017-10-15,201710155392313,NABIL,57,49,50,1213.0,60650.0
2017-10-15,201710155392312,NABIL,37,49,10,1213.0,12130.0
2017-10-15,201710155392686,NABILP,28,40,240,875.0,210000.0
2017-10-15,201710155392683,NABILP,28,14,300,875.0,262500.0
2017-10-15,201710155392682,NABILP,28,53,200,875.0,175000.0
2017-10-15,201710155392260,NBB,1,46,64,320.0,20480.0
2017-10-15,201710155392259,NBB,35,46,36,321.0,11556.0
2017-10-15,201710155392490,NBBL,11,19,20,3755.0,75100.0
2017-10-15,201710155392256,NBF1,57,56,2570,17.85,45874.5
2017-10-15,201710155392517,NBIL,37,33,40,1100.0,44000.0
2017-10-15,201710155392514,NBIL,37,17,60,1100.0,66000.0
2017-10-15,201710155392513,NBIL,37,17,100,1100.0,110000.0
2017-10-15,201710155392512,NBIL,29,17,100,1100.0,110000.0
2017-10-15,201710155392511,NBIL,10,17,200,1100.0,220000.0
2017-10-15,201710155392510,NBIL,43,17,20,1100.0,22000.0
2017-10-15,201710155392319,NBIL,33,19,100,1106.0,110600.0
2017-10-15,201710155392318,NBIL,58,19,15,1106.0,16590.0
2017-10-15,201710155392317,NBIL,59,19,15,1110.0,16650.0
2017-10-15,201710155392287,NBIL,59,19,15,1110.0,16650.0
2017-10-15,201710155392464,NBIL,53,16,30,1103.0,33090.0
2017-10-15,201710155392445,NBIL,53,16,270,1103.0,297810.0
2017-10-15,201710155392444,NBIL,47,16,50,1105.0,55250.0
2017-10-15,201710155392443,NBIL,57,16,180,1105.0,198900.0
2017-10-15,201710155392432,NBIL,40,47,100,1106.0,110600.0
2017-10-15,201710155392320,NBIL,57,19,20,1105.0,22100.0
2017-10-15,201710155392555,NBL,17,28,152,349.0,53048.0
2017-10-15,201710155392459,NBL,17,56,848,349.0,295952.0
2017-10-15,201710155392285,NBL,37,56,152,349.0,53048.0
2017-10-15,201710155392284,NBL,37,56,23,349.0,8027.0
2017-10-15,201710155392283,NBL,37,13,25,349.0,8725.0
2017-10-15,201710155392702,NCCB,38,58,10,352.0,3520.0
2017-10-15,201710155392694,NCCB,49,56,410,349.0,143090.0
2017-10-15,201710155392693,NCCB,1,56,100,349.0,34900.0
2017-10-15,201710155392692,NCCB,32,56,95,350.0,33250.0
2017-10-15,201710155392617,NCCB,32,56,205,350.0,71750.0
2017-10-15,201710155392616,NCCB,40,56,280,350.0,98000.0
2017-10-15,201710155392615,NCCB,45,56,10,350.0,3500.0
2017-10-15,201710155392614,NCCB,44,56,135,351.0,47385.0
2017-10-15,201710155392613,NCCB,7,56,370,351.0,129870.0
2017-10-15,201710155392268,NCCB,7,26,130,351.0,45630.0
2017-10-15,201710155392340,NEF,56,58,241,10.3,2482.3
2017-10-15,201710155392441,NGPL,55,1,105,230.0,24150.0
2017-10-15,201710155392663,NIB,58,25,397,623.0,247331.0
2017-10-15,201710155392662,NIB,25,25,35,623.0,21805.0
2017-10-15,201710155392661,NIB,11,25,100,624.0,62400.0
2017-10-15,201710155392607,NIB,28,25,10,626.0,6260.0
2017-10-15,201710155392516,NIB,48,25,356,626.0,222856.0
2017-10-15,201710155392429,NIB,46,25,100,626.0,62600.0
2017-10-15,201710155392289,NICA,7,47,100,355.0,35500.0
2017-10-15,201710155392280,NICA,1,49,100,353.0,35300.0
2017-10-15,201710155392612,NIL,34,10,75,895.0,67125.0
2017-10-15,201710155392611,NIL,11,10,10,895.0,8950.0
2017-10-15,201710155392610,NIL,21,10,30,899.0,26970.0
2017-10-15,201710155392477,NIL,16,19,30,900.0,27000.0
2017-10-15,201710155392631,NLBBL,45,56,50,1178.0,58900.0
2017-10-15,201710155392630,NLBBL,45,34,50,1177.0,58850.0
2017-10-15,201710155392556,NLG,18,28,39,1485.0,57915.0
2017-10-15,201710155392286,NLG,53,28,51,1485.0,75735.0
2017-10-15,201710155392484,NLIC,47,42,25,1968.0,49200.0
2017-10-15,201710155392471,NLIC,53,53,2,1930.0,3860.0
2017-10-15,201710155392456,NLIC,53,53,2,1930.0,3860.0
2017-10-15,201710155392430,NLIC,53,53,2,1931.0,3862.0
2017-10-15,201710155392408,NLIC,53,53,2,1931.0,3862.0
2017-10-15,201710155392389,NLIC,53,53,2,1931.0,3862.0
2017-10-15,201710155392282,NLIC,41,33,119,1970.0,234430.0
2017-10-15,201710155392267,NLIC,47,59,12,1968.0,23616.0
2017-10-15,201710155392253,NLIC,53,53,2,1931.0,3862.0
2017-10-15,201710155392383,NLIC,53,53,2,1931.0,3862.0
2017-10-15,201710155392356,NLIC,53,53,2,1931.0,3862.0
2017-10-15,201710155392347,NLIC,47,49,12,1968.0,23616.0
2017-10-15,201710155392346,NLIC,53,53,2,1931.0,3862.0
2017-10-15,201710155392311,NLIC,47,59,12,1968.0,23616.0
2017-10-15,201710155392298,NLIC,47,59,12,1968.0,23616.0
2017-10-15,201710155392700,NLICL,53,19,100,1791.0,179100.0
2017-10-15,201710155392671,NLICL,33,19,50,1800.0,90000.0
2017-10-15,201710155392394,NLICL,53,8,20,1791.0,35820.0
2017-10-15,201710155392385,NLICL,56,8,30,1792.0,53760.0
2017-10-15,201710155392403,NMB,49,49,11221,476.0,5341196.0
2017-10-15,201710155392335,NMB,25,40,553,479.0,264887.0
2017-10-15,201710155392269,NMB,42,40,300,479.0,143700.0
2017-10-15,201710155392534,NMBMF,49,8,17,2652.0,45084.0
2017-10-15,201710155392495,NMBMF,39,39,28,2651.0,74228.0
2017-10-15,201710155392350,NMBSF1,57,22,5000,12.48,62400.0
2017-10-15,201710155392570,NMFBS,26,26,10,3200.0,32000.0
2017-10-15,201710155392548,NMFBS,26,26,10,3200.0,32000.0
2017-10-15,201710155392536,NMFBS,26,26,10,3200.0,32000.0
2017-10-15,201710155392528,NMFBS,26,26,10,3200.0,32000.0
2017-10-15,201710155392493,NMFBS,53,16,18,3200.0,57600.0
2017-10-15,201710155392431,NMFBS,28,28,10,3190.0,31900.0
2017-10-15,201710155392407,NMFBS,28,28,18,3185.0,57330.0
2017-10-15,201710155392406,NMFBS,28,28,10,3185.0,31850.0
2017-10-15,201710155392400,NMFBS,21,28,10,3185.0,31850.0
2017-10-15,201710155392292,NMFBS,21,59,10,3185.0,31850.0
2017-10-15,201710155392685,NNLB,16,16,10,2774.0,27740.0
2017-10-15,201710155392629,NNLB,16,34,81,2720.0,220320.0
2017-10-15,201710155392628,NNLB,16,35,300,2715.0,814500.0
2017-10-15,201710155392627,NNLB,16,32,20,2713.0,54260.0
2017-10-15,201710155392626,NNLB,16,38,81,2710.0,219510.0
2017-10-15,201710155392625,NNLB,16,6,30,2709.0,81270.0
2017-10-15,201710155392558,NTC,49,34,970,780.0,756600.0
2017-10-15,201710155392557,NTC,49,44,100,780.0,78000.0
2017-10-15,201710155392547,NTC,22,45,50,778.0,38900.0
2017-10-15,201710155392485,NTC,49,49,80,779.0,62320.0
2017-10-15,201710155392440,NTC,25,34,30,780.0,23400.0
2017-10-15,201710155392329,NTC,25,6,470,780.0,366600.0
2017-10-15,201710155392328,NTC,47,6,300,780.0,234000.0
2017-10-15,201710155392327,NTC,42,6,50,780.0,39000.0
2017-10-15,201710155392326,NTC,7,6,80,780.0,62400.0
2017-10-15,201710155392681,NUBL,54,56,41,2352.0,96432.0
2017-10-15,201710155392680,NUBL,45,56,10,2353.0,23530.0
2017-10-15,201710155392624,NUBL,45,44,90,2353.0,211770.0
2017-10-15,201710155392623,NUBL,6,44,40,2355.0,94200.0
2017-10-15,201710155392622,NUBL,21,44,10,2355.0,23550.0
2017-10-15,201710155392706,ODBL,19,1,50,290.0,14500.0
2017-10-15,201710155392434,ODBL,43,1,117,290.0,33930.0
2017-10-15,201710155392271,ODBL,43,41,83,288.0,23904.0
2017-10-15,201710155392726,OHL,34,34,10,868.0,8680.0
2017-10-15,201710155392658,PCBL,41,26,48,435.0,20880.0
2017-10-15,201710155392634,PCBL,40,44,100,438.0,43800.0
2017-10-15,201710155392633,PCBL,40,17,150,437.0,65550.0
2017-10-15,201710155392632,PCBL,40,32,100,436.0,43600.0
2017-10-15,201710155392554,PCBL,58,45,15,435.0,6525.0
2017-10-15,201710155392489,PCBL,25,28,550,436.0,239800.0
2017-10-15,201710155392488,PCBL,25,13,100,436.0,43600.0
2017-10-15,201710155392487,PCBL,25,20,1353,436.0,589908.0
2017-10-15,201710155392486,PCBL,25,47,200,435.0,87000.0
2017-10-15,201710155392378,PCBL,41,1,46,435.0,20010.0
2017-10-15,201710155392519,PFL,53,35,20,225.0,4500.0
2017-10-15,201710155392674,PIC,52,14,200,1583.0,316600.0
2017-10-15,201710155392673,PIC,52,11,50,1570.0,78500.0
2017-10-15,201710155392552,PIC,18,11,50,1570.0,78500.0
2017-10-15,201710155392370,PIC,41,11,100,1560.0,156000.0
2017-10-15,201710155392672,PICL,35,14,500,1420.0,710000.0
2017-10-15,201710155392609,PLIC,26,42,10,1830.0,18300.0
2017-10-15,201710155392414,PLIC,26,53,10,1850.0,18500.0
2017-10-15,201710155392620,PRVU,43,53,480,365.0,175200.0
2017-10-15,201710155392619,PRVU,7,53,10,367.0,3670.0
2017-10-15,201710155392504,PRVU,43,14,50,367.0,18350.0
2017-10-15,201710155392503,PRVU,43,1,152,367.0,55784.0
2017-10-15,201710155392660,RMDC,11,44,26,699.0,18174.0
2017-10-15,201710155392355,RMDC,42,13,111,690.0,76590.0
2017-10-15,201710155392462,RSDC,34,56,20,1255.0,25100.0
2017-10-15,201710155392411,RSDC,6,56,10,1255.0,12550.0
2017-10-15,201710155392323,RSDC,32,59,11,1250.0,13750.0
2017-10-15,201710155392676,SADBL,28,41,116,369.0,42804.0
2017-10-15,201710155392675,SADBL,28,41,116,369.0,42804.0
2017-10-15,201710155392474,SADBL,38,45,78,369.0,28782.0
2017-10-15,201710155392737,SANIMA,5,25,200,342.0,68400.0
2017-10-15,201710155392736,SANIMA,5,47,11,342.0,3762.0
2017-10-15,201710155392735,SANIMA,5,13,100,342.0,34200.0
2017-10-15,201710155392734,SANIMA,5,53,50,342.0,17100.0
2017-10-15,201710155392677,SANIMA,45,53,50,342.0,17100.0
2017-10-15,201710155392491,SANIMA,44,5,400,341.0,136400.0
2017-10-15,201710155392388,SANIMA,44,49,25,341.0,8525.0
2017-10-15,201710155392294,SANIMA,5,40,300,342.0,102600.0
2017-10-15,201710155392293,SANIMA,5,42,400,342.0,136800.0
2017-10-15,201710155392475,SANIMA,45,53,100,342.0,34200.0
2017-10-15,201710155392416,SANIMA,32,10,100,342.0,34200.0
2017-10-15,201710155392393,SANIMA,44,40,561,341.0,191301.0
2017-10-15,201710155392392,SANIMA,44,40,1000,341.0,341000.0
2017-10-15,201710155392391,SANIMA,4,40,200,341.0,68200.0
2017-10-15,201710155392390,SANIMA,44,40,19,341.0,6479.0
2017-10-15,201710155392621,SBBLJ,32,6,105,318.0,33390.0
2017-10-15,201710155392509,SBBLJ,38,6,150,318.0,47700.0
2017-10-15,201710155392579,SBI,34,40,50,800.0,40000.0
2017-10-15,201710155392533,SBI,17,40,30,800.0,24000.0
2017-10-15,201710155392387,SBI,42,40,100,800.0,80000.0
2017-10-15,201710155392334,SBI,11,40,250,800.0,200000.0
2017-10-15,201710155392668,SBL,48,53,400,402.0,160800.0
2017-10-15,201710155392446,SBL,37,50,484,400.0,193600.0
2017-10-15,201710155392369,SBL,37,53,404,400.0,161600.0
2017-10-15,201710155392368,SBL,26,53,100,400.0,40000.0
2017-10-15,201710155392367,SBL,25,53,120,400.0,48000.0
2017-10-15,201710155392366,SBL,25,53,300,400.0,120000.0
2017-10-15,201710155392359,SBL,52,53,28,401.0,11228.0
2017-10-15,201710155392301,SBL,28,43,30,401.0,12030.0
2017-10-15,201710155392297,SBL,28,49,50,401.0,20050.0
2017-10-15,201710155392281,SBL,46,50,200,402.0,80400.0
2017-10-15,201710155392365,SBL,43,53,300,400.0,120000.0
2017-10-15,201710155392364,SBL,17,53,30,400.0,12000.0
2017-10-15,201710155392363,SBL,33,53,18,400.0,7200.0
2017-10-15,201710155392362,SBL,11,53,130,401.0,52130.0
2017-10-15,201710155392361,SBL,36,53,50,401.0,20050.0
2017-10-15,201710155392360,SBL,28,53,20,401.0,8020.0
2017-10-15,201710155392713,SCB,41,1,10,2116.0,21160.0
2017-10-15,201710155392701,SCB,41,1,10,2116.0,21160.0
2017-10-15,201710155392354,SCB,19,21,100,2120.0,212000.0
2017-10-15,201710155392353,SCB,19,55,50,2120.0,106000.0
2017-10-15,201710155392314,SCB,38,38,10,2107.0,21070.0
2017-10-15,201710155392310,SCB,38,38,10,2107.0,21070.0
2017-10-15,201710155392308,SCB,38,38,10,2107.0,21070.0
2017-10-15,201710155392304,SCB,38,38,10,2107.0,21070.0
2017-10-15,201710155392264,SCB,47,6,42,2115.0,88830.0
2017-10-15,201710155392263,SCB,47,33,24,2115.0,50760.0
2017-10-15,201710155392523,SEOS,16,47,5000,12.06,60300.0
2017-10-15,201710155392522,SEOS,16,47,5000,12.06,60300.0
2017-10-15,201710155392402,SFFIL,40,19,100,539.0,53900.0
2017-10-15,201710155392401,SFFIL,40,19,100,540.0,54000.0
2017-10-15,201710155392598,SHINE,29,34,25,405.0,10125.0
2017-10-15,201710155392748,SHL,56,40,281,360.0,101160.0
2017-10-15,201710155392689,SHL,56,56,100,360.0,36000.0
2017-10-15,201710155392684,SHL,57,56,100,360.0,36000.0
2017-10-15,201710155392483,SHL,56,56,500,360.0,180000.0
2017-10-15,201710155392716,SHPC,32,42,13,517.0,6721.0
2017-10-15,201710155392690,SIC,14,38,80,1640.0,131200.0
2017-10-15,201710155392749,SICL,49,19,25,1910.0,47750.0
2017-10-15,201710155392381,SICL,49,19,200,1910.0,382000.0
2017-10-15,201710155392709,SIFC,29,58,500,440.0,220000.0
2017-10-15,201710155392705,SIFC,17,28,500,443.0,221500.0
2017-10-15,201710155392480,SIGS1,56,54,5000,20.81,104050.0
2017-10-15,201710155392746,SIL,35,29,50,1410.0,70500.0
2017-10-15,201710155392745,SIL,37,29,100,1412.0,141200.0
2017-10-15,201710155392744,SIL,46,29,50,1412.0,70600.0
2017-10-15,201710155392531,SIL,35,53,50,1410.0,70500.0
2017-10-15,201710155392530,SIL,17,53,50,1411.0,70550.0
2017-10-15,201710155392508,SIL,32,29,27,1415.0,38205.0
2017-10-15,201710155392507,SIL,46,29,20,1415.0,28300.0
2017-10-15,201710155392715,SKBBL,25,34,50,1545.0,77250.0
2017-10-15,201710155392578,SKBBL,11,42,32,1545.0,49440.0
2017-10-15,201710155392697,SRBL,19,8,325,324.0,105300.0
2017-10-15,201710155392696,SRBL,19,58,100,323.0,32300.0
2017-10-15,201710155392544,SRBL,41,35,122,321.0,39162.0
2017-10-15,201710155392374,SRBL,50,26,506,321.0,162426.0
2017-10-15,201710155392373,SRBL,50,41,100,321.0,32100.0
2017-10-15,201710155392372,SRBL,50,56,400,321.0,128400.0
2017-10-15,201710155392291,SRBL,43,46,50,319.0,15950.0
2017-10-15,201710155392290,SRBL,50,46,50,320.0,16000.0
2017-10-15,201710155392371,SRBL,50,38,473,321.0,151833.0
2017-10-15,201710155392358,SRBL,20,38,27,321.0,8667.0
2017-10-15,201710155392357,SRBL,20,11,200,321.0,64200.0
2017-10-15,201710155392337,SRBL,43,6,455,320.0,145600.0
2017-10-15,201710155392331,SRBL,43,20,227,319.0,72413.0
2017-10-15,201710155392303,SRBL,32,6,45,320.0,14400.0
2017-10-15,201710155392618,SWBBL,11,28,20,1594.0,31880.0
2017-10-15,201710155392307,TRH,57,40,500,275.0,137500.0
2017-10-15,201710155392306,TRH,1,40,20,275.0,5500.0
2017-10-15,201710155392305,TRH,57,40,1590,276.0,438840.0
2017-10-15,201710155392722,UIC,17,58,30,1249.0,37470.0
2017-10-15,201710155392302,UIC,21,58,50,1241.0,62050.0
2017-10-15,201710155392296,UIC,18,58,100,1242.0,124200.0
2017-10-15,201710155392405,VLBS,39,39,11,1233.0,13563.0
2017-10-15,201710155392399,VLBS,39,39,11,1233.0,13563.0
2017-10-15,201710155392338,VLBS,47,59,11,1232.0,13552.0
2017-10-15,201710155392273,VLBS,47,59,11,1232.0,13552.0
2017-10-15,201710155392659,WOMI,7,43,11,1940.0,21340.0
2017-10-15,201710155392606,WOMI,49,26,25,1940.0,48500.0
2017-10-15,201710155392582,WOMI,40,52,21,1935.0,40635.0
2017-10-15,201710155392540,WOMI,49,41,100,1934.0,193400.0
2017-10-15,201710155391971,ADBL,40,8,110,430.0,47300.0
2017-10-15,201710155391970,ADBL,57,8,83,431.0,35773.0
2017-10-15,201710155391857,ADBL,57,57,17,431.0,7327.0
2017-10-15,201710155391856,ADBL,59,57,92,431.0,39652.0
2017-10-15,201710155391759,ADBL,59,32,25,431.0,10775.0
2017-10-15,201710155391922,AHPC,11,25,35,210.0,7350.0
2017-10-15,201710155391921,AHPC,8,25,745,210.0,156450.0
2017-10-15,201710155391920,AHPC,1,25,20,210.0,4200.0
2017-10-15,201710155391755,AHPC,8,42,55,210.0,11550.0
2017-10-15,201710155392113,ALICL,13,17,50,1475.0,73750.0
2017-10-15,201710155392112,ALICL,13,33,70,1470.0,102900.0
2017-10-15,201710155392050,ALICL,1,28,100,1464.0,146400.0
2017-10-15,201710155391953,ALICL,1,48,100,1455.0,145500.0
2017-10-15,201710155392160,API,42,42,10,546.0,5460.0
2017-10-15,201710155391833,BARUN,43,33,10,199.0,1990.0
2017-10-15,201710155391949,BBC,32,49,10,2144.0,21440.0
2017-10-15,201710155391948,BBC,32,53,100,2130.0,213000.0
2017-10-15,201710155391947,BBC,32,28,40,2111.0,84440.0
2017-10-15,201710155392170,BFC,43,3,40,139.0,5560.0
2017-10-15,201710155392164,BFC,35,3,50,139.0,6950.0
2017-10-15,201710155392163,BFC,35,21,100,139.0,13900.0
2017-10-15,201710155392142,BFC,35,3,50,139.0,6950.0
2017-10-15,201710155392116,BFC,11,3,100,137.0,13700.0
2017-10-15,201710155392110,BFC,53,3,100,135.0,13500.0
2017-10-15,201710155392082,BFC,19,3,10,133.0,1330.0
2017-10-15,201710155392051,BFC,39,3,50,131.0,6550.0
2017-10-15,201710155392229,BOKL,7,28,27,434.0,11718.0
2017-10-15,201710155392228,BOKL,7,17,73,434.0,31682.0
2017-10-15,201710155392211,BOKL,19,1,37,432.0,15984.0
2017-10-15,201710155391849,BOKL,59,17,50,434.0,21700.0
2017-10-15,201710155391772,BOKL,50,32,38,431.0,16378.0
2017-10-15,201710155392130,CBBL,45,6,500,1400.0,700000.0
2017-10-15,201710155392055,CBBL,1,6,80,1400.0,112000.0
2017-10-15,201710155392011,CBBL,45,1,50,1405.0,70250.0
2017-10-15,201710155391839,CBBL,1,58,45,1400.0,63000.0
2017-10-15,201710155391838,CBBL,45,58,100,1400.0,140000.0
2017-10-15,201710155391837,CBBL,34,58,300,1401.0,420300.0
2017-10-15,201710155391836,CBBL,1,58,50,1401.0,70050.0
2017-10-15,201710155391835,CBBL,13,58,50,1402.0,70100.0
2017-10-15,201710155391799,CBBL,44,58,100,1405.0,140500.0
2017-10-15,201710155392129,CBL,43,41,200,226.0,45200.0
2017-10-15,201710155391752,CBL,47,49,111,224.0,24864.0
2017-10-15,201710155392004,CCBL,14,14,65,222.0,14430.0
2017-10-15,201710155391955,CCBL,49,49,21,222.0,4662.0
2017-10-15,201710155391931,CCBL,49,4,77,222.0,17094.0
2017-10-15,201710155391763,CCBL,10,42,500,221.0,110500.0
2017-10-15,201710155392221,CHCL,52,38,14,850.0,11900.0
2017-10-15,201710155392220,CHCL,52,39,41,850.0,34850.0
2017-10-15,201710155392219,CHCL,52,59,56,850.0,47600.0
2017-10-15,201710155392218,CHCL,52,6,89,850.0,75650.0
2017-10-15,201710155392213,CHCL,37,6,20,848.0,16960.0
2017-10-15,201710155392212,CHCL,28,6,300,848.0,254400.0
2017-10-15,201710155391853,CHCL,13,36,20,848.0,16960.0
2017-10-15,201710155391852,CHCL,37,36,25,848.0,21200.0
2017-10-15,201710155391846,CHCL,45,10,50,850.0,42500.0
2017-10-15,201710155391844,CHCL,55,10,10,850.0,8500.0
2017-10-15,201710155391826,CHCL,55,10,77,850.0,65450.0
2017-10-15,201710155391803,CHCL,49,8,100,848.0,84800.0
2017-10-15,201710155392032,CHCL,48,50,17,850.0,14450.0
2017-10-15,201710155392031,CHCL,48,10,89,850.0,75650.0
2017-10-15,201710155392030,CHCL,48,10,700,849.0,594300.0
2017-10-15,201710155391982,CHCL,14,14,1,840.0,840.0
2017-10-15,201710155391963,CHCL,40,10,200,850.0,170000.0
2017-10-15,201710155391854,CHCL,49,36,100,848.0,84800.0
2017-10-15,201710155392131,CHCL,7,7,5,840.0,4200.0
2017-10-15,201710155392117,CHCL,37,42,100,848.0,84800.0
2017-10-15,201710155392039,CHCL,28,34,164,847.0,138908.0
2017-10-15,201710155392038,CHCL,37,34,100,847.0,84700.0
2017-10-15,201710155392037,CHCL,26,34,20,847.0,16940.0
2017-10-15,201710155392033,CHCL,48,58,194,850.0,164900.0
2017-10-15,201710155392003,CHL,49,37,50,174.0,8700.0
2017-10-15,201710155392202,CIT,16,40,65,3700.0,240500.0
2017-10-15,201710155392139,CIT,16,34,10,3700.0,37000.0
2017-10-15,201710155392107,CIT,16,10,20,3700.0,74000.0
2017-10-15,201710155392106,CIT,16,11,100,3700.0,370000.0
2017-10-15,201710155392105,CIT,16,6,30,3700.0,111000.0
2017-10-15,201710155392104,CIT,16,56,75,3700.0,277500.0
2017-10-15,201710155392103,CIT,16,53,100,3699.0,369900.0
2017-10-15,201710155392102,CIT,16,10,100,3695.0,369500.0
2017-10-15,201710155392086,CIT,57,34,115,3694.0,424810.0
2017-10-15,201710155392087,CZBIL,37,37,100,292.0,29200.0
2017-10-15,201710155392025,CZBIL,39,6,300,290.0,87000.0
2017-10-15,201710155392024,CZBIL,29,6,50,290.0,14500.0
2017-10-15,201710155392023,CZBIL,54,6,50,290.0,14500.0
2017-10-15,201710155392022,CZBIL,39,6,50,290.0,14500.0
2017-10-15,201710155392021,CZBIL,52,6,100,290.0,29000.0
2017-10-15,201710155392020,CZBIL,19,6,100,290.0,29000.0
2017-10-15,201710155392019,CZBIL,42,6,300,291.0,87300.0
2017-10-15,201710155392194,EBL,17,46,49,1210.0,59290.0
2017-10-15,201710155392181,EBL,6,46,50,1210.0,60500.0
2017-10-15,201710155391769,EBL,17,42,51,1208.0,61608.0
2017-10-15,201710155392157,EIC,45,53,50,2650.0,132500.0
2017-10-15,201710155392156,EIC,50,53,20,2655.0,53100.0
2017-10-15,201710155391997,FMDBL,50,36,50,821.0,41050.0
2017-10-15,201710155391996,FMDBL,50,36,70,821.0,57470.0
2017-10-15,201710155391827,FMDBL,11,56,50,825.0,41250.0
2017-10-15,201710155391779,FMDBL,45,32,50,830.0,41500.0
2017-10-15,201710155391778,FOWAD,55,8,10,3525.0,35250.0
2017-10-15,201710155392208,GBBL,13,28,273,253.0,69069.0
2017-10-15,201710155392146,GBBL,32,34,76,255.0,19380.0
2017-10-15,201710155392076,GBBL,18,34,20,255.0,5100.0
2017-10-15,201710155391929,GBIME,14,42,195,380.0,74100.0
2017-10-15,201710155391879,GBIME,53,8,1289,379.0,488531.0
2017-10-15,201710155391809,GBIME,56,37,100,379.0,37900.0
2017-10-15,201710155391770,GBIME,10,10,64,378.0,24192.0
2017-10-15,201710155392078,GDBL,57,45,12,348.0,4176.0
2017-10-15,201710155391938,GDBL,34,44,300,353.0,105900.0
2017-10-15,201710155392028,GDBL,34,44,2000,351.0,702000.0
2017-10-15,201710155391965,GDBL,21,41,700,350.0,245000.0
2017-10-15,201710155391939,GDBL,58,44,1000,353.0,353000.0
2017-10-15,201710155392162,GLICL,28,45,50,1014.0,50700.0
2017-10-15,201710155392123,GLICL,56,45,300,1014.0,304200.0
2017-10-15,201710155392122,GLICL,34,45,15,1015.0,15225.0
2017-10-15,201710155392121,GLICL,17,45,50,1015.0,50750.0
2017-10-15,201710155391902,GMFIL,28,7,80,195.0,15600.0
2017-10-15,201710155391901,GMFIL,47,7,10,195.0,1950.0
2017-10-15,201710155391900,GRDBL,45,33,10,540.0,5400.0
2017-10-15,201710155391899,GRDBL,45,10,10,539.0,5390.0
2017-10-15,201710155391848,GRDBL,45,19,50,540.0,27000.0
2017-10-15,201710155391847,GRDBL,45,49,10,530.0,5300.0
2017-10-15,201710155392066,HAMRO,18,34,20,194.0,3880.0
2017-10-15,201710155392217,HBL,45,1,41,861.0,35301.0
2017-10-15,201710155392150,HGI,14,21,50,715.0,35750.0
2017-10-15,201710155392149,HGI,14,57,100,715.0,71500.0
2017-10-15,201710155392148,HGI,14,34,90,714.0,64260.0
2017-10-15,201710155392075,HIDCL,50,1,261,179.0,46719.0
2017-10-15,201710155392074,HIDCL,50,22,242,179.0,43318.0
2017-10-15,201710155392026,HIDCL,13,22,258,179.0,46182.0
2017-10-15,201710155391998,HIDCL,53,37,88,178.0,15664.0
2017-10-15,201710155391969,HIDCL,34,49,56,177.0,9912.0
2017-10-15,201710155391942,HIDCL,34,25,29,177.0,5133.0
2017-10-15,201710155391937,HIDCL,13,25,15,177.0,2655.0
2017-10-15,201710155391912,HIDCL,11,37,150,178.0,26700.0
2017-10-15,201710155391872,HIDCL,34,42,56,177.0,9912.0
2017-10-15,201710155392137,HPPL,39,34,18,368.0,6624.0
2017-10-15,201710155392136,HPPL,48,34,150,368.0,55200.0
2017-10-15,201710155392135,HPPL,49,34,10,368.0,3680.0
2017-10-15,201710155392098,HPPL,49,57,10,368.0,3680.0
2017-10-15,201710155392099,JBBL,26,26,2,185.0,370.0
2017-10-15,201710155392043,JBBL,13,49,200,182.0,36400.0
2017-10-15,201710155392042,JBBL,13,49,200,182.0,36400.0
2017-10-15,201710155392214,JBNL,32,34,118,256.0,30208.0
2017-10-15,201710155392197,JBNL,56,56,221,255.0,56355.0
2017-10-15,201710155392059,JBNL,38,39,52,255.0,13260.0
2017-10-15,201710155392058,JBNL,38,39,248,255.0,63240.0
2017-10-15,201710155392049,JBNL,38,45,14,255.0,3570.0
2017-10-15,201710155391988,JBNL,38,49,73,255.0,18615.0
2017-10-15,201710155391877,JBNL,38,10,338,255.0,86190.0
2017-10-15,201710155391855,JBNL,38,32,31,255.0,7905.0
2017-10-15,201710155391804,JBNL,40,39,500,256.0,128000.0
2017-10-15,201710155391771,JBNL,38,49,300,255.0,76500.0
2017-10-15,201710155392235,JFL,26,26,28,274.0,7672.0
2017-10-15,201710155392226,JSLBB,48,43,12,3621.0,43452.0
2017-10-15,201710155392225,JSLBB,48,43,12,3621.0,43452.0
2017-10-15,201710155392240,KBBL,50,55,459,290.0,133110.0
2017-10-15,201710155392239,KBBL,50,19,441,290.0,127890.0
2017-10-15,201710155392238,KBBL,50,1,100,289.0,28900.0
2017-10-15,201710155391845,KBBL,43,29,150,287.0,43050.0
2017-10-15,201710155392230,KBL,38,33,200,296.0,59200.0
2017-10-15,201710155392192,KBL,53,7,100,296.0,29600.0
2017-10-15,201710155392179,KBL,43,33,928,296.0,274688.0
2017-10-15,201710155392178,KBL,28,21,498,295.0,146910.0
2017-10-15,201710155392177,KBL,35,21,100,295.0,29500.0
2017-10-15,201710155392176,KBL,28,21,334,295.0,98530.0
2017-10-15,201710155391980,KBL,18,11,100,298.0,29800.0
2017-10-15,201710155391905,KBL,40,50,100,296.0,29600.0
2017-10-15,201710155391867,KBL,52,52,333,296.0,98568.0
2017-10-15,201710155391764,KBL,19,49,100,296.0,29600.0
2017-10-15,201710155391754,KBL,10,10,52,297.0,15444.0
2017-10-15,201710155392175,KBL,35,21,55,295.0,16225.0
2017-10-15,201710155392070,KBL,35,45,45,295.0,13275.0
2017-10-15,201710155392061,KBL,1,33,25,296.0,7400.0
2017-10-15,201710155392041,KBL,28,45,166,295.0,48970.0
2017-10-15,201710155392029,KBL,40,33,47,296.0,13912.0
2017-10-15,201710155391981,KBL,18,26,100,298.0,29800.0
2017-10-15,201710155392012,KKHC,14,49,16,156.0,2496.0
2017-10-15,201710155391773,KKHC,14,42,16,156.0,2496.0
2017-10-15,201710155391987,KMCDB,44,19,50,1870.0,93500.0
2017-10-15,201710155391986,KMCDB,16,19,100,1871.0,187100.0
2017-10-15,201710155391985,KMCDB,40,19,50,1871.0,93550.0
2017-10-15,201710155392233,KSBBL,20,28,110,209.0,22990.0
2017-10-15,201710155392232,KSBBL,55,28,18,209.0,3762.0
2017-10-15,201710155392231,KSBBL,20,1,57,209.0,11913.0
2017-10-15,201710155392057,KSBBL,20,3,100,209.0,20900.0
2017-10-15,201710155392027,KSBBL,21,49,62,208.0,12896.0
2017-10-15,201710155391923,KSBBL,26,26,41,209.0,8569.0
2017-10-15,201710155391893,KSBBL,55,55,82,209.0,17138.0
2017-10-15,201710155391896,LBBL,38,57,184,208.0,38272.0
2017-10-15,201710155391746,LBBL,32,1,80,209.0,16720.0
2017-10-15,201710155392187,LBL,45,40,30,315.0,9450.0
2017-10-15,201710155392186,LBL,25,40,362,315.0,114030.0
2017-10-15,201710155392185,LBL,26,40,10,316.0,3160.0
2017-10-15,201710155392046,LBL,25,45,18,315.0,5670.0
2017-10-15,201710155391891,LBL,25,1,120,315.0,37800.0
2017-10-15,201710155391890,LBL,35,1,50,315.0,15750.0
2017-10-15,201710155391889,LBL,41,1,12,315.0,3780.0
2017-10-15,201710155391888,LBL,39,1,100,316.0,31600.0
2017-10-15,201710155391887,LBL,41,1,30,316.0,9480.0
2017-10-15,201710155391811,LBL,41,4,70,316.0,22120.0
2017-10-15,201710155391810,LBL,41,4,50,316.0,15800.0
2017-10-15,201710155392210,LGIL,1,26,10,853.0,8530.0
2017-10-15,201710155392209,LGIL,32,26,50,854.0,42700.0
2017-10-15,201710155392069,LGIL,7,56,7,853.0,5971.0
2017-10-15,201710155392047,LGIL,21,33,30,855.0,25650.0
2017-10-15,201710155391995,LGIL,8,38,110,852.0,93720.0
2017-10-15,201710155391934,LGIL,7,19,43,853.0,36679.0
2017-10-15,201710155391933,LGIL,46,19,50,853.0,42650.0
2017-10-15,201710155391932,LGIL,58,19,100,854.0,85400.0
2017-10-15,201710155391906,LGIL,8,52,153,860.0,131580.0
2017-10-15,201710155391780,LGIL,58,45,104,854.0,88816.0
2017-10-15,201710155391774,LGIL,25,45,100,854.0,85400.0
2017-10-15,201710155391760,LGIL,57,45,40,854.0,34160.0
2017-10-15,201710155391789,LVF1,21,20,3000,11.35,34050.0
2017-10-15,201710155391777,LVF1,11,20,5000,11.3,56500.0
2017-10-15,201710155392216,MBL,56,28,77,313.0,24101.0
2017-10-15,201710155392145,MBL,47,50,200,314.0,62800.0
2017-10-15,201710155392144,MBL,36,50,50,314.0,15700.0
2017-10-15,201710155392143,MBL,21,50,50,314.0,15700.0
2017-10-15,201710155391840,MBL,56,17,50,313.0,15650.0
2017-10-15,201710155391749,MBL,1,58,100,315.0,31500.0
2017-10-15,201710155391748,MBL,45,58,859,315.0,270585.0
2017-10-15,201710155392002,MFIL,19,35,10,147.0,1470.0
2017-10-15,201710155391972,MFIL,49,35,1000,145.0,145000.0
2017-10-15,201710155391916,MFIL,49,35,1000,146.0,146000.0
2017-10-15,201710155392045,MNBBL,41,32,200,592.0,118400.0
2017-10-15,201710155391828,MNBBL,41,58,80,592.0,47360.0
2017-10-15,201710155391814,MNBBL,14,14,365,588.0,214620.0
2017-10-15,201710155391790,MNBBL,25,58,20,592.0,11840.0
2017-10-15,201710155392193,NABILP,49,17,200,875.0,175000.0
2017-10-15,201710155391864,NABILP,42,40,60,876.0,52560.0
2017-10-15,201710155392180,NBB,35,6,14,321.0,4494.0
2017-10-15,201710155392128,NBB,32,6,179,321.0,57459.0
2017-10-15,201710155391787,NBB,1,49,18,320.0,5760.0
2017-10-15,201710155391786,NBB,45,49,100,320.0,32000.0
2017-10-15,201710155391785,NBB,1,49,120,320.0,38400.0
2017-10-15,201710155392168,NBBL,45,19,25,3730.0,93250.0
2017-10-15,201710155392167,NBBL,55,19,100,3730.0,373000.0
2017-10-15,201710155392166,NBBL,55,19,15,3740.0,56100.0
2017-10-15,201710155392165,NBBL,35,19,10,3745.0,37450.0
2017-10-15,201710155392161,NBBL,35,28,23,3759.0,86457.0
2017-10-15,201710155392237,NBIL,59,5,20,1110.0,22200.0
2017-10-15,201710155392206,NBIL,59,5,50,1110.0,55500.0
2017-10-15,201710155392203,NBIL,58,46,70,1106.0,77420.0
2017-10-15,201710155392174,NBIL,58,38,115,1106.0,127190.0
2017-10-15,201710155392173,NBIL,10,38,100,1108.0,110800.0
2017-10-15,201710155392172,NBIL,54,38,15,1108.0,16620.0
2017-10-15,201710155392153,NBIL,19,19,50,1110.0,55500.0
2017-10-15,201710155391954,NBIL,36,19,200,1110.0,222000.0
2017-10-15,201710155391945,NBIL,40,19,200,1112.0,222400.0
2017-10-15,201710155391944,NBIL,40,19,200,1113.0,222600.0
2017-10-15,201710155392244,NBL,16,56,350,348.0,121800.0
2017-10-15,201710155392077,NBL,7,56,50,348.0,17400.0
2017-10-15,201710155391832,NBL,34,47,730,347.0,253310.0
2017-10-15,201710155391831,NBL,40,47,270,347.0,93690.0
2017-10-15,201710155391813,NBL,16,56,600,348.0,208800.0
2017-10-15,201710155391762,NBL,16,56,400,348.0,139200.0
2017-10-15,201710155392199,NCCB,40,59,120,350.0,42000.0
2017-10-15,201710155392191,NCCB,49,26,17,351.0,5967.0
2017-10-15,201710155392147,NCCB,49,56,780,351.0,273780.0
2017-10-15,201710155392138,NCCB,46,56,20,351.0,7020.0
2017-10-15,201710155392097,NCCB,40,19,100,350.0,35000.0
2017-10-15,201710155391973,NCCB,28,28,4773,349.0,1665777.0
2017-10-15,201710155391874,NCCB,18,56,200,351.0,70200.0
2017-10-15,201710155391983,NCDB,3,21,10,186.0,1860.0
2017-10-15,201710155392114,NEF,58,55,2414,10.2,24622.8
2017-10-15,201710155391841,NEF,58,57,2414,10.3,24864.2
2017-10-15,201710155391806,NEF,58,58,2414,10.25,24743.5
2017-10-15,201710155392062,NGPL,22,49,10,227.0,2270.0
2017-10-15,201710155392243,NIB,48,34,15,625.0,9375.0
2017-10-15,201710155392125,NIB,48,59,29,625.0,18125.0
2017-10-15,201710155392124,NIB,48,56,100,625.0,62500.0
2017-10-15,201710155392068,NIB,58,38,48,623.0,29904.0
2017-10-15,201710155391978,NIB,17,59,20,625.0,12500.0
2017-10-15,201710155391977,NIB,39,59,32,625.0,20000.0
2017-10-15,201710155391976,NIB,35,59,17,625.0,10625.0
2017-10-15,201710155391878,NIB,59,33,32,625.0,20000.0
2017-10-15,201710155391802,NIB,58,49,52,623.0,32396.0
2017-10-15,201710155391758,NIB,59,38,32,625.0,20000.0
2017-10-15,201710155391757,NIB,59,57,77,625.0,48125.0
2017-10-15,201710155392241,NICA,1,1,38,353.0,13414.0
2017-10-15,201710155392092,NICA,20,20,85,354.0,30090.0
2017-10-15,201710155392083,NICA,38,42,1,346.0,346.0
2017-10-15,201710155391805,NICA,1,49,290,353.0,102370.0
2017-10-15,201710155391801,NICA,32,32,1,355.0,355.0
2017-10-15,201710155391750,NICA,59,38,144,354.0,50976.0
2017-10-15,201710155391897,NIL,49,14,50,905.0,45250.0
2017-10-15,201710155391989,NLG,57,28,10,1474.0,14740.0
2017-10-15,201710155392224,NLIC,53,53,2,1931.0,3862.0
2017-10-15,201710155392222,NLIC,47,59,12,1968.0,23616.0
2017-10-15,201710155392205,NLIC,53,53,2,1931.0,3862.0
2017-10-15,201710155392188,NLIC,45,45,12,1967.0,23604.0
2017-10-15,201710155392183,NLIC,33,59,12,1966.0,23592.0
2017-10-15,201710155392154,NLIC,57,33,81,1970.0,159570.0
2017-10-15,201710155391747,NLIC,34,29,48,1969.0,94512.0
2017-10-15,201710155391830,NLIC,53,53,2,1931.0,3862.0
2017-10-15,201710155391808,NLIC,53,53,2,1931.0,3862.0
2017-10-15,201710155391793,NLIC,34,8,170,1969.0,334730.0
2017-10-15,201710155391781,NLIC,34,32,85,1969.0,167365.0
2017-10-15,201710155391775,NLIC,53,53,2,1931.0,3862.0
2017-10-15,201710155391753,NLIC,53,53,2,1931.0,3862.0
2017-10-15,201710155391892,NLIC,18,25,12,1969.0,23628.0
2017-10-15,201710155391870,NLIC,53,53,2,1930.0,3860.0
2017-10-15,201710155391863,NLIC,53,53,2,1931.0,3862.0
2017-10-15,201710155391860,NLIC,53,53,2,1931.0,3862.0
2017-10-15,201710155391851,NLIC,18,8,30,1969.0,59070.0
2017-10-15,201710155391843,NLIC,53,53,2,1931.0,3862.0
2017-10-15,201710155391935,NLIC,53,53,2,1931.0,3862.0
2017-10-15,201710155391927,NLIC,53,53,2,1931.0,3862.0
2017-10-15,201710155391924,NLIC,58,40,12,1968.0,23616.0
2017-10-15,201710155391908,NLIC,58,45,10,1968.0,19680.0
2017-10-15,201710155391904,NLIC,58,33,12,1968.0,23616.0
2017-10-15,201710155391895,NLIC,53,53,2,1931.0,3862.0
2017-10-15,201710155391994,NLIC,53,53,2,1930.0,3860.0
2017-10-15,201710155391979,NLIC,53,53,2,1930.0,3860.0
2017-10-15,201710155391968,NLIC,53,53,2,1930.0,3860.0
2017-10-15,201710155391962,NLIC,53,53,2,1931.0,3862.0
2017-10-15,201710155391951,NLIC,53,53,2,1931.0,3862.0
2017-10-15,201710155391943,NLIC,53,53,2,1931.0,3862.0
2017-10-15,201710155392054,NLIC,53,53,2,1931.0,3862.0
2017-10-15,201710155392053,NLIC,38,59,100,1970.0,197000.0
2017-10-15,201710155392052,NLIC,46,59,50,1970.0,98500.0
2017-10-15,201710155392014,NLIC,53,5,2,1931.0,3862.0
2017-10-15,201710155392010,NLIC,53,53,2,1931.0,3862.0
2017-10-15,201710155392000,NLIC,18,59,10,1970.0,19700.0
2017-10-15,201710155392127,NLIC,57,59,26,1970.0,51220.0
2017-10-15,201710155392072,NLIC,57,49,12,1966.0,23592.0
2017-10-15,201710155392065,NLIC,57,59,81,1966.0,159246.0
2017-10-15,201710155392064,NLIC,53,59,100,1967.0,196700.0
2017-10-15,201710155392063,NLIC,58,59,466,1968.0,917088.0
2017-10-15,201710155392060,NLIC,5,53,2,1931.0,3862.0
2017-10-15,201710155392204,NMB,32,40,59,479.0,28261.0
2017-10-15,201710155392159,NMB,47,40,500,479.0,239500.0
2017-10-15,201710155392018,NMB,57,44,28,478.0,13384.0
2017-10-15,201710155392017,NMB,57,21,37,475.0,17575.0
2017-10-15,201710155391946,NMB,18,1,119,475.0,56525.0
2017-10-15,201710155392085,NMBHF1,11,41,1664,10.02,16673.28
2017-10-15,201710155392079,NMBHF1,11,41,1664,10.02,16673.28
2017-10-15,201710155392073,NMBHF1,11,41,2496,10.02,25009.92
2017-10-15,201710155391876,NMFBS,16,16,10,3250.0,32500.0
2017-10-15,201710155391825,NMFBS,16,16,18,3250.0,58500.0
2017-10-15,201710155391824,NMFBS,16,16,18,3250.0,58500.0
2017-10-15,201710155391823,NMFBS,16,16,18,3250.0,58500.0
2017-10-15,201710155391822,NMFBS,16,16,18,3250.0,58500.0
2017-10-15,201710155391815,NMFBS,16,28,20,3190.0,63800.0
2017-10-15,201710155391821,NMFBS,16,16,18,3250.0,58500.0
2017-10-15,201710155391820,NMFBS,16,16,18,3250.0,58500.0
2017-10-15,201710155391819,NMFBS,16,16,18,3250.0,58500.0
2017-10-15,201710155391818,NMFBS,16,16,18,3250.0,58500.0
2017-10-15,201710155391817,NMFBS,16,16,18,3250.0,58500.0
2017-10-15,201710155391816,NMFBS,16,46,10,3200.0,32000.0
2017-10-15,201710155392155,NTC,17,26,500,782.0,391000.0
2017-10-15,201710155392088,NTC,58,42,100,780.0,78000.0
2017-10-15,201710155391993,NTC,25,25,100,781.0,78100.0
2017-10-15,201710155392247,NUBL,43,56,20,2355.0,47100.0
2017-10-15,201710155392246,NUBL,21,56,25,2355.0,58875.0
2017-10-15,201710155391907,ODBL,13,41,284,288.0,81792.0
2017-10-15,201710155392093,OHL,38,38,1,834.0,834.0
2017-10-15,201710155391873,OHL,57,57,31,851.0,26381.0
2017-10-15,201710155392227,PCBL,26,26,8,442.0,3536.0
2017-10-15,201710155392182,PCBL,32,19,100,434.0,43400.0
2017-10-15,201710155392101,PCBL,26,26,8,442.0,3536.0
2017-10-15,201710155392094,PCBL,26,26,8,442.0,3536.0
2017-10-15,201710155392089,PCBL,26,26,8,440.0,3520.0
2017-10-15,201710155392084,PCBL,46,40,71,435.0,30885.0
2017-10-15,201710155391842,PCBL,26,26,8,440.0,3520.0
2017-10-15,201710155391767,PCBL,40,56,372,432.0,160704.0
2017-10-15,201710155391766,PCBL,56,56,36,432.0,15552.0
2017-10-15,201710155391765,PCBL,42,56,82,433.0,35506.0
2017-10-15,201710155391761,PCBL,42,29,18,433.0,7794.0
2017-10-15,201710155391959,PCBL,58,10,112,434.0,48608.0
2017-10-15,201710155391958,PCBL,58,25,1000,434.0,434000.0
2017-10-15,201710155391956,PCBL,18,10,100,434.0,43400.0
2017-10-15,201710155391941,PCBL,40,17,300,432.0,129600.0
2017-10-15,201710155391940,PCBL,17,17,100,433.0,43300.0
2017-10-15,201710155391880,PCBL,49,10,100,434.0,43400.0
2017-10-15,201710155391950,PIC,58,8,100,1555.0,155500.0
2017-10-15,201710155392189,PLIC,35,53,20,1850.0,37000.0
2017-10-15,201710155391768,PLIC,34,45,45,1825.0,82125.0
2017-10-15,201710155391792,PRIN,34,56,110,1102.0,121220.0
2017-10-15,201710155391784,PRIN,32,56,250,1102.0,275500.0
2017-10-15,201710155391783,PRIN,59,56,100,1105.0,110500.0
2017-10-15,201710155391782,PRIN,17,56,40,1105.0,44200.0
2017-10-15,201710155392236,PRVU,53,43,100,366.0,36600.0
2017-10-15,201710155392118,PRVU,43,49,33,366.0,12078.0
2017-10-15,201710155392100,PRVU,7,49,50,367.0,18350.0
2017-10-15,201710155392036,PRVU,45,43,1000,366.0,366000.0
2017-10-15,201710155391928,PRVU,55,8,100,364.0,36400.0
2017-10-15,201710155391869,PRVU,45,53,40,365.0,14600.0
2017-10-15,201710155391798,PRVU,17,29,175,364.0,63700.0
2017-10-15,201710155391788,PRVU,29,53,200,365.0,73000.0
2017-10-15,201710155392035,PRVU,45,48,25,366.0,9150.0
2017-10-15,201710155391967,PRVU,18,48,175,366.0,64050.0
2017-10-15,201710155391966,PRVU,18,53,25,365.0,9125.0
2017-10-15,201710155391834,PURBL,29,29,88,304.0,26752.0
2017-10-15,201710155391936,RBCL,39,54,10,15600.0,156000.0
2017-10-15,201710155391894,RBCL,38,19,20,15707.0,314140.0
2017-10-15,201710155391875,RBCL,25,38,10,15850.0,158500.0
2017-10-15,201710155391871,RBCL,25,16,10,15850.0,158500.0
2017-10-15,201710155391925,RBCLPO,16,19,10,14308.0,143080.0
2017-10-15,201710155391918,RBCLPO,37,19,10,14350.0,143500.0
2017-10-15,201710155391917,RBCLPO,33,19,10,14350.0,143500.0
2017-10-15,201710155392245,RHPC,10,39,13,163.0,2119.0
2017-10-15,201710155392223,RHPC,10,39,13,163.0,2119.0
2017-10-15,201710155392115,RHPC,10,39,13,163.0,2119.0
2017-10-15,201710155392096,RHPC,10,39,38,163.0,6194.0
2017-10-15,201710155392095,RHPC,45,39,50,164.0,8200.0
2017-10-15,201710155392242,RMDC,42,13,114,690.0,78660.0
2017-10-15,201710155392013,RMDC,56,34,10,679.0,6790.0
2017-10-15,201710155391999,RMDC,29,34,90,679.0,61110.0
2017-10-15,201710155391903,RMDC,38,38,1,666.0,666.0
2017-10-15,201710155392169,RSDC,32,59,11,1250.0,13750.0
2017-10-15,201710155391984,RSDC,32,14,16,1250.0,20000.0
2017-10-15,201710155392215,SANIMA,35,40,90,342.0,30780.0
2017-10-15,201710155392120,SANIMA,48,40,300,342.0,102600.0
2017-10-15,201710155392119,SANIMA,4,40,30,342.0,10260.0
2017-10-15,201710155392109,SANIMA,48,14,100,342.0,34200.0
2017-10-15,201710155392108,SANIMA,48,13,100,342.0,34200.0
2017-10-15,201710155392081,SANIMA,4,25,260,342.0,88920.0
2017-10-15,201710155392009,SANIMA,45,13,50,342.0,17100.0
2017-10-15,201710155391952,SANIMA,45,58,50,342.0,17100.0
2017-10-15,201710155391914,SANIMA,14,58,100,342.0,34200.0
2017-10-15,201710155391913,SANIMA,14,13,100,342.0,34200.0
2017-10-15,201710155391829,SANIMA,44,49,150,341.0,51150.0
2017-10-15,201710155392140,SBI,17,17,100,800.0,80000.0
2017-10-15,201710155392133,SBI,28,17,50,800.0,40000.0
2017-10-15,201710155392132,SBI,29,17,50,800.0,40000.0
2017-10-15,201710155392111,SBI,29,34,50,800.0,40000.0
2017-10-15,201710155392008,SBI,52,17,40,800.0,32000.0
2017-10-15,201710155392007,SBI,4,17,100,800.0,80000.0
2017-10-15,201710155392006,SBI,56,17,100,800.0,80000.0
2017-10-15,201710155392005,SBI,56,17,50,800.0,40000.0
2017-10-15,201710155391919,SBI,38,38,50,801.0,40050.0
2017-10-15,201710155391866,SBI,56,49,50,800.0,40000.0
2017-10-15,201710155391850,SBI,48,49,50,800.0,40000.0
2017-10-15,201710155391911,SBL,52,19,100,401.0,40100.0
2017-10-15,201710155391910,SBL,46,19,300,402.0,120600.0
2017-10-15,201710155391909,SBL,49,19,100,403.0,40300.0
2017-10-15,201710155391898,SBL,59,50,200,404.0,80800.0
2017-10-15,201710155392201,SCB,38,38,10,2107.0,21070.0
2017-10-15,201710155392200,SCB,38,38,10,2107.0,21070.0
2017-10-15,201710155392198,SCB,38,38,10,2107.0,21070.0
2017-10-15,201710155392196,SCB,38,38,10,2107.0,21070.0
2017-10-15,201710155392195,SCB,38,38,10,2107.0,21070.0
2017-10-15,201710155392034,SCB,38,38,10,2106.0,21060.0
2017-10-15,201710155392016,SCB,47,38,20,2107.0,42140.0
2017-10-15,201710155392015,SCB,58,38,12,2110.0,25320.0
2017-10-15,201710155391807,SCB,58,8,38,2110.0,80180.0
2017-10-15,201710155392184,SCB,37,42,50,2106.0,105300.0
2017-10-15,201710155392067,SCB,21,39,10,2106.0,21060.0
2017-10-15,201710155392056,SCB,38,38,10,2106.0,21060.0
2017-10-15,201710155392048,SCB,38,38,10,2106.0,21060.0
2017-10-15,201710155392044,SCB,38,38,10,2106.0,21060.0
2017-10-15,201710155392040,SCB,38,38,10,2106.0,21060.0
2017-10-15,201710155391859,SHINE,29,29,448,405.0,181440.0
2017-10-15,201710155392126,SHL,50,47,110,360.0,39600.0
2017-10-15,201710155392090,SIC,14,14,78,1665.0,129870.0
2017-10-15,201710155391975,SICL,17,19,25,1920.0,48000.0
2017-10-15,201710155391974,SICL,6,19,50,1920.0,96000.0
2017-10-15,201710155391756,SICL,36,17,21,1930.0,40530.0
2017-10-15,201710155391796,SINDU,34,49,19,177.0,3363.0
2017-10-15,201710155391795,SINDU,55,49,100,178.0,17800.0
2017-10-15,201710155391794,SINDU,47,49,81,180.0,14580.0
2017-10-15,201710155391797,SKBBL,28,14,100,1550.0,155000.0
2017-10-15,201710155391992,SLBBL,56,48,60,1802.0,108120.0
2017-10-15,201710155391991,SLBBL,17,48,30,1803.0,54090.0
2017-10-15,201710155391990,SLBBL,45,48,30,1803.0,54090.0
2017-10-15,201710155392207,SMFDB,35,57,100,2020.0,202000.0
2017-10-15,201710155392080,SPDL,16,49,29,162.0,4698.0
2017-10-15,201710155391926,SPDL,38,38,15,163.0,2445.0
2017-10-15,201710155391861,SPDL,16,49,29,162.0,4698.0
2017-10-15,201710155392001,SRBL,50,8,195,320.0,62400.0
2017-10-15,201710155391964,SRBL,50,42,20,320.0,6400.0
2017-10-15,201710155391961,SRBL,50,25,35,320.0,11200.0
2017-10-15,201710155391960,SRBL,50,6,250,320.0,80000.0
2017-10-15,201710155391915,SRBL,43,50,100,319.0,31900.0
2017-10-15,201710155391865,SRBL,43,49,173,319.0,55187.0
2017-10-15,201710155392141,SWBBL,44,35,210,1595.0,334950.0
2017-10-15,201710155392134,SWBBL,44,58,90,1595.0,143550.0
2017-10-15,201710155391930,UIC,45,36,100,1250.0,125000.0
2017-10-15,201710155391957,VLBS,22,33,11,1231.0,13541.0
2017-10-15,201710155392171,WOMI,49,34,21,1915.0,40215.0
2017-10-15,201710155392158,WOMI,49,33,21,1915.0,40215.0
2017-10-15,201710155391751,WOMI,5,41,107,1903.0,203621.0
2017-10-15,201710155389721,ADBL,36,8,565,430.0,242950.0
2017-10-15,201710155389652,ADBL,36,17,24,430.0,10320.0
2017-10-15,201710155389650,ADBL,36,1,75,430.0,32250.0
2017-10-15,201710155389633,ADBL,32,32,306,427.0,130662.0
2017-10-15,201710155389623,ADBL,28,28,44,427.0,18788.0
2017-10-15,201710155389617,ADBL,29,29,36,427.0,15372.0
2017-10-15,201710155389611,ADBL,32,32,262,432.0,113184.0
2017-10-15,201710155389677,CBL,26,26,2,221.0,442.0
2017-10-15,201710155389725,CCBL,36,45,100,219.0,21900.0
2017-10-15,201710155389722,CCBL,16,16,5162,218.0,1125316.0
2017-10-15,201710155389666,CCBL,16,16,160,220.0,35200.0
2017-10-15,201710155389637,CCBL,16,35,40,218.0,8720.0
2017-10-15,201710155389627,CCBL,29,29,329,219.0,72051.0
2017-10-15,201710155389709,CHCL,28,21,50,829.0,41450.0
2017-10-15,201710155389708,CHCL,28,21,100,829.0,82900.0
2017-10-15,201710155389707,CHCL,14,21,50,829.0,41450.0
2017-10-15,201710155389697,CHCL,32,57,50,835.0,41750.0
2017-10-15,201710155389696,CHCL,32,57,50,835.0,41750.0
2017-10-15,201710155389691,CHCL,58,57,100,836.0,83600.0
2017-10-15,201710155389682,CHCL,49,49,6,836.0,5016.0
2017-10-15,201710155389679,CHCL,49,49,6,836.0,5016.0
2017-10-15,201710155389678,CHCL,49,49,6,836.0,5016.0
2017-10-15,201710155389662,CHCL,58,58,200,836.0,167200.0
2017-10-15,201710155389618,CHCL,39,17,65,845.0,54925.0
2017-10-15,201710155389724,DDBL,34,40,310,1201.0,372310.0
2017-10-15,201710155389723,DDBL,34,40,150,1210.0,181500.0
2017-10-15,201710155389719,DDBL,34,40,400,1205.0,482000.0
2017-10-15,201710155389718,DDBL,34,40,100,1225.0,122500.0
2017-10-15,201710155389714,GBIME,16,16,6036,373.0,2251428.0
2017-10-15,201710155389686,GBIME,36,46,21,372.0,7812.0
2017-10-15,201710155389663,GBIME,53,53,8,368.0,2944.0
2017-10-15,201710155389642,GBIME,26,26,17,368.0,6256.0
2017-10-15,201710155389636,GDBL,47,45,84,355.0,29820.0
2017-10-15,201710155389640,HIDCL,32,32,32,179.0,5728.0
2017-10-15,201710155389616,HIDCL,32,32,32,179.0,5728.0
2017-10-15,201710155389665,HPPL,42,42,10,380.0,3800.0
2017-10-15,201710155389726,JBNL,49,46,23,250.0,5750.0
2017-10-15,201710155389654,JBNL,49,50,50,253.0,12650.0
2017-10-15,201710155389659,JEFL,58,8,150,136.0,20400.0
2017-10-15,201710155389720,KBL,45,48,331,292.0,96652.0
2017-10-15,201710155389710,KBL,16,16,17240,291.0,5016840.0
2017-10-15,201710155389660,KBL,36,1,110,291.0,32010.0
2017-10-15,201710155389610,KMFL,48,46,100,2478.0,247800.0
2017-10-15,201710155389705,KSBBL,8,1,121,209.0,25289.0
2017-10-15,201710155389693,KSBBL,8,32,100,208.0,20800.0
2017-10-15,201710155389643,KSBBL,32,32,104,209.0,21736.0
2017-10-15,201710155389631,KSBBL,47,47,63,209.0,13167.0
2017-10-15,201710155389625,KSBBL,42,42,62,213.0,13206.0
2017-10-15,201710155389622,KSBBL,42,42,62,213.0,13206.0
2017-10-15,201710155389704,LGIL,11,33,100,852.0,85200.0
2017-10-15,201710155389703,LGIL,48,33,128,852.0,109056.0
2017-10-15,201710155389695,LGIL,48,49,142,852.0,120984.0
2017-10-15,201710155389681,LGIL,48,34,30,852.0,25560.0
2017-10-15,201710155389680,LGIL,25,34,80,853.0,68240.0
2017-10-15,201710155389676,LGIL,25,50,20,853.0,17060.0
2017-10-15,201710155389673,LGIL,48,57,200,852.0,170400.0
2017-10-15,201710155389670,LGIL,48,47,237,869.0,205953.0
2017-10-15,201710155389669,LGIL,6,44,100,869.0,86900.0
2017-10-15,201710155389632,LGIL,43,33,50,880.0,44000.0
2017-10-15,201710155389624,LGIL,48,25,591,887.0,524217.0
2017-10-15,201710155389657,MERO,14,44,50,1560.0,78000.0
2017-10-15,201710155389687,MFIL,34,55,10,148.0,1480.0
2017-10-15,201710155389630,MFIL,39,55,10,146.0,1460.0
2017-10-15,201710155389716,NBBL,21,44,12,3725.0,44700.0
2017-10-15,201710155389713,NBBL,21,44,12,3725.0,44700.0
2017-10-15,201710155389635,NBL,28,45,70,340.0,23800.0
2017-10-15,201710155389688,NCCB,1,45,100,350.0,35000.0
2017-10-15,201710155389683,NCCB,1,1,96,350.0,33600.0
2017-10-15,201710155389672,NHPC,38,45,100,127.0,12700.0
2017-10-15,201710155389674,NIB,49,42,4,613.0,2452.0
2017-10-15,201710155389645,NIB,32,32,12,625.0,7500.0
2017-10-15,201710155389614,NIB,32,32,12,628.0,7536.0
2017-10-15,201710155389668,NICA,36,48,340,352.0,119680.0
2017-10-15,201710155389621,NICA,29,29,45,349.0,15705.0
2017-10-15,201710155389634,NIL,48,42,308,900.0,277200.0
2017-10-15,201710155389717,NLIC,19,59,40,1976.0,79040.0
2017-10-15,201710155389715,NLIC,19,59,40,1976.0,79040.0
2017-10-15,201710155389711,NLIC,45,28,2,1980.0,3960.0
2017-10-15,201710155389685,NLIC,19,48,50,1976.0,98800.0
2017-10-15,201710155389684,NLIC,45,48,100,1977.0,197700.0
2017-10-15,201710155389656,NLIC,19,59,200,1980.0,396000.0
2017-10-15,201710155389655,NLIC,45,45,12,1981.0,23772.0
2017-10-15,201710155389651,NLIC,42,16,12,1983.0,23796.0
2017-10-15,201710155389649,NLIC,45,45,12,1982.0,23784.0
2017-10-15,201710155389629,NLIC,29,29,12,1970.0,23640.0
2017-10-15,201710155389647,NMB,32,32,28,470.0,13160.0
2017-10-15,201710155389620,NMBMF,32,32,28,2631.0,73668.0
2017-10-15,201710155389699,NTC,50,35,200,785.0,157000.0
2017-10-15,201710155389646,NTC,41,21,100,775.0,77500.0
2017-10-15,201710155389644,NTC,41,21,100,775.0,77500.0
2017-10-15,201710155389641,NTC,56,21,100,779.0,77900.0
2017-10-15,201710155389639,NTC,56,21,100,779.0,77900.0
2017-10-15,201710155389648,ODBL,32,32,56,289.0,16184.0
2017-10-15,201710155389671,PCBL,6,46,19,425.0,8075.0
2017-10-15,201710155389615,PROFL,40,45,10,204.0,2040.0
2017-10-15,201710155389619,PRVU,32,32,13,364.0,4732.0
2017-10-15,201710155389613,PRVU,29,29,300,363.0,108900.0
2017-10-15,201710155389661,RSDC,6,39,10,1264.0,12640.0
2017-10-15,201710155389675,SANIMA,47,39,100,342.0,34200.0
2017-10-15,201710155389667,SANIMA,16,29,100,336.0,33600.0
2017-10-15,201710155389628,SANIMA,41,45,100,336.0,33600.0
2017-10-15,201710155389664,SBL,49,45,25,400.0,10000.0
2017-10-15,201710155389609,SBL,29,29,139,400.0,55600.0
2017-10-15,201710155389701,SCB,29,42,10,2100.0,21000.0
2017-10-15,201710155389700,SCB,29,42,10,2100.0,21000.0
2017-10-15,201710155389698,SCB,29,42,10,2100.0,21000.0
2017-10-15,201710155389694,SCB,29,42,10,2100.0,21000.0
2017-10-15,201710155389692,SCB,16,42,10,2102.0,21020.0
2017-10-15,201710155389690,SCB,16,42,10,2102.0,21020.0
2017-10-15,201710155389689,SCB,16,42,10,2102.0,21020.0
2017-10-15,201710155389653,SCB,16,16,10,2108.0,21080.0
2017-10-15,201710155389638,SCB,16,16,10,2108.0,21080.0
2017-10-15,201710155389712,SLICL,18,42,11,931.0,10241.0
2017-10-15,201710155389612,SLICL,32,32,43,942.0,40506.0
2017-10-15,201710155389608,SPDL,22,22,15,162.0,2430.0
2017-10-15,201710155389607,SPDL,22,22,15,162.0,2430.0
2017-10-15,201710155389606,SPDL,22,22,10,162.0,1620.0
2017-10-15,201710155389605,SPDL,22,22,10,162.0,1620.0
2017-10-15,201710155389604,SPDL,22,22,10,162.0,1620.0
2017-10-15,201710155389603,SPDL,22,22,10,162.0,1620.0
2017-10-15,201710155389596,SPDL,22,22,15,162.0,2430.0
2017-10-15,201710155389595,SPDL,22,22,15,162.0,2430.0
2017-10-15,201710155389594,SPDL,22,22,15,162.0,2430.0
2017-10-15,201710155389602,SPDL,22,22,10,162.0,1620.0
2017-10-15,201710155389601,SPDL,22,22,15,162.0,2430.0
2017-10-15,201710155389600,SPDL,22,22,15,162.0,2430.0
2017-10-15,201710155389599,SPDL,22,22,15,162.0,2430.0
2017-10-15,201710155389598,SPDL,22,22,15,162.0,2430.0
2017-10-15,201710155389597,SPDL,22,22,15,162.0,2430.0
2017-10-15,201710155389658,SRBL,28,28,1370,315.0,431550.0
2017-10-15,201710155389706,WOMI,28,28,7,1830.0,12810.0
2017-10-15,201710155389702,WOMI,28,28,7,1830.0,12810.0
2017-10-15,201710155391725,ADBL,59,32,25,431.0,10775.0
2017-10-15,201710155391721,ADBL,25,25,109,432.0,47088.0
2017-10-15,201710155391667,ADBL,59,21,97,431.0,41807.0
2017-10-15,201710155391657,ADBL,38,38,68,433.0,29444.0
2017-10-15,201710155391640,ADBL,29,29,109,433.0,47197.0
2017-10-15,201710155391611,ADBL,59,40,100,431.0,43100.0
2017-10-15,201710155391594,ADBL,14,55,500,432.0,216000.0
2017-10-15,201710155391492,ADBL,59,43,20,431.0,8620.0
2017-10-15,201710155391593,AHPC,32,1,60,211.0,12660.0
2017-10-15,201710155391524,AHPC,34,55,50,212.0,10600.0
2017-10-15,201710155391629,AKPL,19,29,1000,325.0,325000.0
2017-10-15,201710155391617,AKPL,58,1,79,324.0,25596.0
2017-10-15,201710155391505,AKPL,19,17,20,320.0,6400.0
2017-10-15,201710155391427,ALICL,44,44,3,1425.0,4275.0
2017-10-15,201710155391411,ALICL,44,44,1,1425.0,1425.0
2017-10-15,201710155391400,ALICL,44,44,1,1425.0,1425.0
2017-10-15,201710155391386,ALICL,44,44,1,1425.0,1425.0
2017-10-15,201710155391374,ALICL,44,44,2,1425.0,2850.0
2017-10-15,201710155391337,ALICL,44,44,2,1425.0,2850.0
2017-10-15,201710155391626,API,39,43,89,550.0,48950.0
2017-10-15,201710155391311,API,1,1,6,542.0,3252.0
2017-10-15,201710155391298,API,1,1,6,542.0,3252.0
2017-10-15,201710155391277,API,1,1,6,542.0,3252.0
2017-10-15,201710155391259,API,1,1,6,542.0,3252.0
2017-10-15,201710155391653,BARUN,43,29,10,199.0,1990.0
2017-10-15,201710155391744,BBC,17,28,10,2111.0,21110.0
2017-10-15,201710155391683,BOKL,7,58,150,434.0,65100.0
2017-10-15,201710155391656,BOKL,7,39,100,431.0,43100.0
2017-10-15,201710155391588,BOKL,39,39,48,429.0,20592.0
2017-10-15,201710155391519,BOKL,38,45,103,428.0,44084.0
2017-10-15,201710155391500,BOKL,38,25,351,432.0,151632.0
2017-10-15,201710155391499,BOKL,38,22,100,432.0,43200.0
2017-10-15,201710155391498,BOKL,38,28,205,430.0,88150.0
2017-10-15,201710155391489,BOKL,25,28,25,430.0,10750.0
2017-10-15,201710155391488,BOKL,25,40,15,429.0,6435.0
2017-10-15,201710155391413,BOKL,29,45,347,427.0,148169.0
2017-10-15,201710155391412,BOKL,49,45,653,427.0,278831.0
2017-10-15,201710155391270,BOKL,49,56,247,427.0,105469.0
2017-10-15,201710155391579,CBBL,1,45,75,1405.0,105375.0
2017-10-15,201710155391565,CBBL,17,37,50,1404.0,70200.0
2017-10-15,201710155391564,CBBL,17,37,47,1404.0,65988.0
2017-10-15,201710155391504,CBBL,45,45,100,1405.0,140500.0
2017-10-15,201710155391660,CBL,29,29,73,225.0,16425.0
2017-10-15,201710155391639,CBL,47,17,45,224.0,10080.0
2017-10-15,201710155391613,CBL,34,55,300,225.0,67500.0
2017-10-15,201710155391575,CBL,47,1,74,224.0,16576.0
2017-10-15,201710155391495,CBL,47,4,17,224.0,3808.0
2017-10-15,201710155391474,CBL,45,32,200,225.0,45000.0
2017-10-15,201710155391417,CBL,33,32,100,225.0,22500.0
2017-10-15,201710155391416,CBL,39,32,100,225.0,22500.0
2017-10-15,201710155391681,CCBL,59,4,73,222.0,16206.0
2017-10-15,201710155391636,CCBL,59,49,227,222.0,50394.0
2017-10-15,201710155391635,CCBL,52,49,150,222.0,33300.0
2017-10-15,201710155391634,CCBL,40,49,100,222.0,22200.0
2017-10-15,201710155391619,CCBL,59,35,200,222.0,44400.0
2017-10-15,201710155391507,CCBL,41,29,27,223.0,6021.0
2017-10-15,201710155391340,CCBL,18,38,140,224.0,31360.0
2017-10-15,201710155391331,CCBL,41,48,90,223.0,20070.0
2017-10-15,201710155391300,CCBL,58,38,100,224.0,22400.0
2017-10-15,201710155391733,CHCL,13,56,30,848.0,25440.0
2017-10-15,201710155391685,CHCL,21,10,65,850.0,55250.0
2017-10-15,201710155391684,CHCL,21,58,35,850.0,29750.0
2017-10-15,201710155391576,CHCL,55,10,14,850.0,11900.0
2017-10-15,201710155391508,CHCL,25,25,35,848.0,29680.0
2017-10-15,201710155391484,CHCL,43,38,10,851.0,8510.0
2017-10-15,201710155391648,CHL,49,49,13,174.0,2262.0
2017-10-15,201710155391431,CIT,50,10,150,3685.0,552750.0
2017-10-15,201710155391408,CIT,44,10,100,3685.0,368500.0
2017-10-15,201710155391578,CZBIL,6,19,29,294.0,8526.0
2017-10-15,201710155391369,CZBIL,29,6,100,290.0,29000.0
2017-10-15,201710155391368,CZBIL,19,6,50,290.0,14500.0
2017-10-15,201710155391367,CZBIL,13,6,500,290.0,145000.0
2017-10-15,201710155391366,CZBIL,29,6,200,290.0,58000.0
2017-10-15,201710155391365,CZBIL,14,6,50,290.0,14500.0
2017-10-15,201710155391335,CZBIL,35,19,29,294.0,8526.0
2017-10-15,201710155391326,CZBIL,42,6,100,295.0,29500.0
2017-10-15,201710155391358,CZBIL,56,6,400,291.0,116400.0
2017-10-15,201710155391357,CZBIL,1,6,300,291.0,87300.0
2017-10-15,201710155391356,CZBIL,13,6,976,292.0,284992.0
2017-10-15,201710155391355,CZBIL,52,6,200,293.0,58600.0
2017-10-15,201710155391354,CZBIL,6,6,50,293.0,14650.0
2017-10-15,201710155391353,CZBIL,1,6,20,293.0,5860.0
2017-10-15,201710155391364,CZBIL,25,6,100,290.0,29000.0
2017-10-15,201710155391363,CZBIL,39,6,100,290.0,29000.0
2017-10-15,201710155391362,CZBIL,39,6,50,290.0,14500.0
2017-10-15,201710155391361,CZBIL,26,6,200,291.0,58200.0
2017-10-15,201710155391360,CZBIL,45,6,200,291.0,58200.0
2017-10-15,201710155391359,CZBIL,40,6,1000,291.0,291000.0
2017-10-15,201710155391312,DBBL,37,46,23,250.0,5750.0
2017-10-15,201710155391480,DDBL,22,14,60,1194.0,71640.0
2017-10-15,201710155391453,DDBL,41,32,50,1195.0,59750.0
2017-10-15,201710155391414,DDBL,32,32,20,1195.0,23900.0
2017-10-15,201710155391405,DDBL,16,32,100,1195.0,119500.0
2017-10-15,201710155391404,DDBL,26,32,20,1195.0,23900.0
2017-10-15,201710155391403,DDBL,26,32,50,1195.0,59750.0
2017-10-15,201710155391385,DDBL,34,34,100,1197.0,119700.0
2017-10-15,201710155391734,EBL,6,49,200,1208.0,241600.0
2017-10-15,201710155391621,EBL,42,46,10,1210.0,12100.0
2017-10-15,201710155391515,EBL,35,46,250,1210.0,302500.0
2017-10-15,201710155391409,EBL,16,58,40,1205.0,48200.0
2017-10-15,201710155391262,EBL,22,18,50,1203.0,60150.0
2017-10-15,201710155391261,EBL,42,18,100,1203.0,120300.0
2017-10-15,201710155391260,EBL,25,18,50,1205.0,60250.0
2017-10-15,201710155391393,EDBL,47,34,395,468.0,184860.0
2017-10-15,201710155391664,GBBL,45,34,208,252.0,52416.0
2017-10-15,201710155391659,GBBL,45,34,208,252.0,52416.0
2017-10-15,201710155391587,GBBL,45,32,500,252.0,126000.0
2017-10-15,201710155391669,GBIME,38,38,98,378.0,37044.0
2017-10-15,201710155391643,GBIME,42,8,25,378.0,9450.0
2017-10-15,201710155391642,GBIME,33,8,913,378.0,345114.0
2017-10-15,201710155391616,GBIME,33,35,62,378.0,23436.0
2017-10-15,201710155391377,GBIME,33,34,25,378.0,9450.0
2017-10-15,201710155391316,GBIME,36,1,630,377.0,237510.0
2017-10-15,201710155391297,GBIME,34,56,21,377.0,7917.0
2017-10-15,201710155391726,GDBL,34,25,500,354.0,177000.0
2017-10-15,201710155391651,GDBL,34,44,500,353.0,176500.0
2017-10-15,201710155391650,GDBL,34,25,500,352.0,176000.0
2017-10-15,201710155391649,GDBL,34,41,200,351.0,70200.0
2017-10-15,201710155391638,GDBL,35,41,100,351.0,35100.0
2017-10-15,201710155391280,GDBL,32,41,100,347.0,34700.0
2017-10-15,201710155391286,GDBL,49,41,50,345.0,17250.0
2017-10-15,201710155391285,GDBL,57,41,500,345.0,172500.0
2017-10-15,201710155391284,GDBL,58,41,200,346.0,69200.0
2017-10-15,201710155391283,GDBL,59,41,100,346.0,34600.0
2017-10-15,201710155391282,GDBL,47,41,150,346.0,51900.0
2017-10-15,201710155391281,GDBL,32,41,68,346.0,23528.0
2017-10-15,201710155391418,GDBL,5,41,500,346.0,173000.0
2017-10-15,201710155391407,GDBL,33,41,200,347.0,69400.0
2017-10-15,201710155391289,GDBL,59,41,500,345.0,172500.0
2017-10-15,201710155391288,GDBL,42,41,100,345.0,34500.0
2017-10-15,201710155391287,GDBL,42,41,200,345.0,69000.0
2017-10-15,201710155391426,GDBL,47,58,120,350.0,42000.0
2017-10-15,201710155391425,GDBL,47,41,300,346.0,103800.0
2017-10-15,201710155391729,GLICL,28,56,40,1020.0,40800.0
2017-10-15,201710155391728,GLICL,28,46,10,1020.0,10200.0
2017-10-15,201710155391687,GLICL,34,40,300,1019.0,305700.0
2017-10-15,201710155391691,GMFIL,28,7,400,198.0,79200.0
2017-10-15,201710155391690,GMFIL,47,7,10,198.0,1980.0
2017-10-15,201710155391309,GMFIL,28,45,50,202.0,10100.0
2017-10-15,201710155391706,GUFL,56,29,4000,183.0,732000.0
2017-10-15,201710155391705,GUFL,56,29,1950,183.0,356850.0
2017-10-15,201710155391633,GUFL,42,29,50,183.0,9150.0
2017-10-15,201710155391472,HGI,45,32,100,716.0,71600.0
2017-10-15,201710155391471,HGI,45,59,200,715.0,143000.0
2017-10-15,201710155391676,HIDCL,13,49,56,177.0,9912.0
2017-10-15,201710155391666,HIDCL,29,29,289,178.0,51442.0
2017-10-15,201710155391658,HIDCL,13,58,289,177.0,51153.0
2017-10-15,201710155391253,HIDCL,33,28,56,178.0,9968.0
2017-10-15,201710155391682,HPPL,49,49,10,368.0,3680.0
2017-10-15,201710155391632,HPPL,49,26,20,368.0,7360.0
2017-10-15,201710155391631,HPPL,49,26,10,368.0,3680.0
2017-10-15,201710155391618,HPPL,49,1,10,368.0,3680.0
2017-10-15,201710155391496,HPPL,49,57,10,368.0,3680.0
2017-10-15,201710155391482,HPPL,49,4,20,368.0,7360.0
2017-10-15,201710155391247,HPPL,21,39,10,367.0,3670.0
2017-10-15,201710155391675,JBBL,29,29,640,182.0,116480.0
2017-10-15,201710155391692,JBNL,38,49,73,255.0,18615.0
2017-10-15,201710155391637,JBNL,38,25,150,255.0,38250.0
2017-10-15,201710155391610,JBNL,38,40,111,255.0,28305.0
2017-10-15,201710155391597,JBNL,54,40,239,255.0,60945.0
2017-10-15,201710155391571,JBNL,54,56,200,255.0,51000.0
2017-10-15,201710155391556,JBNL,54,40,1000,255.0,255000.0
2017-10-15,201710155391352,JBNL,33,48,200,256.0,51200.0
2017-10-15,201710155391345,JBNL,33,40,39,256.0,9984.0
2017-10-15,201710155391494,JBNL,33,4,70,256.0,17920.0
2017-10-15,201710155391473,JBNL,33,56,100,256.0,25600.0
2017-10-15,201710155391402,JBNL,47,25,200,257.0,51400.0
2017-10-15,201710155391401,JBNL,47,13,200,257.0,51400.0
2017-10-15,201710155391384,JBNL,33,56,383,256.0,98048.0
2017-10-15,201710155391383,JBNL,33,56,17,256.0,4352.0
2017-10-15,201710155391531,JBNL,54,58,561,255.0,143055.0
2017-10-15,201710155391523,JBNL,16,58,1000,255.0,255000.0
2017-10-15,201710155391522,JBNL,58,58,650,255.0,165750.0
2017-10-15,201710155391521,JBNL,54,58,750,256.0,192000.0
2017-10-15,201710155391518,JBNL,54,33,1000,256.0,256000.0
2017-10-15,201710155391517,JBNL,54,29,250,256.0,64000.0
2017-10-15,201710155391595,KBBL,41,28,55,289.0,15895.0
2017-10-15,201710155391520,KBBL,1,56,128,289.0,36992.0
2017-10-15,201710155391512,KBBL,41,35,61,286.0,17446.0
2017-10-15,201710155391478,KBBL,35,35,17,286.0,4862.0
2017-10-15,201710155391477,KBBL,39,35,10,286.0,2860.0
2017-10-15,201710155391476,KBBL,42,35,12,286.0,3432.0
2017-10-15,201710155391711,KBL,20,16,268,297.0,79596.0
2017-10-15,201710155391486,KBL,35,16,232,297.0,68904.0
2017-10-15,201710155391485,KBL,35,22,68,297.0,20196.0
2017-10-15,201710155391479,KBL,35,40,100,296.0,29600.0
2017-10-15,201710155391437,KBL,10,10,52,295.0,15340.0
2017-10-15,201710155391424,KBL,1,32,475,295.0,140125.0
2017-10-15,201710155391250,KBL,49,44,100,296.0,29600.0
2017-10-15,201710155391423,KBL,49,32,25,296.0,7400.0
2017-10-15,201710155391336,KBL,49,50,54,296.0,15984.0
2017-10-15,201710155391321,KBL,49,49,100,296.0,29600.0
2017-10-15,201710155391295,KBL,49,50,55,296.0,16280.0
2017-10-15,201710155391271,KBL,49,50,55,296.0,16280.0
2017-10-15,201710155391252,KBL,49,50,55,296.0,16280.0
2017-10-15,201710155391707,KKHC,14,49,16,156.0,2496.0
2017-10-15,201710155391390,KKHC,59,42,10,155.0,1550.0
2017-10-15,201710155391388,KMCDB,29,14,100,1895.0,189500.0
2017-10-15,201710155391256,KMFL,41,55,30,2460.0,73800.0
2017-10-15,201710155391255,KMFL,41,57,22,2448.0,53856.0
2017-10-15,201710155391724,KRBL,49,49,7,250.0,1750.0
2017-10-15,201710155391313,KSBBL,21,56,120,208.0,24960.0
2017-10-15,201710155391249,KSBBL,34,58,500,209.0,104500.0
2017-10-15,201710155391701,LBBL,32,29,16,208.0,3328.0
2017-10-15,201710155391573,LBBL,47,10,800,209.0,167200.0
2017-10-15,201710155391591,LBL,6,40,50,317.0,15850.0
2017-10-15,201710155391737,LGIL,52,45,25,854.0,21350.0
2017-10-15,201710155391704,LGIL,45,45,100,854.0,85400.0
2017-10-15,201710155391606,LGIL,41,45,100,852.0,85200.0
2017-10-15,201710155391605,LGIL,47,45,10,853.0,8530.0
2017-10-15,201710155391604,LGIL,14,45,21,854.0,17934.0
2017-10-15,201710155391603,LGIL,47,45,10,855.0,8550.0
2017-10-15,201710155391602,LGIL,11,45,20,856.0,17120.0
2017-10-15,201710155391276,LGIL,28,34,200,859.0,171800.0
2017-10-15,201710155391275,LGIL,28,56,151,858.0,129558.0
2017-10-15,201710155391624,LICN,53,49,789,2070.0,1633230.0
2017-10-15,201710155391623,LICN,53,11,49,2070.0,101430.0
2017-10-15,201710155391622,LICN,53,1,100,2069.0,206900.0
2017-10-15,201710155391743,MBL,45,49,141,315.0,44415.0
2017-10-15,201710155391742,MBL,56,49,150,315.0,47250.0
2017-10-15,201710155391741,MBL,41,49,50,315.0,15750.0
2017-10-15,201710155391661,MBL,37,58,770,316.0,243320.0
2017-10-15,201710155391652,MBL,37,58,230,316.0,72680.0
2017-10-15,201710155391475,MBL,37,58,200,316.0,63200.0
2017-10-15,201710155391314,MBL,10,56,341,317.0,108097.0
2017-10-15,201710155391251,MBL,39,13,50,317.0,15850.0
2017-10-15,201710155391688,MERO,8,33,15,1560.0,23400.0
2017-10-15,201710155391673,MERO,1,39,11,1550.0,17050.0
2017-10-15,201710155391553,MLBL,54,33,1885,220.0,414700.0
2017-10-15,201710155391265,MNBBL,26,47,200,595.0,119000.0
2017-10-15,201710155391264,MNBBL,26,6,200,595.0,119000.0
2017-10-15,201710155391723,MSMBS,29,29,22,1015.0,22330.0
2017-10-15,201710155391738,NABIL,37,19,93,1215.0,112995.0
2017-10-15,201710155391592,NABIL,18,56,50,1218.0,60900.0
2017-10-15,201710155391527,NABIL,16,56,45,1212.0,54540.0
2017-10-15,201710155391375,NABIL,18,58,44,1212.0,53328.0
2017-10-15,201710155391351,NABIL,33,58,200,1212.0,242400.0
2017-10-15,201710155391333,NABIL,16,58,50,1212.0,60600.0
2017-10-15,201710155391552,NBB,5,6,300,321.0,96300.0
2017-10-15,201710155391458,NBB,1,57,80,320.0,25600.0
2017-10-15,201710155391320,NBB,38,6,40,320.0,12800.0
2017-10-15,201710155391315,NBB,38,38,160,320.0,51200.0
2017-10-15,201710155391433,NBB,5,53,115,320.0,36800.0
2017-10-15,201710155391346,NBB,25,1,238,320.0,76160.0
2017-10-15,201710155391502,NBIL,40,26,286,1124.0,321464.0
2017-10-15,201710155391501,NBIL,40,48,50,1123.0,56150.0
2017-10-15,201710155391745,NBL,1,56,600,348.0,208800.0
2017-10-15,201710155391644,NBL,1,56,938,348.0,326424.0
2017-10-15,201710155391543,NBL,40,29,230,347.0,79810.0
2017-10-15,201710155391530,NBL,34,56,62,348.0,21576.0
2017-10-15,201710155391719,NCCB,58,56,100,351.0,35100.0
2017-10-15,201710155391718,NCCB,58,56,100,351.0,35100.0
2017-10-15,201710155391717,NCCB,5,56,100,351.0,35100.0
2017-10-15,201710155391547,NCCB,45,56,698,350.0,244300.0
2017-10-15,201710155391546,NCCB,34,56,1000,351.0,351000.0
2017-10-15,201710155391545,NCCB,6,56,1302,352.0,458304.0
2017-10-15,201710155391510,NCCB,6,19,145,352.0,51040.0
2017-10-15,201710155391371,NCCB,49,41,1553,350.0,543550.0
2017-10-15,201710155391308,NCCB,45,46,32,350.0,11200.0
2017-10-15,201710155391248,NCDB,3,1,48,184.0,8832.0
2017-10-15,201710155391686,NEF,58,5,2414,10.2,24622.8
2017-10-15,201710155391456,NEF,41,5,2414,10.2,24622.8
2017-10-15,201710155391727,NGPL,22,29,10,227.0,2270.0
2017-10-15,201710155391459,NGPL,22,28,10,227.0,2270.0
2017-10-15,201710155391348,NHPC,21,10,10,129.0,1290.0
2017-10-15,201710155391347,NHPC,21,41,500,128.0,64000.0
2017-10-15,201710155391317,NHPC,21,21,1450,127.0,184150.0
2017-10-15,201710155391254,NHPC,41,21,50,127.0,6350.0
2017-10-15,201710155391720,NIB,35,42,11,625.0,6875.0
2017-10-15,201710155391627,NIB,39,39,32,624.0,19968.0
2017-10-15,201710155391600,NIB,49,42,50,625.0,31250.0
2017-10-15,201710155391598,NIB,25,58,115,623.0,71645.0
2017-10-15,201710155391566,NIB,28,55,32,622.0,19904.0
2017-10-15,201710155391457,NIB,28,21,10,622.0,6220.0
2017-10-15,201710155391415,NIB,28,58,100,622.0,62200.0
2017-10-15,201710155391296,NIB,58,58,150,623.0,93450.0
2017-10-15,201710155391294,NIB,58,58,155,623.0,96565.0
2017-10-15,201710155391607,NIBLPF,11,33,758,10.2,7731.6
2017-10-15,201710155391570,NIBLPF,11,46,758,10.1,7655.8
2017-10-15,201710155391325,NIBPO,47,55,500,555.0,277500.0
2017-10-15,201710155391324,NIBPO,49,55,500,556.0,278000.0
2017-10-15,201710155391323,NIBPO,34,55,500,557.0,278500.0
2017-10-15,201710155391680,NICA,1,56,100,353.0,35300.0
2017-10-15,201710155391625,NICA,58,58,218,354.0,77172.0
2017-10-15,201710155391420,NICA,36,16,129,354.0,45666.0
2017-10-15,201710155391419,NICA,36,49,165,353.0,58245.0
2017-10-15,201710155391586,NIL,53,34,100,905.0,90500.0
2017-10-15,201710155391585,NIL,53,55,100,905.0,90500.0
2017-10-15,201710155391584,NIL,53,58,40,900.0,36000.0
2017-10-15,201710155391583,NIL,53,44,50,900.0,45000.0
2017-10-15,201710155391461,NLBBL,48,33,80,1180.0,94400.0
2017-10-15,201710155391435,NLBBL,37,53,50,1180.0,59000.0
2017-10-15,201710155391422,NLBBL,48,28,25,1170.0,29250.0
2017-10-15,201710155391421,NLBBL,48,25,18,1169.0,21042.0
2017-10-15,201710155391394,NLBBL,47,25,100,1168.0,116800.0
2017-10-15,201710155391740,NLIC,29,59,50,1970.0,98500.0
2017-10-15,201710155391730,NLIC,53,53,2,1931.0,3862.0
2017-10-15,201710155391694,NLIC,59,59,50,1970.0,98500.0
2017-10-15,201710155391693,NLIC,19,53,2,1980.0,3960.0
2017-10-15,201710155391689,NLIC,26,59,14,1970.0,27580.0
2017-10-15,201710155391679,NLIC,26,53,12,1970.0,23640.0
2017-10-15,201710155391344,NLIC,19,41,62,1971.0,122202.0
2017-10-15,201710155391343,NLIC,46,41,100,1972.0,197200.0
2017-10-15,201710155391342,NLIC,59,41,38,1973.0,74974.0
2017-10-15,201710155391302,NLIC,52,39,12,1975.0,23700.0
2017-10-15,201710155391278,NLIC,29,29,12,1975.0,23700.0
2017-10-15,201710155391246,NLIC,59,53,12,1973.0,23676.0
2017-10-15,201710155391481,NLIC,59,59,100,1970.0,197000.0
2017-10-15,201710155391452,NLIC,41,59,50,1970.0,98500.0
2017-10-15,201710155391451,NLIC,1,59,50,1970.0,98500.0
2017-10-15,201710155391430,NLIC,40,5,100,1970.0,197000.0
2017-10-15,201710155391429,NLIC,59,5,60,1970.0,118200.0
2017-10-15,201710155391428,NLIC,19,5,38,1971.0,74898.0
2017-10-15,201710155391539,NLIC,53,14,12,1966.0,23592.0
2017-10-15,201710155391538,NLIC,36,14,14,1976.0,27664.0
2017-10-15,201710155391537,NLIC,36,25,12,1976.0,23712.0
2017-10-15,201710155391536,NLIC,36,25,12,1976.0,23712.0
2017-10-15,201710155391535,NLIC,36,39,12,1976.0,23712.0
2017-10-15,201710155391487,NLIC,53,59,24,1970.0,47280.0
2017-10-15,201710155391672,NLIC,26,53,12,1970.0,23640.0
2017-10-15,201710155391654,NLIC,26,53,12,1970.0,23640.0
2017-10-15,201710155391601,NLIC,41,53,12,1967.0,23604.0
2017-10-15,201710155391589,NLIC,41,53,12,1967.0,23604.0
2017-10-15,201710155391541,NLIC,19,14,49,1964.0,96236.0
2017-10-15,201710155391540,NLIC,56,14,30,1965.0,58950.0
2017-10-15,201710155391341,NLICL,56,35,50,1800.0,90000.0
2017-10-15,201710155391318,NMB,47,39,50,471.0,23550.0
2017-10-15,201710155391678,NTC,7,17,20,780.0,15600.0
2017-10-15,201710155391608,NTC,7,41,100,780.0,78000.0
2017-10-15,201710155391581,NTC,45,43,100,785.0,78500.0
2017-10-15,201710155391559,NTC,1,46,100,784.0,78400.0
2017-10-15,201710155391266,NTC,22,16,600,783.0,469800.0
2017-10-15,201710155391330,NTC,22,53,400,781.0,312400.0
2017-10-15,201710155391310,NTC,19,34,445,785.0,349325.0
2017-10-15,201710155391307,NTC,19,35,500,785.0,392500.0
2017-10-15,201710155391306,NTC,19,53,55,785.0,43175.0
2017-10-15,201710155391444,NTC,49,35,500,785.0,392500.0
2017-10-15,201710155391443,NTC,49,34,1405,784.0,1101520.0
2017-10-15,201710155391389,NTC,34,34,500,784.0,392000.0
2017-10-15,201710155391332,NTC,21,34,50,784.0,39200.0
2017-10-15,201710155391292,NUBL,45,14,320,2346.0,750720.0
2017-10-15,201710155391291,NUBL,55,14,60,2350.0,141000.0
2017-10-15,201710155391290,NUBL,28,14,20,2350.0,47000.0
2017-10-15,201710155391263,NUBL,45,21,20,2360.0,47200.0
2017-10-15,201710155391703,ODBL,33,17,100,287.0,28700.0
2017-10-15,201710155391497,ODBL,11,1,100,290.0,29000.0
2017-10-15,201710155391645,OHL,58,5,31,850.0,26350.0
2017-10-15,201710155391662,PCBL,56,42,14,432.0,6048.0
2017-10-15,201710155391647,PCBL,19,42,100,433.0,43300.0
2017-10-15,201710155391614,PCBL,49,42,100,433.0,43300.0
2017-10-15,201710155391599,PCBL,42,17,46,433.0,19918.0
2017-10-15,201710155391574,PCBL,40,58,71,432.0,30672.0
2017-10-15,201710155391563,PCBL,6,42,36,433.0,15588.0
2017-10-15,201710155391349,PCBL,6,6,230,433.0,99590.0
2017-10-15,201710155391334,PCBL,6,6,34,433.0,14722.0
2017-10-15,201710155391319,PCBL,45,56,500,434.0,217000.0
2017-10-15,201710155391516,PFL,1,13,30,225.0,6750.0
2017-10-15,201710155391372,PFL,35,56,113,225.0,25425.0
2017-10-15,201710155391449,PIC,29,47,28,1552.0,43456.0
2017-10-15,201710155391448,PIC,25,47,200,1555.0,311000.0
2017-10-15,201710155391557,PLIC,41,45,75,1825.0,136875.0
2017-10-15,201710155391551,PLIC,59,45,50,1825.0,91250.0
2017-10-15,201710155391450,PLIC,34,45,200,1825.0,365000.0
2017-10-15,201710155391446,PLIC,34,45,100,1825.0,182500.0
2017-10-15,201710155391528,PRIN,17,57,10,1105.0,11050.0
2017-10-15,201710155391569,PROFL,45,4,102,228.0,23256.0
2017-10-15,201710155391301,PRVU,46,53,135,366.0,49410.0
2017-10-15,201710155391514,PRVU,36,56,121,364.0,44044.0
2017-10-15,201710155391503,PRVU,37,53,100,365.0,36500.0
2017-10-15,201710155391668,PURBL,26,1,50,304.0,15200.0
2017-10-15,201710155391612,PURBL,26,38,100,304.0,30400.0
2017-10-15,201710155391279,RBCL,25,33,10,16027.0,160270.0
2017-10-15,201710155391274,RBCL,25,7,10,16000.0,160000.0
2017-10-15,201710155391273,RBCL,25,6,20,15950.0,319000.0
2017-10-15,201710155391272,RBCL,25,28,30,15900.0,477000.0
2017-10-15,201710155391376,RBCLPO,47,34,15,14599.0,218985.0
2017-10-15,201710155391299,RBCLPO,21,44,10,14590.0,145900.0
2017-10-15,201710155391715,RHPC,10,17,17,163.0,2771.0
2017-10-15,201710155391714,RHPC,10,17,17,163.0,2771.0
2017-10-15,201710155391713,RHPC,10,17,17,163.0,2771.0
2017-10-15,201710155391712,RHPC,10,17,17,163.0,2771.0
2017-10-15,201710155391722,RLFL,32,17,100,205.0,20500.0
2017-10-15,201710155391628,RLFL,32,18,100,205.0,20500.0
2017-10-15,201710155391293,RLFL,37,48,60,203.0,12180.0
2017-10-15,201710155391406,RMDC,21,35,50,679.0,33950.0
2017-10-15,201710155391665,RSDC,38,14,16,1250.0,20000.0
2017-10-15,201710155391671,SANIMA,44,34,361,341.0,123101.0
2017-10-15,201710155391544,SANIMA,44,6,330,341.0,112530.0
2017-10-15,201710155391542,SANIMA,44,56,100,341.0,34100.0
2017-10-15,201710155391509,SANIMA,44,4,15,341.0,5115.0
2017-10-15,201710155391483,SANIMA,45,25,400,342.0,136800.0
2017-10-15,201710155391442,SANIMA,53,34,139,341.0,47399.0
2017-10-15,201710155391395,SANIMA,53,37,280,341.0,95480.0
2017-10-15,201710155391392,SANIMA,59,40,500,342.0,171000.0
2017-10-15,201710155391380,SANIMA,16,25,100,342.0,34200.0
2017-10-15,201710155391350,SANIMA,16,38,100,342.0,34200.0
2017-10-15,201710155391322,SANIMA,53,25,181,341.0,61721.0
2017-10-15,201710155391303,SANIMA,49,25,144,341.0,49104.0
2017-10-15,201710155391506,SBBLJ,55,6,300,318.0,95400.0
2017-10-15,201710155391655,SBI,36,17,50,802.0,40100.0
2017-10-15,201710155391577,SBI,25,17,296,800.0,236800.0
2017-10-15,201710155391558,SBI,53,10,500,801.0,400500.0
2017-10-15,201710155391526,SBI,37,17,500,800.0,400000.0
2017-10-15,201710155391525,SBI,1,17,50,800.0,40000.0
2017-10-15,201710155391493,SBI,49,17,40,800.0,32000.0
2017-10-15,201710155391470,SBI,34,17,50,800.0,40000.0
2017-10-15,201710155391445,SBI,54,17,50,800.0,40000.0
2017-10-15,201710155391441,SBI,25,17,50,800.0,40000.0
2017-10-15,201710155391674,SBL,42,57,422,404.0,170488.0
2017-10-15,201710155391468,SBL,46,21,100,404.0,40400.0
2017-10-15,201710155391397,SBL,52,49,157,403.0,63271.0
2017-10-15,201710155391396,SBL,52,43,15,401.0,6015.0
2017-10-15,201710155391382,SBL,40,43,90,401.0,36090.0
2017-10-15,201710155391381,SBL,49,43,200,401.0,80200.0
2017-10-15,201710155391379,SBL,49,53,300,401.0,120300.0
2017-10-15,201710155391378,SBL,56,53,100,401.0,40100.0
2017-10-15,201710155391258,SBL,6,43,500,401.0,200500.0
2017-10-15,201710155391257,SBL,26,43,10,401.0,4010.0
2017-10-15,201710155391710,SCB,48,6,90,2115.0,190350.0
2017-10-15,201710155391709,SCB,48,46,10,2115.0,21150.0
2017-10-15,201710155391670,SCB,16,6,80,2110.0,168800.0
2017-10-15,201710155391646,SCB,16,42,10,2110.0,21100.0
2017-10-15,201710155391582,SCB,16,41,10,2110.0,21100.0
2017-10-15,201710155391555,SCB,10,41,190,2110.0,400900.0
2017-10-15,201710155391490,SCB,13,26,50,2102.0,105100.0
2017-10-15,201710155391454,SCB,21,6,35,2105.0,73675.0
2017-10-15,201710155391339,SCB,47,4,26,2105.0,54730.0
2017-10-15,201710155391554,SCB,10,32,100,2108.0,210800.0
2017-10-15,201710155391548,SCB,47,25,10,2107.0,21070.0
2017-10-15,201710155391534,SCB,47,25,10,2107.0,21070.0
2017-10-15,201710155391533,SCB,47,25,10,2107.0,21070.0
2017-10-15,201710155391532,SCB,47,6,50,2107.0,105350.0
2017-10-15,201710155391491,SCB,45,26,50,2102.0,105100.0
2017-10-15,201710155391550,SEOS,41,8,8000,11.9,95200.0
2017-10-15,201710155391549,SEOS,21,8,2000,12.0,24000.0
2017-10-15,201710155391529,SEOS,36,40,4000,12.0,48000.0
2017-10-15,201710155391513,SEOS,21,40,4000,12.0,48000.0
2017-10-15,201710155391511,SEOS,21,40,4000,12.0,48000.0
2017-10-15,201710155391572,SICL,53,14,92,1935.0,178020.0
2017-10-15,201710155391568,SICL,53,14,68,1935.0,131580.0
2017-10-15,201710155391567,SICL,53,55,32,1935.0,61920.0
2017-10-15,201710155391735,SINDU,47,59,19,180.0,3420.0
2017-10-15,201710155391716,SKBBL,28,52,54,1549.0,83646.0
2017-10-15,201710155391447,SLBBL,53,34,50,1802.0,90100.0
2017-10-15,201710155391436,SMFDB,45,38,100,1985.0,198500.0
2017-10-15,201710155391739,SRBL,46,32,13,317.0,4121.0
2017-10-15,201710155391736,SRBL,52,32,40,319.0,12760.0
2017-10-15,201710155391702,SRBL,20,6,400,320.0,128000.0
2017-10-15,201710155391641,SRBL,39,6,100,320.0,32000.0
2017-10-15,201710155391630,SRBL,57,6,200,320.0,64000.0
2017-10-15,201710155391580,SRBL,52,5,150,319.0,47850.0
2017-10-15,201710155391562,SRBL,52,56,100,319.0,31900.0
2017-10-15,201710155391398,SRBL,41,56,102,319.0,32538.0
2017-10-15,201710155391328,SRBL,46,56,1000,318.0,318000.0
2017-10-15,201710155391327,SRBL,43,56,500,319.0,159500.0
2017-10-15,201710155391305,SRBL,37,22,61,319.0,19459.0
2017-10-15,201710155391304,SRBL,37,19,100,319.0,31900.0
2017-10-15,201710155391663,SWBBL,43,58,10,1595.0,15950.0
2017-10-15,201710155391269,SWBBL,45,58,36,1599.0,57564.0
2017-10-15,201710155391268,SWBBL,45,45,30,1599.0,47970.0
2017-10-15,201710155391267,SWBBL,45,34,34,1599.0,54366.0
2017-10-15,201710155391410,TRH,45,34,20,280.0,5600.0
2017-10-15,201710155391440,UIC,45,58,200,1250.0,250000.0
2017-10-15,201710155391439,UIC,45,55,20,1245.0,24900.0
2017-10-15,201710155391438,UIC,45,40,100,1244.0,124400.0
2017-10-15,201710155391620,UMHL,28,28,14,262.0,3668.0
2017-10-15,201710155391615,UMHL,28,28,14,262.0,3668.0
2017-10-15,201710155391590,UMHL,28,28,14,262.0,3668.0
2017-10-15,201710155391560,UMHL,28,28,14,262.0,3668.0
2017-10-15,201710155391708,VLBS,18,42,255,1230.0,313650.0
2017-10-15,201710155391391,VLBS,1,1,3,1230.0,3690.0
2017-10-15,201710155391387,VLBS,1,1,3,1230.0,3690.0
2017-10-15,201710155391373,VLBS,1,1,3,1230.0,3690.0
2017-10-15,201710155391338,VLBS,1,1,3,1230.0,3690.0
2017-10-15,201710155391329,VLBS,1,1,3,1230.0,3690.0
2017-10-15,201710155391732,WOMI,49,41,84,1900.0,159600.0
2017-10-15,201710155391731,WOMI,49,34,10,1899.0,18990.0
2017-10-15,201710155391700,WOMI,40,14,58,1898.0,110084.0
2017-10-15,201710155391699,WOMI,40,26,50,1895.0,94750.0
2017-10-15,201710155391698,WOMI,40,34,11,1892.0,20812.0
2017-10-15,201710155391697,WOMI,40,34,21,1892.0,39732.0
2017-10-15,201710155391696,WOMI,40,34,21,1892.0,39732.0
2017-10-15,201710155391695,WOMI,40,26,25,1889.0,47225.0
2017-10-15,201710155391596,WOMI,26,38,21,1890.0,39690.0
2017-10-15,201710155391561,WOMI,46,19,20,1889.0,37780.0
2017-10-15,201710155391186,ADBL,38,38,65,432.0,28080.0
2017-10-15,201710155391040,ADBL,59,56,141,431.0,60771.0
2017-10-15,201710155390985,ADBL,14,56,219,431.0,94389.0
2017-10-15,201710155390964,ADBL,14,4,281,431.0,121111.0
2017-10-15,201710155390963,ADBL,44,4,23,432.0,9936.0
2017-10-15,201710155390858,ADBL,44,55,477,432.0,206064.0
2017-10-15,201710155391191,AHPC,34,25,10,212.0,2120.0
2017-10-15,201710155391066,API,29,28,27,543.0,14661.0
2017-10-15,201710155390966,API,28,6,3,539.0,1617.0
2017-10-15,201710155390909,API,40,26,10,542.0,5420.0
2017-10-15,201710155390888,API,1,26,10,545.0,5450.0
2017-10-15,201710155390877,API,1,26,10,545.0,5450.0
2017-10-15,201710155390784,API,39,39,10,546.0,5460.0
2017-10-15,201710155391074,BFC,25,52,200,129.0,25800.0
2017-10-15,201710155391122,BOKL,49,17,100,427.0,42700.0
2017-10-15,201710155391120,BOKL,41,42,215,426.0,91590.0
2017-10-15,201710155391114,BOKL,41,38,615,426.0,261990.0
2017-10-15,201710155390967,BOKL,49,19,369,426.0,157194.0
2017-10-15,201710155391202,CBBL,53,17,30,1405.0,42150.0
2017-10-15,201710155391126,CBBL,48,17,30,1405.0,42150.0
2017-10-15,201710155391111,CBBL,56,56,150,1404.0,210600.0
2017-10-15,201710155391109,CBBL,21,17,140,1405.0,196700.0
2017-10-15,201710155391108,CBBL,21,17,160,1405.0,224800.0
2017-10-15,201710155391087,CBBL,29,56,200,1404.0,280800.0
2017-10-15,201710155391086,CBBL,29,52,60,1403.0,84180.0
2017-10-15,201710155391042,CBL,34,29,10,226.0,2260.0
2017-10-15,201710155391041,CBL,34,55,51,226.0,11526.0
2017-10-15,201710155390779,CBL,33,55,58,226.0,13108.0
2017-10-15,201710155391228,CCBL,28,38,150,224.0,33600.0
2017-10-15,201710155391225,CCBL,28,38,300,224.0,67200.0
2017-10-15,201710155391140,CCBL,21,21,63,224.0,14112.0
2017-10-15,201710155391095,CCBL,18,26,82,224.0,18368.0
2017-10-15,201710155391094,CCBL,18,1,278,223.0,61994.0
2017-10-15,201710155391090,CCBL,41,46,33,223.0,7359.0
2017-10-15,201710155390907,CCBL,1,55,500,221.0,110500.0
2017-10-15,201710155390906,CCBL,1,55,197,221.0,43537.0
2017-10-15,201710155390905,CCBL,1,55,17,221.0,3757.0
2017-10-15,201710155390895,CCBL,1,42,29,221.0,6409.0
2017-10-15,201710155390881,CCBL,1,42,29,221.0,6409.0
2017-10-15,201710155391056,CCBL,40,49,100,222.0,22200.0
2017-10-15,201710155391055,CCBL,40,34,50,222.0,11100.0
2017-10-15,201710155390982,CCBL,1,28,108,221.0,23868.0
2017-10-15,201710155390946,CCBL,1,28,81,221.0,17901.0
2017-10-15,201710155390917,CCBL,21,42,69,220.0,15180.0
2017-10-15,201710155390908,CCBL,46,55,200,221.0,44200.0
2017-10-15,201710155391162,CFCL,40,7,425,180.0,76500.0
2017-10-15,201710155391078,CFCL,57,7,75,178.0,13350.0
2017-10-15,201710155391077,CFCL,40,7,500,179.0,89500.0
2017-10-15,201710155391182,CHCL,36,36,90,850.0,76500.0
2017-10-15,201710155391173,CHCL,33,36,10,850.0,8500.0
2017-10-15,201710155390995,CHCL,33,6,190,850.0,161500.0
2017-10-15,201710155390994,CHCL,1,6,50,850.0,42500.0
2017-10-15,201710155390993,CHCL,42,6,100,850.0,85000.0
2017-10-15,201710155390992,CHCL,28,6,11,851.0,9361.0
2017-10-15,201710155390798,CHCL,49,58,500,845.0,422500.0
2017-10-15,201710155390797,CHCL,49,43,200,844.0,168800.0
2017-10-15,201710155390796,CHCL,49,50,200,843.0,168600.0
2017-10-15,201710155390795,CHCL,49,55,41,842.0,34522.0
2017-10-15,201710155390794,CHCL,49,8,200,842.0,168400.0
2017-10-15,201710155390793,CHCL,49,51,230,840.0,193200.0
2017-10-15,201710155390934,CHCL,28,28,189,851.0,160839.0
2017-10-15,201710155390883,CHCL,16,17,20,850.0,17000.0
2017-10-15,201710155390882,CHCL,16,57,50,850.0,42500.0
2017-10-15,201710155390870,CHCL,38,38,500,849.0,424500.0
2017-10-15,201710155390800,CHCL,49,13,500,845.0,422500.0
2017-10-15,201710155390799,CHCL,49,48,100,845.0,84500.0
2017-10-15,201710155391223,CHL,49,1,34,174.0,5916.0
2017-10-15,201710155391123,CIT,50,14,70,3680.0,257600.0
2017-10-15,201710155390957,CIT,25,25,10,3679.0,36790.0
2017-10-15,201710155391181,CZBIL,35,6,20,294.0,5880.0
2017-10-15,201710155391180,CZBIL,56,6,671,294.0,197274.0
2017-10-15,201710155391179,CZBIL,47,6,38,294.0,11172.0
2017-10-15,201710155391178,CZBIL,42,6,71,295.0,20945.0
2017-10-15,201710155391147,CZBIL,42,6,29,295.0,8555.0
2017-10-15,201710155391146,CZBIL,52,6,100,295.0,29500.0
2017-10-15,201710155390976,CZBIL,37,1,125,297.0,37125.0
2017-10-15,201710155390930,CZBIL,56,42,129,294.0,37926.0
2017-10-15,201710155390810,CZBIL,1,43,122,295.0,35990.0
2017-10-15,201710155391145,CZBIL,42,6,100,295.0,29500.0
2017-10-15,201710155391144,CZBIL,37,6,71,295.0,20945.0
2017-10-15,201710155391067,CZBIL,13,6,1000,295.0,295000.0
2017-10-15,201710155391002,CZBIL,37,56,276,295.0,81420.0
2017-10-15,201710155390998,CZBIL,37,28,78,295.0,23010.0
2017-10-15,201710155390977,CZBIL,37,45,100,297.0,29700.0
2017-10-15,201710155391206,DBBL,54,19,82,250.0,20500.0
2017-10-15,201710155390749,DBBL,28,13,100,250.0,25000.0
2017-10-15,201710155391161,DDBL,34,34,100,1199.0,119900.0
2017-10-15,201710155391080,DDBL,41,43,100,1199.0,119900.0
2017-10-15,201710155391019,DDBL,53,43,100,1199.0,119900.0
2017-10-15,201710155390791,DDBL,22,19,35,1194.0,41790.0
2017-10-15,201710155390790,DDBL,58,19,100,1194.0,119400.0
2017-10-15,201710155391172,EBL,32,56,250,1205.0,301250.0
2017-10-15,201710155391171,EBL,32,56,50,1205.0,60250.0
2017-10-15,201710155390945,EBL,33,28,21,1203.0,25263.0
2017-10-15,201710155390875,EBL,53,29,140,1205.0,168700.0
2017-10-15,201710155390874,EBL,53,26,260,1205.0,313300.0
2017-10-15,201710155390863,EBL,38,38,100,1204.0,120400.0
2017-10-15,201710155390823,EBL,45,44,50,1203.0,60150.0
2017-10-15,201710155390751,EBL,22,44,100,1203.0,120300.0
2017-10-15,201710155390750,EBL,1,44,50,1203.0,60150.0
2017-10-15,201710155391079,EDBL,42,48,100,460.0,46000.0
2017-10-15,201710155390974,EIC,55,58,50,2650.0,132500.0
2017-10-15,201710155390865,FMDBL,21,21,200,831.0,166200.0
2017-10-15,201710155390864,FMDBL,21,21,100,830.0,83000.0
2017-10-15,201710155390850,FMDBL,38,38,100,829.0,82900.0
2017-10-15,201710155390829,FMDBL,21,6,10,820.0,8200.0
2017-10-15,201710155391131,FOWAD,1,45,104,3550.0,369200.0
2017-10-15,201710155391130,FOWAD,1,41,26,3545.0,92170.0
2017-10-15,201710155391129,FOWAD,1,33,10,3540.0,35400.0
2017-10-15,201710155390922,FOWAD,55,19,26,3520.0,91520.0
2017-10-15,201710155390813,GBBL,21,16,114,252.0,28728.0
2017-10-15,201710155390812,GBBL,21,59,140,252.0,35280.0
2017-10-15,201710155390811,GBBL,21,1,100,252.0,25200.0
2017-10-15,201710155391048,GBIME,44,52,522,377.0,196794.0
2017-10-15,201710155390932,GBIME,46,8,127,379.0,48133.0
2017-10-15,201710155390931,GBIME,46,22,23,378.0,8694.0
2017-10-15,201710155390809,GBIME,36,33,472,377.0,177944.0
2017-10-15,201710155390806,GBIME,36,8,389,376.0,146264.0
2017-10-15,201710155390787,GBIME,46,8,611,376.0,229736.0
2017-10-15,201710155390781,GBIME,44,48,228,375.0,85500.0
2017-10-15,201710155390780,GBIME,44,1,250,375.0,93750.0
2017-10-15,201710155391220,GDBL,26,41,200,347.0,69400.0
2017-10-15,201710155391219,GDBL,57,41,100,347.0,34700.0
2017-10-15,201710155391218,GDBL,17,41,100,348.0,34800.0
2017-10-15,201710155391217,GDBL,35,41,200,349.0,69800.0
2017-10-15,201710155391026,GDBL,1,41,50,350.0,17500.0
2017-10-15,201710155391009,GDBL,33,41,200,347.0,69400.0
2017-10-15,201710155391006,GDBL,1,41,100,350.0,35000.0
2017-10-15,201710155390970,GDBL,32,41,100,351.0,35100.0
2017-10-15,201710155391027,GDBL,1,41,100,350.0,35000.0
2017-10-15,201710155390764,GLICL,21,21,30,1001.0,30030.0
2017-10-15,201710155390755,GLICL,21,21,30,1001.0,30030.0
2017-10-15,201710155390983,GMFIL,28,26,1000,202.0,202000.0
2017-10-15,201710155390975,GMFIL,28,53,10,206.0,2060.0
2017-10-15,201710155391017,HBL,53,43,293,860.0,251980.0
2017-10-15,201710155390965,HBL,7,48,206,856.0,176336.0
2017-10-15,201710155390933,HIDCL,13,42,29,177.0,5133.0
2017-10-15,201710155390925,HIDCL,13,42,56,177.0,9912.0
2017-10-15,201710155390900,HIDCL,13,42,15,177.0,2655.0
2017-10-15,201710155390885,HIDCL,13,42,15,177.0,2655.0
2017-10-15,201710155391216,HPPL,21,1,20,367.0,7340.0
2017-10-15,201710155391205,HPPL,21,1,20,367.0,7340.0
2017-10-15,201710155391204,HPPL,21,1,10,367.0,3670.0
2017-10-15,201710155391201,HPPL,21,1,10,367.0,3670.0
2017-10-15,201710155391137,HPPL,21,39,10,367.0,3670.0
2017-10-15,201710155391135,HPPL,21,39,20,367.0,7340.0
2017-10-15,201710155390999,HPPL,21,39,10,367.0,3670.0
2017-10-15,201710155390997,HPPL,21,39,10,367.0,3670.0
2017-10-15,201710155390984,HPPL,21,34,10,367.0,3670.0
2017-10-15,201710155390955,HPPL,21,34,10,367.0,3670.0
2017-10-15,201710155391024,HPPL,21,39,10,367.0,3670.0
2017-10-15,201710155391018,HPPL,21,39,10,367.0,3670.0
2017-10-15,201710155391007,HPPL,21,39,20,367.0,7340.0
2017-10-15,201710155391004,HPPL,21,39,20,367.0,7340.0
2017-10-15,201710155391001,HPPL,21,34,10,367.0,3670.0
2017-10-15,201710155391000,HPPL,21,39,10,367.0,3670.0
2017-10-15,201710155391133,HPPL,21,39,10,367.0,3670.0
2017-10-15,201710155391132,HPPL,21,39,10,367.0,3670.0
2017-10-15,201710155391088,HPPL,21,41,10,367.0,3670.0
2017-10-15,201710155391068,HPPL,21,41,10,367.0,3670.0
2017-10-15,201710155391032,HPPL,21,34,10,367.0,3670.0
2017-10-15,201710155391025,HPPL,21,39,10,367.0,3670.0
2017-10-15,201710155391112,ICFC,40,55,300,230.0,69000.0
2017-10-15,201710155390936,JBBL,6,42,58,181.0,10498.0
2017-10-15,201710155390837,JBBL,21,21,71,182.0,12922.0
2017-10-15,201710155390833,JBBL,21,21,43,182.0,7826.0
2017-10-15,201710155391238,JBNL,33,47,1000,256.0,256000.0
2017-10-15,201710155391237,JBNL,33,25,200,256.0,51200.0
2017-10-15,201710155391234,JBNL,33,29,149,256.0,38144.0
2017-10-15,201710155391233,JBNL,33,55,56,256.0,14336.0
2017-10-15,201710155391232,JBNL,33,48,100,256.0,25600.0
2017-10-15,201710155391231,JBNL,33,43,73,256.0,18688.0
2017-10-15,201710155390942,JBNL,45,49,100,255.0,25500.0
2017-10-15,201710155390826,JBNL,21,55,44,256.0,11264.0
2017-10-15,201710155391229,JBNL,33,40,115,255.0,29325.0
2017-10-15,201710155391158,JBNL,33,17,199,255.0,50745.0
2017-10-15,201710155391157,JBNL,33,49,291,255.0,74205.0
2017-10-15,201710155391152,JBNL,21,49,1000,255.0,255000.0
2017-10-15,201710155391139,JBNL,45,49,500,255.0,127500.0
2017-10-15,201710155391085,JBNL,56,49,32,255.0,8160.0
2017-10-15,201710155390921,KBBL,41,1,414,286.0,118404.0
2017-10-15,201710155391209,KBL,49,21,56,296.0,16576.0
2017-10-15,201710155391208,KBL,19,21,39,296.0,11544.0
2017-10-15,201710155391207,KBL,36,21,286,297.0,84942.0
2017-10-15,201710155391156,KBL,36,17,214,297.0,63558.0
2017-10-15,201710155391154,KBL,41,17,100,297.0,29700.0
2017-10-15,201710155391124,KBL,19,26,11,296.0,3256.0
2017-10-15,201710155390759,KBL,35,21,120,295.0,35400.0
2017-10-15,201710155390772,KBL,28,7,100,299.0,29900.0
2017-10-15,201710155390771,KBL,28,37,500,297.0,148500.0
2017-10-15,201710155390770,KBL,28,16,500,297.0,148500.0
2017-10-15,201710155390769,KBL,28,34,500,296.0,148000.0
2017-10-15,201710155390768,KBL,28,33,120,295.0,35400.0
2017-10-15,201710155390766,KBL,35,33,380,295.0,112100.0
2017-10-15,201710155390803,KBL,40,16,20,300.0,6000.0
2017-10-15,201710155390802,KBL,21,21,66,299.0,19734.0
2017-10-15,201710155390776,KBL,28,16,980,300.0,294000.0
2017-10-15,201710155390775,KBL,28,37,150,300.0,45000.0
2017-10-15,201710155390774,KBL,28,16,1000,300.0,300000.0
2017-10-15,201710155390773,KBL,28,46,20,300.0,6000.0
2017-10-15,201710155390972,KBL,45,58,300,298.0,89400.0
2017-10-15,201710155390903,KBL,55,42,52,297.0,15444.0
2017-10-15,201710155390835,KBL,55,58,153,300.0,45900.0
2017-10-15,201710155390816,KBL,26,33,500,300.0,150000.0
2017-10-15,201710155390808,KBL,40,35,1020,300.0,306000.0
2017-10-15,201710155390804,KBL,40,28,200,300.0,60000.0
2017-10-15,201710155391117,KBL,55,17,176,297.0,52272.0
2017-10-15,201710155391116,KBL,43,17,10,298.0,2980.0
2017-10-15,201710155391057,KBL,55,28,72,297.0,21384.0
2017-10-15,201710155390987,KBL,55,33,200,297.0,59400.0
2017-10-15,201710155390986,KBL,35,33,300,298.0,89400.0
2017-10-15,201710155390978,KBL,35,58,200,298.0,59600.0
2017-10-15,201710155391089,KRBL,49,29,12,251.0,3012.0
2017-10-15,201710155391054,KRBL,29,29,12,251.0,3012.0
2017-10-15,201710155391195,KSBBL,40,58,500,209.0,104500.0
2017-10-15,201710155391175,KSBBL,21,48,249,208.0,51792.0
2017-10-15,201710155391050,KSBBL,42,42,2,209.0,418.0
2017-10-15,201710155391046,KSBBL,8,8,227,207.0,46989.0
2017-10-15,201710155391045,KSBBL,40,8,73,208.0,15184.0
2017-10-15,201710155391003,KSBBL,40,28,127,208.0,26416.0
2017-10-15,201710155390756,KSBBL,42,42,1,209.0,209.0
2017-10-15,201710155390854,KSBBL,35,5,346,207.0,71622.0
2017-10-15,201710155390778,KSBBL,42,42,2,209.0,418.0
2017-10-15,201710155390767,KSBBL,42,42,2,209.0,418.0
2017-10-15,201710155390765,KSBBL,42,42,2,209.0,418.0
2017-10-15,201710155390762,KSBBL,42,42,2,209.0,418.0
2017-10-15,201710155390758,KSBBL,42,48,2,208.0,416.0
2017-10-15,201710155391069,LBBL,49,28,16,207.0,3312.0
2017-10-15,201710155391060,LBBL,49,28,16,207.0,3312.0
2017-10-15,201710155391039,LBBL,49,28,16,207.0,3312.0
2017-10-15,201710155390836,LBBL,32,8,700,210.0,147000.0
2017-10-15,201710155390817,LBBL,39,14,200,207.0,41400.0
2017-10-15,201710155390947,LBL,41,42,12,315.0,3780.0
2017-10-15,201710155390899,LBL,41,29,26,315.0,8190.0
2017-10-15,201710155390889,LBL,47,42,12,314.0,3768.0
2017-10-15,201710155390878,LBL,39,29,152,315.0,47880.0
2017-10-15,201710155390867,LBL,42,29,100,317.0,31700.0
2017-10-15,201710155390866,LBL,42,29,100,317.0,31700.0
2017-10-15,201710155391174,LGIL,53,56,50,858.0,42900.0
2017-10-15,201710155390845,LGIL,53,48,95,851.0,80845.0
2017-10-15,201710155391166,LLBS,55,34,22,1591.0,35002.0
2017-10-15,201710155391165,LLBS,55,34,100,1590.0,159000.0
2017-10-15,201710155391164,LLBS,55,47,50,1590.0,79500.0
2017-10-15,201710155391163,LLBS,55,13,10,1560.0,15600.0
2017-10-15,201710155391047,MBL,5,5,283,315.0,89145.0
2017-10-15,201710155391008,MBL,5,5,3308,315.0,1042020.0
2017-10-15,201710155390928,MDB,14,45,70,528.0,36960.0
2017-10-15,201710155391189,MERO,32,26,11,1550.0,17050.0
2017-10-15,201710155391188,MERO,32,26,11,1550.0,17050.0
2017-10-15,201710155391064,MERO,43,28,11,1545.0,16995.0
2017-10-15,201710155391044,MERO,43,28,11,1545.0,16995.0
2017-10-15,201710155390828,MFIL,55,35,108,147.0,15876.0
2017-10-15,201710155390815,MFIL,55,55,473,147.0,69531.0
2017-10-15,201710155390814,MFIL,55,41,219,146.0,31974.0
2017-10-15,201710155391071,MLBL,47,28,40,219.0,8760.0
2017-10-15,201710155391065,MLBL,47,28,40,219.0,8760.0
2017-10-15,201710155390949,MNBBL,26,47,270,591.0,159570.0
2017-10-15,201710155390948,MNBBL,26,44,41,590.0,24190.0
2017-10-15,201710155390940,MNBBL,29,42,100,587.0,58700.0
2017-10-15,201710155390757,MNBBL,45,44,439,590.0,259010.0
2017-10-15,201710155390748,MNBBL,34,39,100,591.0,59100.0
2017-10-15,201710155390904,MSMBS,22,43,88,1015.0,89320.0
2017-10-15,201710155391212,NABIL,47,58,10,1212.0,12120.0
2017-10-15,201710155390968,NABILP,59,53,100,877.0,87700.0
2017-10-15,201710155390761,NABILP,49,49,600,860.0,516000.0
2017-10-15,201710155391215,NBB,49,43,116,319.0,37004.0
2017-10-15,201710155391214,NBB,39,43,120,319.0,38280.0
2017-10-15,201710155391213,NBB,4,43,100,319.0,31900.0
2017-10-15,201710155390834,NBB,44,55,500,319.0,159500.0
2017-10-15,201710155390832,NBB,49,55,50,319.0,15950.0
2017-10-15,201710155390788,NBB,22,22,17,318.0,5406.0
2017-10-15,201710155390844,NBB,22,48,151,319.0,48169.0
2017-10-15,201710155390843,NBB,22,55,168,319.0,53592.0
2017-10-15,201710155390840,NBB,53,55,100,319.0,31900.0
2017-10-15,201710155391193,NBB,49,17,250,319.0,79750.0
2017-10-15,201710155391128,NBB,41,43,100,320.0,32000.0
2017-10-15,201710155391148,NBBL,10,6,70,3760.0,263200.0
2017-10-15,201710155391138,NBBL,17,6,100,3780.0,378000.0
2017-10-15,201710155390847,NBBL,22,17,10,3790.0,37900.0
2017-10-15,201710155390846,NBBL,55,17,25,3790.0,94750.0
2017-10-15,201710155391245,NBIL,32,55,40,1122.0,44880.0
2017-10-15,201710155390989,NBIL,58,46,450,1105.0,497250.0
2017-10-15,201710155390988,NBIL,48,46,50,1106.0,55300.0
2017-10-15,201710155390979,NBIL,21,16,60,1116.0,66960.0
2017-10-15,201710155390918,NBIL,36,16,200,1110.0,222000.0
2017-10-15,201710155390754,NBIL,29,5,50,1115.0,55750.0
2017-10-15,201710155390753,NBIL,29,5,20,1115.0,22300.0
2017-10-15,201710155390752,NBIL,29,55,30,1115.0,33450.0
2017-10-15,201710155391210,NBL,1,55,2026,348.0,705048.0
2017-10-15,201710155391197,NBL,1,55,917,348.0,319116.0
2017-10-15,201710155391196,NBL,1,58,83,347.0,28801.0
2017-10-15,201710155391170,NBL,33,58,200,347.0,69400.0
2017-10-15,201710155390981,NBL,6,58,200,347.0,69400.0
2017-10-15,201710155390980,NBL,8,58,17,347.0,5899.0
2017-10-15,201710155390851,NBL,8,5,183,347.0,63501.0
2017-10-15,201710155390786,NBL,44,55,274,348.0,95352.0
2017-10-15,201710155390785,NBL,44,55,726,348.0,252648.0
2017-10-15,201710155391243,NCCB,45,10,60,350.0,21000.0
2017-10-15,201710155391242,NCCB,43,10,100,350.0,35000.0
2017-10-15,201710155391241,NCCB,39,10,500,350.0,175000.0
2017-10-15,201710155391240,NCCB,5,10,300,350.0,105000.0
2017-10-15,201710155391239,NCCB,32,10,40,350.0,14000.0
2017-10-15,201710155391113,NCCB,39,58,500,351.0,175500.0
2017-10-15,201710155391099,NCCB,32,22,100,350.0,35000.0
2017-10-15,201710155391075,NCCB,32,28,10,350.0,3500.0
2017-10-15,201710155390939,NCCB,45,10,300,351.0,105300.0
2017-10-15,201710155390910,NCCB,5,10,500,350.0,175000.0
2017-10-15,201710155391244,NCDB,3,21,10,181.0,1810.0
2017-10-15,201710155391023,NCDB,42,21,10,178.0,1780.0
2017-10-15,201710155391092,NGPL,22,35,63,229.0,14427.0
2017-10-15,201710155391224,NHPC,10,17,1000,127.0,127000.0
2017-10-15,201710155391072,NHPC,54,14,100,127.0,12700.0
2017-10-15,201710155391187,NIB,28,28,17,622.0,10574.0
2017-10-15,201710155391151,NIB,41,58,50,623.0,31150.0
2017-10-15,201710155391102,NIB,58,14,50,621.0,31050.0
2017-10-15,201710155391061,NIB,22,14,168,620.0,104160.0
2017-10-15,201710155391051,NIB,28,14,168,620.0,104160.0
2017-10-15,201710155391034,NIB,22,45,32,621.0,19872.0
2017-10-15,201710155390911,NIB,45,14,32,622.0,19904.0
2017-10-15,201710155390893,NIB,16,14,50,622.0,31100.0
2017-10-15,201710155390879,NIB,32,42,52,621.0,32292.0
2017-10-15,201710155390747,NIB,16,57,50,622.0,31100.0
2017-10-15,201710155390746,NIB,42,42,32,625.0,20000.0
2017-10-15,201710155391033,NIB,22,48,393,621.0,244053.0
2017-10-15,201710155390996,NIB,21,48,20,621.0,12420.0
2017-10-15,201710155390990,NIB,25,48,261,621.0,162081.0
2017-10-15,201710155390960,NIB,25,56,39,621.0,24219.0
2017-10-15,201710155390959,NIB,32,56,100,621.0,62100.0
2017-10-15,201710155390958,NIB,32,56,248,621.0,154008.0
2017-10-15,201710155391082,NIBPO,35,14,60,561.0,33660.0
2017-10-15,201710155390824,NIBSF1,38,11,6000,11.65,69900.0
2017-10-15,201710155391150,NICA,49,49,300,353.0,105900.0
2017-10-15,201710155391052,NICA,59,22,64,352.0,22528.0
2017-10-15,201710155390956,NICA,22,28,12,352.0,4224.0
2017-10-15,201710155390927,NICA,22,56,248,352.0,87296.0
2017-10-15,201710155390926,NICA,59,56,202,352.0,71104.0
2017-10-15,201710155390920,NICA,54,56,50,353.0,17650.0
2017-10-15,201710155390919,NICA,1,56,400,353.0,141200.0
2017-10-15,201710155390929,NLBBL,48,43,50,1159.0,57950.0
2017-10-15,201710155390914,NLBBL,35,43,50,1159.0,57950.0
2017-10-15,201710155390887,NLBBL,36,36,47,1141.0,53627.0
2017-10-15,201710155391115,NLIC,26,26,12,1973.0,23676.0
2017-10-15,201710155391106,NLIC,36,17,36,1977.0,71172.0
2017-10-15,201710155391098,NLIC,36,17,118,1977.0,233286.0
2017-10-15,201710155391097,NLIC,36,17,46,1977.0,90942.0
2017-10-15,201710155391084,NLIC,17,17,200,1975.0,395000.0
2017-10-15,201710155391081,NLIC,29,17,10,1976.0,19760.0
2017-10-15,201710155391053,NLIC,7,41,12,1977.0,23724.0
2017-10-15,201710155390941,NLIC,26,41,12,1977.0,23724.0
2017-10-15,201710155390962,NMB,42,42,47,469.0,22043.0
2017-10-15,201710155390961,NMB,14,42,67,470.0,31490.0
2017-10-15,201710155390838,NMB,14,29,100,470.0,47000.0
2017-10-15,201710155390783,NMB,14,55,55,470.0,25850.0
2017-10-15,201710155390763,NMB,14,21,72,470.0,33840.0
2017-10-15,201710155391037,NMFBS,48,28,10,3220.0,32200.0
2017-10-15,201710155390856,NNLB,57,53,50,2715.0,135750.0
2017-10-15,201710155391230,NTC,40,16,400,781.0,312400.0
2017-10-15,201710155391227,NTC,19,53,445,785.0,349325.0
2017-10-15,201710155391226,NTC,19,19,10,785.0,7850.0
2017-10-15,201710155391096,NTC,40,35,100,782.0,78200.0
2017-10-15,201710155390915,NTC,49,53,500,781.0,390500.0
2017-10-15,201710155390869,NTC,41,43,100,780.0,78000.0
2017-10-15,201710155391199,NTC,25,56,645,783.0,505035.0
2017-10-15,201710155391192,NTC,50,56,155,783.0,121365.0
2017-10-15,201710155391177,NTC,40,1,100,781.0,78100.0
2017-10-15,201710155391127,NTC,49,49,100,783.0,78300.0
2017-10-15,201710155390898,NUBL,28,48,109,2355.0,256695.0
2017-10-15,201710155390896,NUBL,14,48,20,2355.0,47100.0
2017-10-15,201710155390789,NUBL,28,48,40,2355.0,94200.0
2017-10-15,201710155391119,ODBL,34,48,100,287.0,28700.0
2017-10-15,201710155390971,ODBL,25,1,100,290.0,29000.0
2017-10-15,201710155390894,ODBL,36,36,139,289.0,40171.0
2017-10-15,201710155391105,ODBLPO,1,32,45329,240.0,10878960.0
2017-10-15,201710155391176,OHL,57,16,100,855.0,85500.0
2017-10-15,201710155391005,PCBL,45,58,100,434.0,43400.0
2017-10-15,201710155390969,PCBL,29,29,4,435.0,1740.0
2017-10-15,201710155390935,PCBL,25,11,850,435.0,369750.0
2017-10-15,201710155390913,PCBL,40,45,60,433.0,25980.0
2017-10-15,201710155390912,PCBL,40,46,18,432.0,7776.0
2017-10-15,201710155390901,PCBL,36,36,8,431.0,3448.0
2017-10-15,201710155390891,PCBL,40,44,310,431.0,133610.0
2017-10-15,201710155390801,PCBL,40,41,60,429.0,25740.0
2017-10-15,201710155391091,PFL,41,41,10,224.0,2240.0
2017-10-15,201710155391070,PFL,42,41,10,224.0,2240.0
2017-10-15,201710155390873,PFL,41,21,30,224.0,6720.0
2017-10-15,201710155391159,PLIC,16,45,30,1825.0,54750.0
2017-10-15,201710155390880,PLIC,41,34,25,1810.0,45250.0
2017-10-15,201710155391031,PRIN,56,56,90,1100.0,99000.0
2017-10-15,201710155391030,PRIN,14,56,10,1100.0,11000.0
2017-10-15,201710155391029,PRIN,6,56,50,1100.0,55000.0
2017-10-15,201710155391028,PRIN,42,56,100,1100.0,110000.0
2017-10-15,201710155391016,PRIN,28,56,250,1101.0,275250.0
2017-10-15,201710155391015,PRIN,34,56,500,1102.0,551000.0
2017-10-15,201710155391014,PRIN,56,56,50,1103.0,55150.0
2017-10-15,201710155391013,PRIN,44,56,200,1105.0,221000.0
2017-10-15,201710155391012,PRIN,41,56,500,1105.0,552500.0
2017-10-15,201710155391011,PRIN,43,56,50,1105.0,55250.0
2017-10-15,201710155391010,PRIN,14,56,200,1107.0,221400.0
2017-10-15,201710155390973,PROFL,45,11,800,224.0,179200.0
2017-10-15,201710155390938,PROFL,40,11,200,224.0,44800.0
2017-10-15,201710155390884,PROFL,40,11,100,220.0,22000.0
2017-10-15,201710155390876,PROFL,11,11,900,216.0,194400.0
2017-10-15,201710155390871,PROFL,21,11,1000,212.0,212000.0
2017-10-15,201710155390862,PROFL,22,11,400,208.0,83200.0
2017-10-15,201710155390861,PROFL,40,11,500,208.0,104000.0
2017-10-15,201710155390860,PROFL,43,11,100,208.0,20800.0
2017-10-15,201710155391236,PRVU,46,55,200,366.0,73200.0
2017-10-15,201710155391235,PRVU,46,57,665,365.0,242725.0
2017-10-15,201710155391200,PRVU,36,36,14,365.0,5110.0
2017-10-15,201710155391185,PRVU,36,28,50,365.0,18250.0
2017-10-15,201710155391167,PRVU,36,48,310,364.0,112840.0
2017-10-15,201710155391036,PRVU,33,46,15,364.0,5460.0
2017-10-15,201710155391169,RBCL,25,6,10,15700.0,157000.0
2017-10-15,201710155391168,RBCL,25,6,10,15700.0,157000.0
2017-10-15,201710155391143,RBCL,41,43,10,15980.0,159800.0
2017-10-15,201710155391101,RBCL,41,54,10,15713.0,157130.0
2017-10-15,201710155391076,RBCL,16,7,10,15710.0,157100.0
2017-10-15,201710155390924,RBCL,25,25,20,15405.0,308100.0
2017-10-15,201710155390897,RBCL,13,54,10,15402.0,154020.0
2017-10-15,201710155391038,RBCLPO,39,54,10,14589.0,145890.0
2017-10-15,201710155390853,RBCLPO,28,34,10,14599.0,145990.0
2017-10-15,201710155390849,RBCLPO,28,56,10,14599.0,145990.0
2017-10-15,201710155391103,RHPC,29,29,1,160.0,160.0
2017-10-15,201710155390991,RHPC,29,29,1,160.0,160.0
2017-10-15,201710155390782,RHPC,21,21,16,162.0,2592.0
2017-10-15,201710155391155,RLFL,14,18,150,204.0,30600.0
2017-10-15,201710155391049,RLFL,32,32,2000,201.0,402000.0
2017-10-15,201710155390868,RLFL,21,46,62,203.0,12586.0
2017-10-15,201710155390825,RLFL,21,36,62,203.0,12586.0
2017-10-15,201710155391110,RMDC,29,29,3,675.0,2025.0
2017-10-15,201710155391073,RMDC,29,29,1,675.0,675.0
2017-10-15,201710155391022,RMDC,29,29,3,675.0,2025.0
2017-10-15,201710155391136,RSDC,42,55,100,1250.0,125000.0
2017-10-15,201710155390916,SADBL,36,36,78,370.0,28860.0
2017-10-15,201710155390892,SADBL,32,59,34,371.0,12614.0
2017-10-15,201710155390857,SADBL,32,41,116,371.0,43036.0
2017-10-15,201710155391211,SANIMA,49,49,56,341.0,19096.0
2017-10-15,201710155391203,SANIMA,22,49,100,341.0,34100.0
2017-10-15,201710155391194,SANIMA,20,28,83,340.0,28220.0
2017-10-15,201710155391183,SANIMA,55,49,300,341.0,102300.0
2017-10-15,201710155391063,SANIMA,4,49,200,341.0,68200.0
2017-10-15,201710155391062,SANIMA,38,49,144,341.0,49104.0
2017-10-15,201710155390902,SANIMA,38,56,146,341.0,49786.0
2017-10-15,201710155390852,SANIMA,41,56,100,342.0,34200.0
2017-10-15,201710155390831,SANIMA,49,25,110,343.0,37730.0
2017-10-15,201710155390830,SANIMA,18,25,65,343.0,22295.0
2017-10-15,201710155390792,SANIMA,18,10,135,343.0,46305.0
2017-10-15,201710155391100,SBI,58,17,60,801.0,48060.0
2017-10-15,201710155390822,SBI,26,11,50,800.0,40000.0
2017-10-15,201710155390821,SBI,56,11,50,801.0,40050.0
2017-10-15,201710155390855,SBL,53,53,1000,401.0,401000.0
2017-10-15,201710155390819,SBL,53,17,100,404.0,40400.0
2017-10-15,201710155390818,SBL,53,53,200,404.0,80800.0
2017-10-15,201710155390805,SBL,6,53,300,404.0,121200.0
2017-10-15,201710155391198,SCB,47,6,40,2104.0,84160.0
2017-10-15,201710155391142,SCB,19,46,50,2105.0,105250.0
2017-10-15,201710155391141,SCB,19,19,92,2104.0,193568.0
2017-10-15,201710155391083,SCB,33,6,50,2103.0,105150.0
2017-10-15,201710155390820,SCB,45,52,13,2100.0,27300.0
2017-10-15,201710155391160,SEOS,38,8,10000,12.0,120000.0
2017-10-15,201710155391043,SEOS,57,8,500,11.82,5910.0
2017-10-15,201710155390954,SEOS,38,57,9893,12.06,119309.58
2017-10-15,201710155390953,SEOS,38,8,5000,12.05,60250.0
2017-10-15,201710155390952,SEOS,38,13,1000,12.0,12000.0
2017-10-15,201710155390951,SEOS,38,13,1000,12.0,12000.0
2017-10-15,201710155390950,SEOS,38,47,5000,12.0,60000.0
2017-10-15,201710155391190,SHPC,58,5,100,520.0,52000.0
2017-10-15,201710155391184,SHPC,58,11,100,520.0,52000.0
2017-10-15,201710155391153,SHPC,7,40,548,518.0,283864.0
2017-10-15,201710155390890,SHPC,41,56,40,515.0,20600.0
2017-10-15,201710155390859,SHPC,50,40,200,516.0,103200.0
2017-10-15,201710155390937,SIC,41,28,48,1638.0,78624.0
2017-10-15,201710155390944,SIL,10,41,27,1401.0,37827.0
2017-10-15,201710155391125,SLBBL,45,19,150,1800.0,270000.0
2017-10-15,201710155390923,SLICL,36,36,42,949.0,39858.0
2017-10-15,201710155390848,SLICL,1,55,20,949.0,18980.0
2017-10-15,201710155390839,SLICL,35,57,100,937.0,93700.0
2017-10-15,201710155391222,SRBL,43,26,446,319.0,142274.0
2017-10-15,201710155391221,SRBL,36,26,20,319.0,6380.0
2017-10-15,201710155391149,SRBL,41,6,50,320.0,16000.0
2017-10-15,201710155391134,SRBL,43,19,54,319.0,17226.0
2017-10-15,201710155391093,SRBL,36,35,30,319.0,9570.0
2017-10-15,201710155391059,SRBL,11,55,200,320.0,64000.0
2017-10-15,201710155390807,SRBL,41,11,50,320.0,16000.0
2017-10-15,201710155391058,SRBL,11,21,98,320.0,31360.0
2017-10-15,201710155391021,SRBL,43,26,67,319.0,21373.0
2017-10-15,201710155391020,SRBL,43,26,52,319.0,16588.0
2017-10-15,201710155390842,SRBL,46,39,857,317.0,271669.0
2017-10-15,201710155390841,SRBL,43,39,500,318.0,159000.0
2017-10-15,201710155390827,SRBL,43,41,243,320.0,77760.0
2017-10-15,201710155390872,UFL,14,14,75,256.0,19200.0
2017-10-15,201710155391121,UMHL,28,28,14,260.0,3640.0
2017-10-15,201710155391107,UMHL,28,28,14,260.0,3640.0
2017-10-15,201710155391035,WOMI,29,29,1,1885.0,1885.0
2017-10-15,201710155390943,WOMI,49,52,151,1898.0,286598.0
2017-10-15,201710155390121,ADBL,28,28,43,430.0,18490.0
2017-10-15,201710155390021,ADBL,28,5,14,430.0,6020.0
2017-10-15,201710155390015,ADBL,28,5,14,430.0,6020.0
2017-10-15,201710155389997,ADBL,28,5,14,430.0,6020.0
2017-10-15,201710155389933,ADBL,6,6,9,430.0,3870.0
2017-10-15,201710155389885,ADBL,6,6,22,430.0,9460.0
2017-10-15,201710155389850,ADBL,6,6,9,438.0,3942.0
2017-10-15,201710155389739,AHPC,28,16,10,206.0,2060.0
2017-10-15,201710155390012,AKPL,58,59,13,315.0,4095.0
2017-10-15,201710155389962,AKPL,1,29,13,320.0,4160.0
2017-10-15,201710155389925,AKPL,58,39,13,315.0,4095.0
2017-10-15,201710155389921,AKPL,58,39,13,315.0,4095.0
2017-10-15,201710155389920,AKPL,58,39,13,315.0,4095.0
2017-10-15,201710155389898,AKPL,58,48,13,315.0,4095.0
2017-10-15,201710155390092,ALICL,16,56,100,1450.0,145000.0
2017-10-15,201710155389937,ALICL,6,6,22,1470.0,32340.0
2017-10-15,201710155389861,CBBL,44,44,100,1405.0,140500.0
2017-10-15,201710155389801,CBBL,45,44,100,1390.0,139000.0
2017-10-15,201710155390207,CBL,34,48,14,223.0,3122.0
2017-10-15,201710155390206,CBL,48,48,500,223.0,111500.0
2017-10-15,201710155389939,CBL,6,6,32,224.0,7168.0
2017-10-15,201710155389811,CBL,6,6,2,226.0,452.0
2017-10-15,201710155390075,CCBL,6,6,389,220.0,85580.0
2017-10-15,201710155390063,CCBL,39,33,245,221.0,54145.0
2017-10-15,201710155390056,CCBL,44,33,472,221.0,104312.0
2017-10-15,201710155389872,CCBL,44,46,33,221.0,7293.0
2017-10-15,201710155389869,CCBL,37,16,751,220.0,165220.0
2017-10-15,201710155389951,CCBL,44,48,100,221.0,22100.0
2017-10-15,201710155389890,CCBL,44,25,195,221.0,43095.0
2017-10-15,201710155390190,CHCL,40,45,98,832.0,81536.0
2017-10-15,201710155390189,CHCL,17,45,34,833.0,28322.0
2017-10-15,201710155390154,CHCL,40,45,16,832.0,13312.0
2017-10-15,201710155390054,CHCL,49,5,100,831.0,83100.0
2017-10-15,201710155390018,CHCL,16,49,85,835.0,70975.0
2017-10-15,201710155390017,CHCL,16,57,182,835.0,151970.0
2017-10-15,201710155390016,CHCL,16,52,150,834.0,125100.0
2017-10-15,201710155389996,CHCL,50,49,126,830.0,104580.0
2017-10-15,201710155389964,CHCL,17,45,16,831.0,13296.0
2017-10-15,201710155389814,CHCL,19,57,18,835.0,15030.0
2017-10-15,201710155389977,CHL,1,43,34,173.0,5882.0
2017-10-15,201710155389943,CHL,6,6,34,172.0,5848.0
2017-10-15,201710155389889,CHL,6,6,34,172.0,5848.0
2017-10-15,201710155390073,CZBIL,13,14,340,295.0,100300.0
2017-10-15,201710155390058,CZBIL,47,14,100,295.0,29500.0
2017-10-15,201710155390183,DBBL,17,11,500,245.0,122500.0
2017-10-15,201710155390182,DBBL,7,11,1000,246.0,246000.0
2017-10-15,201710155390181,DBBL,21,11,100,246.0,24600.0
2017-10-15,201710155390230,DDBL,34,40,400,1221.0,488400.0
2017-10-15,201710155390228,DDBL,34,40,330,1200.0,396000.0
2017-10-15,201710155390215,DDBL,34,40,300,1206.0,361800.0
2017-10-15,201710155390179,DDBL,34,40,1560,1206.0,1881360.0
2017-10-15,201710155390169,DDBL,34,40,100,1210.0,121000.0
2017-10-15,201710155390168,DDBL,34,40,100,1210.0,121000.0
2017-10-15,201710155389732,DDBL,34,40,200,1290.0,258000.0
2017-10-15,201710155389731,DDBL,34,40,100,1215.0,121500.0
2017-10-15,201710155389730,DDBL,34,40,5000,1221.0,6105000.0
2017-10-15,201710155389728,DDBL,34,40,100,1200.0,120000.0
2017-10-15,201710155389727,DDBL,34,40,200,1210.0,242000.0
2017-10-15,201710155389740,DDBL,34,40,700,1203.0,842100.0
2017-10-15,201710155389738,DDBL,34,40,100,1210.0,121000.0
2017-10-15,201710155389736,DDBL,34,40,200,1200.0,240000.0
2017-10-15,201710155389735,DDBL,34,40,100,1201.0,120100.0
2017-10-15,201710155389734,DDBL,34,40,100,1202.0,120200.0
2017-10-15,201710155389733,DDBL,34,40,300,1230.0,369000.0
2017-10-15,201710155389754,DDBL,34,40,100,1209.0,120900.0
2017-10-15,201710155389753,DDBL,34,40,200,1205.0,241000.0
2017-10-15,201710155389752,DDBL,34,40,820,1205.0,988100.0
2017-10-15,201710155389744,DDBL,34,40,100,1210.0,121000.0
2017-10-15,201710155389742,DDBL,34,40,700,1205.0,843500.0
2017-10-15,201710155389741,DDBL,34,40,1000,1217.0,1217000.0
2017-10-15,201710155389762,DDBL,34,40,10000,1212.0,12120000.0
2017-10-15,201710155389760,DDBL,34,40,110,1218.0,133980.0
2017-10-15,201710155389759,DDBL,34,40,260,1205.0,313300.0
2017-10-15,201710155389758,DDBL,34,40,820,1201.0,984820.0
2017-10-15,201710155389756,DDBL,34,40,110,1265.0,139150.0
2017-10-15,201710155389755,DDBL,34,40,130,1232.0,160160.0
2017-10-15,201710155389770,DDBL,34,40,250,1205.0,301250.0
2017-10-15,201710155389768,DDBL,34,40,100,1223.0,122300.0
2017-10-15,201710155389766,DDBL,34,40,120,1213.0,145560.0
2017-10-15,201710155389765,DDBL,34,40,5000,1206.0,6030000.0
2017-10-15,201710155389764,DDBL,34,40,300,1203.0,360900.0
2017-10-15,201710155389763,DDBL,34,40,200,1208.0,241600.0
2017-10-15,201710155389778,DDBL,34,40,100,1211.0,121100.0
2017-10-15,201710155389777,DDBL,34,40,5000,1201.0,6005000.0
2017-10-15,201710155389775,DDBL,34,40,500,1207.0,603500.0
2017-10-15,201710155389774,DDBL,34,40,3500,1201.0,4203500.0
2017-10-15,201710155389773,DDBL,34,40,1000,1202.0,1202000.0
2017-10-15,201710155389771,DDBL,34,40,500,1210.0,605000.0
2017-10-15,201710155389786,DDBL,34,40,500,1250.0,625000.0
2017-10-15,201710155389785,DDBL,34,40,300,1210.0,363000.0
2017-10-15,201710155389784,DDBL,34,40,100,1250.0,125000.0
2017-10-15,201710155389783,DDBL,34,40,200,1200.0,240000.0
2017-10-15,201710155389780,DDBL,34,40,100,1216.0,121600.0
2017-10-15,201710155389779,DDBL,34,40,660,1210.0,798600.0
2017-10-15,201710155389792,DDBL,34,40,570,1203.0,685710.0
2017-10-15,201710155389791,DDBL,34,40,5000,1200.0,6000000.0
2017-10-15,201710155389790,DDBL,34,40,100,1284.0,128400.0
2017-10-15,201710155389789,DDBL,34,40,100,1202.0,120200.0
2017-10-15,201710155389788,DDBL,34,40,100,1206.0,120600.0
2017-10-15,201710155389787,DDBL,34,40,100,1212.0,121200.0
2017-10-15,201710155389802,DDBL,34,40,100,1200.0,120000.0
2017-10-15,201710155389800,DDBL,34,40,100,1211.0,121100.0
2017-10-15,201710155389798,DDBL,34,40,100,1200.0,120000.0
2017-10-15,201710155389797,DDBL,34,40,100,1201.0,120100.0
2017-10-15,201710155389795,DDBL,34,40,5000,1200.0,6000000.0
2017-10-15,201710155389793,DDBL,34,40,100,1200.0,120000.0
2017-10-15,201710155389812,DDBL,34,40,5000,1201.0,6005000.0
2017-10-15,201710155389810,DDBL,34,40,16650,1201.0,19996650.0
2017-10-15,201710155389809,DDBL,34,40,100,1200.0,120000.0
2017-10-15,201710155389808,DDBL,34,40,300,1200.0,360000.0
2017-10-15,201710155389805,DDBL,34,40,100,1201.0,120100.0
2017-10-15,201710155389804,DDBL,34,40,100,1250.0,125000.0
2017-10-15,201710155389820,DDBL,34,40,250,1210.0,302500.0
2017-10-15,201710155389819,DDBL,34,40,100,1201.0,120100.0
2017-10-15,201710155389818,DDBL,34,40,500,1203.0,601500.0
2017-10-15,201710155389817,DDBL,34,40,200,1200.0,240000.0
2017-10-15,201710155389815,DDBL,34,40,100,1205.0,120500.0
2017-10-15,201710155389813,DDBL,34,40,6000,1201.0,7206000.0
2017-10-15,201710155389831,DDBL,34,40,100,1213.0,121300.0
2017-10-15,201710155389828,DDBL,34,40,100,1205.0,120500.0
2017-10-15,201710155389827,DDBL,34,40,400,1203.0,481200.0
2017-10-15,201710155389823,DDBL,34,40,7500,1202.0,9015000.0
2017-10-15,201710155389822,DDBL,34,40,100,1202.0,120200.0
2017-10-15,201710155389821,DDBL,34,40,4000,1202.0,4808000.0
2017-10-15,201710155389845,DDBL,34,40,160,1200.0,192000.0
2017-10-15,201710155389844,DDBL,34,40,740,1200.0,888000.0
2017-10-15,201710155389838,DDBL,34,40,500,1200.0,600000.0
2017-10-15,201710155389837,DDBL,34,40,100,1240.0,124000.0
2017-10-15,201710155389833,DDBL,34,40,500,1202.0,601000.0
2017-10-15,201710155389832,DDBL,34,40,810,1223.0,990630.0
2017-10-15,201710155390079,DDBL,34,40,100,1221.0,122100.0
2017-10-15,201710155389865,DDBL,34,40,100,1221.0,122100.0
2017-10-15,201710155389862,DDBL,34,40,200,1221.0,244200.0
2017-10-15,201710155389860,DDBL,34,40,100,1221.0,122100.0
2017-10-15,201710155389859,DDBL,34,40,100,1221.0,122100.0
2017-10-15,201710155389846,DDBL,34,40,250,1221.0,305250.0
2017-10-15,201710155390109,DDBL,34,40,120,1221.0,146520.0
2017-10-15,201710155390107,DDBL,34,40,150,1221.0,183150.0
2017-10-15,201710155390104,DDBL,34,40,100,1221.0,122100.0
2017-10-15,201710155390103,DDBL,34,40,100,1221.0,122100.0
2017-10-15,201710155390100,DDBL,34,40,100,1221.0,122100.0
2017-10-15,201710155390098,DDBL,34,40,150,1221.0,183150.0
2017-10-15,201710155390127,DDBL,34,40,150,1221.0,183150.0
2017-10-15,201710155390125,DDBL,34,40,400,1221.0,488400.0
2017-10-15,201710155390123,DDBL,34,40,150,1221.0,183150.0
2017-10-15,201710155390119,DDBL,34,40,150,1221.0,183150.0
2017-10-15,201710155390114,DDBL,34,40,120,1221.0,146520.0
2017-10-15,201710155390112,DDBL,34,40,300,1221.0,366300.0
2017-10-15,201710155390143,DDBL,34,40,100,1221.0,122100.0
2017-10-15,201710155390141,DDBL,34,40,100,1221.0,122100.0
2017-10-15,201710155390138,DDBL,34,40,100,1221.0,122100.0
2017-10-15,201710155390133,DDBL,34,40,100,1221.0,122100.0
2017-10-15,201710155390131,DDBL,34,40,500,1221.0,610500.0
2017-10-15,201710155390128,DDBL,34,40,100,1221.0,122100.0
2017-10-15,201710155390159,DDBL,34,40,100,1221.0,122100.0
2017-10-15,201710155390158,DDBL,34,40,100,1221.0,122100.0
2017-10-15,201710155390157,DDBL,34,40,100,1221.0,122100.0
2017-10-15,201710155390150,DDBL,34,40,100,1221.0,122100.0
2017-10-15,201710155390149,DDBL,34,40,100,1221.0,122100.0
2017-10-15,201710155390146,DDBL,34,40,100,1221.0,122100.0
2017-10-15,201710155390166,DDBL,34,40,250,1202.0,300500.0
2017-10-15,201710155390165,DDBL,34,40,25000,1203.0,30075000.0
2017-10-15,201710155390164,DDBL,34,40,1000,1202.0,1202000.0
2017-10-15,201710155390163,DDBL,34,40,200,1202.0,240400.0
2017-10-15,201710155390161,DDBL,34,40,150,1202.0,180300.0
2017-10-15,201710155390160,DDBL,34,40,130,1221.0,158730.0
2017-10-15,201710155389983,DHPL,1,1,11,158.0,1738.0
2017-10-15,201710155390222,EBL,45,41,13,1200.0,15600.0
2017-10-15,201710155390042,EBL,45,42,112,1195.0,133840.0
2017-10-15,201710155389989,EBL,45,18,100,1195.0,119500.0
2017-10-15,201710155390137,FOWAD,45,26,26,3550.0,92300.0
2017-10-15,201710155389894,FOWAD,29,41,10,3542.0,35420.0
2017-10-15,201710155389852,FOWAD,55,39,10,3545.0,35450.0
2017-10-15,201710155389841,FOWAD,55,39,10,3545.0,35450.0
2017-10-15,201710155390201,GBBL,1,35,101,253.0,25553.0
2017-10-15,201710155390198,GBBL,1,46,24,250.0,6000.0
2017-10-15,201710155389955,GBBL,13,1,396,248.0,98208.0
2017-10-15,201710155390244,GBIME,11,5,300,375.0,112500.0
2017-10-15,201710155390243,GBIME,11,5,100,375.0,37500.0
2017-10-15,201710155390224,GBIME,11,54,100,375.0,37500.0
2017-10-15,201710155390147,GBIME,38,38,129,375.0,48375.0
2017-10-15,201710155390049,GBIME,35,35,4,377.0,1508.0
2017-10-15,201710155390036,GBIME,54,22,14,375.0,5250.0
2017-10-15,201710155389877,GBIME,44,58,42,375.0,15750.0
2017-10-15,201710155389875,GBIME,44,55,98,375.0,36750.0
2017-10-15,201710155389856,GBIME,50,46,25,375.0,9375.0
2017-10-15,201710155390035,GBIME,44,22,161,375.0,60375.0
2017-10-15,201710155390034,GBIME,50,22,25,375.0,9375.0
2017-10-15,201710155390033,GBIME,22,22,100,376.0,37600.0
2017-10-15,201710155389966,GBIME,35,35,4,377.0,1508.0
2017-10-15,201710155389918,GBIME,25,8,10,379.0,3790.0
2017-10-15,201710155389888,GBIME,44,44,99,375.0,37125.0
2017-10-15,201710155390237,GDBL,39,41,50,350.0,17500.0
2017-10-15,201710155390235,GDBL,47,41,100,346.0,34600.0
2017-10-15,201710155390231,GDBL,14,41,500,346.0,173000.0
2017-10-15,201710155390227,GDBL,57,41,1000,345.0,345000.0
2017-10-15,201710155389973,GDBL,32,41,50,353.0,17650.0
2017-10-15,201710155389970,GDBL,14,41,161,351.0,56511.0
2017-10-15,201710155389976,GDBL,14,41,39,351.0,13689.0
2017-10-15,201710155389975,GDBL,56,41,120,351.0,42120.0
2017-10-15,201710155389974,GDBL,47,41,100,352.0,35200.0
2017-10-15,201710155390170,GLICL,35,35,3,999.0,2997.0
2017-10-15,201710155390162,GLICL,35,35,2,999.0,1998.0
2017-10-15,201710155389891,GLICL,6,6,7,1000.0,7000.0
2017-10-15,201710155389929,HIDCL,1,39,56,177.0,9912.0
2017-10-15,201710155389884,HIDCL,34,39,56,176.0,9856.0
2017-10-15,201710155389883,HIDCL,34,39,56,176.0,9856.0
2017-10-15,201710155389882,HIDCL,34,39,56,176.0,9856.0
2017-10-15,201710155389880,HIDCL,6,39,38,177.0,6726.0
2017-10-15,201710155389879,HIDCL,29,39,18,177.0,3186.0
2017-10-15,201710155389824,HIDCL,34,37,102,180.0,18360.0
2017-10-15,201710155389874,HIDCL,6,39,56,177.0,9912.0
2017-10-15,201710155389873,HIDCL,29,39,56,177.0,9912.0
2017-10-15,201710155389868,HIDCL,29,39,26,177.0,4602.0
2017-10-15,201710155389867,HIDCL,51,39,10,178.0,1780.0
2017-10-15,201710155389866,HIDCL,42,39,20,178.0,3560.0
2017-10-15,201710155389825,HIDCL,34,37,100,180.0,18000.0
2017-10-15,201710155390122,HPPL,32,39,10,373.0,3730.0
2017-10-15,201710155390118,HPPL,32,39,10,373.0,3730.0
2017-10-15,201710155390113,HPPL,32,39,10,373.0,3730.0
2017-10-15,201710155390110,HPPL,32,39,10,373.0,3730.0
2017-10-15,201710155390108,HPPL,32,39,10,373.0,3730.0
2017-10-15,201710155390102,HPPL,32,39,10,373.0,3730.0
2017-10-15,201710155390099,HPPL,32,39,10,373.0,3730.0
2017-10-15,201710155390097,HPPL,32,39,10,373.0,3730.0
2017-10-15,201710155390095,HPPL,32,39,10,373.0,3730.0
2017-10-15,201710155390094,HPPL,32,39,10,373.0,3730.0
2017-10-15,201710155390077,HPPL,1,33,10,375.0,3750.0
2017-10-15,201710155390019,HPPL,1,48,10,375.0,3750.0
2017-10-15,201710155389830,JBBL,26,26,14,181.0,2534.0
2017-10-15,201710155390219,JBNL,36,29,100,253.0,25300.0
2017-10-15,201710155390218,JBNL,36,50,300,253.0,75900.0
2017-10-15,201710155390217,JBNL,36,48,950,252.0,239400.0
2017-10-15,201710155390205,JBNL,48,50,500,251.0,125500.0
2017-10-15,201710155390204,JBNL,6,50,200,251.0,50200.0
2017-10-15,201710155390203,JBNL,37,50,82,251.0,20582.0
2017-10-15,201710155389854,JBNL,36,1,320,252.0,80640.0
2017-10-15,201710155389853,JBNL,36,45,100,251.0,25100.0
2017-10-15,201710155390180,JBNL,37,46,18,251.0,4518.0
2017-10-15,201710155390072,JBNL,8,50,100,253.0,25300.0
2017-10-15,201710155390071,JBNL,47,50,100,254.0,25400.0
2017-10-15,201710155389941,JBNL,36,25,220,253.0,55660.0
2017-10-15,201710155389940,JBNL,36,50,95,253.0,24035.0
2017-10-15,201710155389855,JBNL,36,50,280,253.0,70840.0
2017-10-15,201710155390027,JSLBB,28,28,2,3627.0,7254.0
2017-10-15,201710155390014,JSLBB,28,28,12,3627.0,43524.0
2017-10-15,201710155389991,JSLBB,28,28,2,3627.0,7254.0
2017-10-15,201710155389981,JSLBB,28,28,2,3627.0,7254.0
2017-10-15,201710155389969,JSLBB,28,28,2,3627.0,7254.0
2017-10-15,201710155390245,KBL,47,16,100,293.0,29300.0
2017-10-15,201710155389994,KBL,34,11,100,292.0,29200.0
2017-10-15,201710155389948,KBL,48,48,8504,292.0,2483168.0
2017-10-15,201710155389923,KBL,36,44,55,292.0,16060.0
2017-10-15,201710155389851,KBL,36,42,814,293.0,238502.0
2017-10-15,201710155389998,KKHC,1,1,16,158.0,2528.0
2017-10-15,201710155390130,KMFL,10,40,20,2440.0,48800.0
2017-10-15,201710155390140,KSBBL,8,26,41,207.0,8487.0
2017-10-15,201710155390132,KSBBL,26,26,41,208.0,8528.0
2017-10-15,201710155390002,KSBBL,32,5,21,208.0,4368.0
2017-10-15,201710155390001,KSBBL,26,5,41,208.0,8528.0
2017-10-15,201710155389900,KSBBL,8,41,147,207.0,30429.0
2017-10-15,201710155389806,KSBBL,26,26,41,208.0,8528.0
2017-10-15,201710155389772,KSBBL,26,26,41,208.0,8528.0
2017-10-15,201710155390214,LBBL,26,33,10,210.0,2100.0
2017-10-15,201710155390148,LBBL,26,33,10,210.0,2100.0
2017-10-15,201710155390202,LBL,47,46,48,315.0,15120.0
2017-10-15,201710155390126,LBL,56,45,100,314.0,31400.0
2017-10-15,201710155390225,LGIL,58,16,200,850.0,170000.0
2017-10-15,201710155390211,LGIL,53,16,100,850.0,85000.0
2017-10-15,201710155390174,LGIL,53,16,239,850.0,203150.0
2017-10-15,201710155390173,LGIL,53,52,261,850.0,221850.0
2017-10-15,201710155390167,LGIL,19,52,100,850.0,85000.0
2017-10-15,201710155390142,LGIL,19,52,100,850.0,85000.0
2017-10-15,201710155389847,LGIL,5,33,100,851.0,85100.0
2017-10-15,201710155389794,LGIL,5,21,100,851.0,85100.0
2017-10-15,201710155389952,LGIL,36,44,40,850.0,34000.0
2017-10-15,201710155389950,LGIL,59,48,50,850.0,42500.0
2017-10-15,201710155389902,LGIL,36,41,60,850.0,51000.0
2017-10-15,201710155389857,LGIL,57,33,23,855.0,19665.0
2017-10-15,201710155389849,LGIL,58,33,200,849.0,169800.0
2017-10-15,201710155389848,LGIL,57,33,70,850.0,59500.0
2017-10-15,201710155390037,LGIL,14,44,200,849.0,169800.0
2017-10-15,201710155390008,LGIL,39,33,100,850.0,85000.0
2017-10-15,201710155390007,LGIL,29,33,60,850.0,51000.0
2017-10-15,201710155390006,LGIL,29,29,40,850.0,34000.0
2017-10-15,201710155389954,LGIL,42,44,50,850.0,42500.0
2017-10-15,201710155389953,LGIL,50,44,200,850.0,170000.0
2017-10-15,201710155390116,LGIL,40,52,19,850.0,16150.0
2017-10-15,201710155390111,LGIL,14,52,20,850.0,17000.0
2017-10-15,201710155390059,LGIL,58,33,178,850.0,151300.0
2017-10-15,201710155390051,LGIL,54,33,62,850.0,52700.0
2017-10-15,201710155390050,LGIL,54,44,38,849.0,32262.0
2017-10-15,201710155390040,LGIL,40,5,31,845.0,26195.0
2017-10-15,201710155390209,MBL,47,48,100,317.0,31700.0
2017-10-15,201710155390085,MERO,14,59,11,1540.0,16940.0
2017-10-15,201710155390078,MERO,14,59,11,1540.0,16940.0
2017-10-15,201710155390070,MERO,14,59,11,1540.0,16940.0
2017-10-15,201710155390041,MFIL,55,22,200,146.0,29200.0
2017-10-15,201710155389746,MFIL,34,39,490,148.0,72520.0
2017-10-15,201710155389729,MFIL,39,55,10,150.0,1500.0
2017-10-15,201710155390024,MLBL,47,5,40,217.0,8680.0
2017-10-15,201710155390023,MLBL,47,5,20,217.0,4340.0
2017-10-15,201710155390010,MLBL,52,5,20,217.0,4340.0
2017-10-15,201710155389893,MLBL,6,6,70,218.0,15260.0
2017-10-15,201710155389886,MLBL,45,17,510,217.0,110670.0
2017-10-15,201710155390191,MNBBL,59,47,100,590.0,59000.0
2017-10-15,201710155390106,MNBBL,59,33,114,590.0,67260.0
2017-10-15,201710155390105,MNBBL,14,33,70,590.0,41300.0
2017-10-15,201710155390120,NABIL,47,32,100,1212.0,121200.0
2017-10-15,201710155390226,NABILP,48,48,1600,855.0,1368000.0
2017-10-15,201710155389907,NBB,57,41,40,318.0,12720.0
2017-10-15,201710155389906,NBB,1,41,100,319.0,31900.0
2017-10-15,201710155389905,NBB,50,41,50,320.0,16000.0
2017-10-15,201710155390177,NBBL,32,52,50,3790.0,189500.0
2017-10-15,201710155390176,NBBL,32,55,50,3790.0,189500.0
2017-10-15,201710155390175,NBBL,32,6,20,3790.0,75800.0
2017-10-15,201710155389799,NBBL,22,47,24,3730.0,89520.0
2017-10-15,201710155390221,NBL,48,48,350,341.0,119350.0
2017-10-15,201710155390194,NBL,47,46,200,345.0,69000.0
2017-10-15,201710155390192,NBL,52,1,124,344.0,42656.0
2017-10-15,201710155390152,NBL,44,13,90,344.0,30960.0
2017-10-15,201710155390229,NCCB,14,42,41,349.0,14309.0
2017-10-15,201710155390057,NCCB,58,42,1000,349.0,349000.0
2017-10-15,201710155390053,NCCB,1,45,17,352.0,5984.0
2017-10-15,201710155389979,NCCB,58,1,783,350.0,274050.0
2017-10-15,201710155389957,NCCB,45,41,200,350.0,70000.0
2017-10-15,201710155389749,NCCB,6,6,18,350.0,6300.0
2017-10-15,201710155390046,NEF,58,1,2173,10.29,22360.17
2017-10-15,201710155389945,NEF,6,6,4505,10.28,46311.4
2017-10-15,201710155389901,NEF,6,6,4505,10.28,46311.4
2017-10-15,201710155390117,NGPL,1,33,17,230.0,3910.0
2017-10-15,201710155390153,NIB,17,42,32,625.0,20000.0
2017-10-15,201710155390022,NIB,56,42,25,625.0,15625.0
2017-10-15,201710155389961,NIB,56,59,25,625.0,15625.0
2017-10-15,201710155389960,NIB,25,59,50,625.0,31250.0
2017-10-15,201710155389959,NIB,45,59,100,625.0,62500.0
2017-10-15,201710155389958,NIB,22,59,20,626.0,12520.0
2017-10-15,201710155389903,NIB,6,41,6,615.0,3690.0
2017-10-15,201710155390186,NICA,38,33,133,352.0,46816.0
2017-10-15,201710155390055,NICA,8,42,363,350.0,127050.0
2017-10-15,201710155390013,NICA,36,55,300,352.0,105600.0
2017-10-15,201710155389987,NICA,22,22,100,351.0,35100.0
2017-10-15,201710155389971,NICA,56,22,36,351.0,12636.0
2017-10-15,201710155389897,NICA,56,44,64,351.0,22464.0
2017-10-15,201710155389864,NICA,50,44,50,352.0,17600.0
2017-10-15,201710155390199,NICL,10,58,10,1420.0,14200.0
2017-10-15,201710155390188,NICL,10,32,70,1415.0,99050.0
2017-10-15,201710155390178,NICL,10,58,10,1432.0,14320.0
2017-10-15,201710155390038,NLBBL,34,5,64,1115.0,71360.0
2017-10-15,201710155389928,NLG,35,35,3,1437.0,4311.0
2017-10-15,201710155390234,NLIC,46,48,88,1976.0,173888.0
2017-10-15,201710155390233,NLIC,19,48,10,1976.0,19760.0
2017-10-15,201710155390232,NLIC,49,48,30,1977.0,59310.0
2017-10-15,201710155390212,NLIC,46,20,12,1976.0,23712.0
2017-10-15,201710155390195,NLIC,19,39,12,1976.0,23712.0
2017-10-15,201710155390193,NLIC,19,39,12,1976.0,23712.0
2017-10-15,201710155389767,NLIC,19,42,12,1976.0,23712.0
2017-10-15,201710155389745,NLIC,28,28,2,1988.0,3976.0
2017-10-15,201710155389737,NLIC,19,16,12,1976.0,23712.0
2017-10-15,201710155389916,NLIC,19,55,12,1980.0,23760.0
2017-10-15,201710155389915,NLIC,19,41,12,1980.0,23760.0
2017-10-15,201710155389904,NLIC,6,6,2,1981.0,3962.0
2017-10-15,201710155389871,NLIC,59,59,140,1980.0,277200.0
2017-10-15,201710155389863,NLIC,59,59,30,1980.0,59400.0
2017-10-15,201710155389829,NLIC,53,59,30,1980.0,59400.0
2017-10-15,201710155389972,NLIC,46,55,12,1981.0,23772.0
2017-10-15,201710155389944,NLIC,19,55,12,1980.0,23760.0
2017-10-15,201710155389942,NLIC,19,55,12,1980.0,23760.0
2017-10-15,201710155389938,NLIC,19,55,12,1980.0,23760.0
2017-10-15,201710155389934,NLIC,19,55,12,1980.0,23760.0
2017-10-15,201710155389927,NLIC,19,55,12,1980.0,23760.0
2017-10-15,201710155389993,NLIC,19,55,12,1980.0,23760.0
2017-10-15,201710155389988,NLIC,19,55,12,1980.0,23760.0
2017-10-15,201710155389986,NLIC,19,55,12,1980.0,23760.0
2017-10-15,201710155389984,NLIC,46,55,12,1981.0,23772.0
2017-10-15,201710155389982,NLIC,46,55,12,1981.0,23772.0
2017-10-15,201710155389978,NLIC,46,55,12,1981.0,23772.0
2017-10-15,201710155390172,NLIC,19,33,12,1976.0,23712.0
2017-10-15,201710155390011,NLIC,1,55,12,1980.0,23760.0
2017-10-15,201710155390009,NLIC,19,55,12,1980.0,23760.0
2017-10-15,201710155390004,NLIC,19,55,12,1980.0,23760.0
2017-10-15,201710155389999,NLIC,19,55,12,1980.0,23760.0
2017-10-15,201710155389995,NLIC,19,55,12,1980.0,23760.0
2017-10-15,201710155390236,NMBMF,41,34,20,2631.0,52620.0
2017-10-15,201710155389750,NMBMF,38,45,14,2630.0,36820.0
2017-10-15,201710155390200,NTC,54,53,1000,776.0,776000.0
2017-10-15,201710155390187,NTC,59,42,500,777.0,388500.0
2017-10-15,201710155390185,NTC,5,42,500,777.0,388500.0
2017-10-15,201710155390241,PCBL,38,10,500,425.0,212500.0
2017-10-15,201710155390220,PCBL,55,10,1000,425.0,425000.0
2017-10-15,201710155390144,PCBL,54,8,34,425.0,14450.0
2017-10-15,201710155390067,PCBL,54,42,204,425.0,86700.0
2017-10-15,201710155390066,PCBL,22,42,300,425.0,127500.0
2017-10-15,201710155390065,PCBL,6,42,21,425.0,8925.0
2017-10-15,201710155389946,PCBL,6,6,72,426.0,30672.0
2017-10-15,201710155389924,PCBL,25,44,10,427.0,4270.0
2017-10-15,201710155389910,PCBL,6,6,220,426.0,93720.0
2017-10-15,201710155389826,PCBL,1,10,100,425.0,42500.0
2017-10-15,201710155389776,PCBL,26,26,8,420.0,3360.0
2017-10-15,201710155389761,PCBL,6,6,55,428.0,23540.0
2017-10-15,201710155390064,PCBL,14,42,323,427.0,137921.0
2017-10-15,201710155390061,PCBL,14,44,177,427.0,75579.0
2017-10-15,201710155390047,PCBL,26,26,8,417.0,3336.0
2017-10-15,201710155390028,PCBL,21,10,200,425.0,85000.0
2017-10-15,201710155390020,PCBL,11,10,500,425.0,212500.0
2017-10-15,201710155390005,PCBL,22,44,20,427.0,8540.0
2017-10-15,201710155389803,PFL,45,42,30,224.0,6720.0
2017-10-15,201710155390197,PRVU,41,58,200,363.0,72600.0
2017-10-15,201710155390062,PRVU,11,45,11,363.0,3993.0
2017-10-15,201710155389899,PRVU,19,16,292,364.0,106288.0
2017-10-15,201710155389782,PRVU,43,16,50,364.0,18200.0
2017-10-15,201710155389781,PRVU,34,16,58,364.0,21112.0
2017-10-15,201710155389936,PRVU,6,5,11,363.0,3993.0
2017-10-15,201710155389935,PRVU,5,5,229,363.0,83127.0
2017-10-15,201710155389931,PRVU,5,6,11,363.0,3993.0
2017-10-15,201710155389917,PRVU,6,6,2,363.0,726.0
2017-10-15,201710155390039,PRVU,14,5,13,362.0,4706.0
2017-10-15,201710155389992,PRVU,5,5,5,362.0,1810.0
2017-10-15,201710155389985,PRVU,5,5,5,362.0,1810.0
2017-10-15,201710155390213,PURBL,52,52,1,294.0,294.0
2017-10-15,201710155389796,PURBL,6,6,131,299.0,39169.0
2017-10-15,201710155389919,PURBL,6,6,27,299.0,8073.0
2017-10-15,201710155389965,RBCLPO,33,32,10,14280.0,142800.0
2017-10-15,201710155390080,RLFL,45,18,1000,207.0,207000.0
2017-10-15,201710155390076,RLFL,21,18,500,208.0,104000.0
2017-10-15,201710155390000,RLFL,37,37,500,212.0,106000.0
2017-10-15,201710155390210,RMDC,35,35,2,677.0,1354.0
2017-10-15,201710155390196,RMDC,35,35,3,677.0,2031.0
2017-10-15,201710155389932,RMDC,56,48,21,680.0,14280.0
2017-10-15,201710155390003,SADBL,47,16,100,373.0,37300.0
2017-10-15,201710155390136,SANIMA,44,14,500,342.0,171000.0
2017-10-15,201710155390135,SANIMA,44,59,100,342.0,34200.0
2017-10-15,201710155390134,SANIMA,44,55,400,342.0,136800.0
2017-10-15,201710155390043,SANIMA,47,13,100,342.0,34200.0
2017-10-15,201710155389914,SANIMA,25,37,50,342.0,17100.0
2017-10-15,201710155389913,SANIMA,56,37,200,342.0,68400.0
2017-10-15,201710155389743,SANIMA,44,1,224,340.0,76160.0
2017-10-15,201710155389912,SANIMA,43,37,50,342.0,17100.0
2017-10-15,201710155389911,SANIMA,56,37,50,342.0,17100.0
2017-10-15,201710155389858,SANIMA,56,1,50,342.0,17100.0
2017-10-15,201710155389843,SANIMA,56,14,100,342.0,34200.0
2017-10-15,201710155389842,SANIMA,1,14,100,342.0,34200.0
2017-10-15,201710155389836,SANIMA,56,43,200,342.0,68400.0
2017-10-15,201710155389922,SBI,6,6,6,808.0,4848.0
2017-10-15,201710155389909,SBI,25,17,200,800.0,160000.0
2017-10-15,201710155389908,SBI,5,17,300,800.0,240000.0
2017-10-15,201710155390048,SBL,47,42,32,400.0,12800.0
2017-10-15,201710155390032,SBL,43,42,150,400.0,60000.0
2017-10-15,201710155390031,SBL,19,42,200,400.0,80000.0
2017-10-15,201710155390030,SBL,1,42,100,400.0,40000.0
2017-10-15,201710155390029,SBL,33,42,200,401.0,80200.0
2017-10-15,201710155389926,SBL,20,41,38,400.0,15200.0
2017-10-15,201710155389892,SBL,20,46,25,400.0,10000.0
2017-10-15,201710155389807,SBL,25,1,130,400.0,52000.0
2017-10-15,201710155389757,SBL,20,45,35,400.0,14000.0
2017-10-15,201710155390240,SCB,59,48,33,2091.0,69003.0
2017-10-15,201710155390239,SCB,14,48,20,2092.0,41840.0
2017-10-15,201710155390238,SCB,58,48,80,2093.0,167440.0
2017-10-15,201710155390208,SCB,58,20,10,2093.0,20930.0
2017-10-15,201710155390171,SCB,58,36,10,2093.0,20930.0
2017-10-15,201710155390155,SCB,58,55,10,2093.0,20930.0
2017-10-15,201710155389870,SCB,11,55,10,2100.0,21000.0
2017-10-15,201710155389751,SCB,35,42,10,2100.0,21000.0
2017-10-15,201710155390074,SCB,18,55,10,2095.0,20950.0
2017-10-15,201710155390069,SCB,18,55,10,2095.0,20950.0
2017-10-15,201710155390060,SCB,18,55,10,2095.0,20950.0
2017-10-15,201710155390052,SCB,18,55,10,2095.0,20950.0
2017-10-15,201710155390045,SCB,18,55,10,2095.0,20950.0
2017-10-15,201710155389876,SCB,11,55,10,2100.0,21000.0
2017-10-15,201710155390096,SCB,58,55,10,2093.0,20930.0
2017-10-15,201710155390091,SCB,58,55,10,2093.0,20930.0
2017-10-15,201710155390090,SCB,47,22,30,2100.0,63000.0
2017-10-15,201710155390089,SCB,47,39,10,2100.0,21000.0
2017-10-15,201710155390088,SCB,47,39,10,2100.0,21000.0
2017-10-15,201710155390087,SCB,58,55,10,2093.0,20930.0
2017-10-15,201710155390145,SCB,58,55,10,2093.0,20930.0
2017-10-15,201710155390139,SCB,58,55,10,2093.0,20930.0
2017-10-15,201710155390129,SCB,58,55,10,2093.0,20930.0
2017-10-15,201710155390124,SCB,58,55,10,2093.0,20930.0
2017-10-15,201710155390115,SCB,58,55,10,2093.0,20930.0
2017-10-15,201710155390101,SCB,58,55,10,2093.0,20930.0
2017-10-15,201710155389963,SHINE,58,48,40,404.0,16160.0
2017-10-15,201710155389967,SHL,14,17,600,358.0,214800.0
2017-10-15,201710155390025,SPDL,1,29,15,164.0,2460.0
2017-10-15,201710155390242,SRBL,43,28,400,316.0,126400.0
2017-10-15,201710155390184,SRBL,43,56,55,317.0,17435.0
2017-10-15,201710155389949,SRBL,54,5,68,315.0,21420.0
2017-10-15,201710155389881,SRBL,54,25,17,315.0,5355.0
2017-10-15,201710155389878,SRBL,50,25,50,317.0,15850.0
2017-10-15,201710155389947,UFL,14,14,314,255.0,80070.0
2017-10-15,201710155390044,UMHL,1,1,12,262.0,3144.0
2017-10-15,201710155389956,VLBS,43,28,13,1251.0,16263.0
2017-10-15,201710155389887,VLBS,38,38,2,1245.0,2490.0
2017-10-15,201710155389896,WOMI,28,34,10,1866.0,18660.0
2017-10-15,201710155389895,WOMI,28,48,15,1850.0,27750.0
2017-10-15,201710155390725,ADBL,59,8,398,432.0,171936.0
2017-10-15,201710155390724,ADBL,59,41,61,431.0,26291.0
2017-10-15,201710155390700,ADBL,40,56,161,430.0,69230.0
2017-10-15,201710155390699,ADBL,52,56,18,430.0,7740.0
2017-10-15,201710155390698,ADBL,28,56,15,430.0,6450.0
2017-10-15,201710155390697,ADBL,32,56,50,431.0,21550.0
2017-10-15,201710155390362,ADBL,6,49,100,432.0,43200.0
2017-10-15,201710155390342,ADBL,59,25,240,431.0,103440.0
2017-10-15,201710155390696,ADBL,34,56,20,431.0,8620.0
2017-10-15,201710155390607,ADBL,40,39,229,430.0,98470.0
2017-10-15,201710155390592,ADBL,36,36,7,440.0,3080.0
2017-10-15,201710155390542,ADBL,6,8,22,432.0,9504.0
2017-10-15,201710155390395,ADBL,52,49,35,430.0,15050.0
2017-10-15,201710155390373,ADBL,6,34,78,432.0,33696.0
2017-10-15,201710155390500,AHPC,45,45,1000,208.0,208000.0
2017-10-15,201710155390379,AKPL,35,34,10,316.0,3160.0
2017-10-15,201710155390377,AKPL,35,33,13,316.0,4108.0
2017-10-15,201710155390350,AKPL,35,20,13,316.0,4108.0
2017-10-15,201710155390272,AKPL,35,49,13,316.0,4108.0
2017-10-15,201710155390479,API,40,43,100,547.0,54700.0
2017-10-15,201710155390662,BBC,32,1,50,2145.0,107250.0
2017-10-15,201710155390661,BBC,32,10,50,2140.0,107000.0
2017-10-15,201710155390660,BBC,32,1,10,2119.0,21190.0
2017-10-15,201710155390659,BBC,32,8,30,2116.0,63480.0
2017-10-15,201710155390658,BBC,32,28,80,2115.0,169200.0
2017-10-15,201710155390577,BHBL,28,42,480,255.0,122400.0
2017-10-15,201710155390576,BHBL,1,42,200,255.0,51000.0
2017-10-15,201710155390575,BHBL,1,42,20,260.0,5200.0
2017-10-15,201710155390609,BOKL,16,16,1022,425.0,434350.0
2017-10-15,201710155390597,BOKL,58,25,135,426.0,57510.0
2017-10-15,201710155390596,BOKL,58,55,120,426.0,51120.0
2017-10-15,201710155390394,BOKL,45,49,615,425.0,261375.0
2017-10-15,201710155390276,BOKL,6,25,65,426.0,27690.0
2017-10-15,201710155390438,BPCL,16,16,1346,600.0,807600.0
2017-10-15,201710155390606,CBBL,50,17,20,1405.0,28100.0
2017-10-15,201710155390598,CBBL,48,17,20,1405.0,28100.0
2017-10-15,201710155390491,CBBL,45,45,1000,1400.0,1400000.0
2017-10-15,201710155390404,CBBL,48,44,30,1405.0,42150.0
2017-10-15,201710155390397,CBBL,48,44,250,1405.0,351250.0
2017-10-15,201710155390323,CBBL,41,44,20,1405.0,28100.0
2017-10-15,201710155390603,CBL,33,25,22,226.0,4972.0
2017-10-15,201710155390544,CBL,45,45,1000,225.0,225000.0
2017-10-15,201710155390535,CBL,19,34,500,225.0,112500.0
2017-10-15,201710155390534,CBL,19,46,33,225.0,7425.0
2017-10-15,201710155390533,CBL,19,45,11,225.0,2475.0
2017-10-15,201710155390334,CBL,39,26,96,223.0,21408.0
2017-10-15,201710155390333,CBL,28,26,25,223.0,5575.0
2017-10-15,201710155390328,CBL,28,26,75,223.0,16725.0
2017-10-15,201710155390321,CBL,39,26,104,223.0,23192.0
2017-10-15,201710155390311,CBL,34,26,178,223.0,39694.0
2017-10-15,201710155390253,CBL,52,52,10,224.0,2240.0
2017-10-15,201710155390669,CCBL,1,19,22,221.0,4862.0
2017-10-15,201710155390578,CCBL,1,1,245,221.0,54145.0
2017-10-15,201710155390525,CCBL,1,18,461,221.0,101881.0
2017-10-15,201710155390524,CCBL,36,18,400,221.0,88400.0
2017-10-15,201710155390478,CCBL,1,34,500,221.0,110500.0
2017-10-15,201710155390261,CCBL,52,52,33,221.0,7293.0
2017-10-15,201710155390252,CCBL,26,26,5,224.0,1120.0
2017-10-15,201710155390360,CCBL,37,34,44,220.0,9680.0
2017-10-15,201710155390295,CCBL,37,46,33,220.0,7260.0
2017-10-15,201710155390477,CCBL,1,33,30,221.0,6630.0
2017-10-15,201710155390445,CCBL,37,33,100,220.0,22000.0
2017-10-15,201710155390390,CCBL,37,34,33,220.0,7260.0
2017-10-15,201710155390734,CHCL,11,43,50,840.0,42000.0
2017-10-15,201710155390728,CHCL,42,43,20,840.0,16800.0
2017-10-15,201710155390727,CHCL,42,43,30,840.0,25200.0
2017-10-15,201710155390726,CHCL,14,43,14,840.0,11760.0
2017-10-15,201710155390678,CHCL,14,21,34,840.0,28560.0
2017-10-15,201710155390677,CHCL,14,54,52,840.0,43680.0
2017-10-15,201710155390249,CHCL,41,45,92,833.0,76636.0
2017-10-15,201710155390248,CHCL,26,45,40,833.0,33320.0
2017-10-15,201710155390595,CHCL,36,36,1,856.0,856.0
2017-10-15,201710155390587,CHCL,52,54,100,840.0,84000.0
2017-10-15,201710155390494,CHCL,44,54,28,840.0,23520.0
2017-10-15,201710155390493,CHCL,44,55,32,839.0,26848.0
2017-10-15,201710155390492,CHCL,44,26,40,838.0,33520.0
2017-10-15,201710155390290,CHCL,57,54,20,840.0,16800.0
2017-10-15,201710155390744,CHL,49,44,13,174.0,2262.0
2017-10-15,201710155390599,CHL,49,21,100,174.0,17400.0
2017-10-15,201710155390302,CHL,35,41,10,171.0,1710.0
2017-10-15,201710155390537,CIT,34,40,8300,3100.0,25730000.0
2017-10-15,201710155390536,CIT,34,40,25000,3051.0,76275000.0
2017-10-15,201710155390722,CZBIL,41,43,100,295.0,29500.0
2017-10-15,201710155390721,CZBIL,25,43,100,295.0,29500.0
2017-10-15,201710155390672,CZBIL,56,19,200,294.0,58800.0
2017-10-15,201710155390304,CZBIL,45,43,300,296.0,88800.0
2017-10-15,201710155390489,CZBIL,13,43,84,296.0,24864.0
2017-10-15,201710155390488,CZBIL,13,28,100,295.0,29500.0
2017-10-15,201710155390436,CZBIL,25,28,400,295.0,118000.0
2017-10-15,201710155390434,CZBIL,25,21,100,295.0,29500.0
2017-10-15,201710155390403,CZBIL,47,49,36,294.0,10584.0
2017-10-15,201710155390319,CZBIL,47,21,26,294.0,7644.0
2017-10-15,201710155390347,DBBL,28,29,1000,249.0,249000.0
2017-10-15,201710155390346,DBBL,28,11,363,248.0,90024.0
2017-10-15,201710155390625,DDBL,53,34,86,1200.0,103200.0
2017-10-15,201710155390624,DDBL,53,48,14,1200.0,16800.0
2017-10-15,201710155390623,DDBL,53,32,100,1200.0,120000.0
2017-10-15,201710155390463,DDBL,41,35,100,1200.0,120000.0
2017-10-15,201710155390499,EBL,28,17,30,1201.0,36030.0
2017-10-15,201710155390336,EBL,53,22,100,1204.0,120400.0
2017-10-15,201710155390645,EDBL,47,34,170,461.0,78370.0
2017-10-15,201710155390644,EDBL,47,34,300,460.0,138000.0
2017-10-15,201710155390643,EDBL,47,25,500,459.0,229500.0
2017-10-15,201710155390642,EDBL,47,4,500,458.0,229000.0
2017-10-15,201710155390641,EDBL,47,34,75,455.0,34125.0
2017-10-15,201710155390618,EIC,7,16,33,2640.0,87120.0
2017-10-15,201710155390258,FMDBL,48,48,402,804.0,323208.0
2017-10-15,201710155390393,FOWAD,43,26,10,3505.0,35050.0
2017-10-15,201710155390325,FOWAD,32,36,10,3540.0,35400.0
2017-10-15,201710155390266,FOWAD,32,49,10,3540.0,35400.0
2017-10-15,201710155390691,GBBL,37,13,100,251.0,25100.0
2017-10-15,201710155390690,GBBL,37,16,57,251.0,14307.0
2017-10-15,201710155390689,GBBL,37,34,208,251.0,52208.0
2017-10-15,201710155390604,GBBL,45,5,10,250.0,2500.0
2017-10-15,201710155390426,GBBL,57,57,2,250.0,500.0
2017-10-15,201710155390421,GBBL,57,57,2,250.0,500.0
2017-10-15,201710155390740,GBIME,44,1,100,375.0,37500.0
2017-10-15,201710155390732,GBIME,46,6,89,374.0,33286.0
2017-10-15,201710155390731,GBIME,46,52,300,373.0,111900.0
2017-10-15,201710155390632,GBIME,6,6,10,374.0,3740.0
2017-10-15,201710155390626,GBIME,6,52,89,374.0,33286.0
2017-10-15,201710155390444,GBIME,57,52,211,374.0,78914.0
2017-10-15,201710155390425,GBIME,57,16,65,374.0,24310.0
2017-10-15,201710155390358,GBIME,57,29,100,374.0,37400.0
2017-10-15,201710155390329,GBIME,57,46,21,374.0,7854.0
2017-10-15,201710155390265,GBIME,52,52,20,375.0,7500.0
2017-10-15,201710155390259,GBIME,57,5,103,374.0,38522.0
2017-10-15,201710155390286,GDBL,44,22,300,350.0,105000.0
2017-10-15,201710155390359,GDBL,41,41,50,349.0,17450.0
2017-10-15,201710155390356,GDBL,44,41,100,346.0,34600.0
2017-10-15,201710155390351,GDBL,44,41,300,346.0,103800.0
2017-10-15,201710155390348,GDBL,48,41,200,347.0,69400.0
2017-10-15,201710155390517,GDBL,44,41,100,346.0,34600.0
2017-10-15,201710155390514,GDBL,43,41,200,345.0,69000.0
2017-10-15,201710155390510,GDBL,47,41,200,346.0,69200.0
2017-10-15,201710155390508,GDBL,19,41,1000,345.0,345000.0
2017-10-15,201710155390633,GDBL,43,46,51,350.0,17850.0
2017-10-15,201710155390530,GDBL,57,41,100,347.0,34700.0
2017-10-15,201710155390324,GMFIL,43,53,10,210.0,2100.0
2017-10-15,201710155390507,HBL,16,17,40,856.0,34240.0
2017-10-15,201710155390475,HBL,16,16,188,852.0,160176.0
2017-10-15,201710155390389,HIDCL,34,41,23,176.0,4048.0
2017-10-15,201710155390338,HIDCL,34,41,23,176.0,4048.0
2017-10-15,201710155390303,HIDCL,34,41,34,176.0,5984.0
2017-10-15,201710155390638,HPPL,36,57,10,366.0,3660.0
2017-10-15,201710155390636,HPPL,36,57,10,366.0,3660.0
2017-10-15,201710155390622,HPPL,36,57,10,366.0,3660.0
2017-10-15,201710155390583,HPPL,36,57,10,366.0,3660.0
2017-10-15,201710155390720,JBNL,41,55,3120,253.0,789360.0
2017-10-15,201710155390719,JBNL,56,55,600,253.0,151800.0
2017-10-15,201710155390712,JBNL,36,38,1000,255.0,255000.0
2017-10-15,201710155390711,JBNL,36,11,50,255.0,12750.0
2017-10-15,201710155390667,JBNL,40,40,12,254.0,3048.0
2017-10-15,201710155390666,JBNL,56,40,400,253.0,101200.0
2017-10-15,201710155390382,JBNL,45,45,18,252.0,4536.0
2017-10-15,201710155390260,JBNL,53,50,1000,252.0,252000.0
2017-10-15,201710155390657,JBNL,40,40,12,254.0,3048.0
2017-10-15,201710155390617,JBNL,36,52,536,254.0,136144.0
2017-10-15,201710155390616,JBNL,36,38,1000,254.0,254000.0
2017-10-15,201710155390496,JBNL,34,43,700,253.0,177100.0
2017-10-15,201710155390472,JBNL,46,50,718,252.0,180936.0
2017-10-15,201710155390386,JBNL,56,46,18,251.0,4518.0
2017-10-15,201710155390552,JSLBB,57,57,12,3602.0,43224.0
2017-10-15,201710155390283,JSLBB,10,37,12,3650.0,43800.0
2017-10-15,201710155390282,JSLBB,10,34,12,3640.0,43680.0
2017-10-15,201710155390281,JSLBB,10,34,12,3635.0,43620.0
2017-10-15,201710155390280,JSLBB,10,25,12,3634.0,43608.0
2017-10-15,201710155390664,KBL,6,33,500,295.0,147500.0
2017-10-15,201710155390621,KBL,7,33,500,295.0,147500.0
2017-10-15,201710155390612,KBL,45,33,500,295.0,147500.0
2017-10-15,201710155390611,KBL,1,33,100,295.0,29500.0
2017-10-15,201710155390567,KBL,36,42,684,294.0,201096.0
2017-10-15,201710155390548,KBL,6,22,143,294.0,42042.0
2017-10-15,201710155390339,KBL,28,17,100,294.0,29400.0
2017-10-15,201710155390247,KBL,17,16,25,293.0,7325.0
2017-10-15,201710155390246,KBL,6,16,200,293.0,58600.0
2017-10-15,201710155390501,KBL,16,16,2877,295.0,848715.0
2017-10-15,201710155390487,KBL,45,33,500,295.0,147500.0
2017-10-15,201710155390413,KBL,45,45,26,295.0,7670.0
2017-10-15,201710155390408,KBL,45,45,26,295.0,7670.0
2017-10-15,201710155390341,KBL,28,16,500,296.0,148000.0
2017-10-15,201710155390340,KBL,28,1,1710,295.0,504450.0
2017-10-15,201710155390743,KRBL,21,21,37,251.0,9287.0
2017-10-15,201710155390538,KRBL,49,13,100,250.0,25000.0
2017-10-15,201710155390545,KSBBL,29,29,124,209.0,25916.0
2017-10-15,201710155390509,KSBBL,39,39,41,208.0,8528.0
2017-10-15,201710155390506,KSBBL,39,39,41,208.0,8528.0
2017-10-15,201710155390503,KSBBL,39,39,73,208.0,15184.0
2017-10-15,201710155390332,KSBBL,32,17,150,209.0,31350.0
2017-10-15,201710155390251,KSBBL,26,26,41,208.0,8528.0
2017-10-15,201710155390375,LBBL,39,33,780,210.0,163800.0
2017-10-15,201710155390374,LBBL,39,22,67,209.0,14003.0
2017-10-15,201710155390619,LBL,11,16,300,317.0,95100.0
2017-10-15,201710155390605,LBL,36,36,6,321.0,1926.0
2017-10-15,201710155390396,LBL,39,46,48,315.0,15120.0
2017-10-15,201710155390733,LEMF,58,38,1000,10.1,10100.0
2017-10-15,201710155390736,LGIL,53,5,100,851.0,85100.0
2017-10-15,201710155390381,LGIL,35,13,50,855.0,42750.0
2017-10-15,201710155390380,LGIL,35,5,50,855.0,42750.0
2017-10-15,201710155390345,LGIL,53,16,3,850.0,2550.0
2017-10-15,201710155390327,LGIL,26,35,100,850.0,85000.0
2017-10-15,201710155390326,LGIL,37,35,100,851.0,85100.0
2017-10-15,201710155390695,LICN,53,41,52,2050.0,106600.0
2017-10-15,201710155390589,MBL,50,17,200,315.0,63000.0
2017-10-15,201710155390588,MBL,50,49,141,315.0,44415.0
2017-10-15,201710155390570,MBL,16,16,2578,310.0,799180.0
2017-10-15,201710155390516,MBL,14,49,100,315.0,31500.0
2017-10-15,201710155390515,MBL,28,49,100,315.0,31500.0
2017-10-15,201710155390470,MBL,36,7,600,316.0,189600.0
2017-10-15,201710155390468,MBL,36,43,374,315.0,117810.0
2017-10-15,201710155390467,MBL,29,43,200,315.0,63000.0
2017-10-15,201710155390372,MBL,35,7,100,316.0,31600.0
2017-10-15,201710155390371,MBL,10,7,100,316.0,31600.0
2017-10-15,201710155390692,MERO,45,45,20,1546.0,30920.0
2017-10-15,201710155390270,MERO,21,49,11,1541.0,16951.0
2017-10-15,201710155390717,MFIL,21,21,11,145.0,1595.0
2017-10-15,201710155390716,MFIL,21,21,11,145.0,1595.0
2017-10-15,201710155390435,MFIL,25,25,361,145.0,52345.0
2017-10-15,201710155390429,MFIL,25,25,500,145.0,72500.0
2017-10-15,201710155390392,MFIL,33,35,300,145.0,43500.0
2017-10-15,201710155390322,MFIL,33,22,100,146.0,14600.0
2017-10-15,201710155390682,MLBL,47,29,100,223.0,22300.0
2017-10-15,201710155390681,MLBL,47,48,40,223.0,8920.0
2017-10-15,201710155390464,MLBL,47,34,500,225.0,112500.0
2017-10-15,201710155390446,MLBL,47,48,500,224.0,112000.0
2017-10-15,201710155390313,MLBL,39,49,1000,220.0,220000.0
2017-10-15,201710155390312,MLBL,39,1,100,220.0,22000.0
2017-10-15,201710155390296,MLBL,47,25,500,218.0,109000.0
2017-10-15,201710155390420,MMFDB,48,28,50,2880.0,144000.0
2017-10-15,201710155390594,MNBBL,45,48,61,590.0,35990.0
2017-10-15,201710155390554,MNBBL,36,48,100,590.0,59000.0
2017-10-15,201710155390275,MNBBL,59,47,30,590.0,17700.0
2017-10-15,201710155390268,MNBBL,59,47,50,590.0,29500.0
2017-10-15,201710155390547,NABIL,18,17,40,1200.0,48000.0
2017-10-15,201710155390546,NABIL,18,5,20,1200.0,24000.0
2017-10-15,201710155390484,NABIL,19,5,35,1200.0,42000.0
2017-10-15,201710155390483,NABIL,25,5,60,1200.0,72000.0
2017-10-15,201710155390482,NABIL,52,5,80,1200.0,96000.0
2017-10-15,201710155390481,NABIL,16,5,50,1201.0,60050.0
2017-10-15,201710155390263,NABIL,42,39,45,1214.0,54630.0
2017-10-15,201710155390337,NABIL,59,49,125,1205.0,150625.0
2017-10-15,201710155390308,NABIL,56,49,50,1205.0,60250.0
2017-10-15,201710155390307,NABIL,45,49,10,1205.0,12050.0
2017-10-15,201710155390306,NABIL,53,49,70,1206.0,84420.0
2017-10-15,201710155390285,NABIL,28,49,25,1210.0,30250.0
2017-10-15,201710155390284,NABIL,22,49,20,1210.0,24200.0
2017-10-15,201710155390433,NABILP,43,26,100,860.0,86000.0
2017-10-15,201710155390635,NBB,13,55,121,319.0,38599.0
2017-10-15,201710155390634,NBB,13,40,379,318.0,120522.0
2017-10-15,201710155390630,NBB,43,43,150,318.0,47700.0
2017-10-15,201710155390629,NBB,57,43,500,318.0,159000.0
2017-10-15,201710155390430,NBB,41,55,100,319.0,31900.0
2017-10-15,201710155390355,NBB,25,55,150,319.0,47850.0
2017-10-15,201710155390354,NBB,47,55,100,319.0,31900.0
2017-10-15,201710155390353,NBB,52,55,31,320.0,9920.0
2017-10-15,201710155390299,NBB,52,55,39,320.0,12480.0
2017-10-15,201710155390628,NBB,14,43,60,318.0,19080.0
2017-10-15,201710155390627,NBB,57,43,160,318.0,50880.0
2017-10-15,201710155390601,NBB,57,34,100,318.0,31800.0
2017-10-15,201710155390551,NBB,14,47,350,318.0,111300.0
2017-10-15,201710155390652,NBIL,53,34,100,1115.0,111500.0
2017-10-15,201710155390651,NBIL,35,34,100,1115.0,111500.0
2017-10-15,201710155390561,NBIL,59,8,200,1115.0,223000.0
2017-10-15,201710155390317,NBIL,34,46,200,1130.0,226000.0
2017-10-15,201710155390730,NBL,25,55,100,348.0,34800.0
2017-10-15,201710155390654,NBL,19,40,38,350.0,13300.0
2017-10-15,201710155390653,NBL,19,40,62,350.0,21700.0
2017-10-15,201710155390352,NBL,44,46,100,347.0,34700.0
2017-10-15,201710155390613,NCCB,36,36,9,357.0,3213.0
2017-10-15,201710155390513,NCCB,39,39,19,350.0,6650.0
2017-10-15,201710155390512,NCCB,39,39,19,350.0,6650.0
2017-10-15,201710155390511,NCCB,39,39,19,350.0,6650.0
2017-10-15,201710155390504,NCCB,8,55,159,350.0,55650.0
2017-10-15,201710155390480,NCCB,41,55,68,350.0,23800.0
2017-10-15,201710155390451,NCCB,41,46,32,350.0,11200.0
2017-10-15,201710155390640,NIB,22,17,18,623.0,11214.0
2017-10-15,201710155390553,NIB,56,17,32,623.0,19936.0
2017-10-15,201710155390474,NIB,29,49,20,623.0,12460.0
2017-10-15,201710155390462,NIB,38,38,205,624.0,127920.0
2017-10-15,201710155390456,NIB,14,28,59,623.0,36757.0
2017-10-15,201710155390361,NIB,14,20,32,623.0,19936.0
2017-10-15,201710155390250,NIB,41,39,100,623.0,62300.0
2017-10-15,201710155390671,NICA,8,8,1000,351.0,351000.0
2017-10-15,201710155390655,NICA,1,5,100,353.0,35300.0
2017-10-15,201710155390600,NICA,59,5,10,352.0,3520.0
2017-10-15,201710155390574,NICA,59,43,288,352.0,101376.0
2017-10-15,201710155390573,NICA,25,43,50,352.0,17600.0
2017-10-15,201710155390572,NICA,25,43,50,352.0,17600.0
2017-10-15,201710155390571,NICA,26,43,50,353.0,17650.0
2017-10-15,201710155390486,NICA,38,16,265,353.0,93545.0
2017-10-15,201710155390291,NICA,11,1,145,353.0,51185.0
2017-10-15,201710155390670,NICL,44,37,100,1400.0,140000.0
2017-10-15,201710155390663,NICL,44,40,100,1400.0,140000.0
2017-10-15,201710155390539,NICL,8,8,100,1383.0,138300.0
2017-10-15,201710155390298,NICL,37,49,200,1400.0,280000.0
2017-10-15,201710155390274,NICL,10,56,20,1418.0,28360.0
2017-10-15,201710155390685,NIL,45,44,100,900.0,90000.0
2017-10-15,201710155390684,NIL,45,44,50,900.0,45000.0
2017-10-15,201710155390610,NIL,45,48,50,900.0,45000.0
2017-10-15,201710155390376,NLBBL,25,43,20,1137.0,22740.0
2017-10-15,201710155390522,NLIC,28,48,12,1978.0,23736.0
2017-10-15,201710155390424,NLIC,38,59,26,1980.0,51480.0
2017-10-15,201710155390423,NLIC,20,59,10,1980.0,19800.0
2017-10-15,201710155390401,NLIC,38,29,12,1980.0,23760.0
2017-10-15,201710155390400,NLIC,38,33,12,1978.0,23736.0
2017-10-15,201710155390369,NLIC,41,59,27,1975.0,53325.0
2017-10-15,201710155390318,NLIC,6,48,12,1976.0,23712.0
2017-10-15,201710155390368,NLIC,35,59,50,1975.0,98750.0
2017-10-15,201710155390367,NLIC,11,59,25,1975.0,49375.0
2017-10-15,201710155390366,NLIC,29,59,50,1975.0,98750.0
2017-10-15,201710155390365,NLIC,13,59,50,1975.0,98750.0
2017-10-15,201710155390364,NLIC,19,59,100,1976.0,197600.0
2017-10-15,201710155390363,NLIC,6,59,38,1976.0,75088.0
2017-10-15,201710155390602,NLICL,53,42,130,1775.0,230750.0
2017-10-15,201710155390715,NMB,14,22,300,470.0,141000.0
2017-10-15,201710155390714,NMB,14,16,206,469.0,96614.0
2017-10-15,201710155390713,NMB,14,6,200,469.0,93800.0
2017-10-15,201710155390569,NMB,7,58,110,466.0,51260.0
2017-10-15,201710155390422,NMB,6,26,58,465.0,26970.0
2017-10-15,201710155390378,NMB,45,45,14,466.0,6524.0
2017-10-15,201710155390593,NMFBS,48,33,11,3220.0,35420.0
2017-10-15,201710155390556,NNLB,41,41,10,2671.0,26710.0
2017-10-15,201710155390741,NTC,22,41,50,778.0,38900.0
2017-10-15,201710155390718,NTC,19,1,45,777.0,34965.0
2017-10-15,201710155390541,NTC,50,7,500,781.0,390500.0
2017-10-15,201710155390540,NTC,50,43,45,781.0,35145.0
2017-10-15,201710155390745,NUBL,56,7,100,2350.0,235000.0
2017-10-15,201710155390737,NUBL,58,34,124,2350.0,291400.0
2017-10-15,201710155390649,NUBL,32,21,30,2345.0,70350.0
2017-10-15,201710155390648,NUBL,45,21,10,2346.0,23460.0
2017-10-15,201710155390647,NUBL,45,21,10,2346.0,23460.0
2017-10-15,201710155390615,NUBL,45,34,40,2350.0,94000.0
2017-10-15,201710155390452,NUBL,11,44,100,2365.0,236500.0
2017-10-15,201710155390262,NUBL,34,57,34,2350.0,79900.0
2017-10-15,201710155390565,NUBL,1,34,100,2350.0,235000.0
2017-10-15,201710155390564,NUBL,22,34,10,2350.0,23500.0
2017-10-15,201710155390563,NUBL,34,34,16,2350.0,37600.0
2017-10-15,201710155390562,NUBL,34,34,10,2350.0,23500.0
2017-10-15,201710155390526,NUBL,26,44,10,2365.0,23650.0
2017-10-15,201710155390476,NUBL,34,44,100,2365.0,236500.0
2017-10-15,201710155390473,ODBL,35,1,36,290.0,10440.0
2017-10-15,201710155390466,ODBL,29,1,20,290.0,5800.0
2017-10-15,201710155390738,PCBL,36,43,150,429.0,64350.0
2017-10-15,201710155390668,PCBL,58,5,14,426.0,5964.0
2017-10-15,201710155390591,PCBL,36,55,100,428.0,42800.0
2017-10-15,201710155390559,PCBL,56,10,700,426.0,298200.0
2017-10-15,201710155390558,PCBL,36,55,200,428.0,85600.0
2017-10-15,201710155390557,PCBL,36,1,300,428.0,128400.0
2017-10-15,201710155390305,PCBL,40,10,500,426.0,213000.0
2017-10-15,201710155390300,PCBL,26,26,8,433.0,3464.0
2017-10-15,201710155390287,PCBL,53,47,48,427.0,20496.0
2017-10-15,201710155390254,PCBL,26,26,8,433.0,3464.0
2017-10-15,201710155390388,PCBL,54,49,101,425.0,42925.0
2017-10-15,201710155390387,PCBL,53,49,66,426.0,28116.0
2017-10-15,201710155390370,PCBL,40,10,1000,426.0,426000.0
2017-10-15,201710155390316,PCBL,53,1,86,426.0,36636.0
2017-10-15,201710155390315,PCBL,25,1,150,426.0,63900.0
2017-10-15,201710155390314,PCBL,13,1,50,426.0,21300.0
2017-10-15,201710155390502,PCBL,7,48,327,426.0,139302.0
2017-10-15,201710155390460,PCBL,40,10,500,425.0,212500.0
2017-10-15,201710155390459,PCBL,36,10,500,425.0,212500.0
2017-10-15,201710155390411,PCBL,45,49,167,425.0,70975.0
2017-10-15,201710155390405,PCBL,57,10,300,427.0,128100.0
2017-10-15,201710155390399,PCBL,58,10,200,426.0,85200.0
2017-10-15,201710155390495,PCBLP,42,55,1000,255.0,255000.0
2017-10-15,201710155390485,PCBLP,42,55,1000,260.0,260000.0
2017-10-15,201710155390256,PFL,42,39,20,224.0,4480.0
2017-10-15,201710155390255,PFL,45,39,10,224.0,2240.0
2017-10-15,201710155390555,PICL,8,8,50,1420.0,71000.0
2017-10-15,201710155390465,PLIC,49,42,500,1795.0,897500.0
2017-10-15,201710155390729,PRVU,34,58,300,363.0,108900.0
2017-10-15,201710155390702,PRVU,39,43,50,360.0,18000.0
2017-10-15,201710155390701,PRVU,11,43,50,361.0,18050.0
2017-10-15,201710155390688,PRVU,36,47,240,362.0,86880.0
2017-10-15,201710155390687,PRVU,36,11,300,362.0,108600.0
2017-10-15,201710155390686,PRVU,36,55,38,362.0,13756.0
2017-10-15,201710155390344,PRVU,17,55,275,362.0,99550.0
2017-10-15,201710155390343,PRVU,14,55,487,362.0,176294.0
2017-10-15,201710155390490,PRVU,26,5,83,361.0,29963.0
2017-10-15,201710155390402,PRVU,26,46,15,361.0,5415.0
2017-10-15,201710155390586,PRVU,39,25,105,360.0,37800.0
2017-10-15,201710155390585,PRVU,58,25,150,360.0,54000.0
2017-10-15,201710155390584,PRVU,26,25,252,361.0,90972.0
2017-10-15,201710155390531,PRVU,16,55,200,362.0,72400.0
2017-10-15,201710155390269,PURBL,52,52,3,294.0,882.0
2017-10-15,201710155390432,PURBL,26,13,44,300.0,13200.0
2017-10-15,201710155390431,PURBL,26,1,100,300.0,30000.0
2017-10-15,201710155390409,PURBL,26,46,31,299.0,9269.0
2017-10-15,201710155390550,RBCLPO,28,59,10,14700.0,147000.0
2017-10-15,201710155390523,RBCLPO,34,59,50,14700.0,735000.0
2017-10-15,201710155390443,RBCLPO,38,32,10,14565.0,145650.0
2017-10-15,201710155390442,RBCLPO,38,34,10,14565.0,145650.0
2017-10-15,201710155390441,RBCLPO,38,34,50,14500.0,725000.0
2017-10-15,201710155390440,RBCLPO,38,26,10,14499.0,144990.0
2017-10-15,201710155390439,RBCLPO,38,59,10,14400.0,144000.0
2017-10-15,201710155390579,RHPC,45,45,16,161.0,2576.0
2017-10-15,201710155390566,RHPC,29,11,30,160.0,4800.0
2017-10-15,201710155390549,RHPC,29,29,16,160.0,2560.0
2017-10-15,201710155390532,RHPC,29,29,16,160.0,2560.0
2017-10-15,201710155390665,RLFL,21,42,111,203.0,22533.0
2017-10-15,201710155390608,RLFL,21,5,10,203.0,2030.0
2017-10-15,201710155390288,RLFL,35,21,10,206.0,2060.0
2017-10-15,201710155390694,RMDC,17,21,30,678.0,20340.0
2017-10-15,201710155390469,RMDC,56,1,220,675.0,148500.0
2017-10-15,201710155390723,SANIMA,38,49,10,341.0,3410.0
2017-10-15,201710155390710,SANIMA,53,49,200,341.0,68200.0
2017-10-15,201710155390709,SANIMA,14,49,500,341.0,170500.0
2017-10-15,201710155390708,SANIMA,4,49,100,341.0,34100.0
2017-10-15,201710155390707,SANIMA,52,49,20,341.0,6820.0
2017-10-15,201710155390706,SANIMA,41,49,70,343.0,24010.0
2017-10-15,201710155390309,SANIMA,17,21,30,342.0,10260.0
2017-10-15,201710155390278,SANIMA,45,57,60,345.0,20700.0
2017-10-15,201710155390277,SANIMA,45,55,390,343.0,133770.0
2017-10-15,201710155390271,SANIMA,41,21,30,341.0,10230.0
2017-10-15,201710155390428,SANIMA,14,56,100,342.0,34200.0
2017-10-15,201710155390427,SANIMA,17,56,40,342.0,13680.0
2017-10-15,201710155390385,SANIMA,6,17,60,343.0,20580.0
2017-10-15,201710155390384,SANIMA,6,32,40,343.0,13720.0
2017-10-15,201710155390383,SANIMA,4,32,100,343.0,34300.0
2017-10-15,201710155390349,SANIMA,6,25,100,343.0,34300.0
2017-10-15,201710155390705,SANIMA,25,49,100,343.0,34300.0
2017-10-15,201710155390498,SANIMA,53,56,200,343.0,68600.0
2017-10-15,201710155390471,SANIMA,45,32,100,343.0,34300.0
2017-10-15,201710155390455,SANIMA,45,56,200,343.0,68600.0
2017-10-15,201710155390454,SANIMA,45,17,200,343.0,68600.0
2017-10-15,201710155390437,SANIMA,4,21,100,342.0,34200.0
2017-10-15,201710155390505,SBI,45,45,435,800.0,348000.0
2017-10-15,201710155390419,SBI,21,17,50,800.0,40000.0
2017-10-15,201710155390418,SBI,55,17,20,800.0,16000.0
2017-10-15,201710155390417,SBI,55,17,100,800.0,80000.0
2017-10-15,201710155390416,SBI,17,17,150,801.0,120150.0
2017-10-15,201710155390415,SBI,10,17,35,801.0,28035.0
2017-10-15,201710155390414,SBI,14,17,50,802.0,40100.0
2017-10-15,201710155390398,SBI,25,21,80,807.0,64560.0
2017-10-15,201710155390297,SBI,28,17,30,809.0,24270.0
2017-10-15,201710155390739,SBL,14,55,32,402.0,12864.0
2017-10-15,201710155390543,SBL,25,26,100,401.0,40100.0
2017-10-15,201710155390519,SBL,45,45,600,400.0,240000.0
2017-10-15,201710155390518,SBL,45,5,101,400.0,40400.0
2017-10-15,201710155390294,SBL,33,53,482,400.0,192800.0
2017-10-15,201710155390293,SBL,47,53,68,400.0,27200.0
2017-10-15,201710155390292,SBL,55,53,50,401.0,20050.0
2017-10-15,201710155390676,SCB,53,48,35,2100.0,73500.0
2017-10-15,201710155390675,SCB,53,55,500,2100.0,1050000.0
2017-10-15,201710155390674,SCB,53,47,10,2100.0,21000.0
2017-10-15,201710155390673,SCB,53,22,50,2100.0,105000.0
2017-10-15,201710155390631,SCB,52,50,20,2093.0,41860.0
2017-10-15,201710155390289,SCB,59,41,15,2091.0,31365.0
2017-10-15,201710155390279,SCB,17,49,10,2098.0,20980.0
2017-10-15,201710155390267,SCB,18,22,20,2100.0,42000.0
2017-10-15,201710155390568,SCB,14,45,20,2092.0,41840.0
2017-10-15,201710155390529,SCB,47,7,96,2098.0,201408.0
2017-10-15,201710155390461,SCB,29,33,10,2095.0,20950.0
2017-10-15,201710155390357,SCB,59,19,10,2091.0,20910.0
2017-10-15,201710155390310,SCB,59,48,10,2091.0,20910.0
2017-10-15,201710155390264,SHINE,58,47,120,400.0,48000.0
2017-10-15,201710155390614,SHL,10,56,200,360.0,72000.0
2017-10-15,201710155390448,SHPC,41,26,13,515.0,6695.0
2017-10-15,201710155390620,SIC,8,8,50,1640.0,82000.0
2017-10-15,201710155390410,SICL,41,33,10,1930.0,19300.0
2017-10-15,201710155390560,SIFC,17,58,10,443.0,4430.0
2017-10-15,201710155390521,SIL,49,49,500,1400.0,700000.0
2017-10-15,201710155390520,SIL,49,48,246,1400.0,344400.0
2017-10-15,201710155390450,SIL,45,48,20,1400.0,28000.0
2017-10-15,201710155390391,SINDU,25,42,50,183.0,9150.0
2017-10-15,201710155390320,SINDU,47,49,100,185.0,18500.0
2017-10-15,201710155390693,SLICL,21,21,53,937.0,49661.0
2017-10-15,201710155390680,SLICL,21,21,53,937.0,49661.0
2017-10-15,201710155390742,SMFDB,52,34,48,1985.0,95280.0
2017-10-15,201710155390453,SMFDB,35,48,48,1950.0,93600.0
2017-10-15,201710155390458,SPDL,16,17,29,162.0,4698.0
2017-10-15,201710155390273,SPDL,22,49,15,162.0,2430.0
2017-10-15,201710155390704,SRBL,8,55,233,321.0,74793.0
2017-10-15,201710155390703,SRBL,8,46,100,321.0,32100.0
2017-10-15,201710155390582,SRBL,43,14,500,320.0,160000.0
2017-10-15,201710155390581,SRBL,43,58,165,320.0,52800.0
2017-10-15,201710155390580,SRBL,43,11,250,319.0,79750.0
2017-10-15,201710155390527,SRBL,45,45,2023,318.0,643314.0
2017-10-15,201710155390497,SRBL,38,26,100,318.0,31800.0
2017-10-15,201710155390449,SRBL,43,49,14,316.0,4424.0
2017-10-15,201710155390447,SRBL,38,49,93,317.0,29481.0
2017-10-15,201710155390412,SRBL,38,49,107,317.0,33919.0
2017-10-15,201710155390335,SRBL,38,56,228,318.0,72504.0
2017-10-15,201710155390637,SWBBL,46,34,66,1599.0,105534.0
2017-10-15,201710155390407,UMHL,39,34,14,257.0,3598.0
2017-10-15,201710155390406,UMHL,39,49,14,257.0,3598.0
2017-10-15,201710155390590,VLBS,18,36,74,1230.0,91020.0
2017-10-15,201710155390457,VLBS,18,26,11,1230.0,13530.0
2017-10-15,201710155390331,VLBS,18,40,150,1254.0,188100.0
2017-10-15,201710155390330,VLBS,18,21,100,1253.0,125300.0
2017-10-15,201710155390683,WOMI,40,33,21,1875.0,39375.0
2017-10-15,201710155390679,WOMI,40,34,21,1873.0,39333.0
