date,transaction_no,symbol,buyer,seller,quantity,rate,amount
2018-06-10,201806106208329,ADBL,6,5,361,317.0,114437.0
2018-06-10,201806106208127,ADBL,4,4,87,316.0,27492.0
2018-06-10,201806106208046,ADBL,41,44,18,315.0,5670.0
2018-06-10,201806106207977,ADBL,14,1,100,315.0,31500.0
2018-06-10,201806106207887,ADBL,56,5,100,317.0,31700.0
2018-06-10,201806106207886,ADBL,39,5,30,317.0,9510.0
2018-06-10,201806106207976,ADBL,35,1,500,315.0,157500.0
2018-06-10,201806106207975,ADBL,38,1,32,315.0,10080.0
2018-06-10,201806106208217,ALICL,38,57,50,679.0,33950.0
2018-06-10,201806106207995,ALICL,35,28,94,679.0,63826.0
2018-06-10,201806106207994,ALICL,8,28,50,679.0,33950.0
2018-06-10,201806106207993,ALICL,53,28,30,680.0,20400.0
2018-06-10,201806106207992,ALICL,54,28,100,680.0,68000.0
2018-06-10,201806106207991,ALICL,4,28,26,689.0,17914.0
2018-06-10,201806106207900,ALICL,4,7,50,689.0,34450.0
2018-06-10,201806106208026,API,58,48,123,287.0,35301.0
2018-06-10,201806106207870,API,22,48,500,287.0,143500.0
2018-06-10,201806106207869,API,39,48,217,288.0,62496.0
2018-06-10,201806106208110,BNT,38,55,50,5700.0,285000.0
2018-06-10,201806106208367,BOKL,19,13,300,304.0,91200.0
2018-06-10,201806106208366,BOKL,42,13,338,304.0,102752.0
2018-06-10,201806106208342,BOKL,42,13,34,304.0,10336.0
2018-06-10,201806106208275,BOKL,25,13,10,306.0,3060.0
2018-06-10,201806106208087,BOKL,42,59,128,304.0,38912.0
2018-06-10,201806106207892,BPCL,58,21,450,446.0,200700.0
2018-06-10,201806106207891,BPCL,58,56,120,445.0,53400.0
2018-06-10,201806106207913,CBBL,28,13,11,917.0,10087.0
2018-06-10,201806106207912,CBBL,17,13,200,917.0,183400.0
2018-06-10,201806106208144,CBL,58,33,249,151.0,37599.0
2018-06-10,201806106208082,CBL,33,33,1000,151.0,151000.0
2018-06-10,201806106208081,CBL,59,33,140,151.0,21140.0
2018-06-10,201806106208080,CBL,59,58,261,151.0,39411.0
2018-06-10,201806106207920,CBL,33,59,401,151.0,60551.0
2018-06-10,201806106208265,CCBL,26,42,100,169.0,16900.0
2018-06-10,201806106208140,CCBL,51,56,144,168.0,24192.0
2018-06-10,201806106208139,CCBL,51,56,100,168.0,16800.0
2018-06-10,201806106208138,CCBL,8,56,300,168.0,50400.0
2018-06-10,201806106208137,CCBL,35,56,39,168.0,6552.0
2018-06-10,201806106208136,CCBL,29,56,12,168.0,2016.0
2018-06-10,201806106207958,CCBL,1,44,200,169.0,33800.0
2018-06-10,201806106207957,CCBL,39,44,326,169.0,55094.0
2018-06-10,201806106207956,CCBL,37,44,123,169.0,20787.0
2018-06-10,201806106208135,CCBL,45,56,300,169.0,50700.0
2018-06-10,201806106208134,CCBL,6,56,100,169.0,16900.0
2018-06-10,201806106208042,CCBL,28,40,101,169.0,17069.0
2018-06-10,201806106208041,CCBL,28,44,554,169.0,93626.0
2018-06-10,201806106207971,CCBL,13,44,534,169.0,90246.0
2018-06-10,201806106207959,CCBL,7,44,100,169.0,16900.0
2018-06-10,201806106208310,CHCL,10,55,22,767.0,16874.0
2018-06-10,201806106208309,CHCL,32,55,50,768.0,38400.0
2018-06-10,201806106208308,CHCL,17,55,200,768.0,153600.0
2018-06-10,201806106208307,CHCL,59,55,71,768.0,54528.0
2018-06-10,201806106208306,CHCL,56,55,10,770.0,7700.0
2018-06-10,201806106208204,CHCL,6,6,1,760.0,760.0
2018-06-10,201806106208196,CHCL,56,50,50,770.0,38500.0
2018-06-10,201806106208133,CHCL,56,45,300,770.0,231000.0
2018-06-10,201806106208007,CHCL,33,59,100,769.0,76900.0
2018-06-10,201806106207931,CIT,5,5,10,2508.0,25080.0
2018-06-10,201806106207996,CMF1,11,43,100,9.32,932.0
2018-06-10,201806106208335,CZBIL,14,29,100,250.0,25000.0
2018-06-10,201806106208012,CZBIL,1,55,37,246.0,9102.0
2018-06-10,201806106208011,CZBIL,35,55,463,246.0,113898.0
2018-06-10,201806106207999,CZBIL,35,1,516,246.0,126936.0
2018-06-10,201806106208286,DBBL,28,44,250,133.0,33250.0
2018-06-10,201806106208202,DBBL,17,44,300,133.0,39900.0
2018-06-10,201806106208201,DBBL,38,44,1000,133.0,133000.0
2018-06-10,201806106208200,DBBL,28,44,500,133.0,66500.0
2018-06-10,201806106208199,DBBL,38,44,950,133.0,126350.0
2018-06-10,201806106207902,DBBL,44,44,263,134.0,35242.0
2018-06-10,201806106208364,EBL,42,44,100,685.0,68500.0
2018-06-10,201806106208332,EBL,39,19,120,685.0,82200.0
2018-06-10,201806106208276,EBL,39,55,100,685.0,68500.0
2018-06-10,201806106208246,EBL,39,19,40,685.0,27400.0
2018-06-10,201806106208111,EBL,6,19,100,685.0,68500.0
2018-06-10,201806106207972,EBL,42,21,40,688.0,27520.0
2018-06-10,201806106207919,EBL,42,21,15,688.0,10320.0
2018-06-10,201806106207914,EBL,50,26,535,680.0,363800.0
2018-06-10,201806106207876,EBL,50,57,40,680.0,27200.0
2018-06-10,201806106208305,FMDBL,33,26,443,550.0,243650.0
2018-06-10,201806106208090,FMDBL,42,26,64,549.0,35136.0
2018-06-10,201806106208089,FMDBL,45,26,36,550.0,19800.0
2018-06-10,201806106208054,FMDBL,45,28,14,550.0,7700.0
2018-06-10,201806106208053,FMDBL,1,28,50,550.0,27500.0
2018-06-10,201806106208052,FMDBL,42,28,36,550.0,19800.0
2018-06-10,201806106207980,FMDBL,42,55,64,550.0,35200.0
2018-06-10,201806106207979,FMDBL,51,55,100,550.0,55000.0
2018-06-10,201806106207978,FMDBL,35,55,100,550.0,55000.0
2018-06-10,201806106208036,FOWAD,33,17,26,2256.0,58656.0
2018-06-10,201806106208336,GBBL,59,56,10,178.0,1780.0
2018-06-10,201806106208333,GBBL,59,13,171,179.0,30609.0
2018-06-10,201806106208253,GBIME,17,58,496,292.0,144832.0
2018-06-10,201806106208252,GBIME,55,58,1000,292.0,292000.0
2018-06-10,201806106208251,GBIME,20,58,50,292.0,14600.0
2018-06-10,201806106208250,GBIME,25,58,500,292.0,146000.0
2018-06-10,201806106208249,GBIME,59,58,500,293.0,146500.0
2018-06-10,201806106208248,GBIME,51,58,1000,293.0,293000.0
2018-06-10,201806106208230,GBIME,53,58,30,294.0,8820.0
2018-06-10,201806106208024,GBIME,42,58,100,295.0,29500.0
2018-06-10,201806106208247,GBIME,36,58,454,293.0,133022.0
2018-06-10,201806106208235,GBIME,36,58,46,293.0,13478.0
2018-06-10,201806106208234,GBIME,39,58,100,293.0,29300.0
2018-06-10,201806106208233,GBIME,51,58,1000,294.0,294000.0
2018-06-10,201806106208232,GBIME,34,58,300,294.0,88200.0
2018-06-10,201806106208231,GBIME,32,58,50,294.0,14700.0
2018-06-10,201806106208290,GBLBS,6,58,200,570.0,114000.0
2018-06-10,201806106208289,GBLBS,20,58,200,571.0,114200.0
2018-06-10,201806106208064,GBLBS,58,58,10,574.0,5740.0
2018-06-10,201806106208063,GBLBS,58,58,10,574.0,5740.0
2018-06-10,201806106208028,GBLBS,20,16,100,571.0,57100.0
2018-06-10,201806106207960,GDBL,13,35,18,200.0,3600.0
2018-06-10,201806106207885,GDBL,13,57,100,200.0,20000.0
2018-06-10,201806106208108,GDBL,25,43,64,199.0,12736.0
2018-06-10,201806106208107,GDBL,57,43,136,199.0,27064.0
2018-06-10,201806106208047,GDBL,57,51,14,199.0,2786.0
2018-06-10,201806106207962,GDBL,13,35,100,200.0,20000.0
2018-06-10,201806106207961,GDBL,48,35,50,200.0,10000.0
2018-06-10,201806106208280,GDBL,25,47,500,199.0,99500.0
2018-06-10,201806106208244,GLICL,39,20,28,888.0,24864.0
2018-06-10,201806106208229,GLICL,53,26,50,890.0,44500.0
2018-06-10,201806106208227,GLICL,19,26,50,890.0,44500.0
2018-06-10,201806106208226,GLICL,59,26,30,890.0,26700.0
2018-06-10,201806106207973,HBL,44,46,50,566.0,28300.0
2018-06-10,201806106208099,HDL,28,55,100,1250.0,125000.0
2018-06-10,201806106208365,HGI,42,48,100,461.0,46100.0
2018-06-10,201806106208006,HGI,16,14,100,455.0,45500.0
2018-06-10,201806106208005,HGI,29,14,50,456.0,22800.0
2018-06-10,201806106208004,HGI,20,14,50,456.0,22800.0
2018-06-10,201806106208003,HGI,7,14,100,457.0,45700.0
2018-06-10,201806106208241,HPPL,22,3,10,301.0,3010.0
2018-06-10,201806106208205,HPPL,22,3,10,301.0,3010.0
2018-06-10,201806106208178,HPPL,22,3,10,301.0,3010.0
2018-06-10,201806106208147,HPPL,22,3,10,301.0,3010.0
2018-06-10,201806106208146,HPPL,22,35,20,301.0,6020.0
2018-06-10,201806106208068,HPPL,22,3,10,301.0,3010.0
2018-06-10,201806106208055,HPPL,22,3,10,301.0,3010.0
2018-06-10,201806106208048,HPPL,22,3,10,301.0,3010.0
2018-06-10,201806106208034,HPPL,22,3,10,301.0,3010.0
2018-06-10,201806106208010,HPPL,22,3,10,301.0,3010.0
2018-06-10,201806106207990,HPPL,22,3,10,301.0,3010.0
2018-06-10,201806106208284,JBBL,58,19,11,140.0,1540.0
2018-06-10,201806106208279,JBNL,51,42,141,156.0,21996.0
2018-06-10,201806106207981,JBNL,6,13,1338,156.0,208728.0
2018-06-10,201806106208218,JFL,18,20,253,166.0,41998.0
2018-06-10,201806106207970,KBBL,53,26,10,229.0,2290.0
2018-06-10,201806106207918,KBBL,58,26,40,229.0,9160.0
2018-06-10,201806106208236,KBL,6,55,868,212.0,184016.0
2018-06-10,201806106207917,KBL,53,53,400,213.0,85200.0
2018-06-10,201806106208288,KKHC,48,3,10,112.0,1120.0
2018-06-10,201806106208351,KMCDB,48,17,300,1349.0,404700.0
2018-06-10,201806106208188,KMCDB,48,6,50,1335.0,66750.0
2018-06-10,201806106207906,KMCDB,39,58,10,1330.0,13300.0
2018-06-10,201806106207905,KMCDB,48,58,500,1331.0,665500.0
2018-06-10,201806106207904,KMCDB,57,58,30,1332.0,39960.0
2018-06-10,201806106207922,KMCDB,48,33,60,1335.0,80100.0
2018-06-10,201806106207909,KMCDB,40,33,206,1335.0,275010.0
2018-06-10,201806106207908,KMCDB,40,58,60,1330.0,79800.0
2018-06-10,201806106207907,KMCDB,26,58,100,1330.0,133000.0
2018-06-10,201806106208023,LBL,47,57,100,254.0,25400.0
2018-06-10,201806106208032,LEMF,11,44,600,8.25,4950.0
2018-06-10,201806106208027,LGIL,7,37,100,560.0,56000.0
2018-06-10,201806106208345,LICN,25,16,18,1632.0,29376.0
2018-06-10,201806106208148,LICN,25,16,12,1632.0,19584.0
2018-06-10,201806106208331,MBL,35,33,50,215.0,10750.0
2018-06-10,201806106208245,MBL,1,1,200,214.0,42800.0
2018-06-10,201806106208131,MBL,49,20,25,213.0,5325.0
2018-06-10,201806106208362,MEGA,14,55,100,175.0,17500.0
2018-06-10,201806106208225,MEGA,59,19,870,173.0,150510.0
2018-06-10,201806106208224,MEGA,39,19,100,173.0,17300.0
2018-06-10,201806106208223,MEGA,47,19,100,173.0,17300.0
2018-06-10,201806106208222,MEGA,39,19,665,173.0,115045.0
2018-06-10,201806106208221,MEGA,29,19,56,173.0,9688.0
2018-06-10,201806106207898,MEGA,59,55,149,175.0,26075.0
2018-06-10,201806106207897,MEGA,59,44,101,175.0,17675.0
2018-06-10,201806106208177,MEGA,7,39,415,174.0,72210.0
2018-06-10,201806106208143,MEGA,7,11,377,174.0,65598.0
2018-06-10,201806106208040,MEGA,7,40,57,174.0,9918.0
2018-06-10,201806106208035,MEGA,7,40,91,174.0,15834.0
2018-06-10,201806106208031,MEGA,14,40,91,174.0,15834.0
2018-06-10,201806106208002,MEGA,1,38,51,174.0,8874.0
2018-06-10,201806106208220,MEGA,52,19,66,173.0,11418.0
2018-06-10,201806106208213,MEGA,52,53,22,173.0,3806.0
2018-06-10,201806106208209,MEGA,43,19,1000,174.0,174000.0
2018-06-10,201806106208208,MEGA,39,19,100,174.0,17400.0
2018-06-10,201806106208207,MEGA,28,19,50,174.0,8700.0
2018-06-10,201806106208206,MEGA,7,19,60,174.0,10440.0
2018-06-10,201806106208058,MERO,29,17,100,1060.0,106000.0
2018-06-10,201806106208057,MERO,41,17,50,1060.0,53000.0
2018-06-10,201806106208056,MERO,6,17,70,1075.0,75250.0
2018-06-10,201806106208061,MFIL,49,43,2754,126.0,347004.0
2018-06-10,201806106208060,MFIL,13,43,271,127.0,34417.0
2018-06-10,201806106208059,MFIL,38,43,10,127.0,1270.0
2018-06-10,201806106207888,MIDBL,33,51,20,192.0,3840.0
2018-06-10,201806106208337,MNBBL,28,56,100,383.0,38300.0
2018-06-10,201806106208303,MNBBL,28,35,538,383.0,206054.0
2018-06-10,201806106208302,MNBBL,7,35,500,383.0,191500.0
2018-06-10,201806106208301,MNBBL,58,35,100,383.0,38300.0
2018-06-10,201806106208300,MNBBL,29,35,200,383.0,76600.0
2018-06-10,201806106208299,MNBBL,32,35,30,383.0,11490.0
2018-06-10,201806106208088,MNBBL,14,32,336,386.0,129696.0
2018-06-10,201806106208298,MNBBL,41,35,70,383.0,26810.0
2018-06-10,201806106208297,MNBBL,53,35,12,383.0,4596.0
2018-06-10,201806106208296,MNBBL,45,35,150,384.0,57600.0
2018-06-10,201806106208189,MNBBL,45,20,50,384.0,19200.0
2018-06-10,201806106208145,MNBBL,44,39,300,385.0,115500.0
2018-06-10,201806106208109,MNBBL,14,29,100,387.0,38700.0
2018-06-10,201806106208102,MSLB,21,10,10,2625.0,26250.0
2018-06-10,201806106208076,MSLB,34,36,30,2630.0,78900.0
2018-06-10,201806106208075,MSLB,41,36,50,2630.0,131500.0
2018-06-10,201806106208074,MSLB,19,36,15,2630.0,39450.0
2018-06-10,201806106208073,MSLB,48,36,10,2631.0,26310.0
2018-06-10,201806106208044,MSLB,11,57,15,2645.0,39675.0
2018-06-10,201806106207911,MSLB,21,57,10,2650.0,26500.0
2018-06-10,201806106208277,MSMBS,48,41,22,724.0,15928.0
2018-06-10,201806106208001,MSMBS,11,14,33,710.0,23430.0
2018-06-10,201806106208185,NABIL,6,6,100,956.0,95600.0
2018-06-10,201806106208176,NABIL,19,6,100,956.0,95600.0
2018-06-10,201806106208175,NABIL,47,6,24,956.0,22944.0
2018-06-10,201806106208162,NABIL,47,39,125,956.0,119500.0
2018-06-10,201806106208115,NABIL,47,40,21,956.0,20076.0
2018-06-10,201806106208114,NABIL,42,40,15,956.0,14340.0
2018-06-10,201806106208113,NABIL,6,40,100,957.0,95700.0
2018-06-10,201806106208112,NABIL,28,40,10,959.0,9590.0
2018-06-10,201806106207901,NABIL,29,11,100,950.0,95000.0
2018-06-10,201806106208083,NABILP,45,13,100,763.0,76300.0
2018-06-10,201806106207974,NBB,34,17,211,212.0,44732.0
2018-06-10,201806106207997,NBBL,17,4,33,2501.0,82533.0
2018-06-10,201806106208169,NBL,39,55,35,308.0,10780.0
2018-06-10,201806106208168,NBL,50,55,1000,309.0,309000.0
2018-06-10,201806106208167,NBL,28,55,20,309.0,6180.0
2018-06-10,201806106208166,NBL,40,55,100,309.0,30900.0
2018-06-10,201806106208142,NBL,46,57,131,309.0,40479.0
2018-06-10,201806106208141,NBL,56,57,269,310.0,83390.0
2018-06-10,201806106208067,NBL,56,17,300,310.0,93000.0
2018-06-10,201806106208066,NBL,56,28,50,310.0,15500.0
2018-06-10,201806106208051,NBL,32,28,200,310.0,62000.0
2018-06-10,201806106208015,NBL,29,28,500,310.0,155000.0
2018-06-10,201806106208292,NCCB,8,51,30,252.0,7560.0
2018-06-10,201806106208291,NCCB,8,26,70,252.0,17640.0
2018-06-10,201806106208192,NCCB,5,26,30,252.0,7560.0
2018-06-10,201806106208187,NCCB,5,8,20,249.0,4980.0
2018-06-10,201806106208014,NEF,59,22,100,8.42,842.0
2018-06-10,201806106208165,NGPL,32,16,11,177.0,1947.0
2018-06-10,201806106208164,NGPL,32,16,11,177.0,1947.0
2018-06-10,201806106207933,NGPL,17,16,11,180.0,1980.0
2018-06-10,201806106207921,NGPL,58,16,11,181.0,1991.0
2018-06-10,201806106208242,NHPC,7,16,1970,84.0,165480.0
2018-06-10,201806106207998,NHPC,36,16,1000,85.0,85000.0
2018-06-10,201806106208330,NIB,32,42,324,625.0,202500.0
2018-06-10,201806106208272,NIB,57,28,500,626.0,313000.0
2018-06-10,201806106208271,NIB,29,28,18,626.0,11268.0
2018-06-10,201806106208270,NIB,50,28,1000,627.0,627000.0
2018-06-10,201806106208269,NIB,44,28,80,627.0,50160.0
2018-06-10,201806106208268,NIB,42,28,20,628.0,12560.0
2018-06-10,201806106207939,NIB,57,17,37,630.0,23310.0
2018-06-10,201806106207938,NIB,57,39,38,630.0,23940.0
2018-06-10,201806106207937,NIB,57,1,100,629.0,62900.0
2018-06-10,201806106207936,NIB,57,35,67,629.0,42143.0
2018-06-10,201806106207935,NIB,57,14,92,628.0,57776.0
2018-06-10,201806106207945,NIB,57,33,200,630.0,126000.0
2018-06-10,201806106207944,NIB,57,16,200,630.0,126000.0
2018-06-10,201806106207943,NIB,57,7,167,630.0,105210.0
2018-06-10,201806106207942,NIB,57,37,690,630.0,434700.0
2018-06-10,201806106207941,NIB,57,17,37,630.0,23310.0
2018-06-10,201806106207940,NIB,57,17,37,630.0,23310.0
2018-06-10,201806106208267,NIB,19,28,200,630.0,126000.0
2018-06-10,201806106208266,NIB,6,28,100,632.0,63200.0
2018-06-10,201806106207948,NIB,57,34,713,631.0,449903.0
2018-06-10,201806106207947,NIB,57,55,200,630.0,126000.0
2018-06-10,201806106207946,NIB,57,28,200,630.0,126000.0
2018-06-10,201806106208174,NICGF,19,43,100,9.0,900.0
2018-06-10,201806106208340,NIL,22,17,200,558.0,111600.0
2018-06-10,201806106208339,NIL,29,17,40,558.0,22320.0
2018-06-10,201806106208212,NIL,54,40,100,558.0,55800.0
2018-06-10,201806106208211,NIL,35,40,100,559.0,55900.0
2018-06-10,201806106208210,NIL,45,40,38,562.0,21356.0
2018-06-10,201806106208184,NIL,45,58,62,562.0,34844.0
2018-06-10,201806106207967,NIL,14,57,50,558.0,27900.0
2018-06-10,201806106207896,NIL,51,7,100,559.0,55900.0
2018-06-10,201806106207894,NIL,34,55,100,560.0,56000.0
2018-06-10,201806106207893,NIL,34,57,100,560.0,56000.0
2018-06-10,201806106208346,NLBBL,32,22,10,675.0,6750.0
2018-06-10,201806106208311,NLBBL,57,50,130,662.0,86060.0
2018-06-10,201806106207916,NLBBL,57,56,12,673.0,8076.0
2018-06-10,201806106208304,NLG,5,45,50,882.0,44100.0
2018-06-10,201806106208085,NLG,5,20,45,882.0,39690.0
2018-06-10,201806106208084,NLG,17,20,20,882.0,17640.0
2018-06-10,201806106207903,NLG,53,13,100,899.0,89900.0
2018-06-10,201806106208264,NLIC,22,8,26,1031.0,26806.0
2018-06-10,201806106208117,NLIC,3,38,17,1038.0,17646.0
2018-06-10,201806106208116,NLIC,3,35,26,1038.0,26988.0
2018-06-10,201806106208022,NLIC,19,35,50,1031.0,51550.0
2018-06-10,201806106208021,NLIC,38,35,20,1031.0,20620.0
2018-06-10,201806106208020,NLIC,17,35,10,1035.0,10350.0
2018-06-10,201806106208017,NLIC,42,35,16,1038.0,16608.0
2018-06-10,201806106207934,NLIC,51,16,35,1040.0,36400.0
2018-06-10,201806106207910,NLIC,42,16,15,1040.0,15600.0
2018-06-10,201806106208195,NLICL,14,38,100,1270.0,127000.0
2018-06-10,201806106208194,NLICL,54,46,100,1265.0,126500.0
2018-06-10,201806106208193,NLICL,46,46,30,1265.0,37950.0
2018-06-10,201806106208334,NMB,19,37,100,370.0,37000.0
2018-06-10,201806106208262,NMB,47,37,50,370.0,18500.0
2018-06-10,201806106208132,NMB,38,10,59,369.0,21771.0
2018-06-10,201806106208050,NMB,59,57,821,370.0,303770.0
2018-06-10,201806106208049,NMB,59,37,100,370.0,37000.0
2018-06-10,201806106208033,NMB,19,37,500,370.0,185000.0
2018-06-10,201806106208086,NMFBS,41,32,10,2350.0,23500.0
2018-06-10,201806106207878,NMFBS,41,29,10,2330.0,23300.0
2018-06-10,201806106207873,NMFBS,41,35,12,2320.0,27840.0
2018-06-10,201806106207872,NMFBS,41,32,20,2320.0,46400.0
2018-06-10,201806106208341,NTC,22,44,1000,735.0,735000.0
2018-06-10,201806106208293,NTC,43,7,10,739.0,7390.0
2018-06-10,201806106208261,NTC,22,59,2325,732.0,1701900.0
2018-06-10,201806106208260,NTC,35,59,50,732.0,36600.0
2018-06-10,201806106208259,NTC,34,59,500,732.0,366000.0
2018-06-10,201806106208258,NTC,14,59,20,734.0,14680.0
2018-06-10,201806106208257,NTC,49,59,40,734.0,29360.0
2018-06-10,201806106208256,NTC,6,59,65,734.0,47710.0
2018-06-10,201806106208126,NUBL,28,42,20,1130.0,22600.0
2018-06-10,201806106208125,NUBL,58,42,20,1130.0,22600.0
2018-06-10,201806106208285,PCBL,52,44,46,295.0,13570.0
2018-06-10,201806106208173,PCBL,52,20,54,295.0,15930.0
2018-06-10,201806106208172,PCBL,44,20,200,295.0,59000.0
2018-06-10,201806106208171,PCBL,41,20,12,295.0,3540.0
2018-06-10,201806106208203,PIC,17,16,11,1186.0,13046.0
2018-06-10,201806106208129,PIC,1,16,11,1186.0,13046.0
2018-06-10,201806106208128,PIC,1,16,11,1186.0,13046.0
2018-06-10,201806106208098,PIC,22,29,15,1181.0,17715.0
2018-06-10,201806106208097,PIC,51,29,49,1182.0,57918.0
2018-06-10,201806106208096,PIC,39,29,100,1182.0,118200.0
2018-06-10,201806106207926,PIC,5,58,10,1185.0,11850.0
2018-06-10,201806106207925,PIC,43,58,100,1185.0,118500.0
2018-06-10,201806106207924,PIC,10,58,50,1185.0,59250.0
2018-06-10,201806106207923,PIC,39,58,50,1186.0,59300.0
2018-06-10,201806106207915,PIC,38,48,11,1186.0,13046.0
2018-06-10,201806106208000,PIC,5,16,11,1184.0,13024.0
2018-06-10,201806106207969,PIC,5,48,11,1184.0,13024.0
2018-06-10,201806106207930,PIC,51,58,25,1185.0,29625.0
2018-06-10,201806106207929,PIC,56,58,10,1185.0,11850.0
2018-06-10,201806106207928,PIC,5,58,100,1185.0,118500.0
2018-06-10,201806106207927,PIC,51,58,100,1185.0,118500.0
2018-06-10,201806106208095,PIC,56,29,20,1183.0,23660.0
2018-06-10,201806106208094,PIC,50,29,50,1183.0,59150.0
2018-06-10,201806106208071,PIC,5,48,50,1184.0,59200.0
2018-06-10,201806106208025,PIC,5,58,55,1185.0,65175.0
2018-06-10,201806106208019,PIC,5,16,11,1184.0,13024.0
2018-06-10,201806106208018,PIC,5,38,11,1184.0,13024.0
2018-06-10,201806106208294,PICL,20,19,50,790.0,39500.0
2018-06-10,201806106208219,PICL,58,19,50,790.0,39500.0
2018-06-10,201806106207966,PICL,17,58,100,790.0,79000.0
2018-06-10,201806106207965,PICL,59,58,200,793.0,158600.0
2018-06-10,201806106207964,PICL,48,58,100,793.0,79300.0
2018-06-10,201806106207963,PICL,5,58,400,794.0,317600.0
2018-06-10,201806106208368,PLIC,56,56,25,608.0,15200.0
2018-06-10,201806106208216,PRIN,5,37,260,514.0,133640.0
2018-06-10,201806106208215,PRIN,7,37,100,514.0,51400.0
2018-06-10,201806106208214,PRIN,42,37,40,515.0,20600.0
2018-06-10,201806106208361,PRVU,11,58,176,195.0,34320.0
2018-06-10,201806106208360,PRVU,47,58,300,195.0,58500.0
2018-06-10,201806106208359,PRVU,20,58,50,196.0,9800.0
2018-06-10,201806106208358,PRVU,34,58,100,196.0,19600.0
2018-06-10,201806106208357,PRVU,21,58,200,196.0,39200.0
2018-06-10,201806106208356,PRVU,53,58,50,196.0,9800.0
2018-06-10,201806106207867,PRVU,46,51,225,200.0,45000.0
2018-06-10,201806106207883,PRVU,1,13,1000,200.0,200000.0
2018-06-10,201806106207882,PRVU,1,45,280,200.0,56000.0
2018-06-10,201806106207881,PRVU,1,45,40,200.0,8000.0
2018-06-10,201806106207880,PRVU,1,51,175,200.0,35000.0
2018-06-10,201806106207968,PRVU,33,44,55,199.0,10945.0
2018-06-10,201806106208314,PRVU,25,28,200,198.0,39600.0
2018-06-10,201806106208313,PRVU,55,39,4,198.0,792.0
2018-06-10,201806106208312,PRVU,45,39,116,198.0,22968.0
2018-06-10,201806106208198,PRVU,52,39,100,199.0,19900.0
2018-06-10,201806106208197,PRVU,33,39,405,199.0,80595.0
2018-06-10,201806106208320,PRVU,53,28,100,198.0,19800.0
2018-06-10,201806106208319,PRVU,28,28,50,198.0,9900.0
2018-06-10,201806106208318,PRVU,58,28,100,198.0,19800.0
2018-06-10,201806106208317,PRVU,14,28,50,198.0,9900.0
2018-06-10,201806106208316,PRVU,14,28,50,198.0,9900.0
2018-06-10,201806106208315,PRVU,49,28,50,198.0,9900.0
2018-06-10,201806106208326,PRVU,58,28,2000,197.0,394000.0
2018-06-10,201806106208325,PRVU,55,28,1000,197.0,197000.0
2018-06-10,201806106208324,PRVU,53,28,30,197.0,5910.0
2018-06-10,201806106208323,PRVU,8,28,50,198.0,9900.0
2018-06-10,201806106208322,PRVU,40,28,1000,198.0,198000.0
2018-06-10,201806106208321,PRVU,1,28,500,198.0,99000.0
2018-06-10,201806106208355,PRVU,17,58,70,196.0,13720.0
2018-06-10,201806106208354,PRVU,14,58,30,196.0,5880.0
2018-06-10,201806106208353,PRVU,21,58,24,196.0,4704.0
2018-06-10,201806106208344,PRVU,21,28,176,196.0,34496.0
2018-06-10,201806106208328,PRVU,42,28,213,197.0,41961.0
2018-06-10,201806106208327,PRVU,39,28,2500,197.0,492500.0
2018-06-10,201806106208287,RADHI,28,17,10,224.0,2240.0
2018-06-10,201806106208123,RADHI,28,35,10,224.0,2240.0
2018-06-10,201806106207932,RADHI,28,43,10,224.0,2240.0
2018-06-10,201806106208079,RBCL,58,11,50,10915.0,545750.0
2018-06-10,201806106208078,RBCL,13,11,10,10950.0,109500.0
2018-06-10,201806106208343,RBCLPO,59,34,10,10300.0,103000.0
2018-06-10,201806106208100,RHPC,58,44,155,128.0,19840.0
2018-06-10,201806106208093,RHPC,58,57,18,126.0,2268.0
2018-06-10,201806106208092,RHPC,58,57,18,126.0,2268.0
2018-06-10,201806106208091,RHPC,58,17,12,125.0,1500.0
2018-06-10,201806106208350,RMDC,53,41,120,662.0,79440.0
2018-06-10,201806106208349,RMDC,11,41,20,662.0,13240.0
2018-06-10,201806106208348,RMDC,32,41,360,663.0,238680.0
2018-06-10,201806106208347,RMDC,4,41,500,664.0,332000.0
2018-06-10,201806106208072,RMDC,32,6,10,663.0,6630.0
2018-06-10,201806106208008,RMDC,32,47,70,663.0,46410.0
2018-06-10,201806106207983,RMDC,32,45,60,663.0,39780.0
2018-06-10,201806106207982,RMDC,6,45,40,664.0,26560.0
2018-06-10,201806106207877,RMDC,4,7,450,664.0,298800.0
2018-06-10,201806106208240,RSDC,20,35,35,549.0,19215.0
2018-06-10,201806106208151,SADBL,45,17,520,160.0,83200.0
2018-06-10,201806106208150,SADBL,45,56,40,160.0,6400.0
2018-06-10,201806106208149,SADBL,45,53,40,160.0,6400.0
2018-06-10,201806106207871,SADBL,56,52,90,159.0,14310.0
2018-06-10,201806106208278,SANIMA,14,17,15,331.0,4965.0
2018-06-10,201806106208122,SANIMA,50,17,500,331.0,165500.0
2018-06-10,201806106208121,SANIMA,52,17,100,331.0,33100.0
2018-06-10,201806106208120,SANIMA,7,17,150,332.0,49800.0
2018-06-10,201806106208119,SANIMA,41,17,35,332.0,11620.0
2018-06-10,201806106208070,SANIMA,6,13,100,333.0,33300.0
2018-06-10,201806106208069,SANIMA,6,43,100,333.0,33300.0
2018-06-10,201806106208043,SBI,52,1,100,501.0,50100.0
2018-06-10,201806106208295,SBL,40,26,250,314.0,78500.0
2018-06-10,201806106208274,SBL,52,26,100,314.0,31400.0
2018-06-10,201806106208273,SBL,34,26,150,314.0,47100.0
2018-06-10,201806106208243,SBL,34,48,260,314.0,81640.0
2018-06-10,201806106208181,SCB,13,13,100,770.0,77000.0
2018-06-10,201806106208180,SCB,13,10,103,770.0,79310.0
2018-06-10,201806106207879,SCB,51,21,100,765.0,76500.0
2018-06-10,201806106207874,SCB,34,25,50,764.0,38200.0
2018-06-10,201806106207868,SCB,34,11,200,764.0,152800.0
2018-06-10,201806106208124,SEF,59,40,1000,9.13,9130.0
2018-06-10,201806106208106,SHL,14,55,200,237.0,47400.0
2018-06-10,201806106208105,SHL,58,55,1000,238.0,238000.0
2018-06-10,201806106208104,SHL,7,55,500,238.0,119000.0
2018-06-10,201806106208103,SHL,43,55,100,239.0,23900.0
2018-06-10,201806106208263,SHPC,33,28,150,333.0,49950.0
2018-06-10,201806106208161,SHPC,33,47,843,333.0,280719.0
2018-06-10,201806106208160,SHPC,34,47,500,333.0,166500.0
2018-06-10,201806106208159,SHPC,21,47,100,333.0,33300.0
2018-06-10,201806106208158,SHPC,51,47,200,333.0,66600.0
2018-06-10,201806106208118,SHPC,25,28,18,335.0,6030.0
2018-06-10,201806106208077,SHPC,22,35,100,334.0,33400.0
2018-06-10,201806106208062,SHPC,44,28,482,335.0,161470.0
2018-06-10,201806106208157,SHPC,21,47,24,333.0,7992.0
2018-06-10,201806106208156,SHPC,7,47,50,334.0,16700.0
2018-06-10,201806106208155,SHPC,38,47,30,334.0,10020.0
2018-06-10,201806106208154,SHPC,8,47,200,334.0,66800.0
2018-06-10,201806106208153,SHPC,39,47,30,334.0,10020.0
2018-06-10,201806106208152,SHPC,22,47,23,334.0,7682.0
2018-06-10,201806106208065,SIC,53,45,470,1310.0,615700.0
2018-06-10,201806106207875,SIC,35,45,30,1310.0,39300.0
2018-06-10,201806106208239,SICL,58,14,450,960.0,432000.0
2018-06-10,201806106208238,SICL,5,14,100,961.0,96100.0
2018-06-10,201806106208237,SICL,51,14,60,962.0,57720.0
2018-06-10,201806106208039,SICL,58,35,50,960.0,48000.0
2018-06-10,201806106208038,SICL,49,35,150,960.0,144000.0
2018-06-10,201806106208037,SICL,22,35,100,960.0,96000.0
2018-06-10,201806106208338,SIL,25,55,38,698.0,26524.0
2018-06-10,201806106208163,SIL,58,52,100,691.0,69100.0
2018-06-10,201806106208016,SIL,58,28,21,691.0,14511.0
2018-06-10,201806106208009,SIL,58,10,200,691.0,138200.0
2018-06-10,201806106207989,SIL,51,20,48,690.0,33120.0
2018-06-10,201806106207951,SIL,32,10,220,692.0,152240.0
2018-06-10,201806106207950,SIL,48,10,10,693.0,6930.0
2018-06-10,201806106207949,SIL,53,10,30,693.0,20790.0
2018-06-10,201806106207890,SIL,28,55,20,698.0,13960.0
2018-06-10,201806106207889,SIL,4,55,182,698.0,127036.0
2018-06-10,201806106207884,SIL,4,20,300,698.0,209400.0
2018-06-10,201806106208191,SKBBL,33,53,131,1167.0,152877.0
2018-06-10,201806106208190,SKBBL,34,53,25,1167.0,29175.0
2018-06-10,201806106208283,SLBBL,46,1,50,1674.0,83700.0
2018-06-10,201806106207955,SLBBL,52,5,50,1666.0,83300.0
2018-06-10,201806106207954,SLBBL,43,5,80,1666.0,133280.0
2018-06-10,201806106207953,SLBBL,17,5,10,1670.0,16700.0
2018-06-10,201806106207952,SLBBL,34,5,10,1671.0,16710.0
2018-06-10,201806106207899,SLBBL,57,57,100,1670.0,167000.0
2018-06-10,201806106208228,SLBS,26,8,10,1535.0,15350.0
2018-06-10,201806106208045,SLBS,26,38,10,1535.0,15350.0
2018-06-10,201806106208282,SLICL,48,58,79,648.0,51192.0
2018-06-10,201806106208281,SLICL,34,58,10,649.0,6490.0
2018-06-10,201806106208255,SLICL,21,58,20,650.0,13000.0
2018-06-10,201806106208254,SLICL,13,58,100,650.0,65000.0
2018-06-10,201806106208101,SRBL,52,20,31,227.0,7037.0
2018-06-10,201806106207988,SRBL,54,25,310,229.0,70990.0
2018-06-10,201806106208352,SWBBL,55,1,50,1270.0,63500.0
2018-06-10,201806106208170,SWBBL,14,41,60,1269.0,76140.0
2018-06-10,201806106208130,SWBBL,4,7,200,1264.0,252800.0
2018-06-10,201806106207986,SWBBL,4,1,141,1264.0,178224.0
2018-06-10,201806106207985,SWBBL,28,1,20,1265.0,25300.0
2018-06-10,201806106207984,SWBBL,56,1,10,1265.0,12650.0
2018-06-10,201806106208179,UIC,49,17,200,938.0,187600.0
2018-06-10,201806106207895,UIC,43,43,8,935.0,7480.0
2018-06-10,201806106208186,WOMI,42,19,30,1375.0,41250.0
2018-06-10,201806106208183,WOMI,21,19,100,1375.0,137500.0
2018-06-10,201806106207987,WOMI,55,19,10,1400.0,14000.0
2018-06-10,201806106207380,ADBL,59,28,20,318.0,6360.0
2018-06-10,201806106207807,API,39,7,783,288.0,225504.0
2018-06-10,201806106207806,API,47,7,50,288.0,14400.0
2018-06-10,201806106207805,API,13,7,167,289.0,48263.0
2018-06-10,201806106207563,API,13,22,28,289.0,8092.0
2018-06-10,201806106207529,API,13,16,105,289.0,30345.0
2018-06-10,201806106207528,API,28,16,362,289.0,104618.0
2018-06-10,201806106207527,API,39,16,33,289.0,9537.0
2018-06-10,201806106207507,API,35,16,500,289.0,144500.0
2018-06-10,201806106207849,BOKL,19,28,269,304.0,81776.0
2018-06-10,201806106207773,BOKL,19,28,200,304.0,60800.0
2018-06-10,201806106207772,BOKL,47,28,55,304.0,16720.0
2018-06-10,201806106207771,BOKL,21,28,200,304.0,60800.0
2018-06-10,201806106207770,BOKL,1,28,176,304.0,53504.0
2018-06-10,201806106207580,BOKL,1,13,84,304.0,25536.0
2018-06-10,201806106207579,BOKL,42,13,100,305.0,30500.0
2018-06-10,201806106207763,BPCL,26,56,80,445.0,35600.0
2018-06-10,201806106207721,BPCL,34,56,10,444.0,4440.0
2018-06-10,201806106207720,BPCL,58,56,740,444.0,328560.0
2018-06-10,201806106207788,CBL,29,38,270,151.0,40770.0
2018-06-10,201806106207787,CBL,29,1,500,151.0,75500.0
2018-06-10,201806106207645,CBL,33,50,500,150.0,75000.0
2018-06-10,201806106207644,CBL,38,50,1000,150.0,150000.0
2018-06-10,201806106207643,CBL,50,50,5000,150.0,750000.0
2018-06-10,201806106207642,CBL,50,50,5000,150.0,750000.0
2018-06-10,201806106207411,CBL,59,10,23,151.0,3473.0
2018-06-10,201806106207623,CBL,59,50,250,151.0,37750.0
2018-06-10,201806106207622,CBL,59,50,137,151.0,20687.0
2018-06-10,201806106207537,CBL,21,49,200,152.0,30400.0
2018-06-10,201806106207494,CBL,59,33,340,151.0,51340.0
2018-06-10,201806106207478,CBL,52,49,400,152.0,60800.0
2018-06-10,201806106207455,CBL,28,49,500,152.0,76000.0
2018-06-10,201806106207629,CBL,29,50,500,151.0,75500.0
2018-06-10,201806106207628,CBL,36,50,500,151.0,75500.0
2018-06-10,201806106207627,CBL,58,50,100,151.0,15100.0
2018-06-10,201806106207626,CBL,57,50,1000,151.0,151000.0
2018-06-10,201806106207625,CBL,29,50,210,151.0,31710.0
2018-06-10,201806106207624,CBL,29,50,800,151.0,120800.0
2018-06-10,201806106207635,CBL,8,50,200,150.0,30000.0
2018-06-10,201806106207634,CBL,8,50,3000,150.0,450000.0
2018-06-10,201806106207633,CBL,52,50,100,150.0,15000.0
2018-06-10,201806106207632,CBL,1,50,500,150.0,75000.0
2018-06-10,201806106207631,CBL,51,50,100,150.0,15000.0
2018-06-10,201806106207630,CBL,34,50,500,150.0,75000.0
2018-06-10,201806106207641,CBL,54,50,3000,150.0,450000.0
2018-06-10,201806106207640,CBL,52,50,7000,150.0,1050000.0
2018-06-10,201806106207639,CBL,40,50,2000,150.0,300000.0
2018-06-10,201806106207638,CBL,52,50,550,150.0,82500.0
2018-06-10,201806106207637,CBL,47,50,500,150.0,75000.0
2018-06-10,201806106207636,CBL,19,50,100,150.0,15000.0
2018-06-10,201806106207496,CCBL,39,3,150,169.0,25350.0
2018-06-10,201806106207403,CCBL,37,34,77,169.0,13013.0
2018-06-10,201806106207366,CCBL,39,11,524,169.0,88556.0
2018-06-10,201806106207616,CHCL,47,41,100,770.0,77000.0
2018-06-10,201806106207615,CHCL,42,41,50,770.0,38500.0
2018-06-10,201806106207855,CIT,51,33,200,2510.0,502000.0
2018-06-10,201806106207854,CIT,26,33,100,2511.0,251100.0
2018-06-10,201806106207562,CIT,51,33,100,2515.0,251500.0
2018-06-10,201806106207566,CZBIL,35,28,21,246.0,5166.0
2018-06-10,201806106207651,DBBL,26,44,2626,134.0,351884.0
2018-06-10,201806106207650,DBBL,29,44,100,134.0,13400.0
2018-06-10,201806106207649,DBBL,29,44,11,134.0,1474.0
2018-06-10,201806106207475,DBBL,26,7,150,134.0,20100.0
2018-06-10,201806106207858,DDBL,32,38,12,770.0,9240.0
2018-06-10,201806106207797,DDBL,38,41,150,763.0,114450.0
2018-06-10,201806106207648,DDBL,32,1,20,770.0,15400.0
2018-06-10,201806106207533,DDBL,32,58,26,770.0,20020.0
2018-06-10,201806106207519,DDBL,32,45,40,770.0,30800.0
2018-06-10,201806106207766,EBL,29,57,60,680.0,40800.0
2018-06-10,201806106207691,EBL,29,49,40,680.0,27200.0
2018-06-10,201806106207690,EBL,50,49,10,680.0,6800.0
2018-06-10,201806106207689,EBL,10,49,50,680.0,34000.0
2018-06-10,201806106207682,EBL,47,49,100,682.0,68200.0
2018-06-10,201806106207688,EBL,10,49,50,680.0,34000.0
2018-06-10,201806106207687,EBL,34,49,20,680.0,13600.0
2018-06-10,201806106207686,EBL,11,49,50,680.0,34000.0
2018-06-10,201806106207685,EBL,42,49,100,681.0,68100.0
2018-06-10,201806106207684,EBL,42,49,50,681.0,34050.0
2018-06-10,201806106207683,EBL,26,49,30,681.0,20430.0
2018-06-10,201806106207751,EIC,41,7,15,1393.0,20895.0
2018-06-10,201806106207750,EIC,39,7,67,1395.0,93465.0
2018-06-10,201806106207704,EIC,32,7,10,1396.0,13960.0
2018-06-10,201806106207703,EIC,25,7,50,1398.0,69900.0
2018-06-10,201806106207702,EIC,33,7,20,1398.0,27960.0
2018-06-10,201806106207701,EIC,34,7,30,1399.0,41970.0
2018-06-10,201806106207700,EIC,47,7,10,1400.0,14000.0
2018-06-10,201806106207699,EIC,34,7,10,1400.0,14000.0
2018-06-10,201806106207698,EIC,53,7,10,1401.0,14010.0
2018-06-10,201806106207828,FMDBL,41,14,20,552.0,11040.0
2018-06-10,201806106207619,FMDBL,5,1,30,550.0,16500.0
2018-06-10,201806106207574,FMDBL,5,42,166,550.0,91300.0
2018-06-10,201806106207573,FMDBL,51,42,200,550.0,110000.0
2018-06-10,201806106207572,FMDBL,42,42,20,550.0,11000.0
2018-06-10,201806106207571,FMDBL,14,42,10,551.0,5510.0
2018-06-10,201806106207414,FOWAD,42,21,20,2255.0,45100.0
2018-06-10,201806106207810,GBBL,42,13,50,179.0,8950.0
2018-06-10,201806106207513,GBBL,59,10,29,178.0,5162.0
2018-06-10,201806106207608,GBIME,45,58,200,295.0,59000.0
2018-06-10,201806106207521,GBIME,45,58,50,295.0,14750.0
2018-06-10,201806106207425,GBIME,1,16,90,295.0,26550.0
2018-06-10,201806106207417,GBIME,3,28,51,298.0,15198.0
2018-06-10,201806106207833,GBLBS,33,58,200,575.0,115000.0
2018-06-10,201806106207594,GBLBS,6,58,285,570.0,162450.0
2018-06-10,201806106207593,GBLBS,49,58,100,571.0,57100.0
2018-06-10,201806106207592,GBLBS,32,58,295,571.0,168445.0
2018-06-10,201806106207591,GBLBS,42,58,50,571.0,28550.0
2018-06-10,201806106207590,GBLBS,28,58,200,571.0,114200.0
2018-06-10,201806106207589,GBLBS,43,58,50,572.0,28600.0
2018-06-10,201806106207588,GBLBS,20,58,20,572.0,11440.0
2018-06-10,201806106207498,GDBL,13,10,42,200.0,8400.0
2018-06-10,201806106207814,GLICL,28,46,20,891.0,17820.0
2018-06-10,201806106207813,GLICL,40,46,50,891.0,44550.0
2018-06-10,201806106207726,HATH,34,4,40,130.0,5200.0
2018-06-10,201806106207406,HATH,34,34,10,130.0,1300.0
2018-06-10,201806106207405,HATH,56,34,190,130.0,24700.0
2018-06-10,201806106207479,HBL,44,58,100,566.0,56600.0
2018-06-10,201806106207856,HGI,50,48,50,461.0,23050.0
2018-06-10,201806106207735,HIDCL,28,4,23,157.0,3611.0
2018-06-10,201806106207555,HIDCL,28,10,28,157.0,4396.0
2018-06-10,201806106207716,HPPL,22,22,500,301.0,150500.0
2018-06-10,201806106207410,JBBL,58,22,40,140.0,5600.0
2018-06-10,201806106207784,JBNL,50,50,1000,157.0,157000.0
2018-06-10,201806106207783,JBNL,36,50,200,157.0,31400.0
2018-06-10,201806106207782,JBNL,25,50,1074,157.0,168618.0
2018-06-10,201806106207781,JBNL,28,50,350,157.0,54950.0
2018-06-10,201806106207780,JBNL,42,50,1500,157.0,235500.0
2018-06-10,201806106207779,JBNL,17,50,500,157.0,78500.0
2018-06-10,201806106207747,JBNL,26,4,25,157.0,3925.0
2018-06-10,201806106207705,JBNL,21,42,200,157.0,31400.0
2018-06-10,201806106207497,JBNL,33,42,30,159.0,4770.0
2018-06-10,201806106207565,JFL,18,38,739,169.0,124891.0
2018-06-10,201806106207397,JSLBB,58,47,100,2980.0,298000.0
2018-06-10,201806106207396,JSLBB,5,47,12,2981.0,35772.0
2018-06-10,201806106207395,JSLBB,19,47,10,2981.0,29810.0
2018-06-10,201806106207394,JSLBB,7,47,10,2990.0,29900.0
2018-06-10,201806106207587,KBBL,48,28,41,228.0,9348.0
2018-06-10,201806106207390,KBBL,1,34,100,229.0,22900.0
2018-06-10,201806106207827,KBL,47,50,75,212.0,15900.0
2018-06-10,201806106207826,KBL,22,50,100,212.0,21200.0
2018-06-10,201806106207825,KBL,53,50,100,212.0,21200.0
2018-06-10,201806106207824,KBL,58,50,50,212.0,10600.0
2018-06-10,201806106207823,KBL,38,50,500,212.0,106000.0
2018-06-10,201806106207822,KBL,42,50,500,212.0,106000.0
2018-06-10,201806106207524,KBL,11,17,50,213.0,10650.0
2018-06-10,201806106207523,KBL,1,17,49,214.0,10486.0
2018-06-10,201806106207522,KBL,58,17,40,214.0,8560.0
2018-06-10,201806106207419,KBL,1,10,51,214.0,10914.0
2018-06-10,201806106207815,KBL,37,50,24,213.0,5112.0
2018-06-10,201806106207811,KBL,57,39,200,214.0,42800.0
2018-06-10,201806106207754,KBL,59,39,250,214.0,53500.0
2018-06-10,201806106207746,KBL,59,39,18,214.0,3852.0
2018-06-10,201806106207745,KBL,59,21,232,214.0,49648.0
2018-06-10,201806106207525,KBL,37,17,76,213.0,16188.0
2018-06-10,201806106207821,KBL,7,50,50,212.0,10600.0
2018-06-10,201806106207820,KBL,43,50,80,212.0,16960.0
2018-06-10,201806106207819,KBL,17,50,200,212.0,42400.0
2018-06-10,201806106207818,KBL,11,50,200,212.0,42400.0
2018-06-10,201806106207817,KBL,6,50,148,212.0,31376.0
2018-06-10,201806106207816,KBL,53,50,50,213.0,10650.0
2018-06-10,201806106207865,KMCDB,21,33,100,1335.0,133500.0
2018-06-10,201806106207864,KMCDB,13,33,100,1336.0,133600.0
2018-06-10,201806106207863,KMCDB,56,33,34,1336.0,45424.0
2018-06-10,201806106207804,KMCDB,56,20,16,1336.0,21376.0
2018-06-10,201806106207791,KMCDB,48,6,30,1340.0,40200.0
2018-06-10,201806106207790,KMCDB,48,32,119,1340.0,159460.0
2018-06-10,201806106207789,KMCDB,48,1,50,1340.0,67000.0
2018-06-10,201806106207495,KMCDB,29,6,50,1340.0,67000.0
2018-06-10,201806106207486,KMCDB,5,6,20,1345.0,26900.0
2018-06-10,201806106207774,KSBBL,29,13,1000,156.0,156000.0
2018-06-10,201806106207765,KSBBL,11,22,250,155.0,38750.0
2018-06-10,201806106207710,KSBBL,11,59,105,155.0,16275.0
2018-06-10,201806106207531,KSBBL,58,10,27,154.0,4158.0
2018-06-10,201806106207586,LBBL,5,10,32,150.0,4800.0
2018-06-10,201806106207393,LBBL,18,38,500,151.0,75500.0
2018-06-10,201806106207577,LBL,59,45,130,255.0,33150.0
2018-06-10,201806106207493,LBL,59,51,70,255.0,17850.0
2018-06-10,201806106207422,LBL,38,45,150,255.0,38250.0
2018-06-10,201806106207421,LBL,29,45,14,255.0,3570.0
2018-06-10,201806106207389,LBL,59,45,500,254.0,127000.0
2018-06-10,201806106207518,LLBS,38,42,85,1130.0,96050.0
2018-06-10,201806106207517,LLBS,13,42,50,1130.0,56500.0
2018-06-10,201806106207516,LLBS,17,42,80,1131.0,90480.0
2018-06-10,201806106207515,LLBS,4,42,30,1132.0,33960.0
2018-06-10,201806106207800,MBL,52,1,100,214.0,21400.0
2018-06-10,201806106207792,MBL,32,1,200,214.0,42800.0
2018-06-10,201806106207509,MBL,19,19,247,214.0,52858.0
2018-06-10,201806106207467,MDB,1,19,24,284.0,6816.0
2018-06-10,201806106207830,MEGA,19,19,346,174.0,60204.0
2018-06-10,201806106207796,MEGA,1,14,46,174.0,8004.0
2018-06-10,201806106207795,MEGA,1,52,96,174.0,16704.0
2018-06-10,201806106207753,MEGA,14,52,50,174.0,8700.0
2018-06-10,201806106207749,MEGA,39,45,175,173.0,30275.0
2018-06-10,201806106207744,MEGA,8,52,150,174.0,26100.0
2018-06-10,201806106207501,MEGA,11,52,200,174.0,34800.0
2018-06-10,201806106207499,MEGA,53,53,4000,173.0,692000.0
2018-06-10,201806106207449,MEGA,52,4,412,173.0,71276.0
2018-06-10,201806106207385,MEGA,16,52,100,174.0,17400.0
2018-06-10,201806106207715,MEGA,22,52,200,174.0,34800.0
2018-06-10,201806106207621,MEGA,22,52,200,174.0,34800.0
2018-06-10,201806106207595,MEGA,28,52,50,174.0,8700.0
2018-06-10,201806106207578,MEGA,42,52,100,174.0,17400.0
2018-06-10,201806106207575,MEGA,39,17,160,173.0,27680.0
2018-06-10,201806106207511,MEGA,29,53,144,173.0,24912.0
2018-06-10,201806106207714,MERO,17,7,100,1078.0,107800.0
2018-06-10,201806106207713,MERO,17,7,10,1078.0,10780.0
2018-06-10,201806106207793,MERO,58,7,13,1080.0,14040.0
2018-06-10,201806106207508,MLBBL,19,1,20,972.0,19440.0
2018-06-10,201806106207732,MLBL,28,1,1100,173.0,190300.0
2018-06-10,201806106207731,MLBL,51,1,307,173.0,53111.0
2018-06-10,201806106207730,MLBL,36,1,20,173.0,3460.0
2018-06-10,201806106207526,MLBL,51,37,63,173.0,10899.0
2018-06-10,201806106207733,MLBL,22,1,150,173.0,25950.0
2018-06-10,201806106207812,MLBL,52,49,260,172.0,44720.0
2018-06-10,201806106207860,MMFDB,51,57,20,1625.0,32500.0
2018-06-10,201806106207677,MNBBL,41,22,200,384.0,76800.0
2018-06-10,201806106207614,MSLB,11,59,85,2645.0,224825.0
2018-06-10,201806106207564,MSLB,45,37,10,2633.0,26330.0
2018-06-10,201806106207534,MSLB,45,1,10,2633.0,26330.0
2018-06-10,201806106207719,MSMBS,17,14,10,708.0,7080.0
2018-06-10,201806106207718,MSMBS,42,14,37,708.0,26196.0
2018-06-10,201806106207717,MSMBS,8,14,20,710.0,14200.0
2018-06-10,201806106207708,NABIL,29,11,200,950.0,190000.0
2018-06-10,201806106207663,NABIL,29,19,24,950.0,22800.0
2018-06-10,201806106207662,NABIL,29,19,92,950.0,87400.0
2018-06-10,201806106207450,NABIL,11,26,100,947.0,94700.0
2018-06-10,201806106207850,NABILP,32,32,50,770.0,38500.0
2018-06-10,201806106207646,NABILP,26,32,10,770.0,7700.0
2018-06-10,201806106207768,NBB,54,17,40,212.0,8480.0
2018-06-10,201806106207767,NBB,17,17,50,212.0,10600.0
2018-06-10,201806106207665,NBB,37,57,300,211.0,63300.0
2018-06-10,201806106207661,NBB,37,29,167,211.0,35237.0
2018-06-10,201806106207660,NBB,33,29,1500,211.0,316500.0
2018-06-10,201806106207653,NBB,26,29,100,212.0,21200.0
2018-06-10,201806106207652,NBB,53,29,29,212.0,6148.0
2018-06-10,201806106207599,NBB,53,28,21,212.0,4452.0
2018-06-10,201806106207382,NBB,34,29,50,214.0,10700.0
2018-06-10,201806106207659,NBB,17,29,200,211.0,42200.0
2018-06-10,201806106207658,NBB,8,29,200,211.0,42200.0
2018-06-10,201806106207657,NBB,53,29,100,211.0,21100.0
2018-06-10,201806106207656,NBB,14,29,50,211.0,10550.0
2018-06-10,201806106207655,NBB,1,29,200,211.0,42200.0
2018-06-10,201806106207654,NBB,8,29,26,211.0,5486.0
2018-06-10,201806106207696,NBL,48,28,50,310.0,15500.0
2018-06-10,201806106207664,NBL,40,48,200,309.0,61800.0
2018-06-10,201806106207620,NBL,57,28,100,310.0,31000.0
2018-06-10,201806106207606,NBL,46,51,62,309.0,19158.0
2018-06-10,201806106207384,NBL,32,28,100,310.0,31000.0
2018-06-10,201806106207383,NBL,32,42,200,310.0,62000.0
2018-06-10,201806106207451,NCCB,32,10,44,245.0,10780.0
2018-06-10,201806106207376,NCCB,58,8,10,247.0,2470.0
2018-06-10,201806106207674,NCDB,34,32,100,118.0,11800.0
2018-06-10,201806106207673,NCDB,51,32,987,118.0,116466.0
2018-06-10,201806106207596,NCDB,51,4,13,118.0,1534.0
2018-06-10,201806106207570,NHPC,32,52,200,84.0,16800.0
2018-06-10,201806106207569,NHPC,51,52,550,84.0,46200.0
2018-06-10,201806106207546,NHPC,32,52,500,84.0,42000.0
2018-06-10,201806106207545,NHPC,39,52,650,84.0,54600.0
2018-06-10,201806106207544,NHPC,45,52,500,84.0,42000.0
2018-06-10,201806106207541,NHPC,45,52,100,85.0,8500.0
2018-06-10,201806106207540,NHPC,49,52,300,85.0,25500.0
2018-06-10,201806106207539,NHPC,58,52,40,86.0,3440.0
2018-06-10,201806106207707,NIB,29,45,16,626.0,10016.0
2018-06-10,201806106207695,NIB,29,45,16,626.0,10016.0
2018-06-10,201806106207675,NIB,25,45,16,626.0,10016.0
2018-06-10,201806106207618,NIB,25,45,31,626.0,19406.0
2018-06-10,201806106207491,NIB,32,53,100,626.0,62600.0
2018-06-10,201806106207490,NIB,42,7,100,629.0,62900.0
2018-06-10,201806106207697,NICA,59,7,89,321.0,28569.0
2018-06-10,201806106207600,NICA,59,28,20,321.0,6420.0
2018-06-10,201806106207454,NICA,59,58,300,321.0,96300.0
2018-06-10,201806106207452,NICA,44,3,143,322.0,46046.0
2018-06-10,201806106207378,NICA,44,11,69,322.0,22218.0
2018-06-10,201806106207672,NICL,58,39,126,656.0,82656.0
2018-06-10,201806106207671,NICL,39,39,200,656.0,131200.0
2018-06-10,201806106207670,NICL,38,39,55,656.0,36080.0
2018-06-10,201806106207669,NICL,34,39,19,657.0,12483.0
2018-06-10,201806106207832,NIL,5,10,80,560.0,44800.0
2018-06-10,201806106207831,NIL,42,10,50,560.0,28000.0
2018-06-10,201806106207676,NLIC,42,55,28,1038.0,29064.0
2018-06-10,201806106207647,NLIC,56,50,54,1039.0,56106.0
2018-06-10,201806106207568,NLIC,42,53,44,1038.0,45672.0
2018-06-10,201806106207567,NLIC,42,26,12,1038.0,12456.0
2018-06-10,201806106207466,NLIC,17,52,17,1035.0,17595.0
2018-06-10,201806106207465,NLIC,17,52,17,1035.0,17595.0
2018-06-10,201806106207418,NLIC,53,16,20,1035.0,20700.0
2018-06-10,201806106207430,NLIC,59,55,96,1031.0,98976.0
2018-06-10,201806106207429,NLIC,38,55,50,1032.0,51600.0
2018-06-10,201806106207428,NLIC,48,55,100,1032.0,103200.0
2018-06-10,201806106207427,NLIC,28,55,88,1032.0,90816.0
2018-06-10,201806106207426,NLIC,6,55,26,1032.0,26832.0
2018-06-10,201806106207420,NLIC,6,16,24,1032.0,24768.0
2018-06-10,201806106207436,NLIC,41,55,20,1031.0,20620.0
2018-06-10,201806106207435,NLIC,6,55,20,1031.0,20620.0
2018-06-10,201806106207434,NLIC,40,55,100,1031.0,103100.0
2018-06-10,201806106207433,NLIC,10,55,50,1031.0,51550.0
2018-06-10,201806106207432,NLIC,46,55,100,1031.0,103100.0
2018-06-10,201806106207431,NLIC,29,55,100,1031.0,103100.0
2018-06-10,201806106207442,NLIC,4,55,2000,1030.0,2060000.0
2018-06-10,201806106207441,NLIC,47,55,20,1030.0,20600.0
2018-06-10,201806106207440,NLIC,32,55,19,1030.0,19570.0
2018-06-10,201806106207439,NLIC,39,55,50,1030.0,51500.0
2018-06-10,201806106207438,NLIC,59,55,250,1030.0,257500.0
2018-06-10,201806106207437,NLIC,42,55,50,1030.0,51500.0
2018-06-10,201806106207464,NLIC,17,16,58,1035.0,60030.0
2018-06-10,201806106207456,NLIC,17,16,10,1035.0,10350.0
2018-06-10,201806106207453,NLIC,38,7,17,1030.0,17510.0
2018-06-10,201806106207445,NLIC,38,55,74,1030.0,76220.0
2018-06-10,201806106207444,NLIC,43,55,50,1030.0,51500.0
2018-06-10,201806106207443,NLIC,14,55,50,1030.0,51500.0
2018-06-10,201806106207463,NLICL,42,43,140,1269.0,177660.0
2018-06-10,201806106207462,NLICL,56,43,50,1269.0,63450.0
2018-06-10,201806106207461,NLICL,4,43,2000,1270.0,2540000.0
2018-06-10,201806106207460,NLICL,35,43,100,1270.0,127000.0
2018-06-10,201806106207459,NLICL,56,43,150,1272.0,190800.0
2018-06-10,201806106207458,NLICL,34,43,10,1273.0,12730.0
2018-06-10,201806106207457,NLICL,35,43,195,1274.0,248430.0
2018-06-10,201806106207851,NMB,38,16,100,369.0,36900.0
2018-06-10,201806106207778,NMB,50,37,1000,370.0,370000.0
2018-06-10,201806106207612,NMB,38,16,152,369.0,56088.0
2018-06-10,201806106207611,NMB,38,16,300,369.0,110700.0
2018-06-10,201806106207610,NMB,38,16,400,369.0,147600.0
2018-06-10,201806106207609,NMB,38,16,22,369.0,8118.0
2018-06-10,201806106207413,NMB,18,37,100,370.0,37000.0
2018-06-10,201806106207412,NMB,22,37,300,370.0,111000.0
2018-06-10,201806106207799,NMBMF,33,20,10,1461.0,14610.0
2018-06-10,201806106207712,NMBMF,59,8,35,1475.0,51625.0
2018-06-10,201806106207694,NMBMF,33,59,35,1461.0,51135.0
2018-06-10,201806106207836,NMFBS,38,57,20,2275.0,45500.0
2018-06-10,201806106207468,NNLB,39,1,10,1910.0,19100.0
2018-06-10,201806106207404,NNLB,21,44,20,1947.0,38940.0
2018-06-10,201806106207764,NTC,42,43,100,735.0,73500.0
2018-06-10,201806106207423,NTC,6,58,100,734.0,73400.0
2018-06-10,201806106207794,NUBL,58,20,10,1130.0,11300.0
2018-06-10,201806106207506,ODBL,32,10,20,180.0,3600.0
2018-06-10,201806106207853,PCBL,35,44,100,297.0,29700.0
2018-06-10,201806106207489,PCBL,41,10,105,294.0,30870.0
2018-06-10,201806106207446,PCBL,41,44,88,295.0,25960.0
2018-06-10,201806106207407,PCBL,57,44,300,295.0,88500.0
2018-06-10,201806106207391,PCBL,57,44,612,295.0,180540.0
2018-06-10,201806106207387,PCBL,57,25,68,295.0,20060.0
2018-06-10,201806106207386,PCBL,57,25,220,295.0,64900.0
2018-06-10,201806106207365,PCBL,41,1,21,294.0,6174.0
2018-06-10,201806106207852,PIC,5,21,100,1186.0,118600.0
2018-06-10,201806106207725,PIC,38,48,35,1186.0,41510.0
2018-06-10,201806106207724,PIC,5,48,65,1186.0,77090.0
2018-06-10,201806106207605,PIC,5,13,35,1186.0,41510.0
2018-06-10,201806106207604,PIC,34,13,15,1186.0,17790.0
2018-06-10,201806106207557,PIC,51,58,20,1188.0,23760.0
2018-06-10,201806106207416,PIC,41,32,11,1190.0,13090.0
2018-06-10,201806106207381,PIC,28,6,11,1190.0,13090.0
2018-06-10,201806106207379,PIC,5,6,11,1187.0,13057.0
2018-06-10,201806106207603,PIC,38,13,50,1186.0,59300.0
2018-06-10,201806106207602,PIC,51,13,50,1186.0,59300.0
2018-06-10,201806106207601,PIC,51,58,58,1186.0,68788.0
2018-06-10,201806106207560,PIC,51,58,139,1186.0,164854.0
2018-06-10,201806106207559,PIC,55,58,200,1186.0,237200.0
2018-06-10,201806106207558,PIC,19,58,20,1187.0,23740.0
2018-06-10,201806106207510,PICL,1,43,145,794.0,115130.0
2018-06-10,201806106207488,PICL,1,16,55,794.0,43670.0
2018-06-10,201806106207487,PICL,13,16,274,795.0,217830.0
2018-06-10,201806106207372,PICL,13,14,726,795.0,577170.0
2018-06-10,201806106207371,PICL,14,14,200,795.0,159000.0
2018-06-10,201806106207370,PICL,58,14,200,796.0,159200.0
2018-06-10,201806106207369,PICL,36,14,100,796.0,79600.0
2018-06-10,201806106207368,PICL,10,14,50,796.0,39800.0
2018-06-10,201806106207367,PICL,48,14,24,796.0,19104.0
2018-06-10,201806106207803,PLIC,28,38,75,607.0,45525.0
2018-06-10,201806106207802,PLIC,43,38,100,608.0,60800.0
2018-06-10,201806106207801,PLIC,34,38,25,608.0,15200.0
2018-06-10,201806106207681,PLIC,51,50,60,610.0,36600.0
2018-06-10,201806106207680,PLIC,29,50,40,610.0,24400.0
2018-06-10,201806106207679,PLIC,39,50,50,610.0,30500.0
2018-06-10,201806106207678,PLIC,42,50,70,616.0,43120.0
2018-06-10,201806106207532,PLIC,42,47,30,616.0,18480.0
2018-06-10,201806106207392,PLIC,19,50,100,613.0,61300.0
2018-06-10,201806106207374,PLIC,26,50,200,611.0,122200.0
2018-06-10,201806106207373,PLIC,22,50,250,612.0,153000.0
2018-06-10,201806106207723,PRIN,42,57,200,515.0,103000.0
2018-06-10,201806106207722,PRIN,39,57,50,516.0,25800.0
2018-06-10,201806106207866,PRVU,46,37,275,200.0,55000.0
2018-06-10,201806106207862,PRVU,46,37,125,200.0,25000.0
2018-06-10,201806106207861,PRVU,46,22,1875,200.0,375000.0
2018-06-10,201806106207769,PRVU,59,41,500,198.0,99000.0
2018-06-10,201806106207748,PRVU,33,19,40,199.0,7960.0
2018-06-10,201806106207706,PRVU,46,22,300,200.0,60000.0
2018-06-10,201806106207550,PRVU,45,16,16,198.0,3168.0
2018-06-10,201806106207549,PRVU,59,16,41,198.0,8118.0
2018-06-10,201806106207548,PRVU,54,16,31,198.0,6138.0
2018-06-10,201806106207547,PRVU,52,16,312,199.0,62088.0
2018-06-10,201806106207424,PRVU,45,10,68,198.0,13464.0
2018-06-10,201806106207617,RBCL,8,11,20,11000.0,220000.0
2018-06-10,201806106207809,RBCLPO,51,34,130,10200.0,1326000.0
2018-06-10,201806106207808,RBCLPO,18,33,10,10345.0,103450.0
2018-06-10,201806106207736,RBCLPO,32,33,15,10300.0,154500.0
2018-06-10,201806106207692,RBCLPO,42,43,10,10300.0,103000.0
2018-06-10,201806106207752,RHPC,11,4,15,124.0,1860.0
2018-06-10,201806106207502,RMDC,49,42,30,668.0,20040.0
2018-06-10,201806106207476,RMDC,49,1,20,668.0,13360.0
2018-06-10,201806106207576,RSDC,19,51,50,550.0,27500.0
2018-06-10,201806106207734,SANIMA,34,19,101,330.0,33330.0
2018-06-10,201806106207520,SANIMA,47,45,100,330.0,33000.0
2018-06-10,201806106207485,SANIMA,34,11,200,330.0,66000.0
2018-06-10,201806106207471,SANIMA,47,20,91,330.0,30030.0
2018-06-10,201806106207470,SANIMA,58,20,100,330.0,33000.0
2018-06-10,201806106207469,SANIMA,44,20,300,331.0,99300.0
2018-06-10,201806106207786,SBI,44,13,154,500.0,77000.0
2018-06-10,201806106207785,SBI,44,16,200,500.0,100000.0
2018-06-10,201806106207598,SBI,7,51,6,490.0,2940.0
2018-06-10,201806106207597,SBI,7,19,14,498.0,6972.0
2018-06-10,201806106207492,SBI,4,16,50,500.0,25000.0
2018-06-10,201806106207484,SBI,4,16,50,500.0,25000.0
2018-06-10,201806106207483,SBI,42,16,100,500.0,50000.0
2018-06-10,201806106207447,SBI,52,8,480,499.0,239520.0
2018-06-10,201806106207377,SBI,59,8,20,499.0,9980.0
2018-06-10,201806106207727,SCB,34,11,200,764.0,152800.0
2018-06-10,201806106207554,SCB,58,58,20,765.0,15300.0
2018-06-10,201806106207553,SCB,58,58,20,765.0,15300.0
2018-06-10,201806106207552,SCB,58,58,20,765.0,15300.0
2018-06-10,201806106207551,SCB,58,58,20,765.0,15300.0
2018-06-10,201806106207514,SCB,42,21,100,763.0,76300.0
2018-06-10,201806106207415,SCB,39,16,20,762.0,15240.0
2018-06-10,201806106207711,SDESI,38,35,11,1700.0,18700.0
2018-06-10,201806106207561,SDESI,51,26,11,1690.0,18590.0
2018-06-10,201806106207409,SDESI,17,44,100,1700.0,170000.0
2018-06-10,201806106207408,SDESI,17,44,150,1700.0,255000.0
2018-06-10,201806106207728,SHINE,33,52,10,281.0,2810.0
2018-06-10,201806106207775,SHPC,44,4,18,335.0,6030.0
2018-06-10,201806106207846,SICL,21,14,100,960.0,96000.0
2018-06-10,201806106207845,SICL,56,14,200,960.0,192000.0
2018-06-10,201806106207844,SICL,54,14,100,960.0,96000.0
2018-06-10,201806106207843,SICL,32,14,500,961.0,480500.0
2018-06-10,201806106207842,SICL,56,14,200,962.0,192400.0
2018-06-10,201806106207841,SICL,45,14,20,965.0,19300.0
2018-06-10,201806106207477,SICL,21,37,30,970.0,29100.0
2018-06-10,201806106207777,SICL,40,55,100,966.0,96600.0
2018-06-10,201806106207776,SICL,38,55,200,967.0,193400.0
2018-06-10,201806106207757,SICL,28,21,20,970.0,19400.0
2018-06-10,201806106207756,SICL,1,21,50,970.0,48500.0
2018-06-10,201806106207755,SICL,21,21,14,970.0,13580.0
2018-06-10,201806106207840,SICL,55,14,100,965.0,96500.0
2018-06-10,201806106207839,SICL,21,14,100,965.0,96500.0
2018-06-10,201806106207838,SICL,51,14,10,965.0,9650.0
2018-06-10,201806106207837,SICL,40,14,100,966.0,96600.0
2018-06-10,201806106207857,SIL,4,20,150,698.0,104700.0
2018-06-10,201806106207848,SIL,4,28,130,698.0,90740.0
2018-06-10,201806106207847,SIL,17,28,20,698.0,13960.0
2018-06-10,201806106207834,SIL,4,20,238,698.0,166124.0
2018-06-10,201806106207729,SIL,51,22,200,698.0,139600.0
2018-06-10,201806106207693,SKBBL,26,1,50,1170.0,58500.0
2018-06-10,201806106207505,SKBBL,53,22,45,1165.0,52425.0
2018-06-10,201806106207504,SKBBL,45,22,300,1166.0,349800.0
2018-06-10,201806106207503,SKBBL,39,22,30,1166.0,34980.0
2018-06-10,201806106207538,SLBBL,17,57,50,1670.0,83500.0
2018-06-10,201806106207474,SLBBL,34,57,40,1671.0,66840.0
2018-06-10,201806106207473,SLBBL,25,57,50,1675.0,83750.0
2018-06-10,201806106207472,SLBBL,21,57,10,1676.0,16760.0
2018-06-10,201806106207835,SLBS,26,34,20,1535.0,30700.0
2018-06-10,201806106207536,SLBS,26,42,20,1535.0,30700.0
2018-06-10,201806106207762,SPDL,58,58,15,132.0,1980.0
2018-06-10,201806106207761,SPDL,58,58,15,132.0,1980.0
2018-06-10,201806106207760,SPDL,58,58,15,132.0,1980.0
2018-06-10,201806106207759,SPDL,58,58,15,132.0,1980.0
2018-06-10,201806106207758,SPDL,58,58,15,132.0,1980.0
2018-06-10,201806106207737,SPDL,39,58,15,132.0,1980.0
2018-06-10,201806106207535,SPDL,3,39,15,132.0,1980.0
2018-06-10,201806106207829,SRBL,43,57,937,228.0,213636.0
2018-06-10,201806106207613,SRBL,50,28,17,227.0,3859.0
2018-06-10,201806106207556,SRBL,50,53,99,227.0,22473.0
2018-06-10,201806106207482,SRBL,50,20,73,227.0,16571.0
2018-06-10,201806106207481,SRBL,39,20,100,227.0,22700.0
2018-06-10,201806106207480,SRBL,13,20,175,227.0,39725.0
2018-06-10,201806106207448,SRBL,13,19,13,227.0,2951.0
2018-06-10,201806106207375,TRH,48,13,20,266.0,5320.0
2018-06-10,201806106207859,UIC,48,50,30,939.0,28170.0
2018-06-10,201806106207709,UIC,5,50,100,939.0,93900.0
2018-06-10,201806106207585,UIC,17,7,20,940.0,18800.0
2018-06-10,201806106207584,UIC,40,7,200,940.0,188000.0
2018-06-10,201806106207583,UIC,35,7,200,940.0,188000.0
2018-06-10,201806106207582,UIC,48,7,157,941.0,147737.0
2018-06-10,201806106207581,UIC,58,7,20,941.0,18820.0
2018-06-10,201806106207530,UIC,59,7,100,942.0,94200.0
2018-06-10,201806106207388,UIC,48,11,43,941.0,40463.0
2018-06-10,201806106207512,VLBS,34,57,13,760.0,9880.0
2018-06-10,201806106207743,WOMI,59,50,30,1400.0,42000.0
2018-06-10,201806106207742,WOMI,45,50,200,1400.0,280000.0
2018-06-10,201806106207741,WOMI,21,50,100,1400.0,140000.0
2018-06-10,201806106207740,WOMI,39,50,100,1400.0,140000.0
2018-06-10,201806106207739,WOMI,58,50,10,1400.0,14000.0
2018-06-10,201806106207738,WOMI,51,50,20,1401.0,28020.0
2018-06-10,201806106207500,WOMI,21,57,26,1401.0,36426.0
2018-06-10,201806106207402,WOMI,21,59,24,1401.0,33624.0
2018-06-10,201806106207401,WOMI,21,59,50,1401.0,70050.0
2018-06-10,201806106207400,WOMI,22,59,100,1402.0,140200.0
2018-06-10,201806106207399,WOMI,55,59,50,1402.0,70100.0
2018-06-10,201806106207398,WOMI,22,59,30,1405.0,42150.0
2018-06-10,201806106202804,ADBL,6,6,36,327.0,11772.0
2018-06-10,201806106202637,ADBL,6,6,94,327.0,30738.0
2018-06-10,201806106202628,AHPC,45,1,10,171.0,1710.0
2018-06-10,201806106202850,AKPL,37,37,13,298.0,3874.0
2018-06-10,201806106202690,AKPL,37,37,13,294.0,3822.0
2018-06-10,201806106202768,API,13,7,184,300.0,55200.0
2018-06-10,201806106202767,API,45,7,15,300.0,4500.0
2018-06-10,201806106202757,API,13,44,16,300.0,4800.0
2018-06-10,201806106202703,API,37,37,17,304.0,5168.0
2018-06-10,201806106202646,API,45,16,195,300.0,58500.0
2018-06-10,201806106202833,BPCL,25,25,10,445.0,4450.0
2018-06-10,201806106202849,CBL,13,33,80,155.0,12400.0
2018-06-10,201806106202840,CBL,13,49,634,155.0,98270.0
2018-06-10,201806106202839,CBL,28,49,166,155.0,25730.0
2018-06-10,201806106202838,CBL,28,49,708,155.0,109740.0
2018-06-10,201806106202835,CBL,28,21,25,155.0,3875.0
2018-06-10,201806106202821,CBL,11,6,28,157.0,4396.0
2018-06-10,201806106202750,CBL,13,42,1155,155.0,179025.0
2018-06-10,201806106202749,CBL,47,42,50,155.0,7750.0
2018-06-10,201806106202748,CBL,39,42,150,155.0,23250.0
2018-06-10,201806106202747,CBL,16,42,50,155.0,7750.0
2018-06-10,201806106202720,CBL,57,6,17,157.0,2669.0
2018-06-10,201806106202643,CBL,41,6,100,157.0,15700.0
2018-06-10,201806106202820,CBL,11,49,22,157.0,3454.0
2018-06-10,201806106202819,CBL,11,34,850,157.0,133450.0
2018-06-10,201806106202815,CBL,11,4,95,156.0,14820.0
2018-06-10,201806106202787,CBL,28,19,101,155.0,15655.0
2018-06-10,201806106202769,CBL,48,29,563,156.0,87828.0
2018-06-10,201806106202759,CBL,13,39,50,155.0,7750.0
2018-06-10,201806106202805,CCBL,39,33,10,173.0,1730.0
2018-06-10,201806106202774,CCBL,41,33,475,173.0,82175.0
2018-06-10,201806106202773,CCBL,41,4,25,173.0,4325.0
2018-06-10,201806106202743,CCBL,22,44,1000,173.0,173000.0
2018-06-10,201806106202742,CCBL,58,44,116,173.0,20068.0
2018-06-10,201806106202724,CCBL,58,57,34,173.0,5882.0
2018-06-10,201806106202786,CZBIL,6,42,200,250.0,50000.0
2018-06-10,201806106202641,CZBIL,51,17,500,250.0,125000.0
2018-06-10,201806106202831,EBL,39,49,300,690.0,207000.0
2018-06-10,201806106202830,EBL,17,49,20,691.0,13820.0
2018-06-10,201806106202829,EBL,48,49,216,691.0,149256.0
2018-06-10,201806106202828,EBL,7,49,150,692.0,103800.0
2018-06-10,201806106202806,EBL,16,16,30,699.0,20970.0
2018-06-10,201806106202788,EBL,17,19,10,700.0,7000.0
2018-06-10,201806106202760,EBL,39,19,50,700.0,35000.0
2018-06-10,201806106202755,EBL,34,45,50,700.0,35000.0
2018-06-10,201806106202727,EBL,38,38,5000,699.0,3495000.0
2018-06-10,201806106202645,EBL,48,57,13,691.0,8983.0
2018-06-10,201806106202789,EDBL,25,25,10000,315.0,3150000.0
2018-06-10,201806106202782,EDBL,25,25,923,321.0,296283.0
2018-06-10,201806106202766,FOWAD,41,44,10,2325.0,23250.0
2018-06-10,201806106202779,GBBL,26,49,14,180.0,2520.0
2018-06-10,201806106202647,GBBL,26,1,200,180.0,36000.0
2018-06-10,201806106202837,GBIME,39,21,10,300.0,3000.0
2018-06-10,201806106202784,GBIME,4,4,2,298.0,596.0
2018-06-10,201806106202624,GBLBS,44,44,10,590.0,5900.0
2018-06-10,201806106202621,GBLBS,44,44,10,590.0,5900.0
2018-06-10,201806106202745,GDBL,38,45,10,204.0,2040.0
2018-06-10,201806106202802,GILB,11,44,19,1200.0,22800.0
2018-06-10,201806106202615,GRDBL,44,44,10,150.0,1500.0
2018-06-10,201806106202700,HIDCL,34,7,100,159.0,15900.0
2018-06-10,201806106202626,HIDCL,39,22,30,162.0,4860.0
2018-06-10,201806106202842,HPPL,22,17,10,300.0,3000.0
2018-06-10,201806106202616,HPPL,44,44,10,305.0,3050.0
2018-06-10,201806106202756,KBL,39,26,70,215.0,15050.0
2018-06-10,201806106202746,KBL,4,4,2,213.0,426.0
2018-06-10,201806106202630,KSBBL,7,26,55,154.0,8470.0
2018-06-10,201806106202627,KSBBL,26,26,63,154.0,9702.0
2018-06-10,201806106202619,KSBBL,44,44,25,157.0,3925.0
2018-06-10,201806106202807,LBL,21,38,75,267.0,20025.0
2018-06-10,201806106202847,MEGA,58,58,325,177.0,57525.0
2018-06-10,201806106202818,MEGA,58,57,307,177.0,54339.0
2018-06-10,201806106202792,MEGA,58,51,91,177.0,16107.0
2018-06-10,201806106202791,MEGA,58,21,837,177.0,148149.0
2018-06-10,201806106202785,MEGA,22,19,200,176.0,35200.0
2018-06-10,201806106202780,MEGA,48,21,100,177.0,17700.0
2018-06-10,201806106202692,MEGA,41,6,100,178.0,17800.0
2018-06-10,201806106202639,MEGA,19,19,354,177.0,62658.0
2018-06-10,201806106202617,MEGA,44,44,16,177.0,2832.0
2018-06-10,201806106202736,MEGA,38,17,20,177.0,3540.0
2018-06-10,201806106202730,MEGA,58,4,23,177.0,4071.0
2018-06-10,201806106202721,MEGA,58,57,67,177.0,11859.0
2018-06-10,201806106202695,MEGA,57,6,56,178.0,9968.0
2018-06-10,201806106202694,MEGA,57,6,56,178.0,9968.0
2018-06-10,201806106202693,MEGA,41,6,50,178.0,8900.0
2018-06-10,201806106202778,MEGA,48,21,157,177.0,27789.0
2018-06-10,201806106202777,MEGA,48,22,43,177.0,7611.0
2018-06-10,201806106202772,MEGA,7,22,200,177.0,35400.0
2018-06-10,201806106202771,MEGA,28,22,57,177.0,10089.0
2018-06-10,201806106202738,MEGA,28,17,63,177.0,11151.0
2018-06-10,201806106202737,MEGA,58,17,10,177.0,1770.0
2018-06-10,201806106202808,MERO,42,44,58,1120.0,64960.0
2018-06-10,201806106202625,MERO,38,29,100,1120.0,112000.0
2018-06-10,201806106202834,MLBBL,58,37,180,1020.0,183600.0
2018-06-10,201806106202614,MPFL,40,40,630,301.0,189630.0
2018-06-10,201806106202800,MSLB,37,25,15,2660.0,39900.0
2018-06-10,201806106202636,MSLB,16,22,5,2651.0,13255.0
2018-06-10,201806106202799,MSMBS,41,44,22,728.0,16016.0
2018-06-10,201806106202741,MSMBS,48,44,22,735.0,16170.0
2018-06-10,201806106202702,NBB,22,13,136,222.0,30192.0
2018-06-10,201806106202701,NBB,22,13,120,222.0,26640.0
2018-06-10,201806106202735,NBL,1,57,70,305.0,21350.0
2018-06-10,201806106202734,NBL,17,57,200,305.0,61000.0
2018-06-10,201806106202733,NBL,22,57,200,306.0,61200.0
2018-06-10,201806106202732,NBL,55,57,30,307.0,9210.0
2018-06-10,201806106202793,NIB,42,39,50,630.0,31500.0
2018-06-10,201806106202781,NIB,38,13,300,630.0,189000.0
2018-06-10,201806106202728,NIB,37,37,37,639.0,23643.0
2018-06-10,201806106202790,NICA,59,39,68,322.0,21896.0
2018-06-10,201806106202640,NICA,40,17,100,325.0,32500.0
2018-06-10,201806106202843,NIL,22,55,100,572.0,57200.0
2018-06-10,201806106202855,NLIC,49,4,100,1059.0,105900.0
2018-06-10,201806106202854,NLIC,19,4,100,1059.0,105900.0
2018-06-10,201806106202853,NLIC,39,4,33,1063.0,35079.0
2018-06-10,201806106202852,NLIC,17,4,20,1064.0,21280.0
2018-06-10,201806106202851,NLIC,47,4,11,1065.0,11715.0
2018-06-10,201806106202845,NLIC,47,28,11,1070.0,11770.0
2018-06-10,201806106202832,NLIC,39,50,16,1075.0,17200.0
2018-06-10,201806106202740,NLIC,37,37,12,1080.0,12960.0
2018-06-10,201806106202699,NLIC,39,50,17,1063.0,18071.0
2018-06-10,201806106202797,NMFBS,41,37,12,2325.0,27900.0
2018-06-10,201806106202796,NMFBS,41,6,12,2300.0,27600.0
2018-06-10,201806106202795,NMFBS,41,44,19,2285.0,43415.0
2018-06-10,201806106202725,NMFBS,34,47,100,2285.0,228500.0
2018-06-10,201806106202803,PCBL,6,49,1500,300.0,450000.0
2018-06-10,201806106202632,PCBL,6,17,100,300.0,30000.0
2018-06-10,201806106202848,PIC,58,10,11,1201.0,13211.0
2018-06-10,201806106202844,PIC,58,10,11,1201.0,13211.0
2018-06-10,201806106202823,PIC,58,34,11,1201.0,13211.0
2018-06-10,201806106202817,PIC,39,25,1,1187.0,1187.0
2018-06-10,201806106202813,PIC,58,47,357,1201.0,428757.0
2018-06-10,201806106202812,PIC,52,47,10,1202.0,12020.0
2018-06-10,201806106202622,PIC,44,44,11,1235.0,13585.0
2018-06-10,201806106202620,PIC,37,22,11,1235.0,13585.0
2018-06-10,201806106202613,PIC,44,11,1,1201.0,1201.0
2018-06-10,201806106202661,PIC,39,20,1,1206.0,1206.0
2018-06-10,201806106202658,PIC,39,20,1,1206.0,1206.0
2018-06-10,201806106202655,PIC,39,16,1,1206.0,1206.0
2018-06-10,201806106202652,PIC,39,20,1,1206.0,1206.0
2018-06-10,201806106202629,PIC,39,39,20,1230.0,24600.0
2018-06-10,201806106202623,PIC,44,44,11,1235.0,13585.0
2018-06-10,201806106202698,PIC,52,16,11,1211.0,13321.0
2018-06-10,201806106202697,PIC,39,16,1,1206.0,1206.0
2018-06-10,201806106202673,PIC,39,16,1,1206.0,1206.0
2018-06-10,201806106202670,PIC,39,20,1,1206.0,1206.0
2018-06-10,201806106202667,PIC,39,16,1,1206.0,1206.0
2018-06-10,201806106202664,PIC,39,20,1,1206.0,1206.0
2018-06-10,201806106202710,PIC,34,34,1,1211.0,1211.0
2018-06-10,201806106202709,PIC,34,34,1,1211.0,1211.0
2018-06-10,201806106202708,PIC,34,34,1,1211.0,1211.0
2018-06-10,201806106202707,PIC,34,34,1,1211.0,1211.0
2018-06-10,201806106202706,PIC,34,11,1,1201.0,1201.0
2018-06-10,201806106202705,PIC,34,11,1,1201.0,1201.0
2018-06-10,201806106202716,PIC,34,11,1,1211.0,1211.0
2018-06-10,201806106202715,PIC,34,34,1,1211.0,1211.0
2018-06-10,201806106202714,PIC,34,34,1,1211.0,1211.0
2018-06-10,201806106202713,PIC,34,34,1,1211.0,1211.0
2018-06-10,201806106202712,PIC,34,34,1,1211.0,1211.0
2018-06-10,201806106202711,PIC,34,34,1,1211.0,1211.0
2018-06-10,201806106202729,PIC,29,21,189,1206.0,227934.0
2018-06-10,201806106202726,PIC,34,34,1,1211.0,1211.0
2018-06-10,201806106202723,PIC,29,16,11,1206.0,13266.0
2018-06-10,201806106202719,PIC,34,34,1,1211.0,1211.0
2018-06-10,201806106202718,PIC,34,34,1,1211.0,1211.0
2018-06-10,201806106202717,PIC,34,11,1,1211.0,1211.0
2018-06-10,201806106202811,PIC,10,47,50,1204.0,60200.0
2018-06-10,201806106202810,PIC,51,47,50,1205.0,60250.0
2018-06-10,201806106202809,PIC,38,47,100,1210.0,121000.0
2018-06-10,201806106202798,PIC,1,21,16,1215.0,19440.0
2018-06-10,201806106202752,PIC,37,37,11,1214.0,13354.0
2018-06-10,201806106202731,PIC,39,16,1,1187.0,1187.0
2018-06-10,201806106202841,PICL,58,49,10,808.0,8080.0
2018-06-10,201806106202801,PRIN,36,19,50,539.0,26950.0
2018-06-10,201806106202762,PRVU,5,43,98,203.0,19894.0
2018-06-10,201806106202754,PRVU,56,4,16,202.0,3232.0
2018-06-10,201806106202753,PRVU,56,17,450,202.0,90900.0
2018-06-10,201806106202751,PRVU,25,17,100,202.0,20200.0
2018-06-10,201806106202744,PRVU,17,42,200,200.0,40000.0
2018-06-10,201806106202739,PRVU,28,17,100,202.0,20200.0
2018-06-10,201806106202634,RADHI,50,34,10,224.0,2240.0
2018-06-10,201806106202631,RADHI,50,34,10,224.0,2240.0
2018-06-10,201806106202704,RSDC,20,20,20,575.0,11500.0
2018-06-10,201806106202846,SCB,58,17,10,775.0,7750.0
2018-06-10,201806106202814,SCB,58,17,10,775.0,7750.0
2018-06-10,201806106202783,SCB,14,33,30,780.0,23400.0
2018-06-10,201806106202691,SCB,11,48,100,785.0,78500.0
2018-06-10,201806106202649,SCB,58,45,50,780.0,39000.0
2018-06-10,201806106202633,SCB,6,6,100,780.0,78000.0
2018-06-10,201806106202826,SDESI,28,44,13,1760.0,22880.0
2018-06-10,201806106202825,SDESI,28,44,13,1760.0,22880.0
2018-06-10,201806106202824,SDESI,28,44,13,1760.0,22880.0
2018-06-10,201806106202765,SDESI,38,44,13,1760.0,22880.0
2018-06-10,201806106202764,SDESI,38,44,13,1750.0,22750.0
2018-06-10,201806106202763,SDESI,38,44,13,1750.0,22750.0
2018-06-10,201806106202644,SDESI,38,44,13,1750.0,22750.0
2018-06-10,201806106202618,SHPC,44,44,10,343.0,3430.0
2018-06-10,201806106202648,SIC,38,38,50,1356.0,67800.0
2018-06-10,201806106202836,SLICL,44,21,30,670.0,20100.0
2018-06-10,201806106202722,SMATA,51,44,12,1336.0,16032.0
2018-06-10,201806106202642,SMATA,36,44,12,1310.0,15720.0
2018-06-10,201806106202638,SMATA,58,36,10,1285.0,12850.0
2018-06-10,201806106202822,SRBL,54,44,11,226.0,2486.0
2018-06-10,201806106202816,SRBL,10,10,4,227.0,908.0
2018-06-10,201806106202761,SRBL,53,53,83,228.0,18924.0
2018-06-10,201806106202776,SWBBL,22,47,100,1280.0,128000.0
2018-06-10,201806106202775,SWBBL,47,47,10,1285.0,12850.0
2018-06-10,201806106202696,UIC,59,7,50,975.0,48750.0
2018-06-10,201806106202827,VLBS,38,44,11,815.0,8965.0
2018-06-10,201806106202794,VLBS,38,44,11,815.0,8965.0
2018-06-10,201806106202758,VLBS,38,44,11,815.0,8965.0
2018-06-10,201806106202635,VLBS,38,44,12,815.0,9780.0
2018-06-10,201806106202770,WOMI,37,37,25,1475.0,36875.0
2018-06-10,201806106203258,ADBL,40,26,104,321.0,33384.0
2018-06-10,201806106203233,ADBL,29,29,105,322.0,33810.0
2018-06-10,201806106202979,ADBL,38,38,34,324.0,11016.0
2018-06-10,201806106202912,ADBL,28,8,300,325.0,97500.0
2018-06-10,201806106202911,ADBL,51,8,200,325.0,65000.0
2018-06-10,201806106203319,ALICL,22,22,7,689.0,4823.0
2018-06-10,201806106203293,ALICL,4,16,25,703.0,17575.0
2018-06-10,201806106202884,API,37,37,17,301.0,5117.0
2018-06-10,201806106203250,BPCL,41,7,20,445.0,8900.0
2018-06-10,201806106203166,BPCL,41,39,50,445.0,22250.0
2018-06-10,201806106203142,BPCL,41,28,10,445.0,4450.0
2018-06-10,201806106203075,BPCL,14,36,20,444.0,8880.0
2018-06-10,201806106203060,BPCL,1,36,20,445.0,8900.0
2018-06-10,201806106203045,BPCL,1,36,20,445.0,8900.0
2018-06-10,201806106203019,BPCL,1,36,20,445.0,8900.0
2018-06-10,201806106203002,BPCL,1,36,20,445.0,8900.0
2018-06-10,201806106202964,BPCL,25,25,10,446.0,4460.0
2018-06-10,201806106202928,BPCL,25,25,10,446.0,4460.0
2018-06-10,201806106202862,BPCL,25,25,10,445.0,4450.0
2018-06-10,201806106203198,CBL,1,41,300,153.0,45900.0
2018-06-10,201806106203197,CBL,39,41,1000,153.0,153000.0
2018-06-10,201806106203196,CBL,35,41,1000,153.0,153000.0
2018-06-10,201806106203195,CBL,29,41,100,153.0,15300.0
2018-06-10,201806106203194,CBL,45,41,1000,153.0,153000.0
2018-06-10,201806106203193,CBL,53,41,30,153.0,4590.0
2018-06-10,201806106203192,CBL,1,41,200,154.0,30800.0
2018-06-10,201806106203191,CBL,58,41,500,154.0,77000.0
2018-06-10,201806106203190,CBL,47,41,381,154.0,58674.0
2018-06-10,201806106203137,CBL,47,49,827,154.0,127358.0
2018-06-10,201806106202909,CBL,13,6,81,155.0,12555.0
2018-06-10,201806106203345,CCBL,21,16,100,169.0,16900.0
2018-06-10,201806106203311,CCBL,40,18,592,167.0,98864.0
2018-06-10,201806106203310,CCBL,56,18,1000,168.0,168000.0
2018-06-10,201806106203309,CCBL,17,18,70,168.0,11760.0
2018-06-10,201806106203308,CCBL,17,18,400,168.0,67200.0
2018-06-10,201806106202866,CCBL,58,29,150,172.0,25800.0
2018-06-10,201806106202865,CCBL,41,29,32,172.0,5504.0
2018-06-10,201806106202864,CCBL,41,29,100,172.0,17200.0
2018-06-10,201806106202863,CCBL,41,29,20,172.0,3440.0
2018-06-10,201806106203055,CCBL,58,33,100,170.0,17000.0
2018-06-10,201806106203054,CCBL,22,33,10,170.0,1700.0
2018-06-10,201806106202915,CCBL,29,44,644,172.0,110768.0
2018-06-10,201806106202882,CCBL,21,33,119,173.0,20587.0
2018-06-10,201806106202871,CCBL,29,44,1337,172.0,229964.0
2018-06-10,201806106202867,CCBL,29,29,2019,172.0,347268.0
2018-06-10,201806106203307,CCBL,17,18,104,169.0,17576.0
2018-06-10,201806106203306,CCBL,53,18,30,169.0,5070.0
2018-06-10,201806106203149,CCBL,34,18,300,170.0,51000.0
2018-06-10,201806106203148,CCBL,39,18,300,170.0,51000.0
2018-06-10,201806106203147,CCBL,44,18,214,170.0,36380.0
2018-06-10,201806106203056,CCBL,44,33,786,170.0,133620.0
2018-06-10,201806106203169,CFCL,47,28,50,115.0,5750.0
2018-06-10,201806106203254,CHCL,58,58,123,771.0,94833.0
2018-06-10,201806106203292,CZBIL,6,13,1573,246.0,386958.0
2018-06-10,201806106203263,CZBIL,6,26,427,246.0,105042.0
2018-06-10,201806106203262,CZBIL,19,26,50,247.0,12350.0
2018-06-10,201806106203261,CZBIL,28,26,44,247.0,10868.0
2018-06-10,201806106203251,CZBIL,22,22,2,243.0,486.0
2018-06-10,201806106203028,CZBIL,28,17,225,247.0,55575.0
2018-06-10,201806106203001,CZBIL,28,16,131,247.0,32357.0
2018-06-10,201806106202913,CZBIL,28,46,100,247.0,24700.0
2018-06-10,201806106203136,DBBL,56,48,74,138.0,10212.0
2018-06-10,201806106203135,DBBL,26,48,26,138.0,3588.0
2018-06-10,201806106202938,DBBL,56,16,74,138.0,10212.0
2018-06-10,201806106202932,DBBL,26,16,74,138.0,10212.0
2018-06-10,201806106203343,DDBL,32,16,46,770.0,35420.0
2018-06-10,201806106203342,DDBL,37,16,50,770.0,38500.0
2018-06-10,201806106203341,DDBL,17,16,20,780.0,15600.0
2018-06-10,201806106203257,EBL,42,58,25,685.0,17125.0
2018-06-10,201806106203248,EBL,25,58,40,684.0,27360.0
2018-06-10,201806106203218,EBL,16,16,50,685.0,34250.0
2018-06-10,201806106203178,EBL,47,16,50,685.0,34250.0
2018-06-10,201806106203163,EBL,47,53,150,685.0,102750.0
2018-06-10,201806106203162,EBL,42,53,100,685.0,68500.0
2018-06-10,201806106202868,EBL,58,58,1000,693.0,693000.0
2018-06-10,201806106203011,EBL,49,49,304,680.0,206720.0
2018-06-10,201806106202923,EBL,25,34,60,684.0,41040.0
2018-06-10,201806106202922,EBL,58,34,20,685.0,13700.0
2018-06-10,201806106202921,EBL,33,34,20,685.0,13700.0
2018-06-10,201806106202885,EBL,8,49,200,686.0,137200.0
2018-06-10,201806106202880,EBL,56,16,10,695.0,6950.0
2018-06-10,201806106203121,EBL,47,26,300,685.0,205500.0
2018-06-10,201806106203053,EBL,47,4,456,685.0,312360.0
2018-06-10,201806106203295,EDBL,25,49,22,321.0,7062.0
2018-06-10,201806106203294,EDBL,53,49,30,321.0,9630.0
2018-06-10,201806106203256,EIC,39,46,10,1421.0,14210.0
2018-06-10,201806106203287,FMDBL,55,6,10,560.0,5600.0
2018-06-10,201806106203157,FOWAD,28,44,10,2300.0,23000.0
2018-06-10,201806106203003,FOWAD,28,56,23,2300.0,52900.0
2018-06-10,201806106202910,FOWAD,28,4,200,2300.0,460000.0
2018-06-10,201806106202902,FOWAD,28,47,29,2300.0,66700.0
2018-06-10,201806106202892,FOWAD,28,47,28,2300.0,64400.0
2018-06-10,201806106202919,GBBL,26,13,1000,180.0,180000.0
2018-06-10,201806106203264,GBIME,45,26,12,296.0,3552.0
2018-06-10,201806106203173,GBIME,45,8,177,296.0,52392.0
2018-06-10,201806106203172,GBIME,14,8,10,297.0,2970.0
2018-06-10,201806106203171,GBIME,25,8,500,297.0,148500.0
2018-06-10,201806106203170,GBIME,40,8,200,297.0,59400.0
2018-06-10,201806106203158,GBIME,14,14,3000,297.0,891000.0
2018-06-10,201806106202987,GBLBS,49,49,30,588.0,17640.0
2018-06-10,201806106202986,GBLBS,49,17,10,588.0,5880.0
2018-06-10,201806106202963,GBLBS,38,28,10,581.0,5810.0
2018-06-10,201806106202881,GBLBS,38,44,10,581.0,5810.0
2018-06-10,201806106202872,GBLBS,25,25,10,582.0,5820.0
2018-06-10,201806106203336,GDBL,55,1,360,200.0,72000.0
2018-06-10,201806106202890,GDBL,38,1,40,204.0,8160.0
2018-06-10,201806106202889,GDBL,26,1,100,205.0,20500.0
2018-06-10,201806106203347,GFCL,25,39,167,119.0,19873.0
2018-06-10,201806106202989,GRDBL,57,29,100,150.0,15000.0
2018-06-10,201806106203267,HBL,39,26,90,576.0,51840.0
2018-06-10,201806106203266,HBL,22,26,40,577.0,23080.0
2018-06-10,201806106203265,HBL,17,26,20,577.0,11540.0
2018-06-10,201806106202971,HDL,33,55,300,1280.0,384000.0
2018-06-10,201806106203189,HGI,44,55,190,461.0,87590.0
2018-06-10,201806106203111,HGI,44,26,67,461.0,30887.0
2018-06-10,201806106203110,HGI,29,26,33,469.0,15477.0
2018-06-10,201806106203312,HPPL,5,25,10,300.0,3000.0
2018-06-10,201806106203068,JBBL,4,44,344,139.0,47816.0
2018-06-10,201806106203105,JBNL,22,49,10,161.0,1610.0
2018-06-10,201806106203095,JBNL,36,49,11,162.0,1782.0
2018-06-10,201806106203355,JSLBB,38,10,12,3100.0,37200.0
2018-06-10,201806106203122,KBL,42,42,3300,215.0,709500.0
2018-06-10,201806106203187,KKHC,28,22,10,118.0,1180.0
2018-06-10,201806106203100,KSBBL,39,22,300,154.0,46200.0
2018-06-10,201806106203067,KSBBL,58,4,150,154.0,23100.0
2018-06-10,201806106203042,KSBBL,57,8,467,153.0,71451.0
2018-06-10,201806106202917,KSBBL,7,8,245,154.0,37730.0
2018-06-10,201806106203244,LBBL,1,37,94,149.0,14006.0
2018-06-10,201806106203354,LBL,21,16,100,260.0,26000.0
2018-06-10,201806106203164,LBL,11,16,500,257.0,128500.0
2018-06-10,201806106203126,LBL,37,26,180,262.0,47160.0
2018-06-10,201806106203057,LBL,37,19,220,262.0,57640.0
2018-06-10,201806106202934,LBL,21,17,90,267.0,24030.0
2018-06-10,201806106203101,LICN,34,26,200,1650.0,330000.0
2018-06-10,201806106203114,MBL,51,49,50,216.0,10800.0
2018-06-10,201806106203113,MBL,25,49,200,216.0,43200.0
2018-06-10,201806106203112,MBL,53,49,30,216.0,6480.0
2018-06-10,201806106203242,MDB,56,49,57,283.0,16131.0
2018-06-10,201806106203090,MDB,56,26,180,283.0,50940.0
2018-06-10,201806106203089,MDB,6,26,490,285.0,139650.0
2018-06-10,201806106203088,MDB,53,26,30,287.0,8610.0
2018-06-10,201806106202926,MDB,6,33,10,288.0,2880.0
2018-06-10,201806106203348,MEGA,49,32,26,177.0,4602.0
2018-06-10,201806106203346,MEGA,46,32,17,177.0,3009.0
2018-06-10,201806106203269,MEGA,58,26,31,176.0,5456.0
2018-06-10,201806106203252,MEGA,58,8,101,176.0,17776.0
2018-06-10,201806106203245,MEGA,41,32,100,177.0,17700.0
2018-06-10,201806106203237,MEGA,8,32,367,177.0,64959.0
2018-06-10,201806106202925,MEGA,28,32,15,177.0,2655.0
2018-06-10,201806106202924,MEGA,57,32,24,177.0,4248.0
2018-06-10,201806106202914,MEGA,22,47,39,177.0,6903.0
2018-06-10,201806106202888,MEGA,28,58,485,177.0,85845.0
2018-06-10,201806106202887,MEGA,57,53,32,177.0,5664.0
2018-06-10,201806106202886,MEGA,16,53,50,177.0,8850.0
2018-06-10,201806106203115,MEGA,35,19,90,176.0,15840.0
2018-06-10,201806106203106,MEGA,22,22,78,176.0,13728.0
2018-06-10,201806106203027,MEGA,17,55,131,176.0,23056.0
2018-06-10,201806106202977,MEGA,58,32,71,177.0,12567.0
2018-06-10,201806106202976,MEGA,58,57,107,177.0,18939.0
2018-06-10,201806106202929,MEGA,58,37,362,176.0,63712.0
2018-06-10,201806106203236,MEGA,8,32,84,177.0,14868.0
2018-06-10,201806106203235,MEGA,8,41,549,177.0,97173.0
2018-06-10,201806106203180,MEGA,35,21,51,176.0,8976.0
2018-06-10,201806106203174,MEGA,35,47,35,176.0,6160.0
2018-06-10,201806106203165,MEGA,22,44,16,176.0,2816.0
2018-06-10,201806106203156,MEGA,35,20,98,176.0,17248.0
2018-06-10,201806106203349,MERO,44,44,14,1114.0,15596.0
2018-06-10,201806106203326,MERO,44,44,14,1113.0,15582.0
2018-06-10,201806106203087,MERO,58,16,11,1102.0,12122.0
2018-06-10,201806106203086,MERO,52,16,20,1106.0,22120.0
2018-06-10,201806106203085,MERO,42,16,32,1120.0,35840.0
2018-06-10,201806106203036,MLBBL,28,56,20,1011.0,20220.0
2018-06-10,201806106202861,MLBBL,50,10,193,1011.0,195123.0
2018-06-10,201806106202995,MLBL,39,34,40,173.0,6920.0
2018-06-10,201806106203205,MNBBL,58,48,437,384.0,167808.0
2018-06-10,201806106203035,MNBBL,57,26,50,380.0,19000.0
2018-06-10,201806106203034,MNBBL,28,26,100,380.0,38000.0
2018-06-10,201806106203033,MNBBL,38,26,50,380.0,19000.0
2018-06-10,201806106202944,MNBBL,28,46,100,380.0,38000.0
2018-06-10,201806106203259,MSLB,11,45,15,2640.0,39600.0
2018-06-10,201806106203093,MSLB,41,41,5,2600.0,13000.0
2018-06-10,201806106202950,MSLB,11,44,15,2640.0,39600.0
2018-06-10,201806106202877,MSLB,37,47,35,2640.0,92400.0
2018-06-10,201806106202876,MSLB,58,47,15,2661.0,39915.0
2018-06-10,201806106203327,MSMBS,25,29,59,715.0,42185.0
2018-06-10,201806106203239,MSMBS,25,20,41,715.0,29315.0
2018-06-10,201806106202980,MSMBS,41,42,11,727.0,7997.0
2018-06-10,201806106202941,MSMBS,5,44,22,728.0,16016.0
2018-06-10,201806106202940,MSMBS,5,44,22,728.0,16016.0
2018-06-10,201806106202939,MSMBS,5,44,22,728.0,16016.0
2018-06-10,201806106203082,NABIL,33,46,20,960.0,19200.0
2018-06-10,201806106203015,NABIL,22,47,40,970.0,38800.0
2018-06-10,201806106203104,NABILP,28,47,30,769.0,23070.0
2018-06-10,201806106203103,NABILP,28,44,150,769.0,115350.0
2018-06-10,201806106203076,NABILP,40,44,50,769.0,38450.0
2018-06-10,201806106203066,NABILP,40,22,150,769.0,115350.0
2018-06-10,201806106202875,NBB,13,13,200,218.0,43600.0
2018-06-10,201806106202874,NBB,49,13,76,218.0,16568.0
2018-06-10,201806106202873,NBB,59,13,50,218.0,10900.0
2018-06-10,201806106203225,NBL,58,41,250,306.0,76500.0
2018-06-10,201806106203204,NBL,42,39,48,310.0,14880.0
2018-06-10,201806106203129,NBL,16,44,500,307.0,153500.0
2018-06-10,201806106203084,NBL,16,51,416,307.0,127712.0
2018-06-10,201806106203083,NBL,58,51,1000,307.0,307000.0
2018-06-10,201806106203071,NBL,42,51,400,308.0,123200.0
2018-06-10,201806106203255,NHDL,43,7,10,158.0,1580.0
2018-06-10,201806106203217,NHDL,43,40,10,158.0,1580.0
2018-06-10,201806106203284,NHPC,25,7,600,86.0,51600.0
2018-06-10,201806106203283,NHPC,42,7,2000,86.0,172000.0
2018-06-10,201806106203120,NHPC,25,17,400,87.0,34800.0
2018-06-10,201806106203119,NHPC,50,17,50,87.0,4350.0
2018-06-10,201806106203353,NIB,11,45,37,626.0,23162.0
2018-06-10,201806106203260,NIB,19,45,40,626.0,25040.0
2018-06-10,201806106203024,NIB,28,26,50,625.0,31250.0
2018-06-10,201806106203023,NIB,58,26,15,625.0,9375.0
2018-06-10,201806106203022,NIB,47,26,50,625.0,31250.0
2018-06-10,201806106203021,NIB,22,26,50,626.0,31300.0
2018-06-10,201806106203020,NIB,29,26,50,627.0,31350.0
2018-06-10,201806106202901,NIB,37,37,37,629.0,23273.0
2018-06-10,201806106202879,NIB,47,45,200,628.0,125600.0
2018-06-10,201806106202993,NIBPO,58,47,200,561.0,112200.0
2018-06-10,201806106202962,NICA,32,36,155,321.0,49755.0
2018-06-10,201806106202961,NICA,40,36,200,321.0,64200.0
2018-06-10,201806106202960,NICA,53,36,30,321.0,9630.0
2018-06-10,201806106202959,NICA,59,36,432,322.0,139104.0
2018-06-10,201806106202958,NICA,58,36,200,323.0,64600.0
2018-06-10,201806106203340,NICL,5,49,10,655.0,6550.0
2018-06-10,201806106203117,NICL,49,46,20,662.0,13240.0
2018-06-10,201806106203116,NICL,39,46,40,662.0,26480.0
2018-06-10,201806106203092,NICL,39,20,10,662.0,6620.0
2018-06-10,201806106203014,NICL,1,26,100,675.0,67500.0
2018-06-10,201806106203013,NICL,39,26,100,676.0,67600.0
2018-06-10,201806106203012,NICL,43,26,200,678.0,135600.0
2018-06-10,201806106203344,NIL,14,44,300,572.0,171600.0
2018-06-10,201806106203179,NIL,16,46,50,565.0,28250.0
2018-06-10,201806106203168,NIL,54,46,50,565.0,28250.0
2018-06-10,201806106203065,NIL,16,20,200,571.0,114200.0
2018-06-10,201806106203064,NIL,28,20,100,571.0,57100.0
2018-06-10,201806106203063,NIL,28,20,50,571.0,28550.0
2018-06-10,201806106203352,NLIC,51,29,10,1035.0,10350.0
2018-06-10,201806106203351,NLIC,14,29,155,1035.0,160425.0
2018-06-10,201806106203350,NLIC,42,29,25,1035.0,25875.0
2018-06-10,201806106203337,NLIC,38,38,17,1036.0,17612.0
2018-06-10,201806106203333,NLIC,14,48,20,1040.0,20800.0
2018-06-10,201806106203332,NLIC,14,6,100,1040.0,104000.0
2018-06-10,201806106202930,NLIC,33,49,20,1055.0,21100.0
2018-06-10,201806106202952,NLIC,37,37,12,1054.0,12648.0
2018-06-10,201806106202951,NLIC,14,38,17,1050.0,17850.0
2018-06-10,201806106202949,NLIC,14,38,17,1050.0,17850.0
2018-06-10,201806106202937,NLIC,14,49,270,1050.0,283500.0
2018-06-10,201806106202936,NLIC,22,49,50,1050.0,52500.0
2018-06-10,201806106202935,NLIC,28,49,100,1051.0,105100.0
2018-06-10,201806106203016,NLIC,38,38,17,1036.0,17612.0
2018-06-10,201806106202998,NLIC,38,49,17,1050.0,17850.0
2018-06-10,201806106202978,NLIC,49,49,100,1050.0,105000.0
2018-06-10,201806106202955,NLIC,37,49,12,1050.0,12600.0
2018-06-10,201806106202954,NLIC,14,49,196,1050.0,205800.0
2018-06-10,201806106202953,NLIC,37,49,38,1055.0,40090.0
2018-06-10,201806106203043,NLIC,38,38,17,1036.0,17612.0
2018-06-10,201806106203041,NLIC,38,38,17,1036.0,17612.0
2018-06-10,201806106203037,NLIC,38,38,17,1036.0,17612.0
2018-06-10,201806106203029,NLIC,38,38,17,1036.0,17612.0
2018-06-10,201806106203026,NLIC,38,38,17,1036.0,17612.0
2018-06-10,201806106203025,NLIC,38,38,17,1036.0,17612.0
2018-06-10,201806106203109,NLIC,38,38,17,1041.0,17697.0
2018-06-10,201806106203099,NLIC,28,50,21,1040.0,21840.0
2018-06-10,201806106203098,NLIC,38,50,17,1041.0,17697.0
2018-06-10,201806106203051,NLIC,38,38,17,1036.0,17612.0
2018-06-10,201806106203049,NLIC,38,38,17,1036.0,17612.0
2018-06-10,201806106203044,NLIC,38,38,17,1036.0,17612.0
2018-06-10,201806106203253,NLIC,33,49,31,1035.0,32085.0
2018-06-10,201806106203232,NLIC,13,49,50,1040.0,52000.0
2018-06-10,201806106203231,NLIC,28,49,29,1040.0,30160.0
2018-06-10,201806106203230,NLIC,36,49,20,1042.0,20840.0
2018-06-10,201806106203229,NLIC,37,37,5,1046.0,5230.0
2018-06-10,201806106203200,NLIC,37,37,5,1046.0,5230.0
2018-06-10,201806106203331,NLIC,14,13,75,1040.0,78000.0
2018-06-10,201806106203330,NLIC,14,50,150,1039.0,155850.0
2018-06-10,201806106203329,NLIC,33,41,69,1035.0,71415.0
2018-06-10,201806106203328,NLIC,42,41,10,1036.0,10360.0
2018-06-10,201806106203325,NLIC,32,50,50,1039.0,51950.0
2018-06-10,201806106203268,NLIC,42,7,12,1036.0,12432.0
2018-06-10,201806106203107,NLICL,28,25,110,1280.0,140800.0
2018-06-10,201806106203005,NLICL,28,26,80,1280.0,102400.0
2018-06-10,201806106203004,NLICL,29,26,20,1290.0,25800.0
2018-06-10,201806106202916,NLICL,29,34,30,1290.0,38700.0
2018-06-10,201806106203008,NMB,59,22,2900,369.0,1070100.0
2018-06-10,201806106203007,NMB,59,7,119,366.0,43554.0
2018-06-10,201806106203006,NMB,59,16,1358,366.0,497028.0
2018-06-10,201806106202972,NMB,57,16,759,366.0,277794.0
2018-06-10,201806106202970,NMB,57,22,241,366.0,88206.0
2018-06-10,201806106202969,NMB,32,22,100,366.0,36600.0
2018-06-10,201806106202857,NMB,59,16,50,374.0,18700.0
2018-06-10,201806106202856,NMB,19,16,100,375.0,37500.0
2018-06-10,201806106202968,NMB,59,22,500,366.0,183000.0
2018-06-10,201806106202967,NMB,40,22,250,367.0,91750.0
2018-06-10,201806106202966,NMB,19,22,50,367.0,18350.0
2018-06-10,201806106202860,NMB,59,16,500,373.0,186500.0
2018-06-10,201806106202859,NMB,48,16,112,373.0,41776.0
2018-06-10,201806106202858,NMB,53,16,30,373.0,11190.0
2018-06-10,201806106203134,NMBMF,43,17,50,1480.0,74000.0
2018-06-10,201806106203318,NMFBS,22,45,59,2275.0,134225.0
2018-06-10,201806106203317,NMFBS,34,45,10,2277.0,22770.0
2018-06-10,201806106203210,NMFBS,34,47,100,2280.0,228000.0
2018-06-10,201806106203209,NMFBS,26,47,90,2280.0,205200.0
2018-06-10,201806106203208,NMFBS,16,47,50,2281.0,114050.0
2018-06-10,201806106203207,NMFBS,17,47,10,2282.0,22820.0
2018-06-10,201806106203167,NMFBS,41,40,23,2281.0,52463.0
2018-06-10,201806106203146,NMFBS,41,44,23,2281.0,52463.0
2018-06-10,201806106203052,NMFBS,26,42,10,2280.0,22800.0
2018-06-10,201806106203151,ODBL,53,1,30,180.0,5400.0
2018-06-10,201806106203150,ODBL,53,1,100,181.0,18100.0
2018-06-10,201806106203282,PCBL,37,26,75,300.0,22500.0
2018-06-10,201806106203281,PCBL,58,26,100,300.0,30000.0
2018-06-10,201806106203280,PCBL,52,26,50,300.0,15000.0
2018-06-10,201806106203279,PCBL,37,26,200,300.0,60000.0
2018-06-10,201806106203278,PCBL,59,26,30,300.0,9000.0
2018-06-10,201806106203277,PCBL,6,26,400,300.0,120000.0
2018-06-10,201806106203062,PCBL,47,6,451,301.0,135751.0
2018-06-10,201806106202984,PCBL,47,4,49,301.0,14749.0
2018-06-10,201806106203324,PIC,39,16,1,1170.0,1170.0
2018-06-10,201806106203240,PIC,34,16,73,1192.0,87016.0
2018-06-10,201806106203226,PIC,34,45,11,1192.0,13112.0
2018-06-10,201806106203224,PIC,34,45,11,1192.0,13112.0
2018-06-10,201806106203223,PIC,34,45,11,1192.0,13112.0
2018-06-10,201806106203222,PIC,34,45,11,1192.0,13112.0
2018-06-10,201806106202898,PIC,51,50,10,1201.0,12010.0
2018-06-10,201806106202897,PIC,58,50,110,1201.0,132110.0
2018-06-10,201806106202896,PIC,39,50,100,1202.0,120200.0
2018-06-10,201806106202895,PIC,50,50,100,1202.0,120200.0
2018-06-10,201806106202942,PIC,39,20,1,1187.0,1187.0
2018-06-10,201806106202933,PIC,39,20,1,1187.0,1187.0
2018-06-10,201806106202931,PIC,39,20,1,1187.0,1187.0
2018-06-10,201806106202927,PIC,39,20,1,1187.0,1187.0
2018-06-10,201806106202900,PIC,1,37,55,1208.0,66440.0
2018-06-10,201806106202899,PIC,45,50,500,1200.0,600000.0
2018-06-10,201806106202996,PIC,58,26,100,1192.0,119200.0
2018-06-10,201806106202965,PIC,58,34,11,1200.0,13200.0
2018-06-10,201806106202957,PIC,25,20,1,1178.0,1178.0
2018-06-10,201806106202956,PIC,19,20,1,1182.0,1182.0
2018-06-10,201806106202947,PIC,50,34,11,1200.0,13200.0
2018-06-10,201806106202946,PIC,39,20,1,1187.0,1187.0
2018-06-10,201806106203102,PIC,39,10,11,1195.0,13145.0
2018-06-10,201806106203097,PIC,39,10,11,1195.0,13145.0
2018-06-10,201806106203094,PIC,39,10,11,1195.0,13145.0
2018-06-10,201806106203091,PIC,39,10,11,1195.0,13145.0
2018-06-10,201806106203077,PIC,39,35,50,1195.0,59750.0
2018-06-10,201806106203046,PIC,28,34,11,1200.0,13200.0
2018-06-10,201806106203183,PIC,5,16,10,1194.0,11940.0
2018-06-10,201806106203182,PIC,50,16,28,1194.0,33432.0
2018-06-10,201806106203181,PIC,58,16,28,1195.0,33460.0
2018-06-10,201806106203177,PIC,58,10,11,1195.0,13145.0
2018-06-10,201806106203159,PIC,58,10,11,1195.0,13145.0
2018-06-10,201806106203118,PIC,50,10,11,1194.0,13134.0
2018-06-10,201806106203221,PIC,34,45,11,1192.0,13112.0
2018-06-10,201806106203219,PIC,34,45,11,1192.0,13112.0
2018-06-10,201806106203202,PIC,34,40,11,1192.0,13112.0
2018-06-10,201806106203186,PIC,38,16,100,1192.0,119200.0
2018-06-10,201806106203185,PIC,22,16,11,1193.0,13123.0
2018-06-10,201806106203184,PIC,43,16,22,1193.0,26246.0
2018-06-10,201806106203275,PICL,36,50,200,793.0,158600.0
2018-06-10,201806106203274,PICL,58,50,500,795.0,397500.0
2018-06-10,201806106203273,PICL,21,50,100,795.0,79500.0
2018-06-10,201806106203272,PICL,21,50,100,795.0,79500.0
2018-06-10,201806106202943,PICL,49,55,50,800.0,40000.0
2018-06-10,201806106202920,PICL,36,28,40,802.0,32080.0
2018-06-10,201806106202908,PICL,4,28,50,802.0,40100.0
2018-06-10,201806106202907,PICL,39,28,100,802.0,80200.0
2018-06-10,201806106202906,PICL,17,28,100,805.0,80500.0
2018-06-10,201806106202905,PICL,5,28,60,805.0,48300.0
2018-06-10,201806106202904,PICL,43,28,100,806.0,80600.0
2018-06-10,201806106202903,PICL,8,28,50,807.0,40350.0
2018-06-10,201806106203323,PRIN,53,41,250,520.0,130000.0
2018-06-10,201806106203322,PRIN,29,41,10,520.0,5200.0
2018-06-10,201806106203321,PRIN,49,41,200,520.0,104000.0
2018-06-10,201806106203316,PRIN,22,46,200,521.0,104200.0
2018-06-10,201806106203303,PRIN,38,46,100,529.0,52900.0
2018-06-10,201806106203302,PRIN,38,53,100,529.0,52900.0
2018-06-10,201806106203241,PRVU,20,20,22,204.0,4488.0
2018-06-10,201806106203228,PRVU,20,49,50,204.0,10200.0
2018-06-10,201806106203227,PRVU,20,44,80,203.0,16240.0
2018-06-10,201806106203176,PRVU,39,42,150,200.0,30000.0
2018-06-10,201806106203125,PRVU,39,42,400,200.0,80000.0
2018-06-10,201806106203124,PRVU,43,42,200,200.0,40000.0
2018-06-10,201806106203123,PRVU,7,42,400,201.0,80400.0
2018-06-10,201806106203080,PRVU,7,49,150,202.0,30300.0
2018-06-10,201806106203211,RADHI,28,40,10,226.0,2260.0
2018-06-10,201806106202883,RADHI,25,25,10,227.0,2270.0
2018-06-10,201806106203141,RBCL,21,42,10,11300.0,113000.0
2018-06-10,201806106203203,RBCLPO,28,33,20,10500.0,210000.0
2018-06-10,201806106203032,SADBL,42,48,50,160.0,8000.0
2018-06-10,201806106203031,SADBL,47,48,300,160.0,48000.0
2018-06-10,201806106203030,SADBL,16,48,50,160.0,8000.0
2018-06-10,201806106203018,SADBL,14,48,200,161.0,32200.0
2018-06-10,201806106203017,SADBL,33,48,50,161.0,8050.0
2018-06-10,201806106202975,SADBL,46,13,1000,164.0,164000.0
2018-06-10,201806106202974,SADBL,46,42,328,162.0,53136.0
2018-06-10,201806106202973,SADBL,46,45,10,162.0,1620.0
2018-06-10,201806106203304,SANIMA,22,17,600,331.0,198600.0
2018-06-10,201806106203301,SANIMA,10,28,100,332.0,33200.0
2018-06-10,201806106203243,SANIMA,28,28,300,332.0,99600.0
2018-06-10,201806106203216,SANIMA,28,54,300,333.0,99900.0
2018-06-10,201806106203206,SANIMA,28,57,200,333.0,66600.0
2018-06-10,201806106203096,SANIMA,17,46,72,331.0,23832.0
2018-06-10,201806106203059,SANIMA,39,46,10,331.0,3310.0
2018-06-10,201806106203048,SANIMA,1,46,68,331.0,22508.0
2018-06-10,201806106203047,SANIMA,59,46,50,331.0,16550.0
2018-06-10,201806106203286,SBI,7,26,32,503.0,16096.0
2018-06-10,201806106203285,SBI,17,26,78,504.0,39312.0
2018-06-10,201806106202994,SBI,7,26,89,503.0,44767.0
2018-06-10,201806106203335,SCB,13,4,100,770.0,77000.0
2018-06-10,201806106203334,SCB,13,40,10,768.0,7680.0
2018-06-10,201806106203300,SCB,22,4,100,770.0,77000.0
2018-06-10,201806106203299,SCB,21,4,50,771.0,38550.0
2018-06-10,201806106203298,SCB,17,4,20,771.0,15420.0
2018-06-10,201806106203297,SCB,22,4,10,771.0,7710.0
2018-06-10,201806106202945,SCB,13,58,150,778.0,116700.0
2018-06-10,201806106202878,SCB,58,17,80,775.0,62000.0
2018-06-10,201806106203074,SCB,13,33,135,773.0,104355.0
2018-06-10,201806106203073,SCB,28,33,35,775.0,27125.0
2018-06-10,201806106203040,SCB,28,19,40,775.0,31000.0
2018-06-10,201806106203039,SCB,34,19,50,775.0,38750.0
2018-06-10,201806106203038,SCB,19,19,30,775.0,23250.0
2018-06-10,201806106202997,SCB,34,46,50,775.0,38750.0
2018-06-10,201806106203296,SCB,26,4,20,771.0,15420.0
2018-06-10,201806106203276,SCB,1,4,30,772.0,23160.0
2018-06-10,201806106203271,SCB,1,40,120,772.0,92640.0
2018-06-10,201806106203215,SCB,19,7,20,773.0,15460.0
2018-06-10,201806106203144,SCB,1,53,50,775.0,38750.0
2018-06-10,201806106203143,SCB,1,19,20,774.0,15480.0
2018-06-10,201806106203338,SDESI,38,21,11,1730.0,19030.0
2018-06-10,201806106203199,SDESI,38,17,13,1730.0,22490.0
2018-06-10,201806106203175,SDESI,38,7,11,1730.0,19030.0
2018-06-10,201806106203072,SDESI,38,7,11,1730.0,19030.0
2018-06-10,201806106202988,SDESI,38,56,13,1730.0,22490.0
2018-06-10,201806106202985,SDESI,38,44,13,1730.0,22490.0
2018-06-10,201806106202982,SDESI,38,56,13,1730.0,22490.0
2018-06-10,201806106203079,SFFIL,6,42,100,253.0,25300.0
2018-06-10,201806106203078,SFFIL,6,42,20,252.0,5040.0
2018-06-10,201806106203127,SHL,14,28,200,240.0,48000.0
2018-06-10,201806106203050,SHL,1,28,200,240.0,48000.0
2018-06-10,201806106202992,SHL,29,26,800,240.0,192000.0
2018-06-10,201806106202991,SHL,25,26,100,240.0,24000.0
2018-06-10,201806106202990,SHL,53,26,100,241.0,24100.0
2018-06-10,201806106203220,SHPC,14,45,356,338.0,120328.0
2018-06-10,201806106203161,SHPC,14,39,137,338.0,46306.0
2018-06-10,201806106203160,SHPC,52,39,863,338.0,291694.0
2018-06-10,201806106203061,SHPC,52,16,17,338.0,5746.0
2018-06-10,201806106203009,SHPC,52,47,100,338.0,33800.0
2018-06-10,201806106202948,SHPC,52,40,20,338.0,6760.0
2018-06-10,201806106203131,SIC,34,40,46,1329.0,61134.0
2018-06-10,201806106203130,SIC,20,40,200,1329.0,265800.0
2018-06-10,201806106203339,SICL,38,25,100,983.0,98300.0
2018-06-10,201806106203315,SICL,38,26,100,983.0,98300.0
2018-06-10,201806106203314,SICL,39,37,10,986.0,9860.0
2018-06-10,201806106203313,SICL,42,26,15,985.0,14775.0
2018-06-10,201806106203234,SIL,37,10,100,700.0,70000.0
2018-06-10,201806106203081,SIL,37,20,20,705.0,14100.0
2018-06-10,201806106202893,SIL,1,45,79,711.0,56169.0
2018-06-10,201806106203247,SKBBL,53,53,690,1187.0,819030.0
2018-06-10,201806106203140,SKBBL,59,40,150,1187.0,178050.0
2018-06-10,201806106203139,SKBBL,21,40,50,1188.0,59400.0
2018-06-10,201806106203138,SKBBL,37,40,50,1188.0,59400.0
2018-06-10,201806106203000,SKBBL,19,41,50,1200.0,60000.0
2018-06-10,201806106203290,SLBBL,58,45,200,1695.0,339000.0
2018-06-10,201806106203289,SLBBL,48,45,80,1695.0,135600.0
2018-06-10,201806106203288,SLBBL,10,45,20,1695.0,33900.0
2018-06-10,201806106202869,SLBBL,20,48,100,1729.0,172900.0
2018-06-10,201806106203154,SLBS,26,44,10,1551.0,15510.0
2018-06-10,201806106203153,SLBS,26,44,10,1551.0,15510.0
2018-06-10,201806106203152,SLBS,26,44,10,1551.0,15510.0
2018-06-10,201806106203128,SLBS,28,8,10,1550.0,15500.0
2018-06-10,201806106203270,SLICL,21,46,50,665.0,33250.0
2018-06-10,201806106203249,SLICL,40,46,50,665.0,33250.0
2018-06-10,201806106203246,SLICL,40,46,50,665.0,33250.0
2018-06-10,201806106203188,SLICL,39,46,50,665.0,33250.0
2018-06-10,201806106202891,SLICL,44,50,50,670.0,33500.0
2018-06-10,201806106203238,SPDL,56,7,293,130.0,38090.0
2018-06-10,201806106203214,SRBL,8,57,71,225.0,15975.0
2018-06-10,201806106203213,SRBL,58,57,200,225.0,45000.0
2018-06-10,201806106203212,SRBL,40,57,66,225.0,14850.0
2018-06-10,201806106203070,SRBL,40,28,234,225.0,52650.0
2018-06-10,201806106203069,SRBL,54,28,266,226.0,60116.0
2018-06-10,201806106203010,SRBL,28,41,121,229.0,27709.0
2018-06-10,201806106202981,SRBL,54,26,23,226.0,5198.0
2018-06-10,201806106203305,SWBBL,17,42,50,1258.0,62900.0
2018-06-10,201806106203291,SWBBL,37,42,10,1258.0,12580.0
2018-06-10,201806106202918,SWBBL,33,35,2908,1280.0,3722240.0
2018-06-10,201806106203320,UIC,38,44,64,990.0,63360.0
2018-06-10,201806106203133,VLBS,44,59,500,800.0,400000.0
2018-06-10,201806106202999,VLBS,38,44,11,815.0,8965.0
2018-06-10,201806106202894,VLBS,38,49,30,815.0,24450.0
2018-06-10,201806106202870,VLBS,38,44,12,815.0,9780.0
2018-06-10,201806106202983,WOMI,37,37,25,1475.0,36875.0
2018-06-10,201806106204078,ADBL,42,8,10,321.0,3210.0
2018-06-10,201806106204077,ADBL,42,8,10,321.0,3210.0
2018-06-10,201806106204076,ADBL,32,8,200,321.0,64200.0
2018-06-10,201806106204075,ADBL,53,8,30,321.0,9630.0
2018-06-10,201806106204269,AKPL,26,16,13,289.0,3757.0
2018-06-10,201806106204317,API,38,22,17,295.0,5015.0
2018-06-10,201806106204260,API,26,32,15,296.0,4440.0
2018-06-10,201806106204234,API,38,22,17,295.0,5015.0
2018-06-10,201806106204212,API,38,32,15,295.0,4425.0
2018-06-10,201806106204046,API,38,22,17,295.0,5015.0
2018-06-10,201806106204314,BOKL,57,49,108,309.0,33372.0
2018-06-10,201806106204313,BOKL,58,49,100,309.0,30900.0
2018-06-10,201806106204290,BOKL,58,49,400,309.0,123600.0
2018-06-10,201806106204330,BPCL,28,18,20,443.0,8860.0
2018-06-10,201806106204327,BPCL,8,21,20,446.0,8920.0
2018-06-10,201806106204307,BPCL,28,18,20,443.0,8860.0
2018-06-10,201806106204303,BPCL,28,18,20,443.0,8860.0
2018-06-10,201806106204295,BPCL,28,18,20,443.0,8860.0
2018-06-10,201806106204286,BPCL,28,18,20,443.0,8860.0
2018-06-10,201806106203908,BPCL,28,18,10,441.0,4410.0
2018-06-10,201806106203887,BPCL,28,18,10,441.0,4410.0
2018-06-10,201806106203882,BPCL,8,18,10,441.0,4410.0
2018-06-10,201806106203877,BPCL,28,18,20,441.0,8820.0
2018-06-10,201806106203868,BPCL,8,18,20,441.0,8820.0
2018-06-10,201806106204051,BPCL,29,22,50,444.0,22200.0
2018-06-10,201806106203960,BPCL,39,5,100,444.0,44400.0
2018-06-10,201806106203935,BPCL,36,22,50,442.0,22100.0
2018-06-10,201806106203927,BPCL,36,18,10,442.0,4420.0
2018-06-10,201806106203924,BPCL,36,22,50,442.0,22100.0
2018-06-10,201806106203920,BPCL,28,18,10,441.0,4410.0
2018-06-10,201806106204072,BPCL,25,10,20,444.0,8880.0
2018-06-10,201806106204071,BPCL,25,10,20,444.0,8880.0
2018-06-10,201806106204069,BPCL,25,10,20,444.0,8880.0
2018-06-10,201806106204068,BPCL,29,18,10,444.0,4440.0
2018-06-10,201806106204067,BPCL,29,10,20,444.0,8880.0
2018-06-10,201806106204066,BPCL,29,10,20,444.0,8880.0
2018-06-10,201806106204090,BPCL,51,10,20,443.0,8860.0
2018-06-10,201806106204089,BPCL,51,10,20,443.0,8860.0
2018-06-10,201806106204085,BPCL,51,10,20,443.0,8860.0
2018-06-10,201806106204084,BPCL,51,10,20,443.0,8860.0
2018-06-10,201806106204083,BPCL,25,18,10,444.0,4440.0
2018-06-10,201806106204074,BPCL,25,10,20,444.0,8880.0
2018-06-10,201806106204103,BPCL,51,10,20,443.0,8860.0
2018-06-10,201806106204101,BPCL,51,20,20,443.0,8860.0
2018-06-10,201806106204097,BPCL,51,10,20,443.0,8860.0
2018-06-10,201806106204096,BPCL,51,10,20,443.0,8860.0
2018-06-10,201806106204095,BPCL,25,18,10,444.0,4440.0
2018-06-10,201806106204094,BPCL,51,10,20,443.0,8860.0
2018-06-10,201806106204110,BPCL,51,10,20,443.0,8860.0
2018-06-10,201806106204109,BPCL,51,18,10,443.0,4430.0
2018-06-10,201806106204108,BPCL,51,10,20,443.0,8860.0
2018-06-10,201806106204107,BPCL,51,20,20,443.0,8860.0
2018-06-10,201806106204105,BPCL,51,10,20,443.0,8860.0
2018-06-10,201806106204104,BPCL,51,10,20,443.0,8860.0
2018-06-10,201806106204121,BPCL,51,10,20,443.0,8860.0
2018-06-10,201806106204118,BPCL,51,10,20,443.0,8860.0
2018-06-10,201806106204116,BPCL,51,10,20,443.0,8860.0
2018-06-10,201806106204115,BPCL,51,20,20,443.0,8860.0
2018-06-10,201806106204112,BPCL,51,10,20,443.0,8860.0
2018-06-10,201806106204111,BPCL,51,10,20,443.0,8860.0
2018-06-10,201806106204136,BPCL,51,20,10,443.0,4430.0
2018-06-10,201806106204135,BPCL,51,10,20,443.0,8860.0
2018-06-10,201806106204133,BPCL,51,10,20,443.0,8860.0
2018-06-10,201806106204132,BPCL,51,10,20,443.0,8860.0
2018-06-10,201806106204131,BPCL,51,10,20,443.0,8860.0
2018-06-10,201806106204130,BPCL,51,20,20,443.0,8860.0
2018-06-10,201806106204154,BPCL,51,20,10,443.0,4430.0
2018-06-10,201806106204153,BPCL,51,10,20,443.0,8860.0
2018-06-10,201806106204151,BPCL,51,10,20,443.0,8860.0
2018-06-10,201806106204150,BPCL,51,18,10,443.0,4430.0
2018-06-10,201806106204139,BPCL,51,10,20,443.0,8860.0
2018-06-10,201806106204137,BPCL,51,10,20,443.0,8860.0
2018-06-10,201806106204170,BPCL,51,10,20,443.0,8860.0
2018-06-10,201806106204169,BPCL,51,10,20,443.0,8860.0
2018-06-10,201806106204168,BPCL,51,10,20,443.0,8860.0
2018-06-10,201806106204166,BPCL,51,10,20,443.0,8860.0
2018-06-10,201806106204156,BPCL,51,10,20,443.0,8860.0
2018-06-10,201806106204155,BPCL,51,10,20,443.0,8860.0
2018-06-10,201806106204181,BPCL,51,10,20,443.0,8860.0
2018-06-10,201806106204180,BPCL,51,10,20,443.0,8860.0
2018-06-10,201806106204179,BPCL,51,10,20,443.0,8860.0
2018-06-10,201806106204177,BPCL,51,10,20,443.0,8860.0
2018-06-10,201806106204175,BPCL,51,10,20,443.0,8860.0
2018-06-10,201806106204172,BPCL,51,10,20,443.0,8860.0
2018-06-10,201806106204205,BPCL,51,18,10,443.0,4430.0
2018-06-10,201806106204202,BPCL,51,10,20,443.0,8860.0
2018-06-10,201806106204200,BPCL,51,10,20,443.0,8860.0
2018-06-10,201806106204196,BPCL,51,10,20,443.0,8860.0
2018-06-10,201806106204193,BPCL,51,10,20,443.0,8860.0
2018-06-10,201806106204191,BPCL,51,10,20,443.0,8860.0
2018-06-10,201806106204274,BPCL,28,18,20,443.0,8860.0
2018-06-10,201806106204266,BPCL,28,18,20,443.0,8860.0
2018-06-10,201806106204257,BPCL,28,18,20,443.0,8860.0
2018-06-10,201806106204251,BPCL,28,18,20,443.0,8860.0
2018-06-10,201806106204243,BPCL,51,18,20,443.0,8860.0
2018-06-10,201806106204241,BPCL,25,25,750,443.0,332250.0
2018-06-10,201806106204310,CBL,7,14,50,156.0,7800.0
2018-06-10,201806106204304,CBL,26,14,449,156.0,70044.0
2018-06-10,201806106204049,CBL,19,36,276,155.0,42780.0
2018-06-10,201806106203896,CBL,46,13,1715,156.0,267540.0
2018-06-10,201806106203895,CBL,46,37,150,155.0,23250.0
2018-06-10,201806106203894,CBL,46,48,310,155.0,48050.0
2018-06-10,201806106203893,CBL,46,49,412,155.0,63860.0
2018-06-10,201806106203892,CBL,46,17,87,155.0,13485.0
2018-06-10,201806106204061,CCBL,19,22,111,170.0,18870.0
2018-06-10,201806106204050,CCBL,14,16,100,171.0,17100.0
2018-06-10,201806106204345,CHCL,56,35,80,778.0,62240.0
2018-06-10,201806106204344,CHCL,56,17,200,778.0,155600.0
2018-06-10,201806106204337,CHCL,42,36,14,775.0,10850.0
2018-06-10,201806106204336,CHCL,48,36,50,775.0,38750.0
2018-06-10,201806106204335,CHCL,43,36,50,775.0,38750.0
2018-06-10,201806106204334,CHCL,22,36,200,776.0,155200.0
2018-06-10,201806106204333,CHCL,58,36,100,776.0,77600.0
2018-06-10,201806106204332,CHCL,59,36,36,776.0,27936.0
2018-06-10,201806106204331,CHCL,37,36,50,777.0,38850.0
2018-06-10,201806106204233,CHCL,36,50,50,779.0,38950.0
2018-06-10,201806106204199,CIT,44,33,300,2520.0,756000.0
2018-06-10,201806106204042,CIT,58,7,57,2530.0,144210.0
2018-06-10,201806106204041,CIT,58,18,200,2529.0,505800.0
2018-06-10,201806106204028,CIT,58,33,128,2528.0,323584.0
2018-06-10,201806106204013,CIT,29,33,22,2528.0,55616.0
2018-06-10,201806106203879,CIT,50,33,100,2520.0,252000.0
2018-06-10,201806106204273,CZBIL,39,49,500,248.0,124000.0
2018-06-10,201806106204252,CZBIL,32,22,25,247.0,6175.0
2018-06-10,201806106204092,CZBIL,51,37,408,248.0,101184.0
2018-06-10,201806106203959,CZBIL,51,32,15,248.0,3720.0
2018-06-10,201806106203958,CZBIL,51,37,27,248.0,6696.0
2018-06-10,201806106203957,CZBIL,51,19,50,248.0,12400.0
2018-06-10,201806106204100,DBBL,51,8,40,136.0,5440.0
2018-06-10,201806106204099,DBBL,20,8,50,136.0,6800.0
2018-06-10,201806106204098,DBBL,6,8,30,136.0,4080.0
2018-06-10,201806106203881,DDBL,34,7,46,770.0,35420.0
2018-06-10,201806106204276,EBL,41,57,200,681.0,136200.0
2018-06-10,201806106204275,EBL,32,57,500,681.0,340500.0
2018-06-10,201806106204235,EBL,16,57,892,681.0,607452.0
2018-06-10,201806106204226,EBL,16,10,108,681.0,73548.0
2018-06-10,201806106204225,EBL,40,10,350,681.0,238350.0
2018-06-10,201806106204224,EBL,43,10,100,681.0,68100.0
2018-06-10,201806106204010,EBL,57,57,100,685.0,68500.0
2018-06-10,201806106204009,EBL,41,57,200,685.0,137000.0
2018-06-10,201806106204008,EBL,11,57,200,686.0,137200.0
2018-06-10,201806106203886,EBL,47,17,551,692.0,381292.0
2018-06-10,201806106204217,EBL,38,10,50,683.0,34150.0
2018-06-10,201806106204216,EBL,17,10,20,684.0,13680.0
2018-06-10,201806106204215,EBL,47,10,100,684.0,68400.0
2018-06-10,201806106204198,EBL,39,49,50,685.0,34250.0
2018-06-10,201806106204012,EBL,32,57,100,685.0,68500.0
2018-06-10,201806106204011,EBL,34,57,100,685.0,68500.0
2018-06-10,201806106204223,EBL,11,10,50,681.0,34050.0
2018-06-10,201806106204222,EBL,19,10,100,682.0,68200.0
2018-06-10,201806106204221,EBL,14,10,47,682.0,32054.0
2018-06-10,201806106204220,EBL,56,10,50,682.0,34100.0
2018-06-10,201806106204219,EBL,11,10,30,682.0,20460.0
2018-06-10,201806106204218,EBL,22,10,200,683.0,136600.0
2018-06-10,201806106203862,EDBL,28,28,1,321.0,321.0
2018-06-10,201806106203917,EIC,36,6,10,1435.0,14350.0
2018-06-10,201806106204063,FMDBL,50,36,20,561.0,11220.0
2018-06-10,201806106203968,FMDBL,50,41,50,566.0,28300.0
2018-06-10,201806106203967,FMDBL,50,17,50,565.0,28250.0
2018-06-10,201806106204048,FOWAD,47,1,10,2284.0,22840.0
2018-06-10,201806106203999,FOWAD,47,18,26,2284.0,59384.0
2018-06-10,201806106203991,GBIME,28,28,1,297.0,297.0
2018-06-10,201806106203956,GBIME,4,57,500,297.0,148500.0
2018-06-10,201806106203919,GBIME,44,57,500,297.0,148500.0
2018-06-10,201806106204267,GBLBS,26,38,10,579.0,5790.0
2018-06-10,201806106204210,GBLBS,38,35,10,575.0,5750.0
2018-06-10,201806106204167,GBLBS,38,38,10,575.0,5750.0
2018-06-10,201806106204057,GBLBS,38,10,10,575.0,5750.0
2018-06-10,201806106204056,GBLBS,38,10,10,575.0,5750.0
2018-06-10,201806106204349,GDBL,17,49,429,200.0,85800.0
2018-06-10,201806106204238,HGI,1,10,100,466.0,46600.0
2018-06-10,201806106204017,HGI,39,1,50,470.0,23500.0
2018-06-10,201806106203955,HGI,36,48,20,474.0,9480.0
2018-06-10,201806106203875,HGI,46,50,100,470.0,47000.0
2018-06-10,201806106203874,HGI,46,56,100,470.0,47000.0
2018-06-10,201806106203873,HGI,46,41,50,469.0,23450.0
2018-06-10,201806106203872,HGI,46,48,100,468.0,46800.0
2018-06-10,201806106204298,HIDCL,42,32,56,158.0,8848.0
2018-06-10,201806106204256,HIDCL,36,22,29,157.0,4553.0
2018-06-10,201806106204209,HIDCL,36,32,56,157.0,8792.0
2018-06-10,201806106204114,HIDCL,1,7,56,159.0,8904.0
2018-06-10,201806106204113,HIDCL,1,22,58,158.0,9164.0
2018-06-10,201806106204328,HPPL,42,22,10,300.0,3000.0
2018-06-10,201806106204272,HPPL,42,16,10,300.0,3000.0
2018-06-10,201806106204262,HPPL,42,22,10,300.0,3000.0
2018-06-10,201806106204242,HPPL,5,22,10,300.0,3000.0
2018-06-10,201806106203909,HPPL,22,22,46,301.0,13846.0
2018-06-10,201806106203865,HPPL,22,52,70,301.0,21070.0
2018-06-10,201806106204284,JBBL,38,4,30,143.0,4290.0
2018-06-10,201806106204277,JBBL,38,17,10,142.0,1420.0
2018-06-10,201806106204248,JBBL,57,22,14,140.0,1960.0
2018-06-10,201806106204203,JBNL,28,45,40,160.0,6400.0
2018-06-10,201806106204201,JBNL,57,52,109,159.0,17331.0
2018-06-10,201806106204052,JBNL,57,36,93,159.0,14787.0
2018-06-10,201806106203998,JBNL,54,52,277,160.0,44320.0
2018-06-10,201806106204058,KBL,8,36,165,216.0,35640.0
2018-06-10,201806106204047,KBL,32,57,1000,217.0,217000.0
2018-06-10,201806106204265,KKHC,26,10,16,116.0,1856.0
2018-06-10,201806106204176,KSBBL,32,42,150,156.0,23400.0
2018-06-10,201806106203923,KSBBL,33,17,450,155.0,69750.0
2018-06-10,201806106204300,LBL,52,28,989,260.0,257140.0
2018-06-10,201806106204270,LBL,17,28,350,261.0,91350.0
2018-06-10,201806106204236,LBL,52,52,31,260.0,8060.0
2018-06-10,201806106204194,LBL,19,32,150,260.0,39000.0
2018-06-10,201806106203922,LGIL,16,53,200,570.0,114000.0
2018-06-10,201806106203921,LGIL,16,50,200,570.0,114000.0
2018-06-10,201806106203870,LGIL,19,37,100,569.0,56900.0
2018-06-10,201806106204204,MBL,42,11,41,218.0,8938.0
2018-06-10,201806106203869,MBL,57,37,125,215.0,26875.0
2018-06-10,201806106204279,MEGA,25,22,28,175.0,4900.0
2018-06-10,201806106204268,MEGA,25,22,28,175.0,4900.0
2018-06-10,201806106204206,MEGA,58,58,325,176.0,57200.0
2018-06-10,201806106204091,MEGA,28,7,300,176.0,52800.0
2018-06-10,201806106204045,MEGA,28,7,148,176.0,26048.0
2018-06-10,201806106204044,MEGA,28,29,17,176.0,2992.0
2018-06-10,201806106204025,MEGA,19,21,44,175.0,7700.0
2018-06-10,201806106203947,MEGA,51,21,13,175.0,2275.0
2018-06-10,201806106203925,MEGA,25,43,200,175.0,35000.0
2018-06-10,201806106203880,MEGA,36,43,246,175.0,43050.0
2018-06-10,201806106203867,MEGA,21,43,200,175.0,35000.0
2018-06-10,201806106203866,MEGA,57,43,54,175.0,9450.0
2018-06-10,201806106203863,MLBBL,14,56,17,1011.0,17187.0
2018-06-10,201806106204060,MSLB,11,1,15,2610.0,39150.0
2018-06-10,201806106204357,NABIL,32,40,100,951.0,95100.0
2018-06-10,201806106204356,NABIL,41,40,500,952.0,476000.0
2018-06-10,201806106204355,NABIL,38,40,10,952.0,9520.0
2018-06-10,201806106204354,NABIL,21,40,100,955.0,95500.0
2018-06-10,201806106204353,NABIL,34,40,100,955.0,95500.0
2018-06-10,201806106204352,NABIL,19,40,50,960.0,48000.0
2018-06-10,201806106204351,NABIL,11,40,50,960.0,48000.0
2018-06-10,201806106204247,NABIL,11,16,20,965.0,19300.0
2018-06-10,201806106204022,NABIL,11,45,150,960.0,144000.0
2018-06-10,201806106204016,NBB,1,45,150,216.0,32400.0
2018-06-10,201806106204343,NBL,39,6,228,310.0,70680.0
2018-06-10,201806106204342,NBL,39,56,100,310.0,31000.0
2018-06-10,201806106204341,NBL,39,6,200,310.0,62000.0
2018-06-10,201806106204340,NBL,39,7,124,310.0,38440.0
2018-06-10,201806106204322,NBL,39,43,50,309.0,15450.0
2018-06-10,201806106204195,NBL,57,32,72,308.0,22176.0
2018-06-10,201806106203915,NBL,57,47,777,309.0,240093.0
2018-06-10,201806106204288,NGPL,51,22,11,178.0,1958.0
2018-06-10,201806106204285,NGPL,51,16,11,178.0,1958.0
2018-06-10,201806106204287,NHDL,26,16,10,161.0,1610.0
2018-06-10,201806106204283,NIB,29,52,37,629.0,23273.0
2018-06-10,201806106204282,NIB,29,32,37,629.0,23273.0
2018-06-10,201806106204281,NIB,29,52,37,629.0,23273.0
2018-06-10,201806106204280,NIB,29,14,50,629.0,31450.0
2018-06-10,201806106204208,NIB,49,37,4,625.0,2500.0
2018-06-10,201806106204207,NIB,49,17,14,628.0,8792.0
2018-06-10,201806106203969,NIB,51,18,14,629.0,8806.0
2018-06-10,201806106203965,NIB,51,21,26,629.0,16354.0
2018-06-10,201806106203876,NIB,13,33,19,627.0,11913.0
2018-06-10,201806106203861,NIB,19,37,90,625.0,56250.0
2018-06-10,201806106203975,NIB,45,18,20,625.0,12500.0
2018-06-10,201806106203974,NIB,7,18,20,625.0,12500.0
2018-06-10,201806106203973,NIB,53,18,21,625.0,13125.0
2018-06-10,201806106203972,NIB,16,18,200,626.0,125200.0
2018-06-10,201806106203971,NIB,43,18,10,627.0,6270.0
2018-06-10,201806106203970,NIB,43,18,10,627.0,6270.0
2018-06-10,201806106203981,NIB,50,18,22,625.0,13750.0
2018-06-10,201806106203980,NIB,54,18,100,625.0,62500.0
2018-06-10,201806106203979,NIB,54,18,100,625.0,62500.0
2018-06-10,201806106203978,NIB,25,18,200,625.0,125000.0
2018-06-10,201806106203977,NIB,58,18,50,625.0,31250.0
2018-06-10,201806106203976,NIB,29,18,50,625.0,31250.0
2018-06-10,201806106204174,NIB,19,32,37,628.0,23236.0
2018-06-10,201806106204120,NIB,49,26,32,628.0,20096.0
2018-06-10,201806106204102,NIB,37,37,37,628.0,23236.0
2018-06-10,201806106204005,NIB,32,45,20,627.0,12540.0
2018-06-10,201806106204004,NIB,43,45,10,627.0,6270.0
2018-06-10,201806106204003,NIB,50,45,37,625.0,23125.0
2018-06-10,201806106204259,NIBPO,13,34,300,564.0,169200.0
2018-06-10,201806106203883,NIBPO,48,28,10,565.0,5650.0
2018-06-10,201806106203997,NICA,34,45,172,322.0,55384.0
2018-06-10,201806106203996,NICA,19,45,28,322.0,9016.0
2018-06-10,201806106203986,NICA,34,21,29,322.0,9338.0
2018-06-10,201806106203964,NICA,28,28,2,321.0,642.0
2018-06-10,201806106203907,NICL,58,45,500,673.0,336500.0
2018-06-10,201806106203902,NICL,58,58,10,669.0,6690.0
2018-06-10,201806106204231,NIL,1,28,50,565.0,28250.0
2018-06-10,201806106204059,NIL,22,36,30,564.0,16920.0
2018-06-10,201806106203989,NIL,43,18,76,563.0,42788.0
2018-06-10,201806106203988,NIL,57,18,100,564.0,56400.0
2018-06-10,201806106204339,NLIC,52,49,31,1037.0,32147.0
2018-06-10,201806106204338,NLIC,52,49,18,1038.0,18684.0
2018-06-10,201806106204321,NLIC,52,1,182,1038.0,188916.0
2018-06-10,201806106204320,NLIC,58,1,83,1038.0,86154.0
2018-06-10,201806106204319,NLIC,37,1,11,1038.0,11418.0
2018-06-10,201806106204318,NLIC,11,1,39,1039.0,40521.0
2018-06-10,201806106204000,NLIC,37,38,12,1038.0,12456.0
2018-06-10,201806106203987,NLIC,37,45,10,1038.0,10380.0
2018-06-10,201806106203985,NLIC,42,49,206,1040.0,214240.0
2018-06-10,201806106203984,NLIC,42,16,34,1040.0,35360.0
2018-06-10,201806106203934,NLIC,37,16,17,1040.0,17680.0
2018-06-10,201806106204093,NLIC,54,57,30,1040.0,31200.0
2018-06-10,201806106204023,NLIC,58,38,11,1040.0,11440.0
2018-06-10,201806106204018,NLIC,58,38,11,1040.0,11440.0
2018-06-10,201806106204015,NLIC,58,49,30,1040.0,31200.0
2018-06-10,201806106204014,NLIC,28,49,28,1040.0,29120.0
2018-06-10,201806106204002,NLIC,25,49,100,1040.0,104000.0
2018-06-10,201806106204315,NLIC,8,54,10,1043.0,10430.0
2018-06-10,201806106204289,NLIC,58,16,17,1038.0,17646.0
2018-06-10,201806106204264,NLIC,51,54,50,1040.0,52000.0
2018-06-10,201806106204263,NLIC,19,54,50,1040.0,52000.0
2018-06-10,201806106204258,NLIC,54,6,17,1040.0,17680.0
2018-06-10,201806106204173,NLIC,37,37,17,1042.0,17714.0
2018-06-10,201806106204255,NLICL,57,38,1500,1290.0,1935000.0
2018-06-10,201806106204138,NLICL,32,43,50,1290.0,64500.0
2018-06-10,201806106204119,NLICL,32,43,50,1290.0,64500.0
2018-06-10,201806106204190,NMB,59,41,435,367.0,159645.0
2018-06-10,201806106204189,NMB,40,41,200,367.0,73400.0
2018-06-10,201806106204188,NMB,8,41,200,368.0,73600.0
2018-06-10,201806106204187,NMB,39,41,100,368.0,36800.0
2018-06-10,201806106204186,NMB,40,41,12,368.0,4416.0
2018-06-10,201806106204185,NMB,46,41,44,368.0,16192.0
2018-06-10,201806106204184,NMB,44,41,50,369.0,18450.0
2018-06-10,201806106204183,NMB,37,41,100,370.0,37000.0
2018-06-10,201806106204182,NMB,16,41,50,370.0,18500.0
2018-06-10,201806106203983,NMB,16,45,150,370.0,55500.0
2018-06-10,201806106204171,NMBHF1,25,47,10000,9.52,95200.0
2018-06-10,201806106204292,NMBMF,58,34,13,1480.0,19240.0
2018-06-10,201806106204291,NMBMF,38,34,32,1480.0,47360.0
2018-06-10,201806106204294,NMFBS,45,13,12,2300.0,27600.0
2018-06-10,201806106204293,NMFBS,45,6,23,2300.0,52900.0
2018-06-10,201806106203897,NMFBS,37,37,12,2299.0,27588.0
2018-06-10,201806106204020,NTC,13,21,62,738.0,45756.0
2018-06-10,201806106203992,NTC,42,21,38,738.0,28044.0
2018-06-10,201806106203942,NTC,51,38,30,745.0,22350.0
2018-06-10,201806106203911,NTC,14,14,205,734.0,150470.0
2018-06-10,201806106203982,ODBL,32,29,417,180.0,75060.0
2018-06-10,201806106203945,ODBL,32,1,170,180.0,30600.0
2018-06-10,201806106204326,PCBL,17,44,1000,298.0,298000.0
2018-06-10,201806106204325,PCBL,59,44,200,298.0,59600.0
2018-06-10,201806106204324,PCBL,42,44,179,298.0,53342.0
2018-06-10,201806106204055,PCBL,42,58,21,298.0,6258.0
2018-06-10,201806106204054,PCBL,25,58,100,298.0,29800.0
2018-06-10,201806106204053,PCBL,6,58,196,298.0,58408.0
2018-06-10,201806106203913,PCBL,1,10,500,300.0,150000.0
2018-06-10,201806106203912,PCBL,1,45,100,300.0,30000.0
2018-06-10,201806106203878,PCBL,32,44,137,299.0,40963.0
2018-06-10,201806106204036,PCBL,6,10,1804,298.0,537592.0
2018-06-10,201806106204035,PCBL,13,10,60,298.0,17880.0
2018-06-10,201806106204034,PCBL,8,10,73,298.0,21754.0
2018-06-10,201806106204033,PCBL,7,10,400,299.0,119600.0
2018-06-10,201806106204032,PCBL,32,10,163,299.0,48737.0
2018-06-10,201806106203966,PCBL,32,45,200,299.0,59800.0
2018-06-10,201806106204271,PFL,36,22,23,132.0,3036.0
2018-06-10,201806106204129,PFL,41,26,100,134.0,13400.0
2018-06-10,201806106204348,PIC,38,38,1,1190.0,1190.0
2018-06-10,201806106204346,PIC,38,38,1,1190.0,1190.0
2018-06-10,201806106204329,PIC,38,38,1,1190.0,1190.0
2018-06-10,201806106204323,PIC,38,38,1,1190.0,1190.0
2018-06-10,201806106204316,PIC,38,38,1,1190.0,1190.0
2018-06-10,201806106204312,PIC,38,38,1,1190.0,1190.0
2018-06-10,201806106203857,PIC,54,46,11,1200.0,13200.0
2018-06-10,201806106203906,PIC,41,46,15,1207.0,18105.0
2018-06-10,201806106203905,PIC,41,37,11,1205.0,13255.0
2018-06-10,201806106203904,PIC,41,1,11,1202.0,13222.0
2018-06-10,201806106203860,PIC,54,37,234,1205.0,281970.0
2018-06-10,201806106203859,PIC,54,22,11,1205.0,13255.0
2018-06-10,201806106203858,PIC,54,50,100,1204.0,120400.0
2018-06-10,201806106204043,PIC,39,10,11,1200.0,13200.0
2018-06-10,201806106204040,PIC,39,10,11,1200.0,13200.0
2018-06-10,201806106204037,PIC,39,10,11,1200.0,13200.0
2018-06-10,201806106204026,PIC,19,10,11,1200.0,13200.0
2018-06-10,201806106204024,PIC,19,10,11,1200.0,13200.0
2018-06-10,201806106203961,PIC,32,45,10,1195.0,11950.0
2018-06-10,201806106204211,PIC,29,29,11,1202.0,13222.0
2018-06-10,201806106204197,PIC,39,20,11,1200.0,13200.0
2018-06-10,201806106204070,PIC,34,16,1,1190.0,1190.0
2018-06-10,201806106204065,PIC,39,1,11,1200.0,13200.0
2018-06-10,201806106204064,PIC,34,16,1,1190.0,1190.0
2018-06-10,201806106204062,PIC,39,36,19,1200.0,22800.0
2018-06-10,201806106204299,PIC,52,56,11,1203.0,13233.0
2018-06-10,201806106204249,PIC,29,40,11,1202.0,13222.0
2018-06-10,201806106204237,PIC,38,34,1,1191.0,1191.0
2018-06-10,201806106204232,PIC,29,29,11,1202.0,13222.0
2018-06-10,201806106204214,PIC,29,29,11,1202.0,13222.0
2018-06-10,201806106204213,PIC,37,37,11,1204.0,13244.0
2018-06-10,201806106203914,PICL,39,10,611,812.0,496132.0
2018-06-10,201806106204254,PLIC,34,6,17,628.0,10676.0
2018-06-10,201806106204253,PLIC,43,6,50,628.0,31400.0
2018-06-10,201806106204350,PRVU,38,38,5,200.0,1000.0
2018-06-10,201806106204347,PRVU,25,51,200,200.0,40000.0
2018-06-10,201806106204160,PRVU,36,38,440,199.0,87560.0
2018-06-10,201806106204159,PRVU,14,38,500,199.0,99500.0
2018-06-10,201806106204158,PRVU,17,38,300,199.0,59700.0
2018-06-10,201806106203950,PRVU,39,42,100,200.0,20000.0
2018-06-10,201806106203937,PRVU,17,40,200,201.0,40200.0
2018-06-10,201806106203936,PRVU,11,40,300,201.0,60300.0
2018-06-10,201806106204027,PRVU,21,47,200,200.0,40000.0
2018-06-10,201806106204007,PRVU,8,40,200,201.0,40200.0
2018-06-10,201806106203954,PRVU,47,42,82,200.0,16400.0
2018-06-10,201806106203953,PRVU,38,42,899,200.0,179800.0
2018-06-10,201806106203952,PRVU,53,42,100,200.0,20000.0
2018-06-10,201806106203951,PRVU,39,42,50,200.0,10000.0
2018-06-10,201806106204157,PRVU,43,38,10,200.0,2000.0
2018-06-10,201806106204152,PRVU,7,40,98,200.0,19600.0
2018-06-10,201806106204082,PRVU,7,22,402,200.0,80400.0
2018-06-10,201806106204081,PRVU,25,22,50,200.0,10000.0
2018-06-10,201806106204080,PRVU,21,22,800,200.0,160000.0
2018-06-10,201806106204079,PRVU,47,22,118,200.0,23600.0
2018-06-10,201806106204305,RADHI,28,22,10,226.0,2260.0
2018-06-10,201806106204239,RADHI,28,58,10,226.0,2260.0
2018-06-10,201806106204192,RADHI,28,41,10,226.0,2260.0
2018-06-10,201806106204178,RADHI,28,41,10,226.0,2260.0
2018-06-10,201806106204019,RADHI,28,18,1000,226.0,226000.0
2018-06-10,201806106204088,RSDC,49,8,10,558.0,5580.0
2018-06-10,201806106204087,RSDC,58,8,100,559.0,55900.0
2018-06-10,201806106204086,RSDC,28,8,60,560.0,33600.0
2018-06-10,201806106203949,RSDC,28,21,20,560.0,11200.0
2018-06-10,201806106203938,RSDC,28,6,20,560.0,11200.0
2018-06-10,201806106203916,RSDC,16,6,30,560.0,16800.0
2018-06-10,201806106204246,SANIMA,14,17,39,331.0,12909.0
2018-06-10,201806106204245,SANIMA,55,17,200,331.0,66200.0
2018-06-10,201806106204244,SANIMA,22,17,400,331.0,132400.0
2018-06-10,201806106204134,SANIMA,54,49,69,332.0,22908.0
2018-06-10,201806106204117,SANIMA,54,21,31,332.0,10292.0
2018-06-10,201806106204039,SANIMA,22,58,350,332.0,116200.0
2018-06-10,201806106204038,SANIMA,33,58,150,333.0,49950.0
2018-06-10,201806106203901,SANIMA,33,44,1000,335.0,335000.0
2018-06-10,201806106203900,SANIMA,33,17,169,335.0,56615.0
2018-06-10,201806106203899,SANIMA,33,5,268,334.0,89512.0
2018-06-10,201806106203898,SANIMA,33,16,100,334.0,33400.0
2018-06-10,201806106204031,SBI,58,57,180,505.0,90900.0
2018-06-10,201806106204030,SBI,58,13,580,504.0,292320.0
2018-06-10,201806106204029,SBI,58,48,140,503.0,70420.0
2018-06-10,201806106203990,SBI,49,48,30,503.0,15090.0
2018-06-10,201806106203963,SBI,28,48,100,503.0,50300.0
2018-06-10,201806106203962,SBI,41,48,30,503.0,15090.0
2018-06-10,201806106203946,SBI,41,45,20,503.0,10060.0
2018-06-10,201806106203933,SBI,1,46,99,503.0,49797.0
2018-06-10,201806106203932,SBI,1,46,100,503.0,50300.0
2018-06-10,201806106204165,SBL,34,49,197,311.0,61267.0
2018-06-10,201806106204164,SBL,14,49,50,311.0,15550.0
2018-06-10,201806106204163,SBL,50,49,200,311.0,62200.0
2018-06-10,201806106204162,SBL,13,49,500,311.0,155500.0
2018-06-10,201806106204161,SBL,52,49,108,311.0,33588.0
2018-06-10,201806106203941,SBL,52,45,92,311.0,28612.0
2018-06-10,201806106203940,SBL,33,45,30,311.0,9330.0
2018-06-10,201806106203939,SBL,45,45,78,311.0,24258.0
2018-06-10,201806106204250,SCB,45,6,10,768.0,7680.0
2018-06-10,201806106204149,SCB,32,10,100,765.0,76500.0
2018-06-10,201806106204148,SCB,21,10,100,765.0,76500.0
2018-06-10,201806106204147,SCB,53,10,50,765.0,38250.0
2018-06-10,201806106204146,SCB,13,10,105,765.0,80325.0
2018-06-10,201806106204145,SCB,41,10,600,765.0,459000.0
2018-06-10,201806106203926,SCB,1,45,25,766.0,19150.0
2018-06-10,201806106203864,SCB,13,37,56,770.0,43120.0
2018-06-10,201806106203944,SCB,19,22,20,766.0,15320.0
2018-06-10,201806106203930,SCB,19,49,13,766.0,9958.0
2018-06-10,201806106203929,SCB,1,49,37,766.0,28342.0
2018-06-10,201806106203928,SCB,38,49,10,767.0,7670.0
2018-06-10,201806106204144,SCB,17,10,20,766.0,15320.0
2018-06-10,201806106204143,SCB,57,10,50,766.0,38300.0
2018-06-10,201806106204142,SCB,19,10,17,766.0,13022.0
2018-06-10,201806106204141,SCB,43,10,25,767.0,19175.0
2018-06-10,201806106204140,SCB,26,10,50,768.0,38400.0
2018-06-10,201806106204073,SCB,11,57,50,769.0,38450.0
2018-06-10,201806106204230,SDESI,21,57,100,1720.0,172000.0
2018-06-10,201806106204229,SDESI,48,57,30,1720.0,51600.0
2018-06-10,201806106204228,SDESI,42,57,11,1720.0,18920.0
2018-06-10,201806106204227,SDESI,35,57,100,1721.0,172100.0
2018-06-10,201806106203918,SDESI,35,45,11,1721.0,18931.0
2018-06-10,201806106203871,SHPC,33,16,100,338.0,33800.0
2018-06-10,201806106203931,SIC,51,37,20,1329.0,26580.0
2018-06-10,201806106204311,SICL,11,32,59,985.0,58115.0
2018-06-10,201806106204261,SICL,56,32,59,985.0,58115.0
2018-06-10,201806106204240,SICL,56,32,59,985.0,58115.0
2018-06-10,201806106204308,SIFC,28,28,1,222.0,222.0
2018-06-10,201806106204306,SIFC,28,28,1,222.0,222.0
2018-06-10,201806106204296,SKBBL,37,37,120,1190.0,142800.0
2018-06-10,201806106203948,SKBBL,51,52,25,1198.0,29950.0
2018-06-10,201806106203910,SKBBL,21,14,37,1188.0,43956.0
2018-06-10,201806106204128,SLBBL,45,57,206,1695.0,349170.0
2018-06-10,201806106204127,SLBBL,38,57,100,1695.0,169500.0
2018-06-10,201806106204126,SLBBL,58,57,100,1696.0,169600.0
2018-06-10,201806106204125,SLBBL,51,57,20,1700.0,34000.0
2018-06-10,201806106204124,SLBBL,38,57,100,1700.0,170000.0
2018-06-10,201806106204123,SLBBL,7,57,50,1701.0,85050.0
2018-06-10,201806106204122,SLBBL,6,57,24,1702.0,40848.0
2018-06-10,201806106204106,SLBS,28,57,10,1542.0,15420.0
2018-06-10,201806106204001,SMFDB,57,57,200,971.0,194200.0
2018-06-10,201806106203943,SMFDB,42,57,100,971.0,97100.0
2018-06-10,201806106204309,SPDL,39,22,10,130.0,1300.0
2018-06-10,201806106204297,SPDL,39,16,15,130.0,1950.0
2018-06-10,201806106204278,SPDL,39,22,10,130.0,1300.0
2018-06-10,201806106204006,SPDL,39,22,15,130.0,1950.0
2018-06-10,201806106203891,SRBL,45,45,33,226.0,7458.0
2018-06-10,201806106203890,SRBL,19,45,150,226.0,33900.0
2018-06-10,201806106203889,SRBL,36,45,17,227.0,3859.0
2018-06-10,201806106204021,SWBBL,39,28,50,1264.0,63200.0
2018-06-10,201806106204302,UMHL,16,16,14,172.0,2408.0
2018-06-10,201806106204301,UMHL,16,45,13,172.0,2236.0
2018-06-10,201806106203995,WOMI,21,28,25,1420.0,35500.0
2018-06-10,201806106203994,WOMI,21,28,50,1425.0,71250.0
2018-06-10,201806106203993,WOMI,41,28,25,1430.0,35750.0
2018-06-10,201806106207315,ADBL,48,28,50,318.0,15900.0
2018-06-10,201806106207214,ADBL,38,50,350,316.0,110600.0
2018-06-10,201806106206929,ADBL,37,13,119,315.0,37485.0
2018-06-10,201806106206922,ADBL,6,41,90,314.0,28260.0
2018-06-10,201806106207151,API,39,22,17,289.0,4913.0
2018-06-10,201806106207028,API,17,38,150,291.0,43650.0
2018-06-10,201806106207075,BNT,22,55,10,5804.0,58040.0
2018-06-10,201806106207345,BOKL,1,1,240,304.0,72960.0
2018-06-10,201806106207344,BOKL,21,1,49,304.0,14896.0
2018-06-10,201806106207343,BOKL,29,1,300,304.0,91200.0
2018-06-10,201806106207342,BOKL,25,1,711,304.0,216144.0
2018-06-10,201806106207139,BOKL,25,21,100,304.0,30400.0
2018-06-10,201806106207086,BOKL,25,45,189,304.0,57456.0
2018-06-10,201806106207085,BOKL,1,45,500,304.0,152000.0
2018-06-10,201806106207084,BOKL,38,45,200,305.0,61000.0
2018-06-10,201806106207083,BOKL,29,45,30,305.0,9150.0
2018-06-10,201806106207082,BOKL,38,45,100,305.0,30500.0
2018-06-10,201806106207081,BOKL,25,45,441,305.0,134505.0
2018-06-10,201806106207080,BOKL,58,45,40,307.0,12280.0
2018-06-10,201806106207279,BPCL,58,6,10,444.0,4440.0
2018-06-10,201806106207177,BPCL,17,28,540,445.0,240300.0
2018-06-10,201806106207176,BPCL,17,19,60,445.0,26700.0
2018-06-10,201806106207113,BPCL,26,28,30,445.0,13350.0
2018-06-10,201806106206872,BPCL,26,18,20,445.0,8900.0
2018-06-10,201806106207024,CBBL,26,47,50,918.0,45900.0
2018-06-10,201806106206985,CBBL,28,47,10,919.0,9190.0
2018-06-10,201806106206984,CBBL,13,47,30,920.0,27600.0
2018-06-10,201806106207031,CBBL,17,47,100,917.0,91700.0
2018-06-10,201806106207026,CBBL,6,47,20,918.0,18360.0
2018-06-10,201806106207025,CBBL,16,47,100,918.0,91800.0
2018-06-10,201806106207285,CBL,1,38,200,151.0,30200.0
2018-06-10,201806106207215,CBL,37,38,20,151.0,3020.0
2018-06-10,201806106207210,CBL,37,49,980,151.0,147980.0
2018-06-10,201806106207209,CBL,34,49,200,151.0,30200.0
2018-06-10,201806106207208,CBL,7,49,100,151.0,15100.0
2018-06-10,201806106207207,CBL,36,49,200,151.0,30200.0
2018-06-10,201806106206987,CBL,51,50,100,153.0,15300.0
2018-06-10,201806106206986,CBL,26,50,204,153.0,31212.0
2018-06-10,201806106206912,CBL,51,38,10,154.0,1540.0
2018-06-10,201806106207194,CBL,1,49,400,151.0,60400.0
2018-06-10,201806106207062,CBL,58,33,40,153.0,6120.0
2018-06-10,201806106206991,CBL,49,50,35,152.0,5320.0
2018-06-10,201806106206990,CBL,51,50,5000,152.0,760000.0
2018-06-10,201806106206989,CBL,58,50,1108,152.0,168416.0
2018-06-10,201806106206988,CBL,51,50,200,153.0,30600.0
2018-06-10,201806106207200,CBL,48,49,30,151.0,4530.0
2018-06-10,201806106207199,CBL,48,49,30,151.0,4530.0
2018-06-10,201806106207198,CBL,48,49,30,151.0,4530.0
2018-06-10,201806106207197,CBL,14,49,100,151.0,15100.0
2018-06-10,201806106207196,CBL,42,49,2000,151.0,302000.0
2018-06-10,201806106207195,CBL,42,49,2000,151.0,302000.0
2018-06-10,201806106207206,CBL,38,49,1000,151.0,151000.0
2018-06-10,201806106207205,CBL,33,49,300,151.0,45300.0
2018-06-10,201806106207204,CBL,6,49,2000,151.0,302000.0
2018-06-10,201806106207203,CBL,25,49,500,151.0,75500.0
2018-06-10,201806106207202,CBL,53,49,100,151.0,15100.0
2018-06-10,201806106207201,CBL,48,49,30,151.0,4530.0
2018-06-10,201806106207293,CCBL,13,11,79,168.0,13272.0
2018-06-10,201806106207252,CCBL,13,6,87,168.0,14616.0
2018-06-10,201806106206957,CCBL,49,48,1000,169.0,169000.0
2018-06-10,201806106206956,CCBL,1,48,150,169.0,25350.0
2018-06-10,201806106206955,CCBL,38,48,100,169.0,16900.0
2018-06-10,201806106206954,CCBL,49,48,428,169.0,72332.0
2018-06-10,201806106206870,CCBL,17,44,126,170.0,21420.0
2018-06-10,201806106207221,CCBL,49,21,213,169.0,35997.0
2018-06-10,201806106207136,CCBL,35,45,240,168.0,40320.0
2018-06-10,201806106207135,CCBL,49,33,1000,169.0,169000.0
2018-06-10,201806106207053,CCBL,49,21,500,169.0,84500.0
2018-06-10,201806106207050,CCBL,58,44,40,170.0,6800.0
2018-06-10,201806106207327,CHCL,59,1,61,768.0,46848.0
2018-06-10,201806106207326,CHCL,42,1,100,769.0,76900.0
2018-06-10,201806106207325,CHCL,41,1,10,770.0,7700.0
2018-06-10,201806106207306,CHCL,42,34,30,769.0,23070.0
2018-06-10,201806106207029,CHCL,37,57,41,769.0,31529.0
2018-06-10,201806106207357,CIT,29,3,40,2514.0,100560.0
2018-06-10,201806106207356,CIT,29,33,100,2513.0,251300.0
2018-06-10,201806106207064,CIT,37,3,10,2514.0,25140.0
2018-06-10,201806106206982,CIT,59,1,20,2508.0,50160.0
2018-06-10,201806106206968,CIT,18,38,20,2512.0,50240.0
2018-06-10,201806106206941,CIT,50,33,97,2510.0,243470.0
2018-06-10,201806106206923,CIT,40,33,50,2510.0,125500.0
2018-06-10,201806106207145,CZBIL,51,21,12,245.0,2940.0
2018-06-10,201806106207110,CZBIL,17,43,500,247.0,123500.0
2018-06-10,201806106207109,CZBIL,17,38,19,247.0,4693.0
2018-06-10,201806106207108,CZBIL,17,17,104,247.0,25688.0
2018-06-10,201806106207014,CZBIL,51,21,1352,245.0,331240.0
2018-06-10,201806106207013,CZBIL,13,21,300,245.0,73500.0
2018-06-10,201806106207012,CZBIL,57,21,31,245.0,7595.0
2018-06-10,201806106207011,CZBIL,45,21,20,245.0,4900.0
2018-06-10,201806106207010,CZBIL,43,21,300,246.0,73800.0
2018-06-10,201806106207234,DBBL,26,28,2000,136.0,272000.0
2018-06-10,201806106207233,DBBL,26,25,64,136.0,8704.0
2018-06-10,201806106207232,DBBL,26,1,160,135.0,21600.0
2018-06-10,201806106207148,DBBL,29,21,15,134.0,2010.0
2018-06-10,201806106207100,DBBL,58,1,40,135.0,5400.0
2018-06-10,201806106207037,DBBL,29,44,474,134.0,63516.0
2018-06-10,201806106207036,DBBL,4,44,158,134.0,21172.0
2018-06-10,201806106207284,DDBL,17,48,200,769.0,153800.0
2018-06-10,201806106207213,DDBL,38,7,78,763.0,59514.0
2018-06-10,201806106207212,DDBL,58,7,22,763.0,16786.0
2018-06-10,201806106207186,DDBL,38,7,312,763.0,238056.0
2018-06-10,201806106207162,DDBL,38,28,100,763.0,76300.0
2018-06-10,201806106207088,EBL,42,19,50,684.0,34200.0
2018-06-10,201806106207072,EBL,40,19,50,685.0,34250.0
2018-06-10,201806106207058,EBL,45,19,50,689.0,34450.0
2018-06-10,201806106206969,EBL,29,16,20,687.0,13740.0
2018-06-10,201806106207258,EIC,57,46,17,1400.0,23800.0
2018-06-10,201806106207098,EIC,57,59,10,1400.0,14000.0
2018-06-10,201806106207097,EIC,28,59,10,1401.0,14010.0
2018-06-10,201806106207174,FMDBL,29,48,500,550.0,275000.0
2018-06-10,201806106207000,FMDBL,42,53,80,550.0,44000.0
2018-06-10,201806106206999,FMDBL,47,53,50,550.0,27500.0
2018-06-10,201806106206998,FMDBL,51,53,10,550.0,5500.0
2018-06-10,201806106206997,FMDBL,51,53,10,550.0,5500.0
2018-06-10,201806106206996,FMDBL,55,53,300,551.0,165300.0
2018-06-10,201806106206995,FMDBL,59,53,350,551.0,192850.0
2018-06-10,201806106206994,FMDBL,51,53,50,552.0,27600.0
2018-06-10,201806106206993,FMDBL,38,53,50,553.0,27650.0
2018-06-10,201806106207301,GBIME,1,1,102,295.0,30090.0
2018-06-10,201806106207300,GBIME,40,1,200,295.0,59000.0
2018-06-10,201806106207299,GBIME,59,1,500,295.0,147500.0
2018-06-10,201806106207298,GBIME,14,1,81,295.0,23895.0
2018-06-10,201806106207297,GBIME,19,1,50,295.0,14750.0
2018-06-10,201806106207296,GBIME,19,1,27,295.0,7965.0
2018-06-10,201806106207295,GBIME,58,1,40,296.0,11840.0
2018-06-10,201806106207229,GBIME,14,11,119,295.0,35105.0
2018-06-10,201806106207159,GBIME,59,1,200,296.0,59200.0
2018-06-10,201806106207158,GBIME,58,1,22,297.0,6534.0
2018-06-10,201806106206913,GBIME,58,41,28,297.0,8316.0
2018-06-10,201806106206867,GBIME,19,56,23,295.0,6785.0
2018-06-10,201806106207348,GBLBS,32,7,205,571.0,117055.0
2018-06-10,201806106207276,GBLBS,50,6,10,573.0,5730.0
2018-06-10,201806106207240,GBLBS,1,7,100,574.0,57400.0
2018-06-10,201806106207264,GDBL,13,19,940,200.0,188000.0
2018-06-10,201806106207263,GDBL,11,19,10,200.0,2000.0
2018-06-10,201806106207262,GDBL,59,19,50,200.0,10000.0
2018-06-10,201806106207120,GDBL,59,32,250,201.0,50250.0
2018-06-10,201806106207090,GDBL,11,19,90,200.0,18000.0
2018-06-10,201806106206938,GILB,44,58,20,1153.0,23060.0
2018-06-10,201806106206937,GILB,58,58,10,1153.0,11530.0
2018-06-10,201806106207364,GLICL,34,58,10,900.0,9000.0
2018-06-10,201806106207363,GLICL,16,58,50,904.0,45200.0
2018-06-10,201806106207054,GMFIL,50,22,3411,137.0,467307.0
2018-06-10,201806106207033,GUFLPO,28,17,3968,100.0,396800.0
2018-06-10,201806106206924,GUFLPO,28,17,6000,100.0,600000.0
2018-06-10,201806106206890,GUFLPO,28,17,1329,100.0,132900.0
2018-06-10,201806106206871,GUFLPO,28,17,3968,100.0,396800.0
2018-06-10,201806106207266,HAMRO,48,51,100,134.0,13400.0
2018-06-10,201806106207153,HBL,42,21,151,565.0,85315.0
2018-06-10,201806106207138,HGI,43,37,200,455.0,91000.0
2018-06-10,201806106207137,HGI,33,37,200,455.0,91000.0
2018-06-10,201806106206942,HGI,32,45,180,454.0,81720.0
2018-06-10,201806106207161,HIDCL,28,21,40,157.0,6280.0
2018-06-10,201806106207160,HIDCL,51,21,16,159.0,2544.0
2018-06-10,201806106207043,HIDCL,51,4,18,159.0,2862.0
2018-06-10,201806106207042,HIDCL,51,8,23,159.0,3657.0
2018-06-10,201806106207041,HIDCL,51,28,56,159.0,8904.0
2018-06-10,201806106207040,HIDCL,51,59,87,158.0,13746.0
2018-06-10,201806106206916,HPPL,48,45,300,304.0,91200.0
2018-06-10,201806106206915,HPPL,48,18,220,303.0,66660.0
2018-06-10,201806106207256,JBBL,58,40,857,140.0,119980.0
2018-06-10,201806106207255,JBBL,57,40,113,140.0,15820.0
2018-06-10,201806106207254,JBBL,17,40,100,142.0,14200.0
2018-06-10,201806106207253,JBBL,40,40,30,142.0,4260.0
2018-06-10,201806106207249,JBBL,17,32,162,142.0,23004.0
2018-06-10,201806106207248,JBBL,17,44,560,142.0,79520.0
2018-06-10,201806106207247,JBBL,17,42,61,142.0,8662.0
2018-06-10,201806106207246,JBBL,17,13,154,142.0,21868.0
2018-06-10,201806106207245,JBBL,17,8,235,142.0,33370.0
2018-06-10,201806106207244,JBBL,43,58,100,142.0,14200.0
2018-06-10,201806106207281,JBNL,48,7,101,158.0,15958.0
2018-06-10,201806106207236,JBNL,58,42,40,159.0,6360.0
2018-06-10,201806106207155,JBNL,50,33,624,158.0,98592.0
2018-06-10,201806106207154,JBNL,34,33,500,158.0,79000.0
2018-06-10,201806106207128,JBNL,6,33,1670,158.0,263860.0
2018-06-10,201806106207127,JBNL,36,33,200,158.0,31600.0
2018-06-10,201806106207126,JBNL,25,33,200,158.0,31600.0
2018-06-10,201806106207125,JBNL,58,33,500,158.0,79000.0
2018-06-10,201806106207124,JBNL,58,33,306,158.0,48348.0
2018-06-10,201806106206897,JBNL,1,1,50,159.0,7950.0
2018-06-10,201806106207328,JSLBB,10,10,2,2950.0,5900.0
2018-06-10,201806106207314,JSLBB,10,10,2,2950.0,5900.0
2018-06-10,201806106207311,JSLBB,10,10,2,2950.0,5900.0
2018-06-10,201806106207294,JSLBB,10,10,2,2950.0,5900.0
2018-06-10,201806106206975,JSLBB,59,55,12,3000.0,36000.0
2018-06-10,201806106207173,JSLBB,41,22,12,3010.0,36120.0
2018-06-10,201806106207359,KMFL,21,18,28,1600.0,44800.0
2018-06-10,201806106207358,KMFL,19,18,30,1601.0,48030.0
2018-06-10,201806106207059,KMFL,41,53,40,1630.0,65200.0
2018-06-10,201806106206974,KMFL,41,7,20,1625.0,32500.0
2018-06-10,201806106206939,KMFL,19,33,10,1594.0,15940.0
2018-06-10,201806106207123,KNBL,26,22,13,127.0,1651.0
2018-06-10,201806106207122,KNBL,52,22,150,128.0,19200.0
2018-06-10,201806106207121,KNBL,17,22,10,128.0,1280.0
2018-06-10,201806106207241,KSBBL,58,11,77,154.0,11858.0
2018-06-10,201806106206959,LBBL,36,19,200,151.0,30200.0
2018-06-10,201806106206958,LBBL,36,38,500,151.0,75500.0
2018-06-10,201806106207324,LBL,7,11,46,253.0,11638.0
2018-06-10,201806106207267,LBL,17,45,500,254.0,127000.0
2018-06-10,201806106207105,LBL,29,45,15,255.0,3825.0
2018-06-10,201806106207027,LBL,53,45,100,254.0,25400.0
2018-06-10,201806106206978,LBL,29,14,11,255.0,2805.0
2018-06-10,201806106207361,LGIL,33,28,120,560.0,67200.0
2018-06-10,201806106207320,LGIL,33,34,27,556.0,15012.0
2018-06-10,201806106207275,LGIL,34,34,60,556.0,33360.0
2018-06-10,201806106207274,LGIL,4,34,13,556.0,7228.0
2018-06-10,201806106207103,LGIL,17,16,150,560.0,84000.0
2018-06-10,201806106207102,LGIL,17,1,100,559.0,55900.0
2018-06-10,201806106207018,LGIL,51,16,100,560.0,56000.0
2018-06-10,201806106206965,LGIL,4,10,12,556.0,6672.0
2018-06-10,201806106206899,LGIL,34,50,40,556.0,22240.0
2018-06-10,201806106206898,LGIL,4,49,25,556.0,13900.0
2018-06-10,201806106206931,LICN,37,10,50,1600.0,80000.0
2018-06-10,201806106206930,LICN,52,10,100,1600.0,160000.0
2018-06-10,201806106207230,LLBS,17,58,20,1131.0,22620.0
2018-06-10,201806106207172,LLBS,38,21,24,1131.0,27144.0
2018-06-10,201806106207111,LLBS,4,58,30,1132.0,33960.0
2018-06-10,201806106207039,LLBS,14,58,10,1140.0,11400.0
2018-06-10,201806106207190,MBL,49,1,76,213.0,16188.0
2018-06-10,201806106207171,MBL,33,1,200,213.0,42600.0
2018-06-10,201806106207170,MBL,58,1,40,213.0,8520.0
2018-06-10,201806106207318,MEGA,38,52,100,174.0,17400.0
2018-06-10,201806106207312,MEGA,16,52,100,174.0,17400.0
2018-06-10,201806106207310,MEGA,58,52,1000,174.0,174000.0
2018-06-10,201806106207309,MEGA,19,52,300,174.0,52200.0
2018-06-10,201806106207308,MEGA,57,52,344,174.0,59856.0
2018-06-10,201806106207307,MEGA,1,52,10,174.0,1740.0
2018-06-10,201806106207055,MEGA,57,6,265,175.0,46375.0
2018-06-10,201806106206981,MEGA,1,57,31,174.0,5394.0
2018-06-10,201806106206894,MEGA,45,6,161,175.0,28175.0
2018-06-10,201806106206893,MEGA,45,6,39,175.0,6825.0
2018-06-10,201806106207191,MEGA,57,44,463,175.0,81025.0
2018-06-10,201806106207147,MEGA,34,37,23155,189.9,4397134.5
2018-06-10,201806106207143,MEGA,34,37,23155,410.69,9509526.95
2018-06-10,201806106207140,MEGA,34,37,46310,401.56,18596243.6
2018-06-10,201806106207057,MEGA,57,48,174,175.0,30450.0
2018-06-10,201806106207056,MEGA,57,48,98,175.0,17150.0
2018-06-10,201806106207292,MEGA,57,32,98,174.0,17052.0
2018-06-10,201806106207286,MEGA,32,44,98,175.0,17150.0
2018-06-10,201806106207282,MEGA,57,34,460,174.0,80040.0
2018-06-10,201806106207280,MEGA,32,44,98,175.0,17150.0
2018-06-10,201806106207277,MEGA,57,32,98,174.0,17052.0
2018-06-10,201806106207237,MEGA,58,44,40,175.0,7000.0
2018-06-10,201806106207079,MERO,17,22,10,1078.0,10780.0
2018-06-10,201806106207078,MERO,52,22,10,1080.0,10800.0
2018-06-10,201806106207077,MERO,32,22,28,1081.0,30268.0
2018-06-10,201806106207076,MERO,55,22,10,1092.0,10920.0
2018-06-10,201806106207211,MLBL,51,21,500,173.0,86500.0
2018-06-10,201806106207106,MLBL,58,49,40,174.0,6960.0
2018-06-10,201806106207323,MMFDB,34,41,50,1648.0,82400.0
2018-06-10,201806106207322,MMFDB,42,41,50,1660.0,83000.0
2018-06-10,201806106207321,MMFDB,19,41,20,1663.0,33260.0
2018-06-10,201806106207063,MNBBL,41,26,79,383.0,30257.0
2018-06-10,201806106207141,NABIL,32,58,225,948.0,213300.0
2018-06-10,201806106207129,NABIL,11,45,50,946.0,47300.0
2018-06-10,201806106207052,NABIL,45,58,25,948.0,23700.0
2018-06-10,201806106207038,NABIL,48,58,50,948.0,47400.0
2018-06-10,201806106206977,NABIL,28,34,36,947.0,34092.0
2018-06-10,201806106206911,NABIL,39,34,20,947.0,18940.0
2018-06-10,201806106206865,NABIL,59,35,50,945.0,47250.0
2018-06-10,201806106206917,NABILP,17,32,100,761.0,76100.0
2018-06-10,201806106207251,NBB,40,32,267,213.0,56871.0
2018-06-10,201806106207250,NBB,40,13,110,213.0,23430.0
2018-06-10,201806106207242,NBB,58,13,40,213.0,8520.0
2018-06-10,201806106207157,NBB,47,13,800,213.0,170400.0
2018-06-10,201806106207189,NBL,46,42,300,310.0,93000.0
2018-06-10,201806106207188,NBL,56,55,200,311.0,62200.0
2018-06-10,201806106206874,NBL,46,50,200,310.0,62000.0
2018-06-10,201806106207341,NCCB,44,11,55,244.0,13420.0
2018-06-10,201806106207278,NCCB,7,49,14,245.0,3430.0
2018-06-10,201806106207257,NCCB,58,11,28,247.0,6916.0
2018-06-10,201806106207101,NCCB,54,8,50,252.0,12600.0
2018-06-10,201806106206866,NHPC,39,38,350,85.0,29750.0
2018-06-10,201806106207319,NIB,58,58,3000,627.0,1881000.0
2018-06-10,201806106207116,NIB,14,14,2689,628.0,1688692.0
2018-06-10,201806106207115,NIB,14,14,40,628.0,25120.0
2018-06-10,201806106206980,NIB,32,14,100,628.0,62800.0
2018-06-10,201806106206979,NIB,32,55,100,627.0,62700.0
2018-06-10,201806106207304,NIBPO,17,28,1000,558.0,558000.0
2018-06-10,201806106207303,NIBPO,53,28,1000,559.0,559000.0
2018-06-10,201806106207302,NIBPO,48,28,40,560.0,22400.0
2018-06-10,201806106207265,NIBPO,53,34,550,561.0,308550.0
2018-06-10,201806106207331,NICA,58,28,40,324.0,12960.0
2018-06-10,201806106207132,NICA,44,22,10,322.0,3220.0
2018-06-10,201806106207035,NICA,44,11,69,322.0,22218.0
2018-06-10,201806106207022,NICA,44,57,480,322.0,154560.0
2018-06-10,201806106207290,NICL,34,36,181,657.0,118917.0
2018-06-10,201806106207289,NICL,17,36,100,660.0,66000.0
2018-06-10,201806106207288,NICL,34,36,100,660.0,66000.0
2018-06-10,201806106207287,NICL,21,36,119,661.0,78659.0
2018-06-10,201806106207231,NICL,21,16,52,661.0,34372.0
2018-06-10,201806106207156,NICL,21,28,100,661.0,66100.0
2018-06-10,201806106207112,NICL,21,10,149,661.0,98489.0
2018-06-10,201806106207074,NICL,58,1,100,663.0,66300.0
2018-06-10,201806106207071,NICL,21,35,80,661.0,52880.0
2018-06-10,201806106207317,NIL,57,17,300,565.0,169500.0
2018-06-10,201806106207316,NIL,57,46,100,565.0,56500.0
2018-06-10,201806106207114,NIL,42,45,100,561.0,56100.0
2018-06-10,201806106207045,NIL,51,17,50,565.0,28250.0
2018-06-10,201806106206972,NIL,57,21,100,560.0,56000.0
2018-06-10,201806106207009,NLBBL,32,11,113,660.0,74580.0
2018-06-10,201806106207008,NLBBL,16,11,100,660.0,66000.0
2018-06-10,201806106207007,NLBBL,35,11,100,660.0,66000.0
2018-06-10,201806106207006,NLBBL,53,11,50,660.0,33000.0
2018-06-10,201806106207005,NLBBL,41,11,100,662.0,66200.0
2018-06-10,201806106207004,NLBBL,17,11,150,664.0,99600.0
2018-06-10,201806106207313,NLIC,59,34,25,1031.0,25775.0
2018-06-10,201806106207260,NLIC,28,16,12,1035.0,12420.0
2018-06-10,201806106207185,NLIC,59,8,79,1031.0,81449.0
2018-06-10,201806106207184,NLIC,51,8,58,1031.0,59798.0
2018-06-10,201806106207183,NLIC,56,8,100,1032.0,103200.0
2018-06-10,201806106207182,NLIC,26,8,20,1032.0,20640.0
2018-06-10,201806106206919,NLIC,25,55,100,1032.0,103200.0
2018-06-10,201806106206918,NLIC,25,55,25,1032.0,25800.0
2018-06-10,201806106206905,NLIC,25,55,58,1032.0,59856.0
2018-06-10,201806106206904,NLIC,57,55,10,1033.0,10330.0
2018-06-10,201806106206903,NLIC,19,55,100,1033.0,103300.0
2018-06-10,201806106206902,NLIC,26,55,32,1033.0,33056.0
2018-06-10,201806106207181,NLIC,39,8,50,1032.0,51600.0
2018-06-10,201806106207180,NLIC,6,8,60,1032.0,61920.0
2018-06-10,201806106207179,NLIC,54,8,45,1032.0,46440.0
2018-06-10,201806106207178,NLIC,8,8,50,1033.0,51650.0
2018-06-10,201806106206921,NLIC,54,55,55,1032.0,56760.0
2018-06-10,201806106206920,NLIC,7,55,20,1032.0,20640.0
2018-06-10,201806106207340,NLICL,34,22,90,1273.0,114570.0
2018-06-10,201806106207339,NLICL,34,22,50,1273.0,63650.0
2018-06-10,201806106207338,NLICL,26,22,100,1273.0,127300.0
2018-06-10,201806106207337,NLICL,35,22,500,1274.0,637000.0
2018-06-10,201806106207336,NLICL,45,22,10,1275.0,12750.0
2018-06-10,201806106207335,NLICL,56,22,35,1275.0,44625.0
2018-06-10,201806106207334,NLICL,56,22,15,1275.0,19125.0
2018-06-10,201806106207333,NLICL,56,22,200,1275.0,255000.0
2018-06-10,201806106206869,NLICL,56,48,200,1279.0,255800.0
2018-06-10,201806106206868,NLICL,56,50,75,1278.0,95850.0
2018-06-10,201806106207283,NMB,59,57,1591,370.0,588670.0
2018-06-10,201806106207222,NMB,38,57,100,369.0,36900.0
2018-06-10,201806106207169,NMB,38,20,52,369.0,19188.0
2018-06-10,201806106207168,NMB,37,20,161,370.0,59570.0
2018-06-10,201806106207118,NMB,37,42,28,370.0,10360.0
2018-06-10,201806106207107,NMB,37,42,11,370.0,4070.0
2018-06-10,201806106207091,NMB,45,26,30,371.0,11130.0
2018-06-10,201806106207065,NMB,45,13,20,371.0,7420.0
2018-06-10,201806106206907,NMB,45,57,500,371.0,185500.0
2018-06-10,201806106207305,NMBMF,17,43,100,1460.0,146000.0
2018-06-10,201806106207060,NMBMF,21,1,22,1455.0,32010.0
2018-06-10,201806106207259,NTC,6,59,135,734.0,99090.0
2018-06-10,201806106207104,NTC,6,55,500,734.0,367000.0
2018-06-10,201806106207049,NTC,6,28,200,734.0,146800.0
2018-06-10,201806106207048,NTC,58,28,100,734.0,73400.0
2018-06-10,201806106206873,NTC,22,43,1000,735.0,735000.0
2018-06-10,201806106207134,PCBL,13,44,250,295.0,73750.0
2018-06-10,201806106207073,PCBL,29,44,270,295.0,79650.0
2018-06-10,201806106207021,PCBL,6,44,500,295.0,147500.0
2018-06-10,201806106207020,PCBL,53,44,30,295.0,8850.0
2018-06-10,201806106207019,PCBL,42,44,200,295.0,59000.0
2018-06-10,201806106207228,PFL,39,51,66,132.0,8712.0
2018-06-10,201806106207227,PFL,14,51,100,132.0,13200.0
2018-06-10,201806106207226,PFL,48,51,200,132.0,26400.0
2018-06-10,201806106207225,PFL,36,51,124,132.0,16368.0
2018-06-10,201806106207224,PFL,14,51,100,133.0,13300.0
2018-06-10,201806106207223,PFL,16,51,10,134.0,1340.0
2018-06-10,201806106207239,PIC,1,13,11,1192.0,13112.0
2018-06-10,201806106207238,PIC,1,34,11,1191.0,13101.0
2018-06-10,201806106207193,PIC,47,55,43,1190.0,51170.0
2018-06-10,201806106207187,PIC,47,33,68,1189.0,80852.0
2018-06-10,201806106207175,PIC,51,56,108,1186.0,128088.0
2018-06-10,201806106207133,PIC,51,45,59,1186.0,69974.0
2018-06-10,201806106207089,PIC,51,56,11,1186.0,13046.0
2018-06-10,201806106207087,PIC,37,33,11,1189.0,13079.0
2018-06-10,201806106207068,PIC,59,33,78,1187.0,92586.0
2018-06-10,201806106207067,PIC,58,33,43,1188.0,51084.0
2018-06-10,201806106207003,PIC,58,16,57,1188.0,67716.0
2018-06-10,201806106207002,PIC,11,16,33,1189.0,39237.0
2018-06-10,201806106206992,PICL,29,10,300,798.0,239400.0
2018-06-10,201806106206971,PICL,38,50,100,800.0,80000.0
2018-06-10,201806106206970,PICL,20,50,90,800.0,72000.0
2018-06-10,201806106206960,PICL,20,10,60,800.0,48000.0
2018-06-10,201806106206896,PICL,20,40,50,800.0,40000.0
2018-06-10,201806106206895,PICL,20,40,200,800.0,160000.0
2018-06-10,201806106206889,PICL,32,40,100,801.0,80100.0
2018-06-10,201806106207146,PLIC,22,57,50,612.0,30600.0
2018-06-10,201806106206933,PLIC,11,50,20,615.0,12300.0
2018-06-10,201806106206932,PLIC,26,50,200,615.0,123000.0
2018-06-10,201806106207355,PRIN,53,28,50,516.0,25800.0
2018-06-10,201806106207217,PRIN,45,43,100,516.0,51600.0
2018-06-10,201806106207142,PRIN,49,57,100,516.0,51600.0
2018-06-10,201806106207096,PRIN,17,42,84,520.0,43680.0
2018-06-10,201806106207095,PRIN,17,28,250,520.0,130000.0
2018-06-10,201806106207094,PRIN,17,21,200,520.0,104000.0
2018-06-10,201806106206878,PRIN,26,53,140,516.0,72240.0
2018-06-10,201806106207093,PRIN,17,28,20,520.0,10400.0
2018-06-10,201806106207092,PRIN,17,1,100,519.0,51900.0
2018-06-10,201806106206983,PRIN,49,43,50,518.0,25900.0
2018-06-10,201806106206881,PRIN,42,53,760,515.0,391400.0
2018-06-10,201806106206880,PRIN,39,53,100,515.0,51500.0
2018-06-10,201806106206879,PRIN,14,53,50,516.0,25800.0
2018-06-10,201806106207192,PRVU,58,22,40,200.0,8000.0
2018-06-10,201806106207150,PRVU,45,57,100,199.0,19900.0
2018-06-10,201806106207149,PRVU,39,57,100,199.0,19900.0
2018-06-10,201806106207001,PRVU,45,57,400,199.0,79600.0
2018-06-10,201806106206906,PRVU,47,22,100,200.0,20000.0
2018-06-10,201806106206882,PRVU,58,22,25,200.0,5000.0
2018-06-10,201806106207354,RBCL,51,11,170,11000.0,1870000.0
2018-06-10,201806106207218,RBCL,1,1,10,10921.0,109210.0
2018-06-10,201806106207330,RBCLPO,17,34,10,10290.0,102900.0
2018-06-10,201806106207329,RBCLPO,28,34,10,10295.0,102950.0
2018-06-10,201806106206963,RBCLPO,32,48,10,10301.0,103010.0
2018-06-10,201806106206962,RBCLPO,53,48,30,10310.0,309300.0
2018-06-10,201806106206961,RBCLPO,58,48,12,10315.0,123780.0
2018-06-10,201806106206901,RBCLPO,56,33,10,10316.0,103160.0
2018-06-10,201806106207051,RHPC,5,25,18,125.0,2250.0
2018-06-10,201806106207032,RHPC,21,21,1,122.0,122.0
2018-06-10,201806106206892,RMDC,4,22,50,664.0,33200.0
2018-06-10,201806106206891,RMDC,8,22,100,665.0,66500.0
2018-06-10,201806106207167,RSDC,57,22,95,546.0,51870.0
2018-06-10,201806106207166,RSDC,19,22,30,547.0,16410.0
2018-06-10,201806106207165,RSDC,19,22,50,547.0,27350.0
2018-06-10,201806106207164,RSDC,34,22,10,548.0,5480.0
2018-06-10,201806106207163,RSDC,32,22,20,548.0,10960.0
2018-06-10,201806106207220,SANIMA,34,17,200,332.0,66400.0
2018-06-10,201806106207219,SANIMA,34,1,3000,332.0,996000.0
2018-06-10,201806106207044,SANIMA,59,48,208,330.0,68640.0
2018-06-10,201806106206914,SANIMA,58,48,50,330.0,16500.0
2018-06-10,201806106206877,SANIMA,11,48,50,330.0,16500.0
2018-06-10,201806106206876,SANIMA,56,48,1000,330.0,330000.0
2018-06-10,201806106206875,SANIMA,39,48,200,330.0,66000.0
2018-06-10,201806106206973,SBI,40,16,100,500.0,50000.0
2018-06-10,201806106207362,SBL,34,19,90,314.0,28260.0
2018-06-10,201806106207069,SBL,17,26,260,313.0,81380.0
2018-06-10,201806106207061,SBL,17,53,117,312.0,36504.0
2018-06-10,201806106207034,SBL,46,53,196,312.0,61152.0
2018-06-10,201806106207261,SCB,45,49,20,768.0,15360.0
2018-06-10,201806106206925,SCB,13,49,98,762.0,74676.0
2018-06-10,201806106206934,SEF,59,6,4000,9.3,37200.0
2018-06-10,201806106207046,SHINE,13,21,30,280.0,8400.0
2018-06-10,201806106206927,SHINE,13,41,122,280.0,34160.0
2018-06-10,201806106206926,SHINE,50,41,100,280.0,28000.0
2018-06-10,201806106206900,SHL,25,32,278,238.0,66164.0
2018-06-10,201806106207152,SHPC,47,53,1700,335.0,569500.0
2018-06-10,201806106207117,SHPC,17,53,1000,335.0,335000.0
2018-06-10,201806106207023,SHPC,47,53,300,335.0,100500.0
2018-06-10,201806106206928,SIC,33,6,200,1310.0,262000.0
2018-06-10,201806106206910,SICL,56,28,15,972.0,14580.0
2018-06-10,201806106206909,SICL,56,1,200,972.0,194400.0
2018-06-10,201806106206908,SICL,56,13,44,970.0,42680.0
2018-06-10,201806106206964,SIL,47,28,29,704.0,20416.0
2018-06-10,201806106207353,SKBBL,53,22,137,1165.0,159605.0
2018-06-10,201806106207352,SKBBL,48,22,50,1166.0,58300.0
2018-06-10,201806106207351,SKBBL,58,22,500,1166.0,583000.0
2018-06-10,201806106207350,SKBBL,58,22,200,1167.0,233400.0
2018-06-10,201806106207349,SKBBL,6,22,113,1167.0,131871.0
2018-06-10,201806106207273,SKBBL,6,56,387,1167.0,451629.0
2018-06-10,201806106206946,SKBBL,33,57,200,1171.0,234200.0
2018-06-10,201806106206945,SKBBL,59,57,200,1171.0,234200.0
2018-06-10,201806106206944,SKBBL,59,57,108,1171.0,126468.0
2018-06-10,201806106206943,SKBBL,14,57,55,1171.0,64405.0
2018-06-10,201806106206952,SKBBL,29,57,200,1170.0,234000.0
2018-06-10,201806106206951,SKBBL,40,57,500,1170.0,585000.0
2018-06-10,201806106206950,SKBBL,21,57,100,1170.0,117000.0
2018-06-10,201806106206949,SKBBL,51,57,500,1170.0,585000.0
2018-06-10,201806106206948,SKBBL,54,57,50,1170.0,58500.0
2018-06-10,201806106206947,SKBBL,56,57,200,1170.0,234000.0
2018-06-10,201806106207272,SKBBL,17,56,200,1168.0,233600.0
2018-06-10,201806106207271,SKBBL,55,56,100,1168.0,116800.0
2018-06-10,201806106207270,SKBBL,37,56,100,1168.0,116800.0
2018-06-10,201806106207269,SKBBL,50,56,200,1169.0,233800.0
2018-06-10,201806106207268,SKBBL,28,56,13,1170.0,15210.0
2018-06-10,201806106206953,SKBBL,28,57,187,1170.0,218790.0
2018-06-10,201806106207235,SLBBL,57,7,100,1680.0,168000.0
2018-06-10,201806106207360,SLICL,3,58,20,663.0,13260.0
2018-06-10,201806106206940,SLICL,1,45,40,650.0,26000.0
2018-06-10,201806106206936,SLICL,38,57,25,657.0,16425.0
2018-06-10,201806106206935,SLICL,38,26,61,657.0,40077.0
2018-06-10,201806106207119,SMFDB,19,57,10,971.0,9710.0
2018-06-10,201806106207030,SMFDB,41,41,10,971.0,9710.0
2018-06-10,201806106207347,SPDL,39,49,15,130.0,1950.0
2018-06-10,201806106207346,SPDL,58,49,40,131.0,5240.0
2018-06-10,201806106207291,SRBL,13,39,50,227.0,11350.0
2018-06-10,201806106207243,SRBL,13,49,62,227.0,14074.0
2018-06-10,201806106207216,SRBL,58,25,40,229.0,9160.0
2018-06-10,201806106206976,SRBL,28,26,306,228.0,69768.0
2018-06-10,201806106206967,SRBL,28,25,92,227.0,20884.0
2018-06-10,201806106206966,SRBL,28,1,200,227.0,45400.0
2018-06-10,201806106207070,SWBBL,45,38,117,1275.0,149175.0
2018-06-10,201806106207066,SWBBL,45,37,234,1275.0,298350.0
2018-06-10,201806106207017,SWBBL,17,47,20,1270.0,25400.0
2018-06-10,201806106207016,SWBBL,17,45,400,1270.0,508000.0
2018-06-10,201806106207015,SWBBL,17,53,50,1269.0,63450.0
2018-06-10,201806106207099,UIC,29,59,39,945.0,36855.0
2018-06-10,201806106206888,UIC,22,5,40,941.0,37640.0
2018-06-10,201806106206887,UIC,29,5,120,941.0,112920.0
2018-06-10,201806106206886,UIC,3,5,20,942.0,18840.0
2018-06-10,201806106206885,UIC,32,5,20,945.0,18900.0
2018-06-10,201806106207332,UMHL,3,39,23,172.0,3956.0
2018-06-10,201806106207131,VLBS,34,49,14,775.0,10850.0
2018-06-10,201806106207130,VLBS,11,49,10,784.0,7840.0
2018-06-10,201806106206884,VLBS,6,57,300,786.0,235800.0
2018-06-10,201806106206883,VLBS,44,57,400,790.0,316000.0
2018-06-10,201806106207047,WOMI,56,58,10,1421.0,14210.0
2018-06-10,201806106204628,ADBL,55,7,350,321.0,112350.0
2018-06-10,201806106204510,ADBL,29,59,40,325.0,13000.0
2018-06-10,201806106204505,ADBL,57,45,28,320.0,8960.0
2018-06-10,201806106204499,ADBL,6,45,50,321.0,16050.0
2018-06-10,201806106204625,AKPL,26,26,100,289.0,28900.0
2018-06-10,201806106204619,AKPL,26,34,10,289.0,2890.0
2018-06-10,201806106204494,AKPL,26,22,13,289.0,3757.0
2018-06-10,201806106204739,ALICL,57,10,100,700.0,70000.0
2018-06-10,201806106204840,API,33,32,38,291.0,11058.0
2018-06-10,201806106204801,API,34,32,70,291.0,20370.0
2018-06-10,201806106204760,API,25,51,12,295.0,3540.0
2018-06-10,201806106204754,API,34,32,15,291.0,4365.0
2018-06-10,201806106204752,API,34,32,15,291.0,4365.0
2018-06-10,201806106204732,API,25,51,88,295.0,25960.0
2018-06-10,201806106204731,API,38,51,281,295.0,82895.0
2018-06-10,201806106204730,API,50,51,13,295.0,3835.0
2018-06-10,201806106204729,API,26,51,12,296.0,3552.0
2018-06-10,201806106204502,API,38,22,17,295.0,5015.0
2018-06-10,201806106204441,API,38,22,17,295.0,5015.0
2018-06-10,201806106204766,BARUN,21,25,10,152.0,1520.0
2018-06-10,201806106204623,BARUN,21,34,10,152.0,1520.0
2018-06-10,201806106204697,BOKL,49,50,41,309.0,12669.0
2018-06-10,201806106204687,BOKL,49,50,544,309.0,168096.0
2018-06-10,201806106204686,BOKL,49,50,156,308.0,48048.0
2018-06-10,201806106204642,BOKL,58,50,150,308.0,46200.0
2018-06-10,201806106204641,BOKL,49,50,144,308.0,44352.0
2018-06-10,201806106204615,BOKL,45,50,15,309.0,4635.0
2018-06-10,201806106204470,BOKL,49,28,356,308.0,109648.0
2018-06-10,201806106204469,BOKL,20,28,50,308.0,15400.0
2018-06-10,201806106204423,BOKL,19,49,104,309.0,32136.0
2018-06-10,201806106204385,BOKL,40,49,100,309.0,30900.0
2018-06-10,201806106204378,BOKL,39,49,300,309.0,92700.0
2018-06-10,201806106204695,BPCL,28,22,50,445.0,22250.0
2018-06-10,201806106204646,BPCL,28,26,20,443.0,8860.0
2018-06-10,201806106204571,BPCL,28,42,10,443.0,4430.0
2018-06-10,201806106204534,BPCL,28,18,20,443.0,8860.0
2018-06-10,201806106204489,BPCL,28,18,20,443.0,8860.0
2018-06-10,201806106204468,BPCL,28,18,20,443.0,8860.0
2018-06-10,201806106204377,BPCL,51,18,10,443.0,4430.0
2018-06-10,201806106204367,BPCL,28,18,20,443.0,8860.0
2018-06-10,201806106204458,BPCL,28,18,20,443.0,8860.0
2018-06-10,201806106204443,BPCL,28,18,20,443.0,8860.0
2018-06-10,201806106204437,BPCL,28,18,20,443.0,8860.0
2018-06-10,201806106204422,BPCL,28,18,20,443.0,8860.0
2018-06-10,201806106204405,BPCL,28,18,10,443.0,4430.0
2018-06-10,201806106204387,BPCL,28,18,10,443.0,4430.0
2018-06-10,201806106204824,CBBL,26,39,10,940.0,9400.0
2018-06-10,201806106204802,CBBL,37,37,50,947.0,47350.0
2018-06-10,201806106204785,CBL,13,50,500,154.0,77000.0
2018-06-10,201806106204781,CBL,58,25,59,154.0,9086.0
2018-06-10,201806106204734,CBL,19,50,100,154.0,15400.0
2018-06-10,201806106204733,CBL,58,50,500,154.0,77000.0
2018-06-10,201806106204711,CBL,54,34,48,154.0,7392.0
2018-06-10,201806106204612,CBL,22,37,300,155.0,46500.0
2018-06-10,201806106204475,CBL,14,51,63,157.0,9891.0
2018-06-10,201806106204474,CBL,14,13,182,157.0,28574.0
2018-06-10,201806106204473,CBL,14,49,55,157.0,8635.0
2018-06-10,201806106204368,CBL,52,14,729,156.0,113724.0
2018-06-10,201806106204611,CBL,1,37,300,155.0,46500.0
2018-06-10,201806106204610,CBL,19,37,15,155.0,2325.0
2018-06-10,201806106204544,CBL,19,35,209,155.0,32395.0
2018-06-10,201806106204492,CBL,52,1,71,156.0,11076.0
2018-06-10,201806106204491,CBL,42,1,30,156.0,4680.0
2018-06-10,201806106204488,CBL,52,1,500,156.0,78000.0
2018-06-10,201806106204828,CCBL,25,49,109,171.0,18639.0
2018-06-10,201806106204524,CCBL,32,26,198,171.0,33858.0
2018-06-10,201806106204401,CFCL,1,6,100,115.0,11500.0
2018-06-10,201806106204400,CFCL,14,6,500,115.0,57500.0
2018-06-10,201806106204399,CFCL,47,6,50,115.0,5750.0
2018-06-10,201806106204832,CHCL,6,29,1,760.0,760.0
2018-06-10,201806106204772,CHCL,26,20,10,770.0,7700.0
2018-06-10,201806106204771,CHCL,57,20,200,770.0,154000.0
2018-06-10,201806106204770,CHCL,37,20,200,770.0,154000.0
2018-06-10,201806106204769,CHCL,37,20,148,771.0,114108.0
2018-06-10,201806106204693,CHCL,37,37,102,771.0,78642.0
2018-06-10,201806106204692,CHCL,25,37,200,772.0,154400.0
2018-06-10,201806106204691,CHCL,10,37,55,772.0,42460.0
2018-06-10,201806106204690,CHCL,11,37,100,774.0,77400.0
2018-06-10,201806106204689,CHCL,26,37,20,774.0,15480.0
2018-06-10,201806106204688,CHCL,42,37,23,775.0,17825.0
2018-06-10,201806106204490,CHCL,56,35,40,778.0,31120.0
2018-06-10,201806106204393,CHL,39,49,10,138.0,1380.0
2018-06-10,201806106204647,CIT,46,33,50,2527.0,126350.0
2018-06-10,201806106204383,CIT,29,14,100,2525.0,252500.0
2018-06-10,201806106204365,CIT,37,33,100,2526.0,252600.0
2018-06-10,201806106204774,CMF1,11,47,500,9.32,4660.0
2018-06-10,201806106204852,CZBIL,25,49,45,246.0,11070.0
2018-06-10,201806106204777,CZBIL,43,17,169,247.0,41743.0
2018-06-10,201806106204666,CZBIL,43,50,131,247.0,32357.0
2018-06-10,201806106204585,CZBIL,43,50,49,247.0,12103.0
2018-06-10,201806106204559,CZBIL,39,50,500,247.0,123500.0
2018-06-10,201806106204558,CZBIL,53,50,150,247.0,37050.0
2018-06-10,201806106204557,CZBIL,32,50,404,247.0,99788.0
2018-06-10,201806106204556,CZBIL,57,50,12,247.0,2964.0
2018-06-10,201806106204555,CZBIL,41,50,55,248.0,13640.0
2018-06-10,201806106204493,CZBIL,32,56,71,247.0,17537.0
2018-06-10,201806106204472,CZBIL,29,29,38,250.0,9500.0
2018-06-10,201806106204657,DBBL,6,28,2000,136.0,272000.0
2018-06-10,201806106204553,DBBL,40,28,401,134.0,53734.0
2018-06-10,201806106204546,DBBL,21,28,91,134.0,12194.0
2018-06-10,201806106204545,DBBL,48,28,200,135.0,27000.0
2018-06-10,201806106204736,EBL,29,42,203,684.0,138852.0
2018-06-10,201806106204727,EBL,11,57,35,680.0,23800.0
2018-06-10,201806106204726,EBL,42,57,30,680.0,20400.0
2018-06-10,201806106204725,EBL,53,57,20,680.0,13600.0
2018-06-10,201806106204724,EBL,45,57,100,680.0,68000.0
2018-06-10,201806106204723,EBL,45,57,100,680.0,68000.0
2018-06-10,201806106204549,EBL,17,25,108,681.0,73548.0
2018-06-10,201806106204548,EBL,6,25,50,682.0,34100.0
2018-06-10,201806106204547,EBL,21,25,50,682.0,34100.0
2018-06-10,201806106204653,EBL,26,10,100,682.0,68200.0
2018-06-10,201806106204652,EBL,46,10,40,684.0,27360.0
2018-06-10,201806106204651,EBL,8,10,50,684.0,34200.0
2018-06-10,201806106204551,EBL,16,25,742,681.0,505302.0
2018-06-10,201806106204550,EBL,32,25,50,681.0,34050.0
2018-06-10,201806106204722,EBL,17,57,100,680.0,68000.0
2018-06-10,201806106204721,EBL,34,57,50,681.0,34050.0
2018-06-10,201806106204720,EBL,32,57,73,681.0,49713.0
2018-06-10,201806106204656,EBL,32,10,27,681.0,18387.0
2018-06-10,201806106204655,EBL,16,10,258,681.0,175698.0
2018-06-10,201806106204654,EBL,33,10,25,682.0,17050.0
2018-06-10,201806106204705,FMDBL,33,44,150,560.0,84000.0
2018-06-10,201806106204704,FMDBL,33,44,140,560.0,78400.0
2018-06-10,201806106204703,FMDBL,42,44,100,560.0,56000.0
2018-06-10,201806106204434,FMDBL,33,59,350,560.0,196000.0
2018-06-10,201806106204406,FMDBL,59,28,170,561.0,95370.0
2018-06-10,201806106204616,GBBL,49,49,700,178.0,124600.0
2018-06-10,201806106204507,GBBL,39,56,100,179.0,17900.0
2018-06-10,201806106204506,GBBL,48,56,30,180.0,5400.0
2018-06-10,201806106204827,GBIME,56,28,20,298.0,5960.0
2018-06-10,201806106204675,GBIME,45,8,23,296.0,6808.0
2018-06-10,201806106204532,GBIME,45,22,16,296.0,4736.0
2018-06-10,201806106204523,GBIME,28,28,298,298.0,88804.0
2018-06-10,201806106204522,GBIME,48,28,10,298.0,2980.0
2018-06-10,201806106204844,GBLBS,11,28,110,575.0,63250.0
2018-06-10,201806106204843,GBLBS,38,28,160,575.0,92000.0
2018-06-10,201806106204842,GBLBS,39,28,200,576.0,115200.0
2018-06-10,201806106204841,GBLBS,32,28,30,577.0,17310.0
2018-06-10,201806106204735,GBLBS,32,8,10,577.0,5770.0
2018-06-10,201806106204626,GBLBS,32,16,10,577.0,5770.0
2018-06-10,201806106204375,GBLBS,38,40,10,578.0,5780.0
2018-06-10,201806106204577,GBLBS,32,38,10,577.0,5770.0
2018-06-10,201806106204465,GBLBS,32,28,500,585.0,292500.0
2018-06-10,201806106204464,GBLBS,32,6,10,582.0,5820.0
2018-06-10,201806106204463,GBLBS,32,45,10,582.0,5820.0
2018-06-10,201806106204462,GBLBS,32,52,10,580.0,5800.0
2018-06-10,201806106204461,GBLBS,32,43,10,579.0,5790.0
2018-06-10,201806106204817,HGI,44,49,100,461.0,46100.0
2018-06-10,201806106204810,HGI,44,49,17,461.0,7837.0
2018-06-10,201806106204806,HGI,39,49,250,462.0,115500.0
2018-06-10,201806106204483,HGI,44,59,30,461.0,13830.0
2018-06-10,201806106204482,HGI,38,59,100,462.0,46200.0
2018-06-10,201806106204481,HGI,42,59,20,462.0,9240.0
2018-06-10,201806106204480,HGI,32,59,50,465.0,23250.0
2018-06-10,201806106204857,HIDCL,28,22,43,157.0,6751.0
2018-06-10,201806106204811,HIDCL,22,25,29,158.0,4582.0
2018-06-10,201806106204627,HIDCL,42,34,23,158.0,3634.0
2018-06-10,201806106204582,HIDCL,22,32,56,158.0,8848.0
2018-06-10,201806106204498,HIDCL,36,45,15,160.0,2400.0
2018-06-10,201806106204541,HPPL,42,22,20,300.0,6000.0
2018-06-10,201806106204477,HPPL,42,16,20,300.0,6000.0
2018-06-10,201806106204419,HPPL,42,43,10,300.0,3000.0
2018-06-10,201806106204410,HPPL,42,43,10,300.0,3000.0
2018-06-10,201806106204403,HPPL,42,49,20,300.0,6000.0
2018-06-10,201806106204561,JBBL,5,22,14,141.0,1974.0
2018-06-10,201806106204543,JBBL,5,22,14,141.0,1974.0
2018-06-10,201806106204645,JBNL,6,6,267,160.0,42720.0
2018-06-10,201806106204644,JBNL,28,6,19,160.0,3040.0
2018-06-10,201806106204634,JBNL,6,50,46,160.0,7360.0
2018-06-10,201806106204563,JBNL,28,38,41,160.0,6560.0
2018-06-10,201806106204404,JBNL,6,49,853,160.0,136480.0
2018-06-10,201806106204531,KBBL,58,56,544,230.0,125120.0
2018-06-10,201806106204530,KBBL,42,56,125,232.0,29000.0
2018-06-10,201806106204717,KBL,55,50,500,213.0,106500.0
2018-06-10,201806106204716,KBL,34,50,500,213.0,106500.0
2018-06-10,201806106204715,KBL,53,50,30,213.0,6390.0
2018-06-10,201806106204714,KBL,34,50,200,214.0,42800.0
2018-06-10,201806106204713,KBL,57,50,2000,214.0,428000.0
2018-06-10,201806106204712,KBL,7,50,300,214.0,64200.0
2018-06-10,201806106204402,KBL,7,58,200,217.0,43400.0
2018-06-10,201806106204679,KBL,6,25,2000,216.0,432000.0
2018-06-10,201806106204678,KBL,6,25,100,216.0,21600.0
2018-06-10,201806106204677,KBL,8,25,135,216.0,29160.0
2018-06-10,201806106204676,KBL,6,25,500,217.0,108500.0
2018-06-10,201806106204509,KBL,46,10,278,217.0,60326.0
2018-06-10,201806106204508,KBL,46,58,100,217.0,21700.0
2018-06-10,201806106204685,KBL,1,25,400,215.0,86000.0
2018-06-10,201806106204684,KBL,32,25,1000,215.0,215000.0
2018-06-10,201806106204683,KBL,36,25,500,215.0,107500.0
2018-06-10,201806106204682,KBL,48,25,200,215.0,43000.0
2018-06-10,201806106204681,KBL,59,25,50,215.0,10750.0
2018-06-10,201806106204680,KBL,39,25,30,215.0,6450.0
2018-06-10,201806106204847,KKHC,28,22,10,112.0,1120.0
2018-06-10,201806106204839,KKHC,28,22,10,112.0,1120.0
2018-06-10,201806106204831,KKHC,28,22,10,112.0,1120.0
2018-06-10,201806106204629,KKHC,28,34,10,112.0,1120.0
2018-06-10,201806106204606,KKHC,28,34,10,112.0,1120.0
2018-06-10,201806106204379,KKHC,28,22,10,114.0,1140.0
2018-06-10,201806106204446,KMCDB,28,7,100,1354.0,135400.0
2018-06-10,201806106204420,KMCDB,58,7,50,1355.0,67750.0
2018-06-10,201806106204376,KMCDB,58,34,150,1355.0,203250.0
2018-06-10,201806106204575,KNBL,21,56,100,128.0,12800.0
2018-06-10,201806106204540,KSBBL,45,56,1000,153.0,153000.0
2018-06-10,201806106204539,KSBBL,57,56,33,153.0,5049.0
2018-06-10,201806106204538,KSBBL,42,56,2000,154.0,308000.0
2018-06-10,201806106204537,KSBBL,39,56,400,154.0,61600.0
2018-06-10,201806106204536,KSBBL,58,56,100,155.0,15500.0
2018-06-10,201806106204851,LBBL,1,38,200,150.0,30000.0
2018-06-10,201806106204526,LBL,21,49,110,260.0,28600.0
2018-06-10,201806106204408,LBL,36,28,89,261.0,23229.0
2018-06-10,201806106204407,LBL,36,28,11,260.0,2860.0
2018-06-10,201806106204453,LLBS,34,42,27,1175.0,31725.0
2018-06-10,201806106204452,LLBS,17,42,10,1176.0,11760.0
2018-06-10,201806106204674,MBL,25,50,100,216.0,21600.0
2018-06-10,201806106204673,MBL,56,50,10,216.0,2160.0
2018-06-10,201806106204672,MBL,41,50,73,216.0,15768.0
2018-06-10,201806106204621,MBL,41,50,27,216.0,5832.0
2018-06-10,201806106204768,MEGA,22,3,32,175.0,5600.0
2018-06-10,201806106204767,MEGA,22,56,50,175.0,8750.0
2018-06-10,201806106204648,MEGA,28,51,292,175.0,51100.0
2018-06-10,201806106204639,MEGA,28,42,106,175.0,18550.0
2018-06-10,201806106204638,MEGA,25,51,100,175.0,17500.0
2018-06-10,201806106204637,MEGA,53,51,72,175.0,12600.0
2018-06-10,201806106204436,MEGA,25,56,110,175.0,19250.0
2018-06-10,201806106204430,MEGA,25,56,110,175.0,19250.0
2018-06-10,201806106204396,MEGA,25,28,98,175.0,17150.0
2018-06-10,201806106204389,MEGA,47,44,82,176.0,14432.0
2018-06-10,201806106204380,MEGA,25,47,82,175.0,14350.0
2018-06-10,201806106204372,MEGA,25,22,28,175.0,4900.0
2018-06-10,201806106204636,MEGA,38,51,16,175.0,2800.0
2018-06-10,201806106204613,MEGA,48,48,2803,175.0,490525.0
2018-06-10,201806106204570,MEGA,53,22,28,175.0,4900.0
2018-06-10,201806106204440,MEGA,38,44,484,175.0,84700.0
2018-06-10,201806106204439,MEGA,25,44,16,175.0,2800.0
2018-06-10,201806106204438,MEGA,21,44,100,176.0,17600.0
2018-06-10,201806106204525,MERO,40,29,20,1109.0,22180.0
2018-06-10,201806106204442,MERO,41,16,14,1105.0,15470.0
2018-06-10,201806106204381,MERO,17,49,14,1106.0,15484.0
2018-06-10,201806106204371,MERO,11,29,6,1100.0,6600.0
2018-06-10,201806106204370,MERO,11,40,14,1108.0,15512.0
2018-06-10,201806106204765,MLBBL,32,34,80,1011.0,80880.0
2018-06-10,201806106204554,MLBBL,29,34,200,1011.0,202200.0
2018-06-10,201806106204504,MMFDB,34,17,13,1715.0,22295.0
2018-06-10,201806106204503,MMFDB,39,17,10,1715.0,17150.0
2018-06-10,201806106204819,MNBBL,32,37,288,386.0,111168.0
2018-06-10,201806106204560,MNBBL,10,56,266,384.0,102144.0
2018-06-10,201806106204501,MSLB,41,59,5,2600.0,13000.0
2018-06-10,201806106204424,MSMBS,39,29,69,710.0,48990.0
2018-06-10,201806106204421,MSMBS,39,44,22,710.0,15620.0
2018-06-10,201806106204418,MSMBS,57,44,22,710.0,15620.0
2018-06-10,201806106204409,MSMBS,57,44,22,710.0,15620.0
2018-06-10,201806106204361,NABIL,57,40,35,950.0,33250.0
2018-06-10,201806106204360,NABIL,17,40,25,950.0,23750.0
2018-06-10,201806106204359,NABIL,17,40,30,950.0,28500.0
2018-06-10,201806106204358,NABIL,32,40,500,951.0,475500.0
2018-06-10,201806106204782,NBB,32,56,332,215.0,71380.0
2018-06-10,201806106204779,NBB,32,50,168,214.0,35952.0
2018-06-10,201806106204643,NBB,51,42,534,210.0,112140.0
2018-06-10,201806106204620,NBB,43,7,267,214.0,57138.0
2018-06-10,201806106204609,NBB,33,56,1000,211.0,211000.0
2018-06-10,201806106204608,NBB,22,56,500,211.0,105500.0
2018-06-10,201806106204587,NBB,39,56,300,217.0,65100.0
2018-06-10,201806106204583,NBB,49,49,1209,214.0,258726.0
2018-06-10,201806106204593,NBB,53,56,100,215.0,21500.0
2018-06-10,201806106204592,NBB,57,56,500,215.0,107500.0
2018-06-10,201806106204591,NBB,32,56,200,215.0,43000.0
2018-06-10,201806106204590,NBB,57,56,200,216.0,43200.0
2018-06-10,201806106204589,NBB,32,56,500,216.0,108000.0
2018-06-10,201806106204588,NBB,1,56,239,216.0,51624.0
2018-06-10,201806106204599,NBB,32,56,200,214.0,42800.0
2018-06-10,201806106204598,NBB,11,56,30,214.0,6420.0
2018-06-10,201806106204597,NBB,51,56,1000,214.0,214000.0
2018-06-10,201806106204596,NBB,25,56,200,214.0,42800.0
2018-06-10,201806106204595,NBB,53,56,30,214.0,6420.0
2018-06-10,201806106204594,NBB,53,56,30,214.0,6420.0
2018-06-10,201806106204607,NBB,50,56,500,211.0,105500.0
2018-06-10,201806106204604,NBB,47,56,50,212.0,10600.0
2018-06-10,201806106204603,NBB,47,56,1000,212.0,212000.0
2018-06-10,201806106204602,NBB,6,56,10,212.0,2120.0
2018-06-10,201806106204601,NBB,20,56,20,212.0,4240.0
2018-06-10,201806106204600,NBB,49,56,91,214.0,19474.0
2018-06-10,201806106204799,NBL,17,56,201,307.0,61707.0
2018-06-10,201806106204798,NBL,16,56,84,307.0,25788.0
2018-06-10,201806106204796,NBL,22,56,500,308.0,154000.0
2018-06-10,201806106204795,NBL,17,56,1000,308.0,308000.0
2018-06-10,201806106204794,NBL,57,56,428,308.0,131824.0
2018-06-10,201806106204793,NBL,57,56,10,308.0,3080.0
2018-06-10,201806106204792,NBL,25,56,100,309.0,30900.0
2018-06-10,201806106204791,NBL,17,56,500,309.0,154500.0
2018-06-10,201806106204790,NBL,39,56,298,309.0,92082.0
2018-06-10,201806106204391,NBL,14,39,652,310.0,202120.0
2018-06-10,201806106204390,NBL,14,6,72,310.0,22320.0
2018-06-10,201806106204449,NCCB,51,49,51,249.0,12699.0
2018-06-10,201806106204448,NCCB,51,49,20,249.0,4980.0
2018-06-10,201806106204447,NCCB,43,49,29,250.0,7250.0
2018-06-10,201806106204718,NEF,22,22,1127,8.4,9466.8
2018-06-10,201806106204698,NEF,22,22,1127,8.55,9635.85
2018-06-10,201806106204694,NEF,42,22,1127,8.7,9804.9
2018-06-10,201806106204614,NGPL,51,34,11,178.0,1958.0
2018-06-10,201806106204574,NGPL,45,22,11,179.0,1969.0
2018-06-10,201806106204382,NGPL,51,22,11,178.0,1958.0
2018-06-10,201806106204633,NHDL,41,22,10,164.0,1640.0
2018-06-10,201806106204632,NHDL,41,22,10,164.0,1640.0
2018-06-10,201806106204800,NHPC,38,47,50,88.0,4400.0
2018-06-10,201806106204671,NHPC,38,8,200,87.0,17400.0
2018-06-10,201806106204670,NHPC,38,13,475,87.0,41325.0
2018-06-10,201806106204848,NIB,56,16,10,628.0,6280.0
2018-06-10,201806106204833,NIB,21,21,3,614.0,1842.0
2018-06-10,201806106204818,NIB,21,21,3,614.0,1842.0
2018-06-10,201806106204813,NIB,6,56,15,626.0,9390.0
2018-06-10,201806106204809,NIB,21,21,3,614.0,1842.0
2018-06-10,201806106204787,NIB,21,21,3,614.0,1842.0
2018-06-10,201806106204373,NIB,32,28,23,627.0,14421.0
2018-06-10,201806106204364,NIB,32,49,14,627.0,8778.0
2018-06-10,201806106204363,NIB,19,49,13,628.0,8164.0
2018-06-10,201806106204362,NIB,8,49,10,629.0,6290.0
2018-06-10,201806106204659,NIB,7,25,13,627.0,8151.0
2018-06-10,201806106204533,NIB,32,42,13,627.0,8151.0
2018-06-10,201806106204487,NIB,54,32,37,627.0,23199.0
2018-06-10,201806106204479,NIB,7,32,37,627.0,23199.0
2018-06-10,201806106204457,NIB,17,49,72,626.0,45072.0
2018-06-10,201806106204445,NIB,32,16,23,627.0,14421.0
2018-06-10,201806106204783,NIB,6,36,178,626.0,111428.0
2018-06-10,201806106204757,NIB,17,13,928,626.0,580928.0
2018-06-10,201806106204662,NIB,26,25,23,627.0,14421.0
2018-06-10,201806106204661,NIB,39,25,50,627.0,31350.0
2018-06-10,201806106204660,NIB,54,25,13,627.0,8151.0
2018-06-10,201806106204821,NIBLPF,13,19,960,8.62,8275.2
2018-06-10,201806106204850,NICA,44,41,67,322.0,21574.0
2018-06-10,201806106204773,NICA,44,17,172,322.0,55384.0
2018-06-10,201806106204764,NICGF,11,47,500,9.13,4565.0
2018-06-10,201806106204618,NICL,58,17,100,670.0,67000.0
2018-06-10,201806106204497,NICL,38,59,50,662.0,33100.0
2018-06-10,201806106204496,NICL,1,59,50,665.0,33250.0
2018-06-10,201806106204495,NICL,25,59,50,666.0,33300.0
2018-06-10,201806106204826,NIL,1,50,604,565.0,341260.0
2018-06-10,201806106204825,NIL,39,50,100,565.0,56500.0
2018-06-10,201806106204665,NIL,16,37,200,565.0,113000.0
2018-06-10,201806106204664,NIL,32,37,470,565.0,265550.0
2018-06-10,201806106204663,NIL,35,37,100,566.0,56600.0
2018-06-10,201806106204573,NIL,32,29,30,565.0,16950.0
2018-06-10,201806106204566,NIL,25,29,100,566.0,56600.0
2018-06-10,201806106204565,NIL,13,29,20,566.0,11320.0
2018-06-10,201806106204564,NIL,51,29,50,566.0,28300.0
2018-06-10,201806106204398,NIL,1,41,50,570.0,28500.0
2018-06-10,201806106204797,NLBBL,28,48,12,688.0,8256.0
2018-06-10,201806106204830,NLIC,19,16,50,1040.0,52000.0
2018-06-10,201806106204820,NLIC,36,43,17,1042.0,17714.0
2018-06-10,201806106204776,NLIC,38,38,17,1040.0,17680.0
2018-06-10,201806106204485,NLIC,52,54,74,1037.0,76738.0
2018-06-10,201806106204484,NLIC,39,54,100,1038.0,103800.0
2018-06-10,201806106204451,NLIC,19,16,17,1038.0,17646.0
2018-06-10,201806106204775,NMB,44,50,450,369.0,166050.0
2018-06-10,201806106204780,NMBHF1,25,47,10000,9.52,95200.0
2018-06-10,201806106204803,PCBL,19,34,100,298.0,29800.0
2018-06-10,201806106204789,PCBL,6,44,1000,298.0,298000.0
2018-06-10,201806106204640,PCBL,46,44,500,299.0,149500.0
2018-06-10,201806106204535,PCBL,53,44,500,299.0,149500.0
2018-06-10,201806106204500,PCBL,28,49,170,300.0,51000.0
2018-06-10,201806106204569,PFL,39,53,575,134.0,77050.0
2018-06-10,201806106204425,PFL,42,22,35,134.0,4690.0
2018-06-10,201806106204805,PIC,29,29,11,1201.0,13211.0
2018-06-10,201806106204788,PIC,29,29,11,1201.0,13211.0
2018-06-10,201806106204778,PIC,28,10,11,1200.0,13200.0
2018-06-10,201806106204749,PIC,29,29,11,1198.0,13178.0
2018-06-10,201806106204740,PIC,29,57,11,1198.0,13178.0
2018-06-10,201806106204728,PIC,29,29,11,1198.0,13178.0
2018-06-10,201806106204562,PIC,11,38,11,1201.0,13211.0
2018-06-10,201806106204467,PIC,19,54,133,1205.0,160265.0
2018-06-10,201806106204454,PIC,14,41,11,1205.0,13255.0
2018-06-10,201806106204397,PIC,38,36,1,1190.0,1190.0
2018-06-10,201806106204395,PIC,38,38,1,1190.0,1190.0
2018-06-10,201806106204386,PIC,38,38,1,1190.0,1190.0
2018-06-10,201806106204707,PIC,29,29,11,1198.0,13178.0
2018-06-10,201806106204696,PIC,29,29,11,1198.0,13178.0
2018-06-10,201806106204631,PIC,19,47,11,1200.0,13200.0
2018-06-10,201806106204617,PIC,19,49,11,1200.0,13200.0
2018-06-10,201806106204584,PIC,39,49,11,1200.0,13200.0
2018-06-10,201806106204576,PIC,39,49,11,1200.0,13200.0
2018-06-10,201806106204755,PICL,58,50,500,800.0,400000.0
2018-06-10,201806106204738,PICL,29,10,200,805.0,161000.0
2018-06-10,201806106204737,PICL,3,10,100,805.0,80500.0
2018-06-10,201806106204427,PICL,28,28,1,796.0,796.0
2018-06-10,201806106204384,PICL,28,16,1,810.0,810.0
2018-06-10,201806106204622,PLIC,25,7,50,630.0,31500.0
2018-06-10,201806106204669,PRIN,59,7,50,520.0,26000.0
2018-06-10,201806106204668,PRIN,29,7,100,520.0,52000.0
2018-06-10,201806106204667,PRIN,16,7,150,520.0,78000.0
2018-06-10,201806106204374,PRIN,16,36,50,520.0,26000.0
2018-06-10,201806106204856,PRVU,48,25,50,200.0,10000.0
2018-06-10,201806106204855,PRVU,59,25,80,200.0,16000.0
2018-06-10,201806106204630,PRVU,59,52,420,200.0,84000.0
2018-06-10,201806106204542,PRVU,36,21,46,199.0,9154.0
2018-06-10,201806106204471,PRVU,36,49,28,199.0,5572.0
2018-06-10,201806106204369,PRVU,38,38,5,200.0,1000.0
2018-06-10,201806106204706,RADHI,26,52,10,227.0,2270.0
2018-06-10,201806106204702,RADHI,26,11,10,228.0,2280.0
2018-06-10,201806106204701,RADHI,26,11,10,228.0,2280.0
2018-06-10,201806106204700,RADHI,26,11,10,228.0,2280.0
2018-06-10,201806106204699,RADHI,26,50,200,228.0,45600.0
2018-06-10,201806106204635,RADHI,28,43,10,226.0,2260.0
2018-06-10,201806106204581,RADHI,28,22,10,226.0,2260.0
2018-06-10,201806106204431,RADHI,28,22,10,226.0,2260.0
2018-06-10,201806106204823,RBCL,58,57,37,11110.0,411070.0
2018-06-10,201806106204822,RBCL,39,57,10,11111.0,111110.0
2018-06-10,201806106204854,RBCLPO,45,8,10,10500.0,105000.0
2018-06-10,201806106204853,RBCLPO,41,28,10,10400.0,104000.0
2018-06-10,201806106204751,RMDC,37,21,50,660.0,33000.0
2018-06-10,201806106204838,RSDC,53,1,250,550.0,137500.0
2018-06-10,201806106204837,RSDC,5,1,100,550.0,55000.0
2018-06-10,201806106204836,RSDC,25,1,50,551.0,27550.0
2018-06-10,201806106204835,RSDC,32,1,50,552.0,27600.0
2018-06-10,201806106204834,RSDC,32,1,100,552.0,55200.0
2018-06-10,201806106204759,RSDC,54,17,13,558.0,7254.0
2018-06-10,201806106204758,RSDC,49,17,10,558.0,5580.0
2018-06-10,201806106204466,RSDC,54,16,35,558.0,19530.0
2018-06-10,201806106204476,SADBL,49,13,100,163.0,16300.0
2018-06-10,201806106204748,SANIMA,17,57,1074,330.0,354420.0
2018-06-10,201806106204747,SANIMA,57,57,2000,330.0,660000.0
2018-06-10,201806106204746,SANIMA,19,57,100,330.0,33000.0
2018-06-10,201806106204745,SANIMA,37,57,200,330.0,66000.0
2018-06-10,201806106204744,SANIMA,47,57,500,330.0,165000.0
2018-06-10,201806106204743,SANIMA,19,57,740,331.0,244940.0
2018-06-10,201806106204742,SANIMA,45,57,300,331.0,99300.0
2018-06-10,201806106204741,SANIMA,14,57,86,331.0,28466.0
2018-06-10,201806106204710,SANIMA,14,49,75,331.0,24825.0
2018-06-10,201806106204578,SANIMA,46,49,665,332.0,220780.0
2018-06-10,201806106204552,SANIMA,49,49,2927,330.0,965910.0
2018-06-10,201806106204784,SBBLJ,41,32,50,201.0,10050.0
2018-06-10,201806106204816,SBI,51,38,80,501.0,40080.0
2018-06-10,201806106204815,SBI,1,38,301,501.0,150801.0
2018-06-10,201806106204814,SBI,39,38,166,502.0,83332.0
2018-06-10,201806106204511,SBI,21,38,20,505.0,10100.0
2018-06-10,201806106204450,SBI,39,43,34,502.0,17068.0
2018-06-10,201806106204709,SBL,29,16,271,312.0,84552.0
2018-06-10,201806106204459,SBL,28,44,1000,313.0,313000.0
2018-06-10,201806106204846,SCB,35,49,12,766.0,9192.0
2018-06-10,201806106204845,SCB,22,49,10,766.0,7660.0
2018-06-10,201806106204753,SCB,35,57,58,765.0,44370.0
2018-06-10,201806106204708,SCB,51,49,20,770.0,15400.0
2018-06-10,201806106204650,SCB,8,49,30,770.0,23100.0
2018-06-10,201806106204649,SCB,8,22,20,769.0,15380.0
2018-06-10,201806106204411,SCB,45,6,10,768.0,7680.0
2018-06-10,201806106204417,SCB,45,40,20,768.0,15360.0
2018-06-10,201806106204416,SCB,45,40,20,768.0,15360.0
2018-06-10,201806106204415,SCB,45,40,20,768.0,15360.0
2018-06-10,201806106204414,SCB,45,40,20,768.0,15360.0
2018-06-10,201806106204413,SCB,45,40,20,768.0,15360.0
2018-06-10,201806106204412,SCB,45,40,20,768.0,15360.0
2018-06-10,201806106204624,SCB,22,16,20,766.0,15320.0
2018-06-10,201806106204478,SCB,11,49,30,770.0,23100.0
2018-06-10,201806106204456,SCB,40,40,20,768.0,15360.0
2018-06-10,201806106204455,SCB,6,16,20,765.0,15300.0
2018-06-10,201806106204429,SCB,40,17,120,769.0,92280.0
2018-06-10,201806106204428,SCB,40,40,20,768.0,15360.0
2018-06-10,201806106204658,SDESI,38,38,11,1717.0,18887.0
2018-06-10,201806106204568,SDESI,45,57,158,1708.0,269864.0
2018-06-10,201806106204567,SDESI,45,57,100,1710.0,171000.0
2018-06-10,201806106204486,SDESI,40,40,13,1710.0,22230.0
2018-06-10,201806106204426,SDESI,6,34,98,1706.0,167188.0
2018-06-10,201806106204394,SDESI,45,44,13,1705.0,22165.0
2018-06-10,201806106204392,SDESI,29,44,13,1710.0,22230.0
2018-06-10,201806106204388,SDESI,29,44,13,1710.0,22230.0
2018-06-10,201806106204605,SHINE,34,21,10,285.0,2850.0
2018-06-10,201806106204580,SICL,56,54,15,983.0,14745.0
2018-06-10,201806106204579,SICL,21,54,42,983.0,41286.0
2018-06-10,201806106204444,SICL,56,32,59,985.0,58115.0
2018-06-10,201806106204849,SIFC,42,58,20,225.0,4500.0
2018-06-10,201806106204804,SIL,50,53,40,700.0,28000.0
2018-06-10,201806106204366,SIL,32,40,500,700.0,350000.0
2018-06-10,201806106204829,SKBBL,55,38,41,1178.0,48298.0
2018-06-10,201806106204808,SKBBL,10,14,1000,1180.0,1180000.0
2018-06-10,201806106204807,SKBBL,41,14,50,1180.0,59000.0
2018-06-10,201806106204756,SKBBL,10,14,500,1181.0,590500.0
2018-06-10,201806106204529,SKBBL,41,14,50,1180.0,59000.0
2018-06-10,201806106204528,SKBBL,54,14,100,1180.0,118000.0
2018-06-10,201806106204516,SKBBL,21,14,50,1187.0,59350.0
2018-06-10,201806106204515,SKBBL,38,14,100,1188.0,118800.0
2018-06-10,201806106204514,SKBBL,19,14,50,1188.0,59400.0
2018-06-10,201806106204513,SKBBL,51,14,20,1188.0,23760.0
2018-06-10,201806106204512,SKBBL,17,14,10,1189.0,11890.0
2018-06-10,201806106204527,SKBBL,14,14,150,1180.0,177000.0
2018-06-10,201806106204521,SKBBL,57,14,510,1181.0,602310.0
2018-06-10,201806106204520,SKBBL,21,14,50,1181.0,59050.0
2018-06-10,201806106204519,SKBBL,21,14,30,1185.0,35550.0
2018-06-10,201806106204518,SKBBL,42,14,20,1187.0,23740.0
2018-06-10,201806106204517,SKBBL,11,14,100,1187.0,118700.0
2018-06-10,201806106204812,SLBBL,45,45,44,1695.0,74580.0
2018-06-10,201806106204460,SLBS,28,16,10,1542.0,15420.0
2018-06-10,201806106204763,SLICL,34,57,90,666.0,59940.0
2018-06-10,201806106204762,SLICL,58,57,100,667.0,66700.0
2018-06-10,201806106204761,SLICL,22,57,10,667.0,6670.0
2018-06-10,201806106204586,SPDL,39,22,10,130.0,1300.0
2018-06-10,201806106204435,SPDL,39,22,10,130.0,1300.0
2018-06-10,201806106204572,SRBL,52,50,130,227.0,29510.0
2018-06-10,201806106204750,UIC,58,39,10,971.0,9710.0
2018-06-10,201806106204719,UIC,22,26,100,971.0,97100.0
2018-06-10,201806106204433,VLBS,41,32,12,800.0,9600.0
2018-06-10,201806106204432,VLBS,41,32,12,800.0,9600.0
2018-06-10,201806106204786,WOMI,21,42,20,1420.0,28400.0
2018-06-10,201806106206351,ADBL,19,21,87,317.0,27579.0
2018-06-10,201806106206175,ADBL,13,37,128,318.0,40704.0
2018-06-10,201806106206174,ADBL,34,37,50,318.0,15900.0
2018-06-10,201806106206136,ADBL,34,7,150,318.0,47700.0
2018-06-10,201806106206046,ADBL,53,51,30,319.0,9570.0
2018-06-10,201806106205972,ADBL,32,32,78,319.0,24882.0
2018-06-10,201806106205944,ADBL,14,14,3,316.0,948.0
2018-06-10,201806106206170,AHPC,21,22,10,168.0,1680.0
2018-06-10,201806106206134,API,21,21,17,288.0,4896.0
2018-06-10,201806106206261,BARUN,58,43,10,152.0,1520.0
2018-06-10,201806106206260,BARUN,58,17,10,152.0,1520.0
2018-06-10,201806106206297,BOKL,25,22,100,305.0,30500.0
2018-06-10,201806106206296,BOKL,40,22,164,305.0,50020.0
2018-06-10,201806106206277,BOKL,40,22,200,305.0,61000.0
2018-06-10,201806106206255,BOKL,40,22,136,305.0,41480.0
2018-06-10,201806106205917,BOKL,49,21,128,306.0,39168.0
2018-06-10,201806106206254,BOKL,58,22,1208,305.0,368440.0
2018-06-10,201806106206253,BOKL,49,22,156,306.0,47736.0
2018-06-10,201806106206207,BOKL,49,32,216,306.0,66096.0
2018-06-10,201806106206257,BPCL,58,29,50,444.0,22200.0
2018-06-10,201806106206051,BPCL,39,40,20,445.0,8900.0
2018-06-10,201806106206028,BPCL,39,40,20,445.0,8900.0
2018-06-10,201806106205891,BPCL,4,33,200,443.0,88600.0
2018-06-10,201806106205950,BPCL,58,40,20,445.0,8900.0
2018-06-10,201806106205949,BPCL,58,40,20,445.0,8900.0
2018-06-10,201806106205948,BPCL,58,40,20,445.0,8900.0
2018-06-10,201806106205903,BPCL,58,58,20,444.0,8880.0
2018-06-10,201806106205902,BPCL,58,58,20,444.0,8880.0
2018-06-10,201806106205901,BPCL,58,58,20,444.0,8880.0
2018-06-10,201806106205994,BPCL,58,58,20,444.0,8880.0
2018-06-10,201806106205979,BPCL,58,4,10,445.0,4450.0
2018-06-10,201806106205978,BPCL,58,40,20,445.0,8900.0
2018-06-10,201806106205977,BPCL,58,40,20,445.0,8900.0
2018-06-10,201806106205976,BPCL,58,40,20,445.0,8900.0
2018-06-10,201806106205975,BPCL,58,40,20,445.0,8900.0
2018-06-10,201806106206016,BPCL,39,40,20,445.0,8900.0
2018-06-10,201806106206015,BPCL,39,40,20,445.0,8900.0
2018-06-10,201806106206014,BPCL,39,40,20,445.0,8900.0
2018-06-10,201806106206004,BPCL,58,58,20,444.0,8880.0
2018-06-10,201806106205998,BPCL,58,58,20,444.0,8880.0
2018-06-10,201806106205995,BPCL,58,36,20,444.0,8880.0
2018-06-10,201806106206327,CBBL,11,28,100,920.0,92000.0
2018-06-10,201806106206353,CBL,26,49,2624,153.0,401472.0
2018-06-10,201806106206352,CBL,58,49,992,153.0,151776.0
2018-06-10,201806106206092,CBL,42,42,4180,152.0,635360.0
2018-06-10,201806106206085,CBL,58,33,208,153.0,31824.0
2018-06-10,201806106206082,CBL,45,33,500,153.0,76500.0
2018-06-10,201806106206079,CBL,17,33,400,153.0,61200.0
2018-06-10,201806106205887,CBL,29,33,100,152.0,15200.0
2018-06-10,201806106205886,CBL,58,33,242,152.0,36784.0
2018-06-10,201806106205885,CBL,25,33,71,152.0,10792.0
2018-06-10,201806106206068,CBL,42,42,10000,152.0,1520000.0
2018-06-10,201806106206044,CBL,58,59,146,152.0,22192.0
2018-06-10,201806106206039,CBL,59,33,146,153.0,22338.0
2018-06-10,201806106205911,CBL,58,8,826,152.0,125552.0
2018-06-10,201806106205889,CBL,34,33,200,152.0,30400.0
2018-06-10,201806106205888,CBL,58,33,1000,152.0,152000.0
2018-06-10,201806106206332,CCBL,50,51,224,170.0,38080.0
2018-06-10,201806106206281,CCBL,50,6,122,170.0,20740.0
2018-06-10,201806106206171,CCBL,49,6,50,170.0,8500.0
2018-06-10,201806106206035,CCBL,49,8,72,169.0,12168.0
2018-06-10,201806106206034,CCBL,49,8,42,169.0,7098.0
2018-06-10,201806106205954,CCBL,49,17,196,169.0,33124.0
2018-06-10,201806106206252,CHCL,16,58,10,775.0,7750.0
2018-06-10,201806106206075,CHCL,59,14,22,768.0,16896.0
2018-06-10,201806106206074,CHCL,17,14,100,769.0,76900.0
2018-06-10,201806106206073,CHCL,13,14,43,769.0,33067.0
2018-06-10,201806106205957,CHCL,13,36,57,769.0,43833.0
2018-06-10,201806106206310,CIT,25,25,15,2510.0,37650.0
2018-06-10,201806106206273,CIT,48,25,20,2507.0,50140.0
2018-06-10,201806106206272,CIT,5,25,10,2509.0,25090.0
2018-06-10,201806106206271,CIT,29,25,20,2510.0,50200.0
2018-06-10,201806106206270,CIT,43,25,10,2511.0,25110.0
2018-06-10,201806106206269,CIT,43,25,10,2511.0,25110.0
2018-06-10,201806106206268,CIT,55,25,25,2515.0,62875.0
2018-06-10,201806106206135,CZBIL,57,17,100,247.0,24700.0
2018-06-10,201806106205999,CZBIL,57,57,69,245.0,16905.0
2018-06-10,201806106205943,CZBIL,26,26,595,246.0,146370.0
2018-06-10,201806106206350,DBBL,4,43,28,134.0,3752.0
2018-06-10,201806106206025,DBBL,49,44,50,133.0,6650.0
2018-06-10,201806106206024,DBBL,58,44,2000,133.0,266000.0
2018-06-10,201806106206023,DBBL,35,44,500,134.0,67000.0
2018-06-10,201806106206022,DBBL,26,44,50,134.0,6700.0
2018-06-10,201806106206021,DBBL,28,44,700,134.0,93800.0
2018-06-10,201806106206020,DBBL,39,44,500,134.0,67000.0
2018-06-10,201806106206019,DBBL,34,44,200,134.0,26800.0
2018-06-10,201806106206018,DBBL,40,44,199,134.0,26666.0
2018-06-10,201806106206017,DBBL,46,44,169,134.0,22646.0
2018-06-10,201806106206000,DBBL,42,1,50,135.0,6750.0
2018-06-10,201806106206116,DDBL,17,14,545,765.0,416925.0
2018-06-10,201806106206077,DDBL,6,11,32,761.0,24352.0
2018-06-10,201806106205870,DDBL,5,57,80,761.0,60880.0
2018-06-10,201806106205869,DDBL,6,57,500,761.0,380500.0
2018-06-10,201806106205868,DDBL,51,57,100,761.0,76100.0
2018-06-10,201806106205867,DDBL,33,57,200,762.0,152400.0
2018-06-10,201806106205866,DDBL,25,57,100,762.0,76200.0
2018-06-10,201806106205865,DDBL,17,57,20,764.0,15280.0
2018-06-10,201806106206347,EBL,36,13,250,685.0,171250.0
2018-06-10,201806106206344,EBL,51,28,51,685.0,34935.0
2018-06-10,201806106206259,EBL,36,20,137,684.0,93708.0
2018-06-10,201806106206258,EBL,36,25,500,684.0,342000.0
2018-06-10,201806106205920,EBL,42,28,30,685.0,20550.0
2018-06-10,201806106206157,EDBL,16,32,50,318.0,15900.0
2018-06-10,201806106206156,EDBL,4,32,20,318.0,6360.0
2018-06-10,201806106206155,EDBL,56,32,100,319.0,31900.0
2018-06-10,201806106206154,EDBL,4,32,12,321.0,3852.0
2018-06-10,201806106206090,EIC,28,20,10,1400.0,14000.0
2018-06-10,201806106206084,EIC,57,20,19,1408.0,26752.0
2018-06-10,201806106206083,EIC,39,20,15,1408.0,21120.0
2018-06-10,201806106206251,FMDBL,33,33,96,555.0,53280.0
2018-06-10,201806106206033,FMDBL,43,53,100,557.0,55700.0
2018-06-10,201806106206032,FMDBL,43,33,100,557.0,55700.0
2018-06-10,201806106205997,FMDBL,19,19,100,556.0,55600.0
2018-06-10,201806106205996,FMDBL,50,19,100,556.0,55600.0
2018-06-10,201806106205952,FMDBL,42,33,100,557.0,55700.0
2018-06-10,201806106205951,FMDBL,48,33,100,558.0,55800.0
2018-06-10,201806106206223,GBBL,29,10,29,177.0,5133.0
2018-06-10,201806106205987,GBBL,29,17,205,177.0,36285.0
2018-06-10,201806106205986,GBBL,47,17,200,177.0,35400.0
2018-06-10,201806106205985,GBBL,49,17,200,178.0,35600.0
2018-06-10,201806106205984,GBBL,4,17,100,178.0,17800.0
2018-06-10,201806106205983,GBBL,25,17,300,178.0,53400.0
2018-06-10,201806106205982,GBBL,53,17,30,178.0,5340.0
2018-06-10,201806106206086,GBIME,59,28,56,298.0,16688.0
2018-06-10,201806106206069,GBIME,51,59,56,296.0,16576.0
2018-06-10,201806106206131,GBLBS,20,57,10,572.0,5720.0
2018-06-10,201806106205974,GBLBS,20,20,10,572.0,5720.0
2018-06-10,201806106205970,GBLBS,20,20,10,572.0,5720.0
2018-06-10,201806106205966,GBLBS,28,35,10,583.0,5830.0
2018-06-10,201806106205965,GBLBS,28,42,10,581.0,5810.0
2018-06-10,201806106205964,GBLBS,28,17,10,580.0,5800.0
2018-06-10,201806106206336,GDBL,17,37,27,200.0,5400.0
2018-06-10,201806106206335,GDBL,55,37,15,200.0,3000.0
2018-06-10,201806106206333,GDBL,25,37,58,201.0,11658.0
2018-06-10,201806106206229,GFCL,25,42,133,119.0,15827.0
2018-06-10,201806106206228,GFCL,11,42,50,121.0,6050.0
2018-06-10,201806106205968,GIMES1,59,8,2500,8.5,21250.0
2018-06-10,201806106206211,GLICL,16,20,200,903.0,180600.0
2018-06-10,201806106206210,GLICL,26,20,300,905.0,271500.0
2018-06-10,201806106205910,GUFL,58,17,18,110.0,1980.0
2018-06-10,201806106205919,HAMRO,50,58,200,134.0,26800.0
2018-06-10,201806106206219,HATH,22,22,140,136.0,19040.0
2018-06-10,201806106205956,HATH,22,6,60,136.0,8160.0
2018-06-10,201806106206097,HDL,28,20,10,1256.0,12560.0
2018-06-10,201806106206096,HDL,20,20,20,1257.0,25140.0
2018-06-10,201806106206095,HDL,42,20,60,1270.0,76200.0
2018-06-10,201806106206081,HDL,42,55,20,1280.0,25600.0
2018-06-10,201806106206080,HDL,45,55,10,1281.0,12810.0
2018-06-10,201806106205900,HDL,45,45,20,1281.0,25620.0
2018-06-10,201806106206342,HGI,57,28,80,456.0,36480.0
2018-06-10,201806106206341,HGI,29,28,10,460.0,4600.0
2018-06-10,201806106206340,HGI,53,28,30,460.0,13800.0
2018-06-10,201806106206339,HGI,10,28,20,461.0,9220.0
2018-06-10,201806106206338,HGI,51,28,50,461.0,23050.0
2018-06-10,201806106206337,HGI,29,28,10,461.0,4610.0
2018-06-10,201806106206356,HIDCL,58,58,145,158.0,22910.0
2018-06-10,201806106206276,HIDCL,28,10,56,157.0,8792.0
2018-06-10,201806106206163,HIDCL,28,48,56,157.0,8792.0
2018-06-10,201806106206065,HIDCL,58,58,289,158.0,45662.0
2018-06-10,201806106206042,HIDCL,58,58,145,158.0,22910.0
2018-06-10,201806106205962,HPPL,42,17,10,300.0,3000.0
2018-06-10,201806106205915,HPPL,42,17,10,300.0,3000.0
2018-06-10,201806106205931,ICFC,47,28,39,173.0,6747.0
2018-06-10,201806106205930,ICFC,26,28,30,175.0,5250.0
2018-06-10,201806106206006,JBBL,58,19,800,140.0,112000.0
2018-06-10,201806106205980,JBBL,32,32,78,141.0,10998.0
2018-06-10,201806106206364,JBNL,19,22,100,159.0,15900.0
2018-06-10,201806106206027,JBNL,36,32,497,158.0,78526.0
2018-06-10,201806106205953,JSLBB,22,22,12,2981.0,35772.0
2018-06-10,201806106206193,KBBL,58,28,357,226.0,80682.0
2018-06-10,201806106206192,KBBL,28,28,300,227.0,68100.0
2018-06-10,201806106205963,KBBL,20,6,14,230.0,3220.0
2018-06-10,201806106206045,KBL,6,42,40,212.0,8480.0
2018-06-10,201806106205940,KBL,29,35,82,213.0,17466.0
2018-06-10,201806106206118,KMFL,28,22,10,1659.0,16590.0
2018-06-10,201806106206117,KMFL,7,22,10,1659.0,16590.0
2018-06-10,201806106206279,KNBL,59,26,26,129.0,3354.0
2018-06-10,201806106206231,KSBBL,58,10,27,154.0,4158.0
2018-06-10,201806106206119,KSBBL,58,22,600,155.0,93000.0
2018-06-10,201806106206064,KSBBL,58,20,677,154.0,104258.0
2018-06-10,201806106206063,KSBBL,52,20,200,154.0,30800.0
2018-06-10,201806106206062,KSBBL,58,20,123,154.0,18942.0
2018-06-10,201806106206230,LBBL,58,22,80,149.0,11920.0
2018-06-10,201806106205908,LBBL,58,28,500,149.0,74500.0
2018-06-10,201806106206168,LBL,39,29,60,253.0,15180.0
2018-06-10,201806106206278,LGIL,32,33,349,562.0,196138.0
2018-06-10,201806106206263,LGIL,35,11,73,560.0,40880.0
2018-06-10,201806106206298,LLBS,13,42,10,1152.0,11520.0
2018-06-10,201806106206191,LLBS,5,42,50,1152.0,57600.0
2018-06-10,201806106206190,LLBS,37,42,20,1155.0,23100.0
2018-06-10,201806106206189,LLBS,29,42,20,1155.0,23100.0
2018-06-10,201806106206306,MBL,6,1,68,214.0,14552.0
2018-06-10,201806106206305,MBL,14,1,500,214.0,107000.0
2018-06-10,201806106206304,MBL,26,1,291,214.0,62274.0
2018-06-10,201806106206303,MBL,7,1,50,215.0,10750.0
2018-06-10,201806106206302,MBL,42,1,50,215.0,10750.0
2018-06-10,201806106206301,MBL,57,1,31,215.0,6665.0
2018-06-10,201806106206280,MBL,16,1,10,216.0,2160.0
2018-06-10,201806106205933,MBL,26,11,209,214.0,44726.0
2018-06-10,201806106206093,MDB,56,11,200,284.0,56800.0
2018-06-10,201806106206348,MEGA,11,42,48,174.0,8352.0
2018-06-10,201806106206318,MEGA,17,51,25,175.0,4375.0
2018-06-10,201806106206224,MEGA,11,49,394,174.0,68556.0
2018-06-10,201806106206169,MEGA,11,48,60,174.0,10440.0
2018-06-10,201806106206153,MEGA,11,43,21,174.0,3654.0
2018-06-10,201806106206151,MEGA,11,25,170,174.0,29580.0
2018-06-10,201806106206012,MEGA,11,45,99,174.0,17226.0
2018-06-10,201806106206150,MEGA,58,51,31,175.0,5425.0
2018-06-10,201806106206143,MEGA,42,51,20,175.0,3500.0
2018-06-10,201806106206115,MEGA,11,38,200,174.0,34800.0
2018-06-10,201806106206099,MEGA,11,20,60,174.0,10440.0
2018-06-10,201806106206091,MEGA,11,59,180,174.0,31320.0
2018-06-10,201806106206013,MEGA,11,38,1000,174.0,174000.0
2018-06-10,201806106205898,MERO,39,28,50,1100.0,55000.0
2018-06-10,201806106206114,MLBBL,39,43,50,1000.0,50000.0
2018-06-10,201806106205946,MLBBL,10,6,25,1001.0,25025.0
2018-06-10,201806106205945,MLBBL,51,6,10,1005.0,10050.0
2018-06-10,201806106206140,MMFDB,41,52,200,1681.0,336200.0
2018-06-10,201806106206139,MMFDB,10,52,20,1685.0,33700.0
2018-06-10,201806106206078,MMFDB,45,41,300,1690.0,507000.0
2018-06-10,201806106206072,MMFDB,22,41,10,1700.0,17000.0
2018-06-10,201806106206071,MMFDB,49,41,100,1700.0,170000.0
2018-06-10,201806106206070,MMFDB,34,41,30,1701.0,51030.0
2018-06-10,201806106206137,MNBBL,1,13,500,383.0,191500.0
2018-06-10,201806106206328,MSLB,41,26,5,2580.0,12900.0
2018-06-10,201806106206322,MSLB,41,26,5,2600.0,13000.0
2018-06-10,201806106206031,MSLB,45,13,5,2630.0,13150.0
2018-06-10,201806106206030,MSLB,45,45,15,2636.0,39540.0
2018-06-10,201806106205918,MSLB,11,17,15,2635.0,39525.0
2018-06-10,201806106205873,MSLB,11,17,15,2635.0,39525.0
2018-06-10,201806106206101,MSLB,48,11,40,2631.0,105240.0
2018-06-10,201806106206048,MSLB,11,13,5,2630.0,13150.0
2018-06-10,201806106206047,MSLB,11,1,15,2635.0,39525.0
2018-06-10,201806106206146,NABIL,42,36,20,946.0,18920.0
2018-06-10,201806106206098,NABIL,32,36,10,946.0,9460.0
2018-06-10,201806106205906,NABIL,34,34,10,947.0,9470.0
2018-06-10,201806106206331,NABILP,44,28,432,760.0,328320.0
2018-06-10,201806106206330,NABILP,51,28,50,761.0,38050.0
2018-06-10,201806106206325,NABILP,51,28,450,761.0,342450.0
2018-06-10,201806106206324,NABILP,6,28,616,762.0,469392.0
2018-06-10,201806106206317,NABILP,6,28,315,762.0,240030.0
2018-06-10,201806106206102,NABILP,6,20,69,762.0,52578.0
2018-06-10,201806106206050,NBB,59,34,120,210.0,25200.0
2018-06-10,201806106206049,NBB,44,34,140,210.0,29400.0
2018-06-10,201806106205905,NBB,29,17,70,212.0,14840.0
2018-06-10,201806106206138,NBBL,34,20,12,2545.0,30540.0
2018-06-10,201806106206132,NBBL,34,20,10,2545.0,25450.0
2018-06-10,201806106206361,NBL,28,51,122,311.0,37942.0
2018-06-10,201806106206226,NBL,28,1,200,311.0,62200.0
2018-06-10,201806106206041,NBL,35,40,500,310.0,155000.0
2018-06-10,201806106206267,NCCB,44,29,200,244.0,48800.0
2018-06-10,201806106206201,NCCB,7,10,16,245.0,3920.0
2018-06-10,201806106205947,NCCB,43,21,30,246.0,7380.0
2018-06-10,201806106205871,NGPL,17,43,11,180.0,1980.0
2018-06-10,201806106206176,NHDL,43,32,10,168.0,1680.0
2018-06-10,201806106206295,NIB,53,39,156,624.0,97344.0
2018-06-10,201806106206294,NIB,55,39,500,624.0,312000.0
2018-06-10,201806106206293,NIB,59,39,300,624.0,187200.0
2018-06-10,201806106206292,NIB,26,39,100,624.0,62400.0
2018-06-10,201806106206291,NIB,33,39,100,625.0,62500.0
2018-06-10,201806106206290,NIB,7,39,30,625.0,18750.0
2018-06-10,201806106205928,NIB,49,17,196,626.0,122696.0
2018-06-10,201806106205912,NIB,51,14,50,628.0,31400.0
2018-06-10,201806106205884,NIB,52,17,37,625.0,23125.0
2018-06-10,201806106206283,NIB,7,39,50,626.0,31300.0
2018-06-10,201806106206282,NIB,13,39,49,626.0,30674.0
2018-06-10,201806106206184,NIB,13,32,14,626.0,8764.0
2018-06-10,201806106206177,NIB,13,48,37,626.0,23162.0
2018-06-10,201806106206162,NIB,49,20,108,626.0,67608.0
2018-06-10,201806106205967,NIB,49,17,196,626.0,122696.0
2018-06-10,201806106206289,NIB,1,39,100,625.0,62500.0
2018-06-10,201806106206288,NIB,49,39,100,625.0,62500.0
2018-06-10,201806106206287,NIB,50,39,200,625.0,125000.0
2018-06-10,201806106206286,NIB,48,39,20,625.0,12500.0
2018-06-10,201806106206285,NIB,29,39,200,625.0,125000.0
2018-06-10,201806106206284,NIB,52,39,95,625.0,59375.0
2018-06-10,201806106206349,NIBPO,4,28,1000,562.0,562000.0
2018-06-10,201806106205981,NICA,44,14,280,322.0,90160.0
2018-06-10,201806106206235,NICL,6,29,150,661.0,99150.0
2018-06-10,201806106206234,NICL,6,29,50,661.0,33050.0
2018-06-10,201806106206233,NICL,39,29,100,661.0,66100.0
2018-06-10,201806106205932,NICL,43,56,20,661.0,13220.0
2018-06-10,201806106205927,NICL,39,56,200,661.0,132200.0
2018-06-10,201806106205926,NICL,5,56,100,662.0,66200.0
2018-06-10,201806106205893,NICL,13,56,400,663.0,265200.0
2018-06-10,201806106205892,NICL,58,56,30,665.0,19950.0
2018-06-10,201806106206222,NIL,58,17,150,560.0,84000.0
2018-06-10,201806106206221,NIL,53,17,250,560.0,140000.0
2018-06-10,201806106206218,NIL,51,17,200,561.0,112200.0
2018-06-10,201806106206217,NIL,36,17,240,561.0,134640.0
2018-06-10,201806106206216,NIL,55,17,300,562.0,168600.0
2018-06-10,201806106206215,NIL,43,17,10,562.0,5620.0
2018-06-10,201806106206056,NIL,13,17,30,565.0,16950.0
2018-06-10,201806106206055,NIL,39,17,100,565.0,56500.0
2018-06-10,201806106206054,NIL,25,17,100,566.0,56600.0
2018-06-10,201806106206053,NIL,38,17,50,567.0,28350.0
2018-06-10,201806106206052,NIL,11,17,200,568.0,113600.0
2018-06-10,201806106205955,NIL,10,11,200,570.0,114000.0
2018-06-10,201806106206214,NIL,51,17,250,563.0,140750.0
2018-06-10,201806106206213,NIL,42,17,80,563.0,45040.0
2018-06-10,201806106206212,NIL,42,17,20,564.0,11280.0
2018-06-10,201806106206059,NIL,42,17,420,563.0,236460.0
2018-06-10,201806106206058,NIL,43,17,100,565.0,56500.0
2018-06-10,201806106206057,NIL,32,17,500,565.0,282500.0
2018-06-10,201806106206309,NLBBL,17,36,200,673.0,134600.0
2018-06-10,201806106206308,NLBBL,17,36,60,675.0,40500.0
2018-06-10,201806106206265,NLBBL,17,16,40,675.0,27000.0
2018-06-10,201806106206264,NLBBL,46,16,50,676.0,33800.0
2018-06-10,201806106206183,NLBBL,46,20,100,676.0,67600.0
2018-06-10,201806106206182,NLBBL,19,20,100,677.0,67700.0
2018-06-10,201806106206314,NLG,41,55,20,912.0,18240.0
2018-06-10,201806106206313,NLG,8,55,40,912.0,36480.0
2018-06-10,201806106206208,NLG,11,20,20,920.0,18400.0
2018-06-10,201806106206363,NLIC,51,28,30,1035.0,31050.0
2018-06-10,201806106206362,NLIC,51,28,172,1035.0,178020.0
2018-06-10,201806106206239,NLIC,51,20,28,1035.0,28980.0
2018-06-10,201806106206238,NLIC,25,20,80,1035.0,82800.0
2018-06-10,201806106206237,NLIC,43,20,11,1035.0,11385.0
2018-06-10,201806106206236,NLIC,52,20,23,1036.0,23828.0
2018-06-10,201806106205872,NLIC,38,58,100,1041.0,104100.0
2018-06-10,201806106205990,NLIC,46,57,27,1035.0,27945.0
2018-06-10,201806106205989,NLIC,38,57,100,1036.0,103600.0
2018-06-10,201806106205924,NLIC,46,49,73,1035.0,75555.0
2018-06-10,201806106205923,NLIC,38,49,52,1036.0,53872.0
2018-06-10,201806106205922,NLIC,51,49,17,1036.0,17612.0
2018-06-10,201806106205890,NLIC,38,17,48,1036.0,49728.0
2018-06-10,201806106206196,NLIC,52,48,17,1036.0,17612.0
2018-06-10,201806106206040,NLIC,43,8,17,1036.0,17612.0
2018-06-10,201806106206005,NLIC,25,22,60,1035.0,62100.0
2018-06-10,201806106205993,NLIC,43,57,39,1035.0,40365.0
2018-06-10,201806106205992,NLIC,1,57,20,1035.0,20700.0
2018-06-10,201806106205991,NLIC,19,57,50,1035.0,51750.0
2018-06-10,201806106206188,NLICL,48,40,60,1275.0,76500.0
2018-06-10,201806106206187,NLICL,26,40,20,1276.0,25520.0
2018-06-10,201806106206186,NLICL,39,40,70,1276.0,89320.0
2018-06-10,201806106206185,NLICL,56,40,50,1277.0,63850.0
2018-06-10,201806106206100,NLICL,56,57,50,1277.0,63850.0
2018-06-10,201806106206266,NMB,38,45,57,369.0,21033.0
2018-06-10,201806106206088,NMB,38,19,239,369.0,88191.0
2018-06-10,201806106205941,NMB,6,21,100,370.0,37000.0
2018-06-10,201806106206256,NMBMF,21,50,30,1455.0,43650.0
2018-06-10,201806106206152,NMBMF,46,14,38,1456.0,55328.0
2018-06-10,201806106205914,NMBSF1,43,40,12900,12.35,159315.0
2018-06-10,201806106205913,NMBSF1,47,40,8000,12.5,100000.0
2018-06-10,201806106206323,NMFBS,46,36,22,2278.0,50116.0
2018-06-10,201806106206274,NMFBS,22,26,23,2275.0,52325.0
2018-06-10,201806106206250,NMFBS,41,44,23,2290.0,52670.0
2018-06-10,201806106206249,NMFBS,41,22,12,2289.0,27468.0
2018-06-10,201806106206198,NMFBS,25,22,50,2285.0,114250.0
2018-06-10,201806106206181,NMFBS,46,48,28,2278.0,63784.0
2018-06-10,201806106206180,NMFBS,40,48,21,2279.0,47859.0
2018-06-10,201806106206179,NMFBS,41,48,11,2280.0,25080.0
2018-06-10,201806106205939,NMFBS,40,17,19,2279.0,43301.0
2018-06-10,201806106206197,NTC,4,44,1000,735.0,735000.0
2018-06-10,201806106206148,NTC,4,44,1000,735.0,735000.0
2018-06-10,201806106206173,PCBL,49,44,31,296.0,9176.0
2018-06-10,201806106206147,PCBL,59,11,100,295.0,29500.0
2018-06-10,201806106206129,PCBL,59,10,100,295.0,29500.0
2018-06-10,201806106206128,PCBL,53,10,50,295.0,14750.0
2018-06-10,201806106206127,PCBL,55,10,500,295.0,147500.0
2018-06-10,201806106206126,PCBL,34,10,300,295.0,88500.0
2018-06-10,201806106206007,PCBL,49,57,44,297.0,13068.0
2018-06-10,201806106206109,PCBL,54,44,200,296.0,59200.0
2018-06-10,201806106206108,PCBL,6,44,1000,296.0,296000.0
2018-06-10,201806106206107,PCBL,57,44,70,297.0,20790.0
2018-06-10,201806106206106,PCBL,25,44,152,297.0,45144.0
2018-06-10,201806106206105,PCBL,25,44,133,297.0,39501.0
2018-06-10,201806106206104,PCBL,49,44,14,297.0,4158.0
2018-06-10,201806106206125,PCBL,58,10,70,295.0,20650.0
2018-06-10,201806106206124,PCBL,13,10,150,295.0,44250.0
2018-06-10,201806106206123,PCBL,1,10,100,295.0,29500.0
2018-06-10,201806106206122,PCBL,37,10,500,295.0,147500.0
2018-06-10,201806106206121,PCBL,53,10,30,295.0,8850.0
2018-06-10,201806106206120,PCBL,57,10,200,295.0,59000.0
2018-06-10,201806106206209,PFL,36,22,58,132.0,7656.0
2018-06-10,201806106206087,PFL,39,47,256,132.0,33792.0
2018-06-10,201806106206275,PIC,49,29,11,1186.0,13046.0
2018-06-10,201806106206262,PIC,49,29,11,1186.0,13046.0
2018-06-10,201806106206227,PIC,39,11,1,1168.0,1168.0
2018-06-10,201806106206225,PIC,39,11,1,1168.0,1168.0
2018-06-10,201806106206220,PIC,42,11,1,1168.0,1168.0
2018-06-10,201806106206200,PIC,49,29,11,1186.0,13046.0
2018-06-10,201806106206009,PIC,58,56,20,1191.0,23820.0
2018-06-10,201806106206008,PIC,43,56,22,1192.0,26224.0
2018-06-10,201806106205907,PIC,50,50,1000,1194.0,1194000.0
2018-06-10,201806106206113,PICL,38,40,100,801.0,80100.0
2018-06-10,201806106206112,PICL,36,40,200,802.0,160400.0
2018-06-10,201806106205909,PICL,40,50,25,808.0,20200.0
2018-06-10,201806106206144,PRIN,46,28,10,520.0,5200.0
2018-06-10,201806106206133,PRIN,46,28,20,520.0,10400.0
2018-06-10,201806106205883,PRIN,57,35,57,520.0,29640.0
2018-06-10,201806106206300,PRVU,54,28,157,198.0,31086.0
2018-06-10,201806106206299,PRVU,55,28,343,199.0,68257.0
2018-06-10,201806106206199,PRVU,55,22,28,199.0,5572.0
2018-06-10,201806106206172,PRVU,55,21,129,199.0,25671.0
2018-06-10,201806106206130,PRVU,25,45,2000,198.0,396000.0
2018-06-10,201806106206011,PRVU,58,17,459,198.0,90882.0
2018-06-10,201806106205969,PRVU,48,21,200,199.0,39800.0
2018-06-10,201806106206355,RBCL,50,38,10,11000.0,110000.0
2018-06-10,201806106206354,RBCL,13,38,10,11000.0,110000.0
2018-06-10,201806106206334,RBCL,50,18,50,11075.0,553750.0
2018-06-10,201806106206232,RBCL,34,48,10,11076.0,110760.0
2018-06-10,201806106205961,RBCL,6,53,10,11077.0,110770.0
2018-06-10,201806106205960,RBCL,6,53,20,11080.0,221600.0
2018-06-10,201806106205959,RBCL,13,53,10,11085.0,110850.0
2018-06-10,201806106205958,RBCL,34,53,10,11090.0,110900.0
2018-06-10,201806106206360,RBCLPO,45,48,50,10380.0,519000.0
2018-06-10,201806106206359,RBCLPO,59,48,20,10380.0,207600.0
2018-06-10,201806106206358,RBCLPO,41,48,10,10381.0,103810.0
2018-06-10,201806106206357,RBCLPO,20,48,10,10385.0,103850.0
2018-06-10,201806106205921,RBCLPO,17,34,20,10400.0,208000.0
2018-06-10,201806106206089,RMDC,4,33,500,665.0,332500.0
2018-06-10,201806106206315,RSDC,16,14,10,552.0,5520.0
2018-06-10,201806106206149,RSDC,5,18,19,547.0,10393.0
2018-06-10,201806106206060,RSDC,38,18,15,547.0,8205.0
2018-06-10,201806106206029,RSDC,22,14,40,552.0,22080.0
2018-06-10,201806106206321,SADBL,32,49,56,160.0,8960.0
2018-06-10,201806106206320,SADBL,53,49,100,160.0,16000.0
2018-06-10,201806106206319,SADBL,39,49,14,160.0,2240.0
2018-06-10,201806106206145,SANIMA,11,11,100,330.0,33000.0
2018-06-10,201806106206067,SANIMA,11,10,40,330.0,13200.0
2018-06-10,201806106206066,SANIMA,4,10,40,330.0,13200.0
2018-06-10,201806106206026,SANIMA,4,57,10,330.0,3300.0
2018-06-10,201806106205988,SANIMA,49,57,59,330.0,19470.0
2018-06-10,201806106205938,SANIMA,4,57,50,330.0,16500.0
2018-06-10,201806106205937,SANIMA,56,57,465,330.0,153450.0
2018-06-10,201806106205936,SANIMA,11,57,100,330.0,33000.0
2018-06-10,201806106205935,SANIMA,7,57,200,330.0,66000.0
2018-06-10,201806106205934,SANIMA,17,57,126,330.0,41580.0
2018-06-10,201806106205916,SANIMA,49,17,364,331.0,120484.0
2018-06-10,201806106206329,SBI,17,45,25,500.0,12500.0
2018-06-10,201806106206178,SBI,38,38,100,499.0,49900.0
2018-06-10,201806106206167,SBI,11,19,21,496.0,10416.0
2018-06-10,201806106206166,SBI,54,19,50,496.0,24800.0
2018-06-10,201806106206165,SBI,7,19,64,498.0,31872.0
2018-06-10,201806106206164,SBI,6,19,65,499.0,32435.0
2018-06-10,201806106206094,SBI,7,45,50,500.0,25000.0
2018-06-10,201806106206316,SBL,28,1,950,310.0,294500.0
2018-06-10,201806106206195,SBL,49,1,50,312.0,15600.0
2018-06-10,201806106206142,SBL,34,35,80,311.0,24880.0
2018-06-10,201806106206141,SBL,34,11,200,310.0,62000.0
2018-06-10,201806106206345,SCB,13,14,188,765.0,143820.0
2018-06-10,201806106206343,SCB,41,14,10,765.0,7650.0
2018-06-10,201806106206161,SCB,57,19,18,760.0,13680.0
2018-06-10,201806106206160,SCB,32,19,52,760.0,39520.0
2018-06-10,201806106206159,SCB,35,19,50,760.0,38000.0
2018-06-10,201806106206158,SCB,22,19,80,761.0,60880.0
2018-06-10,201806106206076,SCB,22,1,20,761.0,15220.0
2018-06-10,201806106205971,SCB,32,17,98,760.0,74480.0
2018-06-10,201806106205942,SCB,17,17,98,760.0,74480.0
2018-06-10,201806106205896,SCB,50,17,28,761.0,21308.0
2018-06-10,201806106205895,SCB,57,17,20,761.0,15220.0
2018-06-10,201806106205894,SCB,57,17,50,762.0,38100.0
2018-06-10,201806106206061,SDESI,42,1,11,1700.0,18700.0
2018-06-10,201806106205929,SHL,58,19,400,240.0,96000.0
2018-06-10,201806106205925,SHL,58,51,100,240.0,24000.0
2018-06-10,201806106206206,SHPC,22,28,77,334.0,25718.0
2018-06-10,201806106206205,SHPC,25,28,500,334.0,167000.0
2018-06-10,201806106205878,SHPC,22,28,200,337.0,67400.0
2018-06-10,201806106205877,SHPC,14,28,107,337.0,36059.0
2018-06-10,201806106205876,SHPC,11,28,100,338.0,33800.0
2018-06-10,201806106205875,SHPC,51,28,464,338.0,156832.0
2018-06-10,201806106205874,SHPC,47,28,580,339.0,196620.0
2018-06-10,201806106205973,SHPC,47,28,1000,336.0,336000.0
2018-06-10,201806106205882,SHPC,33,28,189,335.0,63315.0
2018-06-10,201806106205881,SHPC,41,28,60,335.0,20100.0
2018-06-10,201806106205880,SHPC,41,28,200,336.0,67200.0
2018-06-10,201806106205879,SHPC,10,28,100,336.0,33600.0
2018-06-10,201806106206204,SHPC,28,28,462,334.0,154308.0
2018-06-10,201806106206203,SHPC,28,28,211,335.0,70685.0
2018-06-10,201806106206202,SHPC,49,28,50,336.0,16800.0
2018-06-10,201806106206038,SHPC,28,28,289,335.0,96815.0
2018-06-10,201806106206037,SHPC,41,28,100,335.0,33500.0
2018-06-10,201806106206036,SHPC,33,28,111,335.0,37185.0
2018-06-10,201806106206307,SIC,11,56,10,1320.0,13200.0
2018-06-10,201806106206194,SICL,56,11,110,970.0,106700.0
2018-06-10,201806106206241,SIFC,11,58,19,225.0,4275.0
2018-06-10,201806106206240,SIFC,11,59,81,224.0,18144.0
2018-06-10,201806106206346,SIL,56,11,44,700.0,30800.0
2018-06-10,201806106206326,SKBBL,16,14,10,1183.0,11830.0
2018-06-10,201806106206312,SKBBL,21,17,13,1176.0,15288.0
2018-06-10,201806106206311,SKBBL,37,17,30,1177.0,35310.0
2018-06-10,201806106206103,SKBBL,21,59,37,1176.0,43512.0
2018-06-10,201806106206043,SKBBL,39,39,100,1177.0,117700.0
2018-06-10,201806106206010,SKBBL,17,39,97,1180.0,114460.0
2018-06-10,201806106205899,SKBBL,33,14,100,1180.0,118000.0
2018-06-10,201806106206111,SLBBL,39,21,232,1680.0,389760.0
2018-06-10,201806106206110,SLBBL,39,17,175,1680.0,294000.0
2018-06-10,201806106206248,SLICL,57,56,96,645.0,61920.0
2018-06-10,201806106206247,SLICL,8,56,250,645.0,161250.0
2018-06-10,201806106206246,SLICL,55,56,50,650.0,32500.0
2018-06-10,201806106206245,SLICL,35,56,50,652.0,32600.0
2018-06-10,201806106206244,SLICL,7,56,200,652.0,130400.0
2018-06-10,201806106206243,SLICL,8,56,20,655.0,13100.0
2018-06-10,201806106206242,SLICL,52,56,20,655.0,13100.0
2018-06-10,201806106205904,SLICL,42,56,160,658.0,105280.0
2018-06-10,201806106205897,SRBL,45,21,264,226.0,59664.0
2018-06-10,201806106205012,ADBL,6,8,50,320.0,16000.0
2018-06-10,201806106205011,ADBL,19,8,25,320.0,8000.0
2018-06-10,201806106205010,ADBL,19,8,25,320.0,8000.0
2018-06-10,201806106205009,ADBL,57,8,72,320.0,23040.0
2018-06-10,201806106205008,ADBL,56,8,10,323.0,3230.0
2018-06-10,201806106204995,AKPL,37,37,13,292.0,3796.0
2018-06-10,201806106204977,AKPL,26,40,59,289.0,17051.0
2018-06-10,201806106205070,ALICL,59,17,200,690.0,138000.0
2018-06-10,201806106205069,ALICL,29,17,500,690.0,345000.0
2018-06-10,201806106205068,ALICL,4,17,49,690.0,33810.0
2018-06-10,201806106205067,ALICL,21,17,50,691.0,34550.0
2018-06-10,201806106205066,ALICL,8,17,50,696.0,34800.0
2018-06-10,201806106205241,API,50,57,29,290.0,8410.0
2018-06-10,201806106205239,API,50,41,28,290.0,8120.0
2018-06-10,201806106205038,API,50,8,10,290.0,2900.0
2018-06-10,201806106204987,API,50,28,397,290.0,115130.0
2018-06-10,201806106204986,API,11,28,30,290.0,8700.0
2018-06-10,201806106204985,API,50,28,100,290.0,29000.0
2018-06-10,201806106205112,BARUN,21,25,10,152.0,1520.0
2018-06-10,201806106205320,BOKL,49,48,132,306.0,40392.0
2018-06-10,201806106205187,BOKL,25,21,510,306.0,156060.0
2018-06-10,201806106205186,BOKL,29,21,200,306.0,61200.0
2018-06-10,201806106205185,BOKL,8,21,100,306.0,30600.0
2018-06-10,201806106205184,BOKL,38,21,100,306.0,30600.0
2018-06-10,201806106205183,BOKL,49,21,100,307.0,30700.0
2018-06-10,201806106205182,BOKL,52,21,50,307.0,15350.0
2018-06-10,201806106205146,BOKL,49,11,900,307.0,276300.0
2018-06-10,201806106205175,BPCL,25,49,90,444.0,39960.0
2018-06-10,201806106205153,BPCL,25,45,10,444.0,4440.0
2018-06-10,201806106205151,BPCL,45,4,10,445.0,4450.0
2018-06-10,201806106205219,CBBL,44,8,10,939.0,9390.0
2018-06-10,201806106205237,CBL,38,50,500,154.0,77000.0
2018-06-10,201806106204916,CBL,58,13,334,154.0,51436.0
2018-06-10,201806106205299,CCBL,49,48,100,171.0,17100.0
2018-06-10,201806106205225,CCBL,26,48,81,171.0,13851.0
2018-06-10,201806106205208,CCBL,26,48,19,171.0,3249.0
2018-06-10,201806106205174,CCBL,25,48,200,171.0,34200.0
2018-06-10,201806106205160,CCBL,25,48,200,171.0,34200.0
2018-06-10,201806106205121,CCBL,19,57,10,170.0,1700.0
2018-06-10,201806106204925,CCBL,25,48,91,171.0,15561.0
2018-06-10,201806106205135,CHCL,38,7,204,775.0,158100.0
2018-06-10,201806106204953,CHCL,22,7,50,769.0,38450.0
2018-06-10,201806106204883,CHCL,37,41,82,763.0,62566.0
2018-06-10,201806106205117,CIT,42,26,24,2510.0,60240.0
2018-06-10,201806106205116,CIT,42,26,20,2511.0,50220.0
2018-06-10,201806106205115,CIT,29,26,53,2515.0,133295.0
2018-06-10,201806106205114,CIT,29,26,25,2515.0,62875.0
2018-06-10,201806106204972,CIT,26,33,100,2520.0,252000.0
2018-06-10,201806106204971,CIT,5,33,10,2521.0,25210.0
2018-06-10,201806106204970,CIT,29,33,18,2525.0,45450.0
2018-06-10,201806106204877,CIT,28,33,100,2526.0,252600.0
2018-06-10,201806106205358,CZBIL,53,32,427,246.0,105042.0
2018-06-10,201806106205357,CZBIL,57,32,58,246.0,14268.0
2018-06-10,201806106205356,CZBIL,13,32,500,246.0,123000.0
2018-06-10,201806106205355,CZBIL,48,32,55,246.0,13530.0
2018-06-10,201806106205354,CZBIL,34,32,10,246.0,2460.0
2018-06-10,201806106205272,CZBIL,48,57,87,246.0,21402.0
2018-06-10,201806106205051,CZBIL,20,20,4,248.0,992.0
2018-06-10,201806106205047,CZBIL,48,57,58,246.0,14268.0
2018-06-10,201806106204894,CZBIL,25,17,97,246.0,23862.0
2018-06-10,201806106204878,CZBIL,6,6,2,247.0,494.0
2018-06-10,201806106205270,DBBL,40,22,400,134.0,53600.0
2018-06-10,201806106204901,DBBL,46,8,31,134.0,4154.0
2018-06-10,201806106204900,DBBL,51,8,40,134.0,5360.0
2018-06-10,201806106204899,DBBL,21,8,109,134.0,14606.0
2018-06-10,201806106205276,DDBL,39,26,16,765.0,12240.0
2018-06-10,201806106205234,EBL,16,32,278,680.0,189040.0
2018-06-10,201806106205218,EBL,54,32,50,680.0,34000.0
2018-06-10,201806106205217,EBL,53,32,20,680.0,13600.0
2018-06-10,201806106205118,EBL,49,49,20,680.0,13600.0
2018-06-10,201806106205095,EBL,50,10,172,680.0,116960.0
2018-06-10,201806106205094,EBL,6,10,200,680.0,136000.0
2018-06-10,201806106205087,EBL,11,10,15,680.0,10200.0
2018-06-10,201806106205078,EBL,43,36,201,681.0,136881.0
2018-06-10,201806106205053,EBL,16,49,255,681.0,173655.0
2018-06-10,201806106205043,EBL,16,49,550,681.0,374550.0
2018-06-10,201806106204981,EBL,22,49,200,682.0,136400.0
2018-06-10,201806106204919,EBL,52,48,262,680.0,178160.0
2018-06-10,201806106205093,EBL,4,10,100,680.0,68000.0
2018-06-10,201806106205092,EBL,45,10,100,680.0,68000.0
2018-06-10,201806106205091,EBL,28,10,100,680.0,68000.0
2018-06-10,201806106205090,EBL,39,10,25,680.0,17000.0
2018-06-10,201806106205089,EBL,52,10,238,680.0,161840.0
2018-06-10,201806106205088,EBL,54,10,50,680.0,34000.0
2018-06-10,201806106204898,EDBL,56,17,44,321.0,14124.0
2018-06-10,201806106205123,EIC,39,28,22,1408.0,30976.0
2018-06-10,201806106204905,EIC,39,32,13,1408.0,18304.0
2018-06-10,201806106205361,FOWAD,39,11,16,2284.0,36544.0
2018-06-10,201806106205113,FOWAD,39,19,80,2284.0,182720.0
2018-06-10,201806106205098,FOWAD,5,19,30,2285.0,68550.0
2018-06-10,201806106205097,FOWAD,34,19,10,2285.0,22850.0
2018-06-10,201806106205054,FOWAD,21,19,80,2286.0,182880.0
2018-06-10,201806106205035,FOWAD,21,33,20,2286.0,45720.0
2018-06-10,201806106205034,FOWAD,42,33,30,2287.0,68610.0
2018-06-10,201806106205162,GBIME,45,57,88,296.0,26048.0
2018-06-10,201806106205015,GBIME,28,28,2251,296.0,666296.0
2018-06-10,201806106204994,GBIME,11,44,200,297.0,59400.0
2018-06-10,201806106204889,GBIME,6,6,3,297.0,891.0
2018-06-10,201806106204859,GBIME,45,49,61,296.0,18056.0
2018-06-10,201806106205328,GDBL,17,51,800,202.0,161600.0
2018-06-10,201806106205327,GDBL,13,51,41,202.0,8282.0
2018-06-10,201806106205236,GDBL,13,57,375,202.0,75750.0
2018-06-10,201806106204880,GDBL,13,49,84,202.0,16968.0
2018-06-10,201806106204976,GILB,35,56,19,1176.0,22344.0
2018-06-10,201806106205315,GUFL,44,28,400,111.0,44400.0
2018-06-10,201806106205235,GUFL,59,28,300,111.0,33300.0
2018-06-10,201806106205030,GUFL,22,28,200,111.0,22200.0
2018-06-10,201806106204941,GUFL,11,28,100,111.0,11100.0
2018-06-10,201806106205349,HGI,38,57,112,461.0,51632.0
2018-06-10,201806106205348,HGI,43,25,50,461.0,23050.0
2018-06-10,201806106205128,HGI,44,45,96,461.0,44256.0
2018-06-10,201806106204980,HIDCL,4,11,2000,159.0,318000.0
2018-06-10,201806106204979,HIDCL,4,22,29,159.0,4611.0
2018-06-10,201806106204978,HIDCL,4,38,20,158.0,3160.0
2018-06-10,201806106204946,HIDCL,28,47,168,157.0,26376.0
2018-06-10,201806106204914,HIDCL,22,38,15,158.0,2370.0
2018-06-10,201806106204913,HIDCL,42,38,21,158.0,3318.0
2018-06-10,201806106204876,HIDCL,28,22,43,157.0,6751.0
2018-06-10,201806106205284,HPPL,39,42,10,302.0,3020.0
2018-06-10,201806106205246,HPPL,42,39,10,300.0,3000.0
2018-06-10,201806106205152,HPPL,42,32,110,300.0,33000.0
2018-06-10,201806106205318,JBNL,58,37,99,158.0,15642.0
2018-06-10,201806106205288,JBNL,25,42,500,159.0,79500.0
2018-06-10,201806106205287,JBNL,13,42,198,159.0,31482.0
2018-06-10,201806106205286,JBNL,19,42,100,159.0,15900.0
2018-06-10,201806106205285,JBNL,42,42,30,159.0,4770.0
2018-06-10,201806106205265,JBNL,13,42,152,159.0,24168.0
2018-06-10,201806106205107,JBNL,43,57,11,159.0,1749.0
2018-06-10,201806106205075,JBNL,43,8,62,159.0,9858.0
2018-06-10,201806106205036,JBNL,57,49,267,159.0,42453.0
2018-06-10,201806106204938,JBNL,5,21,229,160.0,36640.0
2018-06-10,201806106204937,JBNL,5,6,27,160.0,4320.0
2018-06-10,201806106205192,JEFL,41,39,50,107.0,5350.0
2018-06-10,201806106205102,JSLBB,38,51,20,3039.0,60780.0
2018-06-10,201806106205209,KBL,6,11,400,212.0,84800.0
2018-06-10,201806106204936,KBL,6,34,1386,212.0,293832.0
2018-06-10,201806106204935,KBL,20,34,50,212.0,10600.0
2018-06-10,201806106204934,KBL,49,34,152,212.0,32224.0
2018-06-10,201806106204933,KBL,32,34,2000,213.0,426000.0
2018-06-10,201806106204932,KBL,6,34,250,213.0,53250.0
2018-06-10,201806106204931,KBL,16,34,200,213.0,42600.0
2018-06-10,201806106205132,KKHC,28,21,16,112.0,1792.0
2018-06-10,201806106205042,KNBL,22,56,323,128.0,41344.0
2018-06-10,201806106205360,KSBBL,58,13,177,154.0,27258.0
2018-06-10,201806106205260,KSBBL,58,56,823,154.0,126742.0
2018-06-10,201806106204895,KSBBL,8,16,400,153.0,61200.0
2018-06-10,201806106205268,LBBL,50,38,1000,151.0,151000.0
2018-06-10,201806106205267,LBBL,50,5,60,151.0,9060.0
2018-06-10,201806106204888,LBBL,58,36,400,149.0,59600.0
2018-06-10,201806106205111,LBL,53,58,105,256.0,26880.0
2018-06-10,201806106205110,LBL,11,58,200,256.0,51200.0
2018-06-10,201806106205109,LBL,25,58,200,257.0,51400.0
2018-06-10,201806106205108,LBL,22,58,65,257.0,16705.0
2018-06-10,201806106205045,LBL,22,49,135,257.0,34695.0
2018-06-10,201806106205044,LBL,26,49,30,257.0,7710.0
2018-06-10,201806106205127,LGIL,43,26,20,565.0,11300.0
2018-06-10,201806106205126,LGIL,51,26,80,565.0,45200.0
2018-06-10,201806106205125,LGIL,32,26,50,565.0,28250.0
2018-06-10,201806106205124,LGIL,6,26,50,567.0,28350.0
2018-06-10,201806106204918,LGIL,6,19,50,567.0,28350.0
2018-06-10,201806106204917,LGIL,22,19,50,568.0,28400.0
2018-06-10,201806106204861,LGIL,22,29,100,568.0,56800.0
2018-06-10,201806106204860,LGIL,1,29,100,569.0,56900.0
2018-06-10,201806106205351,MBL,14,21,43,215.0,9245.0
2018-06-10,201806106205170,MBL,14,34,457,215.0,98255.0
2018-06-10,201806106205169,MBL,14,34,100,215.0,21500.0
2018-06-10,201806106205168,MBL,53,34,200,215.0,43000.0
2018-06-10,201806106205167,MBL,14,34,100,215.0,21500.0
2018-06-10,201806106205166,MBL,51,34,1500,215.0,322500.0
2018-06-10,201806106205165,MBL,40,34,200,215.0,43000.0
2018-06-10,201806106205164,MBL,43,34,125,215.0,26875.0
2018-06-10,201806106205163,MBL,57,34,171,215.0,36765.0
2018-06-10,201806106205029,MBL,57,22,204,215.0,43860.0
2018-06-10,201806106205016,MBL,14,50,339,216.0,73224.0
2018-06-10,201806106205343,MEGA,48,38,59,173.0,10207.0
2018-06-10,201806106205330,MEGA,17,38,59,174.0,10266.0
2018-06-10,201806106205319,MEGA,17,44,39,174.0,6786.0
2018-06-10,201806106205264,MEGA,35,44,50,174.0,8700.0
2018-06-10,201806106205263,MEGA,5,44,211,174.0,36714.0
2018-06-10,201806106205222,MEGA,5,34,115,174.0,20010.0
2018-06-10,201806106204947,MEGA,42,44,100,176.0,17600.0
2018-06-10,201806106204907,MEGA,42,53,250,175.0,43750.0
2018-06-10,201806106204959,MEGA,6,42,770,174.0,133980.0
2018-06-10,201806106204958,MEGA,59,42,14,174.0,2436.0
2018-06-10,201806106204957,MEGA,25,42,1000,175.0,175000.0
2018-06-10,201806106204956,MEGA,33,42,70,175.0,12250.0
2018-06-10,201806106204955,MEGA,42,42,85,175.0,14875.0
2018-06-10,201806106204954,MEGA,22,42,68,175.0,11900.0
2018-06-10,201806106204965,MEGA,13,42,1000,174.0,174000.0
2018-06-10,201806106204964,MEGA,17,42,50,174.0,8700.0
2018-06-10,201806106204963,MEGA,26,42,50,174.0,8700.0
2018-06-10,201806106204962,MEGA,57,42,100,174.0,17400.0
2018-06-10,201806106204961,MEGA,14,42,1000,174.0,174000.0
2018-06-10,201806106204960,MEGA,45,42,200,174.0,34800.0
2018-06-10,201806106205194,MEGA,13,51,100,175.0,17500.0
2018-06-10,201806106205082,MEGA,5,8,111,174.0,19314.0
2018-06-10,201806106204969,MEGA,5,42,63,174.0,10962.0
2018-06-10,201806106204968,MEGA,42,42,30,174.0,5220.0
2018-06-10,201806106204967,MEGA,51,42,100,174.0,17400.0
2018-06-10,201806106204966,MEGA,45,42,800,174.0,139200.0
2018-06-10,201806106204912,MFIL,13,29,79,127.0,10033.0
2018-06-10,201806106205148,MLBL,51,32,230,173.0,39790.0
2018-06-10,201806106205259,MNBBL,10,34,24,384.0,9216.0
2018-06-10,201806106205055,MNBBL,10,49,39,384.0,14976.0
2018-06-10,201806106205325,MSLB,19,56,15,2630.0,39450.0
2018-06-10,201806106205269,MSMBS,41,49,11,720.0,7920.0
2018-06-10,201806106205150,NABIL,29,42,40,950.0,38000.0
2018-06-10,201806106205120,NABIL,42,42,200,950.0,190000.0
2018-06-10,201806106205077,NABIL,32,42,50,950.0,47500.0
2018-06-10,201806106204867,NABIL,13,20,25,950.0,23750.0
2018-06-10,201806106204866,NABIL,57,20,65,950.0,61750.0
2018-06-10,201806106204865,NABIL,22,20,100,951.0,95100.0
2018-06-10,201806106204864,NABIL,35,20,60,955.0,57300.0
2018-06-10,201806106204863,NABIL,45,20,50,955.0,47750.0
2018-06-10,201806106205363,NBB,43,44,81,211.0,17091.0
2018-06-10,201806106205302,NBB,37,16,529,210.0,111090.0
2018-06-10,201806106205282,NBB,6,56,266,212.0,56392.0
2018-06-10,201806106205262,NBB,6,57,161,212.0,34132.0
2018-06-10,201806106205261,NBB,17,57,444,213.0,94572.0
2018-06-10,201806106205207,NBB,17,17,56,213.0,11928.0
2018-06-10,201806106205172,NBBL,49,49,10,2600.0,26000.0
2018-06-10,201806106205345,NBL,29,14,200,309.0,61800.0
2018-06-10,201806106205074,NBL,11,50,30,310.0,9300.0
2018-06-10,201806106205065,NBL,29,50,898,309.0,277482.0
2018-06-10,201806106205155,NCCB,32,34,694,245.0,170030.0
2018-06-10,201806106205154,NCCB,51,34,149,249.0,37101.0
2018-06-10,201806106205129,NCDB,34,32,11,120.0,1320.0
2018-06-10,201806106205101,NCDB,34,32,80,120.0,9600.0
2018-06-10,201806106205100,NCDB,21,32,50,120.0,6000.0
2018-06-10,201806106205304,NGPL,41,25,11,181.0,1991.0
2018-06-10,201806106204928,NHDL,56,51,10,167.0,1670.0
2018-06-10,201806106205279,NHPC,17,13,2000,86.0,172000.0
2018-06-10,201806106205278,NHPC,22,13,500,86.0,43000.0
2018-06-10,201806106205277,NHPC,32,13,200,86.0,17200.0
2018-06-10,201806106205266,NHPC,45,36,200,87.0,17400.0
2018-06-10,201806106205342,NIB,42,42,5,615.0,3075.0
2018-06-10,201806106205335,NIB,42,10,5,625.0,3125.0
2018-06-10,201806106205136,NIB,50,8,33,627.0,20691.0
2018-06-10,201806106205020,NIB,50,49,42,627.0,26334.0
2018-06-10,201806106205019,NIB,56,49,10,627.0,6270.0
2018-06-10,201806106205018,NIB,45,49,10,627.0,6270.0
2018-06-10,201806106204927,NIB,21,21,5,616.0,3080.0
2018-06-10,201806106204911,NIB,21,21,5,616.0,3080.0
2018-06-10,201806106204896,NIB,21,21,3,616.0,1848.0
2018-06-10,201806106204882,NIB,21,21,3,616.0,1848.0
2018-06-10,201806106205017,NIB,13,49,88,628.0,55264.0
2018-06-10,201806106205014,NIB,13,40,12,628.0,7536.0
2018-06-10,201806106205013,NIB,22,7,100,628.0,62800.0
2018-06-10,201806106205007,NIB,21,21,5,616.0,3080.0
2018-06-10,201806106204944,NIB,21,21,5,616.0,3080.0
2018-06-10,201806106204940,NIB,21,21,5,616.0,3080.0
2018-06-10,201806106205057,NIBPO,28,28,3000,560.0,1680000.0
2018-06-10,201806106205081,NIBPO,13,28,200,562.0,112400.0
2018-06-10,201806106205362,NICA,28,28,4,323.0,1292.0
2018-06-10,201806106205352,NICA,28,33,4,323.0,1292.0
2018-06-10,201806106205309,NICA,59,37,66,321.0,21186.0
2018-06-10,201806106205301,NICA,59,57,12,321.0,3852.0
2018-06-10,201806106205245,NICA,28,28,1467,323.0,473841.0
2018-06-10,201806106205244,NICA,28,26,323,323.0,104329.0
2018-06-10,201806106205027,NICA,44,49,55,322.0,17710.0
2018-06-10,201806106205021,NICA,44,45,366,322.0,117852.0
2018-06-10,201806106204975,NICA,11,56,243,323.0,78489.0
2018-06-10,201806106205243,NICA,28,25,571,323.0,184433.0
2018-06-10,201806106205223,NICA,28,57,1000,322.0,322000.0
2018-06-10,201806106205145,NICA,28,34,328,322.0,105616.0
2018-06-10,201806106205144,NICA,45,34,200,322.0,64400.0
2018-06-10,201806106205143,NICA,44,34,1340,322.0,431480.0
2018-06-10,201806106205142,NICA,40,34,50,322.0,16100.0
2018-06-10,201806106204879,NIL,36,56,60,561.0,33660.0
2018-06-10,201806106204875,NIL,4,56,1000,562.0,562000.0
2018-06-10,201806106204874,NIL,25,56,200,562.0,112400.0
2018-06-10,201806106204873,NIL,43,56,50,563.0,28150.0
2018-06-10,201806106204872,NIL,42,56,200,563.0,112600.0
2018-06-10,201806106204871,NIL,43,56,24,563.0,13512.0
2018-06-10,201806106204870,NIL,33,56,500,564.0,282000.0
2018-06-10,201806106204869,NIL,22,56,170,564.0,95880.0
2018-06-10,201806106204868,NIL,1,56,196,565.0,110740.0
2018-06-10,201806106204858,NIL,1,50,200,565.0,113000.0
2018-06-10,201806106205312,NLBBL,28,34,50,688.0,34400.0
2018-06-10,201806106205311,NLBBL,32,34,50,689.0,34450.0
2018-06-10,201806106205359,NLIC,49,55,67,1040.0,69680.0
2018-06-10,201806106205274,NLIC,17,10,200,1036.0,207200.0
2018-06-10,201806106205273,NLIC,19,10,100,1037.0,103700.0
2018-06-10,201806106205252,NLIC,58,53,6,1040.0,6240.0
2018-06-10,201806106205251,NLIC,17,53,10,1037.0,10370.0
2018-06-10,201806106205250,NLIC,52,53,95,1037.0,98515.0
2018-06-10,201806106204890,NLIC,17,55,50,1040.0,52000.0
2018-06-10,201806106205196,NLIC,16,10,15,1040.0,15600.0
2018-06-10,201806106205149,NLIC,16,55,63,1040.0,65520.0
2018-06-10,201806106205147,NLIC,25,40,150,1038.0,155700.0
2018-06-10,201806106205099,NLIC,38,10,150,1040.0,156000.0
2018-06-10,201806106205080,NLIC,38,55,50,1040.0,52000.0
2018-06-10,201806106205037,NLIC,37,37,17,1040.0,17680.0
2018-06-10,201806106205249,NLIC,25,53,150,1038.0,155700.0
2018-06-10,201806106205248,NLIC,26,53,13,1038.0,13494.0
2018-06-10,201806106205247,NLIC,26,53,10,1038.0,10380.0
2018-06-10,201806106205233,NLIC,26,16,17,1038.0,17646.0
2018-06-10,201806106205216,NLIC,16,51,5,1020.0,5100.0
2018-06-10,201806106205215,NLIC,16,16,17,1040.0,17680.0
2018-06-10,201806106205324,NMB,59,10,1500,370.0,555000.0
2018-06-10,201806106205323,NMB,59,29,100,370.0,37000.0
2018-06-10,201806106205308,NMB,13,38,100,369.0,36900.0
2018-06-10,201806106205106,NMB,59,16,383,368.0,140944.0
2018-06-10,201806106205105,NMB,39,16,200,368.0,73600.0
2018-06-10,201806106205104,NMB,40,16,100,368.0,36800.0
2018-06-10,201806106205004,NMB,28,57,2000,369.0,738000.0
2018-06-10,201806106205003,NMB,25,57,300,370.0,111000.0
2018-06-10,201806106205002,NMB,37,57,200,370.0,74000.0
2018-06-10,201806106205001,NMB,45,57,100,370.0,37000.0
2018-06-10,201806106204930,NMB,59,50,200,370.0,74000.0
2018-06-10,201806106205103,NMB,17,16,404,368.0,148672.0
2018-06-10,201806106205096,NMB,29,21,100,370.0,37000.0
2018-06-10,201806106205083,NMB,14,22,119,369.0,43911.0
2018-06-10,201806106205063,NMB,20,20,7,370.0,2590.0
2018-06-10,201806106205061,NMB,17,49,96,368.0,35328.0
2018-06-10,201806106205005,NMB,44,57,3000,369.0,1107000.0
2018-06-10,201806106205347,NMBHF1,25,47,2566,9.52,24428.32
2018-06-10,201806106205296,NMBHF1,25,22,1577,9.5,14981.5
2018-06-10,201806106205204,NMBHF1,25,47,9800,9.52,93296.0
2018-06-10,201806106205202,NMBHF1,13,47,200,9.52,1904.0
2018-06-10,201806106205346,NNLB,47,7,50,1950.0,97500.0
2018-06-10,201806106205140,NNLB,47,38,131,1950.0,255450.0
2018-06-10,201806106205071,NNLB,47,45,10,1950.0,19500.0
2018-06-10,201806106205062,NNLB,5,17,10,1975.0,19750.0
2018-06-10,201806106205214,OHL,35,7,400,531.0,212400.0
2018-06-10,201806106205134,OHL,35,26,100,531.0,53100.0
2018-06-10,201806106205133,OHL,43,26,100,531.0,53100.0
2018-06-10,201806106205130,OHL,39,26,100,532.0,53200.0
2018-06-10,201806106205364,PCBL,26,44,958,297.0,284526.0
2018-06-10,201806106205212,PCBL,26,8,42,297.0,12474.0
2018-06-10,201806106205211,PCBL,42,8,18,298.0,5364.0
2018-06-10,201806106205141,PCBL,42,20,19,298.0,5662.0
2018-06-10,201806106205139,PCBL,42,45,167,298.0,49766.0
2018-06-10,201806106205138,PCBL,42,25,68,298.0,20264.0
2018-06-10,201806106204990,PCBL,11,44,156,297.0,46332.0
2018-06-10,201806106204982,PCBL,11,49,44,297.0,13068.0
2018-06-10,201806106204909,PCBL,41,34,23,298.0,6854.0
2018-06-10,201806106205137,PCBL,42,34,528,298.0,157344.0
2018-06-10,201806106205086,PCBL,20,34,19,298.0,5662.0
2018-06-10,201806106205059,PCBL,6,44,244,297.0,72468.0
2018-06-10,201806106204993,PCBL,36,44,500,296.0,148000.0
2018-06-10,201806106204992,PCBL,55,44,500,296.0,148000.0
2018-06-10,201806106204991,PCBL,58,44,100,296.0,29600.0
2018-06-10,201806106205195,PFL,36,57,12,132.0,1584.0
2018-06-10,201806106205161,PFL,36,8,35,132.0,4620.0
2018-06-10,201806106205085,PFL,36,57,23,132.0,3036.0
2018-06-10,201806106204886,PFL,36,38,225,132.0,29700.0
2018-06-10,201806106204885,PFL,42,38,65,134.0,8710.0
2018-06-10,201806106205321,PIC,42,42,1,1168.0,1168.0
2018-06-10,201806106205317,PIC,42,34,1,1168.0,1168.0
2018-06-10,201806106205310,PIC,42,42,1,1168.0,1168.0
2018-06-10,201806106205303,PIC,42,42,1,1168.0,1168.0
2018-06-10,201806106205300,PIC,42,42,1,1168.0,1168.0
2018-06-10,201806106205295,PIC,39,42,1,1170.0,1170.0
2018-06-10,201806106205176,PIC,14,14,11,1200.0,13200.0
2018-06-10,201806106205173,PIC,58,8,11,1196.0,13156.0
2018-06-10,201806106205076,PIC,58,58,11,1202.0,13222.0
2018-06-10,201806106205050,PIC,58,26,11,1196.0,13156.0
2018-06-10,201806106205046,PIC,28,26,11,1200.0,13200.0
2018-06-10,201806106205039,PIC,28,26,11,1200.0,13200.0
2018-06-10,201806106205226,PIC,32,54,40,1195.0,47800.0
2018-06-10,201806106205203,PIC,11,34,1,1191.0,1191.0
2018-06-10,201806106205180,PIC,14,14,11,1200.0,13200.0
2018-06-10,201806106205179,PIC,14,14,11,1200.0,13200.0
2018-06-10,201806106205178,PIC,14,14,11,1200.0,13200.0
2018-06-10,201806106205177,PIC,14,14,11,1200.0,13200.0
2018-06-10,201806106205232,PIC,39,54,13,1191.0,15483.0
2018-06-10,201806106205231,PIC,39,54,100,1191.0,119100.0
2018-06-10,201806106205230,PIC,51,54,50,1191.0,59550.0
2018-06-10,201806106205229,PIC,56,54,67,1193.0,79931.0
2018-06-10,201806106205228,PIC,52,54,30,1193.0,35790.0
2018-06-10,201806106205227,PIC,11,54,100,1195.0,119500.0
2018-06-10,201806106205084,PICL,38,50,200,810.0,162000.0
2018-06-10,201806106205333,PLIC,55,34,17,618.0,10506.0
2018-06-10,201806106205332,PLIC,53,34,50,618.0,30900.0
2018-06-10,201806106205331,PLIC,53,34,33,618.0,20394.0
2018-06-10,201806106205158,PLIC,53,26,17,618.0,10506.0
2018-06-10,201806106205157,PLIC,51,26,50,625.0,31250.0
2018-06-10,201806106205156,PLIC,34,26,33,628.0,20724.0
2018-06-10,201806106205350,PRIN,1,11,200,519.0,103800.0
2018-06-10,201806106205339,PRIN,33,11,100,520.0,52000.0
2018-06-10,201806106205159,PRIN,43,11,50,520.0,26000.0
2018-06-10,201806106204862,PRIN,1,7,237,519.0,123003.0
2018-06-10,201806106205337,PRVU,49,38,200,200.0,40000.0
2018-06-10,201806106205336,PRVU,36,38,16,201.0,3216.0
2018-06-10,201806106204921,PRVU,17,56,500,199.0,99500.0
2018-06-10,201806106204920,PRVU,36,56,186,199.0,37014.0
2018-06-10,201806106204973,PRVU,36,40,224,201.0,45024.0
2018-06-10,201806106204949,PRVU,36,25,577,200.0,115400.0
2018-06-10,201806106204948,PRVU,36,38,160,200.0,32000.0
2018-06-10,201806106204924,PRVU,8,56,101,199.0,20099.0
2018-06-10,201806106204923,PRVU,40,56,200,199.0,39800.0
2018-06-10,201806106204922,PRVU,51,56,110,199.0,21890.0
2018-06-10,201806106205210,PRVU,36,57,40,201.0,8040.0
2018-06-10,201806106205171,PRVU,36,16,203,201.0,40803.0
2018-06-10,201806106204974,PRVU,36,26,280,201.0,56280.0
2018-06-10,201806106205181,RADHI,26,8,10,227.0,2270.0
2018-06-10,201806106205064,RADHI,26,4,10,227.0,2270.0
2018-06-10,201806106205000,RBCL,11,38,10,11100.0,111000.0
2018-06-10,201806106204999,RBCL,55,38,20,11100.0,222000.0
2018-06-10,201806106204998,RBCL,58,38,13,11110.0,144430.0
2018-06-10,201806106204997,RBCL,58,38,30,11120.0,333600.0
2018-06-10,201806106204996,RBCL,58,38,10,11120.0,111200.0
2018-06-10,201806106204906,RBCLPO,22,33,10,10380.0,103800.0
2018-06-10,201806106205258,RSDC,38,22,35,547.0,19145.0
2018-06-10,201806106204887,SAEF,59,39,5000,9.49,47450.0
2018-06-10,201806106205294,SANIMA,47,57,71,333.0,23643.0
2018-06-10,201806106205280,SANIMA,34,45,10,335.0,3350.0
2018-06-10,201806106205242,SANIMA,34,45,10,335.0,3350.0
2018-06-10,201806106205224,SANIMA,34,45,10,335.0,3350.0
2018-06-10,201806106205056,SANIMA,47,57,98,333.0,32634.0
2018-06-10,201806106205052,SANIMA,47,54,200,333.0,66600.0
2018-06-10,201806106204915,SANIMA,41,38,43,332.0,14276.0
2018-06-10,201806106205026,SANIMA,47,33,390,333.0,129870.0
2018-06-10,201806106205025,SANIMA,47,17,581,333.0,193473.0
2018-06-10,201806106205024,SANIMA,47,19,200,332.0,66400.0
2018-06-10,201806106205023,SANIMA,47,16,200,332.0,66400.0
2018-06-10,201806106205022,SANIMA,56,56,535,331.0,177085.0
2018-06-10,201806106204929,SANIMA,41,33,10,333.0,3330.0
2018-06-10,201806106205275,SBI,33,38,50,500.0,25000.0
2018-06-10,201806106205238,SBI,49,32,77,500.0,38500.0
2018-06-10,201806106205048,SBI,14,47,300,500.0,150000.0
2018-06-10,201806106204942,SBI,11,29,50,500.0,25000.0
2018-06-10,201806106204893,SBI,32,29,100,500.0,50000.0
2018-06-10,201806106204892,SBI,20,29,100,500.0,50000.0
2018-06-10,201806106204891,SBI,14,29,50,500.0,25000.0
2018-06-10,201806106205326,SBL,34,38,100,310.0,31000.0
2018-06-10,201806106205314,SBL,34,20,279,310.0,86490.0
2018-06-10,201806106205313,SBL,1,20,221,311.0,68731.0
2018-06-10,201806106205058,SBL,1,16,136,311.0,42296.0
2018-06-10,201806106204952,SBL,1,8,143,311.0,44473.0
2018-06-10,201806106204951,SBL,22,8,200,311.0,62200.0
2018-06-10,201806106204950,SBL,40,8,200,312.0,62400.0
2018-06-10,201806106205340,SCB,41,49,10,765.0,7650.0
2018-06-10,201806106205257,SCB,18,49,20,765.0,15300.0
2018-06-10,201806106205256,SCB,39,49,20,765.0,15300.0
2018-06-10,201806106205255,SCB,6,49,20,765.0,15300.0
2018-06-10,201806106205073,SCB,6,56,10,765.0,7650.0
2018-06-10,201806106205353,SDESI,45,7,62,1705.0,105710.0
2018-06-10,201806106205344,SDESI,45,53,13,1705.0,22165.0
2018-06-10,201806106205271,SDESI,38,13,11,1710.0,18810.0
2018-06-10,201806106205240,SDESI,34,45,27,1708.0,46116.0
2018-06-10,201806106205193,SDESI,29,8,11,1706.0,18766.0
2018-06-10,201806106205041,SDESI,45,45,100,1708.0,170800.0
2018-06-10,201806106205040,SDESI,34,45,20,1710.0,34200.0
2018-06-10,201806106204908,SHL,39,19,200,240.0,48000.0
2018-06-10,201806106204897,SHL,36,19,500,240.0,120000.0
2018-06-10,201806106205316,SHPC,41,34,32,339.0,10848.0
2018-06-10,201806106205297,SHPC,51,57,36,338.0,12168.0
2018-06-10,201806106205254,SHPC,46,34,50,339.0,16950.0
2018-06-10,201806106205253,SHPC,47,34,18,339.0,6102.0
2018-06-10,201806106204989,SHPC,47,37,982,339.0,332898.0
2018-06-10,201806106205213,SICL,39,54,143,972.0,138996.0
2018-06-10,201806106205122,SICL,56,56,9,956.0,8604.0
2018-06-10,201806106204904,SICL,39,37,112,975.0,109200.0
2018-06-10,201806106204903,SICL,22,37,368,976.0,359168.0
2018-06-10,201806106204902,SICL,17,37,20,980.0,19600.0
2018-06-10,201806106205028,SIL,32,5,280,700.0,196000.0
2018-06-10,201806106204984,SIL,58,53,460,700.0,322000.0
2018-06-10,201806106205338,SKBBL,59,57,107,1175.0,125725.0
2018-06-10,201806106205307,SKBBL,59,56,500,1176.0,588000.0
2018-06-10,201806106205306,SKBBL,48,56,10,1178.0,11780.0
2018-06-10,201806106205305,SKBBL,55,56,28,1178.0,32984.0
2018-06-10,201806106205283,SKBBL,55,26,15,1178.0,17670.0
2018-06-10,201806106205206,SKBBL,55,34,16,1178.0,18848.0
2018-06-10,201806106205205,SKBBL,11,34,10,1180.0,11800.0
2018-06-10,201806106205072,SKBBL,11,57,10,1180.0,11800.0
2018-06-10,201806106205322,SLBBL,21,34,100,1680.0,168000.0
2018-06-10,201806106205033,SLBS,26,45,26,1535.0,39910.0
2018-06-10,201806106205032,SLBS,11,45,50,1540.0,77000.0
2018-06-10,201806106205031,SLBS,28,45,30,1542.0,46260.0
2018-06-10,201806106205329,SLICL,42,48,10,658.0,6580.0
2018-06-10,201806106205281,SLICL,42,57,30,658.0,19740.0
2018-06-10,201806106205201,SLICL,8,56,250,658.0,164500.0
2018-06-10,201806106205200,SLICL,51,56,100,660.0,66000.0
2018-06-10,201806106205199,SLICL,22,56,50,660.0,33000.0
2018-06-10,201806106205198,SLICL,32,56,150,660.0,99000.0
2018-06-10,201806106205197,SLICL,21,56,100,661.0,66100.0
2018-06-10,201806106205191,SLICL,57,56,250,665.0,166250.0
2018-06-10,201806106205190,SLICL,43,56,50,665.0,33250.0
2018-06-10,201806106205189,SLICL,1,56,50,666.0,33300.0
2018-06-10,201806106205188,SLICL,34,56,10,666.0,6660.0
2018-06-10,201806106205293,SMFDB,56,51,100,952.0,95200.0
2018-06-10,201806106205292,SMFDB,37,51,50,952.0,47600.0
2018-06-10,201806106205291,SMFDB,29,51,100,952.0,95200.0
2018-06-10,201806106205290,SMFDB,7,51,50,953.0,47650.0
2018-06-10,201806106205289,SMFDB,57,51,100,954.0,95400.0
2018-06-10,201806106205220,SRBL,43,8,43,227.0,9761.0
2018-06-10,201806106204988,SRBL,43,49,75,227.0,17025.0
2018-06-10,201806106204884,SRBL,52,50,336,227.0,76272.0
2018-06-10,201806106204881,SRBL,43,8,45,228.0,10260.0
2018-06-10,201806106205221,SWBBL,35,34,20,1265.0,25300.0
2018-06-10,201806106204983,SWBBL,35,55,20,1265.0,25300.0
2018-06-10,201806106205131,UIC,45,45,100,960.0,96000.0
2018-06-10,201806106205298,UMHL,42,25,14,170.0,2380.0
2018-06-10,201806106205119,UMHL,16,21,203,169.0,34307.0
2018-06-10,201806106205079,UMHL,16,57,14,169.0,2366.0
2018-06-10,201806106205777,ADBL,44,13,15,320.0,4800.0
2018-06-10,201806106205835,AKPL,58,58,13,290.0,3770.0
2018-06-10,201806106205834,AKPL,58,58,13,290.0,3770.0
2018-06-10,201806106205833,AKPL,58,58,13,290.0,3770.0
2018-06-10,201806106205832,AKPL,58,58,13,290.0,3770.0
2018-06-10,201806106205831,AKPL,58,58,13,290.0,3770.0
2018-06-10,201806106205652,AKPL,58,58,13,287.0,3731.0
2018-06-10,201806106205651,AKPL,58,17,13,287.0,3731.0
2018-06-10,201806106205650,AKPL,58,22,13,287.0,3731.0
2018-06-10,201806106205688,API,39,17,29,290.0,8410.0
2018-06-10,201806106205552,API,45,39,28,290.0,8120.0
2018-06-10,201806106205531,API,45,51,69,290.0,20010.0
2018-06-10,201806106205513,API,43,51,100,286.0,28600.0
2018-06-10,201806106205497,API,37,51,200,286.0,57200.0
2018-06-10,201806106205489,API,43,51,200,290.0,58000.0
2018-06-10,201806106205488,API,50,51,19,290.0,5510.0
2018-06-10,201806106205398,API,50,22,17,290.0,4930.0
2018-06-10,201806106205830,BOKL,58,1,50,305.0,15250.0
2018-06-10,201806106205477,BOKL,58,39,100,305.0,30500.0
2018-06-10,201806106205423,BOKL,58,58,642,305.0,195810.0
2018-06-10,201806106205422,BOKL,26,58,30,305.0,9150.0
2018-06-10,201806106205421,BOKL,58,58,500,306.0,153000.0
2018-06-10,201806106205420,BOKL,25,58,200,306.0,61200.0
2018-06-10,201806106205419,BOKL,49,58,868,306.0,265608.0
2018-06-10,201806106205418,BOKL,14,58,10,307.0,3070.0
2018-06-10,201806106205850,BPCL,58,28,200,444.0,88800.0
2018-06-10,201806106205849,BPCL,58,28,64,444.0,28416.0
2018-06-10,201806106205741,BPCL,21,28,136,444.0,60384.0
2018-06-10,201806106205723,BPCL,21,40,54,444.0,23976.0
2018-06-10,201806106205715,BPCL,21,45,10,444.0,4440.0
2018-06-10,201806106205499,BPCL,46,21,200,444.0,88800.0
2018-06-10,201806106205479,CBBL,42,42,180,930.0,167400.0
2018-06-10,201806106205478,CBBL,17,42,10,930.0,9300.0
2018-06-10,201806106205457,CBBL,42,37,20,930.0,18600.0
2018-06-10,201806106205756,CBL,58,45,199,152.0,30248.0
2018-06-10,201806106205591,CBL,25,10,22,152.0,3344.0
2018-06-10,201806106205495,CBL,25,53,107,152.0,16264.0
2018-06-10,201806106205494,CBL,35,53,893,152.0,135736.0
2018-06-10,201806106205474,CBL,35,53,107,152.0,16264.0
2018-06-10,201806106205473,CBL,16,53,1000,152.0,152000.0
2018-06-10,201806106205460,CBL,35,53,100,153.0,15300.0
2018-06-10,201806106205459,CBL,17,39,30,153.0,4590.0
2018-06-10,201806106205458,CBL,58,39,166,154.0,25564.0
2018-06-10,201806106205466,CBL,47,53,147,153.0,22491.0
2018-06-10,201806106205465,CBL,6,53,400,153.0,61200.0
2018-06-10,201806106205464,CBL,29,53,100,153.0,15300.0
2018-06-10,201806106205463,CBL,14,53,50,153.0,7650.0
2018-06-10,201806106205462,CBL,52,53,200,153.0,30600.0
2018-06-10,201806106205461,CBL,29,53,400,153.0,61200.0
2018-06-10,201806106205472,CBL,41,53,100,152.0,15200.0
2018-06-10,201806106205471,CBL,49,53,1000,152.0,152000.0
2018-06-10,201806106205470,CBL,51,53,300,152.0,45600.0
2018-06-10,201806106205469,CBL,47,53,100,152.0,15200.0
2018-06-10,201806106205468,CBL,33,53,5000,152.0,760000.0
2018-06-10,201806106205467,CBL,22,53,1000,153.0,153000.0
2018-06-10,201806106205859,CCBL,49,17,458,169.0,77402.0
2018-06-10,201806106205782,CCBL,13,11,300,168.0,50400.0
2018-06-10,201806106205778,CCBL,35,34,31,168.0,5208.0
2018-06-10,201806106205725,CCBL,17,17,10,169.0,1690.0
2018-06-10,201806106205655,CCBL,49,17,500,169.0,84500.0
2018-06-10,201806106205654,CCBL,29,17,100,170.0,17000.0
2018-06-10,201806106205410,CCBL,19,22,16,170.0,2720.0
2018-06-10,201806106205374,CCBL,26,48,100,171.0,17100.0
2018-06-10,201806106205653,CCBL,21,17,19,170.0,3230.0
2018-06-10,201806106205415,CCBL,21,22,31,170.0,5270.0
2018-06-10,201806106205414,CCBL,38,22,300,170.0,51000.0
2018-06-10,201806106205413,CCBL,59,22,100,170.0,17000.0
2018-06-10,201806106205412,CCBL,25,22,1000,170.0,170000.0
2018-06-10,201806106205411,CCBL,11,22,500,170.0,85000.0
2018-06-10,201806106205792,CHCL,59,17,12,768.0,9216.0
2018-06-10,201806106205791,CHCL,59,36,42,768.0,32256.0
2018-06-10,201806106205790,CHCL,56,17,25,772.0,19300.0
2018-06-10,201806106205789,CHCL,59,36,42,768.0,32256.0
2018-06-10,201806106205620,CHL,39,17,10,138.0,1380.0
2018-06-10,201806106205818,CZBIL,41,10,43,245.0,10535.0
2018-06-10,201806106205817,CZBIL,34,10,300,245.0,73500.0
2018-06-10,201806106205816,CZBIL,39,10,100,245.0,24500.0
2018-06-10,201806106205815,CZBIL,14,10,50,245.0,12250.0
2018-06-10,201806106205814,CZBIL,53,10,200,245.0,49000.0
2018-06-10,201806106205813,CZBIL,13,10,200,245.0,49000.0
2018-06-10,201806106205579,CZBIL,43,14,124,246.0,30504.0
2018-06-10,201806106205578,CZBIL,53,14,73,246.0,17958.0
2018-06-10,201806106205535,CZBIL,43,17,76,246.0,18696.0
2018-06-10,201806106205812,CZBIL,58,10,100,245.0,24500.0
2018-06-10,201806106205811,CZBIL,51,10,1507,245.0,369215.0
2018-06-10,201806106205649,CZBIL,13,13,1127,246.0,277242.0
2018-06-10,201806106205648,CZBIL,22,13,300,246.0,73800.0
2018-06-10,201806106205581,CZBIL,51,14,293,245.0,71785.0
2018-06-10,201806106205580,CZBIL,53,14,10,245.0,2450.0
2018-06-10,201806106205855,DBBL,4,1,200,135.0,27000.0
2018-06-10,201806106205854,DBBL,41,1,50,135.0,6750.0
2018-06-10,201806106205797,EBL,53,17,19,680.0,12920.0
2018-06-10,201806106205796,EBL,41,17,63,680.0,42840.0
2018-06-10,201806106205795,EBL,35,17,20,681.0,13620.0
2018-06-10,201806106205767,EBL,44,28,22,685.0,15070.0
2018-06-10,201806106205704,EBL,41,17,61,680.0,41480.0
2018-06-10,201806106205697,EBL,14,17,10,681.0,6810.0
2018-06-10,201806106205452,EBL,41,38,176,682.0,120032.0
2018-06-10,201806106205397,EBL,49,49,235,680.0,159800.0
2018-06-10,201806106205703,EBL,49,17,265,680.0,180200.0
2018-06-10,201806106205702,EBL,32,17,30,680.0,20400.0
2018-06-10,201806106205701,EBL,32,17,100,680.0,68000.0
2018-06-10,201806106205700,EBL,28,17,50,680.0,34000.0
2018-06-10,201806106205699,EBL,41,17,30,680.0,20400.0
2018-06-10,201806106205698,EBL,16,17,122,680.0,82960.0
2018-06-10,201806106205592,EDBL,25,16,388,321.0,124548.0
2018-06-10,201806106205570,EDBL,42,16,90,321.0,28890.0
2018-06-10,201806106205569,EDBL,4,16,27,321.0,8667.0
2018-06-10,201806106205568,EDBL,4,16,100,321.0,32100.0
2018-06-10,201806106205567,EDBL,56,16,50,321.0,16050.0
2018-06-10,201806106205856,FOWAD,50,42,50,2280.0,114000.0
2018-06-10,201806106205734,FOWAD,47,11,14,2284.0,31976.0
2018-06-10,201806106205387,FOWAD,50,42,100,2280.0,228000.0
2018-06-10,201806106205708,GBBL,49,13,50,179.0,8950.0
2018-06-10,201806106205707,GBBL,22,13,371,179.0,66409.0
2018-06-10,201806106205516,GBBL,22,10,29,179.0,5191.0
2018-06-10,201806106205787,GBIME,45,34,22,296.0,6512.0
2018-06-10,201806106205675,GBIME,57,28,10,298.0,2980.0
2018-06-10,201806106205596,GBIME,13,13,995,297.0,295515.0
2018-06-10,201806106205553,GBIME,51,28,10,298.0,2980.0
2018-06-10,201806106205539,GBIME,51,46,53,296.0,15688.0
2018-06-10,201806106205517,GBIME,29,44,383,297.0,113751.0
2018-06-10,201806106205424,GBIME,40,44,17,297.0,5049.0
2018-06-10,201806106205382,GBIME,29,44,310,297.0,92070.0
2018-06-10,201806106205799,GBLBS,20,21,150,572.0,85800.0
2018-06-10,201806106205557,GBLBS,39,21,90,572.0,51480.0
2018-06-10,201806106205388,GBLBS,39,42,10,572.0,5720.0
2018-06-10,201806106205847,GDBL,22,22,265,201.0,53265.0
2018-06-10,201806106205785,GDBL,25,10,42,201.0,8442.0
2018-06-10,201806106205450,GDBL,25,52,100,201.0,20100.0
2018-06-10,201806106205393,GDBL,25,1,800,201.0,160800.0
2018-06-10,201806106205392,GDBL,25,1,200,201.0,40200.0
2018-06-10,201806106205540,GDBL,42,51,145,202.0,29290.0
2018-06-10,201806106205726,GLICL,38,34,100,920.0,92000.0
2018-06-10,201806106205602,GLICL,42,10,22,932.0,20504.0
2018-06-10,201806106205809,GMFIL,22,22,453,139.0,62967.0
2018-06-10,201806106205456,HAMRO,8,40,1000,136.0,136000.0
2018-06-10,201806106205455,HAMRO,8,57,100,136.0,13600.0
2018-06-10,201806106205858,HBL,29,10,36,565.0,20340.0
2018-06-10,201806106205820,HBL,22,28,54,570.0,30780.0
2018-06-10,201806106205819,HBL,35,28,30,573.0,17190.0
2018-06-10,201806106205395,HBL,22,34,46,570.0,26220.0
2018-06-10,201806106205394,HBL,43,34,54,571.0,30834.0
2018-06-10,201806106205793,HIDCL,28,10,28,157.0,4396.0
2018-06-10,201806106205603,HIDCL,28,21,56,157.0,8792.0
2018-06-10,201806106205522,HIDCL,28,10,28,157.0,4396.0
2018-06-10,201806106205515,IGI,42,7,800,882.0,705600.0
2018-06-10,201806106205514,IGI,41,7,20,885.0,17700.0
2018-06-10,201806106205501,IGI,42,7,200,882.0,176400.0
2018-06-10,201806106205390,IGI,41,1,50,895.0,44750.0
2018-06-10,201806106205673,JBBL,58,58,150,140.0,21000.0
2018-06-10,201806106205451,JBBL,5,47,122,141.0,17202.0
2018-06-10,201806106205575,JBNL,25,22,926,159.0,147234.0
2018-06-10,201806106205481,JBNL,58,28,824,159.0,131016.0
2018-06-10,201806106205449,JBNL,58,26,504,159.0,80136.0
2018-06-10,201806106205448,JBNL,57,57,8,160.0,1280.0
2018-06-10,201806106205384,JBNL,58,34,500,159.0,79500.0
2018-06-10,201806106205383,JBNL,58,42,172,159.0,27348.0
2018-06-10,201806106205822,KBBL,20,17,36,230.0,8280.0
2018-06-10,201806106205548,KBBL,20,13,50,230.0,11500.0
2018-06-10,201806106205810,KBL,29,26,18,213.0,3834.0
2018-06-10,201806106205538,KBL,49,17,100,213.0,21300.0
2018-06-10,201806106205751,KKHC,28,22,118,112.0,13216.0
2018-06-10,201806106205716,KKHC,28,17,16,112.0,1792.0
2018-06-10,201806106205623,KMCDB,17,1,10,1353.0,13530.0
2018-06-10,201806106205594,KMCDB,45,37,10,1370.0,13700.0
2018-06-10,201806106205593,KMCDB,45,34,90,1369.0,123210.0
2018-06-10,201806106205541,KMCDB,58,44,35,1353.0,47355.0
2018-06-10,201806106205807,KSBBL,58,10,27,154.0,4158.0
2018-06-10,201806106205727,KSBBL,58,10,27,154.0,4158.0
2018-06-10,201806106205519,KSBBL,58,1,1000,154.0,154000.0
2018-06-10,201806106205443,KSBBL,58,29,1000,155.0,155000.0
2018-06-10,201806106205442,KSBBL,58,13,204,155.0,31620.0
2018-06-10,201806106205372,KSBBL,58,13,823,154.0,126742.0
2018-06-10,201806106205862,LBBL,34,34,2250,150.0,337500.0
2018-06-10,201806106205637,LBBL,50,8,40,150.0,6000.0
2018-06-10,201806106205599,LBBL,1,8,60,150.0,9000.0
2018-06-10,201806106205821,LBL,54,46,174,255.0,44370.0
2018-06-10,201806106205747,LBL,1,46,326,255.0,83130.0
2018-06-10,201806106205739,LBL,1,17,31,255.0,7905.0
2018-06-10,201806106205604,LBL,29,56,100,256.0,25600.0
2018-06-10,201806106205566,LBL,1,28,43,255.0,10965.0
2018-06-10,201806106205560,LBL,1,20,100,255.0,25500.0
2018-06-10,201806106205559,LBL,17,20,500,255.0,127500.0
2018-06-10,201806106205558,LBL,16,20,100,255.0,25500.0
2018-06-10,201806106205504,LBL,53,56,55,256.0,14080.0
2018-06-10,201806106205379,LBL,53,17,40,256.0,10240.0
2018-06-10,201806106205641,LGIL,43,17,100,569.0,56900.0
2018-06-10,201806106205438,LGIL,32,22,651,560.0,364560.0
2018-06-10,201806106205437,LGIL,41,22,20,560.0,11200.0
2018-06-10,201806106205436,LGIL,44,22,20,560.0,11200.0
2018-06-10,201806106205435,LGIL,16,22,300,561.0,168300.0
2018-06-10,201806106205434,LGIL,25,22,40,561.0,22440.0
2018-06-10,201806106205433,LGIL,51,22,150,561.0,84150.0
2018-06-10,201806106205432,LGIL,25,22,30,565.0,16950.0
2018-06-10,201806106205431,LGIL,43,22,30,565.0,16950.0
2018-06-10,201806106205732,LICN,22,49,100,1617.0,161700.0
2018-06-10,201806106205731,LICN,49,49,100,1617.0,161700.0
2018-06-10,201806106205730,LICN,57,49,100,1617.0,161700.0
2018-06-10,201806106205729,LICN,34,49,25,1618.0,40450.0
2018-06-10,201806106205728,LICN,17,49,20,1618.0,32360.0
2018-06-10,201806106205429,LICN,17,57,180,1618.0,291240.0
2018-06-10,201806106205428,LICN,34,57,200,1620.0,324000.0
2018-06-10,201806106205427,LICN,56,57,100,1621.0,162100.0
2018-06-10,201806106205426,LICN,17,57,100,1621.0,162100.0
2018-06-10,201806106205425,LICN,51,57,20,1622.0,32440.0
2018-06-10,201806106205744,LLBS,16,16,100,1152.0,115200.0
2018-06-10,201806106205743,LLBS,34,16,10,1152.0,11520.0
2018-06-10,201806106205742,LLBS,52,16,20,1153.0,23060.0
2018-06-10,201806106205720,MBL,57,21,69,215.0,14835.0
2018-06-10,201806106205775,MEGA,25,16,50,174.0,8700.0
2018-06-10,201806106205774,MEGA,29,16,90,174.0,15660.0
2018-06-10,201806106205773,MEGA,44,45,99,174.0,17226.0
2018-06-10,201806106205614,MEGA,36,34,240,173.0,41520.0
2018-06-10,201806106205613,MEGA,47,34,165,173.0,28545.0
2018-06-10,201806106205612,MEGA,53,34,500,173.0,86500.0
2018-06-10,201806106205484,MEGA,36,1,100,173.0,17300.0
2018-06-10,201806106205483,MEGA,47,1,100,173.0,17300.0
2018-06-10,201806106205482,MEGA,48,1,41,173.0,7093.0
2018-06-10,201806106205446,MEGA,5,39,200,173.0,34600.0
2018-06-10,201806106205376,MEGA,51,28,1000,173.0,173000.0
2018-06-10,201806106205611,MEGA,16,34,200,173.0,34600.0
2018-06-10,201806106205610,MEGA,13,34,85,173.0,14705.0
2018-06-10,201806106205502,MEGA,13,22,28,173.0,4844.0
2018-06-10,201806106205487,MEGA,13,1,387,173.0,66951.0
2018-06-10,201806106205486,MEGA,55,1,50,173.0,8650.0
2018-06-10,201806106205485,MEGA,6,1,500,173.0,86500.0
2018-06-10,201806106205864,MERO,41,29,11,1105.0,12155.0
2018-06-10,201806106205622,MMFDB,45,28,20,1730.0,34600.0
2018-06-10,201806106205629,MNBBL,53,34,18,383.0,6894.0
2018-06-10,201806106205628,MNBBL,28,34,200,383.0,76600.0
2018-06-10,201806106205627,MNBBL,22,34,400,383.0,153200.0
2018-06-10,201806106205626,MNBBL,58,34,50,383.0,19150.0
2018-06-10,201806106205625,MNBBL,45,34,100,383.0,38300.0
2018-06-10,201806106205624,MNBBL,42,34,72,384.0,27648.0
2018-06-10,201806106205476,MSLB,53,53,15,2636.0,39540.0
2018-06-10,201806106205696,NABIL,55,42,100,945.0,94500.0
2018-06-10,201806106205695,NABIL,49,42,100,945.0,94500.0
2018-06-10,201806106205694,NABIL,42,42,100,945.0,94500.0
2018-06-10,201806106205693,NABIL,17,42,20,946.0,18920.0
2018-06-10,201806106205692,NABIL,29,42,20,947.0,18940.0
2018-06-10,201806106205691,NABIL,38,42,20,947.0,18940.0
2018-06-10,201806106205640,NABIL,29,34,30,947.0,28410.0
2018-06-10,201806106205587,NABIL,17,58,100,948.0,94800.0
2018-06-10,201806106205385,NABIL,29,42,270,950.0,256500.0
2018-06-10,201806106205836,NABILP,51,49,67,761.0,50987.0
2018-06-10,201806106205863,NBB,41,17,250,212.0,53000.0
2018-06-10,201806106205840,NBB,44,1,60,210.0,12600.0
2018-06-10,201806106205667,NBB,50,34,993,210.0,208530.0
2018-06-10,201806106205660,NBB,40,34,200,211.0,42200.0
2018-06-10,201806106205659,NBB,1,34,500,211.0,105500.0
2018-06-10,201806106205658,NBB,43,34,419,211.0,88409.0
2018-06-10,201806106205657,NBB,49,34,50,212.0,10600.0
2018-06-10,201806106205656,NBB,6,34,73,212.0,15476.0
2018-06-10,201806106205666,NBB,51,34,200,210.0,42000.0
2018-06-10,201806106205665,NBB,11,34,30,210.0,6300.0
2018-06-10,201806106205664,NBB,25,34,100,210.0,21000.0
2018-06-10,201806106205663,NBB,52,34,100,211.0,21100.0
2018-06-10,201806106205662,NBB,25,34,190,211.0,40090.0
2018-06-10,201806106205661,NBB,11,34,40,211.0,8440.0
2018-06-10,201806106205748,NBBL,51,4,20,2550.0,51000.0
2018-06-10,201806106205712,NBBL,22,16,20,2550.0,51000.0
2018-06-10,201806106205671,NBBL,34,16,20,2565.0,51300.0
2018-06-10,201806106205784,NBL,35,50,180,310.0,55800.0
2018-06-10,201806106205783,NBL,35,53,500,310.0,155000.0
2018-06-10,201806106205719,NBL,43,50,290,310.0,89900.0
2018-06-10,201806106205609,NBL,39,40,229,308.0,70532.0
2018-06-10,201806106205608,NBL,56,40,14,308.0,4312.0
2018-06-10,201806106205607,NBL,28,40,757,309.0,233913.0
2018-06-10,201806106205574,NBL,28,59,100,309.0,30900.0
2018-06-10,201806106205573,NBL,28,14,143,309.0,44187.0
2018-06-10,201806106205565,NBL,58,14,562,309.0,173658.0
2018-06-10,201806106205536,NBL,42,14,95,309.0,29355.0
2018-06-10,201806106205823,NCCB,44,10,19,242.0,4598.0
2018-06-10,201806106205745,NCCB,32,17,34,241.0,8194.0
2018-06-10,201806106205733,NCCB,32,10,25,241.0,6025.0
2018-06-10,201806106205690,NCCB,32,7,1500,241.0,361500.0
2018-06-10,201806106205605,NCCB,32,57,16,241.0,3856.0
2018-06-10,201806106205554,NCCB,48,10,16,241.0,3856.0
2018-06-10,201806106205475,NCCB,32,7,306,245.0,74970.0
2018-06-10,201806106205595,NEF,22,22,1127,8.25,9297.75
2018-06-10,201806106205521,NGPL,41,22,11,181.0,1991.0
2018-06-10,201806106205512,NHPC,22,8,450,85.0,38250.0
2018-06-10,201806106205511,NHPC,35,8,500,85.0,42500.0
2018-06-10,201806106205510,NHPC,32,8,100,85.0,8500.0
2018-06-10,201806106205509,NHPC,50,8,50,85.0,4250.0
2018-06-10,201806106205508,NHPC,42,8,500,85.0,42500.0
2018-06-10,201806106205714,NIB,25,14,100,628.0,62800.0
2018-06-10,201806106205687,NIB,52,34,68,625.0,42500.0
2018-06-10,201806106205686,NIB,42,34,100,625.0,62500.0
2018-06-10,201806106205685,NIB,16,34,176,625.0,110000.0
2018-06-10,201806106205636,NIB,16,58,24,625.0,15000.0
2018-06-10,201806106205635,NIB,57,58,100,625.0,62500.0
2018-06-10,201806106205583,NIB,51,58,90,629.0,56610.0
2018-06-10,201806106205571,NIB,53,19,1000,627.0,627000.0
2018-06-10,201806106205561,NIB,51,58,10,629.0,6290.0
2018-06-10,201806106205391,NIB,50,42,37,627.0,23199.0
2018-06-10,201806106205634,NIB,50,58,41,625.0,25625.0
2018-06-10,201806106205633,NIB,25,58,90,626.0,56340.0
2018-06-10,201806106205632,NIB,4,58,100,626.0,62600.0
2018-06-10,201806106205631,NIB,6,58,107,626.0,66982.0
2018-06-10,201806106205630,NIB,50,58,138,627.0,86526.0
2018-06-10,201806106205598,NIB,51,14,10,629.0,6290.0
2018-06-10,201806106205779,NICA,44,45,29,322.0,9338.0
2018-06-10,201806106205738,NICA,44,17,392,322.0,126224.0
2018-06-10,201806106205737,NICA,37,17,20,323.0,6460.0
2018-06-10,201806106205507,NICA,44,17,100,322.0,32200.0
2018-06-10,201806106205645,NICL,58,28,20,665.0,13300.0
2018-06-10,201806106205644,NICL,40,28,50,665.0,33250.0
2018-06-10,201806106205643,NICL,36,28,80,666.0,53280.0
2018-06-10,201806106205564,NICL,36,49,105,666.0,69930.0
2018-06-10,201806106205549,NICL,36,1,215,666.0,143190.0
2018-06-10,201806106205520,NICL,36,7,100,666.0,66600.0
2018-06-10,201806106205386,NIL,44,50,100,570.0,57000.0
2018-06-10,201806106205771,NLBBL,58,56,50,686.0,34300.0
2018-06-10,201806106205770,NLBBL,40,56,50,686.0,34300.0
2018-06-10,201806106205769,NLBBL,28,56,50,688.0,34400.0
2018-06-10,201806106205768,NLBBL,28,56,38,688.0,26144.0
2018-06-10,201806106205857,NLIC,4,50,226,1040.0,235040.0
2018-06-10,201806106205852,NLIC,17,17,6,1020.0,6120.0
2018-06-10,201806106205828,NLIC,4,35,17,1040.0,17680.0
2018-06-10,201806106205827,NLIC,4,50,72,1040.0,74880.0
2018-06-10,201806106205826,NLIC,4,19,300,1040.0,312000.0
2018-06-10,201806106205825,NLIC,4,34,575,1039.0,597425.0
2018-06-10,201806106205454,NLIC,59,38,200,1036.0,207200.0
2018-06-10,201806106205445,NLIC,6,10,50,1039.0,51950.0
2018-06-10,201806106205444,NLIC,45,10,47,1039.0,48833.0
2018-06-10,201806106205441,NLIC,45,43,103,1039.0,107017.0
2018-06-10,201806106205824,NLIC,4,10,183,1039.0,190137.0
2018-06-10,201806106205759,NLIC,51,58,100,1036.0,103600.0
2018-06-10,201806106205758,NLIC,1,58,100,1036.0,103600.0
2018-06-10,201806106205757,NLIC,5,58,200,1036.0,207200.0
2018-06-10,201806106205674,NLIC,53,10,20,1039.0,20780.0
2018-06-10,201806106205582,NLIC,5,57,100,1036.0,103600.0
2018-06-10,201806106205860,NMB,59,35,300,368.0,110400.0
2018-06-10,201806106205806,NMB,59,38,330,370.0,122100.0
2018-06-10,201806106205805,NMB,59,52,189,370.0,69930.0
2018-06-10,201806106205804,NMB,59,21,177,370.0,65490.0
2018-06-10,201806106205803,NMB,59,53,200,370.0,74000.0
2018-06-10,201806106205802,NMB,59,19,50,370.0,18500.0
2018-06-10,201806106205801,NMB,59,29,100,370.0,37000.0
2018-06-10,201806106205800,NMB,59,17,50,370.0,18500.0
2018-06-10,201806106205537,NMBHF1,25,22,1577,9.52,15013.04
2018-06-10,201806106205389,NMBMF,46,16,14,1456.0,20384.0
2018-06-10,201806106205838,NMFBS,41,44,23,2290.0,52670.0
2018-06-10,201806106205837,NMFBS,41,44,23,2290.0,52670.0
2018-06-10,201806106205534,NMFBS,16,21,11,2280.0,25080.0
2018-06-10,201806106205375,NMFBS,47,41,10,2280.0,22800.0
2018-06-10,201806106205480,NNLB,48,44,20,1947.0,38940.0
2018-06-10,201806106205370,NNLB,58,58,50,1947.0,97350.0
2018-06-10,201806106205678,NTC,19,37,300,735.0,220500.0
2018-06-10,201806106205677,NTC,20,37,100,735.0,73500.0
2018-06-10,201806106205676,NTC,1,37,100,736.0,73600.0
2018-06-10,201806106205556,NTC,22,44,1000,735.0,735000.0
2018-06-10,201806106205577,ODBL,32,10,14,180.0,2520.0
2018-06-10,201806106205746,PCBL,48,44,100,298.0,29800.0
2018-06-10,201806106205706,PCBL,57,44,10,298.0,2980.0
2018-06-10,201806106205505,PCBL,25,34,67,297.0,19899.0
2018-06-10,201806106205453,PCBL,7,10,500,298.0,149000.0
2018-06-10,201806106205365,PCBL,49,44,42,297.0,12474.0
2018-06-10,201806106205846,PIC,57,48,94,1190.0,111860.0
2018-06-10,201806106205845,PIC,58,48,100,1190.0,119000.0
2018-06-10,201806106205844,PIC,5,48,50,1190.0,59500.0
2018-06-10,201806106205843,PIC,51,48,30,1190.0,35700.0
2018-06-10,201806106205842,PIC,22,48,100,1191.0,119100.0
2018-06-10,201806106205841,PIC,39,48,26,1191.0,30966.0
2018-06-10,201806106205754,PIC,39,17,11,1191.0,13101.0
2018-06-10,201806106205736,PIC,29,29,11,1192.0,13112.0
2018-06-10,201806106205724,PIC,29,29,11,1192.0,13112.0
2018-06-10,201806106205542,PIC,39,47,11,1200.0,13200.0
2018-06-10,201806106205498,PIC,28,39,11,1199.0,13189.0
2018-06-10,201806106205788,PLIC,55,50,283,618.0,174894.0
2018-06-10,201806106205684,PRIN,55,53,400,516.0,206400.0
2018-06-10,201806106205683,PRIN,32,53,100,516.0,51600.0
2018-06-10,201806106205682,PRIN,43,53,50,516.0,25800.0
2018-06-10,201806106205681,PRIN,56,53,100,516.0,51600.0
2018-06-10,201806106205680,PRIN,33,53,200,517.0,103400.0
2018-06-10,201806106205679,PRIN,57,53,100,517.0,51700.0
2018-06-10,201806106205381,PRIN,7,35,30,519.0,15570.0
2018-06-10,201806106205380,PRIN,1,35,63,519.0,32697.0
2018-06-10,201806106205760,PRVU,54,17,22,198.0,4356.0
2018-06-10,201806106205711,PRVU,54,34,207,198.0,40986.0
2018-06-10,201806106205710,PRVU,47,34,200,198.0,39600.0
2018-06-10,201806106205709,PRVU,17,34,366,198.0,72468.0
2018-06-10,201806106205491,PRVU,1,1,121,199.0,24079.0
2018-06-10,201806106205490,PRVU,8,1,199,199.0,39601.0
2018-06-10,201806106205621,PRVU,13,56,500,198.0,99000.0
2018-06-10,201806106205572,PRVU,17,58,120,198.0,23760.0
2018-06-10,201806106205506,PRVU,17,45,14,198.0,2772.0
2018-06-10,201806106205493,PRVU,29,1,500,199.0,99500.0
2018-06-10,201806106205492,PRVU,51,1,1000,199.0,199000.0
2018-06-10,201806106205722,RADHI,28,45,10,226.0,2260.0
2018-06-10,201806106205672,RADHI,28,1,100,226.0,22600.0
2018-06-10,201806106205585,RADHI,28,42,740,226.0,167240.0
2018-06-10,201806106205584,RADHI,26,42,330,227.0,74910.0
2018-06-10,201806106205545,RADHI,26,22,10,227.0,2270.0
2018-06-10,201806106205713,RBCL,58,6,30,11100.0,333000.0
2018-06-10,201806106205639,RBCL,58,25,17,11100.0,188700.0
2018-06-10,201806106205619,RBCL,22,25,10,11100.0,111000.0
2018-06-10,201806106205618,RBCL,41,25,10,11103.0,111030.0
2018-06-10,201806106205617,RBCL,19,25,23,11105.0,255415.0
2018-06-10,201806106205616,RBCL,58,25,20,11106.0,222120.0
2018-06-10,201806106205576,RBCL,19,38,17,11105.0,188785.0
2018-06-10,201806106205430,RBCL,58,42,10,11101.0,111010.0
2018-06-10,201806106205496,RBCLPO,59,34,10,10380.0,103800.0
2018-06-10,201806106205409,RBCLPO,58,34,10,10380.0,103800.0
2018-06-10,201806106205798,RMDC,41,35,20,666.0,13320.0
2018-06-10,201806106205851,SADBL,38,59,100,162.0,16200.0
2018-06-10,201806106205753,SANIMA,19,17,200,331.0,66200.0
2018-06-10,201806106205752,SANIMA,5,17,617,331.0,204227.0
2018-06-10,201806106205590,SANIMA,5,14,383,331.0,126773.0
2018-06-10,201806106205589,SANIMA,47,14,17,333.0,5661.0
2018-06-10,201806106205588,SANIMA,59,14,100,334.0,33400.0
2018-06-10,201806106205500,SANIMA,47,57,149,333.0,49617.0
2018-06-10,201806106205794,SBBLJ,41,56,180,197.0,35460.0
2018-06-10,201806106205766,SBI,7,42,36,498.0,17928.0
2018-06-10,201806106205765,SBI,49,42,500,498.0,249000.0
2018-06-10,201806106205764,SBI,39,42,13,498.0,6474.0
2018-06-10,201806106205763,SBI,42,42,55,498.0,27390.0
2018-06-10,201806106205762,SBI,39,17,137,498.0,68226.0
2018-06-10,201806106205750,SBI,35,45,30,500.0,15000.0
2018-06-10,201806106205718,SBI,42,34,46,498.0,22908.0
2018-06-10,201806106205717,SBI,49,34,30,499.0,14970.0
2018-06-10,201806106205670,SBI,1,45,200,500.0,100000.0
2018-06-10,201806106205642,SBI,42,45,50,500.0,25000.0
2018-06-10,201806106205547,SBI,42,38,20,500.0,10000.0
2018-06-10,201806106205546,SBI,32,38,20,500.0,10000.0
2018-06-10,201806106205749,SBL,34,34,868,311.0,269948.0
2018-06-10,201806106205861,SCB,57,19,40,761.0,30440.0
2018-06-10,201806106205781,SCB,57,19,40,761.0,30440.0
2018-06-10,201806106205780,SCB,52,19,300,761.0,228300.0
2018-06-10,201806106205776,SCB,42,19,20,762.0,15240.0
2018-06-10,201806106205772,SCB,1,19,20,765.0,15300.0
2018-06-10,201806106205761,SCB,35,19,20,766.0,15320.0
2018-06-10,201806106205532,SCB,41,17,20,766.0,15320.0
2018-06-10,201806106205518,SCB,41,17,20,766.0,15320.0
2018-06-10,201806106205606,SCB,41,11,500,762.0,381000.0
2018-06-10,201806106205601,SCB,25,19,40,763.0,30520.0
2018-06-10,201806106205600,SCB,56,19,50,763.0,38150.0
2018-06-10,201806106205550,SCB,7,22,20,764.0,15280.0
2018-06-10,201806106205544,SCB,41,49,40,765.0,30600.0
2018-06-10,201806106205543,SCB,41,49,20,766.0,15320.0
2018-06-10,201806106205721,SCB,33,19,60,762.0,45720.0
2018-06-10,201806106205689,SCB,45,49,10,769.0,7690.0
2018-06-10,201806106205647,SCB,33,11,10,762.0,7620.0
2018-06-10,201806106205646,SCB,39,11,90,762.0,68580.0
2018-06-10,201806106205638,SCB,39,19,10,762.0,7620.0
2018-06-10,201806106205615,SCB,3,49,10,769.0,7690.0
2018-06-10,201806106205555,SDESI,38,1,10,1710.0,17100.0
2018-06-10,201806106205503,SDESI,42,44,13,1700.0,22100.0
2018-06-10,201806106205408,SDESI,16,38,40,1701.0,68040.0
2018-06-10,201806106205407,SDESI,28,38,50,1701.0,85050.0
2018-06-10,201806106205406,SDESI,51,38,20,1702.0,34040.0
2018-06-10,201806106205405,SDESI,28,38,20,1702.0,34040.0
2018-06-10,201806106205404,SDESI,25,38,200,1705.0,341000.0
2018-06-10,201806106205403,SDESI,45,38,12,1705.0,20460.0
2018-06-10,201806106205402,SDESI,38,38,25,1706.0,42650.0
2018-06-10,201806106205669,SHL,22,28,300,240.0,72000.0
2018-06-10,201806106205668,SHL,29,28,200,240.0,48000.0
2018-06-10,201806106205447,SHL,28,19,318,244.0,77592.0
2018-06-10,201806106205439,SHL,28,40,127,244.0,30988.0
2018-06-10,201806106205417,SHL,28,19,106,244.0,25864.0
2018-06-10,201806106205371,SHL,51,19,100,244.0,24400.0
2018-06-10,201806106205829,SHPC,47,40,300,339.0,101700.0
2018-06-10,201806106205440,SHPC,41,32,380,340.0,129200.0
2018-06-10,201806106205416,SHPC,47,21,20,339.0,6780.0
2018-06-10,201806106205373,SHPC,47,34,100,339.0,33900.0
2018-06-10,201806106205848,SICL,45,1,10,972.0,9720.0
2018-06-10,201806106205530,SICL,56,1,11,970.0,10670.0
2018-06-10,201806106205529,SICL,5,1,100,970.0,97000.0
2018-06-10,201806106205369,SICL,29,40,490,970.0,475300.0
2018-06-10,201806106205368,SICL,6,40,50,970.0,48500.0
2018-06-10,201806106205367,SICL,25,40,200,971.0,194200.0
2018-06-10,201806106205366,SICL,39,40,57,972.0,55404.0
2018-06-10,201806106205705,SIL,56,53,500,700.0,350000.0
2018-06-10,201806106205755,SLBBL,17,38,50,1670.0,83500.0
2018-06-10,201806106205735,SLBBL,41,42,150,1680.0,252000.0
2018-06-10,201806106205527,SLBBL,17,28,50,1670.0,83500.0
2018-06-10,201806106205526,SLBBL,7,28,100,1670.0,167000.0
2018-06-10,201806106205525,SLBBL,49,28,100,1672.0,167200.0
2018-06-10,201806106205524,SLBBL,34,28,50,1673.0,83650.0
2018-06-10,201806106205523,SLBBL,58,28,100,1674.0,167400.0
2018-06-10,201806106205597,SPDL,39,34,210,130.0,27300.0
2018-06-10,201806106205551,SPDL,39,22,10,130.0,1300.0
2018-06-10,201806106205740,SRBL,45,10,180,226.0,40680.0
2018-06-10,201806106205563,SRBL,43,37,682,227.0,154814.0
2018-06-10,201806106205562,SRBL,52,37,23,227.0,5221.0
2018-06-10,201806106205378,SRBL,43,33,200,227.0,45400.0
2018-06-10,201806106205377,SRBL,52,16,11,227.0,2497.0
2018-06-10,201806106205808,SWBBL,39,42,10,1264.0,12640.0
2018-06-10,201806106205528,SWBBL,35,35,60,1265.0,75900.0
2018-06-10,201806106205401,TRH,50,10,500,270.0,135000.0
2018-06-10,201806106205400,TRH,41,10,815,271.0,220865.0
2018-06-10,201806106205399,TRH,41,10,500,272.0,136000.0
2018-06-10,201806106205853,UIC,34,44,30,956.0,28680.0
2018-06-10,201806106205839,UIC,48,28,50,957.0,47850.0
2018-06-10,201806106205396,UIC,45,44,400,960.0,384000.0
2018-06-10,201806106205786,UMHL,42,17,25,170.0,4250.0
2018-06-10,201806106205533,VLBS,34,44,29,796.0,23084.0
2018-06-10,201806106205586,WOMI,39,7,95,1420.0,134900.0
2018-06-10,201806106203779,ADBL,35,8,30,322.0,9660.0
2018-06-10,201806106203778,ADBL,36,8,100,322.0,32200.0
2018-06-10,201806106203776,ADBL,42,29,295,324.0,95580.0
2018-06-10,201806106203679,ADBL,39,44,29,322.0,9338.0
2018-06-10,201806106203678,ADBL,47,44,33,322.0,10626.0
2018-06-10,201806106203677,ADBL,49,44,10,324.0,3240.0
2018-06-10,201806106203632,ADBL,19,8,150,323.0,48450.0
2018-06-10,201806106203631,ADBL,38,8,100,324.0,32400.0
2018-06-10,201806106203377,ADBL,39,29,195,323.0,62985.0
2018-06-10,201806106203670,AKPL,42,21,200,294.0,58800.0
2018-06-10,201806106203692,ALICL,6,50,49,710.0,34790.0
2018-06-10,201806106203769,API,37,37,17,299.0,5083.0
2018-06-10,201806106203669,API,38,52,19,295.0,5605.0
2018-06-10,201806106203386,API,50,22,17,295.0,5015.0
2018-06-10,201806106203732,BARUN,21,29,70,152.0,10640.0
2018-06-10,201806106203791,BOKL,59,32,30,309.0,9270.0
2018-06-10,201806106203690,BOKL,59,44,62,309.0,19158.0
2018-06-10,201806106203595,BOKL,45,34,100,310.0,31000.0
2018-06-10,201806106203855,BPCL,8,18,20,441.0,8820.0
2018-06-10,201806106203845,BPCL,40,18,20,441.0,8820.0
2018-06-10,201806106203827,BPCL,58,18,10,441.0,4410.0
2018-06-10,201806106203770,BPCL,28,7,400,443.0,177200.0
2018-06-10,201806106203708,BPCL,14,41,500,442.0,221000.0
2018-06-10,201806106203694,BPCL,58,52,20,441.0,8820.0
2018-06-10,201806106203537,BPCL,36,45,20,445.0,8900.0
2018-06-10,201806106203481,BPCL,41,58,20,445.0,8900.0
2018-06-10,201806106203693,BPCL,58,49,20,441.0,8820.0
2018-06-10,201806106203585,BPCL,17,46,300,442.0,132600.0
2018-06-10,201806106203584,BPCL,41,46,60,444.0,26640.0
2018-06-10,201806106203540,BPCL,41,45,40,444.0,17760.0
2018-06-10,201806106203539,BPCL,14,45,180,444.0,79920.0
2018-06-10,201806106203538,BPCL,29,45,10,444.0,4440.0
2018-06-10,201806106203797,CBL,47,32,62,153.0,9486.0
2018-06-10,201806106203758,CBL,42,48,289,154.0,44506.0
2018-06-10,201806106203757,CBL,42,41,489,154.0,75306.0
2018-06-10,201806106203662,CBL,13,48,70,154.0,10780.0
2018-06-10,201806106203661,CBL,55,48,41,154.0,6314.0
2018-06-10,201806106203630,CBL,55,56,84,154.0,12936.0
2018-06-10,201806106203512,CBL,19,48,200,154.0,30800.0
2018-06-10,201806106203511,CBL,17,48,86,154.0,13244.0
2018-06-10,201806106203451,CBL,47,6,291,153.0,44523.0
2018-06-10,201806106203372,CBL,59,26,1000,152.0,152000.0
2018-06-10,201806106203371,CBL,51,26,500,153.0,76500.0
2018-06-10,201806106203370,CBL,42,26,1000,153.0,153000.0
2018-06-10,201806106203832,CCBL,19,14,13,168.0,2184.0
2018-06-10,201806106203815,CCBL,29,29,1000,170.0,170000.0
2018-06-10,201806106203806,CCBL,39,39,474,169.0,80106.0
2018-06-10,201806106203805,CCBL,35,37,190,168.0,31920.0
2018-06-10,201806106203594,CCBL,49,10,49,169.0,8281.0
2018-06-10,201806106203841,CHCL,59,1,41,776.0,31816.0
2018-06-10,201806106203818,CHCL,59,1,23,776.0,17848.0
2018-06-10,201806106203817,CHCL,49,1,40,777.0,31080.0
2018-06-10,201806106203633,CHCL,16,50,50,778.0,38900.0
2018-06-10,201806106203731,CIT,44,33,200,2502.0,500400.0
2018-06-10,201806106203727,CIT,14,18,100,2529.0,252900.0
2018-06-10,201806106203689,CIT,29,18,90,2525.0,227250.0
2018-06-10,201806106203577,CIT,45,33,10,2540.0,25400.0
2018-06-10,201806106203473,CIT,5,18,10,2544.0,25440.0
2018-06-10,201806106203391,CIT,34,54,100,2550.0,255000.0
2018-06-10,201806106203793,CZBIL,57,37,48,247.0,11856.0
2018-06-10,201806106203792,CZBIL,26,37,50,247.0,12350.0
2018-06-10,201806106203458,CZBIL,51,11,200,245.0,49000.0
2018-06-10,201806106203406,CZBIL,53,28,20,245.0,4900.0
2018-06-10,201806106203405,CZBIL,53,28,30,245.0,7350.0
2018-06-10,201806106203675,DDBL,50,7,100,757.0,75700.0
2018-06-10,201806106203564,DDBL,32,7,192,755.0,144960.0
2018-06-10,201806106203563,DDBL,14,7,20,755.0,15100.0
2018-06-10,201806106203562,DDBL,51,7,68,756.0,51408.0
2018-06-10,201806106203561,DDBL,1,7,500,756.0,378000.0
2018-06-10,201806106203400,DDBL,11,7,100,770.0,77000.0
2018-06-10,201806106203399,DDBL,49,7,100,770.0,77000.0
2018-06-10,201806106203398,DDBL,32,7,154,770.0,118580.0
2018-06-10,201806106203657,EBL,34,8,15,698.0,10470.0
2018-06-10,201806106203583,EBL,16,58,400,685.0,274000.0
2018-06-10,201806106203582,EBL,16,58,385,685.0,263725.0
2018-06-10,201806106203432,EBL,34,32,150,684.0,102600.0
2018-06-10,201806106203541,EBL,14,14,500,682.0,341000.0
2018-06-10,201806106203514,EBL,16,16,410,684.0,280440.0
2018-06-10,201806106203482,EBL,16,16,1000,683.0,683000.0
2018-06-10,201806106203447,EBL,22,32,302,684.0,206568.0
2018-06-10,201806106203444,EBL,11,11,70,682.0,47740.0
2018-06-10,201806106203851,EDBL,28,28,2,321.0,642.0
2018-06-10,201806106203618,EDBL,36,45,595,321.0,190995.0
2018-06-10,201806106203617,EDBL,25,45,478,321.0,153438.0
2018-06-10,201806106203803,FMDBL,33,44,511,566.0,289226.0
2018-06-10,201806106203802,FMDBL,33,34,100,565.0,56500.0
2018-06-10,201806106203801,FMDBL,33,53,100,564.0,56400.0
2018-06-10,201806106203747,FMDBL,34,17,50,563.0,28150.0
2018-06-10,201806106203437,FMDBL,33,6,90,560.0,50400.0
2018-06-10,201806106203623,FOWAD,54,42,20,2330.0,46600.0
2018-06-10,201806106203480,FOWAD,54,32,31,2310.0,71610.0
2018-06-10,201806106203479,FOWAD,54,57,10,2310.0,23100.0
2018-06-10,201806106203421,FOWAD,28,47,10,2300.0,23000.0
2018-06-10,201806106203687,GBBL,38,13,1000,180.0,180000.0
2018-06-10,201806106203686,GBBL,21,13,313,180.0,56340.0
2018-06-10,201806106203685,GBBL,26,13,200,181.0,36200.0
2018-06-10,201806106203684,GBBL,49,13,50,181.0,9050.0
2018-06-10,201806106203384,GBBL,21,33,187,180.0,33660.0
2018-06-10,201806106203374,GBBL,26,56,10,183.0,1830.0
2018-06-10,201806106203448,GBIME,45,11,100,296.0,29600.0
2018-06-10,201806106203671,GBLBS,38,38,10,571.0,5710.0
2018-06-10,201806106203667,GBLBS,38,38,10,571.0,5710.0
2018-06-10,201806106203660,GBLBS,38,38,10,571.0,5710.0
2018-06-10,201806106203656,GBLBS,38,38,10,571.0,5710.0
2018-06-10,201806106203642,GBLBS,38,38,10,571.0,5710.0
2018-06-10,201806106203639,GBLBS,38,38,10,571.0,5710.0
2018-06-10,201806106203427,GBLBS,38,7,180,581.0,104580.0
2018-06-10,201806106203472,GBLBS,38,38,10,568.0,5680.0
2018-06-10,201806106203471,GBLBS,38,38,10,568.0,5680.0
2018-06-10,201806106203438,GBLBS,49,7,60,577.0,34620.0
2018-06-10,201806106203430,GBLBS,49,7,100,577.0,57700.0
2018-06-10,201806106203429,GBLBS,37,7,200,580.0,116000.0
2018-06-10,201806106203428,GBLBS,47,7,20,580.0,11600.0
2018-06-10,201806106203568,GBLBS,38,59,10,570.0,5700.0
2018-06-10,201806106203567,GBLBS,38,38,10,570.0,5700.0
2018-06-10,201806106203521,GBLBS,38,38,10,570.0,5700.0
2018-06-10,201806106203513,GBLBS,38,38,10,570.0,5700.0
2018-06-10,201806106203508,GBLBS,38,38,10,570.0,5700.0
2018-06-10,201806106203495,GBLBS,44,44,10,575.0,5750.0
2018-06-10,201806106203635,GBLBS,38,38,10,571.0,5710.0
2018-06-10,201806106203626,GBLBS,38,38,10,571.0,5710.0
2018-06-10,201806106203596,GBLBS,38,38,10,571.0,5710.0
2018-06-10,201806106203581,GBLBS,38,38,10,570.0,5700.0
2018-06-10,201806106203576,GBLBS,38,38,10,570.0,5700.0
2018-06-10,201806106203570,GBLBS,38,38,10,570.0,5700.0
2018-06-10,201806106203420,GDBL,55,33,125,200.0,25000.0
2018-06-10,201806106203821,HBL,13,58,40,576.0,23040.0
2018-06-10,201806106203820,HBL,39,58,10,576.0,5760.0
2018-06-10,201806106203819,HBL,38,58,15,578.0,8670.0
2018-06-10,201806106203621,HIDCL,17,22,29,158.0,4582.0
2018-06-10,201806106203385,HIDCL,29,49,29,156.0,4524.0
2018-06-10,201806106203383,HIDCL,29,49,56,156.0,8736.0
2018-06-10,201806106203850,HPPL,22,22,10,301.0,3010.0
2018-06-10,201806106203849,HPPL,22,22,10,301.0,3010.0
2018-06-10,201806106203775,HPPL,5,45,10,300.0,3000.0
2018-06-10,201806106203501,HPPL,5,34,60,300.0,18000.0
2018-06-10,201806106203470,HPPL,19,7,10,301.0,3010.0
2018-06-10,201806106203468,HPPL,5,19,10,300.0,3000.0
2018-06-10,201806106203828,ICFC,39,39,6,176.0,1056.0
2018-06-10,201806106203853,JBBL,57,21,13,140.0,1820.0
2018-06-10,201806106203650,JBBL,4,46,12,139.0,1668.0
2018-06-10,201806106203575,JBBL,4,35,39,139.0,5421.0
2018-06-10,201806106203767,JBNL,57,49,26,159.0,4134.0
2018-06-10,201806106203746,JBNL,47,52,200,160.0,32000.0
2018-06-10,201806106203745,JBNL,40,52,167,160.0,26720.0
2018-06-10,201806106203616,JBNL,40,46,500,160.0,80000.0
2018-06-10,201806106203587,JBNL,4,18,844,160.0,135040.0
2018-06-10,201806106203574,JBNL,40,10,133,160.0,21280.0
2018-06-10,201806106203533,JBNL,36,17,10,161.0,1610.0
2018-06-10,201806106203518,JBNL,19,17,200,161.0,32200.0
2018-06-10,201806106203517,JBNL,22,17,190,161.0,30590.0
2018-06-10,201806106203500,JBNL,19,28,150,162.0,24300.0
2018-06-10,201806106203593,JFL,25,29,1230,166.0,204180.0
2018-06-10,201806106203560,JSLBB,58,10,12,3038.0,36456.0
2018-06-10,201806106203519,JSLBB,19,17,12,3044.0,36528.0
2018-06-10,201806106203483,JSLBB,21,21,4,3040.0,12160.0
2018-06-10,201806106203558,JSLBB,58,10,12,3038.0,36456.0
2018-06-10,201806106203557,JSLBB,58,10,12,3038.0,36456.0
2018-06-10,201806106203555,JSLBB,58,10,12,3038.0,36456.0
2018-06-10,201806106203550,JSLBB,58,10,12,3038.0,36456.0
2018-06-10,201806106203544,JSLBB,58,10,12,3038.0,36456.0
2018-06-10,201806106203543,JSLBB,58,10,12,3038.0,36456.0
2018-06-10,201806106203403,KBBL,58,26,159,234.0,37206.0
2018-06-10,201806106203765,KBL,22,44,103,217.0,22351.0
2018-06-10,201806106203674,KBL,45,46,100,216.0,21600.0
2018-06-10,201806106203673,KBL,19,46,50,217.0,10850.0
2018-06-10,201806106203641,KBL,19,48,100,217.0,21700.0
2018-06-10,201806106203645,KNBL,41,56,70,130.0,9100.0
2018-06-10,201806106203615,KSBBL,49,17,50,155.0,7750.0
2018-06-10,201806106203843,LBBL,47,47,100,151.0,15100.0
2018-06-10,201806106203842,LBBL,47,13,94,150.0,14100.0
2018-06-10,201806106203794,LBL,21,58,56,260.0,14560.0
2018-06-10,201806106203566,LBL,54,33,200,260.0,52000.0
2018-06-10,201806106203847,LGIL,17,48,200,565.0,113000.0
2018-06-10,201806106203831,LGIL,17,7,200,564.0,112800.0
2018-06-10,201806106203504,LGIL,34,49,100,560.0,56000.0
2018-06-10,201806106203502,LGIL,37,49,100,560.0,56000.0
2018-06-10,201806106203397,LGIL,33,29,200,571.0,114200.0
2018-06-10,201806106203396,LGIL,39,29,10,571.0,5710.0
2018-06-10,201806106203534,LICN,13,22,15,1650.0,24750.0
2018-06-10,201806106203816,MBL,56,58,22,215.0,4730.0
2018-06-10,201806106203638,MBL,1,33,100,215.0,21500.0
2018-06-10,201806106203477,MBL,13,11,200,216.0,43200.0
2018-06-10,201806106203476,MBL,19,11,150,217.0,32550.0
2018-06-10,201806106203743,MEGA,57,25,46,175.0,8050.0
2018-06-10,201806106203734,MEGA,6,25,46,174.0,8004.0
2018-06-10,201806106203726,MEGA,6,25,46,174.0,8004.0
2018-06-10,201806106203715,MEGA,6,25,46,174.0,8004.0
2018-06-10,201806106203714,MEGA,29,29,560,175.0,98000.0
2018-06-10,201806106203705,MEGA,6,25,46,174.0,8004.0
2018-06-10,201806106203388,MEGA,45,32,380,177.0,67260.0
2018-06-10,201806106203412,MEGA,22,44,100,176.0,17600.0
2018-06-10,201806106203411,MEGA,22,44,100,176.0,17600.0
2018-06-10,201806106203410,MEGA,58,44,506,176.0,89056.0
2018-06-10,201806106203409,MEGA,35,44,26,176.0,4576.0
2018-06-10,201806106203408,MEGA,17,44,19,176.0,3344.0
2018-06-10,201806106203389,MEGA,45,51,20,177.0,3540.0
2018-06-10,201806106203418,MEGA,6,44,500,176.0,88000.0
2018-06-10,201806106203417,MEGA,17,44,1000,176.0,176000.0
2018-06-10,201806106203416,MEGA,19,44,90,176.0,15840.0
2018-06-10,201806106203415,MEGA,41,44,150,176.0,26400.0
2018-06-10,201806106203414,MEGA,14,44,50,176.0,8800.0
2018-06-10,201806106203413,MEGA,22,44,500,176.0,88000.0
2018-06-10,201806106203478,MEGA,35,57,895,175.0,156625.0
2018-06-10,201806106203466,MEGA,36,44,100,176.0,17600.0
2018-06-10,201806106203455,MEGA,34,44,10,176.0,1760.0
2018-06-10,201806106203426,MEGA,20,44,10,176.0,1760.0
2018-06-10,201806106203425,MEGA,58,44,500,176.0,88000.0
2018-06-10,201806106203419,MEGA,19,44,100,176.0,17600.0
2018-06-10,201806106203556,MEGA,35,46,370,175.0,64750.0
2018-06-10,201806106203536,MEGA,49,7,400,175.0,70000.0
2018-06-10,201806106203523,MEGA,49,10,97,175.0,16975.0
2018-06-10,201806106203520,MEGA,35,32,642,175.0,112350.0
2018-06-10,201806106203485,MEGA,49,44,139,175.0,24325.0
2018-06-10,201806106203484,MEGA,16,44,100,175.0,17500.0
2018-06-10,201806106203603,MEGA,26,7,100,175.0,17500.0
2018-06-10,201806106203602,MEGA,35,7,93,175.0,16275.0
2018-06-10,201806106203601,MEGA,29,7,10,175.0,1750.0
2018-06-10,201806106203600,MEGA,49,7,100,175.0,17500.0
2018-06-10,201806106203599,MEGA,49,7,199,175.0,34825.0
2018-06-10,201806106203565,MEGA,49,10,65,175.0,11375.0
2018-06-10,201806106203609,MEGA,21,7,100,175.0,17500.0
2018-06-10,201806106203608,MEGA,28,7,100,175.0,17500.0
2018-06-10,201806106203607,MEGA,55,7,250,175.0,43750.0
2018-06-10,201806106203606,MEGA,41,7,300,175.0,52500.0
2018-06-10,201806106203605,MEGA,53,7,400,175.0,70000.0
2018-06-10,201806106203604,MEGA,58,7,400,175.0,70000.0
2018-06-10,201806106203698,MEGA,6,25,46,174.0,8004.0
2018-06-10,201806106203697,MEGA,6,6,50,175.0,8750.0
2018-06-10,201806106203683,MEGA,59,25,46,174.0,8004.0
2018-06-10,201806106203649,MEGA,59,49,340,174.0,59160.0
2018-06-10,201806106203648,MEGA,29,49,10,174.0,1740.0
2018-06-10,201806106203624,MEGA,59,25,100,174.0,17400.0
2018-06-10,201806106203772,MLBL,36,40,440,173.0,76120.0
2018-06-10,201806106203771,MLBL,39,40,60,173.0,10380.0
2018-06-10,201806106203741,MLBL,51,29,900,174.0,156600.0
2018-06-10,201806106203644,MLBL,1,29,100,174.0,17400.0
2018-06-10,201806106203446,MMFDB,22,47,16,1750.0,28000.0
2018-06-10,201806106203373,MNBBL,50,46,100,382.0,38200.0
2018-06-10,201806106203356,MNBBL,58,25,800,385.0,308000.0
2018-06-10,201806106203634,MSLB,41,16,5,2590.0,12950.0
2018-06-10,201806106203464,MSLB,11,16,15,2610.0,39150.0
2018-06-10,201806106203509,MSMBS,42,58,10,708.0,7080.0
2018-06-10,201806106203449,MSMBS,42,37,53,708.0,37524.0
2018-06-10,201806106203814,NABIL,1,16,100,960.0,96000.0
2018-06-10,201806106203813,NABIL,13,16,30,961.0,28830.0
2018-06-10,201806106203812,NABIL,16,16,100,961.0,96100.0
2018-06-10,201806106203811,NABIL,42,16,40,961.0,38440.0
2018-06-10,201806106203382,NABIL,52,17,15,960.0,14400.0
2018-06-10,201806106203381,NABIL,17,17,100,960.0,96000.0
2018-06-10,201806106203380,NABIL,6,17,50,960.0,48000.0
2018-06-10,201806106203379,NABIL,41,17,10,965.0,9650.0
2018-06-10,201806106203378,NABIL,41,17,50,965.0,48250.0
2018-06-10,201806106203852,NABILP,28,47,30,769.0,23070.0
2018-06-10,201806106203365,NABILP,38,38,1500,765.0,1147500.0
2018-06-10,201806106203822,NBB,1,14,11,216.0,2376.0
2018-06-10,201806106203435,NBB,50,57,529,215.0,113735.0
2018-06-10,201806106203434,NBB,40,57,200,215.0,43000.0
2018-06-10,201806106203647,NBL,57,8,90,308.0,27720.0
2018-06-10,201806106203646,NBL,49,8,10,309.0,3090.0
2018-06-10,201806106203711,NCCB,19,58,48,254.0,12192.0
2018-06-10,201806106203463,NGPL,44,44,11,180.0,1980.0
2018-06-10,201806106203387,NGPL,44,44,11,182.0,2002.0
2018-06-10,201806106203579,NHPC,28,7,900,86.0,77400.0
2018-06-10,201806106203800,NIB,32,29,342,626.0,214092.0
2018-06-10,201806106203799,NIB,32,32,99,626.0,61974.0
2018-06-10,201806106203798,NIB,32,58,417,626.0,261042.0
2018-06-10,201806106203733,NIB,53,49,28,625.0,17500.0
2018-06-10,201806106203728,NIB,42,44,57,625.0,35625.0
2018-06-10,201806106203598,NIB,53,35,10,625.0,6250.0
2018-06-10,201806106203433,NIB,51,58,10,626.0,6260.0
2018-06-10,201806106203376,NIB,34,4,824,625.0,515000.0
2018-06-10,201806106203375,NIB,28,4,250,625.0,156250.0
2018-06-10,201806106203369,NIB,49,58,150,626.0,93900.0
2018-06-10,201806106203358,NIB,11,58,13,626.0,8138.0
2018-06-10,201806106203357,NIB,19,58,10,626.0,6260.0
2018-06-10,201806106203554,NIB,53,40,41,625.0,25625.0
2018-06-10,201806106203467,NIB,38,40,50,625.0,31250.0
2018-06-10,201806106203461,NIB,48,40,10,625.0,6250.0
2018-06-10,201806106203457,NIB,21,21,3,615.0,1845.0
2018-06-10,201806106203441,NIB,41,37,100,625.0,62500.0
2018-06-10,201806106203440,NIB,34,37,176,625.0,110000.0
2018-06-10,201806106203737,NIBPO,22,46,45,560.0,25200.0
2018-06-10,201806106203422,NIBPO,33,16,100,560.0,56000.0
2018-06-10,201806106203723,NICA,59,58,84,321.0,26964.0
2018-06-10,201806106203655,NICA,49,49,1369,317.0,433973.0
2018-06-10,201806106203620,NICA,59,35,187,321.0,60027.0
2018-06-10,201806106203774,NICL,38,7,145,656.0,95120.0
2018-06-10,201806106203768,NICL,38,13,55,665.0,36575.0
2018-06-10,201806106203736,NICL,45,45,500,660.0,330000.0
2018-06-10,201806106203529,NICL,58,18,70,653.0,45710.0
2018-06-10,201806106203528,NICL,16,18,100,654.0,65400.0
2018-06-10,201806106203527,NICL,13,18,100,654.0,65400.0
2018-06-10,201806106203526,NICL,39,18,100,655.0,65500.0
2018-06-10,201806106203525,NICL,58,18,10,655.0,6550.0
2018-06-10,201806106203524,NICL,5,18,40,655.0,26200.0
2018-06-10,201806106203846,NLIC,37,37,17,1039.0,17663.0
2018-06-10,201806106203833,NLIC,58,16,83,1040.0,86320.0
2018-06-10,201806106203789,NLIC,26,50,128,1043.0,133504.0
2018-06-10,201806106203788,NLIC,26,50,22,1040.0,22880.0
2018-06-10,201806106203742,NLIC,38,38,17,1033.0,17561.0
2018-06-10,201806106203735,NLIC,38,38,17,1033.0,17561.0
2018-06-10,201806106203487,NLIC,7,40,17,1040.0,17680.0
2018-06-10,201806106203486,NLIC,7,40,17,1040.0,17680.0
2018-06-10,201806106203367,NLIC,42,29,10,1035.0,10350.0
2018-06-10,201806106203613,NLIC,48,10,43,1032.0,44376.0
2018-06-10,201806106203612,NLIC,22,10,20,1033.0,20660.0
2018-06-10,201806106203611,NLIC,14,10,20,1033.0,20660.0
2018-06-10,201806106203610,NLIC,58,10,33,1034.0,34122.0
2018-06-10,201806106203580,NLIC,58,39,17,1034.0,17578.0
2018-06-10,201806106203488,NLIC,7,50,16,1040.0,16640.0
2018-06-10,201806106203676,NLIC,25,29,100,1039.0,103900.0
2018-06-10,201806106203668,NLIC,52,16,100,1038.0,103800.0
2018-06-10,201806106203658,NLIC,35,58,200,1038.0,207600.0
2018-06-10,201806106203654,NLIC,32,29,348,1039.0,361572.0
2018-06-10,201806106203653,NLIC,32,58,145,1038.0,150510.0
2018-06-10,201806106203614,NLIC,36,10,33,1032.0,34056.0
2018-06-10,201806106203730,NLIC,38,38,17,1033.0,17561.0
2018-06-10,201806106203706,NLIC,38,38,17,1033.0,17561.0
2018-06-10,201806106203696,NLIC,38,38,17,1033.0,17561.0
2018-06-10,201806106203688,NLIC,38,38,17,1033.0,17561.0
2018-06-10,201806106203681,NLIC,32,50,462,1040.0,480480.0
2018-06-10,201806106203680,NLIC,32,29,45,1039.0,46755.0
2018-06-10,201806106203722,NLICL,28,47,10,1280.0,12800.0
2018-06-10,201806106203829,NMB,48,22,53,372.0,19716.0
2018-06-10,201806106203756,NMB,56,13,200,370.0,74000.0
2018-06-10,201806106203755,NMB,56,21,120,370.0,44400.0
2018-06-10,201806106203725,NMB,46,58,28,368.0,10304.0
2018-06-10,201806106203682,NMB,46,44,59,368.0,21712.0
2018-06-10,201806106203553,NMB,40,18,238,368.0,87584.0
2018-06-10,201806106203423,NMB,46,49,69,368.0,25392.0
2018-06-10,201806106203804,NMBMF,38,17,18,1480.0,26640.0
2018-06-10,201806106203439,NMFBS,34,42,10,2295.0,22950.0
2018-06-10,201806106203839,PCBL,42,44,100,299.0,29900.0
2018-06-10,201806106203838,PCBL,52,44,300,299.0,89700.0
2018-06-10,201806106203837,PCBL,11,44,500,299.0,149500.0
2018-06-10,201806106203836,PCBL,32,44,88,299.0,26312.0
2018-06-10,201806106203826,PCBL,32,37,112,299.0,33488.0
2018-06-10,201806106203597,PCBL,8,49,27,298.0,8046.0
2018-06-10,201806106203459,PCBL,37,28,75,300.0,22500.0
2018-06-10,201806106203436,PCBL,49,13,1000,300.0,300000.0
2018-06-10,201806106203394,PCBL,37,28,50,300.0,15000.0
2018-06-10,201806106203559,PCBL,33,44,875,299.0,261625.0
2018-06-10,201806106203549,PCBL,33,16,125,299.0,37375.0
2018-06-10,201806106203548,PCBL,49,16,200,300.0,60000.0
2018-06-10,201806106203547,PCBL,42,16,100,300.0,30000.0
2018-06-10,201806106203546,PCBL,49,16,175,300.0,52500.0
2018-06-10,201806106203460,PCBL,49,28,325,300.0,97500.0
2018-06-10,201806106203856,PIC,54,46,11,1200.0,13200.0
2018-06-10,201806106203844,PIC,58,40,11,1194.0,13134.0
2018-06-10,201806106203825,PIC,38,38,11,1202.0,13222.0
2018-06-10,201806106203824,PIC,38,38,11,1202.0,13222.0
2018-06-10,201806106203823,PIC,38,38,11,1202.0,13222.0
2018-06-10,201806106203796,PIC,29,50,300,1200.0,360000.0
2018-06-10,201806106203360,PIC,45,10,11,1195.0,13145.0
2018-06-10,201806106203359,PIC,45,16,104,1194.0,124176.0
2018-06-10,201806106203390,PIC,45,50,11,1195.0,13145.0
2018-06-10,201806106203366,PIC,45,10,11,1195.0,13145.0
2018-06-10,201806106203364,PIC,45,45,11,1195.0,13145.0
2018-06-10,201806106203363,PIC,45,10,11,1195.0,13145.0
2018-06-10,201806106203362,PIC,45,10,11,1195.0,13145.0
2018-06-10,201806106203361,PIC,45,17,11,1195.0,13145.0
2018-06-10,201806106203465,PIC,51,56,11,1192.0,13112.0
2018-06-10,201806106203462,PIC,51,56,11,1192.0,13112.0
2018-06-10,201806106203456,PIC,28,56,10,1193.0,11930.0
2018-06-10,201806106203404,PIC,56,49,11,1191.0,13101.0
2018-06-10,201806106203401,PIC,56,49,11,1191.0,13101.0
2018-06-10,201806106203392,PIC,45,10,11,1195.0,13145.0
2018-06-10,201806106203761,PIC,58,43,17,1200.0,20400.0
2018-06-10,201806106203760,PIC,58,58,227,1198.0,271946.0
2018-06-10,201806106203759,PIC,58,17,11,1195.0,13145.0
2018-06-10,201806106203573,PIC,56,16,11,1191.0,13101.0
2018-06-10,201806106203491,PIC,47,10,11,1195.0,13145.0
2018-06-10,201806106203490,PIC,47,10,11,1195.0,13145.0
2018-06-10,201806106203795,PIC,58,50,70,1200.0,84000.0
2018-06-10,201806106203782,PIC,38,38,11,1204.0,13244.0
2018-06-10,201806106203781,PIC,38,38,11,1204.0,13244.0
2018-06-10,201806106203780,PIC,38,38,11,1204.0,13244.0
2018-06-10,201806106203763,PIC,29,58,100,1198.0,119800.0
2018-06-10,201806106203762,PIC,58,1,12,1200.0,14400.0
2018-06-10,201806106203835,PICL,6,50,200,810.0,162000.0
2018-06-10,201806106203744,PICL,21,21,150,797.0,119550.0
2018-06-10,201806106203739,PICL,6,50,200,808.0,161600.0
2018-06-10,201806106203629,PICL,48,10,176,796.0,140096.0
2018-06-10,201806106203740,PRIN,54,55,50,519.0,25950.0
2018-06-10,201806106203710,PRIN,32,49,44,518.0,22792.0
2018-06-10,201806106203497,PRIN,22,41,150,520.0,78000.0
2018-06-10,201806106203395,PRIN,13,41,50,520.0,26000.0
2018-06-10,201806106203665,PROFL,37,32,200,152.0,30400.0
2018-06-10,201806106203622,PROFL,21,32,100,155.0,15500.0
2018-06-10,201806106203532,PROFL,37,32,30,158.0,4740.0
2018-06-10,201806106203450,PROFL,37,32,50,161.0,8050.0
2018-06-10,201806106203659,PRVU,49,40,10,202.0,2020.0
2018-06-10,201806106203625,PRVU,47,22,100,201.0,20100.0
2018-06-10,201806106203619,PRVU,38,56,101,200.0,20200.0
2018-06-10,201806106203551,PRVU,36,22,100,201.0,20100.0
2018-06-10,201806106203494,RBCLPO,42,48,10,10500.0,105000.0
2018-06-10,201806106203493,RBCLPO,28,48,10,10500.0,105000.0
2018-06-10,201806106203766,RHPC,51,7,200,126.0,25200.0
2018-06-10,201806106203569,RMDC,37,47,70,660.0,46200.0
2018-06-10,201806106203531,RMDC,4,42,500,659.0,329500.0
2018-06-10,201806106203522,RMDC,5,7,300,661.0,198300.0
2018-06-10,201806106203474,RMDC,5,19,200,661.0,132200.0
2018-06-10,201806106203790,RSDC,45,14,100,560.0,56000.0
2018-06-10,201806106203636,RSDC,41,1,25,570.0,14250.0
2018-06-10,201806106203666,SANIMA,45,16,100,332.0,33200.0
2018-06-10,201806106203443,SBI,36,57,30,503.0,15090.0
2018-06-10,201806106203442,SBI,7,57,39,503.0,19617.0
2018-06-10,201806106203431,SBI,7,28,40,503.0,20120.0
2018-06-10,201806106203637,SBL,45,56,50,311.0,15550.0
2018-06-10,201806106203516,SBL,45,18,372,311.0,115692.0
2018-06-10,201806106203515,SBL,47,18,29,312.0,9048.0
2018-06-10,201806106203454,SBL,47,57,170,312.0,53040.0
2018-06-10,201806106203453,SBL,32,57,30,313.0,9390.0
2018-06-10,201806106203445,SBL,47,37,301,312.0,93912.0
2018-06-10,201806106203721,SCB,45,29,348,770.0,267960.0
2018-06-10,201806106203720,SCB,45,40,10,770.0,7700.0
2018-06-10,201806106203719,SCB,45,40,10,770.0,7700.0
2018-06-10,201806106203718,SCB,45,6,10,769.0,7690.0
2018-06-10,201806106203640,SCB,34,11,100,767.0,76700.0
2018-06-10,201806106203628,SCB,5,11,200,768.0,153600.0
2018-06-10,201806106203627,SCB,1,11,100,768.0,76800.0
2018-06-10,201806106203552,SCB,14,59,10,767.0,7670.0
2018-06-10,201806106203424,SCB,25,25,1397,755.0,1054735.0
2018-06-10,201806106203407,SCB,1,45,38,766.0,29108.0
2018-06-10,201806106203729,SDESI,38,49,11,1721.0,18931.0
2018-06-10,201806106203652,SDESI,34,59,13,1720.0,22360.0
2018-06-10,201806106203530,SDESI,42,59,13,1720.0,22360.0
2018-06-10,201806106203499,SDESI,42,17,13,1720.0,22360.0
2018-06-10,201806106203492,SDESI,42,17,13,1720.0,22360.0
2018-06-10,201806106203489,SDESI,38,17,13,1730.0,22490.0
2018-06-10,201806106203586,SEF,11,34,500,9.15,4575.0
2018-06-10,201806106203854,SHPC,4,16,200,338.0,67600.0
2018-06-10,201806106203786,SHPC,36,34,500,335.0,167500.0
2018-06-10,201806106203785,SHPC,39,34,300,335.0,100500.0
2018-06-10,201806106203784,SHPC,45,34,300,335.0,100500.0
2018-06-10,201806106203783,SHPC,50,34,750,336.0,252000.0
2018-06-10,201806106203773,SHPC,50,26,100,336.0,33600.0
2018-06-10,201806106203475,SHPC,46,47,822,338.0,277836.0
2018-06-10,201806106203695,SHPC,47,47,32,337.0,10784.0
2018-06-10,201806106203592,SHPC,28,10,38,334.0,12692.0
2018-06-10,201806106203591,SHPC,53,10,30,334.0,10020.0
2018-06-10,201806106203590,SHPC,14,10,50,335.0,16750.0
2018-06-10,201806106203589,SHPC,13,10,282,335.0,94470.0
2018-06-10,201806106203588,SHPC,36,10,100,336.0,33600.0
2018-06-10,201806106203707,SHPC,47,47,240,337.0,80880.0
2018-06-10,201806106203704,SHPC,47,47,65,337.0,21905.0
2018-06-10,201806106203703,SHPC,47,47,50,337.0,16850.0
2018-06-10,201806106203702,SHPC,47,47,105,337.0,35385.0
2018-06-10,201806106203700,SHPC,47,47,170,337.0,57290.0
2018-06-10,201806106203699,SHPC,47,47,24,337.0,8088.0
2018-06-10,201806106203738,SHPC,50,46,150,336.0,50400.0
2018-06-10,201806106203717,SHPC,47,47,150,337.0,50550.0
2018-06-10,201806106203716,SHPC,47,47,88,337.0,29656.0
2018-06-10,201806106203713,SHPC,47,47,30,337.0,10110.0
2018-06-10,201806106203712,SHPC,47,47,56,337.0,18872.0
2018-06-10,201806106203709,SHPC,47,47,265,337.0,89305.0
2018-06-10,201806106203753,SIC,35,37,200,1303.0,260600.0
2018-06-10,201806106203752,SIC,58,37,30,1303.0,39090.0
2018-06-10,201806106203751,SIC,29,37,20,1304.0,26080.0
2018-06-10,201806106203750,SIC,34,37,50,1304.0,65200.0
2018-06-10,201806106203749,SIC,58,37,200,1305.0,261000.0
2018-06-10,201806106203748,SIC,33,37,100,1306.0,130600.0
2018-06-10,201806106203848,SICL,39,14,45,985.0,44325.0
2018-06-10,201806106203691,SICL,56,7,258,985.0,254130.0
2018-06-10,201806106203535,SICL,21,46,58,983.0,57014.0
2018-06-10,201806106203507,SICL,21,19,40,983.0,39320.0
2018-06-10,201806106203506,SICL,29,19,10,983.0,9830.0
2018-06-10,201806106203505,SICL,6,19,35,983.0,34405.0
2018-06-10,201806106203498,SICL,21,19,15,985.0,14775.0
2018-06-10,201806106203368,SICL,6,37,15,983.0,14745.0
2018-06-10,201806106203830,SIL,37,7,80,700.0,56000.0
2018-06-10,201806106203808,SKBBL,59,14,35,1187.0,41545.0
2018-06-10,201806106203807,SKBBL,21,14,10,1188.0,11880.0
2018-06-10,201806106203777,SKBBL,28,28,22,1188.0,26136.0
2018-06-10,201806106203764,SKBBL,28,28,22,1188.0,26136.0
2018-06-10,201806106203701,SKBBL,28,28,22,1188.0,26136.0
2018-06-10,201806106203672,SKBBL,28,28,22,1188.0,26136.0
2018-06-10,201806106203664,SKBBL,10,34,25,1199.0,29975.0
2018-06-10,201806106203663,SKBBL,10,34,500,1199.0,599500.0
2018-06-10,201806106203651,SKBBL,28,28,22,1188.0,26136.0
2018-06-10,201806106203542,SKBBL,28,28,22,1188.0,26136.0
2018-06-10,201806106203452,SKBBL,28,28,22,1188.0,26136.0
2018-06-10,201806106203809,SLBBL,48,48,250,1700.0,425000.0
2018-06-10,201806106203754,SLBBL,16,48,250,1695.0,423750.0
2018-06-10,201806106203510,SLBBL,48,48,250,1695.0,423750.0
2018-06-10,201806106203724,SLBS,26,49,10,1535.0,15350.0
2018-06-10,201806106203503,SMATA,17,17,4,1362.0,5448.0
2018-06-10,201806106203496,SMATA,17,17,8,1362.0,10896.0
2018-06-10,201806106203578,SMB,20,34,10,601.0,6010.0
2018-06-10,201806106203545,SMB,34,34,10,590.0,5900.0
2018-06-10,201806106203393,SMB,51,34,10,568.0,5680.0
2018-06-10,201806106203469,SMB,34,34,10,579.0,5790.0
2018-06-10,201806106203402,SMFDBP,19,36,1000,615.0,615000.0
2018-06-10,201806106203643,SPDL,7,46,22,129.0,2838.0
2018-06-10,201806106203840,SRBL,36,32,30,227.0,6810.0
2018-06-10,201806106203810,SRBL,36,14,53,227.0,12031.0
2018-06-10,201806106203572,SWBBL,21,7,200,1260.0,252000.0
2018-06-10,201806106203571,SWBBL,22,7,100,1261.0,126100.0
2018-06-10,201806106203787,WOMI,55,26,25,1446.0,36150.0
2018-06-10,201806106206790,ADBL,6,42,49,314.0,15386.0
2018-06-10,201806106206747,ADBL,13,13,500,315.0,157500.0
2018-06-10,201806106206444,ADBL,35,26,30,317.0,9510.0
2018-06-10,201806106206443,ADBL,19,26,13,317.0,4121.0
2018-06-10,201806106206627,ADBL,42,13,50,315.0,15750.0
2018-06-10,201806106206626,ADBL,40,13,96,315.0,30240.0
2018-06-10,201806106206524,ADBL,4,8,1000,315.0,315000.0
2018-06-10,201806106206513,ADBL,35,8,1000,316.0,316000.0
2018-06-10,201806106206445,ADBL,35,26,299,316.0,94484.0
2018-06-10,201806106206699,ADBL,29,50,150,316.0,47400.0
2018-06-10,201806106206639,ADBL,58,13,1000,314.0,314000.0
2018-06-10,201806106206629,ADBL,14,13,120,315.0,37800.0
2018-06-10,201806106206628,ADBL,17,13,500,315.0,157500.0
2018-06-10,201806106206864,ALICL,4,42,24,689.0,16536.0
2018-06-10,201806106206860,ALICL,32,17,600,690.0,414000.0
2018-06-10,201806106206859,ALICL,4,17,26,690.0,17940.0
2018-06-10,201806106206722,ALICL,4,42,24,690.0,16560.0
2018-06-10,201806106206754,API,58,56,60,292.0,17520.0
2018-06-10,201806106206663,API,28,10,138,289.0,39882.0
2018-06-10,201806106206413,API,21,16,18,288.0,5184.0
2018-06-10,201806106206824,BOKL,25,26,59,305.0,17995.0
2018-06-10,201806106206823,BOKL,49,26,300,305.0,91500.0
2018-06-10,201806106206748,BOKL,58,52,71,307.0,21797.0
2018-06-10,201806106206537,BOKL,49,6,200,305.0,61000.0
2018-06-10,201806106206853,BPCL,26,18,10,445.0,4450.0
2018-06-10,201806106206822,BPCL,26,18,20,445.0,8900.0
2018-06-10,201806106206778,BPCL,26,18,20,445.0,8900.0
2018-06-10,201806106206483,BPCL,46,40,20,445.0,8900.0
2018-06-10,201806106206482,BPCL,46,40,20,445.0,8900.0
2018-06-10,201806106206419,BPCL,19,40,20,445.0,8900.0
2018-06-10,201806106206418,BPCL,19,40,20,445.0,8900.0
2018-06-10,201806106206414,BPCL,58,19,40,444.0,17760.0
2018-06-10,201806106206489,BPCL,46,40,20,445.0,8900.0
2018-06-10,201806106206488,BPCL,46,40,20,445.0,8900.0
2018-06-10,201806106206487,BPCL,46,40,20,445.0,8900.0
2018-06-10,201806106206486,BPCL,46,40,20,445.0,8900.0
2018-06-10,201806106206485,BPCL,46,40,20,445.0,8900.0
2018-06-10,201806106206484,BPCL,46,40,20,445.0,8900.0
2018-06-10,201806106206571,BPCL,35,21,30,446.0,13380.0
2018-06-10,201806106206500,BPCL,58,51,20,444.0,8880.0
2018-06-10,201806106206493,BPCL,46,40,20,445.0,8900.0
2018-06-10,201806106206492,BPCL,46,40,20,445.0,8900.0
2018-06-10,201806106206491,BPCL,46,40,20,445.0,8900.0
2018-06-10,201806106206490,BPCL,46,40,20,445.0,8900.0
2018-06-10,201806106206833,CBBL,29,45,30,925.0,27750.0
2018-06-10,201806106206617,CBBL,13,4,20,920.0,18400.0
2018-06-10,201806106206589,CBBL,4,45,880,925.0,814000.0
2018-06-10,201806106206584,CBBL,4,42,15,925.0,13875.0
2018-06-10,201806106206581,CBBL,4,42,15,925.0,13875.0
2018-06-10,201806106206517,CBBL,4,42,90,925.0,83250.0
2018-06-10,201806106206854,CBL,26,42,158,153.0,24174.0
2018-06-10,201806106206525,CBL,26,45,14,153.0,2142.0
2018-06-10,201806106206811,CCBL,49,10,12,169.0,2028.0
2018-06-10,201806106206751,CCBL,49,41,56,169.0,9464.0
2018-06-10,201806106206678,CCBL,49,42,40,169.0,6760.0
2018-06-10,201806106206644,CCBL,49,17,196,169.0,33124.0
2018-06-10,201806106206456,CCBL,50,26,154,170.0,26180.0
2018-06-10,201806106206750,CHCL,41,26,82,774.0,63468.0
2018-06-10,201806106206749,CHCL,41,37,23,773.0,17779.0
2018-06-10,201806106206458,CHCL,32,58,340,775.0,263500.0
2018-06-10,201806106206479,CIT,25,33,35,2510.0,87850.0
2018-06-10,201806106206478,CIT,25,33,80,2511.0,200880.0
2018-06-10,201806106206820,CZBIL,14,26,22,245.0,5390.0
2018-06-10,201806106206819,CZBIL,39,26,350,246.0,86100.0
2018-06-10,201806106206809,CZBIL,39,33,50,246.0,12300.0
2018-06-10,201806106206746,CZBIL,39,22,100,246.0,24600.0
2018-06-10,201806106206463,CZBIL,43,26,100,246.0,24600.0
2018-06-10,201806106206451,CZBIL,43,4,200,246.0,49200.0
2018-06-10,201806106206468,DBBL,4,26,14,134.0,1876.0
2018-06-10,201806106206789,EBL,13,26,45,680.0,30600.0
2018-06-10,201806106206788,EBL,42,26,400,680.0,272000.0
2018-06-10,201806106206787,EBL,19,26,20,680.0,13600.0
2018-06-10,201806106206786,EBL,50,26,50,680.0,34000.0
2018-06-10,201806106206785,EBL,55,26,50,680.0,34000.0
2018-06-10,201806106206784,EBL,47,26,50,680.0,34000.0
2018-06-10,201806106206381,EBL,51,32,49,685.0,33565.0
2018-06-10,201806106206603,EBL,39,55,200,687.0,137400.0
2018-06-10,201806106206465,EBL,36,45,70,685.0,47950.0
2018-06-10,201806106206783,EBL,53,26,81,680.0,55080.0
2018-06-10,201806106206782,EBL,13,26,500,681.0,340500.0
2018-06-10,201806106206781,EBL,40,26,100,681.0,68100.0
2018-06-10,201806106206780,EBL,25,26,100,682.0,68200.0
2018-06-10,201806106206779,EBL,36,26,43,685.0,29455.0
2018-06-10,201806106206843,EDBL,56,32,500,321.0,160500.0
2018-06-10,201806106206376,EDBL,39,48,198,317.0,62766.0
2018-06-10,201806106206367,FMDBL,43,28,50,555.0,27750.0
2018-06-10,201806106206366,FMDBL,19,28,50,555.0,27750.0
2018-06-10,201806106206791,FOWAD,50,10,26,2250.0,58500.0
2018-06-10,201806106206711,FOWAD,28,17,26,2255.0,58630.0
2018-06-10,201806106206652,FOWAD,42,10,26,2255.0,58630.0
2018-06-10,201806106206380,FOWAD,39,38,100,2260.0,226000.0
2018-06-10,201806106206701,GBBL,39,42,169,176.0,29744.0
2018-06-10,201806106206534,GBBL,29,45,56,177.0,9912.0
2018-06-10,201806106206495,GBBL,29,51,19,177.0,3363.0
2018-06-10,201806106206837,GBIME,48,1,100,296.0,29600.0
2018-06-10,201806106206836,GBIME,11,1,130,296.0,38480.0
2018-06-10,201806106206835,GBIME,28,1,170,296.0,50320.0
2018-06-10,201806106206825,GBIME,28,10,11,296.0,3256.0
2018-06-10,201806106206808,GBIME,28,42,68,296.0,20128.0
2018-06-10,201806106206744,GBIME,51,32,792,296.0,234432.0
2018-06-10,201806106206716,GBIME,51,10,11,296.0,3256.0
2018-06-10,201806106206710,GBIME,51,42,68,296.0,20128.0
2018-06-10,201806106206605,GBIME,51,10,11,296.0,3256.0
2018-06-10,201806106206396,GBIME,25,25,108,297.0,32076.0
2018-06-10,201806106206520,GBLBS,50,17,10,573.0,5730.0
2018-06-10,201806106206771,GDBL,59,32,50,200.0,10000.0
2018-06-10,201806106206676,GDBL,25,43,100,200.0,20000.0
2018-06-10,201806106206675,GDBL,21,43,200,200.0,40000.0
2018-06-10,201806106206674,GDBL,36,43,500,200.0,100000.0
2018-06-10,201806106206673,GDBL,16,43,300,200.0,60000.0
2018-06-10,201806106206672,GDBL,17,43,44,200.0,8800.0
2018-06-10,201806106206807,GILB,35,14,37,1176.0,43512.0
2018-06-10,201806106206806,GILB,16,14,10,1180.0,11800.0
2018-06-10,201806106206805,GILB,17,14,10,1180.0,11800.0
2018-06-10,201806106206804,GILB,35,7,19,1176.0,22344.0
2018-06-10,201806106206801,GLICL,41,57,200,905.0,181000.0
2018-06-10,201806106206857,GUFLPO,28,17,4239,100.0,423900.0
2018-06-10,201806106206829,GUFLPO,28,17,4563,100.0,456300.0
2018-06-10,201806106206797,GUFLPO,28,17,4563,100.0,456300.0
2018-06-10,201806106206776,GUFLPO,28,17,630,100.0,63000.0
2018-06-10,201806106206775,HATH,56,22,110,132.0,14520.0
2018-06-10,201806106206731,HATH,5,22,100,134.0,13400.0
2018-06-10,201806106206433,HBL,42,40,86,565.0,48590.0
2018-06-10,201806106206432,HBL,29,40,114,565.0,64410.0
2018-06-10,201806106206554,HGI,51,16,191,453.0,86523.0
2018-06-10,201806106206553,HGI,21,16,100,454.0,45400.0
2018-06-10,201806106206552,HGI,39,16,100,455.0,45500.0
2018-06-10,201806106206551,HGI,54,16,50,455.0,22750.0
2018-06-10,201806106206550,HGI,40,16,49,455.0,22295.0
2018-06-10,201806106206401,HGI,40,10,60,455.0,27300.0
2018-06-10,201806106206400,HGI,45,10,100,456.0,45600.0
2018-06-10,201806106206399,HGI,57,10,40,456.0,18240.0
2018-06-10,201806106206765,HIDCL,28,7,56,157.0,8792.0
2018-06-10,201806106206861,HPPL,42,13,20,300.0,6000.0
2018-06-10,201806106206849,HPPL,42,13,10,300.0,3000.0
2018-06-10,201806106206756,HPPL,42,32,40,300.0,12000.0
2018-06-10,201806106206694,HPPL,42,17,10,300.0,3000.0
2018-06-10,201806106206594,HPPL,42,28,500,300.0,150000.0
2018-06-10,201806106206586,HPPL,42,48,10,300.0,3000.0
2018-06-10,201806106206424,HPPL,58,58,10,302.0,3020.0
2018-06-10,201806106206423,HPPL,58,17,10,302.0,3020.0
2018-06-10,201806106206564,HPPL,42,48,10,300.0,3000.0
2018-06-10,201806106206523,HPPL,58,58,20,302.0,6040.0
2018-06-10,201806106206522,HPPL,58,58,20,302.0,6040.0
2018-06-10,201806106206521,HPPL,58,58,20,302.0,6040.0
2018-06-10,201806106206426,HPPL,58,58,10,302.0,3020.0
2018-06-10,201806106206425,HPPL,58,58,10,302.0,3020.0
2018-06-10,201806106206647,JBBL,51,51,10,144.0,1440.0
2018-06-10,201806106206602,JBBL,41,51,20,142.0,2840.0
2018-06-10,201806106206526,JBBL,13,51,10,141.0,1410.0
2018-06-10,201806106206518,JBBL,13,58,100,141.0,14100.0
2018-06-10,201806106206464,JBBL,57,26,11,140.0,1540.0
2018-06-10,201806106206379,JBBL,38,38,11,141.0,1551.0
2018-06-10,201806106206726,JBNL,58,42,95,158.0,15010.0
2018-06-10,201806106206693,JBNL,1,41,100,159.0,15900.0
2018-06-10,201806106206635,JBNL,41,21,100,160.0,16000.0
2018-06-10,201806106206549,JBNL,6,6,830,158.0,131140.0
2018-06-10,201806106206436,JBNL,58,22,2188,159.0,347892.0
2018-06-10,201806106206796,JFL,18,17,118,169.0,19942.0
2018-06-10,201806106206455,JSLBB,38,22,12,3000.0,36000.0
2018-06-10,201806106206725,KBBL,4,10,13,227.0,2951.0
2018-06-10,201806106206625,KBL,36,1,500,214.0,107000.0
2018-06-10,201806106206476,KBL,6,26,26,212.0,5512.0
2018-06-10,201806106206721,KKHC,28,22,172,110.0,18920.0
2018-06-10,201806106206852,KMCDB,48,58,50,1340.0,67000.0
2018-06-10,201806106206842,KMCDB,58,58,200,1340.0,268000.0
2018-06-10,201806106206831,KMCDB,48,58,26,1340.0,34840.0
2018-06-10,201806106206830,KMCDB,28,58,10,1341.0,13410.0
2018-06-10,201806106206609,KMCDB,48,10,16,1342.0,21472.0
2018-06-10,201806106206666,KMCDB,48,7,16,1340.0,21440.0
2018-06-10,201806106206657,KMCDB,48,7,484,1342.0,649528.0
2018-06-10,201806106206631,KMFL,19,53,10,1626.0,16260.0
2018-06-10,201806106206607,KMFL,19,53,10,1626.0,16260.0
2018-06-10,201806106206545,KNBL,17,51,190,128.0,24320.0
2018-06-10,201806106206858,KSBBL,58,42,107,154.0,16478.0
2018-06-10,201806106206793,KSBBL,26,21,300,155.0,46500.0
2018-06-10,201806106206777,KSBBL,46,32,100,155.0,15500.0
2018-06-10,201806106206615,KSBBL,8,26,209,155.0,32395.0
2018-06-10,201806106206803,LBBL,58,42,32,149.0,4768.0
2018-06-10,201806106206688,LBBL,50,38,1000,151.0,151000.0
2018-06-10,201806106206634,LBBL,50,53,500,150.0,75000.0
2018-06-10,201806106206365,LBBL,58,38,650,149.0,96850.0
2018-06-10,201806106206799,LBL,39,42,15,253.0,3795.0
2018-06-10,201806106206728,LBL,1,45,90,254.0,22860.0
2018-06-10,201806106206727,LBL,17,45,10,255.0,2550.0
2018-06-10,201806106206398,LBL,21,21,40,255.0,10200.0
2018-06-10,201806106206453,LGIL,43,10,100,558.0,55800.0
2018-06-10,201806106206452,LGIL,47,10,50,558.0,27900.0
2018-06-10,201806106206427,LGIL,13,16,50,560.0,28000.0
2018-06-10,201806106206655,LICN,25,49,295,1617.0,477015.0
2018-06-10,201806106206679,LLBS,38,10,24,1131.0,27144.0
2018-06-10,201806106206814,MBL,53,26,319,212.0,67628.0
2018-06-10,201806106206813,MBL,32,26,100,213.0,21300.0
2018-06-10,201806106206535,MBL,41,13,117,215.0,25155.0
2018-06-10,201806106206516,MBL,41,13,183,215.0,39345.0
2018-06-10,201806106206481,MBL,51,13,1500,214.0,321000.0
2018-06-10,201806106206480,MBL,6,13,432,214.0,92448.0
2018-06-10,201806106206466,MBL,41,17,54,217.0,11718.0
2018-06-10,201806106206409,MDB,1,17,373,284.0,105932.0
2018-06-10,201806106206408,MDB,56,17,100,284.0,28400.0
2018-06-10,201806106206845,MEGA,1,42,59,174.0,10266.0
2018-06-10,201806106206763,MEGA,33,40,22,174.0,3828.0
2018-06-10,201806106206762,MEGA,1,40,143,174.0,24882.0
2018-06-10,201806106206742,MEGA,28,6,500,175.0,87500.0
2018-06-10,201806106206741,MEGA,28,34,526,175.0,92050.0
2018-06-10,201806106206740,MEGA,28,52,68,175.0,11900.0
2018-06-10,201806106206519,MEGA,11,10,52,174.0,9048.0
2018-06-10,201806106206475,MEGA,11,45,592,174.0,103008.0
2018-06-10,201806106206457,MEGA,19,51,29,175.0,5075.0
2018-06-10,201806106206450,MEGA,11,19,29,174.0,5046.0
2018-06-10,201806106206403,MEGA,11,38,23,174.0,4002.0
2018-06-10,201806106206374,MEGA,42,51,50,175.0,8750.0
2018-06-10,201806106206580,MEGA,58,51,98,175.0,17150.0
2018-06-10,201806106206577,MEGA,40,51,35,175.0,6125.0
2018-06-10,201806106206576,MEGA,40,51,245,175.0,42875.0
2018-06-10,201806106206575,MEGA,40,44,220,175.0,38500.0
2018-06-10,201806106206572,MEGA,11,58,49,174.0,8526.0
2018-06-10,201806106206567,MEGA,11,58,49,174.0,8526.0
2018-06-10,201806106206739,MEGA,28,51,367,175.0,64225.0
2018-06-10,201806106206715,MEGA,1,42,59,174.0,10266.0
2018-06-10,201806106206661,MEGA,1,33,298,174.0,51852.0
2018-06-10,201806106206660,MEGA,22,33,300,174.0,52200.0
2018-06-10,201806106206659,MEGA,39,33,100,174.0,17400.0
2018-06-10,201806106206658,MEGA,11,33,474,174.0,82476.0
2018-06-10,201806106206733,MERO,17,10,14,1100.0,15400.0
2018-06-10,201806106206472,MLBBL,28,43,20,991.0,19820.0
2018-06-10,201806106206471,MLBBL,10,43,17,995.0,16915.0
2018-06-10,201806106206812,MLBL,36,42,40,173.0,6920.0
2018-06-10,201806106206604,MMFDB,53,22,23,1662.0,38226.0
2018-06-10,201806106206705,MNBBL,41,16,51,383.0,19533.0
2018-06-10,201806106206832,NABIL,57,34,10,947.0,9470.0
2018-06-10,201806106206650,NABIL,11,45,63,944.0,59472.0
2018-06-10,201806106206649,NABIL,58,45,11,944.0,10384.0
2018-06-10,201806106206648,NABIL,7,45,50,945.0,47250.0
2018-06-10,201806106206645,NABIL,40,34,100,947.0,94700.0
2018-06-10,201806106206623,NABIL,40,34,50,947.0,47350.0
2018-06-10,201806106206378,NABIL,51,34,81,947.0,76707.0
2018-06-10,201806106206377,NABIL,51,36,19,946.0,17974.0
2018-06-10,201806106206863,NBB,28,22,100,212.0,21200.0
2018-06-10,201806106206862,NBB,28,34,200,212.0,42400.0
2018-06-10,201806106206630,NBB,40,13,50,213.0,10650.0
2018-06-10,201806106206599,NBB,8,13,274,211.0,57814.0
2018-06-10,201806106206598,NBB,6,13,300,211.0,63300.0
2018-06-10,201806106206597,NBB,39,13,100,212.0,21200.0
2018-06-10,201806106206566,NBB,39,37,400,212.0,84800.0
2018-06-10,201806106206565,NBB,41,29,40,214.0,8560.0
2018-06-10,201806106206815,NBL,46,52,300,309.0,92700.0
2018-06-10,201806106206632,NBL,59,50,93,310.0,28830.0
2018-06-10,201806106206596,NBL,17,50,50,310.0,15500.0
2018-06-10,201806106206595,NBL,13,50,105,310.0,32550.0
2018-06-10,201806106206574,NBL,28,53,278,311.0,86458.0
2018-06-10,201806106206610,NCCB,58,40,3900,248.0,967200.0
2018-06-10,201806106206667,NHPC,51,51,450,84.0,37800.0
2018-06-10,201806106206633,NHPC,22,51,50,85.0,4250.0
2018-06-10,201806106206753,NIB,59,17,146,626.0,91396.0
2018-06-10,201806106206752,NIB,54,34,20,625.0,12500.0
2018-06-10,201806106206730,NIB,54,28,65,625.0,40625.0
2018-06-10,201806106206713,NIB,40,17,50,626.0,31300.0
2018-06-10,201806106206641,NIB,40,55,50,626.0,31300.0
2018-06-10,201806106206612,NIB,40,55,50,626.0,31300.0
2018-06-10,201806106206428,NIB,53,32,50,624.0,31200.0
2018-06-10,201806106206412,NIB,51,58,50,625.0,31250.0
2018-06-10,201806106206383,NIB,51,58,50,625.0,31250.0
2018-06-10,201806106206382,NIB,17,58,200,626.0,125200.0
2018-06-10,201806106206557,NIB,58,58,1000,625.0,625000.0
2018-06-10,201806106206504,NIB,32,26,7,627.0,4389.0
2018-06-10,201806106206470,NIB,32,16,200,625.0,125000.0
2018-06-10,201806106206454,NIB,32,58,300,625.0,187500.0
2018-06-10,201806106206449,NIB,41,58,200,625.0,125000.0
2018-06-10,201806106206435,NIB,56,58,450,625.0,281250.0
2018-06-10,201806106206736,NICA,44,42,345,322.0,111090.0
2018-06-10,201806106206677,NICA,44,26,100,322.0,32200.0
2018-06-10,201806106206608,NICA,44,45,43,322.0,13846.0
2018-06-10,201806106206422,NICA,44,20,940,322.0,302680.0
2018-06-10,201806106206421,NICA,7,20,50,323.0,16150.0
2018-06-10,201806106206420,NICA,34,20,10,323.0,3230.0
2018-06-10,201806106206392,NICA,51,18,100,325.0,32500.0
2018-06-10,201806106206448,NICGF,59,36,2500,8.95,22375.0
2018-06-10,201806106206447,NICGF,50,36,2000,9.0,18000.0
2018-06-10,201806106206446,NICGF,11,36,500,9.13,4565.0
2018-06-10,201806106206459,NICL,34,10,100,660.0,66000.0
2018-06-10,201806106206405,NICL,42,57,50,661.0,33050.0
2018-06-10,201806106206404,NICL,6,57,50,661.0,33050.0
2018-06-10,201806106206774,NIL,32,17,300,560.0,168000.0
2018-06-10,201806106206773,NIL,51,17,100,560.0,56000.0
2018-06-10,201806106206772,NIL,53,17,20,560.0,11200.0
2018-06-10,201806106206442,NIL,22,10,150,560.0,84000.0
2018-06-10,201806106206848,NLG,59,53,100,894.0,89400.0
2018-06-10,201806106206844,NLG,38,53,100,895.0,89500.0
2018-06-10,201806106206834,NLG,35,53,30,900.0,27000.0
2018-06-10,201806106206698,NLIC,26,17,68,1033.0,70244.0
2018-06-10,201806106206664,NLIC,6,53,250,1032.0,258000.0
2018-06-10,201806106206583,NLIC,25,37,17,1032.0,17544.0
2018-06-10,201806106206560,NLIC,13,16,50,1033.0,51650.0
2018-06-10,201806106206559,NLIC,58,16,20,1033.0,20660.0
2018-06-10,201806106206558,NLIC,41,16,50,1034.0,51700.0
2018-06-10,201806106206368,NLIC,4,28,144,1035.0,149040.0
2018-06-10,201806106206547,NLIC,4,8,827,1035.0,855945.0
2018-06-10,201806106206546,NLIC,26,8,100,1036.0,103600.0
2018-06-10,201806106206508,NLIC,38,38,5,1020.0,5100.0
2018-06-10,201806106206473,NLIC,38,16,5,1020.0,5100.0
2018-06-10,201806106206393,NLIC,38,16,5,1020.0,5100.0
2018-06-10,201806106206375,NLIC,4,21,29,1035.0,30015.0
2018-06-10,201806106206656,NLICL,56,53,50,1272.0,63600.0
2018-06-10,201806106206391,NLICL,48,50,25,1275.0,31875.0
2018-06-10,201806106206851,NMB,21,21,252,370.0,93240.0
2018-06-10,201806106206828,NMB,38,42,226,369.0,83394.0
2018-06-10,201806106206745,NMB,28,42,29,368.0,10672.0
2018-06-10,201806106206729,NMB,59,26,200,368.0,73600.0
2018-06-10,201806106206712,NMB,59,13,96,369.0,35424.0
2018-06-10,201806106206669,NMB,38,13,400,369.0,147600.0
2018-06-10,201806106206668,NMB,38,13,104,369.0,38376.0
2018-06-10,201806106206624,NMB,38,35,100,369.0,36900.0
2018-06-10,201806106206416,NMB,50,17,1,365.0,365.0
2018-06-10,201806106206415,NMB,50,19,49,370.0,18130.0
2018-06-10,201806106206703,NMFBS,22,17,12,2275.0,27300.0
2018-06-10,201806106206590,NMFBS,33,36,78,2278.0,177684.0
2018-06-10,201806106206856,NTC,22,43,500,735.0,367500.0
2018-06-10,201806106206827,NTC,4,44,1000,735.0,735000.0
2018-06-10,201806106206826,NTC,22,44,2000,735.0,1470000.0
2018-06-10,201806106206573,NTC,10,10,11000,738.0,8118000.0
2018-06-10,201806106206439,OHL,21,16,80,525.0,42000.0
2018-06-10,201806106206438,OHL,35,16,30,530.0,15900.0
2018-06-10,201806106206440,OHL,37,16,200,521.0,104200.0
2018-06-10,201806106206841,PCBL,29,33,50,295.0,14750.0
2018-06-10,201806106206737,PCBL,6,44,400,296.0,118400.0
2018-06-10,201806106206714,PCBL,42,44,200,296.0,59200.0
2018-06-10,201806106206692,PCBL,42,44,100,296.0,29600.0
2018-06-10,201806106206691,PCBL,38,44,300,296.0,88800.0
2018-06-10,201806106206636,PCBL,4,25,152,297.0,45144.0
2018-06-10,201806106206838,PFL,14,10,12,133.0,1596.0
2018-06-10,201806106206734,PFL,14,10,12,133.0,1596.0
2018-06-10,201806106206687,PFL,14,10,12,133.0,1596.0
2018-06-10,201806106206638,PFL,14,53,200,135.0,27000.0
2018-06-10,201806106206616,PFL,14,10,12,134.0,1608.0
2018-06-10,201806106206850,PIC,59,56,11,1187.0,13057.0
2018-06-10,201806106206743,PIC,59,10,11,1187.0,13057.0
2018-06-10,201806106206654,PIC,58,58,11,1190.0,13090.0
2018-06-10,201806106206643,PIC,58,58,11,1190.0,13090.0
2018-06-10,201806106206637,PIC,58,58,11,1190.0,13090.0
2018-06-10,201806106206601,PIC,51,5,17,1186.0,20162.0
2018-06-10,201806106206600,PIC,49,5,67,1186.0,79462.0
2018-06-10,201806106206434,PICL,38,10,100,801.0,80100.0
2018-06-10,201806106206690,PLIC,39,42,50,610.0,30500.0
2018-06-10,201806106206683,PRIN,26,53,360,516.0,185760.0
2018-06-10,201806106206682,PRIN,33,53,50,516.0,25800.0
2018-06-10,201806106206681,PRIN,41,53,100,517.0,51700.0
2018-06-10,201806106206680,PRIN,49,53,10,518.0,5180.0
2018-06-10,201806106206570,PRIN,49,29,20,518.0,10360.0
2018-06-10,201806106206855,PRVU,55,42,46,198.0,9108.0
2018-06-10,201806106206761,PRVU,59,34,59,198.0,11682.0
2018-06-10,201806106206732,PRVU,54,42,16,198.0,3168.0
2018-06-10,201806106206704,PRVU,45,22,60,200.0,12000.0
2018-06-10,201806106206397,PRVU,19,32,215,199.0,42785.0
2018-06-10,201806106206533,PRVU,54,42,385,198.0,76230.0
2018-06-10,201806106206532,PRVU,36,42,800,198.0,158400.0
2018-06-10,201806106206531,PRVU,58,42,41,198.0,8118.0
2018-06-10,201806106206530,PRVU,54,42,114,198.0,22572.0
2018-06-10,201806106206529,PRVU,1,42,200,199.0,39800.0
2018-06-10,201806106206611,PRVU,54,45,68,198.0,13464.0
2018-06-10,201806106206591,PRVU,19,22,100,200.0,20000.0
2018-06-10,201806106206388,PURBL,42,29,110,182.0,20020.0
2018-06-10,201806106206755,RADHI,28,22,10,224.0,2240.0
2018-06-10,201806106206477,RBCL,32,38,70,10900.0,763000.0
2018-06-10,201806106206515,RBCLPO,38,21,10,10350.0,103500.0
2018-06-10,201806106206402,RBCLPO,17,35,10,10325.0,103250.0
2018-06-10,201806106206757,RHPC,5,42,16,124.0,1984.0
2018-06-10,201806106206430,RMDC,19,13,13,668.0,8684.0
2018-06-10,201806106206429,RMDC,19,7,100,668.0,66800.0
2018-06-10,201806106206563,RSDC,57,29,25,546.0,13650.0
2018-06-10,201806106206770,SADBL,39,13,35,159.0,5565.0
2018-06-10,201806106206769,SADBL,58,13,2000,159.0,318000.0
2018-06-10,201806106206768,SADBL,20,13,300,159.0,47700.0
2018-06-10,201806106206767,SADBL,58,13,100,160.0,16000.0
2018-06-10,201806106206766,SADBL,32,13,24,160.0,3840.0
2018-06-10,201806106206846,SANIMA,39,11,300,330.0,99000.0
2018-06-10,201806106206588,SANIMA,44,16,110,330.0,36300.0
2018-06-10,201806106206587,SANIMA,53,16,30,330.0,9900.0
2018-06-10,201806106206394,SANIMA,57,29,779,330.0,257070.0
2018-06-10,201806106206373,SANIMA,57,29,10,330.0,3300.0
2018-06-10,201806106206372,SANIMA,57,57,490,330.0,161700.0
2018-06-10,201806106206371,SANIMA,4,57,1000,330.0,330000.0
2018-06-10,201806106206370,SANIMA,58,57,1000,330.0,330000.0
2018-06-10,201806106206369,SANIMA,11,57,10,330.0,3300.0
2018-06-10,201806106206651,SBBLJ,58,57,1000,195.0,195000.0
2018-06-10,201806106206671,SBI,32,45,294,500.0,147000.0
2018-06-10,201806106206613,SBI,21,45,20,500.0,10000.0
2018-06-10,201806106206606,SBI,50,16,500,497.0,248500.0
2018-06-10,201806106206556,SBI,50,38,263,499.0,131237.0
2018-06-10,201806106206506,SBI,29,45,25,496.0,12400.0
2018-06-10,201806106206503,SBI,29,44,39,496.0,19344.0
2018-06-10,201806106206502,SBI,17,44,200,496.0,99200.0
2018-06-10,201806106206501,SBI,11,44,79,496.0,39184.0
2018-06-10,201806106206460,SBI,34,44,25,497.0,12425.0
2018-06-10,201806106206847,SBL,46,33,50,312.0,15600.0
2018-06-10,201806106206642,SBL,46,14,154,312.0,48048.0
2018-06-10,201806106206568,SBL,4,6,115,311.0,35765.0
2018-06-10,201806106206840,SCB,26,42,76,761.0,57836.0
2018-06-10,201806106206839,SCB,59,42,18,762.0,13716.0
2018-06-10,201806106206794,SCB,47,7,50,767.0,38350.0
2018-06-10,201806106206760,SCB,59,10,10,762.0,7620.0
2018-06-10,201806106206759,SCB,46,10,30,765.0,22950.0
2018-06-10,201806106206758,SCB,41,10,20,765.0,15300.0
2018-06-10,201806106206569,SCB,45,19,48,765.0,36720.0
2018-06-10,201806106206548,SCB,45,45,52,765.0,39780.0
2018-06-10,201806106206536,SCB,42,19,50,763.0,38150.0
2018-06-10,201806106206735,SCB,59,17,98,765.0,74970.0
2018-06-10,201806106206684,SCB,37,46,50,767.0,38350.0
2018-06-10,201806106206646,SCB,26,10,64,761.0,48704.0
2018-06-10,201806106206614,SCB,59,19,20,762.0,15240.0
2018-06-10,201806106206579,SCB,59,19,252,762.0,192024.0
2018-06-10,201806106206578,SCB,7,19,30,762.0,22860.0
2018-06-10,201806106206821,SDESI,51,39,11,1690.0,18590.0
2018-06-10,201806106206818,SDESI,51,39,11,1690.0,18590.0
2018-06-10,201806106206816,SDESI,51,39,11,1690.0,18590.0
2018-06-10,201806106206802,SDESI,51,45,11,1690.0,18590.0
2018-06-10,201806106206800,SDESI,51,45,11,1690.0,18590.0
2018-06-10,201806106206798,SDESI,51,45,12,1690.0,20280.0
2018-06-10,201806106206514,SDESI,17,48,11,1696.0,18656.0
2018-06-10,201806106206462,SDESI,18,39,11,1696.0,18656.0
2018-06-10,201806106206441,SDESI,42,39,11,1700.0,18700.0
2018-06-10,201806106206431,SDESI,42,39,11,1700.0,18700.0
2018-06-10,201806106206620,SDESI,45,33,30,1691.0,50730.0
2018-06-10,201806106206619,SDESI,6,33,11,1695.0,18645.0
2018-06-10,201806106206618,SDESI,18,33,10,1696.0,16960.0
2018-06-10,201806106206582,SDESI,17,48,11,1696.0,18656.0
2018-06-10,201806106206555,SDESI,17,48,11,1696.0,18656.0
2018-06-10,201806106206528,SDESI,17,48,11,1696.0,18656.0
2018-06-10,201806106206795,SDESI,35,45,12,1690.0,20280.0
2018-06-10,201806106206792,SDESI,35,45,12,1690.0,20280.0
2018-06-10,201806106206702,SDESI,35,59,11,1690.0,18590.0
2018-06-10,201806106206695,SDESI,35,59,11,1690.0,18590.0
2018-06-10,201806106206622,SDESI,35,33,45,1690.0,76050.0
2018-06-10,201806106206621,SDESI,22,33,100,1691.0,169100.0
2018-06-10,201806106206512,SHINE,50,59,130,280.0,36400.0
2018-06-10,201806106206511,SHINE,4,59,10,280.0,2800.0
2018-06-10,201806106206510,SHINE,21,59,50,281.0,14050.0
2018-06-10,201806106206509,SHINE,51,59,10,285.0,2850.0
2018-06-10,201806106206689,SHINE,50,21,20,280.0,5600.0
2018-06-10,201806106206653,SHPC,47,28,700,335.0,234500.0
2018-06-10,201806106206474,SHPC,19,19,30,335.0,10050.0
2018-06-10,201806106206544,SIC,29,37,100,1303.0,130300.0
2018-06-10,201806106206543,SIC,53,37,50,1303.0,65150.0
2018-06-10,201806106206542,SIC,43,37,50,1303.0,65150.0
2018-06-10,201806106206541,SIC,19,37,100,1305.0,130500.0
2018-06-10,201806106206540,SIC,6,37,200,1308.0,261600.0
2018-06-10,201806106206539,SIC,40,37,40,1310.0,52400.0
2018-06-10,201806106206538,SIC,11,37,10,1320.0,13200.0
2018-06-10,201806106206562,SICL,35,28,20,972.0,19440.0
2018-06-10,201806106206561,SICL,45,28,15,972.0,14580.0
2018-06-10,201806106206738,SIL,58,28,50,704.0,35200.0
2018-06-10,201806106206593,SIL,6,16,50,700.0,35000.0
2018-06-10,201806106206592,SIL,32,16,80,700.0,56000.0
2018-06-10,201806106206461,SIL,32,7,20,700.0,14000.0
2018-06-10,201806106206395,SIL,56,7,474,700.0,331800.0
2018-06-10,201806106206665,SKBBL,33,47,50,1175.0,58750.0
2018-06-10,201806106206499,SKBBL,50,56,200,1175.0,235000.0
2018-06-10,201806106206498,SKBBL,55,56,30,1175.0,35250.0
2018-06-10,201806106206497,SKBBL,46,56,150,1176.0,176400.0
2018-06-10,201806106206496,SKBBL,39,56,100,1176.0,117600.0
2018-06-10,201806106206467,SKBBL,39,39,100,1179.0,117900.0
2018-06-10,201806106206437,SKBBL,17,17,7,1176.0,8232.0
2018-06-10,201806106206708,SLBBL,25,7,200,1675.0,335000.0
2018-06-10,201806106206707,SLBBL,21,7,50,1676.0,83800.0
2018-06-10,201806106206706,SLBBL,48,7,150,1677.0,251550.0
2018-06-10,201806106206686,SLBBL,48,7,250,1677.0,419250.0
2018-06-10,201806106206685,SLBBL,6,7,50,1680.0,84000.0
2018-06-10,201806106206817,SLICL,33,42,49,646.0,31654.0
2018-06-10,201806106206709,SLICL,33,42,49,646.0,31654.0
2018-06-10,201806106206527,SLICL,22,11,150,646.0,96900.0
2018-06-10,201806106206720,SPDL,39,7,293,130.0,38090.0
2018-06-10,201806106206696,SRBL,43,42,445,226.0,100570.0
2018-06-10,201806106206585,SRBL,19,25,50,229.0,11450.0
2018-06-10,201806106206494,SWBBL,39,53,100,1269.0,126900.0
2018-06-10,201806106206406,SWBBL,21,47,50,1266.0,63300.0
2018-06-10,201806106206387,SWBBL,22,10,100,1264.0,126400.0
2018-06-10,201806106206386,SWBBL,25,10,10,1264.0,12640.0
2018-06-10,201806106206385,SWBBL,39,10,40,1264.0,50560.0
2018-06-10,201806106206384,SWBBL,17,10,50,1265.0,63250.0
2018-06-10,201806106206469,TRH,35,51,50,266.0,13300.0
2018-06-10,201806106206724,UIC,29,41,80,941.0,75280.0
2018-06-10,201806106206723,UIC,3,41,20,944.0,18880.0
2018-06-10,201806106206505,UIC,19,21,100,945.0,94500.0
2018-06-10,201806106206764,VLBS,44,34,100,790.0,79000.0
2018-06-10,201806106206700,VLBS,39,7,21,795.0,16695.0
2018-06-10,201806106206670,VLBS,39,7,29,795.0,23055.0
2018-06-10,201806106206417,VLBS,38,38,1,811.0,811.0
2018-06-10,201806106206640,WOMI,55,7,17,1418.0,24106.0
2018-06-10,201806106206411,WOMI,34,33,56,1420.0,79520.0
2018-06-10,201806106206410,WOMI,21,33,50,1421.0,71050.0
