date,transaction_no,symbol,buyer,seller,quantity,rate,amount
2019-01-13,2019011301004894,ADBL,59,28,236,349.0,82364.0
2019-01-13,2019011301004893,ADBL,59,42,200,348.0,69600.0
2019-01-13,2019011301004892,ADBL,59,50,51,348.0,17748.0
2019-01-13,2019011301004883,ADBL,50,36,245,347.0,85015.0
2019-01-13,2019011301004823,ADBL,13,36,20,347.0,6940.0
2019-01-13,2019011301004601,ADBL,18,50,10,348.0,3480.0
2019-01-13,2019011301004588,ADBL,42,42,300,346.0,103800.0
2019-01-13,2019011301004570,ADBL,14,50,10,348.0,3480.0
2019-01-13,2019011301004569,ADBL,46,50,50,348.0,17400.0
2019-01-13,2019011301004568,ADBL,47,50,167,348.0,58116.0
2019-01-13,2019011301004516,ADBL,47,35,10,348.0,3480.0
2019-01-13,2019011301004515,ADBL,57,35,190,348.0,66120.0
2019-01-13,2019011301004666,AKJCL,42,50,10,90.0,900.0
2019-01-13,2019011301004665,AKJCL,42,11,10,90.0,900.0
2019-01-13,2019011301004664,AKJCL,42,11,10,90.0,900.0
2019-01-13,2019011301004663,AKJCL,42,11,20,90.0,1800.0
2019-01-13,2019011301004507,AKJCL,42,39,10,89.0,890.0
2019-01-13,2019011301004881,ALICL,42,51,10,615.0,6150.0
2019-01-13,2019011301004742,API,25,21,38,154.0,5852.0
2019-01-13,2019011301004741,API,25,53,162,152.0,24624.0
2019-01-13,2019011301004689,API,56,53,10,152.0,1520.0
2019-01-13,2019011301004677,API,45,41,855,150.0,128250.0
2019-01-13,2019011301004676,API,6,41,20,150.0,3000.0
2019-01-13,2019011301004675,API,58,41,2000,150.0,300000.0
2019-01-13,2019011301004609,API,39,42,200,152.0,30400.0
2019-01-13,2019011301004674,API,45,41,50,150.0,7500.0
2019-01-13,2019011301004673,API,42,41,50,151.0,7550.0
2019-01-13,2019011301004672,API,58,41,1900,151.0,286900.0
2019-01-13,2019011301004644,API,39,53,500,152.0,76000.0
2019-01-13,2019011301004643,API,28,53,110,152.0,16720.0
2019-01-13,2019011301004642,API,39,53,218,152.0,33136.0
2019-01-13,2019011301004684,BHBL,58,29,10,132.0,1320.0
2019-01-13,2019011301004482,BHBL,58,25,303,136.0,41208.0
2019-01-13,2019011301004542,BHBL,58,39,500,134.0,67000.0
2019-01-13,2019011301004956,BOKL,49,59,200,329.0,65800.0
2019-01-13,2019011301004934,BOKL,51,59,200,329.0,65800.0
2019-01-13,2019011301004914,BOKL,14,34,100,328.0,32800.0
2019-01-13,2019011301004913,BOKL,14,40,61,328.0,20008.0
2019-01-13,2019011301004906,BOKL,35,38,343,327.0,112161.0
2019-01-13,2019011301004905,BOKL,5,38,1000,327.0,327000.0
2019-01-13,2019011301004478,BOKL,16,59,200,329.0,65800.0
2019-01-13,2019011301004496,BOKL,28,1,500,328.0,164000.0
2019-01-13,2019011301004495,BOKL,14,1,300,328.0,98400.0
2019-01-13,2019011301004494,BOKL,44,1,200,328.0,65600.0
2019-01-13,2019011301004493,BOKL,32,1,160,328.0,52480.0
2019-01-13,2019011301004492,BOKL,1,1,351,328.0,115128.0
2019-01-13,2019011301004485,BOKL,41,59,1000,329.0,329000.0
2019-01-13,2019011301004687,BOKL,16,25,180,328.0,59040.0
2019-01-13,2019011301004686,BOKL,43,25,20,328.0,6560.0
2019-01-13,2019011301004678,BOKL,6,59,100,329.0,32900.0
2019-01-13,2019011301004641,BOKL,18,59,20,329.0,6580.0
2019-01-13,2019011301004544,BOKL,48,59,500,329.0,164500.0
2019-01-13,2019011301004497,BOKL,43,1,100,328.0,32800.0
2019-01-13,2019011301004695,BOKL,52,38,200,328.0,65600.0
2019-01-13,2019011301004694,BOKL,52,38,300,328.0,98400.0
2019-01-13,2019011301004693,BOKL,57,38,100,328.0,32800.0
2019-01-13,2019011301004692,BOKL,51,38,200,328.0,65600.0
2019-01-13,2019011301004691,BOKL,16,38,320,328.0,104960.0
2019-01-13,2019011301004690,BOKL,6,59,100,329.0,32900.0
2019-01-13,2019011301004701,BOKL,22,38,10,328.0,3280.0
2019-01-13,2019011301004700,BOKL,54,38,500,328.0,164000.0
2019-01-13,2019011301004699,BOKL,32,38,100,328.0,32800.0
2019-01-13,2019011301004698,BOKL,32,38,50,328.0,16400.0
2019-01-13,2019011301004697,BOKL,51,38,100,328.0,32800.0
2019-01-13,2019011301004696,BOKL,51,38,50,328.0,16400.0
2019-01-13,2019011301004759,BOKL,22,40,600,328.0,196800.0
2019-01-13,2019011301004731,BOKL,14,39,49,327.0,16023.0
2019-01-13,2019011301004721,BOKL,36,40,100,328.0,32800.0
2019-01-13,2019011301004720,BOKL,59,40,39,328.0,12792.0
2019-01-13,2019011301004717,BOKL,59,34,200,328.0,65600.0
2019-01-13,2019011301004716,BOKL,59,4,61,328.0,20008.0
2019-01-13,2019011301004868,BOKL,36,40,1000,328.0,328000.0
2019-01-13,2019011301004859,BOKL,53,59,2000,327.0,654000.0
2019-01-13,2019011301004843,BOKL,51,40,300,328.0,98400.0
2019-01-13,2019011301004840,BOKL,53,40,200,328.0,65600.0
2019-01-13,2019011301004817,BOKL,16,40,100,328.0,32800.0
2019-01-13,2019011301004768,BOKL,13,40,100,328.0,32800.0
2019-01-13,2019011301004898,BOKL,38,38,100,327.0,32700.0
2019-01-13,2019011301004897,BOKL,29,38,1000,327.0,327000.0
2019-01-13,2019011301004896,BOKL,41,38,500,327.0,163500.0
2019-01-13,2019011301004895,BOKL,57,38,139,327.0,45453.0
2019-01-13,2019011301004880,BOKL,57,40,500,328.0,164000.0
2019-01-13,2019011301004879,BOKL,57,4,61,327.0,19947.0
2019-01-13,2019011301004904,BOKL,45,38,150,327.0,49050.0
2019-01-13,2019011301004903,BOKL,49,38,100,327.0,32700.0
2019-01-13,2019011301004902,BOKL,57,38,100,327.0,32700.0
2019-01-13,2019011301004901,BOKL,45,38,250,327.0,81750.0
2019-01-13,2019011301004900,BOKL,54,38,30,327.0,9810.0
2019-01-13,2019011301004899,BOKL,21,38,200,327.0,65400.0
2019-01-13,2019011301004733,BPCL,42,40,40,371.0,14840.0
2019-01-13,2019011301004973,CBBL,17,56,167,840.0,140280.0
2019-01-13,2019011301004730,CBBL,17,41,150,841.0,126150.0
2019-01-13,2019011301004662,CBBL,17,44,50,840.0,42000.0
2019-01-13,2019011301004661,CBBL,42,44,150,841.0,126150.0
2019-01-13,2019011301004976,CBL,49,22,10,162.0,1620.0
2019-01-13,2019011301004477,CBL,51,37,642,161.0,103362.0
2019-01-13,2019011301004757,CCBL,52,6,100,170.0,17000.0
2019-01-13,2019011301004600,CCBL,34,36,532,170.0,90440.0
2019-01-13,2019011301004498,CCBL,34,50,200,170.0,34000.0
2019-01-13,2019011301004486,CCBL,34,40,117,170.0,19890.0
2019-01-13,2019011301004849,CHCL,38,35,16,540.0,8640.0
2019-01-13,2019011301004848,CHCL,52,35,100,541.0,54100.0
2019-01-13,2019011301004847,CHCL,34,35,69,541.0,37329.0
2019-01-13,2019011301004577,CHCL,38,33,185,540.0,99900.0
2019-01-13,2019011301004567,CHCL,45,33,500,540.0,270000.0
2019-01-13,2019011301004566,CHCL,35,33,20,540.0,10800.0
2019-01-13,2019011301004565,CHCL,45,33,50,540.0,27000.0
2019-01-13,2019011301004564,CHCL,42,33,420,540.0,226800.0
2019-01-13,2019011301004563,CHCL,11,33,14,541.0,7574.0
2019-01-13,2019011301004969,CIT,37,42,50,2376.0,118800.0
2019-01-13,2019011301004968,CIT,37,7,200,2376.0,475200.0
2019-01-13,2019011301004967,CIT,37,43,50,2375.0,118750.0
2019-01-13,2019011301004938,CIT,28,42,100,2367.0,236700.0
2019-01-13,2019011301004937,CIT,32,43,100,2366.0,236600.0
2019-01-13,2019011301004936,CIT,32,59,20,2366.0,47320.0
2019-01-13,2019011301004557,CIT,1,59,50,2324.0,116200.0
2019-01-13,2019011301004504,CIT,28,43,50,2321.0,116050.0
2019-01-13,2019011301004688,CIT,39,5,11,2343.0,25773.0
2019-01-13,2019011301004618,CIT,1,50,20,2333.0,46660.0
2019-01-13,2019011301004614,CIT,1,49,10,2333.0,23330.0
2019-01-13,2019011301004602,CIT,4,16,15,2332.0,34980.0
2019-01-13,2019011301004581,CIT,28,50,50,2330.0,116500.0
2019-01-13,2019011301004578,CIT,43,54,30,2325.0,69750.0
2019-01-13,2019011301004750,CIT,51,6,40,2350.0,94000.0
2019-01-13,2019011301004749,CIT,51,50,10,2350.0,23500.0
2019-01-13,2019011301004707,CIT,49,42,47,2346.0,110262.0
2019-01-13,2019011301004706,CIT,49,22,30,2345.0,70350.0
2019-01-13,2019011301004705,CIT,49,59,50,2344.0,117200.0
2019-01-13,2019011301004704,CIT,49,5,23,2343.0,53889.0
2019-01-13,2019011301004930,CIT,39,14,22,2361.0,51942.0
2019-01-13,2019011301004885,CIT,37,42,100,2355.0,235500.0
2019-01-13,2019011301004884,CIT,37,5,50,2354.0,117700.0
2019-01-13,2019011301004874,CIT,51,5,80,2352.0,188160.0
2019-01-13,2019011301004873,CIT,51,42,100,2351.0,235100.0
2019-01-13,2019011301004869,CIT,19,6,60,2350.0,141000.0
2019-01-13,2019011301004944,CZBIL,4,13,25,219.0,5475.0
2019-01-13,2019011301004845,CZBIL,34,34,7000,218.0,1526000.0
2019-01-13,2019011301004844,CZBIL,17,34,11,218.0,2398.0
2019-01-13,2019011301004523,CZBIL,28,22,200,217.0,43400.0
2019-01-13,2019011301004522,CZBIL,28,4,324,217.0,70308.0
2019-01-13,2019011301004622,CZBIL,17,7,1000,218.0,218000.0
2019-01-13,2019011301004527,CZBIL,28,57,50,220.0,11000.0
2019-01-13,2019011301004526,CZBIL,28,38,300,219.0,65700.0
2019-01-13,2019011301004525,CZBIL,28,25,50,218.0,10900.0
2019-01-13,2019011301004524,CZBIL,28,13,800,217.0,173600.0
2019-01-13,2019011301004854,DDBL,25,51,100,565.0,56500.0
2019-01-13,2019011301004703,DDBL,44,44,350,565.0,197750.0
2019-01-13,2019011301004668,DDBL,25,48,97,564.0,54708.0
2019-01-13,2019011301004649,DDBL,26,48,29,564.0,16356.0
2019-01-13,2019011301004760,EBL,14,36,62,531.0,32922.0
2019-01-13,2019011301004532,EBL,6,54,200,532.0,106400.0
2019-01-13,2019011301004531,EBL,25,54,100,532.0,53200.0
2019-01-13,2019011301004530,EBL,42,54,10,532.0,5320.0
2019-01-13,2019011301004921,FMDBL,42,16,150,376.0,56400.0
2019-01-13,2019011301004683,FOWAD,45,44,25,1482.0,37050.0
2019-01-13,2019011301004842,GBBL,48,39,10,188.0,1880.0
2019-01-13,2019011301004739,GBBL,32,16,42,186.0,7812.0
2019-01-13,2019011301004556,GBBL,49,34,1615,185.0,298775.0
2019-01-13,2019011301004555,GBBL,42,34,200,185.0,37000.0
2019-01-13,2019011301004554,GBBL,32,34,500,185.0,92500.0
2019-01-13,2019011301004553,GBBL,34,34,500,185.0,92500.0
2019-01-13,2019011301004552,GBBL,26,34,185,185.0,34225.0
2019-01-13,2019011301004878,GBIME,13,35,194,270.0,52380.0
2019-01-13,2019011301004877,GBIME,13,42,130,270.0,35100.0
2019-01-13,2019011301004915,GDBL,59,46,133,188.0,25004.0
2019-01-13,2019011301004613,GDBL,13,14,10,187.0,1870.0
2019-01-13,2019011301004659,GLICL,45,25,235,708.0,166380.0
2019-01-13,2019011301004658,GLICL,52,25,100,708.0,70800.0
2019-01-13,2019011301004657,GLICL,22,25,100,709.0,70900.0
2019-01-13,2019011301004656,GLICL,34,25,50,710.0,35500.0
2019-01-13,2019011301004655,GLICL,56,25,15,710.0,10650.0
2019-01-13,2019011301004918,GRDBL,36,42,105,110.0,11550.0
2019-01-13,2019011301004917,GRDBL,36,56,50,110.0,5500.0
2019-01-13,2019011301004916,GRDBL,36,22,300,110.0,33000.0
2019-01-13,2019011301004876,HBL,34,32,250,458.0,114500.0
2019-01-13,2019011301004726,HBL,34,44,50,458.0,22900.0
2019-01-13,2019011301004729,HGI,29,43,17,399.0,6783.0
2019-01-13,2019011301004728,HGI,51,43,200,399.0,79800.0
2019-01-13,2019011301004727,HGI,35,43,50,400.0,20000.0
2019-01-13,2019011301004621,HIDCL,42,26,20,150.0,3000.0
2019-01-13,2019011301004620,HIDCL,41,26,20,150.0,3000.0
2019-01-13,2019011301004942,HPPL,42,47,10,186.0,1860.0
2019-01-13,2019011301004941,HPPL,42,22,50,185.0,9250.0
2019-01-13,2019011301004506,JBBL,49,40,330,137.0,45210.0
2019-01-13,2019011301004670,JBNL,51,35,1000,168.0,168000.0
2019-01-13,2019011301004560,JBNL,6,39,252,167.0,42084.0
2019-01-13,2019011301004511,JBNL,6,40,18,167.0,3006.0
2019-01-13,2019011301004510,JBNL,34,40,77,168.0,12936.0
2019-01-13,2019011301004975,JSLBB,58,1,139,2655.0,369045.0
2019-01-13,2019011301004770,JSLBB,58,57,22,2626.0,57772.0
2019-01-13,2019011301004671,JSLBB,58,47,50,2641.0,132050.0
2019-01-13,2019011301004627,JSLBB,58,47,27,2642.0,71334.0
2019-01-13,2019011301004562,KBBL,10,32,38,210.0,7980.0
2019-01-13,2019011301004538,KBBL,54,32,30,211.0,6330.0
2019-01-13,2019011301004537,KBBL,43,32,200,211.0,42200.0
2019-01-13,2019011301004536,KBBL,34,32,75,211.0,15825.0
2019-01-13,2019011301004535,KBBL,34,32,100,211.0,21100.0
2019-01-13,2019011301004534,KBBL,33,32,300,211.0,63300.0
2019-01-13,2019011301004533,KBBL,6,32,500,211.0,105500.0
2019-01-13,2019011301004966,KPCL,6,47,10,99.0,990.0
2019-01-13,2019011301004875,KSBBL,14,42,600,136.0,81600.0
2019-01-13,2019011301004714,KSBBL,13,57,345,137.0,47265.0
2019-01-13,2019011301004935,LBL,52,16,500,218.0,109000.0
2019-01-13,2019011301004841,LBL,52,11,1000,218.0,218000.0
2019-01-13,2019011301004681,LBL,3,16,70,218.0,15260.0
2019-01-13,2019011301004680,LBL,52,16,1000,218.0,218000.0
2019-01-13,2019011301004679,LBL,45,16,100,218.0,21800.0
2019-01-13,2019011301004540,LBL,34,45,96,218.0,20928.0
2019-01-13,2019011301004539,LBL,55,45,204,218.0,44472.0
2019-01-13,2019011301004853,LGIL,32,16,300,538.0,161400.0
2019-01-13,2019011301004943,LICN,59,32,10,1709.0,17090.0
2019-01-13,2019011301004851,LICN,59,17,100,1701.0,170100.0
2019-01-13,2019011301004826,LICN,28,20,124,1700.0,210800.0
2019-01-13,2019011301004825,LICN,28,41,100,1700.0,170000.0
2019-01-13,2019011301004596,LICN,59,36,200,1690.0,338000.0
2019-01-13,2019011301004561,LICN,59,14,100,1699.0,169900.0
2019-01-13,2019011301004529,LICN,59,41,50,1695.0,84750.0
2019-01-13,2019011301004908,MBL,14,34,490,207.0,101430.0
2019-01-13,2019011301004907,MBL,22,34,10,207.0,2070.0
2019-01-13,2019011301004646,MBL,34,6,1000,207.0,207000.0
2019-01-13,2019011301004611,MEGA,13,11,10,173.0,1730.0
2019-01-13,2019011301004824,MMFDB,40,45,10,991.0,9910.0
2019-01-13,2019011301004949,MNBBL,28,19,190,350.0,66500.0
2019-01-13,2019011301004948,MNBBL,28,48,150,349.0,52350.0
2019-01-13,2019011301004947,MNBBL,28,11,100,346.0,34600.0
2019-01-13,2019011301004946,MNBBL,28,54,200,345.0,69000.0
2019-01-13,2019011301004945,MNBBL,28,26,360,345.0,124200.0
2019-01-13,2019011301004920,MNBBL,28,26,20,345.0,6900.0
2019-01-13,2019011301004889,MNBBL,42,16,100,343.0,34300.0
2019-01-13,2019011301004888,MNBBL,26,16,100,344.0,34400.0
2019-01-13,2019011301004872,MNBBL,26,22,100,344.0,34400.0
2019-01-13,2019011301004514,MNBBL,28,1,35,342.0,11970.0
2019-01-13,2019011301004488,MNBBL,17,1,235,343.0,80605.0
2019-01-13,2019011301004487,MNBBL,14,1,146,343.0,50078.0
2019-01-13,2019011301004763,NABIL,39,41,25,838.0,20950.0
2019-01-13,2019011301004762,NABIL,42,41,10,838.0,8380.0
2019-01-13,2019011301004761,NABIL,22,41,25,838.0,20950.0
2019-01-13,2019011301004748,NABIL,41,39,100,840.0,84000.0
2019-01-13,2019011301004747,NABILP,55,6,300,715.0,214500.0
2019-01-13,2019011301004746,NABILP,59,6,100,715.0,71500.0
2019-01-13,2019011301004745,NABILP,14,6,100,716.0,71600.0
2019-01-13,2019011301004590,NADEP,53,46,10,795.0,7950.0
2019-01-13,2019011301004589,NADEP,53,46,30,795.0,23850.0
2019-01-13,2019011301004886,NBB,17,13,224,191.0,42784.0
2019-01-13,2019011301004585,NBB,17,39,155,191.0,29605.0
2019-01-13,2019011301004583,NBB,17,48,500,191.0,95500.0
2019-01-13,2019011301004499,NBB,17,42,50,191.0,9550.0
2019-01-13,2019011301004974,NBL,51,57,500,300.0,150000.0
2019-01-13,2019011301004971,NBL,43,57,1000,300.0,300000.0
2019-01-13,2019011301004929,NBL,43,57,150,300.0,45000.0
2019-01-13,2019011301004928,NBL,45,57,20,300.0,6000.0
2019-01-13,2019011301004927,NBL,33,57,60,300.0,18000.0
2019-01-13,2019011301004871,NBL,33,58,1940,300.0,582000.0
2019-01-13,2019011301004682,NBL,42,38,2000,301.0,602000.0
2019-01-13,2019011301004608,NBL,32,58,3000,301.0,903000.0
2019-01-13,2019011301004607,NBL,32,16,213,301.0,64113.0
2019-01-13,2019011301004558,NBL,21,16,200,301.0,60200.0
2019-01-13,2019011301004509,NBL,41,16,587,301.0,176687.0
2019-01-13,2019011301004484,NBL,53,6,100,302.0,30200.0
2019-01-13,2019011301004774,NBL,34,58,200,300.0,60000.0
2019-01-13,2019011301004773,NBL,19,58,200,300.0,60000.0
2019-01-13,2019011301004772,NBL,45,58,500,300.0,150000.0
2019-01-13,2019011301004771,NBL,34,58,1070,300.0,321000.0
2019-01-13,2019011301004719,NBL,34,52,200,300.0,60000.0
2019-01-13,2019011301004702,NBL,16,38,100,301.0,30100.0
2019-01-13,2019011301004780,NBL,37,58,500,300.0,150000.0
2019-01-13,2019011301004779,NBL,42,58,300,300.0,90000.0
2019-01-13,2019011301004778,NBL,47,58,200,300.0,60000.0
2019-01-13,2019011301004777,NBL,52,58,1000,300.0,300000.0
2019-01-13,2019011301004776,NBL,35,58,300,300.0,90000.0
2019-01-13,2019011301004775,NBL,22,58,30,300.0,9000.0
2019-01-13,2019011301004786,NBL,38,58,500,300.0,150000.0
2019-01-13,2019011301004785,NBL,22,58,500,300.0,150000.0
2019-01-13,2019011301004784,NBL,47,58,1000,300.0,300000.0
2019-01-13,2019011301004783,NBL,34,58,2000,300.0,600000.0
2019-01-13,2019011301004782,NBL,34,58,1000,300.0,300000.0
2019-01-13,2019011301004781,NBL,25,58,500,300.0,150000.0
2019-01-13,2019011301004792,NBL,47,58,300,300.0,90000.0
2019-01-13,2019011301004791,NBL,5,58,300,300.0,90000.0
2019-01-13,2019011301004790,NBL,19,58,500,300.0,150000.0
2019-01-13,2019011301004789,NBL,46,58,500,300.0,150000.0
2019-01-13,2019011301004788,NBL,26,58,1000,300.0,300000.0
2019-01-13,2019011301004787,NBL,16,58,2000,300.0,600000.0
2019-01-13,2019011301004798,NBL,57,58,500,300.0,150000.0
2019-01-13,2019011301004797,NBL,51,58,500,300.0,150000.0
2019-01-13,2019011301004796,NBL,57,58,500,300.0,150000.0
2019-01-13,2019011301004795,NBL,41,58,200,300.0,60000.0
2019-01-13,2019011301004794,NBL,25,58,500,300.0,150000.0
2019-01-13,2019011301004793,NBL,45,58,1000,300.0,300000.0
2019-01-13,2019011301004804,NBL,49,58,500,300.0,150000.0
2019-01-13,2019011301004803,NBL,45,58,1000,300.0,300000.0
2019-01-13,2019011301004802,NBL,16,58,1000,300.0,300000.0
2019-01-13,2019011301004801,NBL,16,58,1000,300.0,300000.0
2019-01-13,2019011301004800,NBL,47,58,500,300.0,150000.0
2019-01-13,2019011301004799,NBL,56,58,200,300.0,60000.0
2019-01-13,2019011301004810,NBL,45,58,1000,300.0,300000.0
2019-01-13,2019011301004809,NBL,59,58,1000,300.0,300000.0
2019-01-13,2019011301004808,NBL,21,58,500,300.0,150000.0
2019-01-13,2019011301004807,NBL,58,58,5000,300.0,1500000.0
2019-01-13,2019011301004806,NBL,17,58,200,300.0,60000.0
2019-01-13,2019011301004805,NBL,45,58,1000,300.0,300000.0
2019-01-13,2019011301004816,NBL,45,58,500,300.0,150000.0
2019-01-13,2019011301004815,NBL,38,58,400,300.0,120000.0
2019-01-13,2019011301004814,NBL,46,58,1000,300.0,300000.0
2019-01-13,2019011301004813,NBL,43,58,100,300.0,30000.0
2019-01-13,2019011301004812,NBL,33,58,3000,300.0,900000.0
2019-01-13,2019011301004811,NBL,4,58,2000,300.0,600000.0
2019-01-13,2019011301004832,NBL,4,58,1000,300.0,300000.0
2019-01-13,2019011301004831,NBL,14,58,500,300.0,150000.0
2019-01-13,2019011301004830,NBL,17,58,200,300.0,60000.0
2019-01-13,2019011301004829,NBL,38,58,50,300.0,15000.0
2019-01-13,2019011301004828,NBL,53,58,500,300.0,150000.0
2019-01-13,2019011301004827,NBL,45,58,1000,300.0,300000.0
2019-01-13,2019011301004870,NBL,26,58,40,300.0,12000.0
2019-01-13,2019011301004837,NBL,26,58,60,300.0,18000.0
2019-01-13,2019011301004836,NBL,32,58,2000,300.0,600000.0
2019-01-13,2019011301004835,NBL,25,58,300,300.0,90000.0
2019-01-13,2019011301004834,NBL,22,58,290,300.0,87000.0
2019-01-13,2019011301004833,NBL,54,58,100,300.0,30000.0
2019-01-13,2019011301004725,NCCB,45,41,72,218.0,15696.0
2019-01-13,2019011301004724,NCCB,38,41,99,218.0,21582.0
2019-01-13,2019011301004723,NCCB,19,41,67,218.0,14606.0
2019-01-13,2019011301004764,NCDB,26,28,28,120.0,3360.0
2019-01-13,2019011301004713,NEF,14,52,200,8.4,1680.0
2019-01-13,2019011301004891,NHPC,56,35,100,69.0,6900.0
2019-01-13,2019011301004819,NIB,17,46,30,546.0,16380.0
2019-01-13,2019011301004818,NIB,22,46,100,546.0,54600.0
2019-01-13,2019011301004667,NIB,40,6,50,547.0,27350.0
2019-01-13,2019011301004518,NIB,6,40,74,545.0,40330.0
2019-01-13,2019011301004965,NICA,57,58,15,384.0,5760.0
2019-01-13,2019011301004964,NICA,36,58,1000,385.0,385000.0
2019-01-13,2019011301004963,NICA,59,58,200,385.0,77000.0
2019-01-13,2019011301004962,NICA,36,58,500,385.0,192500.0
2019-01-13,2019011301004961,NICA,4,58,68,385.0,26180.0
2019-01-13,2019011301004960,NICA,56,58,217,385.0,83545.0
2019-01-13,2019011301004685,NICA,40,58,50,386.0,19300.0
2019-01-13,2019011301004615,NICA,56,18,30,385.0,11550.0
2019-01-13,2019011301004598,NICA,56,39,53,385.0,20405.0
2019-01-13,2019011301004597,NICA,1,39,100,385.0,38500.0
2019-01-13,2019011301004571,NICA,59,58,2000,386.0,772000.0
2019-01-13,2019011301004959,NICA,46,58,1000,386.0,386000.0
2019-01-13,2019011301004958,NICA,59,58,2000,386.0,772000.0
2019-01-13,2019011301004821,NICA,36,5,2450,387.0,948150.0
2019-01-13,2019011301004820,NICA,36,11,50,387.0,19350.0
2019-01-13,2019011301004722,NICA,56,44,200,385.0,77000.0
2019-01-13,2019011301004718,NICA,58,58,1950,386.0,752700.0
2019-01-13,2019011301004887,NICL,22,32,50,553.0,27650.0
2019-01-13,2019011301004846,NICL,22,41,30,553.0,16590.0
2019-01-13,2019011301004753,NICL,22,20,171,553.0,94563.0
2019-01-13,2019011301004752,NICL,59,20,200,553.0,110600.0
2019-01-13,2019011301004751,NICL,22,20,129,553.0,71337.0
2019-01-13,2019011301004604,NICL,22,39,241,553.0,133273.0
2019-01-13,2019011301004517,NIL,49,40,100,532.0,53200.0
2019-01-13,2019011301004926,NLG,35,50,222,846.0,187812.0
2019-01-13,2019011301004925,NLG,13,50,50,846.0,42300.0
2019-01-13,2019011301004924,NLG,22,50,100,846.0,84600.0
2019-01-13,2019011301004923,NLG,13,50,50,850.0,42500.0
2019-01-13,2019011301004922,NLG,7,50,78,851.0,66378.0
2019-01-13,2019011301004616,NLG,7,39,22,851.0,18722.0
2019-01-13,2019011301004972,NLIC,37,39,46,1100.0,50600.0
2019-01-13,2019011301004744,NLIC,53,35,50,1098.0,54900.0
2019-01-13,2019011301004743,NLIC,42,35,100,1098.0,109800.0
2019-01-13,2019011301004580,NLIC,52,35,18,1100.0,19800.0
2019-01-13,2019011301004508,NLIC,54,35,99,1100.0,108900.0
2019-01-13,2019011301004502,NLIC,54,35,33,1100.0,36300.0
2019-01-13,2019011301004501,NLIC,54,33,50,1100.0,55000.0
2019-01-13,2019011301004500,NLIC,54,14,17,1099.0,18683.0
2019-01-13,2019011301004856,NLICL,6,45,40,706.0,28240.0
2019-01-13,2019011301004855,NLICL,6,48,200,705.0,141000.0
2019-01-13,2019011301004911,NMB,17,29,973,326.0,317198.0
2019-01-13,2019011301004738,NMB,17,41,27,325.0,8775.0
2019-01-13,2019011301004737,NMB,17,41,48,325.0,15600.0
2019-01-13,2019011301004710,NMB,17,11,952,325.0,309400.0
2019-01-13,2019011301004709,NMB,42,11,10,325.0,3250.0
2019-01-13,2019011301004708,NMB,3,11,38,325.0,12350.0
2019-01-13,2019011301004669,NMB,45,29,100,326.0,32600.0
2019-01-13,2019011301004612,NMB,3,36,118,325.0,38350.0
2019-01-13,2019011301004584,NMB,13,45,10,326.0,3260.0
2019-01-13,2019011301004491,NMB,3,44,44,325.0,14300.0
2019-01-13,2019011301004490,NMB,33,44,200,325.0,65000.0
2019-01-13,2019011301004489,NMB,17,44,56,325.0,18200.0
2019-01-13,2019011301004765,NTC,45,39,200,730.0,146000.0
2019-01-13,2019011301004712,NTC,32,41,20,731.0,14620.0
2019-01-13,2019011301004822,OHL,33,4,20,442.0,8840.0
2019-01-13,2019011301004640,PCBL,32,39,69,330.0,22770.0
2019-01-13,2019011301004623,PCBL,52,37,320,331.0,105920.0
2019-01-13,2019011301004547,PFL,32,11,82,136.0,11152.0
2019-01-13,2019011301004546,PFL,32,41,12,136.0,1632.0
2019-01-13,2019011301004545,PFL,32,41,12,136.0,1632.0
2019-01-13,2019011301004970,PIC,32,28,11,1020.0,11220.0
2019-01-13,2019011301004940,PIC,32,28,11,1020.0,11220.0
2019-01-13,2019011301004769,PIC,53,6,150,1021.0,153150.0
2019-01-13,2019011301004645,PIC,1,56,50,1021.0,51050.0
2019-01-13,2019011301004603,PLIC,7,25,500,497.0,248500.0
2019-01-13,2019011301004852,PMHPL,10,42,10,113.0,1130.0
2019-01-13,2019011301004933,PRIN,59,56,154,452.0,69608.0
2019-01-13,2019011301004932,PRIN,44,56,50,452.0,22600.0
2019-01-13,2019011301004931,PRIN,49,56,54,452.0,24408.0
2019-01-13,2019011301004890,PRIN,55,56,70,453.0,31710.0
2019-01-13,2019011301004617,PRVU,53,36,14,244.0,3416.0
2019-01-13,2019011301004595,PRVU,51,39,100,245.0,24500.0
2019-01-13,2019011301004594,PRVU,58,39,1000,245.0,245000.0
2019-01-13,2019011301004593,PRVU,39,39,200,245.0,49000.0
2019-01-13,2019011301004592,PRVU,35,39,50,245.0,12250.0
2019-01-13,2019011301004591,PRVU,46,39,50,245.0,12250.0
2019-01-13,2019011301004576,PRVU,38,40,198,245.0,48510.0
2019-01-13,2019011301004575,PRVU,47,40,45,245.0,11025.0
2019-01-13,2019011301004574,PRVU,3,40,57,245.0,13965.0
2019-01-13,2019011301004606,PURBL,25,42,51,155.0,7905.0
2019-01-13,2019011301004605,PURBL,25,38,26,152.0,3952.0
2019-01-13,2019011301004919,SANIMA,25,50,100,306.0,30600.0
2019-01-13,2019011301004660,SANIMA,25,1,250,306.0,76500.0
2019-01-13,2019011301004480,SANIMA,25,1,40,306.0,12240.0
2019-01-13,2019011301004479,SANIMA,46,1,160,306.0,48960.0
2019-01-13,2019011301004650,SBI,28,39,50,388.0,19400.0
2019-01-13,2019011301004953,SCB,42,7,10,589.0,5890.0
2019-01-13,2019011301004952,SCB,34,7,880,589.0,518320.0
2019-01-13,2019011301004951,SCB,14,7,50,590.0,29500.0
2019-01-13,2019011301004950,SCB,21,7,10,590.0,5900.0
2019-01-13,2019011301004634,SCB,21,13,10,590.0,5900.0
2019-01-13,2019011301004633,SCB,21,13,10,590.0,5900.0
2019-01-13,2019011301004512,SCB,34,13,10,589.0,5890.0
2019-01-13,2019011301004505,SCB,34,13,10,589.0,5890.0
2019-01-13,2019011301004481,SCB,34,13,10,589.0,5890.0
2019-01-13,2019011301004632,SCB,21,13,10,590.0,5900.0
2019-01-13,2019011301004631,SCB,21,13,10,590.0,5900.0
2019-01-13,2019011301004630,SCB,21,1,50,590.0,29500.0
2019-01-13,2019011301004582,SCB,21,1,60,590.0,35400.0
2019-01-13,2019011301004715,SDESI,38,56,79,608.0,48032.0
2019-01-13,2019011301004654,SDESI,38,53,100,615.0,61500.0
2019-01-13,2019011301004653,SDESI,38,45,300,615.0,184500.0
2019-01-13,2019011301004652,SDESI,38,29,95,614.0,58330.0
2019-01-13,2019011301004651,SDESI,38,45,12,613.0,7356.0
2019-01-13,2019011301004638,SHINE,17,36,103,236.0,24308.0
2019-01-13,2019011301004637,SHINE,42,36,157,239.0,37523.0
2019-01-13,2019011301004636,SHINE,25,36,20,240.0,4800.0
2019-01-13,2019011301004867,SHPC,34,14,1000,233.0,233000.0
2019-01-13,2019011301004862,SHPC,29,28,500,235.0,117500.0
2019-01-13,2019011301004861,SHPC,29,10,130,235.0,30550.0
2019-01-13,2019011301004860,SHPC,29,53,100,234.0,23400.0
2019-01-13,2019011301004587,SHPC,19,28,200,234.0,46800.0
2019-01-13,2019011301004586,SHPC,16,28,300,234.0,70200.0
2019-01-13,2019011301004850,SICL,34,44,100,923.0,92300.0
2019-01-13,2019011301004758,SICL,34,51,50,923.0,46150.0
2019-01-13,2019011301004866,SIL,22,35,178,644.0,114632.0
2019-01-13,2019011301004865,SIL,32,35,100,645.0,64500.0
2019-01-13,2019011301004864,SIL,53,35,50,645.0,32250.0
2019-01-13,2019011301004863,SIL,25,35,172,646.0,111112.0
2019-01-13,2019011301004755,SIL,25,36,28,646.0,18088.0
2019-01-13,2019011301004754,SIL,35,36,12,650.0,7800.0
2019-01-13,2019011301004626,SKBBL,51,10,12,1055.0,12660.0
2019-01-13,2019011301004625,SKBBL,54,10,13,1056.0,13728.0
2019-01-13,2019011301004599,SKBBL,54,6,87,1056.0,91872.0
2019-01-13,2019011301004573,SKBBL,14,45,30,1067.0,32010.0
2019-01-13,2019011301004572,SKBBL,14,41,32,1065.0,34080.0
2019-01-13,2019011301004550,SLBBL,51,16,97,535.0,51895.0
2019-01-13,2019011301004957,SLICL,39,44,10,562.0,5620.0
2019-01-13,2019011301004767,SLICL,33,20,478,555.0,265290.0
2019-01-13,2019011301004766,SLICL,37,20,22,555.0,12210.0
2019-01-13,2019011301004735,SLICL,37,35,78,555.0,43290.0
2019-01-13,2019011301004734,SLICL,58,35,22,555.0,12210.0
2019-01-13,2019011301004648,SLICL,58,36,15,555.0,8325.0
2019-01-13,2019011301004647,SLICL,48,36,40,560.0,22400.0
2019-01-13,2019011301004639,SLICL,48,25,10,560.0,5600.0
2019-01-13,2019011301004624,SLICL,48,25,50,560.0,28000.0
2019-01-13,2019011301004857,SMATA,41,5,10,1105.0,11050.0
2019-01-13,2019011301004955,SRBL,48,16,11,215.0,2365.0
2019-01-13,2019011301004954,SRBL,48,37,99,214.0,21186.0
2019-01-13,2019011301004628,SRBL,22,37,100,214.0,21400.0
2019-01-13,2019011301004939,SRS,58,4,20,136.0,2720.0
2019-01-13,2019011301004736,SRS,17,4,20,134.0,2680.0
2019-01-13,2019011301004756,TRH,28,4,20,237.0,4740.0
2019-01-13,2019011301004619,TRH,22,25,170,241.0,40970.0
2019-01-13,2019011301004521,TRH,22,25,130,241.0,31330.0
2019-01-13,2019011301004520,TRH,28,25,80,241.0,19280.0
2019-01-13,2019011301004519,TRH,39,25,40,241.0,9640.0
2019-01-13,2019011301004910,UIC,6,50,110,762.0,83820.0
2019-01-13,2019011301004909,UIC,21,50,80,763.0,61040.0
2019-01-13,2019011301004740,UIC,6,41,29,762.0,22098.0
2019-01-13,2019011301004610,UMHL,59,17,37,122.0,4514.0
2019-01-13,2019011301004912,UPPER,14,43,40,224.0,8960.0
2019-01-13,2019011301004882,UPPER,14,43,50,224.0,11200.0
2019-01-13,2019011301004858,UPPER,14,43,40,224.0,8960.0
2019-01-13,2019011301004635,UPPER,14,17,50,224.0,11200.0
2019-01-13,2019011301004629,UPPER,14,46,40,224.0,8960.0
2019-01-13,2019011301004541,UPPER,29,46,50,224.0,11200.0
2019-01-13,2019011301004528,UPPER,29,43,50,224.0,11200.0
2019-01-13,2019011301004513,UPPER,29,46,40,224.0,8960.0
2019-01-13,2019011301004503,UPPER,29,46,40,224.0,8960.0
2019-01-13,2019011301004483,UPPER,29,46,40,224.0,8960.0
2019-01-13,2019011301004559,UPPER,14,18,20,224.0,4480.0
2019-01-13,2019011301004551,UPPER,14,43,40,224.0,8960.0
2019-01-13,2019011301004549,UPPER,14,46,30,224.0,6720.0
2019-01-13,2019011301004548,UPPER,29,46,20,224.0,4480.0
2019-01-13,2019011301004543,UPPER,29,43,40,224.0,8960.0
2019-01-13,2019011301004430,ADBL,57,55,10,348.0,3480.0
2019-01-13,2019011301004429,ADBL,46,55,50,348.0,17400.0
2019-01-13,2019011301004428,ADBL,25,55,50,348.0,17400.0
2019-01-13,2019011301004427,ADBL,49,55,90,348.0,31320.0
2019-01-13,2019011301004352,ADBL,57,28,34,349.0,11866.0
2019-01-13,2019011301004167,ADBL,54,28,10,349.0,3490.0
2019-01-13,2019011301004157,ADBL,1,28,100,349.0,34900.0
2019-01-13,2019011301004156,ADBL,32,28,100,349.0,34900.0
2019-01-13,2019011301004155,ADBL,38,28,20,349.0,6980.0
2019-01-13,2019011301004005,ADBL,38,36,80,349.0,27920.0
2019-01-13,2019011301004182,AKJCL,42,11,10,89.0,890.0
2019-01-13,2019011301004175,AKJCL,42,11,10,88.0,880.0
2019-01-13,2019011301004171,AKJCL,45,11,10,88.0,880.0
2019-01-13,2019011301004141,AKJCL,45,11,20,88.0,1760.0
2019-01-13,2019011301004004,AKJCL,45,38,20,89.0,1780.0
2019-01-13,2019011301004454,ALICL,50,35,62,608.0,37696.0
2019-01-13,2019011301004453,ALICL,55,35,200,609.0,121800.0
2019-01-13,2019011301004452,ALICL,34,35,38,609.0,23142.0
2019-01-13,2019011301004451,ALICL,32,35,100,610.0,61000.0
2019-01-13,2019011301004315,AMFI,54,21,10,730.0,7300.0
2019-01-13,2019011301004313,AMFI,54,21,10,730.0,7300.0
2019-01-13,2019011301004293,AMFI,54,21,10,730.0,7300.0
2019-01-13,2019011301004191,API,39,58,12,152.0,1824.0
2019-01-13,2019011301004118,BARUN,42,22,40,104.0,4160.0
2019-01-13,2019011301004319,BHBL,58,29,10,136.0,1360.0
2019-01-13,2019011301004196,BHBL,58,29,10,138.0,1380.0
2019-01-13,2019011301004471,BOKL,1,57,149,328.0,48872.0
2019-01-13,2019011301004470,BOKL,49,57,319,328.0,104632.0
2019-01-13,2019011301004443,BOKL,49,28,81,328.0,26568.0
2019-01-13,2019011301004442,BOKL,19,28,40,328.0,13120.0
2019-01-13,2019011301004441,BOKL,49,28,50,328.0,16400.0
2019-01-13,2019011301004440,BOKL,29,28,200,328.0,65600.0
2019-01-13,2019011301004112,BOKL,41,49,352,328.0,115456.0
2019-01-13,2019011301004075,BOKL,29,6,30,329.0,9870.0
2019-01-13,2019011301003989,BOKL,22,6,200,329.0,65800.0
2019-01-13,2019011301003988,BOKL,41,6,439,329.0,144431.0
2019-01-13,2019011301003987,BOKL,41,22,61,329.0,20069.0
2019-01-13,2019011301004197,BOKL,51,6,100,329.0,32900.0
2019-01-13,2019011301004185,BOKL,40,6,100,329.0,32900.0
2019-01-13,2019011301004176,BOKL,41,6,200,329.0,65800.0
2019-01-13,2019011301004115,BOKL,54,49,1948,328.0,638944.0
2019-01-13,2019011301004114,BOKL,17,49,100,328.0,32800.0
2019-01-13,2019011301004113,BOKL,39,49,100,328.0,32800.0
2019-01-13,2019011301004213,BOKL,51,28,694,329.0,228326.0
2019-01-13,2019011301004212,BOKL,51,6,131,329.0,43099.0
2019-01-13,2019011301004209,BOKL,54,47,22,328.0,7216.0
2019-01-13,2019011301004208,BOKL,54,47,52,328.0,17056.0
2019-01-13,2019011301004203,BOKL,51,6,700,329.0,230300.0
2019-01-13,2019011301004199,BOKL,17,6,100,329.0,32900.0
2019-01-13,2019011301004326,BOKL,57,59,500,329.0,164500.0
2019-01-13,2019011301004306,BOKL,22,59,300,329.0,98700.0
2019-01-13,2019011301004248,BOKL,36,52,140,328.0,45920.0
2019-01-13,2019011301004247,BOKL,53,52,500,328.0,164000.0
2019-01-13,2019011301004246,BOKL,54,52,228,328.0,74784.0
2019-01-13,2019011301004214,BOKL,51,59,175,329.0,57575.0
2019-01-13,2019011301004357,BOKL,45,1,200,328.0,65600.0
2019-01-13,2019011301004356,BOKL,1,1,129,328.0,42312.0
2019-01-13,2019011301004355,BOKL,22,59,50,329.0,16450.0
2019-01-13,2019011301004333,BOKL,1,43,171,328.0,56088.0
2019-01-13,2019011301004332,BOKL,47,43,50,328.0,16400.0
2019-01-13,2019011301004331,BOKL,36,43,60,328.0,19680.0
2019-01-13,2019011301004439,BOKL,1,28,129,328.0,42312.0
2019-01-13,2019011301004389,BOKL,51,59,100,329.0,32900.0
2019-01-13,2019011301004369,BOKL,1,59,271,328.0,88888.0
2019-01-13,2019011301004368,BOKL,17,59,229,328.0,75112.0
2019-01-13,2019011301004363,BOKL,42,59,1000,329.0,329000.0
2019-01-13,2019011301004358,BOKL,17,1,171,328.0,56088.0
2019-01-13,2019011301004456,BPCL,42,39,10,371.0,3710.0
2019-01-13,2019011301004431,BPCL,42,21,20,371.0,7420.0
2019-01-13,2019011301004403,BPCL,52,21,20,369.0,7380.0
2019-01-13,2019011301004374,BPCL,45,21,20,369.0,7380.0
2019-01-13,2019011301004364,BPCL,45,21,20,369.0,7380.0
2019-01-13,2019011301004160,BPCL,40,37,20,373.0,7460.0
2019-01-13,2019011301004002,BPCL,26,37,180,370.0,66600.0
2019-01-13,2019011301004474,CBBL,53,21,12,845.0,10140.0
2019-01-13,2019011301004445,CBBL,53,43,500,842.0,421000.0
2019-01-13,2019011301004134,CBBL,17,55,232,840.0,194880.0
2019-01-13,2019011301004133,CBBL,34,55,40,840.0,33600.0
2019-01-13,2019011301004058,CBBL,11,21,68,845.0,57460.0
2019-01-13,2019011301004018,CBBL,11,51,32,845.0,27040.0
2019-01-13,2019011301004017,CBBL,17,51,100,845.0,84500.0
2019-01-13,2019011301004016,CBBL,46,51,35,845.0,29575.0
2019-01-13,2019011301004396,CBL,52,37,200,161.0,32200.0
2019-01-13,2019011301004362,CBL,7,37,100,161.0,16100.0
2019-01-13,2019011301004361,CBL,17,37,58,161.0,9338.0
2019-01-13,2019011301004006,CBL,17,36,111,161.0,17871.0
2019-01-13,2019011301004144,CCBL,34,34,7151,170.0,1215670.0
2019-01-13,2019011301004143,CCBL,5,34,100,170.0,17000.0
2019-01-13,2019011301004142,CCBL,42,34,749,170.0,127330.0
2019-01-13,2019011301004124,CCBL,42,25,62,170.0,10540.0
2019-01-13,2019011301004123,CCBL,22,25,56,170.0,9520.0
2019-01-13,2019011301004009,CCBL,22,36,81,170.0,13770.0
2019-01-13,2019011301003991,CFCL,26,42,27,114.0,3078.0
2019-01-13,2019011301004466,CHCL,11,41,186,541.0,100626.0
2019-01-13,2019011301004465,CHCL,45,41,274,541.0,148234.0
2019-01-13,2019011301004464,CHCL,54,41,100,542.0,54200.0
2019-01-13,2019011301004463,CHCL,29,41,20,542.0,10840.0
2019-01-13,2019011301004462,CHCL,45,41,20,542.0,10840.0
2019-01-13,2019011301004387,CHL,13,21,10,101.0,1010.0
2019-01-13,2019011301004459,CIT,28,50,10,2320.0,23200.0
2019-01-13,2019011301004458,CIT,28,50,10,2320.0,23200.0
2019-01-13,2019011301004457,CIT,28,59,50,2320.0,116000.0
2019-01-13,2019011301004419,CIT,40,59,50,2310.0,115500.0
2019-01-13,2019011301004406,CIT,1,39,27,2320.0,62640.0
2019-01-13,2019011301004405,CIT,1,4,200,2320.0,464000.0
2019-01-13,2019011301004269,CIT,16,5,100,2290.0,229000.0
2019-01-13,2019011301004268,CIT,16,48,82,2290.0,187780.0
2019-01-13,2019011301004223,CIT,51,48,42,2290.0,96180.0
2019-01-13,2019011301004338,CIT,16,29,48,2298.0,110304.0
2019-01-13,2019011301004337,CIT,16,5,50,2298.0,114900.0
2019-01-13,2019011301004314,CIT,1,1,91,2295.0,208845.0
2019-01-13,2019011301004308,CIT,1,11,70,2294.0,160580.0
2019-01-13,2019011301004271,CIT,16,25,50,2290.0,114500.0
2019-01-13,2019011301004270,CIT,16,45,20,2290.0,45800.0
2019-01-13,2019011301004344,CIT,16,4,750,2300.0,1725000.0
2019-01-13,2019011301004343,CIT,16,42,100,2299.0,229900.0
2019-01-13,2019011301004342,CIT,16,42,100,2299.0,229900.0
2019-01-13,2019011301004341,CIT,16,43,30,2299.0,68970.0
2019-01-13,2019011301004340,CIT,16,41,24,2299.0,55176.0
2019-01-13,2019011301004339,CIT,16,17,10,2299.0,22990.0
2019-01-13,2019011301004350,CIT,16,50,10,2300.0,23000.0
2019-01-13,2019011301004349,CIT,16,50,10,2300.0,23000.0
2019-01-13,2019011301004348,CIT,16,29,10,2300.0,23000.0
2019-01-13,2019011301004347,CIT,16,58,50,2300.0,115000.0
2019-01-13,2019011301004346,CIT,16,41,12,2300.0,27600.0
2019-01-13,2019011301004345,CIT,16,34,100,2300.0,230000.0
2019-01-13,2019011301004392,CIT,1,46,50,2315.0,115750.0
2019-01-13,2019011301004391,CIT,1,42,50,2315.0,115750.0
2019-01-13,2019011301004382,CIT,4,16,25,2312.0,57800.0
2019-01-13,2019011301004381,CIT,4,1,25,2310.0,57750.0
2019-01-13,2019011301004380,CIT,4,43,40,2300.0,92000.0
2019-01-13,2019011301004370,CIT,28,43,60,2300.0,138000.0
2019-01-13,2019011301004307,CZBIL,51,4,1000,217.0,217000.0
2019-01-13,2019011301004099,CZBIL,17,41,500,216.0,108000.0
2019-01-13,2019011301003997,DBBL,32,50,200,128.0,25600.0
2019-01-13,2019011301004395,EBL,54,45,100,533.0,53300.0
2019-01-13,2019011301004371,EBL,38,28,100,532.0,53200.0
2019-01-13,2019011301004323,EBL,38,53,20,532.0,10640.0
2019-01-13,2019011301004286,EBL,38,6,380,532.0,202160.0
2019-01-13,2019011301004215,EBL,7,6,20,532.0,10640.0
2019-01-13,2019011301004100,EBL,32,57,200,532.0,106400.0
2019-01-13,2019011301004415,FMDBL,49,19,100,375.0,37500.0
2019-01-13,2019011301004367,FMDBL,49,47,169,375.0,63375.0
2019-01-13,2019011301004366,FMDBL,17,47,60,376.0,22560.0
2019-01-13,2019011301004310,FMDBL,49,14,400,375.0,150000.0
2019-01-13,2019011301004000,FMDBL,17,14,10,370.0,3700.0
2019-01-13,2019011301003999,FMDBL,59,14,200,370.0,74000.0
2019-01-13,2019011301003998,FMDBL,55,14,20,373.0,7460.0
2019-01-13,2019011301004434,FOWAD,45,40,19,1482.0,28158.0
2019-01-13,2019011301004433,FOWAD,42,40,20,1485.0,29700.0
2019-01-13,2019011301004432,FOWAD,28,40,11,1485.0,16335.0
2019-01-13,2019011301004394,FOWAD,35,17,39,1490.0,58110.0
2019-01-13,2019011301004393,FOWAD,35,56,76,1490.0,113240.0
2019-01-13,2019011301004475,GBBL,39,16,200,186.0,37200.0
2019-01-13,2019011301004067,GBBL,32,33,419,186.0,77934.0
2019-01-13,2019011301004032,GBBL,26,36,115,185.0,21275.0
2019-01-13,2019011301004426,GBIME,41,42,190,270.0,51300.0
2019-01-13,2019011301004418,GBIME,56,42,10,270.0,2700.0
2019-01-13,2019011301004273,GBIME,56,42,1000,270.0,270000.0
2019-01-13,2019011301004272,GBIME,22,42,170,270.0,45900.0
2019-01-13,2019011301004098,GBIME,22,46,30,270.0,8100.0
2019-01-13,2019011301004153,GDBL,7,34,10,189.0,1890.0
2019-01-13,2019011301004060,GDBL,13,36,83,187.0,15521.0
2019-01-13,2019011301004129,GRDBL,36,38,30,108.0,3240.0
2019-01-13,2019011301004090,GUFL,14,55,66,100.0,6600.0
2019-01-13,2019011301004267,HBL,29,44,50,460.0,23000.0
2019-01-13,2019011301004222,HIDCL,41,22,80,150.0,12000.0
2019-01-13,2019011301004184,JBBL,41,52,10,138.0,1380.0
2019-01-13,2019011301004007,JBBL,49,55,101,137.0,13837.0
2019-01-13,2019011301004399,JBNL,34,5,23,168.0,3864.0
2019-01-13,2019011301004205,JBNL,49,5,200,168.0,33600.0
2019-01-13,2019011301004102,JBNL,6,56,219,167.0,36573.0
2019-01-13,2019011301004101,JBNL,38,56,431,167.0,71977.0
2019-01-13,2019011301004086,JBNL,38,41,69,167.0,11523.0
2019-01-13,2019011301004085,JBNL,40,41,89,167.0,14863.0
2019-01-13,2019011301004226,JFL,22,29,11,172.0,1892.0
2019-01-13,2019011301004289,KBBL,16,35,280,212.0,59360.0
2019-01-13,2019011301004177,KBBL,25,35,200,213.0,42600.0
2019-01-13,2019011301004329,KBL,22,6,100,252.0,25200.0
2019-01-13,2019011301004227,KBL,44,51,814,252.0,205128.0
2019-01-13,2019011301004186,KBL,57,51,186,252.0,46872.0
2019-01-13,2019011301004179,KBL,57,40,14,252.0,3528.0
2019-01-13,2019011301004154,KBL,22,56,300,253.0,75900.0
2019-01-13,2019011301004019,KBL,17,56,500,252.0,126000.0
2019-01-13,2019011301004095,KMCDB,25,14,100,894.0,89400.0
2019-01-13,2019011301004072,KMFL,32,37,10,920.0,9200.0
2019-01-13,2019011301004472,KPCL,6,39,10,99.0,990.0
2019-01-13,2019011301004068,KSBBL,1,36,42,136.0,5712.0
2019-01-13,2019011301004473,LBBL,52,35,10,171.0,1710.0
2019-01-13,2019011301004070,LBBL,52,54,50,171.0,8550.0
2019-01-13,2019011301004318,LBL,55,11,796,218.0,173528.0
2019-01-13,2019011301004317,LBL,37,11,204,218.0,44472.0
2019-01-13,2019011301004201,LBL,37,11,26,218.0,5668.0
2019-01-13,2019011301004200,LBL,54,11,40,218.0,8720.0
2019-01-13,2019011301004036,LBL,54,11,40,218.0,8720.0
2019-01-13,2019011301004035,LBL,35,11,50,218.0,10900.0
2019-01-13,2019011301004034,LBL,32,11,500,218.0,109000.0
2019-01-13,2019011301004033,LBL,11,11,344,218.0,74992.0
2019-01-13,2019011301004127,LGIL,44,29,1000,537.0,537000.0
2019-01-13,2019011301004126,LGIL,44,4,90,535.0,48150.0
2019-01-13,2019011301004132,LLBS,36,45,15,775.0,11625.0
2019-01-13,2019011301004221,MBL,32,16,4278,207.0,885546.0
2019-01-13,2019011301004119,MBL,32,16,4150,207.0,859050.0
2019-01-13,2019011301004001,MBL,32,16,850,207.0,175950.0
2019-01-13,2019011301004398,MEGA,17,25,800,171.0,136800.0
2019-01-13,2019011301004288,MEGA,17,7,374,171.0,63954.0
2019-01-13,2019011301004210,MEGA,17,32,2000,171.0,342000.0
2019-01-13,2019011301004195,MEGA,32,28,35,172.0,6020.0
2019-01-13,2019011301004194,MEGA,32,28,200,172.0,34400.0
2019-01-13,2019011301004193,MEGA,32,37,118,172.0,20296.0
2019-01-13,2019011301004089,MEGA,26,41,39,170.0,6630.0
2019-01-13,2019011301004088,MEGA,26,41,196,170.0,33320.0
2019-01-13,2019011301004181,MLBBL,20,17,12,912.0,10944.0
2019-01-13,2019011301004069,MLBBL,1,43,30,913.0,27390.0
2019-01-13,2019011301004094,MLBL,4,41,40,167.0,6680.0
2019-01-13,2019011301004093,MLBL,47,41,460,168.0,77280.0
2019-01-13,2019011301004074,MLBL,47,36,40,168.0,6720.0
2019-01-13,2019011301004422,MNBBL,35,1,60,344.0,20640.0
2019-01-13,2019011301004224,MNBBL,7,1,20,344.0,6880.0
2019-01-13,2019011301004080,MNBBL,14,36,154,343.0,52822.0
2019-01-13,2019011301004079,MNBBL,20,36,59,343.0,20237.0
2019-01-13,2019011301004379,MSMBS,58,21,11,538.0,5918.0
2019-01-13,2019011301004378,MSMBS,26,28,10,540.0,5400.0
2019-01-13,2019011301004291,NABIL,29,3,150,841.0,126150.0
2019-01-13,2019011301004290,NABIL,29,43,50,841.0,42050.0
2019-01-13,2019011301004216,NABIL,55,43,50,841.0,42050.0
2019-01-13,2019011301004183,NABIL,34,3,500,840.0,420000.0
2019-01-13,2019011301004096,NABIL,16,37,100,840.0,84000.0
2019-01-13,2019011301004360,NADEP,6,21,10,793.0,7930.0
2019-01-13,2019011301004351,NADEP,6,21,10,793.0,7930.0
2019-01-13,2019011301004335,NADEP,6,21,10,793.0,7930.0
2019-01-13,2019011301004325,NADEP,6,21,10,793.0,7930.0
2019-01-13,2019011301004139,NBB,42,41,10,192.0,1920.0
2019-01-13,2019011301004138,NBB,17,48,1000,191.0,191000.0
2019-01-13,2019011301004137,NBB,17,11,341,191.0,65131.0
2019-01-13,2019011301004136,NBB,17,7,1000,191.0,191000.0
2019-01-13,2019011301004135,NBB,17,48,231,191.0,44121.0
2019-01-13,2019011301003996,NBB,56,19,161,190.0,30590.0
2019-01-13,2019011301003995,NBB,5,19,4000,190.0,760000.0
2019-01-13,2019011301003994,NBB,46,19,150,190.0,28500.0
2019-01-13,2019011301003993,NBB,59,19,100,190.0,19000.0
2019-01-13,2019011301003992,NBB,6,19,327,190.0,62130.0
2019-01-13,2019011301004220,NBBLPO,56,40,5000,750.0,3750000.0
2019-01-13,2019011301004469,NBL,41,58,1913,301.0,575813.0
2019-01-13,2019011301004468,NBL,48,58,787,301.0,236887.0
2019-01-13,2019011301004455,NBL,48,52,100,301.0,30100.0
2019-01-13,2019011301004423,NBL,48,52,100,301.0,30100.0
2019-01-13,2019011301004417,NBL,42,6,100,302.0,30200.0
2019-01-13,2019011301004414,NBL,48,52,13,301.0,3913.0
2019-01-13,2019011301003981,NBL,10,58,3150,301.0,948150.0
2019-01-13,2019011301003980,NBL,6,58,200,301.0,60200.0
2019-01-13,2019011301003979,NBL,36,58,1000,301.0,301000.0
2019-01-13,2019011301003978,NBL,52,58,1000,301.0,301000.0
2019-01-13,2019011301003977,NBL,25,58,4526,301.0,1362326.0
2019-01-13,2019011301004010,NBL,40,58,186,301.0,55986.0
2019-01-13,2019011301003986,NBL,40,58,814,301.0,245014.0
2019-01-13,2019011301003985,NBL,54,58,10,301.0,3010.0
2019-01-13,2019011301003984,NBL,44,58,1000,301.0,301000.0
2019-01-13,2019011301003983,NBL,36,58,3000,301.0,903000.0
2019-01-13,2019011301003982,NBL,40,58,300,301.0,90300.0
2019-01-13,2019011301004030,NBL,18,58,894,301.0,269094.0
2019-01-13,2019011301004029,NBL,58,58,606,301.0,182406.0
2019-01-13,2019011301004014,NBL,58,58,4394,301.0,1322594.0
2019-01-13,2019011301004013,NBL,50,58,200,301.0,60200.0
2019-01-13,2019011301004012,NBL,42,58,20,301.0,6020.0
2019-01-13,2019011301004011,NBL,26,58,200,301.0,60200.0
2019-01-13,2019011301004108,NBL,14,58,200,301.0,60200.0
2019-01-13,2019011301004107,NBL,26,58,110,301.0,33110.0
2019-01-13,2019011301004106,NBL,1,58,100,301.0,30100.0
2019-01-13,2019011301004105,NBL,32,58,500,301.0,150500.0
2019-01-13,2019011301004104,NBL,18,58,106,301.0,31906.0
2019-01-13,2019011301004073,NBL,21,6,100,302.0,30200.0
2019-01-13,2019011301004188,NBL,32,29,1000,301.0,301000.0
2019-01-13,2019011301004187,NBL,33,29,16,301.0,4816.0
2019-01-13,2019011301004122,NBL,56,56,7,302.0,2114.0
2019-01-13,2019011301004111,NBL,33,58,2984,301.0,898184.0
2019-01-13,2019011301004110,NBL,45,58,500,301.0,150500.0
2019-01-13,2019011301004109,NBL,21,58,500,301.0,150500.0
2019-01-13,2019011301004298,NBL,36,59,100,301.0,30100.0
2019-01-13,2019011301004297,NBL,8,59,1000,301.0,301000.0
2019-01-13,2019011301004296,NBL,40,59,100,301.0,30100.0
2019-01-13,2019011301004295,NBL,42,59,16,301.0,4816.0
2019-01-13,2019011301004255,NBL,25,6,100,302.0,30200.0
2019-01-13,2019011301004189,NBL,42,29,484,301.0,145684.0
2019-01-13,2019011301004375,NBL,18,52,100,301.0,30100.0
2019-01-13,2019011301004311,NBL,39,59,222,301.0,66822.0
2019-01-13,2019011301004304,NBL,41,59,60,301.0,18060.0
2019-01-13,2019011301004301,NBL,44,59,50,301.0,15050.0
2019-01-13,2019011301004300,NBL,38,59,1000,301.0,301000.0
2019-01-13,2019011301004299,NBL,14,59,500,301.0,150500.0
2019-01-13,2019011301004413,NBL,36,52,200,301.0,60200.0
2019-01-13,2019011301004412,NBL,57,52,87,301.0,26187.0
2019-01-13,2019011301004408,NBL,42,6,100,302.0,30200.0
2019-01-13,2019011301004401,NBL,57,58,413,301.0,124313.0
2019-01-13,2019011301004400,NBL,36,58,2087,301.0,628187.0
2019-01-13,2019011301004376,NBL,36,52,2413,301.0,726313.0
2019-01-13,2019011301004420,NCCB,1,5,100,219.0,21900.0
2019-01-13,2019011301004388,NCCB,26,5,15,219.0,3285.0
2019-01-13,2019011301004334,NCCB,29,5,1000,219.0,219000.0
2019-01-13,2019011301004309,NCCB,41,5,10,219.0,2190.0
2019-01-13,2019011301004292,NCCB,41,5,10,219.0,2190.0
2019-01-13,2019011301004278,NCCB,41,5,10,219.0,2190.0
2019-01-13,2019011301004020,NCCB,47,1,300,218.0,65400.0
2019-01-13,2019011301004276,NCCB,41,5,10,219.0,2190.0
2019-01-13,2019011301004264,NCCB,19,33,433,218.0,94394.0
2019-01-13,2019011301004263,NCCB,55,33,10,218.0,2180.0
2019-01-13,2019011301004262,NCCB,57,33,100,218.0,21800.0
2019-01-13,2019011301004261,NCCB,47,33,1457,218.0,317626.0
2019-01-13,2019011301004192,NCCB,41,5,10,219.0,2190.0
2019-01-13,2019011301004217,NGPL,21,50,161,133.0,21413.0
2019-01-13,2019011301004359,NIB,11,35,70,544.0,38080.0
2019-01-13,2019011301004284,NIB,51,29,196,544.0,106624.0
2019-01-13,2019011301004283,NIB,47,29,55,544.0,29920.0
2019-01-13,2019011301004282,NIB,35,29,50,544.0,27200.0
2019-01-13,2019011301004245,NIB,35,14,50,544.0,27200.0
2019-01-13,2019011301004244,NIB,56,14,100,544.0,54400.0
2019-01-13,2019011301004231,NIB,1,14,20,545.0,10900.0
2019-01-13,2019011301004230,NIB,55,14,100,546.0,54600.0
2019-01-13,2019011301004229,NIB,1,14,30,546.0,16380.0
2019-01-13,2019011301004237,NIB,42,14,25,545.0,13625.0
2019-01-13,2019011301004236,NIB,20,14,100,545.0,54500.0
2019-01-13,2019011301004235,NIB,48,14,100,545.0,54500.0
2019-01-13,2019011301004234,NIB,6,14,10,545.0,5450.0
2019-01-13,2019011301004233,NIB,7,14,10,545.0,5450.0
2019-01-13,2019011301004232,NIB,22,14,50,545.0,27250.0
2019-01-13,2019011301004243,NIB,43,14,20,544.0,10880.0
2019-01-13,2019011301004242,NIB,19,14,1000,544.0,544000.0
2019-01-13,2019011301004241,NIB,57,14,50,544.0,27200.0
2019-01-13,2019011301004240,NIB,6,14,10,544.0,5440.0
2019-01-13,2019011301004239,NIB,45,14,300,545.0,163500.0
2019-01-13,2019011301004238,NIB,22,14,25,545.0,13625.0
2019-01-13,2019011301004365,NIBPO,41,22,200,497.0,99400.0
2019-01-13,2019011301004277,NIBPO,22,22,100,497.0,49700.0
2019-01-13,2019011301004467,NICA,34,58,2000,386.0,772000.0
2019-01-13,2019011301004438,NICA,34,58,1000,386.0,386000.0
2019-01-13,2019011301004437,NICA,34,44,145,386.0,55970.0
2019-01-13,2019011301004436,NICA,34,35,1450,386.0,559700.0
2019-01-13,2019011301004390,NICA,42,35,10,386.0,3860.0
2019-01-13,2019011301004064,NICA,34,17,50,385.0,19250.0
2019-01-13,2019011301004336,NICL,44,34,140,555.0,77700.0
2019-01-13,2019011301004322,NICL,45,34,200,555.0,111000.0
2019-01-13,2019011301004321,NICL,17,34,50,555.0,27750.0
2019-01-13,2019011301004320,NICL,5,34,50,555.0,27750.0
2019-01-13,2019011301004165,NIL,10,56,100,530.0,53000.0
2019-01-13,2019011301004164,NIL,34,56,200,530.0,106000.0
2019-01-13,2019011301004163,NIL,7,56,200,530.0,106000.0
2019-01-13,2019011301004162,NIL,7,56,300,530.0,159000.0
2019-01-13,2019011301004161,NIL,49,56,150,531.0,79650.0
2019-01-13,2019011301004159,NIL,49,49,100,531.0,53100.0
2019-01-13,2019011301004015,NIL,45,45,5,537.0,2685.0
2019-01-13,2019011301004324,NLICL,6,25,590,702.0,414180.0
2019-01-13,2019011301004316,NLICL,6,55,50,701.0,35050.0
2019-01-13,2019011301004251,NLICL,56,25,30,702.0,21060.0
2019-01-13,2019011301004250,NLICL,34,7,92,700.0,64400.0
2019-01-13,2019011301004249,NLICL,50,7,50,701.0,35050.0
2019-01-13,2019011301004152,NLICL,34,36,779,700.0,545300.0
2019-01-13,2019011301004145,NLICL,1,36,100,704.0,70400.0
2019-01-13,2019011301004087,NLICL,48,29,60,701.0,42060.0
2019-01-13,2019011301004151,NLICL,40,36,400,700.0,280000.0
2019-01-13,2019011301004150,NLICL,56,36,200,700.0,140000.0
2019-01-13,2019011301004149,NLICL,22,36,281,700.0,196700.0
2019-01-13,2019011301004148,NLICL,14,36,100,701.0,70100.0
2019-01-13,2019011301004147,NLICL,22,36,100,701.0,70100.0
2019-01-13,2019011301004146,NLICL,48,36,40,701.0,28040.0
2019-01-13,2019011301004373,NMB,17,6,944,325.0,306800.0
2019-01-13,2019011301004372,NMB,34,6,56,325.0,18200.0
2019-01-13,2019011301004280,NMB,22,45,87,326.0,28362.0
2019-01-13,2019011301004279,NMB,22,52,13,326.0,4238.0
2019-01-13,2019011301004121,NMB,34,21,25,325.0,8125.0
2019-01-13,2019011301004446,NTC,45,41,100,730.0,73000.0
2019-01-13,2019011301004461,PCBL,25,37,60,331.0,19860.0
2019-01-13,2019011301004305,PCBL,41,37,10,331.0,3310.0
2019-01-13,2019011301004285,PCBL,41,37,10,331.0,3310.0
2019-01-13,2019011301004266,PCBL,37,37,13,331.0,4303.0
2019-01-13,2019011301004265,PCBL,37,26,400,331.0,132400.0
2019-01-13,2019011301004204,PCBL,41,26,10,331.0,3310.0
2019-01-13,2019011301004170,PCBL,32,51,845,330.0,278850.0
2019-01-13,2019011301004169,PCBL,32,51,155,330.0,51150.0
2019-01-13,2019011301004131,PCBL,32,21,500,330.0,165000.0
2019-01-13,2019011301004091,PRIN,28,58,50,455.0,22750.0
2019-01-13,2019011301004450,PRVU,3,43,243,245.0,59535.0
2019-01-13,2019011301004449,PRVU,25,43,40,245.0,9800.0
2019-01-13,2019011301004448,PRVU,44,43,67,245.0,16415.0
2019-01-13,2019011301004040,PRVU,44,49,100,245.0,24500.0
2019-01-13,2019011301004275,RHPC,34,29,10,98.0,980.0
2019-01-13,2019011301004274,RHPC,49,29,10,99.0,990.0
2019-01-13,2019011301004042,RHPC,17,55,50,98.0,4900.0
2019-01-13,2019011301004041,RHPC,19,55,50,99.0,4950.0
2019-01-13,2019011301004097,RMDC,17,51,102,545.0,55590.0
2019-01-13,2019011301004039,RSDC,1,34,110,387.0,42570.0
2019-01-13,2019011301004038,RSDC,53,34,204,388.0,79152.0
2019-01-13,2019011301004294,SANIMA,46,54,100,306.0,30600.0
2019-01-13,2019011301004130,SBI,42,42,10,390.0,3900.0
2019-01-13,2019011301004312,SBL,34,11,636,291.0,185076.0
2019-01-13,2019011301004303,SBL,11,11,65,291.0,18915.0
2019-01-13,2019011301004302,SBL,44,11,200,291.0,58200.0
2019-01-13,2019011301004476,SCB,34,13,10,589.0,5890.0
2019-01-13,2019011301004460,SCB,34,13,20,589.0,11780.0
2019-01-13,2019011301004447,SCB,34,13,10,589.0,5890.0
2019-01-13,2019011301004435,SCB,34,13,10,589.0,5890.0
2019-01-13,2019011301004354,SCB,43,1,190,590.0,112100.0
2019-01-13,2019011301004219,SCB,13,11,50,589.0,29450.0
2019-01-13,2019011301004178,SCB,45,22,20,588.0,11760.0
2019-01-13,2019011301004173,SCB,45,21,190,588.0,111720.0
2019-01-13,2019011301004172,SCB,45,45,390,588.0,229320.0
2019-01-13,2019011301004120,SCB,32,45,40,588.0,23520.0
2019-01-13,2019011301004092,SCB,44,45,500,588.0,294000.0
2019-01-13,2019011301004353,SCB,43,13,10,590.0,5900.0
2019-01-13,2019011301004330,SCB,34,11,40,589.0,23560.0
2019-01-13,2019011301004409,SDESI,33,39,27,606.0,16362.0
2019-01-13,2019011301004084,SDESI,38,28,73,615.0,44895.0
2019-01-13,2019011301004083,SDESI,38,17,27,615.0,16605.0
2019-01-13,2019011301004082,SDESI,38,42,100,614.0,61400.0
2019-01-13,2019011301004081,SDESI,38,22,100,614.0,61400.0
2019-01-13,2019011301004066,SDESI,38,56,12,610.0,7320.0
2019-01-13,2019011301004047,SDESI,14,41,100,603.0,60300.0
2019-01-13,2019011301004046,SDESI,14,41,10,603.0,6030.0
2019-01-13,2019011301004045,SDESI,54,41,50,604.0,30200.0
2019-01-13,2019011301004044,SDESI,35,41,100,604.0,60400.0
2019-01-13,2019011301004043,SDESI,32,41,100,604.0,60400.0
2019-01-13,2019011301004053,SDESI,54,41,20,599.0,11980.0
2019-01-13,2019011301004052,SDESI,29,41,100,600.0,60000.0
2019-01-13,2019011301004051,SDESI,17,41,33,600.0,19800.0
2019-01-13,2019011301004050,SDESI,25,41,100,600.0,60000.0
2019-01-13,2019011301004049,SDESI,34,41,100,603.0,60300.0
2019-01-13,2019011301004048,SDESI,14,41,100,603.0,60300.0
2019-01-13,2019011301004065,SDESI,38,17,250,610.0,152500.0
2019-01-13,2019011301004063,SDESI,45,7,10,605.0,6050.0
2019-01-13,2019011301004057,SDESI,22,41,17,598.0,10166.0
2019-01-13,2019011301004056,SDESI,48,41,100,598.0,59800.0
2019-01-13,2019011301004055,SDESI,42,41,50,599.0,29950.0
2019-01-13,2019011301004054,SDESI,20,41,20,599.0,11980.0
2019-01-13,2019011301004287,SFFIL,6,42,300,224.0,67200.0
2019-01-13,2019011301004225,SFFIL,58,49,88,228.0,20064.0
2019-01-13,2019011301004327,SHPC,19,45,300,235.0,70500.0
2019-01-13,2019011301004206,SHPC,41,45,100,235.0,23500.0
2019-01-13,2019011301004078,SHPC,26,45,750,236.0,177000.0
2019-01-13,2019011301004077,SHPC,26,29,900,236.0,212400.0
2019-01-13,2019011301004076,SHPC,26,25,20,236.0,4720.0
2019-01-13,2019011301004071,SHPC,41,11,100,235.0,23500.0
2019-01-13,2019011301004003,SHPC,41,42,300,235.0,70500.0
2019-01-13,2019011301004384,SICL,34,25,200,923.0,184600.0
2019-01-13,2019011301004383,SICL,34,25,100,923.0,92300.0
2019-01-13,2019011301004257,SIL,35,51,18,650.0,11700.0
2019-01-13,2019011301004256,SIL,6,51,22,650.0,14300.0
2019-01-13,2019011301004028,SKBBL,8,41,215,1055.0,226825.0
2019-01-13,2019011301004027,SKBBL,6,41,20,1057.0,21140.0
2019-01-13,2019011301004026,SKBBL,40,41,80,1058.0,84640.0
2019-01-13,2019011301004025,SKBBL,55,41,50,1060.0,53000.0
2019-01-13,2019011301004024,SKBBL,49,41,60,1060.0,63600.0
2019-01-13,2019011301004023,SKBBL,8,41,35,1060.0,37100.0
2019-01-13,2019011301004022,SKBBL,26,41,30,1060.0,31800.0
2019-01-13,2019011301004021,SKBBL,35,41,10,1065.0,10650.0
2019-01-13,2019011301004259,SLICL,58,39,63,555.0,34965.0
2019-01-13,2019011301004258,SLICL,40,39,40,555.0,22200.0
2019-01-13,2019011301004253,SLICL,21,39,50,556.0,27800.0
2019-01-13,2019011301004252,SLICL,39,39,141,556.0,78396.0
2019-01-13,2019011301004377,SMB,17,34,10,630.0,6300.0
2019-01-13,2019011301004117,TRH,39,29,10,241.0,2410.0
2019-01-13,2019011301004116,TRH,54,29,10,245.0,2450.0
2019-01-13,2019011301004061,UMHL,7,43,10,122.0,1220.0
2019-01-13,2019011301004444,UPPER,29,17,50,224.0,11200.0
2019-01-13,2019011301004425,UPPER,29,6,50,224.0,11200.0
2019-01-13,2019011301004424,UPPER,29,17,40,224.0,8960.0
2019-01-13,2019011301004421,UPPER,29,17,50,224.0,11200.0
2019-01-13,2019011301004416,UPPER,29,17,40,224.0,8960.0
2019-01-13,2019011301004062,UPPER,29,22,50,224.0,11200.0
2019-01-13,2019011301004059,UPPER,29,43,40,224.0,8960.0
2019-01-13,2019011301004037,UPPER,29,42,40,224.0,8960.0
2019-01-13,2019011301004031,UPPER,29,43,50,224.0,11200.0
2019-01-13,2019011301004008,UPPER,29,42,40,224.0,8960.0
2019-01-13,2019011301003990,UPPER,29,42,40,224.0,8960.0
2019-01-13,2019011301004166,UPPER,29,49,50,224.0,11200.0
2019-01-13,2019011301004158,UPPER,29,11,50,224.0,11200.0
2019-01-13,2019011301004140,UPPER,29,42,40,224.0,8960.0
2019-01-13,2019011301004128,UPPER,29,42,40,224.0,8960.0
2019-01-13,2019011301004125,UPPER,29,42,50,224.0,11200.0
2019-01-13,2019011301004103,UPPER,29,42,40,224.0,8960.0
2019-01-13,2019011301004202,UPPER,29,11,40,224.0,8960.0
2019-01-13,2019011301004198,UPPER,29,40,50,224.0,11200.0
2019-01-13,2019011301004190,UPPER,29,11,40,224.0,8960.0
2019-01-13,2019011301004180,UPPER,29,40,50,224.0,11200.0
2019-01-13,2019011301004174,UPPER,29,11,40,224.0,8960.0
2019-01-13,2019011301004168,UPPER,29,49,50,224.0,11200.0
2019-01-13,2019011301004260,UPPER,29,21,50,224.0,11200.0
2019-01-13,2019011301004254,UPPER,29,43,40,224.0,8960.0
2019-01-13,2019011301004228,UPPER,29,43,50,224.0,11200.0
2019-01-13,2019011301004218,UPPER,29,40,50,224.0,11200.0
2019-01-13,2019011301004211,UPPER,29,17,40,224.0,8960.0
2019-01-13,2019011301004207,UPPER,29,40,50,224.0,11200.0
2019-01-13,2019011301004411,UPPER,29,17,40,224.0,8960.0
2019-01-13,2019011301004410,UPPER,29,22,40,224.0,8960.0
2019-01-13,2019011301004407,UPPER,29,17,40,224.0,8960.0
2019-01-13,2019011301004404,UPPER,29,17,50,224.0,11200.0
2019-01-13,2019011301004397,UPPER,29,20,50,224.0,11200.0
2019-01-13,2019011301004281,UPPER,29,41,50,224.0,11200.0
2019-01-13,2019011301004402,VLBS,17,1,54,694.0,37476.0
2019-01-13,2019011301004386,VLBS,17,41,30,694.0,20820.0
2019-01-13,2019011301004385,VLBS,46,41,50,695.0,34750.0
2019-01-13,2019011301004328,VLBS,46,17,50,695.0,34750.0
2019-01-13,2019011301000472,ADBL,41,45,60,353.0,21180.0
2019-01-13,2019011301000426,ADBL,41,16,440,353.0,155320.0
2019-01-13,2019011301000425,ADBL,6,16,60,353.0,21180.0
2019-01-13,2019011301000420,ADBL,59,50,50,354.0,17700.0
2019-01-13,2019011301000416,ADBL,59,28,50,355.0,17750.0
2019-01-13,2019011301000412,ADBL,47,44,36,354.0,12744.0
2019-01-13,2019011301000216,ADBL,26,32,50,354.0,17700.0
2019-01-13,2019011301000198,ADBL,57,32,100,354.0,35400.0
2019-01-13,2019011301000146,ADBL,57,14,100,354.0,35400.0
2019-01-13,2019011301000001,ADBL,45,45,10,357.0,3570.0
2019-01-13,2019011301000411,ADBL,47,26,50,354.0,17700.0
2019-01-13,2019011301000410,ADBL,47,32,99,354.0,35046.0
2019-01-13,2019011301000286,ADBL,42,35,259,352.0,91168.0
2019-01-13,2019011301000285,ADBL,51,35,100,353.0,35300.0
2019-01-13,2019011301000284,ADBL,29,35,241,353.0,85073.0
2019-01-13,2019011301000251,ADBL,29,33,259,353.0,91427.0
2019-01-13,2019011301000257,ALICL,33,35,10,630.0,6300.0
2019-01-13,2019011301000385,API,58,32,100,151.0,15100.0
2019-01-13,2019011301000117,BOKL,45,45,328,332.0,108896.0
2019-01-13,2019011301000424,CIT,43,45,100,2270.0,227000.0
2019-01-13,2019011301000389,CIT,51,4,50,2300.0,115000.0
2019-01-13,2019011301000279,CIT,34,4,100,2300.0,230000.0
2019-01-13,2019011301000278,CIT,34,43,20,2299.0,45980.0
2019-01-13,2019011301000137,CIT,46,4,69,2300.0,158700.0
2019-01-13,2019011301000422,GBIME,46,33,10,270.0,2700.0
2019-01-13,2019011301000388,GBIME,56,26,164,268.0,43952.0
2019-01-13,2019011301000275,GBIME,56,33,100,270.0,27000.0
2019-01-13,2019011301000168,GBIME,56,57,246,271.0,66666.0
2019-01-13,2019011301000167,GBIME,56,55,54,270.0,14580.0
2019-01-13,2019011301000187,GRDBL,52,52,105,111.0,11655.0
2019-01-13,2019011301000414,HIDCL,10,32,55,149.0,8195.0
2019-01-13,2019011301000280,KBL,35,59,300,253.0,75900.0
2019-01-13,2019011301000270,KBL,35,33,33,253.0,8349.0
2019-01-13,2019011301000133,KBL,11,4,900,254.0,228600.0
2019-01-13,2019011301000106,KBL,46,4,500,255.0,127500.0
2019-01-13,2019011301000050,KBL,11,44,100,258.0,25800.0
2019-01-13,2019011301000396,KPCL,45,51,10,100.0,1000.0
2019-01-13,2019011301000415,KPCL,45,26,10,100.0,1000.0
2019-01-13,2019011301000371,LBBL,36,33,88,171.0,15048.0
2019-01-13,2019011301000380,LBL,45,33,50,225.0,11250.0
2019-01-13,2019011301000391,MLBL,17,33,80,167.0,13360.0
2019-01-13,2019011301000219,NBB,56,58,50,190.0,9500.0
2019-01-13,2019011301000218,NBB,17,58,50,190.0,9500.0
2019-01-13,2019011301000467,NBL,57,44,100,304.0,30400.0
2019-01-13,2019011301000466,NBL,46,44,500,304.0,152000.0
2019-01-13,2019011301000465,NBL,46,44,300,304.0,91200.0
2019-01-13,2019011301000464,NBL,57,44,100,304.0,30400.0
2019-01-13,2019011301000463,NBL,45,44,4000,304.0,1216000.0
2019-01-13,2019011301000461,NBL,16,44,100,305.0,30500.0
2019-01-13,2019011301000089,NBL,44,59,4055,306.0,1240830.0
2019-01-13,2019011301000044,NBL,58,59,2000,305.0,610000.0
2019-01-13,2019011301000162,NBL,57,28,100,305.0,30500.0
2019-01-13,2019011301000161,NBL,14,28,2000,305.0,610000.0
2019-01-13,2019011301000160,NBL,59,28,300,305.0,91500.0
2019-01-13,2019011301000159,NBL,13,28,700,305.0,213500.0
2019-01-13,2019011301000114,NBL,33,59,5000,305.0,1525000.0
2019-01-13,2019011301000091,NBL,44,28,2945,306.0,901170.0
2019-01-13,2019011301000238,NBL,59,59,500,304.0,152000.0
2019-01-13,2019011301000224,NBL,42,28,500,305.0,152500.0
2019-01-13,2019011301000223,NBL,50,28,2000,305.0,610000.0
2019-01-13,2019011301000222,NBL,44,28,4045,305.0,1233725.0
2019-01-13,2019011301000203,NBL,45,28,150,306.0,45900.0
2019-01-13,2019011301000163,NBL,44,28,955,305.0,291275.0
2019-01-13,2019011301000346,NBL,57,28,1000,305.0,305000.0
2019-01-13,2019011301000338,NBL,58,28,1000,305.0,305000.0
2019-01-13,2019011301000248,NBL,45,52,1000,304.0,304000.0
2019-01-13,2019011301000241,NBL,16,59,200,304.0,60800.0
2019-01-13,2019011301000240,NBL,33,59,3000,304.0,912000.0
2019-01-13,2019011301000239,NBL,22,59,1000,304.0,304000.0
2019-01-13,2019011301000446,NBL,6,44,300,305.0,91500.0
2019-01-13,2019011301000419,NBL,46,44,1000,305.0,305000.0
2019-01-13,2019011301000408,NBL,49,28,610,305.0,186050.0
2019-01-13,2019011301000394,NBL,57,28,1000,305.0,305000.0
2019-01-13,2019011301000383,NBL,16,28,90,305.0,27450.0
2019-01-13,2019011301000357,NBL,44,28,300,305.0,91500.0
2019-01-13,2019011301000215,NIB,39,11,99,555.0,54945.0
2019-01-13,2019011301000445,NICA,6,33,11,388.0,4268.0
2019-01-13,2019011301000404,NICA,52,33,300,388.0,116400.0
2019-01-13,2019011301000316,NICA,47,44,250,390.0,97500.0
2019-01-13,2019011301000138,NICA,14,14,500,392.0,196000.0
2019-01-13,2019011301000403,PMHPL,6,51,10,113.0,1130.0
2019-01-13,2019011301000042,PRVU,29,44,1722,245.0,421890.0
2019-01-13,2019011301000455,SDESI,41,58,50,632.0,31600.0
2019-01-13,2019011301000413,SRBL,28,57,100,219.0,21900.0
2019-01-13,2019011301000476,UPPER,50,36,40,224.0,8960.0
2019-01-13,2019011301000475,UPPER,50,40,30,224.0,6720.0
2019-01-13,2019011301000474,UPPER,48,40,10,224.0,2240.0
2019-01-13,2019011301000473,UPPER,48,49,40,224.0,8960.0
2019-01-13,2019011301000471,UPPER,48,20,40,224.0,8960.0
2019-01-13,2019011301000470,UPPER,48,58,50,224.0,11200.0
2019-01-13,2019011301000004,UPPER,47,22,10,224.0,2240.0
2019-01-13,2019011301000003,UPPER,47,39,10,224.0,2240.0
2019-01-13,2019011301000002,UPPER,47,58,10,224.0,2240.0
2019-01-13,2019011301000010,UPPER,41,47,50,224.0,11200.0
2019-01-13,2019011301000009,UPPER,41,47,40,224.0,8960.0
2019-01-13,2019011301000008,UPPER,41,47,40,224.0,8960.0
2019-01-13,2019011301000007,UPPER,41,47,50,224.0,11200.0
2019-01-13,2019011301000006,UPPER,41,47,20,224.0,4480.0
2019-01-13,2019011301000005,UPPER,47,47,20,224.0,4480.0
2019-01-13,2019011301000016,UPPER,34,43,50,224.0,11200.0
2019-01-13,2019011301000015,UPPER,34,43,50,224.0,11200.0
2019-01-13,2019011301000014,UPPER,34,47,40,224.0,8960.0
2019-01-13,2019011301000013,UPPER,34,45,10,224.0,2240.0
2019-01-13,2019011301000012,UPPER,34,41,40,224.0,8960.0
2019-01-13,2019011301000011,UPPER,34,47,50,224.0,11200.0
2019-01-13,2019011301000022,UPPER,40,43,30,224.0,6720.0
2019-01-13,2019011301000021,UPPER,29,43,20,224.0,4480.0
2019-01-13,2019011301000020,UPPER,29,29,30,224.0,6720.0
2019-01-13,2019011301000019,UPPER,45,29,10,224.0,2240.0
2019-01-13,2019011301000018,UPPER,34,29,10,224.0,2240.0
2019-01-13,2019011301000017,UPPER,34,43,50,224.0,11200.0
2019-01-13,2019011301000028,UPPER,40,26,50,224.0,11200.0
2019-01-13,2019011301000027,UPPER,40,20,50,224.0,11200.0
2019-01-13,2019011301000026,UPPER,40,26,40,224.0,8960.0
2019-01-13,2019011301000025,UPPER,40,20,40,224.0,8960.0
2019-01-13,2019011301000024,UPPER,40,26,10,224.0,2240.0
2019-01-13,2019011301000023,UPPER,40,43,50,224.0,11200.0
2019-01-13,2019011301000034,UPPER,40,20,50,224.0,11200.0
2019-01-13,2019011301000033,UPPER,40,59,40,224.0,8960.0
2019-01-13,2019011301000032,UPPER,40,17,40,224.0,8960.0
2019-01-13,2019011301000031,UPPER,40,17,40,224.0,8960.0
2019-01-13,2019011301000030,UPPER,40,20,40,224.0,8960.0
2019-01-13,2019011301000029,UPPER,40,20,40,224.0,8960.0
2019-01-13,2019011301000040,UPPER,40,17,40,224.0,8960.0
2019-01-13,2019011301000039,UPPER,40,59,40,224.0,8960.0
2019-01-13,2019011301000038,UPPER,40,17,50,224.0,11200.0
2019-01-13,2019011301000037,UPPER,40,20,40,224.0,8960.0
2019-01-13,2019011301000036,UPPER,40,18,40,224.0,8960.0
2019-01-13,2019011301000035,UPPER,40,59,50,224.0,11200.0
2019-01-13,2019011301000048,UPPER,40,59,50,224.0,11200.0
2019-01-13,2019011301000047,UPPER,40,17,40,224.0,8960.0
2019-01-13,2019011301000046,UPPER,40,20,50,224.0,11200.0
2019-01-13,2019011301000045,UPPER,40,29,50,224.0,11200.0
2019-01-13,2019011301000043,UPPER,40,20,50,224.0,11200.0
2019-01-13,2019011301000041,UPPER,40,59,40,224.0,8960.0
2019-01-13,2019011301000055,UPPER,40,29,20,224.0,4480.0
2019-01-13,2019011301000054,UPPER,40,56,10,224.0,2240.0
2019-01-13,2019011301000053,UPPER,40,26,50,224.0,11200.0
2019-01-13,2019011301000052,UPPER,40,17,40,224.0,8960.0
2019-01-13,2019011301000051,UPPER,40,22,40,224.0,8960.0
2019-01-13,2019011301000049,UPPER,40,19,50,224.0,11200.0
2019-01-13,2019011301000061,UPPER,40,59,40,224.0,8960.0
2019-01-13,2019011301000060,UPPER,40,28,40,224.0,8960.0
2019-01-13,2019011301000059,UPPER,40,17,50,224.0,11200.0
2019-01-13,2019011301000058,UPPER,40,40,50,224.0,11200.0
2019-01-13,2019011301000057,UPPER,40,17,40,224.0,8960.0
2019-01-13,2019011301000056,UPPER,40,59,50,224.0,11200.0
2019-01-13,2019011301000067,UPPER,40,17,40,224.0,8960.0
2019-01-13,2019011301000066,UPPER,40,26,50,224.0,11200.0
2019-01-13,2019011301000065,UPPER,40,59,50,224.0,11200.0
2019-01-13,2019011301000064,UPPER,40,29,50,224.0,11200.0
2019-01-13,2019011301000063,UPPER,40,17,40,224.0,8960.0
2019-01-13,2019011301000062,UPPER,40,26,40,224.0,8960.0
2019-01-13,2019011301000073,UPPER,11,40,40,224.0,8960.0
2019-01-13,2019011301000072,UPPER,40,40,10,224.0,2240.0
2019-01-13,2019011301000071,UPPER,40,20,40,224.0,8960.0
2019-01-13,2019011301000070,UPPER,40,29,40,224.0,8960.0
2019-01-13,2019011301000069,UPPER,40,17,50,224.0,11200.0
2019-01-13,2019011301000068,UPPER,40,40,50,224.0,11200.0
2019-01-13,2019011301000079,UPPER,11,17,50,224.0,11200.0
2019-01-13,2019011301000078,UPPER,11,29,50,224.0,11200.0
2019-01-13,2019011301000077,UPPER,11,20,50,224.0,11200.0
2019-01-13,2019011301000076,UPPER,11,26,40,224.0,8960.0
2019-01-13,2019011301000075,UPPER,11,17,40,224.0,8960.0
2019-01-13,2019011301000074,UPPER,11,59,50,224.0,11200.0
2019-01-13,2019011301000085,UPPER,14,17,50,224.0,11200.0
2019-01-13,2019011301000084,UPPER,14,20,10,224.0,2240.0
2019-01-13,2019011301000083,UPPER,11,20,40,224.0,8960.0
2019-01-13,2019011301000082,UPPER,11,26,40,224.0,8960.0
2019-01-13,2019011301000081,UPPER,11,59,50,224.0,11200.0
2019-01-13,2019011301000080,UPPER,11,40,50,224.0,11200.0
2019-01-13,2019011301000093,UPPER,14,20,40,224.0,8960.0
2019-01-13,2019011301000092,UPPER,14,40,50,224.0,11200.0
2019-01-13,2019011301000090,UPPER,14,59,40,224.0,8960.0
2019-01-13,2019011301000088,UPPER,14,29,10,224.0,2240.0
2019-01-13,2019011301000087,UPPER,14,26,40,224.0,8960.0
2019-01-13,2019011301000086,UPPER,14,29,40,224.0,8960.0
2019-01-13,2019011301000099,UPPER,14,57,10,224.0,2240.0
2019-01-13,2019011301000098,UPPER,14,20,40,224.0,8960.0
2019-01-13,2019011301000097,UPPER,14,26,40,224.0,8960.0
2019-01-13,2019011301000096,UPPER,14,26,40,224.0,8960.0
2019-01-13,2019011301000095,UPPER,14,59,40,224.0,8960.0
2019-01-13,2019011301000094,UPPER,14,26,50,224.0,11200.0
2019-01-13,2019011301000105,UPPER,40,40,40,224.0,8960.0
2019-01-13,2019011301000104,UPPER,40,51,40,224.0,8960.0
2019-01-13,2019011301000103,UPPER,40,22,40,224.0,8960.0
2019-01-13,2019011301000102,UPPER,40,26,50,224.0,11200.0
2019-01-13,2019011301000101,UPPER,40,41,50,224.0,11200.0
2019-01-13,2019011301000100,UPPER,40,57,40,224.0,8960.0
2019-01-13,2019011301000112,UPPER,40,28,50,224.0,11200.0
2019-01-13,2019011301000111,UPPER,40,41,50,224.0,11200.0
2019-01-13,2019011301000110,UPPER,40,26,50,224.0,11200.0
2019-01-13,2019011301000109,UPPER,40,20,50,224.0,11200.0
2019-01-13,2019011301000108,UPPER,40,29,50,224.0,11200.0
2019-01-13,2019011301000107,UPPER,40,59,50,224.0,11200.0
2019-01-13,2019011301000120,UPPER,40,20,50,224.0,11200.0
2019-01-13,2019011301000119,UPPER,40,40,50,224.0,11200.0
2019-01-13,2019011301000118,UPPER,40,59,50,224.0,11200.0
2019-01-13,2019011301000116,UPPER,40,26,40,224.0,8960.0
2019-01-13,2019011301000115,UPPER,40,20,50,224.0,11200.0
2019-01-13,2019011301000113,UPPER,40,22,40,224.0,8960.0
2019-01-13,2019011301000126,UPPER,40,46,40,224.0,8960.0
2019-01-13,2019011301000125,UPPER,40,32,40,224.0,8960.0
2019-01-13,2019011301000124,UPPER,40,51,50,224.0,11200.0
2019-01-13,2019011301000123,UPPER,40,59,50,224.0,11200.0
2019-01-13,2019011301000122,UPPER,40,22,40,224.0,8960.0
2019-01-13,2019011301000121,UPPER,40,22,40,224.0,8960.0
2019-01-13,2019011301000132,UPPER,40,40,50,224.0,11200.0
2019-01-13,2019011301000131,UPPER,40,59,40,224.0,8960.0
2019-01-13,2019011301000130,UPPER,40,20,50,224.0,11200.0
2019-01-13,2019011301000129,UPPER,40,26,40,224.0,8960.0
2019-01-13,2019011301000128,UPPER,40,20,40,224.0,8960.0
2019-01-13,2019011301000127,UPPER,40,40,40,224.0,8960.0
2019-01-13,2019011301000141,UPPER,40,51,40,224.0,8960.0
2019-01-13,2019011301000140,UPPER,40,26,50,224.0,11200.0
2019-01-13,2019011301000139,UPPER,40,20,50,224.0,11200.0
2019-01-13,2019011301000136,UPPER,40,40,50,224.0,11200.0
2019-01-13,2019011301000135,UPPER,40,59,40,224.0,8960.0
2019-01-13,2019011301000134,UPPER,40,51,40,224.0,8960.0
2019-01-13,2019011301000148,UPPER,40,20,40,224.0,8960.0
2019-01-13,2019011301000147,UPPER,40,46,50,224.0,11200.0
2019-01-13,2019011301000145,UPPER,40,59,40,224.0,8960.0
2019-01-13,2019011301000144,UPPER,40,41,50,224.0,11200.0
2019-01-13,2019011301000143,UPPER,40,22,30,224.0,6720.0
2019-01-13,2019011301000142,UPPER,40,40,50,224.0,11200.0
2019-01-13,2019011301000154,UPPER,41,46,50,224.0,11200.0
2019-01-13,2019011301000153,UPPER,41,41,40,224.0,8960.0
2019-01-13,2019011301000152,UPPER,41,51,30,224.0,6720.0
2019-01-13,2019011301000151,UPPER,40,51,10,224.0,2240.0
2019-01-13,2019011301000150,UPPER,40,26,50,224.0,11200.0
2019-01-13,2019011301000149,UPPER,40,40,50,224.0,11200.0
2019-01-13,2019011301000165,UPPER,40,51,40,224.0,8960.0
2019-01-13,2019011301000164,UPPER,40,40,50,224.0,11200.0
2019-01-13,2019011301000158,UPPER,40,20,50,224.0,11200.0
2019-01-13,2019011301000157,UPPER,40,40,10,224.0,2240.0
2019-01-13,2019011301000156,UPPER,41,40,40,224.0,8960.0
2019-01-13,2019011301000155,UPPER,41,51,40,224.0,8960.0
2019-01-13,2019011301000173,UPPER,40,5,50,224.0,11200.0
2019-01-13,2019011301000172,UPPER,40,51,50,224.0,11200.0
2019-01-13,2019011301000171,UPPER,40,28,50,224.0,11200.0
2019-01-13,2019011301000170,UPPER,40,17,40,224.0,8960.0
2019-01-13,2019011301000169,UPPER,40,40,50,224.0,11200.0
2019-01-13,2019011301000166,UPPER,40,20,50,224.0,11200.0
2019-01-13,2019011301000179,UPPER,40,58,50,224.0,11200.0
2019-01-13,2019011301000178,UPPER,40,28,50,224.0,11200.0
2019-01-13,2019011301000177,UPPER,40,32,50,224.0,11200.0
2019-01-13,2019011301000176,UPPER,40,26,50,224.0,11200.0
2019-01-13,2019011301000175,UPPER,40,51,40,224.0,8960.0
2019-01-13,2019011301000174,UPPER,40,40,50,224.0,11200.0
2019-01-13,2019011301000185,UPPER,40,56,50,224.0,11200.0
2019-01-13,2019011301000184,UPPER,40,51,50,224.0,11200.0
2019-01-13,2019011301000183,UPPER,40,40,50,224.0,11200.0
2019-01-13,2019011301000182,UPPER,40,20,40,224.0,8960.0
2019-01-13,2019011301000181,UPPER,40,17,50,224.0,11200.0
2019-01-13,2019011301000180,UPPER,40,58,40,224.0,8960.0
2019-01-13,2019011301000192,UPPER,40,20,50,224.0,11200.0
2019-01-13,2019011301000191,UPPER,40,32,40,224.0,8960.0
2019-01-13,2019011301000190,UPPER,40,51,50,224.0,11200.0
2019-01-13,2019011301000189,UPPER,40,20,50,224.0,11200.0
2019-01-13,2019011301000188,UPPER,40,40,50,224.0,11200.0
2019-01-13,2019011301000186,UPPER,40,20,50,224.0,11200.0
2019-01-13,2019011301000199,UPPER,40,29,50,224.0,11200.0
2019-01-13,2019011301000197,UPPER,40,58,50,224.0,11200.0
2019-01-13,2019011301000196,UPPER,40,58,50,224.0,11200.0
2019-01-13,2019011301000195,UPPER,40,40,40,224.0,8960.0
2019-01-13,2019011301000194,UPPER,40,28,50,224.0,11200.0
2019-01-13,2019011301000193,UPPER,40,51,40,224.0,8960.0
2019-01-13,2019011301000206,UPPER,40,28,40,224.0,8960.0
2019-01-13,2019011301000205,UPPER,40,32,50,224.0,11200.0
2019-01-13,2019011301000204,UPPER,40,41,40,224.0,8960.0
2019-01-13,2019011301000202,UPPER,40,20,50,224.0,11200.0
2019-01-13,2019011301000201,UPPER,40,59,50,224.0,11200.0
2019-01-13,2019011301000200,UPPER,40,51,50,224.0,11200.0
2019-01-13,2019011301000212,UPPER,37,59,30,224.0,6720.0
2019-01-13,2019011301000211,UPPER,37,29,20,224.0,4480.0
2019-01-13,2019011301000210,UPPER,40,29,30,224.0,6720.0
2019-01-13,2019011301000209,UPPER,40,28,40,224.0,8960.0
2019-01-13,2019011301000208,UPPER,40,36,20,224.0,4480.0
2019-01-13,2019011301000207,UPPER,40,32,50,224.0,11200.0
2019-01-13,2019011301000225,UPPER,45,28,10,224.0,2240.0
2019-01-13,2019011301000221,UPPER,45,20,50,224.0,11200.0
2019-01-13,2019011301000220,UPPER,45,40,40,224.0,8960.0
2019-01-13,2019011301000217,UPPER,45,29,50,224.0,11200.0
2019-01-13,2019011301000214,UPPER,45,40,40,224.0,8960.0
2019-01-13,2019011301000213,UPPER,45,59,10,224.0,2240.0
2019-01-13,2019011301000231,UPPER,40,59,20,224.0,4480.0
2019-01-13,2019011301000230,UPPER,35,59,30,224.0,6720.0
2019-01-13,2019011301000229,UPPER,35,28,50,224.0,11200.0
2019-01-13,2019011301000228,UPPER,35,58,50,224.0,11200.0
2019-01-13,2019011301000227,UPPER,35,40,40,224.0,8960.0
2019-01-13,2019011301000226,UPPER,35,28,30,224.0,6720.0
2019-01-13,2019011301000237,UPPER,40,26,40,224.0,8960.0
2019-01-13,2019011301000236,UPPER,40,59,40,224.0,8960.0
2019-01-13,2019011301000235,UPPER,40,20,40,224.0,8960.0
2019-01-13,2019011301000234,UPPER,40,40,40,224.0,8960.0
2019-01-13,2019011301000233,UPPER,40,58,50,224.0,11200.0
2019-01-13,2019011301000232,UPPER,40,20,40,224.0,8960.0
2019-01-13,2019011301000247,UPPER,40,14,50,224.0,11200.0
2019-01-13,2019011301000246,UPPER,40,40,40,224.0,8960.0
2019-01-13,2019011301000245,UPPER,40,36,30,224.0,6720.0
2019-01-13,2019011301000244,UPPER,40,20,40,224.0,8960.0
2019-01-13,2019011301000243,UPPER,40,3,20,224.0,4480.0
2019-01-13,2019011301000242,UPPER,40,58,50,224.0,11200.0
2019-01-13,2019011301000255,UPPER,40,14,50,224.0,11200.0
2019-01-13,2019011301000254,UPPER,40,16,50,224.0,11200.0
2019-01-13,2019011301000253,UPPER,40,58,40,224.0,8960.0
2019-01-13,2019011301000252,UPPER,40,20,50,224.0,11200.0
2019-01-13,2019011301000250,UPPER,40,20,40,224.0,8960.0
2019-01-13,2019011301000249,UPPER,40,59,40,224.0,8960.0
2019-01-13,2019011301000262,UPPER,40,17,40,224.0,8960.0
2019-01-13,2019011301000261,UPPER,40,16,40,224.0,8960.0
2019-01-13,2019011301000260,UPPER,40,20,50,224.0,11200.0
2019-01-13,2019011301000259,UPPER,40,58,50,224.0,11200.0
2019-01-13,2019011301000258,UPPER,40,41,50,224.0,11200.0
2019-01-13,2019011301000256,UPPER,40,59,50,224.0,11200.0
2019-01-13,2019011301000268,UPPER,40,14,50,224.0,11200.0
2019-01-13,2019011301000267,UPPER,40,58,40,224.0,8960.0
2019-01-13,2019011301000266,UPPER,40,20,40,224.0,8960.0
2019-01-13,2019011301000265,UPPER,40,40,40,224.0,8960.0
2019-01-13,2019011301000264,UPPER,40,39,10,224.0,2240.0
2019-01-13,2019011301000263,UPPER,40,32,40,224.0,8960.0
2019-01-13,2019011301000276,UPPER,40,58,50,224.0,11200.0
2019-01-13,2019011301000274,UPPER,40,20,50,224.0,11200.0
2019-01-13,2019011301000273,UPPER,40,40,40,224.0,8960.0
2019-01-13,2019011301000272,UPPER,40,16,40,224.0,8960.0
2019-01-13,2019011301000271,UPPER,40,17,50,224.0,11200.0
2019-01-13,2019011301000269,UPPER,40,58,40,224.0,8960.0
2019-01-13,2019011301000288,UPPER,40,17,50,224.0,11200.0
2019-01-13,2019011301000287,UPPER,40,40,40,224.0,8960.0
2019-01-13,2019011301000283,UPPER,40,28,40,224.0,8960.0
2019-01-13,2019011301000282,UPPER,40,28,50,224.0,11200.0
2019-01-13,2019011301000281,UPPER,40,16,40,224.0,8960.0
2019-01-13,2019011301000277,UPPER,40,58,50,224.0,11200.0
2019-01-13,2019011301000294,UPPER,41,59,20,224.0,4480.0
2019-01-13,2019011301000293,UPPER,40,59,20,224.0,4480.0
2019-01-13,2019011301000292,UPPER,40,14,40,224.0,8960.0
2019-01-13,2019011301000291,UPPER,40,58,40,224.0,8960.0
2019-01-13,2019011301000290,UPPER,40,42,40,224.0,8960.0
2019-01-13,2019011301000289,UPPER,40,20,50,224.0,11200.0
2019-01-13,2019011301000300,UPPER,41,41,40,224.0,8960.0
2019-01-13,2019011301000299,UPPER,41,17,50,224.0,11200.0
2019-01-13,2019011301000298,UPPER,41,16,50,224.0,11200.0
2019-01-13,2019011301000297,UPPER,41,20,40,224.0,8960.0
2019-01-13,2019011301000296,UPPER,41,17,50,224.0,11200.0
2019-01-13,2019011301000295,UPPER,41,36,40,224.0,8960.0
2019-01-13,2019011301000306,UPPER,40,36,50,224.0,11200.0
2019-01-13,2019011301000305,UPPER,40,20,40,224.0,8960.0
2019-01-13,2019011301000304,UPPER,40,59,40,224.0,8960.0
2019-01-13,2019011301000303,UPPER,40,40,40,224.0,8960.0
2019-01-13,2019011301000302,UPPER,40,58,30,224.0,6720.0
2019-01-13,2019011301000301,UPPER,41,58,10,224.0,2240.0
2019-01-13,2019011301000312,UPPER,40,20,40,224.0,8960.0
2019-01-13,2019011301000311,UPPER,40,16,40,224.0,8960.0
2019-01-13,2019011301000310,UPPER,40,59,40,224.0,8960.0
2019-01-13,2019011301000309,UPPER,40,17,50,224.0,11200.0
2019-01-13,2019011301000308,UPPER,40,16,40,224.0,8960.0
2019-01-13,2019011301000307,UPPER,40,46,40,224.0,8960.0
2019-01-13,2019011301000319,UPPER,41,17,50,224.0,11200.0
2019-01-13,2019011301000318,UPPER,41,20,50,224.0,11200.0
2019-01-13,2019011301000317,UPPER,41,16,50,224.0,11200.0
2019-01-13,2019011301000315,UPPER,41,36,40,224.0,8960.0
2019-01-13,2019011301000314,UPPER,41,29,40,224.0,8960.0
2019-01-13,2019011301000313,UPPER,40,17,50,224.0,11200.0
2019-01-13,2019011301000325,UPPER,41,16,50,224.0,11200.0
2019-01-13,2019011301000324,UPPER,41,17,40,224.0,8960.0
2019-01-13,2019011301000323,UPPER,41,26,50,224.0,11200.0
2019-01-13,2019011301000322,UPPER,41,17,50,224.0,11200.0
2019-01-13,2019011301000321,UPPER,41,3,20,224.0,4480.0
2019-01-13,2019011301000320,UPPER,41,58,40,224.0,8960.0
2019-01-13,2019011301000331,UPPER,28,49,50,224.0,11200.0
2019-01-13,2019011301000330,UPPER,28,20,10,224.0,2240.0
2019-01-13,2019011301000329,UPPER,45,20,30,224.0,6720.0
2019-01-13,2019011301000328,UPPER,45,58,50,224.0,11200.0
2019-01-13,2019011301000327,UPPER,45,32,20,224.0,4480.0
2019-01-13,2019011301000326,UPPER,41,32,20,224.0,4480.0
2019-01-13,2019011301000337,UPPER,28,16,50,224.0,11200.0
2019-01-13,2019011301000336,UPPER,28,20,50,224.0,11200.0
2019-01-13,2019011301000335,UPPER,28,46,50,224.0,11200.0
2019-01-13,2019011301000334,UPPER,28,17,40,224.0,8960.0
2019-01-13,2019011301000333,UPPER,28,17,40,224.0,8960.0
2019-01-13,2019011301000332,UPPER,28,36,50,224.0,11200.0
2019-01-13,2019011301000344,UPPER,28,36,50,224.0,11200.0
2019-01-13,2019011301000343,UPPER,28,49,50,224.0,11200.0
2019-01-13,2019011301000342,UPPER,28,16,40,224.0,8960.0
2019-01-13,2019011301000341,UPPER,28,58,40,224.0,8960.0
2019-01-13,2019011301000340,UPPER,28,58,40,224.0,8960.0
2019-01-13,2019011301000339,UPPER,28,35,40,224.0,8960.0
2019-01-13,2019011301000351,UPPER,28,49,40,224.0,8960.0
2019-01-13,2019011301000350,UPPER,28,36,40,224.0,8960.0
2019-01-13,2019011301000349,UPPER,28,17,40,224.0,8960.0
2019-01-13,2019011301000348,UPPER,28,16,40,224.0,8960.0
2019-01-13,2019011301000347,UPPER,28,58,50,224.0,11200.0
2019-01-13,2019011301000345,UPPER,28,17,40,224.0,8960.0
2019-01-13,2019011301000358,UPPER,14,58,50,224.0,11200.0
2019-01-13,2019011301000356,UPPER,14,16,20,224.0,4480.0
2019-01-13,2019011301000355,UPPER,28,16,20,224.0,4480.0
2019-01-13,2019011301000354,UPPER,28,20,50,224.0,11200.0
2019-01-13,2019011301000353,UPPER,28,17,40,224.0,8960.0
2019-01-13,2019011301000352,UPPER,28,58,40,224.0,8960.0
2019-01-13,2019011301000364,UPPER,46,58,10,224.0,2240.0
2019-01-13,2019011301000363,UPPER,46,20,40,224.0,8960.0
2019-01-13,2019011301000362,UPPER,46,36,10,224.0,2240.0
2019-01-13,2019011301000361,UPPER,14,36,30,224.0,6720.0
2019-01-13,2019011301000360,UPPER,14,46,50,224.0,11200.0
2019-01-13,2019011301000359,UPPER,14,17,50,224.0,11200.0
2019-01-13,2019011301000370,UPPER,37,20,40,224.0,8960.0
2019-01-13,2019011301000369,UPPER,37,46,50,224.0,11200.0
2019-01-13,2019011301000368,UPPER,37,16,50,224.0,11200.0
2019-01-13,2019011301000367,UPPER,37,41,50,224.0,11200.0
2019-01-13,2019011301000366,UPPER,37,49,40,224.0,8960.0
2019-01-13,2019011301000365,UPPER,37,58,30,224.0,6720.0
2019-01-13,2019011301000378,UPPER,37,20,40,224.0,8960.0
2019-01-13,2019011301000377,UPPER,37,41,50,224.0,11200.0
2019-01-13,2019011301000376,UPPER,37,16,40,224.0,8960.0
2019-01-13,2019011301000375,UPPER,37,36,50,224.0,11200.0
2019-01-13,2019011301000374,UPPER,37,58,50,224.0,11200.0
2019-01-13,2019011301000372,UPPER,37,56,40,224.0,8960.0
2019-01-13,2019011301000387,UPPER,37,16,40,224.0,8960.0
2019-01-13,2019011301000386,UPPER,37,36,50,224.0,11200.0
2019-01-13,2019011301000384,UPPER,37,20,50,224.0,11200.0
2019-01-13,2019011301000382,UPPER,37,41,50,224.0,11200.0
2019-01-13,2019011301000381,UPPER,37,16,40,224.0,8960.0
2019-01-13,2019011301000379,UPPER,37,58,40,224.0,8960.0
2019-01-13,2019011301000397,UPPER,37,20,10,224.0,2240.0
2019-01-13,2019011301000395,UPPER,37,16,50,224.0,11200.0
2019-01-13,2019011301000393,UPPER,37,40,40,224.0,8960.0
2019-01-13,2019011301000392,UPPER,37,20,50,224.0,11200.0
2019-01-13,2019011301000390,UPPER,37,41,50,224.0,11200.0
2019-01-13,2019011301000405,UPPER,57,20,40,224.0,8960.0
2019-01-13,2019011301000402,UPPER,57,36,50,224.0,11200.0
2019-01-13,2019011301000401,UPPER,57,40,50,224.0,11200.0
2019-01-13,2019011301000400,UPPER,57,41,40,224.0,8960.0
2019-01-13,2019011301000399,UPPER,29,41,10,224.0,2240.0
2019-01-13,2019011301000398,UPPER,29,20,40,224.0,8960.0
2019-01-13,2019011301000418,UPPER,57,59,40,224.0,8960.0
2019-01-13,2019011301000417,UPPER,57,20,50,224.0,11200.0
2019-01-13,2019011301000409,UPPER,57,20,50,224.0,11200.0
2019-01-13,2019011301000407,UPPER,57,20,40,224.0,8960.0
2019-01-13,2019011301000406,UPPER,57,42,40,224.0,8960.0
2019-01-13,2019011301000430,UPPER,57,20,40,224.0,8960.0
2019-01-13,2019011301000429,UPPER,57,58,40,224.0,8960.0
2019-01-13,2019011301000428,UPPER,57,58,40,224.0,8960.0
2019-01-13,2019011301000427,UPPER,57,50,50,224.0,11200.0
2019-01-13,2019011301000423,UPPER,57,36,40,224.0,8960.0
2019-01-13,2019011301000421,UPPER,57,20,40,224.0,8960.0
2019-01-13,2019011301000436,UPPER,57,50,40,224.0,8960.0
2019-01-13,2019011301000435,UPPER,57,58,50,224.0,11200.0
2019-01-13,2019011301000434,UPPER,57,39,40,224.0,8960.0
2019-01-13,2019011301000433,UPPER,57,58,50,224.0,11200.0
2019-01-13,2019011301000432,UPPER,57,20,40,224.0,8960.0
2019-01-13,2019011301000431,UPPER,57,55,50,224.0,11200.0
2019-01-13,2019011301000442,UPPER,48,58,40,224.0,8960.0
2019-01-13,2019011301000441,UPPER,48,39,40,224.0,8960.0
2019-01-13,2019011301000440,UPPER,48,20,30,224.0,6720.0
2019-01-13,2019011301000439,UPPER,57,20,10,224.0,2240.0
2019-01-13,2019011301000438,UPPER,57,58,40,224.0,8960.0
2019-01-13,2019011301000437,UPPER,57,39,30,224.0,6720.0
2019-01-13,2019011301000450,UPPER,48,57,40,224.0,8960.0
2019-01-13,2019011301000449,UPPER,48,17,40,224.0,8960.0
2019-01-13,2019011301000448,UPPER,48,20,50,224.0,11200.0
2019-01-13,2019011301000447,UPPER,48,45,20,224.0,4480.0
2019-01-13,2019011301000444,UPPER,48,20,40,224.0,8960.0
2019-01-13,2019011301000443,UPPER,48,17,40,224.0,8960.0
2019-01-13,2019011301000457,UPPER,48,57,40,224.0,8960.0
2019-01-13,2019011301000456,UPPER,48,22,40,224.0,8960.0
2019-01-13,2019011301000454,UPPER,48,20,40,224.0,8960.0
2019-01-13,2019011301000453,UPPER,48,56,40,224.0,8960.0
2019-01-13,2019011301000452,UPPER,48,17,40,224.0,8960.0
2019-01-13,2019011301000451,UPPER,48,40,50,224.0,11200.0
2019-01-13,2019011301000469,UPPER,48,17,40,224.0,8960.0
2019-01-13,2019011301000468,UPPER,48,40,50,224.0,11200.0
2019-01-13,2019011301000462,UPPER,48,50,50,224.0,11200.0
2019-01-13,2019011301000460,UPPER,48,36,50,224.0,11200.0
2019-01-13,2019011301000459,UPPER,48,20,40,224.0,8960.0
2019-01-13,2019011301000458,UPPER,48,58,40,224.0,8960.0
2019-01-13,2019011301000373,WOMI,16,33,10,984.0,9840.0
2019-01-13,2019011301001968,ADBL,29,41,100,352.0,35200.0
2019-01-13,2019011301001886,ADBL,48,50,50,353.0,17650.0
2019-01-13,2019011301001877,ADBL,29,49,44,352.0,15488.0
2019-01-13,2019011301001875,ADBL,29,58,94,352.0,33088.0
2019-01-13,2019011301001860,ADBL,29,29,362,352.0,127424.0
2019-01-13,2019011301001804,ADBL,29,8,62,352.0,21824.0
2019-01-13,2019011301001647,ADBL,47,50,15,353.0,5295.0
2019-01-13,2019011301001640,ADBL,1,50,200,353.0,70600.0
2019-01-13,2019011301001621,ADBL,29,45,140,352.0,49280.0
2019-01-13,2019011301001480,ADBL,18,50,80,353.0,28240.0
2019-01-13,2019011301001932,AKJCL,39,39,10,93.0,930.0
2019-01-13,2019011301001855,AKJCL,39,39,10,93.0,930.0
2019-01-13,2019011301001846,AKJCL,39,39,10,93.0,930.0
2019-01-13,2019011301001843,AKJCL,39,39,10,93.0,930.0
2019-01-13,2019011301001829,AKJCL,39,39,10,93.0,930.0
2019-01-13,2019011301001962,ALICL,34,7,162,609.0,98658.0
2019-01-13,2019011301001889,ALICL,49,48,38,618.0,23484.0
2019-01-13,2019011301001888,API,39,57,500,155.0,77500.0
2019-01-13,2019011301001887,API,44,57,190,155.0,29450.0
2019-01-13,2019011301001838,API,26,44,20,156.0,3120.0
2019-01-13,2019011301001759,API,44,44,10,155.0,1550.0
2019-01-13,2019011301001713,API,14,44,25,156.0,3900.0
2019-01-13,2019011301001972,BOKL,17,28,18,331.0,5958.0
2019-01-13,2019011301001867,BOKL,22,28,50,331.0,16550.0
2019-01-13,2019011301001827,BOKL,41,28,50,331.0,16550.0
2019-01-13,2019011301001822,BOKL,47,11,34,330.0,11220.0
2019-01-13,2019011301001821,BOKL,53,11,50,330.0,16500.0
2019-01-13,2019011301001820,BOKL,52,11,66,330.0,21780.0
2019-01-13,2019011301001644,BOKL,49,11,50,331.0,16550.0
2019-01-13,2019011301001643,BOKL,39,11,200,331.0,66200.0
2019-01-13,2019011301001553,BOKL,43,11,201,331.0,66531.0
2019-01-13,2019011301001510,BOKL,32,49,20,332.0,6640.0
2019-01-13,2019011301001788,BOKL,11,1,50,330.0,16500.0
2019-01-13,2019011301001787,BOKL,45,1,20,330.0,6600.0
2019-01-13,2019011301001786,BOKL,6,1,300,330.0,99000.0
2019-01-13,2019011301001785,BOKL,35,1,500,330.0,165000.0
2019-01-13,2019011301001784,BOKL,46,1,71,330.0,23430.0
2019-01-13,2019011301001778,BOKL,41,28,100,331.0,33100.0
2019-01-13,2019011301001801,BOKL,52,1,34,330.0,11220.0
2019-01-13,2019011301001793,BOKL,37,1,200,330.0,66000.0
2019-01-13,2019011301001792,BOKL,11,1,500,330.0,165000.0
2019-01-13,2019011301001791,BOKL,43,1,25,330.0,8250.0
2019-01-13,2019011301001790,BOKL,22,1,200,330.0,66000.0
2019-01-13,2019011301001789,BOKL,16,1,200,330.0,66000.0
2019-01-13,2019011301001916,BPCL,43,45,20,370.0,7400.0
2019-01-13,2019011301001966,CBBL,4,45,500,854.0,427000.0
2019-01-13,2019011301001965,CBBL,4,53,50,854.0,42700.0
2019-01-13,2019011301001866,CBBL,35,49,138,852.0,117576.0
2019-01-13,2019011301001865,CBBL,35,49,500,850.0,425000.0
2019-01-13,2019011301001864,CBBL,35,53,100,849.0,84900.0
2019-01-13,2019011301001818,CBBL,53,53,35,846.0,29610.0
2019-01-13,2019011301001802,CBBL,6,14,85,845.0,71825.0
2019-01-13,2019011301001903,CBL,39,6,18,162.0,2916.0
2019-01-13,2019011301001629,CBL,49,47,50,161.0,8050.0
2019-01-13,2019011301001587,CBL,14,52,50,162.0,8100.0
2019-01-13,2019011301001522,CBL,46,52,30,162.0,4860.0
2019-01-13,2019011301001967,CCBL,17,7,145,170.0,24650.0
2019-01-13,2019011301001922,CCBL,17,52,33,171.0,5643.0
2019-01-13,2019011301001561,CCBL,50,52,57,170.0,9690.0
2019-01-13,2019011301001560,CCBL,50,13,375,170.0,63750.0
2019-01-13,2019011301001525,CCBL,46,13,40,170.0,6800.0
2019-01-13,2019011301001495,CCBL,26,13,10,170.0,1700.0
2019-01-13,2019011301001533,CFCL,41,47,600,111.0,66600.0
2019-01-13,2019011301001862,CHCL,42,10,60,540.0,32400.0
2019-01-13,2019011301001757,CHCL,42,36,520,540.0,280800.0
2019-01-13,2019011301001756,CHCL,38,36,180,540.0,97200.0
2019-01-13,2019011301001755,CHCL,41,36,200,540.0,108000.0
2019-01-13,2019011301001754,CHCL,55,36,100,540.0,54000.0
2019-01-13,2019011301001753,CHCL,55,36,100,540.0,54000.0
2019-01-13,2019011301001752,CHCL,37,36,400,540.0,216000.0
2019-01-13,2019011301001751,CHCL,41,36,100,540.0,54000.0
2019-01-13,2019011301001750,CHCL,57,36,100,542.0,54200.0
2019-01-13,2019011301001749,CHCL,57,36,100,542.0,54200.0
2019-01-13,2019011301001748,CHCL,57,36,100,543.0,54300.0
2019-01-13,2019011301001599,CHCL,52,41,80,545.0,43600.0
2019-01-13,2019011301001883,CIT,19,34,49,2293.0,112357.0
2019-01-13,2019011301001842,CIT,49,34,50,2293.0,114650.0
2019-01-13,2019011301001817,CIT,16,45,100,2290.0,229000.0
2019-01-13,2019011301001816,CIT,16,45,100,2290.0,229000.0
2019-01-13,2019011301001811,CIT,16,39,100,2292.0,229200.0
2019-01-13,2019011301001779,CIT,16,37,100,2290.0,229000.0
2019-01-13,2019011301001971,CZBIL,28,7,300,214.0,64200.0
2019-01-13,2019011301001909,CZBIL,28,59,54,214.0,11556.0
2019-01-13,2019011301001733,CZBIL,28,16,25,214.0,5350.0
2019-01-13,2019011301001712,CZBIL,13,1,200,215.0,43000.0
2019-01-13,2019011301001538,DBBL,6,47,90,126.0,11340.0
2019-01-13,2019011301001917,EBL,18,1,100,534.0,53400.0
2019-01-13,2019011301001496,EBL,18,1,400,534.0,213600.0
2019-01-13,2019011301001884,GBIME,13,41,100,270.0,27000.0
2019-01-13,2019011301001706,GBLBS,57,25,500,430.0,215000.0
2019-01-13,2019011301001485,GBLBS,5,35,12,434.0,5208.0
2019-01-13,2019011301001770,GDBL,32,57,593,187.0,110891.0
2019-01-13,2019011301001641,GDBL,32,57,500,186.0,93000.0
2019-01-13,2019011301001590,GLICL,50,58,100,712.0,71200.0
2019-01-13,2019011301001674,GRDBL,14,26,40,106.0,4240.0
2019-01-13,2019011301001885,GUFL,8,47,10,106.0,1060.0
2019-01-13,2019011301001845,GUFL,53,34,280,104.0,29120.0
2019-01-13,2019011301001776,GUFL,8,34,20,104.0,2080.0
2019-01-13,2019011301001758,GUFL,39,34,40,102.0,4080.0
2019-01-13,2019011301001724,GUFL,14,34,10,100.0,1000.0
2019-01-13,2019011301001935,HGI,28,14,226,400.0,90400.0
2019-01-13,2019011301001929,HGI,28,42,78,400.0,31200.0
2019-01-13,2019011301001928,HGI,36,42,22,400.0,8800.0
2019-01-13,2019011301001882,HGI,36,25,80,400.0,32000.0
2019-01-13,2019011301001975,HPPL,52,42,20,184.0,3680.0
2019-01-13,2019011301001954,HPPL,52,42,20,184.0,3680.0
2019-01-13,2019011301001734,HPPL,5,55,10,184.0,1840.0
2019-01-13,2019011301001678,HPPL,5,26,10,184.0,1840.0
2019-01-13,2019011301001546,ICFC,17,47,75,155.0,11625.0
2019-01-13,2019011301001693,IGI,35,25,480,470.0,225600.0
2019-01-13,2019011301001692,IGI,57,25,200,471.0,94200.0
2019-01-13,2019011301001960,JBBL,40,17,10,138.0,1380.0
2019-01-13,2019011301001926,JBBL,49,19,104,137.0,14248.0
2019-01-13,2019011301001828,JBBL,49,49,1000,137.0,137000.0
2019-01-13,2019011301001694,JBBL,13,46,213,136.0,28968.0
2019-01-13,2019011301001682,JBBL,13,26,30,136.0,4080.0
2019-01-13,2019011301001743,JBNL,59,13,100,168.0,16800.0
2019-01-13,2019011301001742,JBNL,42,13,100,168.0,16800.0
2019-01-13,2019011301001741,JBNL,51,13,400,168.0,67200.0
2019-01-13,2019011301001740,JBNL,26,13,10,168.0,1680.0
2019-01-13,2019011301001739,JBNL,48,13,222,168.0,37296.0
2019-01-13,2019011301001699,JBNL,48,45,46,168.0,7728.0
2019-01-13,2019011301001550,JBNL,48,47,100,168.0,16800.0
2019-01-13,2019011301001484,JBNL,48,48,65,168.0,10920.0
2019-01-13,2019011301001492,JEFL,32,7,1000,125.0,125000.0
2019-01-13,2019011301001834,JFL,17,56,46,173.0,7958.0
2019-01-13,2019011301001899,KBL,38,6,200,252.0,50400.0
2019-01-13,2019011301001874,KBL,34,57,1940,253.0,490820.0
2019-01-13,2019011301001869,KBL,34,26,60,253.0,15180.0
2019-01-13,2019011301001868,KBL,26,26,940,253.0,237820.0
2019-01-13,2019011301001859,KBL,26,41,27,253.0,6831.0
2019-01-13,2019011301001826,KBL,26,48,33,253.0,8349.0
2019-01-13,2019011301001688,KBL,55,56,500,253.0,126500.0
2019-01-13,2019011301001687,KBL,29,56,1000,253.0,253000.0
2019-01-13,2019011301001686,KBL,52,56,100,253.0,25300.0
2019-01-13,2019011301001685,KBL,35,56,134,253.0,33902.0
2019-01-13,2019011301001684,KBL,49,44,50,254.0,12700.0
2019-01-13,2019011301001486,KBL,35,48,33,253.0,8349.0
2019-01-13,2019011301001737,KBL,38,16,25,252.0,6300.0
2019-01-13,2019011301001720,KBL,38,26,300,252.0,75600.0
2019-01-13,2019011301001719,KBL,6,26,200,252.0,50400.0
2019-01-13,2019011301001691,KBL,11,56,500,253.0,126500.0
2019-01-13,2019011301001690,KBL,50,56,200,253.0,50600.0
2019-01-13,2019011301001689,KBL,41,56,100,253.0,25300.0
2019-01-13,2019011301001479,KKHC,44,1,246,95.0,23370.0
2019-01-13,2019011301001961,KPCL,39,39,10,101.0,1010.0
2019-01-13,2019011301001959,KPCL,39,42,10,101.0,1010.0
2019-01-13,2019011301001554,KPCL,45,25,10,100.0,1000.0
2019-01-13,2019011301001551,KPCL,45,25,10,100.0,1000.0
2019-01-13,2019011301001543,KPCL,45,25,10,100.0,1000.0
2019-01-13,2019011301001572,KPCL,45,25,10,100.0,1000.0
2019-01-13,2019011301001564,KPCL,45,25,10,100.0,1000.0
2019-01-13,2019011301001597,KPCL,45,25,10,100.0,1000.0
2019-01-13,2019011301001593,KPCL,45,25,10,100.0,1000.0
2019-01-13,2019011301001617,KPCL,45,25,10,100.0,1000.0
2019-01-13,2019011301001611,KPCL,45,25,10,100.0,1000.0
2019-01-13,2019011301001630,KPCL,45,25,10,100.0,1000.0
2019-01-13,2019011301001622,KPCL,45,25,10,100.0,1000.0
2019-01-13,2019011301001642,KPCL,45,25,10,100.0,1000.0
2019-01-13,2019011301001637,KPCL,45,25,10,100.0,1000.0
2019-01-13,2019011301001655,KPCL,34,25,10,100.0,1000.0
2019-01-13,2019011301001652,KPCL,34,25,10,100.0,1000.0
2019-01-13,2019011301001648,KPCL,45,25,10,100.0,1000.0
2019-01-13,2019011301001658,KPCL,34,25,10,100.0,1000.0
2019-01-13,2019011301001680,KPCL,34,25,10,100.0,1000.0
2019-01-13,2019011301001700,KPCL,34,25,10,100.0,1000.0
2019-01-13,2019011301001721,KPCL,34,25,10,100.0,1000.0
2019-01-13,2019011301001715,KPCL,34,25,10,100.0,1000.0
2019-01-13,2019011301001714,KPCL,34,25,10,100.0,1000.0
2019-01-13,2019011301001726,KPCL,34,25,10,100.0,1000.0
2019-01-13,2019011301001725,KPCL,34,44,10,100.0,1000.0
2019-01-13,2019011301001773,KPCL,34,25,10,100.0,1000.0
2019-01-13,2019011301001771,KPCL,34,25,10,100.0,1000.0
2019-01-13,2019011301001761,KPCL,34,44,10,100.0,1000.0
2019-01-13,2019011301001782,KPCL,34,25,10,100.0,1000.0
2019-01-13,2019011301001781,KPCL,34,25,10,100.0,1000.0
2019-01-13,2019011301001780,KPCL,34,25,10,100.0,1000.0
2019-01-13,2019011301001777,KPCL,34,25,10,100.0,1000.0
2019-01-13,2019011301001800,KPCL,34,25,10,100.0,1000.0
2019-01-13,2019011301001796,KPCL,34,25,10,100.0,1000.0
2019-01-13,2019011301001810,KPCL,34,25,10,100.0,1000.0
2019-01-13,2019011301001945,KPCL,34,42,10,100.0,1000.0
2019-01-13,2019011301001957,KPCL,39,39,10,101.0,1010.0
2019-01-13,2019011301001953,KPCL,39,22,10,101.0,1010.0
2019-01-13,2019011301001952,KPCL,39,41,10,101.0,1010.0
2019-01-13,2019011301001760,KSBBL,33,57,248,137.0,33976.0
2019-01-13,2019011301001766,LBBL,49,25,520,171.0,88920.0
2019-01-13,2019011301001765,LBBL,32,25,1000,171.0,171000.0
2019-01-13,2019011301001764,LBBL,36,25,380,171.0,64980.0
2019-01-13,2019011301001763,LBBL,53,25,100,172.0,17200.0
2019-01-13,2019011301001710,LBBL,35,16,13,173.0,2249.0
2019-01-13,2019011301001569,LBBL,35,22,16,173.0,2768.0
2019-01-13,2019011301001673,LBL,53,16,100,221.0,22100.0
2019-01-13,2019011301001672,LBL,11,16,100,221.0,22100.0
2019-01-13,2019011301001671,LBL,55,16,500,221.0,110500.0
2019-01-13,2019011301001670,LBL,47,16,450,221.0,99450.0
2019-01-13,2019011301001669,LBL,47,16,450,221.0,99450.0
2019-01-13,2019011301001668,LBL,39,16,200,221.0,44200.0
2019-01-13,2019011301001667,LBL,45,16,70,221.0,15470.0
2019-01-13,2019011301001666,LBL,51,16,400,222.0,88800.0
2019-01-13,2019011301001665,LBL,11,16,1000,222.0,222000.0
2019-01-13,2019011301001571,LICN,35,17,17,1665.0,28305.0
2019-01-13,2019011301001783,MBL,58,34,39,209.0,8151.0
2019-01-13,2019011301001767,MBL,17,25,50,210.0,10500.0
2019-01-13,2019011301001744,MBL,58,29,61,209.0,12749.0
2019-01-13,2019011301001481,MBL,1,16,440,208.0,91520.0
2019-01-13,2019011301001519,MDB,49,42,150,291.0,43650.0
2019-01-13,2019011301001848,MEGA,42,46,28,172.0,4816.0
2019-01-13,2019011301001847,MEGA,49,46,14,172.0,2408.0
2019-01-13,2019011301001612,MEGA,49,49,45,172.0,7740.0
2019-01-13,2019011301001894,MNBBL,28,45,200,346.0,69200.0
2019-01-13,2019011301001931,NABIL,53,3,15,840.0,12600.0
2019-01-13,2019011301001905,NABIL,53,25,32,841.0,26912.0
2019-01-13,2019011301001812,NABIL,25,3,100,845.0,84500.0
2019-01-13,2019011301001677,NABIL,53,16,85,840.0,71400.0
2019-01-13,2019011301001623,NABIL,11,16,200,840.0,168000.0
2019-01-13,2019011301001974,NADEP,38,7,10,787.0,7870.0
2019-01-13,2019011301001895,NADEP,38,45,10,795.0,7950.0
2019-01-13,2019011301001769,NADEP,7,44,10,790.0,7900.0
2019-01-13,2019011301001558,NADEP,5,1,10,800.0,8000.0
2019-01-13,2019011301001557,NADEP,5,45,10,796.0,7960.0
2019-01-13,2019011301001556,NADEP,5,45,10,796.0,7960.0
2019-01-13,2019011301001937,NBB,56,57,201,190.0,38190.0
2019-01-13,2019011301001559,NBB,56,47,30,190.0,5700.0
2019-01-13,2019011301001534,NBB,46,48,50,191.0,9550.0
2019-01-13,2019011301001919,NBL,39,34,55,305.0,16775.0
2019-01-13,2019011301001854,NBL,39,35,300,304.0,91200.0
2019-01-13,2019011301001853,NBL,39,28,1650,304.0,501600.0
2019-01-13,2019011301001814,NBL,47,28,300,304.0,91200.0
2019-01-13,2019011301001808,NBL,6,28,50,304.0,15200.0
2019-01-13,2019011301001807,NBL,6,59,1800,304.0,547200.0
2019-01-13,2019011301001532,NBL,18,28,300,305.0,91500.0
2019-01-13,2019011301001487,NBL,35,28,170,305.0,51850.0
2019-01-13,2019011301001577,NBL,58,59,1000,304.0,304000.0
2019-01-13,2019011301001576,NBL,34,59,1000,304.0,304000.0
2019-01-13,2019011301001575,NBL,46,59,200,304.0,60800.0
2019-01-13,2019011301001574,NBL,55,59,500,304.0,152000.0
2019-01-13,2019011301001573,NBL,45,59,2752,304.0,836608.0
2019-01-13,2019011301001548,NBL,45,49,1000,304.0,304000.0
2019-01-13,2019011301001583,NBL,14,59,200,304.0,60800.0
2019-01-13,2019011301001582,NBL,58,59,500,304.0,152000.0
2019-01-13,2019011301001581,NBL,59,59,1000,304.0,304000.0
2019-01-13,2019011301001580,NBL,25,59,1000,304.0,304000.0
2019-01-13,2019011301001579,NBL,14,59,550,304.0,167200.0
2019-01-13,2019011301001578,NBL,37,59,1000,304.0,304000.0
2019-01-13,2019011301001605,NBL,19,28,100,304.0,30400.0
2019-01-13,2019011301001604,NBL,22,28,20,304.0,6080.0
2019-01-13,2019011301001603,NBL,47,28,150,304.0,45600.0
2019-01-13,2019011301001602,NBL,33,28,1702,304.0,517408.0
2019-01-13,2019011301001586,NBL,11,28,100,305.0,30500.0
2019-01-13,2019011301001584,NBL,33,59,298,304.0,90592.0
2019-01-13,2019011301001616,NBL,17,58,252,304.0,76608.0
2019-01-13,2019011301001610,NBL,17,28,98,304.0,29792.0
2019-01-13,2019011301001609,NBL,14,28,500,304.0,152000.0
2019-01-13,2019011301001608,NBL,7,28,100,304.0,30400.0
2019-01-13,2019011301001607,NBL,49,28,330,304.0,100320.0
2019-01-13,2019011301001606,NBL,45,28,2000,304.0,608000.0
2019-01-13,2019011301001731,NBL,10,58,200,304.0,60800.0
2019-01-13,2019011301001729,NBL,37,58,200,304.0,60800.0
2019-01-13,2019011301001716,NBL,39,58,100,304.0,30400.0
2019-01-13,2019011301001651,NBL,57,58,500,304.0,152000.0
2019-01-13,2019011301001632,NBL,46,58,500,304.0,152000.0
2019-01-13,2019011301001626,NBL,58,58,200,304.0,60800.0
2019-01-13,2019011301001806,NBL,6,28,1150,304.0,349600.0
2019-01-13,2019011301001797,NBL,18,28,500,304.0,152000.0
2019-01-13,2019011301001772,NBL,22,28,350,304.0,106400.0
2019-01-13,2019011301001762,NBL,22,28,650,304.0,197600.0
2019-01-13,2019011301001747,NBL,58,58,6,304.0,1824.0
2019-01-13,2019011301001735,NBL,6,58,42,304.0,12768.0
2019-01-13,2019011301001976,NCCB,45,7,59,219.0,12921.0
2019-01-13,2019011301001955,NCCB,18,44,300,220.0,66000.0
2019-01-13,2019011301001939,NCCB,45,33,300,219.0,65700.0
2019-01-13,2019011301001906,NEF,43,25,2253,8.35,18812.55
2019-01-13,2019011301001836,NGPL,47,53,14,133.0,1862.0
2019-01-13,2019011301001835,NGPL,45,53,59,133.0,7847.0
2019-01-13,2019011301001732,NGPL,45,44,11,133.0,1463.0
2019-01-13,2019011301001588,NGPL,45,56,13,133.0,1729.0
2019-01-13,2019011301001567,NGPL,45,56,13,133.0,1729.0
2019-01-13,2019011301001552,NGPL,45,56,25,133.0,3325.0
2019-01-13,2019011301001964,NIB,33,55,20,549.0,10980.0
2019-01-13,2019011301001696,NIB,52,47,40,548.0,21920.0
2019-01-13,2019011301001619,NIB,57,16,221,550.0,121550.0
2019-01-13,2019011301001618,NIB,57,16,181,550.0,99550.0
2019-01-13,2019011301001570,NIB,52,47,40,548.0,21920.0
2019-01-13,2019011301001541,NIB,52,11,31,548.0,16988.0
2019-01-13,2019011301001923,NIBLPF,39,25,2525,7.49,18912.25
2019-01-13,2019011301001856,NIBLPF,43,42,1010,7.35,7423.5
2019-01-13,2019011301001900,NICA,55,25,440,386.0,169840.0
2019-01-13,2019011301001936,NICGF,22,25,1000,9.02,9020.0
2019-01-13,2019011301001521,NLG,53,45,30,880.0,26400.0
2019-01-13,2019011301001520,NLG,53,22,10,879.0,8790.0
2019-01-13,2019011301001498,NLG,53,45,40,880.0,35200.0
2019-01-13,2019011301001914,NLIC,42,14,42,1101.0,46242.0
2019-01-13,2019011301001837,NLIC,42,49,200,1101.0,220200.0
2019-01-13,2019011301001585,NLIC,18,8,321,1104.0,354384.0
2019-01-13,2019011301001545,NLIC,18,17,100,1104.0,110400.0
2019-01-13,2019011301001892,NMB,42,25,231,325.0,75075.0
2019-01-13,2019011301001600,NMB,42,44,410,325.0,133250.0
2019-01-13,2019011301001494,NMB,42,48,242,325.0,78650.0
2019-01-13,2019011301001493,NMB,38,48,106,325.0,34450.0
2019-01-13,2019011301001934,NMFBS,32,49,10,1570.0,15700.0
2019-01-13,2019011301001504,NSEWA,22,36,10,563.0,5630.0
2019-01-13,2019011301001841,NUBL,19,37,50,770.0,38500.0
2019-01-13,2019011301001840,NUBL,6,37,50,770.0,38500.0
2019-01-13,2019011301001711,PCBL,29,43,100,334.0,33400.0
2019-01-13,2019011301001709,PCBL,13,48,200,335.0,67000.0
2019-01-13,2019011301001636,PIC,40,43,10,1028.0,10280.0
2019-01-13,2019011301001944,PMHPL,47,38,10,109.0,1090.0
2019-01-13,2019011301001675,PMHPL,57,46,810,111.0,89910.0
2019-01-13,2019011301001649,PMHPL,47,46,440,111.0,48840.0
2019-01-13,2019011301001639,PMHPL,47,56,10,111.0,1110.0
2019-01-13,2019011301001547,PMHPL,47,56,10,111.0,1110.0
2019-01-13,2019011301001517,PMHPL,47,56,10,111.0,1110.0
2019-01-13,2019011301001880,PRVU,59,56,400,244.0,97600.0
2019-01-13,2019011301001703,PRVU,4,17,3854,244.0,940376.0
2019-01-13,2019011301001702,PRVU,4,17,3690,244.0,900360.0
2019-01-13,2019011301001537,PRVU,18,17,164,244.0,40016.0
2019-01-13,2019011301001536,PRVU,18,17,136,244.0,33184.0
2019-01-13,2019011301001526,PRVU,13,17,200,244.0,48800.0
2019-01-13,2019011301001491,PRVU,53,42,150,243.0,36450.0
2019-01-13,2019011301001490,PRVU,8,42,50,243.0,12150.0
2019-01-13,2019011301001941,RADHI,13,26,11,165.0,1815.0
2019-01-13,2019011301001896,RADHI,13,25,11,163.0,1793.0
2019-01-13,2019011301001524,RADHI,13,56,11,161.0,1771.0
2019-01-13,2019011301001950,RRHP,38,38,10,101.0,1010.0
2019-01-13,2019011301001918,RRHP,38,38,10,101.0,1010.0
2019-01-13,2019011301001902,RRHP,38,38,10,101.0,1010.0
2019-01-13,2019011301001728,RRHP,57,47,100,103.0,10300.0
2019-01-13,2019011301001727,RRHP,57,45,50,103.0,5150.0
2019-01-13,2019011301001653,RRHP,38,56,10,101.0,1010.0
2019-01-13,2019011301001563,RRHP,38,56,10,101.0,1010.0
2019-01-13,2019011301001503,RRHP,39,39,10,102.0,1020.0
2019-01-13,2019011301001500,RRHP,39,39,10,102.0,1020.0
2019-01-13,2019011301001956,SANIMA,56,25,50,305.0,15250.0
2019-01-13,2019011301001813,SANIMA,56,32,50,305.0,15250.0
2019-01-13,2019011301001544,SANIMA,11,26,180,306.0,55080.0
2019-01-13,2019011301001947,SBI,28,11,403,390.0,157170.0
2019-01-13,2019011301001946,SBI,50,11,16,391.0,6256.0
2019-01-13,2019011301001910,SBI,50,29,49,391.0,19159.0
2019-01-13,2019011301001831,SBI,28,17,300,390.0,117000.0
2019-01-13,2019011301001830,SBI,28,13,65,389.0,25285.0
2019-01-13,2019011301001823,SBL,26,32,51,293.0,14943.0
2019-01-13,2019011301001635,SBL,39,47,25,293.0,7325.0
2019-01-13,2019011301001634,SBL,26,47,100,293.0,29300.0
2019-01-13,2019011301001633,SBL,26,47,50,293.0,14650.0
2019-01-13,2019011301001596,SBL,11,47,50,294.0,14700.0
2019-01-13,2019011301001879,SDESI,29,29,23,611.0,14053.0
2019-01-13,2019011301001878,SDESI,19,29,27,612.0,16524.0
2019-01-13,2019011301001839,SDESI,32,43,50,612.0,30600.0
2019-01-13,2019011301001768,SDESI,14,17,27,615.0,16605.0
2019-01-13,2019011301001707,SIL,59,48,100,655.0,65500.0
2019-01-13,2019011301001908,SKBBL,29,14,50,1075.0,53750.0
2019-01-13,2019011301001876,SKBBL,29,14,100,1075.0,107500.0
2019-01-13,2019011301001775,SLICL,39,46,74,566.0,41884.0
2019-01-13,2019011301001705,SLICL,29,44,569,565.0,321485.0
2019-01-13,2019011301001624,SLICL,39,44,44,565.0,24860.0
2019-01-13,2019011301001589,SLICL,57,46,60,566.0,33960.0
2019-01-13,2019011301001540,SLICL,39,49,156,565.0,88140.0
2019-01-13,2019011301001482,SLICL,39,6,200,561.0,112200.0
2019-01-13,2019011301001925,SRBL,34,57,99,216.0,21384.0
2019-01-13,2019011301001873,SRBL,51,29,242,215.0,52030.0
2019-01-13,2019011301001872,SRBL,56,29,500,215.0,107500.0
2019-01-13,2019011301001698,UFL,6,26,167,164.0,27388.0
2019-01-13,2019011301001697,UFL,28,26,20,167.0,3340.0
2019-01-13,2019011301001515,UFL,28,44,480,167.0,80160.0
2019-01-13,2019011301001973,UPPER,29,17,50,224.0,11200.0
2019-01-13,2019011301001970,UPPER,29,46,50,224.0,11200.0
2019-01-13,2019011301001969,UPPER,29,22,50,224.0,11200.0
2019-01-13,2019011301001963,UPPER,29,58,40,224.0,8960.0
2019-01-13,2019011301001489,UPPER,11,41,40,224.0,8960.0
2019-01-13,2019011301001488,UPPER,11,36,50,224.0,11200.0
2019-01-13,2019011301001483,UPPER,11,41,50,224.0,11200.0
2019-01-13,2019011301001478,UPPER,11,42,30,224.0,6720.0
2019-01-13,2019011301001477,UPPER,59,42,20,224.0,4480.0
2019-01-13,2019011301001506,UPPER,11,43,40,224.0,8960.0
2019-01-13,2019011301001505,UPPER,11,41,50,224.0,11200.0
2019-01-13,2019011301001502,UPPER,11,43,40,224.0,8960.0
2019-01-13,2019011301001501,UPPER,11,36,50,224.0,11200.0
2019-01-13,2019011301001499,UPPER,11,41,40,224.0,8960.0
2019-01-13,2019011301001497,UPPER,11,36,50,224.0,11200.0
2019-01-13,2019011301001513,UPPER,57,57,50,224.0,11200.0
2019-01-13,2019011301001512,UPPER,57,36,40,224.0,8960.0
2019-01-13,2019011301001511,UPPER,57,43,50,224.0,11200.0
2019-01-13,2019011301001509,UPPER,57,13,40,224.0,8960.0
2019-01-13,2019011301001508,UPPER,11,13,10,224.0,2240.0
2019-01-13,2019011301001507,UPPER,11,36,50,224.0,11200.0
2019-01-13,2019011301001528,UPPER,57,35,40,224.0,8960.0
2019-01-13,2019011301001527,UPPER,57,40,50,224.0,11200.0
2019-01-13,2019011301001523,UPPER,57,41,50,224.0,11200.0
2019-01-13,2019011301001518,UPPER,57,43,50,224.0,11200.0
2019-01-13,2019011301001516,UPPER,57,35,40,224.0,8960.0
2019-01-13,2019011301001514,UPPER,57,41,50,224.0,11200.0
2019-01-13,2019011301001542,UPPER,57,57,50,224.0,11200.0
2019-01-13,2019011301001539,UPPER,57,41,50,224.0,11200.0
2019-01-13,2019011301001535,UPPER,57,37,50,224.0,11200.0
2019-01-13,2019011301001531,UPPER,57,37,50,224.0,11200.0
2019-01-13,2019011301001530,UPPER,57,57,50,224.0,11200.0
2019-01-13,2019011301001529,UPPER,57,41,50,224.0,11200.0
2019-01-13,2019011301001562,UPPER,57,22,40,224.0,8960.0
2019-01-13,2019011301001555,UPPER,57,22,40,224.0,8960.0
2019-01-13,2019011301001549,UPPER,57,41,40,224.0,8960.0
2019-01-13,2019011301001591,UPPER,39,41,50,224.0,11200.0
2019-01-13,2019011301001568,UPPER,57,37,40,224.0,8960.0
2019-01-13,2019011301001566,UPPER,57,52,40,224.0,8960.0
2019-01-13,2019011301001565,UPPER,57,41,40,224.0,8960.0
2019-01-13,2019011301001598,UPPER,39,36,50,224.0,11200.0
2019-01-13,2019011301001595,UPPER,39,48,40,224.0,8960.0
2019-01-13,2019011301001594,UPPER,39,26,50,224.0,11200.0
2019-01-13,2019011301001592,UPPER,39,17,40,224.0,8960.0
2019-01-13,2019011301001615,UPPER,39,17,50,224.0,11200.0
2019-01-13,2019011301001614,UPPER,39,26,40,224.0,8960.0
2019-01-13,2019011301001613,UPPER,39,37,50,224.0,11200.0
2019-01-13,2019011301001601,UPPER,39,41,40,224.0,8960.0
2019-01-13,2019011301001628,UPPER,39,49,50,224.0,11200.0
2019-01-13,2019011301001627,UPPER,39,55,50,224.0,11200.0
2019-01-13,2019011301001625,UPPER,39,17,40,224.0,8960.0
2019-01-13,2019011301001620,UPPER,39,41,40,224.0,8960.0
2019-01-13,2019011301001646,UPPER,39,41,40,224.0,8960.0
2019-01-13,2019011301001645,UPPER,39,41,50,224.0,11200.0
2019-01-13,2019011301001638,UPPER,39,41,50,224.0,11200.0
2019-01-13,2019011301001631,UPPER,39,41,50,224.0,11200.0
2019-01-13,2019011301001656,UPPER,39,41,50,224.0,11200.0
2019-01-13,2019011301001654,UPPER,39,41,40,224.0,8960.0
2019-01-13,2019011301001650,UPPER,39,49,40,224.0,8960.0
2019-01-13,2019011301001663,UPPER,57,45,50,224.0,11200.0
2019-01-13,2019011301001662,UPPER,57,41,30,224.0,6720.0
2019-01-13,2019011301001661,UPPER,39,41,10,224.0,2240.0
2019-01-13,2019011301001660,UPPER,39,41,40,224.0,8960.0
2019-01-13,2019011301001657,UPPER,39,45,40,224.0,8960.0
2019-01-13,2019011301001683,UPPER,57,49,50,224.0,11200.0
2019-01-13,2019011301001681,UPPER,57,41,50,224.0,11200.0
2019-01-13,2019011301001679,UPPER,57,45,50,224.0,11200.0
2019-01-13,2019011301001676,UPPER,57,7,50,224.0,11200.0
2019-01-13,2019011301001664,UPPER,57,7,40,224.0,8960.0
2019-01-13,2019011301001704,UPPER,57,49,50,224.0,11200.0
2019-01-13,2019011301001701,UPPER,57,41,50,224.0,11200.0
2019-01-13,2019011301001695,UPPER,57,41,50,224.0,11200.0
2019-01-13,2019011301001718,UPPER,57,41,50,224.0,11200.0
2019-01-13,2019011301001717,UPPER,57,45,50,224.0,11200.0
2019-01-13,2019011301001708,UPPER,57,41,50,224.0,11200.0
2019-01-13,2019011301001738,UPPER,57,45,50,224.0,11200.0
2019-01-13,2019011301001730,UPPER,57,41,40,224.0,8960.0
2019-01-13,2019011301001723,UPPER,57,42,50,224.0,11200.0
2019-01-13,2019011301001722,UPPER,57,29,50,224.0,11200.0
2019-01-13,2019011301001774,UPPER,57,59,50,224.0,11200.0
2019-01-13,2019011301001746,UPPER,57,45,50,224.0,11200.0
2019-01-13,2019011301001745,UPPER,57,49,50,224.0,11200.0
2019-01-13,2019011301001795,UPPER,5,49,10,224.0,2240.0
2019-01-13,2019011301001794,UPPER,57,49,40,224.0,8960.0
2019-01-13,2019011301001805,UPPER,5,28,50,224.0,11200.0
2019-01-13,2019011301001803,UPPER,5,17,40,224.0,8960.0
2019-01-13,2019011301001799,UPPER,5,45,40,224.0,8960.0
2019-01-13,2019011301001798,UPPER,5,37,50,224.0,11200.0
2019-01-13,2019011301001825,UPPER,5,17,50,224.0,11200.0
2019-01-13,2019011301001824,UPPER,5,37,50,224.0,11200.0
2019-01-13,2019011301001819,UPPER,5,17,50,224.0,11200.0
2019-01-13,2019011301001815,UPPER,5,37,40,224.0,8960.0
2019-01-13,2019011301001809,UPPER,5,37,40,224.0,8960.0
2019-01-13,2019011301001851,UPPER,5,7,40,224.0,8960.0
2019-01-13,2019011301001850,UPPER,5,8,40,224.0,8960.0
2019-01-13,2019011301001849,UPPER,5,37,50,224.0,11200.0
2019-01-13,2019011301001844,UPPER,5,57,40,224.0,8960.0
2019-01-13,2019011301001833,UPPER,5,57,50,224.0,11200.0
2019-01-13,2019011301001832,UPPER,5,37,40,224.0,8960.0
2019-01-13,2019011301001870,UPPER,5,8,40,224.0,8960.0
2019-01-13,2019011301001863,UPPER,5,37,50,224.0,11200.0
2019-01-13,2019011301001861,UPPER,5,8,40,224.0,8960.0
2019-01-13,2019011301001858,UPPER,5,37,50,224.0,11200.0
2019-01-13,2019011301001857,UPPER,5,57,50,224.0,11200.0
2019-01-13,2019011301001852,UPPER,5,34,50,224.0,11200.0
2019-01-13,2019011301001897,UPPER,5,38,50,224.0,11200.0
2019-01-13,2019011301001893,UPPER,5,17,50,224.0,11200.0
2019-01-13,2019011301001891,UPPER,5,17,50,224.0,11200.0
2019-01-13,2019011301001890,UPPER,5,22,50,224.0,11200.0
2019-01-13,2019011301001881,UPPER,5,22,50,224.0,11200.0
2019-01-13,2019011301001871,UPPER,5,37,40,224.0,8960.0
2019-01-13,2019011301001912,UPPER,5,38,10,224.0,2240.0
2019-01-13,2019011301001911,UPPER,5,38,40,224.0,8960.0
2019-01-13,2019011301001907,UPPER,5,41,50,224.0,11200.0
2019-01-13,2019011301001904,UPPER,5,38,50,224.0,11200.0
2019-01-13,2019011301001901,UPPER,5,45,50,224.0,11200.0
2019-01-13,2019011301001898,UPPER,5,38,50,224.0,11200.0
2019-01-13,2019011301001927,UPPER,29,11,40,224.0,8960.0
2019-01-13,2019011301001924,UPPER,29,38,40,224.0,8960.0
2019-01-13,2019011301001921,UPPER,29,41,50,224.0,11200.0
2019-01-13,2019011301001920,UPPER,29,38,40,224.0,8960.0
2019-01-13,2019011301001915,UPPER,29,22,40,224.0,8960.0
2019-01-13,2019011301001913,UPPER,29,38,30,224.0,6720.0
2019-01-13,2019011301001948,UPPER,29,38,40,224.0,8960.0
2019-01-13,2019011301001942,UPPER,29,7,40,224.0,8960.0
2019-01-13,2019011301001940,UPPER,29,38,40,224.0,8960.0
2019-01-13,2019011301001938,UPPER,29,22,40,224.0,8960.0
2019-01-13,2019011301001930,UPPER,29,22,50,224.0,11200.0
2019-01-13,2019011301001958,UPPER,29,7,40,224.0,8960.0
2019-01-13,2019011301001951,UPPER,29,7,40,224.0,8960.0
2019-01-13,2019011301001949,UPPER,29,41,50,224.0,11200.0
2019-01-13,2019011301001943,WOMI,37,1,15,1061.0,15915.0
2019-01-13,2019011301001933,WOMI,37,1,11,1061.0,11671.0
2019-01-13,2019011301001470,ADBL,29,50,20,353.0,7060.0
2019-01-13,2019011301001428,ADBL,29,43,1000,352.0,352000.0
2019-01-13,2019011301001325,ADBL,1,50,100,353.0,35300.0
2019-01-13,2019011301001309,ADBL,29,29,135,352.0,47520.0
2019-01-13,2019011301001308,ADBL,48,29,200,352.0,70400.0
2019-01-13,2019011301001307,ADBL,7,29,500,352.0,176000.0
2019-01-13,2019011301001071,ADBL,40,19,81,353.0,28593.0
2019-01-13,2019011301001050,ADBL,40,28,500,353.0,176500.0
2019-01-13,2019011301001003,ADBL,40,14,13,353.0,4589.0
2019-01-13,2019011301001306,ADBL,25,29,165,352.0,58080.0
2019-01-13,2019011301001247,ADBL,25,40,200,352.0,70400.0
2019-01-13,2019011301001224,ADBL,1,50,100,353.0,35300.0
2019-01-13,2019011301001216,ADBL,25,43,21,352.0,7392.0
2019-01-13,2019011301001119,ADBL,40,50,783,353.0,276399.0
2019-01-13,2019011301001108,ADBL,40,50,100,353.0,35300.0
2019-01-13,2019011301001160,AHPC,6,26,50,105.0,5250.0
2019-01-13,2019011301001126,AKJCL,45,7,10,93.0,930.0
2019-01-13,2019011301001125,AKJCL,45,7,10,93.0,930.0
2019-01-13,2019011301001105,AKJCL,45,7,10,93.0,930.0
2019-01-13,2019011301001209,AKPL,39,39,13,182.0,2366.0
2019-01-13,2019011301001197,AKPL,39,39,13,182.0,2366.0
2019-01-13,2019011301001186,AKPL,39,39,13,182.0,2366.0
2019-01-13,2019011301001182,AKPL,39,39,13,182.0,2366.0
2019-01-13,2019011301001175,AKPL,39,39,13,182.0,2366.0
2019-01-13,2019011301001460,API,39,34,900,155.0,139500.0
2019-01-13,2019011301001274,API,29,34,100,155.0,15500.0
2019-01-13,2019011301001199,API,39,45,10,155.0,1550.0
2019-01-13,2019011301001198,API,39,41,28,155.0,4340.0
2019-01-13,2019011301001001,API,39,44,551,154.0,84854.0
2019-01-13,2019011301001329,BARUN,13,49,10,102.0,1020.0
2019-01-13,2019011301001269,BARUN,13,45,10,103.0,1030.0
2019-01-13,2019011301001268,BARUN,13,1,10,103.0,1030.0
2019-01-13,2019011301001394,BOKL,46,11,69,330.0,22770.0
2019-01-13,2019011301001393,BOKL,13,11,192,330.0,63360.0
2019-01-13,2019011301001392,BOKL,13,11,308,330.0,101640.0
2019-01-13,2019011301001391,BOKL,16,11,179,330.0,59070.0
2019-01-13,2019011301001389,BOKL,47,49,106,332.0,35192.0
2019-01-13,2019011301001388,BOKL,47,38,824,332.0,273568.0
2019-01-13,2019011301001138,BOKL,41,32,150,332.0,49800.0
2019-01-13,2019011301001063,BOKL,57,32,40,332.0,13280.0
2019-01-13,2019011301001062,BOKL,1,32,500,332.0,166000.0
2019-01-13,2019011301001255,BOKL,55,38,300,331.0,99300.0
2019-01-13,2019011301001254,BOKL,22,38,35,331.0,11585.0
2019-01-13,2019011301001239,BOKL,22,5,50,331.0,16550.0
2019-01-13,2019011301001178,BOKL,50,38,100,332.0,33200.0
2019-01-13,2019011301001170,BOKL,49,38,449,332.0,149068.0
2019-01-13,2019011301001169,BOKL,49,32,151,332.0,50132.0
2019-01-13,2019011301001267,BOKL,16,38,76,332.0,25232.0
2019-01-13,2019011301001266,BOKL,16,45,13,332.0,4316.0
2019-01-13,2019011301001265,BOKL,16,38,11,332.0,3652.0
2019-01-13,2019011301001258,BOKL,26,38,60,331.0,19860.0
2019-01-13,2019011301001257,BOKL,55,38,500,331.0,165500.0
2019-01-13,2019011301001256,BOKL,45,38,500,331.0,165500.0
2019-01-13,2019011301001367,BOKL,17,58,437,330.0,144210.0
2019-01-13,2019011301001358,BOKL,17,58,263,330.0,86790.0
2019-01-13,2019011301001355,BOKL,47,58,97,330.0,32010.0
2019-01-13,2019011301001295,BOKL,58,1,30,331.0,9930.0
2019-01-13,2019011301001292,BOKL,54,1,400,331.0,132400.0
2019-01-13,2019011301001285,BOKL,41,38,100,332.0,33200.0
2019-01-13,2019011301001387,BOKL,47,1,70,331.0,23170.0
2019-01-13,2019011301001385,BOKL,16,11,21,330.0,6930.0
2019-01-13,2019011301001384,BOKL,26,11,479,330.0,158070.0
2019-01-13,2019011301001371,BOKL,26,58,21,330.0,6930.0
2019-01-13,2019011301001370,BOKL,44,58,736,330.0,242880.0
2019-01-13,2019011301001368,BOKL,44,58,264,330.0,87120.0
2019-01-13,2019011301001237,BPCL,45,18,10,369.0,3690.0
2019-01-13,2019011301001057,BPCL,41,40,290,370.0,107300.0
2019-01-13,2019011301001409,CBL,37,13,100,163.0,16300.0
2019-01-13,2019011301001365,CBL,22,1,128,163.0,20864.0
2019-01-13,2019011301001193,CBL,36,11,100,164.0,16400.0
2019-01-13,2019011301001174,CBL,22,17,22,163.0,3586.0
2019-01-13,2019011301001448,CCBL,59,13,100,170.0,17000.0
2019-01-13,2019011301001431,CCBL,34,13,175,170.0,29750.0
2019-01-13,2019011301001430,CCBL,17,13,300,170.0,51000.0
2019-01-13,2019011301001262,CCBL,37,17,114,170.0,19380.0
2019-01-13,2019011301001261,CCBL,37,26,48,170.0,8160.0
2019-01-13,2019011301001171,CCBL,29,19,183,170.0,31110.0
2019-01-13,2019011301001083,CCBL,17,19,866,170.0,147220.0
2019-01-13,2019011301001336,CHL,13,49,10,100.0,1000.0
2019-01-13,2019011301001214,CIT,16,6,90,2290.0,206100.0
2019-01-13,2019011301001154,CIT,34,4,29,2288.0,66352.0
2019-01-13,2019011301001147,CIT,34,18,46,2288.0,105248.0
2019-01-13,2019011301001008,CIT,50,1,17,2270.0,38590.0
2019-01-13,2019011301001291,CZBIL,28,17,1210,214.0,258940.0
2019-01-13,2019011301001102,CZBIL,36,40,1600,214.0,342400.0
2019-01-13,2019011301001207,DBBL,32,32,100,128.0,12800.0
2019-01-13,2019011301000993,DBBL,6,10,10,126.0,1260.0
2019-01-13,2019011301001419,DDBL,51,48,20,570.0,11400.0
2019-01-13,2019011301001002,DDBL,44,44,11,570.0,6270.0
2019-01-13,2019011301001315,EBL,34,34,1500,532.0,798000.0
2019-01-13,2019011301001109,EBL,34,34,1500,532.0,798000.0
2019-01-13,2019011301001437,GBIME,13,41,12,271.0,3252.0
2019-01-13,2019011301001436,GBIME,13,49,50,271.0,13550.0
2019-01-13,2019011301001435,GBIME,13,50,100,271.0,27100.0
2019-01-13,2019011301001434,GBIME,13,57,50,271.0,13550.0
2019-01-13,2019011301001422,GBIME,13,19,175,270.0,47250.0
2019-01-13,2019011301001421,GBIME,13,40,51,270.0,13770.0
2019-01-13,2019011301001185,GBIME,45,40,100,270.0,27000.0
2019-01-13,2019011301000984,GBIME,56,40,449,270.0,121230.0
2019-01-13,2019011301000983,GBIME,56,41,351,270.0,94770.0
2019-01-13,2019011301001465,GBLBS,39,39,10,432.0,4320.0
2019-01-13,2019011301001464,GBLBS,39,39,10,432.0,4320.0
2019-01-13,2019011301001149,GBLBS,5,57,10,430.0,4300.0
2019-01-13,2019011301001148,GBLBS,5,45,10,430.0,4300.0
2019-01-13,2019011301001241,GDBL,14,39,185,186.0,34410.0
2019-01-13,2019011301001240,GDBL,1,39,51,186.0,9486.0
2019-01-13,2019011301000979,GLICL,58,29,224,713.0,159712.0
2019-01-13,2019011301001318,GUFL,39,38,18,99.0,1782.0
2019-01-13,2019011301001163,GUFL,34,26,100,98.0,9800.0
2019-01-13,2019011301001132,HGI,36,39,398,400.0,159200.0
2019-01-13,2019011301001345,HIDCL,28,49,17,149.0,2533.0
2019-01-13,2019011301001344,HIDCL,1,49,39,149.0,5811.0
2019-01-13,2019011301001297,HIDCL,1,17,161,149.0,23989.0
2019-01-13,2019011301001296,HIDCL,26,17,100,149.0,14900.0
2019-01-13,2019011301001253,ICFC,17,22,400,155.0,62000.0
2019-01-13,2019011301001353,IGI,35,51,20,470.0,9400.0
2019-01-13,2019011301001447,JBNL,48,11,69,168.0,11592.0
2019-01-13,2019011301001343,JEFL,32,7,500,124.0,62000.0
2019-01-13,2019011301001310,JEFL,32,7,500,124.0,62000.0
2019-01-13,2019011301001305,JEFL,32,41,500,124.0,62000.0
2019-01-13,2019011301001439,KBL,35,44,750,254.0,190500.0
2019-01-13,2019011301001438,KBL,52,44,198,254.0,50292.0
2019-01-13,2019011301001408,KBL,5,44,19,255.0,4845.0
2019-01-13,2019011301001270,KBL,52,49,500,254.0,127000.0
2019-01-13,2019011301001229,KBL,52,40,302,254.0,76708.0
2019-01-13,2019011301001228,KBL,57,40,300,254.0,76200.0
2019-01-13,2019011301001056,KBL,57,58,100,255.0,25500.0
2019-01-13,2019011301001227,KBL,59,40,598,254.0,151892.0
2019-01-13,2019011301001196,KBL,59,5,100,254.0,25400.0
2019-01-13,2019011301001158,KBL,49,44,580,255.0,147900.0
2019-01-13,2019011301001157,KBL,49,58,20,255.0,5100.0
2019-01-13,2019011301001074,KBL,59,42,302,254.0,76708.0
2019-01-13,2019011301001073,KBL,34,42,98,254.0,24892.0
2019-01-13,2019011301001299,KKHC,44,17,10,95.0,950.0
2019-01-13,2019011301001085,KKHC,29,49,16,96.0,1536.0
2019-01-13,2019011301001459,KPCL,45,58,10,100.0,1000.0
2019-01-13,2019011301001121,KPCL,45,18,10,100.0,1000.0
2019-01-13,2019011301001232,KPCL,45,18,10,100.0,1000.0
2019-01-13,2019011301001417,KSBBL,57,1,43,136.0,5848.0
2019-01-13,2019011301000997,KSBBL,57,14,19,136.0,2584.0
2019-01-13,2019011301001442,LBBL,35,11,71,173.0,12283.0
2019-01-13,2019011301001217,LBBL,36,32,4,171.0,684.0
2019-01-13,2019011301001476,LBL,53,33,15,225.0,3375.0
2019-01-13,2019011301001411,LBL,5,33,12,225.0,2700.0
2019-01-13,2019011301001354,LGIL,33,7,21,535.0,11235.0
2019-01-13,2019011301001454,LICN,16,38,94,1650.0,155100.0
2019-01-13,2019011301001168,LICN,34,40,150,1665.0,249750.0
2019-01-13,2019011301001167,LICN,59,40,80,1670.0,133600.0
2019-01-13,2019011301001475,MBL,1,16,290,208.0,60320.0
2019-01-13,2019011301001474,MBL,34,16,150,208.0,31200.0
2019-01-13,2019011301001469,MEGA,49,42,31,172.0,5332.0
2019-01-13,2019011301001429,MEGA,49,1,100,172.0,17200.0
2019-01-13,2019011301001407,MEGA,49,1,390,172.0,67080.0
2019-01-13,2019011301001401,MEGA,26,1,68,172.0,11696.0
2019-01-13,2019011301000985,MERO,53,20,16,1055.0,16880.0
2019-01-13,2019011301001356,MMFDB,49,50,10,999.0,9990.0
2019-01-13,2019011301001293,NABIL,45,3,30,840.0,25200.0
2019-01-13,2019011301001098,NABIL,50,3,25,840.0,21000.0
2019-01-13,2019011301001458,NADEP,53,44,10,795.0,7950.0
2019-01-13,2019011301001445,NADEP,39,39,10,794.0,7940.0
2019-01-13,2019011301001444,NADEP,39,39,10,794.0,7940.0
2019-01-13,2019011301001130,NBB,56,6,157,191.0,29987.0
2019-01-13,2019011301001129,NBB,56,47,80,191.0,15280.0
2019-01-13,2019011301001128,NBB,56,48,1000,191.0,191000.0
2019-01-13,2019011301001127,NBB,56,45,40,191.0,7640.0
2019-01-13,2019011301000994,NBB,56,52,153,190.0,29070.0
2019-01-13,2019011301000992,NBB,56,34,360,190.0,68400.0
2019-01-13,2019011301000991,NBB,58,34,450,190.0,85500.0
2019-01-13,2019011301000990,NBB,4,34,50,190.0,9500.0
2019-01-13,2019011301000989,NBB,49,34,50,190.0,9500.0
2019-01-13,2019011301000988,NBB,35,34,90,190.0,17100.0
2019-01-13,2019011301001463,NBL,11,28,1780,305.0,542900.0
2019-01-13,2019011301001462,NBL,11,39,100,305.0,30500.0
2019-01-13,2019011301001461,NBL,11,28,120,305.0,36600.0
2019-01-13,2019011301001440,NBL,46,28,30,305.0,9150.0
2019-01-13,2019011301001418,NBL,58,28,1000,305.0,305000.0
2019-01-13,2019011301001410,NBL,45,28,50,305.0,15250.0
2019-01-13,2019011301001054,NBL,36,45,1600,305.0,488000.0
2019-01-13,2019011301001053,NBL,36,28,1400,305.0,427000.0
2019-01-13,2019011301001014,NBL,42,44,2000,305.0,610000.0
2019-01-13,2019011301000978,NBL,59,28,3283,304.0,998032.0
2019-01-13,2019011301001115,NBL,49,44,900,305.0,274500.0
2019-01-13,2019011301001112,NBL,49,35,100,305.0,30500.0
2019-01-13,2019011301001080,NBL,56,41,100,305.0,30500.0
2019-01-13,2019011301001079,NBL,56,44,2000,305.0,610000.0
2019-01-13,2019011301001078,NBL,56,45,1000,305.0,305000.0
2019-01-13,2019011301001077,NBL,56,45,400,305.0,122000.0
2019-01-13,2019011301001327,NBL,49,28,500,305.0,152500.0
2019-01-13,2019011301001322,NBL,32,28,300,305.0,91500.0
2019-01-13,2019011301001234,NBL,33,34,1000,305.0,305000.0
2019-01-13,2019011301001218,NBL,33,34,1000,305.0,305000.0
2019-01-13,2019011301001184,NBL,46,46,20,305.0,6100.0
2019-01-13,2019011301001152,NBL,58,44,100,305.0,30500.0
2019-01-13,2019011301001364,NBL,45,59,1248,304.0,379392.0
2019-01-13,2019011301001363,NBL,56,59,1500,304.0,456000.0
2019-01-13,2019011301001362,NBL,33,59,1000,304.0,304000.0
2019-01-13,2019011301001361,NBL,57,59,1640,304.0,498560.0
2019-01-13,2019011301001360,NBL,57,59,500,304.0,152000.0
2019-01-13,2019011301001359,NBL,22,59,300,304.0,91200.0
2019-01-13,2019011301001451,NCCB,33,58,150,219.0,32850.0
2019-01-13,2019011301001450,NCCB,33,1,30,219.0,6570.0
2019-01-13,2019011301001317,NCCB,6,1,170,219.0,37230.0
2019-01-13,2019011301001316,NCCB,6,44,830,219.0,181770.0
2019-01-13,2019011301001223,NCCB,32,5,100,218.0,21800.0
2019-01-13,2019011301001441,NEF,34,45,1500,8.5,12750.0
2019-01-13,2019011301001416,NIB,11,16,50,550.0,27500.0
2019-01-13,2019011301001415,NIB,56,16,11,550.0,6050.0
2019-01-13,2019011301001414,NIB,17,16,10,550.0,5500.0
2019-01-13,2019011301001338,NIB,48,49,176,551.0,96976.0
2019-01-13,2019011301001328,NIB,48,42,24,551.0,13224.0
2019-01-13,2019011301001246,NIB,57,1,73,552.0,40296.0
2019-01-13,2019011301001220,NIB,57,52,37,552.0,20424.0
2019-01-13,2019011301001068,NIB,11,35,30,551.0,16530.0
2019-01-13,2019011301001471,NICA,55,48,50,386.0,19300.0
2019-01-13,2019011301001331,NIL,53,56,100,535.0,53500.0
2019-01-13,2019011301001330,NIL,41,56,135,535.0,72225.0
2019-01-13,2019011301001172,NIL,41,57,15,535.0,8025.0
2019-01-13,2019011301001065,NIL,41,41,150,535.0,80250.0
2019-01-13,2019011301001303,NLIC,22,48,23,1105.0,25415.0
2019-01-13,2019011301001283,NLIC,22,49,17,1105.0,18785.0
2019-01-13,2019011301001260,NLIC,18,8,79,1105.0,87295.0
2019-01-13,2019011301001259,NLIC,46,8,20,1105.0,22100.0
2019-01-13,2019011301001235,NLIC,50,36,42,1100.0,46200.0
2019-01-13,2019011301001097,NLIC,57,8,401,1105.0,443105.0
2019-01-13,2019011301001096,NLIC,57,8,199,1105.0,219895.0
2019-01-13,2019011301001095,NLIC,57,49,100,1104.0,110400.0
2019-01-13,2019011301001040,NLIC,16,16,7222,1100.0,7944200.0
2019-01-13,2019011301001420,NMB,5,38,36,326.0,11736.0
2019-01-13,2019011301001090,NMB,38,35,20,325.0,6500.0
2019-01-13,2019011301001122,NSEWA,22,18,10,572.0,5720.0
2019-01-13,2019011301001120,NTC,33,14,10,738.0,7380.0
2019-01-13,2019011301001456,NUBL,6,53,30,770.0,23100.0
2019-01-13,2019011301001455,NUBL,51,53,20,771.0,15420.0
2019-01-13,2019011301001067,PCBL,6,44,15,333.0,4995.0
2019-01-13,2019011301001433,PMHPL,39,39,10,113.0,1130.0
2019-01-13,2019011301001426,PMHPL,39,39,10,113.0,1130.0
2019-01-13,2019011301001425,PMHPL,39,39,10,113.0,1130.0
2019-01-13,2019011301001424,PMHPL,39,39,10,113.0,1130.0
2019-01-13,2019011301001423,PMHPL,39,39,10,113.0,1130.0
2019-01-13,2019011301001406,PMHPL,47,25,10,111.0,1110.0
2019-01-13,2019011301001300,PMHPL,57,25,10,114.0,1140.0
2019-01-13,2019011301001298,PMHPL,57,25,10,114.0,1140.0
2019-01-13,2019011301001320,PMHPL,57,25,10,114.0,1140.0
2019-01-13,2019011301001313,PMHPL,57,25,10,114.0,1140.0
2019-01-13,2019011301001311,PMHPL,57,25,10,114.0,1140.0
2019-01-13,2019011301001304,PMHPL,57,25,10,114.0,1140.0
2019-01-13,2019011301001302,PMHPL,17,41,10,115.0,1150.0
2019-01-13,2019011301001301,PMHPL,17,41,10,115.0,1150.0
2019-01-13,2019011301001341,PMHPL,57,25,10,114.0,1140.0
2019-01-13,2019011301001337,PMHPL,57,25,10,114.0,1140.0
2019-01-13,2019011301001335,PMHPL,57,25,10,114.0,1140.0
2019-01-13,2019011301001332,PMHPL,57,25,10,114.0,1140.0
2019-01-13,2019011301001326,PMHPL,57,38,10,114.0,1140.0
2019-01-13,2019011301001323,PMHPL,57,25,10,114.0,1140.0
2019-01-13,2019011301001373,PMHPL,57,25,10,114.0,1140.0
2019-01-13,2019011301001366,PMHPL,57,25,10,114.0,1140.0
2019-01-13,2019011301001357,PMHPL,57,25,10,114.0,1140.0
2019-01-13,2019011301001352,PMHPL,57,25,10,114.0,1140.0
2019-01-13,2019011301001348,PMHPL,57,25,10,114.0,1140.0
2019-01-13,2019011301001346,PMHPL,57,25,10,114.0,1140.0
2019-01-13,2019011301001403,PMHPL,47,25,10,111.0,1110.0
2019-01-13,2019011301001402,PMHPL,47,25,10,111.0,1110.0
2019-01-13,2019011301001396,PMHPL,6,25,10,113.0,1130.0
2019-01-13,2019011301001390,PMHPL,6,25,10,113.0,1130.0
2019-01-13,2019011301001376,PMHPL,6,25,10,113.0,1130.0
2019-01-13,2019011301001375,PMHPL,57,25,10,114.0,1140.0
2019-01-13,2019011301001404,PRVU,8,13,200,243.0,48600.0
2019-01-13,2019011301001233,PRVU,8,5,50,243.0,12150.0
2019-01-13,2019011301001204,PRVU,8,40,700,243.0,170100.0
2019-01-13,2019011301001203,PRVU,55,40,500,243.0,121500.0
2019-01-13,2019011301001111,PRVU,32,48,210,245.0,51450.0
2019-01-13,2019011301001021,PRVU,38,42,100,245.0,24500.0
2019-01-13,2019011301001020,PRVU,50,42,145,245.0,35525.0
2019-01-13,2019011301001202,PRVU,46,40,300,243.0,72900.0
2019-01-13,2019011301001187,PRVU,11,17,100,244.0,24400.0
2019-01-13,2019011301001145,PRVU,33,17,1000,244.0,244000.0
2019-01-13,2019011301001144,PRVU,45,17,1000,244.0,244000.0
2019-01-13,2019011301001143,PRVU,47,17,700,244.0,170800.0
2019-01-13,2019011301001142,PRVU,54,17,300,244.0,73200.0
2019-01-13,2019011301001382,RADHI,39,39,11,163.0,1793.0
2019-01-13,2019011301001381,RADHI,39,39,11,163.0,1793.0
2019-01-13,2019011301001380,RADHI,39,39,11,163.0,1793.0
2019-01-13,2019011301001379,RADHI,39,39,11,163.0,1793.0
2019-01-13,2019011301001378,RADHI,39,39,11,163.0,1793.0
2019-01-13,2019011301001221,RADHI,37,3,10,160.0,1600.0
2019-01-13,2019011301001104,RADHI,37,35,10,160.0,1600.0
2019-01-13,2019011301001146,RRHP,38,38,10,101.0,1010.0
2019-01-13,2019011301001106,RRHP,38,38,10,101.0,1010.0
2019-01-13,2019011301001070,RRHP,38,38,10,101.0,1010.0
2019-01-13,2019011301001043,SADBL,59,35,400,136.0,54400.0
2019-01-13,2019011301001042,SADBL,33,35,500,136.0,68000.0
2019-01-13,2019011301001334,SBI,16,13,25,389.0,9725.0
2019-01-13,2019011301001286,SBI,58,45,50,388.0,19400.0
2019-01-13,2019011301001276,SBL,44,26,10,295.0,2950.0
2019-01-13,2019011301001399,SCB,29,7,500,595.0,297500.0
2019-01-13,2019011301001398,SCB,58,7,30,595.0,17850.0
2019-01-13,2019011301001397,SCB,35,7,20,595.0,11900.0
2019-01-13,2019011301001093,SCB,58,7,50,595.0,29750.0
2019-01-13,2019011301001089,SCB,25,58,100,595.0,59500.0
2019-01-13,2019011301001468,SDESI,41,29,250,627.0,156750.0
2019-01-13,2019011301001467,SDESI,41,29,14,621.0,8694.0
2019-01-13,2019011301001466,SDESI,41,46,12,620.0,7440.0
2019-01-13,2019011301001061,SDESI,35,17,14,615.0,8610.0
2019-01-13,2019011301001060,SDESI,35,17,14,615.0,8610.0
2019-01-13,2019011301001015,SDESI,35,17,14,615.0,8610.0
2019-01-13,2019011301001000,SDESI,20,1,30,607.0,18210.0
2019-01-13,2019011301000999,SDESI,33,17,14,617.0,8638.0
2019-01-13,2019011301000987,SDESI,45,42,24,615.0,14760.0
2019-01-13,2019011301000977,SDESI,37,42,20,615.0,12300.0
2019-01-13,2019011301001251,SHPC,6,6,1000,230.0,230000.0
2019-01-13,2019011301001195,SHPC,34,41,750,229.0,171750.0
2019-01-13,2019011301001194,SHPC,6,41,50,230.0,11500.0
2019-01-13,2019011301001034,SKBBL,40,59,125,1070.0,133750.0
2019-01-13,2019011301001027,SKBBL,40,59,375,1070.0,401250.0
2019-01-13,2019011301001314,SLICL,39,49,286,562.0,160732.0
2019-01-13,2019011301001288,SLICL,6,49,14,562.0,7868.0
2019-01-13,2019011301001011,SLICL,39,17,29,566.0,16414.0
2019-01-13,2019011301001010,SLICL,39,17,54,566.0,30564.0
2019-01-13,2019011301001473,UPPER,59,58,50,224.0,11200.0
2019-01-13,2019011301001472,UPPER,59,54,50,224.0,11200.0
2019-01-13,2019011301001457,UPPER,59,35,50,224.0,11200.0
2019-01-13,2019011301001453,UPPER,59,41,50,224.0,11200.0
2019-01-13,2019011301001452,UPPER,59,42,40,224.0,8960.0
2019-01-13,2019011301000995,UPPER,7,18,50,224.0,11200.0
2019-01-13,2019011301000986,UPPER,52,18,50,224.0,11200.0
2019-01-13,2019011301000982,UPPER,52,37,40,224.0,8960.0
2019-01-13,2019011301000981,UPPER,52,58,10,224.0,2240.0
2019-01-13,2019011301000980,UPPER,45,58,30,224.0,6720.0
2019-01-13,2019011301001007,UPPER,40,29,940,224.0,210560.0
2019-01-13,2019011301001006,UPPER,7,29,60,224.0,13440.0
2019-01-13,2019011301001005,UPPER,7,13,50,224.0,11200.0
2019-01-13,2019011301001004,UPPER,7,18,50,224.0,11200.0
2019-01-13,2019011301000998,UPPER,7,37,40,224.0,8960.0
2019-01-13,2019011301000996,UPPER,7,29,50,224.0,11200.0
2019-01-13,2019011301001018,UPPER,41,18,50,224.0,11200.0
2019-01-13,2019011301001017,UPPER,41,55,40,224.0,8960.0
2019-01-13,2019011301001016,UPPER,41,18,40,224.0,8960.0
2019-01-13,2019011301001013,UPPER,41,29,30,224.0,6720.0
2019-01-13,2019011301001012,UPPER,40,29,10,224.0,2240.0
2019-01-13,2019011301001009,UPPER,40,55,50,224.0,11200.0
2019-01-13,2019011301001026,UPPER,41,18,40,224.0,8960.0
2019-01-13,2019011301001025,UPPER,41,39,50,224.0,11200.0
2019-01-13,2019011301001024,UPPER,41,41,50,224.0,11200.0
2019-01-13,2019011301001023,UPPER,41,55,40,224.0,8960.0
2019-01-13,2019011301001022,UPPER,41,13,50,224.0,11200.0
2019-01-13,2019011301001019,UPPER,41,39,50,224.0,11200.0
2019-01-13,2019011301001033,UPPER,41,39,50,224.0,11200.0
2019-01-13,2019011301001032,UPPER,41,26,50,224.0,11200.0
2019-01-13,2019011301001031,UPPER,41,39,50,224.0,11200.0
2019-01-13,2019011301001030,UPPER,41,41,40,224.0,8960.0
2019-01-13,2019011301001029,UPPER,41,13,40,224.0,8960.0
2019-01-13,2019011301001028,UPPER,41,55,50,224.0,11200.0
2019-01-13,2019011301001041,UPPER,41,39,50,224.0,11200.0
2019-01-13,2019011301001039,UPPER,41,7,50,224.0,11200.0
2019-01-13,2019011301001038,UPPER,41,34,50,224.0,11200.0
2019-01-13,2019011301001037,UPPER,41,39,40,224.0,8960.0
2019-01-13,2019011301001036,UPPER,41,39,50,224.0,11200.0
2019-01-13,2019011301001035,UPPER,41,18,40,224.0,8960.0
2019-01-13,2019011301001049,UPPER,41,47,40,224.0,8960.0
2019-01-13,2019011301001048,UPPER,41,34,50,224.0,11200.0
2019-01-13,2019011301001047,UPPER,41,13,40,224.0,8960.0
2019-01-13,2019011301001046,UPPER,41,39,50,224.0,11200.0
2019-01-13,2019011301001045,UPPER,41,18,50,224.0,11200.0
2019-01-13,2019011301001044,UPPER,41,14,40,224.0,8960.0
2019-01-13,2019011301001064,UPPER,41,34,50,224.0,11200.0
2019-01-13,2019011301001059,UPPER,41,34,50,224.0,11200.0
2019-01-13,2019011301001058,UPPER,41,39,50,224.0,11200.0
2019-01-13,2019011301001055,UPPER,41,38,40,224.0,8960.0
2019-01-13,2019011301001052,UPPER,41,7,50,224.0,11200.0
2019-01-13,2019011301001051,UPPER,41,39,50,224.0,11200.0
2019-01-13,2019011301001081,UPPER,41,34,50,224.0,11200.0
2019-01-13,2019011301001076,UPPER,41,7,50,224.0,11200.0
2019-01-13,2019011301001075,UPPER,41,38,40,224.0,8960.0
2019-01-13,2019011301001072,UPPER,41,38,40,224.0,8960.0
2019-01-13,2019011301001069,UPPER,41,58,50,224.0,11200.0
2019-01-13,2019011301001066,UPPER,41,49,40,224.0,8960.0
2019-01-13,2019011301001091,UPPER,41,33,40,224.0,8960.0
2019-01-13,2019011301001088,UPPER,41,7,50,224.0,11200.0
2019-01-13,2019011301001087,UPPER,41,38,50,224.0,11200.0
2019-01-13,2019011301001086,UPPER,41,7,50,224.0,11200.0
2019-01-13,2019011301001084,UPPER,41,55,40,224.0,8960.0
2019-01-13,2019011301001082,UPPER,41,18,40,224.0,8960.0
2019-01-13,2019011301001103,UPPER,41,18,40,224.0,8960.0
2019-01-13,2019011301001101,UPPER,41,38,50,224.0,11200.0
2019-01-13,2019011301001100,UPPER,41,18,50,224.0,11200.0
2019-01-13,2019011301001099,UPPER,41,39,50,224.0,11200.0
2019-01-13,2019011301001094,UPPER,41,34,50,224.0,11200.0
2019-01-13,2019011301001092,UPPER,41,39,50,224.0,11200.0
2019-01-13,2019011301001117,UPPER,41,38,40,224.0,8960.0
2019-01-13,2019011301001116,UPPER,41,18,50,224.0,11200.0
2019-01-13,2019011301001114,UPPER,41,38,40,224.0,8960.0
2019-01-13,2019011301001113,UPPER,41,18,50,224.0,11200.0
2019-01-13,2019011301001110,UPPER,41,34,50,224.0,11200.0
2019-01-13,2019011301001107,UPPER,41,33,40,224.0,8960.0
2019-01-13,2019011301001133,UPPER,41,34,50,224.0,11200.0
2019-01-13,2019011301001131,UPPER,41,42,50,224.0,11200.0
2019-01-13,2019011301001124,UPPER,41,38,50,224.0,11200.0
2019-01-13,2019011301001123,UPPER,41,18,40,224.0,8960.0
2019-01-13,2019011301001118,UPPER,41,34,50,224.0,11200.0
2019-01-13,2019011301001140,UPPER,41,18,40,224.0,8960.0
2019-01-13,2019011301001139,UPPER,41,38,50,224.0,11200.0
2019-01-13,2019011301001137,UPPER,41,59,50,224.0,11200.0
2019-01-13,2019011301001136,UPPER,41,18,50,224.0,11200.0
2019-01-13,2019011301001135,UPPER,41,18,50,224.0,11200.0
2019-01-13,2019011301001134,UPPER,41,38,40,224.0,8960.0
2019-01-13,2019011301001156,UPPER,41,18,50,224.0,11200.0
2019-01-13,2019011301001155,UPPER,41,18,50,224.0,11200.0
2019-01-13,2019011301001153,UPPER,41,18,50,224.0,11200.0
2019-01-13,2019011301001151,UPPER,41,35,30,224.0,6720.0
2019-01-13,2019011301001150,UPPER,41,18,50,224.0,11200.0
2019-01-13,2019011301001141,UPPER,41,18,40,224.0,8960.0
2019-01-13,2019011301001166,UPPER,41,18,40,224.0,8960.0
2019-01-13,2019011301001165,UPPER,41,18,50,224.0,11200.0
2019-01-13,2019011301001164,UPPER,41,36,50,224.0,11200.0
2019-01-13,2019011301001162,UPPER,41,7,30,224.0,6720.0
2019-01-13,2019011301001161,UPPER,41,18,40,224.0,8960.0
2019-01-13,2019011301001159,UPPER,41,18,50,224.0,11200.0
2019-01-13,2019011301001181,UPPER,41,18,50,224.0,11200.0
2019-01-13,2019011301001180,UPPER,41,36,50,224.0,11200.0
2019-01-13,2019011301001179,UPPER,41,57,40,224.0,8960.0
2019-01-13,2019011301001177,UPPER,41,18,50,224.0,11200.0
2019-01-13,2019011301001176,UPPER,41,18,50,224.0,11200.0
2019-01-13,2019011301001173,UPPER,41,36,40,224.0,8960.0
2019-01-13,2019011301001206,UPPER,41,56,50,224.0,11200.0
2019-01-13,2019011301001205,UPPER,41,34,50,224.0,11200.0
2019-01-13,2019011301001190,UPPER,41,42,50,224.0,11200.0
2019-01-13,2019011301001189,UPPER,41,34,50,224.0,11200.0
2019-01-13,2019011301001188,UPPER,41,18,40,224.0,8960.0
2019-01-13,2019011301001183,UPPER,41,18,50,224.0,11200.0
2019-01-13,2019011301001219,UPPER,41,1,40,224.0,8960.0
2019-01-13,2019011301001215,UPPER,41,56,50,224.0,11200.0
2019-01-13,2019011301001212,UPPER,41,34,40,224.0,8960.0
2019-01-13,2019011301001211,UPPER,41,34,50,224.0,11200.0
2019-01-13,2019011301001210,UPPER,41,56,50,224.0,11200.0
2019-01-13,2019011301001208,UPPER,41,46,40,224.0,8960.0
2019-01-13,2019011301001231,UPPER,41,47,50,224.0,11200.0
2019-01-13,2019011301001230,UPPER,41,59,40,224.0,8960.0
2019-01-13,2019011301001226,UPPER,41,34,50,224.0,11200.0
2019-01-13,2019011301001225,UPPER,41,18,40,224.0,8960.0
2019-01-13,2019011301001222,UPPER,41,56,50,224.0,11200.0
2019-01-13,2019011301001248,UPPER,41,26,30,224.0,6720.0
2019-01-13,2019011301001245,UPPER,41,46,40,224.0,8960.0
2019-01-13,2019011301001244,UPPER,41,18,50,224.0,11200.0
2019-01-13,2019011301001243,UPPER,41,34,50,224.0,11200.0
2019-01-13,2019011301001242,UPPER,41,59,10,224.0,2240.0
2019-01-13,2019011301001236,UPPER,41,47,40,224.0,8960.0
2019-01-13,2019011301001271,UPPER,55,40,50,224.0,11200.0
2019-01-13,2019011301001264,UPPER,55,40,50,224.0,11200.0
2019-01-13,2019011301001263,UPPER,55,18,40,224.0,8960.0
2019-01-13,2019011301001252,UPPER,55,18,40,224.0,8960.0
2019-01-13,2019011301001250,UPPER,55,18,50,224.0,11200.0
2019-01-13,2019011301001249,UPPER,55,26,10,224.0,2240.0
2019-01-13,2019011301001284,UPPER,55,18,40,224.0,8960.0
2019-01-13,2019011301001281,UPPER,55,40,50,224.0,11200.0
2019-01-13,2019011301001277,UPPER,55,18,40,224.0,8960.0
2019-01-13,2019011301001275,UPPER,55,40,50,224.0,11200.0
2019-01-13,2019011301001273,UPPER,55,47,50,224.0,11200.0
2019-01-13,2019011301001272,UPPER,55,18,40,224.0,8960.0
2019-01-13,2019011301001321,UPPER,55,38,40,224.0,8960.0
2019-01-13,2019011301001319,UPPER,55,43,40,224.0,8960.0
2019-01-13,2019011301001294,UPPER,55,38,50,224.0,11200.0
2019-01-13,2019011301001290,UPPER,55,38,50,224.0,11200.0
2019-01-13,2019011301001289,UPPER,55,40,50,224.0,11200.0
2019-01-13,2019011301001287,UPPER,55,18,40,224.0,8960.0
2019-01-13,2019011301001350,UPPER,58,6,20,224.0,4480.0
2019-01-13,2019011301001349,UPPER,55,6,30,224.0,6720.0
2019-01-13,2019011301001347,UPPER,55,34,50,224.0,11200.0
2019-01-13,2019011301001342,UPPER,55,54,50,224.0,11200.0
2019-01-13,2019011301001339,UPPER,55,52,40,224.0,8960.0
2019-01-13,2019011301001324,UPPER,55,35,50,224.0,11200.0
2019-01-13,2019011301001377,UPPER,58,35,50,224.0,11200.0
2019-01-13,2019011301001374,UPPER,58,41,40,224.0,8960.0
2019-01-13,2019011301001372,UPPER,58,40,40,224.0,8960.0
2019-01-13,2019011301001369,UPPER,58,35,40,224.0,8960.0
2019-01-13,2019011301001351,UPPER,58,41,40,224.0,8960.0
2019-01-13,2019011301001412,UPPER,58,41,40,224.0,8960.0
2019-01-13,2019011301001405,UPPER,58,41,50,224.0,11200.0
2019-01-13,2019011301001400,UPPER,58,14,50,224.0,11200.0
2019-01-13,2019011301001395,UPPER,58,14,50,224.0,11200.0
2019-01-13,2019011301001386,UPPER,58,14,40,224.0,8960.0
2019-01-13,2019011301001383,UPPER,58,41,40,224.0,8960.0
2019-01-13,2019011301001449,UPPER,59,59,50,224.0,11200.0
2019-01-13,2019011301001446,UPPER,59,40,50,224.0,11200.0
2019-01-13,2019011301001443,UPPER,59,54,50,224.0,11200.0
2019-01-13,2019011301001432,UPPER,59,26,40,224.0,8960.0
2019-01-13,2019011301001427,UPPER,59,42,40,224.0,8960.0
2019-01-13,2019011301001413,UPPER,59,41,10,224.0,2240.0
2019-01-13,2019011301001340,WOMI,37,45,10,1061.0,10610.0
2019-01-13,2019011301001282,WOMI,58,58,100,1043.0,104300.0
2019-01-13,2019011301001280,WOMI,45,59,160,1023.0,163680.0
2019-01-13,2019011301001279,WOMI,58,59,40,1023.0,40920.0
2019-01-13,2019011301001278,WOMI,58,33,10,1023.0,10230.0
2019-01-13,2019011301001238,WOMI,58,33,10,1003.0,10030.0
2019-01-13,2019011301002916,ADBL,44,45,50,350.0,17500.0
2019-01-13,2019011301002866,ADBL,49,28,10,348.0,3480.0
2019-01-13,2019011301002865,ADBL,25,28,50,349.0,17450.0
2019-01-13,2019011301002864,ADBL,47,28,102,349.0,35598.0
2019-01-13,2019011301002855,ADBL,35,45,50,350.0,17500.0
2019-01-13,2019011301002755,ADBL,47,47,398,349.0,138902.0
2019-01-13,2019011301002665,AKJCL,11,39,10,92.0,920.0
2019-01-13,2019011301002664,AKJCL,11,39,10,92.0,920.0
2019-01-13,2019011301002922,AKPL,39,55,13,182.0,2366.0
2019-01-13,2019011301002673,API,58,34,2000,153.0,306000.0
2019-01-13,2019011301002672,API,37,34,100,154.0,15400.0
2019-01-13,2019011301002671,API,39,34,380,154.0,58520.0
2019-01-13,2019011301002974,BOKL,35,28,50,329.0,16450.0
2019-01-13,2019011301002967,BOKL,54,28,60,329.0,19740.0
2019-01-13,2019011301002966,BOKL,57,28,500,329.0,164500.0
2019-01-13,2019011301002965,BOKL,45,28,50,329.0,16450.0
2019-01-13,2019011301002935,BOKL,38,32,10,330.0,3300.0
2019-01-13,2019011301002887,BOKL,22,32,10,330.0,3300.0
2019-01-13,2019011301002606,BOKL,32,11,368,330.0,121440.0
2019-01-13,2019011301002603,BOKL,38,11,60,330.0,19800.0
2019-01-13,2019011301002600,BOKL,32,11,12,330.0,3960.0
2019-01-13,2019011301002575,BOKL,55,11,150,330.0,49500.0
2019-01-13,2019011301002529,BOKL,20,11,200,330.0,66000.0
2019-01-13,2019011301002652,BOKL,51,28,200,329.0,65800.0
2019-01-13,2019011301002651,BOKL,53,28,850,329.0,279650.0
2019-01-13,2019011301002645,BOKL,53,28,150,329.0,49350.0
2019-01-13,2019011301002644,BOKL,6,28,850,329.0,279650.0
2019-01-13,2019011301002631,BOKL,52,38,200,330.0,66000.0
2019-01-13,2019011301002607,BOKL,32,38,632,330.0,208560.0
2019-01-13,2019011301002797,BOKL,49,33,101,329.0,33229.0
2019-01-13,2019011301002728,BOKL,41,32,500,330.0,165000.0
2019-01-13,2019011301002681,BOKL,49,32,332,330.0,109560.0
2019-01-13,2019011301002680,BOKL,49,38,168,330.0,55440.0
2019-01-13,2019011301002654,BOKL,49,28,59,329.0,19411.0
2019-01-13,2019011301002653,BOKL,54,28,130,329.0,42770.0
2019-01-13,2019011301002867,BOKL,33,41,100,328.0,32800.0
2019-01-13,2019011301002854,BOKL,33,32,59,328.0,19352.0
2019-01-13,2019011301002829,BOKL,39,32,100,329.0,32900.0
2019-01-13,2019011301002828,BOKL,38,32,19,329.0,6251.0
2019-01-13,2019011301002827,BOKL,42,32,50,329.0,16450.0
2019-01-13,2019011301002826,BOKL,49,32,440,329.0,144760.0
2019-01-13,2019011301002646,BPCL,35,25,20,370.0,7400.0
2019-01-13,2019011301002576,BPCL,43,25,10,370.0,3700.0
2019-01-13,2019011301002785,CBBL,35,53,300,850.0,255000.0
2019-01-13,2019011301002975,CBL,26,45,200,160.0,32000.0
2019-01-13,2019011301002782,CBL,6,5,771,161.0,124131.0
2019-01-13,2019011301002752,CBL,6,29,20,161.0,3220.0
2019-01-13,2019011301002688,CBL,6,11,1209,161.0,194649.0
2019-01-13,2019011301002687,CBL,59,11,360,161.0,57960.0
2019-01-13,2019011301002686,CBL,17,11,500,161.0,80500.0
2019-01-13,2019011301002685,CBL,49,11,931,161.0,149891.0
2019-01-13,2019011301002661,CBL,49,39,839,161.0,135079.0
2019-01-13,2019011301002555,CBL,39,22,408,162.0,66096.0
2019-01-13,2019011301002554,CBL,39,11,592,162.0,95904.0
2019-01-13,2019011301002525,CBL,49,33,1000,161.0,161000.0
2019-01-13,2019011301002945,CCBL,22,35,32,170.0,5440.0
2019-01-13,2019011301002944,CCBL,43,35,56,170.0,9520.0
2019-01-13,2019011301002929,CCBL,42,5,521,171.0,89091.0
2019-01-13,2019011301002928,CCBL,42,11,140,171.0,23940.0
2019-01-13,2019011301002927,CCBL,42,16,400,171.0,68400.0
2019-01-13,2019011301002926,CCBL,42,28,362,171.0,61902.0
2019-01-13,2019011301002925,CCBL,42,52,88,171.0,15048.0
2019-01-13,2019011301002675,CCBL,43,49,44,170.0,7480.0
2019-01-13,2019011301002674,CCBL,49,49,73,170.0,12410.0
2019-01-13,2019011301002622,CCBL,49,40,92,170.0,15640.0
2019-01-13,2019011301002574,CCBL,49,43,35,170.0,5950.0
2019-01-13,2019011301002556,CFCL,16,41,1000,115.0,115000.0
2019-01-13,2019011301002484,CHCL,41,41,100,545.0,54500.0
2019-01-13,2019011301002860,CIT,40,34,10,2277.0,22770.0
2019-01-13,2019011301002859,CIT,5,34,20,2277.0,45540.0
2019-01-13,2019011301002711,CIT,16,34,50,2280.0,114000.0
2019-01-13,2019011301002710,CIT,52,34,41,2280.0,93480.0
2019-01-13,2019011301002703,CIT,52,25,39,2280.0,88920.0
2019-01-13,2019011301002689,CIT,40,25,12,2281.0,27372.0
2019-01-13,2019011301002973,CZBIL,57,55,1000,215.0,215000.0
2019-01-13,2019011301002808,CZBIL,50,5,19,216.0,4104.0
2019-01-13,2019011301002806,CZBIL,44,4,20,217.0,4340.0
2019-01-13,2019011301002777,CZBIL,50,11,200,216.0,43200.0
2019-01-13,2019011301002776,CZBIL,50,6,55,216.0,11880.0
2019-01-13,2019011301002557,CZBIL,28,55,1000,215.0,215000.0
2019-01-13,2019011301002524,CZBIL,28,55,766,215.0,164690.0
2019-01-13,2019011301002971,EBL,13,32,50,533.0,26650.0
2019-01-13,2019011301002625,EBL,29,40,50,534.0,26700.0
2019-01-13,2019011301002579,EBL,13,32,52,533.0,27716.0
2019-01-13,2019011301002848,EIC,54,25,203,845.0,171535.0
2019-01-13,2019011301002908,GBIME,22,19,100,270.0,27000.0
2019-01-13,2019011301002907,GBIME,13,19,190,270.0,51300.0
2019-01-13,2019011301002834,GBIME,13,46,10,270.0,2700.0
2019-01-13,2019011301002833,GBIME,56,46,1000,270.0,270000.0
2019-01-13,2019011301002832,GBIME,13,46,100,270.0,27000.0
2019-01-13,2019011301002724,GBIME,57,35,76,271.0,20596.0
2019-01-13,2019011301002722,GBIME,39,55,100,272.0,27200.0
2019-01-13,2019011301002716,GBLBS,26,43,10,426.0,4260.0
2019-01-13,2019011301002717,GDBL,59,39,3276,188.0,615888.0
2019-01-13,2019011301002487,GDBL,4,34,50,185.0,9250.0
2019-01-13,2019011301002486,GDBL,32,34,500,186.0,93000.0
2019-01-13,2019011301002485,GDBL,4,34,100,187.0,18700.0
2019-01-13,2019011301002493,GDBL,26,34,300,185.0,55500.0
2019-01-13,2019011301002492,GDBL,49,34,200,185.0,37000.0
2019-01-13,2019011301002491,GDBL,32,34,1000,185.0,185000.0
2019-01-13,2019011301002490,GDBL,43,34,300,185.0,55500.0
2019-01-13,2019011301002489,GDBL,13,34,100,185.0,18500.0
2019-01-13,2019011301002488,GDBL,35,34,100,185.0,18500.0
2019-01-13,2019011301002496,GDBL,42,34,50,185.0,9250.0
2019-01-13,2019011301002495,GDBL,48,34,1000,185.0,185000.0
2019-01-13,2019011301002494,GDBL,47,34,100,185.0,18500.0
2019-01-13,2019011301002619,GRDBL,59,20,50,107.0,5350.0
2019-01-13,2019011301002924,HATH,22,53,10,119.0,1190.0
2019-01-13,2019011301002968,HBL,32,29,250,460.0,115000.0
2019-01-13,2019011301002849,HGI,22,39,216,400.0,86400.0
2019-01-13,2019011301002835,HGI,28,39,1000,400.0,400000.0
2019-01-13,2019011301002662,HIDCL,1,46,32,149.0,4768.0
2019-01-13,2019011301002627,HIDCL,28,20,24,149.0,3576.0
2019-01-13,2019011301002960,HPPL,52,25,10,184.0,1840.0
2019-01-13,2019011301002964,IGI,45,26,50,455.0,22750.0
2019-01-13,2019011301002571,JBBL,41,46,168,139.0,23352.0
2019-01-13,2019011301002898,JBNL,32,38,50,167.0,8350.0
2019-01-13,2019011301002749,JEFL,39,57,400,126.0,50400.0
2019-01-13,2019011301002917,KBL,22,38,10,252.0,2520.0
2019-01-13,2019011301002905,KBL,22,38,10,252.0,2520.0
2019-01-13,2019011301002861,KBL,42,50,100,251.0,25100.0
2019-01-13,2019011301002823,KBL,51,38,60,252.0,15120.0
2019-01-13,2019011301002679,KBL,42,43,300,251.0,75300.0
2019-01-13,2019011301002678,KBL,33,43,200,251.0,50200.0
2019-01-13,2019011301002558,KBL,14,26,70,253.0,17710.0
2019-01-13,2019011301002677,KBL,33,43,200,251.0,50200.0
2019-01-13,2019011301002676,KBL,57,43,500,251.0,125500.0
2019-01-13,2019011301002565,KBL,59,40,600,252.0,151200.0
2019-01-13,2019011301002564,KBL,33,40,500,252.0,126000.0
2019-01-13,2019011301002563,KBL,33,40,2524,252.0,636048.0
2019-01-13,2019011301002559,KBL,14,56,30,253.0,7590.0
2019-01-13,2019011301002572,KEBL,34,26,155,200.0,31000.0
2019-01-13,2019011301002521,KPCL,13,55,10,101.0,1010.0
2019-01-13,2019011301002590,KPCL,57,40,10,102.0,1020.0
2019-01-13,2019011301002589,KPCL,57,17,10,102.0,1020.0
2019-01-13,2019011301002588,KPCL,57,41,10,102.0,1020.0
2019-01-13,2019011301002596,KPCL,57,40,10,102.0,1020.0
2019-01-13,2019011301002595,KPCL,57,40,10,102.0,1020.0
2019-01-13,2019011301002594,KPCL,57,40,10,102.0,1020.0
2019-01-13,2019011301002593,KPCL,57,40,10,102.0,1020.0
2019-01-13,2019011301002592,KPCL,57,40,10,102.0,1020.0
2019-01-13,2019011301002591,KPCL,57,40,10,102.0,1020.0
2019-01-13,2019011301002599,KPCL,57,47,150,102.0,15300.0
2019-01-13,2019011301002598,KPCL,57,40,10,102.0,1020.0
2019-01-13,2019011301002597,KPCL,57,40,10,102.0,1020.0
2019-01-13,2019011301002695,KPCL,39,39,10,101.0,1010.0
2019-01-13,2019011301002684,KPCL,39,39,10,101.0,1010.0
2019-01-13,2019011301002670,KPCL,39,39,10,101.0,1010.0
2019-01-13,2019011301002650,KPCL,39,39,10,101.0,1010.0
2019-01-13,2019011301002630,KPCL,13,39,10,101.0,1010.0
2019-01-13,2019011301002708,KPCL,39,39,10,101.0,1010.0
2019-01-13,2019011301002736,KPCL,39,39,10,101.0,1010.0
2019-01-13,2019011301002756,KPCL,39,39,10,101.0,1010.0
2019-01-13,2019011301002750,KPCL,39,39,10,101.0,1010.0
2019-01-13,2019011301002790,KSBBL,57,57,1000,137.0,137000.0
2019-01-13,2019011301002784,KSBBL,57,57,938,137.0,128506.0
2019-01-13,2019011301002893,LBL,22,1,20,222.0,4440.0
2019-01-13,2019011301002830,LBL,51,1,50,222.0,11100.0
2019-01-13,2019011301002892,LICN,59,29,100,1700.0,170000.0
2019-01-13,2019011301002891,LICN,59,35,70,1699.0,118930.0
2019-01-13,2019011301002890,LICN,59,16,100,1698.0,169800.0
2019-01-13,2019011301002889,LICN,59,11,32,1697.0,54304.0
2019-01-13,2019011301002888,LICN,59,54,20,1697.0,33940.0
2019-01-13,2019011301002943,MBL,14,53,68,207.0,14076.0
2019-01-13,2019011301002934,MBL,14,16,420,207.0,86940.0
2019-01-13,2019011301002933,MBL,17,16,200,207.0,41400.0
2019-01-13,2019011301002932,MBL,17,16,200,207.0,41400.0
2019-01-13,2019011301002931,MBL,11,16,30,207.0,6210.0
2019-01-13,2019011301002930,MBL,14,16,150,207.0,31050.0
2019-01-13,2019011301002824,MDB,17,43,66,293.0,19338.0
2019-01-13,2019011301002970,MEGA,13,45,50,170.0,8500.0
2019-01-13,2019011301002969,MEGA,35,39,90,171.0,15390.0
2019-01-13,2019011301002763,MEGA,29,39,2000,171.0,342000.0
2019-01-13,2019011301002762,MEGA,32,39,300,171.0,51300.0
2019-01-13,2019011301002761,MEGA,59,39,500,171.0,85500.0
2019-01-13,2019011301002747,MEGA,56,37,200,172.0,34400.0
2019-01-13,2019011301002520,MEGA,58,37,100,172.0,17200.0
2019-01-13,2019011301002774,MEGAPO,59,49,24208,108.0,2614464.0
2019-01-13,2019011301002858,MERO,53,58,100,1055.0,105500.0
2019-01-13,2019011301002477,MERO,6,45,10,1061.0,10610.0
2019-01-13,2019011301002781,MMFDB,45,17,60,1000.0,60000.0
2019-01-13,2019011301002853,MNBBL,6,26,20,345.0,6900.0
2019-01-13,2019011301002953,NABIL,22,5,300,838.0,251400.0
2019-01-13,2019011301002952,NABIL,41,5,45,838.0,37710.0
2019-01-13,2019011301002951,NABIL,57,5,70,838.0,58660.0
2019-01-13,2019011301002789,NABIL,6,5,37,838.0,31006.0
2019-01-13,2019011301002709,NABIL,6,3,200,838.0,167600.0
2019-01-13,2019011301002617,NABIL,59,5,100,838.0,83800.0
2019-01-13,2019011301002616,NABIL,52,5,80,838.0,67040.0
2019-01-13,2019011301002615,NABIL,14,5,100,839.0,83900.0
2019-01-13,2019011301002614,NABIL,55,5,50,839.0,41950.0
2019-01-13,2019011301002613,NABIL,22,5,13,840.0,10920.0
2019-01-13,2019011301002580,NABIL,22,43,17,840.0,14280.0
2019-01-13,2019011301002605,NADEP,59,17,10,800.0,8000.0
2019-01-13,2019011301002552,NADEP,59,19,60,800.0,48000.0
2019-01-13,2019011301002697,NADEP,14,14,10,795.0,7950.0
2019-01-13,2019011301002696,NADEP,14,14,10,795.0,7950.0
2019-01-13,2019011301002663,NADEP,14,14,10,795.0,7950.0
2019-01-13,2019011301002656,NADEP,14,14,10,795.0,7950.0
2019-01-13,2019011301002894,NBB,17,5,867,190.0,164730.0
2019-01-13,2019011301002885,NBB,6,48,39,191.0,7449.0
2019-01-13,2019011301002839,NBB,17,22,251,190.0,47690.0
2019-01-13,2019011301002838,NBB,50,22,200,190.0,38000.0
2019-01-13,2019011301002837,NBB,29,22,300,190.0,57000.0
2019-01-13,2019011301002836,NBB,56,22,249,190.0,47310.0
2019-01-13,2019011301002770,NBB,56,39,751,190.0,142690.0
2019-01-13,2019011301002769,NBB,56,39,516,190.0,98040.0
2019-01-13,2019011301002660,NBB,19,48,30,191.0,5730.0
2019-01-13,2019011301002962,NBL,45,58,1900,301.0,571900.0
2019-01-13,2019011301002959,NBL,51,58,100,301.0,30100.0
2019-01-13,2019011301002958,NBL,51,49,2373,301.0,714273.0
2019-01-13,2019011301002955,NBL,35,49,50,301.0,15050.0
2019-01-13,2019011301002948,NBL,10,49,1010,301.0,304010.0
2019-01-13,2019011301002947,NBL,33,49,100,301.0,30100.0
2019-01-13,2019011301002500,NBL,58,59,500,302.0,151000.0
2019-01-13,2019011301002499,NBL,6,59,300,302.0,90600.0
2019-01-13,2019011301002498,NBL,39,59,100,302.0,30200.0
2019-01-13,2019011301002511,NBL,38,59,500,301.0,150500.0
2019-01-13,2019011301002510,NBL,47,59,100,301.0,30100.0
2019-01-13,2019011301002509,NBL,45,59,200,301.0,60200.0
2019-01-13,2019011301002508,NBL,51,59,200,301.0,60200.0
2019-01-13,2019011301002507,NBL,5,59,2000,301.0,602000.0
2019-01-13,2019011301002501,NBL,51,59,1000,302.0,302000.0
2019-01-13,2019011301002535,NBL,34,7,200,301.0,60200.0
2019-01-13,2019011301002534,NBL,33,7,300,301.0,90300.0
2019-01-13,2019011301002519,NBL,33,5,700,301.0,210700.0
2019-01-13,2019011301002518,NBL,20,5,100,301.0,30100.0
2019-01-13,2019011301002513,NBL,20,59,1400,301.0,421400.0
2019-01-13,2019011301002512,NBL,35,59,300,301.0,90300.0
2019-01-13,2019011301002541,NBL,44,7,100,301.0,30100.0
2019-01-13,2019011301002540,NBL,22,7,1000,301.0,301000.0
2019-01-13,2019011301002539,NBL,34,7,200,301.0,60200.0
2019-01-13,2019011301002538,NBL,38,7,200,301.0,60200.0
2019-01-13,2019011301002537,NBL,17,7,1500,301.0,451500.0
2019-01-13,2019011301002536,NBL,40,7,1000,301.0,301000.0
2019-01-13,2019011301002547,NBL,48,7,500,300.0,150000.0
2019-01-13,2019011301002546,NBL,26,7,1000,301.0,301000.0
2019-01-13,2019011301002545,NBL,49,7,500,301.0,150500.0
2019-01-13,2019011301002544,NBL,46,7,200,301.0,60200.0
2019-01-13,2019011301002543,NBL,33,7,200,301.0,60200.0
2019-01-13,2019011301002542,NBL,22,7,500,301.0,150500.0
2019-01-13,2019011301002581,NBL,45,42,300,302.0,90600.0
2019-01-13,2019011301002560,NBL,34,26,200,300.0,60000.0
2019-01-13,2019011301002551,NBL,34,7,3030,300.0,909000.0
2019-01-13,2019011301002550,NBL,19,7,500,300.0,150000.0
2019-01-13,2019011301002549,NBL,47,7,200,300.0,60000.0
2019-01-13,2019011301002548,NBL,38,7,50,300.0,15000.0
2019-01-13,2019011301002604,NBL,56,58,100,302.0,30200.0
2019-01-13,2019011301002602,NBL,58,58,200,301.0,60200.0
2019-01-13,2019011301002585,NBL,58,58,8800,301.0,2648800.0
2019-01-13,2019011301002584,NBL,39,58,1000,301.0,301000.0
2019-01-13,2019011301002583,NBL,35,58,200,301.0,60200.0
2019-01-13,2019011301002582,NBL,45,58,700,302.0,211400.0
2019-01-13,2019011301002637,NBL,19,49,1000,301.0,301000.0
2019-01-13,2019011301002636,NBL,58,49,1000,301.0,301000.0
2019-01-13,2019011301002629,NBL,29,58,500,302.0,151000.0
2019-01-13,2019011301002618,NBL,57,58,1863,302.0,562626.0
2019-01-13,2019011301002610,NBL,57,28,3000,302.0,906000.0
2019-01-13,2019011301002609,NBL,57,58,137,302.0,41374.0
2019-01-13,2019011301002643,NBL,40,49,500,301.0,150500.0
2019-01-13,2019011301002642,NBL,14,49,100,301.0,30100.0
2019-01-13,2019011301002641,NBL,57,49,100,301.0,30100.0
2019-01-13,2019011301002640,NBL,48,49,100,301.0,30100.0
2019-01-13,2019011301002639,NBL,44,49,100,301.0,30100.0
2019-01-13,2019011301002638,NBL,56,49,200,301.0,60200.0
2019-01-13,2019011301002727,NBL,32,49,300,301.0,90300.0
2019-01-13,2019011301002705,NBL,13,49,300,301.0,90300.0
2019-01-13,2019011301002690,NBL,34,59,500,300.0,150000.0
2019-01-13,2019011301002666,NBL,48,49,200,301.0,60200.0
2019-01-13,2019011301002657,NBL,16,49,100,301.0,30100.0
2019-01-13,2019011301002655,NBL,17,49,1000,301.0,301000.0
2019-01-13,2019011301002821,NBL,51,58,50,302.0,15100.0
2019-01-13,2019011301002757,NBL,39,58,60,302.0,18120.0
2019-01-13,2019011301002751,NBL,56,26,100,301.0,30100.0
2019-01-13,2019011301002739,NBL,37,26,200,301.0,60200.0
2019-01-13,2019011301002738,NBL,49,26,200,301.0,60200.0
2019-01-13,2019011301002737,NBL,51,26,500,301.0,150500.0
2019-01-13,2019011301002880,NBL,42,25,100,301.0,30100.0
2019-01-13,2019011301002879,NBL,44,25,100,301.0,30100.0
2019-01-13,2019011301002878,NBL,14,25,500,301.0,150500.0
2019-01-13,2019011301002877,NBL,44,25,400,301.0,120400.0
2019-01-13,2019011301002876,NBL,17,25,100,301.0,30100.0
2019-01-13,2019011301002875,NBL,56,25,200,301.0,60200.0
2019-01-13,2019011301002900,NBL,36,49,1000,301.0,301000.0
2019-01-13,2019011301002899,NBL,49,49,467,301.0,140567.0
2019-01-13,2019011301002884,NBL,49,25,33,301.0,9933.0
2019-01-13,2019011301002883,NBL,19,25,100,301.0,30100.0
2019-01-13,2019011301002882,NBL,52,25,3000,301.0,903000.0
2019-01-13,2019011301002881,NBL,57,25,500,301.0,150500.0
2019-01-13,2019011301002921,NCCB,57,50,230,219.0,50370.0
2019-01-13,2019011301002920,NCCB,28,50,770,219.0,168630.0
2019-01-13,2019011301002902,NCCB,22,5,196,219.0,42924.0
2019-01-13,2019011301002901,NCCB,42,5,1523,219.0,333537.0
2019-01-13,2019011301002820,NCCB,42,55,177,219.0,38763.0
2019-01-13,2019011301002819,NCCB,32,55,599,219.0,131181.0
2019-01-13,2019011301002573,NCCB,32,5,301,219.0,65919.0
2019-01-13,2019011301002533,NCCB,33,39,250,219.0,54750.0
2019-01-13,2019011301002532,NCCB,33,1,1000,219.0,219000.0
2019-01-13,2019011301002531,NCCB,33,51,205,219.0,44895.0
2019-01-13,2019011301002915,NEF,43,5,2414,8.35,20156.9
2019-01-13,2019011301002822,NGPL,37,22,300,132.0,39600.0
2019-01-13,2019011301002787,NGPL,37,26,11,132.0,1452.0
2019-01-13,2019011301002633,NGPL,37,20,11,132.0,1452.0
2019-01-13,2019011301002760,NHPC,34,35,500,68.0,34000.0
2019-01-13,2019011301002683,NHPC,37,53,1000,69.0,69000.0
2019-01-13,2019011301002682,NHPC,43,53,100,69.0,6900.0
2019-01-13,2019011301002972,NIB,49,55,109,549.0,59841.0
2019-01-13,2019011301002911,NIB,40,13,160,548.0,87680.0
2019-01-13,2019011301002910,NIB,40,7,106,548.0,58088.0
2019-01-13,2019011301002909,NIB,40,43,37,547.0,20239.0
2019-01-13,2019011301002775,NIB,33,39,26,546.0,14196.0
2019-01-13,2019011301002648,NIB,33,20,14,546.0,7644.0
2019-01-13,2019011301002570,NIB,51,51,50,547.0,27350.0
2019-01-13,2019011301002569,NIB,28,51,50,547.0,27350.0
2019-01-13,2019011301002483,NIB,28,1,11,547.0,6017.0
2019-01-13,2019011301002482,NIB,42,1,50,547.0,27350.0
2019-01-13,2019011301002961,NIBLPF,39,5,2540,7.49,19024.6
2019-01-13,2019011301002586,NIBPO,11,8,200,490.0,98000.0
2019-01-13,2019011301002587,NIBPO,11,8,200,490.0,98000.0
2019-01-13,2019011301002802,NICA,29,57,19,387.0,7353.0
2019-01-13,2019011301002801,NICA,29,13,81,387.0,31347.0
2019-01-13,2019011301002779,NICA,55,39,100,386.0,38600.0
2019-01-13,2019011301002745,NICA,47,13,300,387.0,116100.0
2019-01-13,2019011301002744,NICA,38,13,100,387.0,38700.0
2019-01-13,2019011301002743,NICA,14,13,100,387.0,38700.0
2019-01-13,2019011301002634,NICA,40,49,96,388.0,37248.0
2019-01-13,2019011301002601,NICA,45,51,50,388.0,19400.0
2019-01-13,2019011301002742,NICA,14,13,440,387.0,170280.0
2019-01-13,2019011301002741,NICA,45,13,50,387.0,19350.0
2019-01-13,2019011301002740,NICA,36,13,114,387.0,44118.0
2019-01-13,2019011301002659,NICA,40,49,116,389.0,45124.0
2019-01-13,2019011301002658,NICA,40,6,345,389.0,134205.0
2019-01-13,2019011301002635,NICA,40,58,2000,388.0,776000.0
2019-01-13,2019011301002936,NICL,44,58,500,560.0,280000.0
2019-01-13,2019011301002805,NICL,44,20,500,560.0,280000.0
2019-01-13,2019011301002856,NLG,26,38,36,863.0,31068.0
2019-01-13,2019011301002950,NLIC,34,39,238,1100.0,261800.0
2019-01-13,2019011301002895,NLIC,34,39,262,1100.0,288200.0
2019-01-13,2019011301002851,NLIC,34,42,20,1100.0,22000.0
2019-01-13,2019011301002847,NLIC,34,44,150,1100.0,165000.0
2019-01-13,2019011301002840,NLIC,34,44,17,1100.0,18700.0
2019-01-13,2019011301002831,NLIC,34,44,17,1100.0,18700.0
2019-01-13,2019011301002818,NLIC,34,44,17,1100.0,18700.0
2019-01-13,2019011301002817,NLIC,34,44,17,1100.0,18700.0
2019-01-13,2019011301002725,NLIC,14,25,100,1100.0,110000.0
2019-01-13,2019011301002720,NLIC,6,25,180,1100.0,198000.0
2019-01-13,2019011301002719,NLIC,1,25,500,1100.0,550000.0
2019-01-13,2019011301002718,NLIC,17,25,67,1100.0,73700.0
2019-01-13,2019011301002800,NLICL,50,25,32,702.0,22464.0
2019-01-13,2019011301002773,NLICL,53,7,500,704.0,352000.0
2019-01-13,2019011301002772,NLICL,50,7,100,704.0,70400.0
2019-01-13,2019011301002771,NLICL,33,7,66,705.0,46530.0
2019-01-13,2019011301002702,NLICL,33,41,134,705.0,94470.0
2019-01-13,2019011301002701,NLICL,54,41,100,706.0,70600.0
2019-01-13,2019011301002700,NLICL,33,41,100,707.0,70700.0
2019-01-13,2019011301002699,NLICL,26,41,100,708.0,70800.0
2019-01-13,2019011301002530,NLICL,41,7,42,712.0,29904.0
2019-01-13,2019011301002940,NMB,40,17,200,325.0,65000.0
2019-01-13,2019011301002897,NMB,43,19,1000,325.0,325000.0
2019-01-13,2019011301002896,NMB,25,19,100,325.0,32500.0
2019-01-13,2019011301002764,NMB,41,29,106,325.0,34450.0
2019-01-13,2019011301002669,NMB,41,25,11,325.0,3575.0
2019-01-13,2019011301002623,NSEWA,11,42,10,575.0,5750.0
2019-01-13,2019011301002954,NTC,53,32,500,730.0,365000.0
2019-01-13,2019011301002611,NTC,53,7,280,730.0,204400.0
2019-01-13,2019011301002976,PCBL,11,11,50,330.0,16500.0
2019-01-13,2019011301002874,PCBL,8,48,200,330.0,66000.0
2019-01-13,2019011301002873,PCBL,49,48,1000,330.0,330000.0
2019-01-13,2019011301002863,PCBL,43,26,30,331.0,9930.0
2019-01-13,2019011301002707,PIC,34,43,11,1011.0,11121.0
2019-01-13,2019011301002872,PLIC,33,20,170,493.0,83810.0
2019-01-13,2019011301002871,PLIC,38,20,200,494.0,98800.0
2019-01-13,2019011301002870,PLIC,35,20,30,494.0,14820.0
2019-01-13,2019011301002869,PLIC,28,20,900,494.0,444600.0
2019-01-13,2019011301002816,PLIC,28,20,1100,494.0,543400.0
2019-01-13,2019011301002815,PLIC,53,20,50,494.0,24700.0
2019-01-13,2019011301002814,PLIC,35,20,100,494.0,49400.0
2019-01-13,2019011301002813,PLIC,58,20,50,495.0,24750.0
2019-01-13,2019011301002812,PLIC,5,20,100,495.0,49500.0
2019-01-13,2019011301002811,PLIC,28,20,80,495.0,39600.0
2019-01-13,2019011301002810,PLIC,28,20,500,495.0,247500.0
2019-01-13,2019011301002809,PLIC,40,20,20,498.0,9960.0
2019-01-13,2019011301002527,PMHPL,10,55,10,110.0,1100.0
2019-01-13,2019011301002668,PRIN,37,41,146,453.0,66138.0
2019-01-13,2019011301002956,PRVU,40,58,187,246.0,46002.0
2019-01-13,2019011301002941,PRVU,40,5,152,246.0,37392.0
2019-01-13,2019011301002919,PRVU,40,29,40,246.0,9840.0
2019-01-13,2019011301002715,PRVU,40,19,508,246.0,124968.0
2019-01-13,2019011301002714,PRVU,40,45,300,246.0,73800.0
2019-01-13,2019011301002713,PRVU,40,57,800,246.0,196800.0
2019-01-13,2019011301002712,PRVU,40,39,907,246.0,223122.0
2019-01-13,2019011301002746,RLFL,45,29,18,117.0,2106.0
2019-01-13,2019011301002632,RMDC,39,45,47,555.0,26085.0
2019-01-13,2019011301002868,RSDC,42,25,50,395.0,19750.0
2019-01-13,2019011301002807,SAEF,16,47,3400,9.66,32844.0
2019-01-13,2019011301002804,SAEF,16,51,1500,9.66,14490.0
2019-01-13,2019011301002698,SAEF,16,48,100,9.85,985.0
2019-01-13,2019011301002578,SANIMA,32,51,500,306.0,153000.0
2019-01-13,2019011301002562,SANIMA,34,41,32,307.0,9824.0
2019-01-13,2019011301002561,SANIMA,34,1,100,307.0,30700.0
2019-01-13,2019011301002504,SBI,39,33,143,390.0,55770.0
2019-01-13,2019011301002503,SBI,28,33,57,390.0,22230.0
2019-01-13,2019011301002906,SBL,42,11,950,293.0,278350.0
2019-01-13,2019011301002857,SBL,50,53,449,292.0,131108.0
2019-01-13,2019011301002850,SBL,35,11,50,293.0,14650.0
2019-01-13,2019011301002803,SBL,34,11,1000,293.0,293000.0
2019-01-13,2019011301002798,SBL,50,57,1360,292.0,397120.0
2019-01-13,2019011301002517,SBL,17,11,250,292.0,73000.0
2019-01-13,2019011301002516,SBL,17,11,250,292.0,73000.0
2019-01-13,2019011301002515,SBL,17,11,250,292.0,73000.0
2019-01-13,2019011301002514,SBL,17,11,250,292.0,73000.0
2019-01-13,2019011301002506,SBL,17,26,248,292.0,72416.0
2019-01-13,2019011301002505,SBL,57,26,200,292.0,58400.0
2019-01-13,2019011301002939,SCB,10,35,88,586.0,51568.0
2019-01-13,2019011301002938,SCB,45,35,10,587.0,5870.0
2019-01-13,2019011301002937,SCB,52,35,100,587.0,58700.0
2019-01-13,2019011301002904,SCB,52,49,100,587.0,58700.0
2019-01-13,2019011301002733,SCB,22,32,16,588.0,9408.0
2019-01-13,2019011301002730,SCB,22,49,34,588.0,19992.0
2019-01-13,2019011301002729,SCB,41,49,46,588.0,27048.0
2019-01-13,2019011301002957,SDESI,35,49,100,609.0,60900.0
2019-01-13,2019011301002825,SDESI,22,58,45,607.0,27315.0
2019-01-13,2019011301002796,SDESI,20,58,66,607.0,40062.0
2019-01-13,2019011301002795,SDESI,19,58,50,608.0,30400.0
2019-01-13,2019011301002794,SDESI,33,58,30,609.0,18270.0
2019-01-13,2019011301002793,SDESI,25,58,64,610.0,39040.0
2019-01-13,2019011301002478,SDESI,57,34,14,615.0,8610.0
2019-01-13,2019011301002568,SDESI,25,22,100,615.0,61500.0
2019-01-13,2019011301002567,SDESI,25,53,10,615.0,6150.0
2019-01-13,2019011301002566,SDESI,25,34,14,615.0,8610.0
2019-01-13,2019011301002481,SDESI,57,34,14,615.0,8610.0
2019-01-13,2019011301002480,SDESI,57,34,14,615.0,8610.0
2019-01-13,2019011301002479,SDESI,57,34,14,615.0,8610.0
2019-01-13,2019011301002792,SDESI,25,26,12,610.0,7320.0
2019-01-13,2019011301002791,SDESI,25,28,24,610.0,14640.0
2019-01-13,2019011301002768,SDESI,29,28,10,610.0,6100.0
2019-01-13,2019011301002767,SDESI,29,28,10,610.0,6100.0
2019-01-13,2019011301002766,SDESI,29,28,10,610.0,6100.0
2019-01-13,2019011301002765,SDESI,29,28,10,610.0,6100.0
2019-01-13,2019011301002852,SHPC,34,57,500,231.0,115500.0
2019-01-13,2019011301002913,SLICL,57,39,300,557.0,167100.0
2019-01-13,2019011301002912,SLICL,38,39,20,557.0,11140.0
2019-01-13,2019011301002846,SLICL,38,20,10,557.0,5570.0
2019-01-13,2019011301002845,SLICL,19,20,50,557.0,27850.0
2019-01-13,2019011301002844,SLICL,39,20,200,558.0,111600.0
2019-01-13,2019011301002843,SLICL,6,20,10,560.0,5600.0
2019-01-13,2019011301002842,SLICL,42,20,30,560.0,16800.0
2019-01-13,2019011301002841,SLICL,8,20,200,560.0,112000.0
2019-01-13,2019011301002788,SLICL,39,39,19,561.0,10659.0
2019-01-13,2019011301002621,SLICL,39,57,476,561.0,267036.0
2019-01-13,2019011301002620,SLICL,1,57,24,562.0,13488.0
2019-01-13,2019011301002923,SMFDB,21,40,48,723.0,34704.0
2019-01-13,2019011301002694,SRBL,28,4,20,218.0,4360.0
2019-01-13,2019011301002693,SRBL,28,52,142,217.0,30814.0
2019-01-13,2019011301002692,SRBL,28,38,259,216.0,55944.0
2019-01-13,2019011301002691,SRBL,28,11,48,215.0,10320.0
2019-01-13,2019011301002626,SRBL,55,11,8000,214.0,1712000.0
2019-01-13,2019011301002608,SRBL,56,11,500,215.0,107500.0
2019-01-13,2019011301002528,SRBL,55,26,233,214.0,49862.0
2019-01-13,2019011301002963,UPPER,45,45,50,224.0,11200.0
2019-01-13,2019011301002949,UPPER,45,45,50,224.0,11200.0
2019-01-13,2019011301002942,UPPER,45,22,50,224.0,11200.0
2019-01-13,2019011301002918,UPPER,45,33,50,224.0,11200.0
2019-01-13,2019011301002914,UPPER,45,33,40,224.0,8960.0
2019-01-13,2019011301002522,UPPER,57,17,50,224.0,11200.0
2019-01-13,2019011301002502,UPPER,57,40,50,224.0,11200.0
2019-01-13,2019011301002553,UPPER,57,59,40,224.0,8960.0
2019-01-13,2019011301002526,UPPER,57,17,50,224.0,11200.0
2019-01-13,2019011301002523,UPPER,57,34,50,224.0,11200.0
2019-01-13,2019011301002628,UPPER,57,41,40,224.0,8960.0
2019-01-13,2019011301002624,UPPER,57,38,40,224.0,8960.0
2019-01-13,2019011301002612,UPPER,57,14,40,224.0,8960.0
2019-01-13,2019011301002667,UPPER,57,40,40,224.0,8960.0
2019-01-13,2019011301002726,UPPER,57,17,50,224.0,11200.0
2019-01-13,2019011301002723,UPPER,57,37,50,224.0,11200.0
2019-01-13,2019011301002721,UPPER,57,37,40,224.0,8960.0
2019-01-13,2019011301002706,UPPER,57,38,50,224.0,11200.0
2019-01-13,2019011301002704,UPPER,57,37,50,224.0,11200.0
2019-01-13,2019011301002748,UPPER,45,37,40,224.0,8960.0
2019-01-13,2019011301002735,UPPER,45,17,50,224.0,11200.0
2019-01-13,2019011301002734,UPPER,45,37,50,224.0,11200.0
2019-01-13,2019011301002732,UPPER,45,37,30,224.0,6720.0
2019-01-13,2019011301002731,UPPER,57,37,10,224.0,2240.0
2019-01-13,2019011301002759,UPPER,45,17,50,224.0,11200.0
2019-01-13,2019011301002758,UPPER,45,37,50,224.0,11200.0
2019-01-13,2019011301002754,UPPER,45,37,50,224.0,11200.0
2019-01-13,2019011301002753,UPPER,45,17,40,224.0,8960.0
2019-01-13,2019011301002903,UPPER,45,33,40,224.0,8960.0
2019-01-13,2019011301002886,UPPER,45,59,50,224.0,11200.0
2019-01-13,2019011301002799,UPPER,45,40,40,224.0,8960.0
2019-01-13,2019011301002786,UPPER,45,17,40,224.0,8960.0
2019-01-13,2019011301002783,UPPER,45,19,40,224.0,8960.0
2019-01-13,2019011301002778,UPPER,45,49,40,224.0,8960.0
2019-01-13,2019011301002497,WOMI,58,6,16,1061.0,16976.0
2019-01-13,2019011301003801,ADBL,32,36,200,349.0,69800.0
2019-01-13,2019011301003699,AKJCL,45,25,20,90.0,1800.0
2019-01-13,2019011301003676,AKJCL,45,25,10,90.0,900.0
2019-01-13,2019011301003662,AKJCL,45,25,20,90.0,1800.0
2019-01-13,2019011301003653,AKJCL,47,25,20,90.0,1800.0
2019-01-13,2019011301003634,AKJCL,47,25,10,90.0,900.0
2019-01-13,2019011301003625,AKJCL,47,25,10,90.0,900.0
2019-01-13,2019011301003618,AKJCL,43,25,10,91.0,910.0
2019-01-13,2019011301003602,AKJCL,43,25,10,91.0,910.0
2019-01-13,2019011301003809,AKPL,41,56,20,185.0,3700.0
2019-01-13,2019011301003808,AKPL,41,46,12,184.0,2208.0
2019-01-13,2019011301003534,AMFI,35,42,10,743.0,7430.0
2019-01-13,2019011301003871,API,37,21,82,154.0,12628.0
2019-01-13,2019011301003860,API,37,21,18,154.0,2772.0
2019-01-13,2019011301003633,API,46,45,40,154.0,6160.0
2019-01-13,2019011301003700,BHBL,4,29,16,139.0,2224.0
2019-01-13,2019011301003966,BOKL,42,58,479,329.0,157591.0
2019-01-13,2019011301003951,BOKL,41,8,628,328.0,205984.0
2019-01-13,2019011301003930,BOKL,37,58,60,329.0,19740.0
2019-01-13,2019011301003866,BOKL,45,58,220,329.0,72380.0
2019-01-13,2019011301003865,BOKL,41,33,220,328.0,72160.0
2019-01-13,2019011301003864,BOKL,44,33,50,328.0,16400.0
2019-01-13,2019011301003484,BOKL,48,58,123,329.0,40467.0
2019-01-13,2019011301003483,BOKL,48,58,27,329.0,8883.0
2019-01-13,2019011301003523,BOKL,41,49,250,328.0,82000.0
2019-01-13,2019011301003522,BOKL,47,49,36,328.0,11808.0
2019-01-13,2019011301003493,BOKL,54,58,401,329.0,131929.0
2019-01-13,2019011301003490,BOKL,54,42,50,329.0,16450.0
2019-01-13,2019011301003489,BOKL,54,32,1000,329.0,329000.0
2019-01-13,2019011301003488,BOKL,54,58,549,329.0,180621.0
2019-01-13,2019011301003679,BOKL,35,32,186,328.0,61008.0
2019-01-13,2019011301003640,BOKL,25,58,60,329.0,19740.0
2019-01-13,2019011301003620,BOKL,49,58,200,329.0,65800.0
2019-01-13,2019011301003564,BOKL,11,58,100,329.0,32900.0
2019-01-13,2019011301003525,BOKL,35,49,514,328.0,168592.0
2019-01-13,2019011301003524,BOKL,22,49,200,328.0,65600.0
2019-01-13,2019011301003685,BOKL,45,32,100,328.0,32800.0
2019-01-13,2019011301003684,BOKL,49,32,50,328.0,16400.0
2019-01-13,2019011301003683,BOKL,46,32,60,328.0,19680.0
2019-01-13,2019011301003682,BOKL,32,32,100,328.0,32800.0
2019-01-13,2019011301003681,BOKL,7,32,200,328.0,65600.0
2019-01-13,2019011301003680,BOKL,13,32,210,328.0,68880.0
2019-01-13,2019011301003736,BOKL,6,58,1791,329.0,589239.0
2019-01-13,2019011301003735,BOKL,6,58,209,329.0,68761.0
2019-01-13,2019011301003718,BOKL,29,58,30,329.0,9870.0
2019-01-13,2019011301003691,BOKL,28,49,334,328.0,109552.0
2019-01-13,2019011301003690,BOKL,42,49,40,328.0,13120.0
2019-01-13,2019011301003686,BOKL,49,32,94,328.0,30832.0
2019-01-13,2019011301003863,BOKL,21,33,500,328.0,164000.0
2019-01-13,2019011301003862,BOKL,28,33,140,328.0,45920.0
2019-01-13,2019011301003861,BOKL,52,58,120,329.0,39480.0
2019-01-13,2019011301003851,BOKL,50,58,20,329.0,6580.0
2019-01-13,2019011301003827,BOKL,21,58,80,329.0,26320.0
2019-01-13,2019011301003813,BOKL,28,40,226,328.0,74128.0
2019-01-13,2019011301003931,BPCL,26,40,20,370.0,7400.0
2019-01-13,2019011301003786,CBBL,46,20,15,845.0,12675.0
2019-01-13,2019011301003785,CBBL,6,20,685,845.0,578825.0
2019-01-13,2019011301003766,CBBL,6,50,150,845.0,126750.0
2019-01-13,2019011301003741,CBBL,6,28,50,845.0,42250.0
2019-01-13,2019011301003603,CBBL,6,37,100,845.0,84500.0
2019-01-13,2019011301003492,CBBL,6,4,80,845.0,67600.0
2019-01-13,2019011301003903,CBL,17,40,31,161.0,4991.0
2019-01-13,2019011301003671,CBL,42,29,557,160.0,89120.0
2019-01-13,2019011301003670,CBL,26,29,523,160.0,83680.0
2019-01-13,2019011301003669,CBL,46,29,20,161.0,3220.0
2019-01-13,2019011301003668,CBL,17,29,100,161.0,16100.0
2019-01-13,2019011301003778,CCBL,22,21,82,170.0,13940.0
2019-01-13,2019011301003880,CFCL,54,26,100,115.0,11500.0
2019-01-13,2019011301003583,CHCL,45,41,176,541.0,95216.0
2019-01-13,2019011301003582,CHCL,46,41,300,542.0,162600.0
2019-01-13,2019011301003581,CHCL,49,41,99,545.0,53955.0
2019-01-13,2019011301003875,CIT,1,33,85,2277.0,193545.0
2019-01-13,2019011301003874,CIT,6,33,50,2278.0,113900.0
2019-01-13,2019011301003824,CIT,6,40,100,2280.0,228000.0
2019-01-13,2019011301003823,CIT,6,32,50,2280.0,114000.0
2019-01-13,2019011301003726,CIT,16,48,80,2290.0,183200.0
2019-01-13,2019011301003725,CIT,16,41,20,2290.0,45800.0
2019-01-13,2019011301003661,CIT,48,41,30,2290.0,68700.0
2019-01-13,2019011301003660,CIT,48,41,100,2290.0,229000.0
2019-01-13,2019011301003659,CIT,48,29,50,2288.0,114400.0
2019-01-13,2019011301003537,CIT,6,34,19,2286.0,43434.0
2019-01-13,2019011301003505,CIT,49,34,50,2286.0,114300.0
2019-01-13,2019011301003939,CZBIL,17,5,489,216.0,105624.0
2019-01-13,2019011301003838,CZBIL,28,20,226,215.0,48590.0
2019-01-13,2019011301003795,CZBIL,28,54,100,215.0,21500.0
2019-01-13,2019011301003519,CZBIL,28,52,1783,215.0,383345.0
2019-01-13,2019011301003518,CZBIL,28,52,332,215.0,71380.0
2019-01-13,2019011301003517,DBBL,32,52,300,127.0,38100.0
2019-01-13,2019011301003739,DDBL,49,34,20,560.0,11200.0
2019-01-13,2019011301003926,EBL,3,8,100,532.0,53200.0
2019-01-13,2019011301003925,EBL,19,8,100,532.0,53200.0
2019-01-13,2019011301003924,EBL,46,8,70,532.0,37240.0
2019-01-13,2019011301003923,EBL,1,8,247,532.0,131404.0
2019-01-13,2019011301003835,EBL,22,45,70,533.0,37310.0
2019-01-13,2019011301003596,EBL,1,41,63,532.0,33516.0
2019-01-13,2019011301003590,EBL,41,41,88,533.0,46904.0
2019-01-13,2019011301003573,EBL,57,40,10,535.0,5350.0
2019-01-13,2019011301003928,EIC,54,29,16,845.0,13520.0
2019-01-13,2019011301003798,GBBL,56,33,1000,186.0,186000.0
2019-01-13,2019011301003797,GBBL,32,33,315,186.0,58590.0
2019-01-13,2019011301003784,GBBL,32,21,140,186.0,26040.0
2019-01-13,2019011301003783,GBBL,50,21,34,187.0,6358.0
2019-01-13,2019011301003658,GBBL,50,22,126,187.0,23562.0
2019-01-13,2019011301003657,GBBL,50,52,340,187.0,63580.0
2019-01-13,2019011301003485,GBBL,32,39,20,186.0,3720.0
2019-01-13,2019011301003976,GBIME,56,46,970,270.0,261900.0
2019-01-13,2019011301003830,GBIME,56,17,30,270.0,8100.0
2019-01-13,2019011301003586,GBIME,56,44,500,270.0,135000.0
2019-01-13,2019011301003678,GBLBS,19,29,10,424.0,4240.0
2019-01-13,2019011301003840,GILB,22,58,11,1150.0,12650.0
2019-01-13,2019011301003832,GILB,22,37,10,1150.0,11500.0
2019-01-13,2019011301003796,GILB,22,21,19,1150.0,21850.0
2019-01-13,2019011301003580,GUFL,14,57,250,100.0,25000.0
2019-01-13,2019011301003569,GUFL,53,57,200,102.0,20400.0
2019-01-13,2019011301003566,GUFL,7,57,50,104.0,5200.0
2019-01-13,2019011301003777,HGI,34,41,100,397.0,39700.0
2019-01-13,2019011301003609,HGI,1,41,200,394.0,78800.0
2019-01-13,2019011301003608,HGI,59,41,250,395.0,98750.0
2019-01-13,2019011301003607,HGI,39,41,100,397.0,39700.0
2019-01-13,2019011301003606,HGI,33,41,50,397.0,19850.0
2019-01-13,2019011301003605,HGI,41,41,200,398.0,79600.0
2019-01-13,2019011301003604,HGI,55,41,60,399.0,23940.0
2019-01-13,2019011301003812,HIDCL,1,21,29,149.0,4321.0
2019-01-13,2019011301003665,HIDCL,54,42,12,151.0,1812.0
2019-01-13,2019011301003664,HIDCL,54,10,259,151.0,39109.0
2019-01-13,2019011301003663,HIDCL,54,55,56,150.0,8400.0
2019-01-13,2019011301003546,HPPL,22,48,500,184.0,92000.0
2019-01-13,2019011301003545,HPPL,52,48,590,184.0,108560.0
2019-01-13,2019011301003538,HPPL,52,42,20,184.0,3680.0
2019-01-13,2019011301003612,IGI,52,57,10,455.0,4550.0
2019-01-13,2019011301003611,IGI,45,57,150,455.0,68250.0
2019-01-13,2019011301003911,IGI,26,57,110,455.0,50050.0
2019-01-13,2019011301003904,JBNL,40,41,158,167.0,26386.0
2019-01-13,2019011301003815,JBNL,40,21,20,167.0,3340.0
2019-01-13,2019011301003703,JBNL,40,29,733,167.0,122411.0
2019-01-13,2019011301003702,JBNL,57,29,75,167.0,12525.0
2019-01-13,2019011301003701,JBNL,32,29,192,167.0,32064.0
2019-01-13,2019011301003656,JBNL,32,40,58,167.0,9686.0
2019-01-13,2019011301003595,JBNL,47,5,30,168.0,5040.0
2019-01-13,2019011301003535,KBBL,49,35,200,213.0,42600.0
2019-01-13,2019011301003532,KBBL,6,35,300,213.0,63900.0
2019-01-13,2019011301003932,KBL,59,56,960,252.0,241920.0
2019-01-13,2019011301003894,KBL,59,42,40,252.0,10080.0
2019-01-13,2019011301003893,KBL,46,42,50,252.0,12600.0
2019-01-13,2019011301003892,KBL,51,42,10,252.0,2520.0
2019-01-13,2019011301003597,KBL,44,56,970,253.0,245410.0
2019-01-13,2019011301003723,KEBL,52,28,45,200.0,9000.0
2019-01-13,2019011301003722,KEBL,34,28,45,200.0,9000.0
2019-01-13,2019011301003721,KEBL,44,28,100,201.0,20100.0
2019-01-13,2019011301003499,KPCL,34,25,10,100.0,1000.0
2019-01-13,2019011301003496,KPCL,34,25,10,100.0,1000.0
2019-01-13,2019011301003531,KPCL,34,25,10,100.0,1000.0
2019-01-13,2019011301003507,KPCL,34,25,10,100.0,1000.0
2019-01-13,2019011301003549,KPCL,6,25,10,99.0,990.0
2019-01-13,2019011301003547,KPCL,6,25,10,99.0,990.0
2019-01-13,2019011301003543,KPCL,34,25,10,100.0,1000.0
2019-01-13,2019011301003571,KPCL,6,25,10,99.0,990.0
2019-01-13,2019011301003567,KPCL,6,25,10,99.0,990.0
2019-01-13,2019011301003560,KPCL,6,25,10,99.0,990.0
2019-01-13,2019011301003550,KPCL,6,25,10,99.0,990.0
2019-01-13,2019011301003587,KPCL,6,25,10,99.0,990.0
2019-01-13,2019011301003733,LBBL,52,40,22,171.0,3762.0
2019-01-13,2019011301003732,LBBL,49,40,22,171.0,3762.0
2019-01-13,2019011301003920,LBL,11,7,156,218.0,34008.0
2019-01-13,2019011301003794,LBL,25,16,500,218.0,109000.0
2019-01-13,2019011301003793,LBL,50,16,500,218.0,109000.0
2019-01-13,2019011301003792,LBL,54,16,300,218.0,65400.0
2019-01-13,2019011301003791,LBL,13,16,300,218.0,65400.0
2019-01-13,2019011301003790,LBL,8,16,300,218.0,65400.0
2019-01-13,2019011301003789,LBL,11,16,230,218.0,50140.0
2019-01-13,2019011301003643,LBL,11,40,270,218.0,58860.0
2019-01-13,2019011301003642,LBL,19,40,100,218.0,21800.0
2019-01-13,2019011301003641,LBL,43,40,30,219.0,6570.0
2019-01-13,2019011301003768,LICN,59,39,17,1682.0,28594.0
2019-01-13,2019011301003929,MBL,39,41,100,206.0,20600.0
2019-01-13,2019011301003654,MBL,17,16,150,207.0,31050.0
2019-01-13,2019011301003504,MBL,57,16,200,206.0,41200.0
2019-01-13,2019011301003503,MBL,8,16,1000,206.0,206000.0
2019-01-13,2019011301003502,MBL,58,16,500,206.0,103000.0
2019-01-13,2019011301003501,MBL,34,16,1000,206.0,206000.0
2019-01-13,2019011301003500,MBL,6,16,162,206.0,33372.0
2019-01-13,2019011301003960,MDB,49,14,432,291.0,125712.0
2019-01-13,2019011301003959,MDB,17,14,24,293.0,7032.0
2019-01-13,2019011301003938,MDB,17,14,110,293.0,32230.0
2019-01-13,2019011301003933,MEGA,26,25,118,170.0,20060.0
2019-01-13,2019011301003908,MEGA,26,41,86,170.0,14620.0
2019-01-13,2019011301003907,MEGA,41,41,92,170.0,15640.0
2019-01-13,2019011301003906,MEGA,57,41,57,171.0,9747.0
2019-01-13,2019011301003831,MEGA,57,21,121,171.0,20691.0
2019-01-13,2019011301003800,MEGA,57,5,629,171.0,107559.0
2019-01-13,2019011301003799,MEGA,57,39,193,171.0,33003.0
2019-01-13,2019011301003714,MEGA,41,29,66,170.0,11220.0
2019-01-13,2019011301003627,MEGA,21,39,250,171.0,42750.0
2019-01-13,2019011301003912,MLBBL,47,40,38,913.0,34694.0
2019-01-13,2019011301003927,MLBL,4,41,200,167.0,33400.0
2019-01-13,2019011301003731,MLBL,4,29,146,167.0,24382.0
2019-01-13,2019011301003730,MLBL,17,29,20,167.0,3340.0
2019-01-13,2019011301003729,MLBL,13,29,200,168.0,33600.0
2019-01-13,2019011301003728,MLBL,49,29,89,168.0,14952.0
2019-01-13,2019011301003727,MLBL,26,29,45,169.0,7605.0
2019-01-13,2019011301003677,MNBBL,20,41,100,343.0,34300.0
2019-01-13,2019011301003624,MNBBL,20,41,41,343.0,14063.0
2019-01-13,2019011301003623,MNBBL,45,41,50,343.0,17150.0
2019-01-13,2019011301003622,MNBBL,38,41,100,343.0,34300.0
2019-01-13,2019011301003848,NADEP,6,46,80,795.0,63600.0
2019-01-13,2019011301003847,NADEP,6,14,10,794.0,7940.0
2019-01-13,2019011301003846,NADEP,6,14,10,794.0,7940.0
2019-01-13,2019011301003845,NADEP,6,14,10,794.0,7940.0
2019-01-13,2019011301003844,NADEP,6,39,10,794.0,7940.0
2019-01-13,2019011301003898,NBB,34,40,57,190.0,10830.0
2019-01-13,2019011301003816,NBB,34,47,100,190.0,19000.0
2019-01-13,2019011301003810,NBB,34,5,100,190.0,19000.0
2019-01-13,2019011301003738,NBB,34,29,43,190.0,8170.0
2019-01-13,2019011301003737,NBB,56,29,457,190.0,86830.0
2019-01-13,2019011301003971,NBL,25,57,474,301.0,142674.0
2019-01-13,2019011301003970,NBL,55,57,100,301.0,30100.0
2019-01-13,2019011301003969,NBL,10,57,500,301.0,150500.0
2019-01-13,2019011301003968,NBL,36,57,926,301.0,278726.0
2019-01-13,2019011301003919,NBL,11,6,1000,302.0,302000.0
2019-01-13,2019011301003814,NBL,42,6,40,302.0,12080.0
2019-01-13,2019011301003574,NBL,58,58,31,302.0,9362.0
2019-01-13,2019011301003486,NBL,58,32,50,302.0,15100.0
2019-01-13,2019011301003692,NBL,58,6,131,302.0,39562.0
2019-01-13,2019011301003579,NBL,58,58,69,302.0,20838.0
2019-01-13,2019011301003578,NBL,57,58,200,302.0,60400.0
2019-01-13,2019011301003577,NBL,50,58,100,302.0,30200.0
2019-01-13,2019011301003576,NBL,49,58,500,302.0,151000.0
2019-01-13,2019011301003575,NBL,29,58,100,302.0,30200.0
2019-01-13,2019011301003704,NBL,48,6,50,302.0,15100.0
2019-01-13,2019011301003697,NBL,6,6,2000,302.0,604000.0
2019-01-13,2019011301003696,NBL,51,6,100,302.0,30200.0
2019-01-13,2019011301003695,NBL,14,6,62,302.0,18724.0
2019-01-13,2019011301003694,NBL,17,6,100,302.0,30200.0
2019-01-13,2019011301003693,NBL,14,6,70,302.0,21140.0
2019-01-13,2019011301003963,NCCB,49,5,500,219.0,109500.0
2019-01-13,2019011301003958,NCCB,47,25,243,218.0,52974.0
2019-01-13,2019011301003957,NCCB,29,25,500,218.0,109000.0
2019-01-13,2019011301003956,NCCB,32,25,100,218.0,21800.0
2019-01-13,2019011301003955,NCCB,25,25,100,218.0,21800.0
2019-01-13,2019011301003954,NCCB,19,25,70,218.0,15260.0
2019-01-13,2019011301003601,NCCB,39,28,600,219.0,131400.0
2019-01-13,2019011301003600,NCCB,22,28,179,219.0,39201.0
2019-01-13,2019011301003521,NCCB,22,50,1000,219.0,219000.0
2019-01-13,2019011301003868,NCCB,48,48,50,218.0,10900.0
2019-01-13,2019011301003852,NCCB,1,5,129,219.0,28251.0
2019-01-13,2019011301003822,NCCB,1,1,200,219.0,43800.0
2019-01-13,2019011301003788,NCCB,1,49,500,219.0,109500.0
2019-01-13,2019011301003787,NCCB,1,28,171,219.0,37449.0
2019-01-13,2019011301003675,NCCB,48,28,50,219.0,10950.0
2019-01-13,2019011301003953,NCCB,33,25,150,218.0,32700.0
2019-01-13,2019011301003935,NCCB,33,21,1350,218.0,294300.0
2019-01-13,2019011301003934,NCCB,48,21,150,218.0,32700.0
2019-01-13,2019011301003918,NCCB,48,41,300,218.0,65400.0
2019-01-13,2019011301003872,NCCB,28,5,230,219.0,50370.0
2019-01-13,2019011301003870,NCCB,48,5,50,219.0,10950.0
2019-01-13,2019011301003842,NGPL,21,21,11,133.0,1463.0
2019-01-13,2019011301003772,NHDL,59,16,10,122.0,1220.0
2019-01-13,2019011301003891,NIB,58,25,27,546.0,14742.0
2019-01-13,2019011301003890,NIB,33,25,10,546.0,5460.0
2019-01-13,2019011301003889,NIB,45,25,100,547.0,54700.0
2019-01-13,2019011301003888,NIB,17,25,163,547.0,89161.0
2019-01-13,2019011301003850,NIB,17,21,37,547.0,20239.0
2019-01-13,2019011301003834,NIB,26,5,16,548.0,8768.0
2019-01-13,2019011301003687,NIB,58,5,50,548.0,27400.0
2019-01-13,2019011301003895,NICA,44,58,2000,385.0,770000.0
2019-01-13,2019011301003849,NICA,57,20,41,384.0,15744.0
2019-01-13,2019011301003826,NICA,34,58,1480,385.0,569800.0
2019-01-13,2019011301003720,NICA,56,58,500,385.0,192500.0
2019-01-13,2019011301003719,NICA,3,58,20,385.0,7700.0
2019-01-13,2019011301003710,NICA,21,35,100,386.0,38600.0
2019-01-13,2019011301003553,NICA,54,57,10,385.0,3850.0
2019-01-13,2019011301003552,NICA,49,57,91,385.0,35035.0
2019-01-13,2019011301003551,NICA,59,57,500,385.0,192500.0
2019-01-13,2019011301003520,NICA,59,55,500,385.0,192500.0
2019-01-13,2019011301003709,NICA,21,35,100,386.0,38600.0
2019-01-13,2019011301003707,NICA,34,35,500,386.0,193000.0
2019-01-13,2019011301003570,NICA,35,35,30,386.0,11580.0
2019-01-13,2019011301003558,NICA,11,35,500,386.0,193000.0
2019-01-13,2019011301003555,NICA,3,57,180,385.0,69300.0
2019-01-13,2019011301003554,NICA,56,57,700,385.0,269500.0
2019-01-13,2019011301003515,NICL,22,20,630,553.0,348390.0
2019-01-13,2019011301003508,NICL,32,20,100,558.0,55800.0
2019-01-13,2019011301003514,NICL,7,20,200,553.0,110600.0
2019-01-13,2019011301003513,NICL,6,20,200,554.0,110800.0
2019-01-13,2019011301003512,NICL,52,20,100,554.0,55400.0
2019-01-13,2019011301003511,NICL,56,20,70,554.0,38780.0
2019-01-13,2019011301003510,NICL,53,20,50,555.0,27750.0
2019-01-13,2019011301003509,NICL,34,20,150,556.0,83400.0
2019-01-13,2019011301003636,NIL,45,41,447,529.0,236463.0
2019-01-13,2019011301003635,NIL,41,41,444,530.0,235320.0
2019-01-13,2019011301003616,NIL,41,41,56,530.0,29680.0
2019-01-13,2019011301003615,NIL,59,41,44,530.0,23320.0
2019-01-13,2019011301003667,NLBBL,41,41,40,464.0,18560.0
2019-01-13,2019011301003666,NLBBL,32,41,10,465.0,4650.0
2019-01-13,2019011301003843,NLG,18,48,105,860.0,90300.0
2019-01-13,2019011301003949,NLIC,40,37,100,1098.0,109800.0
2019-01-13,2019011301003857,NLIC,34,21,17,1097.0,18649.0
2019-01-13,2019011301003775,NLIC,53,8,500,1098.0,549000.0
2019-01-13,2019011301003774,NLIC,33,8,500,1098.0,549000.0
2019-01-13,2019011301003771,NLIC,57,8,40,1100.0,44000.0
2019-01-13,2019011301003724,NLIC,57,35,150,1100.0,165000.0
2019-01-13,2019011301003610,NLIC,57,39,310,1100.0,341000.0
2019-01-13,2019011301003591,NLIC,34,39,139,1100.0,152900.0
2019-01-13,2019011301003588,NLIC,34,49,100,1100.0,110000.0
2019-01-13,2019011301003921,NLICL,45,45,6,704.0,4224.0
2019-01-13,2019011301003833,NLICL,39,48,50,705.0,35250.0
2019-01-13,2019011301003829,NLICL,22,16,19,700.0,13300.0
2019-01-13,2019011301003828,NLICL,34,16,97,700.0,67900.0
2019-01-13,2019011301003819,NLICL,34,16,103,700.0,72100.0
2019-01-13,2019011301003818,NLICL,39,16,50,701.0,35050.0
2019-01-13,2019011301003817,NLICL,53,16,50,701.0,35050.0
2019-01-13,2019011301003807,NLICL,50,16,35,702.0,24570.0
2019-01-13,2019011301003806,NLICL,13,16,50,702.0,35100.0
2019-01-13,2019011301003805,NLICL,50,16,68,702.0,47736.0
2019-01-13,2019011301003804,NLICL,16,16,50,703.0,35150.0
2019-01-13,2019011301003614,NLICL,16,47,50,703.0,35150.0
2019-01-13,2019011301003825,NMB,34,33,400,325.0,130000.0
2019-01-13,2019011301003649,NMB,34,11,519,325.0,168675.0
2019-01-13,2019011301003648,NMB,40,11,481,325.0,156325.0
2019-01-13,2019011301003965,NMBMF,28,58,10,1110.0,11100.0
2019-01-13,2019011301003562,NSEWA,39,33,10,583.0,5830.0
2019-01-13,2019011301003557,NSEWA,39,3,10,580.0,5800.0
2019-01-13,2019011301003556,NSEWA,39,3,10,580.0,5800.0
2019-01-13,2019011301003856,NTC,6,49,100,728.0,72800.0
2019-01-13,2019011301003878,NUBL,40,25,53,760.0,40280.0
2019-01-13,2019011301003859,NUBL,28,25,10,760.0,7600.0
2019-01-13,2019011301003910,PCBL,41,26,110,331.0,36410.0
2019-01-13,2019011301003708,PCBL,32,40,222,330.0,73260.0
2019-01-13,2019011301003652,PCBL,32,16,100,330.0,33000.0
2019-01-13,2019011301003651,PCBL,32,48,10,330.0,3300.0
2019-01-13,2019011301003650,PCBL,32,50,13,330.0,4290.0
2019-01-13,2019011301003769,PFL,19,29,12,135.0,1620.0
2019-01-13,2019011301003922,PIC,48,48,1,1008.0,1008.0
2019-01-13,2019011301003698,PIC,53,43,1,1008.0,1008.0
2019-01-13,2019011301003559,PIC,53,43,1,1008.0,1008.0
2019-01-13,2019011301003480,PIC,54,45,11,1028.0,11308.0
2019-01-13,2019011301003479,PIC,54,17,20,1027.0,20540.0
2019-01-13,2019011301003478,PIC,54,55,11,1027.0,11297.0
2019-01-13,2019011301003477,PIC,54,32,11,1026.0,11286.0
2019-01-13,2019011301003884,PLIC,26,42,500,500.0,250000.0
2019-01-13,2019011301003883,PLIC,26,58,20,499.0,9980.0
2019-01-13,2019011301003882,PLIC,26,6,10,498.0,4980.0
2019-01-13,2019011301003674,PLIC,58,40,51,493.0,25143.0
2019-01-13,2019011301003673,PLIC,29,40,50,493.0,24650.0
2019-01-13,2019011301003672,PLIC,33,40,230,493.0,113390.0
2019-01-13,2019011301003585,PMHPL,10,38,10,113.0,1130.0
2019-01-13,2019011301003584,PMHPL,10,58,10,113.0,1130.0
2019-01-13,2019011301003568,PMHPL,6,42,10,112.0,1120.0
2019-01-13,2019011301003544,PMHPL,6,42,10,112.0,1120.0
2019-01-13,2019011301003897,PRVU,44,49,700,245.0,171500.0
2019-01-13,2019011301003858,PRVU,44,38,2000,245.0,490000.0
2019-01-13,2019011301003782,PRVU,44,42,350,245.0,85750.0
2019-01-13,2019011301003773,PRVU,44,29,1000,245.0,245000.0
2019-01-13,2019011301003770,PRVU,44,34,500,245.0,122500.0
2019-01-13,2019011301003734,PRVU,44,33,242,245.0,59290.0
2019-01-13,2019011301003713,PRVU,52,43,150,246.0,36900.0
2019-01-13,2019011301003712,PRVU,52,59,50,246.0,12300.0
2019-01-13,2019011301003689,PRVU,44,40,41,245.0,10045.0
2019-01-13,2019011301003688,PRVU,17,40,159,245.0,38955.0
2019-01-13,2019011301003563,PRVU,46,59,50,246.0,12300.0
2019-01-13,2019011301003962,RBCL,42,54,100,9500.0,950000.0
2019-01-13,2019011301003975,RLFL,46,42,210,117.0,24570.0
2019-01-13,2019011301003952,RMDC,17,21,41,545.0,22345.0
2019-01-13,2019011301003905,RMDC,17,49,22,550.0,12100.0
2019-01-13,2019011301003655,RMDC,17,41,100,550.0,55000.0
2019-01-13,2019011301003902,RSDC,53,25,96,388.0,37248.0
2019-01-13,2019011301003901,RSDC,48,25,50,388.0,19400.0
2019-01-13,2019011301003498,RSDC,17,25,100,389.0,38900.0
2019-01-13,2019011301003854,SADBL,59,29,55,135.0,7425.0
2019-01-13,2019011301003853,SADBL,47,29,50,135.0,6750.0
2019-01-13,2019011301003944,SANIMA,46,57,40,306.0,12240.0
2019-01-13,2019011301003943,SANIMA,35,57,30,306.0,9180.0
2019-01-13,2019011301003942,SANIMA,6,57,60,306.0,18360.0
2019-01-13,2019011301003941,SANIMA,32,57,43,306.0,13158.0
2019-01-13,2019011301003940,SANIMA,54,57,200,307.0,61400.0
2019-01-13,2019011301003594,SANIMA,16,25,400,308.0,123200.0
2019-01-13,2019011301003593,SANIMA,16,36,604,308.0,186032.0
2019-01-13,2019011301003967,SBI,19,42,20,390.0,7800.0
2019-01-13,2019011301003802,SBL,50,58,191,293.0,55963.0
2019-01-13,2019011301003767,SBL,42,58,40,293.0,11720.0
2019-01-13,2019011301003961,SCB,16,21,20,587.0,11740.0
2019-01-13,2019011301003936,SCB,16,41,20,587.0,11740.0
2019-01-13,2019011301003855,SCB,29,45,50,588.0,29400.0
2019-01-13,2019011301003646,SCB,17,41,200,587.0,117400.0
2019-01-13,2019011301003645,SCB,49,41,100,588.0,58800.0
2019-01-13,2019011301003644,SCB,10,41,40,588.0,23520.0
2019-01-13,2019011301003617,SCB,10,16,20,588.0,11760.0
2019-01-13,2019011301003491,SCB,22,7,219,588.0,128772.0
2019-01-13,2019011301003481,SCB,48,21,100,587.0,58700.0
2019-01-13,2019011301003821,SCB,45,45,20,588.0,11760.0
2019-01-13,2019011301003706,SCB,46,11,10,589.0,5890.0
2019-01-13,2019011301003705,SCB,46,32,10,589.0,5890.0
2019-01-13,2019011301003647,SCB,16,41,260,587.0,152620.0
2019-01-13,2019011301003972,SDESI,41,7,13,605.0,7865.0
2019-01-13,2019011301003869,SDESI,41,58,42,605.0,25410.0
2019-01-13,2019011301003765,SDESI,41,58,65,605.0,39325.0
2019-01-13,2019011301003764,SDESI,33,58,100,606.0,60600.0
2019-01-13,2019011301003763,SDESI,35,58,14,606.0,8484.0
2019-01-13,2019011301003762,SDESI,35,58,14,606.0,8484.0
2019-01-13,2019011301003743,SDESI,14,58,14,608.0,8512.0
2019-01-13,2019011301003749,SDESI,29,58,10,607.0,6070.0
2019-01-13,2019011301003748,SDESI,29,58,10,607.0,6070.0
2019-01-13,2019011301003747,SDESI,29,58,10,607.0,6070.0
2019-01-13,2019011301003746,SDESI,29,58,10,607.0,6070.0
2019-01-13,2019011301003745,SDESI,22,58,43,607.0,26101.0
2019-01-13,2019011301003744,SDESI,22,58,100,608.0,60800.0
2019-01-13,2019011301003755,SDESI,29,58,10,607.0,6070.0
2019-01-13,2019011301003754,SDESI,29,58,10,607.0,6070.0
2019-01-13,2019011301003753,SDESI,29,58,10,607.0,6070.0
2019-01-13,2019011301003752,SDESI,29,58,10,607.0,6070.0
2019-01-13,2019011301003751,SDESI,29,58,10,607.0,6070.0
2019-01-13,2019011301003750,SDESI,29,58,10,607.0,6070.0
2019-01-13,2019011301003761,SDESI,6,58,10,607.0,6070.0
2019-01-13,2019011301003760,SDESI,38,58,50,607.0,30350.0
2019-01-13,2019011301003759,SDESI,29,58,10,607.0,6070.0
2019-01-13,2019011301003758,SDESI,29,58,10,607.0,6070.0
2019-01-13,2019011301003757,SDESI,29,58,10,607.0,6070.0
2019-01-13,2019011301003756,SDESI,29,58,10,607.0,6070.0
2019-01-13,2019011301003776,SFFIL,58,49,12,224.0,2688.0
2019-01-13,2019011301003716,SHL,19,52,260,203.0,52780.0
2019-01-13,2019011301003715,SHL,57,52,373,203.0,75719.0
2019-01-13,2019011301003530,SHL,57,48,127,203.0,25781.0
2019-01-13,2019011301003529,SHL,57,7,100,203.0,20300.0
2019-01-13,2019011301003528,SHL,57,7,100,203.0,20300.0
2019-01-13,2019011301003632,SICL,34,26,50,926.0,46300.0
2019-01-13,2019011301003631,SICL,34,26,50,926.0,46300.0
2019-01-13,2019011301003630,SICL,34,26,15,926.0,13890.0
2019-01-13,2019011301003629,SICL,52,26,80,927.0,74160.0
2019-01-13,2019011301003628,SICL,17,26,100,928.0,92800.0
2019-01-13,2019011301003536,SICL,6,6,50,930.0,46500.0
2019-01-13,2019011301003638,SIL,6,41,28,650.0,18200.0
2019-01-13,2019011301003637,SIL,55,41,40,652.0,26080.0
2019-01-13,2019011301003494,SIL,55,58,20,652.0,13040.0
2019-01-13,2019011301003711,SKBBL,26,41,32,1060.0,33920.0
2019-01-13,2019011301003917,SLBBL,26,25,69,535.0,36915.0
2019-01-13,2019011301003916,SLBBL,6,25,30,535.0,16050.0
2019-01-13,2019011301003915,SLBBL,58,25,75,535.0,40125.0
2019-01-13,2019011301003914,SLBBL,54,25,30,536.0,16080.0
2019-01-13,2019011301003913,SLBBL,25,25,80,536.0,42880.0
2019-01-13,2019011301003619,SLBS,42,40,11,1021.0,11231.0
2019-01-13,2019011301003613,SLICL,39,40,153,556.0,85068.0
2019-01-13,2019011301003621,SMB,17,7,10,635.0,6350.0
2019-01-13,2019011301003839,SRBL,48,48,131,214.0,28034.0
2019-01-13,2019011301003811,SRBL,33,29,31,214.0,6634.0
2019-01-13,2019011301003781,SRBL,32,29,170,214.0,36380.0
2019-01-13,2019011301003780,SRBL,17,29,107,214.0,22898.0
2019-01-13,2019011301003779,SRBL,55,29,10,214.0,2140.0
2019-01-13,2019011301003740,SRBL,46,16,20,215.0,4300.0
2019-01-13,2019011301003626,SRBL,55,40,300,214.0,64200.0
2019-01-13,2019011301003506,SRBL,33,8,417,215.0,89655.0
2019-01-13,2019011301003948,UIC,5,50,200,774.0,154800.0
2019-01-13,2019011301003947,UIC,6,50,50,774.0,38700.0
2019-01-13,2019011301003946,UIC,39,50,10,774.0,7740.0
2019-01-13,2019011301003945,UIC,43,50,50,775.0,38750.0
2019-01-13,2019011301003837,UIC,43,29,50,775.0,38750.0
2019-01-13,2019011301003974,UMHL,43,25,10,121.0,1210.0
2019-01-13,2019011301003973,UMHL,45,25,10,121.0,1210.0
2019-01-13,2019011301003964,UPPER,29,17,40,224.0,8960.0
2019-01-13,2019011301003950,UPPER,29,41,50,224.0,11200.0
2019-01-13,2019011301003497,UPPER,58,57,50,224.0,11200.0
2019-01-13,2019011301003495,UPPER,58,57,50,224.0,11200.0
2019-01-13,2019011301003487,UPPER,58,17,40,224.0,8960.0
2019-01-13,2019011301003482,UPPER,58,57,40,224.0,8960.0
2019-01-13,2019011301003533,UPPER,58,40,50,224.0,11200.0
2019-01-13,2019011301003527,UPPER,58,7,50,224.0,11200.0
2019-01-13,2019011301003526,UPPER,58,40,50,224.0,11200.0
2019-01-13,2019011301003516,UPPER,58,40,50,224.0,11200.0
2019-01-13,2019011301003548,UPPER,58,40,40,224.0,8960.0
2019-01-13,2019011301003542,UPPER,58,40,40,224.0,8960.0
2019-01-13,2019011301003539,UPPER,58,7,50,224.0,11200.0
2019-01-13,2019011301003565,UPPER,58,40,50,224.0,11200.0
2019-01-13,2019011301003561,UPPER,58,22,40,224.0,8960.0
2019-01-13,2019011301003599,UPPER,58,40,50,224.0,11200.0
2019-01-13,2019011301003598,UPPER,58,45,50,224.0,11200.0
2019-01-13,2019011301003592,UPPER,58,7,40,224.0,8960.0
2019-01-13,2019011301003589,UPPER,58,40,40,224.0,8960.0
2019-01-13,2019011301003572,UPPER,58,40,40,224.0,8960.0
2019-01-13,2019011301003803,UPPER,58,7,40,224.0,8960.0
2019-01-13,2019011301003742,UPPER,58,41,40,224.0,8960.0
2019-01-13,2019011301003717,UPPER,58,45,50,224.0,11200.0
2019-01-13,2019011301003639,UPPER,58,7,40,224.0,8960.0
2019-01-13,2019011301003876,UPPER,58,28,40,224.0,8960.0
2019-01-13,2019011301003873,UPPER,58,34,50,224.0,11200.0
2019-01-13,2019011301003867,UPPER,58,42,40,224.0,8960.0
2019-01-13,2019011301003841,UPPER,58,42,50,224.0,11200.0
2019-01-13,2019011301003836,UPPER,58,35,40,224.0,8960.0
2019-01-13,2019011301003820,UPPER,58,7,50,224.0,11200.0
2019-01-13,2019011301003887,UPPER,58,34,20,224.0,4480.0
2019-01-13,2019011301003886,UPPER,58,34,30,224.0,6720.0
2019-01-13,2019011301003885,UPPER,58,34,50,224.0,11200.0
2019-01-13,2019011301003881,UPPER,58,17,50,224.0,11200.0
2019-01-13,2019011301003879,UPPER,58,34,50,224.0,11200.0
2019-01-13,2019011301003877,UPPER,58,34,40,224.0,8960.0
2019-01-13,2019011301003909,UPPER,29,17,40,224.0,8960.0
2019-01-13,2019011301003900,UPPER,29,17,10,224.0,2240.0
2019-01-13,2019011301003899,UPPER,58,17,30,224.0,6720.0
2019-01-13,2019011301003896,UPPER,58,34,50,224.0,11200.0
2019-01-13,2019011301002470,ADBL,47,28,50,350.0,17500.0
2019-01-13,2019011301002469,ADBL,47,28,50,350.0,17500.0
2019-01-13,2019011301002468,ADBL,22,28,50,350.0,17500.0
2019-01-13,2019011301002467,ADBL,11,28,500,350.0,175000.0
2019-01-13,2019011301002466,ADBL,11,28,500,350.0,175000.0
2019-01-13,2019011301002465,ADBL,17,28,50,350.0,17500.0
2019-01-13,2019011301002083,ADBL,5,58,12,352.0,4224.0
2019-01-13,2019011301002082,ADBL,6,58,25,352.0,8800.0
2019-01-13,2019011301002081,ADBL,22,58,63,352.0,22176.0
2019-01-13,2019011301002008,ADBL,22,50,37,352.0,13024.0
2019-01-13,2019011301002007,ADBL,29,50,63,352.0,22176.0
2019-01-13,2019011301002336,ADBL,42,43,80,352.0,28160.0
2019-01-13,2019011301002205,ADBL,29,16,20,351.0,7020.0
2019-01-13,2019011301002185,ADBL,55,57,351,352.0,123552.0
2019-01-13,2019011301002125,ADBL,55,45,149,352.0,52448.0
2019-01-13,2019011301002124,ADBL,6,45,13,352.0,4576.0
2019-01-13,2019011301002123,ADBL,5,45,338,352.0,118976.0
2019-01-13,2019011301002396,ADBL,40,13,400,351.0,140400.0
2019-01-13,2019011301002395,ADBL,25,13,100,351.0,35100.0
2019-01-13,2019011301002394,ADBL,48,13,100,351.0,35100.0
2019-01-13,2019011301002393,ADBL,11,13,70,351.0,24570.0
2019-01-13,2019011301002353,ADBL,11,1,930,351.0,326430.0
2019-01-13,2019011301002352,ADBL,29,1,70,351.0,24570.0
2019-01-13,2019011301002458,ADBL,34,28,100,351.0,35100.0
2019-01-13,2019011301002457,ADBL,49,28,50,351.0,17550.0
2019-01-13,2019011301002456,ADBL,1,28,50,351.0,17550.0
2019-01-13,2019011301002455,ADBL,40,28,540,351.0,189540.0
2019-01-13,2019011301002409,ADBL,40,14,546,351.0,191646.0
2019-01-13,2019011301002406,ADBL,40,13,14,351.0,4914.0
2019-01-13,2019011301002464,ADBL,54,28,100,350.0,35000.0
2019-01-13,2019011301002463,ADBL,58,28,300,350.0,105000.0
2019-01-13,2019011301002462,ADBL,6,28,10,350.0,3500.0
2019-01-13,2019011301002461,ADBL,57,28,300,350.0,105000.0
2019-01-13,2019011301002460,ADBL,28,28,400,350.0,140000.0
2019-01-13,2019011301002459,ADBL,47,28,15,350.0,5250.0
2019-01-13,2019011301002440,AKJCL,53,41,10,91.0,910.0
2019-01-13,2019011301002438,AKJCL,39,39,10,92.0,920.0
2019-01-13,2019011301002437,AKJCL,39,39,20,92.0,1840.0
2019-01-13,2019011301002436,AKJCL,39,39,20,92.0,1840.0
2019-01-13,2019011301002435,AKJCL,39,39,10,92.0,920.0
2019-01-13,2019011301002434,AKJCL,39,39,10,92.0,920.0
2019-01-13,2019011301002055,AKJCL,39,39,20,92.0,1840.0
2019-01-13,2019011301002010,AKJCL,52,10,500,92.0,46000.0
2019-01-13,2019011301002407,AKJCL,53,41,10,91.0,910.0
2019-01-13,2019011301002136,AKJCL,39,39,20,92.0,1840.0
2019-01-13,2019011301002135,AKJCL,39,39,10,92.0,920.0
2019-01-13,2019011301002134,AKJCL,39,39,20,92.0,1840.0
2019-01-13,2019011301002057,AKJCL,39,39,10,92.0,920.0
2019-01-13,2019011301002056,AKJCL,39,39,20,92.0,1840.0
2019-01-13,2019011301002433,AKJCL,39,39,20,92.0,1840.0
2019-01-13,2019011301002432,AKJCL,39,39,10,92.0,920.0
2019-01-13,2019011301002431,AKJCL,39,39,10,92.0,920.0
2019-01-13,2019011301002430,AKJCL,39,41,20,91.0,1820.0
2019-01-13,2019011301002412,AKJCL,53,41,10,91.0,910.0
2019-01-13,2019011301002411,AKJCL,53,41,20,91.0,1820.0
2019-01-13,2019011301002179,ALICL,42,22,36,615.0,22140.0
2019-01-13,2019011301002323,AMFI,52,52,10,758.0,7580.0
2019-01-13,2019011301002410,API,39,7,95,154.0,14630.0
2019-01-13,2019011301002273,API,39,33,25,154.0,3850.0
2019-01-13,2019011301002439,BOKL,6,37,150,329.0,49350.0
2019-01-13,2019011301002424,BOKL,45,11,100,330.0,33000.0
2019-01-13,2019011301002414,BOKL,38,11,29,330.0,9570.0
2019-01-13,2019011301002299,BOKL,40,11,1500,330.0,495000.0
2019-01-13,2019011301002293,BOKL,45,11,50,330.0,16500.0
2019-01-13,2019011301002175,BOKL,37,11,100,330.0,33000.0
2019-01-13,2019011301002174,BOKL,37,11,450,330.0,148500.0
2019-01-13,2019011301002173,BOKL,37,11,1000,330.0,330000.0
2019-01-13,2019011301002090,BOKL,41,42,30,330.0,9900.0
2019-01-13,2019011301002089,BOKL,40,42,100,330.0,33000.0
2019-01-13,2019011301002072,BOKL,37,19,93,330.0,30690.0
2019-01-13,2019011301002071,BOKL,47,19,266,330.0,87780.0
2019-01-13,2019011301002087,BPCL,43,50,10,370.0,3700.0
2019-01-13,2019011301002221,CBBL,16,1,20,858.0,17160.0
2019-01-13,2019011301002190,CBBL,35,25,200,850.0,170000.0
2019-01-13,2019011301002189,CBBL,45,25,50,850.0,42500.0
2019-01-13,2019011301002188,CBBL,45,25,150,852.0,127800.0
2019-01-13,2019011301002187,CBBL,16,25,100,853.0,85300.0
2019-01-13,2019011301002086,CBBL,19,58,73,855.0,62415.0
2019-01-13,2019011301002085,CBBL,19,49,96,854.0,81984.0
2019-01-13,2019011301002084,CBBL,19,14,30,853.0,25590.0
2019-01-13,2019011301002441,CBL,49,39,1180,161.0,189980.0
2019-01-13,2019011301002369,CBL,34,11,308,162.0,49896.0
2019-01-13,2019011301002204,CBL,34,16,125,162.0,20250.0
2019-01-13,2019011301002203,CBL,39,16,75,162.0,12150.0
2019-01-13,2019011301002108,CBL,39,28,107,162.0,17334.0
2019-01-13,2019011301002337,CCBL,17,17,3,170.0,510.0
2019-01-13,2019011301002280,CCBL,26,34,24,170.0,4080.0
2019-01-13,2019011301002279,CCBL,17,48,9,170.0,1530.0
2019-01-13,2019011301002278,CCBL,50,48,16,170.0,2720.0
2019-01-13,2019011301002119,CCBL,50,28,34,170.0,5780.0
2019-01-13,2019011301002110,CCBL,43,28,100,170.0,17000.0
2019-01-13,2019011301002102,CCBL,17,42,41,170.0,6970.0
2019-01-13,2019011301002101,CCBL,17,42,45,170.0,7650.0
2019-01-13,2019011301002373,CFCL,41,32,10,115.0,1150.0
2019-01-13,2019011301002270,CFCL,32,29,1000,113.0,113000.0
2019-01-13,2019011301002269,CFCL,32,36,10,113.0,1130.0
2019-01-13,2019011301002264,CFCL,32,16,700,112.0,78400.0
2019-01-13,2019011301002263,CFCL,32,34,90,112.0,10080.0
2019-01-13,2019011301002219,CHCL,45,16,50,541.0,27050.0
2019-01-13,2019011301002176,CHL,13,25,34,102.0,3468.0
2019-01-13,2019011301002148,CHL,42,41,30,102.0,3060.0
2019-01-13,2019011301002202,CIT,16,34,10,2290.0,22900.0
2019-01-13,2019011301002182,CIT,16,50,100,2290.0,229000.0
2019-01-13,2019011301002162,CIT,58,50,100,2282.0,228200.0
2019-01-13,2019011301002111,CIT,16,37,100,2290.0,229000.0
2019-01-13,2019011301002422,CZBIL,41,6,89,216.0,19224.0
2019-01-13,2019011301002368,CZBIL,36,44,305,215.0,65575.0
2019-01-13,2019011301002366,CZBIL,36,22,192,215.0,41280.0
2019-01-13,2019011301002365,CZBIL,6,22,308,215.0,66220.0
2019-01-13,2019011301002225,CZBIL,6,1,692,215.0,148780.0
2019-01-13,2019011301002105,CZBIL,49,1,200,215.0,43000.0
2019-01-13,2019011301002034,CZBIL,28,33,229,214.0,49006.0
2019-01-13,2019011301002158,DBBL,32,28,129,127.0,16383.0
2019-01-13,2019011301002100,DBBL,32,45,240,127.0,30480.0
2019-01-13,2019011301002097,DBBL,32,42,119,127.0,15113.0
2019-01-13,2019011301002473,EBL,13,26,38,533.0,20254.0
2019-01-13,2019011301002472,EBL,17,26,114,533.0,60762.0
2019-01-13,2019011301002371,EBL,41,40,184,535.0,98440.0
2019-01-13,2019011301002370,EBL,41,45,66,535.0,35310.0
2019-01-13,2019011301002271,EBL,17,48,16,533.0,8528.0
2019-01-13,2019011301002224,EBL,17,16,50,533.0,26650.0
2019-01-13,2019011301002112,EIC,25,25,100,850.0,85000.0
2019-01-13,2019011301002257,FMDBL,28,33,30,380.0,11400.0
2019-01-13,2019011301002120,FMDBL,28,45,18,380.0,6840.0
2019-01-13,2019011301002289,GBIME,33,35,30,273.0,8190.0
2019-01-13,2019011301002142,GBIME,57,45,175,271.0,47425.0
2019-01-13,2019011301002355,GBLBS,29,7,10,426.0,4260.0
2019-01-13,2019011301001996,GBLBS,51,7,10,430.0,4300.0
2019-01-13,2019011301001984,GILB,44,42,50,1154.0,57700.0
2019-01-13,2019011301001983,GILB,44,56,19,1154.0,21926.0
2019-01-13,2019011301001982,GILB,44,56,19,1154.0,21926.0
2019-01-13,2019011301001981,GILB,44,44,183,1154.0,211182.0
2019-01-13,2019011301001980,GILB,44,44,50,1150.0,57500.0
2019-01-13,2019011301002413,GLICL,22,58,280,712.0,199360.0
2019-01-13,2019011301002316,GLICL,41,58,20,712.0,14240.0
2019-01-13,2019011301002274,GLICL,55,58,100,712.0,71200.0
2019-01-13,2019011301002094,GMFIL,43,32,20,132.0,2640.0
2019-01-13,2019011301002344,HGI,32,14,100,400.0,40000.0
2019-01-13,2019011301002343,HGI,25,14,100,400.0,40000.0
2019-01-13,2019011301002342,HGI,42,14,200,401.0,80200.0
2019-01-13,2019011301002167,HGI,33,41,150,397.0,59550.0
2019-01-13,2019011301002166,HGI,39,41,100,397.0,39700.0
2019-01-13,2019011301002165,HGI,32,41,100,398.0,39800.0
2019-01-13,2019011301002164,HGI,53,41,50,398.0,19900.0
2019-01-13,2019011301002147,HGI,33,14,174,400.0,69600.0
2019-01-13,2019011301002305,HIDCL,28,26,64,149.0,9536.0
2019-01-13,2019011301002309,HPPL,52,26,10,184.0,1840.0
2019-01-13,2019011301002140,HPPL,52,50,10,184.0,1840.0
2019-01-13,2019011301002129,HPPL,52,50,10,184.0,1840.0
2019-01-13,2019011301002058,HPPL,52,42,10,184.0,1840.0
2019-01-13,2019011301002453,IGI,43,26,50,461.0,23050.0
2019-01-13,2019011301002192,JBBL,49,28,17,137.0,2329.0
2019-01-13,2019011301002163,JBBL,49,28,16,137.0,2192.0
2019-01-13,2019011301002401,JBNL,13,39,513,166.0,85158.0
2019-01-13,2019011301002400,JBNL,46,39,10,166.0,1660.0
2019-01-13,2019011301002399,JBNL,57,39,73,166.0,12118.0
2019-01-13,2019011301002398,JBNL,46,39,200,167.0,33400.0
2019-01-13,2019011301002212,JBNL,57,28,427,166.0,70882.0
2019-01-13,2019011301002211,JBNL,42,28,100,166.0,16600.0
2019-01-13,2019011301002114,JBNL,4,28,259,167.0,43253.0
2019-01-13,2019011301002096,JBNL,10,13,168,168.0,28224.0
2019-01-13,2019011301002210,JBNL,7,28,400,167.0,66800.0
2019-01-13,2019011301002209,JBNL,40,28,1073,167.0,179191.0
2019-01-13,2019011301002201,JBNL,40,28,84,167.0,14028.0
2019-01-13,2019011301002184,JBNL,40,41,843,167.0,140781.0
2019-01-13,2019011301002183,JBNL,4,41,657,167.0,109719.0
2019-01-13,2019011301002169,JBNL,4,28,84,167.0,14028.0
2019-01-13,2019011301002098,JEFL,32,7,5225,124.0,647900.0
2019-01-13,2019011301002075,JEFL,49,13,1040,126.0,131040.0
2019-01-13,2019011301001999,JFL,17,50,150,173.0,25950.0
2019-01-13,2019011301002013,JSLBB,33,48,14,2650.0,37100.0
2019-01-13,2019011301002421,KBL,33,39,476,252.0,119952.0
2019-01-13,2019011301002420,KBL,52,39,1000,252.0,252000.0
2019-01-13,2019011301002419,KBL,6,39,18,252.0,4536.0
2019-01-13,2019011301002408,KBL,6,26,107,252.0,26964.0
2019-01-13,2019011301002380,KBL,33,26,100,253.0,25300.0
2019-01-13,2019011301002379,KBL,11,26,30,253.0,7590.0
2019-01-13,2019011301002064,KBL,57,57,109,253.0,27577.0
2019-01-13,2019011301002218,KBL,17,57,300,253.0,75900.0
2019-01-13,2019011301002200,KBL,1,57,300,253.0,75900.0
2019-01-13,2019011301002181,KBL,17,57,350,253.0,88550.0
2019-01-13,2019011301002132,KBL,19,26,475,252.0,119700.0
2019-01-13,2019011301002131,KBL,38,26,425,252.0,107100.0
2019-01-13,2019011301002078,KBL,38,53,50,252.0,12600.0
2019-01-13,2019011301002307,KBL,59,56,920,253.0,232760.0
2019-01-13,2019011301002286,KBL,59,57,80,253.0,20240.0
2019-01-13,2019011301002262,KBL,50,57,220,253.0,55660.0
2019-01-13,2019011301002261,KBL,50,57,30,253.0,7590.0
2019-01-13,2019011301002259,KBL,6,16,175,252.0,44100.0
2019-01-13,2019011301002258,KBL,19,16,25,252.0,6300.0
2019-01-13,2019011301002122,KKHC,34,34,10,96.0,960.0
2019-01-13,2019011301001988,KPCL,34,42,10,100.0,1000.0
2019-01-13,2019011301002070,KPCL,39,39,10,101.0,1010.0
2019-01-13,2019011301002069,KPCL,39,39,10,101.0,1010.0
2019-01-13,2019011301002068,KPCL,39,39,10,101.0,1010.0
2019-01-13,2019011301002066,KPCL,34,42,10,100.0,1000.0
2019-01-13,2019011301002157,KPCL,13,39,10,101.0,1010.0
2019-01-13,2019011301002151,KPCL,39,39,10,101.0,1010.0
2019-01-13,2019011301002150,KPCL,39,39,10,101.0,1010.0
2019-01-13,2019011301002149,KPCL,39,39,10,101.0,1010.0
2019-01-13,2019011301002321,KPCL,13,39,10,101.0,1010.0
2019-01-13,2019011301002314,KPCL,13,39,10,101.0,1010.0
2019-01-13,2019011301002294,KRBL,26,5,100,100.0,10000.0
2019-01-13,2019011301002447,KSBBL,57,57,100,137.0,13700.0
2019-01-13,2019011301002446,KSBBL,26,57,200,137.0,27400.0
2019-01-13,2019011301002445,KSBBL,26,57,100,137.0,13700.0
2019-01-13,2019011301002268,KSBBL,26,16,100,137.0,13700.0
2019-01-13,2019011301002312,LBBL,49,26,440,171.0,75240.0
2019-01-13,2019011301002298,LBL,1,16,200,222.0,44400.0
2019-01-13,2019011301002423,LICN,59,59,50,1676.0,83800.0
2019-01-13,2019011301002207,LICN,59,35,10,1710.0,17100.0
2019-01-13,2019011301002206,LICN,59,34,20,1708.0,34160.0
2019-01-13,2019011301002195,LICN,59,40,20,1690.0,33800.0
2019-01-13,2019011301002194,LICN,59,26,10,1680.0,16800.0
2019-01-13,2019011301002160,LLBS,32,35,24,780.0,18720.0
2019-01-13,2019011301001978,LLBS,57,16,10,795.0,7950.0
2019-01-13,2019011301001977,LLBS,57,42,10,793.0,7930.0
2019-01-13,2019011301002397,MBL,17,5,200,208.0,41600.0
2019-01-13,2019011301002381,MBL,17,5,200,208.0,41600.0
2019-01-13,2019011301002325,MBL,17,16,100,208.0,20800.0
2019-01-13,2019011301002315,MBL,17,16,100,208.0,20800.0
2019-01-13,2019011301002282,MBL,14,25,50,207.0,10350.0
2019-01-13,2019011301002060,MBL,39,5,50,208.0,10400.0
2019-01-13,2019011301002059,MBL,1,5,270,208.0,56160.0
2019-01-13,2019011301002208,MEGA,13,28,31,170.0,5270.0
2019-01-13,2019011301002199,MEGA,13,41,344,170.0,58480.0
2019-01-13,2019011301002198,MEGA,36,41,200,170.0,34000.0
2019-01-13,2019011301002197,MEGA,32,41,700,171.0,119700.0
2019-01-13,2019011301002196,MEGA,26,41,456,171.0,77976.0
2019-01-13,2019011301002171,MEGA,26,28,32,171.0,5472.0
2019-01-13,2019011301002156,MEGA,26,44,12,171.0,2052.0
2019-01-13,2019011301002155,MEGA,26,44,500,171.0,85500.0
2019-01-13,2019011301002154,MEGA,59,44,488,171.0,83448.0
2019-01-13,2019011301002130,MEGA,59,28,457,171.0,78147.0
2019-01-13,2019011301002121,MEGA,49,37,10,172.0,1720.0
2019-01-13,2019011301002062,MEGA,42,37,72,172.0,12384.0
2019-01-13,2019011301002476,MERO,32,45,10,1062.0,10620.0
2019-01-13,2019011301002306,MLBL,49,52,11,168.0,1848.0
2019-01-13,2019011301002133,MNBBL,6,53,80,345.0,27600.0
2019-01-13,2019011301002032,MNBBL,42,34,100,346.0,34600.0
2019-01-13,2019011301002031,MNBBL,42,45,100,346.0,34600.0
2019-01-13,2019011301002139,NABIL,20,3,50,840.0,42000.0
2019-01-13,2019011301002359,NADEP,42,7,10,788.0,7880.0
2019-01-13,2019011301002297,NADEP,38,52,10,787.0,7870.0
2019-01-13,2019011301002061,NADEP,38,7,10,787.0,7870.0
2019-01-13,2019011301002328,NBB,56,26,740,190.0,140600.0
2019-01-13,2019011301002178,NBB,34,48,300,191.0,57300.0
2019-01-13,2019011301002126,NBB,40,48,100,191.0,19100.0
2019-01-13,2019011301002118,NBBL,34,42,17,769.0,13073.0
2019-01-13,2019011301002109,NBBL,34,42,50,769.0,38450.0
2019-01-13,2019011301002392,NBL,58,58,8650,302.0,2612300.0
2019-01-13,2019011301002391,NBL,46,58,500,302.0,151000.0
2019-01-13,2019011301002390,NBL,10,58,200,302.0,60400.0
2019-01-13,2019011301002389,NBL,4,58,200,302.0,60400.0
2019-01-13,2019011301002388,NBL,19,58,50,302.0,15100.0
2019-01-13,2019011301002387,NBL,45,58,100,302.0,30200.0
2019-01-13,2019011301002035,NBL,32,25,1000,304.0,304000.0
2019-01-13,2019011301002026,NBL,55,28,555,305.0,169275.0
2019-01-13,2019011301002017,NBL,55,28,1445,305.0,440725.0
2019-01-13,2019011301002015,NBL,44,28,55,305.0,16775.0
2019-01-13,2019011301002014,NBL,44,34,445,305.0,135725.0
2019-01-13,2019011301001986,NBL,59,34,500,305.0,152500.0
2019-01-13,2019011301002041,NBL,33,25,1000,304.0,304000.0
2019-01-13,2019011301002040,NBL,49,25,1000,304.0,304000.0
2019-01-13,2019011301002039,NBL,50,25,200,304.0,60800.0
2019-01-13,2019011301002038,NBL,13,25,4000,304.0,1216000.0
2019-01-13,2019011301002037,NBL,45,25,1000,304.0,304000.0
2019-01-13,2019011301002036,NBL,41,25,200,304.0,60800.0
2019-01-13,2019011301002047,NBL,45,25,1000,303.0,303000.0
2019-01-13,2019011301002046,NBL,33,25,2000,303.0,606000.0
2019-01-13,2019011301002045,NBL,49,25,5000,303.0,1515000.0
2019-01-13,2019011301002044,NBL,45,25,1000,303.0,303000.0
2019-01-13,2019011301002043,NBL,13,25,500,304.0,152000.0
2019-01-13,2019011301002042,NBL,47,25,350,304.0,106400.0
2019-01-13,2019011301002080,NBL,52,59,1000,304.0,304000.0
2019-01-13,2019011301002079,NBL,3,59,200,304.0,60800.0
2019-01-13,2019011301002051,NBL,14,25,173,303.0,52419.0
2019-01-13,2019011301002050,NBL,5,25,2000,303.0,606000.0
2019-01-13,2019011301002049,NBL,45,25,200,303.0,60600.0
2019-01-13,2019011301002048,NBL,57,25,377,303.0,114231.0
2019-01-13,2019011301002223,NBL,36,58,1000,304.0,304000.0
2019-01-13,2019011301002222,NBL,16,58,700,304.0,212800.0
2019-01-13,2019011301002145,NBL,16,25,300,304.0,91200.0
2019-01-13,2019011301002144,NBL,55,25,500,304.0,152000.0
2019-01-13,2019011301002143,NBL,49,25,200,304.0,60800.0
2019-01-13,2019011301002093,NBL,49,59,3800,304.0,1155200.0
2019-01-13,2019011301002233,NBL,39,58,200,303.0,60600.0
2019-01-13,2019011301002232,NBL,33,58,2000,303.0,606000.0
2019-01-13,2019011301002231,NBL,57,58,100,303.0,30300.0
2019-01-13,2019011301002230,NBL,34,58,100,303.0,30300.0
2019-01-13,2019011301002229,NBL,49,58,2000,303.0,606000.0
2019-01-13,2019011301002228,NBL,14,58,327,303.0,99081.0
2019-01-13,2019011301002239,NBL,46,58,500,303.0,151500.0
2019-01-13,2019011301002238,NBL,49,58,500,303.0,151500.0
2019-01-13,2019011301002237,NBL,51,58,100,303.0,30300.0
2019-01-13,2019011301002236,NBL,48,58,200,303.0,60600.0
2019-01-13,2019011301002235,NBL,52,58,3000,303.0,909000.0
2019-01-13,2019011301002234,NBL,19,58,500,303.0,151500.0
2019-01-13,2019011301002245,NBL,45,58,200,302.0,60400.0
2019-01-13,2019011301002244,NBL,6,58,100,302.0,30200.0
2019-01-13,2019011301002243,NBL,43,58,500,302.0,151000.0
2019-01-13,2019011301002242,NBL,1,58,200,303.0,60600.0
2019-01-13,2019011301002241,NBL,34,58,1000,303.0,303000.0
2019-01-13,2019011301002240,NBL,10,58,40,303.0,12120.0
2019-01-13,2019011301002251,NBL,49,58,4000,302.0,1208000.0
2019-01-13,2019011301002250,NBL,49,58,5000,302.0,1510000.0
2019-01-13,2019011301002249,NBL,38,58,300,302.0,90600.0
2019-01-13,2019011301002248,NBL,45,58,200,302.0,60400.0
2019-01-13,2019011301002247,NBL,26,58,200,302.0,60400.0
2019-01-13,2019011301002246,NBL,38,58,2000,302.0,604000.0
2019-01-13,2019011301002304,NBL,58,58,4533,302.0,1368966.0
2019-01-13,2019011301002303,NBL,6,58,1000,302.0,302000.0
2019-01-13,2019011301002302,NBL,37,58,200,302.0,60400.0
2019-01-13,2019011301002301,NBL,13,58,1267,302.0,382634.0
2019-01-13,2019011301002253,NBL,13,58,733,302.0,221366.0
2019-01-13,2019011301002252,NBL,50,58,5000,302.0,1510000.0
2019-01-13,2019011301002386,NBL,16,58,200,303.0,60600.0
2019-01-13,2019011301002385,NBL,42,58,100,303.0,30300.0
2019-01-13,2019011301002334,NBL,49,25,4967,302.0,1500034.0
2019-01-13,2019011301002330,NBL,49,33,33,302.0,9966.0
2019-01-13,2019011301002329,NBL,58,33,167,302.0,50434.0
2019-01-13,2019011301002308,NBL,58,58,300,302.0,90600.0
2019-01-13,2019011301002384,NCCB,33,51,95,219.0,20805.0
2019-01-13,2019011301002383,NCCB,33,16,105,219.0,22995.0
2019-01-13,2019011301002285,NCCB,11,16,200,219.0,43800.0
2019-01-13,2019011301002284,NCCB,45,16,95,219.0,20805.0
2019-01-13,2019011301002215,NCCB,45,22,12,219.0,2628.0
2019-01-13,2019011301002186,NCCB,45,22,22,219.0,4818.0
2019-01-13,2019011301002170,NCCB,45,22,12,219.0,2628.0
2019-01-13,2019011301002213,NCDB,26,28,36,120.0,4320.0
2019-01-13,2019011301002180,NCDB,26,28,64,120.0,7680.0
2019-01-13,2019011301001997,NGPL,34,10,2164,131.0,283484.0
2019-01-13,2019011301001985,NGPL,37,10,300,133.0,39900.0
2019-01-13,2019011301002065,NHDL,48,41,10,122.0,1220.0
2019-01-13,2019011301002444,NHPC,59,39,300,70.0,21000.0
2019-01-13,2019011301002443,NHPC,59,53,500,70.0,35000.0
2019-01-13,2019011301002442,NHPC,59,32,200,70.0,14000.0
2019-01-13,2019011301002002,NIB,6,42,40,544.0,21760.0
2019-01-13,2019011301002001,NIB,45,42,100,545.0,54500.0
2019-01-13,2019011301002000,NIB,52,42,30,546.0,16380.0
2019-01-13,2019011301001995,NIB,46,7,100,547.0,54700.0
2019-01-13,2019011301001994,NIB,29,7,700,547.0,382900.0
2019-01-13,2019011301001993,NIB,29,7,100,548.0,54800.0
2019-01-13,2019011301001992,NIB,39,7,70,548.0,38360.0
2019-01-13,2019011301001991,NIB,39,7,100,548.0,54800.0
2019-01-13,2019011301001990,NIB,43,7,50,548.0,27400.0
2019-01-13,2019011301001989,NIB,52,7,54,548.0,29592.0
2019-01-13,2019011301002358,NICA,36,6,69,387.0,26703.0
2019-01-13,2019011301002354,NICA,36,6,138,387.0,53406.0
2019-01-13,2019011301002345,NICA,36,6,87,387.0,33669.0
2019-01-13,2019011301002292,NICA,36,28,92,387.0,35604.0
2019-01-13,2019011301002146,NICA,41,28,59,387.0,22833.0
2019-01-13,2019011301002104,NICA,41,48,191,387.0,73917.0
2019-01-13,2019011301002103,NICA,14,48,100,387.0,38700.0
2019-01-13,2019011301002448,NIL,34,25,500,533.0,266500.0
2019-01-13,2019011301002429,NIL,34,1,205,533.0,109265.0
2019-01-13,2019011301002428,NIL,52,1,100,534.0,53400.0
2019-01-13,2019011301002427,NIL,37,1,200,535.0,107000.0
2019-01-13,2019011301002426,NIL,45,1,50,535.0,26750.0
2019-01-13,2019011301002425,NIL,22,1,45,535.0,24075.0
2019-01-13,2019011301002290,NIL,22,33,55,535.0,29425.0
2019-01-13,2019011301002351,NLIC,17,49,17,1100.0,18700.0
2019-01-13,2019011301002350,NLIC,17,48,201,1100.0,221100.0
2019-01-13,2019011301002349,NLIC,17,53,15,1100.0,16500.0
2019-01-13,2019011301002077,NLIC,53,38,60,1100.0,66000.0
2019-01-13,2019011301002076,NLIC,52,38,120,1100.0,132000.0
2019-01-13,2019011301002052,NLIC,52,11,85,1100.0,93500.0
2019-01-13,2019011301002006,NLIC,52,7,15,1100.0,16500.0
2019-01-13,2019011301002005,NLIC,55,7,100,1100.0,110000.0
2019-01-13,2019011301002004,NLIC,42,7,58,1101.0,63858.0
2019-01-13,2019011301002377,NMB,41,26,183,325.0,59475.0
2019-01-13,2019011301002376,NMB,42,26,17,325.0,5525.0
2019-01-13,2019011301002296,NMB,29,38,187,326.0,60962.0
2019-01-13,2019011301002288,NMB,42,16,100,325.0,32500.0
2019-01-13,2019011301002363,NSEWA,39,7,10,574.0,5740.0
2019-01-13,2019011301002074,NUBL,32,53,10,770.0,7700.0
2019-01-13,2019011301002451,PCBL,45,11,500,331.0,165500.0
2019-01-13,2019011301002450,PCBL,49,11,85,331.0,28135.0
2019-01-13,2019011301002324,PCBL,49,11,415,331.0,137365.0
2019-01-13,2019011301002277,PCBL,49,43,500,331.0,165500.0
2019-01-13,2019011301002276,PCBL,53,43,500,331.0,165500.0
2019-01-13,2019011301002275,PCBL,39,43,500,331.0,165500.0
2019-01-13,2019011301002141,PCBL,6,28,85,333.0,28305.0
2019-01-13,2019011301002256,PCBL,55,11,500,332.0,166000.0
2019-01-13,2019011301002255,PCBL,34,11,50,332.0,16600.0
2019-01-13,2019011301002254,PCBL,52,11,36,332.0,11952.0
2019-01-13,2019011301002214,PCBL,52,22,14,332.0,4648.0
2019-01-13,2019011301002191,PCBL,52,59,50,332.0,16600.0
2019-01-13,2019011301002172,PCBL,57,16,200,333.0,66600.0
2019-01-13,2019011301002113,PFL,19,53,10,135.0,1350.0
2019-01-13,2019011301002417,PLIC,58,37,50,500.0,25000.0
2019-01-13,2019011301002416,PLIC,6,37,50,500.0,25000.0
2019-01-13,2019011301002415,PLIC,45,37,30,501.0,15030.0
2019-01-13,2019011301002333,PMHPL,13,26,10,109.0,1090.0
2019-01-13,2019011301002310,PMHPL,13,52,10,109.0,1090.0
2019-01-13,2019011301002382,PRVU,17,43,56,245.0,13720.0
2019-01-13,2019011301002375,PRVU,17,43,144,245.0,35280.0
2019-01-13,2019011301002374,PRVU,17,5,206,245.0,50470.0
2019-01-13,2019011301002332,PRVU,17,5,350,245.0,85750.0
2019-01-13,2019011301002322,PRVU,17,5,350,245.0,85750.0
2019-01-13,2019011301002311,PRVU,17,5,350,245.0,85750.0
2019-01-13,2019011301002177,PRVU,59,16,200,244.0,48800.0
2019-01-13,2019011301002117,PRVU,44,5,2700,245.0,661500.0
2019-01-13,2019011301002116,PRVU,44,45,100,245.0,24500.0
2019-01-13,2019011301002115,PRVU,44,39,200,245.0,49000.0
2019-01-13,2019011301002030,PRVU,59,33,115,244.0,28060.0
2019-01-13,2019011301002107,RADHI,13,53,11,163.0,1793.0
2019-01-13,2019011301002220,RBCLPO,38,33,10,8850.0,88500.0
2019-01-13,2019011301002313,RLFL,45,52,20,117.0,2340.0
2019-01-13,2019011301002266,RRHP,58,33,10,101.0,1010.0
2019-01-13,2019011301002265,RRHP,38,33,10,101.0,1010.0
2019-01-13,2019011301002372,SANIMA,32,26,83,306.0,25398.0
2019-01-13,2019011301002227,SANIMA,32,6,174,306.0,53244.0
2019-01-13,2019011301002226,SANIMA,32,26,200,306.0,61200.0
2019-01-13,2019011301002287,SBL,33,42,30,293.0,8790.0
2019-01-13,2019011301002137,SBL,26,42,69,293.0,20217.0
2019-01-13,2019011301002361,SCB,41,25,215,588.0,126420.0
2019-01-13,2019011301002360,SCB,28,25,175,590.0,103250.0
2019-01-13,2019011301002340,SCB,41,26,59,588.0,34692.0
2019-01-13,2019011301002339,SCB,20,26,100,589.0,58900.0
2019-01-13,2019011301002338,SCB,26,26,31,590.0,18290.0
2019-01-13,2019011301002021,SCB,14,7,20,591.0,11820.0
2019-01-13,2019011301002020,SCB,45,7,20,591.0,11820.0
2019-01-13,2019011301002019,SCB,56,7,10,591.0,5910.0
2019-01-13,2019011301002025,SCB,26,7,69,590.0,40710.0
2019-01-13,2019011301002024,SCB,29,7,50,590.0,29500.0
2019-01-13,2019011301002023,SCB,13,7,93,590.0,54870.0
2019-01-13,2019011301002022,SCB,11,7,50,590.0,29500.0
2019-01-13,2019011301002405,SDESI,50,43,100,611.0,61100.0
2019-01-13,2019011301002404,SDESI,29,43,89,611.0,54379.0
2019-01-13,2019011301002403,SDESI,41,43,100,612.0,61200.0
2019-01-13,2019011301002402,SDESI,34,43,40,613.0,24520.0
2019-01-13,2019011301002364,SICL,34,25,28,926.0,25928.0
2019-01-13,2019011301002356,SICL,34,14,29,926.0,26854.0
2019-01-13,2019011301002378,SLBBL,25,58,420,536.0,225120.0
2019-01-13,2019011301002348,SLICL,1,14,76,562.0,42712.0
2019-01-13,2019011301002347,SLICL,58,14,13,562.0,7306.0
2019-01-13,2019011301002326,SLICL,29,28,15,563.0,8445.0
2019-01-13,2019011301002367,SRBL,55,26,33,214.0,7062.0
2019-01-13,2019011301002320,SRBL,53,16,1000,215.0,215000.0
2019-01-13,2019011301002319,SRBL,54,16,100,215.0,21500.0
2019-01-13,2019011301002318,SRBL,51,16,122,215.0,26230.0
2019-01-13,2019011301002217,SRBL,51,57,36,215.0,7740.0
2019-01-13,2019011301002216,SRBL,33,57,24,216.0,5184.0
2019-01-13,2019011301002028,SRBL,33,33,1176,216.0,254016.0
2019-01-13,2019011301002317,UFL,17,26,40,165.0,6600.0
2019-01-13,2019011301002475,UPPER,57,13,50,224.0,11200.0
2019-01-13,2019011301002474,UPPER,57,17,50,224.0,11200.0
2019-01-13,2019011301002471,UPPER,57,41,40,224.0,8960.0
2019-01-13,2019011301002454,UPPER,57,41,40,224.0,8960.0
2019-01-13,2019011301002452,UPPER,57,41,40,224.0,8960.0
2019-01-13,2019011301001998,UPPER,29,17,40,224.0,8960.0
2019-01-13,2019011301001987,UPPER,29,17,50,224.0,11200.0
2019-01-13,2019011301001979,UPPER,29,17,50,224.0,11200.0
2019-01-13,2019011301002018,UPPER,29,22,50,224.0,11200.0
2019-01-13,2019011301002016,UPPER,29,41,50,224.0,11200.0
2019-01-13,2019011301002012,UPPER,29,38,50,224.0,11200.0
2019-01-13,2019011301002011,UPPER,29,22,40,224.0,8960.0
2019-01-13,2019011301002009,UPPER,29,41,50,224.0,11200.0
2019-01-13,2019011301002003,UPPER,29,38,40,224.0,8960.0
2019-01-13,2019011301002063,UPPER,29,17,40,224.0,8960.0
2019-01-13,2019011301002054,UPPER,29,45,50,224.0,11200.0
2019-01-13,2019011301002053,UPPER,29,7,50,224.0,11200.0
2019-01-13,2019011301002033,UPPER,29,45,50,224.0,11200.0
2019-01-13,2019011301002029,UPPER,29,41,40,224.0,8960.0
2019-01-13,2019011301002027,UPPER,29,22,40,224.0,8960.0
2019-01-13,2019011301002073,UPPER,44,17,50,224.0,11200.0
2019-01-13,2019011301002067,UPPER,29,17,40,224.0,8960.0
2019-01-13,2019011301002106,UPPER,57,41,40,224.0,8960.0
2019-01-13,2019011301002099,UPPER,57,16,40,224.0,8960.0
2019-01-13,2019011301002095,UPPER,57,17,50,224.0,11200.0
2019-01-13,2019011301002092,UPPER,57,17,40,224.0,8960.0
2019-01-13,2019011301002091,UPPER,44,17,10,224.0,2240.0
2019-01-13,2019011301002088,UPPER,44,45,40,224.0,8960.0
2019-01-13,2019011301002152,UPPER,57,20,40,224.0,8960.0
2019-01-13,2019011301002138,UPPER,57,17,40,224.0,8960.0
2019-01-13,2019011301002267,UPPER,57,29,50,224.0,11200.0
2019-01-13,2019011301002260,UPPER,57,17,40,224.0,8960.0
2019-01-13,2019011301002193,UPPER,57,58,20,224.0,4480.0
2019-01-13,2019011301002168,UPPER,57,45,50,224.0,11200.0
2019-01-13,2019011301002161,UPPER,57,16,40,224.0,8960.0
2019-01-13,2019011301002159,UPPER,57,20,40,224.0,8960.0
2019-01-13,2019011301002300,UPPER,57,57,40,224.0,8960.0
2019-01-13,2019011301002295,UPPER,57,39,50,224.0,11200.0
2019-01-13,2019011301002291,UPPER,57,39,50,224.0,11200.0
2019-01-13,2019011301002283,UPPER,57,34,40,224.0,8960.0
2019-01-13,2019011301002281,UPPER,57,34,40,224.0,8960.0
2019-01-13,2019011301002272,UPPER,57,34,40,224.0,8960.0
2019-01-13,2019011301002341,UPPER,57,29,40,224.0,8960.0
2019-01-13,2019011301002335,UPPER,57,29,40,224.0,8960.0
2019-01-13,2019011301002331,UPPER,57,29,40,224.0,8960.0
2019-01-13,2019011301002327,UPPER,57,29,40,224.0,8960.0
2019-01-13,2019011301002449,UPPER,57,29,40,224.0,8960.0
2019-01-13,2019011301002418,UPPER,57,20,40,224.0,8960.0
2019-01-13,2019011301002362,UPPER,57,32,50,224.0,11200.0
2019-01-13,2019011301002357,UPPER,57,29,50,224.0,11200.0
2019-01-13,2019011301002346,UPPER,57,29,40,224.0,8960.0
2019-01-13,2019011301002153,WOMI,58,6,100,1061.0,106100.0
2019-01-13,2019011301002128,WOMI,58,17,36,1061.0,38196.0
2019-01-13,2019011301002127,WOMI,37,17,14,1061.0,14854.0
2019-01-13,2019011301000971,ADBL,40,49,23,353.0,8119.0
2019-01-13,2019011301000970,ADBL,40,49,27,353.0,9531.0
2019-01-13,2019011301000886,ADBL,40,45,370,353.0,130610.0
2019-01-13,2019011301000885,ADBL,40,34,253,353.0,89309.0
2019-01-13,2019011301000831,ADBL,57,34,162,353.0,57186.0
2019-01-13,2019011301000830,ADBL,57,43,500,353.0,176500.0
2019-01-13,2019011301000532,ADBL,29,3,120,352.0,42240.0
2019-01-13,2019011301000514,ADBL,49,43,650,352.0,228800.0
2019-01-13,2019011301000513,ADBL,7,43,500,352.0,176000.0
2019-01-13,2019011301000512,ADBL,42,43,65,352.0,22880.0
2019-01-13,2019011301000504,ADBL,42,25,76,352.0,26752.0
2019-01-13,2019011301000502,ADBL,42,50,300,352.0,105600.0
2019-01-13,2019011301000673,ADBL,7,50,42,352.0,14784.0
2019-01-13,2019011301000588,ADBL,7,44,72,352.0,25344.0
2019-01-13,2019011301000587,ADBL,7,45,386,352.0,135872.0
2019-01-13,2019011301000580,ADBL,39,45,14,352.0,4928.0
2019-01-13,2019011301000548,ADBL,39,45,10,352.0,3520.0
2019-01-13,2019011301000534,ADBL,29,45,30,352.0,10560.0
2019-01-13,2019011301000757,ADBL,57,57,342,353.0,120726.0
2019-01-13,2019011301000756,ADBL,57,34,200,353.0,70600.0
2019-01-13,2019011301000750,ADBL,25,52,10,352.0,3520.0
2019-01-13,2019011301000746,ADBL,25,37,41,352.0,14432.0
2019-01-13,2019011301000689,ADBL,25,20,49,352.0,17248.0
2019-01-13,2019011301000674,ADBL,25,50,103,352.0,36256.0
2019-01-13,2019011301000816,ADBL,25,43,235,352.0,82720.0
2019-01-13,2019011301000769,ADBL,25,37,32,352.0,11264.0
2019-01-13,2019011301000762,ADBL,25,42,144,352.0,50688.0
2019-01-13,2019011301000760,ADBL,57,25,96,353.0,33888.0
2019-01-13,2019011301000759,ADBL,57,28,500,353.0,176500.0
2019-01-13,2019011301000758,ADBL,57,16,200,353.0,70600.0
2019-01-13,2019011301000782,AKJCL,45,41,10,93.0,930.0
2019-01-13,2019011301000685,AKJCL,45,42,20,93.0,1860.0
2019-01-13,2019011301000921,ALICL,33,45,10,618.0,6180.0
2019-01-13,2019011301000763,API,39,41,28,152.0,4256.0
2019-01-13,2019011301000825,BOKL,28,32,195,332.0,64740.0
2019-01-13,2019011301000799,BOKL,28,58,55,332.0,18260.0
2019-01-13,2019011301000795,BOKL,41,58,50,332.0,16600.0
2019-01-13,2019011301000794,BOKL,47,58,200,332.0,66400.0
2019-01-13,2019011301000793,BOKL,42,58,1100,332.0,365200.0
2019-01-13,2019011301000789,BOKL,42,58,200,332.0,66400.0
2019-01-13,2019011301000633,BOKL,45,58,150,334.0,50100.0
2019-01-13,2019011301000621,BOKL,28,41,10,333.0,3330.0
2019-01-13,2019011301000549,BOKL,41,37,313,333.0,104229.0
2019-01-13,2019011301000510,BOKL,35,37,675,333.0,224775.0
2019-01-13,2019011301000509,BOKL,26,50,300,332.0,99600.0
2019-01-13,2019011301000489,BOKL,26,1,300,332.0,99600.0
2019-01-13,2019011301000788,BOKL,6,58,100,332.0,33200.0
2019-01-13,2019011301000787,BOKL,47,58,50,332.0,16600.0
2019-01-13,2019011301000717,BOKL,42,19,10,333.0,3330.0
2019-01-13,2019011301000690,BOKL,45,50,65,333.0,21645.0
2019-01-13,2019011301000656,BOKL,45,39,35,333.0,11655.0
2019-01-13,2019011301000655,BOKL,28,39,65,333.0,21645.0
2019-01-13,2019011301000798,BPCL,41,41,10,370.0,3700.0
2019-01-13,2019011301000592,CCBL,17,45,67,170.0,11390.0
2019-01-13,2019011301000493,CCBL,17,45,67,170.0,11390.0
2019-01-13,2019011301000843,CZBIL,57,40,100,214.0,21400.0
2019-01-13,2019011301000546,CZBIL,35,40,300,214.0,64200.0
2019-01-13,2019011301000925,DBBL,6,29,260,126.0,32760.0
2019-01-13,2019011301000924,DBBL,26,29,100,126.0,12600.0
2019-01-13,2019011301000923,DBBL,25,29,200,127.0,25400.0
2019-01-13,2019011301000892,GBIME,43,55,32,268.0,8576.0
2019-01-13,2019011301000891,GBIME,56,55,36,268.0,9648.0
2019-01-13,2019011301000631,GBIME,56,41,60,270.0,16200.0
2019-01-13,2019011301000630,GBIME,56,33,33,270.0,8910.0
2019-01-13,2019011301000522,GBLBS,5,45,10,430.0,4300.0
2019-01-13,2019011301000578,GDBL,13,39,300,187.0,56100.0
2019-01-13,2019011301000965,GLICL,50,56,100,712.0,71200.0
2019-01-13,2019011301000671,GRDBL,26,22,100,108.0,10800.0
2019-01-13,2019011301000670,GRDBL,26,22,100,109.0,10900.0
2019-01-13,2019011301000852,HIDCL,11,20,50,149.0,7450.0
2019-01-13,2019011301000506,HIDCL,10,32,55,149.0,8195.0
2019-01-13,2019011301000773,JBNL,48,45,100,168.0,16800.0
2019-01-13,2019011301000772,JBNL,48,45,31,168.0,5208.0
2019-01-13,2019011301000945,KBL,5,46,2000,255.0,510000.0
2019-01-13,2019011301000944,KBL,41,46,300,255.0,76500.0
2019-01-13,2019011301000943,KBL,49,46,150,255.0,38250.0
2019-01-13,2019011301000942,KBL,59,46,100,255.0,25500.0
2019-01-13,2019011301000941,KBL,19,46,1000,255.0,255000.0
2019-01-13,2019011301000940,KBL,1,46,2000,255.0,510000.0
2019-01-13,2019011301000571,KBL,34,58,402,254.0,102108.0
2019-01-13,2019011301000533,KBL,57,58,100,254.0,25400.0
2019-01-13,2019011301000479,KBL,57,45,100,254.0,25400.0
2019-01-13,2019011301000753,KBL,48,6,100,256.0,25600.0
2019-01-13,2019011301000718,KBL,34,6,500,256.0,128000.0
2019-01-13,2019011301000697,KBL,52,4,600,256.0,153600.0
2019-01-13,2019011301000696,KBL,52,5,80,256.0,20480.0
2019-01-13,2019011301000652,KBL,34,19,100,255.0,25500.0
2019-01-13,2019011301000651,KBL,34,44,500,255.0,127500.0
2019-01-13,2019011301000938,KBL,52,50,300,256.0,76800.0
2019-01-13,2019011301000926,KBL,49,50,200,256.0,51200.0
2019-01-13,2019011301000901,KBL,34,34,3948,256.0,1010688.0
2019-01-13,2019011301000900,KBL,34,42,400,256.0,102400.0
2019-01-13,2019011301000899,KBL,34,34,900,256.0,230400.0
2019-01-13,2019011301000836,KBL,48,34,100,256.0,25600.0
2019-01-13,2019011301000874,KKHC,29,56,10,96.0,960.0
2019-01-13,2019011301000804,KPCL,45,41,10,100.0,1000.0
2019-01-13,2019011301000936,LBBL,38,5,27,174.0,4698.0
2019-01-13,2019011301000935,LBBL,38,57,23,173.0,3979.0
2019-01-13,2019011301000906,LBBL,36,32,32,171.0,5472.0
2019-01-13,2019011301000668,LBBL,14,57,80,173.0,13840.0
2019-01-13,2019011301000604,LBBL,56,56,1360,172.0,233920.0
2019-01-13,2019011301000676,LBL,45,25,190,221.0,41990.0
2019-01-13,2019011301000675,LBL,43,25,154,222.0,34188.0
2019-01-13,2019011301000527,LBL,43,25,46,222.0,10212.0
2019-01-13,2019011301000952,MEGA,26,52,32,172.0,5504.0
2019-01-13,2019011301000951,MEGA,26,52,22,172.0,3784.0
2019-01-13,2019011301000908,MEGA,26,45,39,172.0,6708.0
2019-01-13,2019011301000907,MEGA,26,45,39,172.0,6708.0
2019-01-13,2019011301000861,MEGA,59,20,55,171.0,9405.0
2019-01-13,2019011301000507,MEGA,45,14,200,174.0,34800.0
2019-01-13,2019011301000661,MLBBL,42,52,27,945.0,25515.0
2019-01-13,2019011301000654,MLBL,17,45,11,167.0,1837.0
2019-01-13,2019011301000876,NABIL,37,45,65,850.0,55250.0
2019-01-13,2019011301000613,NABIL,28,3,11,851.0,9361.0
2019-01-13,2019011301000811,NADEP,22,41,10,785.0,7850.0
2019-01-13,2019011301000770,NADEP,22,41,10,785.0,7850.0
2019-01-13,2019011301000519,NADEP,38,38,10,781.0,7810.0
2019-01-13,2019011301000917,NBB,35,22,210,190.0,39900.0
2019-01-13,2019011301000916,NBB,25,22,500,190.0,95000.0
2019-01-13,2019011301000915,NBB,6,22,100,190.0,19000.0
2019-01-13,2019011301000914,NBB,45,22,240,190.0,45600.0
2019-01-13,2019011301000913,NBB,56,22,450,190.0,85500.0
2019-01-13,2019011301000889,NBB,58,45,50,191.0,9550.0
2019-01-13,2019011301000747,NBB,25,45,110,191.0,21010.0
2019-01-13,2019011301000963,NBL,13,28,100,304.0,30400.0
2019-01-13,2019011301000957,NBL,13,28,500,304.0,152000.0
2019-01-13,2019011301000956,NBL,53,28,200,304.0,60800.0
2019-01-13,2019011301000955,NBL,55,28,500,304.0,152000.0
2019-01-13,2019011301000954,NBL,16,28,87,304.0,26448.0
2019-01-13,2019011301000950,NBL,16,28,913,304.0,277552.0
2019-01-13,2019011301000490,NBL,25,44,1000,305.0,305000.0
2019-01-13,2019011301000545,NBL,17,28,200,305.0,61000.0
2019-01-13,2019011301000544,NBL,22,28,700,305.0,213500.0
2019-01-13,2019011301000518,NBL,33,28,1000,305.0,305000.0
2019-01-13,2019011301000517,NBL,33,28,1000,305.0,305000.0
2019-01-13,2019011301000496,NBL,57,44,523,304.0,158992.0
2019-01-13,2019011301000491,NBL,44,44,77,305.0,23485.0
2019-01-13,2019011301000615,NBL,58,57,1000,304.0,304000.0
2019-01-13,2019011301000614,NBL,49,57,2000,304.0,608000.0
2019-01-13,2019011301000602,NBL,28,28,200,305.0,61000.0
2019-01-13,2019011301000583,NBL,34,28,200,305.0,61000.0
2019-01-13,2019011301000576,NBL,34,28,200,305.0,61000.0
2019-01-13,2019011301000573,NBL,34,28,180,305.0,54900.0
2019-01-13,2019011301000635,NBL,57,44,1000,304.0,304000.0
2019-01-13,2019011301000634,NBL,34,44,600,304.0,182400.0
2019-01-13,2019011301000619,NBL,34,57,400,304.0,121600.0
2019-01-13,2019011301000618,NBL,57,57,1000,304.0,304000.0
2019-01-13,2019011301000617,NBL,7,57,500,304.0,152000.0
2019-01-13,2019011301000616,NBL,56,57,100,304.0,30400.0
2019-01-13,2019011301000641,NBL,46,44,900,304.0,273600.0
2019-01-13,2019011301000640,NBL,19,44,100,304.0,30400.0
2019-01-13,2019011301000639,NBL,45,44,1000,304.0,304000.0
2019-01-13,2019011301000638,NBL,49,44,200,304.0,60800.0
2019-01-13,2019011301000637,NBL,57,44,1000,304.0,304000.0
2019-01-13,2019011301000636,NBL,41,44,200,304.0,60800.0
2019-01-13,2019011301000715,NBL,34,28,300,304.0,91200.0
2019-01-13,2019011301000666,NBL,50,28,100,304.0,30400.0
2019-01-13,2019011301000665,NBL,25,28,500,304.0,152000.0
2019-01-13,2019011301000664,NBL,49,28,1500,304.0,456000.0
2019-01-13,2019011301000663,NBL,57,28,100,304.0,30400.0
2019-01-13,2019011301000662,NBL,46,28,100,304.0,30400.0
2019-01-13,2019011301000765,NBL,33,28,1000,304.0,304000.0
2019-01-13,2019011301000764,NBL,49,28,187,304.0,56848.0
2019-01-13,2019011301000728,NBL,49,59,313,304.0,95152.0
2019-01-13,2019011301000727,NBL,49,28,1500,304.0,456000.0
2019-01-13,2019011301000721,NBL,25,28,500,304.0,152000.0
2019-01-13,2019011301000716,NBL,6,28,400,304.0,121600.0
2019-01-13,2019011301000922,NBL,58,22,900,304.0,273600.0
2019-01-13,2019011301000912,NBL,58,22,100,304.0,30400.0
2019-01-13,2019011301000870,NBL,25,28,500,304.0,152000.0
2019-01-13,2019011301000869,NBL,34,28,3455,304.0,1050320.0
2019-01-13,2019011301000849,NBL,34,44,145,304.0,44080.0
2019-01-13,2019011301000766,NBL,55,28,1000,304.0,304000.0
2019-01-13,2019011301000934,NCCB,6,44,500,219.0,109500.0
2019-01-13,2019011301000933,NCCB,45,44,450,219.0,98550.0
2019-01-13,2019011301000932,NCCB,50,44,500,219.0,109500.0
2019-01-13,2019011301000931,NCCB,48,44,1000,219.0,219000.0
2019-01-13,2019011301000930,NCCB,37,44,200,219.0,43800.0
2019-01-13,2019011301000929,NCCB,33,44,1000,219.0,219000.0
2019-01-13,2019011301000928,NCCB,39,44,20,219.0,4380.0
2019-01-13,2019011301000927,NCCB,11,44,500,219.0,109500.0
2019-01-13,2019011301000898,NCCB,45,44,70,220.0,15400.0
2019-01-13,2019011301000872,NCCB,45,44,400,220.0,88000.0
2019-01-13,2019011301000853,NCCB,45,7,500,220.0,110000.0
2019-01-13,2019011301000749,NGPL,45,45,11,133.0,1463.0
2019-01-13,2019011301000499,NGPL,45,43,18,133.0,2394.0
2019-01-13,2019011301000882,NICA,16,16,36977,386.0,14273122.0
2019-01-13,2019011301000555,NICA,56,57,500,383.0,191500.0
2019-01-13,2019011301000554,NICA,14,57,200,384.0,76800.0
2019-01-13,2019011301000553,NICA,56,57,200,385.0,77000.0
2019-01-13,2019011301000552,NICA,14,57,100,386.0,38600.0
2019-01-13,2019011301000500,NICA,6,17,20,390.0,7800.0
2019-01-13,2019011301000530,NLIC,51,53,20,1085.0,21700.0
2019-01-13,2019011301000972,NLICL,7,35,10,714.0,7140.0
2019-01-13,2019011301000911,NMB,47,47,15,326.0,4890.0
2019-01-13,2019011301000819,NMB,53,38,300,323.0,96900.0
2019-01-13,2019011301000800,NMB,58,10,460,322.0,148120.0
2019-01-13,2019011301000693,NMB,29,41,339,321.0,108819.0
2019-01-13,2019011301000653,NMB,53,49,1000,321.0,321000.0
2019-01-13,2019011301000647,NMB,38,49,100,321.0,32100.0
2019-01-13,2019011301000646,NMB,25,49,1000,321.0,321000.0
2019-01-13,2019011301000645,NMB,35,49,200,321.0,64200.0
2019-01-13,2019011301000644,NMB,53,49,200,321.0,64200.0
2019-01-13,2019011301000771,NUBL,52,57,50,770.0,38500.0
2019-01-13,2019011301000949,PCBL,19,44,25,333.0,8325.0
2019-01-13,2019011301000948,PCBL,39,44,13,333.0,4329.0
2019-01-13,2019011301000822,PFL,19,41,12,135.0,1620.0
2019-01-13,2019011301000807,PMHPL,57,40,10,114.0,1140.0
2019-01-13,2019011301000783,PMHPL,39,45,10,114.0,1140.0
2019-01-13,2019011301000739,PRVU,8,42,140,245.0,34300.0
2019-01-13,2019011301000738,PRVU,8,10,396,245.0,97020.0
2019-01-13,2019011301000737,PRVU,8,41,100,245.0,24500.0
2019-01-13,2019011301000515,PRVU,58,39,100,246.0,24600.0
2019-01-13,2019011301000713,RADHI,50,57,11,162.0,1782.0
2019-01-13,2019011301000601,RHPC,19,6,50,100.0,5000.0
2019-01-13,2019011301000521,RHPC,45,6,50,100.0,5000.0
2019-01-13,2019011301000905,RRHP,38,41,10,101.0,1010.0
2019-01-13,2019011301000719,SBL,49,57,200,298.0,59600.0
2019-01-13,2019011301000700,SBL,41,57,600,298.0,178800.0
2019-01-13,2019011301000540,SBL,49,38,200,296.0,59200.0
2019-01-13,2019011301000848,SCB,45,41,10,596.0,5960.0
2019-01-13,2019011301000610,SCB,6,47,50,600.0,30000.0
2019-01-13,2019011301000939,SDESI,34,42,50,615.0,30750.0
2019-01-13,2019011301000818,SDESI,33,17,27,605.0,16335.0
2019-01-13,2019011301000658,SDESI,22,42,41,598.0,24518.0
2019-01-13,2019011301000595,SDESI,22,34,100,610.0,61000.0
2019-01-13,2019011301000565,SDESI,33,29,10,621.0,6210.0
2019-01-13,2019011301000560,SDESI,33,41,14,621.0,8694.0
2019-01-13,2019011301000543,SDESI,33,41,14,621.0,8694.0
2019-01-13,2019011301000539,SDESI,33,41,14,621.0,8694.0
2019-01-13,2019011301000535,SDESI,33,41,14,621.0,8694.0
2019-01-13,2019011301000529,SDESI,33,41,14,621.0,8694.0
2019-01-13,2019011301000742,SKBBL,55,43,34,1089.0,37026.0
2019-01-13,2019011301000682,SKBBL,57,57,957,1088.0,1041216.0
2019-01-13,2019011301000649,SKBBL,42,57,13,1090.0,14170.0
2019-01-13,2019011301000784,SLICL,39,45,14,565.0,7910.0
2019-01-13,2019011301000547,UMHL,17,43,10,120.0,1200.0
2019-01-13,2019011301000976,UPPER,45,29,50,224.0,11200.0
2019-01-13,2019011301000975,UPPER,45,49,20,224.0,4480.0
2019-01-13,2019011301000974,UPPER,48,49,30,224.0,6720.0
2019-01-13,2019011301000973,UPPER,48,37,50,224.0,11200.0
2019-01-13,2019011301000969,UPPER,48,17,50,224.0,11200.0
2019-01-13,2019011301000968,UPPER,48,18,40,224.0,8960.0
2019-01-13,2019011301000482,UPPER,50,52,40,224.0,8960.0
2019-01-13,2019011301000481,UPPER,50,20,40,224.0,8960.0
2019-01-13,2019011301000480,UPPER,50,36,40,224.0,8960.0
2019-01-13,2019011301000478,UPPER,50,20,40,224.0,8960.0
2019-01-13,2019011301000477,UPPER,50,29,40,224.0,8960.0
2019-01-13,2019011301000488,UPPER,45,20,40,224.0,8960.0
2019-01-13,2019011301000487,UPPER,50,40,50,224.0,11200.0
2019-01-13,2019011301000486,UPPER,50,20,40,224.0,8960.0
2019-01-13,2019011301000485,UPPER,50,32,40,224.0,8960.0
2019-01-13,2019011301000484,UPPER,50,20,50,224.0,11200.0
2019-01-13,2019011301000483,UPPER,50,40,50,224.0,11200.0
2019-01-13,2019011301000503,UPPER,45,49,40,224.0,8960.0
2019-01-13,2019011301000501,UPPER,45,20,40,224.0,8960.0
2019-01-13,2019011301000498,UPPER,45,20,50,224.0,11200.0
2019-01-13,2019011301000495,UPPER,45,20,40,224.0,8960.0
2019-01-13,2019011301000494,UPPER,45,59,40,224.0,8960.0
2019-01-13,2019011301000492,UPPER,45,49,50,224.0,11200.0
2019-01-13,2019011301000523,UPPER,45,59,50,224.0,11200.0
2019-01-13,2019011301000520,UPPER,45,20,40,224.0,8960.0
2019-01-13,2019011301000516,UPPER,45,51,40,224.0,8960.0
2019-01-13,2019011301000511,UPPER,45,20,50,224.0,11200.0
2019-01-13,2019011301000508,UPPER,45,20,40,224.0,8960.0
2019-01-13,2019011301000505,UPPER,45,20,50,224.0,11200.0
2019-01-13,2019011301000536,UPPER,45,36,50,224.0,11200.0
2019-01-13,2019011301000531,UPPER,45,20,50,224.0,11200.0
2019-01-13,2019011301000528,UPPER,45,20,50,224.0,11200.0
2019-01-13,2019011301000526,UPPER,45,33,50,224.0,11200.0
2019-01-13,2019011301000525,UPPER,45,49,50,224.0,11200.0
2019-01-13,2019011301000524,UPPER,45,51,50,224.0,11200.0
2019-01-13,2019011301000551,UPPER,48,36,50,224.0,11200.0
2019-01-13,2019011301000550,UPPER,48,20,40,224.0,8960.0
2019-01-13,2019011301000542,UPPER,48,20,10,224.0,2240.0
2019-01-13,2019011301000541,UPPER,45,20,40,224.0,8960.0
2019-01-13,2019011301000538,UPPER,45,57,50,224.0,11200.0
2019-01-13,2019011301000537,UPPER,45,20,40,224.0,8960.0
2019-01-13,2019011301000562,UPPER,48,20,40,224.0,8960.0
2019-01-13,2019011301000561,UPPER,48,46,50,224.0,11200.0
2019-01-13,2019011301000559,UPPER,48,16,40,224.0,8960.0
2019-01-13,2019011301000558,UPPER,48,49,40,224.0,8960.0
2019-01-13,2019011301000557,UPPER,48,10,40,224.0,8960.0
2019-01-13,2019011301000556,UPPER,48,20,40,224.0,8960.0
2019-01-13,2019011301000569,UPPER,48,29,40,224.0,8960.0
2019-01-13,2019011301000568,UPPER,48,36,50,224.0,11200.0
2019-01-13,2019011301000567,UPPER,48,20,40,224.0,8960.0
2019-01-13,2019011301000566,UPPER,48,22,50,224.0,11200.0
2019-01-13,2019011301000564,UPPER,48,10,50,224.0,11200.0
2019-01-13,2019011301000563,UPPER,48,37,40,224.0,8960.0
2019-01-13,2019011301000579,UPPER,48,45,50,224.0,11200.0
2019-01-13,2019011301000577,UPPER,48,29,50,224.0,11200.0
2019-01-13,2019011301000575,UPPER,48,20,50,224.0,11200.0
2019-01-13,2019011301000574,UPPER,48,58,40,224.0,8960.0
2019-01-13,2019011301000572,UPPER,48,37,50,224.0,11200.0
2019-01-13,2019011301000570,UPPER,48,10,40,224.0,8960.0
2019-01-13,2019011301000589,UPPER,56,55,50,224.0,11200.0
2019-01-13,2019011301000586,UPPER,56,58,40,224.0,8960.0
2019-01-13,2019011301000585,UPPER,56,20,40,224.0,8960.0
2019-01-13,2019011301000584,UPPER,48,20,10,224.0,2240.0
2019-01-13,2019011301000582,UPPER,48,37,50,224.0,11200.0
2019-01-13,2019011301000581,UPPER,48,58,40,224.0,8960.0
2019-01-13,2019011301000597,UPPER,56,29,50,224.0,11200.0
2019-01-13,2019011301000596,UPPER,56,17,40,224.0,8960.0
2019-01-13,2019011301000594,UPPER,56,58,40,224.0,8960.0
2019-01-13,2019011301000593,UPPER,56,14,50,224.0,11200.0
2019-01-13,2019011301000591,UPPER,56,34,40,224.0,8960.0
2019-01-13,2019011301000590,UPPER,56,29,40,224.0,8960.0
2019-01-13,2019011301000606,UPPER,6,58,10,224.0,2240.0
2019-01-13,2019011301000605,UPPER,6,37,40,224.0,8960.0
2019-01-13,2019011301000603,UPPER,6,29,50,224.0,11200.0
2019-01-13,2019011301000600,UPPER,56,45,15,224.0,3360.0
2019-01-13,2019011301000599,UPPER,56,58,40,224.0,8960.0
2019-01-13,2019011301000598,UPPER,56,37,50,224.0,11200.0
2019-01-13,2019011301000620,UPPER,34,29,50,224.0,11200.0
2019-01-13,2019011301000612,UPPER,34,29,50,224.0,11200.0
2019-01-13,2019011301000611,UPPER,34,29,50,224.0,11200.0
2019-01-13,2019011301000609,UPPER,34,29,30,224.0,6720.0
2019-01-13,2019011301000608,UPPER,45,29,20,224.0,4480.0
2019-01-13,2019011301000607,UPPER,45,58,30,224.0,6720.0
2019-01-13,2019011301000627,UPPER,34,5,40,224.0,8960.0
2019-01-13,2019011301000626,UPPER,34,37,40,224.0,8960.0
2019-01-13,2019011301000625,UPPER,34,36,50,224.0,11200.0
2019-01-13,2019011301000624,UPPER,34,29,40,224.0,8960.0
2019-01-13,2019011301000623,UPPER,34,49,50,224.0,11200.0
2019-01-13,2019011301000622,UPPER,34,37,50,224.0,11200.0
2019-01-13,2019011301000648,UPPER,34,41,40,224.0,8960.0
2019-01-13,2019011301000643,UPPER,34,19,50,224.0,11200.0
2019-01-13,2019011301000642,UPPER,34,36,40,224.0,8960.0
2019-01-13,2019011301000632,UPPER,34,29,50,224.0,11200.0
2019-01-13,2019011301000629,UPPER,34,29,40,224.0,8960.0
2019-01-13,2019011301000628,UPPER,34,29,40,224.0,8960.0
2019-01-13,2019011301000669,UPPER,34,37,40,224.0,8960.0
2019-01-13,2019011301000667,UPPER,34,49,50,224.0,11200.0
2019-01-13,2019011301000660,UPPER,34,59,50,224.0,11200.0
2019-01-13,2019011301000659,UPPER,34,37,50,224.0,11200.0
2019-01-13,2019011301000657,UPPER,34,29,50,224.0,11200.0
2019-01-13,2019011301000650,UPPER,34,50,40,224.0,8960.0
2019-01-13,2019011301000681,UPPER,34,42,50,224.0,11200.0
2019-01-13,2019011301000680,UPPER,34,29,40,224.0,8960.0
2019-01-13,2019011301000679,UPPER,34,37,50,224.0,11200.0
2019-01-13,2019011301000678,UPPER,34,18,50,224.0,11200.0
2019-01-13,2019011301000677,UPPER,34,45,50,224.0,11200.0
2019-01-13,2019011301000672,UPPER,34,37,50,224.0,11200.0
2019-01-13,2019011301000691,UPPER,34,38,40,224.0,8960.0
2019-01-13,2019011301000688,UPPER,34,38,50,224.0,11200.0
2019-01-13,2019011301000687,UPPER,34,18,50,224.0,11200.0
2019-01-13,2019011301000686,UPPER,34,29,40,224.0,8960.0
2019-01-13,2019011301000684,UPPER,34,37,50,224.0,11200.0
2019-01-13,2019011301000683,UPPER,34,38,40,224.0,8960.0
2019-01-13,2019011301000701,UPPER,34,59,40,224.0,8960.0
2019-01-13,2019011301000699,UPPER,34,38,40,224.0,8960.0
2019-01-13,2019011301000698,UPPER,34,10,40,224.0,8960.0
2019-01-13,2019011301000695,UPPER,34,59,40,224.0,8960.0
2019-01-13,2019011301000694,UPPER,34,38,40,224.0,8960.0
2019-01-13,2019011301000692,UPPER,34,29,40,224.0,8960.0
2019-01-13,2019011301000707,UPPER,45,18,30,224.0,6720.0
2019-01-13,2019011301000706,UPPER,34,18,20,224.0,4480.0
2019-01-13,2019011301000705,UPPER,34,29,40,224.0,8960.0
2019-01-13,2019011301000704,UPPER,34,3,50,224.0,11200.0
2019-01-13,2019011301000703,UPPER,34,57,50,224.0,11200.0
2019-01-13,2019011301000702,UPPER,34,5,50,224.0,11200.0
2019-01-13,2019011301000714,UPPER,45,49,40,224.0,8960.0
2019-01-13,2019011301000712,UPPER,45,18,50,224.0,11200.0
2019-01-13,2019011301000711,UPPER,45,38,50,224.0,11200.0
2019-01-13,2019011301000710,UPPER,45,29,50,224.0,11200.0
2019-01-13,2019011301000709,UPPER,45,58,40,224.0,8960.0
2019-01-13,2019011301000708,UPPER,45,38,40,224.0,8960.0
2019-01-13,2019011301000726,UPPER,40,17,10,224.0,2240.0
2019-01-13,2019011301000725,UPPER,45,17,40,224.0,8960.0
2019-01-13,2019011301000724,UPPER,45,29,40,224.0,8960.0
2019-01-13,2019011301000723,UPPER,45,59,40,224.0,8960.0
2019-01-13,2019011301000722,UPPER,45,18,40,224.0,8960.0
2019-01-13,2019011301000720,UPPER,45,49,40,224.0,8960.0
2019-01-13,2019011301000734,UPPER,44,18,50,224.0,11200.0
2019-01-13,2019011301000733,UPPER,44,36,30,224.0,6720.0
2019-01-13,2019011301000732,UPPER,39,36,10,224.0,2240.0
2019-01-13,2019011301000731,UPPER,39,49,40,224.0,8960.0
2019-01-13,2019011301000730,UPPER,39,29,50,224.0,11200.0
2019-01-13,2019011301000729,UPPER,40,51,40,224.0,8960.0
2019-01-13,2019011301000744,UPPER,44,36,40,224.0,8960.0
2019-01-13,2019011301000743,UPPER,44,29,40,224.0,8960.0
2019-01-13,2019011301000741,UPPER,44,41,20,224.0,4480.0
2019-01-13,2019011301000740,UPPER,44,49,50,224.0,11200.0
2019-01-13,2019011301000736,UPPER,44,17,40,224.0,8960.0
2019-01-13,2019011301000735,UPPER,44,29,50,224.0,11200.0
2019-01-13,2019011301000755,UPPER,44,29,50,224.0,11200.0
2019-01-13,2019011301000754,UPPER,44,59,40,224.0,8960.0
2019-01-13,2019011301000752,UPPER,44,5,50,224.0,11200.0
2019-01-13,2019011301000751,UPPER,44,49,40,224.0,8960.0
2019-01-13,2019011301000748,UPPER,44,38,50,224.0,11200.0
2019-01-13,2019011301000745,UPPER,44,59,40,224.0,8960.0
2019-01-13,2019011301000776,UPPER,44,45,40,224.0,8960.0
2019-01-13,2019011301000775,UPPER,44,38,50,224.0,11200.0
2019-01-13,2019011301000774,UPPER,44,29,40,224.0,8960.0
2019-01-13,2019011301000768,UPPER,44,29,50,224.0,11200.0
2019-01-13,2019011301000767,UPPER,44,49,50,224.0,11200.0
2019-01-13,2019011301000761,UPPER,44,36,50,224.0,11200.0
2019-01-13,2019011301000785,UPPER,34,18,40,224.0,8960.0
2019-01-13,2019011301000781,UPPER,34,29,50,224.0,11200.0
2019-01-13,2019011301000780,UPPER,34,38,10,224.0,2240.0
2019-01-13,2019011301000779,UPPER,44,38,40,224.0,8960.0
2019-01-13,2019011301000778,UPPER,44,49,50,224.0,11200.0
2019-01-13,2019011301000777,UPPER,44,34,40,224.0,8960.0
2019-01-13,2019011301000797,UPPER,48,18,50,224.0,11200.0
2019-01-13,2019011301000796,UPPER,48,29,50,224.0,11200.0
2019-01-13,2019011301000792,UPPER,48,38,30,224.0,6720.0
2019-01-13,2019011301000791,UPPER,34,38,20,224.0,4480.0
2019-01-13,2019011301000790,UPPER,34,49,40,224.0,8960.0
2019-01-13,2019011301000786,UPPER,34,34,40,224.0,8960.0
2019-01-13,2019011301000806,UPPER,48,34,40,224.0,8960.0
2019-01-13,2019011301000805,UPPER,48,49,40,224.0,8960.0
2019-01-13,2019011301000803,UPPER,48,29,50,224.0,11200.0
2019-01-13,2019011301000802,UPPER,48,18,40,224.0,8960.0
2019-01-13,2019011301000801,UPPER,48,38,40,224.0,8960.0
2019-01-13,2019011301000814,UPPER,48,49,40,224.0,8960.0
2019-01-13,2019011301000813,UPPER,48,20,50,224.0,11200.0
2019-01-13,2019011301000812,UPPER,48,50,50,224.0,11200.0
2019-01-13,2019011301000810,UPPER,48,29,50,224.0,11200.0
2019-01-13,2019011301000809,UPPER,48,18,40,224.0,8960.0
2019-01-13,2019011301000808,UPPER,48,18,40,224.0,8960.0
2019-01-13,2019011301000824,UPPER,48,40,50,224.0,11200.0
2019-01-13,2019011301000823,UPPER,48,49,50,224.0,11200.0
2019-01-13,2019011301000821,UPPER,48,29,50,224.0,11200.0
2019-01-13,2019011301000820,UPPER,48,18,50,224.0,11200.0
2019-01-13,2019011301000817,UPPER,48,18,50,224.0,11200.0
2019-01-13,2019011301000815,UPPER,48,29,50,224.0,11200.0
2019-01-13,2019011301000833,UPPER,48,29,50,224.0,11200.0
2019-01-13,2019011301000832,UPPER,48,29,50,224.0,11200.0
2019-01-13,2019011301000829,UPPER,48,13,40,224.0,8960.0
2019-01-13,2019011301000828,UPPER,48,13,10,224.0,2240.0
2019-01-13,2019011301000827,UPPER,48,18,40,224.0,8960.0
2019-01-13,2019011301000826,UPPER,48,18,40,224.0,8960.0
2019-01-13,2019011301000840,UPPER,48,29,40,224.0,8960.0
2019-01-13,2019011301000839,UPPER,48,18,50,224.0,11200.0
2019-01-13,2019011301000838,UPPER,48,29,50,224.0,11200.0
2019-01-13,2019011301000837,UPPER,48,5,40,224.0,8960.0
2019-01-13,2019011301000835,UPPER,48,57,40,224.0,8960.0
2019-01-13,2019011301000834,UPPER,48,49,40,224.0,8960.0
2019-01-13,2019011301000847,UPPER,48,18,40,224.0,8960.0
2019-01-13,2019011301000846,UPPER,48,18,40,224.0,8960.0
2019-01-13,2019011301000845,UPPER,48,29,50,224.0,11200.0
2019-01-13,2019011301000844,UPPER,48,29,50,224.0,11200.0
2019-01-13,2019011301000842,UPPER,48,49,40,224.0,8960.0
2019-01-13,2019011301000841,UPPER,48,34,40,224.0,8960.0
2019-01-13,2019011301000857,UPPER,48,38,40,224.0,8960.0
2019-01-13,2019011301000856,UPPER,48,18,50,224.0,11200.0
2019-01-13,2019011301000855,UPPER,48,29,40,224.0,8960.0
2019-01-13,2019011301000854,UPPER,48,49,50,224.0,11200.0
2019-01-13,2019011301000851,UPPER,48,29,40,224.0,8960.0
2019-01-13,2019011301000850,UPPER,48,29,40,224.0,8960.0
2019-01-13,2019011301000864,UPPER,48,29,50,224.0,11200.0
2019-01-13,2019011301000863,UPPER,48,29,50,224.0,11200.0
2019-01-13,2019011301000862,UPPER,48,29,50,224.0,11200.0
2019-01-13,2019011301000860,UPPER,48,18,20,224.0,4480.0
2019-01-13,2019011301000859,UPPER,48,18,30,224.0,6720.0
2019-01-13,2019011301000858,UPPER,48,29,50,224.0,11200.0
2019-01-13,2019011301000873,UPPER,48,18,50,224.0,11200.0
2019-01-13,2019011301000871,UPPER,48,29,40,224.0,8960.0
2019-01-13,2019011301000868,UPPER,48,29,40,224.0,8960.0
2019-01-13,2019011301000867,UPPER,48,41,50,224.0,11200.0
2019-01-13,2019011301000866,UPPER,48,33,50,224.0,11200.0
2019-01-13,2019011301000865,UPPER,48,18,40,224.0,8960.0
2019-01-13,2019011301000881,UPPER,48,18,50,224.0,11200.0
2019-01-13,2019011301000880,UPPER,48,29,40,224.0,8960.0
2019-01-13,2019011301000879,UPPER,48,29,50,224.0,11200.0
2019-01-13,2019011301000878,UPPER,48,29,50,224.0,11200.0
2019-01-13,2019011301000877,UPPER,48,18,50,224.0,11200.0
2019-01-13,2019011301000875,UPPER,48,29,40,224.0,8960.0
2019-01-13,2019011301000893,UPPER,48,29,40,224.0,8960.0
2019-01-13,2019011301000890,UPPER,48,18,50,224.0,11200.0
2019-01-13,2019011301000888,UPPER,48,18,40,224.0,8960.0
2019-01-13,2019011301000887,UPPER,48,29,50,224.0,11200.0
2019-01-13,2019011301000884,UPPER,48,29,50,224.0,11200.0
2019-01-13,2019011301000883,UPPER,48,29,50,224.0,11200.0
2019-01-13,2019011301000903,UPPER,48,29,30,224.0,6720.0
2019-01-13,2019011301000902,UPPER,38,29,20,224.0,4480.0
2019-01-13,2019011301000897,UPPER,38,13,40,224.0,8960.0
2019-01-13,2019011301000896,UPPER,38,18,50,224.0,11200.0
2019-01-13,2019011301000895,UPPER,38,29,40,224.0,8960.0
2019-01-13,2019011301000894,UPPER,38,29,50,224.0,11200.0
2019-01-13,2019011301000920,UPPER,48,37,40,224.0,8960.0
2019-01-13,2019011301000919,UPPER,48,18,50,224.0,11200.0
2019-01-13,2019011301000918,UPPER,48,35,50,224.0,11200.0
2019-01-13,2019011301000910,UPPER,48,29,50,224.0,11200.0
2019-01-13,2019011301000909,UPPER,48,18,40,224.0,8960.0
2019-01-13,2019011301000904,UPPER,48,18,50,224.0,11200.0
2019-01-13,2019011301000959,UPPER,48,37,40,224.0,8960.0
2019-01-13,2019011301000958,UPPER,48,18,50,224.0,11200.0
2019-01-13,2019011301000953,UPPER,48,19,50,224.0,11200.0
2019-01-13,2019011301000947,UPPER,48,37,40,224.0,8960.0
2019-01-13,2019011301000946,UPPER,48,18,40,224.0,8960.0
2019-01-13,2019011301000937,UPPER,48,37,40,224.0,8960.0
2019-01-13,2019011301000967,UPPER,48,5,40,224.0,8960.0
2019-01-13,2019011301000966,UPPER,48,37,50,224.0,11200.0
2019-01-13,2019011301000964,UPPER,48,58,40,224.0,8960.0
2019-01-13,2019011301000962,UPPER,48,22,50,224.0,11200.0
2019-01-13,2019011301000961,UPPER,48,58,40,224.0,8960.0
2019-01-13,2019011301000960,UPPER,48,18,40,224.0,8960.0
2019-01-13,2019011301003339,ADBL,49,4,100,348.0,34800.0
2019-01-13,2019011301003063,ADBL,1,33,80,350.0,28000.0
2019-01-13,2019011301002991,ADBL,25,33,62,350.0,21700.0
2019-01-13,2019011301002990,ADBL,25,45,88,350.0,30800.0
2019-01-13,2019011301003375,AKJCL,11,41,20,92.0,1840.0
2019-01-13,2019011301003432,API,39,58,42,152.0,6384.0
2019-01-13,2019011301003460,BOKL,38,58,53,329.0,17437.0
2019-01-13,2019011301003453,BOKL,21,58,100,329.0,32900.0
2019-01-13,2019011301003447,BOKL,21,58,100,329.0,32900.0
2019-01-13,2019011301003440,BOKL,40,58,720,329.0,236880.0
2019-01-13,2019011301003439,BOKL,40,58,280,329.0,92120.0
2019-01-13,2019011301003430,BOKL,47,58,14,328.0,4592.0
2019-01-13,2019011301003068,BOKL,26,22,100,329.0,32900.0
2019-01-13,2019011301003037,BOKL,57,7,52,330.0,17160.0
2019-01-13,2019011301003036,BOKL,57,32,148,330.0,48840.0
2019-01-13,2019011301002989,BOKL,39,28,96,329.0,31584.0
2019-01-13,2019011301003197,BOKL,59,7,798,330.0,263340.0
2019-01-13,2019011301003192,BOKL,16,7,50,330.0,16500.0
2019-01-13,2019011301003118,BOKL,7,25,99,328.0,32472.0
2019-01-13,2019011301003117,BOKL,45,25,10,328.0,3280.0
2019-01-13,2019011301003116,BOKL,33,25,341,328.0,111848.0
2019-01-13,2019011301003115,BOKL,48,25,50,329.0,16450.0
2019-01-13,2019011301003333,BOKL,1,58,200,329.0,65800.0
2019-01-13,2019011301003232,BOKL,52,58,100,329.0,32900.0
2019-01-13,2019011301003220,BOKL,21,19,70,330.0,23100.0
2019-01-13,2019011301003211,BOKL,26,38,1000,329.0,329000.0
2019-01-13,2019011301003210,BOKL,49,38,50,329.0,16450.0
2019-01-13,2019011301003198,BOKL,59,19,202,330.0,66660.0
2019-01-13,2019011301003404,BOKL,1,58,20,329.0,6580.0
2019-01-13,2019011301003371,BOKL,32,58,685,329.0,225365.0
2019-01-13,2019011301003369,BOKL,49,58,15,329.0,4935.0
2019-01-13,2019011301003368,BOKL,49,58,185,329.0,60865.0
2019-01-13,2019011301003360,BOKL,6,58,500,329.0,164500.0
2019-01-13,2019011301003349,BOKL,1,58,15,329.0,4935.0
2019-01-13,2019011301003417,BPCL,14,42,140,370.0,51800.0
2019-01-13,2019011301003219,BPCL,13,42,80,370.0,29600.0
2019-01-13,2019011301003181,BPCL,13,25,10,370.0,3700.0
2019-01-13,2019011301003169,BPCL,13,25,10,370.0,3700.0
2019-01-13,2019011301003444,CBBL,6,52,50,845.0,42250.0
2019-01-13,2019011301003385,CBBL,35,50,290,847.0,245630.0
2019-01-13,2019011301003365,CBBL,35,49,80,847.0,67760.0
2019-01-13,2019011301003302,CBBL,35,17,130,847.0,110110.0
2019-01-13,2019011301003275,CBBL,59,34,400,849.0,339600.0
2019-01-13,2019011301003176,CBBL,59,45,100,849.0,84900.0
2019-01-13,2019011301003175,CBBL,19,45,100,849.0,84900.0
2019-01-13,2019011301003471,CBL,26,39,220,160.0,35200.0
2019-01-13,2019011301003399,CBL,49,13,400,161.0,64400.0
2019-01-13,2019011301003398,CBL,49,5,1087,161.0,175007.0
2019-01-13,2019011301003383,CBL,13,5,20,161.0,3220.0
2019-01-13,2019011301003351,CBL,13,5,50,161.0,8050.0
2019-01-13,2019011301003070,CBL,26,28,57,160.0,9120.0
2019-01-13,2019011301003069,CBL,28,5,90,161.0,14490.0
2019-01-13,2019011301003334,CCBL,1,36,27,171.0,4617.0
2019-01-13,2019011301003322,CCBL,44,36,100,171.0,17100.0
2019-01-13,2019011301003321,CCBL,10,36,65,171.0,11115.0
2019-01-13,2019011301003320,CCBL,42,36,50,171.0,8550.0
2019-01-13,2019011301003099,CCBL,42,47,701,171.0,119871.0
2019-01-13,2019011301003097,CCBL,10,47,50,171.0,8550.0
2019-01-13,2019011301003071,CCBL,22,36,49,170.0,8330.0
2019-01-13,2019011301003038,CCBL,36,47,49,171.0,8379.0
2019-01-13,2019011301002996,CCBL,28,47,100,171.0,17100.0
2019-01-13,2019011301003421,CFCL,1,29,48,117.0,5616.0
2019-01-13,2019011301003420,CFCL,1,36,10,117.0,1170.0
2019-01-13,2019011301003364,CHCL,45,50,50,546.0,27300.0
2019-01-13,2019011301003357,CHCL,33,21,100,545.0,54500.0
2019-01-13,2019011301003212,CHCL,49,46,221,545.0,120445.0
2019-01-13,2019011301003165,CHCL,13,50,50,546.0,27300.0
2019-01-13,2019011301003128,CHCL,49,41,40,545.0,21800.0
2019-01-13,2019011301003127,CHCL,45,41,50,545.0,27250.0
2019-01-13,2019011301003126,CHCL,10,41,30,545.0,16350.0
2019-01-13,2019011301003261,CHL,13,47,30,103.0,3090.0
2019-01-13,2019011301003279,CIT,16,5,649,2273.0,1475177.0
2019-01-13,2019011301003278,CIT,49,5,28,2280.0,63840.0
2019-01-13,2019011301003273,CIT,49,38,250,2280.0,570000.0
2019-01-13,2019011301003272,CIT,49,45,22,2275.0,50050.0
2019-01-13,2019011301003145,CIT,22,17,53,2272.0,120416.0
2019-01-13,2019011301003343,CZBIL,28,35,1668,215.0,358620.0
2019-01-13,2019011301003335,CZBIL,28,35,24,215.0,5160.0
2019-01-13,2019011301003331,CZBIL,28,49,10,215.0,2150.0
2019-01-13,2019011301003286,CZBIL,28,57,564,215.0,121260.0
2019-01-13,2019011301003264,CZBIL,28,52,402,215.0,86430.0
2019-01-13,2019011301003263,CZBIL,28,52,598,215.0,128570.0
2019-01-13,2019011301002986,CZBIL,57,44,476,215.0,102340.0
2019-01-13,2019011301002985,CZBIL,57,52,524,215.0,112660.0
2019-01-13,2019011301003157,CZBIL,28,44,185,215.0,39775.0
2019-01-13,2019011301003100,CZBIL,28,25,207,215.0,44505.0
2019-01-13,2019011301003080,CZBIL,28,26,10,215.0,2150.0
2019-01-13,2019011301003079,CZBIL,28,45,200,215.0,43000.0
2019-01-13,2019011301003067,CZBIL,36,36,232,215.0,49880.0
2019-01-13,2019011301002987,CZBIL,28,44,1000,215.0,215000.0
2019-01-13,2019011301003159,DBBL,32,52,49,127.0,6223.0
2019-01-13,2019011301003381,DDBL,19,47,48,559.0,26832.0
2019-01-13,2019011301003216,DDBL,14,44,50,565.0,28250.0
2019-01-13,2019011301003215,DDBL,6,44,50,565.0,28250.0
2019-01-13,2019011301003433,EBL,41,58,12,533.0,6396.0
2019-01-13,2019011301003380,EBL,57,28,10,534.0,5340.0
2019-01-13,2019011301003372,EBL,32,28,30,534.0,16020.0
2019-01-13,2019011301003184,EBL,32,40,50,534.0,26700.0
2019-01-13,2019011301003113,EBL,1,49,90,532.0,47880.0
2019-01-13,2019011301003112,EBL,52,49,100,532.0,53200.0
2019-01-13,2019011301003111,EBL,13,49,60,533.0,31980.0
2019-01-13,2019011301003144,EDBL,54,26,30,282.0,8460.0
2019-01-13,2019011301003107,FMDBL,43,14,50,373.0,18650.0
2019-01-13,2019011301003106,FMDBL,40,14,150,373.0,55950.0
2019-01-13,2019011301003105,FMDBL,19,14,18,373.0,6714.0
2019-01-13,2019011301003104,FMDBL,1,14,137,374.0,51238.0
2019-01-13,2019011301003103,FMDBL,17,14,10,374.0,3740.0
2019-01-13,2019011301003102,FMDBL,47,14,25,375.0,9375.0
2019-01-13,2019011301003101,FMDBL,39,14,25,375.0,9375.0
2019-01-13,2019011301003337,FOWAD,56,34,39,1480.0,57720.0
2019-01-13,2019011301003332,GBBL,32,1,25,186.0,4650.0
2019-01-13,2019011301003206,GBBL,13,52,150,187.0,28050.0
2019-01-13,2019011301003200,GBBL,22,33,20,188.0,3760.0
2019-01-13,2019011301003388,GBIME,26,42,23,269.0,6187.0
2019-01-13,2019011301003387,GBIME,26,42,27,269.0,7263.0
2019-01-13,2019011301003386,GBIME,22,42,50,270.0,13500.0
2019-01-13,2019011301003227,GBIME,26,52,973,269.0,261737.0
2019-01-13,2019011301003226,GBIME,6,52,10,269.0,2690.0
2019-01-13,2019011301003300,GBLBS,20,6,100,425.0,42500.0
2019-01-13,2019011301003299,GBLBS,58,6,20,425.0,8500.0
2019-01-13,2019011301003298,GBLBS,13,6,40,426.0,17040.0
2019-01-13,2019011301003297,GBLBS,26,6,90,426.0,38340.0
2019-01-13,2019011301003391,GDBL,14,34,50,188.0,9400.0
2019-01-13,2019011301003390,GDBL,45,34,10,188.0,1880.0
2019-01-13,2019011301003415,GMFIL,13,41,20,130.0,2600.0
2019-01-13,2019011301003199,GRDBL,25,38,10,108.0,1080.0
2019-01-13,2019011301003064,GUFL,7,34,650,104.0,67600.0
2019-01-13,2019011301003242,HATH,40,52,100,119.0,11900.0
2019-01-13,2019011301003140,HBL,6,25,70,460.0,32200.0
2019-01-13,2019011301003139,HBL,6,13,70,460.0,32200.0
2019-01-13,2019011301003138,HBL,6,29,20,460.0,9200.0
2019-01-13,2019011301003163,ICFC,13,51,500,153.0,76500.0
2019-01-13,2019011301003162,ICFC,17,51,25,155.0,3875.0
2019-01-13,2019011301003389,JBBL,21,52,200,138.0,27600.0
2019-01-13,2019011301003208,KBBL,47,47,673,213.0,143349.0
2019-01-13,2019011301003188,KBBL,47,47,500,213.0,106500.0
2019-01-13,2019011301003363,KBL,44,5,1004,252.0,253008.0
2019-01-13,2019011301003362,KBL,44,11,50,252.0,12600.0
2019-01-13,2019011301003361,KBL,44,38,402,252.0,101304.0
2019-01-13,2019011301003301,KBL,14,44,98,251.0,24598.0
2019-01-13,2019011301003136,KBL,14,22,400,251.0,100400.0
2019-01-13,2019011301003135,KBL,33,22,200,251.0,50200.0
2019-01-13,2019011301003134,KBL,58,22,300,251.0,75300.0
2019-01-13,2019011301003133,KBL,42,22,100,251.0,25100.0
2019-01-13,2019011301003020,KBL,28,38,18,252.0,4536.0
2019-01-13,2019011301003458,KPCL,34,16,10,100.0,1000.0
2019-01-13,2019011301003448,KPCL,34,25,10,100.0,1000.0
2019-01-13,2019011301003423,KPCL,39,25,10,101.0,1010.0
2019-01-13,2019011301003442,KPCL,51,25,10,101.0,1010.0
2019-01-13,2019011301003441,KPCL,51,25,10,101.0,1010.0
2019-01-13,2019011301003437,KPCL,51,25,10,101.0,1010.0
2019-01-13,2019011301003429,KPCL,51,25,10,101.0,1010.0
2019-01-13,2019011301003424,KPCL,51,16,10,101.0,1010.0
2019-01-13,2019011301003330,LBBL,49,34,18,171.0,3078.0
2019-01-13,2019011301003468,LBL,11,16,500,220.0,110000.0
2019-01-13,2019011301003467,LBL,49,16,1000,220.0,220000.0
2019-01-13,2019011301003466,LBL,19,16,100,220.0,22000.0
2019-01-13,2019011301003465,LBL,48,16,50,220.0,11000.0
2019-01-13,2019011301003324,LBL,48,11,400,220.0,88000.0
2019-01-13,2019011301003294,LBL,5,11,600,220.0,132000.0
2019-01-13,2019011301003076,LBL,45,33,10,221.0,2210.0
2019-01-13,2019011301003075,LBL,14,33,30,221.0,6630.0
2019-01-13,2019011301003074,LBL,38,33,54,221.0,11934.0
2019-01-13,2019011301003006,LBL,28,1,100,222.0,22200.0
2019-01-13,2019011301003174,LBL,34,16,300,220.0,66000.0
2019-01-13,2019011301003173,LBL,32,16,300,220.0,66000.0
2019-01-13,2019011301003172,LBL,11,16,50,220.0,11000.0
2019-01-13,2019011301003171,LBL,56,16,30,220.0,6600.0
2019-01-13,2019011301003170,LBL,11,16,22,220.0,4840.0
2019-01-13,2019011301003077,LBL,11,33,78,220.0,17160.0
2019-01-13,2019011301003241,LGIL,28,16,1000,530.0,530000.0
2019-01-13,2019011301003240,LGIL,42,16,100,530.0,53000.0
2019-01-13,2019011301003239,LGIL,49,16,500,532.0,266000.0
2019-01-13,2019011301003238,LGIL,35,16,400,534.0,213600.0
2019-01-13,2019011301003237,LGIL,25,16,300,534.0,160200.0
2019-01-13,2019011301003236,LGIL,53,16,100,534.0,53400.0
2019-01-13,2019011301003235,LGIL,14,16,100,535.0,53500.0
2019-01-13,2019011301003234,LGIL,33,16,29,535.0,15515.0
2019-01-13,2019011301003093,LICN,59,28,15,1676.0,25140.0
2019-01-13,2019011301003307,LLBS,57,6,20,772.0,15440.0
2019-01-13,2019011301003306,LLBS,37,6,26,773.0,20098.0
2019-01-13,2019011301003005,LLBS,37,52,24,773.0,18552.0
2019-01-13,2019011301003281,MBL,6,48,31,206.0,6386.0
2019-01-13,2019011301003280,MBL,13,48,300,206.0,61800.0
2019-01-13,2019011301003191,MBL,13,25,222,207.0,45954.0
2019-01-13,2019011301003180,MBL,13,25,200,207.0,41400.0
2019-01-13,2019011301003168,MBL,14,25,12,207.0,2484.0
2019-01-13,2019011301003012,MDB,44,49,124,296.0,36704.0
2019-01-13,2019011301002999,MDB,17,38,100,293.0,29300.0
2019-01-13,2019011301003454,MEGA,41,39,414,170.0,70380.0
2019-01-13,2019011301003028,MEGA,41,42,28,170.0,4760.0
2019-01-13,2019011301003027,MEGA,13,42,75,170.0,12750.0
2019-01-13,2019011301002993,MEGA,28,39,100,171.0,17100.0
2019-01-13,2019011301003405,MLBBL,20,40,38,912.0,34656.0
2019-01-13,2019011301003358,MLBBL,47,19,100,930.0,93000.0
2019-01-13,2019011301003419,MNBBL,14,1,50,344.0,17200.0
2019-01-13,2019011301003418,MNBBL,44,1,10,344.0,3440.0
2019-01-13,2019011301003356,MNBBL,44,58,40,344.0,13760.0
2019-01-13,2019011301003373,NABIL,59,3,175,840.0,147000.0
2019-01-13,2019011301003338,NABIL,59,5,322,840.0,270480.0
2019-01-13,2019011301003287,NADEP,58,39,10,794.0,7940.0
2019-01-13,2019011301003413,NBB,51,48,50,191.0,9550.0
2019-01-13,2019011301003412,NBB,38,48,50,191.0,9550.0
2019-01-13,2019011301003214,NBB,13,48,150,191.0,28650.0
2019-01-13,2019011301003024,NBB,56,52,543,190.0,103170.0
2019-01-13,2019011301003023,NBB,17,52,75,190.0,14250.0
2019-01-13,2019011301003022,NBB,17,52,382,190.0,72580.0
2019-01-13,2019011301003182,NBBL,34,35,50,757.0,37850.0
2019-01-13,2019011301003470,NBL,58,58,419,302.0,126538.0
2019-01-13,2019011301003469,NBL,51,58,381,302.0,115062.0
2019-01-13,2019011301003461,NBL,11,58,500,303.0,151500.0
2019-01-13,2019011301003459,NBL,51,39,119,302.0,35938.0
2019-01-13,2019011301003431,NBL,1,56,63,302.0,19026.0
2019-01-13,2019011301003411,NBL,1,58,437,302.0,131974.0
2019-01-13,2019011301002995,NBL,38,58,10,302.0,3020.0
2019-01-13,2019011301003031,NBL,42,18,183,302.0,55266.0
2019-01-13,2019011301003030,NBL,42,45,317,302.0,95734.0
2019-01-13,2019011301003017,NBL,29,45,50,302.0,15100.0
2019-01-13,2019011301003016,NBL,25,45,150,302.0,45300.0
2019-01-13,2019011301003011,NBL,40,45,483,302.0,145866.0
2019-01-13,2019011301003010,NBL,40,58,517,302.0,156134.0
2019-01-13,2019011301003057,NBL,45,49,2500,301.0,752500.0
2019-01-13,2019011301003056,NBL,29,49,100,301.0,30100.0
2019-01-13,2019011301003055,NBL,13,49,500,301.0,150500.0
2019-01-13,2019011301003054,NBL,46,49,500,301.0,150500.0
2019-01-13,2019011301003053,NBL,5,49,100,301.0,30100.0
2019-01-13,2019011301003052,NBL,45,49,1100,301.0,331100.0
2019-01-13,2019011301003154,NBL,58,11,50,302.0,15100.0
2019-01-13,2019011301003153,NBL,58,22,300,302.0,90600.0
2019-01-13,2019011301003152,NBL,58,18,317,302.0,95734.0
2019-01-13,2019011301003142,NBL,36,7,950,301.0,285950.0
2019-01-13,2019011301003141,NBL,48,7,50,301.0,15050.0
2019-01-13,2019011301003058,NBL,49,49,5200,301.0,1565200.0
2019-01-13,2019011301003318,NBL,49,58,2000,302.0,604000.0
2019-01-13,2019011301003317,NBL,49,33,2000,302.0,604000.0
2019-01-13,2019011301003316,NBL,49,58,167,302.0,50434.0
2019-01-13,2019011301003295,NBL,36,48,124,301.0,37324.0
2019-01-13,2019011301003156,NBL,58,58,1833,302.0,553566.0
2019-01-13,2019011301003155,NBL,58,22,100,302.0,30200.0
2019-01-13,2019011301003410,NBL,41,58,1200,302.0,362400.0
2019-01-13,2019011301003409,NBL,40,58,1000,302.0,302000.0
2019-01-13,2019011301003408,NBL,6,58,50,302.0,15100.0
2019-01-13,2019011301003407,NBL,51,58,20,302.0,6040.0
2019-01-13,2019011301003406,NBL,49,58,793,302.0,239486.0
2019-01-13,2019011301003348,NBL,49,58,40,302.0,12080.0
2019-01-13,2019011301003451,NCCB,22,1,500,219.0,109500.0
2019-01-13,2019011301003450,NCCB,22,55,291,219.0,63729.0
2019-01-13,2019011301003449,NCCB,22,49,30,219.0,6570.0
2019-01-13,2019011301003033,NCCB,28,49,100,219.0,21900.0
2019-01-13,2019011301003018,NCCB,57,49,170,219.0,37230.0
2019-01-13,2019011301002984,NCCB,57,45,600,219.0,131400.0
2019-01-13,2019011301003397,NEF,41,48,633,8.32,5266.56
2019-01-13,2019011301003396,NEF,43,48,333,8.35,2780.55
2019-01-13,2019011301003319,NHDL,59,52,10,122.0,1220.0
2019-01-13,2019011301003464,NHPC,20,32,100,70.0,7000.0
2019-01-13,2019011301003463,NHPC,20,56,600,70.0,42000.0
2019-01-13,2019011301003457,NHPC,20,50,1100,69.0,75900.0
2019-01-13,2019011301003426,NIB,38,5,20,548.0,10960.0
2019-01-13,2019011301003422,NIB,40,5,128,548.0,70144.0
2019-01-13,2019011301003342,NIB,40,35,252,548.0,138096.0
2019-01-13,2019011301003327,NIB,40,55,50,548.0,27400.0
2019-01-13,2019011301003308,NIB,1,45,63,549.0,34587.0
2019-01-13,2019011301003283,NIB,40,52,230,548.0,126040.0
2019-01-13,2019011301003277,NIB,40,42,37,548.0,20276.0
2019-01-13,2019011301003229,NIB,25,45,10,549.0,5490.0
2019-01-13,2019011301003209,NIB,49,45,41,549.0,22509.0
2019-01-13,2019011301003062,NIB,28,16,31,550.0,17050.0
2019-01-13,2019011301003029,NIB,49,50,50,549.0,27450.0
2019-01-13,2019011301003366,NIBLPF,7,5,2525,7.49,18912.25
2019-01-13,2019011301003282,NIBPO,28,28,240,490.0,117600.0
2019-01-13,2019011301003253,NICA,34,58,500,385.0,192500.0
2019-01-13,2019011301003252,NICA,34,58,500,385.0,192500.0
2019-01-13,2019011301003251,NICA,14,58,500,385.0,192500.0
2019-01-13,2019011301003250,NICA,10,58,500,385.0,192500.0
2019-01-13,2019011301003249,NICA,54,58,1000,385.0,385000.0
2019-01-13,2019011301003248,NICA,50,58,200,385.0,77000.0
2019-01-13,2019011301003045,NICA,42,5,1000,386.0,386000.0
2019-01-13,2019011301003044,NICA,51,5,500,386.0,193000.0
2019-01-13,2019011301003043,NICA,55,5,410,386.0,158260.0
2019-01-13,2019011301003035,NICA,22,57,500,387.0,193500.0
2019-01-13,2019011301003247,NICA,56,58,431,385.0,165935.0
2019-01-13,2019011301003246,NICA,52,35,60,386.0,23160.0
2019-01-13,2019011301003204,NICA,45,35,40,386.0,15440.0
2019-01-13,2019011301003137,NICA,56,53,69,385.0,26565.0
2019-01-13,2019011301003078,NICA,49,35,210,386.0,81060.0
2019-01-13,2019011301003046,NICA,49,5,90,386.0,34740.0
2019-01-13,2019011301003015,NICL,32,20,100,558.0,55800.0
2019-01-13,2019011301003014,NICL,34,20,200,558.0,111600.0
2019-01-13,2019011301003013,NICL,37,20,200,559.0,111800.0
2019-01-13,2019011301003379,NIL,59,35,10,530.0,5300.0
2019-01-13,2019011301003315,NIL,59,35,196,530.0,103880.0
2019-01-13,2019011301003314,NIL,22,35,500,530.0,265000.0
2019-01-13,2019011301003313,NIL,51,35,200,530.0,106000.0
2019-01-13,2019011301003312,NIL,37,35,200,532.0,106400.0
2019-01-13,2019011301003311,NIL,51,35,50,532.0,26600.0
2019-01-13,2019011301003310,NIL,26,35,10,533.0,5330.0
2019-01-13,2019011301003009,NIL,50,56,50,533.0,26650.0
2019-01-13,2019011301003008,NIL,34,56,295,533.0,157235.0
2019-01-13,2019011301003087,NLG,26,16,64,863.0,55232.0
2019-01-13,2019011301003377,NLIC,34,49,143,1100.0,157300.0
2019-01-13,2019011301003376,NLIC,57,49,157,1100.0,172700.0
2019-01-13,2019011301003359,NLIC,57,21,94,1100.0,103400.0
2019-01-13,2019011301003347,NLIC,57,8,42,1100.0,46200.0
2019-01-13,2019011301003309,NLIC,19,39,17,1101.0,18717.0
2019-01-13,2019011301003284,NLIC,57,42,17,1100.0,18700.0
2019-01-13,2019011301003269,NLIC,57,57,538,1100.0,591800.0
2019-01-13,2019011301003262,NLIC,57,25,152,1100.0,167200.0
2019-01-13,2019011301003205,NLIC,34,32,50,1099.0,54950.0
2019-01-13,2019011301003185,NLIC,34,45,50,1099.0,54950.0
2019-01-13,2019011301003161,NLIC,34,10,18,1099.0,19782.0
2019-01-13,2019011301003160,NLIC,34,10,12,1100.0,13200.0
2019-01-13,2019011301003350,NMB,40,35,296,325.0,96200.0
2019-01-13,2019011301003259,NMB,42,52,20,326.0,6520.0
2019-01-13,2019011301003059,NMB,40,25,23,325.0,7475.0
2019-01-13,2019011301003026,NMB,34,11,850,326.0,277100.0
2019-01-13,2019011301003001,NMB,25,11,150,326.0,48900.0
2019-01-13,2019011301002982,NMB,21,21,7,325.0,2275.0
2019-01-13,2019011301003344,NMBHF1,5,48,1664,9.07,15092.48
2019-01-13,2019011301003224,NMBMF,6,49,20,1100.0,22000.0
2019-01-13,2019011301003223,NMBMF,52,49,20,1100.0,22000.0
2019-01-13,2019011301003222,NMBMF,57,49,30,1101.0,33030.0
2019-01-13,2019011301003221,NMBMF,1,49,30,1120.0,33600.0
2019-01-13,2019011301003303,NTC,53,55,200,730.0,146000.0
2019-01-13,2019011301003266,NUBL,53,21,200,755.0,151000.0
2019-01-13,2019011301003086,NUBL,53,14,190,755.0,143450.0
2019-01-13,2019011301003085,NUBL,53,14,50,756.0,37800.0
2019-01-13,2019011301003084,NUBL,34,14,100,760.0,76000.0
2019-01-13,2019011301003083,NUBL,58,14,20,760.0,15200.0
2019-01-13,2019011301003082,NUBL,52,14,100,761.0,76100.0
2019-01-13,2019011301003081,NUBL,19,14,20,762.0,15240.0
2019-01-13,2019011301003446,PCBL,13,50,10,330.0,3300.0
2019-01-13,2019011301003445,PCBL,43,50,37,330.0,12210.0
2019-01-13,2019011301003395,PCBL,43,48,463,330.0,152790.0
2019-01-13,2019011301003394,PCBL,13,48,20,330.0,6600.0
2019-01-13,2019011301003393,PCBL,36,48,26,330.0,8580.0
2019-01-13,2019011301003353,PCBL,36,52,39,330.0,12870.0
2019-01-13,2019011301003089,PCBL,43,43,387,330.0,127710.0
2019-01-13,2019011301003088,PCBL,43,11,65,330.0,21450.0
2019-01-13,2019011301002979,PCBL,43,11,200,330.0,66000.0
2019-01-13,2019011301002978,PCBL,45,11,100,330.0,33000.0
2019-01-13,2019011301002977,PCBL,52,11,1000,330.0,330000.0
2019-01-13,2019011301003476,PIC,54,49,11,1025.0,11275.0
2019-01-13,2019011301003436,PIC,38,43,50,1020.0,51000.0
2019-01-13,2019011301003435,PIC,38,41,71,1020.0,72420.0
2019-01-13,2019011301003326,PIC,32,59,11,1013.0,11143.0
2019-01-13,2019011301003260,PIC,38,58,10,1012.0,10120.0
2019-01-13,2019011301003438,PICL,48,16,50,699.0,34950.0
2019-01-13,2019011301003323,PICL,32,16,450,699.0,314550.0
2019-01-13,2019011301003293,PICL,32,6,50,699.0,34950.0
2019-01-13,2019011301003292,PICL,26,6,50,700.0,35000.0
2019-01-13,2019011301003291,PICL,52,6,100,701.0,70100.0
2019-01-13,2019011301003091,PLIC,20,33,49,495.0,24255.0
2019-01-13,2019011301003090,PLIC,5,33,100,495.0,49500.0
2019-01-13,2019011301003434,PMHPL,6,16,10,112.0,1120.0
2019-01-13,2019011301003040,PMHPL,6,39,10,112.0,1120.0
2019-01-13,2019011301003149,PRIN,49,25,446,452.0,201592.0
2019-01-13,2019011301003148,PRIN,28,25,500,453.0,226500.0
2019-01-13,2019011301003147,PRIN,37,25,54,453.0,24462.0
2019-01-13,2019011301003374,PRVU,13,58,20,246.0,4920.0
2019-01-13,2019011301003051,PRVU,42,58,200,246.0,49200.0
2019-01-13,2019011301003047,PRVU,28,58,90,246.0,22140.0
2019-01-13,2019011301003025,PRVU,17,26,135,245.0,33075.0
2019-01-13,2019011301003021,PURBL,49,38,50,152.0,7600.0
2019-01-13,2019011301003244,RBCLPO,5,33,20,8750.0,175000.0
2019-01-13,2019011301003243,RBCLPO,59,33,10,8750.0,87500.0
2019-01-13,2019011301003231,RHPC,25,26,10,100.0,1000.0
2019-01-13,2019011301003290,RLFL,1,52,67,115.0,7705.0
2019-01-13,2019011301003061,RLFL,42,52,38,115.0,4370.0
2019-01-13,2019011301003060,RLFL,45,52,12,117.0,1404.0
2019-01-13,2019011301003130,RMDC,17,45,78,550.0,42900.0
2019-01-13,2019011301003066,RSDC,26,34,200,389.0,77800.0
2019-01-13,2019011301003065,RSDC,29,34,300,390.0,117000.0
2019-01-13,2019011301003123,SBI,46,42,100,390.0,39000.0
2019-01-13,2019011301003050,SBI,39,42,57,390.0,22230.0
2019-01-13,2019011301003384,SBL,42,48,10,293.0,2930.0
2019-01-13,2019011301003230,SBL,13,11,100,294.0,29400.0
2019-01-13,2019011301003474,SCB,48,21,66,587.0,38742.0
2019-01-13,2019011301003473,SCB,55,21,20,587.0,11740.0
2019-01-13,2019011301003472,SCB,34,21,14,587.0,8218.0
2019-01-13,2019011301003403,SCB,13,7,31,588.0,18228.0
2019-01-13,2019011301003402,SCB,13,32,69,588.0,40572.0
2019-01-13,2019011301003336,SCB,34,42,20,587.0,11740.0
2019-01-13,2019011301003270,SCB,34,52,66,587.0,38742.0
2019-01-13,2019011301003193,SCB,32,32,15,588.0,8820.0
2019-01-13,2019011301003427,SDESI,22,57,12,607.0,7284.0
2019-01-13,2019011301003355,SDESI,21,21,1,600.0,600.0
2019-01-13,2019011301003352,SDESI,50,17,27,608.0,16416.0
2019-01-13,2019011301003002,SDESI,55,49,54,609.0,32886.0
2019-01-13,2019011301003000,SDESI,43,49,20,609.0,12180.0
2019-01-13,2019011301002981,SDESI,42,42,20,608.0,12160.0
2019-01-13,2019011301002980,SDESI,14,42,50,608.0,30400.0
2019-01-13,2019011301003289,SEF,43,50,200,9.15,1830.0
2019-01-13,2019011301003121,SHINE,42,57,843,239.0,201477.0
2019-01-13,2019011301003120,SHINE,34,57,300,239.0,71700.0
2019-01-13,2019011301003119,SHINE,17,57,50,239.0,11950.0
2019-01-13,2019011301003019,SHPC,19,4,500,233.0,116500.0
2019-01-13,2019011301003073,SIC,52,7,50,1315.0,65750.0
2019-01-13,2019011301003072,SIC,22,7,250,1320.0,330000.0
2019-01-13,2019011301003202,SICL,34,38,28,926.0,25928.0
2019-01-13,2019011301003341,SIFC,58,21,143,132.0,18876.0
2019-01-13,2019011301003340,SIFC,17,21,100,132.0,13200.0
2019-01-13,2019011301003256,SINDU,29,11,100,120.0,12000.0
2019-01-13,2019011301003255,SINDU,29,58,100,118.0,11800.0
2019-01-13,2019011301003042,SINDU,57,58,500,118.0,59000.0
2019-01-13,2019011301003041,SINDU,43,58,100,119.0,11900.0
2019-01-13,2019011301003034,SINDU,43,34,400,119.0,47600.0
2019-01-13,2019011301003378,SKBBL,57,45,20,1067.0,21340.0
2019-01-13,2019011301003354,SKBBL,26,50,50,1060.0,53000.0
2019-01-13,2019011301003329,SKBBL,26,21,88,1060.0,93280.0
2019-01-13,2019011301003328,SKBBL,50,21,12,1060.0,12720.0
2019-01-13,2019011301003049,SKBBL,6,10,20,1068.0,21360.0
2019-01-13,2019011301003048,SKBBL,55,10,20,1068.0,21360.0
2019-01-13,2019011301003400,SLICL,39,39,300,556.0,166800.0
2019-01-13,2019011301003267,SLICL,39,39,100,556.0,55600.0
2019-01-13,2019011301003245,SLICL,39,33,102,556.0,56712.0
2019-01-13,2019011301003218,SLICL,22,33,100,556.0,55600.0
2019-01-13,2019011301003096,SLICL,34,33,50,556.0,27800.0
2019-01-13,2019011301003095,SLICL,45,33,50,556.0,27800.0
2019-01-13,2019011301003274,SMB,26,45,40,640.0,25600.0
2019-01-13,2019011301003217,SMB,26,7,10,652.0,6520.0
2019-01-13,2019011301003443,SPDL,6,52,10,93.0,930.0
2019-01-13,2019011301003367,SRBL,55,4,22,214.0,4708.0
2019-01-13,2019011301003305,SRBL,54,16,100,215.0,21500.0
2019-01-13,2019011301003304,SRBL,48,16,1000,215.0,215000.0
2019-01-13,2019011301003183,SRBL,57,46,246,216.0,53136.0
2019-01-13,2019011301003039,SRBL,57,42,254,216.0,54864.0
2019-01-13,2019011301003178,TRH,54,48,90,245.0,22050.0
2019-01-13,2019011301003177,TRH,28,48,20,245.0,4900.0
2019-01-13,2019011301003475,UPPER,58,17,40,224.0,8960.0
2019-01-13,2019011301003462,UPPER,58,45,50,224.0,11200.0
2019-01-13,2019011301003456,UPPER,58,17,40,224.0,8960.0
2019-01-13,2019011301003452,UPPER,58,45,50,224.0,11200.0
2019-01-13,2019011301002988,UPPER,45,45,40,224.0,8960.0
2019-01-13,2019011301003007,UPPER,45,26,50,224.0,11200.0
2019-01-13,2019011301003004,UPPER,45,29,40,224.0,8960.0
2019-01-13,2019011301003003,UPPER,45,49,50,224.0,11200.0
2019-01-13,2019011301002997,UPPER,45,42,50,224.0,11200.0
2019-01-13,2019011301002994,UPPER,45,26,40,224.0,8960.0
2019-01-13,2019011301002992,UPPER,45,42,50,224.0,11200.0
2019-01-13,2019011301003114,UPPER,45,40,50,224.0,11200.0
2019-01-13,2019011301003108,UPPER,45,37,50,224.0,11200.0
2019-01-13,2019011301003098,UPPER,45,45,40,224.0,8960.0
2019-01-13,2019011301003094,UPPER,45,21,50,224.0,11200.0
2019-01-13,2019011301003092,UPPER,45,42,50,224.0,11200.0
2019-01-13,2019011301003032,UPPER,45,45,40,224.0,8960.0
2019-01-13,2019011301003132,UPPER,45,40,40,224.0,8960.0
2019-01-13,2019011301003131,UPPER,45,45,40,224.0,8960.0
2019-01-13,2019011301003129,UPPER,45,37,40,224.0,8960.0
2019-01-13,2019011301003125,UPPER,45,40,40,224.0,8960.0
2019-01-13,2019011301003124,UPPER,45,37,50,224.0,11200.0
2019-01-13,2019011301003122,UPPER,45,42,40,224.0,8960.0
2019-01-13,2019011301003164,UPPER,45,37,40,224.0,8960.0
2019-01-13,2019011301003158,UPPER,45,40,40,224.0,8960.0
2019-01-13,2019011301003151,UPPER,45,45,50,224.0,11200.0
2019-01-13,2019011301003150,UPPER,45,37,50,224.0,11200.0
2019-01-13,2019011301003146,UPPER,45,40,50,224.0,11200.0
2019-01-13,2019011301003143,UPPER,45,37,50,224.0,11200.0
2019-01-13,2019011301003189,UPPER,5,45,40,224.0,8960.0
2019-01-13,2019011301003187,UPPER,5,40,20,224.0,4480.0
2019-01-13,2019011301003186,UPPER,51,40,30,224.0,6720.0
2019-01-13,2019011301003179,UPPER,51,37,50,224.0,11200.0
2019-01-13,2019011301003167,UPPER,51,40,20,224.0,4480.0
2019-01-13,2019011301003166,UPPER,45,40,20,224.0,4480.0
2019-01-13,2019011301003203,UPPER,58,40,50,224.0,11200.0
2019-01-13,2019011301003201,UPPER,58,39,40,224.0,8960.0
2019-01-13,2019011301003196,UPPER,58,37,40,224.0,8960.0
2019-01-13,2019011301003195,UPPER,58,45,50,224.0,11200.0
2019-01-13,2019011301003194,UPPER,58,40,40,224.0,8960.0
2019-01-13,2019011301003190,UPPER,5,37,40,224.0,8960.0
2019-01-13,2019011301003254,UPPER,58,37,50,224.0,11200.0
2019-01-13,2019011301003233,UPPER,58,37,50,224.0,11200.0
2019-01-13,2019011301003228,UPPER,58,40,50,224.0,11200.0
2019-01-13,2019011301003225,UPPER,58,37,50,224.0,11200.0
2019-01-13,2019011301003213,UPPER,58,40,50,224.0,11200.0
2019-01-13,2019011301003207,UPPER,58,37,50,224.0,11200.0
2019-01-13,2019011301003276,UPPER,58,37,50,224.0,11200.0
2019-01-13,2019011301003271,UPPER,58,59,40,224.0,8960.0
2019-01-13,2019011301003268,UPPER,58,37,40,224.0,8960.0
2019-01-13,2019011301003265,UPPER,58,40,50,224.0,11200.0
2019-01-13,2019011301003258,UPPER,58,37,40,224.0,8960.0
2019-01-13,2019011301003257,UPPER,58,39,50,224.0,11200.0
2019-01-13,2019011301003346,UPPER,58,40,50,224.0,11200.0
2019-01-13,2019011301003345,UPPER,58,37,40,224.0,8960.0
2019-01-13,2019011301003325,UPPER,58,49,50,224.0,11200.0
2019-01-13,2019011301003296,UPPER,58,40,50,224.0,11200.0
2019-01-13,2019011301003288,UPPER,58,40,40,224.0,8960.0
2019-01-13,2019011301003285,UPPER,58,37,40,224.0,8960.0
2019-01-13,2019011301003416,UPPER,58,25,40,224.0,8960.0
2019-01-13,2019011301003401,UPPER,58,19,40,224.0,8960.0
2019-01-13,2019011301003392,UPPER,58,19,50,224.0,11200.0
2019-01-13,2019011301003382,UPPER,58,19,50,224.0,11200.0
2019-01-13,2019011301003370,UPPER,58,22,50,224.0,11200.0
2019-01-13,2019011301003428,UPPER,58,51,50,224.0,11200.0
