date,transaction_no,symbol,buyer,seller,quantity,rate,amount
2015-01-06,201501062420654,ADBL,35,38,121,475.0,57475.0
2015-01-06,201501062420397,ADBL,35,45,491,475.0,233225.0
2015-01-06,201501062420449,ADBL,35,11,40,476.0,19040.0
2015-01-06,201501062420448,ADBL,35,42,500,476.0,238000.0
2015-01-06,201501062420436,ADBL,35,6,351,475.0,166725.0
2015-01-06,201501062420468,ADBL,35,38,250,475.0,118750.0
2015-01-06,201501062420450,ADBL,35,11,40,476.0,19040.0
2015-01-06,201501062420626,ADBL,35,57,482,475.0,228950.0
2015-01-06,201501062420624,AHPC,51,40,70,355.0,24850.0
2015-01-06,201501062420619,AHPC,22,40,150,353.0,52950.0
2015-01-06,201501062420519,AHPC,22,5,300,351.0,105300.0
2015-01-06,201501062420463,AHPC,33,40,1000,353.0,353000.0
2015-01-06,201501062420462,AHPC,28,40,900,354.0,318600.0
2015-01-06,201501062420461,AHPC,14,40,100,355.0,35500.0
2015-01-06,201501062420460,AHPC,14,40,100,356.0,35600.0
2015-01-06,201501062420453,AHPC,25,34,78,359.0,28002.0
2015-01-06,201501062420437,AHPC,28,6,400,354.0,141600.0
2015-01-06,201501062420577,AIC,6,38,200,400.0,80000.0
2015-01-06,201501062420576,AIC,58,38,300,401.0,120300.0
2015-01-06,201501062420433,AIC,36,52,385,403.0,155155.0
2015-01-06,201501062420671,ALICL,45,36,209,1160.0,242440.0
2015-01-06,201501062420670,ALICL,45,59,59,1160.0,68440.0
2015-01-06,201501062420669,ALICL,45,59,59,1160.0,68440.0
2015-01-06,201501062420668,ALICL,45,59,59,1160.0,68440.0
2015-01-06,201501062420661,ALICL,45,33,228,1155.0,263340.0
2015-01-06,201501062420657,ALICL,45,49,59,1154.0,68086.0
2015-01-06,201501062420656,ALICL,45,49,59,1154.0,68086.0
2015-01-06,201501062420348,ALICL,28,29,25,1145.0,28625.0
2015-01-06,201501062420560,ARDBL,21,57,42,143.0,6006.0
2015-01-06,201501062420546,ARDBL,19,25,73,145.0,10585.0
2015-01-06,201501062420535,ARDBL,19,25,52,145.0,7540.0
2015-01-06,201501062420533,ARDBL,21,57,42,143.0,6006.0
2015-01-06,201501062420515,ARDBL,19,25,31,145.0,4495.0
2015-01-06,201501062420502,ARDBL,43,57,21,143.0,3003.0
2015-01-06,201501062420488,ARDBL,19,57,21,144.0,3024.0
2015-01-06,201501062420682,BHBL,28,18,250,155.0,38750.0
2015-01-06,201501062420372,BLDBL,21,39,100,350.0,35000.0
2015-01-06,201501062420371,BLDBL,18,39,100,350.0,35000.0
2015-01-06,201501062420683,CBL,54,49,1000,265.0,265000.0
2015-01-06,201501062420641,CBL,17,49,500,265.0,132500.0
2015-01-06,201501062420640,CBL,21,49,500,265.0,132500.0
2015-01-06,201501062420639,CBL,16,49,500,265.0,132500.0
2015-01-06,201501062420427,CBL,49,49,500,267.0,133500.0
2015-01-06,201501062420676,CCBL,51,59,40,287.0,11480.0
2015-01-06,201501062420675,CCBL,29,8,652,290.0,189080.0
2015-01-06,201501062420667,CCBL,51,59,31,287.0,8897.0
2015-01-06,201501062420666,CCBL,47,25,40,290.0,11600.0
2015-01-06,201501062420665,CCBL,47,25,40,290.0,11600.0
2015-01-06,201501062420653,CCBL,58,25,40,290.0,11600.0
2015-01-06,201501062420186,CCBL,58,21,40,289.0,11560.0
2015-01-06,201501062420185,CCBL,58,21,40,289.0,11560.0
2015-01-06,201501062420184,CCBL,58,21,40,289.0,11560.0
2015-01-06,201501062420442,CCBL,47,25,40,289.0,11560.0
2015-01-06,201501062420440,CCBL,47,25,40,289.0,11560.0
2015-01-06,201501062420199,CCBL,58,14,40,289.0,11560.0
2015-01-06,201501062420194,CCBL,58,14,40,289.0,11560.0
2015-01-06,201501062420188,CCBL,58,21,40,289.0,11560.0
2015-01-06,201501062420187,CCBL,58,21,40,289.0,11560.0
2015-01-06,201501062420635,CCBL,58,40,40,290.0,11600.0
2015-01-06,201501062420634,CCBL,58,6,400,290.0,116000.0
2015-01-06,201501062420601,CCBL,47,6,39,289.0,11271.0
2015-01-06,201501062420451,CCBL,47,25,40,289.0,11560.0
2015-01-06,201501062420446,CCBL,47,25,40,289.0,11560.0
2015-01-06,201501062420444,CCBL,47,25,40,289.0,11560.0
2015-01-06,201501062420652,CCBL,58,25,40,290.0,11600.0
2015-01-06,201501062420651,CCBL,58,25,40,290.0,11600.0
2015-01-06,201501062420650,CCBL,58,25,40,290.0,11600.0
2015-01-06,201501062420649,CCBL,58,25,40,290.0,11600.0
2015-01-06,201501062420648,CCBL,58,25,40,290.0,11600.0
2015-01-06,201501062420636,CCBL,58,25,40,290.0,11600.0
2015-01-06,201501062420591,CDBL,1,44,31,318.0,9858.0
2015-01-06,201501062420401,CFCL,25,50,1076,153.0,164628.0
2015-01-06,201501062420684,CHCL,38,43,390,1691.0,659490.0
2015-01-06,201501062420664,CHCL,29,58,54,1700.0,91800.0
2015-01-06,201501062420655,CHCL,29,46,118,1700.0,200600.0
2015-01-06,201501062420617,CHCL,21,58,54,1702.0,91908.0
2015-01-06,201501062420574,CHCL,43,49,100,1698.0,169800.0
2015-01-06,201501062420547,CHCL,14,5,10,1701.0,17010.0
2015-01-06,201501062420343,CHCL,17,48,18,1700.0,30600.0
2015-01-06,201501062420284,CHCL,42,41,106,1698.0,179988.0
2015-01-06,201501062420257,CHCL,42,42,36,1700.0,61200.0
2015-01-06,201501062420248,CHCL,42,42,36,1700.0,61200.0
2015-01-06,201501062420247,CHCL,42,32,90,1700.0,153000.0
2015-01-06,201501062420242,CHCL,49,49,200,1698.0,339600.0
2015-01-06,201501062420475,CHCL,13,5,50,1701.0,85050.0
2015-01-06,201501062420459,CHCL,38,38,220,1695.0,372900.0
2015-01-06,201501062420441,CHCL,13,33,50,1701.0,85050.0
2015-01-06,201501062420425,CHCL,5,17,100,1700.0,170000.0
2015-01-06,201501062420355,CHCL,54,52,200,1699.0,339800.0
2015-01-06,201501062420353,CHCL,40,17,174,1697.0,295278.0
2015-01-06,201501062420660,CIT,46,6,40,3000.0,120000.0
2015-01-06,201501062420659,CIT,45,6,50,3005.0,150250.0
2015-01-06,201501062420615,CIT,6,51,10,3025.0,30250.0
2015-01-06,201501062420495,CIT,45,19,10,3005.0,30050.0
2015-01-06,201501062420330,CIVIC,17,16,162,282.0,45684.0
2015-01-06,201501062420674,CNDBL,1,13,1390,173.0,240470.0
2015-01-06,201501062420633,CZBIL,50,13,24,430.0,10320.0
2015-01-06,201501062420632,CZBIL,50,13,24,430.0,10320.0
2015-01-06,201501062420631,CZBIL,50,32,73,430.0,31390.0
2015-01-06,201501062420307,CZBIL,45,1,37,431.0,15947.0
2015-01-06,201501062420306,CZBIL,45,1,50,430.0,21500.0
2015-01-06,201501062420265,CZBIL,26,59,213,429.0,91377.0
2015-01-06,201501062420527,CZBIL,45,7,84,430.0,36120.0
2015-01-06,201501062420496,CZBIL,50,39,77,428.0,32956.0
2015-01-06,201501062420678,DDBL,22,14,43,1129.0,48547.0
2015-01-06,201501062420644,DDBL,59,59,200,1109.0,221800.0
2015-01-06,201501062420643,DDBL,59,59,200,1109.0,221800.0
2015-01-06,201501062420627,DDBL,22,14,50,1129.0,56450.0
2015-01-06,201501062420618,DDBL,32,59,200,1115.0,223000.0
2015-01-06,201501062420368,DDBL,36,36,300,1129.0,338700.0
2015-01-06,201501062420352,DDBL,36,36,37,1137.0,42069.0
2015-01-06,201501062420258,DDBL,1,35,100,1130.0,113000.0
2015-01-06,201501062420197,DDBL,16,46,100,1120.0,112000.0
2015-01-06,201501062420193,DDBL,16,36,29,1115.0,32335.0
2015-01-06,201501062420573,EBL,54,50,169,1950.0,329550.0
2015-01-06,201501062420562,EBL,26,22,99,1962.0,194238.0
2015-01-06,201501062420325,EBL,57,44,437,1959.0,856083.0
2015-01-06,201501062420324,EBL,57,13,200,1955.0,391000.0
2015-01-06,201501062420282,EBL,29,16,19,1963.0,37297.0
2015-01-06,201501062420281,EBL,29,11,23,1960.0,45080.0
2015-01-06,201501062420261,EBL,36,13,200,1954.0,390800.0
2015-01-06,201501062420679,EKBL,6,55,33,205.0,6765.0
2015-01-06,201501062420506,EKBL,6,52,33,206.0,6798.0
2015-01-06,201501062420458,EKBL,6,52,33,206.0,6798.0
2015-01-06,201501062420452,EKBL,6,52,33,205.0,6765.0
2015-01-06,201501062420422,EKBL,6,45,16,205.0,3280.0
2015-01-06,201501062420421,EKBL,6,45,16,205.0,3280.0
2015-01-06,201501062420419,EKBL,54,45,16,205.0,3280.0
2015-01-06,201501062420418,EKBL,6,45,16,206.0,3296.0
2015-01-06,201501062420415,EKBL,26,45,233,205.0,47765.0
2015-01-06,201501062420388,EKBL,6,52,33,206.0,6798.0
2015-01-06,201501062420226,EKBL,57,13,500,206.0,103000.0
2015-01-06,201501062420210,EKBL,26,25,110,209.0,22990.0
2015-01-06,201501062420447,FMDBL,44,32,247,969.0,239343.0
2015-01-06,201501062420263,FMDBL,22,58,500,955.0,477500.0
2015-01-06,201501062420196,FMDBL,22,58,500,955.0,477500.0
2015-01-06,201501062420271,GBBL,40,39,55,326.0,17930.0
2015-01-06,201501062420255,GBBL,40,56,52,325.0,16900.0
2015-01-06,201501062420246,GBBL,40,49,17,321.0,5457.0
2015-01-06,201501062420589,GBIME,16,7,35,503.0,17605.0
2015-01-06,201501062420494,GBIME,38,38,266,500.0,133000.0
2015-01-06,201501062420472,GBIME,44,44,300,503.0,150900.0
2015-01-06,201501062420469,GBIME,44,8,177,502.0,88854.0
2015-01-06,201501062420373,GBIME,34,14,278,502.0,139556.0
2015-01-06,201501062420370,GBIME,22,33,22,504.0,11088.0
2015-01-06,201501062420259,GBIME,29,41,100,501.0,50100.0
2015-01-06,201501062420510,GLICL,43,7,28,543.0,15204.0
2015-01-06,201501062420599,GRAND,36,56,500,166.0,83000.0
2015-01-06,201501062420588,GRAND,1,54,500,165.0,82500.0
2015-01-06,201501062420473,GRAND,29,7,97,165.0,16005.0
2015-01-06,201501062420276,GRAND,58,33,1096,165.0,180840.0
2015-01-06,201501062420189,GRAND,21,56,1000,166.0,166000.0
2015-01-06,201501062420561,GRAND,1,54,500,165.0,82500.0
2015-01-06,201501062420538,GRAND,16,54,1000,163.0,163000.0
2015-01-06,201501062420511,GRAND,26,54,2000,162.0,324000.0
2015-01-06,201501062420504,GRAND,16,54,1000,163.0,163000.0
2015-01-06,201501062420497,HAMA,14,39,500,120.0,60000.0
2015-01-06,201501062420493,HAMA,14,50,70,118.0,8260.0
2015-01-06,201501062420490,HAMA,47,41,740,116.0,85840.0
2015-01-06,201501062420443,HBDL,29,14,145,99.0,14355.0
2015-01-06,201501062420439,HBDL,29,1,500,98.0,49000.0
2015-01-06,201501062420315,HBDL,7,38,1000,97.0,97000.0
2015-01-06,201501062420237,HBDL,7,1,500,97.0,48500.0
2015-01-06,201501062420673,HBL,32,29,84,805.0,67620.0
2015-01-06,201501062420623,HBL,49,49,1341,805.0,1079505.0
2015-01-06,201501062420593,HBL,32,29,91,805.0,73255.0
2015-01-06,201501062420558,HBL,32,29,105,805.0,84525.0
2015-01-06,201501062420438,HBL,47,29,106,805.0,85330.0
2015-01-06,201501062420435,HBL,47,29,90,805.0,72450.0
2015-01-06,201501062420267,HBL,47,49,30,805.0,24150.0
2015-01-06,201501062420685,HDL,16,16,100,446.0,44600.0
2015-01-06,201501062420232,HDL,16,8,610,446.0,272060.0
2015-01-06,201501062420256,IDBL,16,42,11,165.0,1815.0
2015-01-06,201501062420432,INDBL,5,39,141,169.0,23829.0
2015-01-06,201501062420323,JBBL,16,58,10,152.0,1520.0
2015-01-06,201501062420662,JBNL,16,20,1000,250.0,250000.0
2015-01-06,201501062420616,JBNL,55,19,540,248.0,133920.0
2015-01-06,201501062420608,JBNL,28,6,72,248.0,17856.0
2015-01-06,201501062420484,JBNL,16,19,85,250.0,21250.0
2015-01-06,201501062420398,JBNL,16,52,106,250.0,26500.0
2015-01-06,201501062420380,JBNL,11,21,172,251.0,43172.0
2015-01-06,201501062420376,JBNL,11,21,320,251.0,80320.0
2015-01-06,201501062420612,JEFL,28,44,210,137.0,28770.0
2015-01-06,201501062420611,JEFL,28,44,210,136.0,28560.0
2015-01-06,201501062420620,KAFIL,19,1,300,207.0,62100.0
2015-01-06,201501062420680,KBL,16,7,351,378.0,132678.0
2015-01-06,201501062420559,KBL,36,13,407,380.0,154660.0
2015-01-06,201501062420369,KBL,6,45,500,380.0,190000.0
2015-01-06,201501062420333,KDBL,55,5,1007,121.0,121847.0
2015-01-06,201501062420243,KDBL,28,29,984,120.0,118080.0
2015-01-06,201501062420240,KDBL,28,5,42,120.0,5040.0
2015-01-06,201501062420270,KEBL,14,19,708,344.0,243552.0
2015-01-06,201501062420251,KEBL,16,14,10,338.0,3380.0
2015-01-06,201501062420672,KMCDB,26,39,30,934.0,28020.0
2015-01-06,201501062420658,KMCDB,22,47,82,928.0,76096.0
2015-01-06,201501062420647,KMCDB,26,34,17,935.0,15895.0
2015-01-06,201501062420638,KMCDB,26,16,30,926.0,27780.0
2015-01-06,201501062420637,KMCDB,26,21,80,920.0,73600.0
2015-01-06,201501062420207,KMCDB,45,39,10,910.0,9100.0
2015-01-06,201501062420206,KMCDB,45,51,10,909.0,9090.0
2015-01-06,201501062420205,KMCDB,45,51,10,909.0,9090.0
2015-01-06,201501062420198,KMCDB,26,21,10,905.0,9050.0
2015-01-06,201501062420268,KMCDB,26,57,17,915.0,15555.0
2015-01-06,201501062420228,KMCDB,53,53,97,911.0,88367.0
2015-01-06,201501062420221,KMCDB,26,11,10,915.0,9150.0
2015-01-06,201501062420220,KMCDB,26,13,10,914.0,9140.0
2015-01-06,201501062420219,KMCDB,26,39,40,913.0,36520.0
2015-01-06,201501062420208,KMCDB,45,39,10,910.0,9100.0
2015-01-06,201501062420392,KMCDB,45,42,10,910.0,9100.0
2015-01-06,201501062420386,KMCDB,45,42,10,910.0,9100.0
2015-01-06,201501062420384,KMCDB,45,42,10,910.0,9100.0
2015-01-06,201501062420300,KMCDB,26,6,82,915.0,75030.0
2015-01-06,201501062420273,KMCDB,26,11,10,915.0,9150.0
2015-01-06,201501062420272,KMCDB,26,11,10,915.0,9150.0
2015-01-06,201501062420413,KMCDB,45,39,10,910.0,9100.0
2015-01-06,201501062420407,KMCDB,45,39,10,910.0,9100.0
2015-01-06,201501062420404,KMCDB,45,39,10,910.0,9100.0
2015-01-06,201501062420403,KMCDB,45,39,10,910.0,9100.0
2015-01-06,201501062420400,KMCDB,45,39,10,910.0,9100.0
2015-01-06,201501062420426,KMCDB,45,39,10,910.0,9100.0
2015-01-06,201501062420423,KMCDB,45,39,10,910.0,9100.0
2015-01-06,201501062420417,KMCDB,45,39,10,910.0,9100.0
2015-01-06,201501062420531,KMCDB,26,16,50,920.0,46000.0
2015-01-06,201501062420520,KMCDB,26,34,17,920.0,15640.0
2015-01-06,201501062420509,KMCDB,26,25,33,919.0,30327.0
2015-01-06,201501062420505,KMCDB,26,25,49,919.0,45031.0
2015-01-06,201501062420552,KMCDB,26,40,10,933.0,9330.0
2015-01-06,201501062420542,KMCDB,26,11,10,925.0,9250.0
2015-01-06,201501062420541,KMCDB,26,6,10,925.0,9250.0
2015-01-06,201501062420540,KMCDB,26,5,10,923.0,9230.0
2015-01-06,201501062420532,KMCDB,26,42,30,920.0,27600.0
2015-01-06,201501062420349,KRBL,41,1,10,151.0,1510.0
2015-01-06,201501062420642,LBL,13,59,150,490.0,73500.0
2015-01-06,201501062420209,LBL,26,43,223,491.0,109493.0
2015-01-06,201501062420503,LBL,36,11,15,500.0,7500.0
2015-01-06,201501062420405,LBL,29,56,184,493.0,90712.0
2015-01-06,201501062420424,LICN,34,45,100,3140.0,314000.0
2015-01-06,201501062420231,LICN,34,49,100,3130.0,313000.0
2015-01-06,201501062420346,LLBS,22,39,10,720.0,7200.0
2015-01-06,201501062420345,LLBS,22,39,10,720.0,7200.0
2015-01-06,201501062420344,LLBS,22,39,10,720.0,7200.0
2015-01-06,201501062420335,LLBS,22,57,23,720.0,16560.0
2015-01-06,201501062420318,LLBS,6,26,10,718.0,7180.0
2015-01-06,201501062420317,LLBS,6,26,10,718.0,7180.0
2015-01-06,201501062420217,LLBS,45,57,23,720.0,16560.0
2015-01-06,201501062420191,LLBS,45,10,10,720.0,7200.0
2015-01-06,201501062420482,LUBL,36,5,292,340.0,99280.0
2015-01-06,201501062420474,LUBL,45,5,10,342.0,3420.0
2015-01-06,201501062420362,LUBL,51,39,150,341.0,51150.0
2015-01-06,201501062420314,LUBL,36,48,200,344.0,68800.0
2015-01-06,201501062420291,LUBL,36,39,150,343.0,51450.0
2015-01-06,201501062420249,LUBL,36,39,100,343.0,34300.0
2015-01-06,201501062420279,LUBLPO,45,57,10000,153.0,1530000.0
2015-01-06,201501062420326,MBBL,26,53,50,155.0,7750.0
2015-01-06,201501062420212,MBBL,25,55,143,153.0,21879.0
2015-01-06,201501062420379,MBL,25,20,871,550.0,479050.0
2015-01-06,201501062420296,MBL,25,20,1000,550.0,550000.0
2015-01-06,201501062420241,MDBL,36,52,1000,145.0,145000.0
2015-01-06,201501062420575,MEGA,35,19,32,370.0,11840.0
2015-01-06,201501062420214,METRO,26,32,49,312.0,15288.0
2015-01-06,201501062420202,METRO,39,32,12,306.0,3672.0
2015-01-06,201501062420358,MLBBL,1,49,123,1060.0,130380.0
2015-01-06,201501062420287,MLBBL,32,48,25,1078.0,26950.0
2015-01-06,201501062420286,MLBBL,32,45,10,1078.0,10780.0
2015-01-06,201501062420434,MMDBL,21,19,10,445.0,4450.0
2015-01-06,201501062420430,MMDBL,21,1,10,445.0,4450.0
2015-01-06,201501062420416,MMDBL,21,1,10,445.0,4450.0
2015-01-06,201501062420399,MMDBL,21,19,10,445.0,4450.0
2015-01-06,201501062420537,MNBBL,56,38,193,496.0,95728.0
2015-01-06,201501062420477,MNBBL,29,22,100,500.0,50000.0
2015-01-06,201501062420454,MNBBL,45,6,625,497.0,310625.0
2015-01-06,201501062420377,MNBBL,39,41,110,500.0,55000.0
2015-01-06,201501062420227,MNBBL,40,6,210,497.0,104370.0
2015-01-06,201501062420487,MPFL,41,47,50,116.0,5800.0
2015-01-06,201501062420622,NABIL,41,29,79,1852.0,146308.0
2015-01-06,201501062420609,NABIL,41,50,20,1852.0,37040.0
2015-01-06,201501062420595,NABIL,10,50,180,1853.0,333540.0
2015-01-06,201501062420498,NABIL,40,29,86,1855.0,159530.0
2015-01-06,201501062420394,NABIL,19,16,56,1862.0,104272.0
2015-01-06,201501062420471,NABILP,8,14,200,1290.0,258000.0
2015-01-06,201501062420252,NABILP,8,49,500,1290.0,645000.0
2015-01-06,201501062420216,NABILP,14,13,52,1296.0,67392.0
2015-01-06,201501062420201,NABILP,19,19,1000,1290.0,1290000.0
2015-01-06,201501062420492,NBB,48,7,200,458.0,91600.0
2015-01-06,201501062420429,NBB,5,45,125,458.0,57250.0
2015-01-06,201501062420361,NBB,16,53,10,461.0,4610.0
2015-01-06,201501062420507,NBBL,22,28,11,1845.0,20295.0
2015-01-06,201501062420629,NBL,50,33,500,342.0,171000.0
2015-01-06,201501062420614,NBL,56,33,500,341.0,170500.0
2015-01-06,201501062420586,NBL,32,33,1100,341.0,375100.0
2015-01-06,201501062420585,NBL,21,33,1000,341.0,341000.0
2015-01-06,201501062420584,NBL,52,33,500,341.0,170500.0
2015-01-06,201501062420582,NBL,32,33,500,342.0,171000.0
2015-01-06,201501062420382,NBL,29,33,500,345.0,172500.0
2015-01-06,201501062420378,NBL,50,8,1000,343.0,343000.0
2015-01-06,201501062420337,NBL,17,20,506,344.0,174064.0
2015-01-06,201501062420334,NBL,34,33,200,344.0,68800.0
2015-01-06,201501062420245,NBL,32,20,498,344.0,171312.0
2015-01-06,201501062420200,NBL,56,33,500,345.0,172500.0
2015-01-06,201501062420581,NBL,41,33,200,342.0,68400.0
2015-01-06,201501062420580,NBL,21,33,100,343.0,34300.0
2015-01-06,201501062420579,NBL,7,33,100,343.0,34300.0
2015-01-06,201501062420528,NBL,32,8,1100,343.0,377300.0
2015-01-06,201501062420393,NBL,29,8,550,343.0,188650.0
2015-01-06,201501062420383,NBL,29,6,475,346.0,164350.0
2015-01-06,201501062420402,NCCB,56,52,400,570.0,228000.0
2015-01-06,201501062420190,NCCB,56,45,231,570.0,131670.0
2015-01-06,201501062420621,NCDB,18,4,200,177.0,35400.0
2015-01-06,201501062420336,NCDB,18,8,37,180.0,6660.0
2015-01-06,201501062420332,NCDB,18,48,71,179.0,12709.0
2015-01-06,201501062420329,NCDB,18,48,71,179.0,12709.0
2015-01-06,201501062420327,NCDB,18,4,115,178.0,20470.0
2015-01-06,201501062420431,NGBL,26,22,60,270.0,16200.0
2015-01-06,201501062420571,NHPC,25,25,1000,120.0,120000.0
2015-01-06,201501062420570,NHPC,25,25,1000,120.0,120000.0
2015-01-06,201501062420569,NHPC,18,25,1000,120.0,120000.0
2015-01-06,201501062420568,NHPC,44,25,5000,120.0,600000.0
2015-01-06,201501062420567,NHPC,44,25,3000,120.0,360000.0
2015-01-06,201501062420566,NHPC,17,25,500,120.0,60000.0
2015-01-06,201501062420514,NHPC,16,25,1000,123.0,123000.0
2015-01-06,201501062420513,NHPC,1,25,500,123.0,61500.0
2015-01-06,201501062420512,NHPC,17,25,200,124.0,24800.0
2015-01-06,201501062420554,NHPC,51,25,1000,121.0,121000.0
2015-01-06,201501062420526,NHPC,39,25,500,122.0,61000.0
2015-01-06,201501062420525,NHPC,18,25,1000,122.0,122000.0
2015-01-06,201501062420524,NHPC,49,25,1000,122.0,122000.0
2015-01-06,201501062420523,NHPC,16,25,1000,122.0,122000.0
2015-01-06,201501062420522,NHPC,39,25,700,122.0,85400.0
2015-01-06,201501062420565,NHPC,43,25,500,120.0,60000.0
2015-01-06,201501062420564,NHPC,48,25,2000,120.0,240000.0
2015-01-06,201501062420563,NHPC,21,25,1000,120.0,120000.0
2015-01-06,201501062420557,NHPC,18,25,1000,121.0,121000.0
2015-01-06,201501062420556,NHPC,46,25,500,121.0,60500.0
2015-01-06,201501062420555,NHPC,49,25,3000,121.0,363000.0
2015-01-06,201501062420350,NIB,44,47,408,735.0,299880.0
2015-01-06,201501062420347,NIB,49,44,154,740.0,113960.0
2015-01-06,201501062420266,NIB,25,45,200,736.0,147200.0
2015-01-06,201501062420480,NIBPO,11,43,500,490.0,245000.0
2015-01-06,201501062420479,NIBPO,11,45,650,490.0,318500.0
2015-01-06,201501062420596,NICA,54,19,25,661.0,16525.0
2015-01-06,201501062420455,NICA,21,7,100,663.0,66300.0
2015-01-06,201501062420331,NICA,50,25,100,662.0,66200.0
2015-01-06,201501062420322,NICA,36,25,200,662.0,132400.0
2015-01-06,201501062420316,NICA,5,25,100,663.0,66300.0
2015-01-06,201501062420297,NICA,34,25,200,663.0,132600.0
2015-01-06,201501062420288,NICA,5,25,100,665.0,66500.0
2015-01-06,201501062420224,NICA,5,8,25,664.0,16600.0
2015-01-06,201501062420222,NICA,5,8,25,663.0,16575.0
2015-01-06,201501062420290,NLBBL,32,14,71,1243.0,88253.0
2015-01-06,201501062420285,NLBBL,32,18,30,1240.0,37200.0
2015-01-06,201501062420630,NLG,11,36,236,673.0,158828.0
2015-01-06,201501062420663,NLIC,44,16,15,4346.0,65190.0
2015-01-06,201501062420628,NLIC,5,52,50,4325.0,216250.0
2015-01-06,201501062420610,NLIC,5,49,280,4323.0,1210440.0
2015-01-06,201501062420602,NLIC,5,33,100,4325.0,432500.0
2015-01-06,201501062420597,NLIC,34,44,40,4330.0,173200.0
2015-01-06,201501062420590,NLIC,25,6,150,4325.0,648750.0
2015-01-06,201501062420517,NLIC,13,16,70,4328.0,302960.0
2015-01-06,201501062420516,NLIC,13,33,100,4325.0,432500.0
2015-01-06,201501062420613,NLICL,44,17,275,2240.0,616000.0
2015-01-06,201501062420607,NLICL,44,17,302,2235.0,674970.0
2015-01-06,201501062420600,NLICL,44,51,44,2234.0,98296.0
2015-01-06,201501062420521,NLICL,33,45,500,2230.0,1115000.0
2015-01-06,201501062420467,NLICL,10,51,100,2237.0,223700.0
2015-01-06,201501062420414,NLICL,25,51,200,2235.0,447000.0
2015-01-06,201501062420391,NLICL,25,51,50,2242.0,112100.0
2015-01-06,201501062420320,NLICL,40,51,100,2239.0,223900.0
2015-01-06,201501062420302,NLICL,59,51,200,2235.0,447000.0
2015-01-06,201501062420274,NLICL,53,51,200,2235.0,447000.0
2015-01-06,201501062420260,NLICL,34,51,200,2235.0,447000.0
2015-01-06,201501062420211,NLICL,19,21,50,2255.0,112750.0
2015-01-06,201501062420351,NMBSF1,11,21,5000,10.5,52500.0
2015-01-06,201501062420312,NMBSF1,1,26,1000,10.5,10500.0
2015-01-06,201501062420293,NMBSF1,5,21,5000,10.45,52250.0
2015-01-06,201501062420578,NNFC,45,43,550,277.0,152350.0
2015-01-06,201501062420606,NNLB,18,21,523,917.0,479591.0
2015-01-06,201501062420605,NNLB,18,6,10,917.0,9170.0
2015-01-06,201501062420604,NNLB,18,6,10,917.0,9170.0
2015-01-06,201501062420603,NNLB,18,39,50,917.0,45850.0
2015-01-06,201501062420530,NNLB,22,51,10,907.0,9070.0
2015-01-06,201501062420339,NNLB,14,51,10,905.0,9050.0
2015-01-06,201501062420529,NNLB,22,51,10,905.0,9050.0
2015-01-06,201501062420357,NNLB,22,51,10,905.0,9050.0
2015-01-06,201501062420356,NNLB,22,51,10,905.0,9050.0
2015-01-06,201501062420340,NNLB,14,51,10,905.0,9050.0
2015-01-06,201501062420592,NTC,8,11,100,603.0,60300.0
2015-01-06,201501062420244,NTC,45,56,100,602.0,60200.0
2015-01-06,201501062420321,NUBL,22,39,20,1300.0,26000.0
2015-01-06,201501062420625,OHL,48,18,20,635.0,12700.0
2015-01-06,201501062420359,PADBL,38,29,30,365.0,10950.0
2015-01-06,201501062420646,PCBL,8,8,100,443.0,44300.0
2015-01-06,201501062420645,PCBL,8,8,500,443.0,221500.0
2015-01-06,201501062420572,PCBL,44,32,139,440.0,61160.0
2015-01-06,201501062420501,PCBL,11,8,100,443.0,44300.0
2015-01-06,201501062420500,PCBL,11,8,100,443.0,44300.0
2015-01-06,201501062420499,PCBL,11,8,100,443.0,44300.0
2015-01-06,201501062420476,PCBL,8,8,500,440.0,220000.0
2015-01-06,201501062420305,PCBL,40,8,500,439.0,219500.0
2015-01-06,201501062420304,PCBL,45,8,200,440.0,88000.0
2015-01-06,201501062420303,PCBL,38,8,200,440.0,88000.0
2015-01-06,201501062420203,PCBL,29,11,20,447.0,8940.0
2015-01-06,201501062420275,PFCLL,47,17,95,106.0,10070.0
2015-01-06,201501062420466,PLIC,34,32,13,980.0,12740.0
2015-01-06,201501062420410,PLIC,13,32,13,976.0,12688.0
2015-01-06,201501062420409,PLIC,34,41,13,980.0,12740.0
2015-01-06,201501062420313,PLIC,35,21,107,980.0,104860.0
2015-01-06,201501062420294,PLIC,35,41,144,979.0,140976.0
2015-01-06,201501062420544,RBS,1,28,26,6100.0,158600.0
2015-01-06,201501062420539,RBS,1,7,10,6095.0,60950.0
2015-01-06,201501062420534,RBS,1,14,60,6050.0,363000.0
2015-01-06,201501062420396,RBS,32,6,20,6000.0,120000.0
2015-01-06,201501062420551,REDBL,17,47,17,185.0,3145.0
2015-01-06,201501062420587,RHPC,39,51,100,479.0,47900.0
2015-01-06,201501062420342,RHPC,32,32,93,478.0,44454.0
2015-01-06,201501062420213,RHPC,25,51,100,479.0,47900.0
2015-01-06,201501062420192,RHPC,47,49,11,480.0,5280.0
2015-01-06,201501062420486,RLFL,18,47,50,134.0,6700.0
2015-01-06,201501062420485,RLFL,18,47,50,134.0,6700.0
2015-01-06,201501062420543,SADBL,5,45,315,295.0,92925.0
2015-01-06,201501062420536,SANIMA,25,26,200,539.0,107800.0
2015-01-06,201501062420518,SANIMA,25,7,30,540.0,16200.0
2015-01-06,201501062420411,SANIMA,16,47,90,540.0,48600.0
2015-01-06,201501062420262,SANIMA,25,49,147,540.0,79380.0
2015-01-06,201501062420236,SANIMA,16,47,429,539.0,231231.0
2015-01-06,201501062420230,SANIMA,16,14,500,539.0,269500.0
2015-01-06,201501062420229,SANIMA,25,47,1493,540.0,806220.0
2015-01-06,201501062420225,SANIMA,57,14,500,540.0,270000.0
2015-01-06,201501062420408,SBI,19,42,220,950.0,209000.0
2015-01-06,201501062420354,SBI,47,14,1522,950.0,1445900.0
2015-01-06,201501062420218,SBI,47,42,221,945.0,208845.0
2015-01-06,201501062420478,SBL,6,14,10,658.0,6580.0
2015-01-06,201501062420457,SBL,6,10,360,658.0,236880.0
2015-01-06,201501062420375,SBL,25,45,34,660.0,22440.0
2015-01-06,201501062420238,SBL,25,54,404,660.0,266640.0
2015-01-06,201501062420235,SBL,25,4,127,662.0,84074.0
2015-01-06,201501062420215,SBL,50,25,115,661.0,76015.0
2015-01-06,201501062420204,SBL,36,14,36,661.0,23796.0
2015-01-06,201501062420195,SBL,14,4,110,662.0,72820.0
2015-01-06,201501062420280,SDBL,55,52,500,158.0,79000.0
2015-01-06,201501062420464,SEOS,22,17,5000,10.25,51250.0
2015-01-06,201501062420366,SEWA,48,28,23,275.0,6325.0
2015-01-06,201501062420310,SHBL,16,39,10,485.0,4850.0
2015-01-06,201501062420301,SHBL,16,39,10,485.0,4850.0
2015-01-06,201501062420299,SHBL,45,39,10,485.0,4850.0
2015-01-06,201501062420298,SHBL,45,39,10,485.0,4850.0
2015-01-06,201501062420295,SHBL,45,39,10,485.0,4850.0
2015-01-06,201501062420292,SHBL,45,39,10,485.0,4850.0
2015-01-06,201501062420289,SHBL,45,39,10,485.0,4850.0
2015-01-06,201501062420677,SHL,57,56,100,475.0,47500.0
2015-01-06,201501062420548,SHPC,14,13,18,718.0,12924.0
2015-01-06,201501062420374,SHPC,16,45,18,717.0,12906.0
2015-01-06,201501062420367,SHPC,41,45,18,717.0,12906.0
2015-01-06,201501062420365,SHPC,19,45,18,718.0,12924.0
2015-01-06,201501062420363,SHPC,26,45,18,718.0,12924.0
2015-01-06,201501062420311,SHPC,19,26,126,719.0,90594.0
2015-01-06,201501062420239,SHPC,41,53,10,719.0,7190.0
2015-01-06,201501062420681,SIC,38,58,500,1190.0,595000.0
2015-01-06,201501062420328,SIC,6,35,200,1202.0,240400.0
2015-01-06,201501062420545,SICL,13,28,72,809.0,58248.0
2015-01-06,201501062420338,SICL,22,37,40,800.0,32000.0
2015-01-06,201501062420598,SIGS1,26,21,500,15.05,7525.0
2015-01-06,201501062420594,SIGS1,26,21,500,15.05,7525.0
2015-01-06,201501062420553,SIL,7,41,25,755.0,18875.0
2015-01-06,201501062420508,SIL,44,41,103,750.0,77250.0
2015-01-06,201501062420428,SIL,36,41,588,752.0,442176.0
2015-01-06,201501062420395,SIL,32,41,80,750.0,60000.0
2015-01-06,201501062420389,SKBBL,21,45,12,1301.0,15612.0
2015-01-06,201501062420387,SKBBL,6,45,12,1302.0,15624.0
2015-01-06,201501062420385,SKBBL,40,45,12,1304.0,15648.0
2015-01-06,201501062420381,SKBBL,13,45,12,1305.0,15660.0
2015-01-06,201501062420223,SKBBL,29,29,19,1305.0,24795.0
2015-01-06,201501062420489,SLICL,1,28,180,632.0,113760.0
2015-01-06,201501062420481,SLICL,1,28,291,633.0,184203.0
2015-01-06,201501062420406,SLICL,42,47,160,640.0,102400.0
2015-01-06,201501062420360,SLICL,49,56,99,644.0,63756.0
2015-01-06,201501062420309,SLICL,49,11,30,644.0,19320.0
2015-01-06,201501062420308,SLICL,49,11,30,644.0,19320.0
2015-01-06,201501062420283,SLICL,49,13,34,643.0,21862.0
2015-01-06,201501062420278,SLICL,37,47,42,641.0,26922.0
2015-01-06,201501062420470,SRBL,54,51,650,412.0,267800.0
2015-01-06,201501062420465,SRBL,54,43,1000,411.0,411000.0
2015-01-06,201501062420456,SRBL,34,32,500,410.0,205000.0
2015-01-06,201501062420445,SRBL,45,51,416,412.0,171392.0
2015-01-06,201501062420412,SRBL,38,58,147,412.0,60564.0
2015-01-06,201501062420264,SRBL,45,1,371,411.0,152481.0
2015-01-06,201501062420254,SRBL,45,33,1050,410.0,430500.0
2015-01-06,201501062420253,SRBL,26,36,120,413.0,49560.0
2015-01-06,201501062420234,SRBL,45,17,48,413.0,19824.0
2015-01-06,201501062420233,SRBL,45,17,100,412.0,41200.0
2015-01-06,201501062420550,VBBL,4,10,20,130.0,2600.0
2015-01-06,201501062420549,VBBL,4,10,30,130.0,3900.0
2015-01-06,201501062420491,VBBL,51,7,8290,128.0,1061120.0
2015-01-06,201501062420483,VBBL,4,6,20,130.0,2600.0
2015-01-06,201501062420420,VBBL,6,5,20,128.0,2560.0
2015-01-06,201501062420364,VBBL,6,5,50,128.0,6400.0
2015-01-06,201501062420341,VBBL,6,5,20,128.0,2560.0
2015-01-06,201501062420319,VBBL,6,5,20,128.0,2560.0
2015-01-06,201501062420277,VBBL,6,5,50,128.0,6400.0
2015-01-06,201501062420269,VBBL,6,5,50,128.0,6400.0
2015-01-06,201501062418651,ADBL,17,46,50,478.0,23900.0
2015-01-06,201501062418633,ADBL,29,32,30,480.0,14400.0
2015-01-06,201501062418511,AHPC,58,58,21,369.0,7749.0
2015-01-06,201501062418665,ALICL,45,49,100,1168.0,116800.0
2015-01-06,201501062418662,ALICL,45,20,575,1170.0,672750.0
2015-01-06,201501062418659,ALICL,45,50,70,1169.0,81830.0
2015-01-06,201501062418635,ALICL,45,16,356,1168.0,415808.0
2015-01-06,201501062418631,ALICL,45,44,249,1165.0,290085.0
2015-01-06,201501062418539,ALICL,14,34,16,1176.0,18816.0
2015-01-06,201501062418538,ALICL,14,25,20,1176.0,23520.0
2015-01-06,201501062418535,ALICL,14,25,29,1175.0,34075.0
2015-01-06,201501062418532,ALICL,14,41,23,1153.0,26519.0
2015-01-06,201501062418671,APEX,28,42,68,118.0,8024.0
2015-01-06,201501062418426,BUDBL,7,44,50,172.0,8600.0
2015-01-06,201501062418585,CBL,14,5,162,259.0,41958.0
2015-01-06,201501062418584,CBL,52,5,165,260.0,42900.0
2015-01-06,201501062418653,CCBL,58,14,40,283.0,11320.0
2015-01-06,201501062418649,CCBL,58,14,40,283.0,11320.0
2015-01-06,201501062418628,CCBL,50,50,40,278.0,11120.0
2015-01-06,201501062418621,CCBL,52,42,40,280.0,11200.0
2015-01-06,201501062418606,CCBL,52,50,40,284.0,11360.0
2015-01-06,201501062418670,CDBL,1,49,31,306.0,9486.0
2015-01-06,201501062418660,CDBL,1,49,11,306.0,3366.0
2015-01-06,201501062418657,CDBL,1,49,11,306.0,3366.0
2015-01-06,201501062418592,CHCL,11,57,40,1701.0,68040.0
2015-01-06,201501062418437,CHCL,36,36,20,1702.0,34040.0
2015-01-06,201501062418664,CZBIL,50,47,13,416.0,5408.0
2015-01-06,201501062418617,CZBIL,14,14,23,412.0,9476.0
2015-01-06,201501062418604,CZBIL,36,42,24,420.0,10080.0
2015-01-06,201501062418674,EBL,44,44,615,1954.0,1201710.0
2015-01-06,201501062418672,EBL,44,14,57,1950.0,111150.0
2015-01-06,201501062418678,EIC,49,49,500,950.0,475000.0
2015-01-06,201501062418613,EKBL,18,39,20,199.0,3980.0
2015-01-06,201501062418612,EKBL,18,39,20,199.0,3980.0
2015-01-06,201501062418611,EKBL,18,39,20,199.0,3980.0
2015-01-06,201501062418610,EKBL,18,39,20,199.0,3980.0
2015-01-06,201501062418609,EKBL,18,39,20,199.0,3980.0
2015-01-06,201501062418598,EKBL,6,50,33,196.0,6468.0
2015-01-06,201501062418593,EKBL,6,50,33,199.0,6567.0
2015-01-06,201501062418527,FMDBL,49,20,59,941.0,55519.0
2015-01-06,201501062418625,GBBL,6,39,108,320.0,34560.0
2015-01-06,201501062418663,GBIME,16,54,225,495.0,111375.0
2015-01-06,201501062418656,GBIME,59,52,127,499.0,63373.0
2015-01-06,201501062418620,GBIME,16,42,262,499.0,130738.0
2015-01-06,201501062418597,GDBNL,56,10,119611,25.0,2990275.0
2015-01-06,201501062418630,GRAND,6,56,50,170.0,8500.0
2015-01-06,201501062418615,GRAND,16,14,231,167.0,38577.0
2015-01-06,201501062418679,HBDL,19,46,13,98.0,1274.0
2015-01-06,201501062418682,HBL,22,11,75,800.0,60000.0
2015-01-06,201501062418639,HDL,16,22,60,408.0,24480.0
2015-01-06,201501062418591,HDL,16,16,120,400.0,48000.0
2015-01-06,201501062418482,HDL,11,17,50,398.0,19900.0
2015-01-06,201501062418669,KEBL,50,49,13,320.0,4160.0
2015-01-06,201501062418668,KEBL,50,49,13,320.0,4160.0
2015-01-06,201501062418667,KEBL,50,49,13,320.0,4160.0
2015-01-06,201501062418666,KEBL,50,49,13,320.0,4160.0
2015-01-06,201501062418677,KFL,28,28,3290,140.0,460600.0
2015-01-06,201501062418516,KMCDB,26,26,354,907.0,321078.0
2015-01-06,201501062418510,KMCDB,26,8,60,907.0,54420.0
2015-01-06,201501062418509,KMCDB,26,22,10,905.0,9050.0
2015-01-06,201501062418508,KMCDB,26,11,30,900.0,27000.0
2015-01-06,201501062418435,LGIL,52,52,122,395.0,48190.0
2015-01-06,201501062418489,LICN,39,39,105,3090.0,324450.0
2015-01-06,201501062418680,LLBS,10,33,41,708.0,29028.0
2015-01-06,201501062418636,LLBS,1,1,10,708.0,7080.0
2015-01-06,201501062418603,LLBS,33,33,41,706.0,28946.0
2015-01-06,201501062418590,LLBS,43,43,10,710.0,7100.0
2015-01-06,201501062418629,MEGA,8,43,55,375.0,20625.0
2015-01-06,201501062418681,NBB,36,6,400,450.0,180000.0
2015-01-06,201501062418443,NBF1,49,49,659,13.45,8864.0
2015-01-06,201501062418441,NBF1,49,49,659,13.45,8864.0
2015-01-06,201501062418481,NBF1,49,49,659,13.45,8864.0
2015-01-06,201501062418463,NBF1,49,49,659,13.45,8864.0
2015-01-06,201501062418462,NBF1,49,49,659,13.45,8864.0
2015-01-06,201501062418655,NBL,20,38,150,345.0,51750.0
2015-01-06,201501062418646,NBL,36,6,500,345.0,172500.0
2015-01-06,201501062418641,NBL,36,6,500,345.0,172500.0
2015-01-06,201501062418450,NCDB,6,42,12,170.0,2040.0
2015-01-06,201501062418449,NCDB,6,42,12,170.0,2040.0
2015-01-06,201501062418448,NCDB,6,42,12,170.0,2040.0
2015-01-06,201501062418447,NCDB,6,42,12,170.0,2040.0
2015-01-06,201501062418446,NCDB,6,42,12,170.0,2040.0
2015-01-06,201501062418445,NCDB,6,42,12,170.0,2040.0
2015-01-06,201501062418444,NCDB,6,42,12,170.0,2040.0
2015-01-06,201501062418430,NCDB,11,42,12,171.0,2052.0
2015-01-06,201501062418607,NLICL,29,44,100,2270.0,227000.0
2015-01-06,201501062418638,OHL,45,18,70,620.0,43400.0
2015-01-06,201501062418675,PCBL,40,47,27,435.0,11745.0
2015-01-06,201501062418457,PFC,25,25,221,285.0,62985.0
2015-01-06,201501062418436,PFL,14,14,50,201.0,10050.0
2015-01-06,201501062418654,PRVU,22,36,619,273.0,168987.0
2015-01-06,201501062418642,PRVU,6,46,291,273.0,79443.0
2015-01-06,201501062418637,PRVU,59,44,11,273.0,3003.0
2015-01-06,201501062418634,PRVU,57,39,59,273.0,16107.0
2015-01-06,201501062418632,PRVU,42,44,11,273.0,3003.0
2015-01-06,201501062418440,PRVU,25,39,129,258.0,33282.0
2015-01-06,201501062418439,PRVU,14,26,100,258.0,25800.0
2015-01-06,201501062418438,PRVU,22,26,73,253.0,18469.0
2015-01-06,201501062418455,PRVU,45,26,200,273.0,54600.0
2015-01-06,201501062418454,PRVU,45,26,200,273.0,54600.0
2015-01-06,201501062418453,PRVU,45,10,787,268.0,210916.0
2015-01-06,201501062418452,PRVU,20,39,729,268.0,195372.0
2015-01-06,201501062418451,PRVU,20,26,300,268.0,80400.0
2015-01-06,201501062418442,PRVU,59,26,100,263.0,26300.0
2015-01-06,201501062418464,PRVU,59,48,500,273.0,136500.0
2015-01-06,201501062418461,PRVU,14,46,486,273.0,132678.0
2015-01-06,201501062418460,PRVU,6,41,128,273.0,34944.0
2015-01-06,201501062418459,PRVU,20,43,600,273.0,163800.0
2015-01-06,201501062418458,PRVU,45,48,500,273.0,136500.0
2015-01-06,201501062418456,PRVU,45,26,10,273.0,2730.0
2015-01-06,201501062418470,PRVU,49,36,1000,273.0,273000.0
2015-01-06,201501062418469,PRVU,49,43,500,273.0,136500.0
2015-01-06,201501062418468,PRVU,20,41,97,273.0,26481.0
2015-01-06,201501062418467,PRVU,45,48,437,273.0,119301.0
2015-01-06,201501062418466,PRVU,52,41,487,273.0,132951.0
2015-01-06,201501062418465,PRVU,45,38,22,273.0,6006.0
2015-01-06,201501062418477,PRVU,14,48,624,273.0,170352.0
2015-01-06,201501062418476,PRVU,5,43,500,273.0,136500.0
2015-01-06,201501062418475,PRVU,59,44,200,273.0,54600.0
2015-01-06,201501062418474,PRVU,45,44,200,273.0,54600.0
2015-01-06,201501062418473,PRVU,6,44,300,273.0,81900.0
2015-01-06,201501062418472,PRVU,14,38,22,273.0,6006.0
2015-01-06,201501062418485,PRVU,11,48,97,267.0,25899.0
2015-01-06,201501062418484,PRVU,59,45,507,267.0,135369.0
2015-01-06,201501062418483,PRVU,11,50,194,268.0,51992.0
2015-01-06,201501062418480,PRVU,45,44,100,268.0,26800.0
2015-01-06,201501062418479,PRVU,22,26,973,268.0,260764.0
2015-01-06,201501062418478,PRVU,59,44,300,273.0,81900.0
2015-01-06,201501062418492,PRVU,14,56,340,267.0,90780.0
2015-01-06,201501062418491,PRVU,14,48,44,267.0,11748.0
2015-01-06,201501062418490,PRVU,14,44,10,267.0,2670.0
2015-01-06,201501062418488,PRVU,45,32,500,265.0,132500.0
2015-01-06,201501062418487,PRVU,37,44,420,263.0,110460.0
2015-01-06,201501062418486,PRVU,59,44,100,267.0,26700.0
2015-01-06,201501062418498,PRVU,49,25,827,263.0,217501.0
2015-01-06,201501062418497,PRVU,11,16,194,265.0,51410.0
2015-01-06,201501062418496,PRVU,35,57,1998,262.0,523476.0
2015-01-06,201501062418495,PRVU,45,55,24,267.0,6408.0
2015-01-06,201501062418494,PRVU,42,38,1056,263.0,277728.0
2015-01-06,201501062418493,PRVU,14,7,46,267.0,12282.0
2015-01-06,201501062418504,PRVU,8,38,596,263.0,156748.0
2015-01-06,201501062418503,PRVU,8,41,1558,266.0,414428.0
2015-01-06,201501062418502,PRVU,45,55,24,267.0,6408.0
2015-01-06,201501062418501,PRVU,37,54,973,263.0,255899.0
2015-01-06,201501062418500,PRVU,40,55,24,267.0,6408.0
2015-01-06,201501062418499,PRVU,40,7,500,265.0,132500.0
2015-01-06,201501062418514,PRVU,8,25,90,265.0,23850.0
2015-01-06,201501062418513,PRVU,52,20,43,265.0,11395.0
2015-01-06,201501062418512,PRVU,14,44,1000,265.0,265000.0
2015-01-06,201501062418507,PRVU,11,57,486,265.0,128790.0
2015-01-06,201501062418506,PRVU,14,7,500,265.0,132500.0
2015-01-06,201501062418505,PRVU,42,16,1138,263.0,299294.0
2015-01-06,201501062418521,PRVU,42,22,22,265.0,5830.0
2015-01-06,201501062418520,PRVU,52,38,1000,265.0,265000.0
2015-01-06,201501062418519,PRVU,8,54,97,266.0,25802.0
2015-01-06,201501062418518,PRVU,14,39,36,266.0,9576.0
2015-01-06,201501062418517,PRVU,8,22,88,265.0,23320.0
2015-01-06,201501062418515,PRVU,42,51,1537,263.0,404231.0
2015-01-06,201501062418528,PRVU,11,40,418,264.0,110352.0
2015-01-06,201501062418526,PRVU,42,43,1000,263.0,263000.0
2015-01-06,201501062418525,PRVU,28,57,1946,263.0,511798.0
2015-01-06,201501062418524,PRVU,14,44,320,266.0,85120.0
2015-01-06,201501062418523,PRVU,42,22,22,265.0,5830.0
2015-01-06,201501062418522,PRVU,14,40,1000,264.0,264000.0
2015-01-06,201501062418536,PRVU,43,38,1000,266.0,266000.0
2015-01-06,201501062418534,PRVU,17,58,215,268.0,57620.0
2015-01-06,201501062418533,PRVU,14,43,88,265.0,23320.0
2015-01-06,201501062418531,PRVU,17,55,243,267.0,64881.0
2015-01-06,201501062418530,PRVU,17,55,12,267.0,3204.0
2015-01-06,201501062418529,PRVU,11,25,11,265.0,2915.0
2015-01-06,201501062418544,PRVU,59,41,145,270.0,39150.0
2015-01-06,201501062418543,PRVU,35,47,2000,269.0,538000.0
2015-01-06,201501062418542,PRVU,17,55,21,268.0,5628.0
2015-01-06,201501062418541,PRVU,6,54,11,268.0,2948.0
2015-01-06,201501062418540,PRVU,59,40,1000,266.0,266000.0
2015-01-06,201501062418537,PRVU,41,7,700,266.0,186200.0
2015-01-06,201501062418550,PRVU,17,44,11,270.0,2970.0
2015-01-06,201501062418549,PRVU,35,29,577,273.0,157521.0
2015-01-06,201501062418548,PRVU,59,55,973,271.0,263683.0
2015-01-06,201501062418547,PRVU,28,25,11,268.0,2948.0
2015-01-06,201501062418546,PRVU,14,39,44,270.0,11880.0
2015-01-06,201501062418545,PRVU,42,25,11,269.0,2959.0
2015-01-06,201501062418556,PRVU,38,22,24,273.0,6552.0
2015-01-06,201501062418555,PRVU,51,22,26,273.0,7098.0
2015-01-06,201501062418554,PRVU,59,25,11,273.0,3003.0
2015-01-06,201501062418553,PRVU,59,22,10,273.0,2730.0
2015-01-06,201501062418552,PRVU,17,42,11,273.0,3003.0
2015-01-06,201501062418551,PRVU,29,7,300,273.0,81900.0
2015-01-06,201501062418563,PRVU,19,25,11,273.0,3003.0
2015-01-06,201501062418562,PRVU,17,44,11,273.0,3003.0
2015-01-06,201501062418561,PRVU,59,22,36,273.0,9828.0
2015-01-06,201501062418559,PRVU,35,47,2850,273.0,778050.0
2015-01-06,201501062418558,PRVU,17,39,48,273.0,13104.0
2015-01-06,201501062418557,PRVU,45,25,11,273.0,3003.0
2015-01-06,201501062418569,PRVU,55,38,254,273.0,69342.0
2015-01-06,201501062418568,PRVU,29,25,11,273.0,3003.0
2015-01-06,201501062418567,PRVU,35,44,11,273.0,3003.0
2015-01-06,201501062418566,PRVU,45,22,36,273.0,9828.0
2015-01-06,201501062418565,PRVU,17,43,3132,273.0,855036.0
2015-01-06,201501062418564,PRVU,17,38,2000,273.0,546000.0
2015-01-06,201501062418576,PRVU,41,25,12,273.0,3276.0
2015-01-06,201501062418575,PRVU,11,47,92,273.0,25116.0
2015-01-06,201501062418573,PRVU,29,25,11,273.0,3003.0
2015-01-06,201501062418572,PRVU,6,47,194,273.0,52962.0
2015-01-06,201501062418571,PRVU,59,22,22,273.0,6006.0
2015-01-06,201501062418570,PRVU,38,25,11,273.0,3003.0
2015-01-06,201501062418582,PRVU,38,58,300,273.0,81900.0
2015-01-06,201501062418581,PRVU,17,58,200,273.0,54600.0
2015-01-06,201501062418580,PRVU,14,58,100,273.0,27300.0
2015-01-06,201501062418579,PRVU,40,58,400,273.0,109200.0
2015-01-06,201501062418578,PRVU,19,58,500,273.0,136500.0
2015-01-06,201501062418577,PRVU,1,41,1495,273.0,408135.0
2015-01-06,201501062418594,PRVU,29,26,800,273.0,218400.0
2015-01-06,201501062418589,PRVU,38,25,12,273.0,3276.0
2015-01-06,201501062418588,PRVU,45,44,11,273.0,3003.0
2015-01-06,201501062418587,PRVU,17,25,12,273.0,3276.0
2015-01-06,201501062418586,PRVU,14,25,12,273.0,3276.0
2015-01-06,201501062418583,PRVU,38,25,12,273.0,3276.0
2015-01-06,201501062418605,PRVU,57,32,1000,273.0,273000.0
2015-01-06,201501062418602,PRVU,45,32,2000,273.0,546000.0
2015-01-06,201501062418601,PRVU,22,44,946,273.0,258258.0
2015-01-06,201501062418600,PRVU,29,39,132,273.0,36036.0
2015-01-06,201501062418599,PRVU,1,32,2000,273.0,546000.0
2015-01-06,201501062418596,PRVU,14,44,1000,273.0,273000.0
2015-01-06,201501062418626,PRVU,45,45,60000,270.0,16200000.0
2015-01-06,201501062418622,PRVU,45,45,15000,270.0,4050000.0
2015-01-06,201501062418619,PRVU,59,39,183,273.0,49959.0
2015-01-06,201501062418618,PRVU,59,44,110,273.0,30030.0
2015-01-06,201501062418616,PRVU,42,39,45,273.0,12285.0
2015-01-06,201501062418614,PRVU,45,45,26248,268.0,7034464.0
2015-01-06,201501062418608,SBI,28,28,200,955.0,191000.0
2015-01-06,201501062418595,SBI,34,28,200,951.0,190200.0
2015-01-06,201501062418676,SBL,6,7,100,656.0,65600.0
2015-01-06,201501062418627,SBL,25,25,100,644.0,64400.0
2015-01-06,201501062418560,SBL,45,46,112,650.0,72800.0
2015-01-06,201501062418434,SEOS,11,50,4000,10.2,40800.0
2015-01-06,201501062418433,SFL,42,42,208,127.0,26416.0
2015-01-06,201501062418432,SFL,42,42,208,127.0,26416.0
2015-01-06,201501062418431,SFL,42,42,208,127.0,26416.0
2015-01-06,201501062418661,SHBL,14,18,20,495.0,9900.0
2015-01-06,201501062418652,SHBL,14,39,10,495.0,4950.0
2015-01-06,201501062418650,SHBL,14,39,10,495.0,4950.0
2015-01-06,201501062418648,SHBL,14,39,10,495.0,4950.0
2015-01-06,201501062418647,SHBL,14,39,10,495.0,4950.0
2015-01-06,201501062418645,SHBL,14,39,10,495.0,4950.0
2015-01-06,201501062418644,SHBL,14,39,10,495.0,4950.0
2015-01-06,201501062418643,SHBL,14,39,10,495.0,4950.0
2015-01-06,201501062418640,SHBL,14,39,10,495.0,4950.0
2015-01-06,201501062418624,SHPC,55,32,18,710.0,12780.0
2015-01-06,201501062418623,SHPC,55,32,18,710.0,12780.0
2015-01-06,201501062418658,SRBL,26,46,65,400.0,26000.0
2015-01-06,201501062418673,YETI,55,13,40,121.0,4840.0
2015-01-06,201501062418574,YETI,16,10,20,120.0,2400.0
2015-01-06,201501062418429,YETI,42,42,11,122.0,1342.0
2015-01-06,201501062418428,YETI,42,42,40,122.0,4880.0
2015-01-06,201501062418427,YETI,42,22,40,122.0,4880.0
2015-01-06,201501062418841,ADBL,17,58,40,478.0,19120.0
2015-01-06,201501062419023,ADBL,29,57,90,469.0,42210.0
2015-01-06,201501062419167,ALICL,19,41,192,1147.0,220224.0
2015-01-06,201501062419153,ALICL,19,44,29,1152.0,33408.0
2015-01-06,201501062419112,ALICL,40,55,100,1151.0,115100.0
2015-01-06,201501062419030,ALICL,19,8,13,1152.0,14976.0
2015-01-06,201501062418838,ALICL,45,44,850,1160.0,986000.0
2015-01-06,201501062418835,ALICL,19,41,49,1152.0,56448.0
2015-01-06,201501062418782,ALICL,19,14,97,1156.0,112132.0
2015-01-06,201501062418772,ALICL,45,14,471,1155.0,544005.0
2015-01-06,201501062418703,APEX,4,10,30,118.0,3540.0
2015-01-06,201501062418706,APEX,4,10,20,118.0,2360.0
2015-01-06,201501062418882,APEX,4,47,40,118.0,4720.0
2015-01-06,201501062418873,APEX,4,47,40,118.0,4720.0
2015-01-06,201501062418859,APEX,4,47,30,118.0,3540.0
2015-01-06,201501062418910,APEX,29,29,160,118.0,18880.0
2015-01-06,201501062418902,APEX,29,47,30,118.0,3540.0
2015-01-06,201501062418888,APEX,4,47,30,118.0,3540.0
2015-01-06,201501062419060,ARDBL,14,17,42,148.0,6216.0
2015-01-06,201501062419045,ARDBL,14,18,50,146.0,7300.0
2015-01-06,201501062419044,ARDBL,14,39,42,144.0,6048.0
2015-01-06,201501062419043,ARDBL,14,39,42,144.0,6048.0
2015-01-06,201501062419002,ARDBL,55,46,572,145.0,82940.0
2015-01-06,201501062418745,ARDBL,55,18,50,144.0,7200.0
2015-01-06,201501062418943,CBL,42,14,133,275.0,36575.0
2015-01-06,201501062418891,CBL,21,13,153,270.0,41310.0
2015-01-06,201501062418889,CBL,21,22,52,270.0,14040.0
2015-01-06,201501062418886,CBL,21,22,52,270.0,14040.0
2015-01-06,201501062418885,CBL,21,11,97,270.0,26190.0
2015-01-06,201501062418833,CBL,16,19,135,265.0,35775.0
2015-01-06,201501062418802,CBL,39,28,55,265.0,14575.0
2015-01-06,201501062418794,CBL,42,28,55,264.0,14520.0
2015-01-06,201501062418764,CBL,42,6,108,264.0,28512.0
2015-01-06,201501062418760,CBL,21,28,276,260.0,71760.0
2015-01-06,201501062419178,CCBL,1,37,40,289.0,11560.0
2015-01-06,201501062419176,CCBL,1,6,40,288.0,11520.0
2015-01-06,201501062419170,CCBL,1,6,40,288.0,11520.0
2015-01-06,201501062419154,CCBL,16,16,40,288.0,11520.0
2015-01-06,201501062419090,CCBL,48,46,28,285.0,7980.0
2015-01-06,201501062418916,CCBL,1,7,20,283.0,5660.0
2015-01-06,201501062418915,CCBL,1,7,40,283.0,11320.0
2015-01-06,201501062418792,CCBL,52,13,31,282.0,8742.0
2015-01-06,201501062418971,CCBL,6,29,40,282.0,11280.0
2015-01-06,201501062418931,CCBL,1,13,28,283.0,7924.0
2015-01-06,201501062418920,CCBL,1,56,40,283.0,11320.0
2015-01-06,201501062418919,CCBL,1,56,40,283.0,11320.0
2015-01-06,201501062418918,CCBL,1,56,40,283.0,11320.0
2015-01-06,201501062418917,CCBL,1,7,10,283.0,2830.0
2015-01-06,201501062418996,CCBL,48,56,40,285.0,11400.0
2015-01-06,201501062418995,CCBL,48,37,40,285.0,11400.0
2015-01-06,201501062418994,CCBL,48,37,40,285.0,11400.0
2015-01-06,201501062418993,CCBL,48,42,40,284.0,11360.0
2015-01-06,201501062418992,CCBL,48,42,40,284.0,11360.0
2015-01-06,201501062418989,CCBL,6,29,40,282.0,11280.0
2015-01-06,201501062419054,CCBL,16,13,40,287.0,11480.0
2015-01-06,201501062419053,CCBL,16,13,40,287.0,11480.0
2015-01-06,201501062419052,CCBL,16,13,40,287.0,11480.0
2015-01-06,201501062419051,CCBL,16,13,40,287.0,11480.0
2015-01-06,201501062419006,CCBL,48,16,484,285.0,137940.0
2015-01-06,201501062418997,CCBL,48,19,40,285.0,11400.0
2015-01-06,201501062419086,CCBL,48,46,40,285.0,11400.0
2015-01-06,201501062419058,CCBL,16,13,214,287.0,61418.0
2015-01-06,201501062419057,CCBL,16,13,40,287.0,11480.0
2015-01-06,201501062419056,CCBL,16,13,40,287.0,11480.0
2015-01-06,201501062419055,CCBL,16,13,40,287.0,11480.0
2015-01-06,201501062419131,CHCL,1,1,115,1695.0,194925.0
2015-01-06,201501062418914,CHCL,19,55,36,1698.0,61128.0
2015-01-06,201501062418836,CHCL,6,19,100,1698.0,169800.0
2015-01-06,201501062418817,CHCL,43,1,94,1697.0,159518.0
2015-01-06,201501062418816,CHCL,11,1,12,1698.0,20376.0
2015-01-06,201501062418776,CHCL,14,14,110,1700.0,187000.0
2015-01-06,201501062418707,CHCL,42,5,12,1706.0,20472.0
2015-01-06,201501062418700,CHCL,42,33,23,1700.0,39100.0
2015-01-06,201501062419113,CZBIL,45,36,25,422.0,10550.0
2015-01-06,201501062418829,CZBIL,50,42,12,420.0,5040.0
2015-01-06,201501062418775,CZBIL,36,52,21,418.0,8778.0
2015-01-06,201501062418683,CZBIL,26,47,13,420.0,5460.0
2015-01-06,201501062418699,CZBIL,14,14,37,417.0,15429.0
2015-01-06,201501062419133,DDBL,6,6,1000,1070.0,1070000.0
2015-01-06,201501062419004,EKBL,18,50,33,203.0,6699.0
2015-01-06,201501062419001,EKBL,18,44,33,203.0,6699.0
2015-01-06,201501062418998,EKBL,18,1,66,202.0,13332.0
2015-01-06,201501062418988,EKBL,18,40,37,200.0,7400.0
2015-01-06,201501062418984,EKBL,18,40,27,200.0,5400.0
2015-01-06,201501062418982,EKBL,18,50,33,200.0,6600.0
2015-01-06,201501062418712,EKBL,6,39,20,199.0,3980.0
2015-01-06,201501062418711,EKBL,6,39,20,199.0,3980.0
2015-01-06,201501062418710,EKBL,6,39,20,199.0,3980.0
2015-01-06,201501062418856,EKBL,6,44,33,198.0,6534.0
2015-01-06,201501062418796,EKBL,6,45,33,199.0,6567.0
2015-01-06,201501062418716,EKBL,6,39,33,199.0,6567.0
2015-01-06,201501062418715,EKBL,6,39,33,199.0,6567.0
2015-01-06,201501062418714,EKBL,6,39,23,199.0,4577.0
2015-01-06,201501062418713,EKBL,6,39,33,199.0,6567.0
2015-01-06,201501062418870,EKBL,47,44,33,198.0,6534.0
2015-01-06,201501062418867,EKBL,47,44,33,198.0,6534.0
2015-01-06,201501062418862,EKBL,47,44,33,198.0,6534.0
2015-01-06,201501062418860,EKBL,47,44,33,198.0,6534.0
2015-01-06,201501062418858,EKBL,47,44,33,198.0,6534.0
2015-01-06,201501062418857,EKBL,13,44,33,198.0,6534.0
2015-01-06,201501062418887,EKBL,47,44,33,198.0,6534.0
2015-01-06,201501062418881,EKBL,47,44,33,198.0,6534.0
2015-01-06,201501062418879,EKBL,47,44,33,198.0,6534.0
2015-01-06,201501062418878,EKBL,47,44,33,198.0,6534.0
2015-01-06,201501062418877,EKBL,13,44,33,198.0,6534.0
2015-01-06,201501062418871,EKBL,13,44,33,198.0,6534.0
2015-01-06,201501062418901,EKBL,47,44,33,198.0,6534.0
2015-01-06,201501062418899,EKBL,47,44,33,198.0,6534.0
2015-01-06,201501062418897,EKBL,47,44,33,198.0,6534.0
2015-01-06,201501062418894,EKBL,47,44,33,198.0,6534.0
2015-01-06,201501062418893,EKBL,47,44,33,198.0,6534.0
2015-01-06,201501062418892,EKBL,47,44,33,198.0,6534.0
2015-01-06,201501062418924,EKBL,47,44,33,198.0,6534.0
2015-01-06,201501062418923,EKBL,47,44,33,198.0,6534.0
2015-01-06,201501062418921,EKBL,47,44,33,198.0,6534.0
2015-01-06,201501062418913,EKBL,47,44,33,198.0,6534.0
2015-01-06,201501062418912,EKBL,17,44,33,198.0,6534.0
2015-01-06,201501062418909,EKBL,47,44,33,198.0,6534.0
2015-01-06,201501062418942,EKBL,47,44,33,198.0,6534.0
2015-01-06,201501062418940,EKBL,47,44,33,198.0,6534.0
2015-01-06,201501062418939,EKBL,17,44,33,198.0,6534.0
2015-01-06,201501062418937,EKBL,47,44,33,198.0,6534.0
2015-01-06,201501062418932,EKBL,47,44,33,198.0,6534.0
2015-01-06,201501062418925,EKBL,17,44,33,198.0,6534.0
2015-01-06,201501062418950,EKBL,47,44,33,198.0,6534.0
2015-01-06,201501062418948,EKBL,47,44,33,198.0,6534.0
2015-01-06,201501062418947,EKBL,18,44,33,198.0,6534.0
2015-01-06,201501062418946,EKBL,47,44,33,198.0,6534.0
2015-01-06,201501062418945,EKBL,47,44,33,198.0,6534.0
2015-01-06,201501062418944,EKBL,18,44,33,198.0,6534.0
2015-01-06,201501062418959,EKBL,17,44,33,198.0,6534.0
2015-01-06,201501062418958,EKBL,17,44,33,198.0,6534.0
2015-01-06,201501062418957,EKBL,47,44,33,198.0,6534.0
2015-01-06,201501062418956,EKBL,17,44,33,198.0,6534.0
2015-01-06,201501062418955,EKBL,18,44,33,198.0,6534.0
2015-01-06,201501062418954,EKBL,17,44,33,198.0,6534.0
2015-01-06,201501062418970,EKBL,47,44,33,198.0,6534.0
2015-01-06,201501062418969,EKBL,47,44,33,198.0,6534.0
2015-01-06,201501062418968,EKBL,18,44,33,198.0,6534.0
2015-01-06,201501062418966,EKBL,47,44,33,198.0,6534.0
2015-01-06,201501062418964,EKBL,18,44,33,198.0,6534.0
2015-01-06,201501062418960,EKBL,17,44,33,198.0,6534.0
2015-01-06,201501062418980,EKBL,18,50,33,200.0,6600.0
2015-01-06,201501062418977,EKBL,18,44,33,198.0,6534.0
2015-01-06,201501062418975,EKBL,6,44,33,198.0,6534.0
2015-01-06,201501062418974,EKBL,6,44,33,198.0,6534.0
2015-01-06,201501062418973,EKBL,6,44,33,198.0,6534.0
2015-01-06,201501062418972,EKBL,6,44,33,198.0,6534.0
2015-01-06,201501062418726,GBIME,8,8,549,487.0,267363.0
2015-01-06,201501062418911,GLICL,48,48,14,547.0,7658.0
2015-01-06,201501062418908,GLICL,48,48,14,547.0,7658.0
2015-01-06,201501062418906,GLICL,48,48,14,547.0,7658.0
2015-01-06,201501062418874,GLICL,48,48,14,547.0,7658.0
2015-01-06,201501062418869,GLICL,48,48,14,547.0,7658.0
2015-01-06,201501062418864,GLICL,48,48,14,547.0,7658.0
2015-01-06,201501062418861,GLICL,48,48,14,547.0,7658.0
2015-01-06,201501062418795,GLICL,48,48,14,547.0,7658.0
2015-01-06,201501062418780,GLICL,48,48,14,547.0,7658.0
2015-01-06,201501062418779,GLICL,48,48,14,547.0,7658.0
2015-01-06,201501062418777,GLICL,48,48,14,547.0,7658.0
2015-01-06,201501062419005,GRAND,1,33,1000,165.0,165000.0
2015-01-06,201501062418837,GRAND,14,33,1000,166.0,166000.0
2015-01-06,201501062418809,GRAND,45,14,231,165.0,38115.0
2015-01-06,201501062418758,GRAND,16,56,1000,167.0,167000.0
2015-01-06,201501062418757,GRAND,16,56,1000,167.0,167000.0
2015-01-06,201501062418756,GRAND,16,56,1000,167.0,167000.0
2015-01-06,201501062418755,GRAND,16,56,1000,167.0,167000.0
2015-01-06,201501062418754,GRAND,58,56,300,167.0,50100.0
2015-01-06,201501062419174,HAMA,46,49,40,116.0,4640.0
2015-01-06,201501062419173,HAMA,46,41,700,116.0,81200.0
2015-01-06,201501062419149,HAMA,25,49,40,116.0,4640.0
2015-01-06,201501062419146,HAMA,55,41,270,116.0,31320.0
2015-01-06,201501062419132,HAMA,25,49,40,116.0,4640.0
2015-01-06,201501062419091,HAMA,25,49,40,116.0,4640.0
2015-01-06,201501062419085,HAMA,25,49,40,116.0,4640.0
2015-01-06,201501062419066,HAMA,25,49,40,116.0,4640.0
2015-01-06,201501062419114,HBDL,7,1,1000,97.0,97000.0
2015-01-06,201501062419122,HBL,50,7,84,815.0,68460.0
2015-01-06,201501062418797,HBL,8,8,422,800.0,337600.0
2015-01-06,201501062419150,HDL,59,19,20,446.0,8920.0
2015-01-06,201501062419145,HDL,59,19,20,446.0,8920.0
2015-01-06,201501062419065,HDL,59,4,20,446.0,8920.0
2015-01-06,201501062419018,HDL,11,41,20,446.0,8920.0
2015-01-06,201501062418938,HDL,59,10,100,446.0,44600.0
2015-01-06,201501062418936,HDL,11,19,10,446.0,4460.0
2015-01-06,201501062418750,HDL,11,26,10,432.0,4320.0
2015-01-06,201501062418749,HDL,18,49,50,430.0,21500.0
2015-01-06,201501062418743,HDL,18,26,10,424.0,4240.0
2015-01-06,201501062418739,HDL,18,26,10,416.0,4160.0
2015-01-06,201501062418934,HDL,16,55,210,446.0,93660.0
2015-01-06,201501062418898,HDL,11,10,100,446.0,44600.0
2015-01-06,201501062418789,HDL,11,42,50,446.0,22300.0
2015-01-06,201501062418773,HDL,11,26,50,446.0,22300.0
2015-01-06,201501062418762,HDL,11,26,50,440.0,22000.0
2015-01-06,201501062418761,HDL,11,42,50,438.0,21900.0
2015-01-06,201501062419119,JBBL,52,42,170,149.0,25330.0
2015-01-06,201501062418900,JBBL,52,58,210,152.0,31920.0
2015-01-06,201501062419116,JBNL,7,36,18,248.0,4464.0
2015-01-06,201501062418863,JBNL,22,22,2924,248.0,725152.0
2015-01-06,201501062418719,JBNL,7,19,85,248.0,21080.0
2015-01-06,201501062419031,KBL,36,5,425,376.0,159800.0
2015-01-06,201501062418890,KBL,6,6,277,378.0,104706.0
2015-01-06,201501062418844,KBL,6,59,349,381.0,132969.0
2015-01-06,201501062419166,KCDBL,21,21,23,175.0,4025.0
2015-01-06,201501062418689,KCDBL,50,50,17,172.0,2924.0
2015-01-06,201501062418688,KCDBL,50,50,17,172.0,2924.0
2015-01-06,201501062418687,KCDBL,50,50,17,172.0,2924.0
2015-01-06,201501062418686,KCDBL,50,50,17,172.0,2924.0
2015-01-06,201501062418853,KDBL,51,50,55,116.0,6380.0
2015-01-06,201501062418748,KDBL,58,58,1000,118.0,118000.0
2015-01-06,201501062419155,KMCDB,21,26,500,906.0,453000.0
2015-01-06,201501062419148,KMCDB,45,51,10,905.0,9050.0
2015-01-06,201501062419134,KMCDB,45,51,10,905.0,9050.0
2015-01-06,201501062419123,KMCDB,45,51,50,905.0,45250.0
2015-01-06,201501062419118,KMCDB,21,32,82,910.0,74620.0
2015-01-06,201501062419109,KMCDB,45,43,10,910.0,9100.0
2015-01-06,201501062418684,KMCDB,37,38,56,890.0,49840.0
2015-01-06,201501062418735,KMCDB,26,50,70,891.0,62370.0
2015-01-06,201501062418733,KMCDB,26,50,66,895.0,59070.0
2015-01-06,201501062418732,KMCDB,26,51,16,894.0,14304.0
2015-01-06,201501062418730,KMCDB,26,51,80,891.0,71280.0
2015-01-06,201501062418727,KMCDB,16,21,162,892.0,144504.0
2015-01-06,201501062418783,KMCDB,26,47,33,889.0,29337.0
2015-01-06,201501062418763,KMCDB,26,38,184,891.0,163944.0
2015-01-06,201501062418976,KMCDB,26,42,10,883.0,8830.0
2015-01-06,201501062418963,KMCDB,16,32,82,890.0,72980.0
2015-01-06,201501062418962,KMCDB,16,41,10,890.0,8900.0
2015-01-06,201501062419013,KMCDB,26,41,10,891.0,8910.0
2015-01-06,201501062419011,KMCDB,26,42,10,883.0,8830.0
2015-01-06,201501062419007,KMCDB,26,42,10,883.0,8830.0
2015-01-06,201501062419003,KMCDB,26,42,10,883.0,8830.0
2015-01-06,201501062418987,KMCDB,26,42,10,883.0,8830.0
2015-01-06,201501062418983,KMCDB,26,42,10,883.0,8830.0
2015-01-06,201501062419063,KMCDB,22,51,10,899.0,8990.0
2015-01-06,201501062419017,KMCDB,26,48,10,895.0,8950.0
2015-01-06,201501062419016,KMCDB,26,48,10,895.0,8950.0
2015-01-06,201501062419015,KMCDB,26,48,10,895.0,8950.0
2015-01-06,201501062419014,KMCDB,26,21,200,895.0,179000.0
2015-01-06,201501062419072,KMCDB,22,52,10,900.0,9000.0
2015-01-06,201501062419071,KMCDB,22,52,10,900.0,9000.0
2015-01-06,201501062419070,KMCDB,22,52,10,900.0,9000.0
2015-01-06,201501062419069,KMCDB,22,52,10,900.0,9000.0
2015-01-06,201501062419068,KMCDB,22,52,10,900.0,9000.0
2015-01-06,201501062419064,KMCDB,22,51,10,899.0,8990.0
2015-01-06,201501062419078,KMCDB,45,43,10,900.0,9000.0
2015-01-06,201501062419077,KMCDB,45,59,115,900.0,103500.0
2015-01-06,201501062419076,KMCDB,45,50,10,900.0,9000.0
2015-01-06,201501062419075,KMCDB,45,11,10,900.0,9000.0
2015-01-06,201501062419074,KMCDB,22,50,74,900.0,66600.0
2015-01-06,201501062419073,KMCDB,22,11,10,900.0,9000.0
2015-01-06,201501062419089,KMCDB,45,22,60,906.0,54360.0
2015-01-06,201501062419088,KMCDB,45,47,10,906.0,9060.0
2015-01-06,201501062419087,KMCDB,45,39,50,906.0,45300.0
2015-01-06,201501062419083,KMCDB,45,16,60,905.0,54300.0
2015-01-06,201501062419082,KMCDB,45,47,40,901.0,36040.0
2015-01-06,201501062419079,KMCDB,45,28,82,900.0,73800.0
2015-01-06,201501062419101,KMCDB,22,19,10,908.0,9080.0
2015-01-06,201501062419100,KMCDB,45,17,33,908.0,29964.0
2015-01-06,201501062419099,KMCDB,45,39,20,908.0,18160.0
2015-01-06,201501062419096,KMCDB,45,21,60,907.0,54420.0
2015-01-06,201501062419095,KMCDB,45,43,10,907.0,9070.0
2015-01-06,201501062419093,KMCDB,22,16,192,907.0,174144.0
2015-01-06,201501062419108,KMCDB,45,40,10,910.0,9100.0
2015-01-06,201501062419107,KMCDB,45,5,40,909.0,36360.0
2015-01-06,201501062419105,KMCDB,22,39,67,908.0,60836.0
2015-01-06,201501062419104,KMCDB,22,39,40,908.0,36320.0
2015-01-06,201501062419103,KMCDB,22,16,100,908.0,90800.0
2015-01-06,201501062419102,KMCDB,22,19,10,908.0,9080.0
2015-01-06,201501062418747,KRBL,41,1,10,149.0,1490.0
2015-01-06,201501062419098,LBL,46,59,140,481.0,67340.0
2015-01-06,201501062418848,LBL,36,32,500,480.0,240000.0
2015-01-06,201501062418751,LGIL,16,32,40,402.0,16080.0
2015-01-06,201501062419175,LLBS,33,40,41,720.0,29520.0
2015-01-06,201501062419144,LLBS,20,42,10,723.0,7230.0
2015-01-06,201501062419143,LLBS,20,25,10,720.0,7200.0
2015-01-06,201501062419142,LLBS,20,1,10,719.0,7190.0
2015-01-06,201501062419141,LLBS,20,1,10,719.0,7190.0
2015-01-06,201501062419140,LLBS,20,1,10,719.0,7190.0
2015-01-06,201501062418728,LLBS,33,33,41,709.0,29069.0
2015-01-06,201501062418723,LLBS,33,33,41,709.0,29069.0
2015-01-06,201501062418709,LLBS,33,50,10,708.0,7080.0
2015-01-06,201501062418705,LLBS,33,33,41,708.0,29028.0
2015-01-06,201501062418697,LLBS,33,33,41,708.0,29028.0
2015-01-06,201501062418774,LLBS,33,33,41,711.0,29151.0
2015-01-06,201501062418765,LLBS,33,18,80,710.0,56800.0
2015-01-06,201501062418759,LLBS,33,33,41,709.0,29069.0
2015-01-06,201501062418752,LLBS,33,33,41,710.0,29110.0
2015-01-06,201501062418741,LLBS,10,18,41,710.0,29110.0
2015-01-06,201501062418736,LLBS,33,33,41,709.0,29069.0
2015-01-06,201501062418805,LLBS,10,22,41,710.0,29110.0
2015-01-06,201501062418800,LLBS,10,22,41,710.0,29110.0
2015-01-06,201501062418799,LLBS,10,22,10,710.0,7100.0
2015-01-06,201501062418798,LLBS,10,22,10,710.0,7100.0
2015-01-06,201501062418793,LLBS,33,34,10,710.0,7100.0
2015-01-06,201501062418784,LLBS,33,33,41,710.0,29110.0
2015-01-06,201501062418850,LLBS,25,1,10,713.0,7130.0
2015-01-06,201501062418847,LLBS,33,33,41,712.0,29192.0
2015-01-06,201501062418832,LLBS,33,33,41,711.0,29151.0
2015-01-06,201501062418813,LLBS,10,25,41,712.0,29192.0
2015-01-06,201501062418812,LLBS,33,33,41,711.0,29151.0
2015-01-06,201501062418810,LLBS,10,22,151,712.0,107512.0
2015-01-06,201501062418935,LLBS,38,36,41,711.0,29151.0
2015-01-06,201501062418933,LLBS,25,36,41,712.0,29192.0
2015-01-06,201501062418926,LLBS,6,36,41,712.0,29192.0
2015-01-06,201501062418903,LLBS,33,33,41,713.0,29233.0
2015-01-06,201501062418854,LLBS,25,45,10,714.0,7140.0
2015-01-06,201501062418851,LLBS,25,39,41,714.0,29274.0
2015-01-06,201501062419029,LLBS,34,26,32,715.0,22880.0
2015-01-06,201501062419028,LLBS,34,16,10,715.0,7150.0
2015-01-06,201501062419027,LLBS,34,16,10,715.0,7150.0
2015-01-06,201501062418991,LLBS,20,22,10,714.0,7140.0
2015-01-06,201501062418990,LLBS,20,21,10,714.0,7140.0
2015-01-06,201501062418967,LLBS,20,36,41,711.0,29151.0
2015-01-06,201501062419039,LLBS,34,39,10,715.0,7150.0
2015-01-06,201501062419038,LLBS,34,39,10,715.0,7150.0
2015-01-06,201501062419037,LLBS,34,39,10,715.0,7150.0
2015-01-06,201501062419036,LLBS,34,39,10,715.0,7150.0
2015-01-06,201501062419035,LLBS,34,39,10,715.0,7150.0
2015-01-06,201501062419034,LLBS,34,39,10,715.0,7150.0
2015-01-06,201501062419139,LLBS,20,26,10,717.0,7170.0
2015-01-06,201501062419138,LLBS,20,19,10,716.0,7160.0
2015-01-06,201501062419137,LLBS,20,19,10,716.0,7160.0
2015-01-06,201501062419048,LLBS,34,41,100,716.0,71600.0
2015-01-06,201501062419041,LLBS,34,39,10,715.0,7150.0
2015-01-06,201501062419040,LLBS,34,39,10,715.0,7150.0
2015-01-06,201501062418951,LUBL,36,16,139,340.0,47260.0
2015-01-06,201501062418928,LUBL,13,16,82,337.0,27634.0
2015-01-06,201501062418922,LUBL,36,16,96,338.0,32448.0
2015-01-06,201501062418804,LUBL,36,36,500,338.0,169000.0
2015-01-06,201501062418746,LUBL,45,6,60,342.0,20520.0
2015-01-06,201501062418744,LUBL,36,50,224,336.0,75264.0
2015-01-06,201501062418692,LUBL,45,48,180,342.0,61560.0
2015-01-06,201501062418830,MBL,14,42,199,555.0,110445.0
2015-01-06,201501062418778,MEGA,51,22,20,382.0,7640.0
2015-01-06,201501062419009,MMDBL,18,18,23,451.0,10373.0
2015-01-06,201501062418905,MMDBL,18,21,10,460.0,4600.0
2015-01-06,201501062418904,MMDBL,18,44,20,460.0,9200.0
2015-01-06,201501062419129,MPFL,41,39,40,117.0,4680.0
2015-01-06,201501062419047,MPFL,6,22,80,116.0,9280.0
2015-01-06,201501062419046,MPFL,6,39,40,116.0,4640.0
2015-01-06,201501062418738,MPFL,6,39,20,116.0,2320.0
2015-01-06,201501062419117,MTBL,38,39,10,224.0,2240.0
2015-01-06,201501062419106,MTBL,38,13,10,224.0,2240.0
2015-01-06,201501062419061,MTBL,38,1,97,223.0,21631.0
2015-01-06,201501062418785,NBB,36,36,20,447.0,8940.0
2015-01-06,201501062418698,NBB,28,6,1712,445.0,761840.0
2015-01-06,201501062418691,NBB,49,6,500,446.0,223000.0
2015-01-06,201501062418828,NBF1,26,58,599,13.2,7907.0
2015-01-06,201501062418855,NBL,29,28,41,346.0,14186.0
2015-01-06,201501062418788,NBL,20,38,200,345.0,69000.0
2015-01-06,201501062418787,NBL,6,38,200,345.0,69000.0
2015-01-06,201501062418786,NBL,17,38,100,345.0,34500.0
2015-01-06,201501062418929,NCCB,28,28,3213,575.0,1847475.0
2015-01-06,201501062418718,NCCB,25,25,1010,574.0,579740.0
2015-01-06,201501062419147,NCDB,11,18,10,172.0,1720.0
2015-01-06,201501062419127,NGBL,26,39,170,270.0,45900.0
2015-01-06,201501062419126,NGBL,26,44,150,270.0,40500.0
2015-01-06,201501062419125,NGBL,26,13,40,269.0,10760.0
2015-01-06,201501062419097,NGBL,16,29,220,268.0,58960.0
2015-01-06,201501062418978,NGBL,16,48,245,263.0,64435.0
2015-01-06,201501062418953,NGBL,16,48,100,263.0,26300.0
2015-01-06,201501062418722,NGBL,17,43,90,268.0,24120.0
2015-01-06,201501062418720,NGBL,17,48,10,268.0,2680.0
2015-01-06,201501062418695,NGBL,16,25,106,263.0,27878.0
2015-01-06,201501062418694,NGBL,16,25,40,263.0,10520.0
2015-01-06,201501062418693,NGBL,16,25,80,263.0,21040.0
2015-01-06,201501062418811,NHPC,16,16,1000,122.0,122000.0
2015-01-06,201501062418803,NIB,32,32,1394,726.0,1012044.0
2015-01-06,201501062419062,NIBPO,59,49,100,499.0,49900.0
2015-01-06,201501062419022,NIBPO,59,11,50,490.0,24500.0
2015-01-06,201501062419019,NIBPO,59,52,100,485.0,48500.0
2015-01-06,201501062418949,NIBPO,22,43,500,478.0,239000.0
2015-01-06,201501062418852,NIBPO,49,49,490,480.0,235200.0
2015-01-06,201501062418849,NIBPO,49,49,490,480.0,235200.0
2015-01-06,201501062418952,NICL,55,45,114,415.0,47310.0
2015-01-06,201501062419121,NIL,25,25,51,750.0,38250.0
2015-01-06,201501062418827,NLIC,41,41,50,4256.0,212800.0
2015-01-06,201501062418801,NLIC,34,6,24,4280.0,102720.0
2015-01-06,201501062418781,NLIC,53,33,87,4285.0,372795.0
2015-01-06,201501062418702,NLIC,20,49,100,4280.0,428000.0
2015-01-06,201501062418701,NLIC,20,49,50,4280.0,214000.0
2015-01-06,201501062418880,NMBSF1,11,42,500,10.6,5300.0
2015-01-06,201501062419163,NNFC,19,11,500,267.0,133500.0
2015-01-06,201501062419115,NNLB,22,39,50,851.0,42550.0
2015-01-06,201501062418930,NNLB,18,8,82,845.0,69290.0
2015-01-06,201501062418872,NNLB,18,38,100,860.0,86000.0
2015-01-06,201501062418868,NNLB,18,28,81,855.0,69255.0
2015-01-06,201501062418771,NNLB,26,35,10,850.0,8500.0
2015-01-06,201501062418770,NNLB,26,35,10,850.0,8500.0
2015-01-06,201501062418769,NNLB,26,35,10,850.0,8500.0
2015-01-06,201501062418768,NNLB,26,35,10,850.0,8500.0
2015-01-06,201501062418767,NNLB,26,35,10,850.0,8500.0
2015-01-06,201501062418766,NNLB,26,16,100,850.0,85000.0
2015-01-06,201501062418840,NTC,49,49,500,600.0,300000.0
2015-01-06,201501062419026,OHL,33,21,100,630.0,63000.0
2015-01-06,201501062419025,OHL,33,21,500,630.0,315000.0
2015-01-06,201501062419067,PCBL,40,5,97,435.0,42195.0
2015-01-06,201501062419059,PCBL,29,42,25,436.0,10900.0
2015-01-06,201501062419021,PCBL,10,8,159,434.0,69006.0
2015-01-06,201501062419000,PIC,6,52,220,899.0,197780.0
2015-01-06,201501062418927,PIC,52,28,322,895.0,288190.0
2015-01-06,201501062418843,PIC,32,45,49,885.0,43365.0
2015-01-06,201501062418685,PIC,44,51,200,885.0,177000.0
2015-01-06,201501062418831,PICL,49,25,56,453.0,25368.0
2015-01-06,201501062418823,PICL,58,25,10,445.0,4450.0
2015-01-06,201501062418807,PICL,58,25,16,437.0,6992.0
2015-01-06,201501062418729,PICL,14,48,113,429.0,48477.0
2015-01-06,201501062418826,PLIC,53,13,27,995.0,26865.0
2015-01-06,201501062418825,PLIC,53,6,43,990.0,42570.0
2015-01-06,201501062418822,PLIC,53,52,27,991.0,26757.0
2015-01-06,201501062418819,PLIC,53,40,13,992.0,12896.0
2015-01-06,201501062418818,PLIC,53,13,27,990.0,26730.0
2015-01-06,201501062418815,PLIC,53,40,94,988.0,92872.0
2015-01-06,201501062418808,PLIC,53,50,27,985.0,26595.0
2015-01-06,201501062419181,PRDBL,17,25,40,142.0,5680.0
2015-01-06,201501062419180,PRDBL,17,25,40,142.0,5680.0
2015-01-06,201501062419124,PRDBL,1,25,50,140.0,7000.0
2015-01-06,201501062419120,PRDBL,1,25,50,140.0,7000.0
2015-01-06,201501062418907,PRVU,42,39,2208,273.0,602784.0
2015-01-06,201501062418842,PRVU,22,19,64,273.0,17472.0
2015-01-06,201501062418753,PRVU,26,36,486,273.0,132678.0
2015-01-06,201501062418737,PRVU,29,39,11,273.0,3003.0
2015-01-06,201501062418734,PRVU,50,39,11,273.0,3003.0
2015-01-06,201501062419094,PURBL,48,29,11,320.0,3520.0
2015-01-06,201501062419084,PURBL,48,32,14,315.0,4410.0
2015-01-06,201501062419136,REDBL,17,4,17,185.0,3145.0
2015-01-06,201501062419135,REDBL,17,4,17,185.0,3145.0
2015-01-06,201501062419024,REDBL,17,4,17,185.0,3145.0
2015-01-06,201501062419156,RHPC,25,33,94,477.0,44838.0
2015-01-06,201501062419128,RHPC,14,51,188,476.0,89488.0
2015-01-06,201501062419092,RHPC,21,46,11,474.0,5214.0
2015-01-06,201501062418896,RHPC,25,28,94,475.0,44650.0
2015-01-06,201501062418884,RHPC,25,33,11,472.0,5192.0
2015-01-06,201501062418876,RHPC,6,33,11,473.0,5203.0
2015-01-06,201501062418821,RHPC,25,51,94,479.0,45026.0
2015-01-06,201501062418820,RHPC,6,49,10,471.0,4710.0
2015-01-06,201501062418814,RHPC,7,49,47,472.0,22184.0
2015-01-06,201501062418895,RLFL,18,11,50,136.0,6800.0
2015-01-06,201501062419081,RMDC,41,46,30,682.0,20460.0
2015-01-06,201501062419080,RMDC,41,46,30,682.0,20460.0
2015-01-06,201501062419177,SANIMA,38,19,107,538.0,57566.0
2015-01-06,201501062419162,SANIMA,16,19,200,537.0,107400.0
2015-01-06,201501062418979,SANIMA,36,50,83,537.0,44571.0
2015-01-06,201501062418866,SANIMA,16,45,315,540.0,170100.0
2015-01-06,201501062418865,SANIMA,16,38,540,539.0,291060.0
2015-01-06,201501062418690,SANIMA,36,19,100,537.0,53700.0
2015-01-06,201501062419159,SBL,50,28,50,658.0,32900.0
2015-01-06,201501062419050,SBL,36,5,120,653.0,78360.0
2015-01-06,201501062419049,SBL,50,28,33,656.0,21648.0
2015-01-06,201501062418961,SEOS,38,50,4000,10.1,40400.0
2015-01-06,201501062418883,SEOS,17,50,4000,10.1,40400.0
2015-01-06,201501062419179,SHBL,45,52,10,485.0,4850.0
2015-01-06,201501062419172,SHBL,45,52,10,485.0,4850.0
2015-01-06,201501062419168,SHBL,45,52,10,485.0,4850.0
2015-01-06,201501062419161,SHBL,45,52,10,485.0,4850.0
2015-01-06,201501062419158,SHBL,45,52,10,485.0,4850.0
2015-01-06,201501062418704,SHBL,14,18,39,486.0,18954.0
2015-01-06,201501062418824,SHL,25,49,100,470.0,47000.0
2015-01-06,201501062419169,SHPC,41,19,18,720.0,12960.0
2015-01-06,201501062419151,SHPC,47,44,500,719.0,359500.0
2015-01-06,201501062419111,SHPC,58,13,500,710.0,355000.0
2015-01-06,201501062419042,SHPC,41,33,12,711.0,8532.0
2015-01-06,201501062419033,SIC,32,41,222,1186.0,263292.0
2015-01-06,201501062419032,SIC,32,41,296,1185.0,350760.0
2015-01-06,201501062418806,SICL,41,41,499,805.0,401695.0
2015-01-06,201501062418791,SICL,41,41,94,805.0,75670.0
2015-01-06,201501062419008,SLICL,33,8,14,628.0,8792.0
2015-01-06,201501062418981,SLICL,50,8,14,630.0,8820.0
2015-01-06,201501062419182,SRBL,45,51,14,407.0,5698.0
2015-01-06,201501062419171,SRBL,45,11,42,406.0,17052.0
2015-01-06,201501062419165,SRBL,45,45,298,405.0,120690.0
2015-01-06,201501062419164,SRBL,33,26,36,405.0,14580.0
2015-01-06,201501062419160,SRBL,45,28,16,405.0,6480.0
2015-01-06,201501062419157,SRBL,33,28,19,405.0,7695.0
2015-01-06,201501062418941,SRBL,54,32,125,404.0,50500.0
2015-01-06,201501062418740,SRBL,52,36,195,402.0,78390.0
2015-01-06,201501062418708,SRBL,54,45,1000,401.0,401000.0
2015-01-06,201501062418696,SRBL,33,7,35,403.0,14105.0
2015-01-06,201501062419152,SRBL,33,7,17,405.0,6885.0
2015-01-06,201501062419130,SRBL,50,22,48,404.0,19392.0
2015-01-06,201501062419020,SRBL,46,22,64,402.0,25728.0
2015-01-06,201501062419010,SRBL,54,49,33,402.0,13266.0
2015-01-06,201501062418999,SRBL,54,8,10,402.0,4020.0
2015-01-06,201501062418986,SRBL,45,59,19,402.0,7638.0
2015-01-06,201501062418875,TRH,50,42,210,258.0,54180.0
2015-01-06,201501062418717,TRH,39,1,20,253.0,5060.0
2015-01-06,201501062419110,UFL,29,17,500,219.0,109500.0
2015-01-06,201501062418731,UIC,5,41,60,898.0,53880.0
2015-01-06,201501062418846,VBBL,25,56,70,128.0,8960.0
2015-01-06,201501062418845,VBBL,25,56,70,128.0,8960.0
2015-01-06,201501062418742,VBBL,6,56,70,128.0,8960.0
2015-01-06,201501062418839,WDBL,1,28,50,224.0,11200.0
2015-01-06,201501062418834,WDBL,1,1,48,224.0,10752.0
2015-01-06,201501062419012,YETI,4,8,40,122.0,4880.0
2015-01-06,201501062418985,YETI,4,8,40,122.0,4880.0
2015-01-06,201501062418965,YETI,4,8,40,122.0,4880.0
2015-01-06,201501062418790,YETI,28,57,284,124.0,35216.0
2015-01-06,201501062418725,YETI,4,13,40,122.0,4880.0
2015-01-06,201501062418724,YETI,4,17,500,122.0,61000.0
2015-01-06,201501062418721,YETI,4,42,11,122.0,1342.0
2015-01-06,201501062419705,ADBL,57,29,71,470.0,33370.0
2015-01-06,201501062419730,ADBL,57,29,71,470.0,33370.0
2015-01-06,201501062419729,ADBL,57,29,71,470.0,33370.0
2015-01-06,201501062420044,ADBL,49,45,50,470.0,23500.0
2015-01-06,201501062419813,ADBL,49,29,71,470.0,33370.0
2015-01-06,201501062420112,ADBL,49,5,52,470.0,24440.0
2015-01-06,201501062419830,AHPC,43,40,300,360.0,108000.0
2015-01-06,201501062419829,AHPC,52,40,100,361.0,36100.0
2015-01-06,201501062419828,AHPC,25,40,30,362.0,10860.0
2015-01-06,201501062419827,AHPC,43,40,50,363.0,18150.0
2015-01-06,201501062420131,ALICL,16,11,113,1150.0,129950.0
2015-01-06,201501062420036,ALICL,16,44,750,1149.0,861750.0
2015-01-06,201501062419975,ALICL,41,11,17,1144.0,19448.0
2015-01-06,201501062419967,ALICL,41,11,17,1144.0,19448.0
2015-01-06,201501062419965,ALICL,41,33,24,1140.0,27360.0
2015-01-06,201501062419818,ALICL,41,41,50,1134.0,56700.0
2015-01-06,201501062419783,ALICL,19,41,189,1134.0,214326.0
2015-01-06,201501062419781,ALICL,41,41,98,1135.0,111230.0
2015-01-06,201501062419743,ALICLP,14,57,27508,323.0,8885084.0
2015-01-06,201501062419832,APEX,25,33,20,118.0,2360.0
2015-01-06,201501062420092,APEX,28,33,20,117.0,2340.0
2015-01-06,201501062420062,ARDBL,19,55,31,143.0,4433.0
2015-01-06,201501062420056,ARDBL,10,55,21,144.0,3024.0
2015-01-06,201501062420050,ARDBL,10,18,50,144.0,7200.0
2015-01-06,201501062419976,ARDBL,19,19,271,142.0,38482.0
2015-01-06,201501062419922,ARDBL,6,26,21,140.0,2940.0
2015-01-06,201501062419878,ARDBL,1,26,21,140.0,2940.0
2015-01-06,201501062419875,ARDBL,10,26,21,141.0,2961.0
2015-01-06,201501062419849,ARDBL,39,26,21,142.0,2982.0
2015-01-06,201501062419702,ARDBL,21,48,31,141.0,4371.0
2015-01-06,201501062419696,ARDBL,10,11,42,143.0,6006.0
2015-01-06,201501062419695,ARDBL,17,48,31,141.0,4371.0
2015-01-06,201501062419987,BUDBL,25,11,212,175.0,37100.0
2015-01-06,201501062419905,CBL,45,49,500,265.0,132500.0
2015-01-06,201501062419904,CBL,54,49,500,265.0,132500.0
2015-01-06,201501062419903,CBL,54,49,1000,265.0,265000.0
2015-01-06,201501062419902,CBL,21,49,500,265.0,132500.0
2015-01-06,201501062419901,CBL,16,49,2000,266.0,532000.0
2015-01-06,201501062419900,CBL,43,49,1000,266.0,266000.0
2015-01-06,201501062419899,CBL,16,49,300,267.0,80100.0
2015-01-06,201501062419898,CBL,17,49,200,268.0,53600.0
2015-01-06,201501062419897,CBL,10,49,300,268.0,80400.0
2015-01-06,201501062419842,CBL,16,26,14,268.0,3752.0
2015-01-06,201501062419779,CBL,16,33,102,270.0,27540.0
2015-01-06,201501062420180,CCBL,32,8,100,288.0,28800.0
2015-01-06,201501062420029,CCBL,51,42,40,287.0,11480.0
2015-01-06,201501062419911,CCBL,19,21,40,288.0,11520.0
2015-01-06,201501062419910,CCBL,19,21,40,288.0,11520.0
2015-01-06,201501062419884,CCBL,19,51,10,288.0,2880.0
2015-01-06,201501062419883,CCBL,19,51,10,288.0,2880.0
2015-01-06,201501062419744,CCBL,32,58,300,289.0,86700.0
2015-01-06,201501062419762,CCBL,19,46,40,288.0,11520.0
2015-01-06,201501062419749,CCBL,32,21,40,289.0,11560.0
2015-01-06,201501062419748,CCBL,32,21,40,289.0,11560.0
2015-01-06,201501062419747,CCBL,32,21,40,289.0,11560.0
2015-01-06,201501062419746,CCBL,32,6,40,289.0,11560.0
2015-01-06,201501062419745,CCBL,32,6,40,289.0,11560.0
2015-01-06,201501062419857,CCBL,19,6,40,288.0,11520.0
2015-01-06,201501062419851,CCBL,19,6,40,288.0,11520.0
2015-01-06,201501062419846,CCBL,19,6,40,288.0,11520.0
2015-01-06,201501062419845,CCBL,19,6,40,288.0,11520.0
2015-01-06,201501062419843,CCBL,19,6,40,288.0,11520.0
2015-01-06,201501062419840,CCBL,19,6,40,288.0,11520.0
2015-01-06,201501062419879,CCBL,19,51,10,288.0,2880.0
2015-01-06,201501062419876,CCBL,19,51,10,288.0,2880.0
2015-01-06,201501062419874,CCBL,19,51,10,288.0,2880.0
2015-01-06,201501062419869,CCBL,19,51,10,288.0,2880.0
2015-01-06,201501062419863,CCBL,19,6,40,288.0,11520.0
2015-01-06,201501062419862,CCBL,19,6,40,288.0,11520.0
2015-01-06,201501062420030,CDBL,26,16,200,312.0,62400.0
2015-01-06,201501062420023,CDBL,1,49,31,312.0,9672.0
2015-01-06,201501062420016,CDBL,21,17,193,311.0,60023.0
2015-01-06,201501062419807,CFCL,25,38,325,150.0,48750.0
2015-01-06,201501062420173,CHCL,29,19,350,1691.0,591850.0
2015-01-06,201501062419996,CHCL,14,45,16,1696.0,27136.0
2015-01-06,201501062419959,CHCL,6,36,147,1696.0,249312.0
2015-01-06,201501062419961,CIT,11,51,10,3025.0,30250.0
2015-01-06,201501062420008,CSDBL,1,56,36,181.0,6516.0
2015-01-06,201501062419948,CSDBL,39,51,10,178.0,1780.0
2015-01-06,201501062419942,CSDBL,21,56,36,178.0,6408.0
2015-01-06,201501062419931,CSDBL,39,51,10,178.0,1780.0
2015-01-06,201501062419925,CSDBL,1,51,10,178.0,1780.0
2015-01-06,201501062419923,CSDBL,1,51,10,178.0,1780.0
2015-01-06,201501062419689,CSDBL,1,10,30,175.0,5250.0
2015-01-06,201501062419688,CSDBL,1,10,30,175.0,5250.0
2015-01-06,201501062420139,CZBIL,57,50,237,428.0,101436.0
2015-01-06,201501062420138,CZBIL,57,17,190,430.0,81700.0
2015-01-06,201501062420137,CZBIL,57,25,110,428.0,47080.0
2015-01-06,201501062420109,CZBIL,45,26,15,427.0,6405.0
2015-01-06,201501062420105,CZBIL,45,26,30,427.0,12810.0
2015-01-06,201501062420035,CZBIL,45,45,100,427.0,42700.0
2015-01-06,201501062420032,CZBIL,50,21,600,427.0,256200.0
2015-01-06,201501062420020,CZBIL,50,21,500,427.0,213500.0
2015-01-06,201501062420005,DDBL,16,36,30,1106.0,33180.0
2015-01-06,201501062419999,DDBL,16,57,200,1100.0,220000.0
2015-01-06,201501062419944,DDBL,16,1,24,1085.0,26040.0
2015-01-06,201501062420156,EBL,29,17,202,1951.0,394102.0
2015-01-06,201501062420104,EBL,14,8,120,1955.0,234600.0
2015-01-06,201501062419983,EBL,48,48,500,1950.0,975000.0
2015-01-06,201501062419947,EBL,47,48,50,1955.0,97750.0
2015-01-06,201501062419812,EBL,59,50,171,1950.0,333450.0
2015-01-06,201501062420102,EKBL,18,5,10,213.0,2130.0
2015-01-06,201501062420099,EKBL,18,41,500,210.0,105000.0
2015-01-06,201501062420096,EKBL,18,48,33,209.0,6897.0
2015-01-06,201501062420095,EKBL,18,40,10,209.0,2090.0
2015-01-06,201501062419912,EKBL,57,36,97,209.0,20273.0
2015-01-06,201501062419909,EKBL,57,36,99,209.0,20691.0
2015-01-06,201501062419907,EKBL,57,36,99,209.0,20691.0
2015-01-06,201501062419895,EKBL,57,26,649,208.0,134992.0
2015-01-06,201501062419894,EKBL,57,5,10,207.0,2070.0
2015-01-06,201501062419865,FMDBL,48,48,2118,950.0,2012100.0
2015-01-06,201501062419825,FMDBL,21,48,100,950.0,95000.0
2015-01-06,201501062419804,FMDBL,21,32,99,959.0,94941.0
2015-01-06,201501062420034,GBBL,38,49,17,318.0,5406.0
2015-01-06,201501062419941,GBBL,29,49,52,320.0,16640.0
2015-01-06,201501062419712,GBBL,21,49,17,321.0,5457.0
2015-01-06,201501062419711,GBBL,22,49,37,320.0,11840.0
2015-01-06,201501062420142,GBIME,6,21,10,501.0,5010.0
2015-01-06,201501062420130,GBIME,38,26,71,500.0,35500.0
2015-01-06,201501062420098,GBIME,6,26,14,505.0,7070.0
2015-01-06,201501062420028,GBIME,26,13,201,500.0,100500.0
2015-01-06,201501062420025,GBIME,6,13,75,501.0,37575.0
2015-01-06,201501062420004,GBIME,32,33,22,504.0,11088.0
2015-01-06,201501062419866,GBIME,19,11,120,505.0,60600.0
2015-01-06,201501062419860,GBIME,39,19,75,503.0,37725.0
2015-01-06,201501062419855,GBIME,39,52,200,504.0,100800.0
2015-01-06,201501062419791,GBIME,19,50,214,504.0,107856.0
2015-01-06,201501062419761,GBIME,16,33,200,504.0,100800.0
2015-01-06,201501062420068,GDBL,14,47,100,212.0,21200.0
2015-01-06,201501062420009,GDBL,18,47,200,208.0,41600.0
2015-01-06,201501062419993,GDBL,28,47,200,208.0,41600.0
2015-01-06,201501062419992,GDBL,22,47,100,208.0,20800.0
2015-01-06,201501062419991,GDBL,1,47,500,208.0,104000.0
2015-01-06,201501062419990,GDBL,11,47,1000,208.0,208000.0
2015-01-06,201501062420155,GLICL,48,1,33,543.0,17919.0
2015-01-06,201501062419913,GLICL,48,1,14,543.0,7602.0
2015-01-06,201501062419892,GLICL,48,58,13,541.0,7033.0
2015-01-06,201501062420100,GRAND,16,32,336,166.0,55776.0
2015-01-06,201501062420088,GRAND,21,56,1000,166.0,166000.0
2015-01-06,201501062420021,GRAND,26,56,200,169.0,33800.0
2015-01-06,201501062419949,HBL,50,29,112,810.0,90720.0
2015-01-06,201501062419826,HBL,45,45,250,806.0,201500.0
2015-01-06,201501062420174,HDL,59,33,100,446.0,44600.0
2015-01-06,201501062420172,HDL,59,28,100,446.0,44600.0
2015-01-06,201501062420163,HDL,59,28,100,446.0,44600.0
2015-01-06,201501062420094,HDL,59,49,20,446.0,8920.0
2015-01-06,201501062420182,HGI,50,58,500,445.0,222500.0
2015-01-06,201501062420090,HGI,41,39,100,445.0,44500.0
2015-01-06,201501062420084,HGI,21,39,333,440.0,146520.0
2015-01-06,201501062420079,HGI,39,39,100,446.0,44600.0
2015-01-06,201501062419979,IDBL,42,19,18,163.0,2934.0
2015-01-06,201501062419714,IDBL,42,48,34,163.0,5542.0
2015-01-06,201501062419788,JBBL,26,59,380,150.0,57000.0
2015-01-06,201501062419784,JBBL,36,34,190,149.0,28310.0
2015-01-06,201501062419742,JBBL,21,34,180,147.0,26460.0
2015-01-06,201501062419733,JBBL,52,34,100,148.0,14800.0
2015-01-06,201501062420141,JBNL,16,42,154,252.0,38808.0
2015-01-06,201501062420134,JBNL,16,42,154,252.0,38808.0
2015-01-06,201501062420129,JBNL,16,42,154,252.0,38808.0
2015-01-06,201501062419847,JBNL,16,7,405,252.0,102060.0
2015-01-06,201501062420026,KAFIL,19,57,80,207.0,16560.0
2015-01-06,201501062420003,KAFIL,18,57,191,208.0,39728.0
2015-01-06,201501062419893,KAFIL,16,51,109,210.0,22890.0
2015-01-06,201501062419835,KAFIL,11,11,55,207.0,11385.0
2015-01-06,201501062419805,KAFIL,40,57,100,211.0,21100.0
2015-01-06,201501062419799,KAFIL,19,57,496,210.0,104160.0
2015-01-06,201501062419945,KBBL,43,56,100,352.0,35200.0
2015-01-06,201501062419926,KBBL,43,56,100,346.0,34600.0
2015-01-06,201501062419920,KBBL,34,22,2000,340.0,680000.0
2015-01-06,201501062419704,KBL,26,14,500,382.0,191000.0
2015-01-06,201501062420058,KCDBL,41,47,11,175.0,1925.0
2015-01-06,201501062420014,KDBL,29,25,63,122.0,7686.0
2015-01-06,201501062419958,KDBL,29,25,24,120.0,2880.0
2015-01-06,201501062419954,KDBL,29,5,42,119.0,4998.0
2015-01-06,201501062419950,KDBL,29,39,27,118.0,3186.0
2015-01-06,201501062419908,KDBL,4,51,20,116.0,2320.0
2015-01-06,201501062420107,KEBL,26,25,389,332.0,129148.0
2015-01-06,201501062419833,KEBL,16,14,10,338.0,3380.0
2015-01-06,201501062420177,KMCDB,26,10,10,905.0,9050.0
2015-01-06,201501062420161,KMCDB,53,59,99,910.0,90090.0
2015-01-06,201501062420159,KMCDB,53,43,82,910.0,74620.0
2015-01-06,201501062420157,KMCDB,53,39,82,910.0,74620.0
2015-01-06,201501062420128,KMCDB,26,45,10,905.0,9050.0
2015-01-06,201501062420127,KMCDB,26,45,10,905.0,9050.0
2015-01-06,201501062419753,KMCDB,26,17,10,909.0,9090.0
2015-01-06,201501062419752,KMCDB,26,21,10,908.0,9080.0
2015-01-06,201501062419751,KMCDB,26,21,10,908.0,9080.0
2015-01-06,201501062419750,KMCDB,26,44,10,908.0,9080.0
2015-01-06,201501062419793,KMCDB,22,11,90,910.0,81900.0
2015-01-06,201501062419758,KMCDB,26,17,10,909.0,9090.0
2015-01-06,201501062419757,KMCDB,26,17,10,909.0,9090.0
2015-01-06,201501062419756,KMCDB,26,17,10,909.0,9090.0
2015-01-06,201501062419755,KMCDB,26,17,10,909.0,9090.0
2015-01-06,201501062419754,KMCDB,26,17,10,909.0,9090.0
2015-01-06,201501062419806,KMCDB,22,39,82,910.0,74620.0
2015-01-06,201501062419801,KMCDB,22,39,82,910.0,74620.0
2015-01-06,201501062419797,KMCDB,22,39,82,910.0,74620.0
2015-01-06,201501062419796,KMCDB,22,21,10,910.0,9100.0
2015-01-06,201501062419795,KMCDB,22,21,10,910.0,9100.0
2015-01-06,201501062419794,KMCDB,22,21,10,910.0,9100.0
2015-01-06,201501062419937,KMCDB,38,18,500,905.0,452500.0
2015-01-06,201501062419886,KMCDB,22,42,100,905.0,90500.0
2015-01-06,201501062419848,KMCDB,37,57,82,910.0,74620.0
2015-01-06,201501062420075,KMCDB,22,19,10,905.0,9050.0
2015-01-06,201501062420074,KMCDB,22,45,10,905.0,9050.0
2015-01-06,201501062420073,KMCDB,22,45,10,905.0,9050.0
2015-01-06,201501062420072,KMCDB,22,19,10,905.0,9050.0
2015-01-06,201501062420071,KMCDB,22,19,10,905.0,9050.0
2015-01-06,201501062420120,KMCDB,26,45,10,905.0,9050.0
2015-01-06,201501062420119,KMCDB,26,45,10,905.0,9050.0
2015-01-06,201501062420118,KMCDB,26,19,10,905.0,9050.0
2015-01-06,201501062420117,KMCDB,26,45,10,905.0,9050.0
2015-01-06,201501062420116,KMCDB,26,45,10,905.0,9050.0
2015-01-06,201501062420126,KMCDB,26,45,10,905.0,9050.0
2015-01-06,201501062420125,KMCDB,26,45,10,905.0,9050.0
2015-01-06,201501062420124,KMCDB,26,45,10,905.0,9050.0
2015-01-06,201501062420123,KMCDB,26,45,10,905.0,9050.0
2015-01-06,201501062420122,KMCDB,26,45,10,905.0,9050.0
2015-01-06,201501062420121,KMCDB,26,19,10,905.0,9050.0
2015-01-06,201501062419980,KRBL,41,5,10,149.0,1490.0
2015-01-06,201501062419963,KRBL,41,5,10,149.0,1490.0
2015-01-06,201501062419952,KRBL,41,5,10,149.0,1490.0
2015-01-06,201501062419693,LBL,26,32,500,485.0,242500.0
2015-01-06,201501062420133,LFLC,40,40,71,190.0,13490.0
2015-01-06,201501062420040,LFLC,40,40,71,190.0,13490.0
2015-01-06,201501062420012,LFLC,40,40,71,190.0,13490.0
2015-01-06,201501062420048,LGIL,29,50,44,417.0,18348.0
2015-01-06,201501062419716,LGIL,36,28,118,410.0,48380.0
2015-01-06,201501062419709,LGIL,36,21,358,409.0,146422.0
2015-01-06,201501062419802,LICN,49,49,500,3105.0,1552500.0
2015-01-06,201501062420061,LLBS,1,20,10,725.0,7250.0
2015-01-06,201501062420060,LLBS,1,20,10,725.0,7250.0
2015-01-06,201501062420039,LLBS,1,20,41,725.0,29725.0
2015-01-06,201501062420033,LLBS,1,20,41,725.0,29725.0
2015-01-06,201501062420031,LLBS,1,19,10,723.0,7230.0
2015-01-06,201501062419955,LLBS,33,49,23,720.0,16560.0
2015-01-06,201501062419770,LLBS,10,26,10,720.0,7200.0
2015-01-06,201501062419769,LLBS,10,26,10,720.0,7200.0
2015-01-06,201501062419768,LLBS,10,26,10,720.0,7200.0
2015-01-06,201501062419776,LLBS,10,19,10,720.0,7200.0
2015-01-06,201501062419775,LLBS,10,19,10,720.0,7200.0
2015-01-06,201501062419774,LLBS,10,19,10,720.0,7200.0
2015-01-06,201501062419773,LLBS,10,19,10,720.0,7200.0
2015-01-06,201501062419772,LLBS,10,19,10,720.0,7200.0
2015-01-06,201501062419771,LLBS,10,19,10,720.0,7200.0
2015-01-06,201501062419934,LLBS,14,49,41,720.0,29520.0
2015-01-06,201501062419858,LLBS,33,51,41,722.0,29602.0
2015-01-06,201501062419811,LLBS,10,19,10,720.0,7200.0
2015-01-06,201501062419810,LLBS,10,26,10,720.0,7200.0
2015-01-06,201501062419809,LLBS,10,26,10,720.0,7200.0
2015-01-06,201501062419777,LLBS,10,19,10,720.0,7200.0
2015-01-06,201501062419936,LUBL,36,39,40,344.0,13760.0
2015-01-06,201501062419935,LUBL,36,39,100,343.0,34300.0
2015-01-06,201501062419782,LUBL,40,42,500,340.0,170000.0
2015-01-06,201501062420147,MBBL,25,39,20,153.0,3060.0
2015-01-06,201501062420136,MBBL,18,55,144,150.0,21600.0
2015-01-06,201501062420076,MBBL,48,48,138,151.0,20838.0
2015-01-06,201501062420064,MBBL,48,48,370,150.0,55500.0
2015-01-06,201501062420063,MBL,25,36,295,552.0,162840.0
2015-01-06,201501062420057,MBL,14,7,186,551.0,102486.0
2015-01-06,201501062419917,MBL,50,20,1000,550.0,550000.0
2015-01-06,201501062419880,MBL,19,4,278,553.0,153734.0
2015-01-06,201501062419871,MBL,39,1,130,556.0,72280.0
2015-01-06,201501062420043,MDB,47,26,500,402.0,201000.0
2015-01-06,201501062420042,MDB,26,26,50,402.0,20100.0
2015-01-06,201501062420041,MDB,26,26,500,403.0,201500.0
2015-01-06,201501062420151,MEGA,8,21,10,370.0,3700.0
2015-01-06,201501062420140,MEGA,8,36,10,370.0,3700.0
2015-01-06,201501062419896,MEGA,11,19,32,375.0,12000.0
2015-01-06,201501062419856,MEGA,21,21,187,370.0,69190.0
2015-01-06,201501062419763,MEGA,37,58,55,377.0,20735.0
2015-01-06,201501062419724,MEGA,37,22,64,376.0,24064.0
2015-01-06,201501062419927,METRO,39,14,10,306.0,3060.0
2015-01-06,201501062419932,MNBBL,40,6,100,500.0,50000.0
2015-01-06,201501062419859,MPFL,41,51,40,116.0,4640.0
2015-01-06,201501062419841,MPFL,41,51,10,116.0,1160.0
2015-01-06,201501062419718,MPFL,41,47,10,116.0,1160.0
2015-01-06,201501062419974,NABILP,14,6,50,1285.0,64250.0
2015-01-06,201501062419822,NABILP,29,49,100,1290.0,129000.0
2015-01-06,201501062420158,NBB,26,17,555,452.0,250860.0
2015-01-06,201501062420059,NBB,50,45,690,456.0,314640.0
2015-01-06,201501062419725,NBB,49,49,500,450.0,225000.0
2015-01-06,201501062419701,NBB,29,36,990,450.0,445500.0
2015-01-06,201501062419700,NBB,29,45,300,449.0,134700.0
2015-01-06,201501062419873,NBB,35,53,500,458.0,229000.0
2015-01-06,201501062419868,NBB,32,37,200,455.0,91000.0
2015-01-06,201501062419854,NBB,32,21,76,455.0,34580.0
2015-01-06,201501062419820,NBB,36,37,200,453.0,90600.0
2015-01-06,201501062419819,NBB,36,10,100,452.0,45200.0
2015-01-06,201501062419736,NBB,29,8,50,450.0,22500.0
2015-01-06,201501062420001,NBB,26,49,1000,455.0,455000.0
2015-01-06,201501062419938,NBB,26,42,60,462.0,27720.0
2015-01-06,201501062419891,NBB,36,25,50,469.0,23450.0
2015-01-06,201501062419890,NBB,36,22,100,469.0,46900.0
2015-01-06,201501062419882,NBB,6,7,420,462.0,194040.0
2015-01-06,201501062419877,NBB,6,58,500,460.0,230000.0
2015-01-06,201501062420027,NBF1,49,49,10000,13.35,133500.0
2015-01-06,201501062419966,NBF1,16,16,300,13.2,3960.0
2015-01-06,201501062419956,NBF1,16,16,300,13.2,3960.0
2015-01-06,201501062420115,NBL,56,33,500,345.0,172500.0
2015-01-06,201501062420114,NBL,56,20,500,344.0,172000.0
2015-01-06,201501062420013,NBL,32,33,500,344.0,172000.0
2015-01-06,201501062419881,NBL,56,20,1000,345.0,345000.0
2015-01-06,201501062419823,NBL,56,32,500,344.0,172000.0
2015-01-06,201501062419707,NCCB,56,55,200,570.0,114000.0
2015-01-06,201501062419867,NCDB,4,8,37,180.0,6660.0
2015-01-06,201501062420078,NGBL,35,25,500,268.0,134000.0
2015-01-06,201501062420024,NGBL,46,18,190,269.0,51110.0
2015-01-06,201501062420017,NGBL,46,39,370,268.0,99160.0
2015-01-06,201501062420006,NGBL,26,42,80,270.0,21600.0
2015-01-06,201501062420153,NHPC,6,6,100,125.0,12500.0
2015-01-06,201501062420087,NHPC,14,25,1000,123.0,123000.0
2015-01-06,201501062420077,NHPC,44,52,3000,123.0,369000.0
2015-01-06,201501062419915,NHPC,6,25,1000,123.0,123000.0
2015-01-06,201501062419914,NHPC,6,39,1000,123.0,123000.0
2015-01-06,201501062420144,NIB,44,19,21,734.0,15414.0
2015-01-06,201501062419741,NIB,59,50,467,738.0,344646.0
2015-01-06,201501062419715,NIB,8,11,59,740.0,43660.0
2015-01-06,201501062419710,NIB,8,28,245,739.0,181055.0
2015-01-06,201501062420175,NICA,51,11,200,661.0,132200.0
2015-01-06,201501062420113,NICA,50,38,23,662.0,15226.0
2015-01-06,201501062420110,NICA,6,6,20,663.0,13260.0
2015-01-06,201501062420106,NICA,54,38,236,661.0,155996.0
2015-01-06,201501062420085,NICA,51,8,25,663.0,16575.0
2015-01-06,201501062420054,NICA,50,49,30,662.0,19860.0
2015-01-06,201501062419765,NICA,25,1,10,670.0,6700.0
2015-01-06,201501062419717,NICA,59,50,500,666.0,333000.0
2015-01-06,201501062419706,NICA,59,50,500,666.0,333000.0
2015-01-06,201501062420022,NICA,25,25,500,662.0,331000.0
2015-01-06,201501062420010,NICA,51,8,25,664.0,16600.0
2015-01-06,201501062420002,NICA,17,38,250,663.0,165750.0
2015-01-06,201501062419968,NICA,6,8,25,664.0,16600.0
2015-01-06,201501062419888,NICA,6,58,37,663.0,24531.0
2015-01-06,201501062419861,NICA,51,38,100,665.0,66500.0
2015-01-06,201501062420146,NICL,6,25,530,405.0,214650.0
2015-01-06,201501062420097,NICL,41,41,200,407.0,81400.0
2015-01-06,201501062419889,NICL,21,41,500,407.0,203500.0
2015-01-06,201501062419789,NIL,25,25,96,739.0,70944.0
2015-01-06,201501062419732,NLBBL,32,18,24,1219.0,29256.0
2015-01-06,201501062420167,NLIC,58,8,100,4315.0,431500.0
2015-01-06,201501062420166,NLIC,58,33,100,4310.0,431000.0
2015-01-06,201501062420162,NLIC,26,56,15,4320.0,64800.0
2015-01-06,201501062419989,NLIC,54,6,94,4302.0,404388.0
2015-01-06,201501062419984,NLIC,54,11,109,4300.0,468700.0
2015-01-06,201501062419978,NLIC,54,56,41,4300.0,176300.0
2015-01-06,201501062419977,NLIC,54,17,100,4300.0,430000.0
2015-01-06,201501062419964,NLIC,54,17,148,4299.0,636252.0
2015-01-06,201501062419739,NLIC,53,5,100,4298.0,429800.0
2015-01-06,201501062419737,NLIC,34,49,100,4297.0,429700.0
2015-01-06,201501062419727,NLIC,53,49,61,4296.0,262056.0
2015-01-06,201501062420178,NLICL,25,51,200,2235.0,447000.0
2015-01-06,201501062420148,NLICL,33,51,200,2235.0,447000.0
2015-01-06,201501062420101,NLICL,41,51,200,2235.0,447000.0
2015-01-06,201501062420011,NLICL,25,51,100,2240.0,224000.0
2015-01-06,201501062420007,NLICL,25,51,300,2235.0,670500.0
2015-01-06,201501062419759,NLICL,57,51,150,2230.0,334500.0
2015-01-06,201501062419708,NLICL,59,51,200,2235.0,447000.0
2015-01-06,201501062419699,NLICL,59,51,150,2237.0,335550.0
2015-01-06,201501062420149,NMBSF1,1,45,3000,10.5,31500.0
2015-01-06,201501062419814,NMBSF1,1,43,5000,10.5,52500.0
2015-01-06,201501062419766,NMBSF1,1,1,1100,10.5,11550.0
2015-01-06,201501062419760,NMBSF1,1,1,1100,10.5,11550.0
2015-01-06,201501062419734,NMBSF1,1,1,1100,10.5,11550.0
2015-01-06,201501062420080,NNLB,18,54,500,905.0,452500.0
2015-01-06,201501062419943,NNLB,22,45,10,890.0,8900.0
2015-01-06,201501062419870,NNLB,18,49,10,885.0,8850.0
2015-01-06,201501062419864,NNLB,18,49,10,885.0,8850.0
2015-01-06,201501062419852,NNLB,18,49,10,885.0,8850.0
2015-01-06,201501062419844,NNLB,18,49,10,885.0,8850.0
2015-01-06,201501062419690,NNLB,29,21,10,911.0,9110.0
2015-01-06,201501062419684,NNLB,29,39,50,911.0,45550.0
2015-01-06,201501062419790,NNLB,18,49,10,893.0,8930.0
2015-01-06,201501062419787,NNLB,18,49,10,893.0,8930.0
2015-01-06,201501062419780,NNLB,29,49,10,911.0,9110.0
2015-01-06,201501062419764,NNLB,29,49,10,911.0,9110.0
2015-01-06,201501062419731,NNLB,29,21,10,911.0,9110.0
2015-01-06,201501062419703,NNLB,29,21,10,911.0,9110.0
2015-01-06,201501062419834,NNLB,18,49,10,885.0,8850.0
2015-01-06,201501062419831,NNLB,18,49,10,885.0,8850.0
2015-01-06,201501062419824,NNLB,18,49,10,885.0,8850.0
2015-01-06,201501062419817,NNLB,18,49,10,885.0,8850.0
2015-01-06,201501062419816,NNLB,18,49,10,885.0,8850.0
2015-01-06,201501062419815,NNLB,18,49,10,885.0,8850.0
2015-01-06,201501062420165,NTC,45,17,120,602.0,72240.0
2015-01-06,201501062420152,NTC,35,7,2000,600.0,1200000.0
2015-01-06,201501062420145,NTC,44,7,1000,601.0,601000.0
2015-01-06,201501062420081,NTC,45,17,200,602.0,120400.0
2015-01-06,201501062419953,NUBL,46,17,77,1275.0,98175.0
2015-01-06,201501062420170,OHL,48,18,70,635.0,44450.0
2015-01-06,201501062420066,OHL,14,26,1000,630.0,630000.0
2015-01-06,201501062420065,OHL,14,26,500,630.0,315000.0
2015-01-06,201501062420143,PCBL,45,52,189,440.0,83160.0
2015-01-06,201501062420089,PCBL,6,6,30,440.0,13200.0
2015-01-06,201501062420082,PCBL,6,6,30,440.0,13200.0
2015-01-06,201501062420052,PCBL,45,49,45,440.0,19800.0
2015-01-06,201501062419962,PCBL,26,6,80,442.0,35360.0
2015-01-06,201501062419960,PCBL,26,36,66,442.0,29172.0
2015-01-06,201501062419916,PCBL,6,50,1056,440.0,464640.0
2015-01-06,201501062419785,PCBL,44,50,1056,440.0,464640.0
2015-01-06,201501062419918,PFCLL,32,17,98,108.0,10584.0
2015-01-06,201501062419687,PICL,41,39,10,462.0,4620.0
2015-01-06,201501062419951,PLIC,53,41,97,976.0,94672.0
2015-01-06,201501062419853,PLIC,21,41,200,977.0,195400.0
2015-01-06,201501062419994,PRVU,17,1,24,273.0,6552.0
2015-01-06,201501062419691,PRVU,42,44,2454,273.0,669942.0
2015-01-06,201501062419982,PRVU,38,1,64,273.0,17472.0
2015-01-06,201501062419726,PRVU,46,33,257,273.0,70161.0
2015-01-06,201501062420150,REDBL,46,13,220,185.0,40700.0
2015-01-06,201501062420108,REDBL,13,16,74,186.0,13764.0
2015-01-06,201501062419906,REDBL,17,1,17,183.0,3111.0
2015-01-06,201501062420183,RHPC,47,51,100,479.0,47900.0
2015-01-06,201501062420179,RHPC,47,32,11,478.0,5258.0
2015-01-06,201501062420135,RHPC,32,32,93,475.0,44175.0
2015-01-06,201501062420111,RHPC,32,32,93,475.0,44175.0
2015-01-06,201501062420086,RHPC,32,32,93,475.0,44175.0
2015-01-06,201501062420055,RHPC,32,32,93,475.0,44175.0
2015-01-06,201501062419928,RHPC,25,45,88,473.0,41624.0
2015-01-06,201501062419924,RHPC,6,45,187,473.0,88451.0
2015-01-06,201501062419921,RHPC,14,45,99,474.0,46926.0
2015-01-06,201501062420049,RLFL,18,49,500,136.0,68000.0
2015-01-06,201501062419692,RMDC,39,46,30,686.0,20580.0
2015-01-06,201501062420171,SADBL,46,45,315,297.0,93555.0
2015-01-06,201501062420160,SADBL,18,17,60,300.0,18000.0
2015-01-06,201501062419981,SANIMA,38,17,100,538.0,53800.0
2015-01-06,201501062419933,SANIMA,25,7,500,539.0,269500.0
2015-01-06,201501062419930,SANIMA,59,7,500,540.0,270000.0
2015-01-06,201501062419929,SANIMA,40,21,48,543.0,26064.0
2015-01-06,201501062419713,SANIMA,40,34,416,541.0,225056.0
2015-01-06,201501062419698,SANIMA,29,4,201,544.0,109344.0
2015-01-06,201501062420154,SBI,19,28,100,951.0,95100.0
2015-01-06,201501062419985,SBI,19,42,256,945.0,241920.0
2015-01-06,201501062419940,SBI,28,13,304,951.0,289104.0
2015-01-06,201501062420176,SBL,36,4,260,661.0,171860.0
2015-01-06,201501062419767,SBL,6,14,500,655.0,327500.0
2015-01-06,201501062420169,SCB,8,8,65,1903.0,123695.0
2015-01-06,201501062420037,SCB,8,8,187,1901.0,355487.0
2015-01-06,201501062419986,SCB,57,29,143,1900.0,271700.0
2015-01-06,201501062419792,SCB,8,8,235,1900.0,446500.0
2015-01-06,201501062419778,SCB,57,8,61,1925.0,117425.0
2015-01-06,201501062419740,SDBL,36,32,500,160.0,80000.0
2015-01-06,201501062420083,SEOS,17,17,5000,10.25,51250.0
2015-01-06,201501062419850,SEOS,17,1,3500,10.23,35805.0
2015-01-06,201501062419837,SEOS,41,1,3500,10.23,35805.0
2015-01-06,201501062419821,SEOS,17,1,3500,10.23,35805.0
2015-01-06,201501062419800,SEOS,17,1,1500,10.25,15375.0
2015-01-06,201501062419738,SEOS,17,17,5898,10.25,60455.0
2015-01-06,201501062420164,SEWA,41,47,19,270.0,5130.0
2015-01-06,201501062420045,SEWA,52,49,52,267.0,13884.0
2015-01-06,201501062419694,SHINE,47,13,168,335.0,56280.0
2015-01-06,201501062420000,SHPC,44,17,18,721.0,12978.0
2015-01-06,201501062419998,SHPC,44,17,18,721.0,12978.0
2015-01-06,201501062419997,SHPC,44,17,18,721.0,12978.0
2015-01-06,201501062419995,SHPC,44,17,18,721.0,12978.0
2015-01-06,201501062419988,SHPC,44,17,18,721.0,12978.0
2015-01-06,201501062419973,SHPC,44,55,99,720.0,71280.0
2015-01-06,201501062419720,SHPC,16,25,14,720.0,10080.0
2015-01-06,201501062419719,SHPC,16,49,10,720.0,7200.0
2015-01-06,201501062419697,SHPC,19,49,10,716.0,7160.0
2015-01-06,201501062419838,SHPC,26,33,12,718.0,8616.0
2015-01-06,201501062419735,SHPC,55,6,36,720.0,25920.0
2015-01-06,201501062419728,SHPC,16,19,36,720.0,25920.0
2015-01-06,201501062419723,SHPC,16,25,14,720.0,10080.0
2015-01-06,201501062419722,SHPC,16,25,14,720.0,10080.0
2015-01-06,201501062419721,SHPC,16,25,14,720.0,10080.0
2015-01-06,201501062420181,SIC,6,35,300,1200.0,360000.0
2015-01-06,201501062420132,SIC,38,41,63,1190.0,74970.0
2015-01-06,201501062420103,SIC,6,58,500,1185.0,592500.0
2015-01-06,201501062420093,SIC,32,35,500,1180.0,590000.0
2015-01-06,201501062420038,SIC,6,58,150,1185.0,177750.0
2015-01-06,201501062419971,SIC,32,58,278,1185.0,329430.0
2015-01-06,201501062419885,SICL,36,32,72,805.0,57960.0
2015-01-06,201501062420019,SIGS1,17,26,5000,15.3,76500.0
2015-01-06,201501062420018,SIGS1,17,26,5000,15.3,76500.0
2015-01-06,201501062420053,SIL,55,41,200,760.0,152000.0
2015-01-06,201501062419798,SIL,46,41,200,760.0,152000.0
2015-01-06,201501062419957,SLICL,42,13,91,640.0,58240.0
2015-01-06,201501062419686,SLICL,48,11,30,635.0,19050.0
2015-01-06,201501062419685,SLICL,48,11,30,635.0,19050.0
2015-01-06,201501062420051,SMFDB,21,14,10,1169.0,11690.0
2015-01-06,201501062420168,SRBL,54,43,1000,411.0,411000.0
2015-01-06,201501062420091,SRBL,46,41,109,412.0,44908.0
2015-01-06,201501062420070,SRBL,54,43,1000,411.0,411000.0
2015-01-06,201501062420067,SRBL,54,17,22,410.0,9020.0
2015-01-06,201501062419946,SRBL,33,1,233,412.0,95996.0
2015-01-06,201501062419939,SRBL,33,42,123,410.0,50430.0
2015-01-06,201501062419872,SRBL,48,48,130,412.0,53560.0
2015-01-06,201501062419839,SRBL,48,49,500,411.0,205500.0
2015-01-06,201501062419836,SRBL,48,48,23,409.0,9407.0
2015-01-06,201501062419803,SRBL,45,40,23,408.0,9384.0
2015-01-06,201501062420069,VBBL,51,53,320,130.0,41600.0
2015-01-06,201501062419919,WDBL,6,28,100,220.0,22000.0
2015-01-06,201501062420047,YETI,38,47,90,125.0,11250.0
2015-01-06,201501062420046,YETI,38,47,90,125.0,11250.0
2015-01-06,201501062420015,YETI,5,5,11,123.0,1353.0
2015-01-06,201501062419972,YETI,26,21,75,125.0,9375.0
2015-01-06,201501062419970,YETI,26,47,110,124.0,13640.0
2015-01-06,201501062419969,YETI,26,21,1980,124.0,245520.0
2015-01-06,201501062419887,YETI,38,33,11,122.0,1342.0
2015-01-06,201501062419808,YETI,38,43,40,124.0,4960.0
2015-01-06,201501062419786,YETI,38,43,60,124.0,7440.0
2015-01-06,201501062419647,ADBL,29,42,30,468.0,14040.0
2015-01-06,201501062419640,ADBL,7,39,30,475.0,14250.0
2015-01-06,201501062419276,ADBL,10,10,72,466.0,33552.0
2015-01-06,201501062419353,ADBL,29,38,90,470.0,42300.0
2015-01-06,201501062419352,ADBL,29,38,70,470.0,32900.0
2015-01-06,201501062419340,ADBL,29,17,250,468.0,117000.0
2015-01-06,201501062419292,ADBL,48,11,40,470.0,18800.0
2015-01-06,201501062419393,ADBL,29,11,40,472.0,18880.0
2015-01-06,201501062419392,ADBL,29,11,40,470.0,18800.0
2015-01-06,201501062419356,ADBL,29,38,145,470.0,68150.0
2015-01-06,201501062419496,ADBL,46,11,101,475.0,47975.0
2015-01-06,201501062419476,ADBL,7,11,40,475.0,19000.0
2015-01-06,201501062419475,ADBL,7,11,40,475.0,19000.0
2015-01-06,201501062419468,ADBL,7,7,61,474.0,28914.0
2015-01-06,201501062419643,AHPC,29,51,204,363.0,74052.0
2015-01-06,201501062419552,AHPC,22,51,163,363.0,59169.0
2015-01-06,201501062419367,ALICL,41,41,59,1135.0,66965.0
2015-01-06,201501062419668,APEX,28,47,50,117.0,5850.0
2015-01-06,201501062419637,APEX,25,33,20,118.0,2360.0
2015-01-06,201501062419615,APEX,25,47,50,118.0,5900.0
2015-01-06,201501062419605,APEX,25,47,50,118.0,5900.0
2015-01-06,201501062419347,APEX,13,47,30,120.0,3600.0
2015-01-06,201501062419373,APEX,13,33,20,119.0,2380.0
2015-01-06,201501062419581,APEX,25,47,50,118.0,5900.0
2015-01-06,201501062419536,APEX,13,33,20,119.0,2380.0
2015-01-06,201501062419515,APEX,13,33,20,119.0,2380.0
2015-01-06,201501062419654,ARDBL,21,37,21,141.0,2961.0
2015-01-06,201501062419499,ARDBL,6,26,21,141.0,2961.0
2015-01-06,201501062419483,ARDBL,10,26,21,142.0,2982.0
2015-01-06,201501062419454,ARDBL,21,26,21,143.0,3003.0
2015-01-06,201501062419225,ARDBL,55,17,200,145.0,29000.0
2015-01-06,201501062419218,ARDBL,55,25,73,146.0,10658.0
2015-01-06,201501062419641,CBL,41,33,102,271.0,27642.0
2015-01-06,201501062419580,CBL,16,57,547,270.0,147690.0
2015-01-06,201501062419374,CBL,16,57,84,268.0,22512.0
2015-01-06,201501062419362,CBL,16,57,135,267.0,36045.0
2015-01-06,201501062419318,CBL,1,56,200,270.0,54000.0
2015-01-06,201501062419307,CBL,1,19,33,270.0,8910.0
2015-01-06,201501062419296,CBL,1,33,102,270.0,27540.0
2015-01-06,201501062419245,CBL,16,33,102,270.0,27540.0
2015-01-06,201501062419192,CBL,16,33,102,270.0,27540.0
2015-01-06,201501062419190,CBL,26,56,100,271.0,27100.0
2015-01-06,201501062419604,CCBL,19,19,40,288.0,11520.0
2015-01-06,201501062419603,CCBL,19,19,40,288.0,11520.0
2015-01-06,201501062419601,CCBL,19,19,40,288.0,11520.0
2015-01-06,201501062419597,CCBL,19,19,40,288.0,11520.0
2015-01-06,201501062419596,CCBL,19,19,40,288.0,11520.0
2015-01-06,201501062419592,CCBL,19,6,40,288.0,11520.0
2015-01-06,201501062419333,CCBL,6,6,40,287.0,11480.0
2015-01-06,201501062419282,CCBL,6,56,72,287.0,20664.0
2015-01-06,201501062419187,CCBL,1,6,39,290.0,11310.0
2015-01-06,201501062419186,CCBL,1,44,40,290.0,11600.0
2015-01-06,201501062419521,CCBL,19,19,40,288.0,11520.0
2015-01-06,201501062419413,CCBL,51,1,16,287.0,4592.0
2015-01-06,201501062419385,CCBL,51,1,16,287.0,4592.0
2015-01-06,201501062419379,CCBL,51,1,16,287.0,4592.0
2015-01-06,201501062419371,CCBL,51,1,40,287.0,11480.0
2015-01-06,201501062419363,CCBL,51,1,40,287.0,11480.0
2015-01-06,201501062419532,CCBL,19,19,40,288.0,11520.0
2015-01-06,201501062419530,CCBL,19,19,40,288.0,11520.0
2015-01-06,201501062419529,CCBL,19,19,40,288.0,11520.0
2015-01-06,201501062419526,CCBL,19,19,40,288.0,11520.0
2015-01-06,201501062419525,CCBL,19,19,40,288.0,11520.0
2015-01-06,201501062419524,CCBL,19,19,40,288.0,11520.0
2015-01-06,201501062419542,CCBL,19,19,40,288.0,11520.0
2015-01-06,201501062419541,CCBL,19,19,40,288.0,11520.0
2015-01-06,201501062419539,CCBL,19,19,40,288.0,11520.0
2015-01-06,201501062419537,CCBL,19,19,40,288.0,11520.0
2015-01-06,201501062419534,CCBL,19,19,40,288.0,11520.0
2015-01-06,201501062419533,CCBL,19,19,40,288.0,11520.0
2015-01-06,201501062419558,CCBL,19,19,40,288.0,11520.0
2015-01-06,201501062419555,CCBL,19,19,40,288.0,11520.0
2015-01-06,201501062419551,CCBL,19,19,40,288.0,11520.0
2015-01-06,201501062419549,CCBL,19,19,40,288.0,11520.0
2015-01-06,201501062419545,CCBL,19,19,40,288.0,11520.0
2015-01-06,201501062419543,CCBL,19,19,40,288.0,11520.0
2015-01-06,201501062419574,CCBL,19,19,40,288.0,11520.0
2015-01-06,201501062419569,CCBL,19,19,40,288.0,11520.0
2015-01-06,201501062419567,CCBL,19,19,40,288.0,11520.0
2015-01-06,201501062419563,CCBL,19,19,40,288.0,11520.0
2015-01-06,201501062419562,CCBL,19,19,40,288.0,11520.0
2015-01-06,201501062419560,CCBL,19,19,40,288.0,11520.0
2015-01-06,201501062419585,CCBL,19,19,40,288.0,11520.0
2015-01-06,201501062419584,CCBL,19,6,40,288.0,11520.0
2015-01-06,201501062419582,CCBL,19,6,40,288.0,11520.0
2015-01-06,201501062419579,CCBL,19,19,40,288.0,11520.0
2015-01-06,201501062419578,CCBL,19,6,40,288.0,11520.0
2015-01-06,201501062419575,CCBL,19,6,40,288.0,11520.0
2015-01-06,201501062419516,CDBL,50,26,2000,305.0,610000.0
2015-01-06,201501062419674,CHCL,5,53,70,1695.0,118650.0
2015-01-06,201501062419602,CHCL,5,22,32,1699.0,54368.0
2015-01-06,201501062419572,CHCL,1,38,300,1696.0,508800.0
2015-01-06,201501062419442,CHCL,5,21,80,1699.0,135920.0
2015-01-06,201501062419437,CHCL,5,56,81,1698.0,137538.0
2015-01-06,201501062419433,CHCL,5,38,58,1695.0,98310.0
2015-01-06,201501062419331,CHCL,43,50,33,1692.0,55836.0
2015-01-06,201501062419324,CHCL,22,14,396,1695.0,671220.0
2015-01-06,201501062419207,CHCL,41,19,44,1698.0,74712.0
2015-01-06,201501062419189,CHCL,1,16,58,1695.0,98310.0
2015-01-06,201501062419663,CIT,45,19,50,3020.0,151000.0
2015-01-06,201501062419462,CIT,29,39,10,3045.0,30450.0
2015-01-06,201501062419667,CSDBL,1,10,30,175.0,5250.0
2015-01-06,201501062419662,CSDBL,1,10,30,175.0,5250.0
2015-01-06,201501062419658,CSDBL,1,10,30,175.0,5250.0
2015-01-06,201501062419460,CZBIL,45,47,32,426.0,13632.0
2015-01-06,201501062419306,CZBIL,38,38,70,422.0,29540.0
2015-01-06,201501062419671,EBL,6,14,100,1952.0,195200.0
2015-01-06,201501062419614,EBL,36,36,54,1951.0,105354.0
2015-01-06,201501062419557,EBL,33,25,43,1950.0,83850.0
2015-01-06,201501062419482,EBL,51,26,222,1955.0,434010.0
2015-01-06,201501062419478,EBL,36,35,500,1949.0,974500.0
2015-01-06,201501062419455,EBL,8,33,300,1950.0,585000.0
2015-01-06,201501062419395,EBL,54,13,100,1951.0,195100.0
2015-01-06,201501062419394,EBL,54,21,100,1950.0,195000.0
2015-01-06,201501062419223,EBL,54,37,200,1954.0,390800.0
2015-01-06,201501062419222,EBL,54,37,200,1953.0,390600.0
2015-01-06,201501062419221,EBL,54,50,100,1950.0,195000.0
2015-01-06,201501062419650,EKBL,54,5,10,205.0,2050.0
2015-01-06,201501062419348,EKBL,1,52,132,207.0,27324.0
2015-01-06,201501062419234,EKBL,6,48,33,205.0,6765.0
2015-01-06,201501062419233,EKBL,6,48,33,205.0,6765.0
2015-01-06,201501062419279,GABL,39,37,35,95.0,3325.0
2015-01-06,201501062419513,GBBL,6,50,220,321.0,70620.0
2015-01-06,201501062419512,GBBL,6,49,52,320.0,16640.0
2015-01-06,201501062419507,GBBL,6,49,12,320.0,3840.0
2015-01-06,201501062419644,GBIME,16,16,132,500.0,66000.0
2015-01-06,201501062419620,GBIME,6,49,95,501.0,47595.0
2015-01-06,201501062419500,GBIME,16,56,500,500.0,250000.0
2015-01-06,201501062419492,GBIME,16,56,500,500.0,250000.0
2015-01-06,201501062419490,GBIME,16,56,500,500.0,250000.0
2015-01-06,201501062419486,GBIME,16,56,500,500.0,250000.0
2015-01-06,201501062419338,GBIME,42,42,216,501.0,108216.0
2015-01-06,201501062419337,GBIME,42,43,182,500.0,91000.0
2015-01-06,201501062419336,GBIME,42,50,37,500.0,18500.0
2015-01-06,201501062419335,GBIME,42,56,36,499.0,17964.0
2015-01-06,201501062419224,GBIME,16,10,83,496.0,41168.0
2015-01-06,201501062419411,GBIME,6,54,103,498.0,51294.0
2015-01-06,201501062419400,GBIME,16,50,126,503.0,63378.0
2015-01-06,201501062419351,GBIME,42,38,255,501.0,127755.0
2015-01-06,201501062419346,GBIME,42,8,133,503.0,66899.0
2015-01-06,201501062419345,GBIME,42,8,181,503.0,91043.0
2015-01-06,201501062419344,GBIME,42,19,126,502.0,63252.0
2015-01-06,201501062419548,GLICL,33,33,1000,543.0,543000.0
2015-01-06,201501062419448,GRAND,26,33,1000,166.0,166000.0
2015-01-06,201501062419427,GRAND,17,17,127,167.0,21209.0
2015-01-06,201501062419194,HAMA,43,49,40,116.0,4640.0
2015-01-06,201501062419193,HAMA,43,49,40,116.0,4640.0
2015-01-06,201501062419227,HBDL,54,1,2500,96.0,240000.0
2015-01-06,201501062419277,HBL,32,7,393,816.0,320688.0
2015-01-06,201501062419679,HDL,16,21,100,446.0,44600.0
2015-01-06,201501062419369,HDL,16,6,200,446.0,89200.0
2015-01-06,201501062419364,HDL,16,6,100,446.0,44600.0
2015-01-06,201501062419216,HDL,59,54,40,446.0,17840.0
2015-01-06,201501062419471,HGI,49,14,343,452.0,155036.0
2015-01-06,201501062419412,HGI,48,58,106,446.0,47276.0
2015-01-06,201501062419361,HGI,21,58,193,446.0,86078.0
2015-01-06,201501062419328,HGI,41,45,54,446.0,24084.0
2015-01-06,201501062419240,HGI,43,45,50,452.0,22600.0
2015-01-06,201501062419450,INDBL,28,39,97,166.0,16102.0
2015-01-06,201501062419322,INDBL,49,49,6779,163.0,1104977.0
2015-01-06,201501062419281,JBBL,55,41,770,148.0,113960.0
2015-01-06,201501062419247,JBNL,55,37,20,248.0,4960.0
2015-01-06,201501062419326,JFL,25,7,100,351.0,35100.0
2015-01-06,201501062419535,KAFIL,40,8,96,211.0,20256.0
2015-01-06,201501062419457,KAFIL,18,1,200,215.0,43000.0
2015-01-06,201501062419456,KAFIL,18,48,100,215.0,21500.0
2015-01-06,201501062419627,KBL,11,14,200,380.0,76000.0
2015-01-06,201501062419544,KBL,36,13,500,380.0,190000.0
2015-01-06,201501062419426,KBL,32,14,100,375.0,37500.0
2015-01-06,201501062419425,KBL,36,14,250,375.0,93750.0
2015-01-06,201501062419424,KBL,40,14,500,376.0,188000.0
2015-01-06,201501062419423,KBL,33,14,400,376.0,150400.0
2015-01-06,201501062419422,KBL,36,14,100,377.0,37700.0
2015-01-06,201501062419408,KBL,47,14,500,378.0,189000.0
2015-01-06,201501062419407,KBL,16,14,200,381.0,76200.0
2015-01-06,201501062419406,KBL,36,14,500,383.0,191500.0
2015-01-06,201501062419405,KBL,39,14,130,383.0,49790.0
2015-01-06,201501062419241,KBL,47,45,223,382.0,85186.0
2015-01-06,201501062419485,KDBL,28,47,500,115.0,57500.0
2015-01-06,201501062419445,KDBL,4,22,40,116.0,4640.0
2015-01-06,201501062419266,KDBL,25,42,123,115.0,14145.0
2015-01-06,201501062419191,KDBL,55,42,55,116.0,6380.0
2015-01-06,201501062419386,KEBL,34,19,10,332.0,3320.0
2015-01-06,201501062419376,KEBL,16,19,10,326.0,3260.0
2015-01-06,201501062419195,KMCDB,22,59,40,910.0,36400.0
2015-01-06,201501062419246,KMCDB,45,36,82,905.0,74210.0
2015-01-06,201501062419238,KMCDB,45,18,10,905.0,9050.0
2015-01-06,201501062419212,KMCDB,45,25,10,905.0,9050.0
2015-01-06,201501062419203,KMCDB,45,25,10,905.0,9050.0
2015-01-06,201501062419197,KMCDB,22,21,50,910.0,45500.0
2015-01-06,201501062419196,KMCDB,22,32,80,910.0,72800.0
2015-01-06,201501062419259,KMCDB,45,32,100,911.0,91100.0
2015-01-06,201501062419255,KMCDB,45,36,10,910.0,9100.0
2015-01-06,201501062419253,KMCDB,45,45,50,910.0,45500.0
2015-01-06,201501062419252,KMCDB,45,55,10,910.0,9100.0
2015-01-06,201501062419251,KMCDB,45,55,10,910.0,9100.0
2015-01-06,201501062419250,KMCDB,45,55,10,910.0,9100.0
2015-01-06,201501062419273,KMCDB,45,39,100,916.0,91600.0
2015-01-06,201501062419271,KMCDB,45,26,500,915.0,457500.0
2015-01-06,201501062419270,KMCDB,45,47,51,915.0,46665.0
2015-01-06,201501062419269,KMCDB,45,48,30,915.0,27450.0
2015-01-06,201501062419268,KMCDB,45,32,100,914.0,91400.0
2015-01-06,201501062419350,KMCDB,45,34,92,915.0,84180.0
2015-01-06,201501062419443,KMCDB,21,57,82,905.0,74210.0
2015-01-06,201501062419377,KMCDB,22,46,82,902.0,73964.0
2015-01-06,201501062419494,KMCDB,22,18,65,901.0,58565.0
2015-01-06,201501062419469,KMCDB,22,18,17,902.0,15334.0
2015-01-06,201501062419528,KMCDB,26,43,10,907.0,9070.0
2015-01-06,201501062419504,KMCDB,22,18,82,898.0,73636.0
2015-01-06,201501062419498,KMCDB,26,18,17,900.0,15300.0
2015-01-06,201501062419522,LBL,36,17,71,484.0,34364.0
2015-01-06,201501062419343,LBL,46,17,70,481.0,33670.0
2015-01-06,201501062419678,LLBS,7,19,10,720.0,7200.0
2015-01-06,201501062419665,LLBS,40,26,10,721.0,7210.0
2015-01-06,201501062419660,LLBS,26,26,41,713.0,29233.0
2015-01-06,201501062419657,LLBS,26,26,20,713.0,14260.0
2015-01-06,201501062419652,LLBS,25,26,41,715.0,29315.0
2015-01-06,201501062419649,LLBS,14,26,41,716.0,29356.0
2015-01-06,201501062419202,LLBS,20,25,111,726.0,80586.0
2015-01-06,201501062419201,LLBS,20,26,10,725.0,7250.0
2015-01-06,201501062419200,LLBS,20,19,10,716.0,7160.0
2015-01-06,201501062419199,LLBS,20,36,41,725.0,29725.0
2015-01-06,201501062419198,LLBS,20,39,10,724.0,7240.0
2015-01-06,201501062419184,LLBS,34,40,41,722.0,29602.0
2015-01-06,201501062419497,LLBS,20,13,10,724.0,7240.0
2015-01-06,201501062419440,LLBS,33,14,41,724.0,29684.0
2015-01-06,201501062419368,LLBS,20,26,240,724.0,173760.0
2015-01-06,201501062419261,LLBS,40,13,10,721.0,7210.0
2015-01-06,201501062419254,LLBS,40,13,10,721.0,7210.0
2015-01-06,201501062419208,LLBS,20,25,41,726.0,29766.0
2015-01-06,201501062419599,LLBS,40,26,10,721.0,7210.0
2015-01-06,201501062419591,LLBS,40,26,10,721.0,7210.0
2015-01-06,201501062419556,LLBS,40,57,15,725.0,10875.0
2015-01-06,201501062419554,LLBS,40,26,10,721.0,7210.0
2015-01-06,201501062419546,LLBS,40,57,15,725.0,10875.0
2015-01-06,201501062419540,LLBS,40,26,10,721.0,7210.0
2015-01-06,201501062419631,LLBS,40,26,10,725.0,7250.0
2015-01-06,201501062419621,LLBS,40,26,10,721.0,7210.0
2015-01-06,201501062419609,LLBS,40,57,15,725.0,10875.0
2015-01-06,201501062419608,LLBS,40,13,10,725.0,7250.0
2015-01-06,201501062419607,LLBS,40,13,10,725.0,7250.0
2015-01-06,201501062419606,LLBS,40,18,10,724.0,7240.0
2015-01-06,201501062419646,LLBS,40,26,12,721.0,8652.0
2015-01-06,201501062419639,LLBS,40,26,10,721.0,7210.0
2015-01-06,201501062419635,LLBS,40,26,10,721.0,7210.0
2015-01-06,201501062419634,LLBS,40,26,10,725.0,7250.0
2015-01-06,201501062419633,LLBS,40,26,10,725.0,7250.0
2015-01-06,201501062419632,LLBS,40,26,10,725.0,7250.0
2015-01-06,201501062419409,LUBL,36,40,722,342.0,246924.0
2015-01-06,201501062419283,LUBL,36,16,500,341.0,170500.0
2015-01-06,201501062419226,LUBL,36,25,160,341.0,54560.0
2015-01-06,201501062419210,LUBL,36,16,300,340.0,102000.0
2015-01-06,201501062419438,MBBL,18,41,167,150.0,25050.0
2015-01-06,201501062419305,MBBL,26,41,35,148.0,5180.0
2015-01-06,201501062419550,MBL,16,16,500,553.0,276500.0
2015-01-06,201501062419506,MBL,33,33,475,552.0,262200.0
2015-01-06,201501062419501,MBL,34,36,500,553.0,276500.0
2015-01-06,201501062419341,MBL,14,14,458,548.0,250984.0
2015-01-06,201501062419236,MDB,16,16,12,406.0,4872.0
2015-01-06,201501062419229,MDB,16,16,12,406.0,4872.0
2015-01-06,201501062419477,MDBL,1,38,44,144.0,6336.0
2015-01-06,201501062419461,MEGA,17,17,183,376.0,68808.0
2015-01-06,201501062419403,MEGA,37,16,13,376.0,4888.0
2015-01-06,201501062419286,MEGA,37,58,37,376.0,13912.0
2015-01-06,201501062419465,MLBBL,59,40,50,1100.0,55000.0
2015-01-06,201501062419464,MLBBL,59,40,50,1100.0,55000.0
2015-01-06,201501062419459,MLBBL,59,28,123,1099.0,135177.0
2015-01-06,201501062419453,MLBBL,59,17,197,1098.0,216306.0
2015-01-06,201501062419682,MPFL,41,47,40,116.0,4640.0
2015-01-06,201501062419677,MPFL,41,47,10,116.0,1160.0
2015-01-06,201501062419676,MPFL,41,17,30,117.0,3510.0
2015-01-06,201501062419675,MPFL,41,11,100,117.0,11700.0
2015-01-06,201501062419669,MPFL,5,47,10,115.0,1150.0
2015-01-06,201501062419664,MPFL,5,47,10,115.0,1150.0
2015-01-06,201501062419612,MPFL,5,47,10,115.0,1150.0
2015-01-06,201501062419570,MPFL,5,47,10,115.0,1150.0
2015-01-06,201501062419568,MPFL,5,47,50,115.0,5750.0
2015-01-06,201501062419564,MPFL,5,47,10,115.0,1150.0
2015-01-06,201501062419559,MPFL,5,47,10,115.0,1150.0
2015-01-06,201501062419547,MPFL,5,47,10,115.0,1150.0
2015-01-06,201501062419624,MPFL,5,47,10,115.0,1150.0
2015-01-06,201501062419623,MPFL,5,47,10,115.0,1150.0
2015-01-06,201501062419622,MPFL,5,47,10,115.0,1150.0
2015-01-06,201501062419619,MPFL,5,47,10,115.0,1150.0
2015-01-06,201501062419617,MPFL,5,47,10,115.0,1150.0
2015-01-06,201501062419616,MPFL,5,47,10,115.0,1150.0
2015-01-06,201501062419659,MPFL,5,47,10,115.0,1150.0
2015-01-06,201501062419648,MPFL,5,47,10,115.0,1150.0
2015-01-06,201501062419638,MPFL,5,47,10,115.0,1150.0
2015-01-06,201501062419630,MPFL,5,47,10,115.0,1150.0
2015-01-06,201501062419628,MPFL,5,47,10,115.0,1150.0
2015-01-06,201501062419626,MPFL,5,47,10,115.0,1150.0
2015-01-06,201501062419672,MTBL,18,39,10,228.0,2280.0
2015-01-06,201501062419410,MTBL,38,50,10,224.0,2240.0
2015-01-06,201501062419372,MTBL,38,43,97,224.0,21728.0
2015-01-06,201501062419316,MTBL,38,50,10,224.0,2240.0
2015-01-06,201501062419308,MTBL,38,50,10,224.0,2240.0
2015-01-06,201501062419304,MTBL,38,50,10,224.0,2240.0
2015-01-06,201501062419510,NABILP,8,49,200,1290.0,258000.0
2015-01-06,201501062419683,NBB,28,42,500,447.0,223500.0
2015-01-06,201501062419645,NBB,49,49,2000,446.0,892000.0
2015-01-06,201501062419625,NBB,49,49,3000,446.0,1338000.0
2015-01-06,201501062419611,NBB,49,49,5000,445.0,2225000.0
2015-01-06,201501062419481,NBB,48,59,92,450.0,41400.0
2015-01-06,201501062419480,NBB,48,22,1050,450.0,472500.0
2015-01-06,201501062419474,NBB,29,1,42,449.0,18858.0
2015-01-06,201501062419435,NBB,26,6,174,449.0,78126.0
2015-01-06,201501062419380,NBB,28,28,375,446.0,167250.0
2015-01-06,201501062419401,NBBL,32,49,44,1850.0,81400.0
2015-01-06,201501062419204,NBF1,58,58,2997,13.01,38991.0
2015-01-06,201501062419613,NBL,17,33,200,345.0,69000.0
2015-01-06,201501062419451,NCDB,4,18,10,177.0,1770.0
2015-01-06,201501062419414,NCDB,25,25,18,174.0,3132.0
2015-01-06,201501062419402,NCDB,25,25,18,174.0,3132.0
2015-01-06,201501062419399,NCDB,25,25,18,174.0,3132.0
2015-01-06,201501062419397,NCDB,25,25,18,174.0,3132.0
2015-01-06,201501062419319,NHPC,28,54,1000,122.0,122000.0
2015-01-06,201501062419484,NIB,25,25,100,738.0,73800.0
2015-01-06,201501062419472,NIB,20,20,293,732.0,214476.0
2015-01-06,201501062419439,NIB,44,28,116,735.0,85260.0
2015-01-06,201501062419436,NIB,44,11,215,734.0,157810.0
2015-01-06,201501062419366,NIB,18,18,100,728.0,72800.0
2015-01-06,201501062419359,NIB,21,19,29,730.0,21170.0
2015-01-06,201501062419429,NICA,6,38,100,663.0,66300.0
2015-01-06,201501062419375,NICA,25,38,500,662.0,331000.0
2015-01-06,201501062419288,NICA,36,38,180,668.0,120240.0
2015-01-06,201501062419264,NICA,36,49,20,668.0,13360.0
2015-01-06,201501062419263,NICA,36,59,195,666.0,129870.0
2015-01-06,201501062419262,NICA,36,34,183,665.0,121695.0
2015-01-06,201501062419651,NICL,29,25,18,415.0,7470.0
2015-01-06,201501062419503,NICL,6,35,279,407.0,113553.0
2015-01-06,201501062419514,NLBBL,32,48,25,1196.0,29900.0
2015-01-06,201501062419508,NLBBL,32,18,30,1190.0,35700.0
2015-01-06,201501062419566,NLIC,57,50,200,4290.0,858000.0
2015-01-06,201501062419495,NLIC,49,49,300,4290.0,1287000.0
2015-01-06,201501062419446,NLIC,19,49,100,4290.0,429000.0
2015-01-06,201501062419434,NLIC,25,49,100,4298.0,429800.0
2015-01-06,201501062419378,NLIC,34,49,100,4298.0,429800.0
2015-01-06,201501062419360,NLIC,25,44,50,4298.0,214900.0
2015-01-06,201501062419235,NLIC,34,56,41,4280.0,175480.0
2015-01-06,201501062419330,NLIC,25,17,100,4298.0,429800.0
2015-01-06,201501062419329,NLIC,25,17,100,4298.0,429800.0
2015-01-06,201501062419325,NLIC,46,44,50,4275.0,213750.0
2015-01-06,201501062419317,NLIC,46,33,100,4275.0,427500.0
2015-01-06,201501062419290,NLIC,25,8,72,4285.0,308520.0
2015-01-06,201501062419244,NLIC,11,8,100,4284.0,428400.0
2015-01-06,201501062419681,NLICL,25,17,198,2240.0,443520.0
2015-01-06,201501062419670,NLICL,49,49,1157,2215.0,2562755.0
2015-01-06,201501062419354,NLICL,25,28,65,2254.0,146510.0
2015-01-06,201501062419334,NLICL,25,44,150,2250.0,337500.0
2015-01-06,201501062419342,NMBSF1,5,40,5000,10.45,52250.0
2015-01-06,201501062419332,NMBSF1,5,40,5000,10.45,52250.0
2015-01-06,201501062419209,NNFC,25,25,500,272.0,136000.0
2015-01-06,201501062419421,NNLB,18,39,10,917.0,9170.0
2015-01-06,201501062419420,NNLB,18,39,50,917.0,45850.0
2015-01-06,201501062419419,NNLB,18,6,10,917.0,9170.0
2015-01-06,201501062419418,NNLB,18,6,10,917.0,9170.0
2015-01-06,201501062419417,NNLB,18,8,10,917.0,9170.0
2015-01-06,201501062419416,NNLB,18,6,10,917.0,9170.0
2015-01-06,201501062419278,NNLB,18,39,50,911.0,45550.0
2015-01-06,201501062419265,NNLB,22,39,50,894.0,44700.0
2015-01-06,201501062419231,NNLB,18,39,50,877.0,43850.0
2015-01-06,201501062419213,NNLB,5,18,10,868.0,8680.0
2015-01-06,201501062419299,OHL,45,45,500,630.0,315000.0
2015-01-06,201501062419390,OHL,45,45,1000,630.0,630000.0
2015-01-06,201501062419355,OHL,49,28,3000,630.0,1890000.0
2015-01-06,201501062419300,OHL,45,45,500,630.0,315000.0
2015-01-06,201501062419382,PCBL,45,47,13,440.0,5720.0
2015-01-06,201501062419256,PCBL,45,28,159,440.0,69960.0
2015-01-06,201501062419232,PCBL,45,58,24,440.0,10560.0
2015-01-06,201501062419531,PFCLL,22,22,23,108.0,2484.0
2015-01-06,201501062419323,PIC,32,14,39,882.0,34398.0
2015-01-06,201501062419257,PIC,32,39,68,900.0,61200.0
2015-01-06,201501062419320,PRDBL,49,49,30,141.0,4230.0
2015-01-06,201501062419314,PRDBL,49,49,30,141.0,4230.0
2015-01-06,201501062419291,PRDBL,49,49,30,141.0,4230.0
2015-01-06,201501062419287,PRDBL,49,49,30,141.0,4230.0
2015-01-06,201501062419285,PRDBL,49,49,30,141.0,4230.0
2015-01-06,201501062419284,PRDBL,49,49,60,141.0,8460.0
2015-01-06,201501062419489,PRVU,6,29,24,273.0,6552.0
2015-01-06,201501062419479,PRVU,48,29,24,273.0,6552.0
2015-01-06,201501062419473,PRVU,22,29,24,273.0,6552.0
2015-01-06,201501062419470,PRVU,42,29,24,273.0,6552.0
2015-01-06,201501062419467,PRVU,42,29,24,273.0,6552.0
2015-01-06,201501062419452,PRVU,42,29,24,273.0,6552.0
2015-01-06,201501062419239,PRVU,42,8,3000,273.0,819000.0
2015-01-06,201501062419211,PRVU,42,36,1033,273.0,282009.0
2015-01-06,201501062419449,PRVU,42,29,24,273.0,6552.0
2015-01-06,201501062419441,PRVU,26,29,24,273.0,6552.0
2015-01-06,201501062419430,PRVU,53,29,24,273.0,6552.0
2015-01-06,201501062419293,REDBL,26,33,157,182.0,28574.0
2015-01-06,201501062419391,RHPC,14,32,10,480.0,4800.0
2015-01-06,201501062419387,RHPC,14,49,13,479.0,6227.0
2015-01-06,201501062419383,RHPC,14,49,19,479.0,9101.0
2015-01-06,201501062419357,RHPC,25,51,183,478.0,87474.0
2015-01-06,201501062419349,RHPC,45,32,94,477.0,44838.0
2015-01-06,201501062419267,RHPC,14,32,11,477.0,5247.0
2015-01-06,201501062419629,SANIMA,25,45,500,539.0,269500.0
2015-01-06,201501062419511,SANIMA,29,13,40,544.0,21760.0
2015-01-06,201501062419509,SANIMA,16,10,1000,543.0,543000.0
2015-01-06,201501062419463,SANIMA,34,34,1000,543.0,543000.0
2015-01-06,201501062419444,SANIMA,29,13,100,544.0,54400.0
2015-01-06,201501062419388,SANIMA,29,6,139,544.0,75616.0
2015-01-06,201501062419214,SANIMA,45,17,150,539.0,80850.0
2015-01-06,201501062419206,SANIMA,49,17,200,539.0,107800.0
2015-01-06,201501062419258,SANIMA,47,11,425,540.0,229500.0
2015-01-06,201501062419249,SANIMA,47,10,145,540.0,78300.0
2015-01-06,201501062419248,SANIMA,47,11,360,540.0,194400.0
2015-01-06,201501062419228,SANIMA,45,41,30,540.0,16200.0
2015-01-06,201501062419220,SANIMA,45,45,96,540.0,51840.0
2015-01-06,201501062419215,SANIMA,45,17,16,539.0,8624.0
2015-01-06,201501062419313,SANIMA,42,38,353,542.0,191326.0
2015-01-06,201501062419312,SANIMA,42,21,522,541.0,282402.0
2015-01-06,201501062419311,SANIMA,42,6,139,541.0,75199.0
2015-01-06,201501062419310,SANIMA,42,10,950,540.0,513000.0
2015-01-06,201501062419295,SANIMA,57,17,500,540.0,270000.0
2015-01-06,201501062419260,SANIMA,47,42,500,540.0,270000.0
2015-01-06,201501062419488,SBI,18,56,221,950.0,209950.0
2015-01-06,201501062419661,SBL,36,4,81,661.0,53541.0
2015-01-06,201501062419636,SBL,36,25,71,664.0,47144.0
2015-01-06,201501062419381,SBL,1,25,200,665.0,133000.0
2015-01-06,201501062419302,SBL,36,1,100,664.0,66400.0
2015-01-06,201501062419289,SBL,57,42,500,660.0,330000.0
2015-01-06,201501062419600,SCB,25,14,500,1945.0,972500.0
2015-01-06,201501062419487,SCB,59,6,121,1950.0,235950.0
2015-01-06,201501062419598,SDBL,55,35,80,157.0,12560.0
2015-01-06,201501062419590,SDBL,53,35,800,157.0,125600.0
2015-01-06,201501062419589,SDBL,51,35,420,157.0,65940.0
2015-01-06,201501062419588,SDBL,55,35,1000,158.0,158000.0
2015-01-06,201501062419587,SDBL,55,35,200,160.0,32000.0
2015-01-06,201501062419518,SDBL,51,17,200,160.0,32000.0
2015-01-06,201501062419358,SDBL,55,28,1000,160.0,160000.0
2015-01-06,201501062419577,SEOS,17,50,4000,10.25,41000.0
2015-01-06,201501062419576,SEOS,17,50,4000,10.25,41000.0
2015-01-06,201501062419519,SEOS,48,50,4000,10.2,40800.0
2015-01-06,201501062419396,SEOS,8,55,17693,10.2,180469.0
2015-01-06,201501062419365,SEOS,44,55,3693,10.2,37669.0
2015-01-06,201501062419339,SEOS,7,50,4000,10.19,40760.0
2015-01-06,201501062419315,SEOS,17,43,5898,10.15,59865.0
2015-01-06,201501062419280,SEOS,58,50,4000,10.16,40640.0
2015-01-06,201501062419274,SEOS,17,50,4000,10.15,40600.0
2015-01-06,201501062419272,SEOS,49,50,4000,10.15,40600.0
2015-01-06,201501062419237,SEOS,17,50,4000,10.15,40600.0
2015-01-06,201501062419404,SETI,36,1,45,170.0,7650.0
2015-01-06,201501062419398,SETI,36,25,126,170.0,21420.0
2015-01-06,201501062419327,SEWA,41,49,46,270.0,12420.0
2015-01-06,201501062419447,SHBL,21,49,64,490.0,31360.0
2015-01-06,201501062419321,SHBL,16,26,10,495.0,4950.0
2015-01-06,201501062419309,SHBL,21,58,64,494.0,31616.0
2015-01-06,201501062419680,SHPC,19,49,10,716.0,7160.0
2015-01-06,201501062419666,SHPC,35,13,500,717.0,358500.0
2015-01-06,201501062419642,SHPC,19,33,12,715.0,8580.0
2015-01-06,201501062419610,SHPC,19,49,10,715.0,7150.0
2015-01-06,201501062419595,SHPC,13,49,10,719.0,7190.0
2015-01-06,201501062419594,SHPC,13,49,10,719.0,7190.0
2015-01-06,201501062419517,SHPC,4,33,12,715.0,8580.0
2015-01-06,201501062419415,SHPC,14,5,45,714.0,32130.0
2015-01-06,201501062419370,SHPC,55,33,12,711.0,8532.0
2015-01-06,201501062419593,SHPC,13,49,10,719.0,7190.0
2015-01-06,201501062419571,SHPC,19,49,10,715.0,7150.0
2015-01-06,201501062419565,SHPC,19,19,10,715.0,7150.0
2015-01-06,201501062419561,SHPC,19,49,10,715.0,7150.0
2015-01-06,201501062419553,SHPC,55,13,142,718.0,101956.0
2015-01-06,201501062419523,SHPC,35,33,12,715.0,8580.0
2015-01-06,201501062419298,SIC,38,41,100,1190.0,119000.0
2015-01-06,201501062419185,SIC,32,8,200,1185.0,237000.0
2015-01-06,201501062419527,SICL,42,41,350,808.0,282800.0
2015-01-06,201501062419431,SICL,19,41,135,808.0,109080.0
2015-01-06,201501062419243,SICL,22,43,50,800.0,40000.0
2015-01-06,201501062419242,SICL,14,43,90,801.0,72090.0
2015-01-06,201501062419466,SIL,55,41,12,775.0,9300.0
2015-01-06,201501062419458,SIL,55,41,200,772.0,154400.0
2015-01-06,201501062419428,SIL,36,6,200,769.0,153800.0
2015-01-06,201501062419538,SLICL,33,11,55,630.0,34650.0
2015-01-06,201501062419432,SLICL,50,18,102,630.0,64260.0
2015-01-06,201501062419230,SLICL,42,42,600,635.0,381000.0
2015-01-06,201501062419673,SRBL,45,49,273,410.0,111930.0
2015-01-06,201501062419656,SRBL,45,42,11,405.0,4455.0
2015-01-06,201501062419655,SRBL,45,4,72,410.0,29520.0
2015-01-06,201501062419653,SRBL,45,29,28,409.0,11452.0
2015-01-06,201501062419586,SRBL,54,34,500,405.0,202500.0
2015-01-06,201501062419573,SRBL,32,34,500,405.0,202500.0
2015-01-06,201501062419188,SRBL,45,1,57,408.0,23256.0
2015-01-06,201501062419183,SRBL,45,36,271,407.0,110297.0
2015-01-06,201501062419505,SRBL,45,36,35,409.0,14315.0
2015-01-06,201501062419502,SRBL,46,44,125,408.0,51000.0
2015-01-06,201501062419493,SRBL,45,5,55,408.0,22440.0
2015-01-06,201501062419491,SRBL,45,5,18,407.0,7326.0
2015-01-06,201501062419297,SRBL,33,5,18,405.0,7290.0
2015-01-06,201501062419275,SRBL,48,6,89,405.0,36045.0
2015-01-06,201501062419384,VBBL,51,17,40,128.0,5120.0
2015-01-06,201501062419303,VBBL,51,10,490,129.0,63210.0
2015-01-06,201501062419301,VBBL,25,41,70,128.0,8960.0
2015-01-06,201501062419294,VBBL,25,41,130,128.0,16640.0
2015-01-06,201501062419219,YETI,4,37,11,122.0,1342.0
2015-01-06,201501062419205,YETI,4,37,30,122.0,3660.0
